"site","site_id","duration","T","F","growth_factor"
"WISHON MAIN","CA00411","24h",2,0.5,0.904564909152905
"WISHON MAIN","CA00411","24h",5,0.8,1.2904545049227
"WISHON MAIN","CA00411","24h",10,0.9,1.56951025449673
"WISHON MAIN","CA00411","24h",25,0.96,1.95142791979864
"WISHON MAIN","CA00411","24h",50,0.98,2.25756452067045
"WISHON MAIN","CA00411","24h",100,0.99,2.58211813449568
"WISHON MAIN","CA00411","24h",200,0.995,2.92736632955638
"WISHON MAIN","CA00411","24h",500,0.998,3.41878070616205
"WISHON MAIN","CA00411","24h",1000,0.999,3.81932880490674
"WISHON MAIN","CA00411","24h",2000,0.9995,4.2466865536223
"WISHON MAIN","CA00411","24h",5000,0.9998,4.85595632444157
"WISHON MAIN","CA00411","24h",10000,0.9999,5.35293647213489
"WISHON MAIN","CA00411","72h",2,0.5,0.889423528937045
"WISHON MAIN","CA00411","72h",5,0.8,1.30697593025126
"WISHON MAIN","CA00411","72h",10,0.9,1.61630606714199
"WISHON MAIN","CA00411","72h",25,0.96,2.0490707306934
"WISHON MAIN","CA00411","72h",50,0.98,2.40340307161977
"WISHON MAIN","CA00411","72h",100,0.99,2.78590581976061
"WISHON MAIN","CA00411","72h",200,0.995,3.20018117296502
"WISHON MAIN","CA00411","72h",500,0.998,3.80229908907829
"WISHON MAIN","CA00411","72h",1000,0.999,4.30334937098769
"WISHON MAIN","CA00411","72h",2000,0.9995,4.84758860681171
"WISHON MAIN","CA00411","72h",5000,0.9998,5.63984124198014
"WISHON MAIN","CA00411","72h",10000,0.9999,6.2995862587171
"LAKE FRANCES EAST DAM","MT01125","24h",2,0.5,0.915479012181683
"LAKE FRANCES EAST DAM","MT01125","24h",5,0.8,1.28853261823117
"LAKE FRANCES EAST DAM","MT01125","24h",10,0.9,1.55053088586095
"LAKE FRANCES EAST DAM","MT01125","24h",25,0.96,1.89970192487157
"LAKE FRANCES EAST DAM","MT01125","24h",50,0.98,2.17249216603486
"LAKE FRANCES EAST DAM","MT01125","24h",100,0.99,2.45543823244152
"LAKE FRANCES EAST DAM","MT01125","24h",200,0.995,2.74995117857988
"LAKE FRANCES EAST DAM","MT01125","24h",500,0.998,3.15870019924325
"LAKE FRANCES EAST DAM","MT01125","24h",1000,0.999,3.48362042095237
"LAKE FRANCES EAST DAM","MT01125","24h",2000,0.9995,3.82286693594265
"LAKE FRANCES EAST DAM","MT01125","24h",5000,0.9998,4.29448866483693
"LAKE FRANCES EAST DAM","MT01125","24h",10000,0.9999,4.66967626826985
"LAKE FRANCES EAST DAM","MT01125","72h",2,0.5,0.909581896933723
"LAKE FRANCES EAST DAM","MT01125","72h",5,0.8,1.28933195386386
"LAKE FRANCES EAST DAM","MT01125","72h",10,0.9,1.56042657912972
"LAKE FRANCES EAST DAM","MT01125","72h",25,0.96,1.92712007836107
"LAKE FRANCES EAST DAM","MT01125","72h",50,0.98,2.21773978234673
"LAKE FRANCES EAST DAM","MT01125","72h",100,0.99,2.52288262172807
"LAKE FRANCES EAST DAM","MT01125","72h",200,0.995,2.84438047947329
"LAKE FRANCES EAST DAM","MT01125","72h",500,0.998,3.29691508029995
"LAKE FRANCES EAST DAM","MT01125","72h",1000,0.999,3.66171365533575
"LAKE FRANCES EAST DAM","MT01125","72h",2000,0.9995,4.04722775321089
"LAKE FRANCES EAST DAM","MT01125","72h",5000,0.9998,4.59076133326675
"LAKE FRANCES EAST DAM","MT01125","72h",10000,0.9999,5.02924723575206
"LIMA","MT00905","24h",2,0.5,0.946844384458403
"LIMA","MT00905","24h",5,0.8,1.2227576087086
"LIMA","MT00905","24h",10,0.9,1.41856691519862
"LIMA","MT00905","24h",25,0.96,1.69631282582071
"LIMA","MT00905","24h",50,0.98,1.93108161908914
"LIMA","MT00905","24h",100,0.99,2.19338953510633
"LIMA","MT00905","24h",200,0.995,2.48826079215969
"LIMA","MT00905","24h",500,0.998,2.9366346936844
"LIMA","MT00905","24h",1000,0.999,3.32710630655291
"LIMA","MT00905","24h",2000,0.9995,3.76841555293866
"LIMA","MT00905","24h",5000,0.9998,4.44142587554232
"LIMA","MT00905","24h",10000,0.9999,5.0283092372541
"LIMA","MT00905","72h",2,0.5,0.958571502660943
"LIMA","MT00905","72h",5,0.8,1.21744950190195
"LIMA","MT00905","72h",10,0.9,1.39499473966533
"LIMA","MT00905","72h",25,0.96,1.63977117599722
"LIMA","MT00905","72h",50,0.98,1.84124343834713
"LIMA","MT00905","72h",100,0.99,2.0613652974701
"LIMA","MT00905","72h",200,0.995,2.30339385988452
"LIMA","MT00905","72h",500,0.998,2.66207372809803
"LIMA","MT00905","72h",1000,0.999,2.96661737540144
"LIMA","MT00905","72h",2000,0.9995,3.30334462422991
"LIMA","MT00905","72h",5000,0.9998,3.80388481330891
"LIMA","MT00905","72h",10000,0.9999,4.22947002594269
"CALAVERAS","CA00126","24h",2,0.5,0.93244483233501
"CALAVERAS","CA00126","24h",5,0.8,1.25450120023822
"CALAVERAS","CA00126","24h",10,0.9,1.47529065780933
"CALAVERAS","CA00126","24h",25,0.96,1.76317782651758
"CALAVERAS","CA00126","24h",50,0.98,1.98337609046693
"CALAVERAS","CA00126","24h",100,0.99,2.20769523111087
"CALAVERAS","CA00126","24h",200,0.995,2.43703940230936
"CALAVERAS","CA00126","24h",500,0.998,2.74879792998546
"CALAVERAS","CA00126","24h",1000,0.999,2.99154907865271
"CALAVERAS","CA00126","24h",2000,0.9995,3.2405256915195
"CALAVERAS","CA00126","24h",5000,0.9998,3.57955359043668
"CALAVERAS","CA00126","24h",10000,0.9999,3.84374764274461
"CALAVERAS","CA00126","72h",2,0.5,0.924923778277172
"CALAVERAS","CA00126","72h",5,0.8,1.25887047523198
"CALAVERAS","CA00126","72h",10,0.9,1.50400909980332
"CALAVERAS","CA00126","72h",25,0.96,1.86168032729958
"CALAVERAS","CA00126","72h",50,0.98,2.17207046008142
"CALAVERAS","CA00126","72h",100,0.99,2.52665317520557
"CALAVERAS","CA00126","72h",200,0.995,2.93410183101565
"CALAVERAS","CA00126","72h",500,0.998,3.56967356566099
"CALAVERAS","CA00126","72h",1000,0.999,4.13723427765367
"CALAVERAS","CA00126","72h",2000,0.9995,4.79278824395733
"CALAVERAS","CA00126","72h",5000,0.9998,5.81825580620879
"CALAVERAS","CA00126","72h",10000,0.9999,6.7351660976801
"CROOKED CREEK DAM","PA00102","24h",2,0.5,0.929238076307748
"CROOKED CREEK DAM","PA00102","24h",5,0.8,1.22085026700878
"CROOKED CREEK DAM","PA00102","24h",10,0.9,1.43036248564053
"CROOKED CREEK DAM","PA00102","24h",25,0.96,1.71541128593564
"CROOKED CREEK DAM","PA00102","24h",50,0.98,1.94259832171496
"CROOKED CREEK DAM","PA00102","24h",100,0.99,2.18228364292319
"CROOKED CREEK DAM","PA00102","24h",200,0.995,2.43602116421529
"CROOKED CREEK DAM","PA00102","24h",500,0.998,2.79515811173521
"CROOKED CREEK DAM","PA00102","24h",1000,0.999,3.08626015442024
"CROOKED CREEK DAM","PA00102","24h",2000,0.9995,3.39535422381023
"CROOKED CREEK DAM","PA00102","24h",5000,0.9998,3.83355497396341
"CROOKED CREEK DAM","PA00102","24h",10000,0.9999,4.18900909612201
"CROOKED CREEK DAM","PA00102","72h",2,0.5,0.938398433399651
"CROOKED CREEK DAM","PA00102","72h",5,0.8,1.21610380788687
"CROOKED CREEK DAM","PA00102","72h",10,0.9,1.40648267015572
"CROOKED CREEK DAM","PA00102","72h",25,0.96,1.65329960447802
"CROOKED CREEK DAM","PA00102","72h",50,0.98,1.84130766178811
"CROOKED CREEK DAM","PA00102","72h",100,0.99,2.03263621744591
"CROOKED CREEK DAM","PA00102","72h",200,0.995,2.22848836924231
"CROOKED CREEK DAM","PA00102","72h",500,0.998,2.49573918019745
"CROOKED CREEK DAM","PA00102","72h",1000,0.999,2.70501489635133
"CROOKED CREEK DAM","PA00102","72h",2000,0.9995,2.92095676843925
"CROOKED CREEK DAM","PA00102","72h",5000,0.9998,3.21733922862826
"CROOKED CREEK DAM","PA00102","72h",10000,0.9999,3.45026657627711
"ROCK ISLAND","WA00084","24h",2,0.5,0.932935617735415
"ROCK ISLAND","WA00084","24h",5,0.8,1.24498137270535
"ROCK ISLAND","WA00084","24h",10,0.9,1.46050645244662
"ROCK ISLAND","WA00084","24h",25,0.96,1.74342963546499
"ROCK ISLAND","WA00084","24h",50,0.98,1.96124938197207
"ROCK ISLAND","WA00084","24h",100,0.99,2.18438113842369
"ROCK ISLAND","WA00084","24h",200,0.995,2.41377467421862
"ROCK ISLAND","WA00084","24h",500,0.998,2.72760313364435
"ROCK ISLAND","WA00084","24h",1000,0.999,2.97352880402967
"ROCK ISLAND","WA00084","24h",2000,0.9995,3.22715133355117
"ROCK ISLAND","WA00084","24h",5000,0.9998,3.57471871100164
"ROCK ISLAND","WA00084","24h",10000,0.9999,3.84729753175787
"ROCK ISLAND","WA00084","72h",2,0.5,0.94235934049968
"ROCK ISLAND","WA00084","72h",5,0.8,1.24102243097519
"ROCK ISLAND","WA00084","72h",10,0.9,1.44083525652729
"ROCK ISLAND","WA00084","72h",25,0.96,1.69568445938076
"ROCK ISLAND","WA00084","72h",50,0.98,1.88648194176035
"ROCK ISLAND","WA00084","72h",100,0.99,2.07734554224195
"ROCK ISLAND","WA00084","72h",200,0.995,2.26898550526614
"ROCK ISLAND","WA00084","72h",500,0.998,2.52408648946014
"ROCK ISLAND","WA00084","72h",1000,0.999,2.71861270173527
"ROCK ISLAND","WA00084","72h",2000,0.9995,2.91456727696008
"ROCK ISLAND","WA00084","72h",5000,0.9998,3.17587250952691
"ROCK ISLAND","WA00084","72h",10000,0.9999,3.37529258819376
"DORENA","OR00008","24h",2,0.5,0.939219480069914
"DORENA","OR00008","24h",5,0.8,1.23701739004949
"DORENA","OR00008","24h",10,0.9,1.43641379718911
"DORENA","OR00008","24h",25,0.96,1.69050588811415
"DORENA","OR00008","24h",50,0.98,1.8812808795102
"DORENA","OR00008","24h",100,0.99,2.0733271392274
"DORENA","OR00008","24h",200,0.995,2.26798527548991
"DORENA","OR00008","24h",500,0.998,2.53083891395876
"DORENA","OR00008","24h",1000,0.999,2.73469060494823
"DORENA","OR00008","24h",2000,0.9995,2.94340274065843
"DORENA","OR00008","24h",5000,0.9998,3.22742709899863
"DORENA","OR00008","24h",10000,0.9999,3.44884908611234
"DORENA","OR00008","72h",2,0.5,0.955969466418998
"DORENA","OR00008","72h",5,0.8,1.19954925073504
"DORENA","OR00008","72h",10,0.9,1.37026784535404
"DORENA","OR00008","72h",25,0.96,1.60991850702476
"DORENA","OR00008","72h",50,0.98,1.81052861470303
"DORENA","OR00008","72h",100,0.99,2.03284431283614
"DORENA","OR00008","72h",200,0.995,2.28074401278031
"DORENA","OR00008","72h",500,0.998,2.65416669868228
"DORENA","OR00008","72h",1000,0.999,2.97636888254502
"DORENA","OR00008","72h",2000,0.9995,3.33761296411947
"DORENA","OR00008","72h",5000,0.9998,3.88338884244627
"DORENA","OR00008","72h",10000,0.9999,4.35494328790292
"MILLERS CREEK DAM","TX01029","24h",2,0.5,0.91900471796548
"MILLERS CREEK DAM","TX01029","24h",5,0.8,1.26921048082031
"MILLERS CREEK DAM","TX01029","24h",10,0.9,1.51681626806608
"MILLERS CREEK DAM","TX01029","24h",25,0.96,1.8488189703929
"MILLERS CREEK DAM","TX01029","24h",50,0.98,2.10972710709952
"MILLERS CREEK DAM","TX01029","24h",100,0.99,2.38170703628936
"MILLERS CREEK DAM","TX01029","24h",200,0.995,2.66621867795839
"MILLERS CREEK DAM","TX01029","24h",500,0.998,3.06337521073698
"MILLERS CREEK DAM","TX01029","24h",1000,0.999,3.38089850916253
"MILLERS CREEK DAM","TX01029","24h",2000,0.9995,3.7140687234936
"MILLERS CREEK DAM","TX01029","24h",5000,0.9998,4.1799210927592
"MILLERS CREEK DAM","TX01029","24h",10000,0.9999,4.55265086640558
"MILLERS CREEK DAM","TX01029","72h",2,0.5,0.923096865990615
"MILLERS CREEK DAM","TX01029","72h",5,0.8,1.27730466596984
"MILLERS CREEK DAM","TX01029","72h",10,0.9,1.52272428679293
"MILLERS CREEK DAM","TX01029","72h",25,0.96,1.845813410699
"MILLERS CREEK DAM","TX01029","72h",50,0.98,2.09524694933005
"MILLERS CREEK DAM","TX01029","72h",100,0.99,2.35136636253608
"MILLERS CREEK DAM","TX01029","72h",200,0.995,2.61529114463817
"MILLERS CREEK DAM","TX01029","72h",500,0.998,2.97734369697306
"MILLERS CREEK DAM","TX01029","72h",1000,0.999,3.26182772512141
"MILLERS CREEK DAM","TX01029","72h",2000,0.9995,3.5559004652673
"MILLERS CREEK DAM","TX01029","72h",5000,0.9998,3.9599955782248
"MILLERS CREEK DAM","TX01029","72h",10000,0.9999,4.27776355457104
"LAKE HATTIE","WY00015","24h",2,0.5,0.919556043584928
"LAKE HATTIE","WY00015","24h",5,0.8,1.25882733959525
"LAKE HATTIE","WY00015","24h",10,0.9,1.50068725562709
"LAKE HATTIE","WY00015","24h",25,0.96,1.82742200154403
"LAKE HATTIE","WY00015","24h",50,0.98,2.08605543478022
"LAKE HATTIE","WY00015","24h",100,0.99,2.35733022995798
"LAKE HATTIE","WY00015","24h",200,0.995,2.64284822490294
"LAKE HATTIE","WY00015","24h",500,0.998,3.04425412803419
"LAKE HATTIE","WY00015","24h",1000,0.999,3.36744969247976
"LAKE HATTIE","WY00015","24h",2000,0.9995,3.70864563552831
"LAKE HATTIE","WY00015","24h",5000,0.9998,4.18911721645013
"LAKE HATTIE","WY00015","24h",10000,0.9999,4.57626593871552
"LAKE HATTIE","WY00015","72h",2,0.5,0.921198603002524
"LAKE HATTIE","WY00015","72h",5,0.8,1.26896722711471
"LAKE HATTIE","WY00015","72h",10,0.9,1.51321678224822
"LAKE HATTIE","WY00015","72h",25,0.96,1.83874472913608
"LAKE HATTIE","WY00015","72h",50,0.98,2.09307211235594
"LAKE HATTIE","WY00015","72h",100,0.99,2.35687531258032
"LAKE HATTIE","WY00015","72h",200,0.995,2.63147044135283
"LAKE HATTIE","WY00015","72h",500,0.998,3.01258815334193
"LAKE HATTIE","WY00015","72h",1000,0.999,3.31555355461429
"LAKE HATTIE","WY00015","72h",2000,0.9995,3.63188594971961
"LAKE HATTIE","WY00015","72h",5000,0.9998,4.07166649999097
"LAKE HATTIE","WY00015","72h",10000,0.9999,4.42153477502843
"HANNIBAL LOCKS AND DAM","WV10301","24h",2,0.5,0.939113532677532
"HANNIBAL LOCKS AND DAM","WV10301","24h",5,0.8,1.19210074137364
"HANNIBAL LOCKS AND DAM","WV10301","24h",10,0.9,1.38091963705448
"HANNIBAL LOCKS AND DAM","WV10301","24h",25,0.96,1.66027710010649
"HANNIBAL LOCKS AND DAM","WV10301","24h",50,0.98,1.90586650447062
"HANNIBAL LOCKS AND DAM","WV10301","24h",100,0.99,2.18950642175786
"HANNIBAL LOCKS AND DAM","WV10301","24h",200,0.995,2.51897913059209
"HANNIBAL LOCKS AND DAM","WV10301","24h",500,0.998,3.03942550782574
"HANNIBAL LOCKS AND DAM","WV10301","24h",1000,0.999,3.50995621876729
"HANNIBAL LOCKS AND DAM","WV10301","24h",2000,0.9995,4.05928931822024
"HANNIBAL LOCKS AND DAM","WV10301","24h",5000,0.9998,4.92943099728358
"HANNIBAL LOCKS AND DAM","WV10301","24h",10000,0.9999,5.71710673679385
"HANNIBAL LOCKS AND DAM","WV10301","72h",2,0.5,0.943756824436743
"HANNIBAL LOCKS AND DAM","WV10301","72h",5,0.8,1.20818002081705
"HANNIBAL LOCKS AND DAM","WV10301","72h",10,0.9,1.39023004904208
"HANNIBAL LOCKS AND DAM","WV10301","72h",25,0.96,1.62851927747643
"HANNIBAL LOCKS AND DAM","WV10301","72h",50,0.98,1.81146183935484
"HANNIBAL LOCKS AND DAM","WV10301","72h",100,0.99,1.99841944156278
"HANNIBAL LOCKS AND DAM","WV10301","72h",200,0.995,2.19016833176705
"HANNIBAL LOCKS AND DAM","WV10301","72h",500,0.998,2.45177556278271
"HANNIBAL LOCKS AND DAM","WV10301","72h",1000,0.999,2.65621860815734
"HANNIBAL LOCKS AND DAM","WV10301","72h",2000,0.9995,2.86656316332166
"HANNIBAL LOCKS AND DAM","WV10301","72h",5000,0.9998,3.15403205803259
"HANNIBAL LOCKS AND DAM","WV10301","72h",10000,0.9999,3.37886313612626
"ELEVEN MILE CANYON","CO00359","24h",2,0.5,0.926420300172056
"ELEVEN MILE CANYON","CO00359","24h",5,0.8,1.26526710288311
"ELEVEN MILE CANYON","CO00359","24h",10,0.9,1.50005515798945
"ELEVEN MILE CANYON","CO00359","24h",25,0.96,1.80916190444313
"ELEVEN MILE CANYON","CO00359","24h",50,0.98,2.04781101265986
"ELEVEN MILE CANYON","CO00359","24h",100,0.99,2.29286595778914
"ELEVEN MILE CANYON","CO00359","24h",200,0.995,2.54539833161574
"ELEVEN MILE CANYON","CO00359","24h",500,0.998,2.891837478537
"ELEVEN MILE CANYON","CO00359","24h",1000,0.999,3.16406473364788
"ELEVEN MILE CANYON","CO00359","24h",2000,0.9995,3.44547784175015
"ELEVEN MILE CANYON","CO00359","24h",5000,0.9998,3.83219333249208
"ELEVEN MILE CANYON","CO00359","24h",10000,0.9999,4.13630735594977
"ELEVEN MILE CANYON","CO00359","72h",2,0.5,0.920285659150685
"ELEVEN MILE CANYON","CO00359","72h",5,0.8,1.26640289503949
"ELEVEN MILE CANYON","CO00359","72h",10,0.9,1.51078177429219
"ELEVEN MILE CANYON","CO00359","72h",25,0.96,1.83804901329024
"ELEVEN MILE CANYON","CO00359","72h",50,0.98,2.09492544381483
"ELEVEN MILE CANYON","CO00359","72h",100,0.99,2.36242762439898
"ELEVEN MILE CANYON","CO00359","72h",200,0.995,2.64196945075166
"ELEVEN MILE CANYON","CO00359","72h",500,0.998,3.03172609126767
"ELEVEN MILE CANYON","CO00359","72h",1000,0.999,3.34296633536883
"ELEVEN MILE CANYON","CO00359","72h",2000,0.9995,3.66921201303093
"ELEVEN MILE CANYON","CO00359","72h",5000,0.9998,4.12484285369253
"ELEVEN MILE CANYON","CO00359","72h",10000,0.9999,4.48896558759312
"TONGUE RIVER DAM","MT00002","24h",2,0.5,0.920186140513936
"TONGUE RIVER DAM","MT00002","24h",5,0.8,1.29411059254144
"TONGUE RIVER DAM","MT00002","24h",10,0.9,1.5476058925343
"TONGUE RIVER DAM","MT00002","24h",25,0.96,1.87357795862572
"TONGUE RIVER DAM","MT00002","24h",50,0.98,2.12018817762837
"TONGUE RIVER DAM","MT00002","24h",100,0.99,2.36986511324105
"TONGUE RIVER DAM","MT00002","24h",200,0.995,2.62425396785105
"TONGUE RIVER DAM","MT00002","24h",500,0.998,2.9696623613066
"TONGUE RIVER DAM","MT00002","24h",1000,0.999,3.23890450739689
"TONGUE RIVER DAM","MT00002","24h",2000,0.9995,3.51569888762449
"TONGUE RIVER DAM","MT00002","24h",5000,0.9998,3.89406812760576
"TONGUE RIVER DAM","MT00002","24h",10000,0.9999,4.19029480422207
"TONGUE RIVER DAM","MT00002","72h",2,0.5,0.914827491606436
"TONGUE RIVER DAM","MT00002","72h",5,0.8,1.29802161868866
"TONGUE RIVER DAM","MT00002","72h",10,0.9,1.56087419054938
"TONGUE RIVER DAM","MT00002","72h",25,0.96,1.90179849289907
"TONGUE RIVER DAM","MT00002","72h",50,0.98,2.16158595994792
"TONGUE RIVER DAM","MT00002","72h",100,0.99,2.42603440479542
"TONGUE RIVER DAM","MT00002","72h",200,0.995,2.69680281663828
"TONGUE RIVER DAM","MT00002","72h",500,0.998,3.06637894141737
"TONGUE RIVER DAM","MT00002","72h",1000,0.999,3.35585325268265
"TONGUE RIVER DAM","MT00002","72h",2000,0.9995,3.6546072772371
"TONGUE RIVER DAM","MT00002","72h",5000,0.9998,4.06473895192794
"TONGUE RIVER DAM","MT00002","72h",10000,0.9999,4.38712777717953
"OXFORD","NC00329","24h",2,0.5,0.918568535952128
"OXFORD","NC00329","24h",5,0.8,1.23561856746142
"OXFORD","NC00329","24h",10,0.9,1.46794022614674
"OXFORD","NC00329","24h",25,0.96,1.7897427379029
"OXFORD","NC00329","24h",50,0.98,2.05070258333414
"OXFORD","NC00329","24h",100,0.99,2.33011027106883
"OXFORD","NC00329","24h",200,0.995,2.63027058187924
"OXFORD","NC00329","24h",500,0.998,3.06241709405916
"OXFORD","NC00329","24h",1000,0.999,3.4186679055392
"OXFORD","NC00329","24h",2000,0.9995,3.80250059990957
"OXFORD","NC00329","24h",5000,0.9998,4.3559912156882
"OXFORD","NC00329","24h",10000,0.9999,4.81260842079499
"OXFORD","NC00329","72h",2,0.5,0.91804107167422
"OXFORD","NC00329","72h",5,0.8,1.21821292902156
"OXFORD","NC00329","72h",10,0.9,1.44991171006926
"OXFORD","NC00329","72h",25,0.96,1.80253611418433
"OXFORD","NC00329","72h",50,0.98,2.12078640285824
"OXFORD","NC00329","72h",100,0.99,2.49659283310826
"OXFORD","NC00329","72h",200,0.995,2.94281387504122
"OXFORD","NC00329","72h",500,0.998,3.66593177320454
"OXFORD","NC00329","72h",1000,0.999,4.33627976552515
"OXFORD","NC00329","72h",2000,0.9995,5.13609647439546
"OXFORD","NC00329","72h",5000,0.9998,6.43566219992247
"OXFORD","NC00329","72h",10000,0.9999,7.64184019142543
"GEORGE B STEVENSON","PA00914","24h",2,0.5,0.940981917430987
"GEORGE B STEVENSON","PA00914","24h",5,0.8,1.20431925837941
"GEORGE B STEVENSON","PA00914","24h",10,0.9,1.39748428063356
"GEORGE B STEVENSON","PA00914","24h",25,0.96,1.67915008983891
"GEORGE B STEVENSON","PA00914","24h",50,0.98,1.92344233225377
"GEORGE B STEVENSON","PA00914","24h",100,0.99,2.20238167986195
"GEORGE B STEVENSON","PA00914","24h",200,0.995,2.52275609396032
"GEORGE B STEVENSON","PA00914","24h",500,0.998,3.02222493525636
"GEORGE B STEVENSON","PA00914","24h",1000,0.999,3.46800366110792
"GEORGE B STEVENSON","PA00914","24h",2000,0.9995,3.98265152041404
"GEORGE B STEVENSON","PA00914","24h",5000,0.9998,4.7872581449539
"GEORGE B STEVENSON","PA00914","24h",10000,0.9999,5.50629678151978
"GEORGE B STEVENSON","PA00914","72h",2,0.5,0.941972843757177
"GEORGE B STEVENSON","PA00914","72h",5,0.8,1.20995387244909
"GEORGE B STEVENSON","PA00914","72h",10,0.9,1.40496685822794
"GEORGE B STEVENSON","PA00914","72h",25,0.96,1.6874402904087
"GEORGE B STEVENSON","PA00914","72h",50,0.98,1.9309177799134
"GEORGE B STEVENSON","PA00914","72h",100,0.99,2.20747563074634
"GEORGE B STEVENSON","PA00914","72h",200,0.995,2.5234746173962
"GEORGE B STEVENSON","PA00914","72h",500,0.998,3.01316481997996
"GEORGE B STEVENSON","PA00914","72h",1000,0.999,3.44763837315789
"GEORGE B STEVENSON","PA00914","72h",2000,0.9995,3.94666927759861
"GEORGE B STEVENSON","PA00914","72h",5000,0.9998,4.72219745334487
"GEORGE B STEVENSON","PA00914","72h",10000,0.9999,5.41117138314289
"NANTAHALA","NC00371","24h",2,0.5,0.933388886234632
"NANTAHALA","NC00371","24h",5,0.8,1.23250123909994
"NANTAHALA","NC00371","24h",10,0.9,1.44141281032976
"NANTAHALA","NC00371","24h",25,0.96,1.71844269287581
"NANTAHALA","NC00371","24h",50,0.98,1.93382553269058
"NANTAHALA","NC00371","24h",100,0.99,2.15630722060536
"NANTAHALA","NC00371","24h",200,0.995,2.38693583519443
"NANTAHALA","NC00371","24h",500,0.998,2.70550108439924
"NANTAHALA","NC00371","24h",1000,0.999,2.95753734697237
"NANTAHALA","NC00371","24h",2000,0.9995,3.21961413831029
"NANTAHALA","NC00371","24h",5000,0.9998,3.5822280542495
"NANTAHALA","NC00371","24h",10000,0.9999,3.86933654829311
"NANTAHALA","NC00371","72h",2,0.5,0.934698364303528
"NANTAHALA","NC00371","72h",5,0.8,1.22688170327311
"NANTAHALA","NC00371","72h",10,0.9,1.431187175296
"NANTAHALA","NC00371","72h",25,0.96,1.70238999900822
"NANTAHALA","NC00371","72h",50,0.98,1.91345414411243
"NANTAHALA","NC00371","72h",100,0.99,2.13166095807885
"NANTAHALA","NC00371","72h",200,0.995,2.35805024049362
"NANTAHALA","NC00371","72h",500,0.998,2.67106779786519
"NANTAHALA","NC00371","72h",1000,0.999,2.91895756598409
"NANTAHALA","NC00371","72h",2000,0.9995,3.17694049592345
"NANTAHALA","NC00371","72h",5000,0.9998,3.53424093136975
"NANTAHALA","NC00371","72h",10000,0.9999,3.81741919749112
"SHERMAN DAM","NE01077","24h",2,0.5,0.929725102427721
"SHERMAN DAM","NE01077","24h",5,0.8,1.25295815456349
"SHERMAN DAM","NE01077","24h",10,0.9,1.47701275035021
"SHERMAN DAM","NE01077","24h",25,0.96,1.77209036150491
"SHERMAN DAM","NE01077","24h",50,0.98,1.99998433253489
"SHERMAN DAM","NE01077","24h",100,0.99,2.23406200675473
"SHERMAN DAM","NE01077","24h",200,0.995,2.4753503864949
"SHERMAN DAM","NE01077","24h",500,0.998,2.80647292071185
"SHERMAN DAM","NE01077","24h",1000,0.999,3.066749518215
"SHERMAN DAM","NE01077","24h",2000,0.9995,3.33588444590615
"SHERMAN DAM","NE01077","24h",5000,0.9998,3.7058484077983
"SHERMAN DAM","NE01077","24h",10000,0.9999,3.99688385083101
"SHERMAN DAM","NE01077","72h",2,0.5,0.943308785919289
"SHERMAN DAM","NE01077","72h",5,0.8,1.25057529791549
"SHERMAN DAM","NE01077","72h",10,0.9,1.45359434745948
"SHERMAN DAM","NE01077","72h",25,0.96,1.70963409608808
"SHERMAN DAM","NE01077","72h",50,0.98,1.89923672148064
"SHERMAN DAM","NE01077","72h",100,0.99,2.08715150521175
"SHERMAN DAM","NE01077","72h",200,0.995,2.2740958433184
"SHERMAN DAM","NE01077","72h",500,0.998,2.52029923542946
"SHERMAN DAM","NE01077","72h",1000,0.999,2.70604675442614
"SHERMAN DAM","NE01077","72h",2000,0.9995,2.89144616377215
"SHERMAN DAM","NE01077","72h",5000,0.9998,3.13605217265004
"SHERMAN DAM","NE01077","72h",10000,0.9999,3.32074757396774
"CHINA HAT","ID00266","24h",2,0.5,0.945246824809538
"CHINA HAT","ID00266","24h",5,0.8,1.22769710580435
"CHINA HAT","ID00266","24h",10,0.9,1.41690001293061
"CHINA HAT","ID00266","24h",25,0.96,1.65848991187722
"CHINA HAT","ID00266","24h",50,0.98,1.8395593584596
"CHINA HAT","ID00266","24h",100,0.99,2.02086055923813
"CHINA HAT","ID00266","24h",200,0.995,2.20306814154926
"CHINA HAT","ID00266","24h",500,0.998,2.44587388759157
"CHINA HAT","ID00266","24h",1000,0.999,2.63122296402605
"CHINA HAT","ID00266","24h",2000,0.9995,2.81810541931081
"CHINA HAT","ID00266","24h",5000,0.9998,3.06758019618466
"CHINA HAT","ID00266","24h",10000,0.9999,3.25817557606872
"CHINA HAT","ID00266","72h",2,0.5,0.946819536013395
"CHINA HAT","ID00266","72h",5,0.8,1.2202671910338
"CHINA HAT","ID00266","72h",10,0.9,1.40360878945279
"CHINA HAT","ID00266","72h",25,0.96,1.63790971897256
"CHINA HAT","ID00266","72h",50,0.98,1.81365840550589
"CHINA HAT","ID00266","72h",100,0.99,1.98975307035147
"CHINA HAT","ID00266","72h",200,0.995,2.1668491387841
"CHINA HAT","ID00266","72h",500,0.998,2.40303034598618
"CHINA HAT","ID00266","72h",1000,0.999,2.58346499917073
"CHINA HAT","ID00266","72h",2000,0.9995,2.7655162039355
"CHINA HAT","ID00266","72h",5000,0.9998,3.00873369357659
"CHINA HAT","ID00266","72h",10000,0.9999,3.19469529988761
"FALL CREEK","OR00007","24h",2,0.5,0.94791737441366
"FALL CREEK","OR00007","24h",5,0.8,1.23662203159214
"FALL CREEK","OR00007","24h",10,0.9,1.42399699165814
"FALL CREEK","OR00007","24h",25,0.96,1.65740923240731
"FALL CREEK","OR00007","24h",50,0.98,1.82934912195436
"FALL CREEK","OR00007","24h",100,0.99,1.99997262493361
"FALL CREEK","OR00007","24h",200,0.995,2.17068302296913
"FALL CREEK","OR00007","24h",500,0.998,2.39803910003016
"FALL CREEK","OR00007","24h",1000,0.999,2.57212643274034
"FALL CREEK","OR00007","24h",2000,0.9995,2.74854256552853
"FALL CREEK","OR00007","24h",5000,0.9998,2.98593130587867
"FALL CREEK","OR00007","24h",10000,0.9999,3.1690384152941
"FALL CREEK","OR00007","72h",2,0.5,0.956147695305569
"FALL CREEK","OR00007","72h",5,0.8,1.19626282028007
"FALL CREEK","OR00007","72h",10,0.9,1.36488294983479
"FALL CREEK","OR00007","72h",25,0.96,1.6019740261795
"FALL CREEK","OR00007","72h",50,0.98,1.80074404990845
"FALL CREEK","OR00007","72h",100,0.99,2.02130333577609
"FALL CREEK","OR00007","72h",200,0.995,2.26755677918796
"FALL CREEK","OR00007","72h",500,0.998,2.63904670224678
"FALL CREEK","OR00007","72h",1000,0.999,2.96004696217325
"FALL CREEK","OR00007","72h",2000,0.9995,3.32039604956186
"FALL CREEK","OR00007","72h",5000,0.9998,3.86561910947421
"FALL CREEK","OR00007","72h",10000,0.9999,4.33737888399412
"GRIZZLY VALLEY","CA00039","24h",2,0.5,0.92922777873419
"GRIZZLY VALLEY","CA00039","24h",5,0.8,1.2559682080585
"GRIZZLY VALLEY","CA00039","24h",10,0.9,1.48218981990825
"GRIZZLY VALLEY","CA00039","24h",25,0.96,1.77980654154382
"GRIZZLY VALLEY","CA00039","24h",50,0.98,2.00942618251043
"GRIZZLY VALLEY","CA00039","24h",100,0.99,2.24507101520868
"GRIZZLY VALLEY","CA00039","24h",200,0.995,2.48776451538443
"GRIZZLY VALLEY","CA00039","24h",500,0.998,2.82048093801895
"GRIZZLY VALLEY","CA00039","24h",1000,0.999,3.0817490978675
"GRIZZLY VALLEY","CA00039","24h",2000,0.9995,3.3516765626767
"GRIZZLY VALLEY","CA00039","24h",5000,0.9998,3.72235828507695
"GRIZZLY VALLEY","CA00039","24h",10000,0.9999,4.01366733760272
"GRIZZLY VALLEY","CA00039","72h",2,0.5,0.909062995010666
"GRIZZLY VALLEY","CA00039","72h",5,0.8,1.28877124182727
"GRIZZLY VALLEY","CA00039","72h",10,0.9,1.56036772139633
"GRIZZLY VALLEY","CA00039","72h",25,0.96,1.92839486903827
"GRIZZLY VALLEY","CA00039","72h",50,0.98,2.22057401479805
"GRIZZLY VALLEY","CA00039","72h",100,0.99,2.52780413252504
"GRIZZLY VALLEY","CA00039","72h",200,0.995,2.85197325123263
"GRIZZLY VALLEY","CA00039","72h",500,0.998,3.30904064514558
"GRIZZLY VALLEY","CA00039","72h",1000,0.999,3.67811267960672
"GRIZZLY VALLEY","CA00039","72h",2000,0.9995,4.0687089944751
"GRIZZLY VALLEY","CA00039","72h",5000,0.9998,4.62033852934717
"GRIZZLY VALLEY","CA00039","72h",10000,0.9999,5.06610306427017
"BIG SAGE","CA00233","24h",2,0.5,0.935069819857347
"BIG SAGE","CA00233","24h",5,0.8,1.22096105376176
"BIG SAGE","CA00233","24h",10,0.9,1.43133074960445
"BIG SAGE","CA00233","24h",25,0.96,1.73889264661084
"BIG SAGE","CA00233","24h",50,0.98,2.00630001555556
"BIG SAGE","CA00233","24h",100,0.99,2.31226544132814
"BIG SAGE","CA00233","24h",200,0.995,2.66440073727956
"BIG SAGE","CA00233","24h",500,0.998,3.21469430457615
"BIG SAGE","CA00233","24h",1000,0.999,3.70698446400811
"BIG SAGE","CA00233","24h",2000,0.9995,4.27648299016835
"BIG SAGE","CA00233","24h",5000,0.9998,5.16895739625088
"BIG SAGE","CA00233","24h",10000,0.9999,5.96838283640863
"BIG SAGE","CA00233","72h",2,0.5,0.925207042556794
"BIG SAGE","CA00233","72h",5,0.8,1.23906877524531
"BIG SAGE","CA00233","72h",10,0.9,1.47274172933692
"BIG SAGE","CA00233","72h",25,0.96,1.81774273811908
"BIG SAGE","CA00233","72h",50,0.98,2.12045466570755
"BIG SAGE","CA00233","72h",100,0.99,2.46949684961957
"BIG SAGE","CA00233","72h",200,0.995,2.87428550591278
"BIG SAGE","CA00233","72h",500,0.998,3.51250232718193
"BIG SAGE","CA00233","72h",1000,0.999,4.08844469527068
"BIG SAGE","CA00233","72h",2000,0.9995,4.75976823334969
"BIG SAGE","CA00233","72h",5000,0.9998,5.82115349544645
"BIG SAGE","CA00233","72h",10000,0.9999,6.78018105292545
"GERBER RESERVOR","OR00584","24h",2,0.5,0.924937293418268
"GERBER RESERVOR","OR00584","24h",5,0.8,1.22276047244782
"GERBER RESERVOR","OR00584","24h",10,0.9,1.44769537257448
"GERBER RESERVOR","OR00584","24h",25,0.96,1.78381572041889
"GERBER RESERVOR","OR00584","24h",50,0.98,2.08205509736855
"GERBER RESERVOR","OR00584","24h",100,0.99,2.42920605053262
"GERBER RESERVOR","OR00584","24h",200,0.995,2.83558337202494
"GERBER RESERVOR","OR00584","24h",500,0.998,3.48331672222689
"GERBER RESERVOR","OR00584","24h",1000,0.999,4.0741197749041
"GERBER RESERVOR","OR00584","24h",2000,0.9995,4.76917179279304
"GERBER RESERVOR","OR00584","24h",5000,0.9998,5.88004505137531
"GERBER RESERVOR","OR00584","24h",10000,0.9999,6.89453600925019
"GERBER RESERVOR","OR00584","72h",2,0.5,0.92588580194809
"GERBER RESERVOR","OR00584","72h",5,0.8,1.23359573085633
"GERBER RESERVOR","OR00584","72h",10,0.9,1.46330228580675
"GERBER RESERVOR","OR00584","72h",25,0.96,1.80320879990737
"GERBER RESERVOR","OR00584","72h",50,0.98,2.10207386467084
"GERBER RESERVOR","OR00584","72h",100,0.99,2.44728823713677
"GERBER RESERVOR","OR00584","72h",200,0.995,2.848336235248
"GERBER RESERVOR","OR00584","72h",500,0.998,3.48193943301679
"GERBER RESERVOR","OR00584","72h",1000,0.999,4.05485758970926
"GERBER RESERVOR","OR00584","72h",2000,0.9995,4.72381001924219
"GERBER RESERVOR","OR00584","72h",5000,0.9998,5.78358489395063
"GERBER RESERVOR","OR00584","72h",10000,0.9999,6.74306112466558
"SALT CREEK SITE 18 - BRANCHED OAK","NE01063","24h",2,0.5,0.921330495054259
"SALT CREEK SITE 18 - BRANCHED OAK","NE01063","24h",5,0.8,1.24242817431762
"SALT CREEK SITE 18 - BRANCHED OAK","NE01063","24h",10,0.9,1.48316875344364
"SALT CREEK SITE 18 - BRANCHED OAK","NE01063","24h",25,0.96,1.84069889788837
"SALT CREEK SITE 18 - BRANCHED OAK","NE01063","24h",50,0.98,2.15612356591149
"SALT CREEK SITE 18 - BRANCHED OAK","NE01063","24h",100,0.99,2.52150659630959
"SALT CREEK SITE 18 - BRANCHED OAK","NE01063","24h",200,0.995,2.94718486895291
"SALT CREEK SITE 18 - BRANCHED OAK","NE01063","24h",500,0.998,3.62191340510835
"SALT CREEK SITE 18 - BRANCHED OAK","NE01063","24h",1000,0.999,4.23398692911078
"SALT CREEK SITE 18 - BRANCHED OAK","NE01063","24h",2000,0.9995,4.95065838889066
"SALT CREEK SITE 18 - BRANCHED OAK","NE01063","24h",5000,0.9998,6.08975034467249
"SALT CREEK SITE 18 - BRANCHED OAK","NE01063","24h",10000,0.9999,7.12435788695916
"SALT CREEK SITE 18 - BRANCHED OAK","NE01063","72h",2,0.5,0.943927458199373
"SALT CREEK SITE 18 - BRANCHED OAK","NE01063","72h",5,0.8,1.23047755561512
"SALT CREEK SITE 18 - BRANCHED OAK","NE01063","72h",10,0.9,1.4344836537186
"SALT CREEK SITE 18 - BRANCHED OAK","NE01063","72h",25,0.96,1.72462506955093
"SALT CREEK SITE 18 - BRANCHED OAK","NE01063","72h",50,0.98,1.97047950883239
"SALT CREEK SITE 18 - BRANCHED OAK","NE01063","72h",100,0.99,2.2457473578484
"SALT CREEK SITE 18 - BRANCHED OAK","NE01063","72h",200,0.995,2.55582690076669
"SALT CREEK SITE 18 - BRANCHED OAK","NE01063","72h",500,0.998,3.02845848632904
"SALT CREEK SITE 18 - BRANCHED OAK","NE01063","72h",1000,0.999,3.44102815694517
"SALT CREEK SITE 18 - BRANCHED OAK","NE01063","72h",2000,0.9995,3.90826685592841
"SALT CREEK SITE 18 - BRANCHED OAK","NE01063","72h",5000,0.9998,4.62252406877288
"SALT CREEK SITE 18 - BRANCHED OAK","NE01063","72h",10000,0.9999,5.24684498135236
"MAMMOTH POOL","CA00443","24h",2,0.5,0.928328961068894
"MAMMOTH POOL","CA00443","24h",5,0.8,1.2771898810993
"MAMMOTH POOL","CA00443","24h",10,0.9,1.51486301787858
"MAMMOTH POOL","CA00443","24h",25,0.96,1.82301484795294
"MAMMOTH POOL","CA00443","24h",50,0.98,2.05742209268509
"MAMMOTH POOL","CA00443","24h",100,0.99,2.29510417501873
"MAMMOTH POOL","CA00443","24h",200,0.995,2.53698528652188
"MAMMOTH POOL","CA00443","24h",500,0.998,2.8640217766382
"MAMMOTH POOL","CA00443","24h",1000,0.999,3.11730798794352
"MAMMOTH POOL","CA00443","24h",2000,0.9995,3.37589267050222
"MAMMOTH POOL","CA00443","24h",5000,0.9998,3.72611878982962
"MAMMOTH POOL","CA00443","24h",10000,0.9999,3.99758207985697
"MAMMOTH POOL","CA00443","72h",2,0.5,0.903661820738954
"MAMMOTH POOL","CA00443","72h",5,0.8,1.30564218222931
"MAMMOTH POOL","CA00443","72h",10,0.9,1.59323695105938
"MAMMOTH POOL","CA00443","72h",25,0.96,1.98302582940143
"MAMMOTH POOL","CA00443","72h",50,0.98,2.29254562565739
"MAMMOTH POOL","CA00443","72h",100,0.99,2.61806685537977
"MAMMOTH POOL","CA00443","72h",200,0.995,2.96159558722246
"MAMMOTH POOL","CA00443","72h",500,0.998,3.44605766735042
"MAMMOTH POOL","CA00443","72h",1000,0.999,3.83732912003902
"MAMMOTH POOL","CA00443","72h",2000,0.9995,4.25149154204114
"MAMMOTH POOL","CA00443","72h",5000,0.9998,4.83652134013939
"MAMMOTH POOL","CA00443","72h",10000,0.9999,5.30937131223605
"CAVE BUTTES","AZ10007","24h",2,0.5,0.936172413624221
"CAVE BUTTES","AZ10007","24h",5,0.8,1.24372534098787
"CAVE BUTTES","AZ10007","24h",10,0.9,1.46542865688514
"CAVE BUTTES","AZ10007","24h",25,0.96,1.78403463421858
"CAVE BUTTES","AZ10007","24h",50,0.98,2.05664038846581
"CAVE BUTTES","AZ10007","24h",100,0.99,2.36436592531873
"CAVE BUTTES","AZ10007","24h",200,0.995,2.71382295824464
"CAVE BUTTES","AZ10007","24h",500,0.998,3.25150538969579
"CAVE BUTTES","AZ10007","24h",1000,0.999,3.7252199101569
"CAVE BUTTES","AZ10007","24h",2000,0.9995,4.26602032466591
"CAVE BUTTES","AZ10007","24h",5000,0.9998,5.10050278867379
"CAVE BUTTES","AZ10007","24h",10000,0.9999,5.83667257945657
"CAVE BUTTES","AZ10007","72h",2,0.5,0.921028471406776
"CAVE BUTTES","AZ10007","72h",5,0.8,1.27970459573327
"CAVE BUTTES","AZ10007","72h",10,0.9,1.52931508323023
"CAVE BUTTES","AZ10007","72h",25,0.96,1.85923292419101
"CAVE BUTTES","AZ10007","72h",50,0.98,2.1149231120352
"CAVE BUTTES","AZ10007","72h",100,0.99,2.37832975926574
"CAVE BUTTES","AZ10007","72h",200,0.995,2.65065104128032
"CAVE BUTTES","AZ10007","72h",500,0.998,3.02563835187414
"CAVE BUTTES","AZ10007","72h",1000,0.999,3.32139748702376
"CAVE BUTTES","AZ10007","72h",2000,0.9995,3.62811975794783
"CAVE BUTTES","AZ10007","72h",5000,0.9998,4.05119149438366
"CAVE BUTTES","AZ10007","72h",10000,0.9999,4.38513580168118
"GIBSON","MT00571","24h",2,0.5,0.924229215575133
"GIBSON","MT00571","24h",5,0.8,1.26567113041855
"GIBSON","MT00571","24h",10,0.9,1.5038806678057
"GIBSON","MT00571","24h",25,0.96,1.81944130048649
"GIBSON","MT00571","24h",50,0.98,2.06453989195679
"GIBSON","MT00571","24h",100,0.99,2.31750535693667
"GIBSON","MT00571","24h",200,0.995,2.57951627973247
"GIBSON","MT00571","24h",500,0.998,2.94108107363033
"GIBSON","MT00571","24h",1000,0.999,3.22686287280725
"GIBSON","MT00571","24h",2000,0.9995,3.52378399958063
"GIBSON","MT00571","24h",5000,0.9998,3.93421435124706
"GIBSON","MT00571","24h",10000,0.9999,4.25887175013364
"GIBSON","MT00571","72h",2,0.5,0.919063376027073
"GIBSON","MT00571","72h",5,0.8,1.26280019192942
"GIBSON","MT00571","72h",10,0.9,1.50727476766454
"GIBSON","MT00571","72h",25,0.96,1.83684530691006
"GIBSON","MT00571","72h",50,0.98,2.09719162479051
"GIBSON","MT00571","72h",100,0.99,2.36978904070401
"GIBSON","MT00571","72h",200,0.995,2.65620382551167
"GIBSON","MT00571","72h",500,0.998,3.05806369216042
"GIBSON","MT00571","72h",1000,0.999,3.38098097496288
"GIBSON","MT00571","72h",2000,0.9995,3.72129752268114
"GIBSON","MT00571","72h",5000,0.9998,4.19957264424685
"GIBSON","MT00571","72h",10000,0.9999,4.58418558419912
"MORROW POINT","CO01689","24h",2,0.5,0.942620355903757
"MORROW POINT","CO01689","24h",5,0.8,1.22180874778159
"MORROW POINT","CO01689","24h",10,0.9,1.4226403053392
"MORROW POINT","CO01689","24h",25,0.96,1.71074296139902
"MORROW POINT","CO01689","24h",50,0.98,1.95684403843668
"MORROW POINT","CO01689","24h",100,0.99,2.23426504348479
"MORROW POINT","CO01689","24h",200,0.995,2.54887569395007
"MORROW POINT","CO01689","24h",500,0.998,3.03217089281143
"MORROW POINT","CO01689","24h",1000,0.999,3.45730093955209
"MORROW POINT","CO01689","24h",2000,0.9995,3.94197713265011
"MORROW POINT","CO01689","24h",5000,0.9998,4.6886699117675
"MORROW POINT","CO01689","24h",10000,0.9999,5.34636210059487
"MORROW POINT","CO01689","72h",2,0.5,0.945957838757744
"MORROW POINT","CO01689","72h",5,0.8,1.23822537375378
"MORROW POINT","CO01689","72h",10,0.9,1.43144936915675
"MORROW POINT","CO01689","72h",25,0.96,1.67526698298501
"MORROW POINT","CO01689","72h",50,0.98,1.85591326075703
"MORROW POINT","CO01689","72h",100,0.99,2.0350308510222
"MORROW POINT","CO01689","72h",200,0.995,2.21330203978148
"MORROW POINT","CO01689","72h",500,0.998,2.44820289183151
"MORROW POINT","CO01689","72h",1000,0.999,2.62551363546181
"MORROW POINT","CO01689","72h",2000,0.9995,2.80256977544871
"MORROW POINT","CO01689","72h",5000,0.9998,3.03628714271655
"MORROW POINT","CO01689","72h",10000,0.9999,3.21285073968924
"FERN RIDGE","OR00016","24h",2,0.5,0.943052974195765
"FERN RIDGE","OR00016","24h",5,0.8,1.22416654697313
"FERN RIDGE","OR00016","24h",10,0.9,1.41488822691931
"FERN RIDGE","OR00016","24h",25,0.96,1.66123602545709
"FERN RIDGE","OR00016","24h",50,0.98,1.84794600200551
"FERN RIDGE","OR00016","24h",100,0.99,2.03667743266777
"FERN RIDGE","OR00016","24h",200,0.995,2.22815084217774
"FERN RIDGE","OR00016","24h",500,0.998,2.48610855625847
"FERN RIDGE","OR00016","24h",1000,0.999,2.685182689985
"FERN RIDGE","OR00016","24h",2000,0.9995,2.88779758333286
"FERN RIDGE","OR00016","24h",5000,0.9998,3.16124030848586
"FERN RIDGE","OR00016","24h",10000,0.9999,3.37243434873395
"FERN RIDGE","OR00016","72h",2,0.5,0.962058345650046
"FERN RIDGE","OR00016","72h",5,0.8,1.19583739406293
"FERN RIDGE","OR00016","72h",10,0.9,1.35654900120722
"FERN RIDGE","OR00016","72h",25,0.96,1.57855332637759
"FERN RIDGE","OR00016","72h",50,0.98,1.76161853551908
"FERN RIDGE","OR00016","72h",100,0.99,1.96193925056829
"FERN RIDGE","OR00016","72h",200,0.995,2.18253347828106
"FERN RIDGE","OR00016","72h",500,0.998,2.51002953323577
"FERN RIDGE","OR00016","72h",1000,0.999,2.78858384082256
"FERN RIDGE","OR00016","72h",2000,0.9995,3.09704253118805
"FERN RIDGE","OR00016","72h",5000,0.9998,3.55637360554573
"FERN RIDGE","OR00016","72h",10000,0.9999,3.9476043677343
"CRESCENT LAKE DAM","OR00381","24h",2,0.5,0.934899657135084
"CRESCENT LAKE DAM","OR00381","24h",5,0.8,1.23567917736147
"CRESCENT LAKE DAM","OR00381","24h",10,0.9,1.44387800322371
"CRESCENT LAKE DAM","OR00381","24h",25,0.96,1.71772617194581
"CRESCENT LAKE DAM","OR00381","24h",50,0.98,1.92896450134281
"CRESCENT LAKE DAM","OR00381","24h",100,0.99,2.1457080048849
"CRESCENT LAKE DAM","OR00381","24h",200,0.995,2.36889619320256
"CRESCENT LAKE DAM","OR00381","24h",500,0.998,2.67481079466227
"CRESCENT LAKE DAM","OR00381","24h",1000,0.999,2.91498467634938
"CRESCENT LAKE DAM","OR00381","24h",2000,0.9995,3.1630760286579
"CRESCENT LAKE DAM","OR00381","24h",5000,0.9998,3.50370283660881
"CRESCENT LAKE DAM","OR00381","24h",10000,0.9999,3.77133915774231
"CRESCENT LAKE DAM","OR00381","72h",2,0.5,0.944222657223575
"CRESCENT LAKE DAM","OR00381","72h",5,0.8,1.21797629344333
"CRESCENT LAKE DAM","OR00381","72h",10,0.9,1.41453182008197
"CRESCENT LAKE DAM","OR00381","72h",25,0.96,1.69606196162818
"CRESCENT LAKE DAM","OR00381","72h",50,0.98,1.9361999507887
"CRESCENT LAKE DAM","OR00381","72h",100,0.99,2.20656798518118
"CRESCENT LAKE DAM","OR00381","72h",200,0.995,2.51280933127533
"CRESCENT LAKE DAM","OR00381","72h",500,0.998,2.98258655549216
"CRESCENT LAKE DAM","OR00381","72h",1000,0.999,3.39525416163055
"CRESCENT LAKE DAM","OR00381","72h",2000,0.9995,3.86515879318459
"CRESCENT LAKE DAM","OR00381","72h",5000,0.9998,4.58808133022131
"CRESCENT LAKE DAM","OR00381","72h",10000,0.9999,5.22395802595412
"RUEDI","CO01664","24h",2,0.5,0.942111645275014
"RUEDI","CO01664","24h",5,0.8,1.2203225941965
"RUEDI","CO01664","24h",10,0.9,1.42098821738104
"RUEDI","CO01664","24h",25,0.96,1.70949800388833
"RUEDI","CO01664","24h",50,0.98,1.95646198633767
"RUEDI","CO01664","24h",100,0.99,2.23534624372608
"RUEDI","CO01664","24h",200,0.995,2.55216753170691
"RUEDI","CO01664","24h",500,0.998,3.03984482980609
"RUEDI","CO01664","24h",1000,0.999,3.46968442189924
"RUEDI","CO01664","24h",2000,0.9995,3.9605756844996
"RUEDI","CO01664","24h",5000,0.9998,4.71836905355606
"RUEDI","CO01664","24h",10000,0.9999,5.38716588101053
"RUEDI","CO01664","72h",2,0.5,0.94284827760657
"RUEDI","CO01664","72h",5,0.8,1.21198777246155
"RUEDI","CO01664","72h",10,0.9,1.40698467283197
"RUEDI","CO01664","72h",25,0.96,1.68839873368135
"RUEDI","CO01664","72h",50,0.98,1.930133576208
"RUEDI","CO01664","72h",100,0.99,2.20391985577018
"RUEDI","CO01664","72h",200,0.995,2.51585923756485
"RUEDI","CO01664","72h",500,0.998,2.99765474426464
"RUEDI","CO01664","72h",1000,0.999,3.42372987660621
"RUEDI","CO01664","72h",2000,0.9995,3.91173125326988
"RUEDI","CO01664","72h",5000,0.9998,4.66761390827533
"RUEDI","CO01664","72h",10000,0.9999,5.33694991693678
"GRAYSON DAM","KY03030","24h",2,0.5,0.930002005402414
"GRAYSON DAM","KY03030","24h",5,0.8,1.18349884959238
"GRAYSON DAM","KY03030","24h",10,0.9,1.37418936235091
"GRAYSON DAM","KY03030","24h",25,0.96,1.6447254411086
"GRAYSON DAM","KY03030","24h",50,0.98,1.86923115424408
"GRAYSON DAM","KY03030","24h",100,0.99,2.11438317894832
"GRAYSON DAM","KY03030","24h",200,0.995,2.38294674302492
"GRAYSON DAM","KY03030","24h",500,0.998,2.7785000418087
"GRAYSON DAM","KY03030","24h",1000,0.999,3.11200978149617
"GRAYSON DAM","KY03030","24h",2000,0.9995,3.47840524453248
"GRAYSON DAM","KY03030","24h",5000,0.9998,4.01888144252738
"GRAYSON DAM","KY03030","24h",10000,0.9999,4.47490415159108
"GRAYSON DAM","KY03030","72h",2,0.5,0.940930143776281
"GRAYSON DAM","KY03030","72h",5,0.8,1.19311846812145
"GRAYSON DAM","KY03030","72h",10,0.9,1.37216944654623
"GRAYSON DAM","KY03030","72h",25,0.96,1.61316265381675
"GRAYSON DAM","KY03030","72h",50,0.98,1.8032459625236
"GRAYSON DAM","KY03030","72h",100,0.99,2.00201520288328
"GRAYSON DAM","KY03030","72h",200,0.995,2.21058954318793
"GRAYSON DAM","KY03030","72h",500,0.998,2.50279459277248
"GRAYSON DAM","KY03030","72h",1000,0.999,2.73724795048926
"GRAYSON DAM","KY03030","72h",2000,0.9995,2.9840160259572
"GRAYSON DAM","KY03030","72h",5000,0.9998,3.33030031575693
"GRAYSON DAM","KY03030","72h",10000,0.9999,3.60835594683097
"TAYLOR PARK","CO00151","24h",2,0.5,0.947324034889814
"TAYLOR PARK","CO00151","24h",5,0.8,1.22551163480018
"TAYLOR PARK","CO00151","24h",10,0.9,1.42225197822216
"TAYLOR PARK","CO00151","24h",25,0.96,1.70051348803111
"TAYLOR PARK","CO00151","24h",50,0.98,1.93508450048075
"TAYLOR PARK","CO00151","24h",100,0.99,2.19657645010693
"TAYLOR PARK","CO00151","24h",200,0.995,2.48987034210332
"TAYLOR PARK","CO00151","24h",500,0.998,2.93468246013873
"TAYLOR PARK","CO00151","24h",1000,0.999,3.32105742578499
"TAYLOR PARK","CO00151","24h",2000,0.9995,3.75676548878929
"TAYLOR PARK","CO00151","24h",5000,0.9998,4.41950829917513
"TAYLOR PARK","CO00151","24h",10000,0.9999,4.99595713468553
"TAYLOR PARK","CO00151","72h",2,0.5,0.949669279001374
"TAYLOR PARK","CO00151","72h",5,0.8,1.22080866292624
"TAYLOR PARK","CO00151","72h",10,0.9,1.41181528309478
"TAYLOR PARK","CO00151","72h",25,0.96,1.68108767196659
"TAYLOR PARK","CO00151","72h",50,0.98,1.90739063869628
"TAYLOR PARK","CO00151","72h",100,0.99,2.15901916316523
"TAYLOR PARK","CO00151","72h",200,0.995,2.44053465096026
"TAYLOR PARK","CO00151","72h",500,0.998,2.86622662206648
"TAYLOR PARK","CO00151","72h",1000,0.999,3.23492129441438
"TAYLOR PARK","CO00151","72h",2000,0.9995,3.64964783310061
"TAYLOR PARK","CO00151","72h",5000,0.9998,4.27862734763946
"TAYLOR PARK","CO00151","72h",10000,0.9999,4.82412644077376
"WARNER DAM","NY00750","24h",2,0.5,0.948978736007737
"WARNER DAM","NY00750","24h",5,0.8,1.20924776952378
"WARNER DAM","NY00750","24h",10,0.9,1.39461178217784
"WARNER DAM","NY00750","24h",25,0.96,1.65832125173369
"WARNER DAM","NY00750","24h",50,0.98,1.88184253149351
"WARNER DAM","NY00750","24h",100,0.99,2.13216596142527
"WARNER DAM","NY00750","24h",200,0.995,2.4142140610155
"WARNER DAM","NY00750","24h",500,0.998,2.84423906562014
"WARNER DAM","NY00750","24h",1000,0.999,3.21971945635317
"WARNER DAM","NY00750","24h",2000,0.9995,3.64505513832935
"WARNER DAM","NY00750","24h",5000,0.9998,4.29543639388034
"WARNER DAM","NY00750","24h",10000,0.9999,4.86407978933335
"WARNER DAM","NY00750","72h",2,0.5,0.937010233694452
"WARNER DAM","NY00750","72h",5,0.8,1.21360183381717
"WARNER DAM","NY00750","72h",10,0.9,1.41726101602693
"WARNER DAM","NY00750","72h",25,0.96,1.71517440213554
"WARNER DAM","NY00750","72h",50,0.98,1.97432443831961
"WARNER DAM","NY00750","72h",100,0.99,2.27096890642387
"WARNER DAM","NY00750","72h",200,0.995,2.61252138814154
"WARNER DAM","NY00750","72h",500,0.998,3.14653995496565
"WARNER DAM","NY00750","72h",1000,0.999,3.62450182200812
"WARNER DAM","NY00750","72h",2000,0.9995,4.17765691857969
"WARNER DAM","NY00750","72h",5000,0.9998,5.04494458938839
"WARNER DAM","NY00750","72h",10000,0.9999,5.82218448240451
"ALVIN R BUSH DAM","PA00002","24h",2,0.5,0.940981917430987
"ALVIN R BUSH DAM","PA00002","24h",5,0.8,1.20431925837941
"ALVIN R BUSH DAM","PA00002","24h",10,0.9,1.39748428063356
"ALVIN R BUSH DAM","PA00002","24h",25,0.96,1.67915008983891
"ALVIN R BUSH DAM","PA00002","24h",50,0.98,1.92344233225377
"ALVIN R BUSH DAM","PA00002","24h",100,0.99,2.20238167986195
"ALVIN R BUSH DAM","PA00002","24h",200,0.995,2.52275609396032
"ALVIN R BUSH DAM","PA00002","24h",500,0.998,3.02222493525636
"ALVIN R BUSH DAM","PA00002","24h",1000,0.999,3.46800366110792
"ALVIN R BUSH DAM","PA00002","24h",2000,0.9995,3.98265152041404
"ALVIN R BUSH DAM","PA00002","24h",5000,0.9998,4.7872581449539
"ALVIN R BUSH DAM","PA00002","24h",10000,0.9999,5.50629678151978
"ALVIN R BUSH DAM","PA00002","72h",2,0.5,0.941972843757177
"ALVIN R BUSH DAM","PA00002","72h",5,0.8,1.20995387244909
"ALVIN R BUSH DAM","PA00002","72h",10,0.9,1.40496685822794
"ALVIN R BUSH DAM","PA00002","72h",25,0.96,1.6874402904087
"ALVIN R BUSH DAM","PA00002","72h",50,0.98,1.9309177799134
"ALVIN R BUSH DAM","PA00002","72h",100,0.99,2.20747563074634
"ALVIN R BUSH DAM","PA00002","72h",200,0.995,2.5234746173962
"ALVIN R BUSH DAM","PA00002","72h",500,0.998,3.01316481997996
"ALVIN R BUSH DAM","PA00002","72h",1000,0.999,3.44763837315789
"ALVIN R BUSH DAM","PA00002","72h",2000,0.9995,3.94666927759861
"ALVIN R BUSH DAM","PA00002","72h",5000,0.9998,4.72219745334487
"ALVIN R BUSH DAM","PA00002","72h",10000,0.9999,5.41117138314289
"GALESVILLE RES.","OR00748","24h",2,0.5,0.930406842693503
"GALESVILLE RES.","OR00748","24h",5,0.8,1.2458480661549
"GALESVILLE RES.","OR00748","24h",10,0.9,1.46551102008259
"GALESVILLE RES.","OR00748","24h",25,0.96,1.75601478292269
"GALESVILLE RES.","OR00748","24h",50,0.98,1.98128514386039
"GALESVILLE RES.","OR00748","24h",100,0.99,2.21346485381235
"GALESVILLE RES.","OR00748","24h",200,0.995,2.45361647156685
"GALESVILLE RES.","OR00748","24h",500,0.998,2.78448838083368
"GALESVILLE RES.","OR00748","24h",1000,0.999,3.04559605725575
"GALESVILLE RES.","OR00748","24h",2000,0.9995,3.31651051114715
"GALESVILLE RES.","OR00748","24h",5000,0.9998,3.69039696900313
"GALESVILLE RES.","OR00748","24h",10000,0.9999,3.98567942780456
"GALESVILLE RES.","OR00748","72h",2,0.5,0.950816255615625
"GALESVILLE RES.","OR00748","72h",5,0.8,1.22248366129688
"GALESVILLE RES.","OR00748","72h",10,0.9,1.41294399291067
"GALESVILLE RES.","OR00748","72h",25,0.96,1.68037294287941
"GALESVILLE RES.","OR00748","72h",50,0.98,1.90428718427216
"GALESVILLE RES.","OR00748","72h",100,0.99,2.152476175404
"GALESVILLE RES.","OR00748","72h",200,0.995,2.42927928017395
"GALESVILLE RES.","OR00748","72h",500,0.998,2.84633256807712
"GALESVILLE RES.","OR00748","72h",1000,0.999,3.20625905979399
"GALESVILLE RES.","OR00748","72h",2000,0.9995,3.60987457325411
"GALESVILLE RES.","OR00748","72h",5000,0.9998,4.21980025079837
"GALESVILLE RES.","OR00748","72h",10000,0.9999,4.74689501135909
"GALESVILLE","OR83046","24h",2,0.5,0.930406842693503
"GALESVILLE","OR83046","24h",5,0.8,1.2458480661549
"GALESVILLE","OR83046","24h",10,0.9,1.46551102008259
"GALESVILLE","OR83046","24h",25,0.96,1.75601478292269
"GALESVILLE","OR83046","24h",50,0.98,1.98128514386039
"GALESVILLE","OR83046","24h",100,0.99,2.21346485381235
"GALESVILLE","OR83046","24h",200,0.995,2.45361647156685
"GALESVILLE","OR83046","24h",500,0.998,2.78448838083368
"GALESVILLE","OR83046","24h",1000,0.999,3.04559605725575
"GALESVILLE","OR83046","24h",2000,0.9995,3.31651051114715
"GALESVILLE","OR83046","24h",5000,0.9998,3.69039696900313
"GALESVILLE","OR83046","24h",10000,0.9999,3.98567942780456
"GALESVILLE","OR83046","72h",2,0.5,0.950816255615625
"GALESVILLE","OR83046","72h",5,0.8,1.22248366129688
"GALESVILLE","OR83046","72h",10,0.9,1.41294399291067
"GALESVILLE","OR83046","72h",25,0.96,1.68037294287941
"GALESVILLE","OR83046","72h",50,0.98,1.90428718427216
"GALESVILLE","OR83046","72h",100,0.99,2.152476175404
"GALESVILLE","OR83046","72h",200,0.995,2.42927928017395
"GALESVILLE","OR83046","72h",500,0.998,2.84633256807712
"GALESVILLE","OR83046","72h",1000,0.999,3.20625905979399
"GALESVILLE","OR83046","72h",2000,0.9995,3.60987457325411
"GALESVILLE","OR83046","72h",5000,0.9998,4.21980025079837
"GALESVILLE","OR83046","72h",10000,0.9999,4.74689501135909
"CARTER LAKE DAM NO. 1","CO01650","24h",2,0.5,0.913220218339308
"CARTER LAKE DAM NO. 1","CO01650","24h",5,0.8,1.23939696753199
"CARTER LAKE DAM NO. 1","CO01650","24h",10,0.9,1.4893571313319
"CARTER LAKE DAM NO. 1","CO01650","24h",25,0.96,1.86746896359735
"CARTER LAKE DAM NO. 1","CO01650","24h",50,0.98,2.20680197813075
"CARTER LAKE DAM NO. 1","CO01650","24h",100,0.99,2.60559720366321
"CARTER LAKE DAM NO. 1","CO01650","24h",200,0.995,3.07688537662391
"CARTER LAKE DAM NO. 1","CO01650","24h",500,0.998,3.8364383375467
"CARTER LAKE DAM NO. 1","CO01650","24h",1000,0.999,4.53678307520988
"CARTER LAKE DAM NO. 1","CO01650","24h",2000,0.9995,5.36849399438949
"CARTER LAKE DAM NO. 1","CO01650","24h",5000,0.9998,6.71250601098884
"CARTER LAKE DAM NO. 1","CO01650","24h",10000,0.9999,7.95325509547166
"CARTER LAKE DAM NO. 1","CO01650","72h",2,0.5,0.909924608385567
"CARTER LAKE DAM NO. 1","CO01650","72h",5,0.8,1.29190400826064
"CARTER LAKE DAM NO. 1","CO01650","72h",10,0.9,1.55871851468042
"CARTER LAKE DAM NO. 1","CO01650","72h",25,0.96,1.90941022778193
"CARTER LAKE DAM NO. 1","CO01650","72h",50,0.98,2.17962964840332
"CARTER LAKE DAM NO. 1","CO01650","72h",100,0.99,2.45701102984437
"CARTER LAKE DAM NO. 1","CO01650","72h",200,0.995,2.74318847519857
"CARTER LAKE DAM NO. 1","CO01650","72h",500,0.998,3.13696526185957
"CARTER LAKE DAM NO. 1","CO01650","72h",1000,0.999,3.44770199101434
"CARTER LAKE DAM NO. 1","CO01650","72h",2000,0.9995,3.77033285039785
"CARTER LAKE DAM NO. 1","CO01650","72h",5000,0.9998,4.21616886728929
"CARTER LAKE DAM NO. 1","CO01650","72h",10000,0.9999,4.56880889110725
"TRUSCOTT BRINE LAKE","TX05996","24h",2,0.5,0.909248087967981
"TRUSCOTT BRINE LAKE","TX05996","24h",5,0.8,1.27030696017895
"TRUSCOTT BRINE LAKE","TX05996","24h",10,0.9,1.53287596315405
"TRUSCOTT BRINE LAKE","TX05996","24h",25,0.96,1.89407018152342
"TRUSCOTT BRINE LAKE","TX05996","24h",50,0.98,2.1850266892633
"TRUSCOTT BRINE LAKE","TX05996","24h",100,0.99,2.49478570849755
"TRUSCOTT BRINE LAKE","TX05996","24h",200,0.995,2.82567569083052
"TRUSCOTT BRINE LAKE","TX05996","24h",500,0.998,3.29894490324542
"TRUSCOTT BRINE LAKE","TX05996","24h",1000,0.999,3.68656430417092
"TRUSCOTT BRINE LAKE","TX05996","24h",2000,0.9995,4.10185125263267
"TRUSCOTT BRINE LAKE","TX05996","24h",5000,0.9998,4.69678667084953
"TRUSCOTT BRINE LAKE","TX05996","24h",10000,0.9999,5.18441323843082
"TRUSCOTT BRINE LAKE","TX05996","72h",2,0.5,0.920720683298214
"TRUSCOTT BRINE LAKE","TX05996","72h",5,0.8,1.27782287203987
"TRUSCOTT BRINE LAKE","TX05996","72h",10,0.9,1.5269911683844
"TRUSCOTT BRINE LAKE","TX05996","72h",25,0.96,1.85710900984091
"TRUSCOTT BRINE LAKE","TX05996","72h",50,0.98,2.11354434706092
"TRUSCOTT BRINE LAKE","TX05996","72h",100,0.99,2.37823680372704
"TRUSCOTT BRINE LAKE","TX05996","72h",200,0.995,2.65242121673818
"TRUSCOTT BRINE LAKE","TX05996","72h",500,0.998,3.03082844248598
"TRUSCOTT BRINE LAKE","TX05996","72h",1000,0.999,3.32995674165683
"TRUSCOTT BRINE LAKE","TX05996","72h",2000,0.9995,3.64077524245189
"TRUSCOTT BRINE LAKE","TX05996","72h",5000,0.9998,4.07046503686436
"TRUSCOTT BRINE LAKE","TX05996","72h",10000,0.9999,4.41039580021051
"HARRIMAN","VT00025","24h",2,0.5,0.922369124420544
"HARRIMAN","VT00025","24h",5,0.8,1.27309075770277
"HARRIMAN","VT00025","24h",10,0.9,1.50568805272362
"HARRIMAN","VT00025","24h",25,0.96,1.79344514942381
"HARRIMAN","VT00025","24h",50,0.98,2.00189386001283
"HARRIMAN","VT00025","24h",100,0.99,2.20489464412473
"HARRIMAN","VT00025","24h",200,0.995,2.40376930811693
"HARRIMAN","VT00025","24h",500,0.998,2.66179183925182
"HARRIMAN","VT00025","24h",1000,0.999,2.85404737614548
"HARRIMAN","VT00025","24h",2000,0.9995,3.04424642752124
"HARRIMAN","VT00025","24h",5000,0.9998,3.29304373347945
"HARRIMAN","VT00025","24h",10000,0.9999,3.47956509825547
"HARRIMAN","VT00025","72h",2,0.5,0.91012407137828
"HARRIMAN","VT00025","72h",5,0.8,1.25847487967857
"HARRIMAN","VT00025","72h",10,0.9,1.5141414611056
"HARRIMAN","VT00025","72h",25,0.96,1.86879738458174
"HARRIMAN","VT00025","72h",50,0.98,2.15680404538584
"HARRIMAN","VT00025","72h",100,0.99,2.46554058919447
"HARRIMAN","VT00025","72h",200,0.995,2.79760393744908
"HARRIMAN","VT00025","72h",500,0.998,3.2763450495148
"HARRIMAN","VT00025","72h",1000,0.999,3.67154966558289
"HARRIMAN","VT00025","72h",2000,0.9995,4.09785776546922
"HARRIMAN","VT00025","72h",5000,0.9998,4.71344921189311
"HARRIMAN","VT00025","72h",10000,0.9999,5.22199535182325
"BOR PINEVIEW","UT10132","24h",2,0.5,0.944576799205618
"BOR PINEVIEW","UT10132","24h",5,0.8,1.22177913401561
"BOR PINEVIEW","UT10132","24h",10,0.9,1.40912570398844
"BOR PINEVIEW","UT10132","24h",25,0.96,1.65027481439105
"BOR PINEVIEW","UT10132","24h",50,0.98,1.83242941657118
"BOR PINEVIEW","UT10132","24h",100,0.99,2.01602952630326
"BOR PINEVIEW","UT10132","24h",200,0.995,2.20176724755548
"BOR PINEVIEW","UT10132","24h",500,0.998,2.45117327067119
"BOR PINEVIEW","UT10132","24h",1000,0.999,2.64301556500093
"BOR PINEVIEW","UT10132","24h",2000,0.9995,2.83771732499059
"BOR PINEVIEW","UT10132","24h",5000,0.9998,3.09961694681237
"BOR PINEVIEW","UT10132","24h",10000,0.9999,3.30123195559237
"BOR PINEVIEW","UT10132","72h",2,0.5,0.955496263718038
"BOR PINEVIEW","UT10132","72h",5,0.8,1.20882109443505
"BOR PINEVIEW","UT10132","72h",10,0.9,1.3854253679271
"BOR PINEVIEW","UT10132","72h",25,0.96,1.63224027197762
"BOR PINEVIEW","UT10132","72h",50,0.98,1.8379922599205
"BOR PINEVIEW","UT10132","72h",100,0.99,2.06521107077697
"BOR PINEVIEW","UT10132","72h",200,0.995,2.31770418542948
"BOR PINEVIEW","UT10132","72h",500,0.998,2.69652311911429
"BOR PINEVIEW","UT10132","72h",1000,0.999,3.02209151104241
"BOR PINEVIEW","UT10132","72h",2000,0.9995,3.38586274326264
"BOR PINEVIEW","UT10132","72h",5000,0.9998,3.93326566449307
"BOR PINEVIEW","UT10132","72h",10000,0.9999,4.40436354688439
"TOM MILLER DAM","TX01086","24h",2,0.5,0.913492398397949
"TOM MILLER DAM","TX01086","24h",5,0.8,1.2887378836303
"TOM MILLER DAM","TX01086","24h",10,0.9,1.5537679281783
"TOM MILLER DAM","TX01086","24h",25,0.96,1.90879405427155
"TOM MILLER DAM","TX01086","24h",50,0.98,2.18753724156923
"TOM MILLER DAM","TX01086","24h",100,0.99,2.47788022851609
"TOM MILLER DAM","TX01086","24h",200,0.995,2.78136314611071
"TOM MILLER DAM","TX01086","24h",500,0.998,3.20461709321917
"TOM MILLER DAM","TX01086","24h",1000,0.999,3.54269946169206
"TOM MILLER DAM","TX01086","24h",2000,0.9995,3.89716537318779
"TOM MILLER DAM","TX01086","24h",5000,0.9998,4.39234480312827
"TOM MILLER DAM","TX01086","24h",10000,0.9999,4.78818183957735
"TOM MILLER DAM","TX01086","72h",2,0.5,0.886722254437066
"TOM MILLER DAM","TX01086","72h",5,0.8,1.30490879250448
"TOM MILLER DAM","TX01086","72h",10,0.9,1.61726761198953
"TOM MILLER DAM","TX01086","72h",25,0.96,2.05756233802463
"TOM MILLER DAM","TX01086","72h",50,0.98,2.42067675385037
"TOM MILLER DAM","TX01086","72h",100,0.99,2.81508516197174
"TOM MILLER DAM","TX01086","72h",200,0.995,3.24488372422595
"TOM MILLER DAM","TX01086","72h",500,0.998,3.87403592001158
"TOM MILLER DAM","TX01086","72h",1000,0.999,4.40129185821058
"TOM MILLER DAM","TX01086","72h",2000,0.9995,4.97750259752724
"TOM MILLER DAM","TX01086","72h",5000,0.9998,5.82228839508443
"TOM MILLER DAM","TX01086","72h",10000,0.9999,6.53075870599194
"ANTERO","CO00351","24h",2,0.5,0.926252277131877
"ANTERO","CO00351","24h",5,0.8,1.26122092359624
"ANTERO","CO00351","24h",10,0.9,1.49432886168214
"ANTERO","CO00351","24h",25,0.96,1.80242998304638
"ANTERO","CO00351","24h",50,0.98,2.04120835974763
"ANTERO","CO00351","24h",100,0.99,2.28718966291302
"ANTERO","CO00351","24h",200,0.995,2.54149262304606
"ANTERO","CO00351","24h",500,0.998,2.89166346828771
"ANTERO","CO00351","24h",1000,0.999,3.16784535618357
"ANTERO","CO00351","24h",2000,0.9995,3.45426106214013
"ANTERO","CO00351","24h",5000,0.9998,3.84931748412022
"ANTERO","CO00351","24h",10000,0.9999,4.16114381039345
"ANTERO","CO00351","72h",2,0.5,0.919896285764593
"ANTERO","CO00351","72h",5,0.8,1.26003381709023
"ANTERO","CO00351","72h",10,0.9,1.50196313182586
"ANTERO","CO00351","72h",25,0.96,1.82812039615899
"ANTERO","CO00351","72h",50,0.98,2.08578407352397
"ANTERO","CO00351","72h",100,0.99,2.35558482127386
"ANTERO","CO00351","72h",200,0.995,2.63907393908696
"ANTERO","CO00351","72h",500,0.998,3.03684967217722
"ANTERO","CO00351","72h",1000,0.999,3.35650170538096
"ANTERO","CO00351","72h",2000,0.9995,3.69339215461349
"ANTERO","CO00351","72h",5000,0.9998,4.16687697606299
"ANTERO","CO00351","72h",10000,0.9999,4.54765744986394
"MASON DAM","OR00577","24h",2,0.5,0.940140821429873
"MASON DAM","OR00577","24h",5,0.8,1.20455238540459
"MASON DAM","OR00577","24h",10,0.9,1.39896790350235
"MASON DAM","OR00577","24h",25,0.96,1.68302290912754
"MASON DAM","OR00577","24h",50,0.98,1.92984528227646
"MASON DAM","OR00577","24h",100,0.99,2.21211556372935
"MASON DAM","OR00577","24h",200,0.995,2.53681861590994
"MASON DAM","OR00577","24h",500,0.998,3.04394942028622
"MASON DAM","OR00577","24h",1000,0.999,3.49736868914514
"MASON DAM","OR00577","24h",2000,0.9995,4.02164170735931
"MASON DAM","OR00577","24h",5000,0.9998,4.84276907277338
"MASON DAM","OR00577","24h",10000,0.9999,5.57786923595628
"MASON DAM","OR00577","72h",2,0.5,0.943051892546861
"MASON DAM","OR00577","72h",5,0.8,1.21460712829827
"MASON DAM","OR00577","72h",10,0.9,1.40076121949963
"MASON DAM","OR00577","72h",25,0.96,1.64347116413959
"MASON DAM","OR00577","72h",50,0.98,1.8291023941832
"MASON DAM","OR00577","72h",100,0.99,2.01819719698282
"MASON DAM","OR00577","72h",200,0.995,2.21151738412728
"MASON DAM","OR00577","72h",500,0.998,2.47429011854891
"MASON DAM","OR00577","72h",1000,0.999,2.67888549772733
"MASON DAM","OR00577","72h",2000,0.9995,2.88871639491707
"MASON DAM","OR00577","72h",5000,0.9998,3.17442205331296
"MASON DAM","OR00577","72h",10000,0.9999,3.3970496710173
"POINT OF ROCKS","CO00384","24h",2,0.5,0.921731342900838
"POINT OF ROCKS","CO00384","24h",5,0.8,1.25903786666381
"POINT OF ROCKS","CO00384","24h",10,0.9,1.49778094880594
"POINT OF ROCKS","CO00384","24h",25,0.96,1.81821376896233
"POINT OF ROCKS","CO00384","24h",50,0.98,2.07026826319802
"POINT OF ROCKS","CO00384","24h",100,0.99,2.33323077647337
"POINT OF ROCKS","CO00384","24h",200,0.995,2.60853017791763
"POINT OF ROCKS","CO00384","24h",500,0.998,2.9931849279326
"POINT OF ROCKS","CO00384","24h",1000,0.999,3.30099762896707
"POINT OF ROCKS","CO00384","24h",2000,0.9995,3.62423655124784
"POINT OF ROCKS","CO00384","24h",5000,0.9998,4.07662244221137
"POINT OF ROCKS","CO00384","24h",10000,0.9999,4.4389120965671
"POINT OF ROCKS","CO00384","72h",2,0.5,0.940293562594848
"POINT OF ROCKS","CO00384","72h",5,0.8,1.25887049032912
"POINT OF ROCKS","CO00384","72h",10,0.9,1.47026753783296
"POINT OF ROCKS","CO00384","72h",25,0.96,1.73790651365818
"POINT OF ROCKS","CO00384","72h",50,0.98,1.93684538001425
"POINT OF ROCKS","CO00384","72h",100,0.99,2.1346435986069
"POINT OF ROCKS","CO00384","72h",200,0.995,2.33204590531658
"POINT OF ROCKS","CO00384","72h",500,0.998,2.5929792513315
"POINT OF ROCKS","CO00384","72h",1000,0.999,2.79056345151379
"POINT OF ROCKS","CO00384","72h",2000,0.9995,2.98840124713772
"POINT OF ROCKS","CO00384","72h",5000,0.9998,3.25037640096182
"POINT OF ROCKS","CO00384","72h",10000,0.9999,3.44891315638828
"POTOMAC RIVER DAM #4","MD00078","24h",2,0.5,0.923558605273316
"POTOMAC RIVER DAM #4","MD00078","24h",5,0.8,1.21919869291325
"POTOMAC RIVER DAM #4","MD00078","24h",10,0.9,1.43634569093898
"POTOMAC RIVER DAM #4","MD00078","24h",25,0.96,1.73777875768404
"POTOMAC RIVER DAM #4","MD00078","24h",50,0.98,1.98272975595519
"POTOMAC RIVER DAM #4","MD00078","24h",100,0.99,2.24546266885401
"POTOMAC RIVER DAM #4","MD00078","24h",200,0.995,2.52820821914432
"POTOMAC RIVER DAM #4","MD00078","24h",500,0.998,2.93611814261583
"POTOMAC RIVER DAM #4","MD00078","24h",1000,0.999,3.27307286872326
"POTOMAC RIVER DAM #4","MD00078","24h",2000,0.9995,3.63675361957106
"POTOMAC RIVER DAM #4","MD00078","24h",5000,0.9998,4.16225925135859
"POTOMAC RIVER DAM #4","MD00078","24h",10000,0.9999,4.59667027918944
"POTOMAC RIVER DAM #4","MD00078","72h",2,0.5,0.935989666629158
"POTOMAC RIVER DAM #4","MD00078","72h",5,0.8,1.21379663891832
"POTOMAC RIVER DAM #4","MD00078","72h",10,0.9,1.40644616035
"POTOMAC RIVER DAM #4","MD00078","72h",25,0.96,1.65831740810941
"POTOMAC RIVER DAM #4","MD00078","72h",50,0.98,1.85153210515793
"POTOMAC RIVER DAM #4","MD00078","72h",100,0.99,2.04920520923943
"POTOMAC RIVER DAM #4","MD00078","72h",200,0.995,2.25252838883654
"POTOMAC RIVER DAM #4","MD00078","72h",500,0.998,2.53139703739114
"POTOMAC RIVER DAM #4","MD00078","72h",1000,0.999,2.75080348426858
"POTOMAC RIVER DAM #4","MD00078","72h",2000,0.9995,2.97806199859263
"POTOMAC RIVER DAM #4","MD00078","72h",5000,0.9998,3.29128009629644
"POTOMAC RIVER DAM #4","MD00078","72h",10000,0.9999,3.53840972681907
"LAKE SHERBURNE","MT00572","24h",2,0.5,0.93438713304577
"LAKE SHERBURNE","MT00572","24h",5,0.8,1.23929666432332
"LAKE SHERBURNE","MT00572","24h",10,0.9,1.46086934263751
"LAKE SHERBURNE","MT00572","24h",25,0.96,1.78143477873683
"LAKE SHERBURNE","MT00572","24h",50,0.98,2.05744120514074
"LAKE SHERBURNE","MT00572","24h",100,0.99,2.37065624679437
"LAKE SHERBURNE","MT00572","24h",200,0.995,2.72821129697079
"LAKE SHERBURNE","MT00572","24h",500,0.998,3.28170695679088
"LAKE SHERBURNE","MT00572","24h",1000,0.999,3.77227553049788
"LAKE SHERBURNE","MT00572","24h",2000,0.9995,4.33522351376701
"LAKE SHERBURNE","MT00572","24h",5000,0.9998,5.20915228614435
"LAKE SHERBURNE","MT00572","24h",10000,0.9999,5.98473087850781
"LAKE SHERBURNE","MT00572","72h",2,0.5,0.930543727751212
"LAKE SHERBURNE","MT00572","72h",5,0.8,1.25795702369886
"LAKE SHERBURNE","MT00572","72h",10,0.9,1.48319068113599
"LAKE SHERBURNE","MT00572","72h",25,0.96,1.77778630231946
"LAKE SHERBURNE","MT00572","72h",50,0.98,2.0037953324911
"LAKE SHERBURNE","MT00572","72h",100,0.99,2.23462410060132
"LAKE SHERBURNE","MT00572","72h",200,0.995,2.47122527026714
"LAKE SHERBURNE","MT00572","72h",500,0.998,2.79379910063418
"LAKE SHERBURNE","MT00572","72h",1000,0.999,3.04571083462228
"LAKE SHERBURNE","MT00572","72h",2000,0.9995,3.30473831282291
"LAKE SHERBURNE","MT00572","72h",5000,0.9998,3.65849239690384
"LAKE SHERBURNE","MT00572","72h",10000,0.9999,3.93497254455631
"DEL VALLE","CA00043","24h",2,0.5,0.928965832073744
"DEL VALLE","CA00043","24h",5,0.8,1.25106744688236
"DEL VALLE","CA00043","24h",10,0.9,1.47534012248191
"DEL VALLE","CA00043","24h",25,0.96,1.77190624571836
"DEL VALLE","CA00043","24h",50,0.98,2.00185212683959
"DEL VALLE","CA00043","24h",100,0.99,2.23882839324207
"DEL VALLE","CA00043","24h",200,0.995,2.48391825065565
"DEL VALLE","CA00043","24h",500,0.998,2.82155712008929
"DEL VALLE","CA00043","24h",1000,0.999,3.08797608962706
"DEL VALLE","CA00043","24h",2000,0.9995,3.36437550071324
"DEL VALLE","CA00043","24h",5000,0.9998,3.74579026076928
"DEL VALLE","CA00043","24h",10000,0.9999,4.04698572348507
"DEL VALLE","CA00043","72h",2,0.5,0.912815250872952
"DEL VALLE","CA00043","72h",5,0.8,1.28203977985185
"DEL VALLE","CA00043","72h",10,0.9,1.54488972609195
"DEL VALLE","CA00043","72h",25,0.96,1.89953545617332
"DEL VALLE","CA00043","72h",50,0.98,2.179922285633
"DEL VALLE","CA00043","72h",100,0.99,2.4737103875833
"DEL VALLE","CA00043","72h",200,0.995,2.78260655418595
"DEL VALLE","CA00043","72h",500,0.998,3.21636239897466
"DEL VALLE","CA00043","72h",1000,0.999,3.56519186331947
"DEL VALLE","CA00043","72h",2000,0.9995,3.93307346830724
"DEL VALLE","CA00043","72h",5000,0.9998,4.45050825790683
"DEL VALLE","CA00043","72h",10000,0.9999,4.86694832150326
"BURTON","GA00847","24h",2,0.5,0.931912907488631
"BURTON","GA00847","24h",5,0.8,1.2332385683241
"BURTON","GA00847","24h",10,0.9,1.44467882834268
"BURTON","GA00847","24h",25,0.96,1.72624907256801
"BURTON","GA00847","24h",50,0.98,1.94605915065439
"BURTON","GA00847","24h",100,0.99,2.17390539345921
"BURTON","GA00847","24h",200,0.995,2.4109137085894
"BURTON","GA00847","24h",500,0.998,2.73960802266057
"BURTON","GA00847","24h",1000,0.999,3.00069810741612
"BURTON","GA00847","24h",2000,0.9995,3.27312587743712
"BURTON","GA00847","24h",5000,0.9998,3.65157437321634
"BURTON","GA00847","24h",10000,0.9999,3.95241742614849
"BURTON","GA00847","72h",2,0.5,0.934325600042627
"BURTON","GA00847","72h",5,0.8,1.22659005700493
"BURTON","GA00847","72h",10,0.9,1.4313067569177
"BURTON","GA00847","72h",25,0.96,1.70348290573574
"BURTON","GA00847","72h",50,0.98,1.9156270884348
"BURTON","GA00847","72h",100,0.99,2.13523455077596
"BURTON","GA00847","72h",200,0.995,2.36337047534672
"BURTON","GA00847","72h",500,0.998,2.67927441470083
"BURTON","GA00847","72h",1000,0.999,2.92982177218851
"BURTON","GA00847","72h",2000,0.9995,3.19090471605114
"BURTON","GA00847","72h",5000,0.9998,3.55303775889149
"BURTON","GA00847","72h",10000,0.9999,3.84047212504142
"BYNUM RESERVOIR DAM","MT01356","24h",2,0.5,0.91491651951929
"BYNUM RESERVOIR DAM","MT01356","24h",5,0.8,1.27891102222912
"BYNUM RESERVOIR DAM","MT01356","24h",10,0.9,1.53246019145624
"BYNUM RESERVOIR DAM","MT01356","24h",25,0.96,1.86504065557032
"BYNUM RESERVOIR DAM","MT01356","24h",50,0.98,2.12086984470262
"BYNUM RESERVOIR DAM","MT01356","24h",100,0.99,2.38314379172256
"BYNUM RESERVOIR DAM","MT01356","24h",200,0.995,2.65342073422941
"BYNUM RESERVOIR DAM","MT01356","24h",500,0.998,3.02485985920153
"BYNUM RESERVOIR DAM","MT01356","24h",1000,0.999,3.31763610465828
"BYNUM RESERVOIR DAM","MT01356","24h",2000,0.9995,3.62134011407901
"BYNUM RESERVOIR DAM","MT01356","24h",5000,0.9998,4.04059958530588
"BYNUM RESERVOIR DAM","MT01356","24h",10000,0.9999,4.3719038137345
"BYNUM RESERVOIR DAM","MT01356","72h",2,0.5,0.914920589785387
"BYNUM RESERVOIR DAM","MT01356","72h",5,0.8,1.28214867748899
"BYNUM RESERVOIR DAM","MT01356","72h",10,0.9,1.54193738186554
"BYNUM RESERVOIR DAM","MT01356","72h",25,0.96,1.89045537360043
"BYNUM RESERVOIR DAM","MT01356","72h",50,0.98,2.16447898738815
"BYNUM RESERVOIR DAM","MT01356","72h",100,0.99,2.45025232873283
"BYNUM RESERVOIR DAM","MT01356","72h",200,0.995,2.74931924650438
"BYNUM RESERVOIR DAM","MT01356","72h",500,0.998,3.16699857594314
"BYNUM RESERVOIR DAM","MT01356","72h",1000,0.999,3.50109239092444
"BYNUM RESERVOIR DAM","MT01356","72h",2000,0.9995,3.85179709363195
"BYNUM RESERVOIR DAM","MT01356","72h",5000,0.9998,4.34240686479345
"BYNUM RESERVOIR DAM","MT01356","72h",10000,0.9999,4.73513616319741
"LONG LAKE NWR 7","ND00990","24h",2,0.5,0.929524925027075
"LONG LAKE NWR 7","ND00990","24h",5,0.8,1.26784390726531
"LONG LAKE NWR 7","ND00990","24h",10,0.9,1.49929520944166
"LONG LAKE NWR 7","ND00990","24h",25,0.96,1.80051073983485
"LONG LAKE NWR 7","ND00990","24h",50,0.98,2.0304788922056
"LONG LAKE NWR 7","ND00990","24h",100,0.99,2.2643837166801
"LONG LAKE NWR 7","ND00990","24h",200,0.995,2.50315568861306
"LONG LAKE NWR 7","ND00990","24h",500,0.998,2.82714377036045
"LONG LAKE NWR 7","ND00990","24h",1000,0.999,3.07896370777781
"LONG LAKE NWR 7","ND00990","24h",2000,0.9995,3.33684122056322
"LONG LAKE NWR 7","ND00990","24h",5000,0.9998,3.68735667173998
"LONG LAKE NWR 7","ND00990","24h",10000,0.9999,3.9600118573888
"LONG LAKE NWR 7","ND00990","72h",2,0.5,0.940201028056939
"LONG LAKE NWR 7","ND00990","72h",5,0.8,1.26601718710426
"LONG LAKE NWR 7","ND00990","72h",10,0.9,1.4809862776424
"LONG LAKE NWR 7","ND00990","72h",25,0.96,1.75174933526677
"LONG LAKE NWR 7","ND00990","72h",50,0.98,1.95200483910148
"LONG LAKE NWR 7","ND00990","72h",100,0.99,2.15026763570969
"LONG LAKE NWR 7","ND00990","72h",200,0.995,2.34729897122077
"LONG LAKE NWR 7","ND00990","72h",500,0.998,2.60647076839367
"LONG LAKE NWR 7","ND00990","72h",1000,0.999,2.80176436271898
"LONG LAKE NWR 7","ND00990","72h",2000,0.9995,2.99648781880953
"LONG LAKE NWR 7","ND00990","72h",5000,0.9998,3.2530832714182
"LONG LAKE NWR 7","ND00990","72h",10000,0.9999,3.44659610732842
"MUD MOUNTAIN DAM","WA00300","24h",2,0.5,0.934267764126656
"MUD MOUNTAIN DAM","WA00300","24h",5,0.8,1.24526452287776
"MUD MOUNTAIN DAM","WA00300","24h",10,0.9,1.45896511374732
"MUD MOUNTAIN DAM","WA00300","24h",25,0.96,1.73819236361331
"MUD MOUNTAIN DAM","WA00300","24h",50,0.98,1.95220028718117
"MUD MOUNTAIN DAM","WA00300","24h",100,0.99,2.1705892350189
"MUD MOUNTAIN DAM","WA00300","24h",200,0.995,2.39425332918638
"MUD MOUNTAIN DAM","WA00300","24h",500,0.998,2.69889522103618
"MUD MOUNTAIN DAM","WA00300","24h",1000,0.999,2.93657474444123
"MUD MOUNTAIN DAM","WA00300","24h",2000,0.9995,3.18076573337149
"MUD MOUNTAIN DAM","WA00300","24h",5000,0.9998,3.51393682009407
"MUD MOUNTAIN DAM","WA00300","24h",10000,0.9999,3.77408041563706
"MUD MOUNTAIN DAM","WA00300","72h",2,0.5,0.948049809459084
"MUD MOUNTAIN DAM","WA00300","72h",5,0.8,1.21817931273317
"MUD MOUNTAIN DAM","WA00300","72h",10,0.9,1.40981608088035
"MUD MOUNTAIN DAM","WA00300","72h",25,0.96,1.68156310423617
"MUD MOUNTAIN DAM","WA00300","72h",50,0.98,1.91119786199666
"MUD MOUNTAIN DAM","WA00300","72h",100,0.99,2.16770984200508
"MUD MOUNTAIN DAM","WA00300","72h",200,0.995,2.45599931982041
"MUD MOUNTAIN DAM","WA00300","72h",500,0.998,2.8942479853429
"MUD MOUNTAIN DAM","WA00300","72h",1000,0.999,3.27580151416242
"MUD MOUNTAIN DAM","WA00300","72h",2000,0.9995,3.70693334840057
"MUD MOUNTAIN DAM","WA00300","72h",5000,0.9998,4.36424787547467
"MUD MOUNTAIN DAM","WA00300","72h",10000,0.9999,4.93729360930489
"BUCKS LAKE","CA00332","24h",2,0.5,0.935856329334767
"BUCKS LAKE","CA00332","24h",5,0.8,1.25036088879376
"BUCKS LAKE","CA00332","24h",10,0.9,1.4641638170501
"BUCKS LAKE","CA00332","24h",25,0.96,1.74082445312037
"BUCKS LAKE","CA00332","24h",50,0.98,1.95087705074334
"BUCKS LAKE","CA00332","24h",100,0.99,2.16352049963446
"BUCKS LAKE","CA00332","24h",200,0.995,2.37957331116244
"BUCKS LAKE","CA00332","24h",500,0.998,2.67114530224354
"BUCKS LAKE","CA00332","24h",1000,0.999,2.89654613824698
"BUCKS LAKE","CA00332","24h",2000,0.9995,3.1262945843043
"BUCKS LAKE","CA00332","24h",5000,0.9998,3.43688764751486
"BUCKS LAKE","CA00332","24h",10000,0.9999,3.67718534660134
"BUCKS LAKE","CA00332","72h",2,0.5,0.914351971873513
"BUCKS LAKE","CA00332","72h",5,0.8,1.28347151721005
"BUCKS LAKE","CA00332","72h",10,0.9,1.54472908759242
"BUCKS LAKE","CA00332","72h",25,0.96,1.8953769968784
"BUCKS LAKE","CA00332","72h",50,0.98,2.17119652226159
"BUCKS LAKE","CA00332","72h",100,0.99,2.45895044576602
"BUCKS LAKE","CA00332","72h",200,0.995,2.76020217408377
"BUCKS LAKE","CA00332","72h",500,0.998,3.18111459796552
"BUCKS LAKE","CA00332","72h",1000,0.999,3.51793901705854
"BUCKS LAKE","CA00332","72h",2000,0.9995,3.871641058971
"BUCKS LAKE","CA00332","72h",5000,0.9998,4.36665717879062
"BUCKS LAKE","CA00332","72h",10000,0.9999,4.76308362112461
"LONG LAKE","WA00021","24h",2,0.5,0.942053934591796
"LONG LAKE","WA00021","24h",5,0.8,1.20788546750964
"LONG LAKE","WA00021","24h",10,0.9,1.39230164227209
"LONG LAKE","WA00021","24h",25,0.96,1.6353554924226
"LONG LAKE","WA00021","24h",50,0.98,1.82320504071535
"LONG LAKE","WA00021","24h",100,0.99,2.016269274728
"LONG LAKE","WA00021","24h",200,0.995,2.21540138585572
"LONG LAKE","WA00021","24h",500,0.998,2.48886445804741
"LONG LAKE","WA00021","24h",1000,0.999,2.70396853322903
"LONG LAKE","WA00021","24h",2000,0.9995,2.92652763258176
"LONG LAKE","WA00021","24h",5000,0.9998,3.23268103611294
"LONG LAKE","WA00021","24h",10000,0.9999,3.47368754980639
"LONG LAKE","WA00021","72h",2,0.5,0.955487523199957
"LONG LAKE","WA00021","72h",5,0.8,1.21082982077542
"LONG LAKE","WA00021","72h",10,0.9,1.3770231808571
"LONG LAKE","WA00021","72h",25,0.96,1.58379989778161
"LONG LAKE","WA00021","72h",50,0.98,1.73491731388927
"LONG LAKE","WA00021","72h",100,0.99,1.88302422594384
"LONG LAKE","WA00021","72h",200,0.995,2.02873703910109
"LONG LAKE","WA00021","72h",500,0.998,2.21818585786751
"LONG LAKE","WA00021","72h",1000,0.999,2.3592888078761
"LONG LAKE","WA00021","72h",2000,0.9995,2.49857758984623
"LONG LAKE","WA00021","72h",5000,0.9998,2.68000374786963
"LONG LAKE","WA00021","72h",10000,0.9999,2.81524535744501
"GRAHAM DAM","TX03945","24h",2,0.5,0.91756108714427
"GRAHAM DAM","TX03945","24h",5,0.8,1.29625030174324
"GRAHAM DAM","TX03945","24h",10,0.9,1.5463875319645
"GRAHAM DAM","TX03945","24h",25,0.96,1.85516825798506
"GRAHAM DAM","TX03945","24h",50,0.98,2.07850854392164
"GRAHAM DAM","TX03945","24h",100,0.99,2.29580250424693
"GRAHAM DAM","TX03945","24h",200,0.995,2.50851609015413
"GRAHAM DAM","TX03945","24h",500,0.998,2.784294402652
"GRAHAM DAM","TX03945","24h",1000,0.999,2.9896571072745
"GRAHAM DAM","TX03945","24h",2000,0.9995,3.19273491302649
"GRAHAM DAM","TX03945","24h",5000,0.9998,3.45826380513761
"GRAHAM DAM","TX03945","24h",10000,0.9999,3.65725372889336
"GRAHAM DAM","TX03945","72h",2,0.5,0.942374168246746
"GRAHAM DAM","TX03945","72h",5,0.8,1.25280154115188
"GRAHAM DAM","TX03945","72h",10,0.9,1.47148657861174
"GRAHAM DAM","TX03945","72h",25,0.96,1.77978065187885
"GRAHAM DAM","TX03945","72h",50,0.98,2.03887988337084
"GRAHAM DAM","TX03945","72h",100,0.99,2.32697631243405
"GRAHAM DAM","TX03945","72h",200,0.995,2.64929271044265
"GRAHAM DAM","TX03945","72h",500,0.998,3.13668427776898
"GRAHAM DAM","TX03945","72h",1000,0.999,3.55881972383727
"GRAHAM DAM","TX03945","72h",2000,0.9995,4.03366144367333
"GRAHAM DAM","TX03945","72h",5000,0.9998,4.75381643652807
"GRAHAM DAM","TX03945","72h",10000,0.9999,5.37839332467351
"CABINET GORGE","ID00222","24h",2,0.5,0.95174178018234
"CABINET GORGE","ID00222","24h",5,0.8,1.19970201588744
"CABINET GORGE","ID00222","24h",10,0.9,1.37603785850583
"CABINET GORGE","ID00222","24h",25,0.96,1.62659310549973
"CABINET GORGE","ID00222","24h",50,0.98,1.83871965128557
"CABINET GORGE","ID00222","24h",100,0.99,2.07605089474831
"CABINET GORGE","ID00222","24h",200,0.995,2.34320290204552
"CABINET GORGE","ID00222","24h",500,0.998,2.75006112921744
"CABINET GORGE","ID00222","24h",1000,0.999,3.1049222650684
"CABINET GORGE","ID00222","24h",2000,0.9995,3.50651779655005
"CABINET GORGE","ID00222","24h",5000,0.9998,4.11991437663282
"CABINET GORGE","ID00222","24h",10000,0.9999,4.65563228195232
"CABINET GORGE","ID00222","72h",2,0.5,0.949275884447221
"CABINET GORGE","ID00222","72h",5,0.8,1.22476079316179
"CABINET GORGE","ID00222","72h",10,0.9,1.40668032760418
"CABINET GORGE","ID00222","72h",25,0.96,1.6359959055951
"CABINET GORGE","ID00222","72h",50,0.98,1.80572648168128
"CABINET GORGE","ID00222","72h",100,0.99,1.97387696664089
"CABINET GORGE","ID00222","72h",200,0.995,2.14109068930309
"CABINET GORGE","ID00222","72h",500,0.998,2.36120490894676
"CABINET GORGE","ID00222","72h",1000,0.999,2.52719102989744
"CABINET GORGE","ID00222","72h",2000,0.9995,2.69279867965359
"CABINET GORGE","ID00222","72h",5000,0.9998,2.91118935854026
"CABINET GORGE","ID00222","72h",10000,0.9999,3.07601241975791
"EAST BRANCH DAM","PA00104","24h",2,0.5,0.940981917430987
"EAST BRANCH DAM","PA00104","24h",5,0.8,1.20431925837941
"EAST BRANCH DAM","PA00104","24h",10,0.9,1.39748428063356
"EAST BRANCH DAM","PA00104","24h",25,0.96,1.67915008983891
"EAST BRANCH DAM","PA00104","24h",50,0.98,1.92344233225377
"EAST BRANCH DAM","PA00104","24h",100,0.99,2.20238167986195
"EAST BRANCH DAM","PA00104","24h",200,0.995,2.52275609396032
"EAST BRANCH DAM","PA00104","24h",500,0.998,3.02222493525636
"EAST BRANCH DAM","PA00104","24h",1000,0.999,3.46800366110792
"EAST BRANCH DAM","PA00104","24h",2000,0.9995,3.98265152041404
"EAST BRANCH DAM","PA00104","24h",5000,0.9998,4.7872581449539
"EAST BRANCH DAM","PA00104","24h",10000,0.9999,5.50629678151978
"EAST BRANCH DAM","PA00104","72h",2,0.5,0.941972843757177
"EAST BRANCH DAM","PA00104","72h",5,0.8,1.20995387244909
"EAST BRANCH DAM","PA00104","72h",10,0.9,1.40496685822794
"EAST BRANCH DAM","PA00104","72h",25,0.96,1.6874402904087
"EAST BRANCH DAM","PA00104","72h",50,0.98,1.9309177799134
"EAST BRANCH DAM","PA00104","72h",100,0.99,2.20747563074634
"EAST BRANCH DAM","PA00104","72h",200,0.995,2.5234746173962
"EAST BRANCH DAM","PA00104","72h",500,0.998,3.01316481997996
"EAST BRANCH DAM","PA00104","72h",1000,0.999,3.44763837315789
"EAST BRANCH DAM","PA00104","72h",2000,0.9995,3.94666927759861
"EAST BRANCH DAM","PA00104","72h",5000,0.9998,4.72219745334487
"EAST BRANCH DAM","PA00104","72h",10000,0.9999,5.41117138314289
"NEW RIVER","AZ00202","24h",2,0.5,0.928995215455702
"NEW RIVER","AZ00202","24h",5,0.8,1.26780900008158
"NEW RIVER","AZ00202","24h",10,0.9,1.50002177964819
"NEW RIVER","AZ00202","24h",25,0.96,1.80272723191313
"NEW RIVER","AZ00202","24h",50,0.98,2.03420287918011
"NEW RIVER","AZ00202","24h",100,0.99,2.26996130244846
"NEW RIVER","AZ00202","24h",200,0.995,2.51095104660531
"NEW RIVER","AZ00202","24h",500,0.998,2.83846125099719
"NEW RIVER","AZ00202","24h",1000,0.999,3.09341643354846
"NEW RIVER","AZ00202","24h",2000,0.9995,3.35485611931182
"NEW RIVER","AZ00202","24h",5000,0.9998,3.71076946316208
"NEW RIVER","AZ00202","24h",10000,0.9999,3.9880555260223
"NEW RIVER","AZ00202","72h",2,0.5,0.921443196340075
"NEW RIVER","AZ00202","72h",5,0.8,1.2810411320889
"NEW RIVER","AZ00202","72h",10,0.9,1.53067711624282
"NEW RIVER","AZ00202","72h",25,0.96,1.85989257086201
"NEW RIVER","AZ00202","72h",50,0.98,2.11448704270456
"NEW RIVER","AZ00202","72h",100,0.99,2.37628284092701
"NEW RIVER","AZ00202","72h",200,0.995,2.64644402653624
"NEW RIVER","AZ00202","72h",500,0.998,3.01766834452976
"NEW RIVER","AZ00202","72h",1000,0.999,3.30984207949854
"NEW RIVER","AZ00202","72h",2000,0.9995,3.61229488803814
"NEW RIVER","AZ00202","72h",5000,0.9998,4.02859531833691
"NEW RIVER","AZ00202","72h",10000,0.9999,4.35650260641885
"FORT SUPPLY LAKE","OK10318","24h",2,0.5,0.930371463884838
"FORT SUPPLY LAKE","OK10318","24h",5,0.8,1.26628661176244
"FORT SUPPLY LAKE","OK10318","24h",10,0.9,1.4957508193756
"FORT SUPPLY LAKE","OK10318","24h",25,0.96,1.79397755446685
"FORT SUPPLY LAKE","OK10318","24h",50,0.98,2.02136603143558
"FORT SUPPLY LAKE","OK10318","24h",100,0.99,2.25238990225744
"FORT SUPPLY LAKE","OK10318","24h",200,0.995,2.48796023943493
"FORT SUPPLY LAKE","OK10318","24h",500,0.998,2.8071944907877
"FORT SUPPLY LAKE","OK10318","24h",1000,0.999,3.05500279084532
"FORT SUPPLY LAKE","OK10318","24h",2000,0.9995,3.3084929696228
"FORT SUPPLY LAKE","OK10318","24h",5000,0.9998,3.65260453395016
"FORT SUPPLY LAKE","OK10318","24h",10000,0.9999,3.91993704092932
"FORT SUPPLY LAKE","OK10318","72h",2,0.5,0.943803400747968
"FORT SUPPLY LAKE","OK10318","72h",5,0.8,1.24223164947328
"FORT SUPPLY LAKE","OK10318","72h",10,0.9,1.45305499827097
"FORT SUPPLY LAKE","OK10318","72h",25,0.96,1.7509622109506
"FORT SUPPLY LAKE","OK10318","72h",50,0.98,2.00187979649303
"FORT SUPPLY LAKE","OK10318","72h",100,0.99,2.2813930566594
"FORT SUPPLY LAKE","OK10318","72h",200,0.995,2.59467678343167
"FORT SUPPLY LAKE","OK10318","72h",500,0.998,3.06941276572759
"FORT SUPPLY LAKE","OK10318","72h",1000,0.999,3.48144456575126
"FORT SUPPLY LAKE","OK10318","72h",2000,0.9995,3.94575779510099
"FORT SUPPLY LAKE","OK10318","72h",5000,0.9998,4.65142965469868
"FORT SUPPLY LAKE","OK10318","72h",10000,0.9999,5.26471915576498
"WINNIES REEF DAM","NY00712","24h",2,0.5,0.918170724191158
"WINNIES REEF DAM","NY00712","24h",5,0.8,1.25737183161864
"WINNIES REEF DAM","NY00712","24h",10,0.9,1.49603982779609
"WINNIES REEF DAM","NY00712","24h",25,0.96,1.81141994539431
"WINNIES REEF DAM","NY00712","24h",50,0.98,2.05552103653987
"WINNIES REEF DAM","NY00712","24h",100,0.99,2.30693846598541
"WINNIES REEF DAM","NY00712","24h",200,0.995,2.56712379065836
"WINNIES REEF DAM","NY00712","24h",500,0.998,2.92630269497948
"WINNIES REEF DAM","NY00712","24h",1000,0.999,3.21058919880162
"WINNIES REEF DAM","NY00712","24h",2000,0.9995,3.50647249267563
"WINNIES REEF DAM","NY00712","24h",5000,0.9998,3.91643254461519
"WINNIES REEF DAM","NY00712","24h",10000,0.9999,4.24150860285901
"WINNIES REEF DAM","NY00712","72h",2,0.5,0.912240450516458
"WINNIES REEF DAM","NY00712","72h",5,0.8,1.25326018701158
"WINNIES REEF DAM","NY00712","72h",10,0.9,1.50331918477098
"WINNIES REEF DAM","NY00712","72h",25,0.96,1.84990960007672
"WINNIES REEF DAM","NY00712","72h",50,0.98,2.13114204257607
"WINNIES REEF DAM","NY00712","72h",100,0.99,2.43241186070867
"WINNIES REEF DAM","NY00712","72h",200,0.995,2.75622528339339
"WINNIES REEF DAM","NY00712","72h",500,0.998,3.22270556417005
"WINNIES REEF DAM","NY00712","72h",1000,0.999,3.6074890462733
"WINNIES REEF DAM","NY00712","72h",2000,0.9995,4.02227662260671
"WINNIES REEF DAM","NY00712","72h",5000,0.9998,4.62076284023763
"WINNIES REEF DAM","NY00712","72h",10000,0.9999,5.11479379159436
"GREENBELT DAM","TX03698","24h",2,0.5,0.925486901608939
"GREENBELT DAM","TX03698","24h",5,0.8,1.25191846764298
"GREENBELT DAM","TX03698","24h",10,0.9,1.49240927900591
"GREENBELT DAM","TX03698","24h",25,0.96,1.8443638280026
"GREENBELT DAM","TX03698","24h",50,0.98,2.15065609059378
"GREENBELT DAM","TX03698","24h",100,0.99,2.50139165954285
"GREENBELT DAM","TX03698","24h",200,0.995,2.90537000922855
"GREENBELT DAM","TX03698","24h",500,0.998,3.53725748679069
"GREENBELT DAM","TX03698","24h",1000,0.999,4.10304855059954
"GREENBELT DAM","TX03698","24h",2000,0.9995,4.75808479732438
"GREENBELT DAM","TX03698","24h",5000,0.9998,5.78554149187374
"GREENBELT DAM","TX03698","24h",10000,0.9999,6.70670025879303
"GREENBELT DAM","TX03698","72h",2,0.5,0.931915140583853
"GREENBELT DAM","TX03698","72h",5,0.8,1.27727800690024
"GREENBELT DAM","TX03698","72h",10,0.9,1.50973954144936
"GREENBELT DAM","TX03698","72h",25,0.96,1.80785806671274
"GREENBELT DAM","TX03698","72h",50,0.98,2.03224006138358
"GREENBELT DAM","TX03698","72h",100,0.99,2.25771574814003
"GREENBELT DAM","TX03698","72h",200,0.995,2.48512760590285
"GREENBELT DAM","TX03698","72h",500,0.998,2.78942487307995
"GREENBELT DAM","TX03698","72h",1000,0.999,3.02267276136771
"GREENBELT DAM","TX03698","72h",2000,0.9995,3.25868573421121
"GREENBELT DAM","TX03698","72h",5000,0.9998,3.57504634179795
"GREENBELT DAM","TX03698","72h",10000,0.9999,3.81773771018638
"RIRIE","ID00344","24h",2,0.5,0.94168710409542
"RIRIE","ID00344","24h",5,0.8,1.22725853859499
"RIRIE","ID00344","24h",10,0.9,1.4214618342771
"RIRIE","ID00344","24h",25,0.96,1.67284174921157
"RIRIE","ID00344","24h",50,0.98,1.86375995789204
"RIRIE","ID00344","24h",100,0.99,2.05708447146141
"RIRIE","ID00344","24h",200,0.995,2.25356061625718
"RIRIE","ID00344","24h",500,0.998,2.51879446714891
"RIRIE","ID00344","24h",1000,0.999,2.72389720961801
"RIRIE","ID00344","24h",2000,0.9995,2.93301113413394
"RIRIE","ID00344","24h",5000,0.9998,3.21579528573449
"RIRIE","ID00344","24h",10000,0.9999,3.43464479395881
"RIRIE","ID00344","72h",2,0.5,0.948424149265438
"RIRIE","ID00344","72h",5,0.8,1.22208999426997
"RIRIE","ID00344","72h",10,0.9,1.40396522580149
"RIRIE","ID00344","72h",25,0.96,1.63454798016186
"RIRIE","ID00344","72h",50,0.98,1.80617398687694
"RIRIE","ID00344","72h",100,0.99,1.97701148650387
"RIRIE","ID00344","72h",200,0.995,2.14770132952297
"RIRIE","ID00344","72h",500,0.998,2.37362287677249
"RIRIE","ID00344","72h",1000,0.999,2.5449207801762
"RIRIE","ID00344","72h",2000,0.9995,2.71663303898168
"RIRIE","ID00344","72h",5000,0.9998,2.94431229891801
"RIRIE","ID00344","72h",10000,0.9999,3.11708511456202
"WHEATLAND NO. 3","WY00011","24h",2,0.5,0.924419000689754
"WHEATLAND NO. 3","WY00011","24h",5,0.8,1.25829776521675
"WHEATLAND NO. 3","WY00011","24h",10,0.9,1.5037873059452
"WHEATLAND NO. 3","WY00011","24h",25,0.96,1.86246077267223
"WHEATLAND NO. 3","WY00011","24h",50,0.98,2.17411744237736
"WHEATLAND NO. 3","WY00011","24h",100,0.99,2.53052993830806
"WHEATLAND NO. 3","WY00011","24h",200,0.995,2.94051689983967
"WHEATLAND NO. 3","WY00011","24h",500,0.998,3.58083961215483
"WHEATLAND NO. 3","WY00011","24h",1000,0.999,4.15333792813684
"WHEATLAND NO. 3","WY00011","24h",2000,0.9995,4.81529175375007
"WHEATLAND NO. 3","WY00011","24h",5000,0.9998,5.85204636758117
"WHEATLAND NO. 3","WY00011","24h",10000,0.9999,6.78017315262641
"WHEATLAND NO. 3","WY00011","72h",2,0.5,0.930270453565892
"WHEATLAND NO. 3","WY00011","72h",5,0.8,1.26199586429389
"WHEATLAND NO. 3","WY00011","72h",10,0.9,1.50179585440798
"WHEATLAND NO. 3","WY00011","72h",25,0.96,1.84721663331783
"WHEATLAND NO. 3","WY00011","72h",50,0.98,2.14341215642613
"WHEATLAND NO. 3","WY00011","72h",100,0.99,2.47838310140712
"WHEATLAND NO. 3","WY00011","72h",200,0.995,2.85947424255381
"WHEATLAND NO. 3","WY00011","72h",500,0.998,3.44707319935247
"WHEATLAND NO. 3","WY00011","72h",1000,0.999,3.96584527006259
"WHEATLAND NO. 3","WY00011","72h",2000,0.9995,4.55915402830878
"WHEATLAND NO. 3","WY00011","72h",5000,0.9998,5.47659259031179
"WHEATLAND NO. 3","WY00011","72h",10000,0.9999,6.2876293060505
"DEADMANS BASIN DAM","MT00011","24h",2,0.5,0.915995349476869
"DEADMANS BASIN DAM","MT00011","24h",5,0.8,1.27263537266784
"DEADMANS BASIN DAM","MT00011","24h",10,0.9,1.52631699746436
"DEADMANS BASIN DAM","MT00011","24h",25,0.96,1.86833602820635
"DEADMANS BASIN DAM","MT00011","24h",50,0.98,2.13854412923478
"DEADMANS BASIN DAM","MT00011","24h",100,0.99,2.42149236944528
"DEADMANS BASIN DAM","MT00011","24h",200,0.995,2.71880873940967
"DEADMANS BASIN DAM","MT00011","24h",500,0.998,3.13600680273609
"DEADMANS BASIN DAM","MT00011","24h",1000,0.999,3.47128313038977
"DEADMANS BASIN DAM","MT00011","24h",2000,0.9995,3.82465551672767
"DEADMANS BASIN DAM","MT00011","24h",5000,0.9998,4.32132959348738
"DEADMANS BASIN DAM","MT00011","24h",10000,0.9999,4.7207787411755
"DEADMANS BASIN DAM","MT00011","72h",2,0.5,0.924603467866099
"DEADMANS BASIN DAM","MT00011","72h",5,0.8,1.27814013598218
"DEADMANS BASIN DAM","MT00011","72h",10,0.9,1.52174056163771
"DEADMANS BASIN DAM","MT00011","72h",25,0.96,1.84082874608221
"DEADMANS BASIN DAM","MT00011","72h",50,0.98,2.08597784282277
"DEADMANS BASIN DAM","MT00011","72h",100,0.99,2.33665891288063
"DEADMANS BASIN DAM","MT00011","72h",200,0.995,2.5939191655962
"DEADMANS BASIN DAM","MT00011","72h",500,0.998,2.94515001863452
"DEADMANS BASIN DAM","MT00011","72h",1000,0.999,3.21982367909845
"DEADMANS BASIN DAM","MT00011","72h",2000,0.9995,3.50259547774456
"DEADMANS BASIN DAM","MT00011","72h",5000,0.9998,3.88931676822361
"DEADMANS BASIN DAM","MT00011","72h",10000,0.9999,4.19198371047699
"BOX CANYON DAM","WA00013","24h",2,0.5,0.94710354503143
"BOX CANYON DAM","WA00013","24h",5,0.8,1.20530809479107
"BOX CANYON DAM","WA00013","24h",10,0.9,1.38107033864729
"BOX CANYON DAM","WA00013","24h",25,0.96,1.6087788194828
"BOX CANYON DAM","WA00013","24h",50,0.98,1.78186576853106
"BOX CANYON DAM","WA00013","24h",100,0.99,1.95726062547456
"BOX CANYON DAM","WA00013","24h",200,0.995,2.13564260878487
"BOX CANYON DAM","WA00013","24h",500,0.998,2.37665022313127
"BOX CANYON DAM","WA00013","24h",1000,0.999,2.56317335870585
"BOX CANYON DAM","WA00013","24h",2000,0.9995,2.75347998203572
"BOX CANYON DAM","WA00013","24h",5000,0.9998,3.0110443977648
"BOX CANYON DAM","WA00013","24h",10000,0.9999,3.2105409512321
"BOX CANYON DAM","WA00013","72h",2,0.5,0.952304115431697
"BOX CANYON DAM","WA00013","72h",5,0.8,1.21567478038112
"BOX CANYON DAM","WA00013","72h",10,0.9,1.38881934245165
"BOX CANYON DAM","WA00013","72h",25,0.96,1.60619688266431
"BOX CANYON DAM","WA00013","72h",50,0.98,1.76646256815411
"BOX CANYON DAM","WA00013","72h",100,0.99,1.92470961478518
"BOX CANYON DAM","WA00013","72h",200,0.995,2.0815559614097
"BOX CANYON DAM","WA00013","72h",500,0.998,2.28723491306354
"BOX CANYON DAM","WA00013","72h",1000,0.999,2.44174407080616
"BOX CANYON DAM","WA00013","72h",2000,0.9995,2.59539488933644
"BOX CANYON DAM","WA00013","72h",5000,0.9998,2.79724619779285
"BOX CANYON DAM","WA00013","72h",10000,0.9999,2.94900643796164
"ENDERS DAM","NE01070","24h",2,0.5,0.922152342959761
"ENDERS DAM","NE01070","24h",5,0.8,1.2642406316067
"ENDERS DAM","NE01070","24h",10,0.9,1.50483440000921
"ENDERS DAM","NE01070","24h",25,0.96,1.82589405318758
"ENDERS DAM","NE01070","24h",50,0.98,2.07703632102464
"ENDERS DAM","NE01070","24h",100,0.99,2.33780596207395
"ENDERS DAM","NE01070","24h",200,0.995,2.60952345848815
"ENDERS DAM","NE01070","24h",500,0.998,2.98709868580973
"ENDERS DAM","NE01070","24h",1000,0.999,3.28760519567986
"ENDERS DAM","NE01070","24h",2000,0.9995,3.60169232676848
"ENDERS DAM","NE01070","24h",5000,0.9998,4.03887296020128
"ENDERS DAM","NE01070","24h",10000,0.9999,4.38708627759478
"ENDERS DAM","NE01070","72h",2,0.5,0.939911431207912
"ENDERS DAM","NE01070","72h",5,0.8,1.26960745392886
"ENDERS DAM","NE01070","72h",10,0.9,1.48672573052443
"ENDERS DAM","NE01070","72h",25,0.96,1.75973041331267
"ENDERS DAM","NE01070","72h",50,0.98,1.96130960440815
"ENDERS DAM","NE01070","72h",100,0.99,2.16060259053993
"ENDERS DAM","NE01070","72h",200,0.995,2.35838105936199
"ENDERS DAM","NE01070","72h",500,0.998,2.61811509260221
"ENDERS DAM","NE01070","72h",1000,0.999,2.81351626267021
"ENDERS DAM","NE01070","72h",2000,0.9995,3.00807615988028
"ENDERS DAM","NE01070","72h",5000,0.9998,3.26404258398668
"ENDERS DAM","NE01070","72h",10000,0.9999,3.45676962440148
"EAGLE NEST DAM","NM00351","24h",2,0.5,0.922168585991387
"EAGLE NEST DAM","NM00351","24h",5,0.8,1.26484091085896
"EAGLE NEST DAM","NM00351","24h",10,0.9,1.50569612326653
"EAGLE NEST DAM","NM00351","24h",25,0.96,1.82692399350641
"EAGLE NEST DAM","NM00351","24h",50,0.98,2.07806115763372
"EAGLE NEST DAM","NM00351","24h",100,0.99,2.33870480405708
"EAGLE NEST DAM","NM00351","24h",200,0.995,2.61016600265183
"EAGLE NEST DAM","NM00351","24h",500,0.998,2.98718361669216
"EAGLE NEST DAM","NM00351","24h",1000,0.999,3.28708703210176
"EAGLE NEST DAM","NM00351","24h",2000,0.9995,3.60040022960487
"EAGLE NEST DAM","NM00351","24h",5000,0.9998,4.03627122430513
"EAGLE NEST DAM","NM00351","24h",10000,0.9999,4.38325731530164
"EAGLE NEST DAM","NM00351","72h",2,0.5,0.92825479984944
"EAGLE NEST DAM","NM00351","72h",5,0.8,1.26604674124521
"EAGLE NEST DAM","NM00351","72h",10,0.9,1.49850672562082
"EAGLE NEST DAM","NM00351","72h",25,0.96,1.80265670999345
"EAGLE NEST DAM","NM00351","72h",50,0.98,2.0360720591937
"EAGLE NEST DAM","NM00351","72h",100,0.99,2.27453140713383
"EAGLE NEST DAM","NM00351","72h",200,0.995,2.51902159761579
"EAGLE NEST DAM","NM00351","72h",500,0.998,2.85245795616933
"EAGLE NEST DAM","NM00351","72h",1000,0.999,3.11293586447882
"EAGLE NEST DAM","NM00351","72h",2000,0.9995,3.38084522184334
"EAGLE NEST DAM","NM00351","72h",5000,0.9998,3.74684638671554
"EAGLE NEST DAM","NM00351","72h",10000,0.9999,4.03298961901875
"MORAINE STATE PARK","PA00273","24h",2,0.5,0.934566284694781
"MORAINE STATE PARK","PA00273","24h",5,0.8,1.20298271140706
"MORAINE STATE PARK","PA00273","24h",10,0.9,1.40396868596122
"MORAINE STATE PARK","PA00273","24h",25,0.96,1.70213808550154
"MORAINE STATE PARK","PA00273","24h",50,0.98,1.96493033066139
"MORAINE STATE PARK","PA00273","24h",100,0.99,2.26908828831645
"MORAINE STATE PARK","PA00273","24h",200,0.995,2.62314282578972
"MORAINE STATE PARK","PA00273","24h",500,0.998,3.18379851173211
"MORAINE STATE PARK","PA00273","24h",1000,0.999,3.69190802685401
"MORAINE STATE PARK","PA00273","24h",2000,0.9995,4.28635783166184
"MORAINE STATE PARK","PA00273","24h",5000,0.9998,5.2302756748872
"MORAINE STATE PARK","PA00273","24h",10000,0.9999,6.08679768772491
"MORAINE STATE PARK","PA00273","72h",2,0.5,0.940727098946402
"MORAINE STATE PARK","PA00273","72h",5,0.8,1.22029687961857
"MORAINE STATE PARK","PA00273","72h",10,0.9,1.41258430563745
"MORAINE STATE PARK","PA00273","72h",25,0.96,1.66404771587047
"MORAINE STATE PARK","PA00273","72h",50,0.98,1.8569366598833
"MORAINE STATE PARK","PA00273","72h",100,0.99,2.0539132209676
"MORAINE STATE PARK","PA00273","72h",200,0.995,2.25578931408981
"MORAINE STATE PARK","PA00273","72h",500,0.998,2.53097858896081
"MORAINE STATE PARK","PA00273","72h",1000,0.999,2.74585335563886
"MORAINE STATE PARK","PA00273","72h",2000,0.9995,2.96676902520884
"MORAINE STATE PARK","PA00273","72h",5000,0.9998,3.26842828567343
"MORAINE STATE PARK","PA00273","72h",10000,0.9999,3.50415775214022
"BEARDSLEY","CA00263","24h",2,0.5,0.924401703327099
"BEARDSLEY","CA00263","24h",5,0.8,1.26031821817304
"BEARDSLEY","CA00263","24h",10,0.9,1.49572590567099
"BEARDSLEY","CA00263","24h",25,0.96,1.8088451193334
"BEARDSLEY","CA00263","24h",50,0.98,2.05300646680571
"BEARDSLEY","CA00263","24h",100,0.99,2.30584963430304
"BEARDSLEY","CA00263","24h",200,0.995,2.56860723071256
"BEARDSLEY","CA00263","24h",500,0.998,2.93260551279972
"BEARDSLEY","CA00263","24h",1000,0.999,3.2214178671868
"BEARDSLEY","CA00263","24h",2000,0.9995,3.52248347451781
"BEARDSLEY","CA00263","24h",5000,0.9998,3.940249464613
"BEARDSLEY","CA00263","24h",10000,0.9999,4.27197970681927
"BEARDSLEY","CA00263","72h",2,0.5,0.905766675509552
"BEARDSLEY","CA00263","72h",5,0.8,1.29668831640651
"BEARDSLEY","CA00263","72h",10,0.9,1.57691984196491
"BEARDSLEY","CA00263","72h",25,0.96,1.9574062272515
"BEARDSLEY","CA00263","72h",50,0.98,2.26005975340266
"BEARDSLEY","CA00263","72h",100,0.99,2.57882666010983
"BEARDSLEY","CA00263","72h",200,0.995,2.91571818624903
"BEARDSLEY","CA00263","72h",500,0.998,3.39162503098924
"BEARDSLEY","CA00263","72h",1000,0.999,3.77663324807955
"BEARDSLEY","CA00263","72h",2000,0.9995,4.18475764483533
"BEARDSLEY","CA00263","72h",5000,0.9998,4.7622328641532
"BEARDSLEY","CA00263","72h",10000,0.9999,5.229760835756
"CALAVERAS CREEK DAM","TX01448","24h",2,0.5,0.912142023497798
"CALAVERAS CREEK DAM","TX01448","24h",5,0.8,1.29618962292251
"CALAVERAS CREEK DAM","TX01448","24h",10,0.9,1.56675622952422
"CALAVERAS CREEK DAM","TX01448","24h",25,0.96,1.92837394850626
"CALAVERAS CREEK DAM","TX01448","24h",50,0.98,2.21166713258114
"CALAVERAS CREEK DAM","TX01448","24h",100,0.99,2.5061963629604
"CALAVERAS CREEK DAM","TX01448","24h",200,0.995,2.81348109858932
"CALAVERAS CREEK DAM","TX01448","24h",500,0.998,3.24111035018828
"CALAVERAS CREEK DAM","TX01448","24h",1000,0.999,3.58195339301205
"CALAVERAS CREEK DAM","TX01448","24h",2000,0.9995,3.93865084811264
"CALAVERAS CREEK DAM","TX01448","24h",5000,0.9998,4.43587232830233
"CALAVERAS CREEK DAM","TX01448","24h",10000,0.9999,4.83248836789138
"CALAVERAS CREEK DAM","TX01448","72h",2,0.5,0.904331390083191
"CALAVERAS CREEK DAM","TX01448","72h",5,0.8,1.31675766405052
"CALAVERAS CREEK DAM","TX01448","72h",10,0.9,1.60863901599761
"CALAVERAS CREEK DAM","TX01448","72h",25,0.96,2.00035451399824
"CALAVERAS CREEK DAM","TX01448","72h",50,0.98,2.30845173888202
"CALAVERAS CREEK DAM","TX01448","72h",100,0.99,2.62985685205119
"CALAVERAS CREEK DAM","TX01448","72h",200,0.995,2.96631418225291
"CALAVERAS CREEK DAM","TX01448","72h",500,0.998,3.43637723837166
"CALAVERAS CREEK DAM","TX01448","72h",1000,0.999,3.81250215709846
"CALAVERAS CREEK DAM","TX01448","72h",2000,0.9995,4.20744584342853
"CALAVERAS CREEK DAM","TX01448","72h",5000,0.9998,4.760135018232
"CALAVERAS CREEK DAM","TX01448","72h",10000,0.9999,5.20271160381807
"WILLIAMS FORK MAIN","CO00717","24h",2,0.5,0.914304561889075
"WILLIAMS FORK MAIN","CO00717","24h",5,0.8,1.21397270864334
"WILLIAMS FORK MAIN","CO00717","24h",10,0.9,1.44837570686032
"WILLIAMS FORK MAIN","CO00717","24h",25,0.96,1.80913080017167
"WILLIAMS FORK MAIN","CO00717","24h",50,0.98,2.13811814277734
"WILLIAMS FORK MAIN","CO00717","24h",100,0.99,2.53003039727017
"WILLIAMS FORK MAIN","CO00717","24h",200,0.995,2.99943557544903
"WILLIAMS FORK MAIN","CO00717","24h",500,0.998,3.76786607136986
"WILLIAMS FORK MAIN","CO00717","24h",1000,0.999,4.48731176743614
"WILLIAMS FORK MAIN","CO00717","24h",2000,0.9995,5.35312709651884
"WILLIAMS FORK MAIN","CO00717","24h",5000,0.9998,6.77418357042927
"WILLIAMS FORK MAIN","CO00717","24h",10000,0.9999,8.10622405231897
"WILLIAMS FORK MAIN","CO00717","72h",2,0.5,0.896048855195662
"WILLIAMS FORK MAIN","CO00717","72h",5,0.8,1.22297422216756
"WILLIAMS FORK MAIN","CO00717","72h",10,0.9,1.48711131137254
"WILLIAMS FORK MAIN","CO00717","72h",25,0.96,1.90489899484298
"WILLIAMS FORK MAIN","CO00717","72h",50,0.98,2.29567326658378
"WILLIAMS FORK MAIN","CO00717","72h",100,0.99,2.77128188373017
"WILLIAMS FORK MAIN","CO00717","72h",200,0.995,3.35314758160168
"WILLIAMS FORK MAIN","CO00717","72h",500,0.998,4.3295456258058
"WILLIAMS FORK MAIN","CO00717","72h",1000,0.999,5.26606754659529
"WILLIAMS FORK MAIN","CO00717","72h",2000,0.9995,6.41705661164615
"WILLIAMS FORK MAIN","CO00717","72h",5000,0.9998,8.35328885636394
"WILLIAMS FORK MAIN","CO00717","72h",10000,0.9999,10.2125421286683
"BEAR VALLEY","CA00757","24h",2,0.5,0.899166794399376
"BEAR VALLEY","CA00757","24h",5,0.8,1.32904144290202
"BEAR VALLEY","CA00757","24h",10,0.9,1.63439238096029
"BEAR VALLEY","CA00757","24h",25,0.96,2.04555552658277
"BEAR VALLEY","CA00757","24h",50,0.98,2.36999524175639
"BEAR VALLEY","CA00757","24h",100,0.99,2.70938049995314
"BEAR VALLEY","CA00757","24h",200,0.995,3.06563273525695
"BEAR VALLEY","CA00757","24h",500,0.998,3.56493317043672
"BEAR VALLEY","CA00757","24h",1000,0.999,3.96571404702597
"BEAR VALLEY","CA00757","24h",2000,0.9995,4.38769387090536
"BEAR VALLEY","CA00757","24h",5000,0.9998,4.98009054787888
"BEAR VALLEY","CA00757","24h",10000,0.9999,5.45595978449795
"BEAR VALLEY","CA00757","72h",2,0.5,0.871086572149515
"BEAR VALLEY","CA00757","72h",5,0.8,1.36779301105188
"BEAR VALLEY","CA00757","72h",10,0.9,1.72600602288319
"BEAR VALLEY","CA00757","72h",25,0.96,2.20801009240776
"BEAR VALLEY","CA00757","72h",50,0.98,2.58677009664533
"BEAR VALLEY","CA00757","72h",100,0.99,2.98136246186469
"BEAR VALLEY","CA00757","72h",200,0.995,3.39396903421727
"BEAR VALLEY","CA00757","72h",500,0.998,3.96987305902488
"BEAR VALLEY","CA00757","72h",1000,0.999,4.4303469464655
"BEAR VALLEY","CA00757","72h",2000,0.9995,4.91354688888577
"BEAR VALLEY","CA00757","72h",5000,0.9998,5.58908281065486
"BEAR VALLEY","CA00757","72h",10000,0.9999,6.12930305674627
"GILBOA DAM","NY00176","24h",2,0.5,0.922369124420544
"GILBOA DAM","NY00176","24h",5,0.8,1.27309075770277
"GILBOA DAM","NY00176","24h",10,0.9,1.50568805272362
"GILBOA DAM","NY00176","24h",25,0.96,1.79344514942381
"GILBOA DAM","NY00176","24h",50,0.98,2.00189386001283
"GILBOA DAM","NY00176","24h",100,0.99,2.20489464412473
"GILBOA DAM","NY00176","24h",200,0.995,2.40376930811693
"GILBOA DAM","NY00176","24h",500,0.998,2.66179183925182
"GILBOA DAM","NY00176","24h",1000,0.999,2.85404737614548
"GILBOA DAM","NY00176","24h",2000,0.9995,3.04424642752124
"GILBOA DAM","NY00176","24h",5000,0.9998,3.29304373347945
"GILBOA DAM","NY00176","24h",10000,0.9999,3.47956509825547
"GILBOA DAM","NY00176","72h",2,0.5,0.91012407137828
"GILBOA DAM","NY00176","72h",5,0.8,1.25847487967857
"GILBOA DAM","NY00176","72h",10,0.9,1.5141414611056
"GILBOA DAM","NY00176","72h",25,0.96,1.86879738458174
"GILBOA DAM","NY00176","72h",50,0.98,2.15680404538584
"GILBOA DAM","NY00176","72h",100,0.99,2.46554058919447
"GILBOA DAM","NY00176","72h",200,0.995,2.79760393744908
"GILBOA DAM","NY00176","72h",500,0.998,3.2763450495148
"GILBOA DAM","NY00176","72h",1000,0.999,3.67154966558289
"GILBOA DAM","NY00176","72h",2000,0.9995,4.09785776546922
"GILBOA DAM","NY00176","72h",5000,0.9998,4.71344921189311
"GILBOA DAM","NY00176","72h",10000,0.9999,5.22199535182325
"WILD HORSE DAM","NV10119","24h",2,0.5,0.943004154823796
"WILD HORSE DAM","NV10119","24h",5,0.8,1.25023565731961
"WILD HORSE DAM","NV10119","24h",10,0.9,1.45353453646815
"WILD HORSE DAM","NV10119","24h",25,0.96,1.71027214627648
"WILD HORSE DAM","NV10119","24h",50,0.98,1.90064027872902
"WILD HORSE DAM","NV10119","24h",100,0.99,2.08952320050111
"WILD HORSE DAM","NV10119","24h",200,0.995,2.27763811920754
"WILD HORSE DAM","NV10119","24h",500,0.998,2.52569974916264
"WILD HORSE DAM","NV10119","24h",1000,0.999,2.71308809830289
"WILD HORSE DAM","NV10119","24h",2000,0.9995,2.90033073203981
"WILD HORSE DAM","NV10119","24h",5000,0.9998,3.14768357713286
"WILD HORSE DAM","NV10119","24h",10000,0.9999,3.33469117546175
"WILD HORSE DAM","NV10119","72h",2,0.5,0.949406666258888
"WILD HORSE DAM","NV10119","72h",5,0.8,1.23154534929794
"WILD HORSE DAM","NV10119","72h",10,0.9,1.42898965141252
"WILD HORSE DAM","NV10119","72h",25,0.96,1.70580806930216
"WILD HORSE DAM","NV10119","72h",50,0.98,1.93725829722913
"WILD HORSE DAM","NV10119","72h",100,0.99,2.19349664181698
"WILD HORSE DAM","NV10119","72h",200,0.995,2.47894257059292
"WILD HORSE DAM","NV10119","72h",500,0.998,2.90843318072219
"WILD HORSE DAM","NV10119","72h",1000,0.999,3.27859688854653
"WILD HORSE DAM","NV10119","72h",2000,0.9995,3.69321098959212
"WILD HORSE DAM","NV10119","72h",5000,0.9998,4.31890929800857
"WILD HORSE DAM","NV10119","72h",10000,0.9999,4.85891200419471
"MINIDOKA","ID00275","24h",2,0.5,0.935244587991589
"MINIDOKA","ID00275","24h",5,0.8,1.24917892801452
"MINIDOKA","ID00275","24h",10,0.9,1.46331422318604
"MINIDOKA","ID00275","24h",25,0.96,1.74125014474065
"MINIDOKA","ID00275","24h",50,0.98,1.95289544132249
"MINIDOKA","ID00275","24h",100,0.99,2.16768982141764
"MINIDOKA","ID00275","24h",200,0.995,2.38647362220454
"MINIDOKA","ID00275","24h",500,0.998,2.68258670890725
"MINIDOKA","ID00275","24h",1000,0.999,2.91215903054827
"MINIDOKA","ID00275","24h",2000,0.9995,3.1467415360747
"MINIDOKA","ID00275","24h",5000,0.9998,3.46478650847646
"MINIDOKA","ID00275","24h",10000,0.9999,3.71155925970167
"MINIDOKA","ID00275","72h",2,0.5,0.936073737920506
"MINIDOKA","ID00275","72h",5,0.8,1.25923794729459
"MINIDOKA","ID00275","72h",10,0.9,1.47382786906499
"MINIDOKA","ID00275","72h",25,0.96,1.74562832812292
"MINIDOKA","ID00275","72h",50,0.98,1.9486637820845
"MINIDOKA","ID00275","72h",100,0.99,2.15227202144376
"MINIDOKA","ID00275","72h",200,0.995,2.35793446879388
"MINIDOKA","ID00275","72h",500,0.998,2.63462594122722
"MINIDOKA","ID00275","72h",1000,0.999,2.84848005442729
"MINIDOKA","ID00275","72h",2000,0.9995,3.06683336286036
"MINIDOKA","ID00275","72h",5000,0.9998,3.3630865748478
"MINIDOKA","ID00275","72h",10000,0.9999,3.59338719314423
"LAKE FRANCES NORTH DAM","MT01484","24h",2,0.5,0.913147948743701
"LAKE FRANCES NORTH DAM","MT01484","24h",5,0.8,1.28869182251741
"LAKE FRANCES NORTH DAM","MT01484","24h",10,0.9,1.55420898419893
"LAKE FRANCES NORTH DAM","MT01484","24h",25,0.96,1.91022402975068
"LAKE FRANCES NORTH DAM","MT01484","24h",50,0.98,2.18999938131202
"LAKE FRANCES NORTH DAM","MT01484","24h",100,0.99,2.4816443627776
"LAKE FRANCES NORTH DAM","MT01484","24h",200,0.995,2.7867242239967
"LAKE FRANCES NORTH DAM","MT01484","24h",500,0.998,3.21258769520868
"LAKE FRANCES NORTH DAM","MT01484","24h",1000,0.999,3.55305819478565
"LAKE FRANCES NORTH DAM","MT01484","24h",2000,0.9995,3.91030300333061
"LAKE FRANCES NORTH DAM","MT01484","24h",5000,0.9998,4.40981193482614
"LAKE FRANCES NORTH DAM","MT01484","24h",10000,0.9999,4.809466015643
"LAKE FRANCES NORTH DAM","MT01484","72h",2,0.5,0.908327450146515
"LAKE FRANCES NORTH DAM","MT01484","72h",5,0.8,1.28851570061667
"LAKE FRANCES NORTH DAM","MT01484","72h",10,0.9,1.56107972923697
"LAKE FRANCES NORTH DAM","MT01484","72h",25,0.96,1.93118849414464
"LAKE FRANCES NORTH DAM","MT01484","72h",50,0.98,2.22561261147359
"LAKE FRANCES NORTH DAM","MT01484","72h",100,0.99,2.53573471030209
"LAKE FRANCES NORTH DAM","MT01484","72h",200,0.995,2.86351379776086
"LAKE FRANCES NORTH DAM","MT01484","72h",500,0.998,3.32658724464557
"LAKE FRANCES NORTH DAM","MT01484","72h",1000,0.999,3.70124473793791
"LAKE FRANCES NORTH DAM","MT01484","72h",2000,0.9995,4.09842576562526
"LAKE FRANCES NORTH DAM","MT01484","72h",5000,0.9998,4.66046415700096
"LAKE FRANCES NORTH DAM","MT01484","72h",10000,0.9999,5.11553256345567
"BOUNDARY","WA00009","24h",2,0.5,0.943054799165897
"BOUNDARY","WA00009","24h",5,0.8,1.21949518220347
"BOUNDARY","WA00009","24h",10,0.9,1.4079802471282
"BOUNDARY","WA00009","24h",25,0.96,1.65253495239298
"BOUNDARY","WA00009","24h",50,0.98,1.83869536383215
"BOUNDARY","WA00009","24h",100,0.99,2.02756925434826
"BOUNDARY","WA00009","24h",200,0.995,2.21989401148582
"BOUNDARY","WA00009","24h",500,0.998,2.48010651092985
"BOUNDARY","WA00009","24h",1000,0.999,2.68177643620339
"BOUNDARY","WA00009","24h",2000,0.9995,2.88778671032441
"BOUNDARY","WA00009","24h",5000,0.9998,3.16699779238903
"BOUNDARY","WA00009","24h",10000,0.9999,3.38356492399023
"BOUNDARY","WA00009","72h",2,0.5,0.952931010600089
"BOUNDARY","WA00009","72h",5,0.8,1.20418328519232
"BOUNDARY","WA00009","72h",10,0.9,1.3814984728902
"BOUNDARY","WA00009","72h",25,0.96,1.63184366479773
"BOUNDARY","WA00009","72h",50,0.98,1.84253405122879
"BOUNDARY","WA00009","72h",100,0.99,2.07707880007859
"BOUNDARY","WA00009","72h",200,0.995,2.33978720130011
"BOUNDARY","WA00009","72h",500,0.998,2.73757795491308
"BOUNDARY","WA00009","72h",1000,0.999,3.08256656436931
"BOUNDARY","WA00009","72h",2000,0.9995,3.47107519602509
"BOUNDARY","WA00009","72h",5000,0.9998,4.06108645597663
"BOUNDARY","WA00009","72h",10000,0.9999,4.57347007354959
"LEESVILLE","VA14301","24h",2,0.5,0.943380190006782
"LEESVILLE","VA14301","24h",5,0.8,1.19893555732827
"LEESVILLE","VA14301","24h",10,0.9,1.38588935168572
"LEESVILLE","VA14301","24h",25,0.96,1.6578860150296
"LEESVILLE","VA14301","24h",50,0.98,1.89329851966441
"LEESVILLE","VA14301","24h",100,0.99,2.16162419078843
"LEESVILLE","VA14301","24h",200,0.995,2.46927010950618
"LEESVILLE","VA14301","24h",500,0.998,2.94792092084727
"LEESVILLE","VA14301","24h",1000,0.999,3.37426716371034
"LEESVILLE","VA14301","24h",2000,0.9995,3.86562903904662
"LEESVILLE","VA14301","24h",5000,0.9998,4.63227677439868
"LEESVILLE","VA14301","24h",10000,0.9999,5.3160294997964
"LEESVILLE","VA14301","72h",2,0.5,0.94391636818035
"LEESVILLE","VA14301","72h",5,0.8,1.2183523988178
"LEESVILLE","VA14301","72h",10,0.9,1.40502708452901
"LEESVILLE","VA14301","72h",25,0.96,1.64671339632879
"LEESVILLE","VA14301","72h",50,0.98,1.8303074969888
"LEESVILLE","VA14301","72h",100,0.99,2.01624828694728
"LEESVILLE","VA14301","72h",200,0.995,2.20525338865726
"LEESVILLE","VA14301","72h",500,0.998,2.46045338438728
"LEESVILLE","VA14301","72h",1000,0.999,2.65783690720436
"LEESVILLE","VA14301","72h",2000,0.9995,2.85911567415309
"LEESVILLE","VA14301","72h",5000,0.9998,3.13135940802769
"LEESVILLE","VA14301","72h",10000,0.9999,3.34209409185655
"LITTLE GRASS VALLEY","CA00269","24h",2,0.5,0.935443149322065
"LITTLE GRASS VALLEY","CA00269","24h",5,0.8,1.25115381736143
"LITTLE GRASS VALLEY","CA00269","24h",10,0.9,1.46594191825636
"LITTLE GRASS VALLEY","CA00269","24h",25,0.96,1.74407084434322
"LITTLE GRASS VALLEY","CA00269","24h",50,0.98,1.95538085900914
"LITTLE GRASS VALLEY","CA00269","24h",100,0.99,2.16941998575968
"LITTLE GRASS VALLEY","CA00269","24h",200,0.995,2.38701495561995
"LITTLE GRASS VALLEY","CA00269","24h",500,0.998,2.68086234465325
"LITTLE GRASS VALLEY","CA00269","24h",1000,0.999,2.90817190139055
"LITTLE GRASS VALLEY","CA00269","24h",2000,0.9995,3.13999745767266
"LITTLE GRASS VALLEY","CA00269","24h",5000,0.9998,3.45360531935183
"LITTLE GRASS VALLEY","CA00269","24h",10000,0.9999,3.69639522220458
"LITTLE GRASS VALLEY","CA00269","72h",2,0.5,0.915414300810051
"LITTLE GRASS VALLEY","CA00269","72h",5,0.8,1.28555776042877
"LITTLE GRASS VALLEY","CA00269","72h",10,0.9,1.54623711699473
"LITTLE GRASS VALLEY","CA00269","72h",25,0.96,1.89452927182096
"LITTLE GRASS VALLEY","CA00269","72h",50,0.98,2.16729898399239
"LITTLE GRASS VALLEY","CA00269","72h",100,0.99,2.45081293088212
"LITTLE GRASS VALLEY","CA00269","72h",200,0.995,2.74652812846808
"LITTLE GRASS VALLEY","CA00269","72h",500,0.998,3.15793212972339
"LITTLE GRASS VALLEY","CA00269","72h",1000,0.999,3.48574409033925
"LITTLE GRASS VALLEY","CA00269","72h",2000,0.9995,3.82871521446347
"LITTLE GRASS VALLEY","CA00269","72h",5000,0.9998,4.30665828651751
"LITTLE GRASS VALLEY","CA00269","72h",10000,0.9999,4.68778199240653
"NORTH HARTLAND DAM","VT00002","24h",2,0.5,0.914034278923091
"NORTH HARTLAND DAM","VT00002","24h",5,0.8,1.23605007521957
"NORTH HARTLAND DAM","VT00002","24h",10,0.9,1.47530126606606
"NORTH HARTLAND DAM","VT00002","24h",25,0.96,1.81091396020147
"NORTH HARTLAND DAM","VT00002","24h",50,0.98,2.08640667956114
"NORTH HARTLAND DAM","VT00002","24h",100,0.99,2.38445235497288
"NORTH HARTLAND DAM","VT00002","24h",200,0.995,2.70795743357666
"NORTH HARTLAND DAM","VT00002","24h",500,0.998,3.17933719454127
"NORTH HARTLAND DAM","VT00002","24h",1000,0.999,3.57257644199687
"NORTH HARTLAND DAM","VT00002","24h",2000,0.9995,4.0006363519139
"NORTH HARTLAND DAM","VT00002","24h",5000,0.9998,4.62533898046073
"NORTH HARTLAND DAM","VT00002","24h",10000,0.9999,5.14685869020425
"NORTH HARTLAND DAM","VT00002","72h",2,0.5,0.919821798179762
"NORTH HARTLAND DAM","VT00002","72h",5,0.8,1.22727847946794
"NORTH HARTLAND DAM","VT00002","72h",10,0.9,1.4616088771431
"NORTH HARTLAND DAM","VT00002","72h",25,0.96,1.81445263509805
"NORTH HARTLAND DAM","VT00002","72h",50,0.98,2.12976021484916
"NORTH HARTLAND DAM","VT00002","72h",100,0.99,2.49898555961611
"NORTH HARTLAND DAM","VT00002","72h",200,0.995,2.93377425278968
"NORTH HARTLAND DAM","VT00002","72h",500,0.998,3.63159591876896
"NORTH HARTLAND DAM","VT00002","72h",1000,0.999,4.27240711776515
"NORTH HARTLAND DAM","VT00002","72h",2000,0.9995,5.03073254659679
"NORTH HARTLAND DAM","VT00002","72h",5000,0.9998,6.25109548990783
"NORTH HARTLAND DAM","VT00002","72h",10000,0.9999,7.37312811444653
"RIVERSIDE","CO00112","24h",2,0.5,0.927017970326847
"RIVERSIDE","CO00112","24h",5,0.8,1.30046384829905
"RIVERSIDE","CO00112","24h",10,0.9,1.54120099108664
"RIVERSIDE","CO00112","24h",25,0.96,1.83440285357693
"RIVERSIDE","CO00112","24h",50,0.98,2.0444857851279
"RIVERSIDE","CO00112","24h",100,0.99,2.24764680360624
"RIVERSIDE","CO00112","24h",200,0.995,2.44555730867783
"RIVERSIDE","CO00112","24h",500,0.998,2.7009647224735
"RIVERSIDE","CO00112","24h",1000,0.999,2.8904284140905
"RIVERSIDE","CO00112","24h",2000,0.9995,3.07725926607878
"RIVERSIDE","CO00112","24h",5000,0.9998,3.32085951349546
"RIVERSIDE","CO00112","24h",10000,0.9999,3.50296807231086
"RIVERSIDE","CO00112","72h",2,0.5,0.943040998254552
"RIVERSIDE","CO00112","72h",5,0.8,1.30410920125513
"RIVERSIDE","CO00112","72h",10,0.9,1.52757979131585
"RIVERSIDE","CO00112","72h",25,0.96,1.79346069715931
"RIVERSIDE","CO00112","72h",50,0.98,1.98078561628862
"RIVERSIDE","CO00112","72h",100,0.99,2.15994467606887
"RIVERSIDE","CO00112","72h",200,0.995,2.3328983631378
"RIVERSIDE","CO00112","72h",500,0.998,2.55416628459928
"RIVERSIDE","CO00112","72h",1000,0.999,2.71710071570254
"RIVERSIDE","CO00112","72h",2000,0.9995,2.87689868752336
"RIVERSIDE","CO00112","72h",5000,0.9998,3.08410627807026
"RIVERSIDE","CO00112","72h",10000,0.9999,3.23825573517101
"MAHONING CREEK DAM","PA00107","24h",2,0.5,0.930650460162858
"MAHONING CREEK DAM","PA00107","24h",5,0.8,1.2228469779381
"MAHONING CREEK DAM","PA00107","24h",10,0.9,1.43121591987763
"MAHONING CREEK DAM","PA00107","24h",25,0.96,1.71278999972638
"MAHONING CREEK DAM","PA00107","24h",50,0.98,1.93573924536094
"MAHONING CREEK DAM","PA00107","24h",100,0.99,2.16964254235598
"MAHONING CREEK DAM","PA00107","24h",200,0.995,2.41588637488665
"MAHONING CREEK DAM","PA00107","24h",500,0.998,2.76217442561848
"MAHONING CREEK DAM","PA00107","24h",1000,0.999,3.04106905593775
"MAHONING CREEK DAM","PA00107","24h",2000,0.9995,3.33556755509497
"MAHONING CREEK DAM","PA00107","24h",5000,0.9998,3.75039600552322
"MAHONING CREEK DAM","PA00107","24h",10000,0.9999,4.08474462588563
"MAHONING CREEK DAM","PA00107","72h",2,0.5,0.93829336576822
"MAHONING CREEK DAM","PA00107","72h",5,0.8,1.22130545162426
"MAHONING CREEK DAM","PA00107","72h",10,0.9,1.41434399785924
"MAHONING CREEK DAM","PA00107","72h",25,0.96,1.66368525689951
"MAHONING CREEK DAM","PA00107","72h",50,0.98,1.85302866091835
"MAHONING CREEK DAM","PA00107","72h",100,0.99,2.0452673222128
"MAHONING CREEK DAM","PA00107","72h",200,0.995,2.24163513280522
"MAHONING CREEK DAM","PA00107","72h",500,0.998,2.50898773620107
"MAHONING CREEK DAM","PA00107","72h",1000,0.999,2.7179092006841
"MAHONING CREEK DAM","PA00107","72h",2000,0.9995,2.93312524205855
"MAHONING CREEK DAM","PA00107","72h",5000,0.9998,3.22797064322395
"MAHONING CREEK DAM","PA00107","72h",10000,0.9999,3.45928928683895
"UNION CITY DAM","PA00103","24h",2,0.5,0.960555716771383
"UNION CITY DAM","PA00103","24h",5,0.8,1.21556554784163
"UNION CITY DAM","PA00103","24h",10,0.9,1.389484013347
"UNION CITY DAM","PA00103","24h",25,0.96,1.62815137618453
"UNION CITY DAM","PA00103","24h",50,0.98,1.82374486617624
"UNION CITY DAM","PA00103","24h",100,0.99,2.03666508251872
"UNION CITY DAM","PA00103","24h",200,0.995,2.26993147551127
"UNION CITY DAM","PA00103","24h",500,0.998,2.61418065688762
"UNION CITY DAM","PA00103","24h",1000,0.999,2.90526549831484
"UNION CITY DAM","PA00103","24h",2000,0.9995,3.22596277976003
"UNION CITY DAM","PA00103","24h",5000,0.9998,3.70069029784571
"UNION CITY DAM","PA00103","24h",10000,0.9999,4.10266623454994
"UNION CITY DAM","PA00103","72h",2,0.5,0.955341959672475
"UNION CITY DAM","PA00103","72h",5,0.8,1.22367648320028
"UNION CITY DAM","PA00103","72h",10,0.9,1.40894128831285
"UNION CITY DAM","PA00103","72h",25,0.96,1.66578252420076
"UNION CITY DAM","PA00103","72h",50,0.98,1.87828612054694
"UNION CITY DAM","PA00103","72h",100,0.99,2.11147761427773
"UNION CITY DAM","PA00103","72h",200,0.995,2.36898757854347
"UNION CITY DAM","PA00103","72h",500,0.998,2.75253043115629
"UNION CITY DAM","PA00103","72h",1000,0.999,3.07980068936573
"UNION CITY DAM","PA00103","72h",2000,0.9995,3.44320913257596
"UNION CITY DAM","PA00103","72h",5000,0.9998,3.9861162202097
"UNION CITY DAM","PA00103","72h",10000,0.9999,4.45000991865719
"DEWEY DAM","KY03029","24h",2,0.5,0.943961558246931
"DEWEY DAM","KY03029","24h",5,0.8,1.20749285684418
"DEWEY DAM","KY03029","24h",10,0.9,1.38891390094316
"DEWEY DAM","KY03029","24h",25,0.96,1.62636214780711
"DEWEY DAM","KY03029","24h",50,0.98,1.80864589583079
"DEWEY DAM","KY03029","24h",100,0.99,1.99491878981963
"DEWEY DAM","KY03029","24h",200,0.995,2.18595376116821
"DEWEY DAM","KY03029","24h",500,0.998,2.44656853050442
"DEWEY DAM","KY03029","24h",1000,0.999,2.65022162617443
"DEWEY DAM","KY03029","24h",2000,0.9995,2.85974069953034
"DEWEY DAM","KY03029","24h",5000,0.9998,3.14606122300955
"DEWEY DAM","KY03029","24h",10000,0.9999,3.36997839052624
"DEWEY DAM","KY03029","72h",2,0.5,0.954017788068062
"DEWEY DAM","KY03029","72h",5,0.8,1.18461753909797
"DEWEY DAM","KY03029","72h",10,0.9,1.34943370404828
"DEWEY DAM","KY03029","72h",25,0.96,1.58460440114136
"DEWEY DAM","KY03029","72h",50,0.98,1.78448647935561
"DEWEY DAM","KY03029","72h",100,0.99,2.00885696575874
"DEWEY DAM","KY03029","72h",200,0.995,2.26224477638536
"DEWEY DAM","KY03029","72h",500,0.998,2.64960617827249
"DEWEY DAM","KY03029","72h",1000,0.999,2.98872470390664
"DEWEY DAM","KY03029","72h",2000,0.9995,3.37374601872882
"DEWEY DAM","KY03029","72h",5000,0.9998,3.96405029579165
"DEWEY DAM","KY03029","72h",10000,0.9999,4.48152251585544
"LAKE COLORADO CITY DAM","TX01693","24h",2,0.5,0.908940597285276
"LAKE COLORADO CITY DAM","TX01693","24h",5,0.8,1.27888976743375
"LAKE COLORADO CITY DAM","TX01693","24h",10,0.9,1.5459815098868
"LAKE COLORADO CITY DAM","TX01693","24h",25,0.96,1.91098221961732
"LAKE COLORADO CITY DAM","TX01693","24h",50,0.98,2.20313892475477
"LAKE COLORADO CITY DAM","TX01693","24h",100,0.99,2.51249315621373
"LAKE COLORADO CITY DAM","TX01693","24h",200,0.995,2.84117290686052
"LAKE COLORADO CITY DAM","TX01693","24h",500,0.998,3.30834402876687
"LAKE COLORADO CITY DAM","TX01693","24h",1000,0.999,3.68859855887587
"LAKE COLORADO CITY DAM","TX01693","24h",2000,0.9995,4.09381382026975
"LAKE COLORADO CITY DAM","TX01693","24h",5000,0.9998,4.67070222315777
"LAKE COLORADO CITY DAM","TX01693","24h",10000,0.9999,5.14061091917138
"LAKE COLORADO CITY DAM","TX01693","72h",2,0.5,0.912720870264318
"LAKE COLORADO CITY DAM","TX01693","72h",5,0.8,1.29091183433158
"LAKE COLORADO CITY DAM","TX01693","72h",10,0.9,1.55811494299012
"LAKE COLORADO CITY DAM","TX01693","72h",25,0.96,1.91616481531919
"LAKE COLORADO CITY DAM","TX01693","72h",50,0.98,2.19736773254554
"LAKE COLORADO CITY DAM","TX01693","72h",100,0.99,2.49034878211591
"LAKE COLORADO CITY DAM","TX01693","72h",200,0.995,2.79666814638023
"LAKE COLORADO CITY DAM","TX01693","72h",500,0.998,3.22400584817278
"LAKE COLORADO CITY DAM","TX01693","72h",1000,0.999,3.56545173140567
"LAKE COLORADO CITY DAM","TX01693","72h",2000,0.9995,3.92353604802608
"LAKE COLORADO CITY DAM","TX01693","72h",5000,0.9998,4.42391971009629
"LAKE COLORADO CITY DAM","TX01693","72h",10000,0.9999,4.82403576149875
"N SALUDA RESERVOIR DAM","SC00025","24h",2,0.5,0.92852287210157
"N SALUDA RESERVOIR DAM","SC00025","24h",5,0.8,1.23548876404143
"N SALUDA RESERVOIR DAM","SC00025","24h",10,0.9,1.45300647446683
"N SALUDA RESERVOIR DAM","SC00025","24h",25,0.96,1.7452557057102
"N SALUDA RESERVOIR DAM","SC00025","24h",50,0.98,1.97537261990685
"N SALUDA RESERVOIR DAM","SC00025","24h",100,0.99,2.21565419447212
"N SALUDA RESERVOIR DAM","SC00025","24h",200,0.995,2.46742326686685
"N SALUDA RESERVOIR DAM","SC00025","24h",500,0.998,2.81954936372021
"N SALUDA RESERVOIR DAM","SC00025","24h",1000,0.999,3.10160892748081
"N SALUDA RESERVOIR DAM","SC00025","24h",2000,0.9995,3.3980556305209
"N SALUDA RESERVOIR DAM","SC00025","24h",5000,0.9998,3.81335480369387
"N SALUDA RESERVOIR DAM","SC00025","24h",10000,0.9999,4.14627079331796
"N SALUDA RESERVOIR DAM","SC00025","72h",2,0.5,0.923203524834972
"N SALUDA RESERVOIR DAM","SC00025","72h",5,0.8,1.21758101800015
"N SALUDA RESERVOIR DAM","SC00025","72h",10,0.9,1.44196598879793
"N SALUDA RESERVOIR DAM","SC00025","72h",25,0.96,1.77986347217967
"N SALUDA RESERVOIR DAM","SC00025","72h",50,0.98,2.08183894010936
"N SALUDA RESERVOIR DAM","SC00025","72h",100,0.99,2.43547627374105
"N SALUDA RESERVOIR DAM","SC00025","72h",200,0.995,2.85193683363464
"N SALUDA RESERVOIR DAM","SC00025","72h",500,0.998,3.52039449195709
"N SALUDA RESERVOIR DAM","SC00025","72h",1000,0.999,4.13428748175808
"N SALUDA RESERVOIR DAM","SC00025","72h",2000,0.9995,4.86080644853152
"N SALUDA RESERVOIR DAM","SC00025","72h",5000,0.9998,6.03007432061793
"N SALUDA RESERVOIR DAM","SC00025","72h",10000,0.9999,7.10521067020843
"BRIDGEPORT","CA00284","24h",2,0.5,0.924393022993639
"BRIDGEPORT","CA00284","24h",5,0.8,1.27384335578431
"BRIDGEPORT","CA00284","24h",10,0.9,1.51570449725294
"BRIDGEPORT","CA00284","24h",25,0.96,1.83379663933734
"BRIDGEPORT","CA00284","24h",50,0.98,2.07913897225951
"BRIDGEPORT","CA00284","24h",100,0.99,2.33085392283958
"BRIDGEPORT","CA00284","24h",200,0.995,2.59003153667332
"BRIDGEPORT","CA00284","24h",500,0.998,2.94524056663241
"BRIDGEPORT","CA00284","24h",1000,0.999,3.22408840426549
"BRIDGEPORT","CA00284","24h",2000,0.9995,3.51210443926761
"BRIDGEPORT","CA00284","24h",5000,0.9998,3.90750881544396
"BRIDGEPORT","CA00284","24h",10000,0.9999,4.2181545954014
"BRIDGEPORT","CA00284","72h",2,0.5,0.908787567088426
"BRIDGEPORT","CA00284","72h",5,0.8,1.30345589827188
"BRIDGEPORT","CA00284","72h",10,0.9,1.58243173985781
"BRIDGEPORT","CA00284","72h",25,0.96,1.95641637051764
"BRIDGEPORT","CA00284","72h",50,0.98,2.2502551765547
"BRIDGEPORT","CA00284","72h",100,0.99,2.55650882659272
"BRIDGEPORT","CA00284","72h",200,0.995,2.87681681642711
"BRIDGEPORT","CA00284","72h",500,0.998,3.32385069908434
"BRIDGEPORT","CA00284","72h",1000,0.999,3.6811777539204
"BRIDGEPORT","CA00284","72h",2000,0.9995,4.05604729761515
"BRIDGEPORT","CA00284","72h",5000,0.9998,4.58009822901962
"BRIDGEPORT","CA00284","72h",10000,0.9999,4.99930756295734
"COLEMAN DAM","TX02152","24h",2,0.5,0.915096724121789
"COLEMAN DAM","TX02152","24h",5,0.8,1.27328637645005
"COLEMAN DAM","TX02152","24h",10,0.9,1.52860631882767
"COLEMAN DAM","TX02152","24h",25,0.96,1.87349203311595
"COLEMAN DAM","TX02152","24h",50,0.98,2.14646834259248
"COLEMAN DAM","TX02152","24h",100,0.99,2.43276483817412
"COLEMAN DAM","TX02152","24h",200,0.995,2.73406998667162
"COLEMAN DAM","TX02152","24h",500,0.998,3.15763288111757
"COLEMAN DAM","TX02152","24h",1000,0.999,3.49863800475182
"COLEMAN DAM","TX02152","24h",2000,0.9995,3.85860776104733
"COLEMAN DAM","TX02152","24h",5000,0.9998,4.36547127737685
"COLEMAN DAM","TX02152","24h",10000,0.9999,4.77384948653998
"COLEMAN DAM","TX02152","72h",2,0.5,0.914046325484823
"COLEMAN DAM","TX02152","72h",5,0.8,1.28214893298365
"COLEMAN DAM","TX02152","72h",10,0.9,1.54323012368704
"COLEMAN DAM","TX02152","72h",25,0.96,1.89430483054929
"COLEMAN DAM","TX02152","72h",50,0.98,2.17096580270134
"COLEMAN DAM","TX02152","72h",100,0.99,2.46004739498958
"COLEMAN DAM","TX02152","72h",200,0.995,2.76315812460907
"COLEMAN DAM","TX02152","72h",500,0.998,3.18742990233609
"COLEMAN DAM","TX02152","72h",1000,0.999,3.52754934459162
"COLEMAN DAM","TX02152","72h",2000,0.9995,3.88526237287765
"COLEMAN DAM","TX02152","72h",5000,0.9998,4.3867906516283
"COLEMAN DAM","TX02152","72h",10000,0.9999,4.7891492891105
"CHAMPION CREEK DAM","TX01691","24h",2,0.5,0.908708671756639
"CHAMPION CREEK DAM","TX01691","24h",5,0.8,1.27879418749952
"CHAMPION CREEK DAM","TX01691","24h",10,0.9,1.5461842145823
"CHAMPION CREEK DAM","TX01691","24h",25,0.96,1.91184119809734
"CHAMPION CREEK DAM","TX01691","24h",50,0.98,2.2047155276234
"CHAMPION CREEK DAM","TX01691","24h",100,0.99,2.51500319749615
"CHAMPION CREEK DAM","TX01691","24h",200,0.995,2.8448582050922
"CHAMPION CREEK DAM","TX01691","24h",500,0.998,3.31400293242987
"CHAMPION CREEK DAM","TX01691","24h",1000,0.999,3.69610878578074
"CHAMPION CREEK DAM","TX01691","24h",2000,0.9995,4.10352244711822
"CHAMPION CREEK DAM","TX01691","24h",5000,0.9998,4.68391481714024
"CHAMPION CREEK DAM","TX01691","24h",10000,0.9999,5.15698056397234
"CHAMPION CREEK DAM","TX01691","72h",2,0.5,0.909945874913449
"CHAMPION CREEK DAM","TX01691","72h",5,0.8,1.29322707285812
"CHAMPION CREEK DAM","TX01691","72h",10,0.9,1.56563217283484
"CHAMPION CREEK DAM","TX01691","72h",25,0.96,1.9326172477225
"CHAMPION CREEK DAM","TX01691","72h",50,0.98,2.22233777389956
"CHAMPION CREEK DAM","TX01691","72h",100,0.99,2.52552985914357
"CHAMPION CREEK DAM","TX01691","72h",200,0.995,2.84392111340006
"CHAMPION CREEK DAM","TX01691","72h",500,0.998,3.29037113372037
"CHAMPION CREEK DAM","TX01691","72h",1000,0.999,3.64889977140426
"CHAMPION CREEK DAM","TX01691","72h",2000,0.9995,4.02654701784545
"CHAMPION CREEK DAM","TX01691","72h",5000,0.9998,4.55696001500779
"CHAMPION CREEK DAM","TX01691","72h",10000,0.9999,4.98323996185366
"HIDDEN DAM","CA10244","24h",2,0.5,0.925770405380309
"HIDDEN DAM","CA10244","24h",5,0.8,1.26079583075476
"HIDDEN DAM","CA10244","24h",10,0.9,1.4944117502057
"HIDDEN DAM","CA10244","24h",25,0.96,1.80374656991066
"HIDDEN DAM","CA10244","24h",50,0.98,2.04390384745847
"HIDDEN DAM","CA10244","24h",100,0.99,2.29167667271789
"HIDDEN DAM","CA10244","24h",200,0.995,2.54821380158585
"HIDDEN DAM","CA10244","24h",500,0.998,2.90207220843396
"HIDDEN DAM","CA10244","24h",1000,0.999,3.18164280974496
"HIDDEN DAM","CA10244","24h",2000,0.9995,3.47200309738648
"HIDDEN DAM","CA10244","24h",5000,0.9998,3.87319167122525
"HIDDEN DAM","CA10244","24h",10000,0.9999,4.19040260649648
"HIDDEN DAM","CA10244","72h",2,0.5,0.905574386231322
"HIDDEN DAM","CA10244","72h",5,0.8,1.29822100297336
"HIDDEN DAM","CA10244","72h",10,0.9,1.57946421440574
"HIDDEN DAM","CA10244","72h",25,0.96,1.96104689939432
"HIDDEN DAM","CA10244","72h",50,0.98,2.26435945678879
"HIDDEN DAM","CA10244","72h",100,0.99,2.58362956949181
"HIDDEN DAM","CA10244","72h",200,0.995,2.92085237243739
"HIDDEN DAM","CA10244","72h",500,0.998,3.39689844958819
"HIDDEN DAM","CA10244","72h",1000,0.999,3.78175552401698
"HIDDEN DAM","CA10244","72h",2000,0.9995,4.18947841779905
"HIDDEN DAM","CA10244","72h",5000,0.9998,4.76598829925459
"HIDDEN DAM","CA10244","72h",10000,0.9999,5.23241539096501
"BIG CREEK DAM NO. 1","CA00434","24h",2,0.5,0.907974345813806
"BIG CREEK DAM NO. 1","CA00434","24h",5,0.8,1.29537026640753
"BIG CREEK DAM NO. 1","CA00434","24h",10,0.9,1.57170909310753
"BIG CREEK DAM NO. 1","CA00434","24h",25,0.96,1.94523328042275
"BIG CREEK DAM NO. 1","CA00434","24h",50,0.98,2.24106537633989
"BIG CREEK DAM NO. 1","CA00434","24h",100,0.99,2.55150133592061
"BIG CREEK DAM NO. 1","CA00434","24h",200,0.995,2.87838777734368
"BIG CREEK DAM NO. 1","CA00434","24h",500,0.998,3.33819982812111
"BIG CREEK DAM NO. 1","CA00434","24h",1000,0.999,3.70861903912983
"BIG CREEK DAM NO. 1","CA00434","24h",2000,0.9995,4.0998487560178
"BIG CREEK DAM NO. 1","CA00434","24h",5000,0.9998,4.6510730289389
"BIG CREEK DAM NO. 1","CA00434","24h",10000,0.9999,5.09546859630655
"BIG CREEK DAM NO. 1","CA00434","72h",2,0.5,0.901607147793291
"BIG CREEK DAM NO. 1","CA00434","72h",5,0.8,1.3083095704534
"BIG CREEK DAM NO. 1","CA00434","72h",10,0.9,1.60021122651438
"BIG CREEK DAM NO. 1","CA00434","72h",25,0.96,1.99698487829319
"BIG CREEK DAM NO. 1","CA00434","72h",50,0.98,2.31293405179805
"BIG CREEK DAM NO. 1","CA00434","72h",100,0.99,2.64600983302572
"BIG CREEK DAM NO. 1","CA00434","72h",200,0.995,2.99834506327547
"BIG CREEK DAM NO. 1","CA00434","72h",500,0.998,3.49659581586906
"BIG CREEK DAM NO. 1","CA00434","72h",1000,0.999,3.90010419854509
"BIG CREEK DAM NO. 1","CA00434","72h",2000,0.9995,4.32822797537561
"BIG CREEK DAM NO. 1","CA00434","72h",5000,0.9998,4.93464187387349
"BIG CREEK DAM NO. 1","CA00434","72h",10000,0.9999,5.42611461833617
"PIKE ISLAND LOCKS & DAM","WV06908","24h",2,0.5,0.926275872372773
"PIKE ISLAND LOCKS & DAM","WV06908","24h",5,0.8,1.21236446818248
"PIKE ISLAND LOCKS & DAM","WV06908","24h",10,0.9,1.42224595167466
"PIKE ISLAND LOCKS & DAM","WV06908","24h",25,0.96,1.71327752105639
"PIKE ISLAND LOCKS & DAM","WV06908","24h",50,0.98,1.94952875063046
"PIKE ISLAND LOCKS & DAM","WV06908","24h",100,0.99,2.20270447550945
"PIKE ISLAND LOCKS & DAM","WV06908","24h",200,0.995,2.47492332747335
"PIKE ISLAND LOCKS & DAM","WV06908","24h",500,0.998,2.86724203343544
"PIKE ISLAND LOCKS & DAM","WV06908","24h",1000,0.999,3.1909868495137
"PIKE ISLAND LOCKS & DAM","WV06908","24h",2000,0.9995,3.54010167709911
"PIKE ISLAND LOCKS & DAM","WV06908","24h",5000,0.9998,4.04404149792437
"PIKE ISLAND LOCKS & DAM","WV06908","24h",10000,0.9999,4.46020037138077
"PIKE ISLAND LOCKS & DAM","WV06908","72h",2,0.5,0.938005419931069
"PIKE ISLAND LOCKS & DAM","WV06908","72h",5,0.8,1.21137068354903
"PIKE ISLAND LOCKS & DAM","WV06908","72h",10,0.9,1.40002083254484
"PIKE ISLAND LOCKS & DAM","WV06908","72h",25,0.96,1.64578657535419
"PIKE ISLAND LOCKS & DAM","WV06908","72h",50,0.98,1.83375642650923
"PIKE ISLAND LOCKS & DAM","WV06908","72h",100,0.99,2.02563241847599
"PIKE ISLAND LOCKS & DAM","WV06908","72h",200,0.995,2.22259114769634
"PIKE ISLAND LOCKS & DAM","WV06908","72h",500,0.998,2.49214631982881
"PIKE ISLAND LOCKS & DAM","WV06908","72h",1000,0.999,2.70380203145275
"PIKE ISLAND LOCKS & DAM","WV06908","72h",2000,0.9995,2.9226796690076
"PIKE ISLAND LOCKS & DAM","WV06908","72h",5000,0.9998,3.2238149724896
"PIKE ISLAND LOCKS & DAM","WV06908","72h",10000,0.9999,3.46101573689055
"APPLEGATE","OR00624","24h",2,0.5,0.935272763488203
"APPLEGATE","OR00624","24h",5,0.8,1.25506636042044
"APPLEGATE","OR00624","24h",10,0.9,1.47197577962716
"APPLEGATE","OR00624","24h",25,0.96,1.75208536042133
"APPLEGATE","OR00624","24h",50,0.98,1.96433680666552
"APPLEGATE","OR00624","24h",100,0.99,2.17884589063535
"APPLEGATE","OR00624","24h",200,0.995,2.39643076400126
"APPLEGATE","OR00624","24h",500,0.998,2.6895029706838
"APPLEGATE","OR00624","24h",1000,0.999,2.91562721715341
"APPLEGATE","OR00624","24h",2000,0.9995,3.14573050979843
"APPLEGATE","OR00624","24h",5000,0.9998,3.4562035811666
"APPLEGATE","OR00624","24h",10000,0.9999,3.69594634685531
"APPLEGATE","OR00624","72h",2,0.5,0.945714419260877
"APPLEGATE","OR00624","72h",5,0.8,1.26361235204529
"APPLEGATE","OR00624","72h",10,0.9,1.469431349935
"APPLEGATE","OR00624","72h",25,0.96,1.72429621597178
"APPLEGATE","OR00624","72h",50,0.98,1.90969779210924
"APPLEGATE","OR00624","72h",100,0.99,2.090694359539
"APPLEGATE","OR00624","72h",200,0.995,2.26807176153206
"APPLEGATE","OR00624","72h",500,0.998,2.49765098538739
"APPLEGATE","OR00624","72h",1000,0.999,2.6678732276693
"APPLEGATE","OR00624","72h",2000,0.9995,2.83525578693984
"APPLEGATE","OR00624","72h",5000,0.9998,3.05229514949549
"APPLEGATE","OR00624","72h",10000,0.9999,3.21335625150139
"RIDGWAY","CO02706","24h",2,0.5,0.941656553824609
"RIDGWAY","CO02706","24h",5,0.8,1.2361441522424
"RIDGWAY","CO02706","24h",10,0.9,1.43464534040399
"RIDGWAY","CO02706","24h",25,0.96,1.68954048978828
"RIDGWAY","CO02706","24h",50,0.98,1.88163057729382
"RIDGWAY","CO02706","24h",100,0.99,2.07486254012946
"RIDGWAY","CO02706","24h",200,0.995,2.26996021808835
"RIDGWAY","CO02706","24h",500,0.998,2.53133855156441
"RIDGWAY","CO02706","24h",1000,0.999,2.73193369012861
"RIDGWAY","CO02706","24h",2000,0.9995,2.93512075501864
"RIDGWAY","CO02706","24h",5000,0.9998,3.20781371572549
"RIDGWAY","CO02706","24h",10000,0.9999,3.41726181028788
"RIDGWAY","CO02706","72h",2,0.5,0.950345730732515
"RIDGWAY","CO02706","72h",5,0.8,1.21590118909081
"RIDGWAY","CO02706","72h",10,0.9,1.40324067549987
"RIDGWAY","CO02706","72h",25,0.96,1.66765671946163
"RIDGWAY","CO02706","72h",50,0.98,1.89012460593569
"RIDGWAY","CO02706","72h",100,0.99,2.13771981055583
"RIDGWAY","CO02706","72h",200,0.995,2.4149787340438
"RIDGWAY","CO02706","72h",500,0.998,2.83468393574519
"RIDGWAY","CO02706","72h",1000,0.999,3.19857749608481
"RIDGWAY","CO02706","72h",2000,0.9995,3.6082778637071
"RIDGWAY","CO02706","72h",5000,0.9998,4.23029824888883
"RIDGWAY","CO02706","72h",10000,0.9999,4.77033058122542
"DIABLO","WA00170","24h",2,0.5,0.940995079531699
"DIABLO","WA00170","24h",5,0.8,1.24267216417118
"DIABLO","WA00170","24h",10,0.9,1.44526937219209
"DIABLO","WA00170","24h",25,0.96,1.70455735579766
"DIABLO","WA00170","24h",50,0.98,1.89932559981182
"DIABLO","WA00170","24h",100,0.99,2.09471309101277
"DIABLO","WA00170","24h",200,0.995,2.29144784287298
"DIABLO","WA00170","24h",500,0.998,2.55418506084231
"DIABLO","WA00170","24h",1000,0.999,2.75518638185158
"DIABLO","WA00170","24h",2000,0.9995,2.95823104137647
"DIABLO","WA00170","24h",5000,0.9998,3.22987219009119
"DIABLO","WA00170","24h",10000,0.9999,3.43785434586036
"DIABLO","WA00170","72h",2,0.5,0.944210850032138
"DIABLO","WA00170","72h",5,0.8,1.239753742404
"DIABLO","WA00170","72h",10,0.9,1.43625641105211
"DIABLO","WA00170","72h",25,0.96,1.68548484431373
"DIABLO","WA00170","72h",50,0.98,1.87106212704812
"DIABLO","WA00170","72h",100,0.99,2.05584853421218
"DIABLO","WA00170","72h",200,0.995,2.24053658346949
"DIABLO","WA00170","72h",500,0.998,2.48507991693846
"DIABLO","WA00170","72h",1000,0.999,2.67056842988928
"DIABLO","WA00170","72h",2000,0.9995,2.85656711188623
"DIABLO","WA00170","72h",5000,0.9998,3.10328391050407
"DIABLO","WA00170","72h",10000,0.9999,3.29057506724959
"ANDERSON","CA00294","24h",2,0.5,0.931172304860956
"ANDERSON","CA00294","24h",5,0.8,1.25645032053306
"ANDERSON","CA00294","24h",10,0.9,1.48004067070546
"ANDERSON","CA00294","24h",25,0.96,1.77228058336937
"ANDERSON","CA00294","24h",50,0.98,1.99632899977252
"ANDERSON","CA00294","24h",100,0.99,2.22502229498861
"ANDERSON","CA00294","24h",200,0.995,2.45929904345716
"ANDERSON","CA00294","24h",500,0.998,2.77848973878822
"ANDERSON","CA00294","24h",1000,0.999,3.0275930575044
"ANDERSON","CA00294","24h",2000,0.9995,3.28358540475063
"ANDERSON","CA00294","24h",5000,0.9998,3.63296058572873
"ANDERSON","CA00294","24h",10000,0.9999,3.90583630163301
"ANDERSON","CA00294","72h",2,0.5,0.924752003940285
"ANDERSON","CA00294","72h",5,0.8,1.28870164960541
"ANDERSON","CA00294","72h",10,0.9,1.53712661225597
"ANDERSON","CA00294","72h",25,0.96,1.85977319144581
"ANDERSON","CA00294","72h",50,0.98,2.10561636747634
"ANDERSON","CA00294","72h",100,0.99,2.35524791021295
"ANDERSON","CA00294","72h",200,0.995,2.60964812208866
"ANDERSON","CA00294","72h",500,0.998,2.95417375981403
"ANDERSON","CA00294","72h",1000,0.999,3.22144003408449
"ANDERSON","CA00294","72h",2000,0.9995,3.49468043266477
"ANDERSON","CA00294","72h",5000,0.9998,3.86536019552861
"ANDERSON","CA00294","72h",10000,0.9999,4.15314505621673
"HERBERT HOOVER DIKE","FL36001","24h",2,0.5,0.899102481089391
"HERBERT HOOVER DIKE","FL36001","24h",5,0.8,1.26027198529823
"HERBERT HOOVER DIKE","FL36001","24h",10,0.9,1.53313744794805
"HERBERT HOOVER DIKE","FL36001","24h",25,0.96,1.92179183996029
"HERBERT HOOVER DIKE","FL36001","24h",50,0.98,2.24554955634355
"HERBERT HOOVER DIKE","FL36001","24h",100,0.99,2.60023223748637
"HERBERT HOOVER DIKE","FL36001","24h",200,0.995,2.99004463363425
"HERBERT HOOVER DIKE","FL36001","24h",500,0.998,3.56634279138078
"HERBERT HOOVER DIKE","FL36001","24h",1000,0.999,4.05405728262974
"HERBERT HOOVER DIKE","FL36001","24h",2000,0.9995,4.591589472757
"HERBERT HOOVER DIKE","FL36001","24h",5000,0.9998,5.38749404219157
"HERBERT HOOVER DIKE","FL36001","24h",10000,0.9999,6.06153150979268
"HERBERT HOOVER DIKE","FL36001","72h",2,0.5,0.924936630916202
"HERBERT HOOVER DIKE","FL36001","72h",5,0.8,1.2453938886677
"HERBERT HOOVER DIKE","FL36001","72h",10,0.9,1.48296544753034
"HERBERT HOOVER DIKE","FL36001","72h",25,0.96,1.83247520541773
"HERBERT HOOVER DIKE","FL36001","72h",50,0.98,2.13812813978094
"HERBERT HOOVER DIKE","FL36001","72h",100,0.99,2.48957643804544
"HERBERT HOOVER DIKE","FL36001","72h",200,0.995,2.89602864116355
"HERBERT HOOVER DIKE","FL36001","72h",500,0.998,3.53480701560873
"HERBERT HOOVER DIKE","FL36001","72h",1000,0.999,4.10943650362673
"HERBERT HOOVER DIKE","FL36001","72h",2000,0.9995,4.77739567797955
"HERBERT HOOVER DIKE","FL36001","72h",5000,0.9998,5.83007982898167
"HERBERT HOOVER DIKE","FL36001","72h",10000,0.9999,6.77824942078769
"RAAD - ACORN RIDGE","ND01072","24h",2,0.5,0.916124061544884
"RAAD - ACORN RIDGE","ND01072","24h",5,0.8,1.26865208221823
"RAAD - ACORN RIDGE","ND01072","24h",10,0.9,1.5202526002283
"RAAD - ACORN RIDGE","ND01072","24h",25,0.96,1.86050270494935
"RAAD - ACORN RIDGE","ND01072","24h",50,0.98,2.13010757846558
"RAAD - ACORN RIDGE","ND01072","24h",100,0.99,2.41313415628032
"RAAD - ACORN RIDGE","ND01072","24h",200,0.995,2.71127666867622
"RAAD - ACORN RIDGE","ND01072","24h",500,0.998,3.13084896825251
"RAAD - ACORN RIDGE","ND01072","24h",1000,0.999,3.46900566739343
"RAAD - ACORN RIDGE","ND01072","24h",2000,0.9995,3.82630095955665
"RAAD - ACORN RIDGE","ND01072","24h",5000,0.9998,4.32994396408847
"RAAD - ACORN RIDGE","ND01072","24h",10000,0.9999,4.73616462273031
"RAAD - ACORN RIDGE","ND01072","72h",2,0.5,0.925788470478954
"RAAD - ACORN RIDGE","ND01072","72h",5,0.8,1.26235588759935
"RAAD - ACORN RIDGE","ND01072","72h",10,0.9,1.49668799717491
"RAAD - ACORN RIDGE","ND01072","72h",25,0.96,1.80654082973772
"RAAD - ACORN RIDGE","ND01072","72h",50,0.98,2.04677718798618
"RAAD - ACORN RIDGE","ND01072","72h",100,0.99,2.29434845473964
"RAAD - ACORN RIDGE","ND01072","72h",200,0.995,2.55038567740913
"RAAD - ACORN RIDGE","ND01072","72h",500,0.998,2.90308917955318
"RAAD - ACORN RIDGE","ND01072","72h",1000,0.999,3.18138209563101
"RAAD - ACORN RIDGE","ND01072","72h",2000,0.9995,3.47008861377882
"RAAD - ACORN RIDGE","ND01072","72h",5000,0.9998,3.86846774759376
"RAAD - ACORN RIDGE","ND01072","72h",10000,0.9999,4.18304492270893
"WRIGHT PATMAN DAM AND LAKE","TX00021","24h",2,0.5,0.926018608905479
"WRIGHT PATMAN DAM AND LAKE","TX00021","24h",5,0.8,1.23584080803774
"WRIGHT PATMAN DAM AND LAKE","TX00021","24h",10,0.9,1.45722974421221
"WRIGHT PATMAN DAM AND LAKE","TX00021","24h",25,0.96,1.75695281790849
"WRIGHT PATMAN DAM AND LAKE","TX00021","24h",50,0.98,1.99469771615068
"WRIGHT PATMAN DAM AND LAKE","TX00021","24h",100,0.99,2.24450417037173
"WRIGHT PATMAN DAM AND LAKE","TX00021","24h",200,0.995,2.50788923970041
"WRIGHT PATMAN DAM AND LAKE","TX00021","24h",500,0.998,2.87893527445898
"WRIGHT PATMAN DAM AND LAKE","TX00021","24h",1000,0.999,3.17829229682875
"WRIGHT PATMAN DAM AND LAKE","TX00021","24h",2000,0.9995,3.49487534523288
"WRIGHT PATMAN DAM AND LAKE","TX00021","24h",5000,0.9998,3.94159586075504
"WRIGHT PATMAN DAM AND LAKE","TX00021","24h",10000,0.9999,4.30227835696901
"WRIGHT PATMAN DAM AND LAKE","TX00021","72h",2,0.5,0.930235529369529
"WRIGHT PATMAN DAM AND LAKE","TX00021","72h",5,0.8,1.24585639628819
"WRIGHT PATMAN DAM AND LAKE","TX00021","72h",10,0.9,1.46200137071456
"WRIGHT PATMAN DAM AND LAKE","TX00021","72h",25,0.96,1.7420080634741
"WRIGHT PATMAN DAM AND LAKE","TX00021","72h",50,0.98,1.95516085521422
"WRIGHT PATMAN DAM AND LAKE","TX00021","72h",100,0.99,2.17197340079978
"WRIGHT PATMAN DAM AND LAKE","TX00021","72h",200,0.995,2.39381472890845
"WRIGHT PATMAN DAM AND LAKE","TX00021","72h",500,0.998,2.69638809104843
"WRIGHT PATMAN DAM AND LAKE","TX00021","72h",1000,0.999,2.93322189607743
"WRIGHT PATMAN DAM AND LAKE","TX00021","72h",2000,0.9995,3.17751495327495
"WRIGHT PATMAN DAM AND LAKE","TX00021","72h",5000,0.9998,3.51268234622918
"WRIGHT PATMAN DAM AND LAKE","TX00021","72h",10000,0.9999,3.77599632776064
"WOLF CREEK","KY03010","24h",2,0.5,0.941146632181832
"WOLF CREEK","KY03010","24h",5,0.8,1.21169216068432
"WOLF CREEK","KY03010","24h",10,0.9,1.39610461413946
"WOLF CREEK","KY03010","24h",25,0.96,1.63418788103617
"WOLF CREEK","KY03010","24h",50,0.98,1.81490850439096
"WOLF CREEK","KY03010","24h",100,0.99,1.99833619868863
"WOLF CREEK","KY03010","24h",200,0.995,2.18565158844942
"WOLF CREEK","KY03010","24h",500,0.998,2.44060392398042
"WOLF CREEK","KY03010","24h",1000,0.999,2.63978082416101
"WOLF CREEK","KY03010","24h",2000,0.9995,2.84491352105827
"WOLF CREEK","KY03010","24h",5000,0.9998,3.12587695996138
"WOLF CREEK","KY03010","24h",10000,0.9999,3.34625438374149
"WOLF CREEK","KY03010","72h",2,0.5,0.945052229106974
"WOLF CREEK","KY03010","72h",5,0.8,1.22242544524765
"WOLF CREEK","KY03010","72h",10,0.9,1.40667865875126
"WOLF CREEK","KY03010","72h",25,0.96,1.64011897273824
"WOLF CREEK","KY03010","72h",50,0.98,1.81453973084324
"WOLF CREEK","KY03010","72h",100,0.99,1.98948302228509
"WOLF CREEK","KY03010","72h",200,0.995,2.16621925362507
"WOLF CREEK","KY03010","72h",500,0.998,2.40403426698468
"WOLF CREEK","KY03010","72h",1000,0.999,2.58786937349998
"WOLF CREEK","KY03010","72h",2000,0.9995,2.77559556893809
"WOLF CREEK","KY03010","72h",5000,0.9998,3.03032996400616
"WOLF CREEK","KY03010","72h",10000,0.9999,3.22838039687134
"DENISON DAM","OK10317","24h",2,0.5,0.920399412710972
"DENISON DAM","OK10317","24h",5,0.8,1.25049148466137
"DENISON DAM","OK10317","24h",10,0.9,1.48714810972373
"DENISON DAM","OK10317","24h",25,0.96,1.80850822469167
"DENISON DAM","OK10317","24h",50,0.98,2.06415954589316
"DENISON DAM","OK10317","24h",100,0.99,2.33344794236477
"DENISON DAM","OK10317","24h",200,0.995,2.61807512711671
"DENISON DAM","OK10317","24h",500,0.998,3.02019623436535
"DENISON DAM","OK10317","24h",1000,0.999,3.34554800930055
"DENISON DAM","OK10317","24h",2000,0.9995,3.69046724288901
"DENISON DAM","OK10317","24h",5000,0.9998,4.17856490605224
"DENISON DAM","OK10317","24h",10000,0.9999,4.57377605254982
"DENISON DAM","OK10317","72h",2,0.5,0.925901101025162
"DENISON DAM","OK10317","72h",5,0.8,1.24705849775421
"DENISON DAM","OK10317","72h",10,0.9,1.473947666884
"DENISON DAM","OK10317","72h",25,0.96,1.77795526983268
"DENISON DAM","OK10317","72h",50,0.98,2.01669815039114
"DENISON DAM","OK10317","72h",100,0.99,2.26542595746288
"DENISON DAM","OK10317","72h",200,0.995,2.52546203522353
"DENISON DAM","OK10317","72h",500,0.998,2.88820633005288
"DENISON DAM","OK10317","72h",1000,0.999,3.17802187547571
"DENISON DAM","OK10317","72h",2000,0.9995,3.48194207494547
"DENISON DAM","OK10317","72h",5000,0.9998,3.90660825820807
"DENISON DAM","OK10317","72h",10000,0.9999,4.24615610458821
"AMISTAD","TX02296","24h",2,0.5,0.876624832164035
"AMISTAD","TX02296","24h",5,0.8,1.30505460271178
"AMISTAD","TX02296","24h",10,0.9,1.63245621675897
"AMISTAD","TX02296","24h",25,0.96,2.10368907181388
"AMISTAD","TX02296","24h",50,0.98,2.50020314801147
"AMISTAD","TX02296","24h",100,0.99,2.93833615220941
"AMISTAD","TX02296","24h",200,0.995,3.42399218734617
"AMISTAD","TX02296","24h",500,0.998,4.14915434924856
"AMISTAD","TX02296","24h",1000,0.999,4.76890377101374
"AMISTAD","TX02296","24h",2000,0.9995,5.45778468403842
"AMISTAD","TX02296","24h",5000,0.9998,6.48794744650149
"AMISTAD","TX02296","24h",10000,0.9999,7.36896948911467
"AMISTAD","TX02296","72h",2,0.5,0.877094936200603
"AMISTAD","TX02296","72h",5,0.8,1.31718749347539
"AMISTAD","TX02296","72h",10,0.9,1.64963868695517
"AMISTAD","TX02296","72h",25,0.96,2.12311024166352
"AMISTAD","TX02296","72h",50,0.98,2.517479701173
"AMISTAD","TX02296","72h",100,0.99,2.9494788354848
"AMISTAD","TX02296","72h",200,0.995,3.42422176562958
"AMISTAD","TX02296","72h",500,0.998,4.12600583800378
"AMISTAD","TX02296","72h",1000,0.999,4.7198546525672
"AMISTAD","TX02296","72h",2000,0.9995,5.3743022409024
"AMISTAD","TX02296","72h",5000,0.9998,6.34321552866012
"AMISTAD","TX02296","72h",10000,0.9999,7.16368412080906
"EUFAULA LAKE","OK10308","24h",2,0.5,0.934897907235414
"EUFAULA LAKE","OK10308","24h",5,0.8,1.24278942470111
"EUFAULA LAKE","OK10308","24h",10,0.9,1.45438225183944
"EUFAULA LAKE","OK10308","24h",25,0.96,1.73088618400735
"EUFAULA LAKE","OK10308","24h",50,0.98,1.94282972544978
"EUFAULA LAKE","OK10308","24h",100,0.99,2.15913185095519
"EUFAULA LAKE","OK10308","24h",200,0.995,2.38067890522109
"EUFAULA LAKE","OK10308","24h",500,0.998,2.68246916197823
"EUFAULA LAKE","OK10308","24h",1000,0.999,2.91794863115084
"EUFAULA LAKE","OK10308","24h",2000,0.9995,3.15990123429367
"EUFAULA LAKE","OK10308","24h",5000,0.9998,3.49005309504881
"EUFAULA LAKE","OK10308","24h",10000,0.9999,3.74786633747899
"EUFAULA LAKE","OK10308","72h",2,0.5,0.922885679649599
"EUFAULA LAKE","OK10308","72h",5,0.8,1.24640481112807
"EUFAULA LAKE","OK10308","72h",10,0.9,1.47744268679208
"EUFAULA LAKE","OK10308","72h",25,0.96,1.79005855595189
"EUFAULA LAKE","OK10308","72h",50,0.98,2.03789977361466
"EUFAULA LAKE","OK10308","72h",100,0.99,2.29819812930923
"EUFAULA LAKE","OK10308","72h",200,0.995,2.5725231567511
"EUFAULA LAKE","OK10308","72h",500,0.998,2.95878109987331
"EUFAULA LAKE","OK10308","72h",1000,0.999,3.27025097923895
"EUFAULA LAKE","OK10308","72h",2000,0.9995,3.59949789265973
"EUFAULA LAKE","OK10308","72h",5000,0.9998,4.06384827160121
"EUFAULA LAKE","OK10308","72h",10000,0.9999,4.43857286401225
"LAKE GEORGE OUTLET","NY00230","24h",2,0.5,0.94229176358775
"LAKE GEORGE OUTLET","NY00230","24h",5,0.8,1.20071907681401
"LAKE GEORGE OUTLET","NY00230","24h",10,0.9,1.39012132948481
"LAKE GEORGE OUTLET","NY00230","24h",25,0.96,1.66610393304346
"LAKE GEORGE OUTLET","NY00230","24h",50,0.98,1.90530842237682
"LAKE GEORGE OUTLET","NY00230","24h",100,0.99,2.1782857037336
"LAKE GEORGE OUTLET","NY00230","24h",200,0.995,2.49163898607652
"LAKE GEORGE OUTLET","NY00230","24h",500,0.998,2.97984746507456
"LAKE GEORGE OUTLET","NY00230","24h",1000,0.999,3.41530089657174
"LAKE GEORGE OUTLET","NY00230","24h",2000,0.9995,3.91775287231617
"LAKE GEORGE OUTLET","NY00230","24h",5000,0.9998,4.70278913900972
"LAKE GEORGE OUTLET","NY00230","24h",10000,0.9999,5.40389629945465
"LAKE GEORGE OUTLET","NY00230","72h",2,0.5,0.937235968914578
"LAKE GEORGE OUTLET","NY00230","72h",5,0.8,1.22211758172629
"LAKE GEORGE OUTLET","NY00230","72h",10,0.9,1.42041299145188
"LAKE GEORGE OUTLET","NY00230","72h",25,0.96,1.68255419066119
"LAKE GEORGE OUTLET","NY00230","72h",50,0.98,1.88575277721095
"LAKE GEORGE OUTLET","NY00230","72h",100,0.99,2.09511530604805
"LAKE GEORGE OUTLET","NY00230","72h",200,0.995,2.31159594024812
"LAKE GEORGE OUTLET","NY00230","72h",500,0.998,2.60974243809644
"LAKE GEORGE OUTLET","NY00230","72h",1000,0.999,2.84493662739978
"LAKE GEORGE OUTLET","NY00230","72h",2000,0.9995,3.08888541082873
"LAKE GEORGE OUTLET","NY00230","72h",5000,0.9998,3.42543019294041
"LAKE GEORGE OUTLET","NY00230","72h",10000,0.9999,3.69112195491436
"SALUDA","SC00224","24h",2,0.5,0.915738244112613
"SALUDA","SC00224","24h",5,0.8,1.21949611925078
"SALUDA","SC00224","24h",10,0.9,1.44838397286989
"SALUDA","SC00224","24h",25,0.96,1.77361636031069
"SALUDA","SC00224","24h",50,0.98,2.04391611138856
"SALUDA","SC00224","24h",100,0.99,2.33945054968196
"SALUDA","SC00224","24h",200,0.995,2.66361921867072
"SALUDA","SC00224","24h",500,0.998,3.1417761103889
"SALUDA","SC00224","24h",1000,0.999,3.54552198500661
"SALUDA","SC00224","24h",2000,0.9995,3.98963993461774
"SALUDA","SC00224","24h",5000,0.9998,4.64573209526677
"SALUDA","SC00224","24h",10000,0.9999,5.20011294053215
"SALUDA","SC00224","72h",2,0.5,0.927987559241811
"SALUDA","SC00224","72h",5,0.8,1.20254983010586
"SALUDA","SC00224","72h",10,0.9,1.41213579629313
"SALUDA","SC00224","72h",25,0.96,1.72813421013378
"SALUDA","SC00224","72h",50,0.98,2.0108599971283
"SALUDA","SC00224","72h",100,0.99,2.34227271032739
"SALUDA","SC00224","72h",200,0.995,2.7329316212869
"SALUDA","SC00224","72h",500,0.998,3.36066983616705
"SALUDA","SC00224","72h",1000,0.999,3.93779274748525
"SALUDA","SC00224","72h",2000,0.9995,4.62143900847274
"SALUDA","SC00224","72h",5000,0.9998,5.72292047027987
"SALUDA","SC00224","72h",10000,0.9999,6.73682410101456
"LONG SAULT DAM","NY00677","24h",2,0.5,0.936139423188928
"LONG SAULT DAM","NY00677","24h",5,0.8,1.2284528851996
"LONG SAULT DAM","NY00677","24h",10,0.9,1.43138195950968
"LONG SAULT DAM","NY00677","24h",25,0.96,1.69900422852446
"LONG SAULT DAM","NY00677","24h",50,0.98,1.90596869865581
"LONG SAULT DAM","NY00677","24h",100,0.99,2.11878925488825
"LONG SAULT DAM","NY00677","24h",200,0.995,2.33841229986766
"LONG SAULT DAM","NY00677","24h",500,0.998,2.64019620452271
"LONG SAULT DAM","NY00677","24h",1000,0.999,2.87771911410596
"LONG SAULT DAM","NY00677","24h",2000,0.9995,3.12360068955717
"LONG SAULT DAM","NY00677","24h",5000,0.9998,3.46203930921101
"LONG SAULT DAM","NY00677","24h",10000,0.9999,3.7286200659327
"LONG SAULT DAM","NY00677","72h",2,0.5,0.95290529651592
"LONG SAULT DAM","NY00677","72h",5,0.8,1.19275830507942
"LONG SAULT DAM","NY00677","72h",10,0.9,1.36363861952446
"LONG SAULT DAM","NY00677","72h",25,0.96,1.6068099642997
"LONG SAULT DAM","NY00677","72h",50,0.98,1.81297623177206
"LONG SAULT DAM","NY00677","72h",100,0.99,2.04391384498839
"LONG SAULT DAM","NY00677","72h",200,0.995,2.30417524742146
"LONG SAULT DAM","NY00677","72h",500,0.998,2.70108232671962
"LONG SAULT DAM","NY00677","72h",1000,0.999,3.04773074939909
"LONG SAULT DAM","NY00677","72h",2000,0.9995,3.44048989017253
"LONG SAULT DAM","NY00677","72h",5000,0.9998,4.04120778199865
"LONG SAULT DAM","NY00677","72h",10000,0.9999,4.56655828026684
"MILLWOOD DAM","AR00536","24h",2,0.5,0.925298113752425
"MILLWOOD DAM","AR00536","24h",5,0.8,1.23205173716635
"MILLWOOD DAM","AR00536","24h",10,0.9,1.45271003824858
"MILLWOOD DAM","AR00536","24h",25,0.96,1.7532548651785
"MILLWOOD DAM","AR00536","24h",50,0.98,1.9930478338783
"MILLWOOD DAM","AR00536","24h",100,0.99,2.24626230666376
"MILLWOOD DAM","AR00536","24h",200,0.995,2.51456424204968
"MILLWOOD DAM","AR00536","24h",500,0.998,2.89471378446082
"MILLWOOD DAM","AR00536","24h",1000,0.999,3.20316848145234
"MILLWOOD DAM","AR00536","24h",2000,0.9995,3.53098204991751
"MILLWOOD DAM","AR00536","24h",5000,0.9998,3.99620767379549
"MILLWOOD DAM","AR00536","24h",10000,0.9999,4.37397580279865
"MILLWOOD DAM","AR00536","72h",2,0.5,0.933310270394098
"MILLWOOD DAM","AR00536","72h",5,0.8,1.24481289166046
"MILLWOOD DAM","AR00536","72h",10,0.9,1.45617074014113
"MILLWOOD DAM","AR00536","72h",25,0.96,1.72812742495856
"MILLWOOD DAM","AR00536","72h",50,0.98,1.93398054142109
"MILLWOOD DAM","AR00536","72h",100,0.99,2.14247553878827
"MILLWOOD DAM","AR00536","72h",200,0.995,2.35498110337786
"MILLWOOD DAM","AR00536","72h",500,0.998,2.64362993985194
"MILLWOOD DAM","AR00536","72h",1000,0.999,2.86870739527362
"MILLWOOD DAM","AR00536","72h",2000,0.9995,3.10016356087463
"MILLWOOD DAM","AR00536","72h",5000,0.9998,3.41665468930064
"MILLWOOD DAM","AR00536","72h",10000,0.9999,3.66450912384921
"QUABBIN GOODNOUGH DIKE","MA00590","24h",2,0.5,0.917089838078722
"QUABBIN GOODNOUGH DIKE","MA00590","24h",5,0.8,1.20599265658058
"QUABBIN GOODNOUGH DIKE","MA00590","24h",10,0.9,1.43220973407819
"QUABBIN GOODNOUGH DIKE","MA00590","24h",25,0.96,1.78067142829508
"QUABBIN GOODNOUGH DIKE","MA00590","24h",50,0.98,2.09870613577571
"QUABBIN GOODNOUGH DIKE","MA00590","24h",100,0.99,2.47783126940635
"QUABBIN GOODNOUGH DIKE","MA00590","24h",200,0.995,2.93222967965677
"QUABBIN GOODNOUGH DIKE","MA00590","24h",500,0.998,3.67668331134355
"QUABBIN GOODNOUGH DIKE","MA00590","24h",1000,0.999,4.37422084193373
"QUABBIN GOODNOUGH DIKE","MA00590","24h",2000,0.9995,5.21423615397904
"QUABBIN GOODNOUGH DIKE","MA00590","24h",5000,0.9998,6.59403535431455
"QUABBIN GOODNOUGH DIKE","MA00590","24h",10000,0.9999,7.8884032985917
"QUABBIN GOODNOUGH DIKE","MA00590","72h",2,0.5,0.912387530619016
"QUABBIN GOODNOUGH DIKE","MA00590","72h",5,0.8,1.20980181810584
"QUABBIN GOODNOUGH DIKE","MA00590","72h",10,0.9,1.44449558936519
"QUABBIN GOODNOUGH DIKE","MA00590","72h",25,0.96,1.808386579321
"QUABBIN GOODNOUGH DIKE","MA00590","72h",50,0.98,2.14252317516572
"QUABBIN GOODNOUGH DIKE","MA00590","72h",100,0.99,2.54289180434983
"QUABBIN GOODNOUGH DIKE","MA00590","72h",200,0.995,3.0251928952354
"QUABBIN GOODNOUGH DIKE","MA00590","72h",500,0.998,3.82004962406709
"QUABBIN GOODNOUGH DIKE","MA00590","72h",1000,0.999,4.5691340585324
"QUABBIN GOODNOUGH DIKE","MA00590","72h",2000,0.9995,5.47577077467835
"QUABBIN GOODNOUGH DIKE","MA00590","72h",5000,0.9998,6.97380054989922
"QUABBIN GOODNOUGH DIKE","MA00590","72h",10000,0.9999,8.38721289646881
"DALE HOLLOW DAM","TN02702","24h",2,0.5,0.942377945526531
"DALE HOLLOW DAM","TN02702","24h",5,0.8,1.21452046611661
"DALE HOLLOW DAM","TN02702","24h",10,0.9,1.39859435779864
"DALE HOLLOW DAM","TN02702","24h",25,0.96,1.63490269363738
"DALE HOLLOW DAM","TN02702","24h",50,0.98,1.81342941030427
"DALE HOLLOW DAM","TN02702","24h",100,0.99,1.99398635711148
"DALE HOLLOW DAM","TN02702","24h",200,0.995,2.17777545876752
"DALE HOLLOW DAM","TN02702","24h",500,0.998,2.4270710531763
"DALE HOLLOW DAM","TN02702","24h",1000,0.999,2.62121266040489
"DALE HOLLOW DAM","TN02702","24h",2000,0.9995,2.82064955986992
"DALE HOLLOW DAM","TN02702","24h",5000,0.9998,3.0930485488065
"DALE HOLLOW DAM","TN02702","24h",10000,0.9999,3.30614443742272
"DALE HOLLOW DAM","TN02702","72h",2,0.5,0.946403684673827
"DALE HOLLOW DAM","TN02702","72h",5,0.8,1.22439280426598
"DALE HOLLOW DAM","TN02702","72h",10,0.9,1.40776957168538
"DALE HOLLOW DAM","TN02702","72h",25,0.96,1.63891955965563
"DALE HOLLOW DAM","TN02702","72h",50,0.98,1.81089270600094
"DALE HOLLOW DAM","TN02702","72h",100,0.99,1.98282786511827
"DALE HOLLOW DAM","TN02702","72h",200,0.995,2.15601961372134
"DALE HOLLOW DAM","TN02702","72h",500,0.998,2.38834499690451
"DALE HOLLOW DAM","TN02702","72h",1000,0.999,2.56742367466059
"DALE HOLLOW DAM","TN02702","72h",2000,0.9995,2.74987197132631
"DALE HOLLOW DAM","TN02702","72h",5000,0.9998,2.9968207785187
"DALE HOLLOW DAM","TN02702","72h",10000,0.9999,3.18836071172629
"B. EVERETT JORDAN DAM","NC00173","24h",2,0.5,0.922732935520927
"B. EVERETT JORDAN DAM","NC00173","24h",5,0.8,1.24281660946529
"B. EVERETT JORDAN DAM","NC00173","24h",10,0.9,1.46808025722752
"B. EVERETT JORDAN DAM","NC00173","24h",25,0.96,1.76579325050284
"B. EVERETT JORDAN DAM","NC00173","24h",50,0.98,1.99624970051116
"B. EVERETT JORDAN DAM","NC00173","24h",100,0.99,2.23363645127194
"B. EVERETT JORDAN DAM","NC00173","24h",200,0.995,2.47932332640251
"B. EVERETT JORDAN DAM","NC00173","24h",500,0.998,2.81851911695319
"B. EVERETT JORDAN DAM","NC00173","24h",1000,0.999,3.08701224980475
"B. EVERETT JORDAN DAM","NC00173","24h",2000,0.9995,3.3664772833888
"B. EVERETT JORDAN DAM","NC00173","24h",5000,0.9998,3.75371848347793
"B. EVERETT JORDAN DAM","NC00173","24h",10000,0.9999,4.06080173285879
"B. EVERETT JORDAN DAM","NC00173","72h",2,0.5,0.9421872147483
"B. EVERETT JORDAN DAM","NC00173","72h",5,0.8,1.21530063287163
"B. EVERETT JORDAN DAM","NC00173","72h",10,0.9,1.41303761078064
"B. EVERETT JORDAN DAM","NC00173","72h",25,0.96,1.69823841052341
"B. EVERETT JORDAN DAM","NC00173","72h",50,0.98,1.94309186114423
"B. EVERETT JORDAN DAM","NC00173","72h",100,0.99,2.2202821284086
"B. EVERETT JORDAN DAM","NC00173","72h",200,0.995,2.53595553447794
"B. EVERETT JORDAN DAM","NC00173","72h",500,0.998,3.02325926664268
"B. EVERETT JORDAN DAM","NC00173","72h",1000,0.999,3.45398051089969
"B. EVERETT JORDAN DAM","NC00173","72h",2000,0.9995,3.9470800013259
"B. EVERETT JORDAN DAM","NC00173","72h",5000,0.9998,4.71045531246654
"B. EVERETT JORDAN DAM","NC00173","72h",10000,0.9999,5.3860738034855
"BROKEN BOW LAKE","OK10307","24h",2,0.5,0.931374082109594
"BROKEN BOW LAKE","OK10307","24h",5,0.8,1.21403340402706
"BROKEN BOW LAKE","OK10307","24h",10,0.9,1.4254654393971
"BROKEN BOW LAKE","OK10307","24h",25,0.96,1.73885988320262
"BROKEN BOW LAKE","OK10307","24h",50,0.98,2.0148478989024
"BROKEN BOW LAKE","OK10307","24h",100,0.99,2.33406111290366
"BROKEN BOW LAKE","OK10307","24h",200,0.995,2.70539025696962
"BROKEN BOW LAKE","OK10307","24h",500,0.998,3.29293951585227
"BROKEN BOW LAKE","OK10307","24h",1000,0.999,3.82501235425038
"BROKEN BOW LAKE","OK10307","24h",2000,0.9995,4.44708191953386
"BROKEN BOW LAKE","OK10307","24h",5000,0.9998,5.43408531086305
"BROKEN BOW LAKE","OK10307","24h",10000,0.9999,6.32901602445354
"BROKEN BOW LAKE","OK10307","72h",2,0.5,0.936061665991453
"BROKEN BOW LAKE","OK10307","72h",5,0.8,1.24350594056491
"BROKEN BOW LAKE","OK10307","72h",10,0.9,1.45373090228078
"BROKEN BOW LAKE","OK10307","72h",25,0.96,1.72719930506892
"BROKEN BOW LAKE","OK10307","72h",50,0.98,1.93589260540073
"BROKEN BOW LAKE","OK10307","72h",100,0.99,2.14807990600587
"BROKEN BOW LAKE","OK10307","72h",200,0.995,2.36460280647171
"BROKEN BOW LAKE","OK10307","72h",500,0.998,2.65827606755485
"BROKEN BOW LAKE","OK10307","72h",1000,0.999,2.88643688798793
"BROKEN BOW LAKE","OK10307","72h",2000,0.9995,3.12000066678804
"BROKEN BOW LAKE","OK10307","72h",5000,0.9998,3.43733311545372
"BROKEN BOW LAKE","OK10307","72h",10000,0.9999,3.68407158712782
"WATTS BAR","TN12102","24h",2,0.5,0.940855906616905
"WATTS BAR","TN12102","24h",5,0.8,1.20623669441986
"WATTS BAR","TN12102","24h",10,0.9,1.3916336621392
"WATTS BAR","TN12102","24h",25,0.96,1.63753559848767
"WATTS BAR","TN12102","24h",50,0.98,1.82875792831708
"WATTS BAR","TN12102","24h",100,0.99,2.02631845761427
"WATTS BAR","TN12102","24h",200,0.995,2.23115011220939
"WATTS BAR","TN12102","24h",500,0.998,2.51414118184234
"WATTS BAR","TN12102","24h",1000,0.999,2.73807893499354
"WATTS BAR","TN12102","24h",2000,0.9995,2.97097944577267
"WATTS BAR","TN12102","24h",5000,0.9998,3.29329153224577
"WATTS BAR","TN12102","24h",10000,0.9999,3.54854286577201
"WATTS BAR","TN12102","72h",2,0.5,0.950549132786254
"WATTS BAR","TN12102","72h",5,0.8,1.23904704278383
"WATTS BAR","TN12102","72h",10,0.9,1.42024737744002
"WATTS BAR","TN12102","72h",25,0.96,1.63769224781934
"WATTS BAR","TN12102","72h",50,0.98,1.79185162045762
"WATTS BAR","TN12102","72h",100,0.99,1.93990231171301
"WATTS BAR","TN12102","72h",200,0.995,2.083313684884
"WATTS BAR","TN12102","72h",500,0.998,2.26739189820035
"WATTS BAR","TN12102","72h",1000,0.999,2.40332184255742
"WATTS BAR","TN12102","72h",2000,0.9995,2.53691328076953
"WATTS BAR","TN12102","72h",5000,0.9998,2.71050692324814
"WATTS BAR","TN12102","72h",10000,0.9999,2.83989293419276
"GUNTERSVILLE","AL09501","24h",2,0.5,0.933447606745871
"GUNTERSVILLE","AL09501","24h",5,0.8,1.23133802983291
"GUNTERSVILLE","AL09501","24h",10,0.9,1.43598854164911
"GUNTERSVILLE","AL09501","24h",25,0.96,1.70172048360531
"GUNTERSVILLE","AL09501","24h",50,0.98,1.90440023918967
"GUNTERSVILLE","AL09501","24h",100,0.99,2.11086176278525
"GUNTERSVILLE","AL09501","24h",200,0.995,2.3223926122567
"GUNTERSVILLE","AL09501","24h",500,0.998,2.61131064137063
"GUNTERSVILLE","AL09501","24h",1000,0.999,2.83775054741933
"GUNTERSVILLE","AL09501","24h",2000,0.9995,3.07156758113336
"GUNTERSVILLE","AL09501","24h",5000,0.9998,3.39273104955084
"GUNTERSVILLE","AL09501","24h",10000,0.9999,3.64531739456142
"GUNTERSVILLE","AL09501","72h",2,0.5,0.945604540733706
"GUNTERSVILLE","AL09501","72h",5,0.8,1.22953823618138
"GUNTERSVILLE","AL09501","72h",10,0.9,1.41653552403943
"GUNTERSVILLE","AL09501","72h",25,0.96,1.65197339143163
"GUNTERSVILLE","AL09501","72h",50,0.98,1.82696459860748
"GUNTERSVILLE","AL09501","72h",100,0.99,2.00178793933379
"GUNTERSVILLE","AL09501","72h",200,0.995,2.17777096583326
"GUNTERSVILLE","AL09501","72h",500,0.998,2.41367268343238
"GUNTERSVILLE","AL09501","72h",1000,0.999,2.59538846388052
"GUNTERSVILLE","AL09501","72h",2000,0.9995,2.78042541574341
"GUNTERSVILLE","AL09501","72h",5000,0.9998,3.03073277503884
"GUNTERSVILLE","AL09501","72h",10000,0.9999,3.22477121161193
"DEGRAY DAM","AR00151","24h",2,0.5,0.923378757684903
"DEGRAY DAM","AR00151","24h",5,0.8,1.23085171711091
"DEGRAY DAM","AR00151","24h",10,0.9,1.45378462833418
"DEGRAY DAM","AR00151","24h",25,0.96,1.75962147227805
"DEGRAY DAM","AR00151","24h",50,0.98,2.00533914213055
"DEGRAY DAM","AR00151","24h",100,0.99,2.26635109511543
"DEGRAY DAM","AR00151","24h",200,0.995,2.54454877490602
"DEGRAY DAM","AR00151","24h",500,0.998,2.94142510771548
"DEGRAY DAM","AR00151","24h",1000,0.999,3.26564457779572
"DEGRAY DAM","AR00151","24h",2000,0.9995,3.61223776007487
"DEGRAY DAM","AR00151","24h",5000,0.9998,4.10748392804723
"DEGRAY DAM","AR00151","24h",10000,0.9999,4.5123641170652
"DEGRAY DAM","AR00151","72h",2,0.5,0.930040981572314
"DEGRAY DAM","AR00151","72h",5,0.8,1.24454851473228
"DEGRAY DAM","AR00151","72h",10,0.9,1.46033441714874
"DEGRAY DAM","AR00151","72h",25,0.96,1.74025896260792
"DEGRAY DAM","AR00151","72h",50,0.98,1.9535937484196
"DEGRAY DAM","AR00151","72h",100,0.99,2.17077884131895
"DEGRAY DAM","AR00151","72h",200,0.995,2.39317551814979
"DEGRAY DAM","AR00151","72h",500,0.998,2.69675896933301
"DEGRAY DAM","AR00151","72h",1000,0.999,2.93456601216987
"DEGRAY DAM","AR00151","72h",2000,0.9995,3.18001491501733
"DEGRAY DAM","AR00151","72h",5000,0.9998,3.5169966900726
"DEGRAY DAM","AR00151","72h",10000,0.9999,3.78190578133713
"DEGRAY SADDLE DIKE","AR00152","24h",2,0.5,0.923431040209563
"DEGRAY SADDLE DIKE","AR00152","24h",5,0.8,1.23036052766953
"DEGRAY SADDLE DIKE","AR00152","24h",10,0.9,1.45298321867287
"DEGRAY SADDLE DIKE","AR00152","24h",25,0.96,1.75849918140229
"DEGRAY SADDLE DIKE","AR00152","24h",50,0.98,2.00404028373814
"DEGRAY SADDLE DIKE","AR00152","24h",100,0.99,2.26493821972224
"DEGRAY SADDLE DIKE","AR00152","24h",200,0.995,2.5430923504287
"DEGRAY SADDLE DIKE","AR00152","24h",500,0.998,2.94003582597382
"DEGRAY SADDLE DIKE","AR00152","24h",1000,0.999,3.26441489541805
"DEGRAY SADDLE DIKE","AR00152","24h",2000,0.9995,3.61127545361107
"DEGRAY SADDLE DIKE","AR00152","24h",5000,0.9998,4.10706477477334
"DEGRAY SADDLE DIKE","AR00152","24h",10000,0.9999,4.51251979448311
"DEGRAY SADDLE DIKE","AR00152","72h",2,0.5,0.930740601849345
"DEGRAY SADDLE DIKE","AR00152","72h",5,0.8,1.24469041110404
"DEGRAY SADDLE DIKE","AR00152","72h",10,0.9,1.4595669776881
"DEGRAY SADDLE DIKE","AR00152","72h",25,0.96,1.73781299919123
"DEGRAY SADDLE DIKE","AR00152","72h",50,0.98,1.94955059603192
"DEGRAY SADDLE DIKE","AR00152","72h",100,0.99,2.16486631745078
"DEGRAY SADDLE DIKE","AR00152","72h",200,0.995,2.38512288884746
"DEGRAY SADDLE DIKE","AR00152","72h",500,0.998,2.68545766219575
"DEGRAY SADDLE DIKE","AR00152","72h",1000,0.999,2.92048357212962
"DEGRAY SADDLE DIKE","AR00152","72h",2000,0.9995,3.16286550300533
"DEGRAY SADDLE DIKE","AR00152","72h",5000,0.9998,3.49534128112526
"DEGRAY SADDLE DIKE","AR00152","72h",10000,0.9999,3.75648907070266
"WHEELER","AL07701","24h",2,0.5,0.940336378388958
"WHEELER","AL07701","24h",5,0.8,1.22576098099637
"WHEELER","AL07701","24h",10,0.9,1.41812732657066
"WHEELER","AL07701","24h",25,0.96,1.66443489388726
"WHEELER","AL07701","24h",50,0.98,1.85010749069034
"WHEELER","AL07701","24h",100,0.99,2.03758144389956
"WHEELER","AL07701","24h",200,0.995,2.22812537683373
"WHEELER","AL07701","24h",500,0.998,2.48617188034171
"WHEELER","AL07701","24h",1000,0.999,2.68683294899875
"WHEELER","AL07701","24h",2000,0.9995,2.89272289487509
"WHEELER","AL07701","24h",5000,0.9998,3.17357075705357
"WHEELER","AL07701","24h",10000,0.9999,3.39300672758808
"WHEELER","AL07701","72h",2,0.5,0.946802454105226
"WHEELER","AL07701","72h",5,0.8,1.23204609433373
"WHEELER","AL07701","72h",10,0.9,1.41865745729066
"WHEELER","AL07701","72h",25,0.96,1.65247137524114
"WHEELER","AL07701","72h",50,0.98,1.82554860925463
"WHEELER","AL07701","72h",100,0.99,1.99793086225608
"WHEELER","AL07701","72h",200,0.995,2.17097490554354
"WHEELER","AL07701","72h",500,0.998,2.40225333788664
"WHEELER","AL07701","72h",1000,0.999,2.57992246020993
"WHEELER","AL07701","72h",2000,0.9995,2.76044173141942
"WHEELER","AL07701","72h",5000,0.9998,3.00405108669336
"WHEELER","AL07701","72h",10000,0.9999,3.19246808937351
"HUGO LAKE","OK10300","24h",2,0.5,0.933106173010141
"HUGO LAKE","OK10300","24h",5,0.8,1.24065837977189
"HUGO LAKE","OK10300","24h",10,0.9,1.45387156285619
"HUGO LAKE","OK10300","24h",25,0.96,1.73470459996011
"HUGO LAKE","OK10300","24h",50,0.98,1.95162225507051
"HUGO LAKE","OK10300","24h",100,0.99,2.17444764880488
"HUGO LAKE","OK10300","24h",200,0.995,2.40415954427405
"HUGO LAKE","OK10300","24h",500,0.998,2.7194312325975
"HUGO LAKE","OK10300","24h",1000,0.999,2.96727629625717
"HUGO LAKE","OK10300","24h",2000,0.9995,3.22358148503325
"HUGO LAKE","OK10300","24h",5000,0.9998,3.57594895148902
"HUGO LAKE","OK10300","24h",10000,0.9999,3.85317314391241
"HUGO LAKE","OK10300","72h",2,0.5,0.937238240436847
"HUGO LAKE","OK10300","72h",5,0.8,1.24427038468746
"HUGO LAKE","OK10300","72h",10,0.9,1.45313394491961
"HUGO LAKE","OK10300","72h",25,0.96,1.72356746698561
"HUGO LAKE","OK10300","72h",50,0.98,1.92901337036632
"HUGO LAKE","OK10300","72h",100,0.99,2.13709760325227
"HUGO LAKE","OK10300","72h",200,0.995,2.34862353932817
"HUGO LAKE","OK10300","72h",500,0.998,2.6342513047443
"HUGO LAKE","OK10300","72h",1000,0.999,2.85518411447153
"HUGO LAKE","OK10300","72h",2000,0.9995,3.08049011307538
"HUGO LAKE","OK10300","72h",5000,0.9998,3.38525313999369
"HUGO LAKE","OK10300","72h",10000,0.9999,3.62117595052418
"CARLYLE LAKE DAM","IL00113","24h",2,0.5,0.930283706466279
"CARLYLE LAKE DAM","IL00113","24h",5,0.8,1.23022317978341
"CARLYLE LAKE DAM","IL00113","24h",10,0.9,1.44263679634864
"CARLYLE LAKE DAM","IL00113","24h",25,0.96,1.72787577657206
"CARLYLE LAKE DAM","IL00113","24h",50,0.98,1.95235669521616
"CARLYLE LAKE DAM","IL00113","24h",100,0.99,2.18665017052619
"CARLYLE LAKE DAM","IL00113","24h",200,0.995,2.43203741883703
"CARLYLE LAKE DAM","IL00113","24h",500,0.998,2.77506351964225
"CARLYLE LAKE DAM","IL00113","24h",1000,0.999,3.04969516476259
"CARLYLE LAKE DAM","IL00113","24h",2000,0.9995,3.33820935946243
"CARLYLE LAKE DAM","IL00113","24h",5000,0.9998,3.74219084566236
"CARLYLE LAKE DAM","IL00113","24h",10000,0.9999,4.06587101178269
"CARLYLE LAKE DAM","IL00113","72h",2,0.5,0.934386634109929
"CARLYLE LAKE DAM","IL00113","72h",5,0.8,1.23470380990233
"CARLYLE LAKE DAM","IL00113","72h",10,0.9,1.44319343683532
"CARLYLE LAKE DAM","IL00113","72h",25,0.96,1.7181540078357
"CARLYLE LAKE DAM","IL00113","72h",50,0.98,1.93079731243383
"CARLYLE LAKE DAM","IL00113","72h",100,0.99,2.14946070223263
"CARLYLE LAKE DAM","IL00113","72h",200,0.995,2.37511674112334
"CARLYLE LAKE DAM","IL00113","72h",500,0.998,2.68519600232876
"CARLYLE LAKE DAM","IL00113","72h",1000,0.999,2.92925212613964
"CARLYLE LAKE DAM","IL00113","72h",2000,0.9995,3.18190061751007
"CARLYLE LAKE DAM","IL00113","72h",5000,0.9998,3.5296594872452
"CARLYLE LAKE DAM","IL00113","72h",10000,0.9999,3.80358636420817
"ENID DAM","MS01495","24h",2,0.5,0.938398951406744
"ENID DAM","MS01495","24h",5,0.8,1.23423959334471
"ENID DAM","MS01495","24h",10,0.9,1.43341148279009
"ENID DAM","MS01495","24h",25,0.96,1.68823253390317
"ENID DAM","MS01495","24h",50,0.98,1.8801962439825
"ENID DAM","MS01495","24h",100,0.99,2.07392626706644
"ENID DAM","MS01495","24h",200,0.995,2.27074015191551
"ENID DAM","MS01495","24h",500,0.998,2.53715046068586
"ENID DAM","MS01495","24h",1000,0.999,2.74422395978819
"ENID DAM","MS01495","24h",2000,0.9995,2.95661788916639
"ENID DAM","MS01495","24h",5000,0.9998,3.24622479509067
"ENID DAM","MS01495","24h",10000,0.9999,3.4724212335916
"ENID DAM","MS01495","72h",2,0.5,0.943017076787107
"ENID DAM","MS01495","72h",5,0.8,1.22875164567336
"ENID DAM","MS01495","72h",10,0.9,1.42172066761124
"ENID DAM","MS01495","72h",25,0.96,1.66993949590951
"ENID DAM","MS01495","72h",50,0.98,1.85731161510192
"ENID DAM","MS01495","72h",100,0.99,2.04606568780689
"ENID DAM","MS01495","72h",200,0.995,2.23691184214287
"ENID DAM","MS01495","72h",500,0.998,2.49301332677172
"ENID DAM","MS01495","72h",1000,0.999,2.6898799841573
"ENID DAM","MS01495","72h",2000,0.9995,2.88957110959826
"ENID DAM","MS01495","72h",5000,0.9998,3.1580104978431
"ENID DAM","MS01495","72h",10000,0.9999,3.36452815377644
"PATHFINDER DIKE","WY01295","24h",2,0.5,0.916067539482544
"PATHFINDER DIKE","WY01295","24h",5,0.8,1.25959565148222
"PATHFINDER DIKE","WY01295","24h",10,0.9,1.51697131357823
"PATHFINDER DIKE","WY01295","24h",25,0.96,1.89898006069853
"PATHFINDER DIKE","WY01295","24h",50,0.98,2.23581469822772
"PATHFINDER DIKE","WY01295","24h",100,0.99,2.62581700117019
"PATHFINDER DIKE","WY01295","24h",200,0.995,3.07996789515473
"PATHFINDER DIKE","WY01295","24h",500,0.998,3.79944144752227
"PATHFINDER DIKE","WY01295","24h",1000,0.999,4.4517617591552
"PATHFINDER DIKE","WY01295","24h",2000,0.9995,5.21520934977614
"PATHFINDER DIKE","WY01295","24h",5000,0.9998,6.42800044038578
"PATHFINDER DIKE","WY01295","24h",10000,0.9999,7.52896895787885
"PATHFINDER DIKE","WY01295","72h",2,0.5,0.918615866477525
"PATHFINDER DIKE","WY01295","72h",5,0.8,1.29735417759949
"PATHFINDER DIKE","WY01295","72h",10,0.9,1.55892911538771
"PATHFINDER DIKE","WY01295","72h",25,0.96,1.90228646369553
"PATHFINDER DIKE","WY01295","72h",50,0.98,2.16662177805779
"PATHFINDER DIKE","WY01295","72h",100,0.99,2.43739295247605
"PATHFINDER DIKE","WY01295","72h",200,0.995,2.71575204911421
"PATHFINDER DIKE","WY01295","72h",500,0.998,3.09655217789721
"PATHFINDER DIKE","WY01295","72h",1000,0.999,3.39494559212908
"PATHFINDER DIKE","WY01295","72h",2000,0.9995,3.70266612786991
"PATHFINDER DIKE","WY01295","72h",5000,0.9998,4.12435119271061
"PATHFINDER DIKE","WY01295","72h",10000,0.9999,4.45504186918919
"BOR SOLDIER CREEK","UT10135","24h",2,0.5,0.937998944264103
"BOR SOLDIER CREEK","UT10135","24h",5,0.8,1.23762792442877
"BOR SOLDIER CREEK","UT10135","24h",10,0.9,1.44219994397298
"BOR SOLDIER CREEK","UT10135","24h",25,0.96,1.70795172796102
"BOR SOLDIER CREEK","UT10135","24h",50,0.98,1.91048783628083
"BOR SOLDIER CREEK","UT10135","24h",100,0.99,2.11618326636181
"BOR SOLDIER CREEK","UT10135","24h",200,0.995,2.32584688879204
"BOR SOLDIER CREEK","UT10135","24h",500,0.998,2.60984822284168
"BOR SOLDIER CREEK","UT10135","24h",1000,0.999,2.83020979971238
"BOR SOLDIER CREEK","UT10135","24h",2000,0.9995,3.05553857847237
"BOR SOLDIER CREEK","UT10135","24h",5000,0.9998,3.36128658847603
"BOR SOLDIER CREEK","UT10135","24h",10000,0.9999,3.59871105978717
"BOR SOLDIER CREEK","UT10135","72h",2,0.5,0.935886790583944
"BOR SOLDIER CREEK","UT10135","72h",5,0.8,1.21772527291675
"BOR SOLDIER CREEK","UT10135","72h",10,0.9,1.42519265800799
"BOR SOLDIER CREEK","UT10135","72h",25,0.96,1.72860914515241
"BOR SOLDIER CREEK","UT10135","72h",50,0.98,1.99249152585929
"BOR SOLDIER CREEK","UT10135","72h",100,0.99,2.29450018454427
"BOR SOLDIER CREEK","UT10135","72h",200,0.995,2.64216875185502
"BOR SOLDIER CREEK","UT10135","72h",500,0.998,3.18564041779788
"BOR SOLDIER CREEK","UT10135","72h",1000,0.999,3.67196692837013
"BOR SOLDIER CREEK","UT10135","72h",2000,0.9995,4.23470613989226
"BOR SOLDIER CREEK","UT10135","72h",5000,0.9998,5.11684384555297
"BOR SOLDIER CREEK","UT10135","72h",10000,0.9999,5.90723601437951
"FOLSOM RIGHT WING","CA10148","24h",2,0.5,0.936446941392027
"FOLSOM RIGHT WING","CA10148","24h",5,0.8,1.24882285108594
"FOLSOM RIGHT WING","CA10148","24h",10,0.9,1.46102410598955
"FOLSOM RIGHT WING","CA10148","24h",25,0.96,1.73543144324356
"FOLSOM RIGHT WING","CA10148","24h",50,0.98,1.94364017459893
"FOLSOM RIGHT WING","CA10148","24h",100,0.99,2.15430263603309
"FOLSOM RIGHT WING","CA10148","24h",200,0.995,2.36822718921641
"FOLSOM RIGHT WING","CA10148","24h",500,0.998,2.65674648620186
"FOLSOM RIGHT WING","CA10148","24h",1000,0.999,2.87964841881667
"FOLSOM RIGHT WING","CA10148","24h",2000,0.9995,3.1067277490756
"FOLSOM RIGHT WING","CA10148","24h",5000,0.9998,3.41352095215836
"FOLSOM RIGHT WING","CA10148","24h",10000,0.9999,3.65073103485448
"FOLSOM RIGHT WING","CA10148","72h",2,0.5,0.929720218937601
"FOLSOM RIGHT WING","CA10148","72h",5,0.8,1.27544621814809
"FOLSOM RIGHT WING","CA10148","72h",10,0.9,1.51024498691054
"FOLSOM RIGHT WING","CA10148","72h",25,0.96,1.81380683032664
"FOLSOM RIGHT WING","CA10148","72h",50,0.98,2.04408716438338
"FOLSOM RIGHT WING","CA10148","72h",100,0.99,2.27703870663851
"FOLSOM RIGHT WING","CA10148","72h",200,0.995,2.51355443691515
"FOLSOM RIGHT WING","CA10148","72h",500,0.998,2.83247511470256
"FOLSOM RIGHT WING","CA10148","72h",1000,0.999,3.07881251989708
"FOLSOM RIGHT WING","CA10148","72h",2000,0.9995,3.32972108135707
"FOLSOM RIGHT WING","CA10148","72h",5000,0.9998,3.66863720542308
"FOLSOM RIGHT WING","CA10148","72h",10000,0.9999,3.93062946442377
"COOPER DEV - PINOPOLIS DAM","SC01076","24h",2,0.5,0.90387249508933
"COOPER DEV - PINOPOLIS DAM","SC01076","24h",5,0.8,1.23844583708194
"COOPER DEV - PINOPOLIS DAM","SC01076","24h",10,0.9,1.49390173398224
"COOPER DEV - PINOPOLIS DAM","SC01076","24h",25,0.96,1.86129067190384
"COOPER DEV - PINOPOLIS DAM","SC01076","24h",50,0.98,2.17019060030954
"COOPER DEV - PINOPOLIS DAM","SC01076","24h",100,0.99,2.51129103540575
"COOPER DEV - PINOPOLIS DAM","SC01076","24h",200,0.995,2.88914479094581
"COOPER DEV - PINOPOLIS DAM","SC01076","24h",500,0.998,3.45291556091844
"COOPER DEV - PINOPOLIS DAM","SC01076","24h",1000,0.999,3.93437545413523
"COOPER DEV - PINOPOLIS DAM","SC01076","24h",2000,0.9995,4.46919607999634
"COOPER DEV - PINOPOLIS DAM","SC01076","24h",5000,0.9998,5.26837319231545
"COOPER DEV - PINOPOLIS DAM","SC01076","24h",10000,0.9999,5.9513420238561
"COOPER DEV - PINOPOLIS DAM","SC01076","72h",2,0.5,0.914384661297967
"COOPER DEV - PINOPOLIS DAM","SC01076","72h",5,0.8,1.21560042725685
"COOPER DEV - PINOPOLIS DAM","SC01076","72h",10,0.9,1.45079570910022
"COOPER DEV - PINOPOLIS DAM","SC01076","72h",25,0.96,1.81222827138011
"COOPER DEV - PINOPOLIS DAM","SC01076","72h",50,0.98,2.14137572396516
"COOPER DEV - PINOPOLIS DAM","SC01076","72h",100,0.99,2.53301809326521
"COOPER DEV - PINOPOLIS DAM","SC01076","72h",200,0.995,3.00155489826584
"COOPER DEV - PINOPOLIS DAM","SC01076","72h",500,0.998,3.76752487063129
"COOPER DEV - PINOPOLIS DAM","SC01076","72h",1000,0.999,4.48371691395
"COOPER DEV - PINOPOLIS DAM","SC01076","72h",2000,0.9995,5.34462459571532
"COOPER DEV - PINOPOLIS DAM","SC01076","72h",5000,0.9998,6.7557205856127
"COOPER DEV - PINOPOLIS DAM","SC01076","72h",10000,0.9999,8.07667614241919
"PINE CREEK LAKE","OK10306","24h",2,0.5,0.933583861569192
"PINE CREEK LAKE","OK10306","24h",5,0.8,1.23554328688495
"PINE CREEK LAKE","OK10306","24h",10,0.9,1.44561576320994
"PINE CREEK LAKE","OK10306","24h",25,0.96,1.72319401328038
"PINE CREEK LAKE","OK10306","24h",50,0.98,1.93825963121944
"PINE CREEK LAKE","OK10306","24h",100,0.99,2.15976247053165
"PINE CREEK LAKE","OK10306","24h",200,0.995,2.38870705081272
"PINE CREEK LAKE","OK10306","24h",500,0.998,2.70387713351659
"PINE CREEK LAKE","OK10306","24h",1000,0.999,2.95238882955975
"PINE CREEK LAKE","OK10306","24h",2000,0.9995,3.21005102331721
"PINE CREEK LAKE","OK10306","24h",5000,0.9998,3.56535437233465
"PINE CREEK LAKE","OK10306","24h",10000,0.9999,3.84572965049574
"PINE CREEK LAKE","OK10306","72h",2,0.5,0.936109049842522
"PINE CREEK LAKE","OK10306","72h",5,0.8,1.24218229861131
"PINE CREEK LAKE","OK10306","72h",10,0.9,1.4517053932145
"PINE CREEK LAKE","OK10306","72h",25,0.96,1.72453837008566
"PINE CREEK LAKE","OK10306","72h",50,0.98,1.93295240504045
"PINE CREEK LAKE","OK10306","72h",100,0.99,2.14503362269778
"PINE CREEK LAKE","OK10306","72h",200,0.995,2.36162891617735
"PINE CREEK LAKE","OK10306","72h",500,0.998,2.65568459842681
"PINE CREEK LAKE","OK10306","72h",1000,0.999,2.88436272199637
"PINE CREEK LAKE","OK10306","72h",2000,0.9995,3.11865049901052
"PINE CREEK LAKE","OK10306","72h",5000,0.9998,3.43727390251987
"PINE CREEK LAKE","OK10306","72h",10000,0.9999,3.68525465491008
"LITTLE RIVER","SC01065","24h",2,0.5,0.914460528079169
"LITTLE RIVER","SC01065","24h",5,0.8,1.21972651242508
"LITTLE RIVER","SC01065","24h",10,0.9,1.45061838376168
"LITTLE RIVER","SC01065","24h",25,0.96,1.77982917512378
"LITTLE RIVER","SC01065","24h",50,0.98,2.05434286542323
"LITTLE RIVER","SC01065","24h",100,0.99,2.35533403507556
"LITTLE RIVER","SC01065","24h",200,0.995,2.68641734585301
"LITTLE RIVER","SC01065","24h",500,0.998,3.17637320219042
"LITTLE RIVER","SC01065","24h",1000,0.999,3.59142132579467
"LITTLE RIVER","SC01065","24h",2000,0.9995,4.04925039236207
"LITTLE RIVER","SC01065","24h",5000,0.9998,4.72780844592993
"LITTLE RIVER","SC01065","24h",10000,0.9999,5.30302669780709
"LITTLE RIVER","SC01065","72h",2,0.5,0.920303531712739
"LITTLE RIVER","SC01065","72h",5,0.8,1.2203624512289
"LITTLE RIVER","SC01065","72h",10,0.9,1.44288840361648
"LITTLE RIVER","SC01065","72h",25,0.96,1.7545135401544
"LITTLE RIVER","SC01065","72h",50,0.98,2.00990032530147
"LITTLE RIVER","SC01065","72h",100,0.99,2.28581144543442
"LITTLE RIVER","SC01065","72h",200,0.995,2.58487869686147
"LITTLE RIVER","SC01065","72h",500,0.998,3.01995216450304
"LITTLE RIVER","SC01065","72h",1000,0.999,3.3823282887372
"LITTLE RIVER","SC01065","72h",2000,0.9995,3.77625148645607
"LITTLE RIVER","SC01065","72h",5000,0.9998,4.35021699387889
"LITTLE RIVER","SC01065","72h",10000,0.9999,4.82862120974944
"SOUTH HOLSTON","TN16305","24h",2,0.5,0.940633993813073
"SOUTH HOLSTON","TN16305","24h",5,0.8,1.20361430597562
"SOUTH HOLSTON","TN16305","24h",10,0.9,1.38809097522303
"SOUTH HOLSTON","TN16305","24h",25,0.96,1.63368599834396
"SOUTH HOLSTON","TN16305","24h",50,0.98,1.8253600515299
"SOUTH HOLSTON","TN16305","24h",100,0.99,2.02399606629604
"SOUTH HOLSTON","TN16305","24h",200,0.995,2.23057243939579
"SOUTH HOLSTON","TN16305","24h",500,0.998,2.5169864972766
"SOUTH HOLSTON","TN16305","24h",1000,0.999,2.74443247470394
"SOUTH HOLSTON","TN16305","24h",2000,0.9995,2.98170130148965
"SOUTH HOLSTON","TN16305","24h",5000,0.9998,3.31122103002737
"SOUTH HOLSTON","TN16305","24h",10000,0.9999,3.57309992168158
"SOUTH HOLSTON","TN16305","72h",2,0.5,0.929512672622485
"SOUTH HOLSTON","TN16305","72h",5,0.8,1.21848795241081
"SOUTH HOLSTON","TN16305","72h",10,0.9,1.42647336406292
"SOUTH HOLSTON","TN16305","72h",25,0.96,1.70990060648514
"SOUTH HOLSTON","TN16305","72h",50,0.98,1.93614667147818
"SOUTH HOLSTON","TN16305","72h",100,0.99,2.1751554685606
"SOUTH HOLSTON","TN16305","72h",200,0.995,2.42851015777294
"SOUTH HOLSTON","TN16305","72h",500,0.998,2.78765398414603
"SOUTH HOLSTON","TN16305","72h",1000,0.999,3.07920360637167
"SOUTH HOLSTON","TN16305","72h",2000,0.9995,3.38917878996514
"SOUTH HOLSTON","TN16305","72h",5000,0.9998,3.82929965081182
"SOUTH HOLSTON","TN16305","72h",10000,0.9999,4.18685277289714
"ELK CITY LAKE","KS00002","24h",2,0.5,0.915924324675836
"ELK CITY LAKE","KS00002","24h",5,0.8,1.25468280820348
"ELK CITY LAKE","KS00002","24h",10,0.9,1.49995470868366
"ELK CITY LAKE","KS00002","24h",25,0.96,1.83600833370205
"ELK CITY LAKE","KS00002","24h",50,0.98,2.10567018236592
"ELK CITY LAKE","KS00002","24h",100,0.99,2.39181584960407
"ELK CITY LAKE","KS00002","24h",200,0.995,2.69648356908501
"ELK CITY LAKE","KS00002","24h",500,0.998,3.13059469385233
"ELK CITY LAKE","KS00002","24h",1000,0.999,3.48480564659878
"ELK CITY LAKE","KS00002","24h",2000,0.9995,3.86306639447065
"ELK CITY LAKE","KS00002","24h",5000,0.9998,4.40290798005326
"ELK CITY LAKE","KS00002","24h",10000,0.9999,4.84371601071044
"ELK CITY LAKE","KS00002","72h",2,0.5,0.920305857208798
"ELK CITY LAKE","KS00002","72h",5,0.8,1.26532138094149
"ELK CITY LAKE","KS00002","72h",10,0.9,1.50915650248088
"ELK CITY LAKE","KS00002","72h",25,0.96,1.83598039714396
"ELK CITY LAKE","KS00002","72h",50,0.98,2.09272531312462
"ELK CITY LAKE","KS00002","72h",100,0.99,2.36028252643919
"ELK CITY LAKE","KS00002","72h",200,0.995,2.64008153154517
"ELK CITY LAKE","KS00002","72h",500,0.998,3.0305200787698
"ELK CITY LAKE","KS00002","72h",1000,0.999,3.34256162596543
"ELK CITY LAKE","KS00002","72h",2000,0.9995,3.66987968070767
"ELK CITY LAKE","KS00002","72h",5000,0.9998,4.12738621534223
"ELK CITY LAKE","KS00002","72h",10000,0.9999,4.49330870089694
"BARREN RIVER LAKE DAM","KY03009","24h",2,0.5,0.93102439869475
"BARREN RIVER LAKE DAM","KY03009","24h",5,0.8,1.21010448246256
"BARREN RIVER LAKE DAM","KY03009","24h",10,0.9,1.41187645514553
"BARREN RIVER LAKE DAM","KY03009","24h",25,0.96,1.68796751483583
"BARREN RIVER LAKE DAM","KY03009","24h",50,0.98,1.90923295477816
"BARREN RIVER LAKE DAM","KY03009","24h",100,0.99,2.1437708354467
"BARREN RIVER LAKE DAM","KY03009","24h",200,0.995,2.39322259687664
"BARREN RIVER LAKE DAM","KY03009","24h",500,0.998,2.74821584285779
"BARREN RIVER LAKE DAM","KY03009","24h",1000,0.999,3.03751332969724
"BARREN RIVER LAKE DAM","KY03009","24h",2000,0.9995,3.34612370821126
"BARREN RIVER LAKE DAM","KY03009","24h",5000,0.9998,3.78601547594873
"BARREN RIVER LAKE DAM","KY03009","24h",10000,0.9999,4.14476645018108
"BARREN RIVER LAKE DAM","KY03009","72h",2,0.5,0.924759859916921
"BARREN RIVER LAKE DAM","KY03009","72h",5,0.8,1.22517708901345
"BARREN RIVER LAKE DAM","KY03009","72h",10,0.9,1.43919301482442
"BARREN RIVER LAKE DAM","KY03009","72h",25,0.96,1.72458481558232
"BARREN RIVER LAKE DAM","KY03009","72h",50,0.98,1.94716384579511
"BARREN RIVER LAKE DAM","KY03009","72h",100,0.99,2.17773375304629
"BARREN RIVER LAKE DAM","KY03009","72h",200,0.995,2.41759057511725
"BARREN RIVER LAKE DAM","KY03009","72h",500,0.998,2.75054558000552
"BARREN RIVER LAKE DAM","KY03009","72h",1000,0.999,3.01542469777775
"BARREN RIVER LAKE DAM","KY03009","72h",2000,0.9995,3.29224645290799
"BARREN RIVER LAKE DAM","KY03009","72h",5000,0.9998,3.67753112324665
"BARREN RIVER LAKE DAM","KY03009","72h",10000,0.9999,3.98434473422288
"ROBERT MOSES - ST. LAWRENCE","NY00678","24h",2,0.5,0.937885108716319
"ROBERT MOSES - ST. LAWRENCE","NY00678","24h",5,0.8,1.22784916195602
"ROBERT MOSES - ST. LAWRENCE","NY00678","24h",10,0.9,1.42792010513326
"ROBERT MOSES - ST. LAWRENCE","NY00678","24h",25,0.96,1.69031573142706
"ROBERT MOSES - ST. LAWRENCE","NY00678","24h",50,0.98,1.89215210953024
"ROBERT MOSES - ST. LAWRENCE","NY00678","24h",100,0.99,2.09875459215252
"ROBERT MOSES - ST. LAWRENCE","NY00678","24h",200,0.995,2.31099549699043
"ROBERT MOSES - ST. LAWRENCE","NY00678","24h",500,0.998,2.60110501451105
"ROBERT MOSES - ST. LAWRENCE","NY00678","24h",1000,0.999,2.8282467675343
"ROBERT MOSES - ST. LAWRENCE","NY00678","24h",2000,0.9995,3.06232244709768
"ROBERT MOSES - ST. LAWRENCE","NY00678","24h",5000,0.9998,3.38282393881464
"ROBERT MOSES - ST. LAWRENCE","NY00678","24h",10000,0.9999,3.63395881729509
"ROBERT MOSES - ST. LAWRENCE","NY00678","72h",2,0.5,0.952880084718846
"ROBERT MOSES - ST. LAWRENCE","NY00678","72h",5,0.8,1.19186333540975
"ROBERT MOSES - ST. LAWRENCE","NY00678","72h",10,0.9,1.36227079697619
"ROBERT MOSES - ST. LAWRENCE","NY00678","72h",25,0.96,1.60494363574599
"ROBERT MOSES - ST. LAWRENCE","NY00678","72h",50,0.98,1.81082534996993
"ROBERT MOSES - ST. LAWRENCE","NY00678","72h",100,0.99,2.04157466232001
"ROBERT MOSES - ST. LAWRENCE","NY00678","72h",200,0.995,2.3017693481644
"ROBERT MOSES - ST. LAWRENCE","NY00678","72h",500,0.998,2.69883266991284
"ROBERT MOSES - ST. LAWRENCE","NY00678","72h",1000,0.999,3.04583944060307
"ROBERT MOSES - ST. LAWRENCE","NY00678","72h",2000,0.9995,3.43922244854723
"ROBERT MOSES - ST. LAWRENCE","NY00678","72h",5000,0.9998,4.04128398550617
"ROBERT MOSES - ST. LAWRENCE","NY00678","72h",10000,0.9999,4.56814571302248
"IROQUOIS","NY00676","24h",2,0.5,0.936739558175615
"IROQUOIS","NY00676","24h",5,0.8,1.22991863651578
"IROQUOIS","NY00676","24h",10,0.9,1.4326624445008
"IROQUOIS","NY00676","24h",25,0.96,1.69910459099244
"IROQUOIS","NY00676","24h",50,0.98,1.90445768086738
"IROQUOIS","NY00676","24h",100,0.99,2.11501223438141
"IROQUOIS","NY00676","24h",200,0.995,2.33167360812282
"IROQUOIS","NY00676","24h",500,0.998,2.62839785855607
"IROQUOIS","NY00676","24h",1000,0.999,2.86116562952554
"IROQUOIS","NY00676","24h",2000,0.9995,3.10143695172328
"IROQUOIS","NY00676","24h",5000,0.9998,3.43105613987143
"IROQUOIS","NY00676","24h",10000,0.9999,3.68983175156163
"IROQUOIS","NY00676","72h",2,0.5,0.949524385527327
"IROQUOIS","NY00676","72h",5,0.8,1.19286723382423
"IROQUOIS","NY00676","72h",10,0.9,1.36826406130411
"IROQUOIS","NY00676","72h",25,0.96,1.62029995202302
"IROQUOIS","NY00676","72h",50,0.98,1.83592796562906
"IROQUOIS","NY00676","72h",100,0.99,2.07931722140253
"IROQUOIS","NY00676","72h",200,0.995,2.35569282302765
"IROQUOIS","NY00676","72h",500,0.998,2.78089416106462
"IROQUOIS","NY00676","72h",1000,0.999,3.15547792640029
"IROQUOIS","NY00676","72h",2000,0.9995,3.58307785898549
"IROQUOIS","NY00676","72h",5000,0.9998,4.24283006599364
"IROQUOIS","NY00676","72h",10000,0.9999,4.82480621459569
"JIM CHAPMAN LAKE","TX08012","24h",2,0.5,0.932080610246619
"JIM CHAPMAN LAKE","TX08012","24h",5,0.8,1.24614305151228
"JIM CHAPMAN LAKE","TX08012","24h",10,0.9,1.46348062908115
"JIM CHAPMAN LAKE","TX08012","24h",25,0.96,1.74928289614034
"JIM CHAPMAN LAKE","TX08012","24h",50,0.98,1.96969272782371
"JIM CHAPMAN LAKE","TX08012","24h",100,0.99,2.19580355138656
"JIM CHAPMAN LAKE","TX08012","24h",200,0.995,2.428593352859
"JIM CHAPMAN LAKE","TX08012","24h",500,0.998,2.74759818501367
"JIM CHAPMAN LAKE","TX08012","24h",1000,0.999,2.99799430693179
"JIM CHAPMAN LAKE","TX08012","24h",2000,0.9995,3.25659598025233
"JIM CHAPMAN LAKE","TX08012","24h",5000,0.9998,3.61157530185422
"JIM CHAPMAN LAKE","TX08012","24h",10000,0.9999,3.89042755243882
"JIM CHAPMAN LAKE","TX08012","72h",2,0.5,0.936062418928535
"JIM CHAPMAN LAKE","TX08012","72h",5,0.8,1.24653151016171
"JIM CHAPMAN LAKE","TX08012","72h",10,0.9,1.45820116942052
"JIM CHAPMAN LAKE","TX08012","72h",25,0.96,1.73281717151774
"JIM CHAPMAN LAKE","TX08012","72h",50,0.98,1.94184603066381
"JIM CHAPMAN LAKE","TX08012","72h",100,0.99,2.1539088801174
"JIM CHAPMAN LAKE","TX08012","72h",200,0.995,2.36983329434861
"JIM CHAPMAN LAKE","TX08012","72h",500,0.998,2.66195542142318
"JIM CHAPMAN LAKE","TX08012","72h",1000,0.999,2.88834023381876
"JIM CHAPMAN LAKE","TX08012","72h",2000,0.9995,3.11958347551282
"JIM CHAPMAN LAKE","TX08012","72h",5000,0.9998,3.43297166902672
"JIM CHAPMAN LAKE","TX08012","72h",10000,0.9999,3.67603106128564
"SMITHLAND LOCKS & DAM","IL50499","24h",2,0.5,0.930430310618396
"SMITHLAND LOCKS & DAM","IL50499","24h",5,0.8,1.23524371646212
"SMITHLAND LOCKS & DAM","IL50499","24h",10,0.9,1.44600610421177
"SMITHLAND LOCKS & DAM","IL50499","24h",25,0.96,1.72097045773196
"SMITHLAND LOCKS & DAM","IL50499","24h",50,0.98,1.93152353570556
"SMITHLAND LOCKS & DAM","IL50499","24h",100,0.99,2.14664530242171
"SMITHLAND LOCKS & DAM","IL50499","24h",200,0.995,2.3676457400341
"SMITHLAND LOCKS & DAM","IL50499","24h",500,0.998,2.67036637007941
"SMITHLAND LOCKS & DAM","IL50499","24h",1000,0.999,2.90825385191742
"SMITHLAND LOCKS & DAM","IL50499","24h",2000,0.9995,3.15441696384357
"SMITHLAND LOCKS & DAM","IL50499","24h",5000,0.9998,3.49333139631744
"SMITHLAND LOCKS & DAM","IL50499","24h",10000,0.9999,3.76046845929137
"SMITHLAND LOCKS & DAM","IL50499","72h",2,0.5,0.931968500106579
"SMITHLAND LOCKS & DAM","IL50499","72h",5,0.8,1.23527216983926
"SMITHLAND LOCKS & DAM","IL50499","72h",10,0.9,1.44759780141114
"SMITHLAND LOCKS & DAM","IL50499","72h",25,0.96,1.72974141315598
"SMITHLAND LOCKS & DAM","IL50499","72h",50,0.98,1.94954238302717
"SMITHLAND LOCKS & DAM","IL50499","72h",100,0.99,2.17697722230697
"SMITHLAND LOCKS & DAM","IL50499","72h",200,0.995,2.4131424947405
"SMITHLAND LOCKS & DAM","IL50499","72h",500,0.998,2.74000102819816
"SMITHLAND LOCKS & DAM","IL50499","72h",1000,0.999,2.99910750849053
"SMITHLAND LOCKS & DAM","IL50499","72h",2000,0.9995,3.26899348691897
"SMITHLAND LOCKS & DAM","IL50499","72h",5000,0.9998,3.6431496387271
"SMITHLAND LOCKS & DAM","IL50499","72h",10000,0.9999,3.93997932343156
"SARDIS LAKE","OK22199","24h",2,0.5,0.928169405330576
"SARDIS LAKE","OK22199","24h",5,0.8,1.23361150605467
"SARDIS LAKE","OK22199","24h",10,0.9,1.45076039041792
"SARDIS LAKE","OK22199","24h",25,0.96,1.74338425577345
"SARDIS LAKE","OK22199","24h",50,0.98,1.97446068166803
"SARDIS LAKE","OK22199","24h",100,0.99,2.21633633611181
"SARDIS LAKE","OK22199","24h",200,0.995,2.47039429862921
"SARDIS LAKE","OK22199","24h",500,0.998,2.82672855222123
"SARDIS LAKE","OK22199","24h",1000,0.999,3.11296230578366
"SARDIS LAKE","OK22199","24h",2000,0.9995,3.41452681363397
"SARDIS LAKE","OK22199","24h",5000,0.9998,3.83819012195363
"SARDIS LAKE","OK22199","24h",10000,0.9999,4.17876588956981
"SARDIS LAKE","OK22199","72h",2,0.5,0.928742907317359
"SARDIS LAKE","OK22199","72h",5,0.8,1.2392780146589
"SARDIS LAKE","OK22199","72h",10,0.9,1.45827095550914
"SARDIS LAKE","OK22199","72h",25,0.96,1.75122270181787
"SARDIS LAKE","OK22199","72h",50,0.98,1.98092234056391
"SARDIS LAKE","OK22199","72h",100,0.99,2.21990922303221
"SARDIS LAKE","OK22199","72h",200,0.995,2.46942979509272
"SARDIS LAKE","OK22199","72h",500,0.998,2.8169689754437
"SARDIS LAKE","OK22199","72h",1000,0.999,3.09421128244272
"SARDIS LAKE","OK22199","72h",2000,0.9995,3.38456221939115
"SARDIS LAKE","OK22199","72h",5000,0.9998,3.78964452359386
"SARDIS LAKE","OK22199","72h",10000,0.9999,4.11303852259998
"GREEN RIVER LAKE DAM","KY03007","24h",2,0.5,0.936793161815709
"GREEN RIVER LAKE DAM","KY03007","24h",5,0.8,1.21772068350144
"GREEN RIVER LAKE DAM","KY03007","24h",10,0.9,1.41112603638014
"GREEN RIVER LAKE DAM","KY03007","24h",25,0.96,1.66264538341108
"GREEN RIVER LAKE DAM","KY03007","24h",50,0.98,1.85473362010144
"GREEN RIVER LAKE DAM","KY03007","24h",100,0.99,2.05059698987585
"GREEN RIVER LAKE DAM","KY03007","24h",200,0.995,2.25144719141469
"GREEN RIVER LAKE DAM","KY03007","24h",500,0.998,2.52603534716511
"GREEN RIVER LAKE DAM","KY03007","24h",1000,0.999,2.74143107688179
"GREEN RIVER LAKE DAM","KY03007","24h",2000,0.9995,2.96399982761324
"GREEN RIVER LAKE DAM","KY03007","24h",5000,0.9998,3.2699475283513
"GREEN RIVER LAKE DAM","KY03007","24h",10000,0.9999,3.51074137197943
"GREEN RIVER LAKE DAM","KY03007","72h",2,0.5,0.934741537036574
"GREEN RIVER LAKE DAM","KY03007","72h",5,0.8,1.22033173690123
"GREEN RIVER LAKE DAM","KY03007","72h",10,0.9,1.42145811414774
"GREEN RIVER LAKE DAM","KY03007","72h",25,0.96,1.69017580304706
"GREEN RIVER LAKE DAM","KY03007","72h",50,0.98,1.90062108809795
"GREEN RIVER LAKE DAM","KY03007","72h",100,0.99,2.1193516111599
"GREEN RIVER LAKE DAM","KY03007","72h",200,0.995,2.34749115118562
"GREEN RIVER LAKE DAM","KY03007","72h",500,0.998,2.66487592718197
"GREEN RIVER LAKE DAM","KY03007","72h",1000,0.999,2.9177667649391
"GREEN RIVER LAKE DAM","KY03007","72h",2000,0.9995,3.18234727501112
"GREEN RIVER LAKE DAM","KY03007","72h",5000,0.9998,3.55104218922349
"GREEN RIVER LAKE DAM","KY03007","72h",10000,0.9999,3.84504241861231
"KETTLE FALLS","MN00093","24h",2,0.5,0.926515237137212
"KETTLE FALLS","MN00093","24h",5,0.8,1.23800020694663
"KETTLE FALLS","MN00093","24h",10,0.9,1.46932645687557
"KETTLE FALLS","MN00093","24h",25,0.96,1.81015002436451
"KETTLE FALLS","MN00093","24h",50,0.98,2.10861574435214
"KETTLE FALLS","MN00093","24h",100,0.99,2.45219747947642
"KETTLE FALLS","MN00093","24h",200,0.995,2.85000721776039
"KETTLE FALLS","MN00093","24h",500,0.998,3.47603673999569
"KETTLE FALLS","MN00093","24h",1000,0.999,4.03993460170663
"KETTLE FALLS","MN00093","24h",2000,0.9995,4.69616295148624
"KETTLE FALLS","MN00093","24h",5000,0.9998,5.73173251941505
"KETTLE FALLS","MN00093","24h",10000,0.9999,6.66570464374006
"KETTLE FALLS","MN00093","72h",2,0.5,0.927246215886788
"KETTLE FALLS","MN00093","72h",5,0.8,1.22909913620241
"KETTLE FALLS","MN00093","72h",10,0.9,1.45447265773998
"KETTLE FALLS","MN00093","72h",25,0.96,1.78801610846071
"KETTLE FALLS","MN00093","72h",50,0.98,2.08132626165589
"KETTLE FALLS","MN00093","72h",100,0.99,2.42016311582534
"KETTLE FALLS","MN00093","72h",200,0.995,2.81384679878152
"KETTLE FALLS","MN00093","72h",500,0.998,3.43589750846733
"KETTLE FALLS","MN00093","72h",1000,0.999,3.99844253981719
"KETTLE FALLS","MN00093","72h",2000,0.9995,4.6553569054046
"KETTLE FALLS","MN00093","72h",5000,0.9998,5.69619758367592
"KETTLE FALLS","MN00093","72h",10000,0.9999,6.63865343252003
"RIPOGENUS","ME00204","24h",2,0.5,0.936201437597328
"RIPOGENUS","ME00204","24h",5,0.8,1.22643626138939
"RIPOGENUS","ME00204","24h",10,0.9,1.42831330947704
"RIPOGENUS","ME00204","24h",25,0.96,1.69501629584134
"RIPOGENUS","ME00204","24h",50,0.98,1.9016211186012
"RIPOGENUS","ME00204","24h",100,0.99,2.11437951302951
"RIPOGENUS","ME00204","24h",200,0.995,2.33425461462468
"RIPOGENUS","ME00204","24h",500,0.998,2.63688956870922
"RIPOGENUS","ME00204","24h",1000,0.999,2.87547818515695
"RIPOGENUS","ME00204","24h",2000,0.9995,3.12281693761622
"RIPOGENUS","ME00204","24h",5000,0.9998,3.46382868687328
"RIPOGENUS","ME00204","24h",10000,0.9999,3.7328821719712
"RIPOGENUS","ME00204","72h",2,0.5,0.945467910836741
"RIPOGENUS","ME00204","72h",5,0.8,1.22769258499488
"RIPOGENUS","ME00204","72h",10,0.9,1.41657043095911
"RIPOGENUS","ME00204","72h",25,0.96,1.65754495518753
"RIPOGENUS","ME00204","72h",50,0.98,1.8380074573264
"RIPOGENUS","ME00204","72h",100,0.99,2.01857714031734
"RIPOGENUS","ME00204","72h",200,0.995,2.19992590341574
"RIPOGENUS","ME00204","72h",500,0.998,2.44139653927798
"RIPOGENUS","ME00204","72h",1000,0.999,2.62558131794602
"RIPOGENUS","ME00204","72h",2000,0.9995,2.81116393181074
"RIPOGENUS","ME00204","72h",5000,0.9998,3.05870848832919
"RIPOGENUS","ME00204","72h",10000,0.9999,3.24768047719713
"TIMS FORD","TN05102","24h",2,0.5,0.942217859017491
"TIMS FORD","TN05102","24h",5,0.8,1.2257026912467
"TIMS FORD","TN05102","24h",10,0.9,1.41544716044857
"TIMS FORD","TN05102","24h",25,0.96,1.65717619625359
"TIMS FORD","TN05102","24h",50,0.98,1.8386288835374
"TIMS FORD","TN05102","24h",100,0.99,2.02126044266741
"TIMS FORD","TN05102","24h",200,0.995,2.2063479962976
"TIMS FORD","TN05102","24h",500,0.998,2.45623821992964
"TIMS FORD","TN05102","24h",1000,0.999,2.65000776275168
"TIMS FORD","TN05102","24h",2000,0.9995,2.84837377733221
"TIMS FORD","TN05102","24h",5000,0.9998,3.11828354714003
"TIMS FORD","TN05102","24h",10000,0.9999,3.32867607804292
"TIMS FORD","TN05102","72h",2,0.5,0.949629734660977
"TIMS FORD","TN05102","72h",5,0.8,1.23147779648249
"TIMS FORD","TN05102","72h",10,0.9,1.414000519692
"TIMS FORD","TN05102","72h",25,0.96,1.64100480648775
"TIMS FORD","TN05102","72h",50,0.98,1.80799972852514
"TIMS FORD","TN05102","72h",100,0.99,1.97354885066567
"TIMS FORD","TN05102","72h",200,0.995,2.1390305861978
"TIMS FORD","TN05102","72h",500,0.998,2.35920875116662
"TIMS FORD","TN05102","72h",1000,0.999,2.52764837414707
"TIMS FORD","TN05102","72h",2000,0.9995,2.69821767733592
"TIMS FORD","TN05102","72h",5000,0.9998,2.92755693569332
"TIMS FORD","TN05102","72h",10000,0.9999,3.10432254490851
"DE GRAY SADDLE DIKE NO 2","AR01205","24h",2,0.5,0.929219033964614
"DE GRAY SADDLE DIKE NO 2","AR01205","24h",5,0.8,1.21159777883519
"DE GRAY SADDLE DIKE NO 2","AR01205","24h",10,0.9,1.42456212483282
"DE GRAY SADDLE DIKE NO 2","AR01205","24h",25,0.96,1.74241148245206
"DE GRAY SADDLE DIKE NO 2","AR01205","24h",50,0.98,2.02412311121465
"DE GRAY SADDLE DIKE NO 2","AR01205","24h",100,0.99,2.35172545915857
"DE GRAY SADDLE DIKE NO 2","AR01205","24h",200,0.995,2.73486007817753
"DE GRAY SADDLE DIKE NO 2","AR01205","24h",500,0.998,3.34488088383162
"DE GRAY SADDLE DIKE NO 2","AR01205","24h",1000,0.999,3.90069160427953
"DE GRAY SADDLE DIKE NO 2","AR01205","24h",2000,0.9995,4.55397058518233
"DE GRAY SADDLE DIKE NO 2","AR01205","24h",5000,0.9998,5.59694687258982
"DE GRAY SADDLE DIKE NO 2","AR01205","24h",10000,0.9999,6.54841645397746
"DE GRAY SADDLE DIKE NO 2","AR01205","72h",2,0.5,0.930230703168145
"DE GRAY SADDLE DIKE NO 2","AR01205","72h",5,0.8,1.24439474257732
"DE GRAY SADDLE DIKE NO 2","AR01205","72h",10,0.9,1.45984114702632
"DE GRAY SADDLE DIKE NO 2","AR01205","72h",25,0.96,1.73922675625076
"DE GRAY SADDLE DIKE NO 2","AR01205","72h",50,0.98,1.95208793682847
"DE GRAY SADDLE DIKE NO 2","AR01205","72h",100,0.99,2.1687427027606
"DE GRAY SADDLE DIKE NO 2","AR01205","72h",200,0.995,2.39055157429356
"DE GRAY SADDLE DIKE NO 2","AR01205","72h",500,0.998,2.6932677320157
"DE GRAY SADDLE DIKE NO 2","AR01205","72h",1000,0.999,2.93034849182465
"DE GRAY SADDLE DIKE NO 2","AR01205","72h",2000,0.9995,3.17500875238967
"DE GRAY SADDLE DIKE NO 2","AR01205","72h",5000,0.9998,3.51084909646153
"DE GRAY SADDLE DIKE NO 2","AR01205","72h",10000,0.9999,3.77481732130775
"BUFFALO BILL","WY01300","24h",2,0.5,0.930233617032941
"BUFFALO BILL","WY01300","24h",5,0.8,1.22846346254034
"BUFFALO BILL","WY01300","24h",10,0.9,1.44948646353157
"BUFFALO BILL","WY01300","24h",25,0.96,1.77456381966121
"BUFFALO BILL","WY01300","24h",50,0.98,2.05877971553809
"BUFFALO BILL","WY01300","24h",100,0.99,2.38551075886765
"BUFFALO BILL","WY01300","24h",200,0.995,2.76329912387057
"BUFFALO BILL","WY01300","24h",500,0.998,3.35688661885509
"BUFFALO BILL","WY01300","24h",1000,0.999,3.89073732791068
"BUFFALO BILL","WY01300","24h",2000,0.9995,4.511167398777
"BUFFALO BILL","WY01300","24h",5000,0.9998,5.48871273347164
"BUFFALO BILL","WY01300","24h",10000,0.9999,6.36899599950252
"BUFFALO BILL","WY01300","72h",2,0.5,0.928973015030812
"BUFFALO BILL","WY01300","72h",5,0.8,1.25923184011305
"BUFFALO BILL","WY01300","72h",10,0.9,1.48738443563965
"BUFFALO BILL","WY01300","72h",25,0.96,1.78694107465581
"BUFFALO BILL","WY01300","72h",50,0.98,2.01760937556665
"BUFFALO BILL","WY01300","72h",100,0.99,2.25394015308366
"BUFFALO BILL","WY01300","72h",200,0.995,2.49694108041191
"BUFFALO BILL","WY01300","72h",500,0.998,2.82944575731145
"BUFFALO BILL","WY01300","72h",1000,0.999,3.09005367981434
"BUFFALO BILL","WY01300","72h",2000,0.9995,3.35885977024793
"BUFFALO BILL","WY01300","72h",5000,0.9998,3.72730147557289
"BUFFALO BILL","WY01300","72h",10000,0.9999,4.01630298745584
"CAVE RUN LAKE DAM","KY03055","24h",2,0.5,0.941607811702501
"CAVE RUN LAKE DAM","KY03055","24h",5,0.8,1.18704760218531
"CAVE RUN LAKE DAM","KY03055","24h",10,0.9,1.36970512673805
"CAVE RUN LAKE DAM","KY03055","24h",25,0.96,1.63929320747224
"CAVE RUN LAKE DAM","KY03055","24h",50,0.98,1.8757606655089
"CAVE RUN LAKE DAM","KY03055","24h",100,0.99,2.14834623740367
"CAVE RUN LAKE DAM","KY03055","24h",200,0.995,2.46438302696204
"CAVE RUN LAKE DAM","KY03055","24h",500,0.998,2.96251334783082
"CAVE RUN LAKE DAM","KY03055","24h",1000,0.999,3.41190159613595
"CAVE RUN LAKE DAM","KY03055","24h",2000,0.9995,3.93557441055519
"CAVE RUN LAKE DAM","KY03055","24h",5000,0.9998,4.76326348835003
"CAVE RUN LAKE DAM","KY03055","24h",10000,0.9999,5.51090515530081
"CAVE RUN LAKE DAM","KY03055","72h",2,0.5,0.948448009933965
"CAVE RUN LAKE DAM","KY03055","72h",5,0.8,1.21377456229947
"CAVE RUN LAKE DAM","KY03055","72h",10,0.9,1.39162295383089
"CAVE RUN LAKE DAM","KY03055","72h",25,0.96,1.6188483059597
"CAVE RUN LAKE DAM","KY03055","72h",50,0.98,1.7892491517859
"CAVE RUN LAKE DAM","KY03055","72h",100,0.99,1.95995103044519
"CAVE RUN LAKE DAM","KY03055","72h",200,0.995,2.13158922978558
"CAVE RUN LAKE DAM","KY03055","72h",500,0.998,2.36043849813246
"CAVE RUN LAKE DAM","KY03055","72h",1000,0.999,2.53523129226443
"CAVE RUN LAKE DAM","KY03055","72h",2000,0.9995,2.71155490937824
"CAVE RUN LAKE DAM","KY03055","72h",5000,0.9998,2.94706586631829
"CAVE RUN LAKE DAM","KY03055","72h",10000,0.9999,3.12709347067137
"NARROWS DAM","AR00154","24h",2,0.5,0.926761068799318
"NARROWS DAM","AR00154","24h",5,0.8,1.21256428369598
"NARROWS DAM","AR00154","24h",10,0.9,1.42937056389683
"NARROWS DAM","AR00154","24h",25,0.96,1.75454110834237
"NARROWS DAM","AR00154","24h",50,0.98,2.04405536684854
"NARROWS DAM","AR00154","24h",100,0.99,2.38202748589823
"NARROWS DAM","AR00154","24h",200,0.995,2.77879485748124
"NARROWS DAM","AR00154","24h",500,0.998,3.41332356684269
"NARROWS DAM","AR00154","24h",1000,0.999,3.99397756056922
"NARROWS DAM","AR00154","24h",2000,0.9995,4.67903035833165
"NARROWS DAM","AR00154","24h",5000,0.9998,5.77756407729425
"NARROWS DAM","AR00154","24h",10000,0.9999,6.78406378383442
"NARROWS DAM","AR00154","72h",2,0.5,0.931769675760034
"NARROWS DAM","AR00154","72h",5,0.8,1.24716562449644
"NARROWS DAM","AR00154","72h",10,0.9,1.46180497366077
"NARROWS DAM","AR00154","72h",25,0.96,1.73858742208506
"NARROWS DAM","AR00154","72h",50,0.98,1.9484768413207
"NARROWS DAM","AR00154","72h",100,0.99,2.16135273611431
"NARROWS DAM","AR00154","72h",200,0.995,2.37859461039091
"NARROWS DAM","AR00154","72h",500,0.998,2.67406865657502
"NARROWS DAM","AR00154","72h",1000,0.999,2.90475051925459
"NARROWS DAM","AR00154","72h",2000,0.9995,3.14220422275766
"NARROWS DAM","AR00154","72h",5000,0.9998,3.46724767838618
"NARROWS DAM","AR00154","72h",10000,0.9999,3.72205990902296
"OLD HICKORY DAM","TN03702","24h",2,0.5,0.925157645920555
"OLD HICKORY DAM","TN03702","24h",5,0.8,1.2145189098121
"OLD HICKORY DAM","TN03702","24h",10,0.9,1.42707878574965
"OLD HICKORY DAM","TN03702","24h",25,0.96,1.72217543117712
"OLD HICKORY DAM","TN03702","24h",50,0.98,1.96200177271442
"OLD HICKORY DAM","TN03702","24h",100,0.99,2.21926037266906
"OLD HICKORY DAM","TN03702","24h",200,0.995,2.49613856150063
"OLD HICKORY DAM","TN03702","24h",500,0.998,2.89562393000032
"OLD HICKORY DAM","TN03702","24h",1000,0.999,3.22565238592857
"OLD HICKORY DAM","TN03702","24h",2000,0.9995,3.58188814630881
"OLD HICKORY DAM","TN03702","24h",5000,0.9998,4.09668764615408
"OLD HICKORY DAM","TN03702","24h",10000,0.9999,4.52229072806751
"OLD HICKORY DAM","TN03702","72h",2,0.5,0.923859273776745
"OLD HICKORY DAM","TN03702","72h",5,0.8,1.19439379031464
"OLD HICKORY DAM","TN03702","72h",10,0.9,1.4050296735581
"OLD HICKORY DAM","TN03702","72h",25,0.96,1.72794210853323
"OLD HICKORY DAM","TN03702","72h",50,0.98,2.02135377933934
"OLD HICKORY DAM","TN03702","72h",100,0.99,2.36981593489825
"OLD HICKORY DAM","TN03702","72h",200,0.995,2.78591578527233
"OLD HICKORY DAM","TN03702","72h",500,0.998,3.46468006085351
"OLD HICKORY DAM","TN03702","72h",1000,0.999,4.09798207397249
"OLD HICKORY DAM","TN03702","72h",2000,0.9995,4.8578421489853
"OLD HICKORY DAM","TN03702","72h",5000,0.9998,6.10061326593694
"OLD HICKORY DAM","TN03702","72h",10000,0.9999,7.26152431030397
"PETENWELL","WI00740","24h",2,0.5,0.91973237358863
"PETENWELL","WI00740","24h",5,0.8,1.23444846119539
"PETENWELL","WI00740","24h",10,0.9,1.46449030190151
"PETENWELL","WI00740","24h",25,0.96,1.78241780957663
"PETENWELL","WI00740","24h",50,0.98,2.03967555024074
"PETENWELL","WI00740","24h",100,0.99,2.3146096657185
"PETENWELL","WI00740","24h",200,0.995,2.60942052114248
"PETENWELL","WI00740","24h",500,0.998,3.03295756243321
"PETENWELL","WI00740","24h",1000,0.999,3.38137102893519
"PETENWELL","WI00740","24h",2000,0.9995,3.7560720223945
"PETENWELL","WI00740","24h",5000,0.9998,4.2952416191592
"PETENWELL","WI00740","24h",10000,0.9999,4.73910273990825
"PETENWELL","WI00740","72h",2,0.5,0.927005993537867
"PETENWELL","WI00740","72h",5,0.8,1.24319216030661
"PETENWELL","WI00740","72h",10,0.9,1.46661148635703
"PETENWELL","WI00740","72h",25,0.96,1.76602119831894
"PETENWELL","WI00740","72h",50,0.98,2.0011922730475
"PETENWELL","WI00740","72h",100,0.99,2.24623347729945
"PETENWELL","WI00740","72h",200,0.995,2.50245130819075
"PETENWELL","WI00740","72h",500,0.998,2.8599274708268
"PETENWELL","WI00740","72h",1000,0.999,3.14558026459156
"PETENWELL","WI00740","72h",2000,0.9995,3.44517697036521
"PETENWELL","WI00740","72h",5000,0.9998,3.86387001103561
"PETENWELL","WI00740","72h",10000,0.9999,4.19869608307722
"PAT MAYSE LAKE","TX04359","24h",2,0.5,0.931651508919341
"PAT MAYSE LAKE","TX04359","24h",5,0.8,1.2452356402917
"PAT MAYSE LAKE","TX04359","24h",10,0.9,1.46277269838838
"PAT MAYSE LAKE","TX04359","24h",25,0.96,1.74947069626298
"PAT MAYSE LAKE","TX04359","24h",50,0.98,1.97104561633342
"PAT MAYSE LAKE","TX04359","24h",100,0.99,2.19876621453183
"PAT MAYSE LAKE","TX04359","24h",200,0.995,2.43363856065542
"PAT MAYSE LAKE","TX04359","24h",500,0.998,2.7561742620162
"PAT MAYSE LAKE","TX04359","24h",1000,0.999,3.00987183756067
"PAT MAYSE LAKE","TX04359","24h",2000,0.9995,3.27235604591943
"PAT MAYSE LAKE","TX04359","24h",5000,0.9998,3.63342110239389
"PAT MAYSE LAKE","TX04359","24h",10000,0.9999,3.91764705765346
"PAT MAYSE LAKE","TX04359","72h",2,0.5,0.936325632278663
"PAT MAYSE LAKE","TX04359","72h",5,0.8,1.24500488170188
"PAT MAYSE LAKE","TX04359","72h",10,0.9,1.45555856429481
"PAT MAYSE LAKE","TX04359","72h",25,0.96,1.7288491480824
"PAT MAYSE LAKE","TX04359","72h",50,0.98,1.93695957996022
"PAT MAYSE LAKE","TX04359","72h",100,0.99,2.14816866567325
"PAT MAYSE LAKE","TX04359","72h",200,0.995,2.36330277554761
"PAT MAYSE LAKE","TX04359","72h",500,0.998,2.65447962676152
"PAT MAYSE LAKE","TX04359","72h",1000,0.999,2.8802276126337
"PAT MAYSE LAKE","TX04359","72h",2000,0.9995,3.11090466102401
"PAT MAYSE LAKE","TX04359","72h",5000,0.9998,3.42365833567787
"PAT MAYSE LAKE","TX04359","72h",10000,0.9999,3.66632839584359
"PYMATUNING","PA00176","24h",2,0.5,0.927021176568169
"PYMATUNING","PA00176","24h",5,0.8,1.22006359266531
"PYMATUNING","PA00176","24h",10,0.9,1.43248690572059
"PYMATUNING","PA00176","24h",25,0.96,1.72384749965961
"PYMATUNING","PA00176","24h",50,0.98,1.95788929823425
"PYMATUNING","PA00176","24h",100,0.99,2.20645768626251
"PYMATUNING","PA00176","24h",200,0.995,2.47134908487928
"PYMATUNING","PA00176","24h",500,0.998,2.84917078760357
"PYMATUNING","PA00176","24h",1000,0.999,3.1577657503442
"PYMATUNING","PA00176","24h",2000,0.9995,3.48760243438366
"PYMATUNING","PA00176","24h",5000,0.9998,3.95881579432818
"PYMATUNING","PA00176","24h",10000,0.9999,4.34397575197853
"PYMATUNING","PA00176","72h",2,0.5,0.943967243311262
"PYMATUNING","PA00176","72h",5,0.8,1.21129900670351
"PYMATUNING","PA00176","72h",10,0.9,1.39452846052133
"PYMATUNING","PA00176","72h",25,0.96,1.63339054603745
"PYMATUNING","PA00176","72h",50,0.98,1.81605311028658
"PYMATUNING","PA00176","72h",100,0.99,2.00210159449995
"PYMATUNING","PA00176","72h",200,0.995,2.19228476028635
"PYMATUNING","PA00176","72h",500,0.998,2.45075780827645
"PYMATUNING","PA00176","72h",1000,0.999,2.6519777976163
"PYMATUNING","PA00176","72h",2000,0.9995,2.85832249495374
"PYMATUNING","PA00176","72h",5000,0.9998,3.13924268224098
"PYMATUNING","PA00176","72h",10000,0.9999,3.35811132768481
"ROBERT S. KERR","OK00134","24h",2,0.5,0.937548969900831
"ROBERT S. KERR","OK00134","24h",5,0.8,1.24714319303252
"ROBERT S. KERR","OK00134","24h",10,0.9,1.4569255354945
"ROBERT S. KERR","OK00134","24h",25,0.96,1.72758767177196
"ROBERT S. KERR","OK00134","24h",50,0.98,1.93250125632254
"ROBERT S. KERR","OK00134","24h",100,0.99,2.13944077531488
"ROBERT S. KERR","OK00134","24h",200,0.995,2.34919266306052
"ROBERT S. KERR","OK00134","24h",500,0.998,2.63147284845324
"ROBERT S. KERR","OK00134","24h",1000,0.999,2.84908474323099
"ROBERT S. KERR","OK00134","24h",2000,0.9995,3.07036329980637
"ROBERT S. KERR","OK00134","24h",5000,0.9998,3.36867469799029
"ROBERT S. KERR","OK00134","24h",10000,0.9999,3.59883031171074
"ROBERT S. KERR","OK00134","72h",2,0.5,0.933889789054353
"ROBERT S. KERR","OK00134","72h",5,0.8,1.24841217000508
"ROBERT S. KERR","OK00134","72h",10,0.9,1.46417092611911
"ROBERT S. KERR","OK00134","72h",25,0.96,1.74565713907227
"ROBERT S. KERR","OK00134","72h",50,0.98,1.96107712993465
"ROBERT S. KERR","OK00134","72h",100,0.99,2.18063050909669
"ROBERT S. KERR","OK00134","72h",200,0.995,2.40520585139958
"ROBERT S. KERR","OK00134","72h",500,0.998,2.71064534919115
"ROBERT S. KERR","OK00134","72h",1000,0.999,2.94860301814308
"ROBERT S. KERR","OK00134","72h",2000,0.9995,3.19277540979489
"ROBERT S. KERR","OK00134","72h",5000,0.9998,3.52543910891341
"ROBERT S. KERR","OK00134","72h",10000,0.9999,3.78481183676715
"YALE SADDLE DAM","WA00135","24h",2,0.5,0.94799881547414
"YALE SADDLE DAM","WA00135","24h",5,0.8,1.2182895074018
"YALE SADDLE DAM","WA00135","24h",10,0.9,1.39896004580061
"YALE SADDLE DAM","WA00135","24h",25,0.96,1.62920984418024
"YALE SADDLE DAM","WA00135","24h",50,0.98,1.80145638885637
"YALE SADDLE DAM","WA00135","24h",100,0.99,1.97364877284467
"YALE SADDLE DAM","WA00135","24h",200,0.995,2.14642796419827
"YALE SADDLE DAM","WA00135","24h",500,0.998,2.37624748901905
"YALE SADDLE DAM","WA00135","24h",1000,0.999,2.5513623570784
"YALE SADDLE DAM","WA00135","24h",2000,0.9995,2.72764770945431
"YALE SADDLE DAM","WA00135","24h",5000,0.9998,2.96254558944258
"YALE SADDLE DAM","WA00135","24h",10000,0.9999,3.14167642245737
"YALE SADDLE DAM","WA00135","72h",2,0.5,0.96213054432831
"YALE SADDLE DAM","WA00135","72h",5,0.8,1.18780120723217
"YALE SADDLE DAM","WA00135","72h",10,0.9,1.34383519632965
"YALE SADDLE DAM","WA00135","72h",25,0.96,1.56041241687313
"YALE SADDLE DAM","WA00135","72h",50,0.98,1.73980409582115
"YALE SADDLE DAM","WA00135","72h",100,0.99,1.9368463928001
"YALE SADDLE DAM","WA00135","72h",200,0.995,2.15464097979393
"YALE SADDLE DAM","WA00135","72h",500,0.998,2.47938303822185
"YALE SADDLE DAM","WA00135","72h",1000,0.999,2.75677655134479
"YALE SADDLE DAM","WA00135","72h",2000,0.9995,3.06508621671408
"YALE SADDLE DAM","WA00135","72h",5000,0.9998,3.52617775101437
"YALE SADDLE DAM","WA00135","72h",10000,0.9999,3.92058438118785
"WALLACE","GA00839","24h",2,0.5,0.940675424762169
"WALLACE","GA00839","24h",5,0.8,1.23477227852242
"WALLACE","GA00839","24h",10,0.9,1.43107070080367
"WALLACE","GA00839","24h",25,0.96,1.68064022760551
"WALLACE","GA00839","24h",50,0.98,1.86765844500429
"WALLACE","GA00839","24h",100,0.99,2.05564989876736
"WALLACE","GA00839","24h",200,0.995,2.24594735516223
"WALLACE","GA00839","24h",500,0.998,2.50255349154264
"WALLACE","GA00839","24h",1000,0.999,2.70130315269807
"WALLACE","GA00839","24h",2000,0.9995,2.90457993988961
"WALLACE","GA00839","24h",5000,0.9998,3.18089250806674
"WALLACE","GA00839","24h",10000,0.9999,3.3960705354436
"WALLACE","GA00839","72h",2,0.5,0.943435608637876
"WALLACE","GA00839","72h",5,0.8,1.23847266023004
"WALLACE","GA00839","72h",10,0.9,1.42789905209963
"WALLACE","GA00839","72h",25,0.96,1.65808546446113
"WALLACE","GA00839","72h",50,0.98,1.82275232115736
"WALLACE","GA00839","72h",100,0.99,1.98182778979959
"WALLACE","GA00839","72h",200,0.995,2.13666113784641
"WALLACE","GA00839","72h",500,0.998,2.33631616630676
"WALLACE","GA00839","72h",1000,0.999,2.48432232920696
"WALLACE","GA00839","72h",2000,0.9995,2.63019953129097
"WALLACE","GA00839","72h",5000,0.9998,2.820307463077
"WALLACE","GA00839","72h",10000,0.9999,2.96236455470187
"MCPHEE","CO02707","24h",2,0.5,0.9497082499411
"MCPHEE","CO02707","24h",5,0.8,1.2180781820608
"MCPHEE","CO02707","24h",10,0.9,1.40748558342721
"MCPHEE","CO02707","24h",25,0.96,1.67491728640824
"MCPHEE","CO02707","24h",50,0.98,1.89999862346158
"MCPHEE","CO02707","24h",100,0.99,2.15057393711606
"MCPHEE","CO02707","24h",200,0.995,2.43124920048326
"MCPHEE","CO02707","24h",500,0.998,2.85626523621618
"MCPHEE","CO02707","24h",1000,0.999,3.22488238227243
"MCPHEE","CO02707","24h",2000,0.9995,3.64001693997446
"MCPHEE","CO02707","24h",5000,0.9998,4.27049340498925
"MCPHEE","CO02707","24h",10000,0.9999,4.81804357127177
"MCPHEE","CO02707","72h",2,0.5,0.958478314925781
"MCPHEE","CO02707","72h",5,0.8,1.2231776728457
"MCPHEE","CO02707","72h",10,0.9,1.40411635772851
"MCPHEE","CO02707","72h",25,0.96,1.65288766202657
"MCPHEE","CO02707","72h",50,0.98,1.8571228771615
"MCPHEE","CO02707","72h",100,0.99,2.07978179480963
"MCPHEE","CO02707","72h",200,0.995,2.32407720044692
"MCPHEE","CO02707","72h",500,0.998,2.68521965538323
"MCPHEE","CO02707","72h",1000,0.999,2.99110460423049
"MCPHEE","CO02707","72h",2000,0.9995,3.32859976207987
"MCPHEE","CO02707","72h",5000,0.9998,3.82904421922157
"MCPHEE","CO02707","72h",10000,0.9999,4.25351012449925
"GARRISON DAM SNAKE CREEK EMBANKMENT","ND00145","24h",2,0.5,0.927746806966191
"GARRISON DAM SNAKE CREEK EMBANKMENT","ND00145","24h",5,0.8,1.27693778259252
"GARRISON DAM SNAKE CREEK EMBANKMENT","ND00145","24h",10,0.9,1.51534481146918
"GARRISON DAM SNAKE CREEK EMBANKMENT","ND00145","24h",25,0.96,1.82504626773817
"GARRISON DAM SNAKE CREEK EMBANKMENT","ND00145","24h",50,0.98,2.06107448644197
"GARRISON DAM SNAKE CREEK EMBANKMENT","ND00145","24h",100,0.99,2.30078184158966
"GARRISON DAM SNAKE CREEK EMBANKMENT","ND00145","24h",200,0.995,2.54511087514024
"GARRISON DAM SNAKE CREEK EMBANKMENT","ND00145","24h",500,0.998,2.87606431271641
"GARRISON DAM SNAKE CREEK EMBANKMENT","ND00145","24h",1000,0.999,3.1328536178385
"GARRISON DAM SNAKE CREEK EMBANKMENT","ND00145","24h",2000,0.9995,3.39542840481719
"GARRISON DAM SNAKE CREEK EMBANKMENT","ND00145","24h",5000,0.9998,3.75171094038864
"GARRISON DAM SNAKE CREEK EMBANKMENT","ND00145","24h",10000,0.9999,4.02837384064534
"GARRISON DAM SNAKE CREEK EMBANKMENT","ND00145","72h",2,0.5,0.93538780743744
"GARRISON DAM SNAKE CREEK EMBANKMENT","ND00145","72h",5,0.8,1.27532938224798
"GARRISON DAM SNAKE CREEK EMBANKMENT","ND00145","72h",10,0.9,1.50178419643875
"GARRISON DAM SNAKE CREEK EMBANKMENT","ND00145","72h",25,0.96,1.789496791446
"GARRISON DAM SNAKE CREEK EMBANKMENT","ND00145","72h",50,0.98,2.00408866570644
"GARRISON DAM SNAKE CREEK EMBANKMENT","ND00145","72h",100,0.99,2.21806992511534
"GARRISON DAM SNAKE CREEK EMBANKMENT","ND00145","72h",200,0.995,2.4322397888762
"GARRISON DAM SNAKE CREEK EMBANKMENT","ND00145","72h",500,0.998,2.71628409754132
"GARRISON DAM SNAKE CREEK EMBANKMENT","ND00145","72h",1000,0.999,2.93208676241484
"GARRISON DAM SNAKE CREEK EMBANKMENT","ND00145","72h",2000,0.9995,3.14878755173422
"GARRISON DAM SNAKE CREEK EMBANKMENT","ND00145","72h",5000,0.9998,3.43669867981367
"GARRISON DAM SNAKE CREEK EMBANKMENT","ND00145","72h",10000,0.9999,3.65561882518747
"NICATOUS STREAM","ME00649","24h",2,0.5,0.938747201838173
"NICATOUS STREAM","ME00649","24h",5,0.8,1.23617207868993
"NICATOUS STREAM","ME00649","24h",10,0.9,1.43580586892512
"NICATOUS STREAM","ME00649","24h",25,0.96,1.69065451939121
"NICATOUS STREAM","ME00649","24h",50,0.98,1.88228390044747
"NICATOUS STREAM","ME00649","24h",100,0.99,2.07540735528416
"NICATOUS STREAM","ME00649","24h",200,0.995,2.27135722903913
"NICATOUS STREAM","ME00649","24h",500,0.998,2.53624216432226
"NICATOUS STREAM","ME00649","24h",1000,0.999,2.74187496926882
"NICATOUS STREAM","ME00649","24h",2000,0.9995,2.95258060482131
"NICATOUS STREAM","ME00649","24h",5000,0.9998,3.23957128008842
"NICATOUS STREAM","ME00649","24h",10000,0.9999,3.4634926825297
"NICATOUS STREAM","ME00649","72h",2,0.5,0.942603485084076
"NICATOUS STREAM","ME00649","72h",5,0.8,1.23915127984025
"NICATOUS STREAM","ME00649","72h",10,0.9,1.43770982521973
"NICATOUS STREAM","ME00649","72h",25,0.96,1.69114465966709
"NICATOUS STREAM","ME00649","72h",50,0.98,1.88101818579356
"NICATOUS STREAM","ME00649","72h",100,0.99,2.0710721919478
"NICATOUS STREAM","ME00649","72h",200,0.995,2.26201384964386
"NICATOUS STREAM","ME00649","72h",500,0.998,2.51636203106729
"NICATOUS STREAM","ME00649","72h",1000,0.999,2.71044878235636
"NICATOUS STREAM","ME00649","72h",2000,0.9995,2.90607749010003
"NICATOUS STREAM","ME00649","72h",5000,0.9998,3.167129174728
"NICATOUS STREAM","ME00649","72h",10000,0.9999,3.36649384444615
"DEQUEEN","AR01201","24h",2,0.5,0.925192314481793
"DEQUEEN","AR01201","24h",5,0.8,1.2346529004407
"DEQUEEN","AR01201","24h",10,0.9,1.45670139911724
"DEQUEEN","AR01201","24h",25,0.96,1.75845152365262
"DEQUEEN","AR01201","24h",50,0.98,1.99867686241388
"DEQUEEN","AR01201","24h",100,0.99,2.25187289600557
"DEQUEEN","AR01201","24h",200,0.995,2.51965567661529
"DEQUEEN","AR01201","24h",500,0.998,2.89824921798363
"DEQUEEN","AR01201","24h",1000,0.999,3.20478221418629
"DEQUEEN","AR01201","24h",2000,0.9995,3.52994974624859
"DEQUEEN","AR01201","24h",5000,0.9998,3.99042453847049
"DEQUEEN","AR01201","24h",10000,0.9999,4.3635335127623
"DEQUEEN","AR01201","72h",2,0.5,0.934602453740328
"DEQUEEN","AR01201","72h",5,0.8,1.24349997821867
"DEQUEEN","AR01201","72h",10,0.9,1.45586632526451
"DEQUEEN","AR01201","72h",25,0.96,1.73347828894408
"DEQUEEN","AR01201","72h",50,0.98,1.94634341643371
"DEQUEEN","AR01201","72h",100,0.99,2.16364879045096
"DEQUEEN","AR01201","72h",200,0.995,2.38628731571336
"DEQUEEN","AR01201","72h",500,0.998,2.6896652999753
"DEQUEEN","AR01201","72h",1000,0.999,2.9264620828727
"DEQUEEN","AR01201","72h",2000,0.9995,3.1698377174802
"DEQUEEN","AR01201","72h",5000,0.9998,3.5020416231983
"DEQUEEN","AR01201","72h",10000,0.9999,3.76154316838094
"GREENUP L & D","KY03031","24h",2,0.5,0.940931261933746
"GREENUP L & D","KY03031","24h",5,0.8,1.20549169589261
"GREENUP L & D","KY03031","24h",10,0.9,1.39042294024226
"GREENUP L & D","KY03031","24h",25,0.96,1.63583637042674
"GREENUP L & D","KY03031","24h",50,0.98,1.82677615266972
"GREENUP L & D","KY03031","24h",100,0.99,2.02413034537421
"GREENUP L & D","KY03031","24h",200,0.995,2.22883634543164
"GREENUP L & D","KY03031","24h",500,0.998,2.51179535645818
"GREENUP L & D","KY03031","24h",1000,0.999,2.73581918633592
"GREENUP L & D","KY03031","24h",2000,0.9995,2.96890924516906
"GREENUP L & D","KY03031","24h",5000,0.9998,3.29164472755643
"GREENUP L & D","KY03031","24h",10000,0.9999,3.54735843353281
"GREENUP L & D","KY03031","72h",2,0.5,0.952349269212312
"GREENUP L & D","KY03031","72h",5,0.8,1.2119592458459
"GREENUP L & D","KY03031","72h",10,0.9,1.38324928436063
"GREENUP L & D","KY03031","72h",25,0.96,1.59899992997116
"GREENUP L & D","KY03031","72h",50,0.98,1.75857078805219
"GREENUP L & D","KY03031","72h",100,0.99,1.91655576790421
"GREENUP L & D","KY03031","72h",200,0.995,2.07356142258739
"GREENUP L & D","KY03031","72h",500,0.998,2.28008707768277
"GREENUP L & D","KY03031","72h",1000,0.999,2.43571249738043
"GREENUP L & D","KY03031","72h",2000,0.9995,2.59088551343258
"GREENUP L & D","KY03031","72h",5000,0.9998,2.79536660218199
"GREENUP L & D","KY03031","72h",10000,0.9999,2.949579334779
"NORTH TWIN","ME00203","24h",2,0.5,0.936373963619546
"NORTH TWIN","ME00203","24h",5,0.8,1.22951865753383
"NORTH TWIN","ME00203","24h",10,0.9,1.43261011725135
"NORTH TWIN","ME00203","24h",25,0.96,1.6999520549351
"NORTH TWIN","ME00203","24h",50,0.98,1.90632993399828
"NORTH TWIN","ME00203","24h",100,0.99,2.11822448900992
"NORTH TWIN","ME00203","24h",200,0.995,2.33656113916345
"NORTH TWIN","ME00203","24h",500,0.998,2.63605114619223
"NORTH TWIN","ME00203","24h",1000,0.999,2.87135716465073
"NORTH TWIN","ME00203","24h",2000,0.9995,3.11457713866088
"NORTH TWIN","ME00203","24h",5000,0.9998,3.44876632968932
"NORTH TWIN","ME00203","24h",10000,0.9999,3.71154093514235
"NORTH TWIN","ME00203","72h",2,0.5,0.944386474746474
"NORTH TWIN","ME00203","72h",5,0.8,1.23361817381492
"NORTH TWIN","ME00203","72h",10,0.9,1.42691838247256
"NORTH TWIN","ME00203","72h",25,0.96,1.67322792202795
"NORTH TWIN","ME00203","72h",50,0.98,1.85746255427321
"NORTH TWIN","ME00203","72h",100,0.99,2.04161721553101
"NORTH TWIN","ME00203","72h",200,0.995,2.22637745867445
"NORTH TWIN","ME00203","72h",500,0.998,2.47209952336573
"NORTH TWIN","ME00203","72h",1000,0.999,2.65930584911814
"NORTH TWIN","ME00203","72h",2000,0.9995,2.84774116076521
"NORTH TWIN","ME00203","72h",5000,0.9998,3.09879417440417
"NORTH TWIN","ME00203","72h",10000,0.9999,3.29021845296555
"NIMROD","AR00158","24h",2,0.5,0.928727406904848
"NIMROD","AR00158","24h",5,0.8,1.22680330398211
"NIMROD","AR00158","24h",10,0.9,1.43989529508293
"NIMROD","AR00158","24h",25,0.96,1.72850459583479
"NIMROD","AR00158","24h",50,0.98,1.95752505795132
"NIMROD","AR00158","24h",100,0.99,2.19824605683427
"NIMROD","AR00158","24h",200,0.995,2.45213740837602
"NIMROD","AR00158","24h",500,0.998,2.80994913427537
"NIMROD","AR00158","24h",1000,0.999,3.0987410325403
"NIMROD","AR00158","24h",2000,0.9995,3.40425349614998
"NIMROD","AR00158","24h",5000,0.9998,3.83552107713526
"NIMROD","AR00158","24h",10000,0.9999,4.18386206233339
"NIMROD","AR00158","72h",2,0.5,0.935423305597681
"NIMROD","AR00158","72h",5,0.8,1.2418128672684
"NIMROD","AR00158","72h",10,0.9,1.4487845040343
"NIMROD","AR00158","72h",25,0.96,1.71423854188401
"NIMROD","AR00158","72h",50,0.98,1.91462631752015
"NIMROD","AR00158","72h",100,0.99,2.1171727828105
"NIMROD","AR00158","72h",200,0.995,2.32323413042636
"NIMROD","AR00158","72h",500,0.998,2.60258055467506
"NIMROD","AR00158","72h",1000,0.999,2.82000978763342
"NIMROD","AR00158","72h",2000,0.9995,3.04327451101692
"NIMROD","AR00158","72h",5000,0.9998,3.34807646102222
"NIMROD","AR00158","72h",10000,0.9999,3.58641602752919
"EEL WEIR","ME00070","24h",2,0.5,0.920424713978982
"EEL WEIR","ME00070","24h",5,0.8,1.24587072757316
"EEL WEIR","ME00070","24h",10,0.9,1.48029866362919
"EEL WEIR","ME00070","24h",25,0.96,1.79999958461114
"EEL WEIR","ME00070","24h",50,0.98,2.05538614368391
"EEL WEIR","ME00070","24h",100,0.99,2.32534583411948
"EEL WEIR","ME00070","24h",200,0.995,2.61168486142659
"EEL WEIR","ME00070","24h",500,0.998,3.01787520264479
"EEL WEIR","ME00070","24h",1000,0.999,3.34785004052948
"EEL WEIR","ME00070","24h",2000,0.9995,3.6988932151546
"EEL WEIR","ME00070","24h",5000,0.9998,4.19767944940016
"EEL WEIR","ME00070","24h",10000,0.9999,4.60317854920155
"EEL WEIR","ME00070","72h",2,0.5,0.910790880785502
"EEL WEIR","ME00070","72h",5,0.8,1.25175733288066
"EEL WEIR","ME00070","72h",10,0.9,1.49835214815398
"EEL WEIR","ME00070","72h",25,0.96,1.83085815361255
"EEL WEIR","ME00070","72h",50,0.98,2.0925980103371
"EEL WEIR","ME00070","72h",100,0.99,2.36563743367792
"EEL WEIR","ME00070","72h",200,0.995,2.65148265657164
"EEL WEIR","ME00070","72h",500,0.998,3.0509636298272
"EEL WEIR","ME00070","72h",1000,0.999,3.3707489728226
"EEL WEIR","ME00070","72h",2000,0.9995,3.70663354254263
"EEL WEIR","ME00070","72h",5000,0.9998,4.1767016987974
"EEL WEIR","ME00070","72h",10000,0.9999,4.55297789620346
"AZISCOHOS","ME00024","24h",2,0.5,0.932820490225096
"AZISCOHOS","ME00024","24h",5,0.8,1.22334842321986
"AZISCOHOS","ME00024","24h",10,0.9,1.4287466545715
"AZISCOHOS","ME00024","24h",25,0.96,1.70413875358317
"AZISCOHOS","ME00024","24h",50,0.98,1.92054624026234
"AZISCOHOS","ME00024","24h",100,0.99,2.14612596832599
"AZISCOHOS","ME00024","24h",200,0.995,2.38208789098437
"AZISCOHOS","ME00024","24h",500,0.998,2.71145394974503
"AZISCOHOS","ME00024","24h",1000,0.999,2.97476442475666
"AZISCOHOS","ME00024","24h",2000,0.9995,3.2510368139895
"AZISCOHOS","ME00024","24h",5000,0.9998,3.637310324873
"AZISCOHOS","ME00024","24h",10000,0.9999,3.94635135160212
"AZISCOHOS","ME00024","72h",2,0.5,0.944850150840298
"AZISCOHOS","ME00024","72h",5,0.8,1.22523269886071
"AZISCOHOS","ME00024","72h",10,0.9,1.41383369858908
"AZISCOHOS","ME00024","72h",25,0.96,1.65556158731673
"AZISCOHOS","ME00024","72h",50,0.98,1.8373968379536
"AZISCOHOS","ME00024","72h",100,0.99,2.02002990843601
"AZISCOHOS","ME00024","72h",200,0.995,2.20414254438815
"AZISCOHOS","ME00024","72h",500,0.998,2.45036418196459
"AZISCOHOS","ME00024","72h",1000,0.999,2.63899131714987
"AZISCOHOS","ME00024","72h",2000,0.9995,2.8297630983863
"AZISCOHOS","ME00024","72h",5000,0.9998,3.0853383969866
"AZISCOHOS","ME00024","72h",10000,0.9999,3.28129024399696
"ABBOTT BROOK DIKE","ME00424","24h",2,0.5,0.933435594986984
"ABBOTT BROOK DIKE","ME00424","24h",5,0.8,1.22052835880288
"ABBOTT BROOK DIKE","ME00424","24h",10,0.9,1.42367770952626
"ABBOTT BROOK DIKE","ME00424","24h",25,0.96,1.69627351516871
"ABBOTT BROOK DIKE","ME00424","24h",50,0.98,1.91065018170273
"ABBOTT BROOK DIKE","ME00424","24h",100,0.99,2.13426087171466
"ABBOTT BROOK DIKE","ME00424","24h",200,0.995,2.36831704599938
"ABBOTT BROOK DIKE","ME00424","24h",500,0.998,2.69527249315763
"ABBOTT BROOK DIKE","ME00424","24h",1000,0.999,2.95685415141941
"ABBOTT BROOK DIKE","ME00424","24h",2000,0.9995,3.23149234041589
"ABBOTT BROOK DIKE","ME00424","24h",5000,0.9998,3.61577358450869
"ABBOTT BROOK DIKE","ME00424","24h",10000,0.9999,3.9234537152535
"ABBOTT BROOK DIKE","ME00424","72h",2,0.5,0.944610511741085
"ABBOTT BROOK DIKE","ME00424","72h",5,0.8,1.22075021319081
"ABBOTT BROOK DIKE","ME00424","72h",10,0.9,1.40755479234787
"ABBOTT BROOK DIKE","ME00424","72h",25,0.96,1.64821137231407
"ABBOTT BROOK DIKE","ME00424","72h",50,0.98,1.83014445774763
"ABBOTT BROOK DIKE","ME00424","72h",100,0.99,2.01365026113204
"ABBOTT BROOK DIKE","ME00424","72h",200,0.995,2.19942241952819
"ABBOTT BROOK DIKE","ME00424","72h",500,0.998,2.44907682131841
"ABBOTT BROOK DIKE","ME00424","72h",1000,0.999,2.64126532404427
"ABBOTT BROOK DIKE","ME00424","72h",2000,0.9995,2.8364542089461
"ABBOTT BROOK DIKE","ME00424","72h",5000,0.9998,3.09922135570828
"ABBOTT BROOK DIKE","ME00424","72h",10000,0.9999,3.30166745567762
"FORT SHERMAN DAM","TX04785","24h",2,0.5,0.932303567989519
"FORT SHERMAN DAM","TX04785","24h",5,0.8,1.23905723411921
"FORT SHERMAN DAM","TX04785","24h",10,0.9,1.45269035453624
"FORT SHERMAN DAM","TX04785","24h",25,0.96,1.73524352848466
"FORT SHERMAN DAM","TX04785","24h",50,0.98,1.95436654123494
"FORT SHERMAN DAM","TX04785","24h",100,0.99,2.1802260599313
"FORT SHERMAN DAM","TX04785","24h",200,0.995,2.41385663766716
"FORT SHERMAN DAM","TX04785","24h",500,0.998,2.73576992077429
"FORT SHERMAN DAM","TX04785","24h",1000,0.999,2.98982816423008
"FORT SHERMAN DAM","TX04785","24h",2000,0.9995,3.25344656017928
"FORT SHERMAN DAM","TX04785","24h",5000,0.9998,3.61729291458462
"FORT SHERMAN DAM","TX04785","24h",10000,0.9999,3.90466895309883
"FORT SHERMAN DAM","TX04785","72h",2,0.5,0.935093221063052
"FORT SHERMAN DAM","TX04785","72h",5,0.8,1.24634654255098
"FORT SHERMAN DAM","TX04785","72h",10,0.9,1.45935076138884
"FORT SHERMAN DAM","TX04785","72h",25,0.96,1.73664028055482
"FORT SHERMAN DAM","TX04785","72h",50,0.98,1.94840200219834
"FORT SHERMAN DAM","TX04785","72h",100,0.99,2.16384086172835
"FORT SHERMAN DAM","TX04785","72h",200,0.995,2.38381555848665
"FORT SHERMAN DAM","TX04785","72h",500,0.998,2.68238101542356
"FORT SHERMAN DAM","TX04785","72h",1000,0.999,2.91450569387505
"FORT SHERMAN DAM","TX04785","72h",2000,0.9995,3.15227111016978
"FORT SHERMAN DAM","TX04785","72h",5000,0.9998,3.47553950903845
"FORT SHERMAN DAM","TX04785","72h",10000,0.9999,3.72706985654072
"PRADO DAM","CA10022","24h",2,0.5,0.91214043742373
"PRADO DAM","CA10022","24h",5,0.8,1.32996896531659
"PRADO DAM","CA10022","24h",10,0.9,1.6166294680728
"PRADO DAM","CA10022","24h",25,0.96,1.99065773433483
"PRADO DAM","CA10022","24h",50,0.98,2.27693028790649
"PRADO DAM","CA10022","24h",100,0.99,2.56872222193619
"PRADO DAM","CA10022","24h",200,0.995,2.86721543294978
"PRADO DAM","CA10022","24h",500,0.998,3.27323135019524
"PRADO DAM","CA10022","24h",1000,0.999,3.58957772335321
"PRADO DAM","CA10022","24h",2000,0.9995,3.91421527182118
"PRADO DAM","CA10022","24h",5000,0.9998,4.35655197716052
"PRADO DAM","CA10022","24h",10000,0.9999,4.70147097577889
"PRADO DAM","CA10022","72h",2,0.5,0.889742587129201
"PRADO DAM","CA10022","72h",5,0.8,1.38411125063714
"PRADO DAM","CA10022","72h",10,0.9,1.71258328660502
"PRADO DAM","CA10022","72h",25,0.96,2.11936000605627
"PRADO DAM","CA10022","72h",50,0.98,2.41422963707701
"PRADO DAM","CA10022","72h",100,0.99,2.70151911290317
"PRADO DAM","CA10022","72h",200,0.995,2.98306818145654
"PRADO DAM","CA10022","72h",500,0.998,3.34847375626488
"PRADO DAM","CA10022","72h",1000,0.999,3.62081582172953
"PRADO DAM","CA10022","72h",2000,0.9995,3.8902979960699
"PRADO DAM","CA10022","72h",5000,0.9998,4.24287407373688
"PRADO DAM","CA10022","72h",10000,0.9999,4.50724279288587
"WILLIAM H. HARSHA LAKE DAM","OH00929","24h",2,0.5,0.944896780389406
"WILLIAM H. HARSHA LAKE DAM","OH00929","24h",5,0.8,1.22104388609879
"WILLIAM H. HARSHA LAKE DAM","OH00929","24h",10,0.9,1.40756988216736
"WILLIAM H. HARSHA LAKE DAM","OH00929","24h",25,0.96,1.64753792478784
"WILLIAM H. HARSHA LAKE DAM","OH00929","24h",50,0.98,1.82870889842477
"WILLIAM H. HARSHA LAKE DAM","OH00929","24h",100,0.99,2.01123927819269
"WILLIAM H. HARSHA LAKE DAM","OH00929","24h",200,0.995,2.19581607798057
"WILLIAM H. HARSHA LAKE DAM","OH00929","24h",500,0.998,2.44354080701854
"WILLIAM H. HARSHA LAKE DAM","OH00929","24h",1000,0.999,2.63399600116553
"WILLIAM H. HARSHA LAKE DAM","OH00929","24h",2000,0.9995,2.82720796852044
"WILLIAM H. HARSHA LAKE DAM","OH00929","24h",5000,0.9998,3.08697553340218
"WILLIAM H. HARSHA LAKE DAM","OH00929","24h",10000,0.9999,3.28685086024632
"WILLIAM H. HARSHA LAKE DAM","OH00929","72h",2,0.5,0.956706575230468
"WILLIAM H. HARSHA LAKE DAM","OH00929","72h",5,0.8,1.21993030682394
"WILLIAM H. HARSHA LAKE DAM","OH00929","72h",10,0.9,1.38876517781866
"WILLIAM H. HARSHA LAKE DAM","OH00929","72h",25,0.96,1.59608245264234
"WILLIAM H. HARSHA LAKE DAM","OH00929","72h",50,0.98,1.74566513973931
"WILLIAM H. HARSHA LAKE DAM","OH00929","72h",100,0.99,1.89068334139262
"WILLIAM H. HARSHA LAKE DAM","OH00929","72h",200,0.995,2.03182376892359
"WILLIAM H. HARSHA LAKE DAM","OH00929","72h",500,0.998,2.21304870676666
"WILLIAM H. HARSHA LAKE DAM","OH00929","72h",1000,0.999,2.34634892260626
"WILLIAM H. HARSHA LAKE DAM","OH00929","72h",2000,0.9995,2.47652777435129
"WILLIAM H. HARSHA LAKE DAM","OH00929","72h",5000,0.9998,2.64398688107463
"WILLIAM H. HARSHA LAKE DAM","OH00929","72h",10000,0.9999,2.76726727212852
"TAYLORSVILLE LAKE DAM","KY00051","24h",2,0.5,0.936294267170822
"TAYLORSVILLE LAKE DAM","KY00051","24h",5,0.8,1.22246984369501
"TAYLORSVILLE LAKE DAM","KY00051","24h",10,0.9,1.42232148523651
"TAYLORSVILLE LAKE DAM","KY00051","24h",25,0.96,1.68730801467141
"TAYLORSVILLE LAKE DAM","KY00051","24h",50,0.98,1.89330542385474
"TAYLORSVILLE LAKE DAM","KY00051","24h",100,0.99,2.10607295842604
"TAYLORSVILLE LAKE DAM","KY00051","24h",200,0.995,2.32661171885333
"TAYLORSVILLE LAKE DAM","KY00051","24h",500,0.998,2.63120792548758
"TAYLORSVILLE LAKE DAM","KY00051","24h",1000,0.999,2.87216724277871
"TAYLORSVILLE LAKE DAM","KY00051","24h",2000,0.9995,3.12270321815796
"TAYLORSVILLE LAKE DAM","KY00051","24h",5000,0.9998,3.46931271273344
"TAYLORSVILLE LAKE DAM","KY00051","24h",10000,0.9999,3.74372065772767
"TAYLORSVILLE LAKE DAM","KY00051","72h",2,0.5,0.945647367310023
"TAYLORSVILLE LAKE DAM","KY00051","72h",5,0.8,1.22436247785881
"TAYLORSVILLE LAKE DAM","KY00051","72h",10,0.9,1.41138084459485
"TAYLORSVILLE LAKE DAM","KY00051","72h",25,0.96,1.6505479596274
"TAYLORSVILLE LAKE DAM","KY00051","72h",50,0.98,1.83006886332108
"TAYLORSVILLE LAKE DAM","KY00051","72h",100,0.99,2.01004711917521
"TAYLORSVILLE LAKE DAM","KY00051","72h",200,0.995,2.191152885714
"TAYLORSVILLE LAKE DAM","KY00051","72h",500,0.998,2.43284232414417
"TAYLORSVILLE LAKE DAM","KY00051","72h",1000,0.999,2.61760770537078
"TAYLORSVILLE LAKE DAM","KY00051","72h",2000,0.9995,2.80413505009417
"TAYLORSVILLE LAKE DAM","KY00051","72h",5000,0.9998,3.05349808797041
"TAYLORSVILLE LAKE DAM","KY00051","72h",10000,0.9999,3.24428499340182
"MCGEE CREEK","OK82908","24h",2,0.5,0.927340454443435
"MCGEE CREEK","OK82908","24h",5,0.8,1.24690253258819
"MCGEE CREEK","OK82908","24h",10,0.9,1.47159143100983
"MCGEE CREEK","OK82908","24h",25,0.96,1.77135185217909
"MCGEE CREEK","OK82908","24h",50,0.98,2.00577645803593
"MCGEE CREEK","OK82908","24h",100,0.99,2.24913742675462
"MCGEE CREEK","OK82908","24h",200,0.995,2.50266342757451
"MCGEE CREEK","OK82908","24h",500,0.998,2.85487622522896
"MCGEE CREEK","OK82908","24h",1000,0.999,3.13513091035967
"MCGEE CREEK","OK82908","24h",2000,0.9995,3.42799126144217
"MCGEE CREEK","OK82908","24h",5000,0.9998,3.83552945841053
"MCGEE CREEK","OK82908","24h",10000,0.9999,4.16005602340454
"MCGEE CREEK","OK82908","72h",2,0.5,0.927546839952951
"MCGEE CREEK","OK82908","72h",5,0.8,1.24474344004969
"MCGEE CREEK","OK82908","72h",10,0.9,1.4681010363303
"MCGEE CREEK","OK82908","72h",25,0.96,1.76648768105579
"MCGEE CREEK","OK82908","72h",50,0.98,2.00014281446516
"MCGEE CREEK","OK82908","72h",100,0.99,2.24297459725847
"MCGEE CREEK","OK82908","72h",200,0.995,2.49622895558583
"MCGEE CREEK","OK82908","72h",500,0.998,2.84851570533757
"MCGEE CREEK","OK82908","72h",1000,0.999,3.12918664332291
"MCGEE CREEK","OK82908","72h",2000,0.9995,3.42280460789376
"MCGEE CREEK","OK82908","72h",5000,0.9998,3.83192005314288
"MCGEE CREEK","OK82908","72h",10000,0.9999,4.15811751847127
"MILTONA LAKE","MN00181","24h",2,0.5,0.921752045959347
"MILTONA LAKE","MN00181","24h",5,0.8,1.25341156169965
"MILTONA LAKE","MN00181","24h",10,0.9,1.48945218585249
"MILTONA LAKE","MN00181","24h",25,0.96,1.8078439401307
"MILTONA LAKE","MN00181","24h",50,0.98,2.05950534201507
"MILTONA LAKE","MN00181","24h",100,0.99,2.32313921143802
"MILTONA LAKE","MN00181","24h",200,0.995,2.60027207103705
"MILTONA LAKE","MN00181","24h",500,0.998,2.98933032065945
"MILTONA LAKE","MN00181","24h",1000,0.999,3.30213768781952
"MILTONA LAKE","MN00181","24h",2000,0.9995,3.63196060891505
"MILTONA LAKE","MN00181","24h",5000,0.9998,4.09575170595804
"MILTONA LAKE","MN00181","24h",10000,0.9999,4.46892789630959
"MILTONA LAKE","MN00181","72h",2,0.5,0.938721095706571
"MILTONA LAKE","MN00181","72h",5,0.8,1.22472837354487
"MILTONA LAKE","MN00181","72h",10,0.9,1.43236181744136
"MILTONA LAKE","MN00181","72h",25,0.96,1.73251470045588
"MILTONA LAKE","MN00181","72h",50,0.98,1.99074895201237
"MILTONA LAKE","MN00181","72h",100,0.99,2.2836075310637
"MILTONA LAKE","MN00181","72h",200,0.995,2.61771175677552
"MILTONA LAKE","MN00181","72h",500,0.998,3.13452306855622
"MILTONA LAKE","MN00181","72h",1000,0.999,3.59224503784224
"MILTONA LAKE","MN00181","72h",2000,0.9995,4.1171693285545
"MILTONA LAKE","MN00181","72h",5000,0.9998,4.93146963747907
"MILTONA LAKE","MN00181","72h",10000,0.9999,5.65360615280917
"CHIVERY DAM","LA00004","24h",2,0.5,0.912158816219905
"CHIVERY DAM","LA00004","24h",5,0.8,1.25378348323177
"CHIVERY DAM","LA00004","24h",10,0.9,1.50421132009345
"CHIVERY DAM","LA00004","24h",25,0.96,1.85121859597117
"CHIVERY DAM","LA00004","24h",50,0.98,2.13271545477075
"CHIVERY DAM","LA00004","24h",100,0.99,2.43420112738229
"CHIVERY DAM","LA00004","24h",200,0.995,2.75817452477513
"CHIVERY DAM","LA00004","24h",500,0.998,3.22476468792074
"CHIVERY DAM","LA00004","24h",1000,0.999,3.60954029913239
"CHIVERY DAM","LA00004","24h",2000,0.9995,4.02422763764604
"CHIVERY DAM","LA00004","24h",5000,0.9998,4.62241498762381
"CHIVERY DAM","LA00004","24h",10000,0.9999,5.11607298814041
"CHIVERY DAM","LA00004","72h",2,0.5,0.917484704084119
"CHIVERY DAM","LA00004","72h",5,0.8,1.26529403241585
"CHIVERY DAM","LA00004","72h",10,0.9,1.51328767690326
"CHIVERY DAM","LA00004","72h",25,0.96,1.84836649294578
"CHIVERY DAM","LA00004","72h",50,0.98,2.11364912349495
"CHIVERY DAM","LA00004","72h",100,0.99,2.39193765925879
"CHIVERY DAM","LA00004","72h",200,0.995,2.68487904986358
"CHIVERY DAM","LA00004","72h",500,0.998,3.09678898811752
"CHIVERY DAM","LA00004","72h",1000,0.999,3.42849600928942
"CHIVERY DAM","LA00004","72h",2000,0.9995,3.77872671106839
"CHIVERY DAM","LA00004","72h",5000,0.9998,4.27200177712415
"CHIVERY DAM","LA00004","72h",10000,0.9999,4.6695318307058
"STRUCTURE 61","FL00268","24h",2,0.5,0.893657837771518
"STRUCTURE 61","FL00268","24h",5,0.8,1.24072612127634
"STRUCTURE 61","FL00268","24h",10,0.9,1.51238670473117
"STRUCTURE 61","FL00268","24h",25,0.96,1.91207396883081
"STRUCTURE 61","FL00268","24h",50,0.98,2.25555713113479
"STRUCTURE 61","FL00268","24h",100,0.99,2.64199536426975
"STRUCTURE 61","FL00268","24h",200,0.995,3.07809680407472
"STRUCTURE 61","FL00268","24h",500,0.998,3.74300359649268
"STRUCTURE 61","FL00268","24h",1000,0.999,4.32308156677067
"STRUCTURE 61","FL00268","24h",2000,0.9995,4.97947066990345
"STRUCTURE 61","FL00268","24h",5000,0.9998,5.98170631868469
"STRUCTURE 61","FL00268","24h",10000,0.9999,6.85666105539231
"STRUCTURE 61","FL00268","72h",2,0.5,0.900286436851069
"STRUCTURE 61","FL00268","72h",5,0.8,1.23792397317734
"STRUCTURE 61","FL00268","72h",10,0.9,1.49844550979954
"STRUCTURE 61","FL00268","72h",25,0.96,1.87674547941276
"STRUCTURE 61","FL00268","72h",50,0.98,2.19777705643521
"STRUCTURE 61","FL00268","72h",100,0.99,2.55508706303429
"STRUCTURE 61","FL00268","72h",200,0.995,2.95402091091835
"STRUCTURE 61","FL00268","72h",500,0.998,3.5547174488195
"STRUCTURE 61","FL00268","72h",1000,0.999,4.07236822852011
"STRUCTURE 61","FL00268","72h",2000,0.9995,4.65190716817081
"STRUCTURE 61","FL00268","72h",5000,0.9998,5.52585219984051
"STRUCTURE 61","FL00268","72h",10000,0.9999,6.27948856480242
"BERGLAND DAM","MI00028","24h",2,0.5,0.909190962000286
"BERGLAND DAM","MI00028","24h",5,0.8,1.23057032798324
"BERGLAND DAM","MI00028","24h",10,0.9,1.47441117794835
"BERGLAND DAM","MI00028","24h",25,0.96,1.82308049460072
"BERGLAND DAM","MI00028","24h",50,0.98,2.11462067589148
"BERGLAND DAM","MI00028","24h",100,0.99,2.43503206050194
"BERGLAND DAM","MI00028","24h",200,0.995,2.78830118162808
"BERGLAND DAM","MI00028","24h",500,0.998,3.31251158030045
"BERGLAND DAM","MI00028","24h",1000,0.999,3.75777131841422
"BERGLAND DAM","MI00028","24h",2000,0.9995,4.25006881219097
"BERGLAND DAM","MI00028","24h",5000,0.9998,4.9816944913076
"BERGLAND DAM","MI00028","24h",10000,0.9999,5.60356448357089
"BERGLAND DAM","MI00028","72h",2,0.5,0.930009673896439
"BERGLAND DAM","MI00028","72h",5,0.8,1.21521557881645
"BERGLAND DAM","MI00028","72h",10,0.9,1.42913609979532
"BERGLAND DAM","MI00028","72h",25,0.96,1.7469466847825
"BERGLAND DAM","MI00028","72h",50,0.98,2.02742109216291
"BERGLAND DAM","MI00028","72h",100,0.99,2.3524079368358
"BERGLAND DAM","MI00028","72h",200,0.995,2.73112722261358
"BERGLAND DAM","MI00028","72h",500,0.998,3.3316133689539
"BERGLAND DAM","MI00028","72h",1000,0.999,3.87650836840838
"BERGLAND DAM","MI00028","72h",2000,0.9995,4.51469357258419
"BERGLAND DAM","MI00028","72h",5000,0.9998,5.52935879186819
"BERGLAND DAM","MI00028","72h",10000,0.9999,6.45123933630791
"FLAGSTAFF","ME00127","24h",2,0.5,0.933970496163841
"FLAGSTAFF","ME00127","24h",5,0.8,1.2257820281314
"FLAGSTAFF","ME00127","24h",10,0.9,1.4270250432134
"FLAGSTAFF","ME00127","24h",25,0.96,1.68906567071826
"FLAGSTAFF","ME00127","24h",50,0.98,1.88939950397672
"FLAGSTAFF","ME00127","24h",100,0.99,2.09383218186962
"FLAGSTAFF","ME00127","24h",200,0.995,2.30362041264556
"FLAGSTAFF","ME00127","24h",500,0.998,2.59064690551208
"FLAGSTAFF","ME00127","24h",1000,0.999,2.815958186179
"FLAGSTAFF","ME00127","24h",2000,0.9995,3.04890484042645
"FLAGSTAFF","ME00127","24h",5000,0.9998,3.36931739546076
"FLAGSTAFF","ME00127","24h",10000,0.9999,3.62164379432778
"FLAGSTAFF","ME00127","72h",2,0.5,0.943760544279088
"FLAGSTAFF","ME00127","72h",5,0.8,1.22618811878474
"FLAGSTAFF","ME00127","72h",10,0.9,1.41405374245215
"FLAGSTAFF","ME00127","72h",25,0.96,1.65230657588412
"FLAGSTAFF","ME00127","72h",50,0.98,1.83047105147904
"FLAGSTAFF","ME00127","72h",100,0.99,2.0092809212211
"FLAGSTAFF","ME00127","72h",200,0.995,2.19002575815539
"FLAGSTAFF","ME00127","72h",500,0.998,2.43338114539409
"FLAGSTAFF","ME00127","72h",1000,0.999,2.62160367807135
"FLAGSTAFF","ME00127","72h",2000,0.9995,2.81389627972453
"FLAGSTAFF","ME00127","72h",5000,0.9998,3.07495507255981
"FLAGSTAFF","ME00127","72h",10000,0.9999,3.27801672728864
"DILLON DAM","OH00007","24h",2,0.5,0.931353006651693
"DILLON DAM","OH00007","24h",5,0.8,1.19748863118143
"DILLON DAM","OH00007","24h",10,0.9,1.39972886879171
"DILLON DAM","OH00007","24h",25,0.96,1.70349921382442
"DILLON DAM","OH00007","24h",50,0.98,1.97432967226463
"DILLON DAM","OH00007","24h",100,0.99,2.29085594090601
"DILLON DAM","OH00007","24h",200,0.995,2.66287120830415
"DILLON DAM","OH00007","24h",500,0.998,3.25860691422821
"DILLON DAM","OH00007","24h",1000,0.999,3.80447246210566
"DILLON DAM","OH00007","24h",2000,0.9995,4.44921078951679
"DILLON DAM","OH00007","24h",5000,0.9998,5.48446696678469
"DILLON DAM","OH00007","24h",10000,0.9999,6.43422456973336
"DILLON DAM","OH00007","72h",2,0.5,0.945351953818793
"DILLON DAM","OH00007","72h",5,0.8,1.19720961827582
"DILLON DAM","OH00007","72h",10,0.9,1.38057518074373
"DILLON DAM","OH00007","72h",25,0.96,1.64628138562296
"DILLON DAM","OH00007","72h",50,0.98,1.87538988762655
"DILLON DAM","OH00007","72h",100,0.99,2.13570651222318
"DILLON DAM","OH00007","72h",200,0.995,2.43323851131877
"DILLON DAM","OH00007","72h",500,0.998,2.89447429461512
"DILLON DAM","OH00007","72h",1000,0.999,3.30384414831076
"DILLON DAM","OH00007","72h",2000,0.9995,3.77418289946471
"DILLON DAM","OH00007","72h",5000,0.9998,4.50537890371846
"DILLON DAM","OH00007","72h",10000,0.9999,5.15519374010346
"CANDLEWOOD LAKE","CT00525","24h",2,0.5,0.9183102099737
"CANDLEWOOD LAKE","CT00525","24h",5,0.8,1.21672963808161
"CANDLEWOOD LAKE","CT00525","24h",10,0.9,1.44724242384624
"CANDLEWOOD LAKE","CT00525","24h",25,0.96,1.79827557876221
"CANDLEWOOD LAKE","CT00525","24h",50,0.98,2.11526890315197
"CANDLEWOOD LAKE","CT00525","24h",100,0.99,2.48977001501925
"CANDLEWOOD LAKE","CT00525","24h",200,0.995,2.93465147689002
"CANDLEWOOD LAKE","CT00525","24h",500,0.998,3.65599588117608
"CANDLEWOOD LAKE","CT00525","24h",1000,0.999,4.32506051069057
"CANDLEWOOD LAKE","CT00525","24h",2000,0.9995,5.12371994052455
"CANDLEWOOD LAKE","CT00525","24h",5000,0.9998,6.42211734596656
"CANDLEWOOD LAKE","CT00525","24h",10000,0.9999,7.62785961501026
"CANDLEWOOD LAKE","CT00525","72h",2,0.5,0.901934095210613
"CANDLEWOOD LAKE","CT00525","72h",5,0.8,1.24171349339998
"CANDLEWOOD LAKE","CT00525","72h",10,0.9,1.5015906409408
"CANDLEWOOD LAKE","CT00525","72h",25,0.96,1.87592641812803
"CANDLEWOOD LAKE","CT00525","72h",50,0.98,2.19114354612875
"CANDLEWOOD LAKE","CT00525","72h",100,0.99,2.53966943447462
"CANDLEWOOD LAKE","CT00525","72h",200,0.995,2.92624484183051
"CANDLEWOOD LAKE","CT00525","72h",500,0.998,3.50389154623963
"CANDLEWOOD LAKE","CT00525","72h",1000,0.999,3.9979302581362
"CANDLEWOOD LAKE","CT00525","72h",2000,0.9995,4.54742561044036
"CANDLEWOOD LAKE","CT00525","72h",5000,0.9998,5.36975675194998
"CANDLEWOOD LAKE","CT00525","72h",10000,0.9999,6.07354984655294
"LAKE MURRAY","OK10039","24h",2,0.5,0.917130859524772
"LAKE MURRAY","OK10039","24h",5,0.8,1.2516742535419
"LAKE MURRAY","OK10039","24h",10,0.9,1.49373263931226
"LAKE MURRAY","OK10039","24h",25,0.96,1.82518191728316
"LAKE MURRAY","OK10039","24h",50,0.98,2.09099310124274
"LAKE MURRAY","OK10039","24h",100,0.99,2.37291181107704
"LAKE MURRAY","OK10039","24h",200,0.995,2.67292982994765
"LAKE MURRAY","OK10039","24h",500,0.998,3.10016903343365
"LAKE MURRAY","OK10039","24h",1000,0.999,3.44857334861609
"LAKE MURRAY","OK10039","24h",2000,0.9995,3.82044925176879
"LAKE MURRAY","OK10039","24h",5000,0.9998,4.35087297596179
"LAKE MURRAY","OK10039","24h",10000,0.9999,4.78374322180112
"LAKE MURRAY","OK10039","72h",2,0.5,0.922232619838803
"LAKE MURRAY","OK10039","72h",5,0.8,1.25024915233897
"LAKE MURRAY","OK10039","72h",10,0.9,1.48407774636269
"LAKE MURRAY","OK10039","72h",25,0.96,1.79995293093515
"LAKE MURRAY","OK10039","72h",50,0.98,2.04998272913871
"LAKE MURRAY","OK10039","72h",100,0.99,2.31222663972493
"LAKE MURRAY","OK10039","72h",200,0.995,2.58823254700767
"LAKE MURRAY","OK10039","72h",500,0.998,2.97625404538482
"LAKE MURRAY","OK10039","72h",1000,0.999,3.28866385162081
"LAKE MURRAY","OK10039","72h",2000,0.9995,3.61846495331335
"LAKE MURRAY","OK10039","72h",5000,0.9998,4.0828766169052
"LAKE MURRAY","OK10039","72h",10000,0.9999,4.45707377949974
"WALLACE LAKE DAM","LA00180","24h",2,0.5,0.91822291377609
"WALLACE LAKE DAM","LA00180","24h",5,0.8,1.23716589955189
"WALLACE LAKE DAM","LA00180","24h",10,0.9,1.47073276296312
"WALLACE LAKE DAM","LA00180","24h",25,0.96,1.79408112989534
"WALLACE LAKE DAM","LA00180","24h",50,0.98,2.05615465070951
"WALLACE LAKE DAM","LA00180","24h",100,0.99,2.33662712929772
"WALLACE LAKE DAM","LA00180","24h",200,0.995,2.63779503836469
"WALLACE LAKE DAM","LA00180","24h",500,0.998,3.07116429287628
"WALLACE LAKE DAM","LA00180","24h",1000,0.999,3.42823704359939
"WALLACE LAKE DAM","LA00180","24h",2000,0.9995,3.81278215274625
"WALLACE LAKE DAM","LA00180","24h",5000,0.9998,4.36700925000804
"WALLACE LAKE DAM","LA00180","24h",10000,0.9999,4.82399617745176
"WALLACE LAKE DAM","LA00180","72h",2,0.5,0.922022032157321
"WALLACE LAKE DAM","LA00180","72h",5,0.8,1.22595071019525
"WALLACE LAKE DAM","LA00180","72h",10,0.9,1.45658106411627
"WALLACE LAKE DAM","LA00180","72h",25,0.96,1.80257896840243
"WALLACE LAKE DAM","LA00180","72h",50,0.98,2.11071436130926
"WALLACE LAKE DAM","LA00180","72h",100,0.99,2.47050088723594
"WALLACE LAKE DAM","LA00180","72h",200,0.995,2.89296650229942
"WALLACE LAKE DAM","LA00180","72h",500,0.998,3.56875862828942
"WALLACE LAKE DAM","LA00180","72h",1000,0.999,4.18732109541301
"WALLACE LAKE DAM","LA00180","72h",2000,0.9995,4.91725025219335
"WALLACE LAKE DAM","LA00180","72h",5000,0.9998,6.08803221813403
"WALLACE LAKE DAM","LA00180","72h",10000,0.9999,7.16098437062124
"SALAMONIE LAKE DAM","IN03005","24h",2,0.5,0.931020543536818
"SALAMONIE LAKE DAM","IN03005","24h",5,0.8,1.23912818879161
"SALAMONIE LAKE DAM","IN03005","24h",10,0.9,1.4546872744813
"SALAMONIE LAKE DAM","IN03005","24h",25,0.96,1.74097157842122
"SALAMONIE LAKE DAM","IN03005","24h",50,0.98,1.96388071864245
"SALAMONIE LAKE DAM","IN03005","24h",100,0.99,2.19442822357512
"SALAMONIE LAKE DAM","IN03005","24h",200,0.995,2.43371885916174
"SALAMONIE LAKE DAM","IN03005","24h",500,0.998,2.76473159795981
"SALAMONIE LAKE DAM","IN03005","24h",1000,0.999,3.02699617158317
"SALAMONIE LAKE DAM","IN03005","24h",2000,0.9995,3.30005036811448
"SALAMONIE LAKE DAM","IN03005","24h",5000,0.9998,3.6784033304682
"SALAMONIE LAKE DAM","IN03005","24h",10000,0.9999,3.97840819961285
"SALAMONIE LAKE DAM","IN03005","72h",2,0.5,0.938203351990894
"SALAMONIE LAKE DAM","IN03005","72h",5,0.8,1.22185179456563
"SALAMONIE LAKE DAM","IN03005","72h",10,0.9,1.41859511135207
"SALAMONIE LAKE DAM","IN03005","72h",25,0.96,1.67785624228381
"SALAMONIE LAKE DAM","IN03005","72h",50,0.98,1.87820241562903
"SALAMONIE LAKE DAM","IN03005","72h",100,0.99,2.08408437521996
"SALAMONIE LAKE DAM","IN03005","72h",200,0.995,2.29641059840108
"SALAMONIE LAKE DAM","IN03005","72h",500,0.998,2.58795066671866
"SALAMONIE LAKE DAM","IN03005","72h",1000,0.999,2.8172409949631
"SALAMONIE LAKE DAM","IN03005","72h",2000,0.9995,3.05444858805846
"SALAMONIE LAKE DAM","IN03005","72h",5000,0.9998,3.38070547650107
"SALAMONIE LAKE DAM","IN03005","72h",10000,0.9999,3.63750072464
"LAY","AL01418","24h",2,0.5,0.920473242803952
"LAY","AL01418","24h",5,0.8,1.23952181324541
"LAY","AL01418","24h",10,0.9,1.46644654857522
"LAY","AL01418","24h",25,0.96,1.76869596668901
"LAY","AL01418","24h",50,0.98,2.00419027776132
"LAY","AL01418","24h",100,0.99,2.24795805660479
"LAY","AL01418","24h",200,0.995,2.50137350914637
"LAY","AL01418","24h",500,0.998,2.85289778293694
"LAY","AL01418","24h",1000,0.999,3.13236490522548
"LAY","AL01418","24h",2000,0.9995,3.42427683911659
"LAY","AL01418","24h",5000,0.9998,3.83032701304172
"LAY","AL01418","24h",10000,0.9999,4.1534987201427
"LAY","AL01418","72h",2,0.5,0.925227522661379
"LAY","AL01418","72h",5,0.8,1.23490916501742
"LAY","AL01418","72h",10,0.9,1.45702708252409
"LAY","AL01418","72h",25,0.96,1.75876138445786
"LAY","AL01418","72h",50,0.98,1.99888942246286
"LAY","AL01418","72h",100,0.99,2.251906901181
"LAY","AL01418","72h",200,0.995,2.51942092626745
"LAY","AL01418","72h",500,0.998,2.89750334101779
"LAY","AL01418","72h",1000,0.999,3.20351714412524
"LAY","AL01418","72h",2000,0.9995,3.52803744909304
"LAY","AL01418","72h",5000,0.9998,3.98743668170532
"LAY","AL01418","72h",10000,0.9999,4.35954619586274
"WATEREE","SC00485","24h",2,0.5,0.910113669479867
"WATEREE","SC00485","24h",5,0.8,1.22176778936149
"WATEREE","SC00485","24h",10,0.9,1.4600709119314
"WATEREE","SC00485","24h",25,0.96,1.80324814926814
"WATEREE","SC00485","24h",50,0.98,2.09216074666902
"WATEREE","SC00485","24h",100,0.99,2.41153943008473
"WATEREE","SC00485","24h",200,0.995,2.76571596618143
"WATEREE","SC00485","24h",500,0.998,3.29482909180257
"WATEREE","SC00485","24h",1000,0.999,3.74725674184393
"WATEREE","SC00485","24h",2000,0.9995,4.25037175280676
"WATEREE","SC00485","24h",5000,0.9998,5.00312195472732
"WATEREE","SC00485","24h",10000,0.9999,5.64721880500433
"WATEREE","SC00485","72h",2,0.5,0.919193876437767
"WATEREE","SC00485","72h",5,0.8,1.20047639692582
"WATEREE","SC00485","72h",10,0.9,1.42079297710356
"WATEREE","SC00485","72h",25,0.96,1.76025185610373
"WATEREE","SC00485","72h",50,0.98,2.07014286252191
"WATEREE","SC00485","72h",100,0.99,2.43963363208176
"WATEREE","SC00485","72h",200,0.995,2.88257215337202
"WATEREE","SC00485","72h",500,0.998,3.6084175569897
"WATEREE","SC00485","72h",1000,0.999,4.28867244094978
"WATEREE","SC00485","72h",2000,0.9995,5.10803497904361
"WATEREE","SC00485","72h",5000,0.9998,6.45421822377009
"WATEREE","SC00485","72h",10000,0.9999,7.71733481895543
"THOMAS HILL RESERVOIR DAM","MO10134","24h",2,0.5,0.918586174653722
"THOMAS HILL RESERVOIR DAM","MO10134","24h",5,0.8,1.2538157838055
"THOMAS HILL RESERVOIR DAM","MO10134","24h",10,0.9,1.49020335272192
"THOMAS HILL RESERVOIR DAM","MO10134","24h",25,0.96,1.80306964463714
"THOMAS HILL RESERVOIR DAM","MO10134","24h",50,0.98,2.04554894400418
"THOMAS HILL RESERVOIR DAM","MO10134","24h",100,0.99,2.29554764537989
"THOMAS HILL RESERVOIR DAM","MO10134","24h",200,0.995,2.55450133725428
"THOMAS HILL RESERVOIR DAM","MO10134","24h",500,0.998,2.91232758313883
"THOMAS HILL RESERVOIR DAM","MO10134","24h",1000,0.999,3.19579728193257
"THOMAS HILL RESERVOIR DAM","MO10134","24h",2000,0.9995,3.49104370654571
"THOMAS HILL RESERVOIR DAM","MO10134","24h",5000,0.9998,3.90044547949123
"THOMAS HILL RESERVOIR DAM","MO10134","24h",10000,0.9999,4.22532155060075
"THOMAS HILL RESERVOIR DAM","MO10134","72h",2,0.5,0.93247157896186
"THOMAS HILL RESERVOIR DAM","MO10134","72h",5,0.8,1.24901191194365
"THOMAS HILL RESERVOIR DAM","MO10134","72h",10,0.9,1.46357145505068
"THOMAS HILL RESERVOIR DAM","MO10134","72h",25,0.96,1.73944442445593
"THOMAS HILL RESERVOIR DAM","MO10134","72h",50,0.98,1.94813297960201
"THOMAS HILL RESERVOIR DAM","MO10134","72h",100,0.99,2.15940159473162
"THOMAS HILL RESERVOIR DAM","MO10134","72h",200,0.995,2.37464334170992
"THOMAS HILL RESERVOIR DAM","MO10134","72h",500,0.998,2.66687780173014
"THOMAS HILL RESERVOIR DAM","MO10134","72h",1000,0.999,2.89465696473578
"THOMAS HILL RESERVOIR DAM","MO10134","72h",2000,0.9995,3.12881333665958
"THOMAS HILL RESERVOIR DAM","MO10134","72h",5000,0.9998,3.44887980256626
"THOMAS HILL RESERVOIR DAM","MO10134","72h",10000,0.9999,3.69944774381881
"LOCK & DAM #5A","MN00588","24h",2,0.5,0.911058807454369
"LOCK & DAM #5A","MN00588","24h",5,0.8,1.24703983275449
"LOCK & DAM #5A","MN00588","24h",10,0.9,1.49590662992686
"LOCK & DAM #5A","MN00588","24h",25,0.96,1.84403760093969
"LOCK & DAM #5A","MN00588","24h",50,0.98,2.12904081532895
"LOCK & DAM #5A","MN00588","24h",100,0.99,2.43667122513951
"LOCK & DAM #5A","MN00588","24h",200,0.995,2.76982119798832
"LOCK & DAM #5A","MN00588","24h",500,0.998,3.25397244501334
"LOCK & DAM #5A","MN00588","24h",1000,0.999,3.65681018557708
"LOCK & DAM #5A","MN00588","24h",2000,0.9995,4.09432713681089
"LOCK & DAM #5A","MN00588","24h",5000,0.9998,4.73114855439262
"LOCK & DAM #5A","MN00588","24h",10000,0.9999,5.26139709129412
"LOCK & DAM #5A","MN00588","72h",2,0.5,0.92290732476262
"LOCK & DAM #5A","MN00588","72h",5,0.8,1.24868580188441
"LOCK & DAM #5A","MN00588","72h",10,0.9,1.48077420117222
"LOCK & DAM #5A","MN00588","72h",25,0.96,1.79412099687142
"LOCK & DAM #5A","MN00588","72h",50,0.98,2.04201364324523
"LOCK & DAM #5A","MN00588","72h",100,0.99,2.30189479225356
"LOCK & DAM #5A","MN00588","72h",200,0.995,2.57528713520376
"LOCK & DAM #5A","MN00588","72h",500,0.998,2.95942750609841
"LOCK & DAM #5A","MN00588","72h",1000,0.999,3.2685471907662
"LOCK & DAM #5A","MN00588","72h",2000,0.9995,3.59472445869544
"LOCK & DAM #5A","MN00588","72h",5000,0.9998,4.0537865409144
"LOCK & DAM #5A","MN00588","72h",10000,0.9999,4.42347585076688
"LOCK & DAM #8","WI00803","24h",2,0.5,0.914121445677284
"LOCK & DAM #8","WI00803","24h",5,0.8,1.23631705662828
"LOCK & DAM #8","WI00803","24h",10,0.9,1.47556531235671
"LOCK & DAM #8","WI00803","24h",25,0.96,1.81099923103718
"LOCK & DAM #8","WI00803","24h",50,0.98,2.08620712313926
"LOCK & DAM #8","WI00803","24h",100,0.99,2.38381731774313
"LOCK & DAM #8","WI00803","24h",200,0.995,2.70671231720319
"LOCK & DAM #8","WI00803","24h",500,0.998,3.17697043103274
"LOCK & DAM #8","WI00803","24h",1000,0.999,3.56908193707137
"LOCK & DAM #8","WI00803","24h",2000,0.9995,3.99573357724623
"LOCK & DAM #8","WI00803","24h",5000,0.9998,4.61807373339789
"LOCK & DAM #8","WI00803","24h",10000,0.9999,5.13736714900851
"LOCK & DAM #8","WI00803","72h",2,0.5,0.924373778968514
"LOCK & DAM #8","WI00803","72h",5,0.8,1.24670209461071
"LOCK & DAM #8","WI00803","72h",10,0.9,1.47567973975233
"LOCK & DAM #8","WI00803","72h",25,0.96,1.78402820641899
"LOCK & DAM #8","WI00803","72h",50,0.98,2.0273574439653
"LOCK & DAM #8","WI00803","72h",100,0.99,2.28191211294485
"LOCK & DAM #8","WI00803","72h",200,0.995,2.5491348129385
"LOCK & DAM #8","WI00803","72h",500,0.998,2.92368480965931
"LOCK & DAM #8","WI00803","72h",1000,0.999,3.22435247750575
"LOCK & DAM #8","WI00803","72h",2000,0.9995,3.54094375593491
"LOCK & DAM #8","WI00803","72h",5000,0.9998,3.98542342977077
"LOCK & DAM #8","WI00803","72h",10000,0.9999,4.34249787606545
"MCGEE LAKE","OK22194","24h",2,0.5,0.926070275579926
"MCGEE LAKE","OK22194","24h",5,0.8,1.24817160743052
"MCGEE LAKE","OK22194","24h",10,0.9,1.47533980282074
"MCGEE LAKE","OK22194","24h",25,0.96,1.77925037639841
"MCGEE LAKE","OK22194","24h",50,0.98,2.01755983950979
"MCGEE LAKE","OK22194","24h",100,0.99,2.26551984534793
"MCGEE LAKE","OK22194","24h",200,0.995,2.52442481278282
"MCGEE LAKE","OK22194","24h",500,0.998,2.88506032826838
"MCGEE LAKE","OK22194","24h",1000,0.999,3.17277017796643
"MCGEE LAKE","OK22194","24h",2000,0.9995,3.47410184950858
"MCGEE LAKE","OK22194","24h",5000,0.9998,3.89453354369344
"MCGEE LAKE","OK22194","24h",10000,0.9999,4.23020514758895
"MCGEE LAKE","OK22194","72h",2,0.5,0.928055144551737
"MCGEE LAKE","OK22194","72h",5,0.8,1.24682050687108
"MCGEE LAKE","OK22194","72h",10,0.9,1.47041528653277
"MCGEE LAKE","OK22194","72h",25,0.96,1.76807130551917
"MCGEE LAKE","OK22194","72h",50,0.98,2.00036324253294
"MCGEE LAKE","OK22194","72h",100,0.99,2.24108100091613
"MCGEE LAKE","OK22194","72h",200,0.995,2.49140946067935
"MCGEE LAKE","OK22194","72h",500,0.998,2.83846586100616
"MCGEE LAKE","OK22194","72h",1000,0.999,3.11405384316786
"MCGEE LAKE","OK22194","72h",2000,0.9995,3.40153027090539
"MCGEE LAKE","OK22194","72h",5000,0.9998,3.80075660397925
"MCGEE LAKE","OK22194","72h",10000,0.9999,4.11801605329615
"FALL RIVER LAKE","KS00003","24h",2,0.5,0.913573218250853
"FALL RIVER LAKE","KS00003","24h",5,0.8,1.26089046780302
"FALL RIVER LAKE","KS00003","24h",10,0.9,1.51258791537334
"FALL RIVER LAKE","KS00003","24h",25,0.96,1.85773080496355
"FALL RIVER LAKE","KS00003","24h",50,0.98,2.13490754265475
"FALL RIVER LAKE","KS00003","24h",100,0.99,2.42922769195677
"FALL RIVER LAKE","KS00003","24h",200,0.995,2.74281118397824
"FALL RIVER LAKE","KS00003","24h",500,0.998,3.18997753827225
"FALL RIVER LAKE","KS00003","24h",1000,0.999,3.55512542975766
"FALL RIVER LAKE","KS00003","24h",2000,0.9995,3.9453284155093
"FALL RIVER LAKE","KS00003","24h",5000,0.9998,4.50265061173068
"FALL RIVER LAKE","KS00003","24h",10000,0.9999,4.95808700813941
"FALL RIVER LAKE","KS00003","72h",2,0.5,0.91497262727231
"FALL RIVER LAKE","KS00003","72h",5,0.8,1.26901058826774
"FALL RIVER LAKE","KS00003","72h",10,0.9,1.52248525695055
"FALL RIVER LAKE","KS00003","72h",25,0.96,1.86625172283462
"FALL RIVER LAKE","KS00003","72h",50,0.98,2.1393969107952
"FALL RIVER LAKE","KS00003","72h",100,0.99,2.4268157548191
"FALL RIVER LAKE","KS00003","72h",200,0.995,2.7302946668748
"FALL RIVER LAKE","KS00003","72h",500,0.998,3.15853913062924
"FALL RIVER LAKE","KS00003","72h",1000,0.999,3.50461767640062
"FALL RIVER LAKE","KS00003","72h",2000,0.9995,3.87113593999343
"FALL RIVER LAKE","KS00003","72h",5000,0.9998,4.38918255050518
"FALL RIVER LAKE","KS00003","72h",10000,0.9999,4.80814825187381
"CAUGHDENOY DAM","NY00410","24h",2,0.5,0.938116918692619
"CAUGHDENOY DAM","NY00410","24h",5,0.8,1.22890475781511
"CAUGHDENOY DAM","NY00410","24h",10,0.9,1.42913821773329
"CAUGHDENOY DAM","NY00410","24h",25,0.96,1.69126594966833
"CAUGHDENOY DAM","NY00410","24h",50,0.98,1.89253826911899
"CAUGHDENOY DAM","NY00410","24h",100,0.99,2.09825236637883
"CAUGHDENOY DAM","NY00410","24h",200,0.995,2.30926338281795
"CAUGHDENOY DAM","NY00410","24h",500,0.998,2.59718981887702
"CAUGHDENOY DAM","NY00410","24h",1000,0.999,2.82223173037313
"CAUGHDENOY DAM","NY00410","24h",2000,0.9995,3.05379700642031
"CAUGHDENOY DAM","NY00410","24h",5000,0.9998,3.37031063481442
"CAUGHDENOY DAM","NY00410","24h",10000,0.9999,3.61789151425241
"CAUGHDENOY DAM","NY00410","72h",2,0.5,0.940895527736801
"CAUGHDENOY DAM","NY00410","72h",5,0.8,1.22344734686195
"CAUGHDENOY DAM","NY00410","72h",10,0.9,1.41391455378758
"CAUGHDENOY DAM","NY00410","72h",25,0.96,1.65782507071164
"CAUGHDENOY DAM","NY00410","72h",50,0.98,1.84171259693644
"CAUGHDENOY DAM","NY00410","72h",100,0.99,2.02740078662354
"CAUGHDENOY DAM","NY00410","72h",200,0.995,2.21614504701359
"CAUGHDENOY DAM","NY00410","72h",500,0.998,2.47177638379672
"CAUGHDENOY DAM","NY00410","72h",1000,0.999,2.67057522176497
"CAUGHDENOY DAM","NY00410","72h",2000,0.9995,2.87456751033552
"CAUGHDENOY DAM","NY00410","72h",5000,0.9998,3.15284641376204
"CAUGHDENOY DAM","NY00410","72h",10000,0.9999,3.37028962198887
"POMONA DAM","KS00010","24h",2,0.5,0.921614508399394
"POMONA DAM","KS00010","24h",5,0.8,1.25747815776296
"POMONA DAM","KS00010","24h",10,0.9,1.49565310191601
"POMONA DAM","KS00010","24h",25,0.96,1.81587658404552
"POMONA DAM","KS00010","24h",50,0.98,2.06818798764645
"POMONA DAM","KS00010","24h",100,0.99,2.33179344086648
"POMONA DAM","KS00010","24h",200,0.995,2.60815684621429
"POMONA DAM","KS00010","24h",500,0.998,2.99493314013573
"POMONA DAM","KS00010","24h",1000,0.999,3.30494910853699
"POMONA DAM","KS00010","24h",2000,0.9995,3.63096059637637
"POMONA DAM","KS00010","24h",5000,0.9998,4.08797532005343
"POMONA DAM","KS00010","24h",10000,0.9999,4.45456907894273
"POMONA DAM","KS00010","72h",2,0.5,0.928061653328606
"POMONA DAM","KS00010","72h",5,0.8,1.25222985652855
"POMONA DAM","KS00010","72h",10,0.9,1.47838909988798
"POMONA DAM","KS00010","72h",25,0.96,1.77798749333286
"POMONA DAM","KS00010","72h",50,0.98,2.01068883988068
"POMONA DAM","KS00010","72h",100,0.99,2.25085981577559
"POMONA DAM","KS00010","72h",200,0.995,2.4996194356977
"POMONA DAM","KS00010","72h",500,0.998,2.84289905190065
"POMONA DAM","KS00010","72h",1000,0.999,3.11422906182901
"POMONA DAM","KS00010","72h",2000,0.9995,3.39613586645261
"POMONA DAM","KS00010","72h",5000,0.9998,3.78581335512812
"POMONA DAM","KS00010","72h",10000,0.9999,4.0940558675764
"CRAB ORCHARD DAM","IL00083","24h",2,0.5,0.929885090058365
"CRAB ORCHARD DAM","IL00083","24h",5,0.8,1.23950428660868
"CRAB ORCHARD DAM","IL00083","24h",10,0.9,1.45307972694743
"CRAB ORCHARD DAM","IL00083","24h",25,0.96,1.7312278083951
"CRAB ORCHARD DAM","IL00083","24h",50,0.98,1.94390757077515
"CRAB ORCHARD DAM","IL00083","24h",100,0.99,2.16096302062777
"CRAB ORCHARD DAM","IL00083","24h",200,0.995,2.38372728217736
"CRAB ORCHARD DAM","IL00083","24h",500,0.998,2.68854005914902
"CRAB ORCHARD DAM","IL00083","24h",1000,0.999,2.927837072639
"CRAB ORCHARD DAM","IL00083","24h",2000,0.9995,3.17526323413057
"CRAB ORCHARD DAM","IL00083","24h",5000,0.9998,3.51562188751082
"CRAB ORCHARD DAM","IL00083","24h",10000,0.9999,3.78367815385933
"CRAB ORCHARD DAM","IL00083","72h",2,0.5,0.931984352683301
"CRAB ORCHARD DAM","IL00083","72h",5,0.8,1.24608083547855
"CRAB ORCHARD DAM","IL00083","72h",10,0.9,1.45989610062127
"CRAB ORCHARD DAM","IL00083","72h",25,0.96,1.73567269948251
"CRAB ORCHARD DAM","IL00083","72h",50,0.98,1.94483547868646
"CRAB ORCHARD DAM","IL00083","72h",100,0.99,2.15700196523049
"CRAB ORCHARD DAM","IL00083","72h",200,0.995,2.37354541546542
"CRAB ORCHARD DAM","IL00083","72h",500,0.998,2.66810642999209
"CRAB ORCHARD DAM","IL00083","72h",1000,0.999,2.89810206872847
"CRAB ORCHARD DAM","IL00083","72h",2000,0.9995,3.13487147300355
"CRAB ORCHARD DAM","IL00083","72h",5000,0.9998,3.45901131110109
"CRAB ORCHARD DAM","IL00083","72h",10000,0.9999,3.71313967896831
"WACHUSETT RESERVOIR DAM","MA00886","24h",2,0.5,0.909192953809843
"WACHUSETT RESERVOIR DAM","MA00886","24h",5,0.8,1.22071717451077
"WACHUSETT RESERVOIR DAM","MA00886","24h",10,0.9,1.45988667495736
"WACHUSETT RESERVOIR DAM","MA00886","24h",25,0.96,1.80558953581694
"WACHUSETT RESERVOIR DAM","MA00886","24h",50,0.98,2.09766630716167
"WACHUSETT RESERVOIR DAM","MA00886","24h",100,0.99,2.42152587542444
"WACHUSETT RESERVOIR DAM","MA00886","24h",200,0.995,2.7817590093484
"WACHUSETT RESERVOIR DAM","MA00886","24h",500,0.998,3.3218179835407
"WACHUSETT RESERVOIR DAM","MA00886","24h",1000,0.999,3.78521270167246
"WACHUSETT RESERVOIR DAM","MA00886","24h",2000,0.9995,4.30207627394823
"WACHUSETT RESERVOIR DAM","MA00886","24h",5000,0.9998,5.07811772345963
"WACHUSETT RESERVOIR DAM","MA00886","24h",10000,0.9999,5.7444530619395
"WACHUSETT RESERVOIR DAM","MA00886","72h",2,0.5,0.906666619939447
"WACHUSETT RESERVOIR DAM","MA00886","72h",5,0.8,1.23108150107745
"WACHUSETT RESERVOIR DAM","MA00886","72h",10,0.9,1.47890671502945
"WACHUSETT RESERVOIR DAM","MA00886","72h",25,0.96,1.8354867833102
"WACHUSETT RESERVOIR DAM","MA00886","72h",50,0.98,2.13543236013117
"WACHUSETT RESERVOIR DAM","MA00886","72h",100,0.99,2.46677115547156
"WACHUSETT RESERVOIR DAM","MA00886","72h",200,0.995,2.83395047918664
"WACHUSETT RESERVOIR DAM","MA00886","72h",500,0.998,3.38203619323424
"WACHUSETT RESERVOIR DAM","MA00886","72h",1000,0.999,3.8503048637677
"WACHUSETT RESERVOIR DAM","MA00886","72h",2000,0.9995,4.3706683299371
"WACHUSETT RESERVOIR DAM","MA00886","72h",5000,0.9998,5.14858434974332
"WACHUSETT RESERVOIR DAM","MA00886","72h",10000,0.9999,5.81367281282275
"WACHUSETT RESERVOIR SOUTH DIKE","MA03263","24h",2,0.5,0.911321162369195
"WACHUSETT RESERVOIR SOUTH DIKE","MA03263","24h",5,0.8,1.2215428572717
"WACHUSETT RESERVOIR SOUTH DIKE","MA03263","24h",10,0.9,1.45794964987036
"WACHUSETT RESERVOIR SOUTH DIKE","MA03263","24h",25,0.96,1.79734387067991
"WACHUSETT RESERVOIR SOUTH DIKE","MA03263","24h",50,0.98,2.08222256300682
"WACHUSETT RESERVOIR SOUTH DIKE","MA03263","24h",100,0.99,2.39634275678489
"WACHUSETT RESERVOIR SOUTH DIKE","MA03263","24h",200,0.995,2.74380864929826
"WACHUSETT RESERVOIR SOUTH DIKE","MA03263","24h",500,0.998,3.26137171003578
"WACHUSETT RESERVOIR SOUTH DIKE","MA03263","24h",1000,0.999,3.70263940865445
"WACHUSETT RESERVOIR SOUTH DIKE","MA03263","24h",2000,0.9995,4.19211163139452
"WACHUSETT RESERVOIR SOUTH DIKE","MA03263","24h",5000,0.9998,4.92230323857224
"WACHUSETT RESERVOIR SOUTH DIKE","MA03263","24h",10000,0.9999,5.54528707275014
"WACHUSETT RESERVOIR SOUTH DIKE","MA03263","72h",2,0.5,0.90725166093521
"WACHUSETT RESERVOIR SOUTH DIKE","MA03263","72h",5,0.8,1.2308753626992
"WACHUSETT RESERVOIR SOUTH DIKE","MA03263","72h",10,0.9,1.47773575517397
"WACHUSETT RESERVOIR SOUTH DIKE","MA03263","72h",25,0.96,1.83245373251415
"WACHUSETT RESERVOIR SOUTH DIKE","MA03263","72h",50,0.98,2.13045021403631
"WACHUSETT RESERVOIR SOUTH DIKE","MA03263","72h",100,0.99,2.4592753333442
"WACHUSETT RESERVOIR SOUTH DIKE","MA03263","72h",200,0.995,2.82327210791792
"WACHUSETT RESERVOIR SOUTH DIKE","MA03263","72h",500,0.998,3.36591826520745
"WACHUSETT RESERVOIR SOUTH DIKE","MA03263","72h",1000,0.999,3.82895894841998
"WACHUSETT RESERVOIR SOUTH DIKE","MA03263","72h",2000,0.9995,4.34295497026296
"WACHUSETT RESERVOIR SOUTH DIKE","MA03263","72h",5000,0.9998,5.11037977195398
"WACHUSETT RESERVOIR SOUTH DIKE","MA03263","72h",10000,0.9999,5.76567789689327
"WACHUSETT RESERVOIR NORTH DIKE","MA01294","24h",2,0.5,0.91018838633015
"WACHUSETT RESERVOIR NORTH DIKE","MA01294","24h",5,0.8,1.21998117366449
"WACHUSETT RESERVOIR NORTH DIKE","MA01294","24h",10,0.9,1.45732687673223
"WACHUSETT RESERVOIR NORTH DIKE","MA01294","24h",25,0.96,1.79974050753697
"WACHUSETT RESERVOIR NORTH DIKE","MA01294","24h",50,0.98,2.08850896134707
"WACHUSETT RESERVOIR NORTH DIKE","MA01294","24h",100,0.99,2.40819983354056
"WACHUSETT RESERVOIR NORTH DIKE","MA01294","24h",200,0.995,2.76324339447955
"WACHUSETT RESERVOIR NORTH DIKE","MA01294","24h",500,0.998,3.29455908666649
"WACHUSETT RESERVOIR NORTH DIKE","MA01294","24h",1000,0.999,3.749637354088
"WACHUSETT RESERVOIR NORTH DIKE","MA01294","24h",2000,0.9995,4.25643978679814
"WACHUSETT RESERVOIR NORTH DIKE","MA01294","24h",5000,0.9998,5.0160012134322
"WACHUSETT RESERVOIR NORTH DIKE","MA01294","24h",10000,0.9999,5.66702257932608
"WACHUSETT RESERVOIR NORTH DIKE","MA01294","72h",2,0.5,0.907119459083207
"WACHUSETT RESERVOIR NORTH DIKE","MA01294","72h",5,0.8,1.23060294140587
"WACHUSETT RESERVOIR NORTH DIKE","MA01294","72h",10,0.9,1.47753022185978
"WACHUSETT RESERVOIR NORTH DIKE","MA01294","72h",25,0.96,1.83257303573994
"WACHUSETT RESERVOIR NORTH DIKE","MA01294","72h",50,0.98,2.13102728257077
"WACHUSETT RESERVOIR NORTH DIKE","MA01294","72h",100,0.99,2.46053180087991
"WACHUSETT RESERVOIR NORTH DIKE","MA01294","72h",200,0.995,2.82547260995489
"WACHUSETT RESERVOIR NORTH DIKE","MA01294","72h",500,0.998,3.3698594672741
"WACHUSETT RESERVOIR NORTH DIKE","MA01294","72h",1000,0.999,3.83466656190253
"WACHUSETT RESERVOIR NORTH DIKE","MA01294","72h",2000,0.9995,4.35089361114928
"WACHUSETT RESERVOIR NORTH DIKE","MA01294","72h",5000,0.9998,5.12212064382788
"WACHUSETT RESERVOIR NORTH DIKE","MA01294","72h",10000,0.9999,5.78106349150662
"STP MAIN COOLING RESERVOIR DAM","TX05792","24h",2,0.5,0.89074067115095
"STP MAIN COOLING RESERVOIR DAM","TX05792","24h",5,0.8,1.30262247207817
"STP MAIN COOLING RESERVOIR DAM","TX05792","24h",10,0.9,1.60196948170087
"STP MAIN COOLING RESERVOIR DAM","TX05792","24h",25,0.96,2.00706699513899
"STP MAIN COOLING RESERVOIR DAM","TX05792","24h",50,0.98,2.3269125771422
"STP MAIN COOLING RESERVOIR DAM","TX05792","24h",100,0.99,2.66132651270722
"STP MAIN COOLING RESERVOIR DAM","TX05792","24h",200,0.995,3.01214867644052
"STP MAIN COOLING RESERVOIR DAM","TX05792","24h",500,0.998,3.50351636470282
"STP MAIN COOLING RESERVOIR DAM","TX05792","24h",1000,0.999,3.89765389149827
"STP MAIN COOLING RESERVOIR DAM","TX05792","24h",2000,0.9995,4.31231044819776
"STP MAIN COOLING RESERVOIR DAM","TX05792","24h",5000,0.9998,4.89365972154305
"STP MAIN COOLING RESERVOIR DAM","TX05792","24h",10000,0.9999,5.35979961882655
"STP MAIN COOLING RESERVOIR DAM","TX05792","72h",2,0.5,0.876552423103082
"STP MAIN COOLING RESERVOIR DAM","TX05792","72h",5,0.8,1.31626619508539
"STP MAIN COOLING RESERVOIR DAM","TX05792","72h",10,0.9,1.64259315738748
"STP MAIN COOLING RESERVOIR DAM","TX05792","72h",25,0.96,2.09106701240627
"STP MAIN COOLING RESERVOIR DAM","TX05792","72h",50,0.98,2.44974859989635
"STP MAIN COOLING RESERVOIR DAM","TX05792","72h",100,0.99,2.82842900145403
"STP MAIN COOLING RESERVOIR DAM","TX05792","72h",200,0.995,3.22920803325304
"STP MAIN COOLING RESERVOIR DAM","TX05792","72h",500,0.998,3.79583847339726
"STP MAIN COOLING RESERVOIR DAM","TX05792","72h",1000,0.999,4.2542879013203
"STP MAIN COOLING RESERVOIR DAM","TX05792","72h",2000,0.9995,4.73997885330436
"STP MAIN COOLING RESERVOIR DAM","TX05792","72h",5000,0.9998,5.42614589858734
"STP MAIN COOLING RESERVOIR DAM","TX05792","72h",10000,0.9999,5.98031018950626
"EL DORADO LAKE","KS00027","24h",2,0.5,0.920584053783312
"EL DORADO LAKE","KS00027","24h",5,0.8,1.26568994340229
"EL DORADO LAKE","KS00027","24h",10,0.9,1.50928913164069
"EL DORADO LAKE","KS00027","24h",25,0.96,1.83543248170189
"EL DORADO LAKE","KS00027","24h",50,0.98,2.09136621878247
"EL DORADO LAKE","KS00027","24h",100,0.99,2.35783307563908
"EL DORADO LAKE","KS00027","24h",200,0.995,2.63623725028356
"EL DORADO LAKE","KS00027","24h",500,0.998,3.02431754294802
"EL DORADO LAKE","KS00027","24h",1000,0.999,3.33414761665666
"EL DORADO LAKE","KS00027","24h",2000,0.9995,3.6588504554378
"EL DORADO LAKE","KS00027","24h",5000,0.9998,4.11222149842297
"EL DORADO LAKE","KS00027","24h",10000,0.9999,4.47445476184997
"EL DORADO LAKE","KS00027","72h",2,0.5,0.931980502578269
"EL DORADO LAKE","KS00027","72h",5,0.8,1.25302951969311
"EL DORADO LAKE","KS00027","72h",10,0.9,1.48551777945496
"EL DORADO LAKE","KS00027","72h",25,0.96,1.82089592660296
"EL DORADO LAKE","KS00027","72h",50,0.98,2.10887195869132
"EL DORADO LAKE","KS00027","72h",100,0.99,2.43492167550508
"EL DORADO LAKE","KS00027","72h",200,0.995,2.80628497231362
"EL DORADO LAKE","KS00027","72h",500,0.998,3.37964157658664
"EL DORADO LAKE","KS00027","72h",1000,0.999,3.88649733997007
"EL DORADO LAKE","KS00027","72h",2000,0.9995,4.46683032008865
"EL DORADO LAKE","KS00027","72h",5000,0.9998,5.36538523562103
"EL DORADO LAKE","KS00027","72h",10000,0.9999,6.16075837237302
"SMITHVILLE DAM","MO12084","24h",2,0.5,0.933851427844463
"SMITHVILLE DAM","MO12084","24h",5,0.8,1.26144555511773
"SMITHVILLE DAM","MO12084","24h",10,0.9,1.48349044577898
"SMITHVILLE DAM","MO12084","24h",25,0.96,1.77005045733896
"SMITHVILLE DAM","MO12084","24h",50,0.98,1.98705640360348
"SMITHVILLE DAM","MO12084","24h",100,0.99,2.20625619917045
"SMITHVILLE DAM","MO12084","24h",200,0.995,2.42848374240503
"SMITHVILLE DAM","MO12084","24h",500,0.998,2.72762947610853
"SMITHVILLE DAM","MO12084","24h",1000,0.999,2.9583016038264
"SMITHVILLE DAM","MO12084","24h",2000,0.9995,3.19291167566093
"SMITHVILLE DAM","MO12084","24h",5000,0.9998,3.50927587784679
"SMITHVILLE DAM","MO12084","24h",10000,0.9999,3.75342153802984
"SMITHVILLE DAM","MO12084","72h",2,0.5,0.946060851588177
"SMITHVILLE DAM","MO12084","72h",5,0.8,1.26609721448066
"SMITHVILLE DAM","MO12084","72h",10,0.9,1.47261765883171
"SMITHVILLE DAM","MO12084","72h",25,0.96,1.72759274056948
"SMITHVILLE DAM","MO12084","72h",50,0.98,1.91253864392535
"SMITHVILLE DAM","MO12084","72h",100,0.99,2.09264805343011
"SMITHVILLE DAM","MO12084","72h",200,0.995,2.26872602176087
"SMITHVILLE DAM","MO12084","72h",500,0.998,2.49598144954985
"SMITHVILLE DAM","MO12084","72h",1000,0.999,2.66400577070617
"SMITHVILLE DAM","MO12084","72h",2000,0.9995,2.82882653028247
"SMITHVILLE DAM","MO12084","72h",5000,0.9998,3.04194344405028
"SMITHVILLE DAM","MO12084","72h",10000,0.9999,3.19964850047461
"CAESAR CREEK LAKE DAM AND SADDLE DAMS #1 AND #4","OH00927","24h",2,0.5,0.953858768367216
"CAESAR CREEK LAKE DAM AND SADDLE DAMS #1 AND #4","OH00927","24h",5,0.8,1.22748738133203
"CAESAR CREEK LAKE DAM AND SADDLE DAMS #1 AND #4","OH00927","24h",10,0.9,1.4040834653179
"CAESAR CREEK LAKE DAM AND SADDLE DAMS #1 AND #4","OH00927","24h",25,0.96,1.62213842537025
"CAESAR CREEK LAKE DAM AND SADDLE DAMS #1 AND #4","OH00927","24h",50,0.98,1.78032217509326
"CAESAR CREEK LAKE DAM AND SADDLE DAMS #1 AND #4","OH00927","24h",100,0.99,1.93438399505162
"CAESAR CREEK LAKE DAM AND SADDLE DAMS #1 AND #4","OH00927","24h",200,0.995,2.08501170790824
"CAESAR CREEK LAKE DAM AND SADDLE DAMS #1 AND #4","OH00927","24h",500,0.998,2.27944105520486
"CAESAR CREEK LAKE DAM AND SADDLE DAMS #1 AND #4","OH00927","24h",1000,0.999,2.42321077620051
"CAESAR CREEK LAKE DAM AND SADDLE DAMS #1 AND #4","OH00927","24h",2000,0.9995,2.56425270257172
"CAESAR CREEK LAKE DAM AND SADDLE DAMS #1 AND #4","OH00927","24h",5000,0.9998,2.74664303759892
"CAESAR CREEK LAKE DAM AND SADDLE DAMS #1 AND #4","OH00927","24h",10000,0.9999,2.88162545268104
"CAESAR CREEK LAKE DAM AND SADDLE DAMS #1 AND #4","OH00927","72h",2,0.5,0.962862973725838
"CAESAR CREEK LAKE DAM AND SADDLE DAMS #1 AND #4","OH00927","72h",5,0.8,1.21521749683905
"CAESAR CREEK LAKE DAM AND SADDLE DAMS #1 AND #4","OH00927","72h",10,0.9,1.37294996498424
"CAESAR CREEK LAKE DAM AND SADDLE DAMS #1 AND #4","OH00927","72h",25,0.96,1.5621920172732
"CAESAR CREEK LAKE DAM AND SADDLE DAMS #1 AND #4","OH00927","72h",50,0.98,1.69567669240959
"CAESAR CREEK LAKE DAM AND SADDLE DAMS #1 AND #4","OH00927","72h",100,0.99,1.82263007645392
"CAESAR CREEK LAKE DAM AND SADDLE DAMS #1 AND #4","OH00927","72h",200,0.995,1.94385475910425
"CAESAR CREEK LAKE DAM AND SADDLE DAMS #1 AND #4","OH00927","72h",500,0.998,2.09611541804819
"CAESAR CREEK LAKE DAM AND SADDLE DAMS #1 AND #4","OH00927","72h",1000,0.999,2.20566455650743
"CAESAR CREEK LAKE DAM AND SADDLE DAMS #1 AND #4","OH00927","72h",2000,0.9995,2.31063744145303
"CAESAR CREEK LAKE DAM AND SADDLE DAMS #1 AND #4","OH00927","72h",5000,0.9998,2.44273570979517
"CAESAR CREEK LAKE DAM AND SADDLE DAMS #1 AND #4","OH00927","72h",10000,0.9999,2.5378622140983
"PELICAN LAKE","MN00097","24h",2,0.5,0.926963645553139
"PELICAN LAKE","MN00097","24h",5,0.8,1.23509259113702
"PELICAN LAKE","MN00097","24h",10,0.9,1.46419347533203
"PELICAN LAKE","MN00097","24h",25,0.96,1.80206840359684
"PELICAN LAKE","MN00097","24h",50,0.98,2.09822124175002
"PELICAN LAKE","MN00097","24h",100,0.99,2.43940239574435
"PELICAN LAKE","MN00097","24h",200,0.995,2.83473287324717
"PELICAN LAKE","MN00097","24h",500,0.998,3.45741102587098
"PELICAN LAKE","MN00097","24h",1000,0.999,4.01877691371866
"PELICAN LAKE","MN00097","24h",2000,0.9995,4.67255041483973
"PELICAN LAKE","MN00097","24h",5000,0.9998,5.70515449607798
"PELICAN LAKE","MN00097","24h",10000,0.9999,6.63725857931793
"PELICAN LAKE","MN00097","72h",2,0.5,0.933568573231426
"PELICAN LAKE","MN00097","72h",5,0.8,1.22619687112897
"PELICAN LAKE","MN00097","72h",10,0.9,1.44150170054648
"PELICAN LAKE","MN00097","72h",25,0.96,1.75625155654475
"PELICAN LAKE","MN00097","72h",50,0.98,2.02988638706273
"PELICAN LAKE","MN00097","72h",100,0.99,2.34295593300704
"PELICAN LAKE","MN00097","72h",200,0.995,2.70324311429787
"PELICAN LAKE","MN00097","72h",500,0.998,3.26623184265011
"PELICAN LAKE","MN00097","72h",1000,0.999,3.76984033158209
"PELICAN LAKE","MN00097","72h",2000,0.9995,4.35239348201489
"PELICAN LAKE","MN00097","72h",5000,0.9998,5.26525496498558
"PELICAN LAKE","MN00097","72h",10000,0.9999,6.08287923326361
"DE CORDOVA BEND DAM","TX03956","24h",2,0.5,0.908639145748847
"DE CORDOVA BEND DAM","TX03956","24h",5,0.8,1.26233734330786
"DE CORDOVA BEND DAM","TX03956","24h",10,0.9,1.52203483517842
"DE CORDOVA BEND DAM","TX03956","24h",25,0.96,1.88241676897224
"DE CORDOVA BEND DAM","TX03956","24h",50,0.98,2.17517867816561
"DE CORDOVA BEND DAM","TX03956","24h",100,0.99,2.4891089961411
"DE CORDOVA BEND DAM","TX03956","24h",200,0.995,2.82686153200996
"DE CORDOVA BEND DAM","TX03956","24h",500,0.998,3.31397748334415
"DE CORDOVA BEND DAM","TX03956","24h",1000,0.999,3.71623682871734
"DE CORDOVA BEND DAM","TX03956","24h",2000,0.9995,4.1502865971561
"DE CORDOVA BEND DAM","TX03956","24h",5000,0.9998,4.77727878514964
"DE CORDOVA BEND DAM","TX03956","24h",10000,0.9999,5.29542490911176
"DE CORDOVA BEND DAM","TX03956","72h",2,0.5,0.915182118569032
"DE CORDOVA BEND DAM","TX03956","72h",5,0.8,1.27773943098035
"DE CORDOVA BEND DAM","TX03956","72h",10,0.9,1.5350471945479
"DE CORDOVA BEND DAM","TX03956","72h",25,0.96,1.88124284748052
"DE CORDOVA BEND DAM","TX03956","72h",50,0.98,2.15420765982128
"DE CORDOVA BEND DAM","TX03956","72h",100,0.99,2.4395594972608
"DE CORDOVA BEND DAM","TX03956","72h",200,0.995,2.73889753450589
"DE CORDOVA BEND DAM","TX03956","72h",500,0.998,3.1581130085826
"DE CORDOVA BEND DAM","TX03956","72h",1000,0.999,3.49435784668186
"DE CORDOVA BEND DAM","TX03956","72h",2000,0.9995,3.84815823985316
"DE CORDOVA BEND DAM","TX03956","72h",5000,0.9998,4.34446595270256
"DE CORDOVA BEND DAM","TX03956","72h",10000,0.9999,4.74284792532668
"BAYOU DARBONNE DAM + RESERVOIR","LA00015","24h",2,0.5,0.921754214570422
"BAYOU DARBONNE DAM + RESERVOIR","LA00015","24h",5,0.8,1.22100273119881
"BAYOU DARBONNE DAM + RESERVOIR","LA00015","24h",10,0.9,1.44924182098095
"BAYOU DARBONNE DAM + RESERVOIR","LA00015","24h",25,0.96,1.79312208670412
"BAYOU DARBONNE DAM + RESERVOIR","LA00015","24h",50,0.98,2.10059295061303
"BAYOU DARBONNE DAM + RESERVOIR","LA00015","24h",100,0.99,2.4608129971626
"BAYOU DARBONNE DAM + RESERVOIR","LA00015","24h",200,0.995,2.88519719224694
"BAYOU DARBONNE DAM + RESERVOIR","LA00015","24h",500,0.998,3.56669379887667
"BAYOU DARBONNE DAM + RESERVOIR","LA00015","24h",1000,0.999,4.19285011381695
"BAYOU DARBONNE DAM + RESERVOIR","LA00015","24h",2000,0.9995,4.93417899110506
"BAYOU DARBONNE DAM + RESERVOIR","LA00015","24h",5000,0.9998,6.12784148520974
"BAYOU DARBONNE DAM + RESERVOIR","LA00015","24h",10000,0.9999,7.22591379362979
"BAYOU DARBONNE DAM + RESERVOIR","LA00015","72h",2,0.5,0.918287692001572
"BAYOU DARBONNE DAM + RESERVOIR","LA00015","72h",5,0.8,1.2280930856088
"BAYOU DARBONNE DAM + RESERVOIR","LA00015","72h",10,0.9,1.46494304505061
"BAYOU DARBONNE DAM + RESERVOIR","LA00015","72h",25,0.96,1.82250684113949
"BAYOU DARBONNE DAM + RESERVOIR","LA00015","72h",50,0.98,2.14280318723825
"BAYOU DARBONNE DAM + RESERVOIR","LA00015","72h",100,0.99,2.5186349038947
"BAYOU DARBONNE DAM + RESERVOIR","LA00015","72h",200,0.995,2.96209544379762
"BAYOU DARBONNE DAM + RESERVOIR","LA00015","72h",500,0.998,3.67550702865554
"BAYOU DARBONNE DAM + RESERVOIR","LA00015","72h",1000,0.999,4.33214181210831
"BAYOU DARBONNE DAM + RESERVOIR","LA00015","72h",2000,0.9995,5.11074440670725
"BAYOU DARBONNE DAM + RESERVOIR","LA00015","72h",5000,0.9998,6.36666943825943
"BAYOU DARBONNE DAM + RESERVOIR","LA00015","72h",10000,0.9999,7.52404980968681
"TURTLE-FLAMBEAU","WI00041","24h",2,0.5,0.910739800211826
"TURTLE-FLAMBEAU","WI00041","24h",5,0.8,1.23237438864847
"TURTLE-FLAMBEAU","WI00041","24h",10,0.9,1.47477258424754
"TURTLE-FLAMBEAU","WI00041","24h",25,0.96,1.81925392406548
"TURTLE-FLAMBEAU","WI00041","24h",50,0.98,2.10559284799636
"TURTLE-FLAMBEAU","WI00041","24h",100,0.99,2.41870249877858
"TURTLE-FLAMBEAU","WI00041","24h",200,0.995,2.76219140713345
"TURTLE-FLAMBEAU","WI00041","24h",500,0.998,3.26891851833708
"TURTLE-FLAMBEAU","WI00041","24h",1000,0.999,3.69684892847122
"TURTLE-FLAMBEAU","WI00041","24h",2000,0.9995,4.1676272345864
"TURTLE-FLAMBEAU","WI00041","24h",5000,0.9998,4.86320368131379
"TURTLE-FLAMBEAU","WI00041","24h",10000,0.9999,5.45103063917049
"TURTLE-FLAMBEAU","WI00041","72h",2,0.5,0.927635766871349
"TURTLE-FLAMBEAU","WI00041","72h",5,0.8,1.21294380519306
"TURTLE-FLAMBEAU","WI00041","72h",10,0.9,1.42878517572643
"TURTLE-FLAMBEAU","WI00041","72h",25,0.96,1.75176791598113
"TURTLE-FLAMBEAU","WI00041","72h",50,0.98,2.0387227055948
"TURTLE-FLAMBEAU","WI00041","72h",100,0.99,2.37310500435381
"TURTLE-FLAMBEAU","WI00041","72h",200,0.995,2.76496024875365
"TURTLE-FLAMBEAU","WI00041","72h",500,0.998,3.39033625174164
"TURTLE-FLAMBEAU","WI00041","72h",1000,0.999,3.96145386645336
"TURTLE-FLAMBEAU","WI00041","72h",2000,0.9995,4.63406940744898
"TURTLE-FLAMBEAU","WI00041","72h",5000,0.9998,5.71043655871451
"TURTLE-FLAMBEAU","WI00041","72h",10000,0.9999,6.69463077466787
"MELVIN PRICE LOCKS & DAM","IL50077","24h",2,0.5,0.923111008888874
"MELVIN PRICE LOCKS & DAM","IL50077","24h",5,0.8,1.227670195229
"MELVIN PRICE LOCKS & DAM","IL50077","24h",10,0.9,1.44949268104049
"MELVIN PRICE LOCKS & DAM","IL50077","24h",25,0.96,1.75506324311253
"MELVIN PRICE LOCKS & DAM","IL50077","24h",50,0.98,2.00154579329002
"MELVIN PRICE LOCKS & DAM","IL50077","24h",100,0.99,2.26425939618754
"MELVIN PRICE LOCKS & DAM","IL50077","24h",200,0.995,2.54521647151111
"MELVIN PRICE LOCKS & DAM","IL50077","24h",500,0.998,2.94760255227681
"MELVIN PRICE LOCKS & DAM","IL50077","24h",1000,0.999,3.2776022254782
"MELVIN PRICE LOCKS & DAM","IL50077","24h",2000,0.9995,3.63156013481135
"MELVIN PRICE LOCKS & DAM","IL50077","24h",5000,0.9998,4.13931046722988
"MELVIN PRICE LOCKS & DAM","IL50077","24h",10000,0.9999,4.55602670704162
"MELVIN PRICE LOCKS & DAM","IL50077","72h",2,0.5,0.923392416012039
"MELVIN PRICE LOCKS & DAM","IL50077","72h",5,0.8,1.23889527953133
"MELVIN PRICE LOCKS & DAM","IL50077","72h",10,0.9,1.46562075654548
"MELVIN PRICE LOCKS & DAM","IL50077","72h",25,0.96,1.77414909404588
"MELVIN PRICE LOCKS & DAM","IL50077","72h",50,0.98,2.02009601023751
"MELVIN PRICE LOCKS & DAM","IL50077","72h",100,0.99,2.27961497641898
"MELVIN PRICE LOCKS & DAM","IL50077","72h",200,0.995,2.55439287822051
"MELVIN PRICE LOCKS & DAM","IL50077","72h",500,0.998,2.94338234771406
"MELVIN PRICE LOCKS & DAM","IL50077","72h",1000,0.999,3.25873975549603
"MELVIN PRICE LOCKS & DAM","IL50077","72h",2000,0.9995,3.59364161877914
"MELVIN PRICE LOCKS & DAM","IL50077","72h",5000,0.9998,4.06851789733657
"MELVIN PRICE LOCKS & DAM","IL50077","72h",10000,0.9999,4.45379291793007
"NORTH SAN GABRIEL DAM","TX08006","24h",2,0.5,0.903885392674442
"NORTH SAN GABRIEL DAM","TX08006","24h",5,0.8,1.26754598000033
"NORTH SAN GABRIEL DAM","TX08006","24h",10,0.9,1.53676001013936
"NORTH SAN GABRIEL DAM","TX08006","24h",25,0.96,1.91315572322047
"NORTH SAN GABRIEL DAM","TX08006","24h",50,0.98,2.22114196857121
"NORTH SAN GABRIEL DAM","TX08006","24h",100,0.99,2.55343623762347
"NORTH SAN GABRIEL DAM","TX08006","24h",200,0.995,2.91314119388322
"NORTH SAN GABRIEL DAM","TX08006","24h",500,0.998,3.43562198656546
"NORTH SAN GABRIEL DAM","TX08006","24h",1000,0.999,3.87013646292499
"NORTH SAN GABRIEL DAM","TX08006","24h",2000,0.9995,4.34185499941182
"NORTH SAN GABRIEL DAM","TX08006","24h",5000,0.9998,5.02811524053395
"NORTH SAN GABRIEL DAM","TX08006","24h",10000,0.9999,5.59924621892931
"NORTH SAN GABRIEL DAM","TX08006","72h",2,0.5,0.909948128154296
"NORTH SAN GABRIEL DAM","TX08006","72h",5,0.8,1.28815832600236
"NORTH SAN GABRIEL DAM","TX08006","72h",10,0.9,1.55315286917652
"NORTH SAN GABRIEL DAM","TX08006","72h",25,0.96,1.9022382841304
"NORTH SAN GABRIEL DAM","TX08006","72h",50,0.98,2.17172766528436
"NORTH SAN GABRIEL DAM","TX08006","72h",100,0.99,2.44875289921168
"NORTH SAN GABRIEL DAM","TX08006","72h",200,0.995,2.73493155918138
"NORTH SAN GABRIEL DAM","TX08006","72h",500,0.998,3.12925003063749
"NORTH SAN GABRIEL DAM","TX08006","72h",1000,0.999,3.44080761876634
"NORTH SAN GABRIEL DAM","TX08006","72h",2000,0.9995,3.7646205649441
"NORTH SAN GABRIEL DAM","TX08006","72h",5000,0.9998,4.21259013563602
"NORTH SAN GABRIEL DAM","TX08006","72h",10000,0.9999,4.56729140881411
"WALTER BOULDIN","AL01419","24h",2,0.5,0.924758249740072
"WALTER BOULDIN","AL01419","24h",5,0.8,1.24539774667459
"WALTER BOULDIN","AL01419","24h",10,0.9,1.46902043233636
"WALTER BOULDIN","AL01419","24h",25,0.96,1.76260964657188
"WALTER BOULDIN","AL01419","24h",50,0.98,1.98861544530605
"WALTER BOULDIN","AL01419","24h",100,0.99,2.22044579858291
"WALTER BOULDIN","AL01419","24h",200,0.995,2.45947285246903
"WALTER BOULDIN","AL01419","24h",500,0.998,2.78814483372633
"WALTER BOULDIN","AL01419","24h",1000,0.999,3.0473414862308
"WALTER BOULDIN","AL01419","24h",2000,0.9995,3.31632167806547
"WALTER BOULDIN","AL01419","24h",5000,0.9998,3.68781053401921
"WALTER BOULDIN","AL01419","24h",10000,0.9999,3.98148905240114
"WALTER BOULDIN","AL01419","72h",2,0.5,0.924239457521395
"WALTER BOULDIN","AL01419","72h",5,0.8,1.24075272036808
"WALTER BOULDIN","AL01419","72h",10,0.9,1.46710528126739
"WALTER BOULDIN","AL01419","72h",25,0.96,1.77377286446549
"WALTER BOULDIN","AL01419","72h",50,0.98,2.01719856425803
"WALTER BOULDIN","AL01419","72h",100,0.99,2.27312828018534
"WALTER BOULDIN","AL01419","72h",200,0.995,2.54313129512194
"WALTER BOULDIN","AL01419","72h",500,0.998,2.92376531521154
"WALTER BOULDIN","AL01419","72h",1000,0.999,3.23107015339783
"WALTER BOULDIN","AL01419","72h",2000,0.9995,3.55625233349752
"WALTER BOULDIN","AL01419","72h",5000,0.9998,4.0154256585388
"WALTER BOULDIN","AL01419","72h",10000,0.9999,4.38641858336732
"JORDAN","AL01423","24h",2,0.5,0.9266166784736
"JORDAN","AL01423","24h",5,0.8,1.24275039363405
"JORDAN","AL01423","24h",10,0.9,1.4624825321291
"JORDAN","AL01423","24h",25,0.96,1.75024599506567
"JORDAN","AL01423","24h",50,0.98,1.97130562702448
"JORDAN","AL01423","24h",100,0.99,2.19770643061123
"JORDAN","AL01423","24h",200,0.995,2.43080289421327
"JORDAN","AL01423","24h",500,0.998,2.75083477550705
"JORDAN","AL01423","24h",1000,0.999,3.00286528478027
"JORDAN","AL01423","24h",2000,0.9995,3.26411429762709
"JORDAN","AL01423","24h",5000,0.9998,3.62448031047506
"JORDAN","AL01423","24h",10000,0.9999,3.90903383972259
"JORDAN","AL01423","72h",2,0.5,0.924985379613724
"JORDAN","AL01423","72h",5,0.8,1.23837249775032
"JORDAN","AL01423","72h",10,0.9,1.46249177927474
"JORDAN","AL01423","72h",25,0.96,1.76613657615939
"JORDAN","AL01423","72h",50,0.98,2.00716509080818
"JORDAN","AL01423","72h",100,0.99,2.26057648497424
"JORDAN","AL01423","72h",200,0.995,2.52792479601204
"JORDAN","AL01423","72h",500,0.998,2.90481980768173
"JORDAN","AL01423","72h",1000,0.999,3.20910870959309
"JORDAN","AL01423","72h",2000,0.9995,3.53110201658975
"JORDAN","AL01423","72h",5000,0.9998,3.98577662795322
"JORDAN","AL01423","72h",10000,0.9999,4.35313809798389
"ROBERT F. HENRY LOCK AND DAM","AL01434","24h",2,0.5,0.921981357984192
"ROBERT F. HENRY LOCK AND DAM","AL01434","24h",5,0.8,1.2333345795465
"ROBERT F. HENRY LOCK AND DAM","AL01434","24h",10,0.9,1.45951486175861
"ROBERT F. HENRY LOCK AND DAM","AL01434","24h",25,0.96,1.7703496422131
"ROBERT F. HENRY LOCK AND DAM","AL01434","24h",50,0.98,2.02050460276445
"ROBERT F. HENRY LOCK AND DAM","AL01434","24h",100,0.99,2.2866123796833
"ROBERT F. HENRY LOCK AND DAM","AL01434","24h",200,0.995,2.57064727025102
"ROBERT F. HENRY LOCK AND DAM","AL01434","24h",500,0.998,2.97652467067746
"ROBERT F. HENRY LOCK AND DAM","AL01434","24h",1000,0.999,3.30864397575026
"ROBERT F. HENRY LOCK AND DAM","AL01434","24h",2000,0.9995,3.66418772089835
"ROBERT F. HENRY LOCK AND DAM","AL01434","24h",5000,0.9998,4.17306612893249
"ROBERT F. HENRY LOCK AND DAM","AL01434","24h",10000,0.9999,4.58977619972376
"ROBERT F. HENRY LOCK AND DAM","AL01434","72h",2,0.5,0.916959395436924
"ROBERT F. HENRY LOCK AND DAM","AL01434","72h",5,0.8,1.23884844103215
"ROBERT F. HENRY LOCK AND DAM","AL01434","72h",10,0.9,1.47508567098421
"ROBERT F. HENRY LOCK AND DAM","AL01434","72h",25,0.96,1.80277924706402
"ROBERT F. HENRY LOCK AND DAM","AL01434","72h",50,0.98,2.06888242440363
"ROBERT F. HENRY LOCK AND DAM","AL01434","72h",100,0.99,2.35413155563971
"ROBERT F. HENRY LOCK AND DAM","AL01434","72h",200,0.995,2.6609249895999
"ROBERT F. HENRY LOCK AND DAM","AL01434","72h",500,0.998,3.10322082916769
"ROBERT F. HENRY LOCK AND DAM","AL01434","72h",1000,0.999,3.4683287646182
"ROBERT F. HENRY LOCK AND DAM","AL01434","72h",2000,0.9995,3.86216142381274
"ROBERT F. HENRY LOCK AND DAM","AL01434","72h",5000,0.9998,4.43084117038795
"ROBERT F. HENRY LOCK AND DAM","AL01434","72h",10000,0.9999,4.90061919196312
"DIX RIVER DAM","KY00316","24h",2,0.5,0.943313036054496
"DIX RIVER DAM","KY00316","24h",5,0.8,1.21487131132346
"DIX RIVER DAM","KY00316","24h",10,0.9,1.40076790720261
"DIX RIVER DAM","KY00316","24h",25,0.96,1.64283630162846
"DIX RIVER DAM","KY00316","24h",50,0.98,1.8277503170703
"DIX RIVER DAM","KY00316","24h",100,0.99,2.0159186206175
"DIX RIVER DAM","KY00316","24h",200,0.995,2.20809263506552
"DIX RIVER DAM","KY00316","24h",500,0.998,2.46899428732445
"DIX RIVER DAM","KY00316","24h",1000,0.999,2.67189028183095
"DIX RIVER DAM","KY00316","24h",2000,0.9995,2.87976413406113
"DIX RIVER DAM","KY00316","24h",5000,0.9998,3.16246654205523
"DIX RIVER DAM","KY00316","24h",10000,0.9999,3.38249122657283
"DIX RIVER DAM","KY00316","72h",2,0.5,0.948360223952665
"DIX RIVER DAM","KY00316","72h",5,0.8,1.2189455972953
"DIX RIVER DAM","KY00316","72h",10,0.9,1.39940368385286
"DIX RIVER DAM","KY00316","72h",25,0.96,1.62891286980614
"DIX RIVER DAM","KY00316","72h",50,0.98,1.80026452095286
"DIX RIVER DAM","KY00316","72h",100,0.99,1.97127354569457
"DIX RIVER DAM","KY00316","72h",200,0.995,2.14257769744084
"DIX RIVER DAM","KY00316","72h",500,0.998,2.3699929901467
"DIX RIVER DAM","KY00316","72h",1000,0.999,2.5429402435342
"DIX RIVER DAM","KY00316","72h",2000,0.9995,2.716753062568
"DIX RIVER DAM","KY00316","72h",5000,0.9998,2.94790783058388
"DIX RIVER DAM","KY00316","72h",10000,0.9999,3.12384311647766
"CHIPPEWA RESERVOIR","WI00797","24h",2,0.5,0.915584372617537
"CHIPPEWA RESERVOIR","WI00797","24h",5,0.8,1.23478840422359
"CHIPPEWA RESERVOIR","WI00797","24h",10,0.9,1.47114301069418
"CHIPPEWA RESERVOIR","WI00797","24h",25,0.96,1.80166245764913
"CHIPPEWA RESERVOIR","WI00797","24h",50,0.98,2.072161995136
"CHIPPEWA RESERVOIR","WI00797","24h",100,0.99,2.36405837529175
"CHIPPEWA RESERVOIR","WI00797","24h",200,0.995,2.6800841800322
"CHIPPEWA RESERVOIR","WI00797","24h",500,0.998,3.13920623090232
"CHIPPEWA RESERVOIR","WI00797","24h",1000,0.999,3.52110033075639
"CHIPPEWA RESERVOIR","WI00797","24h",2000,0.9995,3.93575977958745
"CHIPPEWA RESERVOIR","WI00797","24h",5000,0.9998,4.53912320179745
"CHIPPEWA RESERVOIR","WI00797","24h",10000,0.9999,5.04135781975374
"CHIPPEWA RESERVOIR","WI00797","72h",2,0.5,0.924698322395719
"CHIPPEWA RESERVOIR","WI00797","72h",5,0.8,1.23548421587732
"CHIPPEWA RESERVOIR","WI00797","72h",10,0.9,1.45865838606235
"CHIPPEWA RESERVOIR","WI00797","72h",25,0.96,1.76215426396697
"CHIPPEWA RESERVOIR","WI00797","72h",50,0.98,2.00393569369706
"CHIPPEWA RESERVOIR","WI00797","72h",100,0.99,2.25892118336762
"CHIPPEWA RESERVOIR","WI00797","72h",200,0.995,2.52875368648594
"CHIPPEWA RESERVOIR","WI00797","72h",500,0.998,2.91050335596585
"CHIPPEWA RESERVOIR","WI00797","72h",1000,0.999,3.21979936341245
"CHIPPEWA RESERVOIR","WI00797","72h",2000,0.9995,3.5480881687503
"CHIPPEWA RESERVOIR","WI00797","72h",5000,0.9998,4.01329700741195
"CHIPPEWA RESERVOIR","WI00797","72h",10000,0.9999,4.39049474913311
"CAGLES MILL LAKE DAM","IN03002","24h",2,0.5,0.928309341444244
"CAGLES MILL LAKE DAM","IN03002","24h",5,0.8,1.21916310762971
"CAGLES MILL LAKE DAM","IN03002","24h",10,0.9,1.42925100607434
"CAGLES MILL LAKE DAM","IN03002","24h",25,0.96,1.71647681654917
"CAGLES MILL LAKE DAM","IN03002","24h",50,0.98,1.94647706476368
"CAGLES MILL LAKE DAM","IN03002","24h",100,0.99,2.19010333947147
"CAGLES MILL LAKE DAM","IN03002","24h",200,0.995,2.44904133168738
"CAGLES MILL LAKE DAM","IN03002","24h",500,0.998,2.81723692049095
"CAGLES MILL LAKE DAM","IN03002","24h",1000,0.999,3.11705326076482
"CAGLES MILL LAKE DAM","IN03002","24h",2000,0.9995,3.43666351646895
"CAGLES MILL LAKE DAM","IN03002","24h",5000,0.9998,3.89186753284485
"CAGLES MILL LAKE DAM","IN03002","24h",10000,0.9999,4.26280941528477
"CAGLES MILL LAKE DAM","IN03002","72h",2,0.5,0.942473617320811
"CAGLES MILL LAKE DAM","IN03002","72h",5,0.8,1.21868478662605
"CAGLES MILL LAKE DAM","IN03002","72h",10,0.9,1.40763585393148
"CAGLES MILL LAKE DAM","IN03002","72h",25,0.96,1.65352781337329
"CAGLES MILL LAKE DAM","IN03002","72h",50,0.98,1.84124870021201
"CAGLES MILL LAKE DAM","IN03002","72h",100,0.99,2.03217481186471
"CAGLES MILL LAKE DAM","IN03002","72h",200,0.995,2.2270653904147
"CAGLES MILL LAKE DAM","IN03002","72h",500,0.998,2.49149794314342
"CAGLES MILL LAKE DAM","IN03002","72h",1000,0.999,2.69701811846062
"CAGLES MILL LAKE DAM","IN03002","72h",2000,0.9995,2.90747312629738
"CAGLES MILL LAKE DAM","IN03002","72h",5000,0.9998,3.1935161704114
"CAGLES MILL LAKE DAM","IN03002","72h",10000,0.9999,3.41600923463182
"ARBUCKLE","OK02501","24h",2,0.5,0.920127008768869
"ARBUCKLE","OK02501","24h",5,0.8,1.25245400167754
"ARBUCKLE","OK02501","24h",10,0.9,1.49044480207398
"ARBUCKLE","OK02501","24h",25,0.96,1.81328599040709
"ARBUCKLE","OK02501","24h",50,0.98,2.06986164488168
"ARBUCKLE","OK02501","24h",100,0.99,2.33989615354242
"ARBUCKLE","OK02501","24h",200,0.995,2.62507298219728
"ARBUCKLE","OK02501","24h",500,0.998,3.02757895096696
"ARBUCKLE","OK02501","24h",1000,0.999,3.35292788772723
"ARBUCKLE","OK02501","24h",2000,0.9995,3.69755673281927
"ARBUCKLE","OK02501","24h",5000,0.9998,4.18477041995253
"ARBUCKLE","OK02501","24h",10000,0.9999,4.57888559499522
"ARBUCKLE","OK02501","72h",2,0.5,0.923198726324868
"ARBUCKLE","OK02501","72h",5,0.8,1.24466269485933
"ARBUCKLE","OK02501","72h",10,0.9,1.47441066318126
"ARBUCKLE","OK02501","72h",25,0.96,1.78549991664903
"ARBUCKLE","OK02501","72h",50,0.98,2.03229857172793
"ARBUCKLE","OK02501","72h",100,0.99,2.29165204647158
"ARBUCKLE","OK02501","72h",200,0.995,2.56513867013433
"ARBUCKLE","OK02501","72h",500,0.998,2.95047358078537
"ARBUCKLE","OK02501","72h",1000,0.999,3.26140539473052
"ARBUCKLE","OK02501","72h",2000,0.9995,3.59027187721737
"ARBUCKLE","OK02501","72h",5000,0.9998,4.05439513579829
"ARBUCKLE","OK02501","72h",10000,0.9999,4.42918477558401
"PEORIA LOCK & DAM","IL01014","24h",2,0.5,0.930497894635896
"PEORIA LOCK & DAM","IL01014","24h",5,0.8,1.23454881643461
"PEORIA LOCK & DAM","IL01014","24h",10,0.9,1.44870146037133
"PEORIA LOCK & DAM","IL01014","24h",25,0.96,1.73485379498701
"PEORIA LOCK & DAM","IL01014","24h",50,0.98,1.95897624218217
"PEORIA LOCK & DAM","IL01014","24h",100,0.99,2.1919429904608
"PEORIA LOCK & DAM","IL01014","24h",200,0.995,2.43495251041961
"PEORIA LOCK & DAM","IL01014","24h",500,0.998,2.77305869899945
"PEORIA LOCK & DAM","IL01014","24h",1000,0.999,3.042487585259
"PEORIA LOCK & DAM","IL01014","24h",2000,0.9995,3.32439526271861
"PEORIA LOCK & DAM","IL01014","24h",5000,0.9998,3.71727570063904
"PEORIA LOCK & DAM","IL01014","24h",10000,0.9999,4.0305933866565
"PEORIA LOCK & DAM","IL01014","72h",2,0.5,0.947722166799328
"PEORIA LOCK & DAM","IL01014","72h",5,0.8,1.21205453505866
"PEORIA LOCK & DAM","IL01014","72h",10,0.9,1.40065707464103
"PEORIA LOCK & DAM","IL01014","72h",25,0.96,1.66938350388387
"PEORIA LOCK & DAM","IL01014","72h",50,0.98,1.89748173069661
"PEORIA LOCK & DAM","IL01014","72h",100,0.99,2.15323764356684
"PEORIA LOCK & DAM","IL01014","72h",200,0.995,2.44174896598808
"PEORIA LOCK & DAM","IL01014","72h",500,0.998,2.88223527616122
"PEORIA LOCK & DAM","IL01014","72h",1000,0.999,3.26737249146701
"PEORIA LOCK & DAM","IL01014","72h",2000,0.9995,3.70416037277884
"PEORIA LOCK & DAM","IL01014","72h",5000,0.9998,4.37297097651487
"PEORIA LOCK & DAM","IL01014","72h",10000,0.9999,4.95852013940396
"ATOKA","OK00092","24h",2,0.5,0.924783960402545
"ATOKA","OK00092","24h",5,0.8,1.24807449781762
"ATOKA","OK00092","24h",10,0.9,1.47709744800798
"ATOKA","OK00092","24h",25,0.96,1.78472850159805
"ATOKA","OK00092","24h",50,0.98,2.026899027146
"ATOKA","OK00092","24h",100,0.99,2.27971508313059
"ATOKA","OK00092","24h",200,0.995,2.54456417545705
"ATOKA","OK00092","24h",500,0.998,2.91489690682206
"ATOKA","OK00092","24h",1000,0.999,3.21147096883642
"ATOKA","OK00092","24h",2000,0.9995,3.52310961982618
"ATOKA","OK00092","24h",5000,0.9998,3.95958903040207
"ATOKA","OK00092","24h",10000,0.9999,4.30940200452766
"ATOKA","OK00092","72h",2,0.5,0.927283697998725
"ATOKA","OK00092","72h",5,0.8,1.24676076988475
"ATOKA","OK00092","72h",10,0.9,1.47146607205953
"ATOKA","OK00092","72h",25,0.96,1.77134060821198
"ATOKA","OK00092","72h",50,0.98,2.00592427783946
"ATOKA","OK00092","72h",100,0.99,2.24951206185536
"ATOKA","OK00092","72h",200,0.995,2.50333827952143
"ATOKA","OK00092","72h",500,0.998,2.85607123343452
"ATOKA","OK00092","72h",1000,0.999,3.13682135560086
"ATOKA","OK00092","72h",2000,0.9995,3.43027297544113
"ATOKA","OK00092","72h",5000,0.9998,3.83875307139952
"ATOKA","OK00092","72h",10000,0.9999,4.16412408602051
"GILLHAM","AR01200","24h",2,0.5,0.928821500012739
"GILLHAM","AR01200","24h",5,0.8,1.21409181007465
"GILLHAM","AR01200","24h",10,0.9,1.42897985253125
"GILLHAM","AR01200","24h",25,0.96,1.74937855926101
"GILLHAM","AR01200","24h",50,0.98,2.03308477382429
"GILLHAM","AR01200","24h",100,0.99,2.36274663734052
"GILLHAM","AR01200","24h",200,0.995,2.74798934108893
"GILLHAM","AR01200","24h",500,0.998,3.3608099526478
"GILLHAM","AR01200","24h",1000,0.999,3.91867489381796
"GILLHAM","AR01200","24h",2000,0.9995,4.57386209643514
"GILLHAM","AR01200","24h",5000,0.9998,5.61893980509132
"GILLHAM","AR01200","24h",10000,0.9999,6.57148004151745
"GILLHAM","AR01200","72h",2,0.5,0.933389927206285
"GILLHAM","AR01200","72h",5,0.8,1.24341925678653
"GILLHAM","AR01200","72h",10,0.9,1.45753078737427
"GILLHAM","AR01200","72h",25,0.96,1.73857361496229
"GILLHAM","AR01200","72h",50,0.98,1.95492721735642
"GILLHAM","AR01200","72h",100,0.99,2.17654098384106
"GILLHAM","AR01200","72h",200,0.995,2.40435748003934
"GILLHAM","AR01200","72h",500,0.998,2.71600233277254
"GILLHAM","AR01200","72h",1000,0.999,2.96019651030752
"GILLHAM","AR01200","72h",2000,0.9995,3.21201526115046
"GILLHAM","AR01200","72h",5000,0.9998,3.5570818928702
"GILLHAM","AR01200","72h",10000,0.9999,3.82767698384739
"TOWN BLUFF DAM","TX00015","24h",2,0.5,0.896155646121139
"TOWN BLUFF DAM","TX00015","24h",5,0.8,1.25632138044067
"TOWN BLUFF DAM","TX00015","24h",10,0.9,1.53168458791637
"TOWN BLUFF DAM","TX00015","24h",25,0.96,1.92818700149568
"TOWN BLUFF DAM","TX00015","24h",50,0.98,2.26195670212213
"TOWN BLUFF DAM","TX00015","24h",100,0.99,2.63088866524964
"TOWN BLUFF DAM","TX00015","24h",200,0.995,3.03998000649303
"TOWN BLUFF DAM","TX00015","24h",500,0.998,3.65106643302205
"TOWN BLUFF DAM","TX00015","24h",1000,0.999,4.17353170206032
"TOWN BLUFF DAM","TX00015","24h",2000,0.9995,4.75447788133118
"TOWN BLUFF DAM","TX00015","24h",5000,0.9998,5.62358480410258
"TOWN BLUFF DAM","TX00015","24h",10000,0.9999,6.36716487100107
"TOWN BLUFF DAM","TX00015","72h",2,0.5,0.900045906391813
"TOWN BLUFF DAM","TX00015","72h",5,0.8,1.26341619835592
"TOWN BLUFF DAM","TX00015","72h",10,0.9,1.53637092910793
"TOWN BLUFF DAM","TX00015","72h",25,0.96,1.92311582567205
"TOWN BLUFF DAM","TX00015","72h",50,0.98,2.24365834874145
"TOWN BLUFF DAM","TX00015","72h",100,0.99,2.59330711185226
"TOWN BLUFF DAM","TX00015","72h",200,0.995,2.97594184019491
"TOWN BLUFF DAM","TX00015","72h",500,0.998,3.53881176960156
"TOWN BLUFF DAM","TX00015","72h",1000,0.999,4.01281719554883
"TOWN BLUFF DAM","TX00015","72h",2000,0.9995,4.53301424656308
"TOWN BLUFF DAM","TX00015","72h",5000,0.9998,5.29942449466829
"TOWN BLUFF DAM","TX00015","72h",10000,0.9999,5.94529215068517
"CROSS LAKE DAM AND SPILLWAY","LA00346","24h",2,0.5,0.917851008362676
"CROSS LAKE DAM AND SPILLWAY","LA00346","24h",5,0.8,1.2338229997264
"CROSS LAKE DAM AND SPILLWAY","LA00346","24h",10,0.9,1.46635860600688
"CROSS LAKE DAM AND SPILLWAY","LA00346","24h",25,0.96,1.78973000585507
"CROSS LAKE DAM AND SPILLWAY","LA00346","24h",50,0.98,2.05296121210762
"CROSS LAKE DAM AND SPILLWAY","LA00346","24h",100,0.99,2.33571589354648
"CROSS LAKE DAM AND SPILLWAY","LA00346","24h",200,0.995,2.64045260541921
"CROSS LAKE DAM AND SPILLWAY","LA00346","24h",500,0.998,3.0808348854968
"CROSS LAKE DAM AND SPILLWAY","LA00346","24h",1000,0.999,3.44522508068112
"CROSS LAKE DAM AND SPILLWAY","LA00346","24h",2000,0.9995,3.83908885945528
"CROSS LAKE DAM AND SPILLWAY","LA00346","24h",5000,0.9998,4.40917177938046
"CROSS LAKE DAM AND SPILLWAY","LA00346","24h",10000,0.9999,4.88122423060261
"CROSS LAKE DAM AND SPILLWAY","LA00346","72h",2,0.5,0.922932304376275
"CROSS LAKE DAM AND SPILLWAY","LA00346","72h",5,0.8,1.22355047675843
"CROSS LAKE DAM AND SPILLWAY","LA00346","72h",10,0.9,1.45162067682392
"CROSS LAKE DAM AND SPILLWAY","LA00346","72h",25,0.96,1.79371722242495
"CROSS LAKE DAM AND SPILLWAY","LA00346","72h",50,0.98,2.09832807585299
"CROSS LAKE DAM AND SPILLWAY","LA00346","72h",100,0.99,2.45394984028836
"CROSS LAKE DAM AND SPILLWAY","LA00346","72h",200,0.995,2.87146774502001
"CROSS LAKE DAM AND SPILLWAY","LA00346","72h",500,0.998,3.53923841775017
"CROSS LAKE DAM AND SPILLWAY","LA00346","72h",1000,0.999,4.15036285824226
"CROSS LAKE DAM AND SPILLWAY","LA00346","72h",2000,0.9995,4.87141666158265
"CROSS LAKE DAM AND SPILLWAY","LA00346","72h",5000,0.9998,6.02777854552446
"CROSS LAKE DAM AND SPILLWAY","LA00346","72h",10000,0.9999,7.08734968480132
"VANCEBORO","ME00220","24h",2,0.5,0.93920293217802
"VANCEBORO","ME00220","24h",5,0.8,1.22660632279451
"VANCEBORO","ME00220","24h",10,0.9,1.42414595294439
"VANCEBORO","ME00220","24h",25,0.96,1.68231735232432
"VANCEBORO","ME00220","24h",50,0.98,1.88023243496241
"VANCEBORO","ME00220","24h",100,0.99,2.08223812250573
"VANCEBORO","ME00220","24h",200,0.995,2.28916297412358
"VANCEBORO","ME00220","24h",500,0.998,2.57106794546105
"VANCEBORO","ME00220","24h",1000,0.999,2.79105706552515
"VANCEBORO","ME00220","24h",2000,0.9995,3.01711622135279
"VANCEBORO","ME00220","24h",5000,0.9998,3.32561701498527
"VANCEBORO","ME00220","24h",10000,0.9999,3.56655115048528
"VANCEBORO","ME00220","72h",2,0.5,0.943071818320108
"VANCEBORO","ME00220","72h",5,0.8,1.23230402817162
"VANCEBORO","ME00220","72h",10,0.9,1.42689481999407
"VANCEBORO","ME00220","72h",25,0.96,1.67634261442343
"VANCEBORO","ME00220","72h",50,0.98,1.86401632794501
"VANCEBORO","ME00220","72h",100,0.99,2.05254018764626
"VANCEBORO","ME00220","72h",200,0.995,2.24261811703085
"VANCEBORO","ME00220","72h",500,0.998,2.49685888492864
"VANCEBORO","ME00220","72h",1000,0.999,2.69166108040371
"VANCEBORO","ME00220","72h",2000,0.9995,2.88870575783502
"VANCEBORO","ME00220","72h",5000,0.9998,3.15272779106239
"VANCEBORO","ME00220","72h",10000,0.9999,3.35518874505567
"LOCK & DAM #10","IA04014","24h",2,0.5,0.90792361038181
"LOCK & DAM #10","IA04014","24h",5,0.8,1.23304593865335
"LOCK & DAM #10","IA04014","24h",10,0.9,1.47993834502924
"LOCK & DAM #10","IA04014","24h",25,0.96,1.83324808828337
"LOCK & DAM #10","IA04014","24h",50,0.98,2.12889132354751
"LOCK & DAM #10","IA04014","24h",100,0.99,2.45402140202452
"LOCK & DAM #10","IA04014","24h",200,0.995,2.81272277966682
"LOCK & DAM #10","IA04014","24h",500,0.998,3.3453909321149
"LOCK & DAM #10","IA04014","24h",1000,0.999,3.7981679447432
"LOCK & DAM #10","IA04014","24h",2000,0.9995,4.2990960250617
"LOCK & DAM #10","IA04014","24h",5000,0.9998,5.04410191593524
"LOCK & DAM #10","IA04014","24h",10000,0.9999,5.67781089316669
"LOCK & DAM #10","IA04014","72h",2,0.5,0.921337661038312
"LOCK & DAM #10","IA04014","72h",5,0.8,1.2448237512634
"LOCK & DAM #10","IA04014","72h",10,0.9,1.47740321244798
"LOCK & DAM #10","IA04014","72h",25,0.96,1.79404264159327
"LOCK & DAM #10","IA04014","72h",50,0.98,2.04656710984697
"LOCK & DAM #10","IA04014","72h",100,0.99,2.31312701549498
"LOCK & DAM #10","IA04014","72h",200,0.995,2.59546562316163
"LOCK & DAM #10","IA04014","72h",500,0.998,2.99533238640894
"LOCK & DAM #10","IA04014","72h",1000,0.999,3.31964813371806
"LOCK & DAM #10","IA04014","72h",2000,0.9995,3.66419199276812
"LOCK & DAM #10","IA04014","72h",5000,0.9998,4.15295238114305
"LOCK & DAM #10","IA04014","72h",10000,0.9999,4.54966289161285
"BARKER DAM","TX00019","24h",2,0.5,0.875641811303757
"BARKER DAM","TX00019","24h",5,0.8,1.29124313235336
"BARKER DAM","TX00019","24h",10,0.9,1.60746812759922
"BARKER DAM","TX00019","24h",25,0.96,2.05015550837829
"BARKER DAM","TX00019","24h",50,0.98,2.40969901796576
"BARKER DAM","TX00019","24h",100,0.99,2.79372690197083
"BARKER DAM","TX00019","24h",200,0.995,3.20447532823534
"BARKER DAM","TX00019","24h",500,0.998,3.79175931522858
"BARKER DAM","TX00019","24h",1000,0.999,4.27185090263798
"BARKER DAM","TX00019","24h",2000,0.9995,4.78472990474948
"BARKER DAM","TX00019","24h",5000,0.9998,5.51596920461677
"BARKER DAM","TX00019","24h",10000,0.9999,6.11164610064047
"BARKER DAM","TX00019","72h",2,0.5,0.862540579257505
"BARKER DAM","TX00019","72h",5,0.8,1.27875547602595
"BARKER DAM","TX00019","72h",10,0.9,1.61444728773816
"BARKER DAM","TX00019","72h",25,0.96,2.12212731114288
"BARKER DAM","TX00019","72h",50,0.98,2.57008198307671
"BARKER DAM","TX00019","72h",100,0.99,3.08555924322788
"BARKER DAM","TX00019","72h",200,0.995,3.68048730575996
"BARKER DAM","TX00019","72h",500,0.998,4.61160172180196
"BARKER DAM","TX00019","72h",1000,0.999,5.4451228704675
"BARKER DAM","TX00019","72h",2000,0.9995,6.40960036056793
"BARKER DAM","TX00019","72h",5000,0.9998,7.92121385585285
"BARKER DAM","TX00019","72h",10000,0.9999,9.27525627221506
"WYMAN","ME00089","24h",2,0.5,0.932642050680056
"WYMAN","ME00089","24h",5,0.8,1.22864791284612
"WYMAN","ME00089","24h",10,0.9,1.43313388971817
"WYMAN","ME00089","24h",25,0.96,1.69973187932929
"WYMAN","ME00089","24h",50,0.98,1.90376436111176
"WYMAN","ME00089","24h",100,0.99,2.11213631874052
"WYMAN","ME00089","24h",200,0.995,2.32612074802423
"WYMAN","ME00089","24h",500,0.998,2.61911206550106
"WYMAN","ME00089","24h",1000,0.999,2.84926774362563
"WYMAN","ME00089","24h",2000,0.9995,3.08735817984689
"WYMAN","ME00089","24h",5000,0.9998,3.41504980992811
"WYMAN","ME00089","24h",10000,0.9999,3.67326023272273
"WYMAN","ME00089","72h",2,0.5,0.938978710105051
"WYMAN","ME00089","72h",5,0.8,1.23271489018156
"WYMAN","ME00089","72h",10,0.9,1.43034353657161
"WYMAN","ME00089","72h",25,0.96,1.68307210268297
"WYMAN","ME00089","72h",50,0.98,1.87338495365242
"WYMAN","ME00089","72h",100,0.99,2.06539236096817
"WYMAN","ME00089","72h",200,0.995,2.26040407979258
"WYMAN","ME00089","72h",500,0.998,2.52430001018291
"WYMAN","ME00089","72h",1000,0.999,2.72936538286584
"WYMAN","ME00089","72h",2000,0.9995,2.93965515793421
"WYMAN","ME00089","72h",5000,0.9998,3.2263266256024
"WYMAN","ME00089","72h",10000,0.9999,3.45018139529217
"STRUCTURE 59","FL00265","24h",2,0.5,0.894094068071026
"STRUCTURE 59","FL00265","24h",5,0.8,1.23878508393125
"STRUCTURE 59","FL00265","24h",10,0.9,1.5088779174666
"STRUCTURE 59","FL00265","24h",25,0.96,1.90665452122558
"STRUCTURE 59","FL00265","24h",50,0.98,2.24882250809273
"STRUCTURE 59","FL00265","24h",100,0.99,2.63409565211557
"STRUCTURE 59","FL00265","24h",200,0.995,3.06923561019432
"STRUCTURE 59","FL00265","24h",500,0.998,3.73330479615732
"STRUCTURE 59","FL00265","24h",1000,0.999,4.31319276164222
"STRUCTURE 59","FL00265","24h",2000,0.9995,4.96989754190278
"STRUCTURE 59","FL00265","24h",5000,0.9998,5.97356273684585
"STRUCTURE 59","FL00265","24h",10000,0.9999,6.85058239041558
"STRUCTURE 59","FL00265","72h",2,0.5,0.894832525031326
"STRUCTURE 59","FL00265","72h",5,0.8,1.22945780736339
"STRUCTURE 59","FL00265","72h",10,0.9,1.49402063526124
"STRUCTURE 59","FL00265","72h",25,0.96,1.88686729583585
"STRUCTURE 59","FL00265","72h",50,0.98,2.22746801556162
"STRUCTURE 59","FL00265","72h",100,0.99,2.61356898289452
"STRUCTURE 59","FL00265","72h",200,0.995,3.05257569500733
"STRUCTURE 59","FL00265","72h",500,0.998,3.72779878151878
"STRUCTURE 59","FL00265","72h",1000,0.999,4.32198063694515
"STRUCTURE 59","FL00265","72h",2000,0.9995,4.99937481279773
"STRUCTURE 59","FL00265","72h",5000,0.9998,6.04275933173881
"STRUCTURE 59","FL00265","72h",10000,0.9999,6.96152030012483
"BRASSUA","ME00133","24h",2,0.5,0.934826778770022
"BRASSUA","ME00133","24h",5,0.8,1.2252577691692
"BRASSUA","ME00133","24h",10,0.9,1.42504770133786
"BRASSUA","ME00133","24h",25,0.96,1.68471961301401
"BRASSUA","ME00133","24h",50,0.98,1.88293789429105
"BRASSUA","ME00133","24h",100,0.99,2.08497798971931
"BRASSUA","ME00133","24h",200,0.995,2.2920935395006
"BRASSUA","ME00133","24h",500,0.998,2.5751475352514
"BRASSUA","ME00133","24h",1000,0.999,2.79711201349936
"BRASSUA","ME00133","24h",2000,0.9995,3.02640819243009
"BRASSUA","ME00133","24h",5000,0.9998,3.34151310330446
"BRASSUA","ME00133","24h",10000,0.9999,3.58944685608018
"BRASSUA","ME00133","72h",2,0.5,0.94679999565195
"BRASSUA","ME00133","72h",5,0.8,1.22135155945902
"BRASSUA","ME00133","72h",10,0.9,1.40524183050007
"BRASSUA","ME00133","72h",25,0.96,1.64002324455771
"BRASSUA","ME00133","72h",50,0.98,1.81597168607437
"BRASSUA","ME00133","72h",100,0.99,1.99212993479476
"BRASSUA","ME00133","72h",200,0.995,2.16915347104334
"BRASSUA","ME00133","72h",500,0.998,2.40502733657295
"BRASSUA","ME00133","72h",1000,0.999,2.58506678878517
"BRASSUA","ME00133","72h",2000,0.9995,2.76657999801405
"BRASSUA","ME00133","72h",5000,0.9998,3.00886288648735
"BRASSUA","ME00133","72h",10000,0.9999,3.19394519587069
"BIG STONE LAKE","MN00169","24h",2,0.5,0.927866001597542
"BIG STONE LAKE","MN00169","24h",5,0.8,1.23501907631593
"BIG STONE LAKE","MN00169","24h",10,0.9,1.46287274159307
"BIG STONE LAKE","MN00169","24h",25,0.96,1.79826485706873
"BIG STONE LAKE","MN00169","24h",50,0.98,2.09171751290911
"BIG STONE LAKE","MN00169","24h",100,0.99,2.42927922957559
"BIG STONE LAKE","MN00169","24h",200,0.995,2.81983361801482
"BIG STONE LAKE","MN00169","24h",500,0.998,3.43392364177991
"BIG STONE LAKE","MN00169","24h",1000,0.999,3.98660606519714
"BIG STONE LAKE","MN00169","24h",2000,0.9995,4.62931780200939
"BIG STONE LAKE","MN00169","24h",5000,0.9998,5.64269999031649
"BIG STONE LAKE","MN00169","24h",10000,0.9999,6.55590159393617
"BIG STONE LAKE","MN00169","72h",2,0.5,0.942534584222877
"BIG STONE LAKE","MN00169","72h",5,0.8,1.22601464633191
"BIG STONE LAKE","MN00169","72h",10,0.9,1.42933225356548
"BIG STONE LAKE","MN00169","72h",25,0.96,1.72028325642289
"BIG STONE LAKE","MN00169","72h",50,0.98,1.9682466316856
"BIG STONE LAKE","MN00169","72h",100,0.99,2.24722565416443
"BIG STONE LAKE","MN00169","72h",200,0.995,2.56299715175395
"BIG STONE LAKE","MN00169","72h",500,0.998,3.04699576522391
"BIG STONE LAKE","MN00169","72h",1000,0.999,3.47181230883398
"BIG STONE LAKE","MN00169","72h",2000,0.9995,3.9552122807903
"BIG STONE LAKE","MN00169","72h",5000,0.9998,4.69828838731047
"BIG STONE LAKE","MN00169","72h",10000,0.9999,5.35136493767642
"DOVER DAM","OH00003","24h",2,0.5,0.931583347156492
"DOVER DAM","OH00003","24h",5,0.8,1.2009924564036
"DOVER DAM","OH00003","24h",10,0.9,1.40487285476116
"DOVER DAM","OH00003","24h",25,0.96,1.71004142738282
"DOVER DAM","OH00003","24h",50,0.98,1.98123865664583
"DOVER DAM","OH00003","24h",100,0.99,2.29732741825889
"DOVER DAM","OH00003","24h",200,0.995,2.66782419257321
"DOVER DAM","OH00003","24h",500,0.998,3.25926088151449
"DOVER DAM","OH00003","24h",1000,0.999,3.7995158025877
"DOVER DAM","OH00003","24h",2000,0.9995,4.43591873811668
"DOVER DAM","OH00003","24h",5000,0.9998,5.454588738241
"DOVER DAM","OH00003","24h",10000,0.9999,6.38625375040546
"DOVER DAM","OH00003","72h",2,0.5,0.937511093531024
"DOVER DAM","OH00003","72h",5,0.8,1.21365132110558
"DOVER DAM","OH00003","72h",10,0.9,1.40751168769956
"DOVER DAM","OH00003","72h",25,0.96,1.6657832465651
"DOVER DAM","OH00003","72h",50,0.98,1.86748972761109
"DOVER DAM","OH00003","72h",100,0.99,2.07664524480057
"DOVER DAM","OH00003","72h",200,0.995,2.29428858624772
"DOVER DAM","OH00003","72h",500,0.998,2.59625112807486
"DOVER DAM","OH00003","72h",1000,0.999,2.83620584513405
"DOVER DAM","OH00003","72h",2000,0.9995,3.08666902145499
"DOVER DAM","OH00003","72h",5000,0.9998,3.43474814016628
"DOVER DAM","OH00003","72h",10000,0.9999,3.71156275038144
"MERRIMAN DAM","NY00074","24h",2,0.5,0.91738793657611
"MERRIMAN DAM","NY00074","24h",5,0.8,1.23366671574402
"MERRIMAN DAM","NY00074","24h",10,0.9,1.4668151466761
"MERRIMAN DAM","NY00074","24h",25,0.96,1.7915302211725
"MERRIMAN DAM","NY00074","24h",50,0.98,2.05624152162039
"MERRIMAN DAM","NY00074","24h",100,0.99,2.34094032013832
"MERRIMAN DAM","NY00074","24h",200,0.995,2.64815245791615
"MERRIMAN DAM","NY00074","24h",500,0.998,3.09275153326074
"MERRIMAN DAM","NY00074","24h",1000,0.999,3.46115566945983
"MERRIMAN DAM","NY00074","24h",2000,0.9995,3.85984903598936
"MERRIMAN DAM","NY00074","24h",5000,0.9998,4.43775174526024
"MERRIMAN DAM","NY00074","24h",10000,0.9999,4.91696119193971
"MERRIMAN DAM","NY00074","72h",2,0.5,0.918590827795817
"MERRIMAN DAM","NY00074","72h",5,0.8,1.2370521811793
"MERRIMAN DAM","NY00074","72h",10,0.9,1.47001965473881
"MERRIMAN DAM","NY00074","72h",25,0.96,1.79222741789477
"MERRIMAN DAM","NY00074","72h",50,0.98,2.05313369370477
"MERRIMAN DAM","NY00074","72h",100,0.99,2.33213571907669
"MERRIMAN DAM","NY00074","72h",200,0.995,2.6314885735887
"MERRIMAN DAM","NY00074","72h",500,0.998,3.06185153675485
"MERRIMAN DAM","NY00074","72h",1000,0.999,3.41612549133913
"MERRIMAN DAM","NY00074","72h",2000,0.9995,3.79735725479486
"MERRIMAN DAM","NY00074","72h",5000,0.9998,4.34630690141236
"MERRIMAN DAM","NY00074","72h",10000,0.9999,4.79853202936951
"LAKE KICKAPOO DAM","TX01010","24h",2,0.5,0.921928108443735
"LAKE KICKAPOO DAM","TX01010","24h",5,0.8,1.25238188068865
"LAKE KICKAPOO DAM","TX01010","24h",10,0.9,1.48767327627586
"LAKE KICKAPOO DAM","TX01010","24h",25,0.96,1.80518790005555
"LAKE KICKAPOO DAM","TX01010","24h",50,0.98,2.05625805924941
"LAKE KICKAPOO DAM","TX01010","24h",100,0.99,2.31936360174592
"LAKE KICKAPOO DAM","TX01010","24h",200,0.995,2.59603629481309
"LAKE KICKAPOO DAM","TX01010","24h",500,0.998,2.98460375868872
"LAKE KICKAPOO DAM","TX01010","24h",1000,0.999,3.29714051374601
"LAKE KICKAPOO DAM","TX01010","24h",2000,0.9995,3.62679099422737
"LAKE KICKAPOO DAM","TX01010","24h",5000,0.9998,4.09052445064859
"LAKE KICKAPOO DAM","TX01010","24h",10000,0.9999,4.46380217971543
"LAKE KICKAPOO DAM","TX01010","72h",2,0.5,0.925975271267671
"LAKE KICKAPOO DAM","TX01010","72h",5,0.8,1.25486005752725
"LAKE KICKAPOO DAM","TX01010","72h",10,0.9,1.48534889348604
"LAKE KICKAPOO DAM","TX01010","72h",25,0.96,1.79193624295383
"LAKE KICKAPOO DAM","TX01010","72h",50,0.98,2.03101236212127
"LAKE KICKAPOO DAM","TX01010","72h",100,0.99,2.27859664579118
"LAKE KICKAPOO DAM","TX01010","72h",200,0.995,2.53589655198896
"LAKE KICKAPOO DAM","TX01010","72h",500,0.998,2.89234619146382
"LAKE KICKAPOO DAM","TX01010","72h",1000,0.999,3.17517850632959
"LAKE KICKAPOO DAM","TX01010","72h",2000,0.9995,3.47001880554196
"LAKE KICKAPOO DAM","TX01010","72h",5000,0.9998,3.87916003399638
"LAKE KICKAPOO DAM","TX01010","72h",10000,0.9999,4.20405249088132
"ADDICKS DAM","TX00018","24h",2,0.5,0.875641811303757
"ADDICKS DAM","TX00018","24h",5,0.8,1.29124313235336
"ADDICKS DAM","TX00018","24h",10,0.9,1.60746812759922
"ADDICKS DAM","TX00018","24h",25,0.96,2.05015550837829
"ADDICKS DAM","TX00018","24h",50,0.98,2.40969901796576
"ADDICKS DAM","TX00018","24h",100,0.99,2.79372690197083
"ADDICKS DAM","TX00018","24h",200,0.995,3.20447532823534
"ADDICKS DAM","TX00018","24h",500,0.998,3.79175931522858
"ADDICKS DAM","TX00018","24h",1000,0.999,4.27185090263798
"ADDICKS DAM","TX00018","24h",2000,0.9995,4.78472990474948
"ADDICKS DAM","TX00018","24h",5000,0.9998,5.51596920461677
"ADDICKS DAM","TX00018","24h",10000,0.9999,6.11164610064047
"ADDICKS DAM","TX00018","72h",2,0.5,0.862540579257505
"ADDICKS DAM","TX00018","72h",5,0.8,1.27875547602595
"ADDICKS DAM","TX00018","72h",10,0.9,1.61444728773816
"ADDICKS DAM","TX00018","72h",25,0.96,2.12212731114288
"ADDICKS DAM","TX00018","72h",50,0.98,2.57008198307671
"ADDICKS DAM","TX00018","72h",100,0.99,3.08555924322788
"ADDICKS DAM","TX00018","72h",200,0.995,3.68048730575996
"ADDICKS DAM","TX00018","72h",500,0.998,4.61160172180196
"ADDICKS DAM","TX00018","72h",1000,0.999,5.4451228704675
"ADDICKS DAM","TX00018","72h",2000,0.9995,6.40960036056793
"ADDICKS DAM","TX00018","72h",5000,0.9998,7.92121385585285
"ADDICKS DAM","TX00018","72h",10000,0.9999,9.27525627221506
"G85 CONTROL STRUCTURE","FL25001","24h",2,0.5,0.898919799052883
"G85 CONTROL STRUCTURE","FL25001","24h",5,0.8,1.2429795385358
"G85 CONTROL STRUCTURE","FL25001","24h",10,0.9,1.50792285344609
"G85 CONTROL STRUCTURE","FL25001","24h",25,0.96,1.89193527926362
"G85 CONTROL STRUCTURE","FL25001","24h",50,0.98,2.21723805932511
"G85 CONTROL STRUCTURE","FL25001","24h",100,0.99,2.57875476881907
"G85 CONTROL STRUCTURE","FL25001","24h",200,0.995,2.9817787022778
"G85 CONTROL STRUCTURE","FL25001","24h",500,0.998,3.5875718174293
"G85 CONTROL STRUCTURE","FL25001","24h",1000,0.999,4.10871299617061
"G85 CONTROL STRUCTURE","FL25001","24h",2000,0.9995,4.69128693797991
"G85 CONTROL STRUCTURE","FL25001","24h",5000,0.9998,5.56827461729899
"G85 CONTROL STRUCTURE","FL25001","24h",10000,0.9999,6.32323012352125
"G85 CONTROL STRUCTURE","FL25001","72h",2,0.5,0.914188636605081
"G85 CONTROL STRUCTURE","FL25001","72h",5,0.8,1.24101137907973
"G85 CONTROL STRUCTURE","FL25001","72h",10,0.9,1.4823820121836
"G85 CONTROL STRUCTURE","FL25001","72h",25,0.96,1.81912044524829
"G85 CONTROL STRUCTURE","FL25001","72h",50,0.98,2.09408359576825
"G85 CONTROL STRUCTURE","FL25001","72h",100,0.99,2.39022184108354
"G85 CONTROL STRUCTURE","FL25001","72h",200,0.995,2.71022242036833
"G85 CONTROL STRUCTURE","FL25001","72h",500,0.998,3.17407777636363
"G85 CONTROL STRUCTURE","FL25001","72h",1000,0.999,3.5590534416904
"G85 CONTROL STRUCTURE","FL25001","72h",2000,0.9995,3.97625737117198
"G85 CONTROL STRUCTURE","FL25001","72h",5000,0.9998,4.58196657834335
"G85 CONTROL STRUCTURE","FL25001","72h",10000,0.9999,5.08503703032052
"LAKE CLAIBORNE","LA00011","24h",2,0.5,0.920836467891814
"LAKE CLAIBORNE","LA00011","24h",5,0.8,1.21968285685928
"LAKE CLAIBORNE","LA00011","24h",10,0.9,1.44842530609218
"LAKE CLAIBORNE","LA00011","24h",25,0.96,1.79409367055073
"LAKE CLAIBORNE","LA00011","24h",50,0.98,2.1040210611184
"LAKE CLAIBORNE","LA00011","24h",100,0.99,2.4679704978208
"LAKE CLAIBORNE","LA00011","24h",200,0.995,2.89774296852115
"LAKE CLAIBORNE","LA00011","24h",500,0.998,3.58975739711753
"LAKE CLAIBORNE","LA00011","24h",1000,0.999,4.22726031818993
"LAKE CLAIBORNE","LA00011","24h",2000,0.9995,4.98375679631337
"LAKE CLAIBORNE","LA00011","24h",5000,0.9998,6.20511888723628
"LAKE CLAIBORNE","LA00011","24h",10000,0.9999,7.33163992169939
"LAKE CLAIBORNE","LA00011","72h",2,0.5,0.915686579354997
"LAKE CLAIBORNE","LA00011","72h",5,0.8,1.22623432718669
"LAKE CLAIBORNE","LA00011","72h",10,0.9,1.46556131487772
"LAKE CLAIBORNE","LA00011","72h",25,0.96,1.82930796790855
"LAKE CLAIBORNE","LA00011","72h",50,0.98,2.15718862387848
"LAKE CLAIBORNE","LA00011","72h",100,0.99,2.54396056438933
"LAKE CLAIBORNE","LA00011","72h",200,0.995,3.00272471802419
"LAKE CLAIBORNE","LA00011","72h",500,0.998,3.7452695189654
"LAKE CLAIBORNE","LA00011","72h",1000,0.999,4.43281135659872
"LAKE CLAIBORNE","LA00011","72h",2000,0.9995,5.25229877169444
"LAKE CLAIBORNE","LA00011","72h",5000,0.9998,6.58222178493115
"LAKE CLAIBORNE","LA00011","72h",10000,0.9999,7.81511661587284
"SQUAW CREEK DAM","TX04627","24h",2,0.5,0.910510442250907
"SQUAW CREEK DAM","TX04627","24h",5,0.8,1.26240148579989
"SQUAW CREEK DAM","TX04627","24h",10,0.9,1.51935456756378
"SQUAW CREEK DAM","TX04627","24h",25,0.96,1.87414528590556
"SQUAW CREEK DAM","TX04627","24h",50,0.98,2.16097485022296
"SQUAW CREEK DAM","TX04627","24h",100,0.99,2.46727897926831
"SQUAW CREEK DAM","TX04627","24h",200,0.995,2.79547873955997
"SQUAW CREEK DAM","TX04627","24h",500,0.998,3.26656817350901
"SQUAW CREEK DAM","TX04627","24h",1000,0.999,3.65376119579965
"SQUAW CREEK DAM","TX04627","24h",2000,0.9995,4.06985342513209
"SQUAW CREEK DAM","TX04627","24h",5000,0.9998,4.66805587165541
"SQUAW CREEK DAM","TX04627","24h",10000,0.9999,5.16008514157678
"SQUAW CREEK DAM","TX04627","72h",2,0.5,0.918868334478003
"SQUAW CREEK DAM","TX04627","72h",5,0.8,1.28300574096243
"SQUAW CREEK DAM","TX04627","72h",10,0.9,1.53296498309709
"SQUAW CREEK DAM","TX04627","72h",25,0.96,1.85733611268129
"SQUAW CREEK DAM","TX04627","72h",50,0.98,2.10461826782466
"SQUAW CREEK DAM","TX04627","72h",100,0.99,2.35642010722693
"SQUAW CREEK DAM","TX04627","72h",200,0.995,2.61431688059069
"SQUAW CREEK DAM","TX04627","72h",500,0.998,2.96643632210115
"SQUAW CREEK DAM","TX04627","72h",1000,0.999,3.2423184872156
"SQUAW CREEK DAM","TX04627","72h",2000,0.9995,3.52711203687895
"SQUAW CREEK DAM","TX04627","72h",5000,0.9998,3.91818007202016
"SQUAW CREEK DAM","TX04627","72h",10000,0.9999,4.22565898939705
"ROUND VALLEY SOUTH DAM","NJ00015","24h",2,0.5,0.909963714485699
"ROUND VALLEY SOUTH DAM","NJ00015","24h",5,0.8,1.23187321041922
"ROUND VALLEY SOUTH DAM","NJ00015","24h",10,0.9,1.47518511982892
"ROUND VALLEY SOUTH DAM","NJ00015","24h",25,0.96,1.8218852096284
"ROUND VALLEY SOUTH DAM","NJ00015","24h",50,0.98,2.11080643782242
"ROUND VALLEY SOUTH DAM","NJ00015","24h",100,0.99,2.42743019550068
"ROUND VALLEY SOUTH DAM","NJ00015","24h",200,0.995,2.7755290274437
"ROUND VALLEY SOUTH DAM","NJ00015","24h",500,0.998,3.29035568118315
"ROUND VALLEY SOUTH DAM","NJ00015","24h",1000,0.999,3.7262130341175
"ROUND VALLEY SOUTH DAM","NJ00015","24h",2000,0.9995,4.2067490061866
"ROUND VALLEY SOUTH DAM","NJ00015","24h",5000,0.9998,4.91853416019576
"ROUND VALLEY SOUTH DAM","NJ00015","24h",10000,0.9999,5.52156109349675
"ROUND VALLEY SOUTH DAM","NJ00015","72h",2,0.5,0.914335902798082
"ROUND VALLEY SOUTH DAM","NJ00015","72h",5,0.8,1.23734023261646
"ROUND VALLEY SOUTH DAM","NJ00015","72h",10,0.9,1.47675466588218
"ROUND VALLEY SOUTH DAM","NJ00015","72h",25,0.96,1.81186696485833
"ROUND VALLEY SOUTH DAM","NJ00015","72h",50,0.98,2.08637320284617
"ROUND VALLEY SOUTH DAM","NJ00015","72h",100,0.99,2.38282150163092
"ROUND VALLEY SOUTH DAM","NJ00015","72h",200,0.995,2.70402149731749
"ROUND VALLEY SOUTH DAM","NJ00015","72h",500,0.998,3.17107648272764
"ROUND VALLEY SOUTH DAM","NJ00015","72h",1000,0.999,3.55991186412903
"ROUND VALLEY SOUTH DAM","NJ00015","72h",2000,0.9995,3.98243015096966
"ROUND VALLEY SOUTH DAM","NJ00015","72h",5000,0.9998,4.5977755207395
"ROUND VALLEY SOUTH DAM","NJ00015","72h",10000,0.9999,5.11043518391123
"ROUND VALLEY NORTH DAM","NJ00013","24h",2,0.5,0.910028756147111
"ROUND VALLEY NORTH DAM","NJ00013","24h",5,0.8,1.23071785241238
"ROUND VALLEY NORTH DAM","NJ00013","24h",10,0.9,1.47338624882439
"ROUND VALLEY NORTH DAM","NJ00013","24h",25,0.96,1.81953309156401
"ROUND VALLEY NORTH DAM","NJ00013","24h",50,0.98,2.10828521087087
"ROUND VALLEY NORTH DAM","NJ00013","24h",100,0.99,2.42499695680794
"ROUND VALLEY NORTH DAM","NJ00013","24h",200,0.995,2.77349162149463
"ROUND VALLEY NORTH DAM","NJ00013","24h",500,0.998,3.28941893829319
"ROUND VALLEY NORTH DAM","NJ00013","24h",1000,0.999,3.72663964348745
"ROUND VALLEY NORTH DAM","NJ00013","24h",2000,0.9995,4.20909078303287
"ROUND VALLEY NORTH DAM","NJ00013","24h",5000,0.9998,4.92442553840544
"ROUND VALLEY NORTH DAM","NJ00013","24h",10000,0.9999,5.53105777188466
"ROUND VALLEY NORTH DAM","NJ00013","72h",2,0.5,0.914683130019436
"ROUND VALLEY NORTH DAM","NJ00013","72h",5,0.8,1.23824263747222
"ROUND VALLEY NORTH DAM","NJ00013","72h",10,0.9,1.47756916070291
"ROUND VALLEY NORTH DAM","NJ00013","72h",25,0.96,1.81192206193344
"ROUND VALLEY NORTH DAM","NJ00013","72h",50,0.98,2.08530478240749
"ROUND VALLEY NORTH DAM","NJ00013","72h",100,0.99,2.38007876110947
"ROUND VALLEY NORTH DAM","NJ00013","72h",200,0.995,2.69896865986747
"ROUND VALLEY NORTH DAM","NJ00013","72h",500,0.998,3.16182741206336
"ROUND VALLEY NORTH DAM","NJ00013","72h",1000,0.999,3.54648063569135
"ROUND VALLEY NORTH DAM","NJ00013","72h",2000,0.9995,3.9638085525128
"ROUND VALLEY NORTH DAM","NJ00013","72h",5000,0.9998,4.57049996413507
"ROUND VALLEY NORTH DAM","NJ00013","72h",10000,0.9999,5.07504745006754
"ROUND VALLEY DIKE","NJ00022","24h",2,0.5,0.909870879808391
"ROUND VALLEY DIKE","NJ00022","24h",5,0.8,1.23126717767836
"ROUND VALLEY DIKE","NJ00022","24h",10,0.9,1.47442980472235
"ROUND VALLEY DIKE","NJ00022","24h",25,0.96,1.82122828167799
"ROUND VALLEY DIKE","NJ00022","24h",50,0.98,2.11048117736964
"ROUND VALLEY DIKE","NJ00022","24h",100,0.99,2.42770211823194
"ROUND VALLEY DIKE","NJ00022","24h",200,0.995,2.77671323081966
"ROUND VALLEY DIKE","NJ00022","24h",500,0.998,3.2933295925638
"ROUND VALLEY DIKE","NJ00022","24h",1000,0.999,3.73107098271403
"ROUND VALLEY DIKE","NJ00022","24h",2000,0.9995,4.21403629117646
"ROUND VALLEY DIKE","NJ00022","24h",5000,0.9998,4.93002896590475
"ROUND VALLEY DIKE","NJ00022","24h",10000,0.9999,5.5371315249754
"ROUND VALLEY DIKE","NJ00022","72h",2,0.5,0.91435818701468
"ROUND VALLEY DIKE","NJ00022","72h",5,0.8,1.23789157999596
"ROUND VALLEY DIKE","NJ00022","72h",10,0.9,1.47753393274042
"ROUND VALLEY DIKE","NJ00022","72h",25,0.96,1.81275570103887
"ROUND VALLEY DIKE","NJ00022","72h",50,0.98,2.0871862791099
"ROUND VALLEY DIKE","NJ00022","72h",100,0.99,2.383400701493
"ROUND VALLEY DIKE","NJ00022","72h",200,0.995,2.70418340542308
"ROUND VALLEY DIKE","NJ00022","72h",500,0.998,3.17035467305325
"ROUND VALLEY DIKE","NJ00022","72h",1000,0.999,3.55822624717612
"ROUND VALLEY DIKE","NJ00022","72h",2000,0.9995,3.97948306127271
"ROUND VALLEY DIKE","NJ00022","72h",5000,0.9998,4.59262781540621
"ROUND VALLEY DIKE","NJ00022","72h",10000,0.9999,5.10315420447812
"WILLS CREEK DAM","OH00002","24h",2,0.5,0.931370876811697
"WILLS CREEK DAM","OH00002","24h",5,0.8,1.19745214533124
"WILLS CREEK DAM","OH00002","24h",10,0.9,1.39964803786609
"WILLS CREEK DAM","OH00002","24h",25,0.96,1.7033479391339
"WILLS CREEK DAM","OH00002","24h",50,0.98,1.97411241405096
"WILLS CREEK DAM","OH00002","24h",100,0.99,2.29055842747508
"WILLS CREEK DAM","OH00002","24h",200,0.995,2.66247572137592
"WILLS CREEK DAM","OH00002","24h",500,0.998,3.25804772981307
"WILLS CREEK DAM","OH00002","24h",1000,0.999,3.80375717404276
"WILLS CREEK DAM","OH00002","24h",2000,0.9995,4.44830485936887
"WILLS CREEK DAM","OH00002","24h",5000,0.9998,5.48324314920585
"WILLS CREEK DAM","OH00002","24h",10000,0.9999,6.43269851128007
"WILLS CREEK DAM","OH00002","72h",2,0.5,0.942243671964048
"WILLS CREEK DAM","OH00002","72h",5,0.8,1.19429292497729
"WILLS CREEK DAM","OH00002","72h",10,0.9,1.38015597568928
"WILLS CREEK DAM","OH00002","72h",25,0.96,1.65237420969968
"WILLS CREEK DAM","OH00002","72h",50,0.98,1.88944584893307
"WILLS CREEK DAM","OH00002","72h",100,0.99,2.1610819456231
"WILLS CREEK DAM","OH00002","72h",200,0.995,2.47414152696113
"WILLS CREEK DAM","OH00002","72h",500,0.998,2.96416013789228
"WILLS CREEK DAM","OH00002","72h",1000,0.999,3.40322362014081
"WILLS CREEK DAM","OH00002","72h",2000,0.9995,3.91184580148552
"WILLS CREEK DAM","OH00002","72h",5000,0.9998,4.71020082804723
"WILLS CREEK DAM","OH00002","72h",10000,0.9999,5.42645107767375
"WEST DIKE","OK20502","24h",2,0.5,0.923992566414157
"WEST DIKE","OK20502","24h",5,0.8,1.26067868085256
"WEST DIKE","OK20502","24h",10,0.9,1.49686169172507
"WEST DIKE","OK20502","24h",25,0.96,1.81129715223697
"WEST DIKE","OK20502","24h",50,0.98,2.05670015942569
"WEST DIKE","OK20502","24h",100,0.99,2.31101895519679
"WEST DIKE","OK20502","24h",200,0.995,2.57550636483277
"WEST DIKE","OK20502","24h",500,0.998,2.94221674090078
"WEST DIKE","OK20502","24h",1000,0.999,3.23343031559096
"WEST DIKE","OK20502","24h",2000,0.9995,3.53722341786225
"WEST DIKE","OK20502","24h",5000,0.9998,3.95913665404238
"WEST DIKE","OK20502","24h",10000,0.9999,4.29444680806368
"WEST DIKE","OK20502","72h",2,0.5,0.927246601232065
"WEST DIKE","OK20502","72h",5,0.8,1.25732303271207
"WEST DIKE","OK20502","72h",10,0.9,1.48710900874058
"WEST DIKE","OK20502","72h",25,0.96,1.79091841204789
"WEST DIKE","OK20502","72h",50,0.98,2.02644500451027
"WEST DIKE","OK20502","72h",100,0.99,2.26914154306102
"WEST DIKE","OK20502","72h",200,0.995,2.5201155760928
"WEST DIKE","OK20502","72h",500,0.998,2.86580952082837
"WEST DIKE","OK20502","72h",1000,0.999,3.1385444099959
"WEST DIKE","OK20502","72h",2000,0.9995,3.4214605067942
"WEST DIKE","OK20502","72h",5000,0.9998,3.81181040254952
"WEST DIKE","OK20502","72h",10000,0.9999,4.12001654312315
"PRAIRIE DU SAC","WI00029","24h",2,0.5,0.916419049028908
"PRAIRIE DU SAC","WI00029","24h",5,0.8,1.24111233270221
"PRAIRIE DU SAC","WI00029","24h",10,0.9,1.47922279851348
"PRAIRIE DU SAC","WI00029","24h",25,0.96,1.80928136369941
"PRAIRIE DU SAC","WI00029","24h",50,0.98,2.07712231227809
"PRAIRIE DU SAC","WI00029","24h",100,0.99,2.36406740420109
"PRAIRIE DU SAC","WI00029","24h",200,0.995,2.67250653399805
"PRAIRIE DU SAC","WI00029","24h",500,0.998,3.11687625701009
"PRAIRIE DU SAC","WI00029","24h",1000,0.999,3.48345206493217
"PRAIRIE DU SAC","WI00029","24h",2000,0.9995,3.8786406701897
"PRAIRIE DU SAC","WI00029","24h",5000,0.9998,4.4488959236869
"PRAIRIE DU SAC","WI00029","24h",10000,0.9999,4.91966233513617
"PRAIRIE DU SAC","WI00029","72h",2,0.5,0.922896660168183
"PRAIRIE DU SAC","WI00029","72h",5,0.8,1.25490805808856
"PRAIRIE DU SAC","WI00029","72h",10,0.9,1.4857081832322
"PRAIRIE DU SAC","WI00029","72h",25,0.96,1.78799714812842
"PRAIRIE DU SAC","WI00029","72h",50,0.98,2.02023503303201
"PRAIRIE DU SAC","WI00029","72h",100,0.99,2.25809943046156
"PRAIRIE DU SAC","WI00029","72h",200,0.995,2.50301276995018
"PRAIRIE DU SAC","WI00029","72h",500,0.998,2.83928954073865
"PRAIRIE DU SAC","WI00029","72h",1000,0.999,3.1041282843928
"PRAIRIE DU SAC","WI00029","72h",2000,0.9995,3.37866664838863
"PRAIRIE DU SAC","WI00029","72h",5000,0.9998,3.75738304271915
"PRAIRIE DU SAC","WI00029","72h",10000,0.9999,4.0564407008363
"UPPER DAM","ME00026","24h",2,0.5,0.936616110745849
"UPPER DAM","ME00026","24h",5,0.8,1.22329411172965
"UPPER DAM","ME00026","24h",10,0.9,1.4230635562802
"UPPER DAM","ME00026","24h",25,0.96,1.68742163688699
"UPPER DAM","ME00026","24h",50,0.98,1.89254021328462
"UPPER DAM","ME00026","24h",100,0.99,2.10405777186097
"UPPER DAM","ME00026","24h",200,0.995,2.32294865958464
"UPPER DAM","ME00026","24h",500,0.998,2.62470558275825
"UPPER DAM","ME00026","24h",1000,0.999,2.86297638307942
"UPPER DAM","ME00026","24h",2000,0.9995,3.1103209024861
"UPPER DAM","ME00026","24h",5000,0.9998,3.45187890087635
"UPPER DAM","ME00026","24h",10000,0.9999,3.72178700769118
"UPPER DAM","ME00026","72h",2,0.5,0.945524096145563
"UPPER DAM","ME00026","72h",5,0.8,1.22949984834468
"UPPER DAM","ME00026","72h",10,0.9,1.4165875407953
"UPPER DAM","ME00026","72h",25,0.96,1.65219675430711
"UPPER DAM","ME00026","72h",50,0.98,1.82735121052004
"UPPER DAM","ME00026","72h",100,0.99,2.00236460454281
"UPPER DAM","ME00026","72h",200,0.995,2.17856357329231
"UPPER DAM","ME00026","72h",500,0.998,2.41478981763097
"UPPER DAM","ME00026","72h",1000,0.999,2.59678054313527
"UPPER DAM","ME00026","72h",2000,0.9995,2.78211794109729
"UPPER DAM","ME00026","72h",5000,0.9998,3.03286205914602
"UPPER DAM","ME00026","72h",10000,0.9999,3.2272613082682
"MISSISSIPPI RIVER DAM 13","IA00005","24h",2,0.5,0.926609792583976
"MISSISSIPPI RIVER DAM 13","IA00005","24h",5,0.8,1.23914384728803
"MISSISSIPPI RIVER DAM 13","IA00005","24h",10,0.9,1.46122599457156
"MISSISSIPPI RIVER DAM 13","IA00005","24h",25,0.96,1.76036487734819
"MISSISSIPPI RIVER DAM 13","IA00005","24h",50,0.98,1.99648457999585
"MISSISSIPPI RIVER DAM 13","IA00005","24h",100,0.99,2.24354885846234
"MISSISSIPPI RIVER DAM 13","IA00005","24h",200,0.995,2.50296243271259
"MISSISSIPPI RIVER DAM 13","IA00005","24h",500,0.998,2.86665477031579
"MISSISSIPPI RIVER DAM 13","IA00005","24h",1000,0.999,3.15867663609899
"MISSISSIPPI RIVER DAM 13","IA00005","24h",2000,0.9995,3.46622796472555
"MISSISSIPPI RIVER DAM 13","IA00005","24h",5000,0.9998,3.89812013993941
"MISSISSIPPI RIVER DAM 13","IA00005","24h",10000,0.9999,4.2451656060258
"MISSISSIPPI RIVER DAM 13","IA00005","72h",2,0.5,0.935957381633528
"MISSISSIPPI RIVER DAM 13","IA00005","72h",5,0.8,1.24366475231449
"MISSISSIPPI RIVER DAM 13","IA00005","72h",10,0.9,1.45411873017029
"MISSISSIPPI RIVER DAM 13","IA00005","72h",25,0.96,1.72794285898135
"MISSISSIPPI RIVER DAM 13","IA00005","72h",50,0.98,1.93695042451794
"MISSISSIPPI RIVER DAM 13","IA00005","72h",100,0.99,2.14949423868064
"MISSISSIPPI RIVER DAM 13","IA00005","72h",200,0.995,2.36641847851555
"MISSISSIPPI RIVER DAM 13","IA00005","72h",500,0.998,2.66069510819516
"MISSISSIPPI RIVER DAM 13","IA00005","72h",1000,0.999,2.88937039151704
"MISSISSIPPI RIVER DAM 13","IA00005","72h",2000,0.9995,3.12350113697876
"MISSISSIPPI RIVER DAM 13","IA00005","72h",5000,0.9998,3.44166757234207
"MISSISSIPPI RIVER DAM 13","IA00005","72h",10000,0.9999,3.68910388854194
"COFFEEVILLE LOCK AND DAM","AL01431","24h",2,0.5,0.922798499561363
"COFFEEVILLE LOCK AND DAM","AL01431","24h",5,0.8,1.23504714811373
"COFFEEVILLE LOCK AND DAM","AL01431","24h",10,0.9,1.46082803520884
"COFFEEVILLE LOCK AND DAM","AL01431","24h",25,0.96,1.76980661303734
"COFFEEVILLE LOCK AND DAM","AL01431","24h",50,0.98,2.01745619220215
"COFFEEVILLE LOCK AND DAM","AL01431","24h",100,0.99,2.27998555160977
"COFFEEVILLE LOCK AND DAM","AL01431","24h",200,0.995,2.55923486045437
"COFFEEVILLE LOCK AND DAM","AL01431","24h",500,0.998,2.95667601963507
"COFFEEVILLE LOCK AND DAM","AL01431","24h",1000,0.999,3.28060085238916
"COFFEEVILLE LOCK AND DAM","AL01431","24h",2000,0.9995,3.62618241291305
"COFFEEVILLE LOCK AND DAM","AL01431","24h",5000,0.9998,4.1188261681001
"COFFEEVILLE LOCK AND DAM","AL01431","24h",10000,0.9999,4.52064197434619
"COFFEEVILLE LOCK AND DAM","AL01431","72h",2,0.5,0.927790869645495
"COFFEEVILLE LOCK AND DAM","AL01431","72h",5,0.8,1.2332234227827
"COFFEEVILLE LOCK AND DAM","AL01431","72h",10,0.9,1.45074797129871
"COFFEEVILLE LOCK AND DAM","AL01431","72h",25,0.96,1.74434702237927
"COFFEEVILLE LOCK AND DAM","AL01431","72h",50,0.98,1.97655212094239
"COFFEEVILLE LOCK AND DAM","AL01431","72h",100,0.99,2.21992917976358
"COFFEEVILLE LOCK AND DAM","AL01431","72h",200,0.995,2.47589886027965
"COFFEEVILLE LOCK AND DAM","AL01431","72h",500,0.998,2.83546014882715
"COFFEEVILLE LOCK AND DAM","AL01431","72h",1000,0.999,3.12472207344354
"COFFEEVILLE LOCK AND DAM","AL01431","72h",2000,0.9995,3.42987400254391
"COFFEEVILLE LOCK AND DAM","AL01431","72h",5000,0.9998,3.85922741066629
"COFFEEVILLE LOCK AND DAM","AL01431","72h",10000,0.9999,4.20489777628663
"ARCADIA LAKE","OK22178","24h",2,0.5,0.929451646017104
"ARCADIA LAKE","OK22178","24h",5,0.8,1.23013207168185
"ARCADIA LAKE","OK22178","24h",10,0.9,1.45313325179885
"ARCADIA LAKE","OK22178","24h",25,0.96,1.781319896673
"ARCADIA LAKE","OK22178","24h",50,0.98,2.06841696581899
"ARCADIA LAKE","OK22178","24h",100,0.99,2.39861814349319
"ARCADIA LAKE","OK22178","24h",200,0.995,2.78059968306479
"ARCADIA LAKE","OK22178","24h",500,0.998,3.38110623492432
"ARCADIA LAKE","OK22178","24h",1000,0.999,3.92147173183972
"ARCADIA LAKE","OK22178","24h",2000,0.9995,4.54976763833526
"ARCADIA LAKE","OK22178","24h",5000,0.9998,5.54024933193122
"ARCADIA LAKE","OK22178","24h",10000,0.9999,6.43266309982927
"ARCADIA LAKE","OK22178","72h",2,0.5,0.930791211201267
"ARCADIA LAKE","OK22178","72h",5,0.8,1.22400692951675
"ARCADIA LAKE","OK22178","72h",10,0.9,1.44179188555265
"ARCADIA LAKE","OK22178","72h",25,0.96,1.76269714645625
"ARCADIA LAKE","OK22178","72h",50,0.98,2.04374668195347
"ARCADIA LAKE","OK22178","72h",100,0.99,2.36730551275148
"ARCADIA LAKE","OK22178","72h",200,0.995,2.74196177691134
"ARCADIA LAKE","OK22178","72h",500,0.998,3.33160923597501
"ARCADIA LAKE","OK22178","72h",1000,0.999,3.86278389545345
"ARCADIA LAKE","OK22178","72h",2000,0.9995,4.48097956394095
"ARCADIA LAKE","OK22178","72h",5000,0.9998,5.45662069579044
"ARCADIA LAKE","OK22178","72h",10000,0.9999,6.33662325269108
"DEER FLAT UPPER","ID00276","24h",2,0.5,0.935073577877533
"DEER FLAT UPPER","ID00276","24h",5,0.8,1.23673278771305
"DEER FLAT UPPER","ID00276","24h",10,0.9,1.44517787461292
"DEER FLAT UPPER","ID00276","24h",25,0.96,1.71891863333354
"DEER FLAT UPPER","ID00276","24h",50,0.98,1.92975221499474
"DEER FLAT UPPER","ID00276","24h",100,0.99,2.14580000150455
"DEER FLAT UPPER","ID00276","24h",200,0.995,2.36798498740933
"DEER FLAT UPPER","ID00276","24h",500,0.998,2.67206935559909
"DEER FLAT UPPER","ID00276","24h",1000,0.999,2.91045115738727
"DEER FLAT UPPER","ID00276","24h",2000,0.9995,3.15637546153194
"DEER FLAT UPPER","ID00276","24h",5000,0.9998,3.49352338554249
"DEER FLAT UPPER","ID00276","24h",10000,0.9999,3.75803263819832
"DEER FLAT UPPER","ID00276","72h",2,0.5,0.950924918583156
"DEER FLAT UPPER","ID00276","72h",5,0.8,1.23483892388056
"DEER FLAT UPPER","ID00276","72h",10,0.9,1.41922565277297
"DEER FLAT UPPER","ID00276","72h",25,0.96,1.6481881702813
"DEER FLAT UPPER","ID00276","72h",50,0.98,1.81519970968042
"DEER FLAT UPPER","ID00276","72h",100,0.99,1.97861879308829
"DEER FLAT UPPER","ID00276","72h",200,0.995,2.13913709848016
"DEER FLAT UPPER","ID00276","72h",500,0.998,2.34744623511159
"DEER FLAT UPPER","ID00276","72h",1000,0.999,2.50230719762637
"DEER FLAT UPPER","ID00276","72h",2000,0.9995,2.65493189611828
"DEER FLAT UPPER","ID00276","72h",5000,0.9998,2.85335854440287
"DEER FLAT UPPER","ID00276","72h",10000,0.9999,3.00099743645052
"AARON LAKEZA","MN00173","24h",2,0.5,0.928164130308264
"AARON LAKEZA","MN00173","24h",5,0.8,1.23426036088502
"AARON LAKEZA","MN00173","24h",10,0.9,1.46129125495139
"AARON LAKEZA","MN00173","24h",25,0.96,1.79542445479752
"AARON LAKEZA","MN00173","24h",50,0.98,2.08773667063252
"AARON LAKEZA","MN00173","24h",100,0.99,2.42394871492405
"AARON LAKEZA","MN00173","24h",200,0.995,2.8128982798605
"AARON LAKEZA","MN00173","24h",500,0.998,3.42438579234734
"AARON LAKEZA","MN00173","24h",1000,0.999,3.97465603691834
"AARON LAKEZA","MN00173","24h",2000,0.9995,4.61449216421651
"AARON LAKEZA","MN00173","24h",5000,0.9998,5.62321028978498
"AARON LAKEZA","MN00173","24h",10000,0.9999,6.53209368469188
"AARON LAKEZA","MN00173","72h",2,0.5,0.937279985352968
"AARON LAKEZA","MN00173","72h",5,0.8,1.22593576123729
"AARON LAKEZA","MN00173","72h",10,0.9,1.43615920487476
"AARON LAKEZA","MN00173","72h",25,0.96,1.74086499613311
"AARON LAKEZA","MN00173","72h",50,0.98,2.00366659055244
"AARON LAKEZA","MN00173","72h",100,0.99,2.30232833884116
"AARON LAKEZA","MN00173","72h",200,0.995,2.64375804488256
"AARON LAKEZA","MN00173","72h",500,0.998,3.17317176093386
"AARON LAKEZA","MN00173","72h",1000,0.999,3.64316413977646
"AARON LAKEZA","MN00173","72h",2000,0.9995,4.18326488975606
"AARON LAKEZA","MN00173","72h",5000,0.9998,5.02311529807739
"AARON LAKEZA","MN00173","72h",10000,0.9999,5.76966768696438
"MARION LAKE","KS00006","24h",2,0.5,0.929294478413337
"MARION LAKE","KS00006","24h",5,0.8,1.264347461509
"MARION LAKE","KS00006","24h",10,0.9,1.49446779092839
"MARION LAKE","KS00006","24h",25,0.96,1.79501899779144
"MARION LAKE","KS00006","24h",50,0.98,2.02527326860901
"MARION LAKE","KS00006","24h",100,0.99,2.26015708173643
"MARION LAKE","KS00006","24h",200,0.995,2.50062887963982
"MARION LAKE","KS00006","24h",500,0.998,2.82802862754755
"MARION LAKE","KS00006","24h",1000,0.999,3.08335875795265
"MARION LAKE","KS00006","24h",2000,0.9995,3.34559102824635
"MARION LAKE","KS00006","24h",5000,0.9998,3.70323017035492
"MARION LAKE","KS00006","24h",10000,0.9999,3.98236411854214
"MARION LAKE","KS00006","72h",2,0.5,0.936631313125872
"MARION LAKE","KS00006","72h",5,0.8,1.26504584176558
"MARION LAKE","KS00006","72h",10,0.9,1.48474950262907
"MARION LAKE","KS00006","72h",25,0.96,1.76495261459074
"MARION LAKE","KS00006","72h",50,0.98,1.97472037805468
"MARION LAKE","KS00006","72h",100,0.99,2.18455116591021
"MARION LAKE","KS00006","72h",200,0.995,2.395225814912
"MARION LAKE","KS00006","72h",500,0.998,2.67564988737606
"MARION LAKE","KS00006","72h",1000,0.999,2.88947479513922
"MARION LAKE","KS00006","72h",2000,0.9995,3.10485995147822
"MARION LAKE","KS00006","72h",5000,0.9998,3.39206064029337
"MARION LAKE","KS00006","72h",10000,0.9999,3.61123173893702
"PINE RIVER DAM","MN00582","24h",2,0.5,0.924874533530663
"PINE RIVER DAM","MN00582","24h",5,0.8,1.22812579621472
"PINE RIVER DAM","MN00582","24h",10,0.9,1.45613515458605
"PINE RIVER DAM","MN00582","24h",25,0.96,1.79556881555755
"PINE RIVER DAM","MN00582","24h",50,0.98,2.09569516410468
"PINE RIVER DAM","MN00582","24h",100,0.99,2.44401069269971
"PINE RIVER DAM","MN00582","24h",200,0.995,2.85055991359155
"PINE RIVER DAM","MN00582","24h",500,0.998,3.49636339511227
"PINE RIVER DAM","MN00582","24h",1000,0.999,4.08344212304836
"PINE RIVER DAM","MN00582","24h",2000,0.9995,4.77211392989111
"PINE RIVER DAM","MN00582","24h",5000,0.9998,5.86906305944719
"PINE RIVER DAM","MN00582","24h",10000,0.9999,6.86750494339352
"PINE RIVER DAM","MN00582","72h",2,0.5,0.933861819190259
"PINE RIVER DAM","MN00582","72h",5,0.8,1.21925032547615
"PINE RIVER DAM","MN00582","72h",10,0.9,1.43027241620343
"PINE RIVER DAM","MN00582","72h",25,0.96,1.74004544115068
"PINE RIVER DAM","MN00582","72h",50,0.98,2.01039721057804
"PINE RIVER DAM","MN00582","72h",100,0.99,2.32072184842161
"PINE RIVER DAM","MN00582","72h",200,0.995,2.67900510939243
"PINE RIVER DAM","MN00582","72h",500,0.998,3.24096950985923
"PINE RIVER DAM","MN00582","72h",1000,0.999,3.74551914147415
"PINE RIVER DAM","MN00582","72h",2000,0.9995,4.33103034839905
"PINE RIVER DAM","MN00582","72h",5000,0.9998,5.25196482363942
"PINE RIVER DAM","MN00582","72h",10000,0.9999,6.07986101745018
"BARTLETTS FERRY, MAIN DAM","GA00830","24h",2,0.5,0.932781773095492
"BARTLETTS FERRY, MAIN DAM","GA00830","24h",5,0.8,1.24460455795877
"BARTLETTS FERRY, MAIN DAM","GA00830","24h",10,0.9,1.45659557283592
"BARTLETTS FERRY, MAIN DAM","GA00830","24h",25,0.96,1.72975884760963
"BARTLETTS FERRY, MAIN DAM","GA00830","24h",50,0.98,1.93677418439434
"BARTLETTS FERRY, MAIN DAM","GA00830","24h",100,0.99,2.14663623839632
"BARTLETTS FERRY, MAIN DAM","GA00830","24h",200,0.995,2.36071095337126
"BARTLETTS FERRY, MAIN DAM","GA00830","24h",500,0.998,2.65174511323969
"BARTLETTS FERRY, MAIN DAM","GA00830","24h",1000,0.999,2.87886546963049
"BARTLETTS FERRY, MAIN DAM","GA00830","24h",2000,0.9995,3.11257415252799
"BARTLETTS FERRY, MAIN DAM","GA00830","24h",5000,0.9998,3.43237278316319
"BARTLETTS FERRY, MAIN DAM","GA00830","24h",10000,0.9999,3.68298579656192
"BARTLETTS FERRY, MAIN DAM","GA00830","72h",2,0.5,0.93329048007179
"BARTLETTS FERRY, MAIN DAM","GA00830","72h",5,0.8,1.23526007496793
"BARTLETTS FERRY, MAIN DAM","GA00830","72h",10,0.9,1.44563014818611
"BARTLETTS FERRY, MAIN DAM","GA00830","72h",25,0.96,1.72395000852793
"BARTLETTS FERRY, MAIN DAM","GA00830","72h",50,0.98,1.93985196304015
"BARTLETTS FERRY, MAIN DAM","GA00830","72h",100,0.99,2.16244569558562
"BARTLETTS FERRY, MAIN DAM","GA00830","72h",200,0.995,2.39275399263141
"BARTLETTS FERRY, MAIN DAM","GA00830","72h",500,0.998,2.71017890730439
"BARTLETTS FERRY, MAIN DAM","GA00830","72h",1000,0.999,2.96076500716207
"BARTLETTS FERRY, MAIN DAM","GA00830","72h",2000,0.9995,3.22084338775904
"BARTLETTS FERRY, MAIN DAM","GA00830","72h",5000,0.9998,3.57990461162622
"BARTLETTS FERRY, MAIN DAM","GA00830","72h",10000,0.9999,3.86358052972968
"MARTIN LAKE DAM","TX03547","24h",2,0.5,0.915296583815875
"MARTIN LAKE DAM","TX03547","24h",5,0.8,1.24277241969206
"MARTIN LAKE DAM","TX03547","24h",10,0.9,1.48333349238942
"MARTIN LAKE DAM","TX03547","24h",25,0.96,1.81730781136396
"MARTIN LAKE DAM","TX03547","24h",50,0.98,2.08873306406277
"MARTIN LAKE DAM","TX03547","24h",100,0.99,2.37989001587185
"MARTIN LAKE DAM","TX03547","24h",200,0.995,2.6932545771869
"MARTIN LAKE DAM","TX03547","24h",500,0.998,3.14538789706365
"MARTIN LAKE DAM","TX03547","24h",1000,0.999,3.51891445185277
"MARTIN LAKE DAM","TX03547","24h",2000,0.9995,3.92210603921446
"MARTIN LAKE DAM","TX03547","24h",5000,0.9998,4.5047678522037
"MARTIN LAKE DAM","TX03547","24h",10000,0.9999,4.98648006546112
"MARTIN LAKE DAM","TX03547","72h",2,0.5,0.919685882534911
"MARTIN LAKE DAM","TX03547","72h",5,0.8,1.2262166175872
"MARTIN LAKE DAM","TX03547","72h",10,0.9,1.46013985365903
"MARTIN LAKE DAM","TX03547","72h",25,0.96,1.81274892712474
"MARTIN LAKE DAM","TX03547","72h",50,0.98,2.12816128042476
"MARTIN LAKE DAM","TX03547","72h",100,0.99,2.49782080675616
"MARTIN LAKE DAM","TX03547","72h",200,0.995,2.93348393253022
"MARTIN LAKE DAM","TX03547","72h",500,0.998,3.63338851677203
"MARTIN LAKE DAM","TX03547","72h",1000,0.999,4.27672427165731
"MARTIN LAKE DAM","TX03547","72h",2000,0.9995,5.03866626361962
"MARTIN LAKE DAM","TX03547","72h",5000,0.9998,6.26603560081579
"MARTIN LAKE DAM","TX03547","72h",10000,0.9999,7.39558194732181
"LOCK & DAM #6","WI00802","24h",2,0.5,0.909337155191667
"LOCK & DAM #6","WI00802","24h",5,0.8,1.2455611100948
"LOCK & DAM #6","WI00802","24h",10,0.9,1.49628190803793
"LOCK & DAM #6","WI00802","24h",25,0.96,1.84915695915048
"LOCK & DAM #6","WI00802","24h",50,0.98,2.13975059340045
"LOCK & DAM #6","WI00802","24h",100,0.99,2.45499488335732
"LOCK & DAM #6","WI00802","24h",200,0.995,2.79810019536721
"LOCK & DAM #6","WI00802","24h",500,0.998,3.29962428107466
"LOCK & DAM #6","WI00802","24h",1000,0.999,3.71932319471495
"LOCK & DAM #6","WI00802","24h",2000,0.9995,4.17742472801473
"LOCK & DAM #6","WI00802","24h",5000,0.9998,4.84808408621071
"LOCK & DAM #6","WI00802","24h",10000,0.9999,5.40972405934672
"LOCK & DAM #6","WI00802","72h",2,0.5,0.921800051138219
"LOCK & DAM #6","WI00802","72h",5,0.8,1.24835704336013
"LOCK & DAM #6","WI00802","72h",10,0.9,1.48192785560266
"LOCK & DAM #6","WI00802","72h",25,0.96,1.79841865612873
"LOCK & DAM #6","WI00802","72h",50,0.98,2.04967538050517
"LOCK & DAM #6","WI00802","72h",100,0.99,2.31386844002786
"LOCK & DAM #6","WI00802","72h",200,0.995,2.5926207374219
"LOCK & DAM #6","WI00802","72h",500,0.998,2.98564061296745
"LOCK & DAM #6","WI00802","72h",1000,0.999,3.30298656403313
"LOCK & DAM #6","WI00802","72h",2000,0.9995,3.63883181768045
"LOCK & DAM #6","WI00802","72h",5000,0.9998,4.11312411324389
"LOCK & DAM #6","WI00802","72h",10000,0.9999,4.49638247240874
"MOSQUITO CREEK DAM","OH00031","24h",2,0.5,0.92765910126989
"MOSQUITO CREEK DAM","OH00031","24h",5,0.8,1.22286020734777
"MOSQUITO CREEK DAM","OH00031","24h",10,0.9,1.43566386189254
"MOSQUITO CREEK DAM","OH00031","24h",25,0.96,1.72607575324895
"MOSQUITO CREEK DAM","OH00031","24h",50,0.98,1.95822061138999
"MOSQUITO CREEK DAM","OH00031","24h",100,0.99,2.20375221439427
"MOSQUITO CREEK DAM","OH00031","24h",200,0.995,2.46432863365221
"MOSQUITO CREEK DAM","OH00031","24h",500,0.998,2.8342164078246
"MOSQUITO CREEK DAM","OH00031","24h",1000,0.999,3.1348965606737
"MOSQUITO CREEK DAM","OH00031","24h",2000,0.9995,3.45495505902881
"MOSQUITO CREEK DAM","OH00031","24h",5000,0.9998,3.91001485717402
"MOSQUITO CREEK DAM","OH00031","24h",10000,0.9999,4.28020695569746
"MOSQUITO CREEK DAM","OH00031","72h",2,0.5,0.943284763043224
"MOSQUITO CREEK DAM","OH00031","72h",5,0.8,1.21854539379577
"MOSQUITO CREEK DAM","OH00031","72h",10,0.9,1.40623899172551
"MOSQUITO CREEK DAM","OH00031","72h",25,0.96,1.64978195253403
"MOSQUITO CREEK DAM","OH00031","72h",50,0.98,1.83518340060742
"MOSQUITO CREEK DAM","OH00031","72h",100,0.99,2.02329692006892
"MOSQUITO CREEK DAM","OH00031","72h",200,0.995,2.21485719132542
"MOSQUITO CREEK DAM","OH00031","72h",500,0.998,2.47405068481856
"MOSQUITO CREEK DAM","OH00031","72h",1000,0.999,2.6749427008184
"MOSQUITO CREEK DAM","OH00031","72h",2000,0.9995,2.88016874753289
"MOSQUITO CREEK DAM","OH00031","72h",5000,0.9998,3.15833336308065
"MOSQUITO CREEK DAM","OH00031","72h",10000,0.9999,3.37410151744942
"STRUCTURE NO. 34","FL00352","24h",2,0.5,0.906243249786144
"STRUCTURE NO. 34","FL00352","24h",5,0.8,1.26881612727197
"STRUCTURE NO. 34","FL00352","24h",10,0.9,1.53513425593846
"STRUCTURE NO. 34","FL00352","24h",25,0.96,1.90483589940978
"STRUCTURE NO. 34","FL00352","24h",50,0.98,2.20527247817606
"STRUCTURE NO. 34","FL00352","24h",100,0.99,2.52752716752601
"STRUCTURE NO. 34","FL00352","24h",200,0.995,2.87433720112905
"STRUCTURE NO. 34","FL00352","24h",500,0.998,3.37468622701365
"STRUCTURE NO. 34","FL00352","24h",1000,0.999,3.78801261359064
"STRUCTURE NO. 34","FL00352","24h",2000,0.9995,4.23413390425549
"STRUCTURE NO. 34","FL00352","24h",5000,0.9998,4.87878228188805
"STRUCTURE NO. 34","FL00352","24h",10000,0.9999,5.41169874662944
"STRUCTURE NO. 34","FL00352","72h",2,0.5,0.917412216142504
"STRUCTURE NO. 34","FL00352","72h",5,0.8,1.27193263739746
"STRUCTURE NO. 34","FL00352","72h",10,0.9,1.52318543840303
"STRUCTURE NO. 34","FL00352","72h",25,0.96,1.86080595208423
"STRUCTURE NO. 34","FL00352","72h",50,0.98,2.12668321957577
"STRUCTURE NO. 34","FL00352","72h",100,0.99,2.4043358753124
"STRUCTURE NO. 34","FL00352","72h",200,0.995,2.69529512795251
"STRUCTURE NO. 34","FL00352","72h",500,0.998,3.10228557629065
"STRUCTURE NO. 34","FL00352","72h",1000,0.999,3.42833442717204
"STRUCTURE NO. 34","FL00352","72h",2000,0.9995,3.77105222841227
"STRUCTURE NO. 34","FL00352","72h",5000,0.9998,4.25123568169762
"STRUCTURE NO. 34","FL00352","72h",10000,0.9999,4.63621425304346
"STRUCTURE NO. 141 (SPILLWAY L-38E-1)","FL00353","24h",2,0.5,0.906243249786144
"STRUCTURE NO. 141 (SPILLWAY L-38E-1)","FL00353","24h",5,0.8,1.26881612727197
"STRUCTURE NO. 141 (SPILLWAY L-38E-1)","FL00353","24h",10,0.9,1.53513425593846
"STRUCTURE NO. 141 (SPILLWAY L-38E-1)","FL00353","24h",25,0.96,1.90483589940978
"STRUCTURE NO. 141 (SPILLWAY L-38E-1)","FL00353","24h",50,0.98,2.20527247817606
"STRUCTURE NO. 141 (SPILLWAY L-38E-1)","FL00353","24h",100,0.99,2.52752716752601
"STRUCTURE NO. 141 (SPILLWAY L-38E-1)","FL00353","24h",200,0.995,2.87433720112905
"STRUCTURE NO. 141 (SPILLWAY L-38E-1)","FL00353","24h",500,0.998,3.37468622701365
"STRUCTURE NO. 141 (SPILLWAY L-38E-1)","FL00353","24h",1000,0.999,3.78801261359064
"STRUCTURE NO. 141 (SPILLWAY L-38E-1)","FL00353","24h",2000,0.9995,4.23413390425549
"STRUCTURE NO. 141 (SPILLWAY L-38E-1)","FL00353","24h",5000,0.9998,4.87878228188805
"STRUCTURE NO. 141 (SPILLWAY L-38E-1)","FL00353","24h",10000,0.9999,5.41169874662944
"STRUCTURE NO. 141 (SPILLWAY L-38E-1)","FL00353","72h",2,0.5,0.917412216142504
"STRUCTURE NO. 141 (SPILLWAY L-38E-1)","FL00353","72h",5,0.8,1.27193263739746
"STRUCTURE NO. 141 (SPILLWAY L-38E-1)","FL00353","72h",10,0.9,1.52318543840303
"STRUCTURE NO. 141 (SPILLWAY L-38E-1)","FL00353","72h",25,0.96,1.86080595208423
"STRUCTURE NO. 141 (SPILLWAY L-38E-1)","FL00353","72h",50,0.98,2.12668321957577
"STRUCTURE NO. 141 (SPILLWAY L-38E-1)","FL00353","72h",100,0.99,2.4043358753124
"STRUCTURE NO. 141 (SPILLWAY L-38E-1)","FL00353","72h",200,0.995,2.69529512795251
"STRUCTURE NO. 141 (SPILLWAY L-38E-1)","FL00353","72h",500,0.998,3.10228557629065
"STRUCTURE NO. 141 (SPILLWAY L-38E-1)","FL00353","72h",1000,0.999,3.42833442717204
"STRUCTURE NO. 141 (SPILLWAY L-38E-1)","FL00353","72h",2000,0.9995,3.77105222841227
"STRUCTURE NO. 141 (SPILLWAY L-38E-1)","FL00353","72h",5000,0.9998,4.25123568169762
"STRUCTURE NO. 141 (SPILLWAY L-38E-1)","FL00353","72h",10000,0.9999,4.63621425304346
"LAKE TUSCALOOSA DAM","AL01137","24h",2,0.5,0.923760791377553
"LAKE TUSCALOOSA DAM","AL01137","24h",5,0.8,1.22912838492658
"LAKE TUSCALOOSA DAM","AL01137","24h",10,0.9,1.45067857950346
"LAKE TUSCALOOSA DAM","AL01137","24h",25,0.96,1.75479814354592
"LAKE TUSCALOOSA DAM","AL01137","24h",50,0.98,1.99927551493981
"LAKE TUSCALOOSA DAM","AL01137","24h",100,0.99,2.25909620096129
"LAKE TUSCALOOSA DAM","AL01137","24h",200,0.995,2.53615804827744
"LAKE TUSCALOOSA DAM","AL01137","24h",500,0.998,2.93163598973154
"LAKE TUSCALOOSA DAM","AL01137","24h",1000,0.999,3.25489299161829
"LAKE TUSCALOOSA DAM","AL01137","24h",2000,0.9995,3.60062352582319
"LAKE TUSCALOOSA DAM","AL01137","24h",5000,0.9998,4.09491388938858
"LAKE TUSCALOOSA DAM","AL01137","24h",10000,0.9999,4.49923746473692
"LAKE TUSCALOOSA DAM","AL01137","72h",2,0.5,0.931197305068266
"LAKE TUSCALOOSA DAM","AL01137","72h",5,0.8,1.22258047811666
"LAKE TUSCALOOSA DAM","AL01137","72h",10,0.9,1.43001394143383
"LAKE TUSCALOOSA DAM","AL01137","72h",25,0.96,1.70988818861054
"LAKE TUSCALOOSA DAM","AL01137","72h",50,0.98,1.93115851701877
"LAKE TUSCALOOSA DAM","AL01137","72h",100,0.99,2.16300340966475
"LAKE TUSCALOOSA DAM","AL01137","72h",200,0.995,2.40676968409374
"LAKE TUSCALOOSA DAM","AL01137","72h",500,0.998,2.74906728390952
"LAKE TUSCALOOSA DAM","AL01137","72h",1000,0.999,3.02434376370801
"LAKE TUSCALOOSA DAM","AL01137","72h",2000,0.9995,3.31465363262079
"LAKE TUSCALOOSA DAM","AL01137","72h",5000,0.9998,3.72297938483027
"LAKE TUSCALOOSA DAM","AL01137","72h",10000,0.9999,4.05160475142966
"JAMIE L WHITTEN LOCK AND DAM","MS03605","24h",2,0.5,0.933551838445317
"JAMIE L WHITTEN LOCK AND DAM","MS03605","24h",5,0.8,1.23464376354151
"JAMIE L WHITTEN LOCK AND DAM","MS03605","24h",10,0.9,1.4407431261035
"JAMIE L WHITTEN LOCK AND DAM","MS03605","24h",25,0.96,1.70764535083507
"JAMIE L WHITTEN LOCK AND DAM","MS03605","24h",50,0.98,1.91076459100863
"JAMIE L WHITTEN LOCK AND DAM","MS03605","24h",100,0.99,2.11732700339425
"JAMIE L WHITTEN LOCK AND DAM","MS03605","24h",200,0.995,2.3286393249174
"JAMIE L WHITTEN LOCK AND DAM","MS03605","24h",500,0.998,2.61679238390894
"JAMIE L WHITTEN LOCK AND DAM","MS03605","24h",1000,0.999,2.84229591860836
"JAMIE L WHITTEN LOCK AND DAM","MS03605","24h",2000,0.9995,3.07486606736829
"JAMIE L WHITTEN LOCK AND DAM","MS03605","24h",5000,0.9998,3.39389597748444
"JAMIE L WHITTEN LOCK AND DAM","MS03605","24h",10000,0.9999,3.64449214431962
"JAMIE L WHITTEN LOCK AND DAM","MS03605","72h",2,0.5,0.938279645783041
"JAMIE L WHITTEN LOCK AND DAM","MS03605","72h",5,0.8,1.23250902840795
"JAMIE L WHITTEN LOCK AND DAM","MS03605","72h",10,0.9,1.43422358614899
"JAMIE L WHITTEN LOCK AND DAM","MS03605","72h",25,0.96,1.69724161931919
"JAMIE L WHITTEN LOCK AND DAM","MS03605","72h",50,0.98,1.89841998912535
"JAMIE L WHITTEN LOCK AND DAM","MS03605","72h",100,0.99,2.10336496504496
"JAMIE L WHITTEN LOCK AND DAM","MS03605","72h",200,0.995,2.31290266917762
"JAMIE L WHITTEN LOCK AND DAM","MS03605","72h",500,0.998,2.59774000041464
"JAMIE L WHITTEN LOCK AND DAM","MS03605","72h",1000,0.999,2.81953100888221
"JAMIE L WHITTEN LOCK AND DAM","MS03605","72h",2000,0.9995,3.04701178928075
"JAMIE L WHITTEN LOCK AND DAM","MS03605","72h",5000,0.9998,3.35677203219208
"JAMIE L WHITTEN LOCK AND DAM","MS03605","72h",10000,0.9999,3.59816095991459
"RESERVATION HIGHWAY DAM","MN00576","24h",2,0.5,0.92531993313451
"RESERVATION HIGHWAY DAM","MN00576","24h",5,0.8,1.25879592869954
"RESERVATION HIGHWAY DAM","MN00576","24h",10,0.9,1.49212439532379
"RESERVATION HIGHWAY DAM","MN00576","24h",25,0.96,1.80203366111205
"RESERVATION HIGHWAY DAM","MN00576","24h",50,0.98,2.04335703780382
"RESERVATION HIGHWAY DAM","MN00576","24h",100,0.99,2.2929666381482
"RESERVATION HIGHWAY DAM","MN00576","24h",200,0.995,2.55205967536609
"RESERVATION HIGHWAY DAM","MN00576","24h",500,0.998,2.91049317947893
"RESERVATION HIGHWAY DAM","MN00576","24h",1000,0.999,3.19450550178281
"RESERVATION HIGHWAY DAM","MN00576","24h",2000,0.9995,3.49022192593983
"RESERVATION HIGHWAY DAM","MN00576","24h",5000,0.9998,3.9000082921052
"RESERVATION HIGHWAY DAM","MN00576","24h",10000,0.9999,4.22496259679828
"RESERVATION HIGHWAY DAM","MN00576","72h",2,0.5,0.944421348947329
"RESERVATION HIGHWAY DAM","MN00576","72h",5,0.8,1.2284673414367
"RESERVATION HIGHWAY DAM","MN00576","72h",10,0.9,1.43068776484172
"RESERVATION HIGHWAY DAM","MN00576","72h",25,0.96,1.71828611316675
"RESERVATION HIGHWAY DAM","MN00576","72h",50,0.98,1.96198293102044
"RESERVATION HIGHWAY DAM","MN00576","72h",100,0.99,2.23483245418797
"RESERVATION HIGHWAY DAM","MN00576","72h",200,0.995,2.54218497232192
"RESERVATION HIGHWAY DAM","MN00576","72h",500,0.998,3.01065487766519
"RESERVATION HIGHWAY DAM","MN00576","72h",1000,0.999,3.41958737277158
"RESERVATION HIGHWAY DAM","MN00576","72h",2000,0.9995,3.8827026625921
"RESERVATION HIGHWAY DAM","MN00576","72h",5000,0.9998,4.59064887697876
"RESERVATION HIGHWAY DAM","MN00576","72h",10000,0.9999,5.20944686163191
"ISLAND LAKE","MN00612","24h",2,0.5,0.918906247912828
"ISLAND LAKE","MN00612","24h",5,0.8,1.22325782845314
"ISLAND LAKE","MN00612","24h",10,0.9,1.45658829546282
"ISLAND LAKE","MN00612","24h",25,0.96,1.80966635576848
"ISLAND LAKE","MN00612","24h",50,0.98,2.12663457676297
"ISLAND LAKE","MN00612","24h",100,0.99,2.49924685643364
"ISLAND LAKE","MN00612","24h",200,0.995,2.93971052625774
"ISLAND LAKE","MN00612","24h",500,0.998,3.64980664837352
"ISLAND LAKE","MN00612","24h",1000,0.999,4.30474988576464
"ISLAND LAKE","MN00612","24h",2000,0.9995,5.08274956876048
"ISLAND LAKE","MN00612","24h",5000,0.9998,6.34035701338842
"ISLAND LAKE","MN00612","24h",10000,0.9999,7.50169421123848
"ISLAND LAKE","MN00612","72h",2,0.5,0.92783736842197
"ISLAND LAKE","MN00612","72h",5,0.8,1.22386996287716
"ISLAND LAKE","MN00612","72h",10,0.9,1.44553193254582
"ISLAND LAKE","MN00612","72h",25,0.96,1.7743716814846
"ISLAND LAKE","MN00612","72h",50,0.98,2.06419269886926
"ISLAND LAKE","MN00612","72h",100,0.99,2.39963143764489
"ISLAND LAKE","MN00612","72h",200,0.995,2.79009538020176
"ISLAND LAKE","MN00612","72h",500,0.998,3.4084010141635
"ISLAND LAKE","MN00612","72h",1000,0.999,3.96875256192311
"ISLAND LAKE","MN00612","72h",2000,0.9995,4.62431672652048
"ISLAND LAKE","MN00612","72h",5000,0.9998,5.66526807372365
"ISLAND LAKE","MN00612","72h",10000,0.9999,6.6098313312859
"LIBERTY DAM","MD00003","24h",2,0.5,0.904421097178416
"LIBERTY DAM","MD00003","24h",5,0.8,1.24342328939809
"LIBERTY DAM","MD00003","24h",10,0.9,1.49541572784668
"LIBERTY DAM","MD00003","24h",25,0.96,1.84214490026118
"LIBERTY DAM","MD00003","24h",50,0.98,2.11972924423452
"LIBERTY DAM","MD00003","24h",100,0.99,2.41301121278148
"LIBERTY DAM","MD00003","24h",200,0.995,2.7236201686278
"LIBERTY DAM","MD00003","24h",500,0.998,3.16308531221753
"LIBERTY DAM","MD00003","24h",1000,0.999,3.5188855451041
"LIBERTY DAM","MD00003","24h",2000,0.9995,3.89603128195275
"LIBERTY DAM","MD00003","24h",5000,0.9998,4.42916506764502
"LIBERTY DAM","MD00003","24h",10000,0.9999,4.85997639523116
"LIBERTY DAM","MD00003","72h",2,0.5,0.901054507512662
"LIBERTY DAM","MD00003","72h",5,0.8,1.25501834449007
"LIBERTY DAM","MD00003","72h",10,0.9,1.51727826391454
"LIBERTY DAM","MD00003","72h",25,0.96,1.87726936850575
"LIBERTY DAM","MD00003","72h",50,0.98,2.16489419104541
"LIBERTY DAM","MD00003","72h",100,0.99,2.46832516468631
"LIBERTY DAM","MD00003","72h",200,0.995,2.78924192896043
"LIBERTY DAM","MD00003","72h",500,0.998,3.24262818020503
"LIBERTY DAM","MD00003","72h",1000,0.999,3.60920623087376
"LIBERTY DAM","MD00003","72h",2000,0.9995,3.99735489250539
"LIBERTY DAM","MD00003","72h",5000,0.9998,4.54538950900391
"LIBERTY DAM","MD00003","72h",10000,0.9999,4.98774539321326
"LOCK & DAM 25","MO10301","24h",2,0.5,0.917362539704544
"LOCK & DAM 25","MO10301","24h",5,0.8,1.23051334580663
"LOCK & DAM 25","MO10301","24h",10,0.9,1.46220671794121
"LOCK & DAM 25","MO10301","24h",25,0.96,1.78597957032659
"LOCK & DAM 25","MO10301","24h",50,0.98,2.05077768379135
"LOCK & DAM 25","MO10301","24h",100,0.99,2.33635616310577
"LOCK & DAM 25","MO10301","24h",200,0.995,2.64536371786908
"LOCK & DAM 25","MO10301","24h",500,0.998,3.09398903802842
"LOCK & DAM 25","MO10301","24h",1000,0.999,3.46690465838555
"LOCK & DAM 25","MO10301","24h",2000,0.9995,3.8715832137701
"LOCK & DAM 25","MO10301","24h",5000,0.9998,4.4600301808778
"LOCK & DAM 25","MO10301","24h",10000,0.9999,4.9495241091012
"LOCK & DAM 25","MO10301","72h",2,0.5,0.919838986166022
"LOCK & DAM 25","MO10301","72h",5,0.8,1.24361740666716
"LOCK & DAM 25","MO10301","72h",10,0.9,1.47784493485369
"LOCK & DAM 25","MO10301","72h",25,0.96,1.79851929172403
"LOCK & DAM 25","MO10301","72h",50,0.98,2.05564896035635
"LOCK & DAM 25","MO10301","72h",100,0.99,2.32832358850486
"LOCK & DAM 25","MO10301","72h",200,0.995,2.61846543980379
"LOCK & DAM 25","MO10301","72h",500,0.998,3.03157667217224
"LOCK & DAM 25","MO10301","72h",1000,0.999,3.36840829136304
"LOCK & DAM 25","MO10301","72h",2000,0.9995,3.72788425375543
"LOCK & DAM 25","MO10301","72h",5000,0.9998,4.24054229665106
"LOCK & DAM 25","MO10301","72h",10000,0.9999,4.65885019426469
"CASTLE ROCK","WI00724","24h",2,0.5,0.91978179884134
"CASTLE ROCK","WI00724","24h",5,0.8,1.23694014012434
"CASTLE ROCK","WI00724","24h",10,0.9,1.46808881382948
"CASTLE ROCK","WI00724","24h",25,0.96,1.78669455698127
"CASTLE ROCK","WI00724","24h",50,0.98,2.04383805925242
"CASTLE ROCK","WI00724","24h",100,0.99,2.31804766035949
"CASTLE ROCK","WI00724","24h",200,0.995,2.61144058478796
"CASTLE ROCK","WI00724","24h",500,0.998,3.03187292763019
"CASTLE ROCK","WI00724","24h",1000,0.999,3.37686414863876
"CASTLE ROCK","WI00724","24h",2000,0.9995,3.7470797382961
"CASTLE ROCK","WI00724","24h",5000,0.9998,4.2784487959806
"CASTLE ROCK","WI00724","24h",10000,0.9999,4.71479134990418
"CASTLE ROCK","WI00724","72h",2,0.5,0.926862159226765
"CASTLE ROCK","WI00724","72h",5,0.8,1.24505442683024
"CASTLE ROCK","WI00724","72h",10,0.9,1.46957123595707
"CASTLE ROCK","WI00724","72h",25,0.96,1.77006294860905
"CASTLE ROCK","WI00724","72h",50,0.98,2.00578885073765
"CASTLE ROCK","WI00724","72h",100,0.99,2.2511468695253
"CASTLE ROCK","WI00724","72h",200,0.995,2.50742453722634
"CASTLE ROCK","WI00724","72h",500,0.998,2.86454520683239
"CASTLE ROCK","WI00724","72h",1000,0.999,3.14956579790858
"CASTLE ROCK","WI00724","72h",2000,0.9995,3.44818471009846
"CASTLE ROCK","WI00724","72h",5000,0.9998,3.86500005236306
"CASTLE ROCK","WI00724","72h",10000,0.9999,4.19791835428482
"CEDAR CREEK","AL05902","24h",2,0.5,0.931815819230961
"CEDAR CREEK","AL05902","24h",5,0.8,1.23231829184661
"CEDAR CREEK","AL05902","24h",10,0.9,1.43972854815002
"CEDAR CREEK","AL05902","24h",25,0.96,1.70996534436635
"CEDAR CREEK","AL05902","24h",50,0.98,1.91667142447893
"CEDAR CREEK","AL05902","24h",100,0.99,2.12768833222314
"CEDAR CREEK","AL05902","24h",200,0.995,2.3443092993429
"CEDAR CREEK","AL05902","24h",500,0.998,2.64079473666738
"CEDAR CREEK","AL05902","24h",1000,0.999,2.8736112441476
"CEDAR CREEK","AL05902","24h",2000,0.9995,3.11438425876207
"CEDAR CREEK","AL05902","24h",5000,0.9998,3.44566249096755
"CEDAR CREEK","AL05902","24h",10000,0.9999,3.70662056324886
"CEDAR CREEK","AL05902","72h",2,0.5,0.935381353466173
"CEDAR CREEK","AL05902","72h",5,0.8,1.22798598611893
"CEDAR CREEK","AL05902","72h",10,0.9,1.4318098932776
"CEDAR CREEK","AL05902","72h",25,0.96,1.70144282102386
"CEDAR CREEK","AL05902","72h",50,0.98,1.9105862421168
"CEDAR CREEK","AL05902","72h",100,0.99,2.12619461107453
"CEDAR CREEK","AL05902","72h",200,0.995,2.34925759471681
"CEDAR CREEK","AL05902","72h",500,0.998,2.65666803837293
"CEDAR CREEK","AL05902","72h",1000,0.999,2.89932596263759
"CEDAR CREEK","AL05902","72h",2000,0.9995,3.15115578780542
"CEDAR CREEK","AL05902","72h",5000,0.9998,3.4987969490426
"CEDAR CREEK","AL05902","72h",10000,0.9999,3.7734251260693
"MITCHELL","AL01424","24h",2,0.5,0.923279579107008
"MITCHELL","AL01424","24h",5,0.8,1.24284916985474
"MITCHELL","AL01424","24h",10,0.9,1.46735163632753
"MITCHELL","AL01424","24h",25,0.96,1.76367180351207
"MITCHELL","AL01424","24h",50,0.98,1.99279990008914
"MITCHELL","AL01424","24h",100,0.99,2.2286243558375
"MITCHELL","AL01424","24h",200,0.995,2.47251225866148
"MITCHELL","AL01424","24h",500,0.998,2.80895735056368
"MITCHELL","AL01424","24h",1000,0.999,3.07507845119797
"MITCHELL","AL01424","24h",2000,0.9995,3.35191116975105
"MITCHELL","AL01424","24h",5000,0.9998,3.73525694677705
"MITCHELL","AL01424","24h",10000,0.9999,4.03906569538015
"MITCHELL","AL01424","72h",2,0.5,0.92231572900573
"MITCHELL","AL01424","72h",5,0.8,1.23932478653663
"MITCHELL","AL01424","72h",10,0.9,1.46784847928877
"MITCHELL","AL01424","72h",25,0.96,1.7797124085758
"MITCHELL","AL01424","72h",50,0.98,2.02900448078996
"MITCHELL","AL01424","72h",100,0.99,2.29267140092926
"MITCHELL","AL01424","72h",200,0.995,2.5724936310178
"MITCHELL","AL01424","72h",500,0.998,2.96969958338057
"MITCHELL","AL01424","72h",1000,0.999,3.29258558244159
"MITCHELL","AL01424","72h",2000,0.9995,3.63628015546506
"MITCHELL","AL01424","72h",5000,0.9998,4.12494427707358
"MITCHELL","AL01424","72h",10000,0.9999,4.52247235629774
"HORSETOOTH","CO01659","24h",2,0.5,0.927934917957086
"HORSETOOTH","CO01659","24h",5,0.8,1.26599514974272
"HORSETOOTH","CO01659","24h",10,0.9,1.48818818227065
"HORSETOOTH","CO01659","24h",25,0.96,1.76172915559001
"HORSETOOTH","CO01659","24h",50,0.98,1.95920799337943
"HORSETOOTH","CO01659","24h",100,0.99,2.15110944613188
"HORSETOOTH","CO01659","24h",200,0.995,2.33878459936346
"HORSETOOTH","CO01659","24h",500,0.998,2.58188067886634
"HORSETOOTH","CO01659","24h",1000,0.999,2.7627697576989
"HORSETOOTH","CO01659","24h",2000,0.9995,2.94154828792988
"HORSETOOTH","CO01659","24h",5000,0.9998,3.17517754048454
"HORSETOOTH","CO01659","24h",10000,0.9999,3.35017815925202
"HORSETOOTH","CO01659","72h",2,0.5,0.913624759724131
"HORSETOOTH","CO01659","72h",5,0.8,1.29514812628081
"HORSETOOTH","CO01659","72h",10,0.9,1.54958824896159
"HORSETOOTH","CO01659","72h",25,0.96,1.86531867088516
"HORSETOOTH","CO01659","72h",50,0.98,2.09450614279417
"HORSETOOTH","CO01659","72h",100,0.99,2.31799789207432
"HORSETOOTH","CO01659","72h",200,0.995,2.53717722979332
"HORSETOOTH","CO01659","72h",500,0.998,2.82182296756023
"HORSETOOTH","CO01659","72h",1000,0.999,3.03408833130182
"HORSETOOTH","CO01659","72h",2000,0.9995,3.24420700045225
"HORSETOOTH","CO01659","72h",5000,0.9998,3.51922225243133
"HORSETOOTH","CO01659","72h",10000,0.9999,3.72550414697946
"PELICAN LAKE","MN00046","24h",2,0.5,0.919910868892573
"PELICAN LAKE","MN00046","24h",5,0.8,1.24904490766234
"PELICAN LAKE","MN00046","24h",10,0.9,1.48573885394018
"PELICAN LAKE","MN00046","24h",25,0.96,1.80804638276098
"PELICAN LAKE","MN00046","24h",50,0.98,2.0651425144303
"PELICAN LAKE","MN00046","24h",100,0.99,2.33657428063658
"PELICAN LAKE","MN00046","24h",200,0.995,2.62412170408053
"PELICAN LAKE","MN00046","24h",500,0.998,3.03144544265142
"PELICAN LAKE","MN00046","24h",1000,0.999,3.36187355696438
"PELICAN LAKE","MN00046","24h",2000,0.9995,3.71297003851097
"PELICAN LAKE","MN00046","24h",5000,0.9998,4.2111232987376
"PELICAN LAKE","MN00046","24h",10000,0.9999,4.6155363199019
"PELICAN LAKE","MN00046","72h",2,0.5,0.935238592334805
"PELICAN LAKE","MN00046","72h",5,0.8,1.21963958139605
"PELICAN LAKE","MN00046","72h",10,0.9,1.42904367471336
"PELICAN LAKE","MN00046","72h",25,0.96,1.7353542741908
"PELICAN LAKE","MN00046","72h",50,0.98,2.001803674491
"PELICAN LAKE","MN00046","72h",100,0.99,2.30679853815167
"PELICAN LAKE","MN00046","72h",200,0.995,2.65795979366768
"PELICAN LAKE","MN00046","72h",500,0.998,3.20699123699205
"PELICAN LAKE","MN00046","72h",1000,0.999,3.69838084965574
"PELICAN LAKE","MN00046","72h",2000,0.9995,4.26706691361289
"PELICAN LAKE","MN00046","72h",5000,0.9998,5.15868853101263
"PELICAN LAKE","MN00046","72h",10000,0.9999,5.95772091317594
"INDIAN LAKE STONE DAM","NY00155","24h",2,0.5,0.944128994387687
"INDIAN LAKE STONE DAM","NY00155","24h",5,0.8,1.21755784964609
"INDIAN LAKE STONE DAM","NY00155","24h",10,0.9,1.40354072072104
"INDIAN LAKE STONE DAM","NY00155","24h",25,0.96,1.64432347687967
"INDIAN LAKE STONE DAM","NY00155","24h",50,0.98,1.827225403136
"INDIAN LAKE STONE DAM","NY00155","24h",100,0.99,2.01246018133802
"INDIAN LAKE STONE DAM","NY00155","24h",200,0.995,2.20074259202142
"INDIAN LAKE STONE DAM","NY00155","24h",500,0.998,2.45495889807904
"INDIAN LAKE STONE DAM","NY00155","24h",1000,0.999,2.65157550644038
"INDIAN LAKE STONE DAM","NY00155","24h",2000,0.9995,2.85206687934493
"INDIAN LAKE STONE DAM","NY00155","24h",5000,0.9998,3.12323720779013
"INDIAN LAKE STONE DAM","NY00155","24h",10000,0.9999,3.3331345178605
"INDIAN LAKE STONE DAM","NY00155","72h",2,0.5,0.943386969063833
"INDIAN LAKE STONE DAM","NY00155","72h",5,0.8,1.21198182361488
"INDIAN LAKE STONE DAM","NY00155","72h",10,0.9,1.39639006220421
"INDIAN LAKE STONE DAM","NY00155","72h",25,0.96,1.63715876102504
"INDIAN LAKE STONE DAM","NY00155","72h",50,0.98,1.82155405819997
"INDIAN LAKE STONE DAM","NY00155","72h",100,0.99,2.00960553401253
"INDIAN LAKE STONE DAM","NY00155","72h",200,0.995,2.20207860309823
"INDIAN LAKE STONE DAM","NY00155","72h",500,0.998,2.46404619247593
"INDIAN LAKE STONE DAM","NY00155","72h",1000,0.999,2.66828358431626
"INDIAN LAKE STONE DAM","NY00155","72h",2000,0.9995,2.87798533818614
"INDIAN LAKE STONE DAM","NY00155","72h",5000,0.9998,3.16389226675834
"INDIAN LAKE STONE DAM","NY00155","72h",10000,0.9999,3.38697009680577
"MISSISSIPPI RIVER DAM 11","IA00003","24h",2,0.5,0.918297481906989
"MISSISSIPPI RIVER DAM 11","IA00003","24h",5,0.8,1.23868444746208
"MISSISSIPPI RIVER DAM 11","IA00003","24h",10,0.9,1.47285986127987
"MISSISSIPPI RIVER DAM 11","IA00003","24h",25,0.96,1.79648559203917
"MISSISSIPPI RIVER DAM 11","IA00003","24h",50,0.98,2.05834281239338
"MISSISSIPPI RIVER DAM 11","IA00003","24h",100,0.99,2.33818209726594
"MISSISSIPPI RIVER DAM 11","IA00003","24h",200,0.995,2.63824171733284
"MISSISSIPPI RIVER DAM 11","IA00003","24h",500,0.998,3.06930092809596
"MISSISSIPPI RIVER DAM 11","IA00003","24h",1000,0.999,3.42388733120282
"MISSISSIPPI RIVER DAM 11","IA00003","24h",2000,0.9995,3.80521305447442
"MISSISSIPPI RIVER DAM 11","IA00003","24h",5000,0.9998,4.35389180517739
"MISSISSIPPI RIVER DAM 11","IA00003","24h",10000,0.9999,4.80556205595224
"MISSISSIPPI RIVER DAM 11","IA00003","72h",2,0.5,0.928232028131597
"MISSISSIPPI RIVER DAM 11","IA00003","72h",5,0.8,1.24430786813339
"MISSISSIPPI RIVER DAM 11","IA00003","72h",10,0.9,1.46644653708598
"MISSISSIPPI RIVER DAM 11","IA00003","72h",25,0.96,1.76268488469142
"MISSISSIPPI RIVER DAM 11","IA00003","72h",50,0.98,1.99426447303142
"MISSISSIPPI RIVER DAM 11","IA00003","72h",100,0.99,2.2345919634766
"MISSISSIPPI RIVER DAM 11","IA00003","72h",200,0.995,2.48487491573984
"MISSISSIPPI RIVER DAM 11","IA00003","72h",500,0.998,2.83244876041718
"MISSISSIPPI RIVER DAM 11","IA00003","72h",1000,0.999,3.10890667394553
"MISSISSIPPI RIVER DAM 11","IA00003","72h",2000,0.9995,3.39770432806215
"MISSISSIPPI RIVER DAM 11","IA00003","72h",5000,0.9998,3.79943497798175
"MISSISSIPPI RIVER DAM 11","IA00003","72h",10000,0.9999,4.11921495963917
"IATT LAKE DAM","LA00018","24h",2,0.5,0.907949153026845
"IATT LAKE DAM","LA00018","24h",5,0.8,1.25726023770079
"IATT LAKE DAM","LA00018","24h",10,0.9,1.5155775562759
"IATT LAKE DAM","LA00018","24h",25,0.96,1.87638931354658
"IATT LAKE DAM","LA00018","24h",50,0.98,2.17134901406424
"IATT LAKE DAM","LA00018","24h",100,0.99,2.48933587390074
"IATT LAKE DAM","LA00018","24h",200,0.995,2.83328134318682
"IATT LAKE DAM","LA00018","24h",500,0.998,3.33241232689446
"IATT LAKE DAM","LA00018","24h",1000,0.999,3.74713088551168
"IATT LAKE DAM","LA00018","24h",2000,0.9995,4.19700466014379
"IATT LAKE DAM","LA00018","24h",5000,0.9998,4.85088531622154
"IATT LAKE DAM","LA00018","24h",10000,0.9999,5.39457466380019
"IATT LAKE DAM","LA00018","72h",2,0.5,0.919938754912178
"IATT LAKE DAM","LA00018","72h",5,0.8,1.28097666893332
"IATT LAKE DAM","LA00018","72h",10,0.9,1.52846025203563
"IATT LAKE DAM","LA00018","72h",25,0.96,1.84928859010496
"IATT LAKE DAM","LA00018","72h",50,0.98,2.09365931946936
"IATT LAKE DAM","LA00018","72h",100,0.99,2.34233519897732
"IATT LAKE DAM","LA00018","72h",200,0.995,2.59688051467497
"IATT LAKE DAM","LA00018","72h",500,0.998,2.94420676926607
"IATT LAKE DAM","LA00018","72h",1000,0.999,3.21617654496974
"IATT LAKE DAM","LA00018","72h",2000,0.9995,3.49680076090329
"IATT LAKE DAM","LA00018","72h",5000,0.9998,3.8819472684738
"IATT LAKE DAM","LA00018","72h",10000,0.9999,4.18462463989173
"MINOCQUA","WI00767","24h",2,0.5,0.912990005458069
"MINOCQUA","WI00767","24h",5,0.8,1.23038508622789
"MINOCQUA","WI00767","24h",10,0.9,1.46850395619372
"MINOCQUA","WI00767","24h",25,0.96,1.80550216324062
"MINOCQUA","WI00767","24h",50,0.98,2.08450401706746
"MINOCQUA","WI00767","24h",100,0.99,2.38855230231069
"MINOCQUA","WI00767","24h",200,0.995,2.72097166782707
"MINOCQUA","WI00767","24h",500,0.998,3.20943796470604
"MINOCQUA","WI00767","24h",1000,0.999,3.62034141837312
"MINOCQUA","WI00767","24h",2000,0.9995,4.07086519373477
"MINOCQUA","WI00767","24h",5000,0.9998,4.73390074209614
"MINOCQUA","WI00767","24h",10000,0.9999,5.29204888749051
"MINOCQUA","WI00767","72h",2,0.5,0.931123420816939
"MINOCQUA","WI00767","72h",5,0.8,1.20776188487128
"MINOCQUA","WI00767","72h",10,0.9,1.41603142416836
"MINOCQUA","WI00767","72h",25,0.96,1.72641640317429
"MINOCQUA","WI00767","72h",50,0.98,2.00113590995288
"MINOCQUA","WI00767","72h",100,0.99,2.32023787516225
"MINOCQUA","WI00767","72h",200,0.995,2.69300451376297
"MINOCQUA","WI00767","72h",500,0.998,3.28572761064118
"MINOCQUA","WI00767","72h",1000,0.999,3.82507307782537
"MINOCQUA","WI00767","72h",2000,0.9995,4.45828157250783
"MINOCQUA","WI00767","72h",5000,0.9998,5.46787518621371
"MINOCQUA","WI00767","72h",10000,0.9999,6.38769171313852
"JACKSON BLUFF","FL00108","24h",2,0.5,0.919830000546013
"JACKSON BLUFF","FL00108","24h",5,0.8,1.25825997592423
"JACKSON BLUFF","FL00108","24h",10,0.9,1.49944530045171
"JACKSON BLUFF","FL00108","24h",25,0.96,1.82517690572592
"JACKSON BLUFF","FL00108","24h",50,0.98,2.08294604228027
"JACKSON BLUFF","FL00108","24h",100,0.99,2.35325159165361
"JACKSON BLUFF","FL00108","24h",200,0.995,2.63768383154809
"JACKSON BLUFF","FL00108","24h",500,0.998,3.0374562126251
"JACKSON BLUFF","FL00108","24h",1000,0.999,3.35925095259024
"JACKSON BLUFF","FL00108","24h",2000,0.9995,3.6988900781109
"JACKSON BLUFF","FL00108","24h",5000,0.9998,4.1770415704837
"JACKSON BLUFF","FL00108","24h",10000,0.9999,4.56221851701655
"JACKSON BLUFF","FL00108","72h",2,0.5,0.917034525234568
"JACKSON BLUFF","FL00108","72h",5,0.8,1.25588394163602
"JACKSON BLUFF","FL00108","72h",10,0.9,1.50008042525014
"JACKSON BLUFF","FL00108","72h",25,0.96,1.83324429130668
"JACKSON BLUFF","FL00108","72h",50,0.98,2.0994943607101
"JACKSON BLUFF","FL00108","72h",100,0.99,2.38103555822946
"JACKSON BLUFF","FL00108","72h",200,0.995,2.67976228940028
"JACKSON BLUFF","FL00108","72h",500,0.998,3.10369598821549
"JACKSON BLUFF","FL00108","72h",1000,0.999,3.44822245961793
"JACKSON BLUFF","FL00108","72h",2000,0.9995,3.8148727915392
"JACKSON BLUFF","FL00108","72h",5000,0.9998,4.33604401165274
"JACKSON BLUFF","FL00108","72h",10000,0.9999,4.75991051043876
"LOCKINGTON DAM","OH00391","24h",2,0.5,0.944909497181696
"LOCKINGTON DAM","OH00391","24h",5,0.8,1.22340000063733
"LOCKINGTON DAM","OH00391","24h",10,0.9,1.41103595994653
"LOCKINGTON DAM","OH00391","24h",25,0.96,1.65188367297137
"LOCKINGTON DAM","OH00391","24h",50,0.98,1.83331776604146
"LOCKINGTON DAM","OH00391","24h",100,0.99,2.01577079056482
"LOCKINGTON DAM","OH00391","24h",200,0.995,2.1999256325368
"LOCKINGTON DAM","OH00391","24h",500,0.998,2.4465507071099
"LOCKINGTON DAM","OH00391","24h",1000,0.999,2.63575242875383
"LOCKINGTON DAM","OH00391","24h",2000,0.9995,2.82733692758925
"LOCKINGTON DAM","OH00391","24h",5000,0.9998,3.08436183240491
"LOCKINGTON DAM","OH00391","24h",10000,0.9999,3.28170173565077
"LOCKINGTON DAM","OH00391","72h",2,0.5,0.947720826794734
"LOCKINGTON DAM","OH00391","72h",5,0.8,1.21434920054776
"LOCKINGTON DAM","OH00391","72h",10,0.9,1.39353590393542
"LOCKINGTON DAM","OH00391","72h",25,0.96,1.62300969796034
"LOCKINGTON DAM","OH00391","72h",50,0.98,1.79548988774613
"LOCKINGTON DAM","OH00391","72h",100,0.99,1.96860995786741
"LOCKINGTON DAM","OH00391","72h",200,0.995,2.14301541439583
"LOCKINGTON DAM","OH00391","72h",500,0.998,2.3760739586804
"LOCKINGTON DAM","OH00391","72h",1000,0.999,2.55447860296027
"LOCKINGTON DAM","OH00391","72h",2000,0.9995,2.73479118061197
"LOCKINGTON DAM","OH00391","72h",5000,0.9998,2.97616705627679
"LOCKINGTON DAM","OH00391","72h",10000,0.9999,3.16108876435871
"GAINER MEMORIAL","RI03001","24h",2,0.5,0.929857602365231
"GAINER MEMORIAL","RI03001","24h",5,0.8,1.23604612102203
"GAINER MEMORIAL","RI03001","24h",10,0.9,1.45185626982871
"GAINER MEMORIAL","RI03001","24h",25,0.96,1.74040771912635
"GAINER MEMORIAL","RI03001","24h",50,0.98,1.96654901042533
"GAINER MEMORIAL","RI03001","24h",100,0.99,2.2017379836025
"GAINER MEMORIAL","RI03001","24h",200,0.995,2.44719392926506
"GAINER MEMORIAL","RI03001","24h",500,0.998,2.78891132796071
"GAINER MEMORIAL","RI03001","24h",1000,0.999,3.06138227908273
"GAINER MEMORIAL","RI03001","24h",2000,0.9995,3.34662140619338
"GAINER MEMORIAL","RI03001","24h",5000,0.9998,3.74438562577605
"GAINER MEMORIAL","RI03001","24h",10000,0.9999,4.0617893430005
"GAINER MEMORIAL","RI03001","72h",2,0.5,0.918916570487932
"GAINER MEMORIAL","RI03001","72h",5,0.8,1.2378105726877
"GAINER MEMORIAL","RI03001","72h",10,0.9,1.47065423603623
"GAINER MEMORIAL","RI03001","72h",25,0.96,1.79213704461089
"GAINER MEMORIAL","RI03001","72h",50,0.98,2.05202443610184
"GAINER MEMORIAL","RI03001","72h",100,0.99,2.32954394521574
"GAINER MEMORIAL","RI03001","72h",200,0.995,2.62688741873676
"GAINER MEMORIAL","RI03001","72h",500,0.998,3.05366310885949
"GAINER MEMORIAL","RI03001","72h",1000,0.999,3.40441514787219
"GAINER MEMORIAL","RI03001","72h",2000,0.9995,3.78132880214564
"GAINER MEMORIAL","RI03001","72h",5000,0.9998,4.32317578843668
"GAINER MEMORIAL","RI03001","72h",10000,0.9999,4.76882774218265
"FRANKLIN COUNTY DAM","TX03288","24h",2,0.5,0.933252293335878
"FRANKLIN COUNTY DAM","TX03288","24h",5,0.8,1.24002331024559
"FRANKLIN COUNTY DAM","TX03288","24h",10,0.9,1.45271863188342
"FRANKLIN COUNTY DAM","TX03288","24h",25,0.96,1.73289785891272
"FRANKLIN COUNTY DAM","TX03288","24h",50,0.98,1.94933167750333
"FRANKLIN COUNTY DAM","TX03288","24h",100,0.99,2.1716785519838
"FRANKLIN COUNTY DAM","TX03288","24h",200,0.995,2.40091610216199
"FRANKLIN COUNTY DAM","TX03288","24h",500,0.998,2.71556695155319
"FRANKLIN COUNTY DAM","TX03288","24h",1000,0.999,2.9629475688637
"FRANKLIN COUNTY DAM","TX03288","24h",2000,0.9995,3.21879351811376
"FRANKLIN COUNTY DAM","TX03288","24h",5000,0.9998,3.57056329265869
"FRANKLIN COUNTY DAM","TX03288","24h",10000,0.9999,3.84734364440814
"FRANKLIN COUNTY DAM","TX03288","72h",2,0.5,0.935202448680482
"FRANKLIN COUNTY DAM","TX03288","72h",5,0.8,1.24533584258418
"FRANKLIN COUNTY DAM","TX03288","72h",10,0.9,1.45769687740304
"FRANKLIN COUNTY DAM","TX03288","72h",25,0.96,1.73429432206942
"FRANKLIN COUNTY DAM","TX03288","72h",50,0.98,1.9456351265075
"FRANKLIN COUNTY DAM","TX03288","72h",100,0.99,2.160738844428
"FRANKLIN COUNTY DAM","TX03288","72h",200,0.995,2.38046590526979
"FRANKLIN COUNTY DAM","TX03288","72h",500,0.998,2.67884408435587
"FRANKLIN COUNTY DAM","TX03288","72h",1000,0.999,2.91093848055498
"FRANKLIN COUNTY DAM","TX03288","72h",2000,0.9995,3.14877473401143
"FRANKLIN COUNTY DAM","TX03288","72h",5000,0.9998,3.47230045776534
"FRANKLIN COUNTY DAM","TX03288","72h",10000,0.9999,3.72415602517957
"WEST GRAND LAKE","ME00223","24h",2,0.5,0.941205648666658
"WEST GRAND LAKE","ME00223","24h",5,0.8,1.22898978823776
"WEST GRAND LAKE","ME00223","24h",10,0.9,1.42472712097399
"WEST GRAND LAKE","ME00223","24h",25,0.96,1.67812699540291
"WEST GRAND LAKE","ME00223","24h",50,0.98,1.87060458658927
"WEST GRAND LAKE","ME00223","24h",100,0.99,2.06552987334573
"WEST GRAND LAKE","ME00223","24h",200,0.995,2.26365485910343
"WEST GRAND LAKE","ME00223","24h",500,0.998,2.53114894415492
"WEST GRAND LAKE","ME00223","24h",1000,0.999,2.73802599854077
"WEST GRAND LAKE","ME00223","24h",2000,0.9995,2.94897221409989
"WEST GRAND LAKE","ME00223","24h",5000,0.9998,3.23427074731436
"WEST GRAND LAKE","ME00223","24h",10000,0.9999,3.4550944103918
"WEST GRAND LAKE","ME00223","72h",2,0.5,0.944382119091299
"WEST GRAND LAKE","ME00223","72h",5,0.8,1.23435940752517
"WEST GRAND LAKE","ME00223","72h",10,0.9,1.42802174282274
"WEST GRAND LAKE","ME00223","72h",25,0.96,1.67463622907495
"WEST GRAND LAKE","ME00223","72h",50,0.98,1.85898529798328
"WEST GRAND LAKE","ME00223","72h",100,0.99,2.04315795017377
"WEST GRAND LAKE","ME00223","72h",200,0.995,2.22784011430231
"WEST GRAND LAKE","ME00223","72h",500,0.998,2.47331038028212
"WEST GRAND LAKE","ME00223","72h",1000,0.999,2.6602124356716
"WEST GRAND LAKE","ME00223","72h",2000,0.9995,2.84824408613199
"WEST GRAND LAKE","ME00223","72h",5000,0.9998,3.09860873149808
"WEST GRAND LAKE","ME00223","72h",10000,0.9999,3.28939349748177
"FRANCIS E WALTER DAM","PA00008","24h",2,0.5,0.912026851591227
"FRANCIS E WALTER DAM","PA00008","24h",5,0.8,1.25033420719203
"FRANCIS E WALTER DAM","PA00008","24h",10,0.9,1.4944790901462
"FRANCIS E WALTER DAM","PA00008","24h",25,0.96,1.8231595451183
"FRANCIS E WALTER DAM","PA00008","24h",50,0.98,2.08154524845831
"FRANCIS E WALTER DAM","PA00008","24h",100,0.99,2.35081632327104
"FRANCIS E WALTER DAM","PA00008","24h",200,0.995,2.63246076419006
"FRANCIS E WALTER DAM","PA00008","24h",500,0.998,3.02569116420096
"FRANCIS E WALTER DAM","PA00008","24h",1000,0.999,3.34019320702726
"FRANCIS E WALTER DAM","PA00008","24h",2000,0.9995,3.67029158197664
"FRANCIS E WALTER DAM","PA00008","24h",5000,0.9998,4.13189868118652
"FRANCIS E WALTER DAM","PA00008","24h",10000,0.9999,4.50112806852411
"FRANCIS E WALTER DAM","PA00008","72h",2,0.5,0.919068117903626
"FRANCIS E WALTER DAM","PA00008","72h",5,0.8,1.23895307605816
"FRANCIS E WALTER DAM","PA00008","72h",10,0.9,1.47211319437976
"FRANCIS E WALTER DAM","PA00008","72h",25,0.96,1.79352187670796
"FRANCIS E WALTER DAM","PA00008","72h",50,0.98,2.05295131910973
"FRANCIS E WALTER DAM","PA00008","72h",100,0.99,2.3296201259652
"FRANCIS E WALTER DAM","PA00008","72h",200,0.995,2.62566723434044
"FRANCIS E WALTER DAM","PA00008","72h",500,0.998,3.04994121865515
"FRANCIS E WALTER DAM","PA00008","72h",1000,0.999,3.39811581487345
"FRANCIS E WALTER DAM","PA00008","72h",2000,0.9995,3.77177634313371
"FRANCIS E WALTER DAM","PA00008","72h",5000,0.9998,4.30813808430562
"FRANCIS E WALTER DAM","PA00008","72h",10000,0.9999,4.74861972265774
"MENDOTA LOCKS","WI00621","24h",2,0.5,0.918238778136108
"MENDOTA LOCKS","WI00621","24h",5,0.8,1.25175935252083
"MENDOTA LOCKS","WI00621","24h",10,0.9,1.48766626006347
"MENDOTA LOCKS","WI00621","24h",25,0.96,1.80060242000528
"MENDOTA LOCKS","WI00621","24h",50,0.98,2.04359443762626
"MENDOTA LOCKS","WI00621","24h",100,0.99,2.29447865217167
"MENDOTA LOCKS","WI00621","24h",200,0.995,2.55468549869721
"MENDOTA LOCKS","WI00621","24h",500,0.998,2.91473761835815
"MENDOTA LOCKS","WI00621","24h",1000,0.999,3.20033199013363
"MENDOTA LOCKS","WI00621","24h",2000,0.9995,3.49809529608168
"MENDOTA LOCKS","WI00621","24h",5000,0.9998,3.91144958440799
"MENDOTA LOCKS","WI00621","24h",10000,0.9999,4.23980876717116
"MENDOTA LOCKS","WI00621","72h",2,0.5,0.926878443282764
"MENDOTA LOCKS","WI00621","72h",5,0.8,1.24881226914714
"MENDOTA LOCKS","WI00621","72h",10,0.9,1.47509143879916
"MENDOTA LOCKS","WI00621","72h",25,0.96,1.77687988196092
"MENDOTA LOCKS","WI00621","72h",50,0.98,2.01281968028715
"MENDOTA LOCKS","WI00621","72h",100,0.99,2.25769108266537
"MENDOTA LOCKS","WI00621","72h",200,0.995,2.51272585145438
"MENDOTA LOCKS","WI00621","72h",500,0.998,2.86693036134464
"MENDOTA LOCKS","WI00621","72h",1000,0.999,3.14868733194866
"MENDOTA LOCKS","WI00621","72h",2000,0.9995,3.44304316515537
"MENDOTA LOCKS","WI00621","72h",5000,0.9998,3.85254206758915
"MENDOTA LOCKS","WI00621","72h",10000,0.9999,4.17853459842264
"CRISP COUNTY (WARWICK)","GA00831","24h",2,0.5,0.914742791171126
"CRISP COUNTY (WARWICK)","GA00831","24h",5,0.8,1.2465876516091
"CRISP COUNTY (WARWICK)","GA00831","24h",10,0.9,1.48977643975627
"CRISP COUNTY (WARWICK)","GA00831","24h",25,0.96,1.82666455963289
"CRISP COUNTY (WARWICK)","GA00831","24h",50,0.98,2.09988354171516
"CRISP COUNTY (WARWICK)","GA00831","24h",100,0.99,2.39244048372059
"CRISP COUNTY (WARWICK)","GA00831","24h",200,0.995,2.70675179175427
"CRISP COUNTY (WARWICK)","GA00831","24h",500,0.998,3.15931376687289
"CRISP COUNTY (WARWICK)","GA00831","24h",1000,0.999,3.53242888623677
"CRISP COUNTY (WARWICK)","GA00831","24h",2000,0.9995,3.93446351747169
"CRISP COUNTY (WARWICK)","GA00831","24h",5000,0.9998,4.51425520118722
"CRISP COUNTY (WARWICK)","GA00831","24h",10000,0.9999,4.99261412899987
"CRISP COUNTY (WARWICK)","GA00831","72h",2,0.5,0.921337181254709
"CRISP COUNTY (WARWICK)","GA00831","72h",5,0.8,1.24432132525686
"CRISP COUNTY (WARWICK)","GA00831","72h",10,0.9,1.47666325822292
"CRISP COUNTY (WARWICK)","GA00831","72h",25,0.96,1.79313211519187
"CRISP COUNTY (WARWICK)","GA00831","72h",50,0.98,2.04563832881304
"CRISP COUNTY (WARWICK)","GA00831","72h",100,0.99,2.31228489253072
"CRISP COUNTY (WARWICK)","GA00831","72h",200,0.995,2.59482691429623
"CRISP COUNTY (WARWICK)","GA00831","72h",500,0.998,2.99516544582456
"CRISP COUNTY (WARWICK)","GA00831","72h",1000,0.999,3.32001171090154
"CRISP COUNTY (WARWICK)","GA00831","72h",2000,0.9995,3.66525491183
"CRISP COUNTY (WARWICK)","GA00831","72h",5000,0.9998,4.15523167264611
"CRISP COUNTY (WARWICK)","GA00831","72h",10000,0.9999,4.55311040512855
"FALSE RIVER DRAINAGE STRUCTURE","LA00016","24h",2,0.5,0.915825354053031
"FALSE RIVER DRAINAGE STRUCTURE","LA00016","24h",5,0.8,1.26147110863496
"FALSE RIVER DRAINAGE STRUCTURE","LA00016","24h",10,0.9,1.50542299144415
"FALSE RIVER DRAINAGE STRUCTURE","LA00016","24h",25,0.96,1.82851423380949
"FALSE RIVER DRAINAGE STRUCTURE","LA00016","24h",50,0.98,2.07905650078692
"FALSE RIVER DRAINAGE STRUCTURE","LA00016","24h",100,0.99,2.33747576824511
"FALSE RIVER DRAINAGE STRUCTURE","LA00016","24h",200,0.995,2.60525279570192
"FALSE RIVER DRAINAGE STRUCTURE","LA00016","24h",500,0.998,2.97541993397127
"FALSE RIVER DRAINAGE STRUCTURE","LA00016","24h",1000,0.999,3.26877467298661
"FALSE RIVER DRAINAGE STRUCTURE","LA00016","24h",2000,0.9995,3.57440807890259
"FALSE RIVER DRAINAGE STRUCTURE","LA00016","24h",5000,0.9998,3.99835167270748
"FALSE RIVER DRAINAGE STRUCTURE","LA00016","24h",10000,0.9999,4.33487117142029
"FALSE RIVER DRAINAGE STRUCTURE","LA00016","72h",2,0.5,0.915579156138655
"FALSE RIVER DRAINAGE STRUCTURE","LA00016","72h",5,0.8,1.26772436858058
"FALSE RIVER DRAINAGE STRUCTURE","LA00016","72h",10,0.9,1.51499829539225
"FALSE RIVER DRAINAGE STRUCTURE","LA00016","72h",25,0.96,1.84126463910194
"FALSE RIVER DRAINAGE STRUCTURE","LA00016","72h",50,0.98,2.09347745973623
"FALSE RIVER DRAINAGE STRUCTURE","LA00016","72h",100,0.99,2.35300624723082
"FALSE RIVER DRAINAGE STRUCTURE","LA00016","72h",200,0.995,2.62135733941027
"FALSE RIVER DRAINAGE STRUCTURE","LA00016","72h",500,0.998,2.99147382611969
"FALSE RIVER DRAINAGE STRUCTURE","LA00016","72h",1000,0.999,3.28417308127045
"FALSE RIVER DRAINAGE STRUCTURE","LA00016","72h",2000,0.9995,3.58860742384945
"FALSE RIVER DRAINAGE STRUCTURE","LA00016","72h",5000,0.9998,4.01010441270455
"FALSE RIVER DRAINAGE STRUCTURE","LA00016","72h",10000,0.9999,4.34409614722392
"G123 CONTROL STRUCTURE","FL74001","24h",2,0.5,0.906243249786144
"G123 CONTROL STRUCTURE","FL74001","24h",5,0.8,1.26881612727197
"G123 CONTROL STRUCTURE","FL74001","24h",10,0.9,1.53513425593846
"G123 CONTROL STRUCTURE","FL74001","24h",25,0.96,1.90483589940978
"G123 CONTROL STRUCTURE","FL74001","24h",50,0.98,2.20527247817606
"G123 CONTROL STRUCTURE","FL74001","24h",100,0.99,2.52752716752601
"G123 CONTROL STRUCTURE","FL74001","24h",200,0.995,2.87433720112905
"G123 CONTROL STRUCTURE","FL74001","24h",500,0.998,3.37468622701365
"G123 CONTROL STRUCTURE","FL74001","24h",1000,0.999,3.78801261359064
"G123 CONTROL STRUCTURE","FL74001","24h",2000,0.9995,4.23413390425549
"G123 CONTROL STRUCTURE","FL74001","24h",5000,0.9998,4.87878228188805
"G123 CONTROL STRUCTURE","FL74001","24h",10000,0.9999,5.41169874662944
"G123 CONTROL STRUCTURE","FL74001","72h",2,0.5,0.917412216142504
"G123 CONTROL STRUCTURE","FL74001","72h",5,0.8,1.27193263739746
"G123 CONTROL STRUCTURE","FL74001","72h",10,0.9,1.52318543840303
"G123 CONTROL STRUCTURE","FL74001","72h",25,0.96,1.86080595208423
"G123 CONTROL STRUCTURE","FL74001","72h",50,0.98,2.12668321957577
"G123 CONTROL STRUCTURE","FL74001","72h",100,0.99,2.4043358753124
"G123 CONTROL STRUCTURE","FL74001","72h",200,0.995,2.69529512795251
"G123 CONTROL STRUCTURE","FL74001","72h",500,0.998,3.10228557629065
"G123 CONTROL STRUCTURE","FL74001","72h",1000,0.999,3.42833442717204
"G123 CONTROL STRUCTURE","FL74001","72h",2000,0.9995,3.77105222841227
"G123 CONTROL STRUCTURE","FL74001","72h",5000,0.9998,4.25123568169762
"G123 CONTROL STRUCTURE","FL74001","72h",10000,0.9999,4.63621425304346
"HILLSDALE DAM","KS82201","24h",2,0.5,0.925726770378993
"HILLSDALE DAM","KS82201","24h",5,0.8,1.25913925920985
"HILLSDALE DAM","KS82201","24h",10,0.9,1.49203095480853
"HILLSDALE DAM","KS82201","24h",25,0.96,1.80088835488072
"HILLSDALE DAM","KS82201","24h",50,0.98,2.04103753682556
"HILLSDALE DAM","KS82201","24h",100,0.99,2.28912060972259
"HILLSDALE DAM","KS82201","24h",200,0.995,2.54630743683264
"HILLSDALE DAM","KS82201","24h",500,0.998,2.90158830789247
"HILLSDALE DAM","KS82201","24h",1000,0.999,3.18269691636316
"HILLSDALE DAM","KS82201","24h",2000,0.9995,3.47502610867412
"HILLSDALE DAM","KS82201","24h",5000,0.9998,3.87953297825151
"HILLSDALE DAM","KS82201","24h",10000,0.9999,4.19983901388025
"HILLSDALE DAM","KS82201","72h",2,0.5,0.936685178678448
"HILLSDALE DAM","KS82201","72h",5,0.8,1.25917741751256
"HILLSDALE DAM","KS82201","72h",10,0.9,1.47598796430049
"HILLSDALE DAM","KS82201","72h",25,0.96,1.75373777139271
"HILLSDALE DAM","KS82201","72h",50,0.98,1.96257202036158
"HILLSDALE DAM","KS82201","72h",100,0.99,2.17223915873414
"HILLSDALE DAM","KS82201","72h",200,0.995,2.38352130380618
"HILLSDALE DAM","KS82201","72h",500,0.998,2.66594848551679
"HILLSDALE DAM","KS82201","72h",1000,0.999,2.88221337307974
"HILLSDALE DAM","KS82201","72h",2000,0.9995,3.10085108531801
"HILLSDALE DAM","KS82201","72h",5000,0.9998,3.39362429750129
"HILLSDALE DAM","KS82201","72h",10000,0.9999,3.61799368995936
"DIERKS","AR01202","24h",2,0.5,0.928930017131189
"DIERKS","AR01202","24h",5,0.8,1.21257963095539
"DIERKS","AR01202","24h",10,0.9,1.42647923001541
"DIERKS","AR01202","24h",25,0.96,1.74569536930422
"DIERKS","AR01202","24h",50,0.98,2.02859441882993
"DIERKS","AR01202","24h",100,0.99,2.35755407955742
"DIERKS","AR01202","24h",200,0.995,2.74224886165001
"DIERKS","AR01202","24h",500,0.998,3.35470326089875
"DIERKS","AR01202","24h",1000,0.999,3.91268623211539
"DIERKS","AR01202","24h",2000,0.9995,4.56847242203015
"DIERKS","AR01202","24h",5000,0.9998,5.61536563642143
"DIERKS","AR01202","24h",10000,0.9999,6.57033150476133
"DIERKS","AR01202","72h",2,0.5,0.933550722737169
"DIERKS","AR01202","72h",5,0.8,1.24247399961986
"DIERKS","AR01202","72h",10,0.9,1.45589812519255
"DIERKS","AR01202","72h",25,0.96,1.73612957592272
"DIERKS","AR01202","72h",50,0.98,1.9519264047497
"DIERKS","AR01202","72h",100,0.99,2.1730289604622
"DIERKS","AR01202","72h",200,0.995,2.40038037306024
"DIERKS","AR01202","72h",500,0.998,2.71148489442458
"DIERKS","AR01202","72h",1000,0.999,2.95533049839323
"DIERKS","AR01202","72h",2000,0.9995,3.20685632720748
"DIERKS","AR01202","72h",5000,0.9998,3.55162759388052
"DIERKS","AR01202","72h",10000,0.9999,3.82207394506708
"COLUMBIA LOCK & DAM","LA00177","24h",2,0.5,0.91432873253151
"COLUMBIA LOCK & DAM","LA00177","24h",5,0.8,1.2484294495888
"COLUMBIA LOCK & DAM","LA00177","24h",10,0.9,1.49310435907614
"COLUMBIA LOCK & DAM","LA00177","24h",25,0.96,1.83184047491932
"COLUMBIA LOCK & DAM","LA00177","24h",50,0.98,2.10639344870069
"COLUMBIA LOCK & DAM","LA00177","24h",100,0.99,2.40022852643684
"COLUMBIA LOCK & DAM","LA00177","24h",200,0.995,2.71575252975962
"COLUMBIA LOCK & DAM","LA00177","24h",500,0.998,3.169792203524
"COLUMBIA LOCK & DAM","LA00177","24h",1000,0.999,3.54390649685277
"COLUMBIA LOCK & DAM","LA00177","24h",2000,0.9995,3.94681381524873
"COLUMBIA LOCK & DAM","LA00177","24h",5000,0.9998,4.52752152077516
"COLUMBIA LOCK & DAM","LA00177","24h",10000,0.9999,5.00635607500896
"COLUMBIA LOCK & DAM","LA00177","72h",2,0.5,0.925163962212433
"COLUMBIA LOCK & DAM","LA00177","72h",5,0.8,1.23781000565963
"COLUMBIA LOCK & DAM","LA00177","72h",10,0.9,1.47083713935642
"COLUMBIA LOCK & DAM","LA00177","72h",25,0.96,1.81520592007644
"COLUMBIA LOCK & DAM","LA00177","72h",50,0.98,2.11762567702062
"COLUMBIA LOCK & DAM","LA00177","72h",100,0.99,2.4665867715409
"COLUMBIA LOCK & DAM","LA00177","72h",200,0.995,2.87157505022232
"COLUMBIA LOCK & DAM","LA00177","72h",500,0.998,3.51064587843137
"COLUMBIA LOCK & DAM","LA00177","72h",1000,0.999,4.08783680143475
"COLUMBIA LOCK & DAM","LA00177","72h",2000,0.9995,4.76109917450535
"COLUMBIA LOCK & DAM","LA00177","72h",5000,0.9998,5.82644480759992
"COLUMBIA LOCK & DAM","LA00177","72h",10000,0.9999,6.78984671231072
"COLUMBIA CLOSURE DAM","LA00178","24h",2,0.5,0.914977815201428
"COLUMBIA CLOSURE DAM","LA00178","24h",5,0.8,1.24735136598091
"COLUMBIA CLOSURE DAM","LA00178","24h",10,0.9,1.49055329895321
"COLUMBIA CLOSURE DAM","LA00178","24h",25,0.96,1.82698790843606
"COLUMBIA CLOSURE DAM","LA00178","24h",50,0.98,2.09947055326289
"COLUMBIA CLOSURE DAM","LA00178","24h",100,0.99,2.39090312358225
"COLUMBIA CLOSURE DAM","LA00178","24h",200,0.995,2.70364794430798
"COLUMBIA CLOSURE DAM","LA00178","24h",500,0.998,3.15335523154115
"COLUMBIA CLOSURE DAM","LA00178","24h",1000,0.999,3.52362799671057
"COLUMBIA CLOSURE DAM","LA00178","24h",2000,0.9995,3.92214535687262
"COLUMBIA CLOSURE DAM","LA00178","24h",5000,0.9998,4.49610161228267
"COLUMBIA CLOSURE DAM","LA00178","24h",10000,0.9999,4.96902237961951
"COLUMBIA CLOSURE DAM","LA00178","72h",2,0.5,0.923103431151234
"COLUMBIA CLOSURE DAM","LA00178","72h",5,0.8,1.23854366602861
"COLUMBIA CLOSURE DAM","LA00178","72h",10,0.9,1.47473996221925
"COLUMBIA CLOSURE DAM","LA00178","72h",25,0.96,1.82514459809634
"COLUMBIA CLOSURE DAM","LA00178","72h",50,0.98,2.13397411228244
"COLUMBIA CLOSURE DAM","LA00178","72h",100,0.99,2.49141563169077
"COLUMBIA CLOSURE DAM","LA00178","72h",200,0.995,2.9074943900024
"COLUMBIA CLOSURE DAM","LA00178","72h",500,0.998,3.56636647209453
"COLUMBIA CLOSURE DAM","LA00178","72h",1000,0.999,4.1634865951645
"COLUMBIA CLOSURE DAM","LA00178","72h",2000,0.9995,4.86207140553531
"COLUMBIA CLOSURE DAM","LA00178","72h",5000,0.9998,5.9713423624562
"COLUMBIA CLOSURE DAM","LA00178","72h",10000,0.9999,6.97790656497986
"GRAND LAKE ST. MARYS - WEST EMBANKMENT","OH00580","24h",2,0.5,0.936183867624428
"GRAND LAKE ST. MARYS - WEST EMBANKMENT","OH00580","24h",5,0.8,1.22378733198239
"GRAND LAKE ST. MARYS - WEST EMBANKMENT","OH00580","24h",10,0.9,1.42442893745733
"GRAND LAKE ST. MARYS - WEST EMBANKMENT","OH00580","24h",25,0.96,1.69021406636365
"GRAND LAKE ST. MARYS - WEST EMBANKMENT","OH00580","24h",50,0.98,1.89664516754886
"GRAND LAKE ST. MARYS - WEST EMBANKMENT","OH00580","24h",100,0.99,2.10969638853162
"GRAND LAKE ST. MARYS - WEST EMBANKMENT","OH00580","24h",200,0.995,2.33036000474958
"GRAND LAKE ST. MARYS - WEST EMBANKMENT","OH00580","24h",500,0.998,2.6348578190707
"GRAND LAKE ST. MARYS - WEST EMBANKMENT","OH00580","24h",1000,0.999,2.8755263962354
"GRAND LAKE ST. MARYS - WEST EMBANKMENT","OH00580","24h",2000,0.9995,3.12556929333764
"GRAND LAKE ST. MARYS - WEST EMBANKMENT","OH00580","24h",5000,0.9998,3.47118990219285
"GRAND LAKE ST. MARYS - WEST EMBANKMENT","OH00580","24h",10000,0.9999,3.74457337835671
"GRAND LAKE ST. MARYS - WEST EMBANKMENT","OH00580","72h",2,0.5,0.945503528924065
"GRAND LAKE ST. MARYS - WEST EMBANKMENT","OH00580","72h",5,0.8,1.19959222586236
"GRAND LAKE ST. MARYS - WEST EMBANKMENT","OH00580","72h",10,0.9,1.38409661891633
"GRAND LAKE ST. MARYS - WEST EMBANKMENT","OH00580","72h",25,0.96,1.65086630111107
"GRAND LAKE ST. MARYS - WEST EMBANKMENT","OH00580","72h",50,0.98,1.88042122490001
"GRAND LAKE ST. MARYS - WEST EMBANKMENT","OH00580","72h",100,0.99,2.14079496949951
"GRAND LAKE ST. MARYS - WEST EMBANKMENT","OH00580","72h",200,0.995,2.43788423401596
"GRAND LAKE ST. MARYS - WEST EMBANKMENT","OH00580","72h",500,0.998,2.89751961791637
"GRAND LAKE ST. MARYS - WEST EMBANKMENT","OH00580","72h",1000,0.999,3.30467328152542
"GRAND LAKE ST. MARYS - WEST EMBANKMENT","OH00580","72h",2000,0.9995,3.77167489271525
"GRAND LAKE ST. MARYS - WEST EMBANKMENT","OH00580","72h",5000,0.9998,4.49624835522397
"GRAND LAKE ST. MARYS - WEST EMBANKMENT","OH00580","72h",10000,0.9999,5.13892439999076
"SUWANNEE RIVER SILL DAM","GA10014","24h",2,0.5,0.923985679385746
"SUWANNEE RIVER SILL DAM","GA10014","24h",5,0.8,1.25276949584467
"SUWANNEE RIVER SILL DAM","GA10014","24h",10,0.9,1.48520275196033
"SUWANNEE RIVER SILL DAM","GA10014","24h",25,0.96,1.7968289816928
"SUWANNEE RIVER SILL DAM","GA10014","24h",50,0.98,2.04169944049464
"SUWANNEE RIVER SILL DAM","GA10014","24h",100,0.99,2.29693930799781
"SUWANNEE RIVER SILL DAM","GA10014","24h",200,0.995,2.56391688180455
"SUWANNEE RIVER SILL DAM","GA10014","24h",500,0.998,2.9365604334418
"SUWANNEE RIVER SILL DAM","GA10014","24h",1000,0.999,3.23445661174283
"SUWANNEE RIVER SILL DAM","GA10014","24h",2000,0.9995,3.54700608312947
"SUWANNEE RIVER SILL DAM","GA10014","24h",5000,0.9998,3.98398266596142
"SUWANNEE RIVER SILL DAM","GA10014","24h",10000,0.9999,4.3335746153322
"SUWANNEE RIVER SILL DAM","GA10014","72h",2,0.5,0.917714115420091
"SUWANNEE RIVER SILL DAM","GA10014","72h",5,0.8,1.25304869472852
"SUWANNEE RIVER SILL DAM","GA10014","72h",10,0.9,1.49489445734197
"SUWANNEE RIVER SILL DAM","GA10014","72h",25,0.96,1.82507756411546
"SUWANNEE RIVER SILL DAM","GA10014","72h",50,0.98,2.08912040048359
"SUWANNEE RIVER SILL DAM","GA10014","72h",100,0.99,2.36848518563979
"SUWANNEE RIVER SILL DAM","GA10014","72h",200,0.995,2.66506903538653
"SUWANNEE RIVER SILL DAM","GA10014","72h",500,0.998,3.08623610360015
"SUWANNEE RIVER SILL DAM","GA10014","72h",1000,0.999,3.42873554059453
"SUWANNEE RIVER SILL DAM","GA10014","72h",2000,0.9995,3.79343226855721
"SUWANNEE RIVER SILL DAM","GA10014","72h",5000,0.9998,4.31216378152042
"SUWANNEE RIVER SILL DAM","GA10014","72h",10000,0.9999,4.73431863748863
"J. EDWARD ROUSH LAKE DAM","IN03006","24h",2,0.5,0.932594797973922
"J. EDWARD ROUSH LAKE DAM","IN03006","24h",5,0.8,1.24053190312474
"J. EDWARD ROUSH LAKE DAM","IN03006","24h",10,0.9,1.4544381714991
"J. EDWARD ROUSH LAKE DAM","IN03006","24h",25,0.96,1.73669375132883
"J. EDWARD ROUSH LAKE DAM","IN03006","24h",50,0.98,1.95509221839058
"J. EDWARD ROUSH LAKE DAM","IN03006","24h",100,0.99,2.17977300140015
"J. EDWARD ROUSH LAKE DAM","IN03006","24h",200,0.995,2.41174081869743
"J. EDWARD ROUSH LAKE DAM","IN03006","24h",500,0.998,2.73065579670202
"J. EDWARD ROUSH LAKE DAM","IN03006","24h",1000,0.999,2.98179367237582
"J. EDWARD ROUSH LAKE DAM","IN03006","24h",2000,0.9995,3.24188699815836
"J. EDWARD ROUSH LAKE DAM","IN03006","24h",5000,0.9998,3.60007549924091
"J. EDWARD ROUSH LAKE DAM","IN03006","24h",10000,0.9999,3.88236071676594
"J. EDWARD ROUSH LAKE DAM","IN03006","72h",2,0.5,0.937359868026737
"J. EDWARD ROUSH LAKE DAM","IN03006","72h",5,0.8,1.2252742565922
"J. EDWARD ROUSH LAKE DAM","IN03006","72h",10,0.9,1.42489089955771
"J. EDWARD ROUSH LAKE DAM","IN03006","72h",25,0.96,1.6878362357255
"J. EDWARD ROUSH LAKE DAM","IN03006","72h",50,0.98,1.89095295800159
"J. EDWARD ROUSH LAKE DAM","IN03006","72h",100,0.99,2.09961523849183
"J. EDWARD ROUSH LAKE DAM","IN03006","72h",200,0.995,2.31474033784645
"J. EDWARD ROUSH LAKE DAM","IN03006","72h",500,0.998,2.61001448643411
"J. EDWARD ROUSH LAKE DAM","IN03006","72h",1000,0.999,2.84215632595733
"J. EDWARD ROUSH LAKE DAM","IN03006","72h",2000,0.9995,3.08223785022057
"J. EDWARD ROUSH LAKE DAM","IN03006","72h",5000,0.9998,3.41232599493503
"J. EDWARD ROUSH LAKE DAM","IN03006","72h",10000,0.9999,3.67204151808107
"SALT FORK LAKE DAM","OH00433","24h",2,0.5,0.931710274044531
"SALT FORK LAKE DAM","OH00433","24h",5,0.8,1.19635796793069
"SALT FORK LAKE DAM","OH00433","24h",10,0.9,1.3974884510522
"SALT FORK LAKE DAM","OH00433","24h",25,0.96,1.69961835608796
"SALT FORK LAKE DAM","OH00433","24h",50,0.98,1.96900816821414
"SALT FORK LAKE DAM","OH00433","24h",100,0.99,2.28387235485742
"SALT FORK LAKE DAM","OH00433","24h",200,0.995,2.6539593247395
"SALT FORK LAKE DAM","OH00433","24h",500,0.998,3.2466540259775
"SALT FORK LAKE DAM","OH00433","24h",1000,0.999,3.78977526601292
"SALT FORK LAKE DAM","OH00433","24h",2000,0.9995,4.43131540082916
"SALT FORK LAKE DAM","OH00433","24h",5000,0.9998,5.46151743884205
"SALT FORK LAKE DAM","OH00433","24h",10000,0.9999,6.4067114657788
"SALT FORK LAKE DAM","OH00433","72h",2,0.5,0.94630351812213
"SALT FORK LAKE DAM","OH00433","72h",5,0.8,1.19550640612874
"SALT FORK LAKE DAM","OH00433","72h",10,0.9,1.37665221057093
"SALT FORK LAKE DAM","OH00433","72h",25,0.96,1.63879471992485
"SALT FORK LAKE DAM","OH00433","72h",50,0.98,1.86455173832119
"SALT FORK LAKE DAM","OH00433","72h",100,0.99,2.12079362427366
"SALT FORK LAKE DAM","OH00433","72h",200,0.995,2.41336709875439
"SALT FORK LAKE DAM","OH00433","72h",500,0.998,2.86637370279383
"SALT FORK LAKE DAM","OH00433","72h",1000,0.999,3.26796716092724
"SALT FORK LAKE DAM","OH00433","72h",2000,0.9995,3.72890130708491
"SALT FORK LAKE DAM","OH00433","72h",5000,0.9998,4.44462352412323
"SALT FORK LAKE DAM","OH00433","72h",10000,0.9999,5.07994078678032
"MOSS BLUFF LOCK AND SPILLWAY","FL00145","24h",2,0.5,0.90134085234509
"MOSS BLUFF LOCK AND SPILLWAY","FL00145","24h",5,0.8,1.24362961377689
"MOSS BLUFF LOCK AND SPILLWAY","FL00145","24h",10,0.9,1.50529395395968
"MOSS BLUFF LOCK AND SPILLWAY","FL00145","24h",25,0.96,1.8820300422663
"MOSS BLUFF LOCK AND SPILLWAY","FL00145","24h",50,0.98,2.19912758939816
"MOSS BLUFF LOCK AND SPILLWAY","FL00145","24h",100,0.99,2.54959971024051
"MOSS BLUFF LOCK AND SPILLWAY","FL00145","24h",200,0.995,2.93818728818068
"MOSS BLUFF LOCK AND SPILLWAY","FL00145","24h",500,0.998,3.51858589725727
"MOSS BLUFF LOCK AND SPILLWAY","FL00145","24h",1000,0.999,4.01476311122023
"MOSS BLUFF LOCK AND SPILLWAY","FL00145","24h",2000,0.9995,4.56642998798812
"MOSS BLUFF LOCK AND SPILLWAY","FL00145","24h",5000,0.9998,5.3916493662143
"MOSS BLUFF LOCK AND SPILLWAY","FL00145","24h",10000,0.9999,6.09760866135085
"MOSS BLUFF LOCK AND SPILLWAY","FL00145","72h",2,0.5,0.899903633499975
"MOSS BLUFF LOCK AND SPILLWAY","FL00145","72h",5,0.8,1.21339731358211
"MOSS BLUFF LOCK AND SPILLWAY","FL00145","72h",10,0.9,1.46701805792037
"MOSS BLUFF LOCK AND SPILLWAY","FL00145","72h",25,0.96,1.86862197992178
"MOSS BLUFF LOCK AND SPILLWAY","FL00145","72h",50,0.98,2.24464885153777
"MOSS BLUFF LOCK AND SPILLWAY","FL00145","72h",100,0.99,2.7027109015952
"MOSS BLUFF LOCK AND SPILLWAY","FL00145","72h",200,0.995,3.2635973351326
"MOSS BLUFF LOCK AND SPILLWAY","FL00145","72h",500,0.998,4.20574669942035
"MOSS BLUFF LOCK AND SPILLWAY","FL00145","72h",1000,0.999,5.11031369840586
"MOSS BLUFF LOCK AND SPILLWAY","FL00145","72h",2000,0.9995,6.22298777610249
"MOSS BLUFF LOCK AND SPILLWAY","FL00145","72h",5000,0.9998,8.09665717631349
"MOSS BLUFF LOCK AND SPILLWAY","FL00145","72h",10000,0.9999,9.89761308550131
"DEMOPOLIS LOCK AND DAM","AL01430","24h",2,0.5,0.930784716257252
"DEMOPOLIS LOCK AND DAM","AL01430","24h",5,0.8,1.23125381816384
"DEMOPOLIS LOCK AND DAM","AL01430","24h",10,0.9,1.44341667098293
"DEMOPOLIS LOCK AND DAM","AL01430","24h",25,0.96,1.72755813249962
"DEMOPOLIS LOCK AND DAM","AL01430","24h",50,0.98,1.95059767974732
"DEMOPOLIS LOCK AND DAM","AL01430","24h",100,0.99,2.18287493067601
"DEMOPOLIS LOCK AND DAM","AL01430","24h",200,0.995,2.42561851667986
"DEMOPOLIS LOCK AND DAM","AL01430","24h",500,0.998,2.76408804166645
"DEMOPOLIS LOCK AND DAM","AL01430","24h",1000,0.999,3.03438846188633
"DEMOPOLIS LOCK AND DAM","AL01430","24h",2000,0.9995,3.3177345683014
"DEMOPOLIS LOCK AND DAM","AL01430","24h",5000,0.9998,3.71347518205755
"DEMOPOLIS LOCK AND DAM","AL01430","24h",10000,0.9999,4.02975406938168
"DEMOPOLIS LOCK AND DAM","AL01430","72h",2,0.5,0.939204312403642
"DEMOPOLIS LOCK AND DAM","AL01430","72h",5,0.8,1.20832073268084
"DEMOPOLIS LOCK AND DAM","AL01430","72h",10,0.9,1.40609645922124
"DEMOPOLIS LOCK AND DAM","AL01430","72h",25,0.96,1.69493974102062
"DEMOPOLIS LOCK AND DAM","AL01430","72h",50,0.98,1.94582469140555
"DEMOPOLIS LOCK AND DAM","AL01430","72h",100,0.99,2.23264640009991
"DEMOPOLIS LOCK AND DAM","AL01430","72h",200,0.995,2.56247746529526
"DEMOPOLIS LOCK AND DAM","AL01430","72h",500,0.998,3.07742190390262
"DEMOPOLIS LOCK AND DAM","AL01430","72h",1000,0.999,3.53765569781708
"DEMOPOLIS LOCK AND DAM","AL01430","72h",2000,0.9995,4.06963621182446
"DEMOPOLIS LOCK AND DAM","AL01430","72h",5000,0.9998,4.90252049296764
"DEMOPOLIS LOCK AND DAM","AL01430","72h",10000,0.9999,5.64786861719023
"GRAND FALLS","ME00219","24h",2,0.5,0.939014945344107
"GRAND FALLS","ME00219","24h",5,0.8,1.22824512961309
"GRAND FALLS","ME00219","24h",10,0.9,1.42684334248844
"GRAND FALLS","ME00219","24h",25,0.96,1.68616540758985
"GRAND FALLS","ME00219","24h",50,0.98,1.88478969978723
"GRAND FALLS","ME00219","24h",100,0.99,2.08736938013406
"GRAND FALLS","ME00219","24h",200,0.995,2.29472963534117
"GRAND FALLS","ME00219","24h",500,0.998,2.57698702446803
"GRAND FALLS","ME00219","24h",1000,0.999,2.79706422210244
"GRAND FALLS","ME00219","24h",2000,0.9995,3.02304842853601
"GRAND FALLS","ME00219","24h",5000,0.9998,3.33118469779955
"GRAND FALLS","ME00219","24h",10000,0.9999,3.57163013480594
"GRAND FALLS","ME00219","72h",2,0.5,0.94375120124933
"GRAND FALLS","ME00219","72h",5,0.8,1.2323741678036
"GRAND FALLS","ME00219","72h",10,0.9,1.42600540003142
"GRAND FALLS","ME00219","72h",25,0.96,1.67358855056624
"GRAND FALLS","ME00219","72h",50,0.98,1.85939687605381
"GRAND FALLS","ME00219","72h",100,0.99,2.04565326877154
"GRAND FALLS","ME00219","72h",200,0.995,2.23305118530572
"GRAND FALLS","ME00219","72h",500,0.998,2.48309850531328
"GRAND FALLS","ME00219","72h",1000,0.999,2.67422343656678
"GRAND FALLS","ME00219","72h",2000,0.9995,2.86714504114502
"GRAND FALLS","ME00219","72h",5000,0.9998,3.12501612286702
"GRAND FALLS","ME00219","72h",10000,0.9999,3.32228174647799
"BOLIVAR DAM","OH00004","24h",2,0.5,0.933727506883416
"BOLIVAR DAM","OH00004","24h",5,0.8,1.20180126449188
"BOLIVAR DAM","OH00004","24h",10,0.9,1.40325280562003
"BOLIVAR DAM","OH00004","24h",25,0.96,1.70301484052556
"BOLIVAR DAM","OH00004","24h",50,0.98,1.96795230588599
"BOLIVAR DAM","OH00004","24h",100,0.99,2.27531983471848
"BOLIVAR DAM","OH00004","24h",200,0.995,2.63394919487676
"BOLIVAR DAM","OH00004","24h",500,0.998,3.20339923157145
"BOLIVAR DAM","OH00004","24h",1000,0.999,3.7208601744691
"BOLIVAR DAM","OH00004","24h",2000,0.9995,4.32765596097192
"BOLIVAR DAM","OH00004","24h",5000,0.9998,5.29379595024947
"BOLIVAR DAM","OH00004","24h",10000,0.9999,6.17282398568156
"BOLIVAR DAM","OH00004","72h",2,0.5,0.941928127478473
"BOLIVAR DAM","OH00004","72h",5,0.8,1.21700857406879
"BOLIVAR DAM","OH00004","72h",10,0.9,1.40596076823938
"BOLIVAR DAM","OH00004","72h",25,0.96,1.6527699626922
"BOLIVAR DAM","OH00004","72h",50,0.98,1.84187149999123
"BOLIVAR DAM","OH00004","72h",100,0.99,2.03479195770968
"BOLIVAR DAM","OH00004","72h",200,0.995,2.2323191847445
"BOLIVAR DAM","OH00004","72h",500,0.998,2.50127737212239
"BOLIVAR DAM","OH00004","72h",1000,0.999,2.71105150124141
"BOLIVAR DAM","OH00004","72h",2000,0.9995,2.92651486342722
"BOLIVAR DAM","OH00004","72h",5000,0.9998,3.2203988052992
"BOLIVAR DAM","OH00004","72h",10000,0.9999,3.44979534008363
"LITTLE RIVER CLOSURE DAM","LA00174","24h",2,0.5,0.910695866857637
"LITTLE RIVER CLOSURE DAM","LA00174","24h",5,0.8,1.25571630883823
"LITTLE RIVER CLOSURE DAM","LA00174","24h",10,0.9,1.50922881474361
"LITTLE RIVER CLOSURE DAM","LA00174","24h",25,0.96,1.86126391490999
"LITTLE RIVER CLOSURE DAM","LA00174","24h",50,0.98,2.14743021220375
"LITTLE RIVER CLOSURE DAM","LA00174","24h",100,0.99,2.45445728123268
"LITTLE RIVER CLOSURE DAM","LA00174","24h",200,0.995,2.78496393512009
"LITTLE RIVER CLOSURE DAM","LA00174","24h",500,0.998,3.26193362974364
"LITTLE RIVER CLOSURE DAM","LA00174","24h",1000,0.999,3.6560630119175
"LITTLE RIVER CLOSURE DAM","LA00174","24h",2000,0.9995,4.08157247619108
"LITTLE RIVER CLOSURE DAM","LA00174","24h",5000,0.9998,4.6966191218919
"LITTLE RIVER CLOSURE DAM","LA00174","24h",10000,0.9999,5.20521415094441
"LITTLE RIVER CLOSURE DAM","LA00174","72h",2,0.5,0.920230173185272
"LITTLE RIVER CLOSURE DAM","LA00174","72h",5,0.8,1.26773314969595
"LITTLE RIVER CLOSURE DAM","LA00174","72h",10,0.9,1.51282620222649
"LITTLE RIVER CLOSURE DAM","LA00174","72h",25,0.96,1.84072900806232
"LITTLE RIVER CLOSURE DAM","LA00174","72h",50,0.98,2.09786090031485
"LITTLE RIVER CLOSURE DAM","LA00174","72h",100,0.99,2.36541360437279
"LITTLE RIVER CLOSURE DAM","LA00174","72h",200,0.995,2.64478444018419
"LITTLE RIVER CLOSURE DAM","LA00174","72h",500,0.998,3.03394089435027
"LITTLE RIVER CLOSURE DAM","LA00174","72h",1000,0.999,3.34441503923183
"LITTLE RIVER CLOSURE DAM","LA00174","72h",2000,0.9995,3.66959846674747
"LITTLE RIVER CLOSURE DAM","LA00174","72h",5000,0.9998,4.12332491695653
"LITTLE RIVER CLOSURE DAM","LA00174","72h",10000,0.9999,4.48559143968097
"JONESVILLE CLOSURE DAM","LA00176","24h",2,0.5,0.910450875253949
"JONESVILLE CLOSURE DAM","LA00176","24h",5,0.8,1.2540867274046
"JONESVILLE CLOSURE DAM","LA00176","24h",10,0.9,1.5071910802649
"JONESVILLE CLOSURE DAM","LA00176","24h",25,0.96,1.85943230389034
"JONESVILLE CLOSURE DAM","LA00176","24h",50,0.98,2.146373315967
"JONESVILLE CLOSURE DAM","LA00176","24h",100,0.99,2.45478798423852
"JONESVILLE CLOSURE DAM","LA00176","24h",200,0.995,2.78738510821667
"JONESVILLE CLOSURE DAM","LA00176","24h",500,0.998,3.26837467089533
"JONESVILLE CLOSURE DAM","LA00176","24h",1000,0.999,3.66664834738789
"JONESVILLE CLOSURE DAM","LA00176","24h",2000,0.9995,4.09740118918869
"JONESVILLE CLOSURE DAM","LA00176","24h",5000,0.9998,4.72132498142058
"JONESVILLE CLOSURE DAM","LA00176","24h",10000,0.9999,5.23832735552873
"JONESVILLE CLOSURE DAM","LA00176","72h",2,0.5,0.921508727812596
"JONESVILLE CLOSURE DAM","LA00176","72h",5,0.8,1.2660199403776
"JONESVILLE CLOSURE DAM","LA00176","72h",10,0.9,1.50841012851659
"JONESVILLE CLOSURE DAM","LA00176","72h",25,0.96,1.83197886920771
"JONESVILLE CLOSURE DAM","LA00176","72h",50,0.98,2.08516852226633
"JONESVILLE CLOSURE DAM","LA00176","72h",100,0.99,2.34813888913301
"JONESVILLE CLOSURE DAM","LA00176","72h",200,0.995,2.62222709563507
"JONESVILLE CLOSURE DAM","LA00176","72h",500,0.998,3.00322177716728
"JONESVILLE CLOSURE DAM","LA00176","72h",1000,0.999,3.30654881328376
"JONESVILLE CLOSURE DAM","LA00176","72h",2000,0.9995,3.62367327416686
"JONESVILLE CLOSURE DAM","LA00176","72h",5000,0.9998,4.06522630642018
"JONESVILLE CLOSURE DAM","LA00176","72h",10000,0.9999,4.41703696431513
"JONESVILLE LOCK & DAM","LA00175","24h",2,0.5,0.910450875253949
"JONESVILLE LOCK & DAM","LA00175","24h",5,0.8,1.2540867274046
"JONESVILLE LOCK & DAM","LA00175","24h",10,0.9,1.5071910802649
"JONESVILLE LOCK & DAM","LA00175","24h",25,0.96,1.85943230389034
"JONESVILLE LOCK & DAM","LA00175","24h",50,0.98,2.146373315967
"JONESVILLE LOCK & DAM","LA00175","24h",100,0.99,2.45478798423852
"JONESVILLE LOCK & DAM","LA00175","24h",200,0.995,2.78738510821667
"JONESVILLE LOCK & DAM","LA00175","24h",500,0.998,3.26837467089533
"JONESVILLE LOCK & DAM","LA00175","24h",1000,0.999,3.66664834738789
"JONESVILLE LOCK & DAM","LA00175","24h",2000,0.9995,4.09740118918869
"JONESVILLE LOCK & DAM","LA00175","24h",5000,0.9998,4.72132498142058
"JONESVILLE LOCK & DAM","LA00175","24h",10000,0.9999,5.23832735552873
"JONESVILLE LOCK & DAM","LA00175","72h",2,0.5,0.922893663434957
"JONESVILLE LOCK & DAM","LA00175","72h",5,0.8,1.26517286409224
"JONESVILLE LOCK & DAM","LA00175","72h",10,0.9,1.50511559433238
"JONESVILLE LOCK & DAM","LA00175","72h",25,0.96,1.82435879382664
"JONESVILLE LOCK & DAM","LA00175","72h",50,0.98,2.07336480423108
"JONESVILLE LOCK & DAM","LA00175","72h",100,0.99,2.33128601486577
"JONESVILLE LOCK & DAM","LA00175","72h",200,0.995,2.59938395079739
"JONESVILLE LOCK & DAM","LA00175","72h",500,0.998,2.97088177171057
"JONESVILLE LOCK & DAM","LA00175","72h",1000,0.999,3.26572473590795
"JONESVILLE LOCK & DAM","LA00175","72h",2000,0.9995,3.57314890114997
"JONESVILLE LOCK & DAM","LA00175","72h",5000,0.9998,3.99985457675618
"JONESVILLE LOCK & DAM","LA00175","72h",10000,0.9999,4.33877546629316
"STANLEY DRAPER","OK02580","24h",2,0.5,0.924293447376647
"STANLEY DRAPER","OK02580","24h",5,0.8,1.25231744164402
"STANLEY DRAPER","OK02580","24h",10,0.9,1.48408109929134
"STANLEY DRAPER","OK02580","24h",25,0.96,1.79464849060062
"STANLEY DRAPER","OK02580","24h",50,0.98,2.03856453949605
"STANLEY DRAPER","OK02580","24h",100,0.99,2.29270106238953
"STANLEY DRAPER","OK02580","24h",200,0.995,2.55841171442649
"STANLEY DRAPER","OK02580","24h",500,0.998,2.92910421545598
"STANLEY DRAPER","OK02580","24h",1000,0.999,3.22529565136175
"STANLEY DRAPER","OK02580","24h",2000,0.9995,3.53592525505318
"STANLEY DRAPER","OK02580","24h",5000,0.9998,3.97000420202454
"STANLEY DRAPER","OK02580","24h",10000,0.9999,4.31710818157547
"STANLEY DRAPER","OK02580","72h",2,0.5,0.932813167503735
"STANLEY DRAPER","OK02580","72h",5,0.8,1.22471383230237
"STANLEY DRAPER","OK02580","72h",10,0.9,1.44019460247426
"STANLEY DRAPER","OK02580","72h",25,0.96,1.75607506665913
"STANLEY DRAPER","OK02580","72h",50,0.98,2.03140181539246
"STANLEY DRAPER","OK02580","72h",100,0.99,2.34709327956201
"STANLEY DRAPER","OK02580","72h",200,0.995,2.71118063783997
"STANLEY DRAPER","OK02580","72h",500,0.998,3.28153394922009
"STANLEY DRAPER","OK02580","72h",1000,0.999,3.79298618794021
"STANLEY DRAPER","OK02580","72h",2000,0.9995,4.38587518611888
"STANLEY DRAPER","OK02580","72h",5000,0.9998,5.31725193962022
"STANLEY DRAPER","OK02580","72h",10000,0.9999,6.15350888417877
"LONG LAKE DAM","AK00044","24h",2,0.5,0.947005537935796
"LONG LAKE DAM","AK00044","24h",5,0.8,1.22200387407476
"LONG LAKE DAM","AK00044","24h",10,0.9,1.40590696634575
"LONG LAKE DAM","AK00044","24h",25,0.96,1.64037514877604
"LONG LAKE DAM","AK00044","24h",50,0.98,1.81584921535028
"LONG LAKE DAM","AK00044","24h",100,0.99,1.99132907730361
"LONG LAKE DAM","AK00044","24h",200,0.995,2.16746781204421
"LONG LAKE DAM","AK00044","24h",500,0.998,2.40184976015628
"LONG LAKE DAM","AK00044","24h",1000,0.999,2.58051238476745
"LONG LAKE DAM","AK00044","24h",2000,0.9995,2.76043107124922
"LONG LAKE DAM","AK00044","24h",5000,0.9998,3.00026606666948
"LONG LAKE DAM","AK00044","24h",10000,0.9999,3.18323487463289
"LONG LAKE DAM","AK00044","72h",2,0.5,0.957635226075272
"LONG LAKE DAM","AK00044","72h",5,0.8,1.18411433976478
"LONG LAKE DAM","AK00044","72h",10,0.9,1.34389959062118
"LONG LAKE DAM","AK00044","72h",25,0.96,1.56943973807141
"LONG LAKE DAM","AK00044","72h",50,0.98,1.75921088611132
"LONG LAKE DAM","AK00044","72h",100,0.99,1.97042729835623
"LONG LAKE DAM","AK00044","72h",200,0.995,2.20696114596016
"LONG LAKE DAM","AK00044","72h",500,0.998,2.56503948936083
"LONG LAKE DAM","AK00044","72h",1000,0.999,2.8755194830384
"LONG LAKE DAM","AK00044","72h",2000,0.9995,3.22510040274862
"LONG LAKE DAM","AK00044","72h",5000,0.9998,3.7558770540635
"LONG LAKE DAM","AK00044","72h",10000,0.9999,4.21671947091866
"BLUE LAKE","AK00002","24h",2,0.5,0.953691166329391
"BLUE LAKE","AK00002","24h",5,0.8,1.21897401842504
"BLUE LAKE","AK00002","24h",10,0.9,1.38984327975721
"BLUE LAKE","AK00002","24h",25,0.96,1.60152111038503
"BLUE LAKE","AK00002","24h",50,0.98,1.75672814807451
"BLUE LAKE","AK00002","24h",100,0.99,1.91021051444275
"BLUE LAKE","AK00002","24h",200,0.995,2.06328574902377
"BLUE LAKE","AK00002","24h",500,0.998,2.266471094548
"BLUE LAKE","AK00002","24h",1000,0.999,2.42156817371618
"BLUE LAKE","AK00002","24h",2000,0.9995,2.57834731111011
"BLUE LAKE","AK00002","24h",5000,0.9998,2.78873523037864
"BLUE LAKE","AK00002","24h",10000,0.9999,2.95059564457464
"BLUE LAKE","AK00002","72h",2,0.5,0.963127244467302
"BLUE LAKE","AK00002","72h",5,0.8,1.17896450013569
"BLUE LAKE","AK00002","72h",10,0.9,1.32867306191989
"BLUE LAKE","AK00002","72h",25,0.96,1.53701862680289
"BLUE LAKE","AK00002","72h",50,0.98,1.71001765333295
"BLUE LAKE","AK00002","72h",100,0.99,1.90043278132873
"BLUE LAKE","AK00002","72h",200,0.995,2.1113343994614
"BLUE LAKE","AK00002","72h",500,0.998,2.4265484080437
"BLUE LAKE","AK00002","72h",1000,0.999,2.69643606879393
"BLUE LAKE","AK00002","72h",2000,0.9995,2.99701332445745
"BLUE LAKE","AK00002","72h",5000,0.9998,3.44760760886107
"BLUE LAKE","AK00002","72h",10000,0.9999,3.83393923259079
"HOOVER DAM","OH00737","24h",2,0.5,0.933406395030436
"HOOVER DAM","OH00737","24h",5,0.8,1.21653912440955
"HOOVER DAM","OH00737","24h",10,0.9,1.41783706777403
"HOOVER DAM","OH00737","24h",25,0.96,1.68911230427179
"HOOVER DAM","OH00737","24h",50,0.98,1.9033392540383
"HOOVER DAM","OH00737","24h",100,0.99,2.12758591683261
"HOOVER DAM","OH00737","24h",200,0.995,2.36313527559336
"HOOVER DAM","OH00737","24h",500,0.998,2.69352340099292
"HOOVER DAM","OH00737","24h",1000,0.999,2.95892609321005
"HOOVER DAM","OH00737","24h",2000,0.9995,3.23855361555799
"HOOVER DAM","OH00737","24h",5000,0.9998,3.6314140059562
"HOOVER DAM","OH00737","24h",10000,0.9999,3.94724062833811
"HOOVER DAM","OH00737","72h",2,0.5,0.947503453872189
"HOOVER DAM","OH00737","72h",5,0.8,1.21856769454352
"HOOVER DAM","OH00737","72h",10,0.9,1.40009502432959
"HOOVER DAM","OH00737","72h",25,0.96,1.63182822871334
"HOOVER DAM","OH00737","72h",50,0.98,1.80546949359897
"HOOVER DAM","OH00737","72h",100,0.99,1.97929842983473
"HOOVER DAM","OH00737","72h",200,0.995,2.15396184177069
"HOOVER DAM","OH00737","72h",500,0.998,2.38666108911448
"HOOVER DAM","OH00737","72h",1000,0.999,2.56425463718996
"HOOVER DAM","OH00737","72h",2000,0.9995,2.74328216365909
"HOOVER DAM","OH00737","72h",5000,0.9998,2.98221655789459
"HOOVER DAM","OH00737","72h",10000,0.9999,3.16471755706875
"LOCH RAVEN DAM","MD00002","24h",2,0.5,0.9070670842921
"LOCH RAVEN DAM","MD00002","24h",5,0.8,1.23933127148681
"LOCH RAVEN DAM","MD00002","24h",10,0.9,1.49047015100482
"LOCH RAVEN DAM","MD00002","24h",25,0.96,1.84832368216848
"LOCH RAVEN DAM","MD00002","24h",50,0.98,2.14654009629667
"LOCH RAVEN DAM","MD00002","24h",100,0.99,2.47335076117073
"LOCH RAVEN DAM","MD00002","24h",200,0.995,2.83264968349561
"LOCH RAVEN DAM","MD00002","24h",500,0.998,3.36404179284355
"LOCH RAVEN DAM","MD00002","24h",1000,0.999,3.81392437166545
"LOCH RAVEN DAM","MD00002","24h",2000,0.9995,4.30992397201517
"LOCH RAVEN DAM","MD00002","24h",5000,0.9998,5.04461557496809
"LOCH RAVEN DAM","MD00002","24h",10000,0.9999,5.66704996602279
"LOCH RAVEN DAM","MD00002","72h",2,0.5,0.900835538235191
"LOCH RAVEN DAM","MD00002","72h",5,0.8,1.24429611551526
"LOCH RAVEN DAM","MD00002","72h",10,0.9,1.50702518061038
"LOCH RAVEN DAM","MD00002","72h",25,0.96,1.88551695089669
"LOCH RAVEN DAM","MD00002","72h",50,0.98,2.20427257577647
"LOCH RAVEN DAM","MD00002","72h",100,0.99,2.5567475622632
"LOCH RAVEN DAM","MD00002","72h",200,0.995,2.94774368028155
"LOCH RAVEN DAM","MD00002","72h",500,0.998,3.53206653098292
"LOCH RAVEN DAM","MD00002","72h",1000,0.999,4.03187457045971
"LOCH RAVEN DAM","MD00002","72h",2000,0.9995,4.58784414605337
"LOCH RAVEN DAM","MD00002","72h",5000,0.9998,5.41996416594149
"LOCH RAVEN DAM","MD00002","72h",10000,0.9999,6.13221975316909
"PAINT CREEK DAM","OH00017","24h",2,0.5,0.935351324728913
"PAINT CREEK DAM","OH00017","24h",5,0.8,1.21882938114441
"PAINT CREEK DAM","OH00017","24h",10,0.9,1.41834093984736
"PAINT CREEK DAM","OH00017","24h",25,0.96,1.6847468381605
"PAINT CREEK DAM","OH00017","24h",50,0.98,1.89326479771674
"PAINT CREEK DAM","OH00017","24h",100,0.99,2.10988882638944
"PAINT CREEK DAM","OH00017","24h",200,0.995,2.33572416772967
"PAINT CREEK DAM","OH00017","24h",500,0.998,2.6497305861963
"PAINT CREEK DAM","OH00017","24h",1000,0.999,2.89979280134255
"PAINT CREEK DAM","OH00017","24h",2000,0.9995,3.16129054124317
"PAINT CREEK DAM","OH00017","24h",5000,0.9998,3.52548963468782
"PAINT CREEK DAM","OH00017","24h",10000,0.9999,3.81574629297451
"PAINT CREEK DAM","OH00017","72h",2,0.5,0.951055536787753
"PAINT CREEK DAM","OH00017","72h",5,0.8,1.21721803552661
"PAINT CREEK DAM","OH00017","72h",10,0.9,1.39291996800951
"PAINT CREEK DAM","OH00017","72h",25,0.96,1.61432826067812
"PAINT CREEK DAM","OH00017","72h",50,0.98,1.77815594488866
"PAINT CREEK DAM","OH00017","72h",100,0.99,1.94041628191312
"PAINT CREEK DAM","OH00017","72h",200,0.995,2.10173093987768
"PAINT CREEK DAM","OH00017","72h",500,0.998,2.31401627796729
"PAINT CREEK DAM","OH00017","72h",1000,0.999,2.47405084318546
"PAINT CREEK DAM","OH00017","72h",2000,0.9995,2.63367941548235
"PAINT CREEK DAM","OH00017","72h",5000,0.9998,2.84412247637944
"PAINT CREEK DAM","OH00017","72h",10000,0.9999,3.00289990024177
"GRAHAM LAKE DAM","ME00264","24h",2,0.5,0.930083255397625
"GRAHAM LAKE DAM","ME00264","24h",5,0.8,1.23977258898191
"GRAHAM LAKE DAM","ME00264","24h",10,0.9,1.45319897693455
"GRAHAM LAKE DAM","ME00264","24h",25,0.96,1.73096479986758
"GRAHAM LAKE DAM","ME00264","24h",50,0.98,1.94323189120144
"GRAHAM LAKE DAM","ME00264","24h",100,0.99,2.15977371556119
"GRAHAM LAKE DAM","ME00264","24h",200,0.995,2.38192476812982
"GRAHAM LAKE DAM","ME00264","24h",500,0.998,2.68577335180442
"GRAHAM LAKE DAM","ME00264","24h",1000,0.999,2.92422283027542
"GRAHAM LAKE DAM","ME00264","24h",2000,0.9995,3.1706971759278
"GRAHAM LAKE DAM","ME00264","24h",5000,0.9998,3.50963276252482
"GRAHAM LAKE DAM","ME00264","24h",10000,0.9999,3.7764837031968
"GRAHAM LAKE DAM","ME00264","72h",2,0.5,0.93940496850956
"GRAHAM LAKE DAM","ME00264","72h",5,0.8,1.24131095699911
"GRAHAM LAKE DAM","ME00264","72h",10,0.9,1.44255284972936
"GRAHAM LAKE DAM","ME00264","72h",25,0.96,1.69815836882197
"GRAHAM LAKE DAM","ME00264","72h",50,0.98,1.88954334338078
"GRAHAM LAKE DAM","ME00264","72h",100,0.99,2.08180613673585
"GRAHAM LAKE DAM","ME00264","72h",200,0.995,2.27631887962623
"GRAHAM LAKE DAM","ME00264","72h",500,0.998,2.53845387853603
"GRAHAM LAKE DAM","ME00264","72h",1000,0.999,2.74137483071312
"GRAHAM LAKE DAM","ME00264","72h",2000,0.9995,2.94882650624517
"GRAHAM LAKE DAM","ME00264","72h",5000,0.9998,3.23067794109887
"GRAHAM LAKE DAM","ME00264","72h",10000,0.9999,3.45006927407435
"SAFE HARBOR","PA00855","24h",2,0.5,0.905086872891429
"SAFE HARBOR","PA00855","24h",5,0.8,1.25228009512138
"SAFE HARBOR","PA00855","24h",10,0.9,1.5073902744187
"SAFE HARBOR","PA00855","24h",25,0.96,1.85542130700475
"SAFE HARBOR","PA00855","24h",50,0.98,2.13206776236948
"SAFE HARBOR","PA00855","24h",100,0.99,2.42278934700715
"SAFE HARBOR","PA00855","24h",200,0.995,2.72918589371382
"SAFE HARBOR","PA00855","24h",500,0.998,3.16044253344896
"SAFE HARBOR","PA00855","24h",1000,0.999,3.50793042223038
"SAFE HARBOR","PA00855","24h",2000,0.9995,3.87484487819037
"SAFE HARBOR","PA00855","24h",5000,0.9998,4.39132215389481
"SAFE HARBOR","PA00855","24h",10000,0.9999,4.8070107536258
"SAFE HARBOR","PA00855","72h",2,0.5,0.900289119600693
"SAFE HARBOR","PA00855","72h",5,0.8,1.23989159673761
"SAFE HARBOR","PA00855","72h",10,0.9,1.50134234134599
"SAFE HARBOR","PA00855","72h",25,0.96,1.88021262213687
"SAFE HARBOR","PA00855","72h",50,0.98,2.20109433862985
"SAFE HARBOR","PA00855","72h",100,0.99,2.55763605622105
"SAFE HARBOR","PA00855","72h",200,0.995,2.95504533598521
"SAFE HARBOR","PA00855","72h",500,0.998,3.55227914133352
"SAFE HARBOR","PA00855","72h",1000,0.999,4.06595536803041
"SAFE HARBOR","PA00855","72h",2000,0.9995,4.64008595198933
"SAFE HARBOR","PA00855","72h",5000,0.9998,5.50419030937715
"SAFE HARBOR","PA00855","72h",10000,0.9999,6.24790811819874
"MINNTAC T","MN00672","24h",2,0.5,0.92777081274785
"MINNTAC T","MN00672","24h",5,0.8,1.22941136865349
"MINNTAC T","MN00672","24h",10,0.9,1.45425709346931
"MINNTAC T","MN00672","24h",25,0.96,1.78656186876237
"MINNTAC T","MN00672","24h",50,0.98,2.07840886586776
"MINNTAC T","MN00672","24h",100,0.99,2.41519120999129
"MINNTAC T","MN00672","24h",200,0.995,2.80606963597788
"MINNTAC T","MN00672","24h",500,0.998,3.42291967419191
"MINNTAC T","MN00672","24h",1000,0.999,3.98008086540037
"MINNTAC T","MN00672","24h",2000,0.9995,4.63001955784587
"MINNTAC T","MN00672","24h",5000,0.9998,5.6585325826379
"MINNTAC T","MN00672","24h",10000,0.9999,6.58869216162836
"MINNTAC T","MN00672","72h",2,0.5,0.935071113317556
"MINNTAC T","MN00672","72h",5,0.8,1.22322850296141
"MINNTAC T","MN00672","72h",10,0.9,1.43486786539756
"MINNTAC T","MN00672","72h",25,0.96,1.74379991900841
"MINNTAC T","MN00672","72h",50,0.98,2.01200551055093
"MINNTAC T","MN00672","72h",100,0.99,2.3185052892418
"MINNTAC T","MN00672","72h",200,0.995,2.67082466336135
"MINNTAC T","MN00672","72h",500,0.998,3.22062359780783
"MINNTAC T","MN00672","72h",1000,0.999,3.71178495085427
"MINNTAC T","MN00672","72h",2000,0.9995,4.27929021293321
"MINNTAC T","MN00672","72h",5000,0.9998,5.16738286552693
"MINNTAC T","MN00672","72h",10000,0.9999,5.9617757858957
"DAMARISCOTTA - INTAKE DAM","ME00238","24h",2,0.5,0.931327905114681
"DAMARISCOTTA - INTAKE DAM","ME00238","24h",5,0.8,1.23780510190125
"DAMARISCOTTA - INTAKE DAM","ME00238","24h",10,0.9,1.4522811296919
"DAMARISCOTTA - INTAKE DAM","ME00238","24h",25,0.96,1.73719645957101
"DAMARISCOTTA - INTAKE DAM","ME00238","24h",50,0.98,1.95909203110047
"DAMARISCOTTA - INTAKE DAM","ME00238","24h",100,0.99,2.18863730653002
"DAMARISCOTTA - INTAKE DAM","ME00238","24h",200,0.995,2.42693526939094
"DAMARISCOTTA - INTAKE DAM","ME00238","24h",500,0.998,2.75665118173726
"DAMARISCOTTA - INTAKE DAM","ME00238","24h",1000,0.999,3.01794843172891
"DAMARISCOTTA - INTAKE DAM","ME00238","24h",2000,0.9995,3.29004955572863
"DAMARISCOTTA - INTAKE DAM","ME00238","24h",5000,0.9998,3.66716903639591
"DAMARISCOTTA - INTAKE DAM","ME00238","24h",10000,0.9999,3.96626464029057
"DAMARISCOTTA - INTAKE DAM","ME00238","72h",2,0.5,0.931424148367225
"DAMARISCOTTA - INTAKE DAM","ME00238","72h",5,0.8,1.24036142606109
"DAMARISCOTTA - INTAKE DAM","ME00238","72h",10,0.9,1.45219349859513
"DAMARISCOTTA - INTAKE DAM","ME00238","72h",25,0.96,1.72686372074875
"DAMARISCOTTA - INTAKE DAM","ME00238","72h",50,0.98,1.9361141653388
"DAMARISCOTTA - INTAKE DAM","ME00238","72h",100,0.99,2.14907995586175
"DAMARISCOTTA - INTAKE DAM","ME00238","72h",200,0.995,2.36709919095135
"DAMARISCOTTA - INTAKE DAM","ME00238","72h",500,0.998,2.66462468810117
"DAMARISCOTTA - INTAKE DAM","ME00238","72h",1000,0.999,2.89762671393354
"DAMARISCOTTA - INTAKE DAM","ME00238","72h",2000,0.9995,3.1380665950282
"DAMARISCOTTA - INTAKE DAM","ME00238","72h",5000,0.9998,3.46809679077161
"DAMARISCOTTA - INTAKE DAM","ME00238","72h",10000,0.9999,3.72748572293707
"GERMANTOWN DAM","OH00425","24h",2,0.5,0.952269480432462
"GERMANTOWN DAM","OH00425","24h",5,0.8,1.22662884811184
"GERMANTOWN DAM","OH00425","24h",10,0.9,1.40510612787057
"GERMANTOWN DAM","OH00425","24h",25,0.96,1.62706162592579
"GERMANTOWN DAM","OH00425","24h",50,0.98,1.78919752991564
"GERMANTOWN DAM","OH00425","24h",100,0.99,1.94804150384004
"GERMANTOWN DAM","OH00425","24h",200,0.995,2.10425725939605
"GERMANTOWN DAM","OH00425","24h",500,0.998,2.30727046282403
"GERMANTOWN DAM","OH00425","24h",1000,0.999,2.45840848831363
"GERMANTOWN DAM","OH00425","24h",2000,0.9995,2.60754579353767
"GERMANTOWN DAM","OH00425","24h",5000,0.9998,2.80171295587575
"GERMANTOWN DAM","OH00425","24h",10000,0.9999,2.94638735842426
"GERMANTOWN DAM","OH00425","72h",2,0.5,0.958307183927244
"GERMANTOWN DAM","OH00425","72h",5,0.8,1.2119707577315
"GERMANTOWN DAM","OH00425","72h",10,0.9,1.37464669473626
"GERMANTOWN DAM","OH00425","72h",25,0.96,1.57437151600581
"GERMANTOWN DAM","OH00425","72h",50,0.98,1.71845523042117
"GERMANTOWN DAM","OH00425","72h",100,0.99,1.85812509119978
"GERMANTOWN DAM","OH00425","72h",200,0.995,1.99404357744423
"GERMANTOWN DAM","OH00425","72h",500,0.998,2.1685388599145
"GERMANTOWN DAM","OH00425","72h",1000,0.999,2.29687091123636
"GERMANTOWN DAM","OH00425","72h",2000,0.9995,2.42218269045242
"GERMANTOWN DAM","OH00425","72h",5000,0.9998,2.58335818011584
"GERMANTOWN DAM","OH00425","72h",10000,0.9999,2.70199591698487
"G402C CONTROL STRUCTURE","FL36013","24h",2,0.5,0.908919533870435
"G402C CONTROL STRUCTURE","FL36013","24h",5,0.8,1.24021493568116
"G402C CONTROL STRUCTURE","FL36013","24h",10,0.9,1.49643420693442
"G402C CONTROL STRUCTURE","FL36013","24h",25,0.96,1.88701411807335
"G402C CONTROL STRUCTURE","FL36013","24h",50,0.98,2.24005495393413
"G402C CONTROL STRUCTURE","FL36013","24h",100,0.99,2.65747872859244
"G402C CONTROL STRUCTURE","FL36013","24h",200,0.995,3.15374397321168
"G402C CONTROL STRUCTURE","FL36013","24h",500,0.998,3.95914986757408
"G402C CONTROL STRUCTURE","FL36013","24h",1000,0.999,4.70686161044245
"G402C CONTROL STRUCTURE","FL36013","24h",2000,0.9995,5.60010524341216
"G402C CONTROL STRUCTURE","FL36013","24h",5000,0.9998,7.05361100038755
"G402C CONTROL STRUCTURE","FL36013","24h",10000,0.9999,8.4046153445156
"G402C CONTROL STRUCTURE","FL36013","72h",2,0.5,0.914740101794522
"G402C CONTROL STRUCTURE","FL36013","72h",5,0.8,1.2691510353322
"G402C CONTROL STRUCTURE","FL36013","72h",10,0.9,1.52303652345431
"G402C CONTROL STRUCTURE","FL36013","72h",25,0.96,1.86753750568379
"G402C CONTROL STRUCTURE","FL36013","72h",50,0.98,2.14140256258619
"G402C CONTROL STRUCTURE","FL36013","72h",100,0.99,2.42970102617408
"G402C CONTROL STRUCTURE","FL36013","72h",200,0.995,2.73423701192357
"G402C CONTROL STRUCTURE","FL36013","72h",500,0.998,3.16418345627912
"G402C CONTROL STRUCTURE","FL36013","72h",1000,0.999,3.5118062180214
"G402C CONTROL STRUCTURE","FL36013","72h",2000,0.9995,3.88011431683866
"G402C CONTROL STRUCTURE","FL36013","72h",5000,0.9998,4.40094494430831
"G402C CONTROL STRUCTURE","FL36013","72h",10000,0.9999,4.82236659092677
"G402D CONTROL STRUCTURE","FL36003","24h",2,0.5,0.900533186781112
"G402D CONTROL STRUCTURE","FL36003","24h",5,0.8,1.26058391431179
"G402D CONTROL STRUCTURE","FL36003","24h",10,0.9,1.53147512607484
"G402D CONTROL STRUCTURE","FL36003","24h",25,0.96,1.91585378191386
"G402D CONTROL STRUCTURE","FL36003","24h",50,0.98,2.23488057696832
"G402D CONTROL STRUCTURE","FL36003","24h",100,0.99,2.58329113078149
"G402D CONTROL STRUCTURE","FL36003","24h",200,0.995,2.96502320899341
"G402D CONTROL STRUCTURE","FL36003","24h",500,0.998,3.52734049522123
"G402D CONTROL STRUCTURE","FL36003","24h",1000,0.999,4.0015268691009
"G402D CONTROL STRUCTURE","FL36003","24h",2000,0.9995,4.52253693409897
"G402D CONTROL STRUCTURE","FL36003","24h",5000,0.9998,5.29120229991154
"G402D CONTROL STRUCTURE","FL36003","24h",10000,0.9999,5.93985355855876
"G402D CONTROL STRUCTURE","FL36003","72h",2,0.5,0.915378664481192
"G402D CONTROL STRUCTURE","FL36003","72h",5,0.8,1.26940519303548
"G402D CONTROL STRUCTURE","FL36003","72h",10,0.9,1.52246611563377
"G402D CONTROL STRUCTURE","FL36003","72h",25,0.96,1.8651723019475
"G402D CONTROL STRUCTURE","FL36003","72h",50,0.98,2.13709228421199
"G402D CONTROL STRUCTURE","FL36003","72h",100,0.99,2.42287942419165
"G402D CONTROL STRUCTURE","FL36003","72h",200,0.995,2.72427626160836
"G402D CONTROL STRUCTURE","FL36003","72h",500,0.998,3.14899490198878
"G402D CONTROL STRUCTURE","FL36003","72h",1000,0.999,3.49175325681359
"G402D CONTROL STRUCTURE","FL36003","72h",2000,0.9995,3.85432523756241
"G402D CONTROL STRUCTURE","FL36003","72h",5000,0.9998,4.36608741759939
"G402D CONTROL STRUCTURE","FL36003","72h",10000,0.9999,4.77940348648303
"G402B CONTROL STRUCTURE","FL36020","24h",2,0.5,0.905932736223225
"G402B CONTROL STRUCTURE","FL36020","24h",5,0.8,1.26096557930618
"G402B CONTROL STRUCTURE","FL36020","24h",10,0.9,1.52402786428518
"G402B CONTROL STRUCTURE","FL36020","24h",25,0.96,1.8921229642764
"G402B CONTROL STRUCTURE","FL36020","24h",50,0.98,2.19355424717627
"G402B CONTROL STRUCTURE","FL36020","24h",100,0.99,2.51899442568207
"G402B CONTROL STRUCTURE","FL36020","24h",200,0.995,2.87151499593435
"G402B CONTROL STRUCTURE","FL36020","24h",500,0.998,3.38395760918796
"G402B CONTROL STRUCTURE","FL36020","24h",1000,0.999,3.8104513158804
"G402B CONTROL STRUCTURE","FL36020","24h",2000,0.9995,4.27376981127611
"G402B CONTROL STRUCTURE","FL36020","24h",5000,0.9998,4.9483314643777
"G402B CONTROL STRUCTURE","FL36020","24h",10000,0.9999,5.51015720081416
"G402B CONTROL STRUCTURE","FL36020","72h",2,0.5,0.91564221348387
"G402B CONTROL STRUCTURE","FL36020","72h",5,0.8,1.26833537010758
"G402B CONTROL STRUCTURE","FL36020","72h",10,0.9,1.52049865089344
"G402B CONTROL STRUCTURE","FL36020","72h",25,0.96,1.86205748751739
"G402B CONTROL STRUCTURE","FL36020","72h",50,0.98,2.13311947387387
"G402B CONTROL STRUCTURE","FL36020","72h",100,0.99,2.41805173246953
"G402B CONTROL STRUCTURE","FL36020","72h",200,0.995,2.71859616163938
"G402B CONTROL STRUCTURE","FL36020","72h",500,0.998,3.14219407439051
"G402B CONTROL STRUCTURE","FL36020","72h",1000,0.999,3.48411244485527
"G402B CONTROL STRUCTURE","FL36020","72h",2000,0.9995,3.84585477501272
"G402B CONTROL STRUCTURE","FL36020","72h",5000,0.9998,4.35654270585273
"G402B CONTROL STRUCTURE","FL36020","72h",10000,0.9999,4.76906887312627
"G402A CONTROL STRUCTURE","FL36012","24h",2,0.5,0.90591268607145
"G402A CONTROL STRUCTURE","FL36012","24h",5,0.8,1.26176283607011
"G402A CONTROL STRUCTURE","FL36012","24h",10,0.9,1.52523223940446
"G402A CONTROL STRUCTURE","FL36012","24h",25,0.96,1.89364387354612
"G402A CONTROL STRUCTURE","FL36012","24h",50,0.98,2.19513471675656
"G402A CONTROL STRUCTURE","FL36012","24h",100,0.99,2.52045550761175
"G402A CONTROL STRUCTURE","FL36012","24h",200,0.995,2.8726489785056
"G402A CONTROL STRUCTURE","FL36012","24h",500,0.998,3.38428202549316
"G402A CONTROL STRUCTURE","FL36012","24h",1000,0.999,3.80982688835631
"G402A CONTROL STRUCTURE","FL36012","24h",2000,0.9995,4.27185641672044
"G402A CONTROL STRUCTURE","FL36012","24h",5000,0.9998,4.94410344251773
"G402A CONTROL STRUCTURE","FL36012","24h",10000,0.9999,5.50364011168031
"G402A CONTROL STRUCTURE","FL36012","72h",2,0.5,0.915626268552322
"G402A CONTROL STRUCTURE","FL36012","72h",5,0.8,1.26743575786877
"G402A CONTROL STRUCTURE","FL36012","72h",10,0.9,1.5191958223942
"G402A CONTROL STRUCTURE","FL36012","72h",25,0.96,1.86049013603122
"G402A CONTROL STRUCTURE","FL36012","72h",50,0.98,2.13155837898456
"G402A CONTROL STRUCTURE","FL36012","72h",100,0.99,2.41669084538679
"G402A CONTROL STRUCTURE","FL36012","72h",200,0.995,2.71764970981345
"G402A CONTROL STRUCTURE","FL36012","72h",500,0.998,3.14216461551486
"G402A CONTROL STRUCTURE","FL36012","72h",1000,0.999,3.48509008494172
"G402A CONTROL STRUCTURE","FL36012","72h",2000,0.9995,3.84814190426557
"G402A CONTROL STRUCTURE","FL36012","72h",5000,0.9998,4.36107981095871
"G402A CONTROL STRUCTURE","FL36012","72h",10000,0.9999,4.77574588260045
"LAKE FT SMITH DAM","AR00446","24h",2,0.5,0.945232913166092
"LAKE FT SMITH DAM","AR00446","24h",5,0.8,1.2236800853675
"LAKE FT SMITH DAM","AR00446","24h",10,0.9,1.41097719460847
"LAKE FT SMITH DAM","AR00446","24h",25,0.96,1.65103152980596
"LAKE FT SMITH DAM","AR00446","24h",50,0.98,1.83160614932208
"LAKE FT SMITH DAM","AR00446","24h",100,0.99,2.01297158023941
"LAKE FT SMITH DAM","AR00446","24h",200,0.995,2.19580482605274
"LAKE FT SMITH DAM","AR00446","24h",500,0.998,2.44031318681705
"LAKE FT SMITH DAM","AR00446","24h",1000,0.999,2.62762605024714
"LAKE FT SMITH DAM","AR00446","24h",2000,0.9995,2.81706708970555
"LAKE FT SMITH DAM","AR00446","24h",5000,0.9998,3.07085722924052
"LAKE FT SMITH DAM","AR00446","24h",10000,0.9999,3.26543855989669
"LAKE FT SMITH DAM","AR00446","72h",2,0.5,0.950352019860586
"LAKE FT SMITH DAM","AR00446","72h",5,0.8,1.22970089646273
"LAKE FT SMITH DAM","AR00446","72h",10,0.9,1.41243747618321
"LAKE FT SMITH DAM","AR00446","72h",25,0.96,1.64083060232272
"LAKE FT SMITH DAM","AR00446","72h",50,0.98,1.80848430273856
"LAKE FT SMITH DAM","AR00446","72h",100,0.99,1.97341443827663
"LAKE FT SMITH DAM","AR00446","72h",200,0.995,2.1362838409323
"LAKE FT SMITH DAM","AR00446","72h",500,0.998,2.34895294264184
"LAKE FT SMITH DAM","AR00446","72h",1000,0.999,2.50803424468379
"LAKE FT SMITH DAM","AR00446","72h",2000,0.9995,2.66565315648607
"LAKE FT SMITH DAM","AR00446","72h",5000,0.9998,2.8718388940593
"LAKE FT SMITH DAM","AR00446","72h",10000,0.9999,3.02619986321726
"BERLIN DAM","OH00032","24h",2,0.5,0.935328964524812
"BERLIN DAM","OH00032","24h",5,0.8,1.20772010851658
"BERLIN DAM","OH00032","24h",10,0.9,1.41033135469045
"BERLIN DAM","OH00032","24h",25,0.96,1.7092414159462
"BERLIN DAM","OH00032","24h",50,0.98,1.97132390542322
"BERLIN DAM","OH00032","24h",100,0.99,2.27333524517702
"BERLIN DAM","OH00032","24h",200,0.995,2.62337177425774
"BERLIN DAM","OH00032","24h",500,0.998,3.17487792516819
"BERLIN DAM","OH00032","24h",1000,0.999,3.67222996980415
"BERLIN DAM","OH00032","24h",2000,0.9995,4.25160390847244
"BERLIN DAM","OH00032","24h",5000,0.9998,5.16697786025104
"BERLIN DAM","OH00032","24h",10000,0.9999,5.99351047451836
"BERLIN DAM","OH00032","72h",2,0.5,0.942932828227493
"BERLIN DAM","OH00032","72h",5,0.8,1.21960611609903
"BERLIN DAM","OH00032","72h",10,0.9,1.4083232089984
"BERLIN DAM","OH00032","72h",25,0.96,1.65326492418527
"BERLIN DAM","OH00032","72h",50,0.98,1.83978343341747
"BERLIN DAM","OH00032","72h",100,0.99,2.02907540013809
"BERLIN DAM","OH00032","72h",200,0.995,2.22188134009345
"BERLIN DAM","OH00032","72h",500,0.998,2.48283187197353
"BERLIN DAM","OH00032","72h",1000,0.999,2.6851409943827
"BERLIN DAM","OH00032","72h",2000,0.9995,2.89186340353804
"BERLIN DAM","OH00032","72h",5000,0.9998,3.17213289172823
"BERLIN DAM","OH00032","72h",10000,0.9999,3.38959312466305
"LAKE ERLING DAM","AR00872","24h",2,0.5,0.924655376026234
"LAKE ERLING DAM","AR00872","24h",5,0.8,1.23610371720124
"LAKE ERLING DAM","AR00872","24h",10,0.9,1.45963527947638
"LAKE ERLING DAM","AR00872","24h",25,0.96,1.76347096732098
"LAKE ERLING DAM","AR00872","24h",50,0.98,2.00541062492297
"LAKE ERLING DAM","AR00872","24h",100,0.99,2.26046200668172
"LAKE ERLING DAM","AR00872","24h",200,0.995,2.53025801025591
"LAKE ERLING DAM","AR00872","24h",500,0.998,2.9117815905386
"LAKE ERLING DAM","AR00872","24h",1000,0.999,3.22075421997266
"LAKE ERLING DAM","AR00872","24h",2000,0.9995,3.54857134465428
"LAKE ERLING DAM","AR00872","24h",5000,0.9998,4.01289993826517
"LAKE ERLING DAM","AR00872","24h",10000,0.9999,4.38921339862893
"LAKE ERLING DAM","AR00872","72h",2,0.5,0.923651721744513
"LAKE ERLING DAM","AR00872","72h",5,0.8,1.239767611248
"LAKE ERLING DAM","AR00872","72h",10,0.9,1.46652285962412
"LAKE ERLING DAM","AR00872","72h",25,0.96,1.7745843644844
"LAKE ERLING DAM","AR00872","72h",50,0.98,2.01976902521123
"LAKE ERLING DAM","AR00872","72h",100,0.99,2.2781336385951
"LAKE ERLING DAM","AR00872","72h",200,0.995,2.55132123056596
"LAKE ERLING DAM","AR00872","72h",500,0.998,2.93745514141809
"LAKE ERLING DAM","AR00872","72h",1000,0.999,3.25001215833611
"LAKE ERLING DAM","AR00872","72h",2000,0.9995,3.58149561906014
"LAKE ERLING DAM","AR00872","72h",5000,0.9998,4.05079201945915
"LAKE ERLING DAM","AR00872","72h",10000,0.9999,4.43095030698349
"BIG EAU PLEINE","WI00753","24h",2,0.5,0.933191921643562
"BIG EAU PLEINE","WI00753","24h",5,0.8,1.23377808717953
"BIG EAU PLEINE","WI00753","24h",10,0.9,1.44358792663957
"BIG EAU PLEINE","WI00753","24h",25,0.96,1.72165145306707
"BIG EAU PLEINE","WI00753","24h",50,0.98,1.93771940877695
"BIG EAU PLEINE","WI00753","24h",100,0.99,2.16080471989461
"BIG EAU PLEINE","WI00753","24h",200,0.995,2.39195181992448
"BIG EAU PLEINE","WI00753","24h",500,0.998,2.71106150392555
"BIG EAU PLEINE","WI00753","24h",1000,0.999,2.96339343578076
"BIG EAU PLEINE","WI00753","24h",2000,0.9995,3.22565659087475
"BIG EAU PLEINE","WI00753","24h",5000,0.9998,3.58833360684653
"BIG EAU PLEINE","WI00753","24h",10000,0.9999,3.87533860714601
"BIG EAU PLEINE","WI00753","72h",2,0.5,0.935150716613953
"BIG EAU PLEINE","WI00753","72h",5,0.8,1.23400826917444
"BIG EAU PLEINE","WI00753","72h",10,0.9,1.44104096960881
"BIG EAU PLEINE","WI00753","72h",25,0.96,1.71355116253698
"BIG EAU PLEINE","WI00753","72h",50,0.98,1.92390389757755
"BIG EAU PLEINE","WI00753","72h",100,0.99,2.13986660381433
"BIG EAU PLEINE","WI00753","72h",200,0.995,2.36238181053359
"BIG EAU PLEINE","WI00753","72h",500,0.998,2.66758238200401
"BIG EAU PLEINE","WI00753","72h",1000,0.999,2.90735861881786
"BIG EAU PLEINE","WI00753","72h",2000,0.9995,3.15518444226695
"BIG EAU PLEINE","WI00753","72h",5000,0.9998,3.49567865877124
"BIG EAU PLEINE","WI00753","72h",10000,0.9999,3.76339252409238
"BIG CREEK LAKE","AL00017","24h",2,0.5,0.914673758753188
"BIG CREEK LAKE","AL00017","24h",5,0.8,1.26664596615853
"BIG CREEK LAKE","AL00017","24h",10,0.9,1.51944151474526
"BIG CREEK LAKE","AL00017","24h",25,0.96,1.86327612773276
"BIG CREEK LAKE","AL00017","24h",50,0.98,2.13723705453161
"BIG CREEK LAKE","AL00017","24h",100,0.99,2.42619844435008
"BIG CREEK LAKE","AL00017","24h",200,0.995,2.7320262411035
"BIG CREEK LAKE","AL00017","24h",500,0.998,3.16476830982982
"BIG CREEK LAKE","AL00017","24h",1000,0.999,3.51543296645046
"BIG CREEK LAKE","AL00017","24h",2000,0.9995,3.88768048786752
"BIG CREEK LAKE","AL00017","24h",5000,0.9998,4.41526410470564
"BIG CREEK LAKE","AL00017","24h",10000,0.9999,4.84310233334531
"BIG CREEK LAKE","AL00017","72h",2,0.5,0.916326575793937
"BIG CREEK LAKE","AL00017","72h",5,0.8,1.26640611744327
"BIG CREEK LAKE","AL00017","72h",10,0.9,1.51199168466955
"BIG CREEK LAKE","AL00017","72h",25,0.96,1.83580020002582
"BIG CREEK LAKE","AL00017","72h",50,0.98,2.08596433420902
"BIG CREEK LAKE","AL00017","72h",100,0.99,2.34326976713138
"BIG CREEK LAKE","AL00017","72h",200,0.995,2.60921384126617
"BIG CREEK LAKE","AL00017","72h",500,0.998,2.97585208046857
"BIG CREEK LAKE","AL00017","72h",1000,0.999,3.26568518041315
"BIG CREEK LAKE","AL00017","72h",2000,0.9995,3.56704163710322
"BIG CREEK LAKE","AL00017","72h",5000,0.9998,3.98413033569872
"BIG CREEK LAKE","AL00017","72h",10000,0.9999,4.31451917498706
"HARDY","MI00171","24h",2,0.5,0.91450767249454
"HARDY","MI00171","24h",5,0.8,1.23336584956777
"HARDY","MI00171","24h",10,0.9,1.47064429478528
"HARDY","MI00171","24h",25,0.96,1.8039682668318
"HARDY","MI00171","24h",50,0.98,2.07796128722732
"HARDY","MI00171","24h",100,0.99,2.37473466939321
"HARDY","MI00171","24h",200,0.995,2.69723723034733
"HARDY","MI00171","24h",500,0.998,3.1677983143084
"HARDY","MI00171","24h",1000,0.999,3.56088540332798
"HARDY","MI00171","24h",2000,0.9995,3.9892799642838
"HARDY","MI00171","24h",5000,0.9998,4.61532332968127
"HARDY","MI00171","24h",10000,0.9999,5.1386682480794
"HARDY","MI00171","72h",2,0.5,0.92455501754916
"HARDY","MI00171","72h",5,0.8,1.23385005589498
"HARDY","MI00171","72h",10,0.9,1.4564615285315
"HARDY","MI00171","72h",25,0.96,1.7598216224546
"HARDY","MI00171","72h",50,0.98,2.00198028472289
"HARDY","MI00171","72h",100,0.99,2.25780038354144
"HARDY","MI00171","72h",200,0.995,2.52897654882241
"HARDY","MI00171","72h",500,0.998,2.91338511308014
"HARDY","MI00171","72h",1000,0.999,3.22544589854982
"HARDY","MI00171","72h",2000,0.9995,3.55722988687291
"HARDY","MI00171","72h",5000,0.9998,4.02831841424494
"HARDY","MI00171","72h",10000,0.9999,4.4110314112763
"ALUM CREEK DAM","OH00931","24h",2,0.5,0.941607929219169
"ALUM CREEK DAM","OH00931","24h",5,0.8,1.20028469732684
"ALUM CREEK DAM","OH00931","24h",10,0.9,1.39035339411316
"ALUM CREEK DAM","OH00931","24h",25,0.96,1.66789827926202
"ALUM CREEK DAM","OH00931","24h",50,0.98,1.90893515383303
"ALUM CREEK DAM","OH00931","24h",100,0.99,2.18446491310267
"ALUM CREEK DAM","OH00931","24h",200,0.995,2.50127298239587
"ALUM CREEK DAM","OH00931","24h",500,0.998,2.99581679690127
"ALUM CREEK DAM","OH00931","24h",1000,0.999,3.43775720450069
"ALUM CREEK DAM","OH00931","24h",2000,0.9995,3.9485321817551
"ALUM CREEK DAM","OH00931","24h",5000,0.9998,4.74810596376425
"ALUM CREEK DAM","OH00931","24h",10000,0.9999,5.46354721277584
"ALUM CREEK DAM","OH00931","72h",2,0.5,0.946649918134109
"ALUM CREEK DAM","OH00931","72h",5,0.8,1.21753036925821
"ALUM CREEK DAM","OH00931","72h",10,0.9,1.39980781129188
"ALUM CREEK DAM","OH00931","72h",25,0.96,1.63350970322376
"ALUM CREEK DAM","OH00931","72h",50,0.98,1.80936515960944
"ALUM CREEK DAM","OH00931","72h",100,0.99,1.98604135330038
"ALUM CREEK DAM","OH00931","72h",200,0.995,2.16419814696687
"ALUM CREEK DAM","OH00931","72h",500,0.998,2.40253116201547
"ALUM CREEK DAM","OH00931","72h",1000,0.999,2.58517331180899
"ALUM CREEK DAM","OH00931","72h",2000,0.9995,2.76994293232051
"ALUM CREEK DAM","OH00931","72h",5000,0.9998,3.0175563625842
"ALUM CREEK DAM","OH00931","72h",10000,0.9999,3.20746441320425
"WILBUR D. MILLS DAM","AR00169","24h",2,0.5,0.941518550528654
"WILBUR D. MILLS DAM","AR00169","24h",5,0.8,1.24392658384682
"WILBUR D. MILLS DAM","AR00169","24h",10,0.9,1.44356527827454
"WILBUR D. MILLS DAM","AR00169","24h",25,0.96,1.69535515179974
"WILBUR D. MILLS DAM","AR00169","24h",50,0.98,1.88277249944632
"WILBUR D. MILLS DAM","AR00169","24h",100,0.99,2.07021487420938
"WILBUR D. MILLS DAM","AR00169","24h",200,0.995,2.25908790431882
"WILBUR D. MILLS DAM","AR00169","24h",500,0.998,2.51253523649654
"WILBUR D. MILLS DAM","AR00169","24h",1000,0.999,2.70795657668458
"WILBUR D. MILLS DAM","AR00169","24h",2000,0.9995,2.90710566145537
"WILBUR D. MILLS DAM","AR00169","24h",5000,0.9998,3.17673448374887
"WILBUR D. MILLS DAM","AR00169","24h",10000,0.9999,3.38592067340739
"WILBUR D. MILLS DAM","AR00169","72h",2,0.5,0.94088594925838
"WILBUR D. MILLS DAM","AR00169","72h",5,0.8,1.23969152193131
"WILBUR D. MILLS DAM","AR00169","72h",10,0.9,1.44101975525688
"WILBUR D. MILLS DAM","AR00169","72h",25,0.96,1.6994482801406
"WILBUR D. MILLS DAM","AR00169","72h",50,0.98,1.89413030785711
"WILBUR D. MILLS DAM","AR00169","72h",100,0.99,2.08990912862978
"WILBUR D. MILLS DAM","AR00169","72h",200,0.995,2.28751753671326
"WILBUR D. MILLS DAM","AR00169","72h",500,0.998,2.5521653757029
"WILBUR D. MILLS DAM","AR00169","72h",1000,0.999,2.75519762610708
"WILBUR D. MILLS DAM","AR00169","72h",2000,0.9995,2.96079043040124
"WILBUR D. MILLS DAM","AR00169","72h",5000,0.9998,3.23661412753973
"WILBUR D. MILLS DAM","AR00169","72h",10000,0.9999,3.4483917612697
"CECIL M HARDEN LAKE DAM","IN03003","24h",2,0.5,0.92722453045719
"CECIL M HARDEN LAKE DAM","IN03003","24h",5,0.8,1.22257426717575
"CECIL M HARDEN LAKE DAM","IN03003","24h",10,0.9,1.43588612397698
"CECIL M HARDEN LAKE DAM","IN03003","24h",25,0.96,1.72749034778182
"CECIL M HARDEN LAKE DAM","IN03003","24h",50,0.98,1.96097403061825
"CECIL M HARDEN LAKE DAM","IN03003","24h",100,0.99,2.20826968212154
"CECIL M HARDEN LAKE DAM","IN03003","24h",200,0.995,2.47108607664496
"CECIL M HARDEN LAKE DAM","IN03003","24h",500,0.998,2.84476088096046
"CECIL M HARDEN LAKE DAM","IN03003","24h",1000,0.999,3.14901006838575
"CECIL M HARDEN LAKE DAM","IN03003","24h",2000,0.9995,3.47331931410365
"CECIL M HARDEN LAKE DAM","IN03003","24h",5000,0.9998,3.93517187815179
"CECIL M HARDEN LAKE DAM","IN03003","24h",10000,0.9999,4.31149602393692
"CECIL M HARDEN LAKE DAM","IN03003","72h",2,0.5,0.942998678501921
"CECIL M HARDEN LAKE DAM","IN03003","72h",5,0.8,1.22020655091171
"CECIL M HARDEN LAKE DAM","IN03003","72h",10,0.9,1.40911401261256
"CECIL M HARDEN LAKE DAM","IN03003","72h",25,0.96,1.65409843264164
"CECIL M HARDEN LAKE DAM","IN03003","72h",50,0.98,1.84049860840574
"CECIL M HARDEN LAKE DAM","IN03003","72h",100,0.99,2.02954049225465
"CECIL M HARDEN LAKE DAM","IN03003","72h",200,0.995,2.22196012364085
"CECIL M HARDEN LAKE DAM","IN03003","72h",500,0.998,2.48218157843623
"CECIL M HARDEN LAKE DAM","IN03003","72h",1000,0.999,2.6837662708867
"CECIL M HARDEN LAKE DAM","IN03003","72h",2000,0.9995,2.88960837311966
"CECIL M HARDEN LAKE DAM","IN03003","72h",5000,0.9998,3.1684638553103
"CECIL M HARDEN LAKE DAM","IN03003","72h",10000,0.9999,3.38465642714116
"COLETO CREEK DAM","TX04744","24h",2,0.5,0.889735198462981
"COLETO CREEK DAM","TX04744","24h",5,0.8,1.28711087579217
"COLETO CREEK DAM","TX04744","24h",10,0.9,1.5865756878603
"COLETO CREEK DAM","TX04744","24h",25,0.96,2.0121367712318
"COLETO CREEK DAM","TX04744","24h",50,0.98,2.36585475379216
"COLETO CREEK DAM","TX04744","24h",100,0.99,2.75262815883173
"COLETO CREEK DAM","TX04744","24h",200,0.995,3.17691186887551
"COLETO CREEK DAM","TX04744","24h",500,0.998,3.80280267342221
"COLETO CREEK DAM","TX04744","24h",1000,0.999,4.33134356191223
"COLETO CREEK DAM","TX04744","24h",2000,0.9995,4.91278429390932
"COLETO CREEK DAM","TX04744","24h",5000,0.9998,5.77182691369822
"COLETO CREEK DAM","TX04744","24h",10000,0.9999,6.49776632256693
"COLETO CREEK DAM","TX04744","72h",2,0.5,0.873405116948564
"COLETO CREEK DAM","TX04744","72h",5,0.8,1.30110726664342
"COLETO CREEK DAM","TX04744","72h",10,0.9,1.63140738745668
"COLETO CREEK DAM","TX04744","72h",25,0.96,2.11141086736831
"COLETO CREEK DAM","TX04744","72h",50,0.98,2.51905886179878
"COLETO CREEK DAM","TX04744","72h",100,0.99,2.97306757775256
"COLETO CREEK DAM","TX04744","72h",200,0.995,3.48029160364916
"COLETO CREEK DAM","TX04744","72h",500,0.998,4.24462011995705
"COLETO CREEK DAM","TX04744","72h",1000,0.999,4.90376891342562
"COLETO CREEK DAM","TX04744","72h",2000,0.9995,5.64219626777656
"COLETO CREEK DAM","TX04744","72h",5000,0.9998,6.75657945732995
"COLETO CREEK DAM","TX04744","72h",10000,0.9999,7.71826609815841
"MURPHY DAM AKA LAKE FRANCIS","NH00185","24h",2,0.5,0.940003136627052
"MURPHY DAM AKA LAKE FRANCIS","NH00185","24h",5,0.8,1.20231206016388
"MURPHY DAM AKA LAKE FRANCIS","NH00185","24h",10,0.9,1.39565531459763
"MURPHY DAM AKA LAKE FRANCIS","NH00185","24h",25,0.96,1.67872453688449
"MURPHY DAM AKA LAKE FRANCIS","NH00185","24h",50,0.98,1.92516133587582
"MURPHY DAM AKA LAKE FRANCIS","NH00185","24h",100,0.99,2.20744600275634
"MURPHY DAM AKA LAKE FRANCIS","NH00185","24h",200,0.995,2.53268455738423
"MURPHY DAM AKA LAKE FRANCIS","NH00185","24h",500,0.998,3.04159624500429
"MURPHY DAM AKA LAKE FRANCIS","NH00185","24h",1000,0.999,3.49743855142916
"MURPHY DAM AKA LAKE FRANCIS","NH00185","24h",2000,0.9995,4.02534749678235
"MURPHY DAM AKA LAKE FRANCIS","NH00185","24h",5000,0.9998,4.85370013177107
"MURPHY DAM AKA LAKE FRANCIS","NH00185","24h",10000,0.9999,5.59661962191512
"MURPHY DAM AKA LAKE FRANCIS","NH00185","72h",2,0.5,0.946377132001254
"MURPHY DAM AKA LAKE FRANCIS","NH00185","72h",5,0.8,1.21659601591591
"MURPHY DAM AKA LAKE FRANCIS","NH00185","72h",10,0.9,1.3961777835674
"MURPHY DAM AKA LAKE FRANCIS","NH00185","72h",25,0.96,1.62377447067078
"MURPHY DAM AKA LAKE FRANCIS","NH00185","72h",50,0.98,1.79387597083783
"MURPHY DAM AKA LAKE FRANCIS","NH00185","72h",100,0.99,1.96452248520253
"MURPHY DAM AKA LAKE FRANCIS","NH00185","72h",200,0.995,2.13695037757042
"MURPHY DAM AKA LAKE FRANCIS","NH00185","72h",500,0.998,2.36901453774397
"MURPHY DAM AKA LAKE FRANCIS","NH00185","72h",1000,0.999,2.54843728910545
"MURPHY DAM AKA LAKE FRANCIS","NH00185","72h",2000,0.9995,2.73168501619697
"MURPHY DAM AKA LAKE FRANCIS","NH00185","72h",5000,0.9998,2.98038291365985
"MURPHY DAM AKA LAKE FRANCIS","NH00185","72h",10000,0.9999,3.17376990468871
"DELAWARE DAM","OH00015","24h",2,0.5,0.942426956321041
"DELAWARE DAM","OH00015","24h",5,0.8,1.2029689751837
"DELAWARE DAM","OH00015","24h",10,0.9,1.39345442605122
"DELAWARE DAM","OH00015","24h",25,0.96,1.67044767941534
"DELAWARE DAM","OH00015","24h",50,0.98,1.91007061342529
"DELAWARE DAM","OH00015","24h",100,0.99,2.18308570107745
"DELAWARE DAM","OH00015","24h",200,0.995,2.49598388223712
"DELAWARE DAM","OH00015","24h",500,0.998,2.98258152805986
"DELAWARE DAM","OH00015","24h",1000,0.999,3.41580950961393
"DELAWARE DAM","OH00015","24h",2000,0.9995,3.91490613196781
"DELAWARE DAM","OH00015","24h",5000,0.9998,4.69326385967508
"DELAWARE DAM","OH00015","24h",10000,0.9999,5.38714604724672
"DELAWARE DAM","OH00015","72h",2,0.5,0.946662197879093
"DELAWARE DAM","OH00015","72h",5,0.8,1.2176948469112
"DELAWARE DAM","OH00015","72h",10,0.9,1.40003315699466
"DELAWARE DAM","OH00015","72h",25,0.96,1.63376499013699
"DELAWARE DAM","OH00015","72h",50,0.98,1.80960783659483
"DELAWARE DAM","OH00015","72h",100,0.99,1.9862413856256
"DELAWARE DAM","OH00015","72h",200,0.995,2.16432512198125
"DELAWARE DAM","OH00015","72h",500,0.998,2.40251384062736
"DELAWARE DAM","OH00015","72h",1000,0.999,2.58500982604163
"DELAWARE DAM","OH00015","72h",2000,0.9995,2.76960057856478
"DELAWARE DAM","OH00015","72h",5000,0.9998,3.01692606410495
"DELAWARE DAM","OH00015","72h",10000,0.9999,3.20657633526247
"G206 CONTROL STRUCTURE","FL74004","24h",2,0.5,0.906447611928358
"G206 CONTROL STRUCTURE","FL74004","24h",5,0.8,1.26072440355158
"G206 CONTROL STRUCTURE","FL74004","24h",10,0.9,1.52290878490771
"G206 CONTROL STRUCTURE","FL74004","24h",25,0.96,1.88937043047565
"G206 CONTROL STRUCTURE","FL74004","24h",50,0.98,2.18914476169424
"G206 CONTROL STRUCTURE","FL74004","24h",100,0.99,2.51250232218469
"G206 CONTROL STRUCTURE","FL74004","24h",200,0.995,2.86245087408268
"G206 CONTROL STRUCTURE","FL74004","24h",500,0.998,3.37062091967938
"G206 CONTROL STRUCTURE","FL74004","24h",1000,0.999,3.79311937919089
"G206 CONTROL STRUCTURE","FL74004","24h",2000,0.9995,4.25168546191032
"G206 CONTROL STRUCTURE","FL74004","24h",5000,0.9998,4.9186289610553
"G206 CONTROL STRUCTURE","FL74004","24h",10000,0.9999,5.47353340121261
"G206 CONTROL STRUCTURE","FL74004","72h",2,0.5,0.916246009398767
"G206 CONTROL STRUCTURE","FL74004","72h",5,0.8,1.2677792034071
"G206 CONTROL STRUCTURE","FL74004","72h",10,0.9,1.51878504990034
"G206 CONTROL STRUCTURE","FL74004","72h",25,0.96,1.85837275346363
"G206 CONTROL STRUCTURE","FL74004","72h",50,0.98,2.12756140588355
"G206 CONTROL STRUCTURE","FL74004","72h",100,0.99,2.41024818338901
"G206 CONTROL STRUCTURE","FL74004","72h",200,0.995,2.70813455026738
"G206 CONTROL STRUCTURE","FL74004","72h",500,0.998,3.12751277396857
"G206 CONTROL STRUCTURE","FL74004","72h",1000,0.999,3.46564625237748
"G206 CONTROL STRUCTURE","FL74004","72h",2000,0.9995,3.82303855419123
"G206 CONTROL STRUCTURE","FL74004","72h",5000,0.9998,4.3270178185817
"G206 CONTROL STRUCTURE","FL74004","72h",10000,0.9999,4.73366970135251
"G205 CONTROL STRUCTURE","FL74003","24h",2,0.5,0.906447611928358
"G205 CONTROL STRUCTURE","FL74003","24h",5,0.8,1.26072440355158
"G205 CONTROL STRUCTURE","FL74003","24h",10,0.9,1.52290878490771
"G205 CONTROL STRUCTURE","FL74003","24h",25,0.96,1.88937043047565
"G205 CONTROL STRUCTURE","FL74003","24h",50,0.98,2.18914476169424
"G205 CONTROL STRUCTURE","FL74003","24h",100,0.99,2.51250232218469
"G205 CONTROL STRUCTURE","FL74003","24h",200,0.995,2.86245087408268
"G205 CONTROL STRUCTURE","FL74003","24h",500,0.998,3.37062091967938
"G205 CONTROL STRUCTURE","FL74003","24h",1000,0.999,3.79311937919089
"G205 CONTROL STRUCTURE","FL74003","24h",2000,0.9995,4.25168546191032
"G205 CONTROL STRUCTURE","FL74003","24h",5000,0.9998,4.9186289610553
"G205 CONTROL STRUCTURE","FL74003","24h",10000,0.9999,5.47353340121261
"G205 CONTROL STRUCTURE","FL74003","72h",2,0.5,0.916246009398767
"G205 CONTROL STRUCTURE","FL74003","72h",5,0.8,1.2677792034071
"G205 CONTROL STRUCTURE","FL74003","72h",10,0.9,1.51878504990034
"G205 CONTROL STRUCTURE","FL74003","72h",25,0.96,1.85837275346363
"G205 CONTROL STRUCTURE","FL74003","72h",50,0.98,2.12756140588355
"G205 CONTROL STRUCTURE","FL74003","72h",100,0.99,2.41024818338901
"G205 CONTROL STRUCTURE","FL74003","72h",200,0.995,2.70813455026738
"G205 CONTROL STRUCTURE","FL74003","72h",500,0.998,3.12751277396857
"G205 CONTROL STRUCTURE","FL74003","72h",1000,0.999,3.46564625237748
"G205 CONTROL STRUCTURE","FL74003","72h",2000,0.9995,3.82303855419123
"G205 CONTROL STRUCTURE","FL74003","72h",5000,0.9998,4.3270178185817
"G205 CONTROL STRUCTURE","FL74003","72h",10000,0.9999,4.73366970135251
"JENNINGS RANDOLPH DAM","MD00069","24h",2,0.5,0.923199613270124
"JENNINGS RANDOLPH DAM","MD00069","24h",5,0.8,1.21739664040446
"JENNINGS RANDOLPH DAM","MD00069","24h",10,0.9,1.43422291139602
"JENNINGS RANDOLPH DAM","MD00069","24h",25,0.96,1.73614916244575
"JENNINGS RANDOLPH DAM","MD00069","24h",50,0.98,1.98223851776273
"JENNINGS RANDOLPH DAM","MD00069","24h",100,0.99,2.24686872511853
"JENNINGS RANDOLPH DAM","MD00069","24h",200,0.995,2.53238176846501
"JENNINGS RANDOLPH DAM","MD00069","24h",500,0.998,2.94550458481273
"JENNINGS RANDOLPH DAM","MD00069","24h",1000,0.999,3.28776676604173
"JENNINGS RANDOLPH DAM","MD00069","24h",2000,0.9995,3.65811267170972
"JENNINGS RANDOLPH DAM","MD00069","24h",5000,0.9998,4.19483107006594
"JENNINGS RANDOLPH DAM","MD00069","24h",10000,0.9999,4.63981158808953
"JENNINGS RANDOLPH DAM","MD00069","72h",2,0.5,0.93254754505996
"JENNINGS RANDOLPH DAM","MD00069","72h",5,0.8,1.21936596996446
"JENNINGS RANDOLPH DAM","MD00069","72h",10,0.9,1.41953874083624
"JENNINGS RANDOLPH DAM","MD00069","72h",25,0.96,1.68247385210573
"JENNINGS RANDOLPH DAM","MD00069","72h",50,0.98,1.88496760305478
"JENNINGS RANDOLPH DAM","MD00069","72h",100,0.99,2.09274610448924
"JENNINGS RANDOLPH DAM","MD00069","72h",200,0.995,2.30703656660799
"JENNINGS RANDOLPH DAM","MD00069","72h",500,0.998,2.6017852342575
"JENNINGS RANDOLPH DAM","MD00069","72h",1000,0.999,2.83429518676347
"JENNINGS RANDOLPH DAM","MD00069","72h",2000,0.9995,3.07563648599844
"JENNINGS RANDOLPH DAM","MD00069","72h",5000,0.9998,3.40903667881713
"JENNINGS RANDOLPH DAM","MD00069","72h",10000,0.9999,3.67266668574725
"MIDDLE DAM","ME00025","24h",2,0.5,0.936014373195124
"MIDDLE DAM","ME00025","24h",5,0.8,1.22759338921308
"MIDDLE DAM","ME00025","24h",10,0.9,1.43029727372832
"MIDDLE DAM","ME00025","24h",25,0.96,1.69796320890846
"MIDDLE DAM","ME00025","24h",50,0.98,1.90521694782035
"MIDDLE DAM","ME00025","24h",100,0.99,2.11855863557136
"MIDDLE DAM","ME00025","24h",200,0.995,2.33894926714761
"MIDDLE DAM","ME00025","24h",500,0.998,2.64215453421723
"MIDDLE DAM","ME00025","24h",1000,0.999,2.88108359226809
"MIDDLE DAM","ME00025","24h",2000,0.9995,3.1286777034714
"MIDDLE DAM","ME00025","24h",5000,0.9998,3.46988515834589
"MIDDLE DAM","ME00025","24h",10000,0.9999,3.7389702330745
"MIDDLE DAM","ME00025","72h",2,0.5,0.943075430692103
"MIDDLE DAM","ME00025","72h",5,0.8,1.23591636328068
"MIDDLE DAM","ME00025","72h",10,0.9,1.42949431420001
"MIDDLE DAM","ME00025","72h",25,0.96,1.67387491113543
"MIDDLE DAM","ME00025","72h",50,0.98,1.85592397887725
"MIDDLE DAM","ME00025","72h",100,0.99,2.03810776780299
"MIDDLE DAM","ME00025","72h",200,0.995,2.22178307839746
"MIDDLE DAM","ME00025","72h",500,0.998,2.46839963574594
"MIDDLE DAM","ME00025","72h",1000,0.999,2.65865674276841
"MIDDLE DAM","ME00025","72h",2000,0.9995,2.85262739671096
"MIDDLE DAM","ME00025","72h",5000,0.9998,3.11537017226958
"MIDDLE DAM","ME00025","72h",10000,0.9999,3.31930573358439
"LAKE ARLINGTON DAM","TX00776","24h",2,0.5,0.916567000807159
"LAKE ARLINGTON DAM","TX00776","24h",5,0.8,1.26742848834853
"LAKE ARLINGTON DAM","TX00776","24h",10,0.9,1.5131602327827
"LAKE ARLINGTON DAM","TX00776","24h",25,0.96,1.83677277583141
"LAKE ARLINGTON DAM","TX00776","24h",50,0.98,2.08653454180516
"LAKE ARLINGTON DAM","TX00776","24h",100,0.99,2.34323181248443
"LAKE ARLINGTON DAM","TX00776","24h",200,0.995,2.60836519538462
"LAKE ARLINGTON DAM","TX00776","24h",500,0.998,2.9736190546199
"LAKE ARLINGTON DAM","TX00776","24h",1000,0.999,3.26216352349951
"LAKE ARLINGTON DAM","TX00776","24h",2000,0.9995,3.56201730679511
"LAKE ARLINGTON DAM","TX00776","24h",5000,0.9998,3.97677940876966
"LAKE ARLINGTON DAM","TX00776","24h",10000,0.9999,4.30514086462256
"LAKE ARLINGTON DAM","TX00776","72h",2,0.5,0.922089331584669
"LAKE ARLINGTON DAM","TX00776","72h",5,0.8,1.27117531015174
"LAKE ARLINGTON DAM","TX00776","72h",10,0.9,1.51092421140964
"LAKE ARLINGTON DAM","TX00776","72h",25,0.96,1.82216096542032
"LAKE ARLINGTON DAM","TX00776","72h",50,0.98,2.05950401644522
"LAKE ARLINGTON DAM","TX00776","72h",100,0.99,2.30124168025276
"LAKE ARLINGTON DAM","TX00776","72h",200,0.995,2.54888327630601
"LAKE ARLINGTON DAM","TX00776","72h",500,0.998,2.88707715455747
"LAKE ARLINGTON DAM","TX00776","72h",1000,0.999,3.15210397730387
"LAKE ARLINGTON DAM","TX00776","72h",2000,0.9995,3.42573749078807
"LAKE ARLINGTON DAM","TX00776","72h",5000,0.9998,3.80155012057642
"LAKE ARLINGTON DAM","TX00776","72h",10000,0.9999,4.0970857590046
"RODMAN DAM AND SPILLWAY","FL00156","24h",2,0.5,0.905805704391854
"RODMAN DAM AND SPILLWAY","FL00156","24h",5,0.8,1.25270155315709
"RODMAN DAM AND SPILLWAY","FL00156","24h",10,0.9,1.51204071109912
"RODMAN DAM AND SPILLWAY","FL00156","24h",25,0.96,1.87789618748113
"RODMAN DAM AND SPILLWAY","FL00156","24h",50,0.98,2.17985544166446
"RODMAN DAM AND SPILLWAY","FL00156","24h",100,0.99,2.50805652515956
"RODMAN DAM AND SPILLWAY","FL00156","24h",200,0.995,2.86594376709968
"RODMAN DAM AND SPILLWAY","FL00156","24h",500,0.998,3.39023340267804
"RODMAN DAM AND SPILLWAY","FL00156","24h",1000,0.999,3.82994480497936
"RODMAN DAM AND SPILLWAY","FL00156","24h",2000,0.9995,4.31079922803218
"RODMAN DAM AND SPILLWAY","FL00156","24h",5000,0.9998,5.01632425597199
"RODMAN DAM AND SPILLWAY","FL00156","24h",10000,0.9999,5.6084552640246
"RODMAN DAM AND SPILLWAY","FL00156","72h",2,0.5,0.898813491801648
"RODMAN DAM AND SPILLWAY","FL00156","72h",5,0.8,1.24241482951851
"RODMAN DAM AND SPILLWAY","FL00156","72h",10,0.9,1.50724778896809
"RODMAN DAM AND SPILLWAY","FL00156","72h",25,0.96,1.89142265425702
"RODMAN DAM AND SPILLWAY","FL00156","72h",50,0.98,2.21712564873437
"RODMAN DAM AND SPILLWAY","FL00156","72h",100,0.99,2.57933659624947
"RODMAN DAM AND SPILLWAY","FL00156","72h",200,0.995,2.98341126273851
"RODMAN DAM AND SPILLWAY","FL00156","72h",500,0.998,3.59126861409142
"RODMAN DAM AND SPILLWAY","FL00156","72h",1000,0.999,4.11459751212712
"RODMAN DAM AND SPILLWAY","FL00156","72h",2000,0.9995,4.70001613045493
"RODMAN DAM AND SPILLWAY","FL00156","72h",5000,0.9998,5.5819880388679
"RODMAN DAM AND SPILLWAY","FL00156","72h",10000,0.9999,6.34183167207579
"HENRY H. BUCKMAN LOCK","FL00159","24h",2,0.5,0.908542591715992
"HENRY H. BUCKMAN LOCK","FL00159","24h",5,0.8,1.25206506424294
"HENRY H. BUCKMAN LOCK","FL00159","24h",10,0.9,1.50704299921803
"HENRY H. BUCKMAN LOCK","FL00159","24h",25,0.96,1.86439399940572
"HENRY H. BUCKMAN LOCK","FL00159","24h",50,0.98,2.15747600247155
"HENRY H. BUCKMAN LOCK","FL00159","24h",100,0.99,2.47431587282649
"HENRY H. BUCKMAN LOCK","FL00159","24h",200,0.995,2.81796705607362
"HENRY H. BUCKMAN LOCK","FL00159","24h",500,0.998,3.31827253700556
"HENRY H. BUCKMAN LOCK","FL00159","24h",1000,0.999,3.73528842963198
"HENRY H. BUCKMAN LOCK","FL00159","24h",2000,0.9995,4.18889736228775
"HENRY H. BUCKMAN LOCK","FL00159","24h",5000,0.9998,4.85031960061426
"HENRY H. BUCKMAN LOCK","FL00159","24h",10000,0.9999,5.40202598915418
"HENRY H. BUCKMAN LOCK","FL00159","72h",2,0.5,0.898480052859766
"HENRY H. BUCKMAN LOCK","FL00159","72h",5,0.8,1.24471997515183
"HENRY H. BUCKMAN LOCK","FL00159","72h",10,0.9,1.51113996480563
"HENRY H. BUCKMAN LOCK","FL00159","72h",25,0.96,1.89702452749597
"HENRY H. BUCKMAN LOCK","FL00159","72h",50,0.98,2.22369508934882
"HENRY H. BUCKMAN LOCK","FL00159","72h",100,0.99,2.58652491778707
"HENRY H. BUCKMAN LOCK","FL00159","72h",200,0.995,2.99078343520524
"HENRY H. BUCKMAN LOCK","FL00159","72h",500,0.998,3.59803116114576
"HENRY H. BUCKMAN LOCK","FL00159","72h",1000,0.999,4.12008337111356
"HENRY H. BUCKMAN LOCK","FL00159","72h",2000,0.9995,4.70334650567133
"HENRY H. BUCKMAN LOCK","FL00159","72h",5000,0.9998,5.58079336395176
"HENRY H. BUCKMAN LOCK","FL00159","72h",10000,0.9999,6.33565261547784
"BERNVILLE LEVEE","PA00921","24h",2,0.5,0.918192861568
"BERNVILLE LEVEE","PA00921","24h",5,0.8,1.25195687563426
"BERNVILLE LEVEE","PA00921","24h",10,0.9,1.48802287424947
"BERNVILLE LEVEE","PA00921","24h",25,0.96,1.80115730955818
"BERNVILLE LEVEE","PA00921","24h",50,0.98,2.0442949993113
"BERNVILLE LEVEE","PA00921","24h",100,0.99,2.29532316915006
"BERNVILLE LEVEE","PA00921","24h",200,0.995,2.55567325151619
"BERNVILLE LEVEE","PA00921","24h",500,0.998,2.91591463940469
"BERNVILLE LEVEE","PA00921","24h",1000,0.999,3.20165261200997
"BERNVILLE LEVEE","PA00921","24h",2000,0.9995,3.49956014769211
"BERNVILLE LEVEE","PA00921","24h",5000,0.9998,3.9131063012282
"BERNVILLE LEVEE","PA00921","24h",10000,0.9999,4.24161163655343
"BERNVILLE LEVEE","PA00921","72h",2,0.5,0.915719519533822
"BERNVILLE LEVEE","PA00921","72h",5,0.8,1.24240282911425
"BERNVILLE LEVEE","PA00921","72h",10,0.9,1.48216169761534
"BERNVILLE LEVEE","PA00921","72h",25,0.96,1.81474417199148
"BERNVILLE LEVEE","PA00921","72h",50,0.98,2.08482042833833
"BERNVILLE LEVEE","PA00921","72h",100,0.99,2.3743312905029
"BERNVILLE LEVEE","PA00921","72h",200,0.995,2.68571132134189
"BERNVILLE LEVEE","PA00921","72h",500,0.998,3.13462453748702
"BERNVILLE LEVEE","PA00921","72h",1000,0.999,3.50519909985443
"BERNVILLE LEVEE","PA00921","72h",2000,0.9995,3.90493228514489
"BERNVILLE LEVEE","PA00921","72h",5000,0.9998,4.4821385912537
"BERNVILLE LEVEE","PA00921","72h",10000,0.9999,4.95896553774125
"DU BAY","WI00784","24h",2,0.5,0.934155954867354
"DU BAY","WI00784","24h",5,0.8,1.2347427612041
"DU BAY","WI00784","24h",10,0.9,1.44359083048842
"DU BAY","WI00784","24h",25,0.96,1.71922893402012
"DU BAY","WI00784","24h",50,0.98,1.9325497581437
"DU BAY","WI00784","24h",100,0.99,2.15204420514579
"DU BAY","WI00784","24h",200,0.995,2.37869585237487
"DU BAY","WI00784","24h",500,0.998,2.69036322699807
"DU BAY","WI00784","24h",1000,0.999,2.93584174615058
"DU BAY","WI00784","24h",2000,0.9995,3.19011674588134
"DU BAY","WI00784","24h",5000,0.9998,3.540361134341
"DU BAY","WI00784","24h",10000,0.9999,3.81643954122247
"DU BAY","WI00784","72h",2,0.5,0.935561948286654
"DU BAY","WI00784","72h",5,0.8,1.23239845175111
"DU BAY","WI00784","72h",10,0.9,1.43805828658142
"DU BAY","WI00784","72h",25,0.96,1.70879387162036
"DU BAY","WI00784","72h",50,0.98,1.91780104371177
"DU BAY","WI00784","72h",100,0.99,2.13240349151566
"DU BAY","WI00784","72h",200,0.995,2.35353888309024
"DU BAY","WI00784","72h",500,0.998,2.65688144979112
"DU BAY","WI00784","72h",1000,0.999,2.89522498246579
"DU BAY","WI00784","72h",2000,0.9995,3.14159407865134
"DU BAY","WI00784","72h",5000,0.9998,3.48012532288491
"DU BAY","WI00784","72h",10000,0.9999,3.74632593217876
"LOYALHANNA DAM","PA00106","24h",2,0.5,0.927995499184152
"LOYALHANNA DAM","PA00106","24h",5,0.8,1.18900292651678
"LOYALHANNA DAM","PA00106","24h",10,0.9,1.39105990985283
"LOYALHANNA DAM","PA00106","24h",25,0.96,1.69932871023325
"LOYALHANNA DAM","PA00106","24h",50,0.98,1.97818248316261
"LOYALHANNA DAM","PA00106","24h",100,0.99,2.30810306334138
"LOYALHANNA DAM","PA00106","24h",200,0.995,2.70058864697146
"LOYALHANNA DAM","PA00106","24h",500,0.998,3.33804165192748
"LOYALHANNA DAM","PA00106","24h",1000,0.999,3.93026314261709
"LOYALHANNA DAM","PA00106","24h",2000,0.9995,4.6382005417766
"LOYALHANNA DAM","PA00106","24h",5000,0.9998,5.79102658520269
"LOYALHANNA DAM","PA00106","24h",10000,0.9999,6.86333490853737
"LOYALHANNA DAM","PA00106","72h",2,0.5,0.937598373345202
"LOYALHANNA DAM","PA00106","72h",5,0.8,1.20775502146057
"LOYALHANNA DAM","PA00106","72h",10,0.9,1.39868354796591
"LOYALHANNA DAM","PA00106","72h",25,0.96,1.65459288139101
"LOYALHANNA DAM","PA00106","72h",50,0.98,1.85562803886866
"LOYALHANNA DAM","PA00106","72h",100,0.99,2.06512850109543
"LOYALHANNA DAM","PA00106","72h",200,0.995,2.28421350774248
"LOYALHANNA DAM","PA00106","72h",500,0.998,2.58992872393544
"LOYALHANNA DAM","PA00106","72h",1000,0.999,2.8342575335177
"LOYALHANNA DAM","PA00106","72h",2000,0.9995,3.09054678726476
"LOYALHANNA DAM","PA00106","72h",5000,0.9998,3.44877156109412
"LOYALHANNA DAM","PA00106","72h",10000,0.9999,3.73528520270845
"PINE MOUNTAIN LAKE","MN00033","24h",2,0.5,0.917162842426201
"PINE MOUNTAIN LAKE","MN00033","24h",5,0.8,1.25173451645959
"PINE MOUNTAIN LAKE","MN00033","24h",10,0.9,1.49377407375843
"PINE MOUNTAIN LAKE","MN00033","24h",25,0.96,1.82514862216479
"PINE MOUNTAIN LAKE","MN00033","24h",50,0.98,2.09086197816913
"PINE MOUNTAIN LAKE","MN00033","24h",100,0.99,2.37264269660475
"PINE MOUNTAIN LAKE","MN00033","24h",200,0.995,2.67247763585318
"PINE MOUNTAIN LAKE","MN00033","24h",500,0.998,3.09939620290318
"PINE MOUNTAIN LAKE","MN00033","24h",1000,0.999,3.44749058965741
"PINE MOUNTAIN LAKE","MN00033","24h",2000,0.9995,3.81899101470044
"PINE MOUNTAIN LAKE","MN00033","24h",5000,0.9998,4.34880497766528
"PINE MOUNTAIN LAKE","MN00033","24h",10000,0.9999,4.78111749383869
"PINE MOUNTAIN LAKE","MN00033","72h",2,0.5,0.932552877542138
"PINE MOUNTAIN LAKE","MN00033","72h",5,0.8,1.2215927847467
"PINE MOUNTAIN LAKE","MN00033","72h",10,0.9,1.43567352194518
"PINE MOUNTAIN LAKE","MN00033","72h",25,0.96,1.7503783934018
"PINE MOUNTAIN LAKE","MN00033","72h",50,0.98,2.02539389223999
"PINE MOUNTAIN LAKE","MN00033","72h",100,0.99,2.34142052921603
"PINE MOUNTAIN LAKE","MN00033","72h",200,0.995,2.70668568839103
"PINE MOUNTAIN LAKE","MN00033","72h",500,0.998,3.28032960775756
"PINE MOUNTAIN LAKE","MN00033","72h",1000,0.999,3.79600830216018
"PINE MOUNTAIN LAKE","MN00033","72h",2000,0.9995,4.39508199821081
"PINE MOUNTAIN LAKE","MN00033","72h",5000,0.9998,5.33854134731659
"PINE MOUNTAIN LAKE","MN00033","72h",10000,0.9999,6.18774308748917
"LARTO LAKE DAM","LA00023","24h",2,0.5,0.90848807589152
"LARTO LAKE DAM","LA00023","24h",5,0.8,1.25574791769217
"LARTO LAKE DAM","LA00023","24h",10,0.9,1.51254997087188
"LARTO LAKE DAM","LA00023","24h",25,0.96,1.87124732794409
"LARTO LAKE DAM","LA00023","24h",50,0.98,2.16448017457008
"LARTO LAKE DAM","LA00023","24h",100,0.99,2.48060687951829
"LARTO LAKE DAM","LA00023","24h",200,0.995,2.82254196861737
"LARTO LAKE DAM","LA00023","24h",500,0.998,3.31875824938007
"LARTO LAKE DAM","LA00023","24h",1000,0.999,3.73105729421935
"LARTO LAKE DAM","LA00023","24h",2000,0.9995,4.17830857345033
"LARTO LAKE DAM","LA00023","24h",5000,0.9998,4.82838108411031
"LARTO LAKE DAM","LA00023","24h",10000,0.9999,5.36890698827519
"LARTO LAKE DAM","LA00023","72h",2,0.5,0.922385658311428
"LARTO LAKE DAM","LA00023","72h",5,0.8,1.2667636931087
"LARTO LAKE DAM","LA00023","72h",10,0.9,1.50821293795604
"LARTO LAKE DAM","LA00023","72h",25,0.96,1.82950303614984
"LARTO LAKE DAM","LA00023","72h",50,0.98,2.080137684083
"LARTO LAKE DAM","LA00023","72h",100,0.99,2.33977411438511
"LARTO LAKE DAM","LA00023","72h",200,0.995,2.60968417586525
"LARTO LAKE DAM","LA00023","72h",500,0.998,2.98374001680089
"LARTO LAKE DAM","LA00023","72h",1000,0.999,3.28065026690553
"LARTO LAKE DAM","LA00023","72h",2000,0.9995,3.5902632958725
"LARTO LAKE DAM","LA00023","72h",5000,0.9998,4.02006099825215
"LARTO LAKE DAM","LA00023","72h",10000,0.9999,4.36148040191282
"LOCK & DAM 24","MO10300","24h",2,0.5,0.931753595708151
"LOCK & DAM 24","MO10300","24h",5,0.8,1.24156024155106
"LOCK & DAM 24","MO10300","24h",10,0.9,1.45351069691941
"LOCK & DAM 24","MO10300","24h",25,0.96,1.72788204319597
"LOCK & DAM 24","MO10300","24h",50,0.98,1.93661655370907
"LOCK & DAM 24","MO10300","24h",100,0.99,2.14883668209275
"LOCK & DAM 24","MO10300","24h",200,0.995,2.36588787264806
"LOCK & DAM 24","MO10300","24h",500,0.998,2.66179574811775
"LOCK & DAM 24","MO10300","24h",1000,0.999,2.89331687061823
"LOCK & DAM 24","MO10300","24h",2000,0.9995,3.13205062503899
"LOCK & DAM 24","MO10300","24h",5000,0.9998,3.45947156201098
"LOCK & DAM 24","MO10300","24h",10000,0.9999,3.71661140268335
"LOCK & DAM 24","MO10300","72h",2,0.5,0.9316439906131
"LOCK & DAM 24","MO10300","72h",5,0.8,1.24717609805645
"LOCK & DAM 24","MO10300","72h",10,0.9,1.46199538601628
"LOCK & DAM 24","MO10300","72h",25,0.96,1.73909219166927
"LOCK & DAM 24","MO10300","72h",50,0.98,1.9492723166777
"LOCK & DAM 24","MO10300","72h",100,0.99,2.16248300080742
"LOCK & DAM 24","MO10300","72h",200,0.995,2.38010352834522
"LOCK & DAM 24","MO10300","72h",500,0.998,2.67614606468004
"LOCK & DAM 24","MO10300","72h",1000,0.999,2.9073102987153
"LOCK & DAM 24","MO10300","72h",2000,0.9995,3.14529251650783
"LOCK & DAM 24","MO10300","72h",5000,0.9998,3.47110740971956
"LOCK & DAM 24","MO10300","72h",10000,0.9999,3.72655992203491
"WAY","MI00205","24h",2,0.5,0.926384317503514
"WAY","MI00205","24h",5,0.8,1.23136114494815
"WAY","MI00205","24h",10,0.9,1.45008360475385
"WAY","MI00205","24h",25,0.96,1.74717950600302
"WAY","MI00205","24h",50,0.98,1.98359629375325
"WAY","MI00205","24h",100,0.99,2.2326854671264
"WAY","MI00205","24h",200,0.995,2.49602735348689
"WAY","MI00205","24h",500,0.998,2.8681824187188
"WAY","MI00205","24h",1000,0.999,3.16937398987701
"WAY","MI00205","24h",2000,0.9995,3.48875778877525
"WAY","MI00205","24h",5000,0.9998,3.9408483318375
"WAY","MI00205","24h",10000,0.9999,4.30700783675629
"WAY","MI00205","72h",2,0.5,0.936360198108228
"WAY","MI00205","72h",5,0.8,1.22706043838206
"WAY","MI00205","72h",10,0.9,1.42900084653823
"WAY","MI00205","72h",25,0.96,1.69547621405055
"WAY","MI00205","72h",50,0.98,1.90167137580936
"WAY","MI00205","72h",100,0.99,2.11380378177672
"WAY","MI00205","72h",200,0.995,2.33282236330039
"WAY","MI00205","72h",500,0.998,2.63394417750444
"WAY","MI00205","72h",1000,0.999,2.87107801145274
"WAY","MI00205","72h",2000,0.9995,3.11667474838532
"WAY","MI00205","72h",5000,0.9998,3.45491015542615
"WAY","MI00205","72h",10000,0.9999,3.72147910095964
"CANEY CREEK DAM","LA00385","24h",2,0.5,0.914214401627921
"CANEY CREEK DAM","LA00385","24h",5,0.8,1.2475718491285
"CANEY CREEK DAM","LA00385","24h",10,0.9,1.49201020939536
"CANEY CREEK DAM","LA00385","24h",25,0.96,1.83080754546336
"CANEY CREEK DAM","LA00385","24h",50,0.98,2.10571438298639
"CANEY CREEK DAM","LA00385","24h",100,0.99,2.40020599042318
"CANEY CREEK DAM","LA00385","24h",200,0.995,2.71673195000077
"CANEY CREEK DAM","LA00385","24h",500,0.998,3.17271060209183
"CANEY CREEK DAM","LA00385","24h",1000,0.999,3.54882885068399
"CANEY CREEK DAM","LA00385","24h",2000,0.9995,3.95427289744709
"CANEY CREEK DAM","LA00385","24h",5000,0.9998,4.53927318901431
"CANEY CREEK DAM","LA00385","24h",10000,0.9999,5.02216835190601
"CANEY CREEK DAM","LA00385","72h",2,0.5,0.91721617839636
"CANEY CREEK DAM","LA00385","72h",5,0.8,1.23825623914333
"CANEY CREEK DAM","LA00385","72h",10,0.9,1.48219922982667
"CANEY CREEK DAM","LA00385","72h",25,0.96,1.84858311926935
"CANEY CREEK DAM","LA00385","72h",50,0.98,2.17521669221013
"CANEY CREEK DAM","LA00385","72h",100,0.99,2.55694088848637
"CANEY CREEK DAM","LA00385","72h",200,0.995,3.00555978373617
"CANEY CREEK DAM","LA00385","72h",500,0.998,3.72392201015369
"CANEY CREEK DAM","LA00385","72h",1000,0.999,4.38210877488612
"CANEY CREEK DAM","LA00385","72h",2000,0.9995,5.15947208111733
"CANEY CREEK DAM","LA00385","72h",5000,0.9998,6.40760706752383
"CANEY CREEK DAM","LA00385","72h",10000,0.9999,7.55259303856256
"MICHAEL J KIRWAN DAM AND RESERVOIR","OH00030","24h",2,0.5,0.931239912832851
"MICHAEL J KIRWAN DAM AND RESERVOIR","OH00030","24h",5,0.8,1.22832748305951
"MICHAEL J KIRWAN DAM AND RESERVOIR","OH00030","24h",10,0.9,1.43842721567816
"MICHAEL J KIRWAN DAM AND RESERVOIR","OH00030","24h",25,0.96,1.72020081376678
"MICHAEL J KIRWAN DAM AND RESERVOIR","OH00030","24h",50,0.98,1.94168218355049
"MICHAEL J KIRWAN DAM AND RESERVOIR","OH00030","24h",100,0.99,2.17260337608063
"MICHAEL J KIRWAN DAM AND RESERVOIR","OH00030","24h",200,0.995,2.41420725895958
"MICHAEL J KIRWAN DAM AND RESERVOIR","OH00030","24h",500,0.998,2.75153717994041
"MICHAEL J KIRWAN DAM AND RESERVOIR","OH00030","24h",1000,0.999,3.02128470123435
"MICHAEL J KIRWAN DAM AND RESERVOIR","OH00030","24h",2000,0.9995,3.30437474234559
"MICHAEL J KIRWAN DAM AND RESERVOIR","OH00030","24h",5000,0.9998,3.70028414704785
"MICHAEL J KIRWAN DAM AND RESERVOIR","OH00030","24h",10000,0.9999,4.01711700017898
"MICHAEL J KIRWAN DAM AND RESERVOIR","OH00030","72h",2,0.5,0.939549737203694
"MICHAEL J KIRWAN DAM AND RESERVOIR","OH00030","72h",5,0.8,1.21977921322844
"MICHAEL J KIRWAN DAM AND RESERVOIR","OH00030","72h",10,0.9,1.41355199155452
"MICHAEL J KIRWAN DAM AND RESERVOIR","OH00030","72h",25,0.96,1.66818563365028
"MICHAEL J KIRWAN DAM AND RESERVOIR","OH00030","72h",50,0.98,1.86442349070198
"MICHAEL J KIRWAN DAM AND RESERVOIR","OH00030","72h",100,0.99,2.06561959642384
"MICHAEL J KIRWAN DAM AND RESERVOIR","OH00030","72h",200,0.995,2.27263847561358
"MICHAEL J KIRWAN DAM AND RESERVOIR","OH00030","72h",500,0.998,2.55613700262268
"MICHAEL J KIRWAN DAM AND RESERVOIR","OH00030","72h",1000,0.999,2.77851410214789
"MICHAEL J KIRWAN DAM AND RESERVOIR","OH00030","72h",2000,0.9995,3.00804587405807
"MICHAEL J KIRWAN DAM AND RESERVOIR","OH00030","72h",5000,0.9998,3.32290967213931
"MICHAEL J KIRWAN DAM AND RESERVOIR","OH00030","72h",10000,0.9999,3.57008383429858
"SWAN LAKE","AK83013","24h",2,0.5,0.959154439250236
"SWAN LAKE","AK83013","24h",5,0.8,1.20896304614082
"SWAN LAKE","AK83013","24h",10,0.9,1.36896291755384
"SWAN LAKE","AK83013","24h",25,0.96,1.56517756524467
"SWAN LAKE","AK83013","24h",50,0.98,1.70657120457292
"SWAN LAKE","AK83013","24h",100,0.99,1.84350389724886
"SWAN LAKE","AK83013","24h",200,0.995,1.97663352626788
"SWAN LAKE","AK83013","24h",500,0.998,2.14736277264804
"SWAN LAKE","AK83013","24h",1000,0.999,2.27278854624556
"SWAN LAKE","AK83013","24h",2000,0.9995,2.3951479348702
"SWAN LAKE","AK83013","24h",5000,0.9998,2.5523555220108
"SWAN LAKE","AK83013","24h",10000,0.9999,2.66794686457955
"SWAN LAKE","AK83013","72h",2,0.5,0.959092805859694
"SWAN LAKE","AK83013","72h",5,0.8,1.20058773950908
"SWAN LAKE","AK83013","72h",10,0.9,1.35662225098366
"SWAN LAKE","AK83013","72h",25,0.96,1.54948529619266
"SWAN LAKE","AK83013","72h",50,0.98,1.68953330429314
"SWAN LAKE","AK83013","72h",100,0.99,1.82604703731358
"SWAN LAKE","AK83013","72h",200,0.995,1.959629800364
"SWAN LAKE","AK83013","72h",500,0.998,2.13222493135867
"SWAN LAKE","AK83013","72h",1000,0.999,2.25997338051231
"SWAN LAKE","AK83013","72h",2000,0.9995,2.38540264377217
"SWAN LAKE","AK83013","72h",5000,0.9998,2.54776027108711
"SWAN LAKE","AK83013","72h",10000,0.9999,2.66803353043176
"LAC QUI PARLE DAM","MN00580","24h",2,0.5,0.920219856254423
"LAC QUI PARLE DAM","MN00580","24h",5,0.8,1.25160642863551
"LAC QUI PARLE DAM","MN00580","24h",10,0.9,1.48905772662682
"LAC QUI PARLE DAM","MN00580","24h",25,0.96,1.81133234644536
"LAC QUI PARLE DAM","MN00580","24h",50,0.98,2.06758472140482
"LAC QUI PARLE DAM","MN00580","24h",100,0.99,2.33739285572954
"LAC QUI PARLE DAM","MN00580","24h",200,0.995,2.6224502545628
"LAC QUI PARLE DAM","MN00580","24h",500,0.998,3.02498382205882
"LAC QUI PARLE DAM","MN00580","24h",1000,0.999,3.35051252311351
"LAC QUI PARLE DAM","MN00580","24h",2000,0.9995,3.69547586178376
"LAC QUI PARLE DAM","MN00580","24h",5000,0.9998,4.18339968165623
"LAC QUI PARLE DAM","MN00580","24h",10000,0.9999,4.57828008425325
"LAC QUI PARLE DAM","MN00580","72h",2,0.5,0.932056488648509
"LAC QUI PARLE DAM","MN00580","72h",5,0.8,1.24742593508004
"LAC QUI PARLE DAM","MN00580","72h",10,0.9,1.46541063124254
"LAC QUI PARLE DAM","MN00580","72h",25,0.96,1.75175769440895
"LAC QUI PARLE DAM","MN00580","72h",50,0.98,1.97235911151414
"LAC QUI PARLE DAM","MN00580","72h",100,0.99,2.19846731212569
"LAC QUI PARLE DAM","MN00580","72h",200,0.995,2.43105067367741
"LAC QUI PARLE DAM","MN00580","72h",500,0.998,2.74944917549793
"LAC QUI PARLE DAM","MN00580","72h",1000,0.999,2.99911694450354
"LAC QUI PARLE DAM","MN00580","72h",2000,0.9995,3.25674182313796
"LAC QUI PARLE DAM","MN00580","72h",5000,0.9998,3.61002224596551
"LAC QUI PARLE DAM","MN00580","72h",10000,0.9999,3.8872599459006
"BAYOU LOCO DAM","TX04585","24h",2,0.5,0.916973662600209
"BAYOU LOCO DAM","TX04585","24h",5,0.8,1.24777763034712
"BAYOU LOCO DAM","TX04585","24h",10,0.9,1.48822263172238
"BAYOU LOCO DAM","TX04585","24h",25,0.96,1.81882993400756
"BAYOU LOCO DAM","TX04585","24h",50,0.98,2.0850287164596
"BAYOU LOCO DAM","TX04585","24h",100,0.99,2.36832243215677
"BAYOU LOCO DAM","TX04585","24h",200,0.995,2.67082738814424
"BAYOU LOCO DAM","TX04585","24h",500,0.998,3.10330781996808
"BAYOU LOCO DAM","TX04585","24h",1000,0.999,3.45736604904047
"BAYOU LOCO DAM","TX04585","24h",2000,0.9995,3.83655367958088
"BAYOU LOCO DAM","TX04585","24h",5000,0.9998,4.37953571666532
"BAYOU LOCO DAM","TX04585","24h",10000,0.9999,4.82438632044198
"BAYOU LOCO DAM","TX04585","72h",2,0.5,0.919413725129805
"BAYOU LOCO DAM","TX04585","72h",5,0.8,1.23299283935457
"BAYOU LOCO DAM","TX04585","72h",10,0.9,1.47105063375681
"BAYOU LOCO DAM","TX04585","72h",25,0.96,1.82832303870174
"BAYOU LOCO DAM","TX04585","72h",50,0.98,2.14660817119204
"BAYOU LOCO DAM","TX04585","72h",100,0.99,2.51835335413301
"BAYOU LOCO DAM","TX04585","72h",200,0.995,2.95498594948194
"BAYOU LOCO DAM","TX04585","72h",500,0.998,3.65367301569766
"BAYOU LOCO DAM","TX04585","72h",1000,0.999,4.29340051475824
"BAYOU LOCO DAM","TX04585","72h",2000,0.9995,5.04851935608735
"BAYOU LOCO DAM","TX04585","72h",5000,0.9998,6.26010681966518
"BAYOU LOCO DAM","TX04585","72h",10000,0.9999,7.37081679745023
"SALINE LAKE DAM","LA00026","24h",2,0.5,0.910870886994182
"SALINE LAKE DAM","LA00026","24h",5,0.8,1.25337308889143
"SALINE LAKE DAM","LA00026","24h",10,0.9,1.50551665052893
"SALINE LAKE DAM","LA00026","24h",25,0.96,1.85626122872791
"SALINE LAKE DAM","LA00026","24h",50,0.98,2.14185780210069
"SALINE LAKE DAM","LA00026","24h",100,0.99,2.44871269850401
"SALINE LAKE DAM","LA00026","24h",200,0.995,2.77950475845609
"SALINE LAKE DAM","LA00026","24h",500,0.998,3.25767722766486
"SALINE LAKE DAM","LA00026","24h",1000,0.999,3.65344885255686
"SALINE LAKE DAM","LA00026","24h",2000,0.9995,4.08133727976728
"SALINE LAKE DAM","LA00026","24h",5000,0.9998,4.70084494257439
"SALINE LAKE DAM","LA00026","24h",10000,0.9999,5.21396857068503
"SALINE LAKE DAM","LA00026","72h",2,0.5,0.915571707244968
"SALINE LAKE DAM","LA00026","72h",5,0.8,1.26497022035252
"SALINE LAKE DAM","LA00026","72h",10,0.9,1.51564151192621
"SALINE LAKE DAM","LA00026","72h",25,0.96,1.85624619829384
"SALINE LAKE DAM","LA00026","72h",50,0.98,2.1273715888682
"SALINE LAKE DAM","LA00026","72h",100,0.99,2.41310707254263
"SALINE LAKE DAM","LA00026","72h",200,0.995,2.71527340169182
"SALINE LAKE DAM","LA00026","72h",500,0.998,3.14242859886779
"SALINE LAKE DAM","LA00026","72h",1000,0.999,3.48823990049776
"SALINE LAKE DAM","LA00026","72h",2000,0.9995,3.85503665502874
"SALINE LAKE DAM","LA00026","72h",5000,0.9998,4.3744024643036
"SALINE LAKE DAM","LA00026","72h",10000,0.9999,4.79518015401424
"H. NEELY HENRY","AL01416","24h",2,0.5,0.932651354231231
"H. NEELY HENRY","AL01416","24h",5,0.8,1.23651050493181
"H. NEELY HENRY","AL01416","24h",10,0.9,1.44476905824795
"H. NEELY HENRY","AL01416","24h",25,0.96,1.71471887041521
"H. NEELY HENRY","AL01416","24h",50,0.98,1.92031779663503
"H. NEELY HENRY","AL01416","24h",100,0.99,2.1295248022768
"H. NEELY HENRY","AL01416","24h",200,0.995,2.34365665188064
"H. NEELY HENRY","AL01416","24h",500,0.998,2.63581998793779
"H. NEELY HENRY","AL01416","24h",1000,0.999,2.86458144617397
"H. NEELY HENRY","AL01416","24h",2000,0.9995,3.10061105557186
"H. NEELY HENRY","AL01416","24h",5000,0.9998,3.4245360349218
"H. NEELY HENRY","AL01416","24h",10000,0.9999,3.67908822278229
"H. NEELY HENRY","AL01416","72h",2,0.5,0.937414828330022
"H. NEELY HENRY","AL01416","72h",5,0.8,1.22657578329196
"H. NEELY HENRY","AL01416","72h",10,0.9,1.42673180604836
"H. NEELY HENRY","AL01416","72h",25,0.96,1.69000056169747
"H. NEELY HENRY","AL01416","72h",50,0.98,1.89307783566526
"H. NEELY HENRY","AL01416","72h",100,0.99,2.1014472364278
"H. NEELY HENRY","AL01416","72h",200,0.995,2.31601195794461
"H. NEELY HENRY","AL01416","72h",500,0.998,2.6101061549627
"H. NEELY HENRY","AL01416","72h",1000,0.999,2.84099936847454
"H. NEELY HENRY","AL01416","72h",2000,0.9995,3.07950370389517
"H. NEELY HENRY","AL01416","72h",5000,0.9998,3.40696699054036
"H. NEELY HENRY","AL01416","72h",10000,0.9999,3.66425999982915
"POKEGAMA LAKE DAM","MN00584","24h",2,0.5,0.925594533210451
"POKEGAMA LAKE DAM","MN00584","24h",5,0.8,1.2301948850042
"POKEGAMA LAKE DAM","MN00584","24h",10,0.9,1.45839287403701
"POKEGAMA LAKE DAM","MN00584","24h",25,0.96,1.79707922151544
"POKEGAMA LAKE DAM","MN00584","24h",50,0.98,2.09570174932605
"POKEGAMA LAKE DAM","MN00584","24h",100,0.99,2.44144787403975
"POKEGAMA LAKE DAM","MN00584","24h",200,0.995,2.84404884589682
"POKEGAMA LAKE DAM","MN00584","24h",500,0.998,3.48182963348538
"POKEGAMA LAKE DAM","MN00584","24h",1000,0.999,4.06005854153931
"POKEGAMA LAKE DAM","MN00584","24h",2000,0.9995,4.73676881853481
"POKEGAMA LAKE DAM","MN00584","24h",5000,0.9998,5.81172701046205
"POKEGAMA LAKE DAM","MN00584","24h",10000,0.9999,6.7875315060083
"POKEGAMA LAKE DAM","MN00584","72h",2,0.5,0.934053357801139
"POKEGAMA LAKE DAM","MN00584","72h",5,0.8,1.22248208586255
"POKEGAMA LAKE DAM","MN00584","72h",10,0.9,1.43505885402459
"POKEGAMA LAKE DAM","MN00584","72h",25,0.96,1.74626419489263
"POKEGAMA LAKE DAM","MN00584","72h",50,0.98,2.01717716044868
"POKEGAMA LAKE DAM","MN00584","72h",100,0.99,2.32748022839857
"POKEGAMA LAKE DAM","MN00584","72h",200,0.995,2.68497988374555
"POKEGAMA LAKE DAM","MN00584","72h",500,0.998,3.24433387544367
"POKEGAMA LAKE DAM","MN00584","72h",1000,0.999,3.74532518046125
"POKEGAMA LAKE DAM","MN00584","72h",2000,0.9995,4.32548767075659
"POKEGAMA LAKE DAM","MN00584","72h",5000,0.9998,5.23577128363557
"POKEGAMA LAKE DAM","MN00584","72h",10000,0.9999,6.05211776183461
"SCS-STILLWATER CREEK SITE-23","OK01389","24h",2,0.5,0.925543057963516
"SCS-STILLWATER CREEK SITE-23","OK01389","24h",5,0.8,1.23432912490461
"SCS-STILLWATER CREEK SITE-23","OK01389","24h",10,0.9,1.46490422144988
"SCS-STILLWATER CREEK SITE-23","OK01389","24h",25,0.96,1.80617688834793
"SCS-STILLWATER CREEK SITE-23","OK01389","24h",50,0.98,2.1063093787754
"SCS-STILLWATER CREEK SITE-23","OK01389","24h",100,0.99,2.4530523368016
"SCS-STILLWATER CREEK SITE-23","OK01389","24h",200,0.995,2.85595040175297
"SCS-STILLWATER CREEK SITE-23","OK01389","24h",500,0.998,3.4926130262859
"SCS-STILLWATER CREEK SITE-23","OK01389","24h",1000,0.999,4.06841874905464
"SCS-STILLWATER CREEK SITE-23","OK01389","24h",2000,0.9995,4.74086550949946
"SCS-STILLWATER CREEK SITE-23","OK01389","24h",5000,0.9998,5.80640375907806
"SCS-STILLWATER CREEK SITE-23","OK01389","24h",10000,0.9999,6.77130050844996
"SCS-STILLWATER CREEK SITE-23","OK01389","72h",2,0.5,0.92728943423322
"SCS-STILLWATER CREEK SITE-23","OK01389","72h",5,0.8,1.23293473100833
"SCS-STILLWATER CREEK SITE-23","OK01389","72h",10,0.9,1.4603935886507
"SCS-STILLWATER CREEK SITE-23","OK01389","72h",25,0.96,1.79610006463104
"SCS-STILLWATER CREEK SITE-23","OK01389","72h",50,0.98,2.09055890344071
"SCS-STILLWATER CREEK SITE-23","OK01389","72h",100,0.99,2.42998963771874
"SCS-STILLWATER CREEK SITE-23","OK01389","72h",200,0.995,2.82352256866736
"SCS-STILLWATER CREEK SITE-23","OK01389","72h",500,0.998,3.44379254547636
"SCS-STILLWATER CREEK SITE-23","OK01389","72h",1000,0.999,4.00336192844071
"SCS-STILLWATER CREEK SITE-23","OK01389","72h",2000,0.9995,4.6554217606323
"SCS-STILLWATER CREEK SITE-23","OK01389","72h",5000,0.9998,5.68601908865612
"SCS-STILLWATER CREEK SITE-23","OK01389","72h",10000,0.9999,6.61693348612507
"LAKE CARL BLACKWELL","OK01388","24h",2,0.5,0.925437288722545
"LAKE CARL BLACKWELL","OK01388","24h",5,0.8,1.23423095860745
"LAKE CARL BLACKWELL","OK01388","24h",10,0.9,1.46489286213011
"LAKE CARL BLACKWELL","OK01388","24h",25,0.96,1.80639475351433
"LAKE CARL BLACKWELL","OK01388","24h",50,0.98,2.10681129083039
"LAKE CARL BLACKWELL","OK01388","24h",100,0.99,2.45396286046694
"LAKE CARL BLACKWELL","OK01388","24h",200,0.995,2.85742820536247
"LAKE CARL BLACKWELL","OK01388","24h",500,0.998,3.49515740635138
"LAKE CARL BLACKWELL","OK01388","24h",1000,0.999,4.07207875896675
"LAKE CARL BLACKWELL","OK01388","24h",2000,0.9995,4.74598140077006
"LAKE CARL BLACKWELL","OK01388","24h",5000,0.9998,5.81411033094908
"LAKE CARL BLACKWELL","OK01388","24h",10000,0.9999,6.78160575242723
"LAKE CARL BLACKWELL","OK01388","72h",2,0.5,0.928706539055481
"LAKE CARL BLACKWELL","OK01388","72h",5,0.8,1.23322674638169
"LAKE CARL BLACKWELL","OK01388","72h",10,0.9,1.45895474703596
"LAKE CARL BLACKWELL","OK01388","72h",25,0.96,1.79100528667556
"LAKE CARL BLACKWELL","OK01388","72h",50,0.98,2.08136110901813
"LAKE CARL BLACKWELL","OK01388","72h",100,0.99,2.41519251381797
"LAKE CARL BLACKWELL","OK01388","72h",200,0.995,2.80123881359898
"LAKE CARL BLACKWELL","OK01388","72h",500,0.998,3.40788912084832
"LAKE CARL BLACKWELL","OK01388","72h",1000,0.999,3.95356556003551
"LAKE CARL BLACKWELL","OK01388","72h",2000,0.9995,4.58781738284989
"LAKE CARL BLACKWELL","OK01388","72h",5000,0.9998,5.58728419584114
"LAKE CARL BLACKWELL","OK01388","72h",10000,0.9999,6.48743543284424
"HOLT LOCK,DAM AND POWERHOUSE","AL01426","24h",2,0.5,0.923955750171611
"HOLT LOCK,DAM AND POWERHOUSE","AL01426","24h",5,0.8,1.2287801311294
"HOLT LOCK,DAM AND POWERHOUSE","AL01426","24h",10,0.9,1.44987639171807
"HOLT LOCK,DAM AND POWERHOUSE","AL01426","24h",25,0.96,1.75329812112609
"HOLT LOCK,DAM AND POWERHOUSE","AL01426","24h",50,0.98,1.99715653801808
"HOLT LOCK,DAM AND POWERHOUSE","AL01426","24h",100,0.99,2.25626694302162
"HOLT LOCK,DAM AND POWERHOUSE","AL01426","24h",200,0.995,2.53251573081279
"HOLT LOCK,DAM AND POWERHOUSE","AL01426","24h",500,0.998,2.92674085516121
"HOLT LOCK,DAM AND POWERHOUSE","AL01426","24h",1000,0.999,3.24889907122538
"HOLT LOCK,DAM AND POWERHOUSE","AL01426","24h",2000,0.9995,3.59338537596706
"HOLT LOCK,DAM AND POWERHOUSE","AL01426","24h",5000,0.9998,4.08578189326177
"HOLT LOCK,DAM AND POWERHOUSE","AL01426","24h",10000,0.9999,4.48846298949391
"HOLT LOCK,DAM AND POWERHOUSE","AL01426","72h",2,0.5,0.936534158554274
"HOLT LOCK,DAM AND POWERHOUSE","AL01426","72h",5,0.8,1.2040669614571
"HOLT LOCK,DAM AND POWERHOUSE","AL01426","72h",10,0.9,1.40302419906965
"HOLT LOCK,DAM AND POWERHOUSE","AL01426","72h",25,0.96,1.69649376902006
"HOLT LOCK,DAM AND POWERHOUSE","AL01426","72h",50,0.98,1.95376546021209
"HOLT LOCK,DAM AND POWERHOUSE","AL01426","72h",100,0.99,2.25019356648338
"HOLT LOCK,DAM AND POWERHOUSE","AL01426","72h",200,0.995,2.59371374836494
"HOLT LOCK,DAM AND POWERHOUSE","AL01426","72h",500,0.998,3.13486994431473
"HOLT LOCK,DAM AND POWERHOUSE","AL01426","72h",1000,0.999,3.62281488259251
"HOLT LOCK,DAM AND POWERHOUSE","AL01426","72h",2000,0.9995,4.19115612654922
"HOLT LOCK,DAM AND POWERHOUSE","AL01426","72h",5000,0.9998,5.08896201193622
"HOLT LOCK,DAM AND POWERHOUSE","AL01426","72h",10000,0.9999,5.89950988402498
"SEBOOMOOK LAKE","ME00206","24h",2,0.5,0.934113144178477
"SEBOOMOOK LAKE","ME00206","24h",5,0.8,1.22198446941341
"SEBOOMOOK LAKE","ME00206","24h",10,0.9,1.42482465109207
"SEBOOMOOK LAKE","ME00206","24h",25,0.96,1.69596227962429
"SEBOOMOOK LAKE","ME00206","24h",50,0.98,1.90840143043817
"SEBOOMOOK LAKE","ME00206","24h",100,0.99,2.12929164420862
"SEBOOMOOK LAKE","ME00206","24h",200,0.995,2.35977439537655
"SEBOOMOOK LAKE","ME00206","24h",500,0.998,2.68056536574005
"SEBOOMOOK LAKE","ME00206","24h",1000,0.999,2.93628619235404
"SEBOOMOOK LAKE","ME00206","24h",2000,0.9995,3.20393222195622
"SEBOOMOOK LAKE","ME00206","24h",5000,0.9998,3.5770688105105
"SEBOOMOOK LAKE","ME00206","24h",10000,0.9999,3.87474568741021
"SEBOOMOOK LAKE","ME00206","72h",2,0.5,0.946060790979632
"SEBOOMOOK LAKE","ME00206","72h",5,0.8,1.22013073175362
"SEBOOMOOK LAKE","ME00206","72h",10,0.9,1.40451601403338
"SEBOOMOOK LAKE","ME00206","72h",25,0.96,1.64087596815009
"SEBOOMOOK LAKE","ME00206","72h",50,0.98,1.81869908535827
"SEBOOMOOK LAKE","ME00206","72h",100,0.99,1.99732442307937
"SEBOOMOOK LAKE","ME00206","72h",200,0.995,2.1774189213322
"SEBOOMOOK LAKE","ME00206","72h",500,0.998,2.41830111292895
"SEBOOMOOK LAKE","ME00206","72h",1000,0.999,2.6028638922469
"SEBOOMOOK LAKE","ME00206","72h",2000,0.9995,2.78954786513611
"SEBOOMOOK LAKE","ME00206","72h",5000,0.9998,3.03968217569248
"SEBOOMOOK LAKE","ME00206","72h",10000,0.9999,3.23148948696267
"EMPIRE MINE TAILINGS BASIN DAM","MI00719","24h",2,0.5,0.934978527947968
"EMPIRE MINE TAILINGS BASIN DAM","MI00719","24h",5,0.8,1.2360142499235
"EMPIRE MINE TAILINGS BASIN DAM","MI00719","24h",10,0.9,1.4442566797775
"EMPIRE MINE TAILINGS BASIN DAM","MI00719","24h",25,0.96,1.71800296676689
"EMPIRE MINE TAILINGS BASIN DAM","MI00719","24h",50,0.98,1.9290437598049
"EMPIRE MINE TAILINGS BASIN DAM","MI00719","24h",100,0.99,2.14548086197004
"EMPIRE MINE TAILINGS BASIN DAM","MI00719","24h",200,0.995,2.36824737587559
"EMPIRE MINE TAILINGS BASIN DAM","MI00719","24h",500,0.998,2.67341536101803
"EMPIRE MINE TAILINGS BASIN DAM","MI00719","24h",1000,0.999,2.91287136892725
"EMPIRE MINE TAILINGS BASIN DAM","MI00719","24h",2000,0.9995,3.1601039354696
"EMPIRE MINE TAILINGS BASIN DAM","MI00719","24h",5000,0.9998,3.49936457337056
"EMPIRE MINE TAILINGS BASIN DAM","MI00719","24h",10000,0.9999,3.7657811012101
"EMPIRE MINE TAILINGS BASIN DAM","MI00719","72h",2,0.5,0.94391994302198
"EMPIRE MINE TAILINGS BASIN DAM","MI00719","72h",5,0.8,1.23223703826241
"EMPIRE MINE TAILINGS BASIN DAM","MI00719","72h",10,0.9,1.42555594206842
"EMPIRE MINE TAILINGS BASIN DAM","MI00719","72h",25,0.96,1.67261613633171
"EMPIRE MINE TAILINGS BASIN DAM","MI00719","72h",50,0.98,1.85794193003878
"EMPIRE MINE TAILINGS BASIN DAM","MI00719","72h",100,0.99,2.04363800638681
"EMPIRE MINE TAILINGS BASIN DAM","MI00719","72h",200,0.995,2.23039553877622
"EMPIRE MINE TAILINGS BASIN DAM","MI00719","72h",500,0.998,2.47947001620769
"EMPIRE MINE TAILINGS BASIN DAM","MI00719","72h",1000,0.999,2.66976112143768
"EMPIRE MINE TAILINGS BASIN DAM","MI00719","72h",2000,0.9995,2.86176266168229
"EMPIRE MINE TAILINGS BASIN DAM","MI00719","72h",5000,0.9998,3.11828229274222
"EMPIRE MINE TAILINGS BASIN DAM","MI00719","72h",10000,0.9999,3.31442118906244
"KENSICO DAM","NY00051","24h",2,0.5,0.919241226795989
"KENSICO DAM","NY00051","24h",5,0.8,1.22024065759449
"KENSICO DAM","NY00051","24h",10,0.9,1.45144428442604
"KENSICO DAM","NY00051","24h",25,0.96,1.8018690862754
"KENSICO DAM","NY00051","24h",50,0.98,2.11692726707085
"KENSICO DAM","NY00051","24h",100,0.99,2.4877637111279
"KENSICO DAM","NY00051","24h",200,0.995,2.92667789454946
"KENSICO DAM","NY00051","24h",500,0.998,3.63530986633727
"KENSICO DAM","NY00051","24h",1000,0.999,4.28983770131899
"KENSICO DAM","NY00051","24h",2000,0.9995,5.06830960616254
"KENSICO DAM","NY00051","24h",5000,0.9998,6.32851086431788
"KENSICO DAM","NY00051","24h",10000,0.9999,7.49390454729734
"KENSICO DAM","NY00051","72h",2,0.5,0.91359197443407
"KENSICO DAM","NY00051","72h",5,0.8,1.21819821647436
"KENSICO DAM","NY00051","72h",10,0.9,1.45590406675635
"KENSICO DAM","NY00051","72h",25,0.96,1.82101759363495
"KENSICO DAM","NY00051","72h",50,0.98,2.15336766080432
"KENSICO DAM","NY00051","72h",100,0.99,2.54867027598788
"KENSICO DAM","NY00051","72h",200,0.995,3.02140799342685
"KENSICO DAM","NY00051","72h",500,0.998,3.79390663709833
"KENSICO DAM","NY00051","72h",1000,0.999,4.51589318421164
"KENSICO DAM","NY00051","72h",2000,0.9995,5.38344272465385
"KENSICO DAM","NY00051","72h",5000,0.9998,6.8048041868086
"KENSICO DAM","NY00051","72h",10000,0.9999,8.13479983344205
"LAKE WORTH DAM","TX00785","24h",2,0.5,0.917326211710936
"LAKE WORTH DAM","TX00785","24h",5,0.8,1.2711611876635
"LAKE WORTH DAM","TX00785","24h",10,0.9,1.51760087661283
"LAKE WORTH DAM","TX00785","24h",25,0.96,1.84082447115949
"LAKE WORTH DAM","TX00785","24h",50,0.98,2.08943593358119
"LAKE WORTH DAM","TX00785","24h",100,0.99,2.34429473818977
"LAKE WORTH DAM","TX00785","24h",200,0.995,2.6069156965583
"LAKE WORTH DAM","TX00785","24h",500,0.998,2.9678119778942
"LAKE WORTH DAM","TX00785","24h",1000,0.999,3.25226265183489
"LAKE WORTH DAM","TX00785","24h",2000,0.9995,3.54731739428519
"LAKE WORTH DAM","TX00785","24h",5000,0.9998,3.95461707718263
"LAKE WORTH DAM","TX00785","24h",10000,0.9999,4.27645591842763
"LAKE WORTH DAM","TX00785","72h",2,0.5,0.924690201855824
"LAKE WORTH DAM","TX00785","72h",5,0.8,1.27618923925657
"LAKE WORTH DAM","TX00785","72h",10,0.9,1.51473676393541
"LAKE WORTH DAM","TX00785","72h",25,0.96,1.82172734734006
"LAKE WORTH DAM","TX00785","72h",50,0.98,2.05412963796051
"LAKE WORTH DAM","TX00785","72h",100,0.99,2.28953804779553
"LAKE WORTH DAM","TX00785","72h",200,0.995,2.52949647174146
"LAKE WORTH DAM","TX00785","72h",500,0.998,2.85546624009789
"LAKE WORTH DAM","TX00785","72h",1000,0.999,3.10966774091872
"LAKE WORTH DAM","TX00785","72h",2000,0.9995,3.3710920566844
"LAKE WORTH DAM","TX00785","72h",5000,0.9998,3.72858942555193
"LAKE WORTH DAM","TX00785","72h",10000,0.9999,4.00857792972631
"FIRST CONNECTICUT LAKE DAM","NH00186","24h",2,0.5,0.935849773302869
"FIRST CONNECTICUT LAKE DAM","NH00186","24h",5,0.8,1.21968367272735
"FIRST CONNECTICUT LAKE DAM","NH00186","24h",10,0.9,1.41886551525938
"FIRST CONNECTICUT LAKE DAM","NH00186","24h",25,0.96,1.68413028997846
"FIRST CONNECTICUT LAKE DAM","NH00186","24h",50,0.98,1.8912255703247
"FIRST CONNECTICUT LAKE DAM","NH00186","24h",100,0.99,2.10590468940028
"FIRST CONNECTICUT LAKE DAM","NH00186","24h",200,0.995,2.32922936348426
"FIRST CONNECTICUT LAKE DAM","NH00186","24h",500,0.998,2.63896740400635
"FIRST CONNECTICUT LAKE DAM","NH00186","24h",1000,0.999,2.88501651089582
"FIRST CONNECTICUT LAKE DAM","NH00186","24h",2000,0.9995,3.14176497792538
"FIRST CONNECTICUT LAKE DAM","NH00186","24h",5000,0.9998,3.49845620758087
"FIRST CONNECTICUT LAKE DAM","NH00186","24h",10000,0.9999,3.78202253677283
"FIRST CONNECTICUT LAKE DAM","NH00186","72h",2,0.5,0.946643838784802
"FIRST CONNECTICUT LAKE DAM","NH00186","72h",5,0.8,1.21189867121103
"FIRST CONNECTICUT LAKE DAM","NH00186","72h",10,0.9,1.39148772082785
"FIRST CONNECTICUT LAKE DAM","NH00186","72h",25,0.96,1.62302103573573
"FIRST CONNECTICUT LAKE DAM","NH00186","72h",50,0.98,1.79818362479669
"FIRST CONNECTICUT LAKE DAM","NH00186","72h",100,0.99,1.97496891829363
"FIRST CONNECTICUT LAKE DAM","NH00186","72h",200,0.995,2.15404688177898
"FIRST CONNECTICUT LAKE DAM","NH00186","72h",500,0.998,2.39487543769328
"FIRST CONNECTICUT LAKE DAM","NH00186","72h",1000,0.999,2.58040045300155
"FIRST CONNECTICUT LAKE DAM","NH00186","72h",2000,0.9995,2.76893634861749
"FIRST CONNECTICUT LAKE DAM","NH00186","72h",5000,0.9998,3.02292632423892
"FIRST CONNECTICUT LAKE DAM","NH00186","72h",10000,0.9999,3.21874806309821
"LAKE PLACID DAM","NY00216","24h",2,0.5,0.942058196941382
"LAKE PLACID DAM","NY00216","24h",5,0.8,1.22374043311776
"LAKE PLACID DAM","NY00216","24h",10,0.9,1.41571723230952
"LAKE PLACID DAM","NY00216","24h",25,0.96,1.66470582979246
"LAKE PLACID DAM","NY00216","24h",50,0.98,1.85417014894964
"LAKE PLACID DAM","NY00216","24h",100,0.99,2.04633468645453
"LAKE PLACID DAM","NY00216","24h",200,0.995,2.24194803680919
"LAKE PLACID DAM","NY00216","24h",500,0.998,2.50651249763641
"LAKE PLACID DAM","NY00216","24h",1000,0.999,2.71148004616893
"LAKE PLACID DAM","NY00216","24h",2000,0.9995,2.92079270961334
"LAKE PLACID DAM","NY00216","24h",5000,0.9998,3.20437537842683
"LAKE PLACID DAM","NY00216","24h",10000,0.9999,3.42425266811254
"LAKE PLACID DAM","NY00216","72h",2,0.5,0.945145584687427
"LAKE PLACID DAM","NY00216","72h",5,0.8,1.21463611586376
"LAKE PLACID DAM","NY00216","72h",10,0.9,1.39773083497123
"LAKE PLACID DAM","NY00216","72h",25,0.96,1.6345296612629
"LAKE PLACID DAM","NY00216","72h",50,0.98,1.8142251028863
"LAKE PLACID DAM","NY00216","72h",100,0.99,1.99605755950828
"LAKE PLACID DAM","NY00216","72h",200,0.995,2.18072518323904
"LAKE PLACID DAM","NY00216","72h",500,0.998,2.42981624808696
"LAKE PLACID DAM","NY00216","72h",1000,0.999,2.62228051072864
"LAKE PLACID DAM","NY00216","72h",2000,0.9995,2.81837235084368
"LAKE PLACID DAM","NY00216","72h",5000,0.9998,3.08333257873023
"LAKE PLACID DAM","NY00216","72h",10000,0.9999,3.28822270167434
"COOLING LAKE DAM - WOLF CREEK UNIT 1","KS09311","24h",2,0.5,0.916854383036087
"COOLING LAKE DAM - WOLF CREEK UNIT 1","KS09311","24h",5,0.8,1.25776840098416
"COOLING LAKE DAM - WOLF CREEK UNIT 1","KS09311","24h",10,0.9,1.5031251359233
"COOLING LAKE DAM - WOLF CREEK UNIT 1","KS09311","24h",25,0.96,1.83746593006718
"COOLING LAKE DAM - WOLF CREEK UNIT 1","KS09311","24h",50,0.98,2.10434349806824
"COOLING LAKE DAM - WOLF CREEK UNIT 1","KS09311","24h",100,0.99,2.38626659971548
"COOLING LAKE DAM - WOLF CREEK UNIT 1","KS09311","24h",200,0.995,2.68510165756793
"COOLING LAKE DAM - WOLF CREEK UNIT 1","KS09311","24h",500,0.998,3.10870027642134
"COOLING LAKE DAM - WOLF CREEK UNIT 1","KS09311","24h",1000,0.999,3.45256076302889
"COOLING LAKE DAM - WOLF CREEK UNIT 1","KS09311","24h",2000,0.9995,3.81814091178306
"COOLING LAKE DAM - WOLF CREEK UNIT 1","KS09311","24h",5000,0.9998,4.33719330911744
"COOLING LAKE DAM - WOLF CREEK UNIT 1","KS09311","24h",10000,0.9999,4.75885437333554
"COOLING LAKE DAM - WOLF CREEK UNIT 1","KS09311","72h",2,0.5,0.915705926596697
"COOLING LAKE DAM - WOLF CREEK UNIT 1","KS09311","72h",5,0.8,1.25684197101083
"COOLING LAKE DAM - WOLF CREEK UNIT 1","KS09311","72h",10,0.9,1.50346073634782
"COOLING LAKE DAM - WOLF CREEK UNIT 1","KS09311","72h",25,0.96,1.840893427023
"COOLING LAKE DAM - WOLF CREEK UNIT 1","KS09311","72h",50,0.98,2.11130107864341
"COOLING LAKE DAM - WOLF CREEK UNIT 1","KS09311","72h",100,0.99,2.39791238979922
"COOLING LAKE DAM - WOLF CREEK UNIT 1","KS09311","72h",200,0.995,2.7027313520838
"COOLING LAKE DAM - WOLF CREEK UNIT 1","KS09311","72h",500,0.998,3.13648839945318
"COOLING LAKE DAM - WOLF CREEK UNIT 1","KS09311","72h",1000,0.999,3.48995013018938
"COOLING LAKE DAM - WOLF CREEK UNIT 1","KS09311","72h",2000,0.9995,3.86698668908217
"COOLING LAKE DAM - WOLF CREEK UNIT 1","KS09311","72h",5000,0.9998,4.40437706353422
"COOLING LAKE DAM - WOLF CREEK UNIT 1","KS09311","72h",10000,0.9999,4.84261347102632
"BIRCH LAKE","OK20508","24h",2,0.5,0.925937373727919
"BIRCH LAKE","OK20508","24h",5,0.8,1.25975047088466
"BIRCH LAKE","OK20508","24h",10,0.9,1.49262251163606
"BIRCH LAKE","OK20508","24h",25,0.96,1.80109421707251
"BIRCH LAKE","OK20508","24h",50,0.98,2.04067305732271
"BIRCH LAKE","OK20508","24h",100,0.99,2.28792955980155
"BIRCH LAKE","OK20508","24h",200,0.995,2.54401497426387
"BIRCH LAKE","OK20508","24h",500,0.998,2.89738294119837
"BIRCH LAKE","OK20508","24h",1000,0.999,3.17667033541321
"BIRCH LAKE","OK20508","24h",2000,0.9995,3.46682992666468
"BIRCH LAKE","OK20508","24h",5000,0.9998,3.86789140477713
"BIRCH LAKE","OK20508","24h",10000,0.9999,4.18512015353715
"BIRCH LAKE","OK20508","72h",2,0.5,0.927886860060836
"BIRCH LAKE","OK20508","72h",5,0.8,1.26477522105222
"BIRCH LAKE","OK20508","72h",10,0.9,1.49716986295056
"BIRCH LAKE","OK20508","72h",25,0.96,1.80189505331432
"BIRCH LAKE","OK20508","72h",50,0.98,2.03624435680029
"BIRCH LAKE","OK20508","72h",100,0.99,2.27608641106183
"BIRCH LAKE","OK20508","72h",200,0.995,2.52243204759796
"BIRCH LAKE","OK20508","72h",500,0.998,2.85909238045479
"BIRCH LAKE","OK20508","72h",1000,0.999,3.12262933121523
"BIRCH LAKE","OK20508","72h",2000,0.9995,3.39416518601735
"BIRCH LAKE","OK20508","72h",5000,0.9998,3.76588466882507
"BIRCH LAKE","OK20508","72h",10000,0.9999,4.05709512796711
"EAGLE CREEK RESERVOIR DAM","IN00084","24h",2,0.5,0.936850671874022
"EAGLE CREEK RESERVOIR DAM","IN00084","24h",5,0.8,1.21528776261186
"EAGLE CREEK RESERVOIR DAM","IN00084","24h",10,0.9,1.4109013702473
"EAGLE CREEK RESERVOIR DAM","IN00084","24h",25,0.96,1.67167892860817
"EAGLE CREEK RESERVOIR DAM","IN00084","24h",50,0.98,1.87547131650208
"EAGLE CREEK RESERVOIR DAM","IN00084","24h",100,0.99,2.08690342910205
"EAGLE CREEK RESERVOIR DAM","IN00084","24h",200,0.995,2.30703343468135
"EAGLE CREEK RESERVOIR DAM","IN00084","24h",500,0.998,2.61263556979273
"EAGLE CREEK RESERVOIR DAM","IN00084","24h",1000,0.999,2.8556323207194
"EAGLE CREEK RESERVOIR DAM","IN00084","24h",2000,0.9995,3.10940575808851
"EAGLE CREEK RESERVOIR DAM","IN00084","24h",5000,0.9998,3.46230367847972
"EAGLE CREEK RESERVOIR DAM","IN00084","24h",10000,0.9999,3.74312346350727
"EAGLE CREEK RESERVOIR DAM","IN00084","72h",2,0.5,0.945025619139683
"EAGLE CREEK RESERVOIR DAM","IN00084","72h",5,0.8,1.21143466010725
"EAGLE CREEK RESERVOIR DAM","IN00084","72h",10,0.9,1.39317465858659
"EAGLE CREEK RESERVOIR DAM","IN00084","72h",25,0.96,1.62908886309302
"EAGLE CREEK RESERVOIR DAM","IN00084","72h",50,0.98,1.80875398084
"EAGLE CREEK RESERVOIR DAM","IN00084","72h",100,0.99,1.99110866395609
"EAGLE CREEK RESERVOIR DAM","IN00084","72h",200,0.995,2.1768667884159
"EAGLE CREEK RESERVOIR DAM","IN00084","72h",500,0.998,2.42830718070339
"EAGLE CREEK RESERVOIR DAM","IN00084","72h",1000,0.999,2.62326542200208
"EAGLE CREEK RESERVOIR DAM","IN00084","72h",2000,0.9995,2.8224960719938
"EAGLE CREEK RESERVOIR DAM","IN00084","72h",5000,0.9998,3.09263909479147
"EAGLE CREEK RESERVOIR DAM","IN00084","72h",10000,0.9999,3.30226598985937
"MESSALONSKEE LAKE","ME00106","24h",2,0.5,0.932936124367884
"MESSALONSKEE LAKE","ME00106","24h",5,0.8,1.23705399287605
"MESSALONSKEE LAKE","ME00106","24h",10,0.9,1.44517705001208
"MESSALONSKEE LAKE","ME00106","24h",25,0.96,1.71465491704998
"MESSALONSKEE LAKE","ME00106","24h",50,0.98,1.9197055531859
"MESSALONSKEE LAKE","ME00106","24h",100,0.99,2.1282101095283
"MESSALONSKEE LAKE","ME00106","24h",200,0.995,2.3414888223524
"MESSALONSKEE LAKE","ME00106","24h",500,0.998,2.63229374658129
"MESSALONSKEE LAKE","ME00106","24h",1000,0.999,2.85985122853742
"MESSALONSKEE LAKE","ME00106","24h",2000,0.9995,3.09452193526788
"MESSALONSKEE LAKE","ME00106","24h",5000,0.9998,3.41640662081615
"MESSALONSKEE LAKE","ME00106","24h",10000,0.9999,3.66922540577609
"MESSALONSKEE LAKE","ME00106","72h",2,0.5,0.935694060382526
"MESSALONSKEE LAKE","ME00106","72h",5,0.8,1.24032461092125
"MESSALONSKEE LAKE","ME00106","72h",10,0.9,1.44619778792965
"MESSALONSKEE LAKE","ME00106","72h",25,0.96,1.71032714054625
"MESSALONSKEE LAKE","ME00106","72h",50,0.98,1.90976819791826
"MESSALONSKEE LAKE","ME00106","72h",100,0.99,2.11139826729796
"MESSALONSKEE LAKE","ME00106","72h",200,0.995,2.31656472920271
"MESSALONSKEE LAKE","ME00106","72h",500,0.998,2.59475189760396
"MESSALONSKEE LAKE","ME00106","72h",1000,0.999,2.81131755784093
"MESSALONSKEE LAKE","ME00106","72h",2000,0.9995,3.03372759081073
"MESSALONSKEE LAKE","ME00106","72h",5000,0.9998,3.33741066473081
"MESSALONSKEE LAKE","ME00106","72h",10000,0.9999,3.57491075862016
"WHITEFACE LAKE SECTION NO. 2","MN00813","24h",2,0.5,0.916818808192516
"WHITEFACE LAKE SECTION NO. 2","MN00813","24h",5,0.8,1.22218072124394
"WHITEFACE LAKE SECTION NO. 2","MN00813","24h",10,0.9,1.45773056507776
"WHITEFACE LAKE SECTION NO. 2","MN00813","24h",25,0.96,1.81601736116998
"WHITEFACE LAKE SECTION NO. 2","MN00813","24h",50,0.98,2.13921178035239
"WHITEFACE LAKE SECTION NO. 2","MN00813","24h",100,0.99,2.5206905634245
"WHITEFACE LAKE SECTION NO. 2","MN00813","24h",200,0.995,2.97345196631228
"WHITEFACE LAKE SECTION NO. 2","MN00813","24h",500,0.998,3.7068010670854
"WHITEFACE LAKE SECTION NO. 2","MN00813","24h",1000,0.999,4.38630017161838
"WHITEFACE LAKE SECTION NO. 2","MN00813","24h",2000,0.9995,5.19669004632318
"WHITEFACE LAKE SECTION NO. 2","MN00813","24h",5000,0.9998,6.51277839061968
"WHITEFACE LAKE SECTION NO. 2","MN00813","24h",10000,0.9999,7.73369380662607
"WHITEFACE LAKE SECTION NO. 2","MN00813","72h",2,0.5,0.927930486318631
"WHITEFACE LAKE SECTION NO. 2","MN00813","72h",5,0.8,1.22453696881474
"WHITEFACE LAKE SECTION NO. 2","MN00813","72h",10,0.9,1.44644648804585
"WHITEFACE LAKE SECTION NO. 2","MN00813","72h",25,0.96,1.77542694479098
"WHITEFACE LAKE SECTION NO. 2","MN00813","72h",50,0.98,2.06518636304402
"WHITEFACE LAKE SECTION NO. 2","MN00813","72h",100,0.99,2.40037251257593
"WHITEFACE LAKE SECTION NO. 2","MN00813","72h",200,0.995,2.79033378787096
"WHITEFACE LAKE SECTION NO. 2","MN00813","72h",500,0.998,3.40745909410743
"WHITEFACE LAKE SECTION NO. 2","MN00813","72h",1000,0.999,3.96639951174669
"WHITEFACE LAKE SECTION NO. 2","MN00813","72h",2000,0.9995,4.61996644673162
"WHITEFACE LAKE SECTION NO. 2","MN00813","72h",5000,0.9998,5.65710337191562
"WHITEFACE LAKE SECTION NO. 2","MN00813","72h",10000,0.9999,6.59763212270402
"WHITEFACE LAKE SECTION NO. 3","MN00814","24h",2,0.5,0.917038955308622
"WHITEFACE LAKE SECTION NO. 3","MN00814","24h",5,0.8,1.2221189735553
"WHITEFACE LAKE SECTION NO. 3","MN00814","24h",10,0.9,1.4573372947437
"WHITEFACE LAKE SECTION NO. 3","MN00814","24h",25,0.96,1.81497381639931
"WHITEFACE LAKE SECTION NO. 3","MN00814","24h",50,0.98,2.13745942655428
"WHITEFACE LAKE SECTION NO. 3","MN00814","24h",100,0.99,2.51797965038525
"WHITEFACE LAKE SECTION NO. 3","MN00814","24h",200,0.995,2.96946027575724
"WHITEFACE LAKE SECTION NO. 3","MN00814","24h",500,0.998,3.70046488385424
"WHITEFACE LAKE SECTION NO. 3","MN00814","24h",1000,0.999,4.377546882556
"WHITEFACE LAKE SECTION NO. 3","MN00814","24h",2000,0.9995,5.18480062780623
"WHITEFACE LAKE SECTION NO. 3","MN00814","24h",5000,0.9998,6.49531395405941
"WHITEFACE LAKE SECTION NO. 3","MN00814","24h",10000,0.9999,7.71061911805928
"WHITEFACE LAKE SECTION NO. 3","MN00814","72h",2,0.5,0.928603429787441
"WHITEFACE LAKE SECTION NO. 3","MN00814","72h",5,0.8,1.22312814678259
"WHITEFACE LAKE SECTION NO. 3","MN00814","72h",10,0.9,1.44334958720182
"WHITEFACE LAKE SECTION NO. 3","MN00814","72h",25,0.96,1.76966517082986
"WHITEFACE LAKE SECTION NO. 3","MN00814","72h",50,0.98,2.05694449751726
"WHITEFACE LAKE SECTION NO. 3","MN00814","72h",100,0.99,2.38913196115859
"WHITEFACE LAKE SECTION NO. 3","MN00814","72h",200,0.995,2.77545521342738
"WHITEFACE LAKE SECTION NO. 3","MN00814","72h",500,0.998,3.38654834373904
"WHITEFACE LAKE SECTION NO. 3","MN00814","72h",1000,0.999,3.9397812121513
"WHITEFACE LAKE SECTION NO. 3","MN00814","72h",2000,0.9995,4.58642682299135
"WHITEFACE LAKE SECTION NO. 3","MN00814","72h",5000,0.9998,5.61212102286188
"WHITEFACE LAKE SECTION NO. 3","MN00814","72h",10000,0.9999,6.5418635749178
"RED RIVER W.W. LOCK & DAM #3","LA00582","24h",2,0.5,0.904138266537789
"RED RIVER W.W. LOCK & DAM #3","LA00582","24h",5,0.8,1.26534018942595
"RED RIVER W.W. LOCK & DAM #3","LA00582","24h",10,0.9,1.52789946704335
"RED RIVER W.W. LOCK & DAM #3","LA00582","24h",25,0.96,1.88325843814062
"RED RIVER W.W. LOCK & DAM #3","LA00582","24h",50,0.98,2.16386266406073
"RED RIVER W.W. LOCK & DAM #3","LA00582","24h",100,0.99,2.45727139336951
"RED RIVER W.W. LOCK & DAM #3","LA00582","24h",200,0.995,2.76509879684301
"RED RIVER W.W. LOCK & DAM #3","LA00582","24h",500,0.998,3.1962806396119
"RED RIVER W.W. LOCK & DAM #3","LA00582","24h",1000,0.999,3.54216633563645
"RED RIVER W.W. LOCK & DAM #3","LA00582","24h",2000,0.9995,3.90607997270538
"RED RIVER W.W. LOCK & DAM #3","LA00582","24h",5000,0.9998,4.41631976062385
"RED RIVER W.W. LOCK & DAM #3","LA00582","24h",10000,0.9999,4.82546667952413
"RED RIVER W.W. LOCK & DAM #3","LA00582","72h",2,0.5,0.915404983432264
"RED RIVER W.W. LOCK & DAM #3","LA00582","72h",5,0.8,1.28176624853498
"RED RIVER W.W. LOCK & DAM #3","LA00582","72h",10,0.9,1.53599300805121
"RED RIVER W.W. LOCK & DAM #3","LA00582","72h",25,0.96,1.868531698084
"RED RIVER W.W. LOCK & DAM #3","LA00582","72h",50,0.98,2.12373115907143
"RED RIVER W.W. LOCK & DAM #3","LA00582","72h",100,0.99,2.38489901968434
"RED RIVER W.W. LOCK & DAM #3","LA00582","72h",200,0.995,2.65360623309015
"RED RIVER W.W. LOCK & DAM #3","LA00582","72h",500,0.998,3.02226110751905
"RED RIVER W.W. LOCK & DAM #3","LA00582","72h",1000,0.999,3.31238773650169
"RED RIVER W.W. LOCK & DAM #3","LA00582","72h",2000,0.9995,3.61296315252246
"RED RIVER W.W. LOCK & DAM #3","LA00582","72h",5000,0.9998,4.02732937363533
"RED RIVER W.W. LOCK & DAM #3","LA00582","72h",10000,0.9999,4.35433911235887
"STILLWATER - NORTH DAM","NY00316","24h",2,0.5,0.942891692207678
"STILLWATER - NORTH DAM","NY00316","24h",5,0.8,1.22570067960806
"STILLWATER - NORTH DAM","NY00316","24h",10,0.9,1.41739280312714
"STILLWATER - NORTH DAM","NY00316","24h",25,0.96,1.6647843413967
"STILLWATER - NORTH DAM","NY00316","24h",50,0.98,1.85213123227339
"STILLWATER - NORTH DAM","NY00316","24h",100,0.99,2.04137420369533
"STILLWATER - NORTH DAM","NY00316","24h",200,0.995,2.23323322757236
"STILLWATER - NORTH DAM","NY00316","24h",500,0.998,2.49150244179172
"STILLWATER - NORTH DAM","NY00316","24h",1000,0.999,2.69065707503195
"STILLWATER - NORTH DAM","NY00316","24h",2000,0.9995,2.89321379416493
"STILLWATER - NORTH DAM","NY00316","24h",5000,0.9998,3.16635851237943
"STILLWATER - NORTH DAM","NY00316","24h",10000,0.9999,3.37715333481344
"STILLWATER - NORTH DAM","NY00316","72h",2,0.5,0.953433734776405
"STILLWATER - NORTH DAM","NY00316","72h",5,0.8,1.21421503264042
"STILLWATER - NORTH DAM","NY00316","72h",10,0.9,1.38501683889215
"STILLWATER - NORTH DAM","NY00316","72h",25,0.96,1.59873135776922
"STILLWATER - NORTH DAM","NY00316","72h",50,0.98,1.75578036484157
"STILLWATER - NORTH DAM","NY00316","72h",100,0.99,1.91042029162313
"STILLWATER - NORTH DAM","NY00316","72h",200,0.995,2.06326784173192
"STILLWATER - NORTH DAM","NY00316","72h",500,0.998,2.26306215525558
"STILLWATER - NORTH DAM","NY00316","72h",1000,0.999,2.41267106300003
"STILLWATER - NORTH DAM","NY00316","72h",2000,0.9995,2.56103968078595
"STILLWATER - NORTH DAM","NY00316","72h",5000,0.9998,2.75532995552774
"STILLWATER - NORTH DAM","NY00316","72h",10000,0.9999,2.90093922112617
"G200A CONTROL STRUCTURE","FL36022","24h",2,0.5,0.90771092001716
"G200A CONTROL STRUCTURE","FL36022","24h",5,0.8,1.24049341951277
"G200A CONTROL STRUCTURE","FL36022","24h",10,0.9,1.49850040303448
"G200A CONTROL STRUCTURE","FL36022","24h",25,0.96,1.89262600065385
"G200A CONTROL STRUCTURE","FL36022","24h",50,0.98,2.24956146666383
"G200A CONTROL STRUCTURE","FL36022","24h",100,0.99,2.67228091640563
"G200A CONTROL STRUCTURE","FL36022","24h",200,0.995,3.17565581137063
"G200A CONTROL STRUCTURE","FL36022","24h",500,0.998,3.99414194002658
"G200A CONTROL STRUCTURE","FL36022","24h",1000,0.999,4.75540012312629
"G200A CONTROL STRUCTURE","FL36022","24h",2000,0.9995,5.66628526682836
"G200A CONTROL STRUCTURE","FL36022","24h",5000,0.9998,7.15128258450999
"G200A CONTROL STRUCTURE","FL36022","24h",10000,0.9999,8.53410108210695
"G200A CONTROL STRUCTURE","FL36022","72h",2,0.5,0.91550634589765
"G200A CONTROL STRUCTURE","FL36022","72h",5,0.8,1.26973438186423
"G200A CONTROL STRUCTURE","FL36022","72h",10,0.9,1.52276255173072
"G200A CONTROL STRUCTURE","FL36022","72h",25,0.96,1.86520694865155
"G200A CONTROL STRUCTURE","FL36022","72h",50,0.98,2.13675257282831
"G200A CONTROL STRUCTURE","FL36022","72h",100,0.99,2.42199723158834
"G200A CONTROL STRUCTURE","FL36022","72h",200,0.995,2.72266572931732
"G200A CONTROL STRUCTURE","FL36022","72h",500,0.998,3.14610255258187
"G200A CONTROL STRUCTURE","FL36022","72h",1000,0.999,3.48762190332997
"G200A CONTROL STRUCTURE","FL36022","72h",2000,0.9995,3.84869655583514
"G200A CONTROL STRUCTURE","FL36022","72h",5000,0.9998,4.35803868451136
"G200A CONTROL STRUCTURE","FL36022","72h",10000,0.9999,4.76915428317896
"H. K. THATCHER LOCK & DAM","AR01515","24h",2,0.5,0.923725766059247
"H. K. THATCHER LOCK & DAM","AR01515","24h",5,0.8,1.23644121995251
"H. K. THATCHER LOCK & DAM","AR01515","24h",10,0.9,1.4615093862616
"H. K. THATCHER LOCK & DAM","AR01515","24h",25,0.96,1.76821096550168
"H. K. THATCHER LOCK & DAM","AR01515","24h",50,0.98,2.01303210120689
"H. K. THATCHER LOCK & DAM","AR01515","24h",100,0.99,2.27166048389511
"H. K. THATCHER LOCK & DAM","AR01515","24h",200,0.995,2.545808873658
"H. K. THATCHER LOCK & DAM","AR01515","24h",500,0.998,2.93442312007129
"H. K. THATCHER LOCK & DAM","AR01515","24h",1000,0.999,3.24989191392451
"H. K. THATCHER LOCK & DAM","AR01515","24h",2000,0.9995,3.58529366822004
"H. K. THATCHER LOCK & DAM","AR01515","24h",5000,0.9998,4.06150961217025
"H. K. THATCHER LOCK & DAM","AR01515","24h",10000,0.9999,4.44838060652004
"H. K. THATCHER LOCK & DAM","AR01515","72h",2,0.5,0.92737670526861
"H. K. THATCHER LOCK & DAM","AR01515","72h",5,0.8,1.22268071042301
"H. K. THATCHER LOCK & DAM","AR01515","72h",10,0.9,1.44429664872489
"H. K. THATCHER LOCK & DAM","AR01515","72h",25,0.96,1.77369117635202
"H. K. THATCHER LOCK & DAM","AR01515","72h",50,0.98,2.06451287034384
"H. K. THATCHER LOCK & DAM","AR01515","72h",100,0.99,2.4016107554432
"H. K. THATCHER LOCK & DAM","AR01515","72h",200,0.995,2.7945837105417
"H. K. THATCHER LOCK & DAM","AR01515","72h",500,0.998,3.417928968272
"H. K. THATCHER LOCK & DAM","AR01515","72h",1000,0.999,3.98379735108424
"H. K. THATCHER LOCK & DAM","AR01515","72h",2000,0.9995,4.64678104270612
"H. K. THATCHER LOCK & DAM","AR01515","72h",5000,0.9998,5.7013100207637
"H. K. THATCHER LOCK & DAM","AR01515","72h",10000,0.9999,6.65979861565414
"HEFNER","OK02535","24h",2,0.5,0.926654023653871
"HEFNER","OK02535","24h",5,0.8,1.22972286010316
"HEFNER","OK02535","24h",10,0.9,1.45623775521453
"HEFNER","OK02535","24h",25,0.96,1.79176053733862
"HEFNER","OK02535","24h",50,0.98,2.08704885251238
"HEFNER","OK02535","24h",100,0.99,2.42840282585855
"HEFNER","OK02535","24h",200,0.995,2.82527779208559
"HEFNER","OK02535","24h",500,0.998,3.45286185392453
"HEFNER","OK02535","24h",1000,0.999,4.02084672199616
"HEFNER","OK02535","24h",2000,0.9995,4.68455525229648
"HEFNER","OK02535","24h",5000,0.9998,5.73698041335768
"HEFNER","OK02535","24h",10000,0.9999,6.69065588460283
"HEFNER","OK02535","72h",2,0.5,0.928333794540266
"HEFNER","OK02535","72h",5,0.8,1.2244273652387
"HEFNER","OK02535","72h",10,0.9,1.44573541578592
"HEFNER","OK02535","72h",25,0.96,1.77355368780247
"HEFNER","OK02535","72h",50,0.98,2.06206799534522
"HEFNER","OK02535","72h",100,0.99,2.39559765264716
"HEFNER","OK02535","72h",200,0.995,2.78338310414262
"HEFNER","OK02535","72h",500,0.998,3.39660744524509
"HEFNER","OK02535","72h",1000,0.999,3.95160840519996
"HEFNER","OK02535","72h",2000,0.9995,4.60015711469278
"HEFNER","OK02535","72h",5000,0.9998,5.62856655227823
"HEFNER","OK02535","72h",10000,0.9999,6.56050002773604
"LLOYD SHOALS","GA00850","24h",2,0.5,0.924076646459403
"LLOYD SHOALS","GA00850","24h",5,0.8,1.23607081960291
"LLOYD SHOALS","GA00850","24h",10,0.9,1.46044372531683
"LLOYD SHOALS","GA00850","24h",25,0.96,1.76597974867875
"LLOYD SHOALS","GA00850","24h",50,0.98,2.00970241883734
"LLOYD SHOALS","GA00850","24h",100,0.99,2.26701926723933
"LLOYD SHOALS","GA00850","24h",200,0.995,2.53961820405211
"LLOYD SHOALS","GA00850","24h",500,0.998,2.92577410390381
"LLOYD SHOALS","GA00850","24h",1000,0.999,3.23903642186931
"LLOYD SHOALS","GA00850","24h",2000,0.9995,3.57189881719096
"LLOYD SHOALS","GA00850","24h",5000,0.9998,4.0441896233214
"LLOYD SHOALS","GA00850","24h",10000,0.9999,4.42761411252811
"LLOYD SHOALS","GA00850","72h",2,0.5,0.936125107094842
"LLOYD SHOALS","GA00850","72h",5,0.8,1.21451343429462
"LLOYD SHOALS","GA00850","72h",10,0.9,1.41986332465163
"LLOYD SHOALS","GA00850","72h",25,0.96,1.72070109394525
"LLOYD SHOALS","GA00850","72h",50,0.98,1.98276104675358
"LLOYD SHOALS","GA00850","72h",100,0.99,2.28309049233979
"LLOYD SHOALS","GA00850","72h",200,0.995,2.62928952073991
"LLOYD SHOALS","GA00850","72h",500,0.998,3.17130822844692
"LLOYD SHOALS","GA00850","72h",1000,0.999,3.65707746441699
"LLOYD SHOALS","GA00850","72h",2000,0.9995,4.21991823385443
"LLOYD SHOALS","GA00850","72h",5000,0.9998,5.10358540028533
"LLOYD SHOALS","GA00850","72h",10000,0.9999,5.89655805214595
"GREEN LAKE","ME00266","24h",2,0.5,0.931753540414966
"GREEN LAKE","ME00266","24h",5,0.8,1.23729398938969
"GREEN LAKE","ME00266","24h",10,0.9,1.44718625272957
"GREEN LAKE","ME00266","24h",25,0.96,1.7197113102812
"GREEN LAKE","ME00266","24h",50,0.98,1.92756394422753
"GREEN LAKE","ME00266","24h",100,0.99,2.13928843628536
"GREEN LAKE","ME00266","24h",200,0.995,2.35620550033824
"GREEN LAKE","ME00266","24h",500,0.998,2.65247157908804
"GREEN LAKE","ME00266","24h",1000,0.999,2.88466425546107
"GREEN LAKE","ME00266","24h",2000,0.9995,3.12441625494317
"GREEN LAKE","ME00266","24h",5000,0.9998,3.45372393921415
"GREEN LAKE","ME00266","24h",10000,0.9999,3.71270965152232
"GREEN LAKE","ME00266","72h",2,0.5,0.939190163272637
"GREEN LAKE","ME00266","72h",5,0.8,1.23964023404721
"GREEN LAKE","ME00266","72h",10,0.9,1.44035914239199
"GREEN LAKE","ME00266","72h",25,0.96,1.69571582395348
"GREEN LAKE","ME00266","72h",50,0.98,1.88717578004806
"GREEN LAKE","ME00266","72h",100,0.99,2.07971154786871
"GREEN LAKE","ME00266","72h",200,0.995,2.27468207329858
"GREEN LAKE","ME00266","72h",500,0.998,2.53769420916584
"GREEN LAKE","ME00266","72h",1000,0.999,2.74148038700002
"GREEN LAKE","ME00266","72h",2000,0.9995,2.94997012764175
"GREEN LAKE","ME00266","72h",5000,0.9998,3.23346052684675
"GREEN LAKE","ME00266","72h",10000,0.9999,3.45429594710684
"INDIANFORD","WI00655","24h",2,0.5,0.924752088360028
"INDIANFORD","WI00655","24h",5,0.8,1.24661134214384
"INDIANFORD","WI00655","24h",10,0.9,1.47498648951867
"INDIANFORD","WI00655","24h",25,0.96,1.78219465803493
"INDIANFORD","WI00655","24h",50,0.98,2.02437328274142
"INDIANFORD","WI00655","24h",100,0.99,2.27750118206808
"INDIANFORD","WI00655","24h",200,0.995,2.54299342141618
"INDIANFORD","WI00655","24h",500,0.998,2.91473972049154
"INDIANFORD","WI00655","24h",1000,0.999,3.2128554835993
"INDIANFORD","WI00655","24h",2000,0.9995,3.52648616822455
"INDIANFORD","WI00655","24h",5000,0.9998,3.96636277253699
"INDIANFORD","WI00655","24h",10000,0.9999,4.31938298469514
"INDIANFORD","WI00655","72h",2,0.5,0.927167544815884
"INDIANFORD","WI00655","72h",5,0.8,1.246431318519
"INDIANFORD","WI00655","72h",10,0.9,1.47115151681604
"INDIANFORD","WI00655","72h",25,0.96,1.77124576602066
"INDIANFORD","WI00655","72h",50,0.98,2.00615268348133
"INDIANFORD","WI00655","72h",100,0.99,2.25020994180136
"INDIANFORD","WI00655","72h",200,0.995,2.50466412005285
"INDIANFORD","WI00655","72h",500,0.998,2.85849359699685
"INDIANFORD","WI00655","72h",1000,0.999,3.14029369150493
"INDIANFORD","WI00655","72h",2000,0.9995,3.43500270702665
"INDIANFORD","WI00655","72h",5000,0.9998,3.84549221660596
"INDIANFORD","WI00655","72h",10000,0.9999,4.1726693379696
"LOCK & DAM #5","MN00589","24h",2,0.5,0.912123422405339
"LOCK & DAM #5","MN00589","24h",5,0.8,1.25930082027278
"LOCK & DAM #5","MN00589","24h",10,0.9,1.50751845901663
"LOCK & DAM #5","MN00589","24h",25,0.96,1.83939384181944
"LOCK & DAM #5","MN00589","24h",50,0.98,2.09879773676984
"LOCK & DAM #5","MN00589","24h",100,0.99,2.36796215512115
"LOCK & DAM #5","MN00589","24h",200,0.995,2.64839120371271
"LOCK & DAM #5","MN00589","24h",500,0.998,3.03829195111307
"LOCK & DAM #5","MN00589","24h",1000,0.999,3.34893305254758
"LOCK & DAM #5","MN00589","24h",2000,0.9995,3.67396792662267
"LOCK & DAM #5","MN00589","24h",5000,0.9998,4.12694894386358
"LOCK & DAM #5","MN00589","24h",10000,0.9999,4.48811681176491
"LOCK & DAM #5","MN00589","72h",2,0.5,0.927549588547847
"LOCK & DAM #5","MN00589","72h",5,0.8,1.25024329693649
"LOCK & DAM #5","MN00589","72h",10,0.9,1.47621247035618
"LOCK & DAM #5","MN00589","72h",25,0.96,1.77656995533321
"LOCK & DAM #5","MN00589","72h",50,0.98,2.01062361055443
"LOCK & DAM #5","MN00589","72h",100,0.99,2.25286192897852
"LOCK & DAM #5","MN00589","72h",200,0.995,2.50445655716256
"LOCK & DAM #5","MN00589","72h",500,0.998,2.85276224062914
"LOCK & DAM #5","MN00589","72h",1000,0.999,3.1289432169449
"LOCK & DAM #5","MN00589","72h",2000,0.9995,3.41667961318324
"LOCK & DAM #5","MN00589","72h",5000,0.9998,3.81568845121697
"LOCK & DAM #5","MN00589","72h",10000,0.9999,4.13231810116332
"GREEN SWAMP #4 DAM","NJ00212","24h",2,0.5,0.919005167498483
"GREEN SWAMP #4 DAM","NJ00212","24h",5,0.8,1.2122537351362
"GREEN SWAMP #4 DAM","NJ00212","24h",10,0.9,1.43934642929711
"GREEN SWAMP #4 DAM","NJ00212","24h",25,0.96,1.78590932104392
"GREEN SWAMP #4 DAM","NJ00212","24h",50,0.98,2.09948570415477
"GREEN SWAMP #4 DAM","NJ00212","24h",100,0.99,2.47057028249119
"GREEN SWAMP #4 DAM","NJ00212","24h",200,0.995,2.91212328717544
"GREEN SWAMP #4 DAM","NJ00212","24h",500,0.998,3.62945289696599
"GREEN SWAMP #4 DAM","NJ00212","24h",1000,0.999,4.29605059086697
"GREEN SWAMP #4 DAM","NJ00212","24h",2000,0.9995,5.09307059311053
"GREEN SWAMP #4 DAM","NJ00212","24h",5000,0.9998,6.39129300743034
"GREEN SWAMP #4 DAM","NJ00212","24h",10000,0.9999,7.59914528917031
"GREEN SWAMP #4 DAM","NJ00212","72h",2,0.5,0.923381261659787
"GREEN SWAMP #4 DAM","NJ00212","72h",5,0.8,1.24044279450128
"GREEN SWAMP #4 DAM","NJ00212","72h",10,0.9,1.46791869868786
"GREEN SWAMP #4 DAM","NJ00212","72h",25,0.96,1.77701155318808
"GREEN SWAMP #4 DAM","NJ00212","72h",50,0.98,2.02305727998841
"GREEN SWAMP #4 DAM","NJ00212","72h",100,0.99,2.28236534237764
"GREEN SWAMP #4 DAM","NJ00212","72h",200,0.995,2.5565884741747
"GREEN SWAMP #4 DAM","NJ00212","72h",500,0.998,2.94424837638757
"GREEN SWAMP #4 DAM","NJ00212","72h",1000,0.999,3.25809068125515
"GREEN SWAMP #4 DAM","NJ00212","72h",2000,0.9995,3.59098311948845
"GREEN SWAMP #4 DAM","NJ00212","72h",5000,0.9998,4.06234988104491
"GREEN SWAMP #4 DAM","NJ00212","72h",10000,0.9999,4.4442461460411
"WOLF DEN DAM","NJ00215","24h",2,0.5,0.920016860359494
"WOLF DEN DAM","NJ00215","24h",5,0.8,1.21279062287639
"WOLF DEN DAM","NJ00215","24h",10,0.9,1.43881408759161
"WOLF DEN DAM","NJ00215","24h",25,0.96,1.78284625922725
"WOLF DEN DAM","NJ00215","24h",50,0.98,2.09337966832068
"WOLF DEN DAM","NJ00215","24h",100,0.99,2.46011132465594
"WOLF DEN DAM","NJ00215","24h",200,0.995,2.89560156465074
"WOLF DEN DAM","NJ00215","24h",500,0.998,3.60141347016675
"WOLF DEN DAM","NJ00215","24h",1000,0.999,4.25579431125669
"WOLF DEN DAM","NJ00215","24h",2000,0.9995,5.03663871030805
"WOLF DEN DAM","NJ00215","24h",5000,0.9998,6.30552743190327
"WOLF DEN DAM","NJ00215","24h",10000,0.9999,7.48336926041702
"WOLF DEN DAM","NJ00215","72h",2,0.5,0.923277071301748
"WOLF DEN DAM","NJ00215","72h",5,0.8,1.24034094726185
"WOLF DEN DAM","NJ00215","72h",10,0.9,1.46792280762012
"WOLF DEN DAM","NJ00215","72h",25,0.96,1.77728851142956
"WOLF DEN DAM","NJ00215","72h",50,0.98,2.02365059406206
"WOLF DEN DAM","NJ00215","72h",100,0.99,2.28338109171573
"WOLF DEN DAM","NJ00215","72h",200,0.995,2.55814462025013
"WOLF DEN DAM","NJ00215","72h",500,0.998,2.94672227965407
"WOLF DEN DAM","NJ00215","72h",1000,0.999,3.26143121373947
"WOLF DEN DAM","NJ00215","72h",2000,0.9995,3.59535616243808
"WOLF DEN DAM","NJ00215","72h",5000,0.9998,4.06837175463514
"WOLF DEN DAM","NJ00215","72h",10000,0.9999,4.45175432532211
"KNUTSON DAM","MN82427","24h",2,0.5,0.923399862411037
"KNUTSON DAM","MN82427","24h",5,0.8,1.23515575006198
"KNUTSON DAM","MN82427","24h",10,0.9,1.46906415038515
"KNUTSON DAM","MN82427","24h",25,0.96,1.81666183407161
"KNUTSON DAM","MN82427","24h",50,0.98,2.12349962979408
"KNUTSON DAM","MN82427","24h",100,0.99,2.47910788986598
"KNUTSON DAM","MN82427","24h",200,0.995,2.89359683131443
"KNUTSON DAM","MN82427","24h",500,0.998,3.55095591110233
"KNUTSON DAM","MN82427","24h",1000,0.999,4.14759902287724
"KNUTSON DAM","MN82427","24h",2000,0.9995,4.84653460292593
"KNUTSON DAM","MN82427","24h",5000,0.9998,5.95805357411532
"KNUTSON DAM","MN82427","24h",10000,0.9999,6.96816822165432
"KNUTSON DAM","MN82427","72h",2,0.5,0.930399390536377
"KNUTSON DAM","MN82427","72h",5,0.8,1.225616995468
"KNUTSON DAM","MN82427","72h",10,0.9,1.44482612179203
"KNUTSON DAM","MN82427","72h",25,0.96,1.76775244860078
"KNUTSON DAM","MN82427","72h",50,0.98,2.0505089237656
"KNUTSON DAM","MN82427","72h",100,0.99,2.37597154878164
"KNUTSON DAM","MN82427","72h",200,0.995,2.75276203272332
"KNUTSON DAM","MN82427","72h",500,0.998,3.34563981271649
"KNUTSON DAM","MN82427","72h",1000,0.999,3.87961080047935
"KNUTSON DAM","MN82427","72h",2000,0.9995,4.50094621767577
"KNUTSON DAM","MN82427","72h",5000,0.9998,5.48133082588353
"KNUTSON DAM","MN82427","72h",10000,0.9999,6.36542410299782
"KETCHUM","MN82426","24h",2,0.5,0.922848781020737
"KETCHUM","MN82426","24h",5,0.8,1.2336457977607
"KETCHUM","MN82426","24h",10,0.9,1.46745136471988
"KETCHUM","MN82426","24h",25,0.96,1.8156671220402
"KETCHUM","MN82426","24h",50,0.98,2.12368475010088
"KETCHUM","MN82426","24h",100,0.99,2.48128232465066
"KETCHUM","MN82426","24h",200,0.995,2.89880831940012
"KETCHUM","MN82426","24h",500,0.998,3.56231275913964
"KETCHUM","MN82426","24h",1000,0.999,4.16571856915088
"KETCHUM","MN82426","24h",2000,0.9995,4.87378283889706
"KETCHUM","MN82426","24h",5000,0.9998,6.00206874963089
"KETCHUM","MN82426","24h",10000,0.9999,7.02943381056194
"KETCHUM","MN82426","72h",2,0.5,0.930454101772107
"KETCHUM","MN82426","72h",5,0.8,1.22452359426738
"KETCHUM","MN82426","72h",10,0.9,1.44304811643866
"KETCHUM","MN82426","72h",25,0.96,1.76517339180765
"KETCHUM","MN82426","72h",50,0.98,2.04739764598617
"KETCHUM","MN82426","72h",100,0.99,2.37241214575608
"KETCHUM","MN82426","72h",200,0.995,2.74887228923944
"KETCHUM","MN82426","72h",500,0.998,3.34157554088238
"KETCHUM","MN82426","72h",1000,0.999,3.87569467332437
"KETCHUM","MN82426","72h",2000,0.9995,4.49751076965844
"KETCHUM","MN82426","72h",5000,0.9998,5.4792231671781
"KETCHUM","MN82426","72h",10000,0.9999,6.36501909179853
"FOREST CITY","ME00221","24h",2,0.5,0.939689639106469
"FOREST CITY","ME00221","24h",5,0.8,1.22245664077956
"FOREST CITY","ME00221","24h",10,0.9,1.41730042151659
"FOREST CITY","ME00221","24h",25,0.96,1.6725306582743
"FOREST CITY","ME00221","24h",50,0.98,1.8686246092081
"FOREST CITY","ME00221","24h",100,0.99,2.06914847321219
"FOREST CITY","ME00221","24h",200,0.995,2.27494013949364
"FOREST CITY","ME00221","24h",500,0.998,2.55591017165313
"FOREST CITY","ME00221","24h",1000,0.999,2.77564381416708
"FOREST CITY","ME00221","24h",2000,0.9995,3.00186128858101
"FOREST CITY","ME00221","24h",5000,0.9998,3.31124707731213
"FOREST CITY","ME00221","24h",10000,0.9999,3.55339427727983
"FOREST CITY","ME00221","72h",2,0.5,0.944979378390158
"FOREST CITY","ME00221","72h",5,0.8,1.22877670522329
"FOREST CITY","ME00221","72h",10,0.9,1.41888814860841
"FOREST CITY","ME00221","72h",25,0.96,1.66164528921349
"FOREST CITY","ME00221","72h",50,0.98,1.84359477695964
"FOREST CITY","ME00221","72h",100,0.99,2.0257815697227
"FOREST CITY","ME00221","72h",200,0.995,2.2088835935008
"FOREST CITY","ME00221","72h",500,0.998,2.45288807673485
"FOREST CITY","ME00221","72h",1000,0.999,2.63915742396673
"FOREST CITY","ME00221","72h",2000,0.9995,2.82697227713121
"FOREST CITY","ME00221","72h",5000,0.9998,3.07769873561112
"FOREST CITY","ME00221","72h",10000,0.9999,3.26925572344573
"LOCK","ME00198","24h",2,0.5,0.933231418478805
"LOCK","ME00198","24h",5,0.8,1.22668229626142
"LOCK","ME00198","24h",10,0.9,1.43305806813142
"LOCK","ME00198","24h",25,0.96,1.7084424577035
"LOCK","ME00198","24h",50,0.98,1.92384623630011
"LOCK","ME00198","24h",100,0.99,2.14749857809124
"LOCK","ME00198","24h",200,0.995,2.38053136760866
"LOCK","ME00198","24h",500,0.998,2.70433611137504
"LOCK","ME00198","24h",1000,0.999,2.96203586433861
"LOCK","ME00198","24h",2000,0.9995,3.23137121069368
"LOCK","ME00198","24h",5000,0.9998,3.60624446226463
"LOCK","ME00198","24h",10000,0.9999,3.90481664282666
"LOCK","ME00198","72h",2,0.5,0.949530733300192
"LOCK","ME00198","72h",5,0.8,1.20030313535376
"LOCK","ME00198","72h",10,0.9,1.37988658264202
"LOCK","ME00198","72h",25,0.96,1.63654490901315
"LOCK","ME00198","72h",50,0.98,1.85502127401332
"LOCK","ME00198","72h",100,0.99,2.1005777190127
"LOCK","ME00198","72h",200,0.995,2.37824219329225
"LOCK","ME00198","72h",500,0.998,2.80334009365158
"LOCK","ME00198","72h",1000,0.999,3.17603363826308
"LOCK","ME00198","72h",2000,0.9995,3.59970473178269
"LOCK","ME00198","72h",5000,0.9998,4.25021654094824
"LOCK","ME00198","72h",10000,0.9999,4.82129090396305
"TELOS","ME00197","24h",2,0.5,0.933873727156211
"TELOS","ME00197","24h",5,0.8,1.22520299373178
"TELOS","ME00197","24h",10,0.9,1.42992694618938
"TELOS","ME00197","24h",25,0.96,1.7029139236681
"TELOS","ME00197","24h",50,0.98,1.9162962790641
"TELOS","ME00197","24h",100,0.99,2.13772073278495
"TELOS","ME00197","24h",200,0.995,2.36829853812291
"TELOS","ME00197","24h",500,0.998,2.68847667093961
"TELOS","ME00197","24h",1000,0.999,2.94311994013034
"TELOS","ME00197","24h",2000,0.9995,3.20910736999202
"TELOS","ME00197","24h",5000,0.9998,3.57907255721916
"TELOS","ME00197","24h",10000,0.9999,3.87353899821734
"TELOS","ME00197","72h",2,0.5,0.948470247971685
"TELOS","ME00197","72h",5,0.8,1.20441402983285
"TELOS","ME00197","72h",10,0.9,1.38771565351892
"TELOS","ME00197","72h",25,0.96,1.64970565341262
"TELOS","ME00197","72h",50,0.98,1.87273458404204
"TELOS","ME00197","72h",100,0.99,2.12342120730891
"TELOS","ME00197","72h",200,0.995,2.40690156572898
"TELOS","ME00197","72h",500,0.998,2.84092996940773
"TELOS","ME00197","72h",1000,0.999,3.22147597592549
"TELOS","ME00197","72h",2000,0.9995,3.65409612710387
"TELOS","ME00197","72h",5000,0.9998,4.31838888015779
"TELOS","ME00197","72h",10000,0.9999,4.90159630366891
"ALVERNO","MI00521","24h",2,0.5,0.941683638010542
"ALVERNO","MI00521","24h",5,0.8,1.21055678026586
"ALVERNO","MI00521","24h",10,0.9,1.40629237952037
"ALVERNO","MI00521","24h",25,0.96,1.68990145282972
"ALVERNO","MI00521","24h",50,0.98,1.93442928380137
"ALVERNO","MI00521","24h",100,0.99,2.21224868066742
"ALVERNO","MI00521","24h",200,0.995,2.52976656781358
"ALVERNO","MI00521","24h",500,0.998,3.02195013176653
"ALVERNO","MI00521","24h",1000,0.999,3.4587576401562
"ALVERNO","MI00521","24h",2000,0.9995,3.96059051250344
"ALVERNO","MI00521","24h",5000,0.9998,4.74069340148833
"ALVERNO","MI00521","24h",10000,0.9999,5.43392426250763
"ALVERNO","MI00521","72h",2,0.5,0.940920656892551
"ALVERNO","MI00521","72h",5,0.8,1.21909168036112
"ALVERNO","MI00521","72h",10,0.9,1.41051936119499
"ALVERNO","MI00521","72h",25,0.96,1.66097962685279
"ALVERNO","MI00521","72h",50,0.98,1.85318924814328
"ALVERNO","MI00521","72h",100,0.99,2.04955038393264
"ALVERNO","MI00521","72h",200,0.995,2.25087557463222
"ALVERNO","MI00521","72h",500,0.998,2.52544009352718
"ALVERNO","MI00521","72h",1000,0.999,2.73992520809448
"ALVERNO","MI00521","72h",2000,0.9995,2.96052731852479
"ALVERNO","MI00521","72h",5000,0.9998,3.2618966390569
"ALVERNO","MI00521","72h",10000,0.9999,3.49750725661661
"LOCK & DAM #7","MN00587","24h",2,0.5,0.911737863226716
"LOCK & DAM #7","MN00587","24h",5,0.8,1.24396472892816
"LOCK & DAM #7","MN00587","24h",10,0.9,1.49036866533932
"LOCK & DAM #7","MN00587","24h",25,0.96,1.83546060860442
"LOCK & DAM #7","MN00587","24h",50,0.98,2.1182967086517
"LOCK & DAM #7","MN00587","24h",100,0.99,2.42388357608157
"LOCK & DAM #7","MN00587","24h",200,0.995,2.75513918888347
"LOCK & DAM #7","MN00587","24h",500,0.998,3.23707654924374
"LOCK & DAM #7","MN00587","24h",1000,0.999,3.63851672830625
"LOCK & DAM #7","MN00587","24h",2000,0.9995,4.07493365091732
"LOCK & DAM #7","MN00587","24h",5000,0.9998,4.71086371089004
"LOCK & DAM #7","MN00587","24h",10000,0.9999,5.24095636776342
"LOCK & DAM #7","MN00587","72h",2,0.5,0.9215501396216
"LOCK & DAM #7","MN00587","72h",5,0.8,1.24686150215945
"LOCK & DAM #7","MN00587","72h",10,0.9,1.48009277735228
"LOCK & DAM #7","MN00587","72h",25,0.96,1.79680418988483
"LOCK & DAM #7","MN00587","72h",50,0.98,2.04875936182886
"LOCK & DAM #7","MN00587","72h",100,0.99,2.31415626702557
"LOCK & DAM #7","MN00587","72h",200,0.995,2.59467221226985
"LOCK & DAM #7","MN00587","72h",500,0.998,2.99098810110958
"LOCK & DAM #7","MN00587","72h",1000,0.999,3.31164545751973
"LOCK & DAM #7","MN00587","72h",2000,0.9995,3.65159024549922
"LOCK & DAM #7","MN00587","72h",5000,0.9998,4.13265233599586
"LOCK & DAM #7","MN00587","72h",10000,0.9999,4.52216985912976
"CARRY FALLS SPILLWAY","NY00261","24h",2,0.5,0.938122332713113
"CARRY FALLS SPILLWAY","NY00261","24h",5,0.8,1.22765742557225
"CARRY FALLS SPILLWAY","NY00261","24h",10,0.9,1.4272878733334
"CARRY FALLS SPILLWAY","NY00261","24h",25,0.96,1.68893428189006
"CARRY FALLS SPILLWAY","NY00261","24h",50,0.98,1.89006658162445
"CARRY FALLS SPILLWAY","NY00261","24h",100,0.99,2.09583723434789
"CARRY FALLS SPILLWAY","NY00261","24h",200,0.995,2.30711013875946
"CARRY FALLS SPILLWAY","NY00261","24h",500,0.998,2.59571678712496
"CARRY FALLS SPILLWAY","NY00261","24h",1000,0.999,2.82154186978442
"CARRY FALLS SPILLWAY","NY00261","24h",2000,0.9995,3.05413637504287
"CARRY FALLS SPILLWAY","NY00261","24h",5000,0.9998,3.3724120576981
"CARRY FALLS SPILLWAY","NY00261","24h",10000,0.9999,3.62164852456248
"CARRY FALLS SPILLWAY","NY00261","72h",2,0.5,0.946688265433632
"CARRY FALLS SPILLWAY","NY00261","72h",5,0.8,1.21028768963852
"CARRY FALLS SPILLWAY","NY00261","72h",10,0.9,1.38904067056108
"CARRY FALLS SPILLWAY","NY00261","72h",25,0.96,1.61982835282474
"CARRY FALLS SPILLWAY","NY00261","72h",50,0.98,1.79467115718572
"CARRY FALLS SPILLWAY","NY00261","72h",100,0.99,1.97134343670535
"CARRY FALLS SPILLWAY","NY00261","72h",200,0.995,2.15051845301976
"CARRY FALLS SPILLWAY","NY00261","72h",500,0.998,2.39180754056218
"CARRY FALLS SPILLWAY","NY00261","72h",1000,0.999,2.57794112581152
"CARRY FALLS SPILLWAY","NY00261","72h",2000,0.9995,2.76731795192097
"CARRY FALLS SPILLWAY","NY00261","72h",5000,0.9998,3.02278943198921
"CARRY FALLS SPILLWAY","NY00261","72h",10000,0.9999,3.22002201202357
"CHEATHAM DAM","TN02101","24h",2,0.5,0.919399824050268
"CHEATHAM DAM","TN02101","24h",5,0.8,1.21315118303853
"CHEATHAM DAM","TN02101","24h",10,0.9,1.43360439189876
"CHEATHAM DAM","TN02101","24h",25,0.96,1.74569503187321
"CHEATHAM DAM","TN02101","24h",50,0.98,2.00415062039809
"CHEATHAM DAM","TN02101","24h",100,0.99,2.28587772438393
"CHEATHAM DAM","TN02101","24h",200,0.995,2.59396874220857
"CHEATHAM DAM","TN02101","24h",500,0.998,3.04681563285062
"CHEATHAM DAM","TN02101","24h",1000,0.999,3.42786326344759
"CHEATHAM DAM","TN02101","24h",2000,0.9995,3.84575455399409
"CHEATHAM DAM","TN02101","24h",5000,0.9998,4.4609402210485
"CHEATHAM DAM","TN02101","24h",10000,0.9999,4.97895414499482
"CHEATHAM DAM","TN02101","72h",2,0.5,0.923022472717041
"CHEATHAM DAM","TN02101","72h",5,0.8,1.19869716626557
"CHEATHAM DAM","TN02101","72h",10,0.9,1.41284802065543
"CHEATHAM DAM","TN02101","72h",25,0.96,1.74052105891577
"CHEATHAM DAM","TN02101","72h",50,0.98,2.03772995123349
"CHEATHAM DAM","TN02101","72h",100,0.99,2.39017186269425
"CHEATHAM DAM","TN02101","72h",200,0.995,2.81039893419186
"CHEATHAM DAM","TN02101","72h",500,0.998,3.49470932748488
"CHEATHAM DAM","TN02101","72h",1000,0.999,4.13210496846527
"CHEATHAM DAM","TN02101","72h",2000,0.9995,4.89575181019773
"CHEATHAM DAM","TN02101","72h",5000,0.9998,6.14256414239008
"CHEATHAM DAM","TN02101","72h",10000,0.9999,7.30528250382523
"BURNT ROLLWAYS","WI00764","24h",2,0.5,0.919081614286255
"BURNT ROLLWAYS","WI00764","24h",5,0.8,1.23175551648713
"BURNT ROLLWAYS","WI00764","24h",10,0.9,1.46148719733122
"BURNT ROLLWAYS","WI00764","24h",25,0.96,1.78048258727892
"BURNT ROLLWAYS","WI00764","24h",50,0.98,2.03977790939222
"BURNT ROLLWAYS","WI00764","24h",100,0.99,2.31796303509492
"BURNT ROLLWAYS","WI00764","24h",200,0.995,2.61740908596988
"BURNT ROLLWAYS","WI00764","24h",500,0.998,3.04953195608963
"BURNT ROLLWAYS","WI00764","24h",1000,0.999,3.40658568173949
"BURNT ROLLWAYS","WI00764","24h",2000,0.9995,3.79205091801032
"BURNT ROLLWAYS","WI00764","24h",5000,0.9998,4.34918814584545
"BURNT ROLLWAYS","WI00764","24h",10000,0.9999,4.80987365338697
"BURNT ROLLWAYS","WI00764","72h",2,0.5,0.93107314102005
"BURNT ROLLWAYS","WI00764","72h",5,0.8,1.22572838517759
"BURNT ROLLWAYS","WI00764","72h",10,0.9,1.43484008881157
"BURNT ROLLWAYS","WI00764","72h",25,0.96,1.71618308747431
"BURNT ROLLWAYS","WI00764","72h",50,0.98,1.93800813355302
"BURNT ROLLWAYS","WI00764","72h",100,0.99,2.16989469251999
"BURNT ROLLWAYS","WI00764","72h",200,0.995,2.41314189095687
"BURNT ROLLWAYS","WI00764","72h",500,0.998,2.7537953808705
"BURNT ROLLWAYS","WI00764","72h",1000,0.999,3.02702063003801
"BURNT ROLLWAYS","WI00764","72h",2000,0.9995,3.31450523802104
"BURNT ROLLWAYS","WI00764","72h",5000,0.9998,3.71777618123296
"BURNT ROLLWAYS","WI00764","72h",10000,0.9999,4.04147063855552
"BELTZVILLE DAM","PA00010","24h",2,0.5,0.916985273735095
"BELTZVILLE DAM","PA00010","24h",5,0.8,1.24543045834401
"BELTZVILLE DAM","PA00010","24h",10,0.9,1.48013931110572
"BELTZVILLE DAM","PA00010","24h",25,0.96,1.79383895889178
"BELTZVILLE DAM","PA00010","24h",50,0.98,2.0389616795858
"BELTZVILLE DAM","PA00010","24h",100,0.99,2.2932493277718
"BELTZVILLE DAM","PA00010","24h",200,0.995,2.5581239550009
"BELTZVILLE DAM","PA00010","24h",500,0.998,2.92631687244993
"BELTZVILLE DAM","PA00010","24h",1000,0.999,3.21960321890649
"BELTZVILLE DAM","PA00010","24h",2000,0.9995,3.52642877663533
"BELTZVILLE DAM","PA00010","24h",5000,0.9998,3.95395557091735
"BELTZVILLE DAM","PA00010","24h",10000,0.9999,4.2947705358173
"BELTZVILLE DAM","PA00010","72h",2,0.5,0.921881346874328
"BELTZVILLE DAM","PA00010","72h",5,0.8,1.23774347926194
"BELTZVILLE DAM","PA00010","72h",10,0.9,1.46616112965239
"BELTZVILLE DAM","PA00010","72h",25,0.96,1.77877788076511
"BELTZVILLE DAM","PA00010","72h",50,0.98,2.02936655407728
"BELTZVILLE DAM","PA00010","72h",100,0.99,2.29503242587376
"BELTZVILLE DAM","PA00010","72h",200,0.995,2.57764003736566
"BELTZVILLE DAM","PA00010","72h",500,0.998,2.97989732376303
"BELTZVILLE DAM","PA00010","72h",1000,0.999,3.30777687389131
"BELTZVILLE DAM","PA00010","72h",2000,0.9995,3.65760469358418
"BELTZVILLE DAM","PA00010","72h",5000,0.9998,4.15634676795687
"BELTZVILLE DAM","PA00010","72h",10000,0.9999,4.563173055281
"MAPLE RIVER DAM","ND01031","24h",2,0.5,0.911728874786861
"MAPLE RIVER DAM","ND01031","24h",5,0.8,1.25869472067088
"MAPLE RIVER DAM","ND01031","24h",10,0.9,1.5120857954066
"MAPLE RIVER DAM","ND01031","24h",25,0.96,1.86200150728674
"MAPLE RIVER DAM","ND01031","24h",50,0.98,2.14492364481548
"MAPLE RIVER DAM","ND01031","24h",100,0.99,2.44708577461673
"MAPLE RIVER DAM","ND01031","24h",200,0.995,2.77088019724051
"MAPLE RIVER DAM","ND01031","24h",500,0.998,3.23570094853743
"MAPLE RIVER DAM","ND01031","24h",1000,0.999,3.61778617827691
"MAPLE RIVER DAM","ND01031","24h",2000,0.9995,4.02843070778339
"MAPLE RIVER DAM","ND01031","24h",5000,0.9998,4.61887040393302
"MAPLE RIVER DAM","ND01031","24h",10000,0.9999,5.10457121516852
"MAPLE RIVER DAM","ND01031","72h",2,0.5,0.926255363707233
"MAPLE RIVER DAM","ND01031","72h",5,0.8,1.25845742436184
"MAPLE RIVER DAM","ND01031","72h",10,0.9,1.49024497986669
"MAPLE RIVER DAM","ND01031","72h",25,0.96,1.79732744472736
"MAPLE RIVER DAM","ND01031","72h",50,0.98,2.03586289947914
"MAPLE RIVER DAM","ND01031","72h",100,0.99,2.28207382276152
"MAPLE RIVER DAM","ND01031","72h",200,0.995,2.53710850790922
"MAPLE RIVER DAM","ND01031","72h",500,0.998,2.88907811307112
"MAPLE RIVER DAM","ND01031","72h",1000,0.999,3.16730080792653
"MAPLE RIVER DAM","ND01031","72h",2000,0.9995,3.45639055748259
"MAPLE RIVER DAM","ND01031","72h",5000,0.9998,3.85603165922033
"MAPLE RIVER DAM","ND01031","72h",10000,0.9999,4.17218290766472
"RAYMOND DAM","NJ00213","24h",2,0.5,0.919601785859227
"RAYMOND DAM","NJ00213","24h",5,0.8,1.21303579388042
"RAYMOND DAM","NJ00213","24h",10,0.9,1.43975586216627
"RAYMOND DAM","NJ00213","24h",25,0.96,1.78508803715426
"RAYMOND DAM","NJ00213","24h",50,0.98,2.09699584445903
"RAYMOND DAM","NJ00213","24h",100,0.99,2.46555142021113
"RAYMOND DAM","NJ00213","24h",200,0.995,2.90344354490197
"RAYMOND DAM","NJ00213","24h",500,0.998,3.61359421291017
"RAYMOND DAM","NJ00213","24h",1000,0.999,4.27240257046385
"RAYMOND DAM","NJ00213","24h",2000,0.9995,5.0589499802687
"RAYMOND DAM","NJ00213","24h",5000,0.9998,6.33790583185081
"RAYMOND DAM","NJ00213","24h",10000,0.9999,7.52582096911907
"RAYMOND DAM","NJ00213","72h",2,0.5,0.922788491346443
"RAYMOND DAM","NJ00213","72h",5,0.8,1.24102844803092
"RAYMOND DAM","NJ00213","72h",10,0.9,1.46965977645597
"RAYMOND DAM","NJ00213","72h",25,0.96,1.78070605414286
"RAYMOND DAM","NJ00213","72h",50,0.98,2.02860200971136
"RAYMOND DAM","NJ00213","72h",100,0.99,2.29012531189017
"RAYMOND DAM","NJ00213","72h",200,0.995,2.56697038361083
"RAYMOND DAM","NJ00213","72h",500,0.998,2.95879581746474
"RAYMOND DAM","NJ00213","72h",1000,0.999,3.27637964005182
"RAYMOND DAM","NJ00213","72h",2000,0.9995,3.61357921880257
"RAYMOND DAM","NJ00213","72h",5000,0.9998,4.09160348530196
"RAYMOND DAM","NJ00213","72h",10000,0.9999,4.47934382493452
"DEER CREEK DAM","OH00008","24h",2,0.5,0.936365085896842
"DEER CREEK DAM","OH00008","24h",5,0.8,1.21991709036289
"DEER CREEK DAM","OH00008","24h",10,0.9,1.41844944195014
"DEER CREEK DAM","OH00008","24h",25,0.96,1.68230485905059
"DEER CREEK DAM","OH00008","24h",50,0.98,1.8878892756179
"DEER CREEK DAM","OH00008","24h",100,0.99,2.10064080854966
"DEER CREEK DAM","OH00008","24h",200,0.995,2.32158701896441
"DEER CREEK DAM","OH00008","24h",500,0.998,2.62742677656928
"DEER CREEK DAM","OH00008","24h",1000,0.999,2.86990660744784
"DEER CREEK DAM","OH00008","24h",2000,0.9995,3.12250594985235
"DEER CREEK DAM","OH00008","24h",5000,0.9998,3.47274795746955
"DEER CREEK DAM","OH00008","24h",10000,0.9999,3.75064622319081
"DEER CREEK DAM","OH00008","72h",2,0.5,0.952216618223847
"DEER CREEK DAM","OH00008","72h",5,0.8,1.22038335170219
"DEER CREEK DAM","OH00008","72h",10,0.9,1.39592392231326
"DEER CREEK DAM","OH00008","72h",25,0.96,1.61545694070555
"DEER CREEK DAM","OH00008","72h",50,0.98,1.77670246716276
"DEER CREEK DAM","OH00008","72h",100,0.99,1.93540839430374
"DEER CREEK DAM","OH00008","72h",200,0.995,2.092209826535
"DEER CREEK DAM","OH00008","72h",500,0.998,2.29707419960592
"DEER CREEK DAM","OH00008","72h",1000,0.999,2.45040613527769
"DEER CREEK DAM","OH00008","72h",2000,0.9995,2.60240422547327
"DEER CREEK DAM","OH00008","72h",5000,0.9998,2.80135213629936
"DEER CREEK DAM","OH00008","72h",10000,0.9999,2.95038066566843
"HAMLIN LAKE DAM","MI00236","24h",2,0.5,0.916192702382018
"HAMLIN LAKE DAM","MI00236","24h",5,0.8,1.23242266671553
"HAMLIN LAKE DAM","MI00236","24h",10,0.9,1.4667550928023
"HAMLIN LAKE DAM","MI00236","24h",25,0.96,1.79467644613761
"HAMLIN LAKE DAM","MI00236","24h",50,0.98,2.06323101417178
"HAMLIN LAKE DAM","MI00236","24h",100,0.99,2.35319553538894
"HAMLIN LAKE DAM","MI00236","24h",200,0.995,2.6673096613072
"HAMLIN LAKE DAM","MI00236","24h",500,0.998,3.12395846097275
"HAMLIN LAKE DAM","MI00236","24h",1000,0.999,3.50404583676293
"HAMLIN LAKE DAM","MI00236","24h",2000,0.9995,3.91697886698349
"HAMLIN LAKE DAM","MI00236","24h",5000,0.9998,4.51822962783175
"HAMLIN LAKE DAM","MI00236","24h",10000,0.9999,5.01903539015071
"HAMLIN LAKE DAM","MI00236","72h",2,0.5,0.923906971718483
"HAMLIN LAKE DAM","MI00236","72h",5,0.8,1.22873664762382
"HAMLIN LAKE DAM","MI00236","72h",10,0.9,1.44988459339675
"HAMLIN LAKE DAM","MI00236","72h",25,0.96,1.7534370286505
"HAMLIN LAKE DAM","MI00236","72h",50,0.98,1.99744687958163
"HAMLIN LAKE DAM","MI00236","72h",100,0.99,2.25676018866941
"HAMLIN LAKE DAM","MI00236","72h",200,0.995,2.53326983966856
"HAMLIN LAKE DAM","MI00236","72h",500,0.998,2.92794108573806
"HAMLIN LAKE DAM","MI00236","72h",1000,0.999,3.25052372300485
"HAMLIN LAKE DAM","MI00236","72h",2000,0.9995,3.59551916417653
"HAMLIN LAKE DAM","MI00236","72h",5000,0.9998,4.08873551042274
"HAMLIN LAKE DAM","MI00236","72h",10000,0.9999,4.49216183226645
"MOHICANVILLE DAM","OH00019","24h",2,0.5,0.928739472068762
"MOHICANVILLE DAM","OH00019","24h",5,0.8,1.20257936347206
"MOHICANVILLE DAM","OH00019","24h",10,0.9,1.41116897847286
"MOHICANVILLE DAM","OH00019","24h",25,0.96,1.7251022892532
"MOHICANVILLE DAM","OH00019","24h",50,0.98,2.00551332135643
"MOHICANVILLE DAM","OH00019","24h",100,0.99,2.33375069065963
"MOHICANVILLE DAM","OH00019","24h",200,0.995,2.72012866713097
"MOHICANVILLE DAM","OH00019","24h",500,0.998,3.33998269463963
"MOHICANVILLE DAM","OH00019","24h",1000,0.999,3.90895323485875
"MOHICANVILLE DAM","OH00019","24h",2000,0.9995,4.58201429666391
"MOHICANVILLE DAM","OH00019","24h",5000,0.9998,5.66469288575611
"MOHICANVILLE DAM","OH00019","24h",10000,0.9999,6.6597113315269
"MOHICANVILLE DAM","OH00019","72h",2,0.5,0.931375333653798
"MOHICANVILLE DAM","OH00019","72h",5,0.8,1.21427606462963
"MOHICANVILLE DAM","OH00019","72h",10,0.9,1.41750592516588
"MOHICANVILLE DAM","OH00019","72h",25,0.96,1.69397827678224
"MOHICANVILLE DAM","OH00019","72h",50,0.98,1.91430740103187
"MOHICANVILLE DAM","OH00019","72h",100,0.99,2.14673742275146
"MOHICANVILLE DAM","OH00019","72h",200,0.995,2.39277311016556
"MOHICANVILLE DAM","OH00019","72h",500,0.998,2.74097417889376
"MOHICANVILLE DAM","OH00019","72h",1000,0.999,3.02318404904777
"MOHICANVILLE DAM","OH00019","72h",2000,0.9995,3.3228106917874
"MOHICANVILLE DAM","OH00019","72h",5000,0.9998,3.7475471772114
"MOHICANVILLE DAM","OH00019","72h",10000,0.9999,4.09204540205793
"LAKE CHEROKEE DAM","TX03453","24h",2,0.5,0.918241336684256
"LAKE CHEROKEE DAM","TX03453","24h",5,0.8,1.24147608601039
"LAKE CHEROKEE DAM","TX03453","24h",10,0.9,1.47705691651684
"LAKE CHEROKEE DAM","TX03453","24h",25,0.96,1.80177627976939
"LAKE CHEROKEE DAM","TX03453","24h",50,0.98,2.06385754323839
"LAKE CHEROKEE DAM","TX03453","24h",100,0.99,2.34333581319649
"LAKE CHEROKEE DAM","TX03453","24h",200,0.995,2.64236939862256
"LAKE CHEROKEE DAM","TX03453","24h",500,0.998,3.07089048114474
"LAKE CHEROKEE DAM","TX03453","24h",1000,0.999,3.42252363181366
"LAKE CHEROKEE DAM","TX03453","24h",2000,0.9995,3.79987105609987
"LAKE CHEROKEE DAM","TX03453","24h",5000,0.9998,4.34148355616105
"LAKE CHEROKEE DAM","TX03453","24h",10000,0.9999,4.78624350694268
"LAKE CHEROKEE DAM","TX03453","72h",2,0.5,0.92126351253524
"LAKE CHEROKEE DAM","TX03453","72h",5,0.8,1.22551984513642
"LAKE CHEROKEE DAM","TX03453","72h",10,0.9,1.45693121785856
"LAKE CHEROKEE DAM","TX03453","72h",25,0.96,1.80477344729501
"LAKE CHEROKEE DAM","TX03453","72h",50,0.98,2.11510906378133
"LAKE CHEROKEE DAM","TX03453","72h",100,0.99,2.47801575681989
"LAKE CHEROKEE DAM","TX03453","72h",200,0.995,2.90478624436141
"LAKE CHEROKEE DAM","TX03453","72h",500,0.998,3.58866093533856
"LAKE CHEROKEE DAM","TX03453","72h",1000,0.999,4.21569627909346
"LAKE CHEROKEE DAM","TX03453","72h",2000,0.9995,4.95672636338085
"LAKE CHEROKEE DAM","TX03453","72h",5000,0.9998,6.14738753786657
"LAKE CHEROKEE DAM","TX03453","72h",10000,0.9999,7.24042730344382
"STRUCTURE 78","FL00424","24h",2,0.5,0.900461932461058
"STRUCTURE 78","FL00424","24h",5,0.8,1.24340619491569
"STRUCTURE 78","FL00424","24h",10,0.9,1.50626714088339
"STRUCTURE 78","FL00424","24h",25,0.96,1.88564493720755
"STRUCTURE 78","FL00424","24h",50,0.98,2.2057112360295
"STRUCTURE 78","FL00424","24h",100,0.99,2.56016944977088
"STRUCTURE 78","FL00424","24h",200,0.995,2.9539554459857
"STRUCTURE 78","FL00424","24h",500,0.998,3.54347568189633
"STRUCTURE 78","FL00424","24h",1000,0.999,4.04859907360268
"STRUCTURE 78","FL00424","24h",2000,0.9995,4.61132017180028
"STRUCTURE 78","FL00424","24h",5000,0.9998,5.4550132476979
"STRUCTURE 78","FL00424","24h",10000,0.9999,6.17841899406344
"STRUCTURE 78","FL00424","72h",2,0.5,0.91404536354791
"STRUCTURE 78","FL00424","72h",5,0.8,1.24572536555724
"STRUCTURE 78","FL00424","72h",10,0.9,1.48954014470947
"STRUCTURE 78","FL00424","72h",25,0.96,1.82824100215357
"STRUCTURE 78","FL00424","72h",50,0.98,2.10367177229996
"STRUCTURE 78","FL00424","72h",100,0.99,2.39927565590283
"STRUCTURE 78","FL00424","72h",200,0.995,2.71758721431085
"STRUCTURE 78","FL00424","72h",500,0.998,3.17712819247325
"STRUCTURE 78","FL00424","72h",1000,0.999,3.55699557109677
"STRUCTURE 78","FL00424","72h",2000,0.9995,3.96723790149321
"STRUCTURE 78","FL00424","72h",5000,0.9998,4.56043661206687
"STRUCTURE 78","FL00424","72h",10000,0.9999,5.0511453685732
"DEAD LAKE EAST","MN00206","24h",2,0.5,0.920115275579255
"DEAD LAKE EAST","MN00206","24h",5,0.8,1.26150615510499
"DEAD LAKE EAST","MN00206","24h",10,0.9,1.50381071157373
"DEAD LAKE EAST","MN00206","24h",25,0.96,1.82984304650781
"DEAD LAKE EAST","MN00206","24h",50,0.98,2.08692707797533
"DEAD LAKE EAST","MN00206","24h",100,0.99,2.35569294263755
"DEAD LAKE EAST","MN00206","24h",200,0.995,2.63764820545162
"DEAD LAKE EAST","MN00206","24h",500,0.998,3.03254577691667
"DEAD LAKE EAST","MN00206","24h",1000,0.999,3.34930659006748
"DEAD LAKE EAST","MN00206","24h",2000,0.9995,3.68262467367644
"DEAD LAKE EAST","MN00206","24h",5000,0.9998,4.15023100663913
"DEAD LAKE EAST","MN00206","24h",10000,0.9999,4.52559937374182
"DEAD LAKE EAST","MN00206","72h",2,0.5,0.933762056878715
"DEAD LAKE EAST","MN00206","72h",5,0.8,1.22964584216499
"DEAD LAKE EAST","MN00206","72h",10,0.9,1.44662736606116
"DEAD LAKE EAST","MN00206","72h",25,0.96,1.76295170582006
"DEAD LAKE EAST","MN00206","72h",50,0.98,2.03724735730042
"DEAD LAKE EAST","MN00206","72h",100,0.99,2.35039110188232
"DEAD LAKE EAST","MN00206","72h",200,0.995,2.70998913852351
"DEAD LAKE EAST","MN00206","72h",500,0.998,3.27049642562583
"DEAD LAKE EAST","MN00206","72h",1000,0.999,3.7706543087266
"DEAD LAKE EAST","MN00206","72h",2000,0.9995,4.34798439857084
"DEAD LAKE EAST","MN00206","72h",5000,0.9998,5.25040995272004
"DEAD LAKE EAST","MN00206","72h",10000,0.9999,6.05670707582522
"DEAD LAKE WEST","MN00207","24h",2,0.5,0.920137463298469
"DEAD LAKE WEST","MN00207","24h",5,0.8,1.26184500348234
"DEAD LAKE WEST","MN00207","24h",10,0.9,1.50427767017375
"DEAD LAKE WEST","MN00207","24h",25,0.96,1.83036433899245
"DEAD LAKE WEST","MN00207","24h",50,0.98,2.08740123314308
"DEAD LAKE WEST","MN00207","24h",100,0.99,2.35603777604422
"DEAD LAKE WEST","MN00207","24h",200,0.995,2.63777388611179
"DEAD LAKE WEST","MN00207","24h",500,0.998,3.03222884282919
"DEAD LAKE WEST","MN00207","24h",1000,0.999,3.34852655665154
"DEAD LAKE WEST","MN00207","24h",2000,0.9995,3.68125921870017
"DEAD LAKE WEST","MN00207","24h",5000,0.9998,4.14788413207164
"DEAD LAKE WEST","MN00207","24h",10000,0.9999,4.52233688040904
"DEAD LAKE WEST","MN00207","72h",2,0.5,0.935438000116048
"DEAD LAKE WEST","MN00207","72h",5,0.8,1.22862537796697
"DEAD LAKE WEST","MN00207","72h",10,0.9,1.44280576165196
"DEAD LAKE WEST","MN00207","72h",25,0.96,1.75404518107042
"DEAD LAKE WEST","MN00207","72h",50,0.98,2.02312508560181
"DEAD LAKE WEST","MN00207","72h",100,0.99,2.32953980996831
"DEAD LAKE WEST","MN00207","72h",200,0.995,2.68053293275744
"DEAD LAKE WEST","MN00207","72h",500,0.998,3.22604088274469
"DEAD LAKE WEST","MN00207","72h",1000,0.999,3.71142742854369
"DEAD LAKE WEST","MN00207","72h",2000,0.9995,4.27032295975393
"DEAD LAKE WEST","MN00207","72h",5000,0.9998,5.14141075508021
"DEAD LAKE WEST","MN00207","72h",10000,0.9999,5.91749549879845
"HERON LAKE OUTLET","MN00115","24h",2,0.5,0.912312592283864
"HERON LAKE OUTLET","MN00115","24h",5,0.8,1.25177829329086
"HERON LAKE OUTLET","MN00115","24h",10,0.9,1.50102865108734
"HERON LAKE OUTLET","MN00115","24h",25,0.96,1.84691672353537
"HERON LAKE OUTLET","MN00115","24h",50,0.98,2.12790715014541
"HERON LAKE OUTLET","MN00115","24h",100,0.99,2.4292174273224
"HERON LAKE OUTLET","MN00115","24h",200,0.995,2.75339503654334
"HERON LAKE OUTLET","MN00115","24h",500,0.998,3.22093750140398
"HERON LAKE OUTLET","MN00115","24h",1000,0.999,3.60703690134047
"HERON LAKE OUTLET","MN00115","24h",2000,0.9995,4.02365315240555
"HERON LAKE OUTLET","MN00115","24h",5000,0.9998,4.62546829619601
"HERON LAKE OUTLET","MN00115","24h",10000,0.9999,5.12281300814489
"HERON LAKE OUTLET","MN00115","72h",2,0.5,0.919145783237751
"HERON LAKE OUTLET","MN00115","72h",5,0.8,1.25259719702547
"HERON LAKE OUTLET","MN00115","72h",10,0.9,1.49210859380606
"HERON LAKE OUTLET","MN00115","72h",25,0.96,1.81789725860896
"HERON LAKE OUTLET","MN00115","72h",50,0.98,2.07749661651228
"HERON LAKE OUTLET","MN00115","72h",100,0.99,2.35132544610518
"HERON LAKE OUTLET","MN00115","72h",200,0.995,2.64115357995679
"HERON LAKE OUTLET","MN00115","72h",500,0.998,3.05128292232844
"HERON LAKE OUTLET","MN00115","72h",1000,0.999,3.38364513756286
"HERON LAKE OUTLET","MN00115","72h",2000,0.9995,3.73648332133309
"HERON LAKE OUTLET","MN00115","72h",5000,0.9998,4.23659056094786
"HERON LAKE OUTLET","MN00115","72h",10000,0.9999,4.64217316727402
"BAYOU COCODRIE DAM","LA00012","24h",2,0.5,0.904093413988082
"BAYOU COCODRIE DAM","LA00012","24h",5,0.8,1.25429483948718
"BAYOU COCODRIE DAM","LA00012","24h",10,0.9,1.51692813288284
"BAYOU COCODRIE DAM","LA00012","24h",25,0.96,1.88849400635828
"BAYOU COCODRIE DAM","LA00012","24h",50,0.98,2.19601379882898
"BAYOU COCODRIE DAM","LA00012","24h",100,0.99,2.53104648609238
"BAYOU COCODRIE DAM","LA00012","24h",200,0.995,2.89723965637273
"BAYOU COCODRIE DAM","LA00012","24h",500,0.998,3.4351601857193
"BAYOU COCODRIE DAM","LA00012","24h",1000,0.999,3.8875204553712
"BAYOU COCODRIE DAM","LA00012","24h",2000,0.9995,4.38336126077924
"BAYOU COCODRIE DAM","LA00012","24h",5000,0.9998,5.11285449229719
"BAYOU COCODRIE DAM","LA00012","24h",10000,0.9999,5.72675110804858
"BAYOU COCODRIE DAM","LA00012","72h",2,0.5,0.918463748499535
"BAYOU COCODRIE DAM","LA00012","72h",5,0.8,1.26599242331864
"BAYOU COCODRIE DAM","LA00012","72h",10,0.9,1.51286945093122
"BAYOU COCODRIE DAM","LA00012","72h",25,0.96,1.8453185950498
"BAYOU COCODRIE DAM","LA00012","72h",50,0.98,2.10766413783911
"BAYOU COCODRIE DAM","LA00012","72h",100,0.99,2.3821102168121
"BAYOU COCODRIE DAM","LA00012","72h",200,0.995,2.67021196813356
"BAYOU COCODRIE DAM","LA00012","72h",500,0.998,3.07402319280094
"BAYOU COCODRIE DAM","LA00012","72h",1000,0.999,3.39817719177373
"BAYOU COCODRIE DAM","LA00012","72h",2000,0.9995,3.73949598801013
"BAYOU COCODRIE DAM","LA00012","72h",5000,0.9998,4.21868760464689
"BAYOU COCODRIE DAM","LA00012","72h",10000,0.9999,4.60364453936662
"LINDY CLAIBORNE BOGGS","LA00584","24h",2,0.5,0.905234208644956
"LINDY CLAIBORNE BOGGS","LA00584","24h",5,0.8,1.26528946455603
"LINDY CLAIBORNE BOGGS","LA00584","24h",10,0.9,1.52623937996386
"LINDY CLAIBORNE BOGGS","LA00584","24h",25,0.96,1.87864852382148
"LINDY CLAIBORNE BOGGS","LA00584","24h",50,0.98,2.15641564565589
"LINDY CLAIBORNE BOGGS","LA00584","24h",100,0.99,2.4464578813835
"LINDY CLAIBORNE BOGGS","LA00584","24h",200,0.995,2.75037308546958
"LINDY CLAIBORNE BOGGS","LA00584","24h",500,0.998,3.17550902881252
"LINDY CLAIBORNE BOGGS","LA00584","24h",1000,0.999,3.5161273539474
"LINDY CLAIBORNE BOGGS","LA00584","24h",2000,0.9995,3.87414495153755
"LINDY CLAIBORNE BOGGS","LA00584","24h",5000,0.9998,4.37557399376292
"LINDY CLAIBORNE BOGGS","LA00584","24h",10000,0.9999,4.77724508677149
"LINDY CLAIBORNE BOGGS","LA00584","72h",2,0.5,0.915339414046399
"LINDY CLAIBORNE BOGGS","LA00584","72h",5,0.8,1.27275360516961
"LINDY CLAIBORNE BOGGS","LA00584","72h",10,0.9,1.52276388587978
"LINDY CLAIBORNE BOGGS","LA00584","72h",25,0.96,1.85171107787801
"LINDY CLAIBORNE BOGGS","LA00584","72h",50,0.98,2.10539658610211
"LINDY CLAIBORNE BOGGS","LA00584","72h",100,0.99,2.36597682940109
"LINDY CLAIBORNE BOGGS","LA00584","72h",200,0.995,2.63498054000099
"LINDY CLAIBORNE BOGGS","LA00584","72h",500,0.998,3.00536094134164
"LINDY CLAIBORNE BOGGS","LA00584","72h",1000,0.999,3.29780583811073
"LINDY CLAIBORNE BOGGS","LA00584","72h",2000,0.9995,3.60158771861397
"LINDY CLAIBORNE BOGGS","LA00584","72h",5000,0.9998,4.02159348400395
"LINDY CLAIBORNE BOGGS","LA00584","72h",10000,0.9999,4.3539645762255
"VERNON LAKE DAM","LA00022","24h",2,0.5,0.908489106022841
"VERNON LAKE DAM","LA00022","24h",5,0.8,1.25706187416473
"VERNON LAKE DAM","LA00022","24h",10,0.9,1.50946224383205
"VERNON LAKE DAM","LA00022","24h",25,0.96,1.85009910305193
"VERNON LAKE DAM","LA00022","24h",50,0.98,2.11843852791137
"VERNON LAKE DAM","LA00022","24h",100,0.99,2.39851925674181
"VERNON LAKE DAM","LA00022","24h",200,0.995,2.69188510381046
"VERNON LAKE DAM","LA00022","24h",500,0.998,3.10209823467263
"VERNON LAKE DAM","LA00022","24h",1000,0.999,3.43063823446373
"VERNON LAKE DAM","LA00022","24h",2000,0.9995,3.7758569057116
"VERNON LAKE DAM","LA00022","24h",5000,0.9998,4.25920103411893
"VERNON LAKE DAM","LA00022","24h",10000,0.9999,4.64626504482494
"VERNON LAKE DAM","LA00022","72h",2,0.5,0.916216961522574
"VERNON LAKE DAM","LA00022","72h",5,0.8,1.26855765754597
"VERNON LAKE DAM","LA00022","72h",10,0.9,1.51532378326131
"VERNON LAKE DAM","LA00022","72h",25,0.96,1.84029698553751
"VERNON LAKE DAM","LA00022","72h",50,0.98,2.09110789549685
"VERNON LAKE DAM","LA00022","72h",100,0.99,2.34888266686774
"VERNON LAKE DAM","LA00022","72h",200,0.995,2.61512823378448
"VERNON LAKE DAM","LA00022","72h",500,0.998,2.98191319751947
"VERNON LAKE DAM","LA00022","72h",1000,0.999,3.27166643720367
"VERNON LAKE DAM","LA00022","72h",2000,0.9995,3.5727757176767
"VERNON LAKE DAM","LA00022","72h",5000,0.9998,3.98927345516709
"VERNON LAKE DAM","LA00022","72h",10000,0.9999,4.31900825284183
"EAU PLEINE","WI83010","24h",2,0.5,0.933191921643562
"EAU PLEINE","WI83010","24h",5,0.8,1.23377808717953
"EAU PLEINE","WI83010","24h",10,0.9,1.44358792663957
"EAU PLEINE","WI83010","24h",25,0.96,1.72165145306707
"EAU PLEINE","WI83010","24h",50,0.98,1.93771940877695
"EAU PLEINE","WI83010","24h",100,0.99,2.16080471989461
"EAU PLEINE","WI83010","24h",200,0.995,2.39195181992448
"EAU PLEINE","WI83010","24h",500,0.998,2.71106150392555
"EAU PLEINE","WI83010","24h",1000,0.999,2.96339343578076
"EAU PLEINE","WI83010","24h",2000,0.9995,3.22565659087475
"EAU PLEINE","WI83010","24h",5000,0.9998,3.58833360684653
"EAU PLEINE","WI83010","24h",10000,0.9999,3.87533860714601
"EAU PLEINE","WI83010","72h",2,0.5,0.935150716613953
"EAU PLEINE","WI83010","72h",5,0.8,1.23400826917444
"EAU PLEINE","WI83010","72h",10,0.9,1.44104096960881
"EAU PLEINE","WI83010","72h",25,0.96,1.71355116253698
"EAU PLEINE","WI83010","72h",50,0.98,1.92390389757755
"EAU PLEINE","WI83010","72h",100,0.99,2.13986660381433
"EAU PLEINE","WI83010","72h",200,0.995,2.36238181053359
"EAU PLEINE","WI83010","72h",500,0.998,2.66758238200401
"EAU PLEINE","WI83010","72h",1000,0.999,2.90735861881786
"EAU PLEINE","WI83010","72h",2000,0.9995,3.15518444226695
"EAU PLEINE","WI83010","72h",5000,0.9998,3.49567865877124
"EAU PLEINE","WI83010","72h",10000,0.9999,3.76339252409238
"LONG BRANCH DAM","MO11176","24h",2,0.5,0.922533271013507
"LONG BRANCH DAM","MO11176","24h",5,0.8,1.25827914127294
"LONG BRANCH DAM","MO11176","24h",10,0.9,1.49120628622653
"LONG BRANCH DAM","MO11176","24h",25,0.96,1.7958316512133
"LONG BRANCH DAM","MO11176","24h",50,0.98,2.02957587401974
"LONG BRANCH DAM","MO11176","24h",100,0.99,2.26876069045157
"LONG BRANCH DAM","MO11176","24h",200,0.995,2.51482595882006
"LONG BRANCH DAM","MO11176","24h",500,0.998,2.85238161627202
"LONG BRANCH DAM","MO11176","24h",1000,0.999,3.11800784913218
"LONG BRANCH DAM","MO11176","24h",2000,0.9995,3.39317901801107
"LONG BRANCH DAM","MO11176","24h",5000,0.9998,3.77249109152942
"LONG BRANCH DAM","MO11176","24h",10000,0.9999,4.07181260915848
"LONG BRANCH DAM","MO11176","72h",2,0.5,0.931841655399294
"LONG BRANCH DAM","MO11176","72h",5,0.8,1.25279857863916
"LONG BRANCH DAM","MO11176","72h",10,0.9,1.47007041670578
"LONG BRANCH DAM","MO11176","72h",25,0.96,1.74916665918477
"LONG BRANCH DAM","MO11176","72h",50,0.98,1.9601262125955
"LONG BRANCH DAM","MO11176","72h",100,0.99,2.17356654804191
"LONG BRANCH DAM","MO11176","72h",200,0.995,2.39090319167042
"LONG BRANCH DAM","MO11176","72h",500,0.998,2.68581226417542
"LONG BRANCH DAM","MO11176","72h",1000,0.999,2.91555413808626
"LONG BRANCH DAM","MO11176","72h",2000,0.9995,3.15162714909762
"LONG BRANCH DAM","MO11176","72h",5000,0.9998,3.47416225276191
"LONG BRANCH DAM","MO11176","72h",10000,0.9999,3.72655102030328
"BLEWETT FALLS","NC00494","24h",2,0.5,0.910566646422859
"BLEWETT FALLS","NC00494","24h",5,0.8,1.22794260036192
"BLEWETT FALLS","NC00494","24h",10,0.9,1.46849920164293
"BLEWETT FALLS","NC00494","24h",25,0.96,1.81215006621731
"BLEWETT FALLS","NC00494","24h",50,0.98,2.09923506442831
"BLEWETT FALLS","NC00494","24h",100,0.99,2.41450730012135
"BLEWETT FALLS","NC00494","24h",200,0.995,2.76184426046743
"BLEWETT FALLS","NC00494","24h",500,0.998,3.27679303152509
"BLEWETT FALLS","NC00494","24h",1000,0.999,3.71380115922241
"BLEWETT FALLS","NC00494","24h",2000,0.9995,4.19660737934985
"BLEWETT FALLS","NC00494","24h",5000,0.9998,4.9134900868134
"BLEWETT FALLS","NC00494","24h",10000,0.9999,5.52229321940016
"BLEWETT FALLS","NC00494","72h",2,0.5,0.921474543737799
"BLEWETT FALLS","NC00494","72h",5,0.8,1.20549234372673
"BLEWETT FALLS","NC00494","72h",10,0.9,1.42550060357986
"BLEWETT FALLS","NC00494","72h",25,0.96,1.76133420370154
"BLEWETT FALLS","NC00494","72h",50,0.98,2.06527154275165
"BLEWETT FALLS","NC00494","72h",100,0.99,2.42501840126653
"BLEWETT FALLS","NC00494","72h",200,0.995,2.85316198901255
"BLEWETT FALLS","NC00494","72h",500,0.998,3.54886117507387
"BLEWETT FALLS","NC00494","72h",1000,0.999,4.19549827326081
"BLEWETT FALLS","NC00494","72h",2000,0.9995,4.96879778656657
"BLEWETT FALLS","NC00494","72h",5000,0.9998,6.2286608213554
"BLEWETT FALLS","NC00494","72h",10000,0.9999,7.40107732722715
"CLAIBORNE LOCK AND DAM","AL01436","24h",2,0.5,0.916976629767598
"CLAIBORNE LOCK AND DAM","AL01436","24h",5,0.8,1.24517987367159
"CLAIBORNE LOCK AND DAM","AL01436","24h",10,0.9,1.48438990707265
"CLAIBORNE LOCK AND DAM","AL01436","24h",25,0.96,1.81412178886622
"CLAIBORNE LOCK AND DAM","AL01436","24h",50,0.98,2.08025653167817
"CLAIBORNE LOCK AND DAM","AL01436","24h",100,0.99,2.36406450480814
"CLAIBORNE LOCK AND DAM","AL01436","24h",200,0.995,2.66773835798951
"CLAIBORNE LOCK AND DAM","AL01436","24h",500,0.998,3.10292171159791
"CLAIBORNE LOCK AND DAM","AL01436","24h",1000,0.999,3.46003205636554
"CLAIBORNE LOCK AND DAM","AL01436","24h",2000,0.9995,3.8432667710984
"CLAIBORNE LOCK AND DAM","AL01436","24h",5000,0.9998,4.39334537441468
"CLAIBORNE LOCK AND DAM","AL01436","24h",10000,0.9999,4.84507052430715
"CLAIBORNE LOCK AND DAM","AL01436","72h",2,0.5,0.909533235051126
"CLAIBORNE LOCK AND DAM","AL01436","72h",5,0.8,1.24098485442121
"CLAIBORNE LOCK AND DAM","AL01436","72h",10,0.9,1.48924871611129
"CLAIBORNE LOCK AND DAM","AL01436","72h",25,0.96,1.84008760948642
"CLAIBORNE LOCK AND DAM","AL01436","72h",50,0.98,2.13013664619116
"CLAIBORNE LOCK AND DAM","AL01436","72h",100,0.99,2.44584168638044
"CLAIBORNE LOCK AND DAM","AL01436","72h",200,0.995,2.79059048622642
"CLAIBORNE LOCK AND DAM","AL01436","72h",500,0.998,3.29646549956431
"CLAIBORNE LOCK AND DAM","AL01436","72h",1000,0.999,3.72142476300932
"CLAIBORNE LOCK AND DAM","AL01436","72h",2000,0.9995,4.18680211807488
"CLAIBORNE LOCK AND DAM","AL01436","72h",5000,0.9998,4.87074191594772
"CLAIBORNE LOCK AND DAM","AL01436","72h",10000,0.9999,5.44569193589125
"NEW CROTON RESERVOIR DAM","NY00046","24h",2,0.5,0.917803942827724
"NEW CROTON RESERVOIR DAM","NY00046","24h",5,0.8,1.2180050616614
"NEW CROTON RESERVOIR DAM","NY00046","24h",10,0.9,1.4499088745871
"NEW CROTON RESERVOIR DAM","NY00046","24h",25,0.96,1.80307927266057
"NEW CROTON RESERVOIR DAM","NY00046","24h",50,0.98,2.12201846587659
"NEW CROTON RESERVOIR DAM","NY00046","24h",100,0.99,2.49883431681063
"NEW CROTON RESERVOIR DAM","NY00046","24h",200,0.995,2.94648416464555
"NEW CROTON RESERVOIR DAM","NY00046","24h",500,0.998,3.67235252639527
"NEW CROTON RESERVOIR DAM","NY00046","24h",1000,0.999,4.34564520310483
"NEW CROTON RESERVOIR DAM","NY00046","24h",2000,0.9995,5.14938477342251
"NEW CROTON RESERVOIR DAM","NY00046","24h",5000,0.9998,6.45610417962532
"NEW CROTON RESERVOIR DAM","NY00046","24h",10000,0.9999,7.66963207158537
"NEW CROTON RESERVOIR DAM","NY00046","72h",2,0.5,0.917832660743622
"NEW CROTON RESERVOIR DAM","NY00046","72h",5,0.8,1.22185811230533
"NEW CROTON RESERVOIR DAM","NY00046","72h",10,0.9,1.4558601880775
"NEW CROTON RESERVOIR DAM","NY00046","72h",25,0.96,1.81113231558413
"NEW CROTON RESERVOIR DAM","NY00046","72h",50,0.98,2.13105523106244
"NEW CROTON RESERVOIR DAM","NY00046","72h",100,0.99,2.50812248774432
"NEW CROTON RESERVOIR DAM","NY00046","72h",200,0.995,2.9550031743447
"NEW CROTON RESERVOIR DAM","NY00046","72h",500,0.998,3.67761202908687
"NEW CROTON RESERVOIR DAM","NY00046","72h",1000,0.999,4.34605929161294
"NEW CROTON RESERVOIR DAM","NY00046","72h",2000,0.9995,5.14213068513353
"NEW CROTON RESERVOIR DAM","NY00046","72h",5000,0.9998,6.43280478554908
"NEW CROTON RESERVOIR DAM","NY00046","72h",10000,0.9999,7.62818047399616
"WHITE ROCK DAM","MN00577","24h",2,0.5,0.926784923966781
"WHITE ROCK DAM","MN00577","24h",5,0.8,1.25923247709217
"WHITE ROCK DAM","MN00577","24h",10,0.9,1.49060831602209
"WHITE ROCK DAM","MN00577","24h",25,0.96,1.79644688429737
"WHITE ROCK DAM","MN00577","24h",50,0.98,2.03349188511036
"WHITE ROCK DAM","MN00577","24h",100,0.99,2.27770513749696
"WHITE ROCK DAM","MN00577","24h",200,0.995,2.53019834361117
"WHITE ROCK DAM","MN00577","24h",500,0.998,2.87790611473068
"WHITE ROCK DAM","MN00577","24h",1000,0.999,3.15216805906583
"WHITE ROCK DAM","MN00577","24h",2000,0.9995,3.43661298164938
"WHITE ROCK DAM","MN00577","24h",5000,0.9998,3.82898364878345
"WHITE ROCK DAM","MN00577","24h",10000,0.9999,4.13871565746538
"WHITE ROCK DAM","MN00577","72h",2,0.5,0.946500555706539
"WHITE ROCK DAM","MN00577","72h",5,0.8,1.23022475368364
"WHITE ROCK DAM","MN00577","72h",10,0.9,1.43071372358958
"WHITE ROCK DAM","MN00577","72h",25,0.96,1.71408048016195
"WHITE ROCK DAM","MN00577","72h",50,0.98,1.95280044006549
"WHITE ROCK DAM","MN00577","72h",100,0.99,2.21877228252764
"WHITE ROCK DAM","MN00577","72h",200,0.995,2.51692987689539
"WHITE ROCK DAM","MN00577","72h",500,0.998,2.96883480119201
"WHITE ROCK DAM","MN00577","72h",1000,0.999,3.3611283962388
"WHITE ROCK DAM","MN00577","72h",2000,0.9995,3.8032743066675
"WHITE ROCK DAM","MN00577","72h",5000,0.9998,4.47538971753686
"WHITE ROCK DAM","MN00577","72h",10000,0.9999,5.05963061584773
"MARTIN PLANT COOLING WATER RESERVOIR","FL00723","24h",2,0.5,0.899016038345143
"MARTIN PLANT COOLING WATER RESERVOIR","FL00723","24h",5,0.8,1.25882059728134
"MARTIN PLANT COOLING WATER RESERVOIR","FL00723","24h",10,0.9,1.53112702949056
"MARTIN PLANT COOLING WATER RESERVOIR","FL00723","24h",25,0.96,1.91960100385454
"MARTIN PLANT COOLING WATER RESERVOIR","FL00723","24h",50,0.98,2.24370281350502
"MARTIN PLANT COOLING WATER RESERVOIR","FL00723","24h",100,0.99,2.59922536275114
"MARTIN PLANT COOLING WATER RESERVOIR","FL00723","24h",200,0.995,2.99046744795022
"MARTIN PLANT COOLING WATER RESERVOIR","FL00723","24h",500,0.998,3.5697520826706
"MARTIN PLANT COOLING WATER RESERVOIR","FL00723","24h",1000,0.999,4.06072509960533
"MARTIN PLANT COOLING WATER RESERVOIR","FL00723","24h",2000,0.9995,4.6025468889086
"MARTIN PLANT COOLING WATER RESERVOIR","FL00723","24h",5000,0.9998,5.40601082978193
"MARTIN PLANT COOLING WATER RESERVOIR","FL00723","24h",10000,0.9999,6.08746382806392
"MARTIN PLANT COOLING WATER RESERVOIR","FL00723","72h",2,0.5,0.918427508485268
"MARTIN PLANT COOLING WATER RESERVOIR","FL00723","72h",5,0.8,1.26091479907587
"MARTIN PLANT COOLING WATER RESERVOIR","FL00723","72h",10,0.9,1.50543516563113
"MARTIN PLANT COOLING WATER RESERVOIR","FL00723","72h",25,0.96,1.83621613958034
"MARTIN PLANT COOLING WATER RESERVOIR","FL00723","72h",50,0.98,2.09839888313037
"MARTIN PLANT COOLING WATER RESERVOIR","FL00723","72h",100,0.99,2.37370620691069
"MARTIN PLANT COOLING WATER RESERVOIR","FL00723","72h",200,0.995,2.66379303150311
"MARTIN PLANT COOLING WATER RESERVOIR","FL00723","72h",500,0.998,3.07215260421202
"MARTIN PLANT COOLING WATER RESERVOIR","FL00723","72h",1000,0.999,3.40137154779718
"MARTIN PLANT COOLING WATER RESERVOIR","FL00723","72h",2000,0.9995,3.74931375581282
"MARTIN PLANT COOLING WATER RESERVOIR","FL00723","72h",5000,0.9998,4.23992123950586
"MARTIN PLANT COOLING WATER RESERVOIR","FL00723","72h",10000,0.9999,4.63574705236084
"DANFORTH","ME00178","24h",2,0.5,0.939911403949633
"DANFORTH","ME00178","24h",5,0.8,1.22324276488516
"DANFORTH","ME00178","24h",10,0.9,1.41813545939796
"DANFORTH","ME00178","24h",25,0.96,1.67302728717687
"DANFORTH","ME00178","24h",50,0.98,1.86856195508943
"DANFORTH","ME00178","24h",100,0.99,2.06825411226882
"DANFORTH","ME00178","24h",200,0.995,2.27292742000323
"DANFORTH","ME00178","24h",500,0.998,2.55195198309314
"DANFORTH","ME00178","24h",1000,0.999,2.76983873241223
"DANFORTH","ME00178","24h",2000,0.9995,2.99386638937386
"DANFORTH","ME00178","24h",5000,0.9998,3.29979938253702
"DANFORTH","ME00178","24h",10000,0.9999,3.53888748057193
"DANFORTH","ME00178","72h",2,0.5,0.944822934727266
"DANFORTH","ME00178","72h",5,0.8,1.23041757380493
"DANFORTH","ME00178","72h",10,0.9,1.42154470103339
"DANFORTH","ME00178","72h",25,0.96,1.66538193434026
"DANFORTH","ME00178","72h",50,0.98,1.84798320643484
"DANFORTH","ME00178","72h",100,0.99,2.03068861963154
"DANFORTH","ME00178","72h",200,0.995,2.21417802306501
"DANFORTH","ME00178","72h",500,0.998,2.45849234036099
"DANFORTH","ME00178","72h",1000,0.999,2.64484112101269
"DANFORTH","ME00178","72h",2000,0.9995,2.83259977692127
"DANFORTH","ME00178","72h",5000,0.9998,3.08304011943303
"DANFORTH","ME00178","72h",10000,0.9999,3.27421753301492
"TWIN LAKES","WI00808","24h",2,0.5,0.919129071406792
"TWIN LAKES","WI00808","24h",5,0.8,1.22913202224204
"TWIN LAKES","WI00808","24h",10,0.9,1.45755127144035
"TWIN LAKES","WI00808","24h",25,0.96,1.77554924450881
"TWIN LAKES","WI00808","24h",50,0.98,2.03468209447469
"TWIN LAKES","WI00808","24h",100,0.99,2.31328719478845
"TWIN LAKES","WI00808","24h",200,0.995,2.61382287467055
"TWIN LAKES","WI00808","24h",500,0.998,3.04859008319382
"TWIN LAKES","WI00808","24h",1000,0.999,3.40870816056482
"TWIN LAKES","WI00808","24h",2000,0.9995,3.79830406563658
"TWIN LAKES","WI00808","24h",5000,0.9998,4.36280028567367
"TWIN LAKES","WI00808","24h",10000,0.9999,4.83071215627101
"TWIN LAKES","WI00808","72h",2,0.5,0.930704805696734
"TWIN LAKES","WI00808","72h",5,0.8,1.22640205176864
"TWIN LAKES","WI00808","72h",10,0.9,1.43637830593931
"TWIN LAKES","WI00808","72h",25,0.96,1.71903738062351
"TWIN LAKES","WI00808","72h",50,0.98,1.94201672109216
"TWIN LAKES","WI00808","72h",100,0.99,2.17521375972847
"TWIN LAKES","WI00808","72h",200,0.995,2.41994400699494
"TWIN LAKES","WI00808","72h",500,0.998,2.76285066008587
"TWIN LAKES","WI00808","72h",1000,0.999,3.03802355993595
"TWIN LAKES","WI00808","72h",2000,0.9995,3.32768510130706
"TWIN LAKES","WI00808","72h",5000,0.9998,3.73421822730411
"TWIN LAKES","WI00808","72h",10000,0.9999,4.06069762950272
"MISSISSIPPI RIVER DAM 12","IA00004","24h",2,0.5,0.923936963350537
"MISSISSIPPI RIVER DAM 12","IA00004","24h",5,0.8,1.24307213635752
"MISSISSIPPI RIVER DAM 12","IA00004","24h",10,0.9,1.47097290056154
"MISSISSIPPI RIVER DAM 12","IA00004","24h",25,0.96,1.77933615368634
"MISSISSIPPI RIVER DAM 12","IA00004","24h",50,0.98,2.02379992109999
"MISSISSIPPI RIVER DAM 12","IA00004","24h",100,0.99,2.28054571560372
"MISSISSIPPI RIVER DAM 12","IA00004","24h",200,0.995,2.55112113643696
"MISSISSIPPI RIVER DAM 12","IA00004","24h",500,0.998,2.93209035093741
"MISSISSIPPI RIVER DAM 12","IA00004","24h",1000,0.999,3.23928817610636
"MISSISSIPPI RIVER DAM 12","IA00004","24h",2000,0.9995,3.56401251071971
"MISSISSIPPI RIVER DAM 12","IA00004","24h",5000,0.9998,4.02197351450451
"MISSISSIPPI RIVER DAM 12","IA00004","24h",10000,0.9999,4.39153314550818
"MISSISSIPPI RIVER DAM 12","IA00004","72h",2,0.5,0.932361417341187
"MISSISSIPPI RIVER DAM 12","IA00004","72h",5,0.8,1.24705744031298
"MISSISSIPPI RIVER DAM 12","IA00004","72h",10,0.9,1.46441760397455
"MISSISSIPPI RIVER DAM 12","IA00004","72h",25,0.96,1.74975518214379
"MISSISSIPPI RIVER DAM 12","IA00004","72h",50,0.98,1.9694378148703
"MISSISSIPPI RIVER DAM 12","IA00004","72h",100,0.99,2.19448143050179
"MISSISSIPPI RIVER DAM 12","IA00004","72h",200,0.995,2.42584410010148
"MISSISSIPPI RIVER DAM 12","IA00004","72h",500,0.998,2.74237223526443
"MISSISSIPPI RIVER DAM 12","IA00004","72h",1000,0.999,2.99041793654882
"MISSISSIPPI RIVER DAM 12","IA00004","72h",2000,0.9995,3.24623083368375
"MISSISSIPPI RIVER DAM 12","IA00004","72h",5000,0.9998,3.59680626642297
"MISSISSIPPI RIVER DAM 12","IA00004","72h",10000,0.9999,3.87174910887273
"MURVAUL BAYOU DAM","TX00330","24h",2,0.5,0.914231927480313
"MURVAUL BAYOU DAM","TX00330","24h",5,0.8,1.24276285994012
"MURVAUL BAYOU DAM","TX00330","24h",10,0.9,1.4848984137029
"MURVAUL BAYOU DAM","TX00330","24h",25,0.96,1.82207347648411
"MURVAUL BAYOU DAM","TX00330","24h",50,0.98,2.0968977113645
"MURVAUL BAYOU DAM","TX00330","24h",100,0.99,2.39243216462137
"MURVAUL BAYOU DAM","TX00330","24h",200,0.995,2.71129295664073
"MURVAUL BAYOU DAM","TX00330","24h",500,0.998,3.17267625081935
"MURVAUL BAYOU DAM","TX00330","24h",1000,0.999,3.55492761330927
"MURVAUL BAYOU DAM","TX00330","24h",2000,0.9995,3.96855007111119
"MURVAUL BAYOU DAM","TX00330","24h",5000,0.9998,4.5679967333455
"MURVAUL BAYOU DAM","TX00330","24h",10000,0.9999,5.06499227931753
"MURVAUL BAYOU DAM","TX00330","72h",2,0.5,0.919327515205817
"MURVAUL BAYOU DAM","TX00330","72h",5,0.8,1.22689964851362
"MURVAUL BAYOU DAM","TX00330","72h",10,0.9,1.46168528718001
"MURVAUL BAYOU DAM","TX00330","72h",25,0.96,1.81568012189856
"MURVAUL BAYOU DAM","TX00330","72h",50,0.98,2.13240337241529
"MURVAUL BAYOU DAM","TX00330","72h",100,0.99,2.5036699056289
"MURVAUL BAYOU DAM","TX00330","72h",200,0.995,2.94130935709342
"MURVAUL BAYOU DAM","TX00330","72h",500,0.998,3.64454315343776
"MURVAUL BAYOU DAM","TX00330","72h",1000,0.999,4.29107789698359
"MURVAUL BAYOU DAM","TX00330","72h",2000,0.9995,5.05695143888642
"MURVAUL BAYOU DAM","TX00330","72h",5000,0.9998,6.29092325701484
"MURVAUL BAYOU DAM","TX00330","72h",10000,0.9999,7.42678927859137
"BIG PINE LAKE","MN00212","24h",2,0.5,0.916050386341765
"BIG PINE LAKE","MN00212","24h",5,0.8,1.25865770280373
"BIG PINE LAKE","MN00212","24h",10,0.9,1.50562686135035
"BIG PINE LAKE","MN00212","24h",25,0.96,1.84265361696237
"BIG PINE LAKE","MN00212","24h",50,0.98,2.1120525454165
"BIG PINE LAKE","MN00212","24h",100,0.99,2.39697912243286
"BIG PINE LAKE","MN00212","24h",200,0.995,2.69935664275093
"BIG PINE LAKE","MN00212","24h",500,0.998,3.12856818291596
"BIG PINE LAKE","MN00212","24h",1000,0.999,3.4774620239126
"BIG PINE LAKE","MN00212","24h",2000,0.9995,3.8488319969351
"BIG PINE LAKE","MN00212","24h",5000,0.9998,4.37683080923302
"BIG PINE LAKE","MN00212","24h",10000,0.9999,4.80634623124702
"BIG PINE LAKE","MN00212","72h",2,0.5,0.928461547301196
"BIG PINE LAKE","MN00212","72h",5,0.8,1.22586876220133
"BIG PINE LAKE","MN00212","72h",10,0.9,1.44781075993538
"BIG PINE LAKE","MN00212","72h",25,0.96,1.7761364923372
"BIG PINE LAKE","MN00212","72h",50,0.98,2.06474445620063
"BIG PINE LAKE","MN00212","72h",100,0.99,2.3980382537428
"BIG PINE LAKE","MN00212","72h",200,0.995,2.78515409520672
"BIG PINE LAKE","MN00212","72h",500,0.998,3.39659263950595
"BIG PINE LAKE","MN00212","72h",1000,0.999,3.94933273649487
"BIG PINE LAKE","MN00212","72h",2000,0.9995,4.59458679900305
"BIG PINE LAKE","MN00212","72h",5000,0.9998,5.61656227443246
"BIG PINE LAKE","MN00212","72h",10000,0.9999,6.54158891418873
"MARSH LAKE DAM","MN00579","24h",2,0.5,0.926349185155621
"MARSH LAKE DAM","MN00579","24h",5,0.8,1.23347689632098
"MARSH LAKE DAM","MN00579","24h",10,0.9,1.46249676325795
"MARSH LAKE DAM","MN00579","24h",25,0.96,1.80107469089319
"MARSH LAKE DAM","MN00579","24h",50,0.98,2.09851618031226
"MARSH LAKE DAM","MN00579","24h",100,0.99,2.44183731693752
"MARSH LAKE DAM","MN00579","24h",200,0.995,2.84040006284163
"MARSH LAKE DAM","MN00579","24h",500,0.998,3.46955176210663
"MARSH LAKE DAM","MN00579","24h",1000,0.999,4.03797932667221
"MARSH LAKE DAM","MN00579","24h",2000,0.9995,4.70121739127556
"MARSH LAKE DAM","MN00579","24h",5000,0.9998,5.751066998706
"MARSH LAKE DAM","MN00579","24h",10000,0.9999,6.70078133445385
"MARSH LAKE DAM","MN00579","72h",2,0.5,0.937085407211231
"MARSH LAKE DAM","MN00579","72h",5,0.8,1.2264782909238
"MARSH LAKE DAM","MN00579","72h",10,0.9,1.43726488429762
"MARSH LAKE DAM","MN00579","72h",25,0.96,1.74281883855156
"MARSH LAKE DAM","MN00579","72h",50,0.98,2.00637760808022
"MARSH LAKE DAM","MN00579","72h",100,0.99,2.30592444474355
"MARSH LAKE DAM","MN00579","72h",200,0.995,2.64839379678257
"MARSH LAKE DAM","MN00579","72h",500,0.998,3.1794697234008
"MARSH LAKE DAM","MN00579","72h",1000,0.999,3.65098150706798
"MARSH LAKE DAM","MN00579","72h",2000,0.9995,4.19287189758615
"MARSH LAKE DAM","MN00579","72h",5000,0.9998,5.03558441423701
"MARSH LAKE DAM","MN00579","72h",10000,0.9999,5.78475034113767
"HIGHWAY 75 DAM","MN00581","24h",2,0.5,0.926710218136521
"HIGHWAY 75 DAM","MN00581","24h",5,0.8,1.23419339050678
"HIGHWAY 75 DAM","MN00581","24h",10,0.9,1.46313055449768
"HIGHWAY 75 DAM","MN00581","24h",25,0.96,1.80115574065647
"HIGHWAY 75 DAM","MN00581","24h",50,0.98,2.0977601674787
"HIGHWAY 75 DAM","MN00581","24h",100,0.99,2.43977299097929
"HIGHWAY 75 DAM","MN00581","24h",200,0.995,2.83642440485362
"HIGHWAY 75 DAM","MN00581","24h",500,0.998,3.46183865675344
"HIGHWAY 75 DAM","MN00581","24h",1000,0.999,4.02625171644759
"HIGHWAY 75 DAM","MN00581","24h",2000,0.9995,4.68416089654704
"HIGHWAY 75 DAM","MN00581","24h",5000,0.9998,5.72438256260683
"HIGHWAY 75 DAM","MN00581","24h",10000,0.9999,6.66432744582139
"HIGHWAY 75 DAM","MN00581","72h",2,0.5,0.939446447805954
"HIGHWAY 75 DAM","MN00581","72h",5,0.8,1.22691342953247
"HIGHWAY 75 DAM","MN00581","72h",10,0.9,1.43481625494303
"HIGHWAY 75 DAM","MN00581","72h",25,0.96,1.73440705256882
"HIGHWAY 75 DAM","MN00581","72h",50,0.98,1.99139684747691
"HIGHWAY 75 DAM","MN00581","72h",100,0.99,2.28211840328861
"HIGHWAY 75 DAM","MN00581","72h",200,0.995,2.6129677035524
"HIGHWAY 75 DAM","MN00581","72h",500,0.998,3.12327878415563
"HIGHWAY 75 DAM","MN00581","72h",1000,0.999,3.57397158003216
"HIGHWAY 75 DAM","MN00581","72h",2000,0.9995,4.08957382242864
"HIGHWAY 75 DAM","MN00581","72h",5000,0.9998,4.88713309570943
"HIGHWAY 75 DAM","MN00581","72h",10000,0.9999,5.59243687918486
"POTATO LAKE","MN00186","24h",2,0.5,0.923141496814798
"POTATO LAKE","MN00186","24h",5,0.8,1.25881185077999
"POTATO LAKE","MN00186","24h",10,0.9,1.49536388169978
"POTATO LAKE","MN00186","24h",25,0.96,1.81160272817067
"POTATO LAKE","MN00186","24h",50,0.98,2.05940826422002
"POTATO LAKE","MN00186","24h",100,0.99,2.31709753687553
"POTATO LAKE","MN00186","24h",200,0.995,2.58600414297009
"POTATO LAKE","MN00186","24h",500,0.998,2.9603174627402
"POTATO LAKE","MN00186","24h",1000,0.999,3.2587382290838
"POTATO LAKE","MN00186","24h",2000,0.9995,3.57110635676596
"POTATO LAKE","MN00186","24h",5000,0.9998,4.00664203573893
"POTATO LAKE","MN00186","24h",10000,0.9999,4.35413878174348
"POTATO LAKE","MN00186","72h",2,0.5,0.92583150298192
"POTATO LAKE","MN00186","72h",5,0.8,1.24557895911791
"POTATO LAKE","MN00186","72h",10,0.9,1.47186803336663
"POTATO LAKE","MN00186","72h",25,0.96,1.77555403950886
"POTATO LAKE","MN00186","72h",50,0.98,2.01441144262325
"POTATO LAKE","MN00186","72h",100,0.99,2.26358448682846
"POTATO LAKE","MN00186","72h",200,0.995,2.5244253581423
"POTATO LAKE","MN00186","72h",500,0.998,2.88884243210131
"POTATO LAKE","MN00186","72h",1000,0.999,3.18043179210764
"POTATO LAKE","MN00186","72h",2000,0.9995,3.48660848326156
"POTATO LAKE","MN00186","72h",5000,0.9998,3.91507300242181
"POTATO LAKE","MN00186","72h",10000,0.9999,4.25817189158368
"PRETTYBOY DAM","MD00001","24h",2,0.5,0.908774426564829
"PRETTYBOY DAM","MD00001","24h",5,0.8,1.24785873338546
"PRETTYBOY DAM","MD00001","24h",10,0.9,1.49555490337192
"PRETTYBOY DAM","MD00001","24h",25,0.96,1.83201408926585
"PRETTYBOY DAM","MD00001","24h",50,0.98,2.09849909688833
"PRETTYBOY DAM","MD00001","24h",100,0.99,2.37778087977785
"PRETTYBOY DAM","MD00001","24h",200,0.995,2.67139450280204
"PRETTYBOY DAM","MD00001","24h",500,0.998,3.08357393078605
"PRETTYBOY DAM","MD00001","24h",1000,0.999,3.41488758116087
"PRETTYBOY DAM","MD00001","24h",2000,0.9995,3.76404085173097
"PRETTYBOY DAM","MD00001","24h",5000,0.9998,4.2544651382161
"PRETTYBOY DAM","MD00001","24h",10000,0.9999,4.64838870831686
"PRETTYBOY DAM","MD00001","72h",2,0.5,0.896398068966261
"PRETTYBOY DAM","MD00001","72h",5,0.8,1.24877891760858
"PRETTYBOY DAM","MD00001","72h",10,0.9,1.51501886314559
"PRETTYBOY DAM","MD00001","72h",25,0.96,1.88579277636983
"PRETTYBOY DAM","MD00001","72h",50,0.98,2.18562368724384
"PRETTYBOY DAM","MD00001","72h",100,0.99,2.50482290608147
"PRETTYBOY DAM","MD00001","72h",200,0.995,2.84521609254825
"PRETTYBOY DAM","MD00001","72h",500,0.998,3.33036496688282
"PRETTYBOY DAM","MD00001","72h",1000,0.999,3.72580838037349
"PRETTYBOY DAM","MD00001","72h",2000,0.9995,4.14726402167711
"PRETTYBOY DAM","MD00001","72h",5000,0.9998,4.74660424629028
"PRETTYBOY DAM","MD00001","72h",10000,0.9999,5.23364749197191
"CHAZY LAKE DAM","NY00236","24h",2,0.5,0.942351812011282
"CHAZY LAKE DAM","NY00236","24h",5,0.8,1.22822776935436
"CHAZY LAKE DAM","NY00236","24h",10,0.9,1.42192034332291
"CHAZY LAKE DAM","NY00236","24h",25,0.96,1.6718021981496
"CHAZY LAKE DAM","NY00236","24h",50,0.98,1.8609678259583
"CHAZY LAKE DAM","NY00236","24h",100,0.99,2.05199033718103
"CHAZY LAKE DAM","NY00236","24h",200,0.995,2.24559543988944
"CHAZY LAKE DAM","NY00236","24h",500,0.998,2.50612459631262
"CHAZY LAKE DAM","NY00236","24h",1000,0.999,2.70695233356837
"CHAZY LAKE DAM","NY00236","24h",2000,0.9995,2.91114979969052
"CHAZY LAKE DAM","NY00236","24h",5000,0.9998,3.18641161059284
"CHAZY LAKE DAM","NY00236","24h",10000,0.9999,3.39876678684196
"CHAZY LAKE DAM","NY00236","72h",2,0.5,0.946512858842949
"CHAZY LAKE DAM","NY00236","72h",5,0.8,1.21267073395626
"CHAZY LAKE DAM","NY00236","72h",10,0.9,1.39282121275545
"CHAZY LAKE DAM","NY00236","72h",25,0.96,1.62502013915157
"CHAZY LAKE DAM","NY00236","72h",50,0.98,1.80064355505673
"CHAZY LAKE DAM","NY00236","72h",100,0.99,1.97785731907561
"CHAZY LAKE DAM","NY00236","72h",200,0.995,2.15733242150908
"CHAZY LAKE DAM","NY00236","72h",500,0.998,2.39863759857989
"CHAZY LAKE DAM","NY00236","72h",1000,0.999,2.58448566171326
"CHAZY LAKE DAM","NY00236","72h",2000,0.9995,2.77331122757699
"CHAZY LAKE DAM","NY00236","72h",5000,0.9998,3.02763101361534
"CHAZY LAKE DAM","NY00236","72h",10000,0.9999,3.22366054248073
"MISSISSIPPI RIVER DAM 18","IA00010","24h",2,0.5,0.924405894775886
"MISSISSIPPI RIVER DAM 18","IA00010","24h",5,0.8,1.24952525017408
"MISSISSIPPI RIVER DAM 18","IA00010","24h",10,0.9,1.47561944616582
"MISSISSIPPI RIVER DAM 18","IA00010","24h",25,0.96,1.77182660270392
"MISSISSIPPI RIVER DAM 18","IA00010","24h",50,0.98,1.99944463193157
"MISSISSIPPI RIVER DAM 18","IA00010","24h",100,0.99,2.2326178185624
"MISSISSIPPI RIVER DAM 18","IA00010","24h",200,0.995,2.47273883973497
"MISSISSIPPI RIVER DAM 18","IA00010","24h",500,0.998,2.80249089250375
"MISSISSIPPI RIVER DAM 18","IA00010","24h",1000,0.999,3.06223122061011
"MISSISSIPPI RIVER DAM 18","IA00010","24h",2000,0.9995,3.33151805377119
"MISSISSIPPI RIVER DAM 18","IA00010","24h",5000,0.9998,3.70304096024879
"MISSISSIPPI RIVER DAM 18","IA00010","24h",10000,0.9999,3.996456086992
"MISSISSIPPI RIVER DAM 18","IA00010","72h",2,0.5,0.940545140896301
"MISSISSIPPI RIVER DAM 18","IA00010","72h",5,0.8,1.24863719459333
"MISSISSIPPI RIVER DAM 18","IA00010","72h",10,0.9,1.45191898651414
"MISSISSIPPI RIVER DAM 18","IA00010","72h",25,0.96,1.7082032644422
"MISSISSIPPI RIVER DAM 18","IA00010","72h",50,0.98,1.89890329778467
"MISSISSIPPI RIVER DAM 18","IA00010","72h",100,0.99,2.08958168361062
"MISSISSIPPI RIVER DAM 18","IA00010","72h",200,0.995,2.281672360429
"MISSISSIPPI RIVER DAM 18","IA00010","72h",500,0.998,2.53937608077341
"MISSISSIPPI RIVER DAM 18","IA00010","72h",1000,0.999,2.73803562234947
"MISSISSIPPI RIVER DAM 18","IA00010","72h",2000,0.9995,2.94044881313987
"MISSISSIPPI RIVER DAM 18","IA00010","72h",5000,0.9998,3.21444376154442
"MISSISSIPPI RIVER DAM 18","IA00010","72h",10000,0.9999,3.42697833375477
"CLECO RODEMACHER","LA00519","24h",2,0.5,0.900827029630272
"CLECO RODEMACHER","LA00519","24h",5,0.8,1.26234333268518
"CLECO RODEMACHER","LA00519","24h",10,0.9,1.52831984552708
"CLECO RODEMACHER","LA00519","24h",25,0.96,1.89151984385753
"CLECO RODEMACHER","LA00519","24h",50,0.98,2.18045281569388
"CLECO RODEMACHER","LA00519","24h",100,0.99,2.48426766709307
"CLECO RODEMACHER","LA00519","24h",200,0.995,2.80463726662734
"CLECO RODEMACHER","LA00519","24h",500,0.998,3.2558216647214
"CLECO RODEMACHER","LA00519","24h",1000,0.999,3.61955975585225
"CLECO RODEMACHER","LA00519","24h",2000,0.9995,4.00379774413503
"CLECO RODEMACHER","LA00519","24h",5000,0.9998,4.54491467822052
"CLECO RODEMACHER","LA00519","24h",10000,0.9999,4.98062780548171
"CLECO RODEMACHER","LA00519","72h",2,0.5,0.914148619915227
"CLECO RODEMACHER","LA00519","72h",5,0.8,1.2781343758325
"CLECO RODEMACHER","LA00519","72h",10,0.9,1.53239814978578
"CLECO RODEMACHER","LA00519","72h",25,0.96,1.86661088931665
"CLECO RODEMACHER","LA00519","72h",50,0.98,2.12414386003777
"CLECO RODEMACHER","LA00519","72h",100,0.99,2.38851115965363
"CLECO RODEMACHER","LA00519","72h",200,0.995,2.66126989619582
"CLECO RODEMACHER","LA00519","72h",500,0.998,3.03659449398829
"CLECO RODEMACHER","LA00519","72h",1000,0.999,3.33277883400673
"CLECO RODEMACHER","LA00519","72h",2000,0.9995,3.64030746684724
"CLECO RODEMACHER","LA00519","72h",5000,0.9998,4.06528495678697
"CLECO RODEMACHER","LA00519","72h",10000,0.9999,4.40143477328095
"BLUE RIVER","OR00013","24h",2,0.5,0.94463849823949
"BLUE RIVER","OR00013","24h",5,0.8,1.20948151544075
"BLUE RIVER","OR00013","24h",10,0.9,1.39085681690422
"BLUE RIVER","OR00013","24h",25,0.96,1.62712691888889
"BLUE RIVER","OR00013","24h",50,0.98,1.80767776131919
"BLUE RIVER","OR00013","24h",100,0.99,1.99146328363046
"BLUE RIVER","OR00013","24h",200,0.995,2.1792193091236
"BLUE RIVER","OR00013","24h",500,0.998,2.43421440225963
"BLUE RIVER","OR00013","24h",1000,0.999,2.63258789204186
"BLUE RIVER","OR00013","24h",2000,0.9995,2.83589087986117
"BLUE RIVER","OR00013","24h",5000,0.9998,3.11247601090703
"BLUE RIVER","OR00013","24h",10000,0.9999,3.32781651308113
"BLUE RIVER","OR00013","72h",2,0.5,0.957675602466238
"BLUE RIVER","OR00013","72h",5,0.8,1.20407012059052
"BLUE RIVER","OR00013","72h",10,0.9,1.36383457562699
"BLUE RIVER","OR00013","72h",25,0.96,1.56193740626434
"BLUE RIVER","OR00013","72h",50,0.98,1.70623692470522
"BLUE RIVER","OR00013","72h",100,0.99,1.84726504743137
"BLUE RIVER","OR00013","72h",200,0.995,1.98562644003503
"BLUE RIVER","OR00013","72h",500,0.998,2.16493697328455
"BLUE RIVER","OR00013","72h",1000,0.999,2.2980579096858
"BLUE RIVER","OR00013","72h",2000,0.9995,2.42910251515321
"BLUE RIVER","OR00013","72h",5000,0.9998,2.59924108666572
"BLUE RIVER","OR00013","72h",10000,0.9999,2.7256597388038
"FORT KNOX TAILINGS DAM","AK00212","24h",2,0.5,0.914713981126725
"FORT KNOX TAILINGS DAM","AK00212","24h",5,0.8,1.25124318495868
"FORT KNOX TAILINGS DAM","AK00212","24h",10,0.9,1.50577952746855
"FORT KNOX TAILINGS DAM","AK00212","24h",25,0.96,1.88659603995908
"FORT KNOX TAILINGS DAM","AK00212","24h",50,0.98,2.22487642708107
"FORT KNOX TAILINGS DAM","AK00212","24h",100,0.99,2.61901129209393
"FORT KNOX TAILINGS DAM","AK00212","24h",200,0.995,3.08082427594952
"FORT KNOX TAILINGS DAM","AK00212","24h",500,0.998,3.8177276460034
"FORT KNOX TAILINGS DAM","AK00212","24h",1000,0.999,4.49058833310488
"FORT KNOX TAILINGS DAM","AK00212","24h",2000,0.9995,5.28291812044791
"FORT KNOX TAILINGS DAM","AK00212","24h",5000,0.9998,6.55065373100428
"FORT KNOX TAILINGS DAM","AK00212","24h",10000,0.9999,7.70964318236644
"FORT KNOX TAILINGS DAM","AK00212","72h",2,0.5,0.921206026718225
"FORT KNOX TAILINGS DAM","AK00212","72h",5,0.8,1.26144498919904
"FORT KNOX TAILINGS DAM","AK00212","72h",10,0.9,1.51298149095837
"FORT KNOX TAILINGS DAM","AK00212","72h",25,0.96,1.88217521210437
"FORT KNOX TAILINGS DAM","AK00212","72h",50,0.98,2.20434279791854
"FORT KNOX TAILINGS DAM","AK00212","72h",100,0.99,2.57410274113106
"FORT KNOX TAILINGS DAM","AK00212","72h",200,0.995,3.00095897679763
"FORT KNOX TAILINGS DAM","AK00212","72h",500,0.998,3.67039256036261
"FORT KNOX TAILINGS DAM","AK00212","72h",1000,0.999,4.27135481941755
"FORT KNOX TAILINGS DAM","AK00212","72h",2000,0.9995,4.96867220093246
"FORT KNOX TAILINGS DAM","AK00212","72h",5000,0.9998,6.06532168441202
"FORT KNOX TAILINGS DAM","AK00212","72h",10000,0.9999,7.05105566441421
"LAWTONKA LAKE","OK00450","24h",2,0.5,0.925007091823649
"LAWTONKA LAKE","OK00450","24h",5,0.8,1.25644772723767
"LAWTONKA LAKE","OK00450","24h",10,0.9,1.48912080693746
"LAWTONKA LAKE","OK00450","24h",25,0.96,1.79908854078104
"LAWTONKA LAKE","OK00450","24h",50,0.98,2.04115973118954
"LAWTONKA LAKE","OK00450","24h",100,0.99,2.29216244192297
"LAWTONKA LAKE","OK00450","24h",200,0.995,2.55334272186043
"LAWTONKA LAKE","OK00450","24h",500,0.998,2.91569560771363
"LAWTONKA LAKE","OK00450","24h",1000,0.999,3.20362877436907
"LAWTONKA LAKE","OK00450","24h",2000,0.9995,3.50416184302577
"LAWTONKA LAKE","OK00450","24h",5000,0.9998,3.92180949399446
"LAWTONKA LAKE","OK00450","24h",10000,0.9999,4.25393700327371
"LAWTONKA LAKE","OK00450","72h",2,0.5,0.924602954311089
"LAWTONKA LAKE","OK00450","72h",5,0.8,1.25031052772619
"LAWTONKA LAKE","OK00450","72h",10,0.9,1.48066324409931
"LAWTONKA LAKE","OK00450","72h",25,0.96,1.78961476943675
"LAWTONKA LAKE","OK00450","72h",50,0.98,2.03247070834661
"LAWTONKA LAKE","OK00450","72h",100,0.99,2.28568814078993
"LAWTONKA LAKE","OK00450","72h",200,0.995,2.55063080557331
"LAWTONKA LAKE","OK00450","72h",500,0.998,2.92056455628398
"LAWTONKA LAKE","OK00450","72h",1000,0.999,3.21639816991357
"LAWTONKA LAKE","OK00450","72h",2000,0.9995,3.5268775338318
"LAWTONKA LAKE","OK00450","72h",5000,0.9998,3.96111272898342
"LAWTONKA LAKE","OK00450","72h",10000,0.9999,4.30863316764566
"CEDAR CREEK DAM","TX04380","24h",2,0.5,0.890655929588947
"CEDAR CREEK DAM","TX04380","24h",5,0.8,1.26592887344802
"CEDAR CREEK DAM","TX04380","24h",10,0.9,1.55399519108598
"CEDAR CREEK DAM","TX04380","24h",25,0.96,1.97031465124587
"CEDAR CREEK DAM","TX04380","24h",50,0.98,2.32200484754254
"CEDAR CREEK DAM","TX04380","24h",100,0.99,2.71191838183204
"CEDAR CREEK DAM","TX04380","24h",200,0.995,3.14557287501164
"CEDAR CREEK DAM","TX04380","24h",500,0.998,3.79561507541449
"CEDAR CREEK DAM","TX04380","24h",1000,0.999,4.35330447066201
"CEDAR CREEK DAM","TX04380","24h",2000,0.9995,4.97526968657835
"CEDAR CREEK DAM","TX04380","24h",5000,0.9998,5.90898696060812
"CEDAR CREEK DAM","TX04380","24h",10000,0.9999,6.71059917984241
"CEDAR CREEK DAM","TX04380","72h",2,0.5,0.882165666564007
"CEDAR CREEK DAM","TX04380","72h",5,0.8,1.25047560681884
"CEDAR CREEK DAM","TX04380","72h",10,0.9,1.54863351690599
"CEDAR CREEK DAM","TX04380","72h",25,0.96,2.02101617511522
"CEDAR CREEK DAM","TX04380","72h",50,0.98,2.46353506844638
"CEDAR CREEK DAM","TX04380","72h",100,0.99,3.00282337999376
"CEDAR CREEK DAM","TX04380","72h",200,0.995,3.66344596618305
"CEDAR CREEK DAM","TX04380","72h",500,0.998,4.77366946041059
"CEDAR CREEK DAM","TX04380","72h",1000,0.999,5.84011425357471
"CEDAR CREEK DAM","TX04380","72h",2000,0.9995,7.15245212527738
"CEDAR CREEK DAM","TX04380","72h",5000,0.9998,9.36341727003577
"CEDAR CREEK DAM","TX04380","72h",10000,0.9999,11.489590043768
"SENECAVILLE DAM","OH00013","24h",2,0.5,0.93777825301398
"SENECAVILLE DAM","OH00013","24h",5,0.8,1.20139324766748
"SENECAVILLE DAM","OH00013","24h",10,0.9,1.39719215627393
"SENECAVILLE DAM","OH00013","24h",25,0.96,1.68570080152478
"SENECAVILLE DAM","OH00013","24h",50,0.98,1.93837709535368
"SENECAVILLE DAM","OH00013","24h",100,0.99,2.22927096767712
"SENECAVILLE DAM","OH00013","24h",200,0.995,2.56610348142155
"SENECAVILLE DAM","OH00013","24h",500,0.998,3.09622212950162
"SENECAVILLE DAM","OH00013","24h",1000,0.999,3.57377080781091
"SENECAVILLE DAM","OH00013","24h",2000,0.9995,4.12955469579963
"SENECAVILLE DAM","OH00013","24h",5000,0.9998,5.00669635899084
"SENECAVILLE DAM","OH00013","24h",10000,0.9999,5.7978543560648
"SENECAVILLE DAM","OH00013","72h",2,0.5,0.947658119833573
"SENECAVILLE DAM","OH00013","72h",5,0.8,1.19520003547864
"SENECAVILLE DAM","OH00013","72h",10,0.9,1.37437892299362
"SENECAVILLE DAM","OH00013","72h",25,0.96,1.632759856576
"SENECAVILLE DAM","OH00013","72h",50,0.98,1.85454516156768
"SENECAVILLE DAM","OH00013","72h",100,0.99,2.10558021389893
"SENECAVILLE DAM","OH00013","72h",200,0.995,2.39142152550253
"SENECAVILLE DAM","OH00013","72h",500,0.998,2.83259161649692
"SENECAVILLE DAM","OH00013","72h",1000,0.999,3.22246474752114
"SENECAVILLE DAM","OH00013","72h",2000,0.9995,3.66872976531945
"SENECAVILLE DAM","OH00013","72h",5000,0.9998,4.35947211240604
"SENECAVILLE DAM","OH00013","72h",10000,0.9999,4.97069605909641
"MISSISSIPPI RIVER DAM 16","IA00008","24h",2,0.5,0.923641425868404
"MISSISSIPPI RIVER DAM 16","IA00008","24h",5,0.8,1.24754209906281
"MISSISSIPPI RIVER DAM 16","IA00008","24h",10,0.9,1.47376850044021
"MISSISSIPPI RIVER DAM 16","IA00008","24h",25,0.96,1.77109350846533
"MISSISSIPPI RIVER DAM 16","IA00008","24h",50,0.98,2.00017981835453
"MISSISSIPPI RIVER DAM 16","IA00008","24h",100,0.99,2.23532835984639
"MISSISSIPPI RIVER DAM 16","IA00008","24h",200,0.995,2.47792479696736
"MISSISSIPPI RIVER DAM 16","IA00008","24h",500,0.998,2.81172158401696
"MISSISSIPPI RIVER DAM 16","IA00008","24h",1000,0.999,3.07511746575299
"MISSISSIPPI RIVER DAM 16","IA00008","24h",2000,0.9995,3.34858745464129
"MISSISSIPPI RIVER DAM 16","IA00008","24h",5000,0.9998,3.72647718009006
"MISSISSIPPI RIVER DAM 16","IA00008","24h",10000,0.9999,4.02536518026935
"MISSISSIPPI RIVER DAM 16","IA00008","72h",2,0.5,0.937877161255412
"MISSISSIPPI RIVER DAM 16","IA00008","72h",5,0.8,1.24489832006446
"MISSISSIPPI RIVER DAM 16","IA00008","72h",10,0.9,1.44999212427141
"MISSISSIPPI RIVER DAM 16","IA00008","72h",25,0.96,1.71090068086792
"MISSISSIPPI RIVER DAM 16","IA00008","72h",50,0.98,1.90651454285827
"MISSISSIPPI RIVER DAM 16","IA00008","72h",100,0.99,2.10322094059634
"MISSISSIPPI RIVER DAM 16","IA00008","72h",200,0.995,2.30240875720787
"MISSISSIPPI RIVER DAM 16","IA00008","72h",500,0.998,2.57110124127971
"MISSISSIPPI RIVER DAM 16","IA00008","72h",1000,0.999,2.77928241410013
"MISSISSIPPI RIVER DAM 16","IA00008","72h",2000,0.9995,2.99226345193374
"MISSISSIPPI RIVER DAM 16","IA00008","72h",5000,0.9998,3.28185316507656
"MISSISSIPPI RIVER DAM 16","IA00008","72h",10000,0.9999,3.50743424005567
"CHARLES MILL DAM","OH00020","24h",2,0.5,0.929674698923784
"CHARLES MILL DAM","OH00020","24h",5,0.8,1.19983211881387
"CHARLES MILL DAM","OH00020","24h",10,0.9,1.40563494217826
"CHARLES MILL DAM","OH00020","24h",25,0.96,1.71539711111923
"CHARLES MILL DAM","OH00020","24h",50,0.98,1.99210154125377
"CHARLES MILL DAM","OH00020","24h",100,0.99,2.31601905018617
"CHARLES MILL DAM","OH00020","24h",200,0.995,2.69733403702098
"CHARLES MILL DAM","OH00020","24h",500,0.998,3.30910686585013
"CHARLES MILL DAM","OH00020","24h",1000,0.999,3.87069663588138
"CHARLES MILL DAM","OH00020","24h",2000,0.9995,4.53506469368986
"CHARLES MILL DAM","OH00020","24h",5000,0.9998,5.60383146518377
"CHARLES MILL DAM","OH00020","24h",10000,0.9999,6.58612913777826
"CHARLES MILL DAM","OH00020","72h",2,0.5,0.931033877087633
"CHARLES MILL DAM","OH00020","72h",5,0.8,1.2106531705306
"CHARLES MILL DAM","OH00020","72h",10,0.9,1.41267115752986
"CHARLES MILL DAM","OH00020","72h",25,0.96,1.68891990479646
"CHARLES MILL DAM","OH00020","72h",50,0.98,1.91017332590138
"CHARLES MILL DAM","OH00020","72h",100,0.99,2.14457358044257
"CHARLES MILL DAM","OH00020","72h",200,0.995,2.39374693501273
"CHARLES MILL DAM","OH00020","72h",500,0.998,2.74812585746401
"CHARLES MILL DAM","OH00020","72h",1000,0.999,3.03674650868195
"CHARLES MILL DAM","OH00020","72h",2000,0.9995,3.34447260602742
"CHARLES MILL DAM","OH00020","72h",5000,0.9998,3.78283470821088
"CHARLES MILL DAM","OH00020","72h",10000,0.9999,4.1401202953125
"WATERBURY","VT00027","24h",2,0.5,0.936816855485702
"WATERBURY","VT00027","24h",5,0.8,1.20120142123025
"WATERBURY","VT00027","24h",10,0.9,1.39817881616282
"WATERBURY","VT00027","24h",25,0.96,1.68917573549855
"WATERBURY","VT00027","24h",50,0.98,1.94464554885852
"WATERBURY","VT00027","24h",100,0.99,2.23935380817019
"WATERBURY","VT00027","24h",200,0.995,2.58128982591804
"WATERBURY","VT00027","24h",500,0.998,3.1207010685672
"WATERBURY","VT00027","24h",1000,0.999,3.60773764381058
"WATERBURY","VT00027","24h",2000,0.9995,4.1756935367713
"WATERBURY","VT00027","24h",5000,0.9998,5.07413540275729
"WATERBURY","VT00027","24h",10000,0.9999,5.88636407355588
"WATERBURY","VT00027","72h",2,0.5,0.935616290169412
"WATERBURY","VT00027","72h",5,0.8,1.22188123295143
"WATERBURY","VT00027","72h",10,0.9,1.4224530236589
"WATERBURY","VT00027","72h",25,0.96,1.68918770124186
"WATERBURY","VT00027","72h",50,0.98,1.89714289490736
"WATERBURY","VT00027","72h",100,0.99,2.11246006192709
"WATERBURY","VT00027","72h",200,0.995,2.33618667669694
"WATERBURY","VT00027","72h",500,0.998,2.64606144919951
"WATERBURY","VT00027","72h",1000,0.999,2.89188732876572
"WATERBURY","VT00027","72h",2000,0.9995,3.14810450131139
"WATERBURY","VT00027","72h",5000,0.9998,3.50357605677981
"WATERBURY","VT00027","72h",10000,0.9999,3.78579221141405
"SANTA FELICIA","CA00805","24h",2,0.5,0.895618192985594
"SANTA FELICIA","CA00805","24h",5,0.8,1.37388090940102
"SANTA FELICIA","CA00805","24h",10,0.9,1.6899834538356
"SANTA FELICIA","CA00805","24h",25,0.96,2.08032498848525
"SANTA FELICIA","CA00805","24h",50,0.98,2.36272321549672
"SANTA FELICIA","CA00805","24h",100,0.99,2.63751674676128
"SANTA FELICIA","CA00805","24h",200,0.995,2.90654956383472
"SANTA FELICIA","CA00805","24h",500,0.998,3.25538304424656
"SANTA FELICIA","CA00805","24h",1000,0.999,3.51517127467931
"SANTA FELICIA","CA00805","24h",2000,0.9995,3.77208618334639
"SANTA FELICIA","CA00805","24h",5000,0.9998,4.1080306564822
"SANTA FELICIA","CA00805","24h",10000,0.9999,4.35980527217778
"SANTA FELICIA","CA00805","72h",2,0.5,0.882725995386508
"SANTA FELICIA","CA00805","72h",5,0.8,1.41277771576886
"SANTA FELICIA","CA00805","72h",10,0.9,1.76426884351594
"SANTA FELICIA","CA00805","72h",25,0.96,2.19909014225976
"SANTA FELICIA","CA00805","72h",50,0.98,2.51405838653716
"SANTA FELICIA","CA00805","72h",100,0.99,2.82078702539447
"SANTA FELICIA","CA00805","72h",200,0.995,3.12127516029456
"SANTA FELICIA","CA00805","72h",500,0.998,3.51112495639095
"SANTA FELICIA","CA00805","72h",1000,0.999,3.80160195757445
"SANTA FELICIA","CA00805","72h",2000,0.9995,4.08896857809289
"SANTA FELICIA","CA00805","72h",5000,0.9998,4.46486547805364
"SANTA FELICIA","CA00805","72h",10000,0.9999,4.74666963208927
"EUGENE J BURRELL LOCK AND DAM","FL00708","24h",2,0.5,0.894902607589968
"EUGENE J BURRELL LOCK AND DAM","FL00708","24h",5,0.8,1.24228383952899
"EUGENE J BURRELL LOCK AND DAM","FL00708","24h",10,0.9,1.51284372145142
"EUGENE J BURRELL LOCK AND DAM","FL00708","24h",25,0.96,1.90910429783942
"EUGENE J BURRELL LOCK AND DAM","FL00708","24h",50,0.98,2.24815862555299
"EUGENE J BURRELL LOCK AND DAM","FL00708","24h",100,0.99,2.62819299779467
"EUGENE J BURRELL LOCK AND DAM","FL00708","24h",200,0.995,3.05547843382769
"EUGENE J BURRELL LOCK AND DAM","FL00708","24h",500,0.998,3.70413204460685
"EUGENE J BURRELL LOCK AND DAM","FL00708","24h",1000,0.999,4.2676226550809
"EUGENE J BURRELL LOCK AND DAM","FL00708","24h",2000,0.9995,4.90289104063065
"EUGENE J BURRELL LOCK AND DAM","FL00708","24h",5000,0.9998,5.86870036082623
"EUGENE J BURRELL LOCK AND DAM","FL00708","24h",10000,0.9999,6.70827130111214
"EUGENE J BURRELL LOCK AND DAM","FL00708","72h",2,0.5,0.895787404297275
"EUGENE J BURRELL LOCK AND DAM","FL00708","72h",5,0.8,1.21307343714691
"EUGENE J BURRELL LOCK AND DAM","FL00708","72h",10,0.9,1.47210747433129
"EUGENE J BURRELL LOCK AND DAM","FL00708","72h",25,0.96,1.88545533914764
"EUGENE J BURRELL LOCK AND DAM","FL00708","72h",50,0.98,2.27524621095056
"EUGENE J BURRELL LOCK AND DAM","FL00708","72h",100,0.99,2.75295060934003
"EUGENE J BURRELL LOCK AND DAM","FL00708","72h",200,0.995,3.34139290028106
"EUGENE J BURRELL LOCK AND DAM","FL00708","72h",500,0.998,4.33674500188588
"EUGENE J BURRELL LOCK AND DAM","FL00708","72h",1000,0.999,5.29891288730562
"EUGENE J BURRELL LOCK AND DAM","FL00708","72h",2000,0.9995,6.48946213753456
"EUGENE J BURRELL LOCK AND DAM","FL00708","72h",5000,0.9998,8.50823335132051
"EUGENE J BURRELL LOCK AND DAM","FL00708","72h",10000,0.9999,10.4618710190986
"SCOFIELD","UT10133","24h",2,0.5,0.940332468245514
"SCOFIELD","UT10133","24h",5,0.8,1.22062955881849
"SCOFIELD","UT10133","24h",10,0.9,1.42382190598932
"SCOFIELD","UT10133","24h",25,0.96,1.7171980157726
"SCOFIELD","UT10133","24h",50,0.98,1.9693161149981
"SCOFIELD","UT10133","24h",100,0.99,2.25496541120309
"SCOFIELD","UT10133","24h",200,0.995,2.58053714727678
"SCOFIELD","UT10133","24h",500,0.998,3.08359677078497
"SCOFIELD","UT10133","24h",1000,0.999,3.52865831510101
"SCOFIELD","UT10133","24h",2000,0.9995,4.038585833575
"SCOFIELD","UT10133","24h",5000,0.9998,4.82875706369202
"SCOFIELD","UT10133","24h",10000,0.9999,5.52874056499392
"SCOFIELD","UT10133","72h",2,0.5,0.940703340150472
"SCOFIELD","UT10133","72h",5,0.8,1.21562754231526
"SCOFIELD","UT10133","72h",10,0.9,1.41551443040028
"SCOFIELD","UT10133","72h",25,0.96,1.70483135870272
"SCOFIELD","UT10133","72h",50,0.98,1.95403395538003
"SCOFIELD","UT10133","72h",100,0.99,2.23692852147855
"SCOFIELD","UT10133","72h",200,0.995,2.55998014637988
"SCOFIELD","UT10133","72h",500,0.998,3.06026135020203
"SCOFIELD","UT10133","72h",1000,0.999,3.50383700804625
"SCOFIELD","UT10133","72h",2000,0.9995,4.0130293388617
"SCOFIELD","UT10133","72h",5000,0.9998,4.80381688570234
"SCOFIELD","UT10133","72h",10000,0.9999,5.5058817619686
"PLEASANT HILL DAM","OH00001","24h",2,0.5,0.928922529184379
"PLEASANT HILL DAM","OH00001","24h",5,0.8,1.20025434524423
"PLEASANT HILL DAM","OH00001","24h",10,0.9,1.40730495986836
"PLEASANT HILL DAM","OH00001","24h",25,0.96,1.71939280647093
"PLEASANT HILL DAM","OH00001","24h",50,0.98,1.99854669903593
"PLEASANT HILL DAM","OH00001","24h",100,0.99,2.32570003764343
"PLEASANT HILL DAM","OH00001","24h",200,0.995,2.71125374995607
"PLEASANT HILL DAM","OH00001","24h",500,0.998,3.33063067831206
"PLEASANT HILL DAM","OH00001","24h",1000,0.999,3.8999243304998
"PLEASANT HILL DAM","OH00001","24h",2000,0.9995,4.57415008902164
"PLEASANT HILL DAM","OH00001","24h",5000,0.9998,5.66017773214556
"PLEASANT HILL DAM","OH00001","24h",10000,0.9999,6.65960724513529
"PLEASANT HILL DAM","OH00001","72h",2,0.5,0.930862132029557
"PLEASANT HILL DAM","OH00001","72h",5,0.8,1.21120142682415
"PLEASANT HILL DAM","OH00001","72h",10,0.9,1.41373371478616
"PLEASANT HILL DAM","OH00001","72h",25,0.96,1.69067842312676
"PLEASANT HILL DAM","OH00001","72h",50,0.98,1.91248359436012
"PLEASANT HILL DAM","OH00001","72h",100,0.99,2.1474632765404
"PLEASANT HILL DAM","OH00001","72h",200,0.995,2.39724717785621
"PLEASANT HILL DAM","OH00001","72h",500,0.998,2.75248551155966
"PLEASANT HILL DAM","OH00001","72h",1000,0.999,3.04179889713908
"PLEASANT HILL DAM","OH00001","72h",2000,0.9995,3.35025694961827
"PLEASANT HILL DAM","OH00001","72h",5000,0.9998,3.78965072884359
"PLEASANT HILL DAM","OH00001","72h",10000,0.9999,4.14776827202518
"DELTA DAM","NY00006","24h",2,0.5,0.940545085486622
"DELTA DAM","NY00006","24h",5,0.8,1.22493125327874
"DELTA DAM","NY00006","24h",10,0.9,1.4196986387122
"DELTA DAM","NY00006","24h",25,0.96,1.67342364581906
"DELTA DAM","NY00006","24h",50,0.98,1.86732013456115
"DELTA DAM","NY00006","24h",100,0.99,2.06469654796557
"DELTA DAM","NY00006","24h",200,0.995,2.26634332994665
"DELTA DAM","NY00006","24h",500,0.998,2.5402135638104
"DELTA DAM","NY00006","24h",1000,0.999,2.75327859533204
"DELTA DAM","NY00006","24h",2000,0.9995,2.97164493624966
"DELTA DAM","NY00006","24h",5000,0.9998,3.26873376856235
"DELTA DAM","NY00006","24h",10000,0.9999,3.50004607432233
"DELTA DAM","NY00006","72h",2,0.5,0.942328126694287
"DELTA DAM","NY00006","72h",5,0.8,1.21786196272528
"DELTA DAM","NY00006","72h",10,0.9,1.40363008867609
"DELTA DAM","NY00006","72h",25,0.96,1.64155267614004
"DELTA DAM","NY00006","72h",50,0.98,1.8209445736872
"DELTA DAM","NY00006","72h",100,0.99,2.00210736176635
"DELTA DAM","NY00006","72h",200,0.995,2.18626488417183
"DELTA DAM","NY00006","72h",500,0.998,2.4357029493621
"DELTA DAM","NY00006","72h",1000,0.999,2.62969899705567
"DELTA DAM","NY00006","72h",2000,0.9995,2.82877425710893
"DELTA DAM","NY00006","72h",5000,0.9998,3.10036231054348
"DELTA DAM","NY00006","72h",10000,0.9999,3.31258977455521
"CHEESMAN","CO00357","24h",2,0.5,0.931838832684484
"CHEESMAN","CO00357","24h",5,0.8,1.23688832666606
"CHEESMAN","CO00357","24h",10,0.9,1.46049239331065
"CHEESMAN","CO00357","24h",25,0.96,1.78635063031034
"CHEESMAN","CO00357","24h",50,0.98,2.06881597560429
"CHEESMAN","CO00357","24h",100,0.99,2.39119261759544
"CHEESMAN","CO00357","24h",200,0.995,2.76128664914049
"CHEESMAN","CO00357","24h",500,0.998,3.33796091609797
"CHEESMAN","CO00357","24h",1000,0.999,3.85237583031615
"CHEESMAN","CO00357","24h",2000,0.9995,4.44599343315015
"CHEESMAN","CO00357","24h",5000,0.9998,5.3735686677248
"CHEESMAN","CO00357","24h",10000,0.9999,6.20206445657108
"CHEESMAN","CO00357","72h",2,0.5,0.929374734546649
"CHEESMAN","CO00357","72h",5,0.8,1.24281932379609
"CHEESMAN","CO00357","72h",10,0.9,1.47302994767839
"CHEESMAN","CO00357","72h",25,0.96,1.8090692944741
"CHEESMAN","CO00357","72h",50,0.98,2.10080752993057
"CHEESMAN","CO00357","72h",100,0.99,2.43419886531292
"CHEESMAN","CO00357","72h",200,0.995,2.81742869249808
"CHEESMAN","CO00357","72h",500,0.998,3.41546160051257
"CHEESMAN","CO00357","72h",1000,0.999,3.94971072061527
"CHEESMAN","CO00357","72h",2000,0.9995,4.5669991955836
"CHEESMAN","CO00357","72h",5000,0.9998,5.53299440159026
"CHEESMAN","CO00357","72h",10000,0.9999,6.39706753574214
"ROCKY FORK LAKE DAM","OH00302","24h",2,0.5,0.938918018247888
"ROCKY FORK LAKE DAM","OH00302","24h",5,0.8,1.22104271453213
"ROCKY FORK LAKE DAM","OH00302","24h",10,0.9,1.41634790276285
"ROCKY FORK LAKE DAM","OH00302","24h",25,0.96,1.67325966545352
"ROCKY FORK LAKE DAM","OH00302","24h",50,0.98,1.87145084146022
"ROCKY FORK LAKE DAM","OH00302","24h",100,0.99,2.07482207171277
"ROCKY FORK LAKE DAM","OH00302","24h",200,0.995,2.28425564106811
"ROCKY FORK LAKE DAM","OH00302","24h",500,0.998,2.5713416367304
"ROCKY FORK LAKE DAM","OH00302","24h",1000,0.999,2.79675212367326
"ROCKY FORK LAKE DAM","OH00302","24h",2000,0.9995,3.02961028976155
"ROCKY FORK LAKE DAM","OH00302","24h",5000,0.9998,3.34934906174704
"ROCKY FORK LAKE DAM","OH00302","24h",10000,0.9999,3.60059440884658
"ROCKY FORK LAKE DAM","OH00302","72h",2,0.5,0.95179242095995
"ROCKY FORK LAKE DAM","OH00302","72h",5,0.8,1.21856398882539
"ROCKY FORK LAKE DAM","OH00302","72h",10,0.9,1.39384325462064
"ROCKY FORK LAKE DAM","OH00302","72h",25,0.96,1.6137865399183
"ROCKY FORK LAKE DAM","OH00302","72h",50,0.98,1.7758619212535
"ROCKY FORK LAKE DAM","OH00302","72h",100,0.99,1.93582725337599
"ROCKY FORK LAKE DAM","OH00302","72h",200,0.995,2.09430907228347
"ROCKY FORK LAKE DAM","OH00302","72h",500,0.998,2.30203014427803
"ROCKY FORK LAKE DAM","OH00302","72h",1000,0.999,2.45799643329852
"ROCKY FORK LAKE DAM","OH00302","72h",2000,0.9995,2.61303047926332
"ROCKY FORK LAKE DAM","OH00302","72h",5000,0.9998,2.81659867079321
"ROCKY FORK LAKE DAM","OH00302","72h",10000,0.9999,2.96957435468765
"LELAND DAM","MI00510","24h",2,0.5,0.937318162889257
"LELAND DAM","MI00510","24h",5,0.8,1.20904024938823
"LELAND DAM","MI00510","24h",10,0.9,1.40973317700002
"LELAND DAM","MI00510","24h",25,0.96,1.704068274761
"LELAND DAM","MI00510","24h",50,0.98,1.96072340216177
"LELAND DAM","MI00510","24h",100,0.99,2.25511010644328
"LELAND DAM","MI00510","24h",200,0.995,2.59474562622532
"LELAND DAM","MI00510","24h",500,0.998,3.12701133744569
"LELAND DAM","MI00510","24h",1000,0.999,3.60450036322472
"LELAND DAM","MI00510","24h",2000,0.9995,4.15821039553301
"LELAND DAM","MI00510","24h",5000,0.9998,5.02839346988192
"LELAND DAM","MI00510","24h",10000,0.9999,5.8100183688032
"LELAND DAM","MI00510","72h",2,0.5,0.936843229018167
"LELAND DAM","MI00510","72h",5,0.8,1.22398365962828
"LELAND DAM","MI00510","72h",10,0.9,1.42374667372787
"LELAND DAM","MI00510","72h",25,0.96,1.68770265946643
"LELAND DAM","MI00510","72h",50,0.98,1.89221391596279
"LELAND DAM","MI00510","72h",100,0.99,2.10284654829128
"LELAND DAM","MI00510","72h",200,0.995,2.32055578296051
"LELAND DAM","MI00510","72h",500,0.998,2.620259145895
"LELAND DAM","MI00510","72h",1000,0.999,2.85657540847214
"LELAND DAM","MI00510","72h",2000,0.9995,3.101593189221
"LELAND DAM","MI00510","72h",5000,0.9998,3.43946063532258
"LELAND DAM","MI00510","72h",10000,0.9999,3.70607706657997
"WHITEHOUSE DAM","TX00245","24h",2,0.5,0.921960354534191
"WHITEHOUSE DAM","TX00245","24h",5,0.8,1.24348372207813
"WHITEHOUSE DAM","TX00245","24h",10,0.9,1.47450565254518
"WHITEHOUSE DAM","TX00245","24h",25,0.96,1.78884351949001
"WHITEHOUSE DAM","TX00245","24h",50,0.98,2.03939300808668
"WHITEHOUSE DAM","TX00245","24h",100,0.99,2.30374286722494
"WHITEHOUSE DAM","TX00245","24h",200,0.995,2.58360868427488
"WHITEHOUSE DAM","TX00245","24h",500,0.998,2.97975644733968
"WHITEHOUSE DAM","TX00245","24h",1000,0.999,3.30088142354935
"WHITEHOUSE DAM","TX00245","24h",2000,0.9995,3.64187554245219
"WHITEHOUSE DAM","TX00245","24h",5000,0.9998,4.12533628981189
"WHITEHOUSE DAM","TX00245","24h",10000,0.9999,4.5175324466067
"WHITEHOUSE DAM","TX00245","72h",2,0.5,0.924918382911927
"WHITEHOUSE DAM","TX00245","72h",5,0.8,1.22974305881752
"WHITEHOUSE DAM","TX00245","72h",10,0.9,1.45859554214371
"WHITEHOUSE DAM","TX00245","72h",25,0.96,1.79886025595529
"WHITEHOUSE DAM","TX00245","72h",50,0.98,2.09937309423031
"WHITEHOUSE DAM","TX00245","72h",100,0.99,2.44779612545521
"WHITEHOUSE DAM","TX00245","72h",200,0.995,2.85407744013707
"WHITEHOUSE DAM","TX00245","72h",500,0.998,3.49872865891497
"WHITEHOUSE DAM","TX00245","72h",1000,0.999,4.08411284283875
"WHITEHOUSE DAM","TX00245","72h",2000,0.9995,4.77013899695656
"WHITEHOUSE DAM","TX00245","72h",5000,0.9998,5.86164901397449
"WHITEHOUSE DAM","TX00245","72h",10000,0.9999,6.85404564938263
"MUD CREEK DAM","TX00244","24h",2,0.5,0.921844432728169
"MUD CREEK DAM","TX00244","24h",5,0.8,1.24231556220136
"MUD CREEK DAM","TX00244","24h",10,0.9,1.47295523862821
"MUD CREEK DAM","TX00244","24h",25,0.96,1.78723623150542
"MUD CREEK DAM","TX00244","24h",50,0.98,2.03809759396546
"MUD CREEK DAM","TX00244","24h",100,0.99,2.30309789847668
"MUD CREEK DAM","TX00244","24h",200,0.995,2.58399113969928
"MUD CREEK DAM","TX00244","24h",500,0.998,2.98215088757402
"MUD CREEK DAM","TX00244","24h",1000,0.999,3.30535599734426
"MUD CREEK DAM","TX00244","24h",2000,0.9995,3.64897139356764
"MUD CREEK DAM","TX00244","24h",5000,0.9998,4.13683036923909
"MUD CREEK DAM","TX00244","24h",10000,0.9999,4.53314466094608
"MUD CREEK DAM","TX00244","72h",2,0.5,0.925568842532498
"MUD CREEK DAM","TX00244","72h",5,0.8,1.22920219625388
"MUD CREEK DAM","TX00244","72h",10,0.9,1.45688068494347
"MUD CREEK DAM","TX00244","72h",25,0.96,1.79505143007472
"MUD CREEK DAM","TX00244","72h",50,0.98,2.09342898912909
"MUD CREEK DAM","TX00244","72h",100,0.99,2.43909659140849
"MUD CREEK DAM","TX00244","72h",200,0.995,2.84184252054315
"MUD CREEK DAM","TX00244","72h",500,0.998,3.48028913016522
"MUD CREEK DAM","TX00244","72h",1000,0.999,4.05950979568933
"MUD CREEK DAM","TX00244","72h",2000,0.9995,4.7377750320376
"MUD CREEK DAM","TX00244","72h",5000,0.9998,5.81593663867246
"MUD CREEK DAM","TX00244","72h",10000,0.9999,6.79530386707446
"ADOBE CREEK","CO00515","24h",2,0.5,0.92401242939636
"ADOBE CREEK","CO00515","24h",5,0.8,1.26054203038775
"ADOBE CREEK","CO00515","24h",10,0.9,1.50783144815286
"ADOBE CREEK","CO00515","24h",25,0.96,1.86895225753285
"ADOBE CREEK","CO00515","24h",50,0.98,2.18258793258473
"ADOBE CREEK","CO00515","24h",100,0.99,2.54112133349126
"ADOBE CREEK","CO00515","24h",200,0.995,2.95338615175585
"ADOBE CREEK","CO00515","24h",500,0.998,3.59697251979876
"ADOBE CREEK","CO00515","24h",1000,0.999,4.17213083391663
"ADOBE CREEK","CO00515","24h",2000,0.9995,4.83690181533521
"ADOBE CREEK","CO00515","24h",5000,0.9998,5.87759547955236
"ADOBE CREEK","CO00515","24h",10000,0.9999,6.80883183420333
"ADOBE CREEK","CO00515","72h",2,0.5,0.925431265529644
"ADOBE CREEK","CO00515","72h",5,0.8,1.28863470845232
"ADOBE CREEK","CO00515","72h",10,0.9,1.5360308223002
"ADOBE CREEK","CO00515","72h",25,0.96,1.85673217202663
"ADOBE CREEK","CO00515","72h",50,0.98,2.10064386376574
"ADOBE CREEK","CO00515","72h",100,0.99,2.34792715632538
"ADOBE CREEK","CO00515","72h",200,0.995,2.59954264876711
"ADOBE CREEK","CO00515","72h",500,0.998,2.93968345266983
"ADOBE CREEK","CO00515","72h",1000,0.999,3.20307475014362
"ADOBE CREEK","CO00515","72h",2000,0.9995,3.47193714835254
"ADOBE CREEK","CO00515","72h",5000,0.9998,3.83602238260413
"ADOBE CREEK","CO00515","72h",10000,0.9999,4.11818084282298
"LOCK AND DAM NO 8","AR00156","24h",2,0.5,0.926095069213363
"LOCK AND DAM NO 8","AR00156","24h",5,0.8,1.23736831644361
"LOCK AND DAM NO 8","AR00156","24h",10,0.9,1.45936899107993
"LOCK AND DAM NO 8","AR00156","24h",25,0.96,1.7593982040938
"LOCK AND DAM NO 8","AR00156","24h",50,0.98,1.99698635944287
"LOCK AND DAM NO 8","AR00156","24h",100,0.99,2.2462712229396
"LOCK AND DAM NO 8","AR00156","24h",200,0.995,2.50873265298068
"LOCK AND DAM NO 8","AR00156","24h",500,0.998,2.87786722952641
"LOCK AND DAM NO 8","AR00156","24h",1000,0.999,3.1751940809975
"LOCK AND DAM NO 8","AR00156","24h",2000,0.9995,3.48918524797237
"LOCK AND DAM NO 8","AR00156","24h",5000,0.9998,3.93151878352275
"LOCK AND DAM NO 8","AR00156","24h",10000,0.9999,4.28807463984887
"LOCK AND DAM NO 8","AR00156","72h",2,0.5,0.923373646753386
"LOCK AND DAM NO 8","AR00156","72h",5,0.8,1.24414117271599
"LOCK AND DAM NO 8","AR00156","72h",10,0.9,1.47338281975485
"LOCK AND DAM NO 8","AR00156","72h",25,0.96,1.78377593475784
"LOCK AND DAM NO 8","AR00156","72h",50,0.98,2.03001422347633
"LOCK AND DAM NO 8","AR00156","72h",100,0.99,2.2887715839962
"LOCK AND DAM NO 8","AR00156","72h",200,0.995,2.56162201477957
"LOCK AND DAM NO 8","AR00156","72h",500,0.998,2.94604812476386
"LOCK AND DAM NO 8","AR00156","72h",1000,0.999,3.25623666450966
"LOCK AND DAM NO 8","AR00156","72h",2000,0.9995,3.5843079138163
"LOCK AND DAM NO 8","AR00156","72h",5000,0.9998,4.04729394611233
"LOCK AND DAM NO 8","AR00156","72h",10000,0.9999,4.42115327063381
"TURKEY CREEK DAM","LA00029","24h",2,0.5,0.916713469291351
"TURKEY CREEK DAM","LA00029","24h",5,0.8,1.24836460969459
"TURKEY CREEK DAM","LA00029","24h",10,0.9,1.48947334775033
"TURKEY CREEK DAM","LA00029","24h",25,0.96,1.82105333307235
"TURKEY CREEK DAM","LA00029","24h",50,0.98,2.0880819847592
"TURKEY CREEK DAM","LA00029","24h",100,0.99,2.37230119990793
"TURKEY CREEK DAM","LA00029","24h",200,0.995,2.67583938414992
"TURKEY CREEK DAM","LA00029","24h",500,0.998,3.10987168982596
"TURKEY CREEK DAM","LA00029","24h",1000,0.999,3.46526103166563
"TURKEY CREEK DAM","LA00029","24h",2000,0.9995,3.84593037061146
"TURKEY CREEK DAM","LA00029","24h",5000,0.9998,4.39112778592764
"TURKEY CREEK DAM","LA00029","24h",10000,0.9999,4.83786953543854
"TURKEY CREEK DAM","LA00029","72h",2,0.5,0.928614728540493
"TURKEY CREEK DAM","LA00029","72h",5,0.8,1.2613810173744
"TURKEY CREEK DAM","LA00029","72h",10,0.9,1.49108579317087
"TURKEY CREEK DAM","LA00029","72h",25,0.96,1.79246647410624
"TURKEY CREEK DAM","LA00029","72h",50,0.98,2.0243798218786
"TURKEY CREEK DAM","LA00029","72h",100,0.99,2.26184734522591
"TURKEY CREEK DAM","LA00029","72h",200,0.995,2.50587518635171
"TURKEY CREEK DAM","LA00029","72h",500,0.998,2.83956000363331
"TURKEY CREEK DAM","LA00029","72h",1000,0.999,3.10091745197858
"TURKEY CREEK DAM","LA00029","72h",2000,0.9995,3.37034072773519
"TURKEY CREEK DAM","LA00029","72h",5000,0.9998,3.73938008715023
"TURKEY CREEK DAM","LA00029","72h",10000,0.9999,4.02865643255194
"LACYGNE LAKE DAM","KS01305","24h",2,0.5,0.919001078159062
"LACYGNE LAKE DAM","KS01305","24h",5,0.8,1.25038591383776
"LACYGNE LAKE DAM","KS01305","24h",10,0.9,1.48906307727401
"LACYGNE LAKE DAM","KS01305","24h",25,0.96,1.81452331711275
"LACYGNE LAKE DAM","KS01305","24h",50,0.98,2.07448315429543
"LACYGNE LAKE DAM","KS01305","24h",100,0.99,2.34925238931537
"LACYGNE LAKE DAM","KS01305","24h",200,0.995,2.64066672080951
"LACYGNE LAKE DAM","KS01305","24h",500,0.998,3.05401379112283
"LACYGNE LAKE DAM","KS01305","24h",1000,0.999,3.38976792031472
"LACYGNE LAKE DAM","KS01305","24h",2000,0.9995,3.74692761103422
"LACYGNE LAKE DAM","KS01305","24h",5000,0.9998,4.25435204426226
"LACYGNE LAKE DAM","KS01305","24h",10000,0.9999,4.66683131392571
"LACYGNE LAKE DAM","KS01305","72h",2,0.5,0.923936321516782
"LACYGNE LAKE DAM","KS01305","72h",5,0.8,1.25190635208935
"LACYGNE LAKE DAM","KS01305","72h",10,0.9,1.48400248010219
"LACYGNE LAKE DAM","KS01305","72h",25,0.96,1.79546689341445
"LACYGNE LAKE DAM","KS01305","72h",50,0.98,2.04043095787873
"LACYGNE LAKE DAM","KS01305","72h",100,0.99,2.29596438924341
"LACYGNE LAKE DAM","KS01305","72h",200,0.995,2.56345306461146
"LACYGNE LAKE DAM","KS01305","72h",500,0.998,2.93714080282766
"LACYGNE LAKE DAM","KS01305","72h",1000,0.999,3.23613468647302
"LACYGNE LAKE DAM","KS01305","72h",2000,0.9995,3.55007416203447
"LACYGNE LAKE DAM","KS01305","72h",5000,0.9998,3.98938213385237
"LACYGNE LAKE DAM","KS01305","72h",10000,0.9999,4.3411482909649
"RITSCHARD","CO02788","24h",2,0.5,0.943020392569201
"RITSCHARD","CO02788","24h",5,0.8,1.2089933833686
"RITSCHARD","CO02788","24h",10,0.9,1.40207728155243
"RITSCHARD","CO02788","24h",25,0.96,1.68119119653015
"RITSCHARD","CO02788","24h",50,0.98,1.92131969011341
"RITSCHARD","CO02788","24h",100,0.99,2.19364004946999
"RITSCHARD","CO02788","24h",200,0.995,2.50430804994643
"RITSCHARD","CO02788","24h",500,0.998,2.98485709585887
"RITSCHARD","CO02788","24h",1000,0.999,3.41045430606701
"RITSCHARD","CO02788","24h",2000,0.9995,3.89852884303872
"RITSCHARD","CO02788","24h",5000,0.9998,4.65564981204195
"RITSCHARD","CO02788","24h",10000,0.9999,5.32706522390847
"RITSCHARD","CO02788","72h",2,0.5,0.945472123149518
"RITSCHARD","CO02788","72h",5,0.8,1.21009019709265
"RITSCHARD","CO02788","72h",10,0.9,1.40054870026003
"RITSCHARD","CO02788","72h",25,0.96,1.67390010979123
"RITSCHARD","CO02788","72h",50,0.98,1.90750363158391
"RITSCHARD","CO02788","72h",100,0.99,2.17093466084762
"RITSCHARD","CO02788","72h",200,0.995,2.4697899689825
"RITSCHARD","CO02788","72h",500,0.998,2.92907889821358
"RITSCHARD","CO02788","72h",1000,0.999,3.33326201840643
"RITSCHARD","CO02788","72h",2000,0.9995,3.79422546265552
"RITSCHARD","CO02788","72h",5000,0.9998,4.50468912450765
"RITSCHARD","CO02788","72h",10000,0.9999,5.13073344327619
"STRUCTURE 164","FL00262","24h",2,0.5,0.891246470906937
"STRUCTURE 164","FL00262","24h",5,0.8,1.2476419845638
"STRUCTURE 164","FL00262","24h",10,0.9,1.52615530034591
"STRUCTURE 164","FL00262","24h",25,0.96,1.93532114020939
"STRUCTURE 164","FL00262","24h",50,0.98,2.28645286772677
"STRUCTURE 164","FL00262","24h",100,0.99,2.68101875457771
"STRUCTURE 164","FL00262","24h",200,0.995,3.12575717909671
"STRUCTURE 164","FL00262","24h",500,0.998,3.80288285298773
"STRUCTURE 164","FL00262","24h",1000,0.999,4.3928054146
"STRUCTURE 164","FL00262","24h",2000,0.9995,5.05953573475949
"STRUCTURE 164","FL00262","24h",5000,0.9998,6.07613880463627
"STRUCTURE 164","FL00262","24h",10000,0.9999,6.96241265450278
"STRUCTURE 164","FL00262","72h",2,0.5,0.893118765240226
"STRUCTURE 164","FL00262","72h",5,0.8,1.23768253470242
"STRUCTURE 164","FL00262","72h",10,0.9,1.50869223379522
"STRUCTURE 164","FL00262","72h",25,0.96,1.90919804421034
"STRUCTURE 164","FL00262","72h",50,0.98,2.25485547803146
"STRUCTURE 164","FL00262","72h",100,0.99,2.64516005884378
"STRUCTURE 164","FL00262","72h",200,0.995,3.08722449233046
"STRUCTURE 164","FL00262","72h",500,0.998,3.76407650364805
"STRUCTURE 164","FL00262","72h",1000,0.999,4.35703923808293
"STRUCTURE 164","FL00262","72h",2000,0.9995,5.03043329601533
"STRUCTURE 164","FL00262","72h",5000,0.9998,6.06297736540516
"STRUCTURE 164","FL00262","72h",10000,0.9999,6.96814795586201
"STRUCTURE 221","FL00264","24h",2,0.5,0.89202839283546
"STRUCTURE 221","FL00264","24h",5,0.8,1.24597634058056
"STRUCTURE 221","FL00264","24h",10,0.9,1.52254177667148
"STRUCTURE 221","FL00264","24h",25,0.96,1.92879857969862
"STRUCTURE 221","FL00264","24h",50,0.98,2.27739484593337
"STRUCTURE 221","FL00264","24h",100,0.99,2.66907416164507
"STRUCTURE 221","FL00264","24h",200,0.995,3.11051695091499
"STRUCTURE 221","FL00264","24h",500,0.998,3.78255041351062
"STRUCTURE 221","FL00264","24h",1000,0.999,4.3679725710059
"STRUCTURE 221","FL00264","24h",2000,0.9995,5.02955387868473
"STRUCTURE 221","FL00264","24h",5000,0.9998,6.03819434487867
"STRUCTURE 221","FL00264","24h",10000,0.9999,6.91743040288276
"STRUCTURE 221","FL00264","72h",2,0.5,0.894371083050238
"STRUCTURE 221","FL00264","72h",5,0.8,1.23885518238662
"STRUCTURE 221","FL00264","72h",10,0.9,1.50857183567985
"STRUCTURE 221","FL00264","72h",25,0.96,1.90550542163854
"STRUCTURE 221","FL00264","72h",50,0.98,2.24670987377878
"STRUCTURE 221","FL00264","72h",100,0.99,2.63066882781364
"STRUCTURE 221","FL00264","72h",200,0.995,3.06406711260644
"STRUCTURE 221","FL00264","72h",500,0.998,3.72502088784357
"STRUCTURE 221","FL00264","72h",1000,0.999,4.30179497807249
"STRUCTURE 221","FL00264","72h",2000,0.9995,4.95458758883864
"STRUCTURE 221","FL00264","72h",5000,0.9998,5.95158520153831
"STRUCTURE 221","FL00264","72h",10000,0.9999,6.8221854603847
"SPINNEY MOUNTAIN","CO02677","24h",2,0.5,0.941100430273122
"SPINNEY MOUNTAIN","CO02677","24h",5,0.8,1.24124934984361
"SPINNEY MOUNTAIN","CO02677","24h",10,0.9,1.45506119372626
"SPINNEY MOUNTAIN","CO02677","24h",25,0.96,1.75929595900864
"SPINNEY MOUNTAIN","CO02677","24h",50,0.98,2.01720920904592
"SPINNEY MOUNTAIN","CO02677","24h",100,0.99,2.30608867592065
"SPINNEY MOUNTAIN","CO02677","24h",200,0.995,2.63162397719351
"SPINNEY MOUNTAIN","CO02677","24h",500,0.998,3.12803113930066
"SPINNEY MOUNTAIN","CO02677","24h",1000,0.999,3.56154192786534
"SPINNEY MOUNTAIN","CO02677","24h",2000,0.9995,4.05268003394148
"SPINNEY MOUNTAIN","CO02677","24h",5000,0.9998,4.8037993646087
"SPINNEY MOUNTAIN","CO02677","24h",10000,0.9999,5.46062348418341
"SPINNEY MOUNTAIN","CO02677","72h",2,0.5,0.939895353975149
"SPINNEY MOUNTAIN","CO02677","72h",5,0.8,1.23151661699391
"SPINNEY MOUNTAIN","CO02677","72h",10,0.9,1.4414200268097
"SPINNEY MOUNTAIN","CO02677","72h",25,0.96,1.74269057809739
"SPINNEY MOUNTAIN","CO02677","72h",50,0.98,2.00016251246015
"SPINNEY MOUNTAIN","CO02677","72h",100,0.99,2.29051811321597
"SPINNEY MOUNTAIN","CO02677","72h",200,0.995,2.61992819258711
"SPINNEY MOUNTAIN","CO02677","72h",500,0.998,3.12619163637261
"SPINNEY MOUNTAIN","CO02677","72h",1000,0.999,3.57172804886807
"SPINNEY MOUNTAIN","CO02677","72h",2000,0.9995,4.07986880146273
"SPINNEY MOUNTAIN","CO02677","72h",5000,0.9998,4.86307123389971
"SPINNEY MOUNTAIN","CO02677","72h",10000,0.9999,5.55323418887087
"YATESVILLE DAM","KY82201","24h",2,0.5,0.94378051943454
"YATESVILLE DAM","KY82201","24h",5,0.8,1.20222713052448
"YATESVILLE DAM","KY82201","24h",10,0.9,1.38140373445869
"YATESVILLE DAM","KY82201","24h",25,0.96,1.61741311326802
"YATESVILLE DAM","KY82201","24h",50,0.98,1.79971424017282
"YATESVILLE DAM","KY82201","24h",100,0.99,1.98698523525235
"YATESVILLE DAM","KY82201","24h",200,0.995,2.18004894264067
"YATESVILLE DAM","KY82201","24h",500,0.998,2.44503026120096
"YATESVILLE DAM","KY82201","24h",1000,0.999,2.65334673803351
"YATESVILLE DAM","KY82201","24h",2000,0.9995,2.86877963039914
"YATESVILLE DAM","KY82201","24h",5000,0.9998,3.16496494151155
"YATESVILLE DAM","KY82201","24h",10000,0.9999,3.39799497050858
"YATESVILLE DAM","KY82201","72h",2,0.5,0.95422088359075
"YATESVILLE DAM","KY82201","72h",5,0.8,1.20814241707899
"YATESVILLE DAM","KY82201","72h",10,0.9,1.37487553865495
"YATESVILLE DAM","KY82201","72h",25,0.96,1.58397841465332
"YATESVILLE DAM","KY82201","72h",50,0.98,1.73798201239808
"YATESVILLE DAM","KY82201","72h",100,0.99,1.88991074310575
"YATESVILLE DAM","KY82201","72h",200,0.995,2.04036165055309
"YATESVILLE DAM","KY82201","72h",500,0.998,2.23745230044586
"YATESVILLE DAM","KY82201","72h",1000,0.999,2.38535852444003
"YATESVILLE DAM","KY82201","72h",2000,0.9995,2.5323137700403
"YATESVILLE DAM","KY82201","72h",5000,0.9998,2.72517216504501
"YATESVILLE DAM","KY82201","72h",10000,0.9999,2.8700231775779
"CHEBOYGAN","MI00520","24h",2,0.5,0.941223399214551
"CHEBOYGAN","MI00520","24h",5,0.8,1.21075356245461
"CHEBOYGAN","MI00520","24h",10,0.9,1.4072105323167
"CHEBOYGAN","MI00520","24h",25,0.96,1.69215968571943
"CHEBOYGAN","MI00520","24h",50,0.98,1.93808010470133
"CHEBOYGAN","MI00520","24h",100,0.99,2.2177091759367
"CHEBOYGAN","MI00520","24h",200,0.995,2.53755272067229
"CHEBOYGAN","MI00520","24h",500,0.998,3.03380565902283
"CHEBOYGAN","MI00520","24h",1000,0.999,3.47463005789622
"CHEBOYGAN","MI00520","24h",2000,0.9995,3.98148176297043
"CHEBOYGAN","MI00520","24h",5000,0.9998,4.77012118988207
"CHEBOYGAN","MI00520","24h",10000,0.9999,5.47158159485913
"CHEBOYGAN","MI00520","72h",2,0.5,0.941151636677164
"CHEBOYGAN","MI00520","72h",5,0.8,1.21894436990776
"CHEBOYGAN","MI00520","72h",10,0.9,1.40996209356351
"CHEBOYGAN","MI00520","72h",25,0.96,1.65970889346295
"CHEBOYGAN","MI00520","72h",50,0.98,1.85123933244564
"CHEBOYGAN","MI00520","72h",100,0.99,2.0467923644302
"CHEBOYGAN","MI00520","72h",200,0.995,2.24717259478886
"CHEBOYGAN","MI00520","72h",500,0.998,2.52026442939423
"CHEBOYGAN","MI00520","72h",1000,0.999,2.73345611031519
"CHEBOYGAN","MI00520","72h",2000,0.9995,2.95260119059187
"CHEBOYGAN","MI00520","72h",5000,0.9998,3.25177894930866
"CHEBOYGAN","MI00520","72h",10000,0.9999,3.48551959695304
"LOWER ANACOCO DAM","LA00001","24h",2,0.5,0.903390305886199
"LOWER ANACOCO DAM","LA00001","24h",5,0.8,1.25817229610212
"LOWER ANACOCO DAM","LA00001","24h",10,0.9,1.51848355723724
"LOWER ANACOCO DAM","LA00001","24h",25,0.96,1.87323315960188
"LOWER ANACOCO DAM","LA00001","24h",50,0.98,2.154970320809
"LOWER ANACOCO DAM","LA00001","24h",100,0.99,2.45084363564392
"LOWER ANACOCO DAM","LA00001","24h",200,0.995,2.76248044365898
"LOWER ANACOCO DAM","LA00001","24h",500,0.998,3.20082953846175
"LOWER ANACOCO DAM","LA00001","24h",1000,0.999,3.55382230163796
"LOWER ANACOCO DAM","LA00001","24h",2000,0.9995,3.92637053144346
"LOWER ANACOCO DAM","LA00001","24h",5000,0.9998,4.45050202027424
"LOWER ANACOCO DAM","LA00001","24h",10000,0.9999,4.87214191603721
"LOWER ANACOCO DAM","LA00001","72h",2,0.5,0.911196616133154
"LOWER ANACOCO DAM","LA00001","72h",5,0.8,1.27101598450954
"LOWER ANACOCO DAM","LA00001","72h",10,0.9,1.52609189054106
"LOWER ANACOCO DAM","LA00001","72h",25,0.96,1.86501001852973
"LOWER ANACOCO DAM","LA00001","72h",50,0.98,2.12853692804317
"LOWER ANACOCO DAM","LA00001","72h",100,0.99,2.40090357711405
"LOWER ANACOCO DAM","LA00001","72h",200,0.995,2.68365546610647
"LOWER ANACOCO DAM","LA00001","72h",500,0.998,3.07529283740915
"LOWER ANACOCO DAM","LA00001","72h",1000,0.999,3.38622558971541
"LOWER ANACOCO DAM","LA00001","72h",2000,0.9995,3.71064672297918
"LOWER ANACOCO DAM","LA00001","72h",5000,0.9998,4.16137255557082
"LOWER ANACOCO DAM","LA00001","72h",10000,0.9999,4.51969274707816
"EAST LYNN DAM","WV09901","24h",2,0.5,0.943955993504133
"EAST LYNN DAM","WV09901","24h",5,0.8,1.20312301510873
"EAST LYNN DAM","WV09901","24h",10,0.9,1.38246820823435
"EAST LYNN DAM","WV09901","24h",25,0.96,1.61830556704918
"EAST LYNN DAM","WV09901","24h",50,0.98,1.80017937424636
"EAST LYNN DAM","WV09901","24h",100,0.99,1.98675459657026
"EAST LYNN DAM","WV09901","24h",200,0.995,2.17883807996049
"EAST LYNN DAM","WV09901","24h",500,0.998,2.44205617855198
"EAST LYNN DAM","WV09901","24h",1000,0.999,2.64866008704945
"EAST LYNN DAM","WV09901","24h",2000,0.9995,2.86203126486043
"EAST LYNN DAM","WV09901","24h",5000,0.9998,3.1549181388773
"EAST LYNN DAM","WV09901","24h",10000,0.9999,3.38498997846482
"EAST LYNN DAM","WV09901","72h",2,0.5,0.956954952295981
"EAST LYNN DAM","WV09901","72h",5,0.8,1.2095613908383
"EAST LYNN DAM","WV09901","72h",10,0.9,1.37302072313737
"EAST LYNN DAM","WV09901","72h",25,0.96,1.57533434597202
"EAST LYNN DAM","WV09901","72h",50,0.98,1.72243848811541
"EAST LYNN DAM","WV09901","72h",100,0.99,1.86599045021459
"EAST LYNN DAM","WV09901","72h",200,0.995,2.00661636283082
"EAST LYNN DAM","WV09901","72h",500,0.998,2.18854499021739
"EAST LYNN DAM","WV09901","72h",1000,0.999,2.32337484140194
"EAST LYNN DAM","WV09901","72h",2000,0.9995,2.45590327500185
"EAST LYNN DAM","WV09901","72h",5000,0.9998,2.62767006825297
"EAST LYNN DAM","WV09901","72h",10000,0.9999,2.75507694828195
"SUCCESS DAM","CA10113","24h",2,0.5,0.925098740488637
"SUCCESS DAM","CA10113","24h",5,0.8,1.25981549911299
"SUCCESS DAM","CA10113","24h",10,0.9,1.50525145099234
"SUCCESS DAM","CA10113","24h",25,0.96,1.86302961651126
"SUCCESS DAM","CA10113","24h",50,0.98,2.17324853861704
"SUCCESS DAM","CA10113","24h",100,0.99,2.52738139379514
"SUCCESS DAM","CA10113","24h",200,0.995,2.93402430073545
"SUCCESS DAM","CA10113","24h",500,0.998,3.56781552751449
"SUCCESS DAM","CA10113","24h",1000,0.999,4.13332736311832
"SUCCESS DAM","CA10113","24h",2000,0.9995,4.78605565650008
"SUCCESS DAM","CA10113","24h",5000,0.9998,5.80626392055349
"SUCCESS DAM","CA10113","24h",10000,0.9999,6.71773364822445
"SUCCESS DAM","CA10113","72h",2,0.5,0.891310811815342
"SUCCESS DAM","CA10113","72h",5,0.8,1.29781640762958
"SUCCESS DAM","CA10113","72h",10,0.9,1.6000114672312
"SUCCESS DAM","CA10113","72h",25,0.96,2.02413677398692
"SUCCESS DAM","CA10113","72h",50,0.98,2.37245834564181
"SUCCESS DAM","CA10113","72h",100,0.99,2.74945366036159
"SUCCESS DAM","CA10113","72h",200,0.995,3.15882375531524
"SUCCESS DAM","CA10113","72h",500,0.998,3.75560813712362
"SUCCESS DAM","CA10113","72h",1000,0.999,4.2537037192644
"SUCCESS DAM","CA10113","72h",2000,0.9995,4.7961308321335
"SUCCESS DAM","CA10113","72h",5000,0.9998,5.58812357582942
"SUCCESS DAM","CA10113","72h",10000,0.9999,6.24962027499659
"LUDINGTON","MI00180","24h",2,0.5,0.917196141336221
"LUDINGTON","MI00180","24h",5,0.8,1.2344024598564
"LUDINGTON","MI00180","24h",10,0.9,1.46818366415058
"LUDINGTON","MI00180","24h",25,0.96,1.79371531721053
"LUDINGTON","MI00180","24h",50,0.98,2.05904145020455
"LUDINGTON","MI00180","24h",100,0.99,2.34435488703292
"LUDINGTON","MI00180","24h",200,0.995,2.65218024607897
"LUDINGTON","MI00180","24h",500,0.998,3.09758263949654
"LUDINGTON","MI00180","24h",1000,0.999,3.46658339206831
"LUDINGTON","MI00180","24h",2000,0.9995,3.86585786063521
"LUDINGTON","MI00180","24h",5000,0.9998,4.44449380817494
"LUDINGTON","MI00180","24h",10000,0.9999,4.92422162705073
"LUDINGTON","MI00180","72h",2,0.5,0.924009065100853
"LUDINGTON","MI00180","72h",5,0.8,1.2298979977929
"LUDINGTON","MI00180","72h",10,0.9,1.45144495324882
"LUDINGTON","MI00180","72h",25,0.96,1.75508425848954
"LUDINGTON","MI00180","72h",50,0.98,1.99880685280567
"LUDINGTON","MI00180","72h",100,0.99,2.257492032652
"LUDINGTON","MI00180","72h",200,0.995,2.53298994547989
"LUDINGTON","MI00180","72h",500,0.998,2.92565085004735
"LUDINGTON","MI00180","72h",1000,0.999,3.24613206001167
"LUDINGTON","MI00180","72h",2000,0.9995,3.58845723325969
"LUDINGTON","MI00180","72h",5000,0.9998,4.07715290648662
"LUDINGTON","MI00180","72h",10000,0.9999,4.47631138325206
"MISSISSIPPI RIVER DAM 14","IA00006","24h",2,0.5,0.930157689103729
"MISSISSIPPI RIVER DAM 14","IA00006","24h",5,0.8,1.24554354852151
"MISSISSIPPI RIVER DAM 14","IA00006","24h",10,0.9,1.461646289382
"MISSISSIPPI RIVER DAM 14","IA00006","24h",25,0.96,1.74171084899336
"MISSISSIPPI RIVER DAM 14","IA00006","24h",50,0.98,1.95497950351506
"MISSISSIPPI RIVER DAM 14","IA00006","24h",100,0.99,2.17196490412766
"MISSISSIPPI RIVER DAM 14","IA00006","24h",200,0.995,2.39403417599671
"MISSISSIPPI RIVER DAM 14","IA00006","24h",500,0.998,2.69699248789849
"MISSISSIPPI RIVER DAM 14","IA00006","24h",1000,0.999,2.93418110254946
"MISSISSIPPI RIVER DAM 14","IA00006","24h",2000,0.9995,3.17888463872157
"MISSISSIPPI RIVER DAM 14","IA00006","24h",5000,0.9998,3.51468210247899
"MISSISSIPPI RIVER DAM 14","IA00006","24h",10000,0.9999,3.77854072360278
"MISSISSIPPI RIVER DAM 14","IA00006","72h",2,0.5,0.939964752015194
"MISSISSIPPI RIVER DAM 14","IA00006","72h",5,0.8,1.23798771588796
"MISSISSIPPI RIVER DAM 14","IA00006","72h",10,0.9,1.43984877940607
"MISSISSIPPI RIVER DAM 14","IA00006","72h",25,0.96,1.70019695921956
"MISSISSIPPI RIVER DAM 14","IA00006","72h",50,0.98,1.89723306405358
"MISSISSIPPI RIVER DAM 14","IA00006","72h",100,0.99,2.09615807742408
"MISSISSIPPI RIVER DAM 14","IA00006","72h",200,0.995,2.29772694138732
"MISSISSIPPI RIVER DAM 14","IA00006","72h",500,0.998,2.56890166832485
"MISSISSIPPI RIVER DAM 14","IA00006","72h",1000,0.999,2.77788091082757
"MISSISSIPPI RIVER DAM 14","IA00006","72h",2000,0.9995,2.99031885363469
"MISSISSIPPI RIVER DAM 14","IA00006","72h",5000,0.9998,3.27661413204295
"MISSISSIPPI RIVER DAM 14","IA00006","72h",10000,0.9999,3.49742364433584
"FRENCHMAN","CA00032","24h",2,0.5,0.922750916265083
"FRENCHMAN","CA00032","24h",5,0.8,1.26439715583192
"FRENCHMAN","CA00032","24h",10,0.9,1.50418161253039
"FRENCHMAN","CA00032","24h",25,0.96,1.82355909524791
"FRENCHMAN","CA00032","24h",50,0.98,2.07293048468074
"FRENCHMAN","CA00032","24h",100,0.99,2.33146005421802
"FRENCHMAN","CA00032","24h",200,0.995,2.60042821957029
"FRENCHMAN","CA00032","24h",500,0.998,2.97351467424199
"FRENCHMAN","CA00032","24h",1000,0.999,3.26992081378119
"FRENCHMAN","CA00032","24h",2000,0.9995,3.57924708132493
"FRENCHMAN","CA00032","24h",5000,0.9998,4.00903284233166
"FRENCHMAN","CA00032","24h",10000,0.9999,4.35074833092593
"FRENCHMAN","CA00032","72h",2,0.5,0.906921800325762
"FRENCHMAN","CA00032","72h",5,0.8,1.29053979973401
"FRENCHMAN","CA00032","72h",10,0.9,1.56614497858995
"FRENCHMAN","CA00032","72h",25,0.96,1.94110359638322
"FRENCHMAN","CA00032","72h",50,0.98,2.23994050985237
"FRENCHMAN","CA00032","72h",100,0.99,2.55520909801693
"FRENCHMAN","CA00032","72h",200,0.995,2.88895242185074
"FRENCHMAN","CA00032","72h",500,0.998,3.36131423025446
"FRENCHMAN","CA00032","72h",1000,0.999,3.74418026435458
"FRENCHMAN","CA00032","72h",2000,0.9995,4.15069935381955
"FRENCHMAN","CA00032","72h",5000,0.9998,4.72700146917675
"FRENCHMAN","CA00032","72h",10000,0.9999,5.19446481565448
"GIBBONS CREEK DAM","TX04634","24h",2,0.5,0.895643439204962
"GIBBONS CREEK DAM","TX04634","24h",5,0.8,1.26551585871731
"GIBBONS CREEK DAM","TX04634","24h",10,0.9,1.54599383794314
"GIBBONS CREEK DAM","TX04634","24h",25,0.96,1.9468467690923
"GIBBONS CREEK DAM","TX04634","24h",50,0.98,2.28185631532973
"GIBBONS CREEK DAM","TX04634","24h",100,0.99,2.64988803659969
"GIBBONS CREEK DAM","TX04634","24h",200,0.995,3.05549232092581
"GIBBONS CREEK DAM","TX04634","24h",500,0.998,3.65707104286785
"GIBBONS CREEK DAM","TX04634","24h",1000,0.999,4.16780267010772
"GIBBONS CREEK DAM","TX04634","24h",2000,0.9995,4.73225512551922
"GIBBONS CREEK DAM","TX04634","24h",5000,0.9998,5.57070890696122
"GIBBONS CREEK DAM","TX04634","24h",10000,0.9999,6.28304099341666
"GIBBONS CREEK DAM","TX04634","72h",2,0.5,0.894344654020825
"GIBBONS CREEK DAM","TX04634","72h",5,0.8,1.24919135439786
"GIBBONS CREEK DAM","TX04634","72h",10,0.9,1.53010905578439
"GIBBONS CREEK DAM","TX04634","72h",25,0.96,1.96685575955667
"GIBBONS CREEK DAM","TX04634","72h",50,0.98,2.36890271221075
"GIBBONS CREEK DAM","TX04634","72h",100,0.99,2.8516712036796
"GIBBONS CREEK DAM","TX04634","72h",200,0.995,3.43446283839321
"GIBBONS CREEK DAM","TX04634","72h",500,0.998,4.39729894598677
"GIBBONS CREEK DAM","TX04634","72h",1000,0.999,5.3068735343978
"GIBBONS CREEK DAM","TX04634","72h",2000,0.9995,6.41005836718004
"GIBBONS CREEK DAM","TX04634","72h",5000,0.9998,8.23731343390451
"GIBBONS CREEK DAM","TX04634","72h",10000,0.9999,9.96549509780807
"ROANOKE RAPIDS","NC00827","24h",2,0.5,0.901614193664948
"ROANOKE RAPIDS","NC00827","24h",5,0.8,1.23668872536535
"ROANOKE RAPIDS","NC00827","24h",10,0.9,1.49465793679193
"ROANOKE RAPIDS","NC00827","24h",25,0.96,1.86848895305432
"ROANOKE RAPIDS","NC00827","24h",50,0.98,2.18510745952737
"ROANOKE RAPIDS","NC00827","24h",100,0.99,2.53691671078626
"ROANOKE RAPIDS","NC00827","24h",200,0.995,2.92905608936598
"ROANOKE RAPIDS","NC00827","24h",500,0.998,3.51837896108544
"ROANOKE RAPIDS","NC00827","24h",1000,0.999,4.0252584971496
"ROANOKE RAPIDS","NC00827","24h",2000,0.9995,4.59179969430419
"ROANOKE RAPIDS","NC00827","24h",5000,0.9998,5.4444941836027
"ROANOKE RAPIDS","NC00827","24h",10000,0.9999,6.17840250561123
"ROANOKE RAPIDS","NC00827","72h",2,0.5,0.913061461209036
"ROANOKE RAPIDS","NC00827","72h",5,0.8,1.25424386221133
"ROANOKE RAPIDS","NC00827","72h",10,0.9,1.49873449970833
"ROANOKE RAPIDS","NC00827","72h",25,0.96,1.82617776715288
"ROANOKE RAPIDS","NC00827","72h",50,0.98,2.08247786896423
"ROANOKE RAPIDS","NC00827","72h",100,0.99,2.34870408669461
"ROANOKE RAPIDS","NC00827","72h",200,0.995,2.62633921607972
"ROANOKE RAPIDS","NC00827","72h",500,0.998,3.01275098610448
"ROANOKE RAPIDS","NC00827","72h",1000,0.999,3.32090298331255
"ROANOKE RAPIDS","NC00827","72h",2000,0.9995,3.6435790037495
"ROANOKE RAPIDS","NC00827","72h",5000,0.9998,4.09364819779969
"ROANOKE RAPIDS","NC00827","72h",10000,0.9999,4.45277705254295
"SCOTT","CA00398","24h",2,0.5,0.942428746584659
"SCOTT","CA00398","24h",5,0.8,1.2524207729391
"SCOTT","CA00398","24h",10,0.9,1.45760799487453
"SCOTT","CA00398","24h",25,0.96,1.71680055217167
"SCOTT","CA00398","24h",50,0.98,1.90903965602628
"SCOTT","CA00398","24h",100,0.99,2.09982161489673
"SCOTT","CA00398","24h",200,0.995,2.28987011304403
"SCOTT","CA00398","24h",500,0.998,2.540546023879
"SCOTT","CA00398","24h",1000,0.999,2.7299579252531
"SCOTT","CA00398","24h",2000,0.9995,2.91926443033705
"SCOTT","CA00398","24h",5000,0.9998,3.16940795303555
"SCOTT","CA00398","24h",10000,0.9999,3.35857398288986
"SCOTT","CA00398","72h",2,0.5,0.945256087156934
"SCOTT","CA00398","72h",5,0.8,1.27027796984676
"SCOTT","CA00398","72h",10,0.9,1.47998155146628
"SCOTT","CA00398","72h",25,0.96,1.73884882958845
"SCOTT","CA00398","72h",50,0.98,1.92659123775147
"SCOTT","CA00398","72h",100,0.99,2.10940198502402
"SCOTT","CA00398","72h",200,0.995,2.28809940531182
"SCOTT","CA00398","72h",500,0.998,2.51870366913123
"SCOTT","CA00398","72h",1000,0.999,2.68918034733734
"SCOTT","CA00398","72h",2000,0.9995,2.85638676206087
"SCOTT","CA00398","72h",5000,0.9998,3.07255848346626
"SCOTT","CA00398","72h",10000,0.9999,3.23250191340779
"ERROL","NH00161","24h",2,0.5,0.934205690554995
"ERROL","NH00161","24h",5,0.8,1.22376285270973
"ERROL","NH00161","24h",10,0.9,1.42731184641194
"ERROL","NH00161","24h",25,0.96,1.69881720929298
"ERROL","NH00161","24h",50,0.98,1.91110586068976
"ERROL","NH00161","24h",100,0.99,2.13145227365521
"ERROL","NH00161","24h",200,0.995,2.36096639829279
"ERROL","NH00161","24h",500,0.998,2.67976247805877
"ERROL","NH00161","24h",1000,0.999,2.93338167492566
"ERROL","NH00161","24h",2000,0.9995,3.19836711065292
"ERROL","NH00161","24h",5000,0.9998,3.56704819026551
"ERROL","NH00161","24h",10000,0.9999,3.86057939170962
"ERROL","NH00161","72h",2,0.5,0.942966250932527
"ERROL","NH00161","72h",5,0.8,1.23052280237707
"ERROL","NH00161","72h",10,0.9,1.42160080745934
"ERROL","NH00161","72h",25,0.96,1.6637434569295
"ERROL","NH00161","72h",50,0.98,1.84470126854402
"ERROL","NH00161","72h",100,0.99,2.02622751259116
"ERROL","NH00161","72h",200,0.995,2.20963828820931
"ERROL","NH00161","72h",500,0.998,2.45646900157206
"ERROL","NH00161","72h",1000,0.999,2.64729802633291
"ERROL","NH00161","72h",2000,0.9995,2.84218643701157
"ERROL","NH00161","72h",5000,0.9998,3.10666968808965
"ERROL","NH00161","72h",10000,0.9999,3.31232177861992
"MISSISSIPPI RIVER DAM 22","MO10305","24h",2,0.5,0.932195465355286
"MISSISSIPPI RIVER DAM 22","MO10305","24h",5,0.8,1.2564630612246
"MISSISSIPPI RIVER DAM 22","MO10305","24h",10,0.9,1.46864131739044
"MISSISSIPPI RIVER DAM 22","MO10305","24h",25,0.96,1.72921304269762
"MISSISSIPPI RIVER DAM 22","MO10305","24h",50,0.98,1.91700762120273
"MISSISSIPPI RIVER DAM 22","MO10305","24h",100,0.99,2.09929857401732
"MISSISSIPPI RIVER DAM 22","MO10305","24h",200,0.995,2.27741810075645
"MISSISSIPPI RIVER DAM 22","MO10305","24h",500,0.998,2.50794569941537
"MISSISSIPPI RIVER DAM 22","MO10305","24h",1000,0.999,2.67936424599979
"MISSISSIPPI RIVER DAM 22","MO10305","24h",2000,0.9995,2.8486976417239
"MISSISSIPPI RIVER DAM 22","MO10305","24h",5000,0.9998,3.06987277892856
"MISSISSIPPI RIVER DAM 22","MO10305","24h",10000,0.9999,3.23547199131039
"MISSISSIPPI RIVER DAM 22","MO10305","72h",2,0.5,0.936282415163424
"MISSISSIPPI RIVER DAM 22","MO10305","72h",5,0.8,1.24828064926244
"MISSISSIPPI RIVER DAM 22","MO10305","72h",10,0.9,1.45721955446138
"MISSISSIPPI RIVER DAM 22","MO10305","72h",25,0.96,1.72350370028311
"MISSISSIPPI RIVER DAM 22","MO10305","72h",50,0.98,1.9234527586413
"MISSISSIPPI RIVER DAM 22","MO10305","72h",100,0.99,2.12474947300054
"MISSISSIPPI RIVER DAM 22","MO10305","72h",200,0.995,2.32879790282584
"MISSISSIPPI RIVER DAM 22","MO10305","72h",500,0.998,2.60435170630197
"MISSISSIPPI RIVER DAM 22","MO10305","72h",1000,0.999,2.81806721087881
"MISSISSIPPI RIVER DAM 22","MO10305","72h",2000,0.9995,3.03689023676738
"MISSISSIPPI RIVER DAM 22","MO10305","72h",5000,0.9998,3.33469165238723
"MISSISSIPPI RIVER DAM 22","MO10305","72h",10000,0.9999,3.56686713031309
"LAKE STRIKER DAM","TX03549","24h",2,0.5,0.920012287250941
"LAKE STRIKER DAM","TX03549","24h",5,0.8,1.24226663747496
"LAKE STRIKER DAM","TX03549","24h",10,0.9,1.47559724520885
"LAKE STRIKER DAM","TX03549","24h",25,0.96,1.79530003827378
"LAKE STRIKER DAM","TX03549","24h",50,0.98,2.05184931993387
"LAKE STRIKER DAM","TX03549","24h",100,0.99,2.32408806073326
"LAKE STRIKER DAM","TX03549","24h",200,0.995,2.61395627133767
"LAKE STRIKER DAM","TX03549","24h",500,0.998,3.0269926459962
"LAKE STRIKER DAM","TX03549","24h",1000,0.999,3.36401794123685
"LAKE STRIKER DAM","TX03549","24h",2000,0.9995,3.72393557747822
"LAKE STRIKER DAM","TX03549","24h",5000,0.9998,4.23761408481261
"LAKE STRIKER DAM","TX03549","24h",10000,0.9999,4.65707129966192
"LAKE STRIKER DAM","TX03549","72h",2,0.5,0.922428328434679
"LAKE STRIKER DAM","TX03549","72h",5,0.8,1.22952982047697
"LAKE STRIKER DAM","TX03549","72h",10,0.9,1.46160639915179
"LAKE STRIKER DAM","TX03549","72h",25,0.96,1.80856695005089
"LAKE STRIKER DAM","TX03549","72h",50,0.98,2.11656380236798
"LAKE STRIKER DAM","TX03549","72h",100,0.99,2.47520916798568
"LAKE STRIKER DAM","TX03549","72h",200,0.995,2.89520028520039
"LAKE STRIKER DAM","TX03549","72h",500,0.998,3.56492696421618
"LAKE STRIKER DAM","TX03549","72h",1000,0.999,4.17605329552964
"LAKE STRIKER DAM","TX03549","72h",2000,0.9995,4.89528327949284
"LAKE STRIKER DAM","TX03549","72h",5000,0.9998,6.04530183258182
"LAKE STRIKER DAM","TX03549","72h",10000,0.9999,7.09599288600042
"CHICKASHA LAKE","OK02562","24h",2,0.5,0.923246827907518
"CHICKASHA LAKE","OK02562","24h",5,0.8,1.25780592936393
"CHICKASHA LAKE","OK02562","24h",10,0.9,1.49372423680548
"CHICKASHA LAKE","OK02562","24h",25,0.96,1.8092972343034
"CHICKASHA LAKE","OK02562","24h",50,0.98,2.05671858551176
"CHICKASHA LAKE","OK02562","24h",100,0.99,2.31413014849636
"CHICKASHA LAKE","OK02562","24h",200,0.995,2.58287341781703
"CHICKASHA LAKE","OK02562","24h",500,0.998,2.95716375249468
"CHICKASHA LAKE","OK02562","24h",1000,0.999,3.25572821230582
"CHICKASHA LAKE","OK02562","24h",2000,0.9995,3.5683931622589
"CHICKASHA LAKE","OK02562","24h",5000,0.9998,4.00458034437097
"CHICKASHA LAKE","OK02562","24h",10000,0.9999,4.35278564563685
"CHICKASHA LAKE","OK02562","72h",2,0.5,0.920586520239868
"CHICKASHA LAKE","OK02562","72h",5,0.8,1.24553103115893
"CHICKASHA LAKE","OK02562","72h",10,0.9,1.4795582636622
"CHICKASHA LAKE","OK02562","72h",25,0.96,1.79866379208047
"CHICKASHA LAKE","OK02562","72h",50,0.98,2.05353698290059
"CHICKASHA LAKE","OK02562","72h",100,0.99,2.3229200279175
"CHICKASHA LAKE","OK02562","72h",200,0.995,2.60861158035335
"CHICKASHA LAKE","OK02562","72h",500,0.998,3.01382439243456
"CHICKASHA LAKE","OK02562","72h",1000,0.999,3.34295753946941
"CHICKASHA LAKE","OK02562","72h",2000,0.9995,3.69306157279455
"CHICKASHA LAKE","OK02562","72h",5000,0.9998,4.190441098112
"CHICKASHA LAKE","OK02562","72h",10000,0.9999,4.59473820178622
"BRIONES","CA00172","24h",2,0.5,0.912393808139888
"BRIONES","CA00172","24h",5,0.8,1.26478820206773
"BRIONES","CA00172","24h",10,0.9,1.52008034447427
"BRIONES","CA00172","24h",25,0.96,1.8700468759619
"BRIONES","CA00172","24h",50,0.98,2.15101550663389
"BRIONES","CA00172","24h",100,0.99,2.44928803832066
"BRIONES","CA00172","24h",200,0.995,2.76700416364072
"BRIONES","CA00172","24h",500,0.998,3.21993370815346
"BRIONES","CA00172","24h",1000,0.999,3.58968256136109
"BRIONES","CA00172","24h",2000,0.9995,3.98470516583578
"BRIONES","CA00172","24h",5000,0.9998,4.54874976290089
"BRIONES","CA00172","24h",10000,0.9999,5.00954871368434
"BRIONES","CA00172","72h",2,0.5,0.925425075606206
"BRIONES","CA00172","72h",5,0.8,1.28907362640103
"BRIONES","CA00172","72h",10,0.9,1.5328760834131
"BRIONES","CA00172","72h",25,0.96,1.84384787451198
"BRIONES","CA00172","72h",50,0.98,2.07751325261434
"BRIONES","CA00172","72h",100,0.99,2.3128755152052
"BRIONES","CA00172","72h",200,0.995,2.55156741614256
"BRIONES","CA00172","72h",500,0.998,2.87406601109352
"BRIONES","CA00172","72h",1000,0.999,3.12430664962622
"BRIONES","CA00172","72h",2000,0.9995,3.38062299383258
"BRIONES","CA00172","72h",5000,0.9998,3.72959202968946
"BRIONES","CA00172","72h",10000,0.9999,4.00176414161924
"BRASFIELD DAM","VA04101","24h",2,0.5,0.899953262753942
"BRASFIELD DAM","VA04101","24h",5,0.8,1.23653346830675
"BRASFIELD DAM","VA04101","24h",10,0.9,1.4968886708736
"BRASFIELD DAM","VA04101","24h",25,0.96,1.87581325571756
"BRASFIELD DAM","VA04101","24h",50,0.98,2.19808252693136
"BRASFIELD DAM","VA04101","24h",100,0.99,2.55744429236085
"BRASFIELD DAM","VA04101","24h",200,0.995,2.95941895000941
"BRASFIELD DAM","VA04101","24h",500,0.998,3.5660122094911
"BRASFIELD DAM","VA04101","24h",1000,0.999,4.08986748983908
"BRASFIELD DAM","VA04101","24h",2000,0.9995,4.67744376467135
"BRASFIELD DAM","VA04101","24h",5000,0.9998,5.5654342544257
"BRASFIELD DAM","VA04101","24h",10000,0.9999,6.33282582512613
"BRASFIELD DAM","VA04101","72h",2,0.5,0.910369572198685
"BRASFIELD DAM","VA04101","72h",5,0.8,1.2445196324367
"BRASFIELD DAM","VA04101","72h",10,0.9,1.4932159604624
"BRASFIELD DAM","VA04101","72h",25,0.96,1.84262880867604
"BRASFIELD DAM","VA04101","72h",50,0.98,2.12988593961685
"BRASFIELD DAM","VA04101","72h",100,0.99,2.4410622900915
"BRASFIELD DAM","VA04101","72h",200,0.995,2.77925547183359
"BRASFIELD DAM","VA04101","72h",500,0.998,3.27277675273112
"BRASFIELD DAM","VA04101","72h",1000,0.999,3.68509850276904
"BRASFIELD DAM","VA04101","72h",2000,0.9995,4.13450693150612
"BRASFIELD DAM","VA04101","72h",5000,0.9998,4.7913471698299
"BRASFIELD DAM","VA04101","72h",10000,0.9999,5.34050966401568
"SANDY LAKE DAM & LOCK","MN00583","24h",2,0.5,0.926139829002878
"SANDY LAKE DAM & LOCK","MN00583","24h",5,0.8,1.22503150158227
"SANDY LAKE DAM & LOCK","MN00583","24h",10,0.9,1.44961769136054
"SANDY LAKE DAM & LOCK","MN00583","24h",25,0.96,1.78377393791228
"SANDY LAKE DAM & LOCK","MN00583","24h",50,0.98,2.07908492119836
"SANDY LAKE DAM & LOCK","MN00583","24h",100,0.99,2.42166585213824
"SANDY LAKE DAM & LOCK","MN00583","24h",200,0.995,2.82135315599948
"SANDY LAKE DAM & LOCK","MN00583","24h",500,0.998,3.45594489121221
"SANDY LAKE DAM & LOCK","MN00583","24h",1000,0.999,4.03255377713132
"SANDY LAKE DAM & LOCK","MN00583","24h",2000,0.9995,4.70866153330338
"SANDY LAKE DAM & LOCK","MN00583","24h",5000,0.9998,5.78507185169278
"SANDY LAKE DAM & LOCK","MN00583","24h",10000,0.9999,6.76434887642165
"SANDY LAKE DAM & LOCK","MN00583","72h",2,0.5,0.93500229878479
"SANDY LAKE DAM & LOCK","MN00583","72h",5,0.8,1.22022480800188
"SANDY LAKE DAM & LOCK","MN00583","72h",10,0.9,1.43027179325094
"SANDY LAKE DAM & LOCK","MN00583","72h",25,0.96,1.73756935677401
"SANDY LAKE DAM & LOCK","MN00583","72h",50,0.98,2.00491500760237
"SANDY LAKE DAM & LOCK","MN00583","72h",100,0.99,2.3109722194344
"SANDY LAKE DAM & LOCK","MN00583","72h",200,0.995,2.66339813911281
"SANDY LAKE DAM & LOCK","MN00583","72h",500,0.998,3.214482362408
"SANDY LAKE DAM & LOCK","MN00583","72h",1000,0.999,3.707775608531
"SANDY LAKE DAM & LOCK","MN00583","72h",2000,0.9995,4.27873135527704
"SANDY LAKE DAM & LOCK","MN00583","72h",5000,0.9998,5.17403365763636
"SANDY LAKE DAM & LOCK","MN00583","72h",10000,0.9999,5.97647224007945
"OAK CREEK DAM","TX03516","24h",2,0.5,0.90978590946699
"OAK CREEK DAM","TX03516","24h",5,0.8,1.27706838711219
"OAK CREEK DAM","TX03516","24h",10,0.9,1.53702374106558
"OAK CREEK DAM","TX03516","24h",25,0.96,1.88202439385438
"OAK CREEK DAM","TX03516","24h",50,0.98,2.15002050006461
"OAK CREEK DAM","TX03516","24h",100,0.99,2.42680366986662
"OAK CREEK DAM","TX03516","24h",200,0.995,2.71394976073105
"OAK CREEK DAM","TX03516","24h",500,0.998,3.11139278376695
"OAK CREEK DAM","TX03516","24h",1000,0.999,3.42672957134914
"OAK CREEK DAM","TX03516","24h",2000,0.9995,3.75557312893459
"OAK CREEK DAM","TX03516","24h",5000,0.9998,4.2121803126422
"OAK CREEK DAM","TX03516","24h",10000,0.9999,4.57497908690758
"OAK CREEK DAM","TX03516","72h",2,0.5,0.910878787608583
"OAK CREEK DAM","TX03516","72h",5,0.8,1.28973342285886
"OAK CREEK DAM","TX03516","72h",10,0.9,1.55416160140261
"OAK CREEK DAM","TX03516","72h",25,0.96,1.90152061908879
"OAK CREEK DAM","TX03516","72h",50,0.98,2.16904565572839
"OAK CREEK DAM","TX03516","72h",100,0.99,2.4435635137033
"OAK CREEK DAM","TX03516","72h",200,0.995,2.72669516852941
"OAK CREEK DAM","TX03516","72h",500,0.998,3.11614723664562
"OAK CREEK DAM","TX03516","72h",1000,0.999,3.42337396571162
"OAK CREEK DAM","TX03516","72h",2000,0.9995,3.74227903564473
"OAK CREEK DAM","TX03516","72h",5000,0.9998,4.18284316591567
"OAK CREEK DAM","TX03516","72h",10000,0.9999,4.53122129417354
"OCOEE NO. 1","TN13905","24h",2,0.5,0.940647332798553
"OCOEE NO. 1","TN13905","24h",5,0.8,1.22074142893958
"OCOEE NO. 1","TN13905","24h",10,0.9,1.41335829392374
"OCOEE NO. 1","TN13905","24h",25,0.96,1.66521561832796
"OCOEE NO. 1","TN13905","24h",50,0.98,1.85837927852824
"OCOEE NO. 1","TN13905","24h",100,0.99,2.05561255996562
"OCOEE NO. 1","TN13905","24h",200,0.995,2.25772748640666
"OCOEE NO. 1","TN13905","24h",500,0.998,2.53320397626626
"OCOEE NO. 1","TN13905","24h",1000,0.999,2.7482731921088
"OCOEE NO. 1","TN13905","24h",2000,0.9995,2.96936235588821
"OCOEE NO. 1","TN13905","24h",5000,0.9998,3.27121659059814
"OCOEE NO. 1","TN13905","24h",10000,0.9999,3.50706575835619
"OCOEE NO. 1","TN13905","72h",2,0.5,0.950741737428398
"OCOEE NO. 1","TN13905","72h",5,0.8,1.23550977459986
"OCOEE NO. 1","TN13905","72h",10,0.9,1.4146704141175
"OCOEE NO. 1","TN13905","72h",25,0.96,1.62987786086251
"OCOEE NO. 1","TN13905","72h",50,0.98,1.78255888645127
"OCOEE NO. 1","TN13905","72h",100,0.99,1.92925813235261
"OCOEE NO. 1","TN13905","72h",200,0.995,2.07141477069454
"OCOEE NO. 1","TN13905","72h",500,0.998,2.25394952912916
"OCOEE NO. 1","TN13905","72h",1000,0.999,2.38878178109937
"OCOEE NO. 1","TN13905","72h",2000,0.9995,2.5213250200639
"OCOEE NO. 1","TN13905","72h",5000,0.9998,2.69359694814241
"OCOEE NO. 1","TN13905","72h",10000,0.9999,2.82202445689178
"NELSON DIKE DA","MT00574","24h",2,0.5,0.907870766716023
"NELSON DIKE DA","MT00574","24h",5,0.8,1.30022472447952
"NELSON DIKE DA","MT00574","24h",10,0.9,1.57902118486566
"NELSON DIKE DA","MT00574","24h",25,0.96,1.95454721073004
"NELSON DIKE DA","MT00574","24h",50,0.98,2.2509574353035
"NELSON DIKE DA","MT00574","24h",100,0.99,2.56110302885572
"NELSON DIKE DA","MT00574","24h",200,0.995,2.88674703466112
"NELSON DIKE DA","MT00574","24h",500,0.998,3.34328660838362
"NELSON DIKE DA","MT00574","24h",1000,0.999,3.70985378761532
"NELSON DIKE DA","MT00574","24h",2000,0.9995,4.09591002441853
"NELSON DIKE DA","MT00574","24h",5000,0.9998,4.63803847783096
"NELSON DIKE DA","MT00574","24h",10000,0.9999,5.07365784129231
"NELSON DIKE DA","MT00574","72h",2,0.5,0.91061131164352
"NELSON DIKE DA","MT00574","72h",5,0.8,1.30350334792761
"NELSON DIKE DA","MT00574","72h",10,0.9,1.57980765148159
"NELSON DIKE DA","MT00574","72h",25,0.96,1.94849667265438
"NELSON DIKE DA","MT00574","72h",50,0.98,2.23687751952739
"NELSON DIKE DA","MT00574","72h",100,0.99,2.53629690585952
"NELSON DIKE DA","MT00574","72h",200,0.995,2.84826983239965
"NELSON DIKE DA","MT00574","72h",500,0.998,3.28175618577642
"NELSON DIKE DA","MT00574","72h",1000,0.999,3.62673992191023
"NELSON DIKE DA","MT00574","72h",2000,0.9995,3.98729482860766
"NELSON DIKE DA","MT00574","72h",5000,0.9998,4.4891228157703
"NELSON DIKE DA","MT00574","72h",10000,0.9999,4.8888025883426
"WINFIELD L & D","WV07903","24h",2,0.5,0.948363289566085
"WINFIELD L & D","WV07903","24h",5,0.8,1.20110901596975
"WINFIELD L & D","WV07903","24h",10,0.9,1.37301556124853
"WINFIELD L & D","WV07903","24h",25,0.96,1.59556512750879
"WINFIELD L & D","WV07903","24h",50,0.98,1.7646100358086
"WINFIELD L & D","WV07903","24h",100,0.99,1.93580517462236
"WINFIELD L & D","WV07903","24h",200,0.995,2.10981101093214
"WINFIELD L & D","WV07903","24h",500,0.998,2.34474198517638
"WINFIELD L & D","WV07903","24h",1000,0.999,2.52643571698685
"WINFIELD L & D","WV07903","24h",2000,0.9995,2.71170382787062
"WINFIELD L & D","WV07903","24h",5000,0.9998,2.96227436267989
"WINFIELD L & D","WV07903","24h",10000,0.9999,3.15621891877669
"WINFIELD L & D","WV07903","72h",2,0.5,0.960068875102148
"WINFIELD L & D","WV07903","72h",5,0.8,1.20701513342281
"WINFIELD L & D","WV07903","72h",10,0.9,1.36475634671761
"WINFIELD L & D","WV07903","72h",25,0.96,1.55773363339248
"WINFIELD L & D","WV07903","72h",50,0.98,1.69646676818656
"WINFIELD L & D","WV07903","72h",100,0.99,1.83055459229203
"WINFIELD L & D","WV07903","72h",200,0.995,1.96065947456214
"WINFIELD L & D","WV07903","72h",500,0.998,2.1271267372053
"WINFIELD L & D","WV07903","72h",1000,0.999,2.24914034687482
"WINFIELD L & D","WV07903","72h",2000,0.9995,2.36793576871487
"WINFIELD L & D","WV07903","72h",5000,0.9998,2.52021483138529
"WINFIELD L & D","WV07903","72h",10000,0.9999,2.63192525486011
"UMBARGER DAM","TX00026","24h",2,0.5,0.921603047223388
"UMBARGER DAM","TX00026","24h",5,0.8,1.2776770041751
"UMBARGER DAM","TX00026","24h",10,0.9,1.52547494721581
"UMBARGER DAM","TX00026","24h",25,0.96,1.85299512828167
"UMBARGER DAM","TX00026","24h",50,0.98,2.10682562724445
"UMBARGER DAM","TX00026","24h",100,0.99,2.3683151704025
"UMBARGER DAM","TX00026","24h",200,0.995,2.63865313848685
"UMBARGER DAM","TX00026","24h",500,0.998,3.0109072980952
"UMBARGER DAM","TX00026","24h",1000,0.999,3.3045090843568
"UMBARGER DAM","TX00026","24h",2000,0.9995,3.60899254968436
"UMBARGER DAM","TX00026","24h",5000,0.9998,4.02897384298917
"UMBARGER DAM","TX00026","24h",10000,0.9999,4.36047688578261
"UMBARGER DAM","TX00026","72h",2,0.5,0.92005574041817
"UMBARGER DAM","TX00026","72h",5,0.8,1.2857370851822
"UMBARGER DAM","TX00026","72h",10,0.9,1.5396545329452
"UMBARGER DAM","TX00026","72h",25,0.96,1.87458599449555
"UMBARGER DAM","TX00026","72h",50,0.98,2.13365308307673
"UMBARGER DAM","TX00026","72h",100,0.99,2.40009367679406
"UMBARGER DAM","TX00026","72h",200,0.995,2.67509495376238
"UMBARGER DAM","TX00026","72h",500,0.998,3.0530446811925
"UMBARGER DAM","TX00026","72h",1000,0.999,3.35057020162743
"UMBARGER DAM","TX00026","72h",2000,0.9995,3.65861533195226
"UMBARGER DAM","TX00026","72h",5000,0.9998,4.08269676164721
"UMBARGER DAM","TX00026","72h",10000,0.9999,4.41679855185608
"BEAR CREEK","AL05901","24h",2,0.5,0.931408618014654
"BEAR CREEK","AL05901","24h",5,0.8,1.23531091055011
"BEAR CREEK","AL05901","24h",10,0.9,1.4447317033909
"BEAR CREEK","AL05901","24h",25,0.96,1.71726784286691
"BEAR CREEK","AL05901","24h",50,0.98,1.92552784076302
"BEAR CREEK","AL05901","24h",100,0.99,2.13797373454473
"BEAR CREEK","AL05901","24h",200,0.995,2.35591517912703
"BEAR CREEK","AL05901","24h",500,0.998,2.65399502818301
"BEAR CREEK","AL05901","24h",1000,0.999,2.88790943624151
"BEAR CREEK","AL05901","24h",2000,0.9995,3.12968944109021
"BEAR CREEK","AL05901","24h",5000,0.9998,3.46215966042416
"BEAR CREEK","AL05901","24h",10000,0.9999,3.72391284117514
"BEAR CREEK","AL05901","72h",2,0.5,0.936723340870531
"BEAR CREEK","AL05901","72h",5,0.8,1.23232131370716
"BEAR CREEK","AL05901","72h",10,0.9,1.4362347202492
"BEAR CREEK","AL05901","72h",25,0.96,1.703616525863
"BEAR CREEK","AL05901","72h",50,0.98,1.90924860629271
"BEAR CREEK","AL05901","72h",100,0.99,2.11970188182765
"BEAR CREEK","AL05901","72h",200,0.995,2.33586339062943
"BEAR CREEK","AL05901","72h",500,0.998,2.63127602926212
"BEAR CREEK","AL05901","72h",1000,0.999,2.86252630435071
"BEAR CREEK","AL05901","72h",2000,0.9995,3.10079722594203
"BEAR CREEK","AL05901","72h",5000,0.9998,3.4269813438587
"BEAR CREEK","AL05901","72h",10000,0.9999,3.68252086115256
"MERRITT DAM","NE01074","24h",2,0.5,0.931948033613843
"MERRITT DAM","NE01074","24h",5,0.8,1.26919762160438
"MERRITT DAM","NE01074","24h",10,0.9,1.49774138288109
"MERRITT DAM","NE01074","24h",25,0.96,1.79263527643269
"MERRITT DAM","NE01074","24h",50,0.98,2.01591317951601
"MERRITT DAM","NE01074","24h",100,0.99,2.24141477707681
"MERRITT DAM","NE01074","24h",200,0.995,2.46999733442472
"MERRITT DAM","NE01074","24h",500,0.998,2.77764494377804
"MERRITT DAM","NE01074","24h",1000,0.999,3.0148323424068
"MERRITT DAM","NE01074","24h",2000,0.9995,3.25603338520903
"MERRITT DAM","NE01074","24h",5000,0.9998,3.58122965847707
"MERRITT DAM","NE01074","24h",10000,0.9999,3.83214838540305
"MERRITT DAM","NE01074","72h",2,0.5,0.940371706575304
"MERRITT DAM","NE01074","72h",5,0.8,1.26263808414047
"MERRITT DAM","NE01074","72h",10,0.9,1.47573305020546
"MERRITT DAM","NE01074","72h",25,0.96,1.74466801460714
"MERRITT DAM","NE01074","72h",50,0.98,1.94395518323337
"MERRITT DAM","NE01074","72h",100,0.99,2.14158222548972
"MERRITT DAM","NE01074","72h",200,0.995,2.33830144268815
"MERRITT DAM","NE01074","72h",500,0.998,2.59755024991002
"MERRITT DAM","NE01074","72h",1000,0.999,2.79326956977583
"MERRITT DAM","NE01074","72h",2000,0.9995,2.9887336008126
"MERRITT DAM","NE01074","72h",5000,0.9998,3.24678917405726
"MERRITT DAM","NE01074","72h",10000,0.9999,3.44176906475716
"RUSH LAKE","MN00211","24h",2,0.5,0.918726985064911
"RUSH LAKE","MN00211","24h",5,0.8,1.25768281189341
"RUSH LAKE","MN00211","24h",10,0.9,1.50022645344425
"RUSH LAKE","MN00211","24h",25,0.96,1.82900431279314
"RUSH LAKE","MN00211","24h",50,0.98,2.09011437164766
"RUSH LAKE","MN00211","24h",100,0.99,2.36475660630235
"RUSH LAKE","MN00211","24h",200,0.995,2.65462683802879
"RUSH LAKE","MN00211","24h",500,0.998,3.06347434299968
"RUSH LAKE","MN00211","24h",1000,0.999,3.39372241154471
"RUSH LAKE","MN00211","24h",2000,0.9995,3.74333342426103
"RUSH LAKE","MN00211","24h",5000,0.9998,4.2372496282861
"RUSH LAKE","MN00211","24h",10000,0.9999,4.63651270514533
"RUSH LAKE","MN00211","72h",2,0.5,0.932459756757117
"RUSH LAKE","MN00211","72h",5,0.8,1.22700079566755
"RUSH LAKE","MN00211","72h",10,0.9,1.44423398863374
"RUSH LAKE","MN00211","72h",25,0.96,1.76244209584041
"RUSH LAKE","MN00211","72h",50,0.98,2.03960196288062
"RUSH LAKE","MN00211","72h",100,0.99,2.35720605110446
"RUSH LAKE","MN00211","72h",200,0.995,2.72328347523556
"RUSH LAKE","MN00211","72h",500,0.998,3.29636129634297
"RUSH LAKE","MN00211","72h",1000,0.999,3.80991092852987
"RUSH LAKE","MN00211","72h",2000,0.9995,4.40488397307828
"RUSH LAKE","MN00211","72h",5000,0.9998,5.33889691564484
"RUSH LAKE","MN00211","72h",10000,0.9999,6.17695781353599
"OXY-2-8","FL00718","24h",2,0.5,0.924481700702318
"OXY-2-8","FL00718","24h",5,0.8,1.25008428013785
"OXY-2-8","FL00718","24h",10,0.9,1.48050871994799
"OXY-2-8","FL00718","24h",25,0.96,1.78973429418901
"OXY-2-8","FL00718","24h",50,0.98,2.03294095796675
"OXY-2-8","FL00718","24h",100,0.99,2.28664420512743
"OXY-2-8","FL00718","24h",200,0.995,2.55222023755289
"OXY-2-8","FL00718","24h",500,0.998,2.92324110565742
"OXY-2-8","FL00718","24h",1000,0.999,3.22010526366742
"OXY-2-8","FL00718","24h",2000,0.9995,3.5318122558097
"OXY-2-8","FL00718","24h",5000,0.9998,3.96800224889189
"OXY-2-8","FL00718","24h",10000,0.9999,4.31727655104231
"OXY-2-8","FL00718","72h",2,0.5,0.917669404454365
"OXY-2-8","FL00718","72h",5,0.8,1.25175693509511
"OXY-2-8","FL00718","72h",10,0.9,1.49305661285382
"OXY-2-8","FL00718","72h",25,0.96,1.82293358045394
"OXY-2-8","FL00718","72h",50,0.98,2.08707140215162
"OXY-2-8","FL00718","72h",100,0.99,2.36684328002203
"OXY-2-8","FL00718","72h",200,0.995,2.66418337676157
"OXY-2-8","FL00718","72h",500,0.998,3.08695950826571
"OXY-2-8","FL00718","72h",1000,0.999,3.431199691853
"OXY-2-8","FL00718","72h",2000,0.9995,3.79814796606407
"OXY-2-8","FL00718","72h",5000,0.9998,4.32074201883266
"OXY-2-8","FL00718","72h",10000,0.9999,4.74657438166256
"INDIAN POND","ME00090","24h",2,0.5,0.937879788585337
"INDIAN POND","ME00090","24h",5,0.8,1.22494541912489
"INDIAN POND","ME00090","24h",10,0.9,1.42032178328856
"INDIAN POND","ME00090","24h",25,0.96,1.67228010914657
"INDIAN POND","ME00090","24h",50,0.98,1.86335505488356
"INDIAN POND","ME00090","24h",100,0.99,2.05715650362474
"INDIAN POND","ME00090","24h",200,0.995,2.25493988715692
"INDIAN POND","ME00090","24h",500,0.998,2.52395848990439
"INDIAN POND","ME00090","24h",1000,0.999,2.73399357515966
"INDIAN POND","ME00090","24h",2000,0.9995,2.95020058887583
"INDIAN POND","ME00090","24h",5000,0.9998,3.24616935226048
"INDIAN POND","ME00090","24h",10000,0.9999,3.47819585134979
"INDIAN POND","ME00090","72h",2,0.5,0.94641293879351
"INDIAN POND","ME00090","72h",5,0.8,1.22440846879898
"INDIAN POND","ME00090","72h",10,0.9,1.41033062868459
"INDIAN POND","ME00090","72h",25,0.96,1.64738996810684
"INDIAN POND","ME00090","72h",50,0.98,1.82481555074637
"INDIAN POND","ME00090","72h",100,0.99,2.00225745022045
"INDIAN POND","ME00090","72h",200,0.995,2.18037602828242
"INDIAN POND","ME00090","72h",500,0.998,2.4174085744615
"INDIAN POND","ME00090","72h",1000,0.999,2.59810391189872
"INDIAN POND","ME00090","72h",2000,0.9995,2.78008021474358
"INDIAN POND","ME00090","72h",5000,0.9998,3.0226744785424
"INDIAN POND","ME00090","72h",10000,0.9999,3.20776083873201
"SAVANNAH RIVER PAR POND LOWER DAM","SC83401","24h",2,0.5,0.926612102405322
"SAVANNAH RIVER PAR POND LOWER DAM","SC83401","24h",5,0.8,1.20915631634052
"SAVANNAH RIVER PAR POND LOWER DAM","SC83401","24h",10,0.9,1.4242673269925
"SAVANNAH RIVER PAR POND LOWER DAM","SC83401","24h",25,0.96,1.74787785375041
"SAVANNAH RIVER PAR POND LOWER DAM","SC83401","24h",50,0.98,2.03681854010496
"SAVANNAH RIVER PAR POND LOWER DAM","SC83401","24h",100,0.99,2.3749274345464
"SAVANNAH RIVER PAR POND LOWER DAM","SC83401","24h",200,0.995,2.77279402107542
"SAVANNAH RIVER PAR POND LOWER DAM","SC83401","24h",500,0.998,3.41083333106125
"SAVANNAH RIVER PAR POND LOWER DAM","SC83401","24h",1000,0.999,3.9962756235197
"SAVANNAH RIVER PAR POND LOWER DAM","SC83401","24h",2000,0.9995,4.68859531654137
"SAVANNAH RIVER PAR POND LOWER DAM","SC83401","24h",5000,0.9998,5.80182661726903
"SAVANNAH RIVER PAR POND LOWER DAM","SC83401","24h",10000,0.9999,6.82453931927824
"SAVANNAH RIVER PAR POND LOWER DAM","SC83401","72h",2,0.5,0.934173474349681
"SAVANNAH RIVER PAR POND LOWER DAM","SC83401","72h",5,0.8,1.20716643564165
"SAVANNAH RIVER PAR POND LOWER DAM","SC83401","72h",10,0.9,1.41101452861153
"SAVANNAH RIVER PAR POND LOWER DAM","SC83401","72h",25,0.96,1.71272902662276
"SAVANNAH RIVER PAR POND LOWER DAM","SC83401","72h",50,0.98,1.97807229559424
"SAVANNAH RIVER PAR POND LOWER DAM","SC83401","72h",100,0.99,2.28462351115805
"SAVANNAH RIVER PAR POND LOWER DAM","SC83401","72h",200,0.995,2.64082103840932
"SAVANNAH RIVER PAR POND LOWER DAM","SC83401","72h",500,0.998,3.20368760527691
"SAVANNAH RIVER PAR POND LOWER DAM","SC83401","72h",1000,0.999,3.71275167713394
"SAVANNAH RIVER PAR POND LOWER DAM","SC83401","72h",2000,0.9995,4.30725556421804
"SAVANNAH RIVER PAR POND LOWER DAM","SC83401","72h",5000,0.9998,5.24928877679906
"SAVANNAH RIVER PAR POND LOWER DAM","SC83401","72h",10000,0.9999,6.10234643294468
"J. CLARK SALYER #357 DAM","ND00325","24h",2,0.5,0.928641989898379
"J. CLARK SALYER #357 DAM","ND00325","24h",5,0.8,1.26899456880771
"J. CLARK SALYER #357 DAM","ND00325","24h",10,0.9,1.51489054147268
"J. CLARK SALYER #357 DAM","ND00325","24h",25,0.96,1.86892331897033
"J. CLARK SALYER #357 DAM","ND00325","24h",50,0.98,2.17236850677806
"J. CLARK SALYER #357 DAM","ND00325","24h",100,0.99,2.51540944428562
"J. CLARK SALYER #357 DAM","ND00325","24h",200,0.995,2.90553686532113
"J. CLARK SALYER #357 DAM","ND00325","24h",500,0.998,3.50680923404034
"J. CLARK SALYER #357 DAM","ND00325","24h",1000,0.999,4.03742795797299
"J. CLARK SALYER #357 DAM","ND00325","24h",2000,0.9995,4.64406245764164
"J. CLARK SALYER #357 DAM","ND00325","24h",5000,0.9998,5.58170385205361
"J. CLARK SALYER #357 DAM","ND00325","24h",10000,0.9999,6.41024952215044
"J. CLARK SALYER #357 DAM","ND00325","72h",2,0.5,0.923626053916989
"J. CLARK SALYER #357 DAM","ND00325","72h",5,0.8,1.29295313019716
"J. CLARK SALYER #357 DAM","ND00325","72h",10,0.9,1.54506262726353
"J. CLARK SALYER #357 DAM","ND00325","72h",25,0.96,1.87251101719547
"J. CLARK SALYER #357 DAM","ND00325","72h",50,0.98,2.12202513244801
"J. CLARK SALYER #357 DAM","ND00325","72h",100,0.99,2.3753946756911
"J. CLARK SALYER #357 DAM","ND00325","72h",200,0.995,2.63361492969825
"J. CLARK SALYER #357 DAM","ND00325","72h",500,0.998,2.9833306147063
"J. CLARK SALYER #357 DAM","ND00325","72h",1000,0.999,3.25463597867831
"J. CLARK SALYER #357 DAM","ND00325","72h",2000,0.9995,3.53201712012544
"J. CLARK SALYER #357 DAM","ND00325","72h",5000,0.9998,3.90833216496635
"J. CLARK SALYER #357 DAM","ND00325","72h",10000,0.9999,4.20050597256347
"INTERNATIONAL FALLS","MN83002","24h",2,0.5,0.925321796261423
"INTERNATIONAL FALLS","MN83002","24h",5,0.8,1.24131230861243
"INTERNATIONAL FALLS","MN83002","24h",10,0.9,1.47608609053524
"INTERNATIONAL FALLS","MN83002","24h",25,0.96,1.8221144111653
"INTERNATIONAL FALLS","MN83002","24h",50,0.98,2.12524023508658
"INTERNATIONAL FALLS","MN83002","24h",100,0.99,2.47428584079931
"INTERNATIONAL FALLS","MN83002","24h",200,0.995,2.87853563631835
"INTERNATIONAL FALLS","MN83002","24h",500,0.998,3.51490830878102
"INTERNATIONAL FALLS","MN83002","24h",1000,0.999,4.08830714844863
"INTERNATIONAL FALLS","MN83002","24h",2000,0.9995,4.75577825200772
"INTERNATIONAL FALLS","MN83002","24h",5000,0.9998,5.8094332715199
"INTERNATIONAL FALLS","MN83002","24h",10000,0.9999,6.76002148804592
"INTERNATIONAL FALLS","MN83002","72h",2,0.5,0.928836912510306
"INTERNATIONAL FALLS","MN83002","72h",5,0.8,1.23170475363749
"INTERNATIONAL FALLS","MN83002","72h",10,0.9,1.45640707280409
"INTERNATIONAL FALLS","MN83002","72h",25,0.96,1.78719450626339
"INTERNATIONAL FALLS","MN83002","72h",50,0.98,2.07664595626412
"INTERNATIONAL FALLS","MN83002","72h",100,0.99,2.40963192149791
"INTERNATIONAL FALLS","MN83002","72h",200,0.995,2.79492299110022
"INTERNATIONAL FALLS","MN83002","72h",500,0.998,3.40079350317011
"INTERNATIONAL FALLS","MN83002","72h",1000,0.999,3.94612807449044
"INTERNATIONAL FALLS","MN83002","72h",2000,0.9995,4.58034518353995
"INTERNATIONAL FALLS","MN83002","72h",5000,0.9998,5.58042615532779
"INTERNATIONAL FALLS","MN83002","72h",10000,0.9999,6.48172347715858
"WHATCOM LAKE DAM","WA00158","24h",2,0.5,0.950773962226572
"WHATCOM LAKE DAM","WA00158","24h",5,0.8,1.1910974296795
"WHATCOM LAKE DAM","WA00158","24h",10,0.9,1.36384643437874
"WHATCOM LAKE DAM","WA00158","24h",25,0.96,1.61151315031962
"WHATCOM LAKE DAM","WA00158","24h",50,0.98,1.82295374590549
"WHATCOM LAKE DAM","WA00158","24h",100,0.99,2.0611896470236
"WHATCOM LAKE DAM","WA00158","24h",200,0.995,2.33123489424723
"WHATCOM LAKE DAM","WA00158","24h",500,0.998,2.74584282289322
"WHATCOM LAKE DAM","WA00158","24h",1000,0.999,3.11035567341279
"WHATCOM LAKE DAM","WA00158","24h",2000,0.9995,3.52573028789286
"WHATCOM LAKE DAM","WA00158","24h",5000,0.9998,4.16530792792198
"WHATCOM LAKE DAM","WA00158","24h",10000,0.9999,4.72834946623787
"WHATCOM LAKE DAM","WA00158","72h",2,0.5,0.952369028682129
"WHATCOM LAKE DAM","WA00158","72h",5,0.8,1.18954160272457
"WHATCOM LAKE DAM","WA00158","72h",10,0.9,1.35930972876677
"WHATCOM LAKE DAM","WA00158","72h",25,0.96,1.60184927982924
"WHATCOM LAKE DAM","WA00158","72h",50,0.98,1.80823513032658
"WHATCOM LAKE DAM","WA00158","72h",100,0.99,2.04013413272969
"WHATCOM LAKE DAM","WA00158","72h",200,0.995,2.302278983395
"WHATCOM LAKE DAM","WA00158","72h",500,0.998,2.70348082861474
"WHATCOM LAKE DAM","WA00158","72h",1000,0.999,3.05510697169802
"WHATCOM LAKE DAM","WA00158","72h",2000,0.9995,3.45471371551276
"WHATCOM LAKE DAM","WA00158","72h",5000,0.9998,4.06806991468762
"WHATCOM LAKE DAM","WA00158","72h",10000,0.9999,4.60634698312384
"EMMETT SANDERS LOCK & DAM","AR00167","24h",2,0.5,0.938508010057893
"EMMETT SANDERS LOCK & DAM","AR00167","24h",5,0.8,1.2411556164395
"EMMETT SANDERS LOCK & DAM","AR00167","24h",10,0.9,1.44355260506157
"EMMETT SANDERS LOCK & DAM","AR00167","24h",25,0.96,1.70123925833808
"EMMETT SANDERS LOCK & DAM","AR00167","24h",50,0.98,1.89456894320463
"EMMETT SANDERS LOCK & DAM","AR00167","24h",100,0.99,2.08907785558917
"EMMETT SANDERS LOCK & DAM","AR00167","24h",200,0.995,2.28613188453865
"EMMETT SANDERS LOCK & DAM","AR00167","24h",500,0.998,2.55207706263142
"EMMETT SANDERS LOCK & DAM","AR00167","24h",1000,0.999,2.75822346131292
"EMMETT SANDERS LOCK & DAM","AR00167","24h",2000,0.9995,2.96920018015718
"EMMETT SANDERS LOCK & DAM","AR00167","24h",5000,0.9998,3.25617988676971
"EMMETT SANDERS LOCK & DAM","AR00167","24h",10000,0.9999,3.47981274241738
"EMMETT SANDERS LOCK & DAM","AR00167","72h",2,0.5,0.938102631685078
"EMMETT SANDERS LOCK & DAM","AR00167","72h",5,0.8,1.24235103890427
"EMMETT SANDERS LOCK & DAM","AR00167","72h",10,0.9,1.44588952217251
"EMMETT SANDERS LOCK & DAM","AR00167","72h",25,0.96,1.70509543301512
"EMMETT SANDERS LOCK & DAM","AR00167","72h",50,0.98,1.89960644103338
"EMMETT SANDERS LOCK & DAM","AR00167","72h",100,0.99,2.0953352902578
"EMMETT SANDERS LOCK & DAM","AR00167","72h",200,0.995,2.29365409437008
"EMMETT SANDERS LOCK & DAM","AR00167","72h",500,0.998,2.56134761978661
"EMMETT SANDERS LOCK & DAM","AR00167","72h",1000,0.999,2.76887888593895
"EMMETT SANDERS LOCK & DAM","AR00167","72h",2000,0.9995,2.98129736911569
"EMMETT SANDERS LOCK & DAM","AR00167","72h",5000,0.9998,3.27027465195374
"EMMETT SANDERS LOCK & DAM","AR00167","72h",10000,0.9999,3.4954909768679
"LOPEZ","CA00887","24h",2,0.5,0.933687371835691
"LOPEZ","CA00887","24h",5,0.8,1.27553055231655
"LOPEZ","CA00887","24h",10,0.9,1.51846862583023
"LOPEZ","CA00887","24h",25,0.96,1.86346676088018
"LOPEZ","CA00887","24h",50,0.98,2.15539936266728
"LOPEZ","CA00887","24h",100,0.99,2.48187616479192
"LOPEZ","CA00887","24h",200,0.995,2.84921576685377
"LOPEZ","CA00887","24h",500,0.998,3.40837287790829
"LOPEZ","CA00887","24h",1000,0.999,3.89582734670197
"LOPEZ","CA00887","24h",2000,0.9995,4.44724186633357
"LOPEZ","CA00887","24h",5000,0.9998,5.2890499350769
"LOPEZ","CA00887","24h",10000,0.9999,6.02389068842322
"LOPEZ","CA00887","72h",2,0.5,0.907497550809861
"LOPEZ","CA00887","72h",5,0.8,1.32586517972285
"LOPEZ","CA00887","72h",10,0.9,1.61740382987377
"LOPEZ","CA00887","72h",25,0.96,2.00320427237224
"LOPEZ","CA00887","72h",50,0.98,2.30255345976257
"LOPEZ","CA00887","72h",100,0.99,2.6112430832579
"LOPEZ","CA00887","72h",200,0.995,2.9306952152441
"LOPEZ","CA00887","72h",500,0.998,3.37108603133174
"LOPEZ","CA00887","72h",1000,0.999,3.71882608868331
"LOPEZ","CA00887","72h",2000,0.9995,4.07981069281081
"LOPEZ","CA00887","72h",5000,0.9998,4.57829758589328
"LOPEZ","CA00887","72h",10000,0.9999,4.97221764531002
"CYPRESS BLACK BAYOU SITE 1","LA00013","24h",2,0.5,0.918094065106607
"CYPRESS BLACK BAYOU SITE 1","LA00013","24h",5,0.8,1.23498207073998
"CYPRESS BLACK BAYOU SITE 1","LA00013","24h",10,0.9,1.46770596625886
"CYPRESS BLACK BAYOU SITE 1","LA00013","24h",25,0.96,1.79072462787021
"CYPRESS BLACK BAYOU SITE 1","LA00013","24h",50,0.98,2.05318715269263
"CYPRESS BLACK BAYOU SITE 1","LA00013","24h",100,0.99,2.33467594912185
"CYPRESS BLACK BAYOU SITE 1","LA00013","24h",200,0.995,2.63757728163513
"CYPRESS BLACK BAYOU SITE 1","LA00013","24h",500,0.998,3.07451723198103
"CYPRESS BLACK BAYOU SITE 1","LA00013","24h",1000,0.999,3.43541281530852
"CYPRESS BLACK BAYOU SITE 1","LA00013","24h",2000,0.9995,3.82489652864446
"CYPRESS BLACK BAYOU SITE 1","LA00013","24h",5000,0.9998,4.38762455768391
"CYPRESS BLACK BAYOU SITE 1","LA00013","24h",10000,0.9999,4.85275482124415
"CYPRESS BLACK BAYOU SITE 1","LA00013","72h",2,0.5,0.920678714959735
"CYPRESS BLACK BAYOU SITE 1","LA00013","72h",5,0.8,1.24462238907462
"CYPRESS BLACK BAYOU SITE 1","LA00013","72h",10,0.9,1.4780822850818
"CYPRESS BLACK BAYOU SITE 1","LA00013","72h",25,0.96,1.7966046855817
"CYPRESS BLACK BAYOU SITE 1","LA00013","72h",50,0.98,2.05115914384085
"CYPRESS BLACK BAYOU SITE 1","LA00013","72h",100,0.99,2.32033772782675
"CYPRESS BLACK BAYOU SITE 1","LA00013","72h",200,0.995,2.605952172981
"CYPRESS BLACK BAYOU SITE 1","LA00013","72h",500,0.998,3.01128592531606
"CYPRESS BLACK BAYOU SITE 1","LA00013","72h",1000,0.999,3.34070299728243
"CYPRESS BLACK BAYOU SITE 1","LA00013","72h",2000,0.9995,3.69127972534883
"CYPRESS BLACK BAYOU SITE 1","LA00013","72h",5000,0.9998,4.18961330631227
"CYPRESS BLACK BAYOU SITE 1","LA00013","72h",10000,0.9999,4.59491413248297
"HOWARD PRAIRIE","OR00580","24h",2,0.5,0.932064256371503
"HOWARD PRAIRIE","OR00580","24h",5,0.8,1.26280645452279
"HOWARD PRAIRIE","OR00580","24h",10,0.9,1.48464428297017
"HOWARD PRAIRIE","OR00580","24h",25,0.96,1.76769029798843
"HOWARD PRAIRIE","OR00580","24h",50,0.98,1.98042903689547
"HOWARD PRAIRIE","OR00580","24h",100,0.99,2.19475580673603
"HOWARD PRAIRIE","OR00580","24h",200,0.995,2.41215431169049
"HOWARD PRAIRIE","OR00580","24h",500,0.998,2.70594018715406
"HOWARD PRAIRIE","OR00580","24h",1000,0.999,2.93394220773375
"HOWARD PRAIRIE","OR00580","24h",2000,0.9995,3.16751369367303
"HOWARD PRAIRIE","OR00580","24h",5000,0.9998,3.48556637060784
"HOWARD PRAIRIE","OR00580","24h",10000,0.9999,3.73366287823026
"HOWARD PRAIRIE","OR00580","72h",2,0.5,0.931530699886008
"HOWARD PRAIRIE","OR00580","72h",5,0.8,1.27718654882892
"HOWARD PRAIRIE","OR00580","72h",10,0.9,1.51016667176919
"HOWARD PRAIRIE","OR00580","72h",25,0.96,1.80932302741718
"HOWARD PRAIRIE","OR00580","72h",50,0.98,2.03475892649385
"HOWARD PRAIRIE","OR00580","72h",100,0.99,2.2615267015795
"HOWARD PRAIRIE","OR00580","72h",200,0.995,2.49047573448054
"HOWARD PRAIRIE","OR00580","72h",500,0.998,2.79719295275104
"HOWARD PRAIRIE","OR00580","72h",1000,0.999,3.03257367078561
"HOWARD PRAIRIE","OR00580","72h",2000,0.9995,3.27098723063342
"HOWARD PRAIRIE","OR00580","72h",5000,0.9998,3.59094357246199
"HOWARD PRAIRIE","OR00580","72h",10000,0.9999,3.83668316678176
"FELSENTHAL LOCK & DAM","AR01514","24h",2,0.5,0.927182225420853
"FELSENTHAL LOCK & DAM","AR01514","24h",5,0.8,1.24167778117863
"FELSENTHAL LOCK & DAM","AR01514","24h",10,0.9,1.4641171444567
"FELSENTHAL LOCK & DAM","AR01514","24h",25,0.96,1.76247493412963
"FELSENTHAL LOCK & DAM","AR01514","24h",50,0.98,1.99701851857269
"FELSENTHAL LOCK & DAM","AR01514","24h",100,0.99,2.24158226739166
"FELSENTHAL LOCK & DAM","AR01514","24h",200,0.995,2.49748439968962
"FELSENTHAL LOCK & DAM","AR01514","24h",500,0.998,2.85481751034467
"FELSENTHAL LOCK & DAM","AR01514","24h",1000,0.999,3.14059232141871
"FELSENTHAL LOCK & DAM","AR01514","24h",2000,0.9995,3.44053107036821
"FELSENTHAL LOCK & DAM","AR01514","24h",5000,0.9998,3.86005051487815
"FELSENTHAL LOCK & DAM","AR01514","24h",10000,0.9999,4.19581481613214
"FELSENTHAL LOCK & DAM","AR01514","72h",2,0.5,0.931174970136633
"FELSENTHAL LOCK & DAM","AR01514","72h",5,0.8,1.22946604364779
"FELSENTHAL LOCK & DAM","AR01514","72h",10,0.9,1.44979368908898
"FELSENTHAL LOCK & DAM","AR01514","72h",25,0.96,1.77293841858888
"FELSENTHAL LOCK & DAM","AR01514","72h",50,0.98,2.05472598228663
"FELSENTHAL LOCK & DAM","AR01514","72h",100,0.99,2.3779504968273
"FELSENTHAL LOCK & DAM","AR01514","72h",200,0.995,2.75086843373785
"FELSENTHAL LOCK & DAM","AR01514","72h",500,0.998,3.33531529160994
"FELSENTHAL LOCK & DAM","AR01514","72h",1000,0.999,3.85963478316156
"FELSENTHAL LOCK & DAM","AR01514","72h",2000,0.9995,4.46767028118161
"FELSENTHAL LOCK & DAM","AR01514","72h",5000,0.9998,5.42326440570698
"FELSENTHAL LOCK & DAM","AR01514","72h",10000,0.9999,6.28163979935866
"BIRCH HILL DAM","MA00963","24h",2,0.5,0.920971077922689
"BIRCH HILL DAM","MA00963","24h",5,0.8,1.2170302924073
"BIRCH HILL DAM","MA00963","24h",10,0.9,1.43698879697843
"BIRCH HILL DAM","MA00963","24h",25,0.96,1.74552886091647
"BIRCH HILL DAM","MA00963","24h",50,0.98,1.99879103962172
"BIRCH HILL DAM","MA00963","24h",100,0.99,2.2727793114946
"BIRCH HILL DAM","MA00963","24h",200,0.995,2.57016444065858
"BIRCH HILL DAM","MA00963","24h",500,0.998,3.00347201520232
"BIRCH HILL DAM","MA00963","24h",1000,0.999,3.36493975358579
"BIRCH HILL DAM","MA00963","24h",2000,0.9995,3.7584049207204
"BIRCH HILL DAM","MA00963","24h",5000,0.9998,4.33260374814164
"BIRCH HILL DAM","MA00963","24h",10000,0.9999,4.81194747116711
"BIRCH HILL DAM","MA00963","72h",2,0.5,0.916087281876486
"BIRCH HILL DAM","MA00963","72h",5,0.8,1.22755211587567
"BIRCH HILL DAM","MA00963","72h",10,0.9,1.45973556881799
"BIRCH HILL DAM","MA00963","72h",25,0.96,1.78642460345022
"BIRCH HILL DAM","MA00963","72h",50,0.98,2.0553780250138
"BIRCH HILL DAM","MA00963","72h",100,0.99,2.34707613162706
"BIRCH HILL DAM","MA00963","72h",200,0.995,2.6644782340238
"BIRCH HILL DAM","MA00963","72h",500,0.998,3.12830218372512
"BIRCH HILL DAM","MA00963","72h",1000,0.999,3.51634488659844
"BIRCH HILL DAM","MA00963","72h",2000,0.9995,3.939792706995
"BIRCH HILL DAM","MA00963","72h",5000,0.9998,4.55954684088181
"BIRCH HILL DAM","MA00963","72h",10000,0.9999,5.07841364436219
"PINTO DAM","WA00269","24h",2,0.5,0.928995730818728
"PINTO DAM","WA00269","24h",5,0.8,1.23987421278491
"PINTO DAM","WA00269","24h",10,0.9,1.45877710138237
"PINTO DAM","WA00269","24h",25,0.96,1.75120568836142
"PINTO DAM","WA00269","24h",50,0.98,1.98019002989624
"PINTO DAM","WA00269","24h",100,0.99,2.21816292245196
"PINTO DAM","WA00269","24h",200,0.995,2.46634501306179
"PINTO DAM","WA00269","24h",500,0.998,2.8115682446049
"PINTO DAM","WA00269","24h",1000,0.999,3.08660542359366
"PINTO DAM","WA00269","24h",2000,0.9995,3.37432417913466
"PINTO DAM","WA00269","24h",5000,0.9998,3.77521087274421
"PINTO DAM","WA00269","24h",10000,0.9999,4.09484019399129
"PINTO DAM","WA00269","72h",2,0.5,0.943735454260837
"PINTO DAM","WA00269","72h",5,0.8,1.23099648306648
"PINTO DAM","WA00269","72h",10,0.9,1.42399016522789
"PINTO DAM","WA00269","72h",25,0.96,1.67107738006366
"PINTO DAM","WA00269","72h",50,0.98,1.85674651990957
"PINTO DAM","WA00269","72h",100,0.99,2.04306195946705
"PINTO DAM","WA00269","72h",200,0.995,2.23071817904555
"PINTO DAM","WA00269","72h",500,0.998,2.48141787281824
"PINTO DAM","WA00269","72h",1000,0.999,2.67327639049421
"PINTO DAM","WA00269","72h",2000,0.9995,2.86714294925564
"PINTO DAM","WA00269","72h",5000,0.9998,3.12659486212036
"PINTO DAM","WA00269","72h",10000,0.9999,3.32531285547019
"NORTH SPRINGFIELD DAM","VT00003","24h",2,0.5,0.933618646407179
"NORTH SPRINGFIELD DAM","VT00003","24h",5,0.8,1.21665162215286
"NORTH SPRINGFIELD DAM","VT00003","24h",10,0.9,1.41768908755969
"NORTH SPRINGFIELD DAM","VT00003","24h",25,0.96,1.68838148738241
"NORTH SPRINGFIELD DAM","VT00003","24h",50,0.98,1.90197131162152
"NORTH SPRINGFIELD DAM","VT00003","24h",100,0.99,2.12539358545406
"NORTH SPRINGFIELD DAM","VT00003","24h",200,0.995,2.35991262644429
"NORTH SPRINGFIELD DAM","VT00003","24h",500,0.998,2.68858816794316
"NORTH SPRINGFIELD DAM","VT00003","24h",1000,0.999,2.95240194187354
"NORTH SPRINGFIELD DAM","VT00003","24h",2000,0.9995,3.23016164784734
"NORTH SPRINGFIELD DAM","VT00003","24h",5000,0.9998,3.62008130999275
"NORTH SPRINGFIELD DAM","VT00003","24h",10000,0.9999,3.93329100868315
"NORTH SPRINGFIELD DAM","VT00003","72h",2,0.5,0.92284862957534
"NORTH SPRINGFIELD DAM","VT00003","72h",5,0.8,1.2338122366813
"NORTH SPRINGFIELD DAM","VT00003","72h",10,0.9,1.45464179174552
"NORTH SPRINGFIELD DAM","VT00003","72h",25,0.96,1.74843584151963
"NORTH SPRINGFIELD DAM","VT00003","72h",50,0.98,1.97712298086523
"NORTH SPRINGFIELD DAM","VT00003","72h",100,0.99,2.21367349201261
"NORTH SPRINGFIELD DAM","VT00003","72h",200,0.995,2.45942488282941
"NORTH SPRINGFIELD DAM","VT00003","72h",500,0.998,2.80008040825027
"NORTH SPRINGFIELD DAM","VT00003","72h",1000,0.999,3.07073279404764
"NORTH SPRINGFIELD DAM","VT00003","72h",2000,0.9995,3.35329099032372
"NORTH SPRINGFIELD DAM","VT00003","72h",5000,0.9998,3.74610684112991
"NORTH SPRINGFIELD DAM","VT00003","72h",10000,0.9999,4.05857795501817
"HINCKLEY","NY00181","24h",2,0.5,0.942315887146811
"HINCKLEY","NY00181","24h",5,0.8,1.21771791622584
"HINCKLEY","NY00181","24h",10,0.9,1.40643889652899
"HINCKLEY","NY00181","24h",25,0.96,1.65241287308152
"HINCKLEY","NY00181","24h",50,0.98,1.84047920428429
"HINCKLEY","NY00181","24h",100,0.99,2.03200147072284
"HINCKLEY","NY00181","24h",200,0.995,2.22774941926404
"HINCKLEY","NY00181","24h",500,0.998,2.49373714907484
"HINCKLEY","NY00181","24h",1000,0.999,2.70076985804552
"HINCKLEY","NY00181","24h",2000,0.9995,2.91304224262025
"HINCKLEY","NY00181","24h",5000,0.9998,3.20198013672216
"HINCKLEY","NY00181","24h",10000,0.9999,3.42705484503481
"HINCKLEY","NY00181","72h",2,0.5,0.946829099681991
"HINCKLEY","NY00181","72h",5,0.8,1.21453324712347
"HINCKLEY","NY00181","72h",10,0.9,1.39248507572693
"HINCKLEY","NY00181","72h",25,0.96,1.6180542005968
"HINCKLEY","NY00181","72h",50,0.98,1.78666427932572
"HINCKLEY","NY00181","72h",100,0.99,1.95583265561281
"HINCKLEY","NY00181","72h",200,0.995,2.12678354080308
"HINCKLEY","NY00181","72h",500,0.998,2.35688352725584
"HINCKLEY","NY00181","72h",1000,0.999,2.5348045685692
"HINCKLEY","NY00181","72h",2000,0.9995,2.71653248741828
"HINCKLEY","NY00181","72h",5000,0.9998,2.96318843415158
"HINCKLEY","NY00181","72h",10000,0.9999,3.15500281377029
"LOON LAKE MAIN","CA00820","24h",2,0.5,0.929879257205724
"LOON LAKE MAIN","CA00820","24h",5,0.8,1.2557683356361
"LOON LAKE MAIN","CA00820","24h",10,0.9,1.48093554990913
"LOON LAKE MAIN","CA00820","24h",25,0.96,1.77661216777075
"LOON LAKE MAIN","CA00820","24h",50,0.98,2.00432234337316
"LOON LAKE MAIN","CA00820","24h",100,0.99,2.23764818002724
"LOON LAKE MAIN","CA00820","24h",200,0.995,2.47758574169173
"LOON LAKE MAIN","CA00820","24h",500,0.998,2.80594060157153
"LOON LAKE MAIN","CA00820","24h",1000,0.999,3.06332868106165
"LOON LAKE MAIN","CA00820","24h",2000,0.9995,3.32884269524377
"LOON LAKE MAIN","CA00820","24h",5000,0.9998,3.69281839039721
"LOON LAKE MAIN","CA00820","24h",10000,0.9999,3.97835301462739
"LOON LAKE MAIN","CA00820","72h",2,0.5,0.920291042291409
"LOON LAKE MAIN","CA00820","72h",5,0.8,1.28488156996395
"LOON LAKE MAIN","CA00820","72h",10,0.9,1.53804474904044
"LOON LAKE MAIN","CA00820","72h",25,0.96,1.87198506424488
"LOON LAKE MAIN","CA00820","72h",50,0.98,2.13028833802438
"LOON LAKE MAIN","CA00820","72h",100,0.99,2.39594585233495
"LOON LAKE MAIN","CA00820","72h",200,0.995,2.67014143010892
"LOON LAKE MAIN","CA00820","72h",500,0.998,3.04698788894022
"LOON LAKE MAIN","CA00820","72h",1000,0.999,3.3436480777364
"LOON LAKE MAIN","CA00820","72h",2000,0.9995,3.65080011274231
"LOON LAKE MAIN","CA00820","72h",5000,0.9998,4.07365656392602
"LOON LAKE MAIN","CA00820","72h",10000,0.9999,4.40679684355985
"OAKLEY","ID00233","24h",2,0.5,0.93103807653142
"OAKLEY","ID00233","24h",5,0.8,1.25373743887719
"OAKLEY","ID00233","24h",10,0.9,1.47623080359007
"OAKLEY","ID00233","24h",25,0.96,1.76783856005653
"OAKLEY","ID00233","24h",50,0.98,1.99199969053121
"OAKLEY","ID00233","24h",100,0.99,2.22132764070283
"OAKLEY","ID00233","24h",200,0.995,2.45678509755741
"OAKLEY","ID00233","24h",500,0.998,2.7784245303493
"OAKLEY","ID00233","24h",1000,0.999,3.03009338313254
"OAKLEY","ID00233","24h",2000,0.9995,3.2893034467673
"OAKLEY","ID00233","24h",5000,0.9998,3.6439944631886
"OAKLEY","ID00233","24h",10000,0.9999,3.92174356185314
"OAKLEY","ID00233","72h",2,0.5,0.934598850097995
"OAKLEY","ID00233","72h",5,0.8,1.25810276061114
"OAKLEY","ID00233","72h",10,0.9,1.47745273925232
"OAKLEY","ID00233","72h",25,0.96,1.76062521369151
"OAKLEY","ID00233","72h",50,0.98,1.97513229529697
"OAKLEY","ID00233","72h",100,0.99,2.19186499770721
"OAKLEY","ID00233","72h",200,0.995,2.41164888874878
"OAKLEY","ID00233","72h",500,0.998,2.70759489841108
"OAKLEY","ID00233","72h",1000,0.999,2.93586870925618
"OAKLEY","ID00233","72h",2000,0.9995,3.16809999976968
"OAKLEY","ID00233","72h",5000,0.9998,3.48135125937365
"OAKLEY","ID00233","72h",10000,0.9999,3.72316760021971
"MANSFIELD HOLLOW DAM","CT00503","24h",2,0.5,0.930942692154302
"MANSFIELD HOLLOW DAM","CT00503","24h",5,0.8,1.2118511765101
"MANSFIELD HOLLOW DAM","CT00503","24h",10,0.9,1.4226435934907
"MANSFIELD HOLLOW DAM","CT00503","24h",25,0.96,1.73592565276764
"MANSFIELD HOLLOW DAM","CT00503","24h",50,0.98,2.01250104255419
"MANSFIELD HOLLOW DAM","CT00503","24h",100,0.99,2.33306551558997
"MANSFIELD HOLLOW DAM","CT00503","24h",200,0.995,2.70674129414884
"MANSFIELD HOLLOW DAM","CT00503","24h",500,0.998,3.29943378634466
"MANSFIELD HOLLOW DAM","CT00503","24h",1000,0.999,3.83743751494767
"MANSFIELD HOLLOW DAM","CT00503","24h",2000,0.9995,4.46773545186627
"MANSFIELD HOLLOW DAM","CT00503","24h",5000,0.9998,5.47020266721209
"MANSFIELD HOLLOW DAM","CT00503","24h",10000,0.9999,6.38130627619503
"MANSFIELD HOLLOW DAM","CT00503","72h",2,0.5,0.916623255628538
"MANSFIELD HOLLOW DAM","CT00503","72h",5,0.8,1.22919488008407
"MANSFIELD HOLLOW DAM","CT00503","72h",10,0.9,1.46136081036143
"MANSFIELD HOLLOW DAM","CT00503","72h",25,0.96,1.78694699806157
"MANSFIELD HOLLOW DAM","CT00503","72h",50,0.98,2.05414006722522
"MANSFIELD HOLLOW DAM","CT00503","72h",100,0.99,2.34314277869418
"MANSFIELD HOLLOW DAM","CT00503","72h",200,0.995,2.65676350090465
"MANSFIELD HOLLOW DAM","CT00503","72h",500,0.998,3.11362398013592
"MANSFIELD HOLLOW DAM","CT00503","72h",1000,0.999,3.4946544202102
"MANSFIELD HOLLOW DAM","CT00503","72h",2000,0.9995,3.9093337518001
"MANSFIELD HOLLOW DAM","CT00503","72h",5000,0.9998,4.5143547194258
"MANSFIELD HOLLOW DAM","CT00503","72h",10000,0.9999,5.01931602109932
"LEWISTON","NY00689","24h",2,0.5,0.931986720140807
"LEWISTON","NY00689","24h",5,0.8,1.22104630191907
"LEWISTON","NY00689","24h",10,0.9,1.42658381047532
"LEWISTON","NY00689","24h",25,0.96,1.70360396268304
"LEWISTON","NY00689","24h",50,0.98,1.9223917831816
"LEWISTON","NY00689","24h",100,0.99,2.15143410456715
"LEWISTON","NY00689","24h",200,0.995,2.39204326686752
"LEWISTON","NY00689","24h",500,0.998,2.729564937939
"LEWISTON","NY00689","24h",1000,0.999,3.0007271898686
"LEWISTON","NY00689","24h",2000,0.9995,3.28644947324946
"LEWISTON","NY00689","24h",5000,0.9998,3.68791599423071
"LEWISTON","NY00689","24h",10000,0.9999,4.01069586980034
"LEWISTON","NY00689","72h",2,0.5,0.950016992939505
"LEWISTON","NY00689","72h",5,0.8,1.21183777137651
"LEWISTON","NY00689","72h",10,0.9,1.38646616516472
"LEWISTON","NY00689","72h",25,0.96,1.60857893139564
"LEWISTON","NY00689","72h",50,0.98,1.77442137659789
"LEWISTON","NY00689","72h",100,0.99,1.93994319551673
"LEWISTON","NY00689","72h",200,0.995,2.10576161475926
"LEWISTON","NY00689","72h",500,0.998,2.32591113063096
"LEWISTON","NY00689","72h",1000,0.999,2.49334559789109
"LEWISTON","NY00689","72h",2000,0.9995,2.66162909186799
"LEWISTON","NY00689","72h",5000,0.9998,2.8854474397707
"LEWISTON","NY00689","72h",10000,0.9999,3.0558118484049
"WYNOOCHEE","WA00302","24h",2,0.5,0.951457377892333
"WYNOOCHEE","WA00302","24h",5,0.8,1.20368757229233
"WYNOOCHEE","WA00302","24h",10,0.9,1.38265201709549
"WYNOOCHEE","WA00302","24h",25,0.96,1.63645991087042
"WYNOOCHEE","WA00302","24h",50,0.98,1.85095970793758
"WYNOOCHEE","WA00302","24h",100,0.99,2.09058802921344
"WYNOOCHEE","WA00302","24h",200,0.995,2.35992754035236
"WYNOOCHEE","WA00302","24h",500,0.998,2.76941373259021
"WYNOOCHEE","WA00302","24h",1000,0.999,3.12596401217943
"WYNOOCHEE","WA00302","24h",2000,0.9995,3.52888119573772
"WYNOOCHEE","WA00302","24h",5000,0.9998,4.14324568075205
"WYNOOCHEE","WA00302","24h",10000,0.9999,4.67890504369815
"WYNOOCHEE","WA00302","72h",2,0.5,0.961723792676306
"WYNOOCHEE","WA00302","72h",5,0.8,1.21511090713295
"WYNOOCHEE","WA00302","72h",10,0.9,1.37441499240133
"WYNOOCHEE","WA00302","72h",25,0.96,1.5665444934941
"WYNOOCHEE","WA00302","72h",50,0.98,1.70275951300832
"WYNOOCHEE","WA00302","72h",100,0.99,1.83287085386857
"WYNOOCHEE","WA00302","72h",200,0.995,1.95764620271548
"WYNOOCHEE","WA00302","72h",500,0.998,2.11514662371429
"WYNOOCHEE","WA00302","72h",1000,0.999,2.22903144960273
"WYNOOCHEE","WA00302","72h",2000,0.9995,2.33862669369718
"WYNOOCHEE","WA00302","72h",5000,0.9998,2.4772266585778
"WYNOOCHEE","WA00302","72h",10000,0.9999,2.57753290377467
"HEART BUTTE","ND00149","24h",2,0.5,0.925896894866969
"HEART BUTTE","ND00149","24h",5,0.8,1.27106117964176
"HEART BUTTE","ND00149","24h",10,0.9,1.50938205181001
"HEART BUTTE","ND00149","24h",25,0.96,1.82213616092607
"HEART BUTTE","ND00149","24h",50,0.98,2.06285272167307
"HEART BUTTE","ND00149","24h",100,0.99,2.30937897829258
"HEART BUTTE","ND00149","24h",200,0.995,2.56276148987939
"HEART BUTTE","ND00149","24h",500,0.998,2.90931036381366
"HEART BUTTE","ND00149","24h",1000,0.999,3.18080002809935
"HEART BUTTE","ND00149","24h",2000,0.9995,3.4607184296112
"HEART BUTTE","ND00149","24h",5000,0.9998,3.84421334347227
"HEART BUTTE","ND00149","24h",10000,0.9999,4.14488335614315
"HEART BUTTE","ND00149","72h",2,0.5,0.937404057184722
"HEART BUTTE","ND00149","72h",5,0.8,1.27065512859407
"HEART BUTTE","ND00149","72h",10,0.9,1.49192544701505
"HEART BUTTE","ND00149","72h",25,0.96,1.77221984403997
"HEART BUTTE","ND00149","72h",50,0.98,1.98067795438748
"HEART BUTTE","ND00149","72h",100,0.99,2.18803568249195
"HEART BUTTE","ND00149","72h",200,0.995,2.39507254049369
"HEART BUTTE","ND00149","72h",500,0.998,2.66888535830148
"HEART BUTTE","ND00149","72h",1000,0.999,2.87633124087581
"HEART BUTTE","ND00149","72h",2000,0.9995,3.08413743930206
"HEART BUTTE","ND00149","72h",5000,0.9998,3.35945731854398
"HEART BUTTE","ND00149","72h",10000,0.9999,3.56821696157424
"BOR WANSHIP","UT10131","24h",2,0.5,0.95456683372764
"BOR WANSHIP","UT10131","24h",5,0.8,1.19920904249354
"BOR WANSHIP","UT10131","24h",10,0.9,1.37156503889273
"BOR WANSHIP","UT10131","24h",25,0.96,1.61456289919674
"BOR WANSHIP","UT10131","24h",50,0.98,1.81879846376908
"BOR WANSHIP","UT10131","24h",100,0.99,2.04590345716582
"BOR WANSHIP","UT10131","24h",200,0.995,2.29999751917866
"BOR WANSHIP","UT10131","24h",500,0.998,2.68425045832464
"BOR WANSHIP","UT10131","24h",1000,0.999,3.0170767852708
"BOR WANSHIP","UT10131","24h",2000,0.9995,3.39147847763555
"BOR WANSHIP","UT10131","24h",5000,0.9998,3.95933924129682
"BOR WANSHIP","UT10131","24h",10000,0.9999,4.45186437958609
"BOR WANSHIP","UT10131","72h",2,0.5,0.955906438080556
"BOR WANSHIP","UT10131","72h",5,0.8,1.20100843998764
"BOR WANSHIP","UT10131","72h",10,0.9,1.37263801899157
"BOR WANSHIP","UT10131","72h",25,0.96,1.61338546710835
"BOR WANSHIP","UT10131","72h",50,0.98,1.81477140491598
"BOR WANSHIP","UT10131","72h",100,0.99,2.03781416907118
"BOR WANSHIP","UT10131","72h",200,0.995,2.28637831840263
"BOR WANSHIP","UT10131","72h",500,0.998,2.66054615025846
"BOR WANSHIP","UT10131","72h",1000,0.999,2.98317399549393
"BOR WANSHIP","UT10131","72h",2000,0.9995,3.34468460919946
"BOR WANSHIP","UT10131","72h",5000,0.9998,3.89049176350962
"BOR WANSHIP","UT10131","72h",10000,0.9999,4.36175654890926
"STURGEON LAKE","MN00095","24h",2,0.5,0.928386884597728
"STURGEON LAKE","MN00095","24h",5,0.8,1.2287623428068
"STURGEON LAKE","MN00095","24h",10,0.9,1.45242106253833
"STURGEON LAKE","MN00095","24h",25,0.96,1.7826694958696
"STURGEON LAKE","MN00095","24h",50,0.98,2.07246387979025
"STURGEON LAKE","MN00095","24h",100,0.99,2.40663748444298
"STURGEON LAKE","MN00095","24h",200,0.995,2.79421269285338
"STURGEON LAKE","MN00095","24h",500,0.998,3.40534438649163
"STURGEON LAKE","MN00095","24h",1000,0.999,3.95689295418029
"STURGEON LAKE","MN00095","24h",2000,0.9995,4.59983187522804
"STURGEON LAKE","MN00095","24h",5000,0.9998,5.61643075823842
"STURGEON LAKE","MN00095","24h",10000,0.9999,6.53507160464958
"STURGEON LAKE","MN00095","72h",2,0.5,0.937118858608028
"STURGEON LAKE","MN00095","72h",5,0.8,1.22057571912706
"STURGEON LAKE","MN00095","72h",10,0.9,1.42800222221608
"STURGEON LAKE","MN00095","72h",25,0.96,1.72985879072669
"STURGEON LAKE","MN00095","72h",50,0.98,1.99117500631278
"STURGEON LAKE","MN00095","72h",100,0.99,2.28908373852722
"STURGEON LAKE","MN00095","72h",200,0.995,2.63071329232632
"STURGEON LAKE","MN00095","72h",500,0.998,3.16235607188352
"STURGEON LAKE","MN00095","72h",1000,0.999,3.63600733327944
"STURGEON LAKE","MN00095","72h",2000,0.9995,4.18199166665856
"STURGEON LAKE","MN00095","72h",5000,0.9998,5.03405327678773
"STURGEON LAKE","MN00095","72h",10000,0.9999,5.79415049352214
"MIDVALE DAM","NJ00205","24h",2,0.5,0.919601785859227
"MIDVALE DAM","NJ00205","24h",5,0.8,1.21303579388042
"MIDVALE DAM","NJ00205","24h",10,0.9,1.43975586216627
"MIDVALE DAM","NJ00205","24h",25,0.96,1.78508803715426
"MIDVALE DAM","NJ00205","24h",50,0.98,2.09699584445903
"MIDVALE DAM","NJ00205","24h",100,0.99,2.46555142021113
"MIDVALE DAM","NJ00205","24h",200,0.995,2.90344354490197
"MIDVALE DAM","NJ00205","24h",500,0.998,3.61359421291017
"MIDVALE DAM","NJ00205","24h",1000,0.999,4.27240257046385
"MIDVALE DAM","NJ00205","24h",2000,0.9995,5.0589499802687
"MIDVALE DAM","NJ00205","24h",5000,0.9998,6.33790583185081
"MIDVALE DAM","NJ00205","24h",10000,0.9999,7.52582096911907
"MIDVALE DAM","NJ00205","72h",2,0.5,0.922788491346443
"MIDVALE DAM","NJ00205","72h",5,0.8,1.24102844803092
"MIDVALE DAM","NJ00205","72h",10,0.9,1.46965977645597
"MIDVALE DAM","NJ00205","72h",25,0.96,1.78070605414286
"MIDVALE DAM","NJ00205","72h",50,0.98,2.02860200971136
"MIDVALE DAM","NJ00205","72h",100,0.99,2.29012531189017
"MIDVALE DAM","NJ00205","72h",200,0.995,2.56697038361083
"MIDVALE DAM","NJ00205","72h",500,0.998,2.95879581746474
"MIDVALE DAM","NJ00205","72h",1000,0.999,3.27637964005182
"MIDVALE DAM","NJ00205","72h",2000,0.9995,3.61357921880257
"MIDVALE DAM","NJ00205","72h",5000,0.9998,4.09160348530196
"MIDVALE DAM","NJ00205","72h",10000,0.9999,4.47934382493452
"GULL LAKE","MN00596","24h",2,0.5,0.920703317089189
"GULL LAKE","MN00596","24h",5,0.8,1.25031717928616
"GULL LAKE","MN00596","24h",10,0.9,1.48644123754144
"GULL LAKE","MN00596","24h",25,0.96,1.80684415780384
"GULL LAKE","MN00596","24h",50,0.98,2.06155424345154
"GULL LAKE","MN00596","24h",100,0.99,2.32969006780581
"GULL LAKE","MN00596","24h",200,0.995,2.61292975851377
"GULL LAKE","MN00596","24h",500,0.998,3.01281310069779
"GULL LAKE","MN00596","24h",1000,0.999,3.33613162666367
"GULL LAKE","MN00596","24h",2000,0.9995,3.67869160115262
"GULL LAKE","MN00596","24h",5000,0.9998,4.16311522588303
"GULL LAKE","MN00596","24h",10000,0.9999,4.55508183229735
"GULL LAKE","MN00596","72h",2,0.5,0.930706532225777
"GULL LAKE","MN00596","72h",5,0.8,1.24058334844607
"GULL LAKE","MN00596","72h",10,0.9,1.45729815676099
"GULL LAKE","MN00596","72h",25,0.96,1.7450186254917
"GULL LAKE","MN00596","72h",50,0.98,1.96897158896649
"GULL LAKE","MN00596","72h",100,0.99,2.20053323554069
"GULL LAKE","MN00596","72h",200,0.995,2.44080893281385
"GULL LAKE","MN00596","72h",500,0.998,2.77307596555947
"GULL LAKE","MN00596","72h",1000,0.999,3.03624898838543
"GULL LAKE","MN00596","72h",2000,0.9995,3.31017238576652
"GULL LAKE","MN00596","72h",5000,0.9998,3.68960628729646
"GULL LAKE","MN00596","72h",10000,0.9999,3.99037083680375
"MORSE LAKE DAM","WA00256","24h",2,0.5,0.937456636617523
"MORSE LAKE DAM","WA00256","24h",5,0.8,1.21728968766913
"MORSE LAKE DAM","WA00256","24h",10,0.9,1.41296133754598
"MORSE LAKE DAM","WA00256","24h",25,0.96,1.67270565675222
"MORSE LAKE DAM","WA00256","24h",50,0.98,1.8748539743741
"MORSE LAKE DAM","WA00256","24h",100,0.99,2.08384480089085
"MORSE LAKE DAM","WA00256","24h",200,0.995,2.30067412068513
"MORSE LAKE DAM","WA00256","24h",500,0.998,2.60047616413225
"MORSE LAKE DAM","WA00256","24h",1000,0.999,2.83790213197474
"MORSE LAKE DAM","WA00256","24h",2000,0.9995,3.08499704239718
"MORSE LAKE DAM","WA00256","24h",5000,0.9998,3.42722076604443
"MORSE LAKE DAM","WA00256","24h",10000,0.9999,3.69845231636223
"MORSE LAKE DAM","WA00256","72h",2,0.5,0.951150061750039
"MORSE LAKE DAM","WA00256","72h",5,0.8,1.21357046477546
"MORSE LAKE DAM","WA00256","72h",10,0.9,1.38738022699632
"MORSE LAKE DAM","WA00256","72h",25,0.96,1.60706296967504
"MORSE LAKE DAM","WA00256","72h",50,0.98,1.77008931783626
"MORSE LAKE DAM","WA00256","72h",100,0.99,1.93195668351775
"MORSE LAKE DAM","WA00256","72h",200,0.995,2.09327780329401
"MORSE LAKE DAM","WA00256","72h",500,0.998,2.30617818528658
"MORSE LAKE DAM","WA00256","72h",1000,0.999,2.46713444030322
"MORSE LAKE DAM","WA00256","72h",2000,0.9995,2.62807663537834
"MORSE LAKE DAM","WA00256","72h",5000,0.9998,2.84085632223025
"MORSE LAKE DAM","WA00256","72h",10000,0.9999,3.00185434548533
"ELK RAPIDS","MI00517","24h",2,0.5,0.936545405811426
"ELK RAPIDS","MI00517","24h",5,0.8,1.20737381634857
"ELK RAPIDS","MI00517","24h",10,0.9,1.40816551937832
"ELK RAPIDS","MI00517","24h",25,0.96,1.70358111551936
"ELK RAPIDS","MI00517","24h",50,0.98,1.96194030087163
"ELK RAPIDS","MI00517","24h",100,0.99,2.25902117657835
"ELK RAPIDS","MI00517","24h",200,0.995,2.60261112695756
"ELK RAPIDS","MI00517","24h",500,0.998,3.14262111774643
"ELK RAPIDS","MI00517","24h",1000,0.999,3.62842360719263
"ELK RAPIDS","MI00517","24h",2000,0.9995,4.19315157504571
"ELK RAPIDS","MI00517","24h",5000,0.9998,5.0831884285339
"ELK RAPIDS","MI00517","24h",10000,0.9999,5.88489625239606
"ELK RAPIDS","MI00517","72h",2,0.5,0.936230680467949
"ELK RAPIDS","MI00517","72h",5,0.8,1.22324168853477
"ELK RAPIDS","MI00517","72h",10,0.9,1.42355451019329
"ELK RAPIDS","MI00517","72h",25,0.96,1.68900566241397
"ELK RAPIDS","MI00517","72h",50,0.98,1.89525377557756
"ELK RAPIDS","MI00517","72h",100,0.99,2.10818323492717
"ELK RAPIDS","MI00517","72h",200,0.995,2.32878987054965
"ELK RAPIDS","MI00517","72h",500,0.998,2.63331974892361
"ELK RAPIDS","MI00517","72h",1000,0.999,2.87410071804365
"ELK RAPIDS","MI00517","72h",2000,0.9995,3.12433841960169
"ELK RAPIDS","MI00517","72h",5000,0.9998,3.4703537869915
"ELK RAPIDS","MI00517","72h",10000,0.9999,3.74414838895233
"CHINO MINES TAILINGS DAM NO. 6","NM00508","24h",2,0.5,0.926123165603158
"CHINO MINES TAILINGS DAM NO. 6","NM00508","24h",5,0.8,1.28750296059062
"CHINO MINES TAILINGS DAM NO. 6","NM00508","24h",10,0.9,1.53334295872409
"CHINO MINES TAILINGS DAM NO. 6","NM00508","24h",25,0.96,1.85165956361675
"CHINO MINES TAILINGS DAM NO. 6","NM00508","24h",50,0.98,2.09348662197616
"CHINO MINES TAILINGS DAM NO. 6","NM00508","24h",100,0.99,2.33842335435295
"CHINO MINES TAILINGS DAM NO. 6","NM00508","24h",200,0.995,2.5874155127507
"CHINO MINES TAILINGS DAM NO. 6","NM00508","24h",500,0.998,2.92364122608357
"CHINO MINES TAILINGS DAM NO. 6","NM00508","24h",1000,0.999,3.18371654858521
"CHINO MINES TAILINGS DAM NO. 6","NM00508","24h",2000,0.9995,3.44894429012044
"CHINO MINES TAILINGS DAM NO. 6","NM00508","24h",5000,0.9998,3.80771494151141
"CHINO MINES TAILINGS DAM NO. 6","NM00508","24h",10000,0.9999,4.08545145742862
"CHINO MINES TAILINGS DAM NO. 6","NM00508","72h",2,0.5,0.931378947346439
"CHINO MINES TAILINGS DAM NO. 6","NM00508","72h",5,0.8,1.28355695718101
"CHINO MINES TAILINGS DAM NO. 6","NM00508","72h",10,0.9,1.51981243337756
"CHINO MINES TAILINGS DAM NO. 6","NM00508","72h",25,0.96,1.82188069859139
"CHINO MINES TAILINGS DAM NO. 6","NM00508","72h",50,0.98,2.04856809355094
"CHINO MINES TAILINGS DAM NO. 6","NM00508","72h",100,0.99,2.27579244201723
"CHINO MINES TAILINGS DAM NO. 6","NM00508","72h",200,0.995,2.50439970106065
"CHINO MINES TAILINGS DAM NO. 6","NM00508","72h",500,0.998,2.80941816433053
"CHINO MINES TAILINGS DAM NO. 6","NM00508","72h",1000,0.999,3.0425491402186
"CHINO MINES TAILINGS DAM NO. 6","NM00508","72h",2000,0.9995,3.27786173574395
"CHINO MINES TAILINGS DAM NO. 6","NM00508","72h",5000,0.9998,3.59237985118575
"CHINO MINES TAILINGS DAM NO. 6","NM00508","72h",10000,0.9999,3.83296741313713
"CEDAR SPRINGS","CA00049","24h",2,0.5,0.905965863353626
"CEDAR SPRINGS","CA00049","24h",5,0.8,1.32544626844161
"CEDAR SPRINGS","CA00049","24h",10,0.9,1.61904464350175
"CEDAR SPRINGS","CA00049","24h",25,0.96,2.0091180708615
"CEDAR SPRINGS","CA00049","24h",50,0.98,2.31294975949862
"CEDAR SPRINGS","CA00049","24h",100,0.99,2.6272890200735
"CEDAR SPRINGS","CA00049","24h",200,0.995,2.95364846282565
"CEDAR SPRINGS","CA00049","24h",500,0.998,3.40526375834671
"CEDAR SPRINGS","CA00049","24h",1000,0.999,3.76320864203898
"CEDAR SPRINGS","CA00049","24h",2000,0.9995,4.13599243086435
"CEDAR SPRINGS","CA00049","24h",5000,0.9998,4.65271616895516
"CEDAR SPRINGS","CA00049","24h",10000,0.9999,5.06258227183845
"CEDAR SPRINGS","CA00049","72h",2,0.5,0.88137250531641
"CEDAR SPRINGS","CA00049","72h",5,0.8,1.36341341932968
"CEDAR SPRINGS","CA00049","72h",10,0.9,1.70480769745653
"CEDAR SPRINGS","CA00049","72h",25,0.96,2.15810016717923
"CEDAR SPRINGS","CA00049","72h",50,0.98,2.51035360637496
"CEDAR SPRINGS","CA00049","72h",100,0.99,2.87426293213012
"CEDAR SPRINGS","CA00049","72h",200,0.995,3.25189723210721
"CEDAR SPRINGS","CA00049","72h",500,0.998,3.77473350994619
"CEDAR SPRINGS","CA00049","72h",1000,0.999,4.18966671640526
"CEDAR SPRINGS","CA00049","72h",2000,0.9995,4.62246329758542
"CEDAR SPRINGS","CA00049","72h",5000,0.9998,5.22354970305759
"CEDAR SPRINGS","CA00049","72h",10000,0.9999,5.70124835628676
"BEAR CREEK","CO00004","24h",2,0.5,0.928233515504657
"BEAR CREEK","CO00004","24h",5,0.8,1.23594613052617
"BEAR CREEK","CO00004","24h",10,0.9,1.4638276309407
"BEAR CREEK","CO00004","24h",25,0.96,1.79878382440287
"BEAR CREEK","CO00004","24h",50,0.98,2.0914671804294
"BEAR CREEK","CO00004","24h",100,0.99,2.42776780123409
"BEAR CREEK","CO00004","24h",200,0.995,2.81643308441933
"BEAR CREEK","CO00004","24h",500,0.998,3.42676692455003
"BEAR CREEK","CO00004","24h",1000,0.999,3.97537548821601
"BEAR CREEK","CO00004","24h",2000,0.9995,4.61265142012779
"BEAR CREEK","CO00004","24h",5000,0.9998,5.61617642993507
"BEAR CREEK","CO00004","24h",10000,0.9999,6.5193564301784
"BEAR CREEK","CO00004","72h",2,0.5,0.938811135317703
"BEAR CREEK","CO00004","72h",5,0.8,1.25585596589829
"BEAR CREEK","CO00004","72h",10,0.9,1.48093679727831
"BEAR CREEK","CO00004","72h",25,0.96,1.80029918738237
"BEAR CREEK","CO00004","72h",50,0.98,2.07032090031413
"BEAR CREEK","CO00004","72h",100,0.99,2.37208856778429
"BEAR CREEK","CO00004","72h",200,0.995,2.71139775777863
"BEAR CREEK","CO00004","72h",500,0.998,3.22748350700729
"BEAR CREEK","CO00004","72h",1000,0.999,3.67704336362669
"BEAR CREEK","CO00004","72h",2000,0.9995,4.18525192355846
"BEAR CREEK","CO00004","72h",5000,0.9998,4.96049609598937
"BEAR CREEK","CO00004","72h",10000,0.9999,5.63671116423478
"LITTLE BEAR CREEK","AL05903","24h",2,0.5,0.931850632143094
"LITTLE BEAR CREEK","AL05903","24h",5,0.8,1.2350507701735
"LITTLE BEAR CREEK","AL05903","24h",10,0.9,1.44372657111264
"LITTLE BEAR CREEK","AL05903","24h",25,0.96,1.7150446366762
"LITTLE BEAR CREEK","AL05903","24h",50,0.98,1.92221491712097
"LITTLE BEAR CREEK","AL05903","24h",100,0.99,2.1334272134001
"LITTLE BEAR CREEK","AL05903","24h",200,0.995,2.34998966589139
"LITTLE BEAR CREEK","AL05903","24h",500,0.998,2.64601858772964
"LITTLE BEAR CREEK","AL05903","24h",1000,0.999,2.87820426204132
"LITTLE BEAR CREEK","AL05903","24h",2000,0.9995,3.11809803418082
"LITTLE BEAR CREEK","AL05903","24h",5000,0.9998,3.44782484603738
"LITTLE BEAR CREEK","AL05903","24h",10000,0.9999,3.70730693963911
"LITTLE BEAR CREEK","AL05903","72h",2,0.5,0.935464276420135
"LITTLE BEAR CREEK","AL05903","72h",5,0.8,1.23048369220765
"LITTLE BEAR CREEK","AL05903","72h",10,0.9,1.43537501601671
"LITTLE BEAR CREEK","AL05903","72h",25,0.96,1.7056851852948
"LITTLE BEAR CREEK","AL05903","72h",50,0.98,1.91480334020664
"LITTLE BEAR CREEK","AL05903","72h",100,0.99,2.12990413253347
"LITTLE BEAR CREEK","AL05903","72h",200,0.995,2.35194765567005
"LITTLE BEAR CREEK","AL05903","72h",500,0.998,2.65716491336493
"LITTLE BEAR CREEK","AL05903","72h",1000,0.999,2.8974742056891
"LITTLE BEAR CREEK","AL05903","72h",2000,0.9995,3.14631533806184
"LITTLE BEAR CREEK","AL05903","72h",5000,0.9998,3.48894784730682
"LITTLE BEAR CREEK","AL05903","72h",10000,0.9999,3.7589264382031
"LAKE SPAULDING NO. 1","CA00358","24h",2,0.5,0.930192916314987
"LAKE SPAULDING NO. 1","CA00358","24h",5,0.8,1.24809033059681
"LAKE SPAULDING NO. 1","CA00358","24h",10,0.9,1.46913648873016
"LAKE SPAULDING NO. 1","CA00358","24h",25,0.96,1.76107790921436
"LAKE SPAULDING NO. 1","CA00358","24h",50,0.98,1.98716935670564
"LAKE SPAULDING NO. 1","CA00358","24h",100,0.99,2.21993817141043
"LAKE SPAULDING NO. 1","CA00358","24h",200,0.995,2.46043487955153
"LAKE SPAULDING NO. 1","CA00358","24h",500,0.998,2.79136049270397
"LAKE SPAULDING NO. 1","CA00358","24h",1000,0.999,3.05217986764244
"LAKE SPAULDING NO. 1","CA00358","24h",2000,0.9995,3.32249963286225
"LAKE SPAULDING NO. 1","CA00358","24h",5000,0.9998,3.69509157832574
"LAKE SPAULDING NO. 1","CA00358","24h",10000,0.9999,3.98897948300224
"LAKE SPAULDING NO. 1","CA00358","72h",2,0.5,0.915858543677496
"LAKE SPAULDING NO. 1","CA00358","72h",5,0.8,1.2784619332919
"LAKE SPAULDING NO. 1","CA00358","72h",10,0.9,1.5351128708506
"LAKE SPAULDING NO. 1","CA00358","72h",25,0.96,1.87958456106207
"LAKE SPAULDING NO. 1","CA00358","72h",50,0.98,2.15055089001228
"LAKE SPAULDING NO. 1","CA00358","72h",100,0.99,2.43324607797501
"LAKE SPAULDING NO. 1","CA00358","72h",200,0.995,2.72920641488524
"LAKE SPAULDING NO. 1","CA00358","72h",500,0.998,3.14273316393015
"LAKE SPAULDING NO. 1","CA00358","72h",1000,0.999,3.4736533630484
"LAKE SPAULDING NO. 1","CA00358","72h",2000,0.9995,3.82116075347174
"LAKE SPAULDING NO. 1","CA00358","72h",5000,0.9998,4.30751610475148
"LAKE SPAULDING NO. 1","CA00358","72h",10000,0.9999,4.69701372492333
"SHEPAUG","CT00232","24h",2,0.5,0.918371239640555
"SHEPAUG","CT00232","24h",5,0.8,1.21512695374766
"SHEPAUG","CT00232","24h",10,0.9,1.4446687866714
"SHEPAUG","CT00232","24h",25,0.96,1.79462672482583
"SHEPAUG","CT00232","24h",50,0.98,2.11098760099367
"SHEPAUG","CT00232","24h",100,0.99,2.4850799911505
"SHEPAUG","CT00232","24h",200,0.995,2.92987401879522
"SHEPAUG","CT00232","24h",500,0.998,3.65182956464202
"SHEPAUG","CT00232","24h",1000,0.999,4.32214518517548
"SHEPAUG","CT00232","24h",2000,0.9995,5.1230078465939
"SHEPAUG","CT00232","24h",5000,0.9998,6.42634032339882
"SHEPAUG","CT00232","24h",10000,0.9999,7.63789937073869
"SHEPAUG","CT00232","72h",2,0.5,0.901062611358635
"SHEPAUG","CT00232","72h",5,0.8,1.23810756866572
"SHEPAUG","CT00232","72h",10,0.9,1.49756661272467
"SHEPAUG","CT00232","72h",25,0.96,1.87352053438425
"SHEPAUG","CT00232","72h",50,0.98,2.19190770915777
"SHEPAUG","CT00232","72h",100,0.99,2.54565436523128
"SHEPAUG","CT00232","72h",200,0.995,2.93992238231302
"SHEPAUG","CT00232","72h",500,0.998,3.53239024947146
"SHEPAUG","CT00232","72h",1000,0.999,4.04192897278914
"SHEPAUG","CT00232","72h",2000,0.9995,4.61139799130245
"SHEPAUG","CT00232","72h",5000,0.9998,5.46842115872521
"SHEPAUG","CT00232","72h",10000,0.9999,6.20598886427317
"BRADFORD DAM","NY00674","24h",2,0.5,0.93253311864581
"BRADFORD DAM","NY00674","24h",5,0.8,1.23630169588059
"BRADFORD DAM","NY00674","24h",10,0.9,1.44828441022681
"BRADFORD DAM","NY00674","24h",25,0.96,1.72916946774884
"BRADFORD DAM","NY00674","24h",50,0.98,1.94738609444807
"BRADFORD DAM","NY00674","24h",100,0.99,2.17265141467999
"BRADFORD DAM","NY00674","24h",200,0.995,2.40601769535857
"BRADFORD DAM","NY00674","24h",500,0.998,2.72812764722778
"BRADFORD DAM","NY00674","24h",1000,0.999,2.98278213688625
"BRADFORD DAM","NY00674","24h",2000,0.9995,3.24741456384881
"BRADFORD DAM","NY00674","24h",5000,0.9998,3.61329611082102
"BRADFORD DAM","NY00674","24h",10000,0.9999,3.90278039832382
"BRADFORD DAM","NY00674","72h",2,0.5,0.919262283637145
"BRADFORD DAM","NY00674","72h",5,0.8,1.22743546044903
"BRADFORD DAM","NY00674","72h",10,0.9,1.4548539812598
"BRADFORD DAM","NY00674","72h",25,0.96,1.77190050419694
"BRADFORD DAM","NY00674","72h",50,0.98,2.0306055504243
"BRADFORD DAM","NY00674","72h",100,0.99,2.30906964495746
"BRADFORD DAM","NY00674","72h",200,0.995,2.6097957787599
"BRADFORD DAM","NY00674","72h",500,0.998,3.04541530941222
"BRADFORD DAM","NY00674","72h",1000,0.999,3.40671310498762
"BRADFORD DAM","NY00674","72h",2000,0.9995,3.79802888265395
"BRADFORD DAM","NY00674","72h",5000,0.9998,4.36576714298794
"BRADFORD DAM","NY00674","72h",10000,0.9999,4.83698353124114
"BEAVER RUN","PA00484","24h",2,0.5,0.927135337834043
"BEAVER RUN","PA00484","24h",5,0.8,1.19144977870388
"BEAVER RUN","PA00484","24h",10,0.9,1.39602529364871
"BEAVER RUN","PA00484","24h",25,0.96,1.70808309674385
"BEAVER RUN","PA00484","24h",50,0.98,1.99031949732585
"BEAVER RUN","PA00484","24h",100,0.99,2.32419733016671
"BEAVER RUN","PA00484","24h",200,0.995,2.72133784505891
"BEAVER RUN","PA00484","24h",500,0.998,3.36625128155873
"BEAVER RUN","PA00484","24h",1000,0.999,3.96531307826984
"BEAVER RUN","PA00484","24h",2000,0.9995,4.68133311636726
"BEAVER RUN","PA00484","24h",5000,0.9998,5.84714146990844
"BEAVER RUN","PA00484","24h",10000,0.9999,6.9313614643008
"BEAVER RUN","PA00484","72h",2,0.5,0.938226641991785
"BEAVER RUN","PA00484","72h",5,0.8,1.21000862783361
"BEAVER RUN","PA00484","72h",10,0.9,1.40108028015712
"BEAVER RUN","PA00484","72h",25,0.96,1.65596444675551
"BEAVER RUN","PA00484","72h",50,0.98,1.85527356684108
"BEAVER RUN","PA00484","72h",100,0.99,2.06216235900458
"BEAVER RUN","PA00484","72h",200,0.995,2.27767403997811
"BEAVER RUN","PA00484","72h",500,0.998,2.57704499453002
"BEAVER RUN","PA00484","72h",1000,0.999,2.81522971342056
"BEAVER RUN","PA00484","72h",2000,0.9995,3.06410630251944
"BEAVER RUN","PA00484","72h",5000,0.9998,3.41040280589899
"BEAVER RUN","PA00484","72h",10000,0.9999,3.68613442528647
"NEW CUMBERLAND LOCKS AND DAM","WV02901","24h",2,0.5,0.933826319456929
"NEW CUMBERLAND LOCKS AND DAM","WV02901","24h",5,0.8,1.19801897497998
"NEW CUMBERLAND LOCKS AND DAM","WV02901","24h",10,0.9,1.39722942185376
"NEW CUMBERLAND LOCKS AND DAM","WV02901","24h",25,0.96,1.69450307058711
"NEW CUMBERLAND LOCKS AND DAM","WV02901","24h",50,0.98,1.9579387777873
"NEW CUMBERLAND LOCKS AND DAM","WV02901","24h",100,0.99,2.26424921257254
"NEW CUMBERLAND LOCKS AND DAM","WV02901","24h",200,0.995,2.62243775988861
"NEW CUMBERLAND LOCKS AND DAM","WV02901","24h",500,0.998,3.19265653194155
"NEW CUMBERLAND LOCKS AND DAM","WV02901","24h",1000,0.999,3.71212787328803
"NEW CUMBERLAND LOCKS AND DAM","WV02901","24h",2000,0.9995,4.32261905561863
"NEW CUMBERLAND LOCKS AND DAM","WV02901","24h",5000,0.9998,5.29714181828356
"NEW CUMBERLAND LOCKS AND DAM","WV02901","24h",10000,0.9999,6.18603670325446
"NEW CUMBERLAND LOCKS AND DAM","WV02901","72h",2,0.5,0.951359094997015
"NEW CUMBERLAND LOCKS AND DAM","WV02901","72h",5,0.8,1.21700445015202
"NEW CUMBERLAND LOCKS AND DAM","WV02901","72h",10,0.9,1.39216225468869
"NEW CUMBERLAND LOCKS AND DAM","WV02901","72h",25,0.96,1.61265484673993
"NEW CUMBERLAND LOCKS AND DAM","WV02901","72h",50,0.98,1.77563960453111
"NEW CUMBERLAND LOCKS AND DAM","WV02901","72h",100,0.99,1.93692623291506
"NEW CUMBERLAND LOCKS AND DAM","WV02901","72h",200,0.995,2.09713570024055
"NEW CUMBERLAND LOCKS AND DAM","WV02901","72h",500,0.998,2.30775793336485
"NEW CUMBERLAND LOCKS AND DAM","WV02901","72h",1000,0.999,2.46638171275684
"NEW CUMBERLAND LOCKS AND DAM","WV02901","72h",2000,0.9995,2.62446840214593
"NEW CUMBERLAND LOCKS AND DAM","WV02901","72h",5000,0.9998,2.83267290559452
"NEW CUMBERLAND LOCKS AND DAM","WV02901","72h",10000,0.9999,2.98960617681634
"ECHO","UT10120","24h",2,0.5,0.953369394944919
"ECHO","UT10120","24h",5,0.8,1.19539321237756
"ECHO","UT10120","24h",10,0.9,1.36715488831136
"ECHO","UT10120","24h",25,0.96,1.61079385019823
"ECHO","UT10120","24h",50,0.98,1.81673595886137
"ECHO","UT10120","24h",100,0.99,2.04683828279234
"ECHO","UT10120","24h",200,0.995,2.30550873183311
"ECHO","UT10120","24h",500,0.998,2.69884160194641
"ECHO","UT10120","24h",1000,0.999,3.04138439545197
"ECHO","UT10120","24h",2000,0.9995,3.42852891689237
"ECHO","UT10120","24h",5000,0.9998,4.01894384742321
"ECHO","UT10120","24h",10000,0.9999,4.53380822492361
"ECHO","UT10120","72h",2,0.5,0.959408231039992
"ECHO","UT10120","72h",5,0.8,1.20287615725424
"ECHO","UT10120","72h",10,0.9,1.37102458974467
"ECHO","UT10120","72h",25,0.96,1.6041966946455
"ECHO","UT10120","72h",50,0.98,1.79716359988238
"ECHO","UT10120","72h",100,0.99,2.00895941877369
"ECHO","UT10120","72h",200,0.995,2.2428894021232
"ECHO","UT10120","72h",500,0.998,2.59139273114948
"ECHO","UT10120","72h",1000,0.999,2.8888327323172
"ECHO","UT10120","72h",2000,0.9995,3.21918263273274
"ECHO","UT10120","72h",5000,0.9998,3.71281703096409
"ECHO","UT10120","72h",10000,0.9999,4.13470579209699
"FISH CREEK DAM","TX00579","24h",2,0.5,0.917605072001731
"FISH CREEK DAM","TX00579","24h",5,0.8,1.25405484337814
"FISH CREEK DAM","TX00579","24h",10,0.9,1.49653910400768
"FISH CREEK DAM","TX00579","24h",25,0.96,1.82738817750437
"FISH CREEK DAM","TX00579","24h",50,0.98,2.09180476069784
"FISH CREEK DAM","TX00579","24h",100,0.99,2.37142193938383
"FISH CREEK DAM","TX00579","24h",200,0.995,2.66812279129449
"FISH CREEK DAM","TX00579","24h",500,0.998,3.08920717994116
"FISH CREEK DAM","TX00579","24h",1000,0.999,3.43143875799774
"FISH CREEK DAM","TX00579","24h",2000,0.9995,3.79566586641811
"FISH CREEK DAM","TX00579","24h",5000,0.9998,4.31342413502201
"FISH CREEK DAM","TX00579","24h",10000,0.9999,4.73454035068603
"FISH CREEK DAM","TX00579","72h",2,0.5,0.921741816959516
"FISH CREEK DAM","TX00579","72h",5,0.8,1.25939653610796
"FISH CREEK DAM","TX00579","72h",10,0.9,1.49397458730548
"FISH CREEK DAM","TX00579","72h",25,0.96,1.80107247208058
"FISH CREEK DAM","TX00579","72h",50,0.98,2.03691540883885
"FISH CREEK DAM","TX00579","72h",100,0.99,2.2784032022802
"FISH CREEK DAM","TX00579","72h",200,0.995,2.5269828674164
"FISH CREEK DAM","TX00579","72h",500,0.998,2.86819962611525
"FISH CREEK DAM","TX00579","72h",1000,0.999,3.13686063362645
"FISH CREEK DAM","TX00579","72h",2000,0.9995,3.41530418434069
"FISH CREEK DAM","TX00579","72h",5000,0.9998,3.7993213988462
"FISH CREEK DAM","TX00579","72h",10000,0.9999,4.10250062956691
"RIO GRANDE","CO00805","24h",2,0.5,0.958397844870785
"RIO GRANDE","CO00805","24h",5,0.8,1.2194310865642
"RIO GRANDE","CO00805","24h",10,0.9,1.39833189050888
"RIO GRANDE","CO00805","24h",25,0.96,1.64483698775546
"RIO GRANDE","CO00805","24h",50,0.98,1.84762414533073
"RIO GRANDE","CO00805","24h",100,0.99,2.06908342615791
"RIO GRANDE","CO00805","24h",200,0.995,2.31247468454907
"RIO GRANDE","CO00805","24h",500,0.998,2.67298868391693
"RIO GRANDE","CO00805","24h",1000,0.999,2.97893442151955
"RIO GRANDE","CO00805","24h",2000,0.9995,3.31706358000543
"RIO GRANDE","CO00805","24h",5000,0.9998,3.81943055628509
"RIO GRANDE","CO00805","24h",10000,0.9999,4.24635288781226
"RIO GRANDE","CO00805","72h",2,0.5,0.968444516354354
"RIO GRANDE","CO00805","72h",5,0.8,1.22487011182301
"RIO GRANDE","CO00805","72h",10,0.9,1.3941216990704
"RIO GRANDE","CO00805","72h",25,0.96,1.62017110470918
"RIO GRANDE","CO00805","72h",50,0.98,1.80077541228172
"RIO GRANDE","CO00805","72h",100,0.99,1.99322264099236
"RIO GRANDE","CO00805","72h",200,0.995,2.19965082428163
"RIO GRANDE","CO00805","72h",500,0.998,2.49691810148186
"RIO GRANDE","CO00805","72h",1000,0.999,2.7422626301613
"RIO GRANDE","CO00805","72h",2000,0.9995,3.00696808044421
"RIO GRANDE","CO00805","72h",5000,0.9998,3.38936701187497
"RIO GRANDE","CO00805","72h",10000,0.9999,3.70543321798755
"PAINTSVILLE DAM","KY82202","24h",2,0.5,0.939493717381858
"PAINTSVILLE DAM","KY82202","24h",5,0.8,1.20225417509081
"PAINTSVILLE DAM","KY82202","24h",10,0.9,1.38776816266095
"PAINTSVILLE DAM","KY82202","24h",25,0.96,1.63619238000759
"PAINTSVILLE DAM","KY82202","24h",50,0.98,1.83117448957929
"PAINTSVILLE DAM","KY82202","24h",100,0.99,2.03421376558642
"PAINTSVILLE DAM","KY82202","24h",200,0.995,2.24638272577869
"PAINTSVILLE DAM","KY82202","24h",500,0.998,2.54218945916916
"PAINTSVILLE DAM","KY82202","24h",1000,0.999,2.77839489705975
"PAINTSVILLE DAM","KY82202","24h",2000,0.9995,3.02597817993953
"PAINTSVILLE DAM","KY82202","24h",5000,0.9998,3.37173375532994
"PAINTSVILLE DAM","KY82202","24h",10000,0.9999,3.64803542458512
"PAINTSVILLE DAM","KY82202","72h",2,0.5,0.953642506202217
"PAINTSVILLE DAM","KY82202","72h",5,0.8,1.21313468326346
"PAINTSVILLE DAM","KY82202","72h",10,0.9,1.38311290493199
"PAINTSVILLE DAM","KY82202","72h",25,0.96,1.59582029563989
"PAINTSVILLE DAM","KY82202","72h",50,0.98,1.75214592869845
"PAINTSVILLE DAM","KY82202","72h",100,0.99,1.90608754326026
"PAINTSVILLE DAM","KY82202","72h",200,0.995,2.05825860357606
"PAINTSVILLE DAM","KY82202","72h",500,0.998,2.25718941044063
"PAINTSVILLE DAM","KY82202","72h",1000,0.999,2.40616725656621
"PAINTSVILLE DAM","KY82202","72h",2000,0.9995,2.55392330923672
"PAINTSVILLE DAM","KY82202","72h",5000,0.9998,2.74743157746966
"PAINTSVILLE DAM","KY82202","72h",10000,0.9999,2.89246989142591
"PLATORO","CO01671","24h",2,0.5,0.954332350986938
"PLATORO","CO01671","24h",5,0.8,1.23179459594864
"PLATORO","CO01671","24h",10,0.9,1.42299394832036
"PLATORO","CO01671","24h",25,0.96,1.68763994576548
"PLATORO","CO01671","24h",50,0.98,1.9062744496581
"PLATORO","CO01671","24h",100,0.99,2.14589253133739
"PLATORO","CO01671","24h",200,0.995,2.41017071454954
"PLATORO","CO01671","24h",500,0.998,2.80322709104048
"PLATORO","CO01671","24h",1000,0.999,3.13813832194264
"PLATORO","CO01671","24h",2000,0.9995,3.50957414351106
"PLATORO","CO01671","24h",5000,0.9998,4.06367744709383
"PLATORO","CO01671","24h",10000,0.9999,4.536466351744
"PLATORO","CO01671","72h",2,0.5,0.966486089630622
"PLATORO","CO01671","72h",5,0.8,1.25270820681682
"PLATORO","CO01671","72h",10,0.9,1.42408322463784
"PLATORO","CO01671","72h",25,0.96,1.62546449341776
"PLATORO","CO01671","72h",50,0.98,1.76669902710509
"PLATORO","CO01671","72h",100,0.99,1.901781979114
"PLATORO","CO01671","72h",200,0.995,2.032490423025
"PLATORO","CO01671","72h",500,0.998,2.20050672282866
"PLATORO","CO01671","72h",1000,0.999,2.32500173828182
"PLATORO","CO01671","72h",2000,0.9995,2.44787291486098
"PLATORO","CO01671","72h",5000,0.9998,2.60850061275204
"PLATORO","CO01671","72h",10000,0.9999,2.72905313114808
"LAKE COLUMBIA DAM","MI00620","24h",2,0.5,0.940615440657606
"LAKE COLUMBIA DAM","MI00620","24h",5,0.8,1.20819601396647
"LAKE COLUMBIA DAM","MI00620","24h",10,0.9,1.40402413553351
"LAKE COLUMBIA DAM","MI00620","24h",25,0.96,1.68902592888496
"LAKE COLUMBIA DAM","MI00620","24h",50,0.98,1.93577015706528
"LAKE COLUMBIA DAM","MI00620","24h",100,0.99,2.21708476865359
"LAKE COLUMBIA DAM","MI00620","24h",200,0.995,2.539705742457
"LAKE COLUMBIA DAM","MI00620","24h",500,0.998,3.04180522608106
"LAKE COLUMBIA DAM","MI00620","24h",1000,0.999,3.48916884923948
"LAKE COLUMBIA DAM","MI00620","24h",2000,0.9995,4.00488411474045
"LAKE COLUMBIA DAM","MI00620","24h",5000,0.9998,4.80976821924527
"LAKE COLUMBIA DAM","MI00620","24h",10000,0.9999,5.52783285514683
"LAKE COLUMBIA DAM","MI00620","72h",2,0.5,0.94562522681679
"LAKE COLUMBIA DAM","MI00620","72h",5,0.8,1.2250387177732
"LAKE COLUMBIA DAM","MI00620","72h",10,0.9,1.41241373426898
"LAKE COLUMBIA DAM","MI00620","72h",25,0.96,1.65190774365781
"LAKE COLUMBIA DAM","MI00620","72h",50,0.98,1.83157986635029
"LAKE COLUMBIA DAM","MI00620","72h",100,0.99,2.01162961573038
"LAKE COLUMBIA DAM","MI00620","72h",200,0.995,2.19272719139711
"LAKE COLUMBIA DAM","MI00620","72h",500,0.998,2.43428190888961
"LAKE COLUMBIA DAM","MI00620","72h",1000,0.999,2.6188499291811
"LAKE COLUMBIA DAM","MI00620","72h",2000,0.9995,2.80509602385163
"LAKE COLUMBIA DAM","MI00620","72h",5000,0.9998,3.05395581886958
"LAKE COLUMBIA DAM","MI00620","72h",10000,0.9999,3.24426050012206
"STRUCTURE 60","FL00267","24h",2,0.5,0.895695909198169
"STRUCTURE 60","FL00267","24h",5,0.8,1.24160757092201
"STRUCTURE 60","FL00267","24h",10,0.9,1.51067258249794
"STRUCTURE 60","FL00267","24h",25,0.96,1.90427397709588
"STRUCTURE 60","FL00267","24h",50,0.98,2.24066756265915
"STRUCTURE 60","FL00267","24h",100,0.99,2.61735079288666
"STRUCTURE 60","FL00267","24h",200,0.995,3.04045642581369
"STRUCTURE 60","FL00267","24h",500,0.998,3.6820368657708
"STRUCTURE 60","FL00267","24h",1000,0.999,4.23876017557647
"STRUCTURE 60","FL00267","24h",2000,0.9995,4.86579161479661
"STRUCTURE 60","FL00267","24h",5000,0.9998,5.81800025072652
"STRUCTURE 60","FL00267","24h",10000,0.9999,6.6448242992945
"STRUCTURE 60","FL00267","72h",2,0.5,0.900163364649283
"STRUCTURE 60","FL00267","72h",5,0.8,1.23690105943702
"STRUCTURE 60","FL00267","72h",10,0.9,1.49711959049573
"STRUCTURE 60","FL00267","72h",25,0.96,1.87550088301254
"STRUCTURE 60","FL00267","72h",50,0.98,2.19702701819122
"STRUCTURE 60","FL00267","72h",100,0.99,2.55529257206737
"STRUCTURE 60","FL00267","72h",200,0.995,2.95574361563838
"STRUCTURE 60","FL00267","72h",500,0.998,3.55951538048523
"STRUCTURE 60","FL00267","72h",1000,0.999,4.0804893981035
"STRUCTURE 60","FL00267","72h",2000,0.9995,4.6644023641483
"STRUCTURE 60","FL00267","72h",5000,0.9998,5.54609553910219
"STRUCTURE 60","FL00267","72h",10000,0.9999,6.30739603667687
"STRUCTURE 58","FL00266","24h",2,0.5,0.894529483031125
"STRUCTURE 58","FL00266","24h",5,0.8,1.24321188611904
"STRUCTURE 58","FL00266","24h",10,0.9,1.51476456790791
"STRUCTURE 58","FL00266","24h",25,0.96,1.9124514976299
"STRUCTURE 58","FL00266","24h",50,0.98,2.25270351539962
"STRUCTURE 58","FL00266","24h",100,0.99,2.63405854994565
"STRUCTURE 58","FL00266","24h",200,0.995,3.06280448955526
"STRUCTURE 58","FL00266","24h",500,0.998,3.71363217816581
"STRUCTURE 58","FL00266","24h",1000,0.999,4.27897452799955
"STRUCTURE 58","FL00266","24h",2000,0.9995,4.91629449084672
"STRUCTURE 58","FL00266","24h",5000,0.9998,5.88515886359665
"STRUCTURE 58","FL00266","24h",10000,0.9999,6.72733063070511
"STRUCTURE 58","FL00266","72h",2,0.5,0.895874893195156
"STRUCTURE 58","FL00266","72h",5,0.8,1.23539585668009
"STRUCTURE 58","FL00266","72h",10,0.9,1.5012446677252
"STRUCTURE 58","FL00266","72h",25,0.96,1.89251049158295
"STRUCTURE 58","FL00266","72h",50,0.98,2.22886307490572
"STRUCTURE 58","FL00266","72h",100,0.99,2.60738157575931
"STRUCTURE 58","FL00266","72h",200,0.995,3.0346606380344
"STRUCTURE 58","FL00266","72h",500,0.998,3.68632095943694
"STRUCTURE 58","FL00266","72h",1000,0.999,4.25501847140991
"STRUCTURE 58","FL00266","72h",2000,0.9995,4.89870262928121
"STRUCTURE 58","FL00266","72h",5000,0.9998,5.88184727682778
"STRUCTURE 58","FL00266","72h",10000,0.9999,6.74040096780111
