"site","site_id","duration","station","n","mean","Lcv","Lskew","Lkurt"
"WISHON MAIN","CA00411","24h","USC00043551",73,118.362,0.2343,0.1681,0.1602
"WISHON MAIN","CA00411","24h","USC00040755",49,85.922,0.1965,0.1501,0.1088
"WISHON MAIN","CA00411","24h","USC00044176",71,89.805,0.2028,0.2063,0.1985
"WISHON MAIN","CA00411","24h","USC00040820",32,54.519,0.2222,0.1684,0.0478
"WISHON MAIN","CA00411","24h","USC00045496",27,77.192,0.2385,0.2754,0.1793
"WISHON MAIN","CA00411","24h","USC00040819",42,45.076,0.289,0.2049,0.1904
"WISHON MAIN","CA00411","24h","USC00045026",49,127.226,0.2471,0.1638,0.1378
"WISHON MAIN","CA00411","24h","USC00043397",44,138.071,0.2528,0.2128,0.1812
"WISHON MAIN","CA00411","24h","USC00046252",67,87.194,0.1988,0.261,0.2413
"WISHON MAIN","CA00411","24h","USC00041878",25,70.485,0.2128,0.3006,0.1931
"WISHON MAIN","CA00411","24h","USC00048380",65,119.319,0.2384,0.2286,0.1756
"WISHON MAIN","CA00411","24h","USC00048463",38,108.168,0.2595,0.3102,0.2686
"WISHON MAIN","CA00411","24h","USC00048455",20,91.586,0.2634,0.3706,0.2702
"WISHON MAIN","CA00411","24h","USC00042331",38,28.601,0.2529,0.0419,0.0927
"WISHON MAIN","CA00411","24h","USC00045346",65,82.09,0.1969,0.3075,0.2235
"WISHON MAIN","CA00411","24h","USC00262431",74,27.824,0.2776,0.2975,0.2021
"WISHON MAIN","CA00411","24h","USC00045779",38,52.848,0.2922,0.4026,0.3376
"WISHON MAIN","CA00411","24h","USC00044389",20,79.388,0.2632,0.3381,0.2316
"WISHON MAIN","CA00411","24h","USC00041300",23,71.146,0.2785,0.3286,0.1702
"WISHON MAIN","CA00411","24h","USC00043710",84,36.845,0.2572,0.1987,0.1669
"WISHON MAIN","CA00411","24h","USC00044679",41,103.717,0.1914,0.3129,0.2209
"WISHON MAIN","CA00411","24h","USC00040943",53,40.657,0.2281,0.1882,0.116
"WISHON MAIN","CA00411","24h","USC00041697",62,119.733,0.206,0.2038,0.1102
"WISHON MAIN","CA00411","24h","USC00047096",27,84.068,0.1924,0.2588,0.1682
"WISHON MAIN","CA00411","24h","USC00041072",65,37.174,0.2412,0.1773,0.1393
"WISHON MAIN","CA00411","24h","USC00044523",58,44.427,0.2307,0.1579,0.1845
"WISHON MAIN","CA00411","24h","USC00043463",64,54.203,0.2077,0.2708,0.2064
"WISHON MAIN","CA00411","24h","USC00043468",30,60.225,0.2283,0.2631,0.2327
"WISHON MAIN","CA00411","24h","USC00044527",33,39.235,0.2734,0.1762,0.1223
"WISHON MAIN","CA00411","24h","USC00267463",46,24.88,0.2937,0.3957,0.2309
"WISHON MAIN","CA00411","24h","USC00049754",28,48.82,0.2835,0.2988,0.3523
"WISHON MAIN","CA00411","24h","USS0019L08S",46,86.172,0.2464,0.0897,0.0359
"WISHON MAIN","CA00411","72h","USC00043551",73,189.716,0.2673,0.2229,0.1917
"WISHON MAIN","CA00411","72h","USC00040755",49,135.142,0.2515,0.2804,0.1972
"WISHON MAIN","CA00411","72h","USC00044176",71,139.143,0.2412,0.2341,0.1722
"WISHON MAIN","CA00411","72h","USC00040820",32,81.508,0.2895,0.1719,0.0698
"WISHON MAIN","CA00411","72h","USC00045496",27,123.489,0.293,0.3389,0.1653
"WISHON MAIN","CA00411","72h","USC00040819",42,66.03,0.3303,0.2858,0.2544
"WISHON MAIN","CA00411","72h","USC00045026",49,198.386,0.267,0.2278,0.1998
"WISHON MAIN","CA00411","72h","USC00043397",44,211.056,0.2888,0.2746,0.2367
"WISHON MAIN","CA00411","72h","USC00046252",67,139.175,0.2374,0.2474,0.2052
"WISHON MAIN","CA00411","72h","USC00041878",25,101.986,0.2232,0.218,0.1144
"WISHON MAIN","CA00411","72h","USC00048380",65,185.948,0.2656,0.2188,0.1749
"WISHON MAIN","CA00411","72h","USC00048463",38,162.241,0.311,0.3574,0.2237
"WISHON MAIN","CA00411","72h","USC00048455",20,135.131,0.3228,0.4072,0.3555
"WISHON MAIN","CA00411","72h","USC00049855",83,144.308,0.2384,0.2929,0.2531
"WISHON MAIN","CA00411","72h","USC00045346",65,129.086,0.2231,0.2779,0.2408
"WISHON MAIN","CA00411","72h","USC00044881",36,72.469,0.2894,0.2338,0.1747
"WISHON MAIN","CA00411","72h","USC00262431",74,31.826,0.2708,0.2154,0.1618
"WISHON MAIN","CA00411","72h","USC00044389",20,120.041,0.3369,0.3358,0.2247
"WISHON MAIN","CA00411","72h","USC00045400",49,119.728,0.1956,0.2624,0.1667
"WISHON MAIN","CA00411","72h","USC00041300",23,112.355,0.3005,0.3181,0.1057
"WISHON MAIN","CA00411","72h","USC00043939",102,127.537,0.2215,0.2379,0.1924
"WISHON MAIN","CA00411","72h","USC00042539",62,146.187,0.2399,0.1997,0.2309
"WISHON MAIN","CA00411","72h","USC00044679",41,163.863,0.2334,0.2513,0.2018
"WISHON MAIN","CA00411","72h","USC00040943",53,51.242,0.2435,0.1647,0.1373
"WISHON MAIN","CA00411","72h","USC00043672",48,145.129,0.2412,0.22,0.2288
"WISHON MAIN","CA00411","72h","USC00041697",62,188.899,0.2378,0.287,0.236
"WISHON MAIN","CA00411","72h","USC00047096",27,128.632,0.2401,0.335,0.2444
"WISHON MAIN","CA00411","72h","USC00041072",65,48.142,0.2764,0.2387,0.1718
"WISHON MAIN","CA00411","72h","USC00044523",58,64.149,0.2771,0.2688,0.1742
"WISHON MAIN","CA00411","72h","USC00043463",64,75.951,0.2094,0.2192,0.2053
"WISHON MAIN","CA00411","72h","USC00043468",30,81.016,0.2378,0.2367,0.1565
"WISHON MAIN","CA00411","72h","USC00041075",28,55.984,0.3486,0.3678,0.2538
"WISHON MAIN","CA00411","72h","USC00044527",33,55.464,0.2689,0.1985,0.12
"WISHON MAIN","CA00411","72h","USC00267463",46,31.059,0.2909,0.2737,0.1841
"WISHON MAIN","CA00411","72h","USC00049754",28,70.875,0.3255,0.2848,0.234
"WISHON MAIN","CA00411","72h","USS0019L08S",46,130.859,0.2868,0.2143,0.1681
"WISHON MAIN","CA00411","72h","USC00044204",47,78.129,0.2165,0.1255,0.1453
"LAKE FRANCES EAST DAM","MT01125","24h","USC00248501",101,41.084,0.2243,0.2243,0.1535
"LAKE FRANCES EAST DAM","MT01125","24h","USC00246426",49,42.437,0.2197,0.2043,0.1884
"LAKE FRANCES EAST DAM","MT01125","24h","USC00241974",97,39.906,0.2141,0.1491,0.1526
"LAKE FRANCES EAST DAM","MT01125","24h","USC00242820",49,37.498,0.2411,0.2491,0.1643
"LAKE FRANCES EAST DAM","MT01125","24h","USC00241342",37,38.072,0.2419,0.3816,0.2597
"LAKE FRANCES EAST DAM","MT01125","24h","USC00247500",36,35.818,0.196,0.2586,0.1158
"LAKE FRANCES EAST DAM","MT01125","24h","USW00024137",116,36.37,0.2633,0.1346,0.0943
"LAKE FRANCES EAST DAM","MT01125","24h","USC00247501",31,35.795,0.2762,0.205,0.0707
"LAKE FRANCES EAST DAM","MT01125","24h","USS0012A02S",43,60.668,0.2373,0.2115,0.1987
"LAKE FRANCES EAST DAM","MT01125","24h","USC00243346",77,40.16,0.2189,0.2013,0.1315
"LAKE FRANCES EAST DAM","MT01125","24h","USC00241737",109,37.01,0.219,0.2111,0.1236
"LAKE FRANCES EAST DAM","MT01125","24h","USS0012B13S",48,47.18,0.2134,0.2265,0.1907
"LAKE FRANCES EAST DAM","MT01125","24h","USS0013A15S",45,59.699,0.1856,0.1556,0.2041
"LAKE FRANCES EAST DAM","MT01125","24h","USC00241202",79,43.461,0.2726,0.3101,0.2037
"LAKE FRANCES EAST DAM","MT01125","24h","USC00241081",40,35.567,0.1676,0.0606,0.0699
"LAKE FRANCES EAST DAM","MT01125","24h","USC00241080",61,36.629,0.2199,0.2014,0.1463
"LAKE FRANCES EAST DAM","MT01125","24h","USC00242550",90,32.161,0.2131,0.1477,0.1306
"LAKE FRANCES EAST DAM","MT01125","24h","USC00242857",90,37.965,0.2004,0.2397,0.1283
"LAKE FRANCES EAST DAM","MT01125","24h","USC00245211",22,33.91,0.1683,0.2126,0.2043
"LAKE FRANCES EAST DAM","MT01125","24h","USC00242629",39,51.815,0.2867,0.4646,0.3417
"LAKE FRANCES EAST DAM","MT01125","24h","USC00247996",60,38.663,0.2213,0.2796,0.2701
"LAKE FRANCES EAST DAM","MT01125","24h","USC00247362",25,40.043,0.2655,0.2118,0.1512
"LAKE FRANCES EAST DAM","MT01125","24h","USC00246700",61,35.667,0.2317,0.2335,0.179
"LAKE FRANCES EAST DAM","MT01125","24h","USC00248233",56,35.084,0.2329,0.2701,0.2559
"LAKE FRANCES EAST DAM","MT01125","24h","USS0013A26S",46,52.968,0.1981,0.1384,0.0955
"LAKE FRANCES EAST DAM","MT01125","24h","USC00248093",45,46.476,0.2451,0.1866,0.1121
"LAKE FRANCES EAST DAM","MT01125","24h","USC00243489",91,50.305,0.271,0.3464,0.2499
"LAKE FRANCES EAST DAM","MT01125","24h","USC00240364",97,41.387,0.2138,0.1876,0.1686
"LAKE FRANCES EAST DAM","MT01125","24h","USC00247618",28,37.669,0.2055,-0.0146,0.1043
"LAKE FRANCES EAST DAM","MT01125","24h","USC00241525",37,39.025,0.2075,-0.0265,0.1141
"LAKE FRANCES EAST DAM","MT01125","24h","USC00242301",48,47.088,0.244,0.2848,0.1574
"LAKE FRANCES EAST DAM","MT01125","24h","USC00248021",71,38.005,0.2362,0.2503,0.1435
"LAKE FRANCES EAST DAM","MT01125","24h","USC00241692",81,32.884,0.2075,0.2295,0.25
"LAKE FRANCES EAST DAM","MT01125","24h","CA003044533",21,37.93,0.2739,0.1539,0.2725
"LAKE FRANCES EAST DAM","MT01125","24h","USC00243617",104,40.235,0.2378,0.1173,0.0766
"LAKE FRANCES EAST DAM","MT01125","24h","USS0012B17S",48,48.508,0.2419,0.2074,0.1791
"LAKE FRANCES EAST DAM","MT01125","24h","USC00247292",24,57.14,0.2138,0.1845,0.2982
"LAKE FRANCES EAST DAM","MT01125","24h","USW00004130",23,44.905,0.217,0.1857,0.3159
"LAKE FRANCES EAST DAM","MT01125","24h","USW00024143",89,37.779,0.2109,0.1888,0.1231
"LAKE FRANCES EAST DAM","MT01125","24h","USC00243753",26,37.207,0.1957,0.3039,0.2679
"LAKE FRANCES EAST DAM","MT01125","24h","CA003040049",22,41.836,0.2257,0.3171,0.1637
"LAKE FRANCES EAST DAM","MT01125","24h","USC00243749",60,40.998,0.2568,0.2126,0.1136
"LAKE FRANCES EAST DAM","MT01125","24h","USC00244512",79,34.983,0.248,0.2888,0.2325
"LAKE FRANCES EAST DAM","MT01125","24h","CA003044534",20,37.132,0.1983,0.0209,0.1089
"LAKE FRANCES EAST DAM","MT01125","24h","USW00024112",31,42.506,0.2367,0.172,0.1177
"LAKE FRANCES EAST DAM","MT01125","24h","USC00240392",82,49.867,0.2367,0.2043,0.1324
"LAKE FRANCES EAST DAM","MT01125","72h","USC00248501",101,55.09,0.2497,0.2215,0.1474
"LAKE FRANCES EAST DAM","MT01125","72h","USC00246426",49,55.149,0.2367,0.1676,0.1983
"LAKE FRANCES EAST DAM","MT01125","72h","USC00241974",97,50.531,0.2155,0.1106,0.1179
"LAKE FRANCES EAST DAM","MT01125","72h","USC00242820",49,49.869,0.2684,0.303,0.1789
"LAKE FRANCES EAST DAM","MT01125","72h","USC00241342",37,47.686,0.2377,0.3405,0.2177
"LAKE FRANCES EAST DAM","MT01125","72h","USC00247500",36,48.522,0.2369,0.3261,0.1625
"LAKE FRANCES EAST DAM","MT01125","72h","USC00247501",31,44.077,0.2626,0.1424,0.1067
"LAKE FRANCES EAST DAM","MT01125","72h","USS0012A02S",43,84.987,0.2581,0.2506,0.1897
"LAKE FRANCES EAST DAM","MT01125","72h","USC00243346",77,52.139,0.2326,0.1804,0.1505
"LAKE FRANCES EAST DAM","MT01125","72h","USC00241737",109,48.418,0.2275,0.234,0.1716
"LAKE FRANCES EAST DAM","MT01125","72h","USS0012B13S",48,67.36,0.2033,0.3028,0.2563
"LAKE FRANCES EAST DAM","MT01125","72h","USS0013A15S",45,88.138,0.1809,0.3099,0.3164
"LAKE FRANCES EAST DAM","MT01125","72h","USC00241202",79,56.504,0.2681,0.2617,0.2084
"LAKE FRANCES EAST DAM","MT01125","72h","USC00241081",40,46.664,0.1889,0.1959,0.2138
"LAKE FRANCES EAST DAM","MT01125","72h","USC00241080",61,45.619,0.2092,0.1618,0.1171
"LAKE FRANCES EAST DAM","MT01125","72h","USC00242550",90,40.418,0.2088,0.1807,0.134
"LAKE FRANCES EAST DAM","MT01125","72h","USC00242857",90,51.422,0.2316,0.2317,0.1092
"LAKE FRANCES EAST DAM","MT01125","72h","USC00245211",22,41.518,0.1716,0.1729,0.0921
"LAKE FRANCES EAST DAM","MT01125","72h","USC00242629",39,73.896,0.3078,0.443,0.3021
"LAKE FRANCES EAST DAM","MT01125","72h","USC00247996",60,50.944,0.2251,0.2141,0.1728
"LAKE FRANCES EAST DAM","MT01125","72h","USC00247362",25,48.122,0.2682,0.187,0.1093
"LAKE FRANCES EAST DAM","MT01125","72h","USC00246700",61,47.015,0.2219,0.1759,0.177
"LAKE FRANCES EAST DAM","MT01125","72h","USC00248233",56,43.129,0.2515,0.2821,0.1917
"LAKE FRANCES EAST DAM","MT01125","72h","USS0013A26S",46,80.922,0.1942,0.2768,0.2596
"LAKE FRANCES EAST DAM","MT01125","72h","USC00248093",45,61.093,0.2898,0.2636,0.1817
"LAKE FRANCES EAST DAM","MT01125","72h","USC00243489",91,66.651,0.2678,0.2835,0.2605
"LAKE FRANCES EAST DAM","MT01125","72h","USC00247978",40,71.026,0.2066,0.3613,0.3635
"LAKE FRANCES EAST DAM","MT01125","72h","USC00240364",97,55.648,0.2332,0.1778,0.1558
"LAKE FRANCES EAST DAM","MT01125","72h","USC00247618",28,48.454,0.1868,0.08,0.1689
"LAKE FRANCES EAST DAM","MT01125","72h","USC00241525",37,49.112,0.2174,0.089,0.2043
"LAKE FRANCES EAST DAM","MT01125","72h","USC00242301",48,60.635,0.2295,0.2075,0.085
"LAKE FRANCES EAST DAM","MT01125","72h","USC00248021",71,49.455,0.2351,0.2157,0.1565
"LAKE FRANCES EAST DAM","MT01125","72h","USC00241692",81,42.025,0.2181,0.2235,0.1591
"LAKE FRANCES EAST DAM","MT01125","72h","USC00243617",104,50.745,0.2414,0.1749,0.1232
"LAKE FRANCES EAST DAM","MT01125","72h","CA003047365",21,54.261,0.3174,0.1997,0.1841
"LAKE FRANCES EAST DAM","MT01125","72h","USS0012B17S",48,67.641,0.2525,0.3191,0.2468
"LAKE FRANCES EAST DAM","MT01125","72h","USC00247292",24,76.173,0.2501,0.2516,0.0837
"LAKE FRANCES EAST DAM","MT01125","72h","USW00004130",23,60.394,0.1994,0.1324,0.2299
"LAKE FRANCES EAST DAM","MT01125","72h","USW00024143",89,50.307,0.2054,0.2291,0.1989
"LAKE FRANCES EAST DAM","MT01125","72h","USC00243753",26,50.343,0.1988,0.2773,0.1813
"LAKE FRANCES EAST DAM","MT01125","72h","CA003040049",22,56.397,0.2226,0.1936,0.098
"LAKE FRANCES EAST DAM","MT01125","72h","USC00243749",60,54.878,0.2452,0.2147,0.1801
"LAKE FRANCES EAST DAM","MT01125","72h","USC00244512",79,44.268,0.2406,0.2101,0.1557
"LAKE FRANCES EAST DAM","MT01125","72h","CA003044534",20,49.255,0.214,0.1058,0.0939
"LAKE FRANCES EAST DAM","MT01125","72h","USW00024112",31,53.121,0.2127,0.1001,0.1738
"LAKE FRANCES EAST DAM","MT01125","72h","USC00240392",82,66.876,0.252,0.2513,0.1095
"LIMA","MT00905","24h","USC00245030",84,25.256,0.2156,0.1259,0.1902
"LIMA","MT00905","24h","USS0012E07S",48,33.905,0.2077,0.2364,0.1512
"LIMA","MT00905","24h","USS0011E37S",45,47.139,0.1892,0.0635,0.2272
"LIMA","MT00905","24h","USS0011E03S",48,42.69,0.2185,0.0925,0.1338
"LIMA","MT00905","24h","USC00244820",61,37.798,0.2019,0.2181,0.1765
"LIMA","MT00905","24h","USC00102707",96,27.955,0.1762,0.207,0.1907
"LIMA","MT00905","24h","USS0011E39S",38,26.739,0.1892,0.0804,0.1209
"LIMA","MT00905","24h","USC00240110",53,30.565,0.1836,0.0837,0.2077
"LIMA","MT00905","24h","USS0011E24S",48,32.763,0.2254,0.2068,0.2527
"LIMA","MT00905","24h","USC00243707",69,25.179,0.1803,0.1386,0.1468
"LIMA","MT00905","24h","USC00242409",126,31.81,0.1831,0.1337,0.1118
"LIMA","MT00905","24h","USW00024138",79,24.665,0.1839,0.1322,0.2248
"LIMA","MT00905","24h","USC00103964",74,23.467,0.197,0.1396,0.1728
"LIMA","MT00905","24h","USS0011E10S",44,34.116,0.1477,0.2227,0.1827
"LIMA","MT00905","24h","USC00104598",63,38.84,0.1452,0.2234,0.2406
"LIMA","MT00905","24h","USC00244038",95,33.854,0.1636,0.1696,0.1321
"LIMA","MT00905","24h","USS0011E38S",40,36.166,0.1493,0.1161,0.1446
"LIMA","MT00905","24h","USS0013E06S",45,33.167,0.1631,0.1522,0.1248
"LIMA","MT00905","24h","USC00240236",27,25.312,0.2276,0.2114,0.2547
"LIMA","MT00905","24h","USC00242793",96,30.006,0.1908,0.2511,0.1768
"LIMA","MT00905","24h","USS0013E23S",47,33.097,0.1729,0.199,0.2284
"LIMA","MT00905","24h","USC00108022",71,28.982,0.1756,0.172,0.1739
"LIMA","MT00905","24h","USS0012D11S",46,33.942,0.1544,0.1654,0.1192
"LIMA","MT00905","24h","USS0011E30S",47,40.182,0.1784,0.2188,0.1995
"LIMA","MT00905","24h","USC00100470",104,32.756,0.2015,0.2583,0.2063
"LIMA","MT00905","24h","USC00248430",73,25.733,0.1824,0.1332,0.1107
"LIMA","MT00905","24h","USS0011E31S",38,46.149,0.1412,0.2066,0.1414
"LIMA","MT00905","24h","USC00108818",74,26.647,0.1997,0.27,0.1674
"LIMA","MT00905","24h","USC00243570",45,24.338,0.1622,0.1716,0.1361
"LIMA","MT00905","24h","USC00248857",63,31.816,0.1641,0.0845,0.1329
"LIMA","MT00905","24h","USS0011E07S",28,31.374,0.1696,0.2275,0.1513
"LIMA","MT00905","24h","USS0011D11S",46,43.053,0.1548,0.1227,0.1916
"LIMA","MT00905","24h","USW00094194",25,23.92,0.2281,0.133,0.2465
"LIMA","MT00905","24h","USC00107644",32,27.494,0.1832,0.1758,0.1282
"LIMA","MT00905","24h","USS0013D10S",47,30.173,0.1518,0.1386,0.2016
"LIMA","MT00905","24h","USC00246157",120,41.653,0.1874,0.2383,0.1784
"LIMA","MT00905","24h","USC00104384",77,27.562,0.2171,0.1945,0.1795
"LIMA","MT00905","24h","USS0011D28S",30,52.24,0.2082,0.1581,0.2043
"LIMA","MT00905","24h","USS0013E27S",45,43.186,0.2055,0.2754,0.2006
"LIMA","MT00905","24h","USC00244447",46,26.051,0.2131,0.2048,0.2482
"LIMA","MT00905","72h","USC00245811",39,40.117,0.2087,0.0787,0.0653
"LIMA","MT00905","72h","USC00245030",84,32.251,0.2032,0.0289,0.1514
"LIMA","MT00905","72h","USS0012E07S",48,46.861,0.1868,0.1026,0.1557
"LIMA","MT00905","72h","USC00108604",35,45.494,0.1963,0.2928,0.1864
"LIMA","MT00905","72h","USS0011E37S",45,61.095,0.1528,-0.0428,0.1916
"LIMA","MT00905","72h","USS0011E03S",48,59.013,0.1886,0.0793,0.1522
"LIMA","MT00905","72h","USC00244820",61,51.62,0.1828,0.0869,0.1586
"LIMA","MT00905","72h","USC00102707",96,35.576,0.1669,0.2058,0.2358
"LIMA","MT00905","72h","USS0011E39S",38,37.113,0.1887,0.2015,0.287
"LIMA","MT00905","72h","USC00240110",53,38.876,0.1771,0.0307,0.1386
"LIMA","MT00905","72h","USS0011E24S",48,45.67,0.1806,0.1219,0.202
"LIMA","MT00905","72h","USC00243707",69,32.449,0.1745,0.1656,0.21
"LIMA","MT00905","72h","USC00242409",126,41.237,0.1791,0.2124,0.1292
"LIMA","MT00905","72h","USW00024138",79,32.343,0.186,0.0808,0.1515
"LIMA","MT00905","72h","USC00103964",74,27.689,0.1768,0.1659,0.1992
"LIMA","MT00905","72h","USS0011E36S",44,90.368,0.146,0.2094,0.2012
"LIMA","MT00905","72h","USC00104598",63,58.437,0.1562,0.2972,0.2531
"LIMA","MT00905","72h","USC00244038",95,47.591,0.1574,0.0879,0.092
"LIMA","MT00905","72h","USS0011E38S",40,54.948,0.1362,0.0277,0.1
"LIMA","MT00905","72h","USS0013E06S",45,45.865,0.1545,0.1905,0.1411
"LIMA","MT00905","72h","USC00240236",27,33.815,0.1947,0.0824,0.0739
"LIMA","MT00905","72h","USC00242793",96,37.142,0.172,0.1252,0.1312
"LIMA","MT00905","72h","USS0013E23S",47,47.709,0.1582,0.1806,0.3005
"LIMA","MT00905","72h","USC00108022",71,38.355,0.1638,0.159,0.1507
"LIMA","MT00905","72h","USS0012D11S",46,48.406,0.1333,0.0446,0.1819
"LIMA","MT00905","72h","USC00100470",104,43.794,0.1803,0.1981,0.1717
"LIMA","MT00905","72h","USC00248430",73,32.35,0.1645,0.1206,0.1434
"LIMA","MT00905","72h","USS0011E31S",38,69.951,0.1522,0.3237,0.2339
"LIMA","MT00905","72h","USC00108818",74,33.446,0.199,0.1733,0.1177
"LIMA","MT00905","72h","USC00243570",45,31.834,0.1543,0.1703,0.1365
"LIMA","MT00905","72h","USC00248857",63,43.849,0.1624,0.166,0.0998
"LIMA","MT00905","72h","USS0011E07S",28,44.018,0.1353,0.1971,0.1943
"LIMA","MT00905","72h","USW00094194",25,30.282,0.2137,0.0051,0.1816
"LIMA","MT00905","72h","USC00107644",32,35.165,0.1719,0.0438,0.0722
"LIMA","MT00905","72h","USS0013D10S",47,43.915,0.1381,0.0681,0.1445
"LIMA","MT00905","72h","USC00246157",120,53.926,0.1827,0.1928,0.1568
"LIMA","MT00905","72h","USS0011D28S",30,75.698,0.1873,0.214,0.1858
"LIMA","MT00905","72h","USS0013E27S",45,62.134,0.2289,0.2263,0.2066
"LIMA","MT00905","72h","USC00244447",46,34.319,0.2048,0.2002,0.1981
"CALAVERAS","CA00126","24h","USC00045933",74,57.546,0.2281,0.2889,0.2879
"CALAVERAS","CA00126","24h","USC00040850",41,92.087,0.1859,0.1494,0.1714
"CALAVERAS","CA00126","24h","USC00048273",29,98.037,0.1959,-0.0483,0.0953
"CALAVERAS","CA00126","24h","USC00045125",22,144.435,0.2389,0.1533,0.1169
"CALAVERAS","CA00126","24h","USC00045915",73,69.667,0.2502,0.2194,0.125
"CALAVERAS","CA00126","24h","USC00043925",36,53.772,0.1736,0.1414,0.1208
"CALAVERAS","CA00126","24h","USC00043669",27,87.516,0.2218,0.0803,0.2554
"CALAVERAS","CA00126","24h","USC00049583",21,81.995,0.2011,0.1784,0.2703
"CALAVERAS","CA00126","24h","USC00049582",67,90.786,0.1897,0.1568,0.1344
"CALAVERAS","CA00126","24h","USC00043038",76,81.045,0.1934,0.2516,0.1753
"CALAVERAS","CA00126","24h","USC00042539",62,91.689,0.1856,0.173,0.2458
"CALAVERAS","CA00126","24h","USC00043672",48,93.265,0.1863,0.1741,0.1389
"CALAVERAS","CA00126","24h","USC00048928",80,103.113,0.1912,0.2306,0.1064
"CALAVERAS","CA00126","24h","USC00044204",47,55.219,0.1728,0.0572,0.1056
"CALAVERAS","CA00126","24h","USC00041277",85,118.413,0.1852,0.2095,0.1331
"CALAVERAS","CA00126","24h","USC00045346",65,82.09,0.1969,0.3075,0.2235
"CALAVERAS","CA00126","24h","USC00046962",33,80.066,0.1725,0.2014,0.1283
"CALAVERAS","CA00126","24h","USC00044010",29,164.006,0.179,0.3273,0.2382
"CALAVERAS","CA00126","24h","USC00044484",44,79.318,0.1743,0.1873,0.1269
"CALAVERAS","CA00126","24h","USC00045909",26,87.575,0.2163,0.0967,0.0944
"CALAVERAS","CA00126","72h","USC00045933",74,86.925,0.2187,0.2012,0.1939
"CALAVERAS","CA00126","72h","USC00040850",41,145.624,0.2279,0.2182,0.0961
"CALAVERAS","CA00126","72h","USC00048273",29,152.131,0.1844,0.0232,0.2218
"CALAVERAS","CA00126","72h","USC00045125",22,230.266,0.2434,0.2469,0.2409
"CALAVERAS","CA00126","72h","USC00045915",73,102.472,0.2576,0.2588,0.1624
"CALAVERAS","CA00126","72h","USC00043925",36,78.188,0.1931,0.1423,0.2109
"CALAVERAS","CA00126","72h","USC00049583",21,143.401,0.2495,0.2108,0.1397
"CALAVERAS","CA00126","72h","USC00043038",76,126.984,0.2135,0.1503,0.155
"CALAVERAS","CA00126","72h","USC00042539",62,146.187,0.2399,0.1997,0.2309
"CALAVERAS","CA00126","72h","USC00043672",48,145.129,0.2412,0.22,0.2288
"CALAVERAS","CA00126","72h","USC00048928",80,164.295,0.2366,0.2888,0.1555
"CALAVERAS","CA00126","72h","USC00044204",47,78.129,0.2165,0.1255,0.1453
"CALAVERAS","CA00126","72h","USC00041277",85,199.845,0.221,0.28,0.2002
"CALAVERAS","CA00126","72h","USC00045346",65,129.086,0.2231,0.2779,0.2408
"CALAVERAS","CA00126","72h","USC00046962",33,113.603,0.2162,0.2855,0.1659
"CALAVERAS","CA00126","72h","USC00044010",29,265.456,0.2085,0.2487,0.1467
"CALAVERAS","CA00126","72h","USC00044484",44,113.955,0.1537,-0.0227,0.2362
"CALAVERAS","CA00126","72h","USC00045909",26,154.765,0.2614,0.2599,0.1041
"CROOKED CREEK DAM","PA00102","24h","USC00360736",40,67.467,0.1909,0.171,0.1095
"CROOKED CREEK DAM","PA00102","24h","USC00364836",22,64.333,0.1877,0.3388,0.3048
"CROOKED CREEK DAM","PA00102","24h","USC00364839",29,70.906,0.1299,0.2731,0.2397
"CROOKED CREEK DAM","PA00102","24h","USC00361255",47,60.982,0.1717,0.1651,0.1539
"CROOKED CREEK DAM","PA00102","24h","USC00362466",41,61.819,0.1659,0.255,0.1663
"CROOKED CREEK DAM","PA00102","24h","USW00004726",26,60.929,0.1939,0.0575,0.0555
"CROOKED CREEK DAM","PA00102","24h","USC00362298",22,65.879,0.1903,0.1894,0.1529
"CROOKED CREEK DAM","PA00102","24h","USC00361895",33,66.879,0.1877,0.4192,0.3105
"CROOKED CREEK DAM","PA00102","24h","USC00368249",58,65.501,0.1741,0.2349,0.134
"CROOKED CREEK DAM","PA00102","24h","USC00368244",76,59.868,0.1641,0.1977,0.1686
"CROOKED CREEK DAM","PA00102","24h","USC00361073",20,64.393,0.2298,0.3071,0.2818
"CROOKED CREEK DAM","PA00102","24h","USC00361350",34,64.134,0.1442,0.2793,0.2298
"CROOKED CREEK DAM","PA00102","24h","USC00365684",22,68.925,0.197,0.3841,0.3747
"CROOKED CREEK DAM","PA00102","24h","USC00365686",57,63.123,0.1966,0.2165,0.1112
"CROOKED CREEK DAM","PA00102","24h","USC00368395",32,66.423,0.1674,0.2547,0.377
"CROOKED CREEK DAM","PA00102","24h","USC00183402",24,61.472,0.1323,0.2296,0.2432
"CROOKED CREEK DAM","PA00102","24h","USC00183795",39,59.276,0.1805,0.2669,0.2268
"CROOKED CREEK DAM","PA00102","24h","USC00180881",24,57.559,0.2112,0.2618,0.3654
"CROOKED CREEK DAM","PA00102","24h","USC00185832",24,61.891,0.1716,0.2231,0.0379
"CROOKED CREEK DAM","PA00102","24h","USC00183415",55,70.58,0.2054,0.3149,0.2014
"CROOKED CREEK DAM","PA00102","24h","USC00183410",68,72.104,0.1923,0.1602,0.0924
"CROOKED CREEK DAM","PA00102","24h","USC00188315",37,65.235,0.2465,0.2747,0.0591
"CROOKED CREEK DAM","PA00102","24h","US1MDGR0004",20,72.484,0.1926,0.3152,0.1749
"CROOKED CREEK DAM","PA00102","24h","USC00361526",27,62.719,0.1823,0.1378,0.3553
"CROOKED CREEK DAM","PA00102","24h","USW00004751",64,59.865,0.1731,0.1052,0.2094
"CROOKED CREEK DAM","PA00102","24h","USC00468777",52,64.877,0.1603,0.1395,0.0913
"CROOKED CREEK DAM","PA00102","24h","USC00186620",116,63.74,0.1741,0.2114,0.1296
"CROOKED CREEK DAM","PA00102","24h","USC00460527",110,65.039,0.1695,0.2435,0.16
"CROOKED CREEK DAM","PA00102","24h","USC00466293",22,61.462,0.2001,0.3179,0.2853
"CROOKED CREEK DAM","PA00102","24h","USC00361806",31,60.287,0.1376,0.1578,0.2533
"CROOKED CREEK DAM","PA00102","24h","USC00468807",60,65.693,0.1909,0.2694,0.1893
"CROOKED CREEK DAM","PA00102","72h","USC00360736",40,87.602,0.1815,0.0624,0.0512
"CROOKED CREEK DAM","PA00102","72h","USC00364836",22,85.059,0.2025,0.3271,0.2307
"CROOKED CREEK DAM","PA00102","72h","USC00364839",29,88.864,0.1471,0.2119,0.1775
"CROOKED CREEK DAM","PA00102","72h","USC00361255",47,79.501,0.174,0.1256,0.1126
"CROOKED CREEK DAM","PA00102","72h","USC00362466",41,82.204,0.1341,0.1862,0.1649
"CROOKED CREEK DAM","PA00102","72h","USW00004726",26,82.067,0.2119,0.1317,0.1348
"CROOKED CREEK DAM","PA00102","72h","USC00362298",22,74.801,0.1555,0.1688,0.148
"CROOKED CREEK DAM","PA00102","72h","USC00361895",33,84.735,0.1917,0.3243,0.1745
"CROOKED CREEK DAM","PA00102","72h","USC00368249",58,83.119,0.1595,0.1543,0.0618
"CROOKED CREEK DAM","PA00102","72h","USC00368244",76,76.293,0.1656,0.2406,0.162
"CROOKED CREEK DAM","PA00102","72h","USC00361073",20,72.703,0.202,0.2884,0.1694
"CROOKED CREEK DAM","PA00102","72h","USC00361350",34,80.255,0.1345,0.2261,0.1563
"CROOKED CREEK DAM","PA00102","72h","USC00365684",22,82.11,0.1934,0.2323,0.2356
"CROOKED CREEK DAM","PA00102","72h","USC00365686",57,78.681,0.174,0.209,0.2203
"CROOKED CREEK DAM","PA00102","72h","USC00368395",32,84.73,0.1678,0.2798,0.1833
"CROOKED CREEK DAM","PA00102","72h","USC00183402",24,80.276,0.1701,0.2226,0.2039
"CROOKED CREEK DAM","PA00102","72h","USC00183795",39,77.535,0.18,0.164,0.0433
"CROOKED CREEK DAM","PA00102","72h","USC00180881",24,78.623,0.1864,0.2374,0.1968
"CROOKED CREEK DAM","PA00102","72h","USC00185832",24,79.525,0.1074,0.2241,0.2121
"CROOKED CREEK DAM","PA00102","72h","USC00183415",55,88.561,0.1703,0.3291,0.1901
"CROOKED CREEK DAM","PA00102","72h","USC00183410",68,92.656,0.1599,0.245,0.1864
"CROOKED CREEK DAM","PA00102","72h","USC00188315",37,83.051,0.194,0.182,0.0818
"CROOKED CREEK DAM","PA00102","72h","US1MDGR0004",20,90.784,0.1778,0.2054,0.1034
"CROOKED CREEK DAM","PA00102","72h","USC00361526",27,77.998,0.1729,0.0739,0.1988
"CROOKED CREEK DAM","PA00102","72h","USW00004751",64,73.734,0.182,0.1743,0.2533
"CROOKED CREEK DAM","PA00102","72h","USC00468777",52,87.075,0.1599,0.1833,0.0981
"CROOKED CREEK DAM","PA00102","72h","USC00186620",116,80.627,0.1613,0.2177,0.1481
"CROOKED CREEK DAM","PA00102","72h","USC00460527",110,87.269,0.1476,0.1797,0.182
"CROOKED CREEK DAM","PA00102","72h","USC00466293",22,78.973,0.1566,0.3043,0.2054
"CROOKED CREEK DAM","PA00102","72h","USC00468807",60,89.213,0.1681,0.2241,0.0879
"ROCK ISLAND","WA00084","24h","USC00459077",39,36.916,0.2408,0.2813,0.1825
"ROCK ISLAND","WA00084","24h","USS0020B25S",48,45.678,0.2066,0.2146,0.2292
"ROCK ISLAND","WA00084","24h","USS0020B07S",44,54.268,0.236,0.2354,0.192
"ROCK ISLAND","WA00084","24h","USS0020B11S",44,52.188,0.2024,0.141,0.1413
"ROCK ISLAND","WA00084","24h","USC00459012",104,27.416,0.1945,0.2185,0.1799
"ROCK ISLAND","WA00084","24h","USC00454971",48,24.982,0.1663,0.3169,0.2215
"ROCK ISLAND","WA00084","24h","USS0021B51S",42,83.585,0.2246,0.2082,0.1623
"ROCK ISLAND","WA00084","24h","USC00454394",61,64.102,0.1982,0.3265,0.1955
"ROCK ISLAND","WA00084","24h","USC00454446",44,70.15,0.2359,0.1946,0.13
"ROCK ISLAND","WA00084","24h","USS0021B04S",43,85.57,0.173,0.1393,0.1322
"ROCK ISLAND","WA00084","24h","USS0020B24S",44,62.029,0.2131,0.2721,0.1754
"ROCK ISLAND","WA00084","24h","USC00454406",67,75.03,0.1767,0.236,0.1112
"ROCK ISLAND","WA00084","24h","USC00458089",32,103.162,0.2024,0.209,0.188
"ROCK ISLAND","WA00084","24h","USS0021B01S",44,121.008,0.1731,0.2708,0.2362
"ROCK ISLAND","WA00084","24h","USC00457379",38,101.218,0.1838,0.2281,0.1448
"ROCK ISLAND","WA00084","24h","USC00454414",64,89.45,0.1683,0.1514,0.0787
"ROCK ISLAND","WA00084","24h","USW00024237",63,112.553,0.2392,0.3363,0.2054
"ROCK ISLAND","WA00084","24h","USS0021B10S",44,114.089,0.2001,0.1493,0.1727
"ROCK ISLAND","WA00084","24h","USC00457781",38,105.563,0.148,0.2145,0.1005
"ROCK ISLAND","WA00084","24h","USS0021B55S",45,145.494,0.1867,0.1455,0.1656
"ROCK ISLAND","WA00084","24h","USC00458442",27,44.179,0.235,0.2729,0.1752
"ROCK ISLAND","WA00084","24h","USS0021B20S",33,114.202,0.1916,0.136,0.1173
"ROCK ISLAND","WA00084","24h","USS0021B59S",33,115.5,0.1858,0.1879,0.2406
"ROCK ISLAND","WA00084","24h","USC00453730",55,68.398,0.2155,0.3307,0.2413
"ROCK ISLAND","WA00084","24h","USC00450969",49,70.595,0.154,0.0819,0.1242
"ROCK ISLAND","WA00084","24h","USS0021B13S",43,64.481,0.179,0.088,0.1902
"ROCK ISLAND","WA00084","24h","USS0021B21S",33,107.497,0.1688,0.1434,0.1703
"ROCK ISLAND","WA00084","24h","USC00457038",59,53.995,0.1944,0.2112,0.2255
"ROCK ISLAND","WA00084","24h","USS0020A23S",44,88.127,0.168,0.1996,0.2463
"ROCK ISLAND","WA00084","24h","USS0021C38S",45,90.438,0.2079,0.1211,0.1522
"ROCK ISLAND","WA00084","24h","USC00459238",107,25.054,0.1771,0.1883,0.1117
"ROCK ISLAND","WA00084","24h","USC00458115",49,37.302,0.1907,0.1652,0.1376
"ROCK ISLAND","WA00084","24h","USS0021B17S",31,122.492,0.18,0.2479,0.2951
"ROCK ISLAND","WA00084","24h","USS0021C17S",43,102.856,0.197,0.1496,0.1575
"ROCK ISLAND","WA00084","24h","USS0021B62S",29,64.429,0.2269,0.2557,0.1736
"ROCK ISLAND","WA00084","24h","USS0021B42S",44,109.718,0.2089,0.2023,0.1909
"ROCK ISLAND","WA00084","24h","USS0021B60S",30,166.942,0.1734,0.185,0.2066
"ROCK ISLAND","WA00084","24h","USS0021C10S",44,51.602,0.1967,0.1474,0.1471
"ROCK ISLAND","WA00084","24h","USC00458508",55,89.685,0.1568,0.2194,0.1657
"ROCK ISLAND","WA00084","24h","USS0021C28S",46,64.95,0.204,0.2008,0.1778
"ROCK ISLAND","WA00084","24h","USS0021C33S",45,92.416,0.23,0.2023,0.1713
"ROCK ISLAND","WA00084","24h","USS0021B48S",31,164.623,0.1431,0.0644,0.1096
"ROCK ISLAND","WA00084","24h","USC00453410",23,35.104,0.2158,0.2258,0.1196
"ROCK ISLAND","WA00084","24h","USS0019A13S",35,43.211,0.1612,0.0273,0.18
"ROCK ISLAND","WA00084","24h","USS0021C39S",36,47.039,0.1763,0.0372,0.1032
"ROCK ISLAND","WA00084","24h","USS0020A12S",47,97.531,0.1602,0.1922,0.1901
"ROCK ISLAND","WA00084","24h","USC00451666",79,34.109,0.1976,0.274,0.2031
"ROCK ISLAND","WA00084","24h","USS0020A09S",45,84.582,0.1738,-0.0335,0.1188
"ROCK ISLAND","WA00084","24h","USC00453502",56,25.831,0.1565,0.156,0.1147
"ROCK ISLAND","WA00084","24h","USC00453515",57,23.847,0.1855,0.3093,0.2918
"ROCK ISLAND","WA00084","72h","USC00459077",39,43.347,0.2003,0.1884,0.1773
"ROCK ISLAND","WA00084","72h","USS0020B25S",48,62.566,0.169,0.1751,0.1699
"ROCK ISLAND","WA00084","72h","USS0020B07S",44,73.54,0.2051,0.1555,0.1851
"ROCK ISLAND","WA00084","72h","USS0020B11S",44,73.671,0.1699,0.157,0.2081
"ROCK ISLAND","WA00084","72h","USC00459012",104,34.284,0.1928,0.186,0.14
"ROCK ISLAND","WA00084","72h","USS0020B02S",45,87.733,0.2138,0.2171,0.1545
"ROCK ISLAND","WA00084","72h","USC00454971",48,30.967,0.1606,0.2604,0.1508
"ROCK ISLAND","WA00084","72h","USS0021B51S",42,131.445,0.1843,0.1771,0.1447
"ROCK ISLAND","WA00084","72h","USC00454394",61,98.855,0.2104,0.282,0.2271
"ROCK ISLAND","WA00084","72h","USS0021B04S",43,136.77,0.1689,0.1618,0.234
"ROCK ISLAND","WA00084","72h","USS0020B24S",44,95.118,0.206,0.2628,0.2534
"ROCK ISLAND","WA00084","72h","USC00454406",67,116.584,0.1782,0.1335,0.1338
"ROCK ISLAND","WA00084","72h","USC00458089",32,161.337,0.219,0.2276,0.1748
"ROCK ISLAND","WA00084","72h","USS0021B01S",44,189.445,0.1674,0.2431,0.2743
"ROCK ISLAND","WA00084","72h","USC00457379",38,163.689,0.1725,0.0187,0.0667
"ROCK ISLAND","WA00084","72h","USC00451426",20,144.071,0.1895,0.1722,0.1046
"ROCK ISLAND","WA00084","72h","USC00454414",64,142.003,0.1663,0.1412,0.0911
"ROCK ISLAND","WA00084","72h","USW00024237",63,181.842,0.2025,0.2537,0.1843
"ROCK ISLAND","WA00084","72h","USS0021B10S",44,177.425,0.1846,0.1852,0.1709
"ROCK ISLAND","WA00084","72h","USC00457781",38,177.754,0.1483,0.1461,0.1296
"ROCK ISLAND","WA00084","72h","USS0021B55S",45,238.129,0.1624,0.1259,0.2256
"ROCK ISLAND","WA00084","72h","USC00458442",27,61.003,0.2166,0.2838,0.1372
"ROCK ISLAND","WA00084","72h","USS0021B20S",33,192.501,0.1966,0.183,0.1578
"ROCK ISLAND","WA00084","72h","USS0021B59S",33,189.626,0.1881,0.1664,0.1774
"ROCK ISLAND","WA00084","72h","USC00453730",55,103.655,0.1944,0.2865,0.2117
"ROCK ISLAND","WA00084","72h","USC00450969",49,115.16,0.159,0.0417,0.1425
"ROCK ISLAND","WA00084","72h","USS0021B13S",43,102.401,0.1713,0.1132,0.1661
"ROCK ISLAND","WA00084","72h","USS0021B21S",33,180.756,0.1801,0.1433,0.149
"ROCK ISLAND","WA00084","72h","USC00457038",59,81.56,0.229,0.3079,0.2674
"ROCK ISLAND","WA00084","72h","USS0020A23S",44,141.047,0.1502,0.1505,0.2852
"ROCK ISLAND","WA00084","72h","USS0021C38S",45,145.514,0.2078,0.1711,0.162
"ROCK ISLAND","WA00084","72h","USC00459238",107,31.445,0.1693,0.1623,0.1145
"ROCK ISLAND","WA00084","72h","USC00458115",49,48.618,0.1998,0.2333,0.1223
"ROCK ISLAND","WA00084","72h","USS0021B17S",31,203.392,0.172,0.1638,0.1728
"ROCK ISLAND","WA00084","72h","USS0021C17S",43,165.983,0.1631,0.0571,0.1181
"ROCK ISLAND","WA00084","72h","USS0021B62S",29,98.518,0.2299,0.2237,0.1587
"ROCK ISLAND","WA00084","72h","USS0021B42S",44,173.92,0.1874,0.1795,0.1589
"ROCK ISLAND","WA00084","72h","USS0021B60S",30,256.889,0.1759,0.2182,0.2726
"ROCK ISLAND","WA00084","72h","USS0021C10S",44,79.923,0.1668,0.1542,0.2106
"ROCK ISLAND","WA00084","72h","USC00458508",55,151.728,0.1446,0.1018,0.0741
"ROCK ISLAND","WA00084","72h","USS0021C28S",46,104.823,0.2064,0.1995,0.1898
"ROCK ISLAND","WA00084","72h","USS0021C33S",45,150.819,0.2118,0.1789,0.0709
"ROCK ISLAND","WA00084","72h","USS0021B48S",31,258.912,0.1456,0.169,0.2977
"ROCK ISLAND","WA00084","72h","USC00453410",23,45.262,0.237,0.2718,0.1147
"ROCK ISLAND","WA00084","72h","USS0019A13S",35,62.636,0.1692,0.1562,0.101
"ROCK ISLAND","WA00084","72h","USS0021C39S",36,73.908,0.1929,0.1606,0.0987
"ROCK ISLAND","WA00084","72h","USS0020A12S",47,142.666,0.1405,0.0526,0.1314
"ROCK ISLAND","WA00084","72h","USC00451666",79,44.332,0.1966,0.2507,0.181
"ROCK ISLAND","WA00084","72h","USS0020A09S",45,133.774,0.1694,0.0174,0.1034
"ROCK ISLAND","WA00084","72h","USC00453502",56,31.77,0.1526,0.1213,0.1262
"ROCK ISLAND","WA00084","72h","USC00453515",57,29.469,0.1639,0.199,0.1822
"DORENA","OR00008","24h","USS0022F42S",45,81.835,0.1739,0.2386,0.2023
"DORENA","OR00008","24h","USC00359324",22,71.791,0.2258,0.4147,0.227
"DORENA","OR00008","24h","USS0022F05S",45,68.116,0.1588,0.2036,0.1751
"DORENA","OR00008","24h","USC00358536",74,64.99,0.1735,0.2266,0.1437
"DORENA","OR00008","24h","USS0022F04S",46,93.343,0.1793,0.299,0.1657
"DORENA","OR00008","24h","USS0022F45S",23,72.119,0.1691,0.1494,0.0492
"DORENA","OR00008","24h","USS0022F43S",46,79.542,0.1525,0.0926,0.135
"DORENA","OR00008","24h","USC00356251",23,84.092,0.1933,0.1727,0.0603
"DORENA","OR00008","24h","USC00351415",21,72.794,0.1917,0.1013,0.1343
"DORENA","OR00008","24h","USS0021F21S",46,72.123,0.1524,0.121,0.171
"DORENA","OR00008","24h","USS0021F10S",46,59.463,0.1724,0.2343,0.104
"DORENA","OR00008","24h","USC00351978",23,54.058,0.2124,0.1502,0.2278
"DORENA","OR00008","24h","USS0022E07S",48,103.202,0.1675,0.1465,0.1158
"DORENA","OR00008","24h","USC00350652",55,98.363,0.1556,0.1641,0.1444
"DORENA","OR00008","24h","USS0022F18S",45,66.645,0.2066,0.3528,0.2853
"DORENA","OR00008","24h","USS0021E07S",45,104.801,0.1375,0.1599,0.17
"DORENA","OR00008","24h","USC00359316",80,42.642,0.1855,0.156,0.1476
"DORENA","OR00008","24h","USS0021F22S",46,49.607,0.1916,0.1966,0.1132
"DORENA","OR00008","24h","USC00357559",22,86.563,0.1411,0.1396,0.2303
"DORENA","OR00008","24h","USC00351546",57,52.573,0.1767,0.0765,0.1099
"DORENA","OR00008","24h","USS0021E13S",46,71.384,0.1693,0.0526,0.0881
"DORENA","OR00008","24h","USS0021E06S",47,86.101,0.1531,0.0731,0.1045
"DORENA","OR00008","24h","USC00351946",93,87.063,0.2108,0.4017,0.2641
"DORENA","OR00008","24h","USS0022G06S",26,75.853,0.1729,0.1166,0.1283
"DORENA","OR00008","24h","USS0023G09S",46,90.791,0.172,0.1042,0.0964
"DORENA","OR00008","24h","USC00356907",99,63.484,0.1753,0.1912,0.1536
"DORENA","OR00008","24h","USC00355221",72,90.513,0.1654,0.2044,0.1363
"DORENA","OR00008","24h","USC00357631",44,93.8,0.1736,0.216,0.1685
"DORENA","OR00008","24h","USC00358221",24,90.772,0.1302,-0.0819,0.0246
"DORENA","OR00008","24h","USS0021G17S",20,59.274,0.1463,0.1382,0.0965
"DORENA","OR00008","24h","USC00354776",28,152.485,0.1608,0.1301,0.0342
"DORENA","OR00008","24h","USS0022G33S",46,87.415,0.2145,0.2416,0.1735
"DORENA","OR00008","24h","USC00351207",41,62.767,0.1891,0.2236,0.0702
"DORENA","OR00008","24h","USC00351574",33,38.417,0.1771,0.124,0.1184
"DORENA","OR00008","24h","USC00357052",50,25.538,0.2023,0.2206,0.1068
"DORENA","OR00008","24h","USS0022G24S",45,71.11,0.2126,0.2043,0.2133
"DORENA","OR00008","24h","USW00024230",75,22.577,0.2086,0.1797,0.1616
"DORENA","OR00008","24h","USC00351571",56,36.307,0.2086,0.2806,0.1833
"DORENA","OR00008","24h","USS0022G12S",48,81.859,0.1834,0.15,0.156
"DORENA","OR00008","72h","USS0022F42S",45,129.189,0.138,0.1144,0.2082
"DORENA","OR00008","72h","USC00359324",22,111.32,0.203,0.2185,0.2046
"DORENA","OR00008","72h","USS0022F05S",45,109.594,0.1286,0.0701,0.1812
"DORENA","OR00008","72h","USC00358536",74,105.408,0.1791,0.1776,0.1753
"DORENA","OR00008","72h","USS0022F04S",46,146.73,0.1529,0.1844,0.196
"DORENA","OR00008","72h","USS0022F45S",23,119.888,0.1679,0.0567,0.0981
"DORENA","OR00008","72h","USS0022F03S",46,128.479,0.1401,0.1235,0.2317
"DORENA","OR00008","72h","USS0022F14S",45,133.383,0.1628,0.3221,0.3341
"DORENA","OR00008","72h","USS0022F43S",46,133.358,0.1398,0.0816,0.1515
"DORENA","OR00008","72h","USC00354835",49,142.409,0.1342,0.0798,0.121
"DORENA","OR00008","72h","USC00356251",23,144.979,0.2143,0.3202,0.1734
"DORENA","OR00008","72h","USC00351415",21,114.153,0.1725,0.0765,0.256
"DORENA","OR00008","72h","USS0021F10S",46,98.517,0.1628,0.1156,0.1236
"DORENA","OR00008","72h","USS0022E07S",48,159.699,0.1508,0.1892,0.2134
"DORENA","OR00008","72h","USC00350652",55,160.352,0.1434,0.2472,0.1263
"DORENA","OR00008","72h","USS0022F18S",45,108.486,0.1806,0.1279,0.2069
"DORENA","OR00008","72h","USS0022E08S",45,154.475,0.1282,0.1516,0.1309
"DORENA","OR00008","72h","USS0021E05S",48,137.949,0.1383,0.1275,0.1527
"DORENA","OR00008","72h","USS0022E09S",44,200.965,0.1328,0.1722,0.1841
"DORENA","OR00008","72h","USS0021F22S",46,77.405,0.1934,0.1929,0.2254
"DORENA","OR00008","72h","USC00357559",22,160.231,0.1676,0.2251,0.2317
"DORENA","OR00008","72h","USC00351546",57,83.473,0.1789,0.1476,0.2114
"DORENA","OR00008","72h","USS0021E13S",46,107.946,0.1637,0.018,0.0837
"DORENA","OR00008","72h","USS0021E06S",47,142.392,0.1442,0.059,0.1243
"DORENA","OR00008","72h","USC00351946",93,144.43,0.1632,0.3219,0.2841
"DORENA","OR00008","72h","USS0022G06S",26,130.513,0.1569,-0.0076,0.0783
"DORENA","OR00008","72h","USS0021E04S",46,168.056,0.1458,0.091,0.0998
"DORENA","OR00008","72h","USS0023G09S",46,145.555,0.1722,0.0454,0.0792
"DORENA","OR00008","72h","USC00355221",72,156.416,0.1556,0.202,0.1152
"DORENA","OR00008","72h","USC00357631",44,152.761,0.175,0.2032,0.1753
"DORENA","OR00008","72h","USC00358221",24,147.788,0.1495,0.0749,0.0684
"DORENA","OR00008","72h","USS0021G17S",20,92.37,0.1598,0.0912,0.1917
"DORENA","OR00008","72h","USC00354776",28,239.401,0.146,0.0523,0.075
"DORENA","OR00008","72h","USS0022G33S",46,138.358,0.1779,0.328,0.2609
"DORENA","OR00008","72h","USC00351207",41,98.438,0.2029,0.1561,0.1765
"DORENA","OR00008","72h","USC00351574",33,55.711,0.1763,0.0168,0.0982
"DORENA","OR00008","72h","USC00350699",25,30.377,0.2224,0.3521,0.2056
"DORENA","OR00008","72h","USS0022G24S",45,119.182,0.1881,0.2236,0.1917
"DORENA","OR00008","72h","USW00024230",75,30.322,0.2017,0.2979,0.2575
"DORENA","OR00008","72h","USS0022G12S",48,128.512,0.1768,0.1838,0.1149
"MILLERS CREEK DAM","TX01029","24h","USC00414570",67,73.516,0.2234,0.236,0.2532
"MILLERS CREEK DAM","TX01029","24h","USC00412621",55,73.279,0.1944,0.2984,0.2358
"MILLERS CREEK DAM","TX01029","24h","USC00417782",81,77.639,0.2012,0.1635,0.2111
"MILLERS CREEK DAM","TX01029","24h","USC00417678",48,72.334,0.2291,0.1587,0.1199
"MILLERS CREEK DAM","TX01029","24h","USC00418939",27,80.037,0.253,0.2943,0.1509
"MILLERS CREEK DAM","TX01029","24h","USC00411696",37,71.022,0.1807,0.1358,0.1235
"MILLERS CREEK DAM","TX01029","24h","USC00414960",54,87.37,0.2165,0.2702,0.0744
"MILLERS CREEK DAM","TX01029","24h","USC00418566",90,66.627,0.2006,0.1989,0.1755
"MILLERS CREEK DAM","TX01029","24h","USC00416433",74,69.877,0.2026,0.2282,0.1623
"MILLERS CREEK DAM","TX01029","24h","USC00415658",77,68.612,0.2202,0.1898,0.1648
"MILLERS CREEK DAM","TX01029","24h","USC00417743",88,80.012,0.2275,0.2897,0.2193
"MILLERS CREEK DAM","TX01029","24h","USC00419845",32,78.556,0.2129,0.2793,0.2002
"MILLERS CREEK DAM","TX01029","24h","USC00419711",30,73.363,0.2261,0.1436,0.0952
"MILLERS CREEK DAM","TX01029","24h","USC00414967",33,67.684,0.2361,0.1543,0.103
"MILLERS CREEK DAM","TX01029","24h","USC00416484",24,87.175,0.2101,0.2678,0.1469
"MILLERS CREEK DAM","TX01029","24h","USC00418326",45,80.587,0.2305,0.0881,0.1257
"MILLERS CREEK DAM","TX01029","24h","USC00418433",101,72.928,0.1972,0.2043,0.1645
"MILLERS CREEK DAM","TX01029","24h","USC00419847",52,85.441,0.2041,0.2018,0.1709
"MILLERS CREEK DAM","TX01029","24h","USC00413579",24,90.767,0.225,0.2626,0.0601
"MILLERS CREEK DAM","TX01029","24h","USC00413196",70,73.31,0.2486,0.2489,0.1602
"MILLERS CREEK DAM","TX01029","72h","USC00414570",67,89.27,0.2224,0.1761,0.1502
"MILLERS CREEK DAM","TX01029","72h","USC00412621",55,94.412,0.2217,0.3321,0.1972
"MILLERS CREEK DAM","TX01029","72h","USC00417782",81,90.851,0.1926,0.1228,0.1692
"MILLERS CREEK DAM","TX01029","72h","USC00417678",48,84.765,0.2337,0.2067,0.1894
"MILLERS CREEK DAM","TX01029","72h","USC00418939",27,95.817,0.2033,0.2466,0.2518
"MILLERS CREEK DAM","TX01029","72h","USC00411696",37,82.698,0.1777,0.0553,0.0783
"MILLERS CREEK DAM","TX01029","72h","USC00414960",54,111.057,0.2179,0.2506,0.1006
"MILLERS CREEK DAM","TX01029","72h","USC00418566",90,82.464,0.2087,0.238,0.2146
"MILLERS CREEK DAM","TX01029","72h","USC00416433",74,89.817,0.2148,0.2203,0.1474
"MILLERS CREEK DAM","TX01029","72h","USC00415658",77,88.077,0.2336,0.2166,0.1817
"MILLERS CREEK DAM","TX01029","72h","USC00417743",88,94.284,0.2248,0.2765,0.1995
"MILLERS CREEK DAM","TX01029","72h","USC00419845",32,97.547,0.1547,0.0681,0.2012
"MILLERS CREEK DAM","TX01029","72h","USC00419711",30,95.793,0.2323,0.3016,0.2712
"MILLERS CREEK DAM","TX01029","72h","USC00414967",33,85.943,0.2181,0.0811,0.1617
"MILLERS CREEK DAM","TX01029","72h","USC00416484",24,107.807,0.1782,0.1901,0.2069
"MILLERS CREEK DAM","TX01029","72h","USC00418326",45,100.363,0.2375,0.108,0.1682
"MILLERS CREEK DAM","TX01029","72h","USC00418433",101,86.708,0.2152,0.228,0.1978
"MILLERS CREEK DAM","TX01029","72h","USC00419847",52,104.579,0.237,0.1485,0.045
"MILLERS CREEK DAM","TX01029","72h","USC00413579",24,106.867,0.2415,0.2286,0.1467
"MILLERS CREEK DAM","TX01029","72h","USC00413196",70,89.813,0.2255,0.2264,0.1987
"MILLERS CREEK DAM","TX01029","72h","USW00003072",20,102.758,0.2496,0.0504,0.2063
"JENNINGS RANDOLPH DAM","MD00069","24h","US1MDGR0004",20,72.484,0.1926,0.3152,0.1749
"JENNINGS RANDOLPH DAM","MD00069","24h","USC00180881",24,57.559,0.2112,0.2618,0.3654
"JENNINGS RANDOLPH DAM","MD00069","24h","USC00183410",68,72.104,0.1923,0.1602,0.0924
"JENNINGS RANDOLPH DAM","MD00069","24h","USC00183415",55,70.58,0.2054,0.3149,0.2014
"JENNINGS RANDOLPH DAM","MD00069","24h","USC00183795",39,59.276,0.1805,0.2669,0.2268
"JENNINGS RANDOLPH DAM","MD00069","24h","USC00466293",22,61.462,0.2001,0.3179,0.2853
"JENNINGS RANDOLPH DAM","MD00069","24h","USC00185832",24,61.891,0.1716,0.2231,0.0379
"JENNINGS RANDOLPH DAM","MD00069","24h","USC00186620",116,63.74,0.1741,0.2114,0.1296
"JENNINGS RANDOLPH DAM","MD00069","24h","USC00368395",32,66.423,0.1674,0.2547,0.377
"JENNINGS RANDOLPH DAM","MD00069","24h","USC00365686",57,63.123,0.1966,0.2165,0.1112
"JENNINGS RANDOLPH DAM","MD00069","24h","USC00460527",110,65.039,0.1695,0.2435,0.16
"JENNINGS RANDOLPH DAM","MD00069","24h","USC00365684",22,68.925,0.197,0.3841,0.3747
"JENNINGS RANDOLPH DAM","MD00069","24h","USC00183402",24,61.472,0.1323,0.2296,0.2432
"JENNINGS RANDOLPH DAM","MD00069","24h","USC00468777",52,64.877,0.1603,0.1395,0.0913
"JENNINGS RANDOLPH DAM","MD00069","24h","USC00468536",43,66.875,0.2186,0.3563,0.3176
"JENNINGS RANDOLPH DAM","MD00069","24h","USC00462211",25,68.356,0.1474,0.1206,0.0453
"JENNINGS RANDOLPH DAM","MD00069","24h","USC00468807",60,65.693,0.1909,0.2694,0.1893
"JENNINGS RANDOLPH DAM","MD00069","24h","USC00461393",51,65.347,0.1751,0.275,0.2702
"JENNINGS RANDOLPH DAM","MD00069","24h","USC00368244",76,59.868,0.1641,0.1977,0.1686
"JENNINGS RANDOLPH DAM","MD00069","24h","USC00461397",20,64.331,0.1425,0.2411,0.1345
"JENNINGS RANDOLPH DAM","MD00069","24h","USC00368249",58,65.501,0.1741,0.2349,0.134
"JENNINGS RANDOLPH DAM","MD00069","24h","USC00361350",34,64.134,0.1442,0.2793,0.2298
"JENNINGS RANDOLPH DAM","MD00069","24h","USW00003733",22,64.066,0.153,0.1428,0.0963
"JENNINGS RANDOLPH DAM","MD00069","24h","USC00361073",20,64.393,0.2298,0.3071,0.2818
"JENNINGS RANDOLPH DAM","MD00069","24h","USC00364839",29,70.906,0.1299,0.2731,0.2397
"JENNINGS RANDOLPH DAM","MD00069","24h","USC00364836",22,64.333,0.1877,0.3388,0.3048
"JENNINGS RANDOLPH DAM","MD00069","24h","USC00460143",29,66.802,0.1612,0.2533,0.2501
"JENNINGS RANDOLPH DAM","MD00069","24h","USC00463464",37,63.671,0.1539,0.1967,0.205
"JENNINGS RANDOLPH DAM","MD00069","24h","USC00362298",22,65.879,0.1903,0.1894,0.1529
"JENNINGS RANDOLPH DAM","MD00069","24h","USW00004726",26,60.929,0.1939,0.0575,0.0555
"JENNINGS RANDOLPH DAM","MD00069","24h","USC00468432",20,61.845,0.1728,0.035,0.1281
"JENNINGS RANDOLPH DAM","MD00069","24h","USC00468433",38,68.279,0.219,0.3239,0.3332
"JENNINGS RANDOLPH DAM","MD00069","24h","USC00462151",51,64.804,0.1899,0.32,0.2634
"JENNINGS RANDOLPH DAM","MD00069","24h","USC00360736",40,67.467,0.1909,0.171,0.1095
"JENNINGS RANDOLPH DAM","MD00069","24h","USC00362466",41,61.819,0.1659,0.255,0.1663
"JENNINGS RANDOLPH DAM","MD00069","24h","USC00361895",33,66.879,0.1877,0.4192,0.3105
"JENNINGS RANDOLPH DAM","MD00069","24h","USC00460509",40,60.376,0.1541,0.1867,0.2512
"JENNINGS RANDOLPH DAM","MD00069","24h","USC00446199",36,88.218,0.2288,0.3065,0.1925
"JENNINGS RANDOLPH DAM","MD00069","24h","USC00445698",52,68.096,0.1659,0.1378,0.1554
"JENNINGS RANDOLPH DAM","MD00069","24h","USC00361255",47,60.982,0.1717,0.1651,0.1539
"JENNINGS RANDOLPH DAM","MD00069","24h","USC00464971",28,65.689,0.1531,0.1391,0.1861
"JENNINGS RANDOLPH DAM","MD00069","24h","USC00460249",33,65.971,0.1471,0.1607,0.1798
"JENNINGS RANDOLPH DAM","MD00069","24h","USC00469086",65,62.009,0.1725,0.2934,0.2286
"JENNINGS RANDOLPH DAM","MD00069","24h","USC00466991",66,74.114,0.1614,0.2502,0.2103
"JENNINGS RANDOLPH DAM","MD00069","24h","USC00445880",30,69.476,0.1558,0.1732,0.1992
"JENNINGS RANDOLPH DAM","MD00069","24h","USC00445595",49,70.325,0.1338,0.3162,0.3021
"JENNINGS RANDOLPH DAM","MD00069","24h","USC00468308",48,75.463,0.1441,0.1238,0.1791
"JENNINGS RANDOLPH DAM","MD00069","24h","USC00468051",38,67.782,0.1809,0.3701,0.2976
"JENNINGS RANDOLPH DAM","MD00069","24h","USC00465672",61,63.208,0.1276,0.0848,0.1642
"JENNINGS RANDOLPH DAM","MD00069","24h","USC00461215",67,65.661,0.1323,0.0947,0.1417
"JENNINGS RANDOLPH DAM","MD00069","72h","US1MDGR0004",20,90.784,0.1778,0.2054,0.1034
"JENNINGS RANDOLPH DAM","MD00069","72h","USC00180881",24,78.623,0.1864,0.2374,0.1968
"JENNINGS RANDOLPH DAM","MD00069","72h","USC00183410",68,92.656,0.1599,0.245,0.1864
"JENNINGS RANDOLPH DAM","MD00069","72h","USC00183415",55,88.561,0.1703,0.3291,0.1901
"JENNINGS RANDOLPH DAM","MD00069","72h","USC00183795",39,77.535,0.18,0.164,0.0433
"JENNINGS RANDOLPH DAM","MD00069","72h","USC00466293",22,78.973,0.1566,0.3043,0.2054
"JENNINGS RANDOLPH DAM","MD00069","72h","USC00185832",24,79.525,0.1074,0.2241,0.2121
"JENNINGS RANDOLPH DAM","MD00069","72h","USC00186620",116,80.627,0.1613,0.2177,0.1481
"JENNINGS RANDOLPH DAM","MD00069","72h","USC00368395",32,84.73,0.1678,0.2798,0.1833
"JENNINGS RANDOLPH DAM","MD00069","72h","USC00188315",37,83.051,0.194,0.182,0.0818
"JENNINGS RANDOLPH DAM","MD00069","72h","USC00365686",57,78.681,0.174,0.209,0.2203
"JENNINGS RANDOLPH DAM","MD00069","72h","USC00460527",110,87.269,0.1476,0.1797,0.182
"JENNINGS RANDOLPH DAM","MD00069","72h","USC00365684",22,82.11,0.1934,0.2323,0.2356
"JENNINGS RANDOLPH DAM","MD00069","72h","USC00183402",24,80.276,0.1701,0.2226,0.2039
"JENNINGS RANDOLPH DAM","MD00069","72h","USC00468777",52,87.075,0.1599,0.1833,0.0981
"JENNINGS RANDOLPH DAM","MD00069","72h","USC00468536",43,88.111,0.2083,0.2376,0.1901
"JENNINGS RANDOLPH DAM","MD00069","72h","USC00462211",25,87.719,0.1285,0.1491,0.0699
"JENNINGS RANDOLPH DAM","MD00069","72h","USC00468807",60,89.213,0.1681,0.2241,0.0879
"JENNINGS RANDOLPH DAM","MD00069","72h","USC00461393",51,83.305,0.1681,0.3222,0.2716
"JENNINGS RANDOLPH DAM","MD00069","72h","USC00368244",76,76.293,0.1656,0.2406,0.162
"JENNINGS RANDOLPH DAM","MD00069","72h","USC00461397",20,83.538,0.1439,0.2652,0.199
"JENNINGS RANDOLPH DAM","MD00069","72h","USC00368249",58,83.119,0.1595,0.1543,0.0618
"JENNINGS RANDOLPH DAM","MD00069","72h","USC00361350",34,80.255,0.1345,0.2261,0.1563
"JENNINGS RANDOLPH DAM","MD00069","72h","USW00003733",22,80.935,0.1526,-0.0172,0.1705
"JENNINGS RANDOLPH DAM","MD00069","72h","USC00361073",20,72.703,0.202,0.2884,0.1694
"JENNINGS RANDOLPH DAM","MD00069","72h","USC00364839",29,88.864,0.1471,0.2119,0.1775
"JENNINGS RANDOLPH DAM","MD00069","72h","USC00364836",22,85.059,0.2025,0.3271,0.2307
"JENNINGS RANDOLPH DAM","MD00069","72h","USC00460143",29,90.917,0.1453,0.1133,0.1288
"JENNINGS RANDOLPH DAM","MD00069","72h","USC00463464",37,88.775,0.1506,0.1832,0.1218
"JENNINGS RANDOLPH DAM","MD00069","72h","USC00362298",22,74.801,0.1555,0.1688,0.148
"JENNINGS RANDOLPH DAM","MD00069","72h","USW00004726",26,82.067,0.2119,0.1317,0.1348
"JENNINGS RANDOLPH DAM","MD00069","72h","USC00468433",38,81.977,0.1952,0.2748,0.3312
"JENNINGS RANDOLPH DAM","MD00069","72h","USC00462151",51,84.484,0.1672,0.1822,0.1982
"JENNINGS RANDOLPH DAM","MD00069","72h","USC00360736",40,87.602,0.1815,0.0624,0.0512
"JENNINGS RANDOLPH DAM","MD00069","72h","USC00362466",41,82.204,0.1341,0.1862,0.1649
"JENNINGS RANDOLPH DAM","MD00069","72h","USC00361895",33,84.735,0.1917,0.3243,0.1745
"JENNINGS RANDOLPH DAM","MD00069","72h","USC00460509",40,75.424,0.1655,0.3283,0.2815
"JENNINGS RANDOLPH DAM","MD00069","72h","USC00446199",36,104.548,0.2002,0.1493,0.1645
"JENNINGS RANDOLPH DAM","MD00069","72h","USC00445698",52,84.393,0.1881,0.2015,0.1879
"JENNINGS RANDOLPH DAM","MD00069","72h","USC00361255",47,79.501,0.174,0.1256,0.1126
"JENNINGS RANDOLPH DAM","MD00069","72h","USC00464971",28,88.069,0.1268,-0.002,0.153
"JENNINGS RANDOLPH DAM","MD00069","72h","USC00460249",33,75.68,0.1472,0.0538,0.1128
"JENNINGS RANDOLPH DAM","MD00069","72h","USC00469086",65,80.403,0.1458,0.1657,0.1094
"JENNINGS RANDOLPH DAM","MD00069","72h","USC00466991",66,99.403,0.1529,0.203,0.2175
"JENNINGS RANDOLPH DAM","MD00069","72h","USC00445880",30,83.488,0.1414,0.0674,0.1876
"JENNINGS RANDOLPH DAM","MD00069","72h","USC00445595",49,86.018,0.1588,0.3161,0.247
"JENNINGS RANDOLPH DAM","MD00069","72h","USC00468308",48,95.136,0.1496,0.1793,0.0975
"JENNINGS RANDOLPH DAM","MD00069","72h","USC00468051",38,84.517,0.1536,0.2922,0.2814
"JENNINGS RANDOLPH DAM","MD00069","72h","USC00465672",61,79.465,0.1279,-0.0165,0.0676
"JENNINGS RANDOLPH DAM","MD00069","72h","USC00461215",67,83.276,0.1488,0.1137,0.1854
"LAKE HATTIE","WY00015","24h","USW00024022",78,29.384,0.2439,0.2481,0.2489
"LAKE HATTIE","WY00015","24h","USC00481610",67,29.351,0.1837,0.1925,0.1708
"LAKE HATTIE","WY00015","24h","USC00485435",47,29.368,0.213,0.1208,0.061
"LAKE HATTIE","WY00015","24h","USC00485410",62,30.92,0.2184,0.2675,0.191
"LAKE HATTIE","WY00015","24h","USC00054054",32,28.006,0.218,0.2052,0.1887
"LAKE HATTIE","WY00015","24h","USS0005H02S",23,41.913,0.2496,0.0925,0.0845
"LAKE HATTIE","WY00015","24h","USS0006H19S",45,34.45,0.2179,0.2687,0.1022
"LAKE HATTIE","WY00015","24h","USC00056925",39,43.56,0.213,0.2548,0.2399
"LAKE HATTIE","WY00015","24h","USC00483045",51,31.365,0.1903,0.3444,0.2568
"LAKE HATTIE","WY00015","24h","USC00484440",51,40.064,0.1897,-0.0436,0.1086
"LAKE HATTIE","WY00015","24h","USC00484442",42,43.731,0.218,0.3641,0.2059
"LAKE HATTIE","WY00015","24h","USC00057296",32,27.763,0.2045,0.2289,0.0619
"LAKE HATTIE","WY00015","24h","US1WYCR0004",23,27.97,0.1783,0.2537,0.3173
"LAKE HATTIE","WY00015","24h","USC00058756",89,23.744,0.171,0.2256,0.2125
"LAKE HATTIE","WY00015","24h","USC00058690",31,45.63,0.2605,0.4265,0.3105
"LAKE HATTIE","WY00015","24h","USC00482995",59,33.904,0.2186,0.1939,0.1814
"LAKE HATTIE","WY00015","24h","USC00485720",20,28.939,0.2027,0.2747,0.1345
"LAKE HATTIE","WY00015","24h","USC00488808",58,42.17,0.1966,0.1382,0.0966
"LAKE HATTIE","WY00015","24h","USC00486120",52,28.328,0.2218,0.2231,0.2382
"LAKE HATTIE","WY00015","24h","USC00487990",56,25.31,0.1996,0.3137,0.1999
"LAKE HATTIE","WY00015","24h","USC00051060",36,52.071,0.2058,0.1877,0.1145
"LAKE HATTIE","WY00015","24h","US1COLR0140",23,39.309,0.2103,0.2024,0.1709
"LAKE HATTIE","WY00015","24h","US1COLR0252",20,49.466,0.1654,0.1263,0.0781
"LAKE HATTIE","WY00015","24h","USW00024018",111,39.324,0.2217,0.2299,0.2835
"LAKE HATTIE","WY00015","24h","USC00481676",21,42.327,0.2191,-0.0523,0.093
"LAKE HATTIE","WY00015","24h","US1COLR0412",22,45.272,0.187,0.2863,0.185
"LAKE HATTIE","WY00015","24h","US1COLR0311",25,48.093,0.202,0.3212,0.1203
"LAKE HATTIE","WY00015","72h","USW00024022",78,36.113,0.2161,0.2187,0.1841
"LAKE HATTIE","WY00015","72h","USC00481610",67,39.609,0.1992,0.1983,0.1544
"LAKE HATTIE","WY00015","72h","USC00485435",47,36.552,0.1679,0.0939,0.1571
"LAKE HATTIE","WY00015","72h","USC00485410",62,37.557,0.2115,0.2912,0.1696
"LAKE HATTIE","WY00015","72h","USC00054054",32,38.12,0.2336,0.2477,0.167
"LAKE HATTIE","WY00015","72h","USS0005H02S",23,59.256,0.2775,0.1611,0.1116
"LAKE HATTIE","WY00015","72h","USS0006H19S",45,46.632,0.1899,0.1898,0.1178
"LAKE HATTIE","WY00015","72h","USC00056925",39,54.022,0.2172,0.226,0.166
"LAKE HATTIE","WY00015","72h","USC00484700",23,45.262,0.2298,-0.0306,0.2171
"LAKE HATTIE","WY00015","72h","US1COLR0672",22,56.233,0.3074,0.3333,0.3419
"LAKE HATTIE","WY00015","72h","USC00483045",51,38.076,0.1824,0.313,0.1846
"LAKE HATTIE","WY00015","72h","USC00484440",51,49.937,0.1996,0.0732,0.1945
"LAKE HATTIE","WY00015","72h","USC00484442",42,55.051,0.2308,0.3587,0.2429
"LAKE HATTIE","WY00015","72h","USC00057296",32,40.025,0.2643,0.2611,0.1034
"LAKE HATTIE","WY00015","72h","US1WYCR0004",23,37.456,0.2136,0.1568,0.1551
"LAKE HATTIE","WY00015","72h","USC00058756",89,30.995,0.2096,0.2607,0.2144
"LAKE HATTIE","WY00015","72h","USC00482995",59,38.927,0.2031,0.2318,0.1698
"LAKE HATTIE","WY00015","72h","USC00485720",20,36.168,0.2,0.1838,0.2919
"LAKE HATTIE","WY00015","72h","USC00488808",58,53.168,0.1911,0.1551,0.1361
"LAKE HATTIE","WY00015","72h","USC00486120",52,34.261,0.2299,0.2292,0.1714
"LAKE HATTIE","WY00015","72h","USC00487990",56,31.842,0.215,0.2499,0.1353
"LAKE HATTIE","WY00015","72h","USC00051060",36,74.392,0.2336,0.3225,0.2076
"LAKE HATTIE","WY00015","72h","US1COLR0140",23,51.03,0.2381,0.1194,0.1571
"LAKE HATTIE","WY00015","72h","US1COLR0252",20,68.237,0.208,0.1923,0.1607
"LAKE HATTIE","WY00015","72h","USW00024018",111,51.48,0.2156,0.1478,0.1781
"LAKE HATTIE","WY00015","72h","US1COLR0412",22,58.907,0.1775,0.1916,0.027
"LAKE HATTIE","WY00015","72h","US1COLR0311",25,61.083,0.2122,0.2137,0.1291
"HANNIBAL LOCKS AND DAM","WV10301","24h","USC00361350",34,64.134,0.1442,0.2793,0.2298
"HANNIBAL LOCKS AND DAM","WV10301","24h","USC00468777",52,64.877,0.1603,0.1395,0.0913
"HANNIBAL LOCKS AND DAM","WV10301","24h","USC00183402",24,61.472,0.1323,0.2296,0.2432
"HANNIBAL LOCKS AND DAM","WV10301","24h","USC00466991",66,74.114,0.1614,0.2502,0.2103
"HANNIBAL LOCKS AND DAM","WV10301","24h","USC00462151",51,64.804,0.1899,0.32,0.2634
"HANNIBAL LOCKS AND DAM","WV10301","24h","USC00186620",116,63.74,0.1741,0.2114,0.1296
"HANNIBAL LOCKS AND DAM","WV10301","24h","USC00185832",24,61.891,0.1716,0.2231,0.0379
"HANNIBAL LOCKS AND DAM","WV10301","24h","USC00468807",60,65.693,0.1909,0.2694,0.1893
"HANNIBAL LOCKS AND DAM","WV10301","24h","USC00460143",29,66.802,0.1612,0.2533,0.2501
"HANNIBAL LOCKS AND DAM","WV10301","24h","USC00464971",28,65.689,0.1531,0.1391,0.1861
"HANNIBAL LOCKS AND DAM","WV10301","24h","US1MDGR0004",20,72.484,0.1926,0.3152,0.1749
"HANNIBAL LOCKS AND DAM","WV10301","24h","USC00460527",110,65.039,0.1695,0.2435,0.16
"HANNIBAL LOCKS AND DAM","WV10301","24h","USC00463464",37,63.671,0.1539,0.1967,0.205
"HANNIBAL LOCKS AND DAM","WV10301","24h","USC00462211",25,68.356,0.1474,0.1206,0.0453
"HANNIBAL LOCKS AND DAM","WV10301","24h","USC00180881",24,57.559,0.2112,0.2618,0.3654
"HANNIBAL LOCKS AND DAM","WV10301","24h","USW00003733",22,64.066,0.153,0.1428,0.0963
"HANNIBAL LOCKS AND DAM","WV10301","24h","USC00461397",20,64.331,0.1425,0.2411,0.1345
"HANNIBAL LOCKS AND DAM","WV10301","24h","USC00461393",51,65.347,0.1751,0.275,0.2702
"HANNIBAL LOCKS AND DAM","WV10301","24h","USC00469086",65,62.009,0.1725,0.2934,0.2286
"HANNIBAL LOCKS AND DAM","WV10301","24h","USC00368395",32,66.423,0.1674,0.2547,0.377
"HANNIBAL LOCKS AND DAM","WV10301","24h","USC00461363",71,64.802,0.1505,0.1468,0.1832
"HANNIBAL LOCKS AND DAM","WV10301","24h","USC00466293",22,61.462,0.2001,0.3179,0.2853
"HANNIBAL LOCKS AND DAM","WV10301","24h","USC00468536",43,66.875,0.2186,0.3563,0.3176
"HANNIBAL LOCKS AND DAM","WV10301","24h","USC00183795",39,59.276,0.1805,0.2669,0.2268
"HANNIBAL LOCKS AND DAM","WV10301","24h","USC00364836",22,64.333,0.1877,0.3388,0.3048
"HANNIBAL LOCKS AND DAM","WV10301","24h","USC00365686",57,63.123,0.1966,0.2165,0.1112
"HANNIBAL LOCKS AND DAM","WV10301","24h","USC00460509",40,60.376,0.1541,0.1867,0.2512
"HANNIBAL LOCKS AND DAM","WV10301","24h","USC00368244",76,59.868,0.1641,0.1977,0.1686
"HANNIBAL LOCKS AND DAM","WV10301","24h","USC00368249",58,65.501,0.1741,0.2349,0.134
"HANNIBAL LOCKS AND DAM","WV10301","24h","USC00467504",21,65.438,0.161,0.1993,0.2868
"HANNIBAL LOCKS AND DAM","WV10301","24h","USC00364839",29,70.906,0.1299,0.2731,0.2397
"HANNIBAL LOCKS AND DAM","WV10301","24h","USC00468308",48,75.463,0.1441,0.1238,0.1791
"HANNIBAL LOCKS AND DAM","WV10301","24h","USC00468433",38,68.279,0.219,0.3239,0.3332
"HANNIBAL LOCKS AND DAM","WV10301","24h","USC00365684",22,68.925,0.197,0.3841,0.3747
"HANNIBAL LOCKS AND DAM","WV10301","24h","USC00460249",33,65.971,0.1471,0.1607,0.1798
"HANNIBAL LOCKS AND DAM","WV10301","24h","USC00467513",25,65.111,0.1159,0.1253,0.1645
"HANNIBAL LOCKS AND DAM","WV10301","24h","USC00183415",55,70.58,0.2054,0.3149,0.2014
"HANNIBAL LOCKS AND DAM","WV10301","24h","USC00183410",68,72.104,0.1923,0.1602,0.0924
"HANNIBAL LOCKS AND DAM","WV10301","24h","USC00468051",38,67.782,0.1809,0.3701,0.2976
"HANNIBAL LOCKS AND DAM","WV10301","24h","USC00360736",40,67.467,0.1909,0.171,0.1095
"HANNIBAL LOCKS AND DAM","WV10301","24h","USC00464128",38,63.845,0.1576,0.2106,0.0883
"HANNIBAL LOCKS AND DAM","WV10301","24h","USC00465672",61,63.208,0.1276,0.0848,0.1642
"HANNIBAL LOCKS AND DAM","WV10301","24h","USC00461215",67,65.661,0.1323,0.0947,0.1417
"HANNIBAL LOCKS AND DAM","WV10301","72h","USC00361350",34,80.255,0.1345,0.2261,0.1563
"HANNIBAL LOCKS AND DAM","WV10301","72h","USC00468777",52,87.075,0.1599,0.1833,0.0981
"HANNIBAL LOCKS AND DAM","WV10301","72h","USC00183402",24,80.276,0.1701,0.2226,0.2039
"HANNIBAL LOCKS AND DAM","WV10301","72h","USC00466991",66,99.403,0.1529,0.203,0.2175
"HANNIBAL LOCKS AND DAM","WV10301","72h","USC00188315",37,83.051,0.194,0.182,0.0818
"HANNIBAL LOCKS AND DAM","WV10301","72h","USC00462151",51,84.484,0.1672,0.1822,0.1982
"HANNIBAL LOCKS AND DAM","WV10301","72h","USC00186620",116,80.627,0.1613,0.2177,0.1481
"HANNIBAL LOCKS AND DAM","WV10301","72h","USC00468807",60,89.213,0.1681,0.2241,0.0879
"HANNIBAL LOCKS AND DAM","WV10301","72h","USC00460143",29,90.917,0.1453,0.1133,0.1288
"HANNIBAL LOCKS AND DAM","WV10301","72h","USC00464971",28,88.069,0.1268,-0.002,0.153
"HANNIBAL LOCKS AND DAM","WV10301","72h","US1MDGR0004",20,90.784,0.1778,0.2054,0.1034
"HANNIBAL LOCKS AND DAM","WV10301","72h","USC00460527",110,87.269,0.1476,0.1797,0.182
"HANNIBAL LOCKS AND DAM","WV10301","72h","USC00463464",37,88.775,0.1506,0.1832,0.1218
"HANNIBAL LOCKS AND DAM","WV10301","72h","USC00462211",25,87.719,0.1285,0.1491,0.0699
"HANNIBAL LOCKS AND DAM","WV10301","72h","USC00180881",24,78.623,0.1864,0.2374,0.1968
"HANNIBAL LOCKS AND DAM","WV10301","72h","USW00003733",22,80.935,0.1526,-0.0172,0.1705
"HANNIBAL LOCKS AND DAM","WV10301","72h","USC00461397",20,83.538,0.1439,0.2652,0.199
"HANNIBAL LOCKS AND DAM","WV10301","72h","USC00461393",51,83.305,0.1681,0.3222,0.2716
"HANNIBAL LOCKS AND DAM","WV10301","72h","USC00469086",65,80.403,0.1458,0.1657,0.1094
"HANNIBAL LOCKS AND DAM","WV10301","72h","USC00368395",32,84.73,0.1678,0.2798,0.1833
"HANNIBAL LOCKS AND DAM","WV10301","72h","USC00461363",71,87.679,0.1664,0.1184,0.1626
"HANNIBAL LOCKS AND DAM","WV10301","72h","USC00466293",22,78.973,0.1566,0.3043,0.2054
"HANNIBAL LOCKS AND DAM","WV10301","72h","USC00468536",43,88.111,0.2083,0.2376,0.1901
"HANNIBAL LOCKS AND DAM","WV10301","72h","USC00183795",39,77.535,0.18,0.164,0.0433
"HANNIBAL LOCKS AND DAM","WV10301","72h","USC00364836",22,85.059,0.2025,0.3271,0.2307
"HANNIBAL LOCKS AND DAM","WV10301","72h","USC00365686",57,78.681,0.174,0.209,0.2203
"HANNIBAL LOCKS AND DAM","WV10301","72h","USC00460509",40,75.424,0.1655,0.3283,0.2815
"HANNIBAL LOCKS AND DAM","WV10301","72h","USC00368244",76,76.293,0.1656,0.2406,0.162
"HANNIBAL LOCKS AND DAM","WV10301","72h","USC00368249",58,83.119,0.1595,0.1543,0.0618
"HANNIBAL LOCKS AND DAM","WV10301","72h","USC00467504",21,78.981,0.1739,0.3833,0.2972
"HANNIBAL LOCKS AND DAM","WV10301","72h","USC00364839",29,88.864,0.1471,0.2119,0.1775
"HANNIBAL LOCKS AND DAM","WV10301","72h","USC00468308",48,95.136,0.1496,0.1793,0.0975
"HANNIBAL LOCKS AND DAM","WV10301","72h","USC00468433",38,81.977,0.1952,0.2748,0.3312
"HANNIBAL LOCKS AND DAM","WV10301","72h","USC00365684",22,82.11,0.1934,0.2323,0.2356
"HANNIBAL LOCKS AND DAM","WV10301","72h","USC00460249",33,75.68,0.1472,0.0538,0.1128
"HANNIBAL LOCKS AND DAM","WV10301","72h","USC00467513",25,85.424,0.1665,0.2364,0.1287
"HANNIBAL LOCKS AND DAM","WV10301","72h","USC00183415",55,88.561,0.1703,0.3291,0.1901
"HANNIBAL LOCKS AND DAM","WV10301","72h","USC00183410",68,92.656,0.1599,0.245,0.1864
"HANNIBAL LOCKS AND DAM","WV10301","72h","USC00468051",38,84.517,0.1536,0.2922,0.2814
"HANNIBAL LOCKS AND DAM","WV10301","72h","USC00360736",40,87.602,0.1815,0.0624,0.0512
"HANNIBAL LOCKS AND DAM","WV10301","72h","USC00464128",38,83.511,0.1794,0.2524,0.1515
"HANNIBAL LOCKS AND DAM","WV10301","72h","USC00465672",61,79.465,0.1279,-0.0165,0.0676
"HANNIBAL LOCKS AND DAM","WV10301","72h","USC00461215",67,83.276,0.1488,0.1137,0.1854
"ELEVEN MILE CANYON","CO00359","24h","USC00054742",69,29.224,0.1858,0.1009,0.1162
"ELEVEN MILE CANYON","CO00359","24h","USC00052965",33,34.325,0.1985,0.2552,0.1864
"ELEVEN MILE CANYON","CO00359","24h","USC00051528",121,38.091,0.1979,0.1986,0.2249
"ELEVEN MILE CANYON","CO00359","24h","USC00055730",43,46.879,0.1758,0.1992,0.2097
"ELEVEN MILE CANYON","CO00359","24h","US1COEP0158",20,58.319,0.2363,0.137,0.3121
"ELEVEN MILE CANYON","CO00359","24h","USC00051294",107,40.241,0.2277,0.1967,0.1375
"ELEVEN MILE CANYON","CO00359","24h","USC00056280",21,49.386,0.2647,0.1605,0.1862
"ELEVEN MILE CANYON","CO00359","24h","US1COEP0064",23,50.668,0.1884,0.2115,0.1408
"ELEVEN MILE CANYON","CO00359","24h","US1COEP0037",21,42.854,0.2037,0.3396,0.2364
"ELEVEN MILE CANYON","CO00359","24h","US1COFM0019",22,44.306,0.248,0.3451,0.2548
"ELEVEN MILE CANYON","CO00359","24h","USC00050454",79,38.906,0.191,0.1724,0.1253
"ELEVEN MILE CANYON","CO00359","24h","US1COFM0034",22,39.529,0.2623,0.3066,0.2079
"ELEVEN MILE CANYON","CO00359","24h","US1COEP0058",21,58.227,0.2405,0.192,0.1402
"ELEVEN MILE CANYON","CO00359","24h","USC00051071",100,28.213,0.2021,0.1197,0.1624
"ELEVEN MILE CANYON","CO00359","24h","USC00057370",74,34.12,0.1948,0.1092,0.1134
"ELEVEN MILE CANYON","CO00359","24h","USC00058022",43,45.917,0.1891,0.1271,0.2079
"ELEVEN MILE CANYON","CO00359","24h","US1COJF0081",22,48.302,0.2216,0.2773,0.2177
"ELEVEN MILE CANYON","CO00359","24h","USC00057249",21,47.202,0.1573,0.2315,0.3181
"ELEVEN MILE CANYON","CO00359","24h","USC00057510",58,47.659,0.2173,0.2903,0.1631
"ELEVEN MILE CANYON","CO00359","24h","USC00053063",46,50.717,0.2573,0.3356,0.2637
"ELEVEN MILE CANYON","CO00359","24h","USC00054452",106,47.239,0.2265,0.2353,0.1478
"ELEVEN MILE CANYON","CO00359","24h","USC00051401",76,53.052,0.2459,0.2897,0.2076
"ELEVEN MILE CANYON","CO00359","24h","US1COJF0157",23,41.225,0.1499,0.1849,0.1853
"ELEVEN MILE CANYON","CO00359","24h","USC00054293",33,49.134,0.1692,0.2154,0.1043
"ELEVEN MILE CANYON","CO00359","24h","US1COCC0001",24,49.07,0.2132,0.3446,0.2104
"ELEVEN MILE CANYON","CO00359","24h","USC00052494",71,44.73,0.1907,0.1554,0.1551
"ELEVEN MILE CANYON","CO00359","24h","US1COJF0128",23,45.942,0.1515,0.0167,0.1588
"ELEVEN MILE CANYON","CO00359","24h","USC00052790",59,43.124,0.2007,0.2074,0.1542
"ELEVEN MILE CANYON","CO00359","72h","USC00054742",69,39.751,0.1926,0.073,0.1496
"ELEVEN MILE CANYON","CO00359","72h","USC00052965",33,43.822,0.172,0.1443,0.1915
"ELEVEN MILE CANYON","CO00359","72h","USC00051528",121,47.694,0.1931,0.2536,0.2178
"ELEVEN MILE CANYON","CO00359","72h","USC00055730",43,57.714,0.1899,0.1547,0.109
"ELEVEN MILE CANYON","CO00359","72h","USC00051294",107,49.007,0.2359,0.2308,0.1795
"ELEVEN MILE CANYON","CO00359","72h","USC00056280",21,60.809,0.2487,0.2423,0.3719
"ELEVEN MILE CANYON","CO00359","72h","US1COEP0064",23,63.3,0.2468,0.4669,0.3724
"ELEVEN MILE CANYON","CO00359","72h","US1COEP0037",21,58.126,0.2499,0.3933,0.3559
"ELEVEN MILE CANYON","CO00359","72h","US1COFM0019",22,51.762,0.2471,0.3601,0.2389
"ELEVEN MILE CANYON","CO00359","72h","USC00050454",79,51.457,0.1906,0.2995,0.2218
"ELEVEN MILE CANYON","CO00359","72h","US1COFM0034",22,46.795,0.271,0.3391,0.1349
"ELEVEN MILE CANYON","CO00359","72h","US1COEP0058",21,64.453,0.2254,0.2159,0.188
"ELEVEN MILE CANYON","CO00359","72h","USC00051071",100,35.721,0.2022,0.2066,0.202
"ELEVEN MILE CANYON","CO00359","72h","USC00057370",74,41.829,0.1852,0.1512,0.145
"ELEVEN MILE CANYON","CO00359","72h","US1COFM0050",21,52.599,0.2694,0.3001,0.1782
"ELEVEN MILE CANYON","CO00359","72h","USC00058022",43,61.829,0.231,0.206,0.2652
"ELEVEN MILE CANYON","CO00359","72h","US1COJF0081",22,65.363,0.2212,0.2282,0.2051
"ELEVEN MILE CANYON","CO00359","72h","US1COFM0021",23,49.682,0.137,0.0582,0.0967
"ELEVEN MILE CANYON","CO00359","72h","USC00057249",21,60.961,0.1441,-0.0375,-0.0918
"ELEVEN MILE CANYON","CO00359","72h","USW00093037",78,61.822,0.2443,0.2054,0.1758
"ELEVEN MILE CANYON","CO00359","72h","USC00057510",58,60.978,0.2079,0.1386,0.0984
"ELEVEN MILE CANYON","CO00359","72h","USC00053063",46,61.059,0.2496,0.2456,0.1461
"ELEVEN MILE CANYON","CO00359","72h","USC00054452",106,58.861,0.2129,0.1868,0.1425
"ELEVEN MILE CANYON","CO00359","72h","USC00051401",76,64.794,0.2357,0.249,0.2174
"ELEVEN MILE CANYON","CO00359","72h","USC00050437",27,59.24,0.2401,0.2807,0.4097
"ELEVEN MILE CANYON","CO00359","72h","US1COJF0157",23,58.598,0.1888,0.244,0.1852
"ELEVEN MILE CANYON","CO00359","72h","USC00054293",33,66.913,0.1942,0.1847,0.0993
"ELEVEN MILE CANYON","CO00359","72h","US1COCC0001",24,69.757,0.2557,0.3392,0.1833
"ELEVEN MILE CANYON","CO00359","72h","USC00052494",71,59.694,0.1913,0.2109,0.1733
"ELEVEN MILE CANYON","CO00359","72h","US1COJF0128",23,64.68,0.1861,0.1206,0.0935
"ELEVEN MILE CANYON","CO00359","72h","USC00052790",59,57.001,0.2351,0.2673,0.1844
"ELEVEN MILE CANYON","CO00359","72h","US1COJF0212",23,58.374,0.1617,0.0845,0.1975
"TONGUE RIVER DAM","MT00002","24h","USC00242266",44,38.042,0.2525,0.2719,0.0989
"TONGUE RIVER DAM","MT00002","24h","USC00240819",39,34.9,0.2418,0.1439,0.1391
"TONGUE RIVER DAM","MT00002","24h","USC00488160",99,43.97,0.2219,0.1677,0.1438
"TONGUE RIVER DAM","MT00002","24h","US1WYSH0014",21,39.259,0.1474,0.0205,0.0419
"TONGUE RIVER DAM","MT00002","24h","USC00246287",29,46.225,0.2295,0.0082,0.1775
"TONGUE RIVER DAM","MT00002","24h","USW00024029",78,37.481,0.2158,0.1922,0.1518
"TONGUE RIVER DAM","MT00002","24h","USC00241297",104,39.075,0.2303,0.2503,0.1667
"TONGUE RIVER DAM","MT00002","24h","USC00482399",31,43.49,0.2475,0.2131,0.2184
"TONGUE RIVER DAM","MT00002","24h","USC00485506",59,40.45,0.1749,-0.0508,0.1042
"TONGUE RIVER DAM","MT00002","24h","USC00249175",66,40.885,0.1969,0.2063,0.1122
"TONGUE RIVER DAM","MT00002","24h","USC00480680",30,46.556,0.239,0.2007,0.1771
"TONGUE RIVER DAM","MT00002","24h","USC00487079",31,46.902,0.2387,0.2434,0.2028
"TONGUE RIVER DAM","MT00002","24h","USC00244839",46,41.348,0.2477,0.3076,0.2343
"TONGUE RIVER DAM","MT00002","24h","USS0007E39S",32,54.452,0.22,0.0945,0.0893
"TONGUE RIVER DAM","MT00002","24h","USC00488626",35,60.926,0.2177,0.157,0.0331
"TONGUE RIVER DAM","MT00002","24h","USC00481816",74,39.069,0.2053,0.2015,0.1809
"TONGUE RIVER DAM","MT00002","24h","USS0007E32S",28,48.275,0.277,0.3483,0.2183
"TONGUE RIVER DAM","MT00002","24h","USC00247740",51,44.819,0.2184,0.034,0.1509
"TONGUE RIVER DAM","MT00002","24h","USS0007E33S",46,40.307,0.2098,0.1909,0.0911
"TONGUE RIVER DAM","MT00002","24h","USC00481220",54,42.109,0.2119,0.1687,0.0695
"TONGUE RIVER DAM","MT00002","24h","USC00480380",27,36.382,0.268,0.1917,0.1489
"TONGUE RIVER DAM","MT00002","24h","USC00242112",84,41.443,0.229,0.2233,0.1463
"TONGUE RIVER DAM","MT00002","24h","USC00245870",56,37.167,0.1974,0.241,0.1686
"TONGUE RIVER DAM","MT00002","24h","USC00481160",22,37.28,0.2029,0.0431,0.0998
"TONGUE RIVER DAM","MT00002","24h","USC00241905",92,39.992,0.2246,0.175,0.1341
"TONGUE RIVER DAM","MT00002","24h","USC00241084",70,38.845,0.2019,0.1664,0.1184
"TONGUE RIVER DAM","MT00002","24h","USC00481165",75,39.476,0.2239,0.2118,0.1711
"TONGUE RIVER DAM","MT00002","24h","USC00243915",70,38.775,0.2399,0.1799,0.1552
"TONGUE RIVER DAM","MT00002","24h","USC00249240",58,48.976,0.257,0.377,0.2614
"TONGUE RIVER DAM","MT00002","24h","USC00244364",54,36.539,0.2176,0.2303,0.0573
"TONGUE RIVER DAM","MT00002","24h","USS0006E03S",46,39.177,0.2225,0.1923,0.2463
"TONGUE RIVER DAM","MT00002","24h","USC00482881",44,44.18,0.1918,0.087,0.0956
"TONGUE RIVER DAM","MT00002","24h","USC00240743",60,43.313,0.2299,0.1864,0.133
"TONGUE RIVER DAM","MT00002","24h","US1MTPR0001",20,48.986,0.2175,0.2815,0.2333
"TONGUE RIVER DAM","MT00002","24h","USC00241127",88,43.076,0.2148,0.224,0.1625
"TONGUE RIVER DAM","MT00002","24h","USC00480740",51,36.829,0.2279,0.2803,0.1815
"TONGUE RIVER DAM","MT00002","24h","USC00240739",60,43.731,0.2529,0.325,0.2125
"TONGUE RIVER DAM","MT00002","24h","USC00248607",64,41.586,0.2494,0.2765,0.1647
"TONGUE RIVER DAM","MT00002","24h","USC00243383",34,34.93,0.2113,0.2652,0.3011
"TONGUE RIVER DAM","MT00002","24h","USW00024048",27,19.951,0.2809,0.1835,0.2717
"TONGUE RIVER DAM","MT00002","24h","USC00484080",54,25.408,0.2698,0.2141,0.1951
"TONGUE RIVER DAM","MT00002","72h","USC00242266",44,45.379,0.249,0.2938,0.1616
"TONGUE RIVER DAM","MT00002","72h","USC00488160",99,54.246,0.227,0.21,0.2164
"TONGUE RIVER DAM","MT00002","72h","US1WYSH0014",21,51.981,0.1802,0.1804,0.0579
"TONGUE RIVER DAM","MT00002","72h","USC00246287",29,59.197,0.2494,0.1628,0.2346
"TONGUE RIVER DAM","MT00002","72h","USW00024029",78,49.259,0.2105,0.1852,0.1752
"TONGUE RIVER DAM","MT00002","72h","USC00241297",104,47.7,0.2358,0.2435,0.1668
"TONGUE RIVER DAM","MT00002","72h","USC00482399",31,52.64,0.2123,0.0094,0.1068
"TONGUE RIVER DAM","MT00002","72h","USC00485506",59,51.039,0.2151,0.2126,0.2454
"TONGUE RIVER DAM","MT00002","72h","USC00249175",66,50.601,0.2059,0.2418,0.2151
"TONGUE RIVER DAM","MT00002","72h","USC00480680",30,60.746,0.2337,0.0524,0.0102
"TONGUE RIVER DAM","MT00002","72h","USC00487079",31,62.744,0.2329,0.1411,0.1453
"TONGUE RIVER DAM","MT00002","72h","USC00244839",46,51.728,0.2541,0.3101,0.2446
"TONGUE RIVER DAM","MT00002","72h","USS0007E39S",32,74.978,0.2186,0.1037,0.0226
"TONGUE RIVER DAM","MT00002","72h","USC00488626",35,77.93,0.2104,0.1094,-0.0077
"TONGUE RIVER DAM","MT00002","72h","USC00481816",74,48.42,0.2189,0.217,0.1456
"TONGUE RIVER DAM","MT00002","72h","USS0007E32S",28,64.357,0.2426,0.1964,0.1514
"TONGUE RIVER DAM","MT00002","72h","USC00247740",51,56.795,0.2245,0.0963,0.1507
"TONGUE RIVER DAM","MT00002","72h","USS0007E33S",46,55.226,0.2201,0.2789,0.1858
"TONGUE RIVER DAM","MT00002","72h","USC00481220",54,54.615,0.2219,0.2276,0.1629
"TONGUE RIVER DAM","MT00002","72h","USC00480380",27,41.07,0.2414,0.1074,0.0678
"TONGUE RIVER DAM","MT00002","72h","USC00242112",84,52.743,0.2389,0.2121,0.1605
"TONGUE RIVER DAM","MT00002","72h","USC00245870",56,47.303,0.2324,0.2089,0.1007
"TONGUE RIVER DAM","MT00002","72h","USW00094054",28,48.645,0.2888,0.1638,0.1717
"TONGUE RIVER DAM","MT00002","72h","USC00487548",26,54.82,0.2144,0.1883,0.267
"TONGUE RIVER DAM","MT00002","72h","USC00241905",92,52.03,0.2454,0.2948,0.2153
"TONGUE RIVER DAM","MT00002","72h","USC00241084",70,48.762,0.217,0.1582,0.1194
"TONGUE RIVER DAM","MT00002","72h","USC00481165",75,50.591,0.2339,0.211,0.1149
"TONGUE RIVER DAM","MT00002","72h","USC00243915",70,47.771,0.2323,0.1394,0.124
"TONGUE RIVER DAM","MT00002","72h","USC00249240",58,62.372,0.2615,0.3497,0.2037
"TONGUE RIVER DAM","MT00002","72h","USC00244364",54,46.97,0.2206,0.2567,0.1387
"TONGUE RIVER DAM","MT00002","72h","USS0006E03S",46,55.271,0.247,0.2663,0.2621
"TONGUE RIVER DAM","MT00002","72h","USC00482881",44,53.953,0.2387,0.2027,0.168
"TONGUE RIVER DAM","MT00002","72h","USC00240743",60,52.588,0.2358,0.2198,0.0975
"TONGUE RIVER DAM","MT00002","72h","USC00488124",45,36.103,0.191,0.328,0.2194
"TONGUE RIVER DAM","MT00002","72h","US1MTPR0001",20,65.24,0.2467,0.2464,0.2117
"TONGUE RIVER DAM","MT00002","72h","USC00241127",88,52.892,0.2019,0.1816,0.1202
"TONGUE RIVER DAM","MT00002","72h","USC00480740",51,50.682,0.2644,0.2682,0.1361
"TONGUE RIVER DAM","MT00002","72h","USC00240739",60,51.45,0.2253,0.2299,0.14
"TONGUE RIVER DAM","MT00002","72h","USC00248607",64,54.418,0.2458,0.2066,0.1566
"TONGUE RIVER DAM","MT00002","72h","USC00243383",34,44.911,0.225,0.0788,0.0863
"TONGUE RIVER DAM","MT00002","72h","USC00484080",54,29.778,0.2528,0.1367,0.1502
"LOYALHANNA DAM","PA00106","24h","USC00364836",22,64.333,0.1877,0.3388,0.3048
"LOYALHANNA DAM","PA00106","24h","USC00364839",29,70.906,0.1299,0.2731,0.2397
"LOYALHANNA DAM","PA00106","24h","USC00360736",40,67.467,0.1909,0.171,0.1095
"LOYALHANNA DAM","PA00106","24h","USC00368249",58,65.501,0.1741,0.2349,0.134
"LOYALHANNA DAM","PA00106","24h","USC00368244",76,59.868,0.1641,0.1977,0.1686
"LOYALHANNA DAM","PA00106","24h","USC00361350",34,64.134,0.1442,0.2793,0.2298
"LOYALHANNA DAM","PA00106","24h","USW00004726",26,60.929,0.1939,0.0575,0.0555
"LOYALHANNA DAM","PA00106","24h","USC00361073",20,64.393,0.2298,0.3071,0.2818
"LOYALHANNA DAM","PA00106","24h","USC00365684",22,68.925,0.197,0.3841,0.3747
"LOYALHANNA DAM","PA00106","24h","USC00368395",32,66.423,0.1674,0.2547,0.377
"LOYALHANNA DAM","PA00106","24h","USC00365686",57,63.123,0.1966,0.2165,0.1112
"LOYALHANNA DAM","PA00106","24h","USC00362298",22,65.879,0.1903,0.1894,0.1529
"LOYALHANNA DAM","PA00106","24h","USC00183402",24,61.472,0.1323,0.2296,0.2432
"LOYALHANNA DAM","PA00106","24h","USC00183795",39,59.276,0.1805,0.2669,0.2268
"LOYALHANNA DAM","PA00106","24h","USC00362466",41,61.819,0.1659,0.255,0.1663
"LOYALHANNA DAM","PA00106","24h","USC00180881",24,57.559,0.2112,0.2618,0.3654
"LOYALHANNA DAM","PA00106","24h","USC00185832",24,61.891,0.1716,0.2231,0.0379
"LOYALHANNA DAM","PA00106","24h","USC00361255",47,60.982,0.1717,0.1651,0.1539
"LOYALHANNA DAM","PA00106","24h","USC00183415",55,70.58,0.2054,0.3149,0.2014
"LOYALHANNA DAM","PA00106","24h","USC00361895",33,66.879,0.1877,0.4192,0.3105
"LOYALHANNA DAM","PA00106","24h","USC00183410",68,72.104,0.1923,0.1602,0.0924
"LOYALHANNA DAM","PA00106","24h","US1MDGR0004",20,72.484,0.1926,0.3152,0.1749
"LOYALHANNA DAM","PA00106","24h","USC00468777",52,64.877,0.1603,0.1395,0.0913
"LOYALHANNA DAM","PA00106","24h","USC00186620",116,63.74,0.1741,0.2114,0.1296
"LOYALHANNA DAM","PA00106","24h","USC00460527",110,65.039,0.1695,0.2435,0.16
"LOYALHANNA DAM","PA00106","24h","USC00466293",22,61.462,0.2001,0.3179,0.2853
"LOYALHANNA DAM","PA00106","24h","USC00468807",60,65.693,0.1909,0.2694,0.1893
"LOYALHANNA DAM","PA00106","24h","USC00468536",43,66.875,0.2186,0.3563,0.3176
"LOYALHANNA DAM","PA00106","24h","USC00462211",25,68.356,0.1474,0.1206,0.0453
"LOYALHANNA DAM","PA00106","24h","USC00461393",51,65.347,0.1751,0.275,0.2702
"LOYALHANNA DAM","PA00106","24h","USC00461397",20,64.331,0.1425,0.2411,0.1345
"LOYALHANNA DAM","PA00106","24h","USW00003733",22,64.066,0.153,0.1428,0.0963
"LOYALHANNA DAM","PA00106","24h","USC00460143",29,66.802,0.1612,0.2533,0.2501
"LOYALHANNA DAM","PA00106","24h","USC00463464",37,63.671,0.1539,0.1967,0.205
"LOYALHANNA DAM","PA00106","24h","USC00462151",51,64.804,0.1899,0.32,0.2634
"LOYALHANNA DAM","PA00106","24h","USC00468433",38,68.279,0.219,0.3239,0.3332
"LOYALHANNA DAM","PA00106","72h","USC00364836",22,85.059,0.2025,0.3271,0.2307
"LOYALHANNA DAM","PA00106","72h","USC00364839",29,88.864,0.1471,0.2119,0.1775
"LOYALHANNA DAM","PA00106","72h","USC00360736",40,87.602,0.1815,0.0624,0.0512
"LOYALHANNA DAM","PA00106","72h","USC00368249",58,83.119,0.1595,0.1543,0.0618
"LOYALHANNA DAM","PA00106","72h","USC00368244",76,76.293,0.1656,0.2406,0.162
"LOYALHANNA DAM","PA00106","72h","USC00361350",34,80.255,0.1345,0.2261,0.1563
"LOYALHANNA DAM","PA00106","72h","USW00004726",26,82.067,0.2119,0.1317,0.1348
"LOYALHANNA DAM","PA00106","72h","USC00361073",20,72.703,0.202,0.2884,0.1694
"LOYALHANNA DAM","PA00106","72h","USC00365684",22,82.11,0.1934,0.2323,0.2356
"LOYALHANNA DAM","PA00106","72h","USC00368395",32,84.73,0.1678,0.2798,0.1833
"LOYALHANNA DAM","PA00106","72h","USC00365686",57,78.681,0.174,0.209,0.2203
"LOYALHANNA DAM","PA00106","72h","USC00362298",22,74.801,0.1555,0.1688,0.148
"LOYALHANNA DAM","PA00106","72h","USC00183402",24,80.276,0.1701,0.2226,0.2039
"LOYALHANNA DAM","PA00106","72h","USC00183795",39,77.535,0.18,0.164,0.0433
"LOYALHANNA DAM","PA00106","72h","USC00362466",41,82.204,0.1341,0.1862,0.1649
"LOYALHANNA DAM","PA00106","72h","USC00180881",24,78.623,0.1864,0.2374,0.1968
"LOYALHANNA DAM","PA00106","72h","USC00185832",24,79.525,0.1074,0.2241,0.2121
"LOYALHANNA DAM","PA00106","72h","USC00361255",47,79.501,0.174,0.1256,0.1126
"LOYALHANNA DAM","PA00106","72h","USC00183415",55,88.561,0.1703,0.3291,0.1901
"LOYALHANNA DAM","PA00106","72h","USC00361895",33,84.735,0.1917,0.3243,0.1745
"LOYALHANNA DAM","PA00106","72h","USC00183410",68,92.656,0.1599,0.245,0.1864
"LOYALHANNA DAM","PA00106","72h","USC00188315",37,83.051,0.194,0.182,0.0818
"LOYALHANNA DAM","PA00106","72h","US1MDGR0004",20,90.784,0.1778,0.2054,0.1034
"LOYALHANNA DAM","PA00106","72h","USC00468777",52,87.075,0.1599,0.1833,0.0981
"LOYALHANNA DAM","PA00106","72h","USC00186620",116,80.627,0.1613,0.2177,0.1481
"LOYALHANNA DAM","PA00106","72h","USC00460527",110,87.269,0.1476,0.1797,0.182
"LOYALHANNA DAM","PA00106","72h","USC00466293",22,78.973,0.1566,0.3043,0.2054
"LOYALHANNA DAM","PA00106","72h","USC00468807",60,89.213,0.1681,0.2241,0.0879
"LOYALHANNA DAM","PA00106","72h","USC00468536",43,88.111,0.2083,0.2376,0.1901
"LOYALHANNA DAM","PA00106","72h","USC00462211",25,87.719,0.1285,0.1491,0.0699
"LOYALHANNA DAM","PA00106","72h","USC00461393",51,83.305,0.1681,0.3222,0.2716
"LOYALHANNA DAM","PA00106","72h","USC00461397",20,83.538,0.1439,0.2652,0.199
"LOYALHANNA DAM","PA00106","72h","USC00460143",29,90.917,0.1453,0.1133,0.1288
"LOYALHANNA DAM","PA00106","72h","USC00463464",37,88.775,0.1506,0.1832,0.1218
"LOYALHANNA DAM","PA00106","72h","USC00462151",51,84.484,0.1672,0.1822,0.1982
"OXFORD","NC00329","24h","USC00319382",22,99.507,0.1778,0.2063,0.051
"OXFORD","NC00329","24h","USC00310901",48,112.626,0.1996,0.2511,0.1226
"OXFORD","NC00329","24h","USC00314385",52,110.375,0.2397,0.3667,0.233
"OXFORD","NC00329","24h","USC00310982",47,108.11,0.2211,0.2074,0.12
"OXFORD","NC00329","24h","USC00313455",47,104.148,0.2039,0.1917,0.0968
"OXFORD","NC00329","24h","USC00310977",48,97.646,0.157,0.1638,0.093
"OXFORD","NC00329","24h","USC00313565",67,110.529,0.2154,0.2279,0.1974
"OXFORD","NC00329","24h","USC00318694",81,113.798,0.1999,0.2514,0.1155
"OXFORD","NC00329","24h","USC00314496",103,90.116,0.2092,0.2755,0.1801
"OXFORD","NC00329","24h","USC00312172",20,106.87,0.2225,0.3191,0.2567
"OXFORD","NC00329","24h","USC00318158",67,106.667,0.2215,0.2729,0.1671
"OXFORD","NC00329","24h","USC00310506",96,88.165,0.2132,0.3065,0.1809
"OXFORD","NC00329","24h","USC00310645",22,102.743,0.1779,0.1432,0.2797
"OXFORD","NC00329","24h","USC00313427",21,111.671,0.1891,0.0591,0.1282
"OXFORD","NC00329","24h","USC00313072",20,73.942,0.1774,0.2593,0.1325
"OXFORD","NC00329","24h","USC00316565",46,62.265,0.1968,0.1924,0.1952
"OXFORD","NC00329","24h","USC00311624",67,113.691,0.2241,0.2938,0.2732
"OXFORD","NC00329","24h","USC00406287",29,62.816,0.1725,0.1292,0.0539
"OXFORD","NC00329","24h","USC00444234",34,76.661,0.1676,0.2052,0.1807
"OXFORD","NC00329","24h","USC00443267",59,86.026,0.1965,0.2872,0.1974
"OXFORD","NC00329","24h","USC00315921",27,118.374,0.2172,0.2087,0.1911
"OXFORD","NC00329","24h","USC00315923",44,146.684,0.2359,0.3738,0.2632
"OXFORD","NC00329","24h","US1NCYN0004",20,90.784,0.2762,0.2313,0.202
"OXFORD","NC00329","24h","USC00316236",80,87.328,0.208,0.3208,0.2951
"OXFORD","NC00329","24h","USC00441259",34,71.629,0.1818,0.1305,0.0801
"OXFORD","NC00329","24h","USC00318442",50,78.639,0.1653,0.278,0.2783
"OXFORD","NC00329","24h","USC00447971",35,63.816,0.1609,0.2143,0.1758
"OXFORD","NC00329","24h","USC00310650",24,75.724,0.1867,0.2315,0.1164
"OXFORD","NC00329","24h","USC00318448",25,84.465,0.2035,0.36,0.2114
"OXFORD","NC00329","24h","USC00441255",23,67.481,0.137,0.164,0.072
"OXFORD","NC00329","24h","USC00445271",26,61.111,0.1659,0.1528,0.1802
"OXFORD","NC00329","24h","USC00443991",59,79.757,0.1737,0.12,0.0656
"OXFORD","NC00329","24h","USC00409209",23,71.554,0.1604,0.1978,0.0827
"OXFORD","NC00329","24h","USC00445453",72,108.522,0.1671,0.2346,0.1841
"OXFORD","NC00329","24h","USC00441675",25,60.337,0.1578,0.1798,0.1538
"OXFORD","NC00329","24h","USC00445266",24,60.766,0.2077,0.3273,0.2751
"OXFORD","NC00329","24h","USC00384177",26,124.226,0.1477,0.1745,0.1288
"OXFORD","NC00329","24h","USC00313101",32,80.707,0.1697,0.2322,0.2222
"OXFORD","NC00329","24h","USC00440013",23,56.49,0.1464,0.1275,0.0516
"OXFORD","NC00329","72h","USC00319382",22,125.243,0.1265,0.2045,0.1229
"OXFORD","NC00329","72h","USC00310901",48,148.211,0.1772,0.1797,0.11
"OXFORD","NC00329","72h","USC00314385",52,141.558,0.2194,0.3965,0.2817
"OXFORD","NC00329","72h","USC00310982",47,140.946,0.2341,0.2853,0.1785
"OXFORD","NC00329","72h","USC00313455",47,139.997,0.2079,0.2735,0.1453
"OXFORD","NC00329","72h","USC00313565",67,148.935,0.2184,0.1915,0.133
"OXFORD","NC00329","72h","USC00318694",81,142.782,0.1992,0.2394,0.1357
"OXFORD","NC00329","72h","USC00314496",103,113.849,0.2075,0.2752,0.2169
"OXFORD","NC00329","72h","USC00312172",20,130.985,0.2072,0.5084,0.4669
"OXFORD","NC00329","72h","USC00318158",67,136.942,0.2241,0.3274,0.2086
"OXFORD","NC00329","72h","USC00310506",96,114.481,0.2132,0.3365,0.3084
"OXFORD","NC00329","72h","USC00310645",22,141.611,0.227,0.3986,0.4174
"OXFORD","NC00329","72h","USC00310160",26,143.768,0.2821,0.4664,0.4218
"OXFORD","NC00329","72h","USC00313427",21,140.924,0.1494,0.2856,0.2883
"OXFORD","NC00329","72h","USC00313072",20,92.947,0.2355,0.5262,0.4796
"OXFORD","NC00329","72h","USC00316565",46,84.503,0.1795,0.1299,0.2403
"OXFORD","NC00329","72h","US1NCML0002",20,116.441,0.2833,0.4287,0.4901
"OXFORD","NC00329","72h","USC00311624",67,153.272,0.2492,0.3094,0.2912
"OXFORD","NC00329","72h","USC00406287",29,83.267,0.1556,0.1247,0.134
"OXFORD","NC00329","72h","USC00444234",34,93,0.1763,0.1502,0.1841
"OXFORD","NC00329","72h","USC00443267",59,106.841,0.205,0.2639,0.1262
"OXFORD","NC00329","72h","USC00315921",27,157.884,0.1854,0.3065,0.2071
"OXFORD","NC00329","72h","USC00315923",44,192.528,0.2308,0.2352,0.2125
"OXFORD","NC00329","72h","US1NCYN0004",20,122.606,0.2962,0.4044,0.4412
"OXFORD","NC00329","72h","USC00315796",26,126.571,0.2158,0.1757,0.1502
"OXFORD","NC00329","72h","USC00316236",80,113.258,0.2001,0.319,0.3091
"OXFORD","NC00329","72h","USC00310843",59,123.497,0.2514,0.2507,0.2511
"OXFORD","NC00329","72h","USC00441259",34,89.456,0.1623,0.0682,0.0732
"OXFORD","NC00329","72h","USC00318442",50,101.947,0.1602,0.2663,0.1879
"OXFORD","NC00329","72h","USC00310650",24,97.914,0.1779,0.0538,0.0588
"OXFORD","NC00329","72h","USC00318448",25,102.905,0.2224,0.2752,0.1968
"OXFORD","NC00329","72h","USC00441255",23,81.092,0.1361,0.1195,0.0964
"OXFORD","NC00329","72h","USC00445271",26,79.322,0.1696,0.1961,0.2628
"OXFORD","NC00329","72h","USC00409209",23,87.16,0.1359,0.0624,-0.0138
"OXFORD","NC00329","72h","USC00445453",72,137.615,0.1716,0.2027,0.175
"OXFORD","NC00329","72h","USC00445266",24,75.821,0.1777,0.2629,0.3505
"OXFORD","NC00329","72h","USC00442782",20,77.461,0.1907,0.37,0.3186
"OXFORD","NC00329","72h","USC00384177",26,175.726,0.145,0.1855,0.0887
"OXFORD","NC00329","72h","USC00313101",32,102.897,0.2034,0.2101,0.1345
"OXFORD","NC00329","72h","USC00440013",23,78.128,0.1723,0.0858,0.0348
"OXFORD","NC00329","72h","USC00449301",98,84.615,0.1789,0.1908,0.1544
"GEORGE B STEVENSON","PA00914","24h","USC00361262",28,62.913,0.2055,0.3859,0.2232
"GEORGE B STEVENSON","PA00914","24h","USC00361806",31,60.287,0.1376,0.1578,0.2533
"GEORGE B STEVENSON","PA00914","24h","USC00367310",35,57.488,0.1782,0.2167,0.1839
"GEORGE B STEVENSON","PA00914","24h","USC00367730",45,65.271,0.1879,0.2044,0.1622
"GEORGE B STEVENSON","PA00914","24h","USW00004751",64,59.865,0.1731,0.1052,0.2094
"GEORGE B STEVENSON","PA00914","24h","USC00309425",73,59.57,0.1855,0.23,0.2194
"GEORGE B STEVENSON","PA00914","24h","USW00054757",26,52.289,0.1636,0.0616,0.1996
"GEORGE B STEVENSON","PA00914","24h","USC00361255",47,60.982,0.1717,0.1651,0.1539
"GEORGE B STEVENSON","PA00914","24h","USC00361895",33,66.879,0.1877,0.4192,0.3105
"GEORGE B STEVENSON","PA00914","24h","USC00362466",41,61.819,0.1659,0.255,0.1663
"GEORGE B STEVENSON","PA00914","24h","USC00362343",34,69.316,0.1629,0.1861,0.1796
"GEORGE B STEVENSON","PA00914","24h","USC00362298",22,65.879,0.1903,0.1894,0.1529
"GEORGE B STEVENSON","PA00914","24h","USW00004726",26,60.929,0.1939,0.0575,0.0555
"GEORGE B STEVENSON","PA00914","24h","USC00360736",40,67.467,0.1909,0.171,0.1095
"GEORGE B STEVENSON","PA00914","24h","USC00303124",25,59.32,0.1351,0.1355,0.1036
"GEORGE B STEVENSON","PA00914","24h","USC00361073",20,64.393,0.2298,0.3071,0.2818
"GEORGE B STEVENSON","PA00914","24h","USC00364836",22,64.333,0.1877,0.3388,0.3048
"GEORGE B STEVENSON","PA00914","24h","USC00364839",29,70.906,0.1299,0.2731,0.2397
"GEORGE B STEVENSON","PA00914","72h","USC00361262",28,78.317,0.1963,0.3403,0.2415
"GEORGE B STEVENSON","PA00914","72h","USC00361806",31,76.08,0.1828,0.4471,0.3923
"GEORGE B STEVENSON","PA00914","72h","USC00367310",35,70.717,0.1638,0.0848,0.1884
"GEORGE B STEVENSON","PA00914","72h","USC00361526",27,77.998,0.1729,0.0739,0.1988
"GEORGE B STEVENSON","PA00914","72h","USC00367730",45,80.905,0.1905,0.2506,0.1572
"GEORGE B STEVENSON","PA00914","72h","USW00004751",64,73.734,0.182,0.1743,0.2533
"GEORGE B STEVENSON","PA00914","72h","USC00309425",73,75.483,0.1981,0.2486,0.2213
"GEORGE B STEVENSON","PA00914","72h","USW00054757",26,67.675,0.2042,0.0545,0.0581
"GEORGE B STEVENSON","PA00914","72h","USC00361255",47,79.501,0.174,0.1256,0.1126
"GEORGE B STEVENSON","PA00914","72h","USC00361895",33,84.735,0.1917,0.3243,0.1745
"GEORGE B STEVENSON","PA00914","72h","USC00362466",41,82.204,0.1341,0.1862,0.1649
"GEORGE B STEVENSON","PA00914","72h","USC00362343",34,90.346,0.1416,0.0626,0.1401
"GEORGE B STEVENSON","PA00914","72h","USC00362298",22,74.801,0.1555,0.1688,0.148
"GEORGE B STEVENSON","PA00914","72h","USW00004726",26,82.067,0.2119,0.1317,0.1348
"GEORGE B STEVENSON","PA00914","72h","USC00360736",40,87.602,0.1815,0.0624,0.0512
"GEORGE B STEVENSON","PA00914","72h","USC00303124",25,75.47,0.1781,0.344,0.2855
"GEORGE B STEVENSON","PA00914","72h","USC00361073",20,72.703,0.202,0.2884,0.1694
"GEORGE B STEVENSON","PA00914","72h","USC00364836",22,85.059,0.2025,0.3271,0.2307
"GEORGE B STEVENSON","PA00914","72h","USC00364839",29,88.864,0.1471,0.2119,0.1775
"NANTAHALA","NC00371","24h","USC00316031",43,88.752,0.1572,0.121,0.1282
"NANTAHALA","NC00371","24h","USC00313228",68,82.897,0.1643,0.1881,0.1758
"NANTAHALA","NC00371","24h","USC00312102",83,115.987,0.1654,0.2053,0.124
"NANTAHALA","NC00371","24h","USC00314055",116,138.481,0.1939,0.2124,0.1607
"NANTAHALA","NC00371","24h","USC00312200",117,76.881,0.1849,0.2012,0.165
"NANTAHALA","NC00371","24h","USC00316341",50,82.128,0.1706,0.1379,0.1534
"NANTAHALA","NC00371","24h","USC00318754",33,85.103,0.1689,0.2067,0.2102
"NANTAHALA","NC00371","24h","USC00406500",25,104.548,0.1425,0.0174,0.1095
"NANTAHALA","NC00371","24h","USC00406328",34,104.492,0.1519,0.0221,0.076
"NANTAHALA","NC00371","24h","USC00317363",57,139.075,0.2222,0.3587,0.228
"NANTAHALA","NC00371","24h","USC00384581",25,148.505,0.2016,0.1663,0.156
"NANTAHALA","NC00371","24h","USC00314788",58,170.16,0.1948,0.1826,0.1633
"NANTAHALA","NC00371","24h","US1NCHW0002",20,82.196,0.1769,0.1063,0.2243
"NANTAHALA","NC00371","24h","USC00319147",115,76.839,0.1691,0.1798,0.1264
"NANTAHALA","NC00371","24h","USC00311564",38,67.779,0.1417,0.1012,0.0572
"NANTAHALA","NC00371","24h","USC00317486",85,131.886,0.2045,0.2039,0.1683
"NANTAHALA","NC00371","24h","USC00311441",64,66.741,0.1741,0.2689,0.1772
"NANTAHALA","NC00371","24h","USC00311055",84,112.24,0.1991,0.2051,0.1183
"NANTAHALA","NC00371","24h","US1NCTR0001",20,114.514,0.1862,0.1269,0.1653
"NANTAHALA","NC00371","24h","USC00316805",87,109.209,0.1984,0.2538,0.206
"NANTAHALA","NC00371","24h","USC00381249",26,141.524,0.2271,0.2754,0.2785
"NANTAHALA","NC00371","24h","USC00381256",52,115.873,0.1798,0.3051,0.1283
"NANTAHALA","NC00371","24h","USC00311174",32,118.668,0.1659,0.1586,0.1811
"NANTAHALA","NC00371","24h","USC00311420",33,84.877,0.2217,0.3039,0.2095
"NANTAHALA","NC00371","24h","USC00311437",24,69.773,0.1821,0.2037,0.1777
"NANTAHALA","NC00371","24h","USC00312837",64,73.812,0.1723,0.1824,0.1335
"NANTAHALA","NC00371","24h","USC00310724",56,89.26,0.151,0.0623,0.0547
"NANTAHALA","NC00371","24h","USW00053878",22,93.543,0.2198,0.1086,0.1435
"NANTAHALA","NC00371","24h","USC00313106",61,92.017,0.2026,0.1844,0.153
"NANTAHALA","NC00371","24h","USW00003812",70,85.315,0.1729,0.0774,0.1251
"NANTAHALA","NC00371","24h","US1NCHN0002",20,93.943,0.1779,0.2614,0.275
"NANTAHALA","NC00371","24h","USW00013872",136,69.831,0.1732,0.1788,0.1572
"NANTAHALA","NC00371","24h","USC00313101",32,80.707,0.1697,0.2322,0.2222
"NANTAHALA","NC00371","24h","USC00313976",122,102.623,0.2043,0.3391,0.2151
"NANTAHALA","NC00371","24h","USC00318448",25,84.465,0.2035,0.36,0.2114
"NANTAHALA","NC00371","24h","USC00310650",24,75.724,0.1867,0.2315,0.1164
"NANTAHALA","NC00371","24h","USC00384177",26,124.226,0.1477,0.1745,0.1288
"NANTAHALA","NC00371","24h","USC00318442",50,78.639,0.1653,0.278,0.2783
"NANTAHALA","NC00371","24h","USC00316236",80,87.328,0.208,0.3208,0.2951
"NANTAHALA","NC00371","72h","USC00316031",43,122.127,0.1427,0.027,0.0335
"NANTAHALA","NC00371","72h","USC00313228",68,109.107,0.159,0.1531,0.1563
"NANTAHALA","NC00371","72h","USC00312102",83,151.245,0.1517,0.1577,0.0905
"NANTAHALA","NC00371","72h","USC00314055",116,189.029,0.193,0.2439,0.1322
"NANTAHALA","NC00371","72h","USC00312200",117,100.672,0.1766,0.2077,0.1971
"NANTAHALA","NC00371","72h","USC00316341",50,105.589,0.1742,0.092,0.1086
"NANTAHALA","NC00371","72h","USC00318754",33,115.101,0.1519,0.2344,0.1912
"NANTAHALA","NC00371","72h","USC00406500",25,139.841,0.1563,0.2799,0.1029
"NANTAHALA","NC00371","72h","USC00406328",34,143.879,0.152,0.1764,0.1596
"NANTAHALA","NC00371","72h","USC00317363",57,178.354,0.2075,0.2674,0.1777
"NANTAHALA","NC00371","72h","USC00094243",20,114.634,0.1405,0.1114,0.1091
"NANTAHALA","NC00371","72h","USC00314788",58,221.228,0.197,0.289,0.2026
"NANTAHALA","NC00371","72h","US1NCHW0002",20,108.279,0.2198,0.2365,0.3003
"NANTAHALA","NC00371","72h","USC00319147",115,98.006,0.1745,0.2194,0.1697
"NANTAHALA","NC00371","72h","USC00311564",38,88.702,0.1551,0.2208,0.1589
"NANTAHALA","NC00371","72h","USC00317486",85,169.891,0.1839,0.2144,0.2393
"NANTAHALA","NC00371","72h","USC00311441",64,86,0.1577,0.2049,0.1375
"NANTAHALA","NC00371","72h","USC00311055",84,143.409,0.1789,0.248,0.1975
"NANTAHALA","NC00371","72h","US1NCTR0001",20,161.741,0.2185,0.3215,0.2764
"NANTAHALA","NC00371","72h","USC00316805",87,138.459,0.19,0.2156,0.1794
"NANTAHALA","NC00371","72h","USC00381249",26,171.657,0.2007,0.2095,0.1255
"NANTAHALA","NC00371","72h","USC00381256",52,157.626,0.1787,0.2875,0.2791
"NANTAHALA","NC00371","72h","USC00311174",32,157.268,0.1422,0.1208,0.0605
"NANTAHALA","NC00371","72h","USC00311420",33,113.525,0.2366,0.3032,0.2424
"NANTAHALA","NC00371","72h","USC00312837",64,92.05,0.1444,-0.0057,0.0778
"NANTAHALA","NC00371","72h","USC00310724",56,110.442,0.1449,0.0721,0.0791
"NANTAHALA","NC00371","72h","USC00313106",61,112.196,0.187,0.1273,0.1339
"NANTAHALA","NC00371","72h","USW00003812",70,107.179,0.197,0.2239,0.2522
"NANTAHALA","NC00371","72h","US1NCHN0002",20,119.223,0.1858,0.113,0.0776
"NANTAHALA","NC00371","72h","USW00013872",136,88.129,0.1936,0.2343,0.2268
"NANTAHALA","NC00371","72h","USC00313101",32,102.897,0.2034,0.2101,0.1345
"NANTAHALA","NC00371","72h","USC00313976",122,128.796,0.1862,0.2952,0.2316
"NANTAHALA","NC00371","72h","USC00318448",25,102.905,0.2224,0.2752,0.1968
"NANTAHALA","NC00371","72h","USC00310650",24,97.914,0.1779,0.0538,0.0588
"NANTAHALA","NC00371","72h","USC00384177",26,175.726,0.145,0.1855,0.0887
"NANTAHALA","NC00371","72h","USC00318442",50,101.947,0.1602,0.2663,0.1879
"NANTAHALA","NC00371","72h","USC00316236",80,113.258,0.2001,0.319,0.3091
"NANTAHALA","NC00371","72h","USC00315796",26,126.571,0.2158,0.1757,0.1502
"SHERMAN DAM","NE01077","24h","USC00254986",53,63.295,0.1566,0.1462,0.0246
"SHERMAN DAM","NE01077","24h","USC00254985",120,68.436,0.2269,0.3028,0.2335
"SHERMAN DAM","NE01077","24h","US10shem003",23,81.041,0.2094,0.1017,0.049
"SHERMAN DAM","NE01077","24h","USC00256337",21,61.983,0.2382,0.3771,0.3047
"SHERMAN DAM","NE01077","24h","US10vall002",21,68.747,0.1666,0.0612,0.149
"SHERMAN DAM","NE01077","24h","USC00250320",116,64.375,0.1865,0.2277,0.2032
"SHERMAN DAM","NE01077","24h","US10vall009",22,60.892,0.1439,0.1301,0.0609
"SHERMAN DAM","NE01077","24h","US10gree004",22,64.97,0.1758,0.0358,0.1261
"SHERMAN DAM","NE01077","24h","USC00257040",124,71.381,0.2082,0.2092,0.1813
"SHERMAN DAM","NE01077","24h","USC00256336",49,64.827,0.1787,0.2009,0.2032
"SHERMAN DAM","NE01077","24h","USC00255250",88,67.155,0.1913,0.1892,0.1221
"SHERMAN DAM","NE01077","24h","USC00256335",78,66.674,0.2155,0.24,0.1421
"SHERMAN DAM","NE01077","24h","USW00094958",26,61.963,0.2027,0.1072,0.3155
"SHERMAN DAM","NE01077","24h","USC00253425",95,67.959,0.203,0.2833,0.2527
"SHERMAN DAM","NE01077","24h","USC00251390",28,73.704,0.2522,0.2711,0.1075
"SHERMAN DAM","NE01077","24h","USC00251835",53,55.332,0.1694,0.188,0.1481
"SHERMAN DAM","NE01077","24h","US10vall004",20,69.201,0.1556,0.1648,0.1345
"SHERMAN DAM","NE01077","24h","USC00252770",121,62.186,0.1897,0.1673,0.1922
"SHERMAN DAM","NE01077","24h","USC00251345",72,64.01,0.185,0.2133,0.1173
"SHERMAN DAM","NE01077","24h","USC00255525",113,65.973,0.2188,0.2395,0.1478
"SHERMAN DAM","NE01077","24h","US10buff006",21,73.547,0.2501,0.2975,0.1427
"SHERMAN DAM","NE01077","24h","USC00254335",128,69.547,0.1982,0.1857,0.1606
"SHERMAN DAM","NE01077","24h","USC00258455",92,62.802,0.2029,0.218,0.1942
"SHERMAN DAM","NE01077","24h","USC00251200",125,64.821,0.1882,0.1892,0.1818
"SHERMAN DAM","NE01077","24h","USC00250525",61,67.224,0.1678,0.0952,0.1148
"SHERMAN DAM","NE01077","24h","USC00254945",32,66.628,0.1863,0.2472,0.1595
"SHERMAN DAM","NE01077","24h","USC00256167",55,63.96,0.1986,0.1142,0.1868
"SHERMAN DAM","NE01077","24h","USC00252655",24,70.521,0.2239,0.2005,0.2461
"SHERMAN DAM","NE01077","24h","USC00255565",124,71.792,0.2076,0.1614,0.1093
"SHERMAN DAM","NE01077","72h","USC00254986",53,76.626,0.1591,0.0666,0.0564
"SHERMAN DAM","NE01077","72h","USC00254985",120,80.767,0.2046,0.197,0.1893
"SHERMAN DAM","NE01077","72h","US10shem003",23,94.066,0.1789,-0.0334,0.0645
"SHERMAN DAM","NE01077","72h","US10vall002",21,82.204,0.1483,0.09,0.225
"SHERMAN DAM","NE01077","72h","USC00250320",116,75.253,0.1808,0.1429,0.152
"SHERMAN DAM","NE01077","72h","US10vall009",22,77.887,0.1234,0.1697,0.156
"SHERMAN DAM","NE01077","72h","US10gree004",22,78.814,0.1813,-0.0491,0.108
"SHERMAN DAM","NE01077","72h","USC00257040",124,82.525,0.1942,0.2128,0.2069
"SHERMAN DAM","NE01077","72h","USC00256336",49,78.33,0.1673,0.2275,0.1274
"SHERMAN DAM","NE01077","72h","USC00255250",88,80.851,0.1846,0.1451,0.1259
"SHERMAN DAM","NE01077","72h","USC00256335",78,78.273,0.1995,0.2449,0.1351
"SHERMAN DAM","NE01077","72h","USW00094958",26,71.842,0.1897,0.071,0.176
"SHERMAN DAM","NE01077","72h","USC00253425",95,79.792,0.1768,0.2365,0.2382
"SHERMAN DAM","NE01077","72h","USC00251835",53,67.31,0.1936,0.2254,0.1683
"SHERMAN DAM","NE01077","72h","US10vall004",20,85.475,0.1567,0.296,0.1961
"SHERMAN DAM","NE01077","72h","USC00252770",121,73.746,0.188,0.1558,0.1743
"SHERMAN DAM","NE01077","72h","USC00251345",72,74.286,0.1638,0.118,0.1102
"SHERMAN DAM","NE01077","72h","USC00255525",113,80.553,0.2047,0.153,0.1027
"SHERMAN DAM","NE01077","72h","US10buff006",21,87.29,0.2159,0.1992,0.1474
"SHERMAN DAM","NE01077","72h","USW00094946",27,80.851,0.2423,0.1481,0.2447
"SHERMAN DAM","NE01077","72h","USC00254335",128,81.278,0.1885,0.1694,0.1221
"SHERMAN DAM","NE01077","72h","USC00258455",92,76.242,0.1897,0.1461,0.1613
"SHERMAN DAM","NE01077","72h","USC00251200",125,77.921,0.1944,0.2064,0.1743
"SHERMAN DAM","NE01077","72h","USC00250525",61,75.963,0.1535,0.1134,0.1403
"SHERMAN DAM","NE01077","72h","US10buff004",20,94.152,0.2144,0.0498,0.0552
"SHERMAN DAM","NE01077","72h","USC00254945",32,77.849,0.161,0.1667,0.1206
"SHERMAN DAM","NE01077","72h","USC00256167",55,77.915,0.2097,0.2153,0.1645
"SHERMAN DAM","NE01077","72h","USC00252655",24,77.791,0.2219,0.1836,0.1741
"SHERMAN DAM","NE01077","72h","USC00255565",124,85.12,0.1964,0.178,0.149
"CHINA HAT","ID00266","24h","USC00102071",36,31.499,0.1656,0.1041,0.1701
"CHINA HAT","ID00266","24h","USC00100920",21,31.236,0.1658,0.0581,-0.0219
"CHINA HAT","ID00266","24h","USC00108535",28,27.338,0.2027,0.2464,0.2276
"CHINA HAT","ID00266","24h","USS0011G01S",44,35.164,0.197,0.2781,0.2543
"CHINA HAT","ID00266","24h","USC00103825",30,29.015,0.1989,0.3175,0.2861
"CHINA HAT","ID00266","24h","USC00103732",106,27.798,0.1758,0.1975,0.1867
"CHINA HAT","ID00266","24h","USS0011G05S",45,35.655,0.1406,0.0985,0.1872
"CHINA HAT","ID00266","24h","USS0011F11S",43,32.641,0.1502,0.177,0.1221
"CHINA HAT","ID00266","24h","USS0011G30S",38,39.202,0.1645,0.1284,0.1758
"CHINA HAT","ID00266","24h","USC00105716",38,30.48,0.1409,0.0998,0.1577
"CHINA HAT","ID00266","24h","USS0011G06S",46,44.859,0.1496,0.0257,0.1054
"CHINA HAT","ID00266","24h","USC00480603",32,32.247,0.1625,0.1539,0.0368
"CHINA HAT","ID00266","24h","USC00480027",56,30.889,0.1704,0.1764,0.1553
"CHINA HAT","ID00266","24h","USC00484095",32,31.435,0.192,0.1672,0.186
"CHINA HAT","ID00266","24h","USC00480605",48,28.782,0.1528,0.1571,0.2233
"CHINA HAT","ID00266","24h","USC00104456",70,29.826,0.1957,0.2647,0.1888
"CHINA HAT","ID00266","24h","USC00100803",35,28.405,0.165,0.1658,0.0576
"CHINA HAT","ID00266","24h","USS0011G33S",44,31.237,0.1766,0.2799,0.1999
"CHINA HAT","ID00266","24h","USS0010G23S",45,50.001,0.1412,0.1351,0.1913
"CHINA HAT","ID00266","24h","USC00106053",62,28.059,0.1876,0.3095,0.2365
"CHINA HAT","ID00266","24h","USC00106764",39,29.991,0.1558,0.167,0.085
"CHINA HAT","ID00266","24h","USC00107208",34,28.074,0.1761,0.1921,0.1344
"CHINA HAT","ID00266","24h","US1WYLN0002",22,33.546,0.1387,0.1533,0.1601
"CHINA HAT","ID00266","24h","USC00104588",45,27.888,0.1799,0.1472,0.1207
"CHINA HAT","ID00266","24h","USS0010G08S",45,32.087,0.1559,0.1062,0.169
"CHINA HAT","ID00266","24h","USS0010G25S",42,40.941,0.1208,0.1215,0.1945
"CHINA HAT","ID00266","24h","USC00103297",107,24.072,0.1885,0.1276,0.1528
"CHINA HAT","ID00266","24h","USC00108937",65,31.362,0.1769,0.2393,0.1503
"CHINA HAT","ID00266","24h","USC00100915",92,27.705,0.1916,0.1579,0.1202
"CHINA HAT","ID00266","24h","USS0012G17S",42,42.507,0.1665,0.0453,0.1628
"CHINA HAT","ID00266","24h","USS0012G18S",45,38.91,0.1995,0.2141,0.1913
"CHINA HAT","ID00266","24h","USW00024156",87,24.15,0.1733,0.0882,0.1515
"CHINA HAT","ID00266","24h","USC00104455",57,28.773,0.188,0.1708,0.1735
"CHINA HAT","ID00266","24h","USS0010G15S",41,45.988,0.1547,0.2605,0.1899
"CHINA HAT","ID00266","24h","USC00105275",102,25.208,0.2103,0.2269,0.1687
"CHINA HAT","ID00266","24h","USC00480915",89,27.587,0.182,0.2161,0.196
"CHINA HAT","ID00266","24h","USW00024145",72,23.51,0.1775,0.1202,0.1436
"CHINA HAT","ID00266","24h","USC00107346",46,33.504,0.168,0.1518,0.1623
"CHINA HAT","ID00266","24h","USS0011F02S",38,38.97,0.131,0.2561,0.2262
"CHINA HAT","ID00266","24h","USS0011G32S",45,56.831,0.1847,0.2752,0.2503
"CHINA HAT","ID00266","24h","USC00100347",34,30.065,0.1795,0.2113,0.1268
"CHINA HAT","ID00266","24h","USC00107353",46,31.144,0.1683,0.2311,0.1719
"CHINA HAT","ID00266","24h","USC00105544",61,30.666,0.1717,0.2649,0.1855
"CHINA HAT","ID00266","24h","USS0010G12S",44,33.661,0.1454,0.1381,0.114
"CHINA HAT","ID00266","24h","USC00108626",43,24.715,0.1645,0.1298,0.1806
"CHINA HAT","ID00266","24h","USS0010F23S",44,44.681,0.1408,0.2031,0.16
"CHINA HAT","ID00266","24h","USW00024151",61,29.654,0.2055,0.2366,0.15
"CHINA HAT","ID00266","24h","USS0010G13S",46,28.948,0.163,0.1604,0.086
"CHINA HAT","ID00266","24h","USC00484910",73,28.586,0.1589,0.0961,0.1859
"CHINA HAT","ID00266","72h","USC00102071",36,41.858,0.1529,0.2028,0.1584
"CHINA HAT","ID00266","72h","USC00100920",21,43.613,0.1333,0.2057,0.0847
"CHINA HAT","ID00266","72h","USC00108535",28,36.48,0.1958,0.1178,0.1529
"CHINA HAT","ID00266","72h","USS0011G01S",44,51.493,0.1708,0.198,0.2089
"CHINA HAT","ID00266","72h","USC00103825",30,40.891,0.1781,0.2372,0.3608
"CHINA HAT","ID00266","72h","USC00103732",106,38.161,0.1767,0.1979,0.1416
"CHINA HAT","ID00266","72h","USS0011G05S",45,56.861,0.152,0.255,0.2146
"CHINA HAT","ID00266","72h","USS0011F11S",43,48.659,0.1551,0.2507,0.198
"CHINA HAT","ID00266","72h","USS0011G30S",38,62.323,0.1519,0.1371,0.1576
"CHINA HAT","ID00266","72h","USC00105716",38,41.514,0.1458,0.1504,0.1975
"CHINA HAT","ID00266","72h","USS0011G06S",46,70.356,0.1653,0.1732,0.1762
"CHINA HAT","ID00266","72h","USC00480603",32,44.277,0.142,0.2383,0.0862
"CHINA HAT","ID00266","72h","USC00480027",56,43.164,0.1592,0.1432,0.2102
"CHINA HAT","ID00266","72h","USC00484095",32,41.383,0.1707,0.3752,0.3339
"CHINA HAT","ID00266","72h","USC00480605",48,41.247,0.1643,0.1538,0.0998
"CHINA HAT","ID00266","72h","USC00104456",70,38.001,0.1629,0.2354,0.1745
"CHINA HAT","ID00266","72h","USC00100803",35,41.25,0.1846,0.233,0.0874
"CHINA HAT","ID00266","72h","USS0011G33S",44,45.243,0.1638,0.1624,0.125
"CHINA HAT","ID00266","72h","USS0010G23S",45,78.614,0.1252,0.1762,0.1365
"CHINA HAT","ID00266","72h","USC00106053",62,37.04,0.1722,0.2353,0.1795
"CHINA HAT","ID00266","72h","USC00106764",39,42.822,0.1598,0.1582,0.103
"CHINA HAT","ID00266","72h","USC00107208",34,37.116,0.1672,0.1534,0.0356
"CHINA HAT","ID00266","72h","US1WYLN0002",22,46.355,0.1361,0.2395,0.1748
"CHINA HAT","ID00266","72h","USC00104588",45,36.208,0.1813,0.063,0.1111
"CHINA HAT","ID00266","72h","USC00103490",20,38.862,0.199,0.0837,0.1829
"CHINA HAT","ID00266","72h","USS0010G08S",45,49.939,0.1673,0.2564,0.1911
"CHINA HAT","ID00266","72h","USS0010G25S",42,64.306,0.1291,0.1047,0.1571
"CHINA HAT","ID00266","72h","USC00107210",20,33.284,0.1881,0.297,0.2016
"CHINA HAT","ID00266","72h","USC00103297",107,31.554,0.1894,0.1633,0.0838
"CHINA HAT","ID00266","72h","USC00108937",65,41.834,0.1495,0.1668,0.1588
"CHINA HAT","ID00266","72h","USC00100915",92,34.792,0.1891,0.1871,0.1582
"CHINA HAT","ID00266","72h","USS0012G17S",42,60.105,0.1537,0.066,0.1893
"CHINA HAT","ID00266","72h","USS0012G18S",45,59.177,0.1662,0.1134,0.1876
"CHINA HAT","ID00266","72h","USW00024156",87,31.035,0.1772,0.105,0.1462
"CHINA HAT","ID00266","72h","USC00104455",57,36.12,0.1786,0.0939,0.1516
"CHINA HAT","ID00266","72h","USS0010G15S",41,74.208,0.1624,0.1769,0.1218
"CHINA HAT","ID00266","72h","USC00105275",102,32.061,0.1952,0.1458,0.1225
"CHINA HAT","ID00266","72h","USC00480915",89,36.344,0.1733,0.2367,0.1646
"CHINA HAT","ID00266","72h","USW00024145",72,29.954,0.1691,0.0571,0.2071
"CHINA HAT","ID00266","72h","USC00107346",46,45.425,0.1787,0.3237,0.2465
"CHINA HAT","ID00266","72h","USS0011F02S",38,59.003,0.1307,0.1247,0.194
"CHINA HAT","ID00266","72h","USS0011G32S",45,83.837,0.158,0.2617,0.1381
"CHINA HAT","ID00266","72h","USC00107353",46,41.386,0.1585,0.2998,0.2257
"CHINA HAT","ID00266","72h","USC00105544",61,39.859,0.1663,0.1795,0.1651
"CHINA HAT","ID00266","72h","USS0010G12S",44,52.322,0.1645,0.1756,0.2267
"CHINA HAT","ID00266","72h","USC00108626",43,30.859,0.1909,0.1652,0.0793
"CHINA HAT","ID00266","72h","USS0010F23S",44,72.245,0.1291,0.3206,0.2189
"CHINA HAT","ID00266","72h","USW00024151",61,38,0.1807,0.0354,0.0307
"CHINA HAT","ID00266","72h","USS0010G13S",46,46.113,0.1694,0.2097,0.221
"CHINA HAT","ID00266","72h","USC00484910",73,39.029,0.1586,0.1535,0.2119
"FALL CREEK","OR00007","24h","USS0022F42S",45,81.835,0.1739,0.2386,0.2023
"FALL CREEK","OR00007","24h","USC00359324",22,71.791,0.2258,0.4147,0.227
"FALL CREEK","OR00007","24h","USS0022F05S",45,68.116,0.1588,0.2036,0.1751
"FALL CREEK","OR00007","24h","USS0022F43S",46,79.542,0.1525,0.0926,0.135
"FALL CREEK","OR00007","24h","USS0022F04S",46,93.343,0.1793,0.299,0.1657
"FALL CREEK","OR00007","24h","USS0021F21S",46,72.123,0.1524,0.121,0.171
"FALL CREEK","OR00007","24h","USS0022E07S",48,103.202,0.1675,0.1465,0.1158
"FALL CREEK","OR00007","24h","USC00350652",55,98.363,0.1556,0.1641,0.1444
"FALL CREEK","OR00007","24h","USC00356251",23,84.092,0.1933,0.1727,0.0603
"FALL CREEK","OR00007","24h","USC00351415",21,72.794,0.1917,0.1013,0.1343
"FALL CREEK","OR00007","24h","USC00354835",49,84.681,0.1433,0.0744,0.126
"FALL CREEK","OR00007","24h","USC00358536",74,64.99,0.1735,0.2266,0.1437
"FALL CREEK","OR00007","24h","USS0021F10S",46,59.463,0.1724,0.2343,0.104
"FALL CREEK","OR00007","24h","USC00351978",23,54.058,0.2124,0.1502,0.2278
"FALL CREEK","OR00007","24h","USS0022F45S",23,72.119,0.1691,0.1494,0.0492
"FALL CREEK","OR00007","24h","USC00357559",22,86.563,0.1411,0.1396,0.2303
"FALL CREEK","OR00007","24h","USS0021E06S",47,86.101,0.1531,0.0731,0.1045
"FALL CREEK","OR00007","24h","USC00359316",80,42.642,0.1855,0.156,0.1476
"FALL CREEK","OR00007","24h","USS0021E13S",46,71.384,0.1693,0.0526,0.0881
"FALL CREEK","OR00007","24h","USS0021E04S",46,101.135,0.145,0.0464,0.0734
"FALL CREEK","OR00007","24h","USS0022F18S",45,66.645,0.2066,0.3528,0.2853
"FALL CREEK","OR00007","24h","USC00355221",72,90.513,0.1654,0.2044,0.1363
"FALL CREEK","OR00007","24h","USS0021F22S",46,49.607,0.1916,0.1966,0.1132
"FALL CREEK","OR00007","24h","USC00351546",57,52.573,0.1767,0.0765,0.1099
"FALL CREEK","OR00007","24h","USC00357631",44,93.8,0.1736,0.216,0.1685
"FALL CREEK","OR00007","24h","USC00358221",24,90.772,0.1302,-0.0819,0.0246
"FALL CREEK","OR00007","24h","USC00354776",28,152.485,0.1608,0.1301,0.0342
"FALL CREEK","OR00007","24h","USC00357052",50,25.538,0.2023,0.2206,0.1068
"FALL CREEK","OR00007","24h","USS0022G06S",26,75.853,0.1729,0.1166,0.1283
"FALL CREEK","OR00007","24h","USW00024230",75,22.577,0.2086,0.1797,0.1616
"FALL CREEK","OR00007","24h","USC00356907",99,63.484,0.1753,0.1912,0.1536
"FALL CREEK","OR00007","24h","USS0023G09S",46,90.791,0.172,0.1042,0.0964
"FALL CREEK","OR00007","24h","USS0021G17S",20,59.274,0.1463,0.1382,0.0965
"FALL CREEK","OR00007","24h","USC00355515",43,25.966,0.1945,0.087,0.139
"FALL CREEK","OR00007","24h","USS0022G33S",46,87.415,0.2145,0.2416,0.1735
"FALL CREEK","OR00007","24h","USS0021D13S",46,75.182,0.1873,0.1789,0.1533
"FALL CREEK","OR00007","72h","USS0022F42S",45,129.189,0.138,0.1144,0.2082
"FALL CREEK","OR00007","72h","USC00359324",22,111.32,0.203,0.2185,0.2046
"FALL CREEK","OR00007","72h","USS0022F05S",45,109.594,0.1286,0.0701,0.1812
"FALL CREEK","OR00007","72h","USS0022F43S",46,133.358,0.1398,0.0816,0.1515
"FALL CREEK","OR00007","72h","USS0022F04S",46,146.73,0.1529,0.1844,0.196
"FALL CREEK","OR00007","72h","USS0022E07S",48,159.699,0.1508,0.1892,0.2134
"FALL CREEK","OR00007","72h","USS0022F03S",46,128.479,0.1401,0.1235,0.2317
"FALL CREEK","OR00007","72h","USC00350652",55,160.352,0.1434,0.2472,0.1263
"FALL CREEK","OR00007","72h","USC00356251",23,144.979,0.2143,0.3202,0.1734
"FALL CREEK","OR00007","72h","USC00351415",21,114.153,0.1725,0.0765,0.256
"FALL CREEK","OR00007","72h","USS0022F14S",45,133.383,0.1628,0.3221,0.3341
"FALL CREEK","OR00007","72h","USS0021E07S",45,175.226,0.1251,0.0786,0.1331
"FALL CREEK","OR00007","72h","USC00354835",49,142.409,0.1342,0.0798,0.121
"FALL CREEK","OR00007","72h","USC00358536",74,105.408,0.1791,0.1776,0.1753
"FALL CREEK","OR00007","72h","USS0021F10S",46,98.517,0.1628,0.1156,0.1236
"FALL CREEK","OR00007","72h","USS0022E08S",45,154.475,0.1282,0.1516,0.1309
"FALL CREEK","OR00007","72h","USS0022F45S",23,119.888,0.1679,0.0567,0.0981
"FALL CREEK","OR00007","72h","USS0021E05S",48,137.949,0.1383,0.1275,0.1527
"FALL CREEK","OR00007","72h","USS0022E09S",44,200.965,0.1328,0.1722,0.1841
"FALL CREEK","OR00007","72h","USC00357559",22,160.231,0.1676,0.2251,0.2317
"FALL CREEK","OR00007","72h","USS0021E06S",47,142.392,0.1442,0.059,0.1243
"FALL CREEK","OR00007","72h","USS0021E13S",46,107.946,0.1637,0.018,0.0837
"FALL CREEK","OR00007","72h","USS0021E04S",46,168.056,0.1458,0.091,0.0998
"FALL CREEK","OR00007","72h","USS0022F18S",45,108.486,0.1806,0.1279,0.2069
"FALL CREEK","OR00007","72h","USC00355221",72,156.416,0.1556,0.202,0.1152
"FALL CREEK","OR00007","72h","USS0021F22S",46,77.405,0.1934,0.1929,0.2254
"FALL CREEK","OR00007","72h","USC00351546",57,83.473,0.1789,0.1476,0.2114
"FALL CREEK","OR00007","72h","USC00357631",44,152.761,0.175,0.2032,0.1753
"FALL CREEK","OR00007","72h","USC00358221",24,147.788,0.1495,0.0749,0.0684
"FALL CREEK","OR00007","72h","USC00354776",28,239.401,0.146,0.0523,0.075
"FALL CREEK","OR00007","72h","USC00351946",93,144.43,0.1632,0.3219,0.2841
"FALL CREEK","OR00007","72h","USS0022G06S",26,130.513,0.1569,-0.0076,0.0783
"FALL CREEK","OR00007","72h","USW00024230",75,30.322,0.2017,0.2979,0.2575
"FALL CREEK","OR00007","72h","USS0021D14S",45,122.671,0.1387,0.0707,0.203
"FALL CREEK","OR00007","72h","USS0023G09S",46,145.555,0.1722,0.0454,0.0792
"FALL CREEK","OR00007","72h","USS0021G17S",20,92.37,0.1598,0.0912,0.1917
"FALL CREEK","OR00007","72h","USC00355515",43,35.322,0.1893,0.2701,0.2214
"FALL CREEK","OR00007","72h","USS0022G33S",46,138.358,0.1779,0.328,0.2609
"FALL CREEK","OR00007","72h","USC00355142",41,38.482,0.2082,0.3166,0.2454
"FALL CREEK","OR00007","72h","USS0021D13S",46,122.265,0.184,0.2432,0.1683
"GRIZZLY VALLEY","CA00039","24h","USC00047085",84,57.136,0.1923,0.2735,0.2236
"GRIZZLY VALLEY","CA00039","24h","USC00049351",69,42.626,0.2479,0.3002,0.202
"GRIZZLY VALLEY","CA00039","24h","USC00048218",74,79.715,0.2224,0.2398,0.1072
"GRIZZLY VALLEY","CA00039","24h","USC00048207",30,125.475,0.1842,0.23,0.0834
"GRIZZLY VALLEY","CA00039","24h","USC00047195",90,98.988,0.1853,0.1836,0.2113
"GRIZZLY VALLEY","CA00039","24h","USC00042500",97,127.28,0.1831,0.1764,0.145
"GRIZZLY VALLEY","CA00039","24h","USS0020K03S",46,76.744,0.2265,0.1739,0.1344
"GRIZZLY VALLEY","CA00039","24h","USC00044773",22,143.89,0.1599,0.155,0.1645
"GRIZZLY VALLEY","CA00039","24h","USC00041018",68,138.378,0.1825,0.1109,0.1211
"GRIZZLY VALLEY","CA00039","24h","USS0020K04S",48,72.292,0.2252,0.2246,0.1395
"GRIZZLY VALLEY","CA00039","24h","USS0020K05S",47,86.659,0.1844,0.2125,0.1976
"GRIZZLY VALLEY","CA00039","24h","USC00047641",44,81.907,0.2139,0.1247,0.083
"GRIZZLY VALLEY","CA00039","24h","USC00267820",32,43.53,0.2485,0.1835,0.1671
"GRIZZLY VALLEY","CA00039","24h","USC00041497",91,81.185,0.1672,0.1483,0.122
"GRIZZLY VALLEY","CA00039","24h","USS0020K31S",43,118.818,0.1858,0.195,0.1599
"GRIZZLY VALLEY","CA00039","24h","USC00048331",25,98.956,0.2168,0.2605,0.1726
"GRIZZLY VALLEY","CA00039","24h","USC00040931",87,60.821,0.184,0.2286,0.2524
"GRIZZLY VALLEY","CA00039","24h","USC00044713",73,139.606,0.2025,0.2167,0.1615
"GRIZZLY VALLEY","CA00039","24h","USC00049599",22,55.719,0.1854,0.0378,0.0833
"GRIZZLY VALLEY","CA00039","24h","USC00042467",56,89.871,0.1731,0.1587,0.2188
"GRIZZLY VALLEY","CA00039","24h","USS0019K08S",43,72.754,0.1476,0.1679,0.1338
"GRIZZLY VALLEY","CA00039","24h","USC00049043",79,71.332,0.1855,0.1996,0.1691
"GRIZZLY VALLEY","CA00039","24h","US1NVWH0002",20,33.476,0.254,0.2894,0.336
"GRIZZLY VALLEY","CA00039","24h","USC00266791",31,29.595,0.2324,0.1173,0.1897
"GRIZZLY VALLEY","CA00039","24h","USC00041462",41,129.826,0.2195,0.2955,0.148
"GRIZZLY VALLEY","CA00039","24h","USS0020K13S",46,73.696,0.197,0.2095,0.1849
"GRIZZLY VALLEY","CA00039","24h","USW00023225",75,133.254,0.2078,0.2587,0.1391
"GRIZZLY VALLEY","CA00039","24h","USC00048606",73,161.331,0.19,0.2161,0.1861
"GRIZZLY VALLEY","CA00039","24h","USC00042338",21,143.553,0.2209,0.2452,0.2924
"GRIZZLY VALLEY","CA00039","24h","USC00042334",42,151.88,0.1924,0.186,0.0471
"GRIZZLY VALLEY","CA00039","24h","USC00267697",28,28.662,0.2293,0.2024,0.1922
"GRIZZLY VALLEY","CA00039","24h","USC00267261",46,27.773,0.2086,0.1973,0.1541
"GRIZZLY VALLEY","CA00039","24h","USC00041130",39,164.18,0.2392,0.2005,0.1477
"GRIZZLY VALLEY","CA00039","24h","USC00041653",47,138.685,0.211,0.1778,0.1446
"GRIZZLY VALLEY","CA00039","24h","USS0020K30S",46,121.544,0.2052,0.1421,0.1074
"GRIZZLY VALLEY","CA00039","24h","USC00041700",96,72.518,0.1728,0.2118,0.2172
"GRIZZLY VALLEY","CA00039","24h","USS0020K27S",46,81.802,0.2298,0.2323,0.1665
"GRIZZLY VALLEY","CA00039","24h","USC00048758",113,79.964,0.2094,0.1774,0.164
"GRIZZLY VALLEY","CA00039","24h","USS0020K25S",47,139.666,0.2232,0.2018,0.1352
"GRIZZLY VALLEY","CA00039","72h","USC00047085",84,87.332,0.2299,0.2254,0.1608
"GRIZZLY VALLEY","CA00039","72h","USC00049351",69,60.561,0.2788,0.285,0.1899
"GRIZZLY VALLEY","CA00039","72h","USC00048218",74,119.035,0.2824,0.3052,0.19
"GRIZZLY VALLEY","CA00039","72h","USC00048207",30,219.884,0.2178,0.3112,0.1986
"GRIZZLY VALLEY","CA00039","72h","USC00047195",90,165.825,0.2285,0.2184,0.1964
"GRIZZLY VALLEY","CA00039","72h","USC00042500",97,214.917,0.2108,0.2077,0.1786
"GRIZZLY VALLEY","CA00039","72h","USS0020K03S",46,122.227,0.2279,0.2129,0.2166
"GRIZZLY VALLEY","CA00039","72h","USC00044773",22,256.175,0.2334,0.25,0.1183
"GRIZZLY VALLEY","CA00039","72h","USC00043621",54,163.039,0.2174,0.2448,0.1985
"GRIZZLY VALLEY","CA00039","72h","USC00041018",68,227.962,0.2343,0.285,0.1815
"GRIZZLY VALLEY","CA00039","72h","USS0020K04S",48,116.583,0.2525,0.2119,0.1459
"GRIZZLY VALLEY","CA00039","72h","USS0020K05S",47,150.582,0.2012,0.0723,0.186
"GRIZZLY VALLEY","CA00039","72h","USC00047641",44,128.254,0.268,0.3258,0.2493
"GRIZZLY VALLEY","CA00039","72h","USC00267820",32,62.292,0.3292,0.2698,0.1696
"GRIZZLY VALLEY","CA00039","72h","USC00048702",84,70.214,0.2848,0.2285,0.215
"GRIZZLY VALLEY","CA00039","72h","USS0020K31S",43,204.314,0.1747,0.1451,0.2442
"GRIZZLY VALLEY","CA00039","72h","USC00048331",25,172.706,0.2478,0.396,0.2852
"GRIZZLY VALLEY","CA00039","72h","USC00040931",87,95.031,0.2339,0.2431,0.2143
"GRIZZLY VALLEY","CA00039","72h","USC00044713",73,238.267,0.2363,0.3158,0.1551
"GRIZZLY VALLEY","CA00039","72h","USC00042467",56,148.215,0.2278,0.2118,0.2481
"GRIZZLY VALLEY","CA00039","72h","USS0019K08S",43,113.894,0.1845,0.0869,0.1026
"GRIZZLY VALLEY","CA00039","72h","USC00049043",79,120.895,0.2198,0.1964,0.1786
"GRIZZLY VALLEY","CA00039","72h","US1NVWH0002",20,41.638,0.2575,0.1833,0.2213
"GRIZZLY VALLEY","CA00039","72h","USC00266791",31,40.987,0.2442,0.1302,0.1082
"GRIZZLY VALLEY","CA00039","72h","US1NVWH0011",20,49.79,0.2949,0.2958,0.2594
"GRIZZLY VALLEY","CA00039","72h","USC00041462",41,212.627,0.2493,0.3057,0.1427
"GRIZZLY VALLEY","CA00039","72h","USS0020K13S",46,125.358,0.199,0.1336,0.2484
"GRIZZLY VALLEY","CA00039","72h","USW00023225",75,224.616,0.2285,0.3025,0.1699
"GRIZZLY VALLEY","CA00039","72h","USC00048606",73,285.292,0.2138,0.1742,0.1953
"GRIZZLY VALLEY","CA00039","72h","USC00042338",21,225.565,0.244,0.2953,0.3119
"GRIZZLY VALLEY","CA00039","72h","USC00042334",42,262.179,0.2384,0.2629,0.0884
"GRIZZLY VALLEY","CA00039","72h","USC00267697",28,37.304,0.2427,0.3193,0.1821
"GRIZZLY VALLEY","CA00039","72h","USW00023185",89,36.986,0.2479,0.2689,0.1917
"GRIZZLY VALLEY","CA00039","72h","USC00267261",46,36.453,0.2498,0.2396,0.1704
"GRIZZLY VALLEY","CA00039","72h","USC00267953",46,36.876,0.2674,0.355,0.2518
"GRIZZLY VALLEY","CA00039","72h","USC00041130",39,257.785,0.2334,0.1575,0.2057
"GRIZZLY VALLEY","CA00039","72h","USC00041653",47,232.364,0.2341,0.2031,0.1875
"GRIZZLY VALLEY","CA00039","72h","USS0020K30S",46,201.231,0.2096,0.0939,0.0834
"GRIZZLY VALLEY","CA00039","72h","USC00041700",96,117.456,0.2022,0.1792,0.2367
"GRIZZLY VALLEY","CA00039","72h","USC00046136",120,194.145,0.196,0.1608,0.187
"GRIZZLY VALLEY","CA00039","72h","USS0020K27S",46,135.073,0.2327,0.134,0.1258
"GRIZZLY VALLEY","CA00039","72h","USC00048758",113,131.981,0.2373,0.2056,0.1862
"GRIZZLY VALLEY","CA00039","72h","USS0020K25S",47,233.847,0.2153,0.1469,0.0987
"BIG SAGE","CA00233","24h","USW00094299",27,24.534,0.2017,0.4265,0.2956
"BIG SAGE","CA00233","24h","USC00040161",91,29.322,0.213,0.3083,0.2467
"BIG SAGE","CA00233","24h","USS0020H06S",48,50.29,0.1691,0.2268,0.1614
"BIG SAGE","CA00233","24h","USC00041476",40,36.366,0.2225,0.2309,0.2208
"BIG SAGE","CA00233","24h","USS0020H02S",27,29.978,0.1762,0.1573,0.2145
"BIG SAGE","CA00233","24h","USC00041614",81,30.697,0.2033,0.2763,0.1989
"BIG SAGE","CA00233","24h","USS0020H13S",42,46.82,0.1681,0.3183,0.2813
"BIG SAGE","CA00233","24h","USC00044374",69,35.926,0.1956,0.1836,0.1748
"BIG SAGE","CA00233","24h","USC00040029",74,32.973,0.1807,0.1703,0.1727
"BIG SAGE","CA00233","24h","USC00041805",25,30.542,0.2006,0.1799,0.1064
"BIG SAGE","CA00233","24h","USS0020H12S",46,66.699,0.1471,0.1603,0.1381
"BIG SAGE","CA00233","24h","USS0020G09S",46,35.015,0.2078,0.2656,0.1949
"BIG SAGE","CA00233","24h","USC00044838",41,40.308,0.234,0.1023,0.1283
"BIG SAGE","CA00233","24h","USC00355174",26,29.45,0.1441,0.0576,0.0666
"BIG SAGE","CA00233","24h","USC00354670",104,28.503,0.1847,0.239,0.2197
"BIG SAGE","CA00233","24h","USC00048873",40,29.445,0.198,0.1926,0.2247
"BIG SAGE","CA00233","24h","USC00353232",33,32.068,0.165,0.3525,0.2773
"BIG SAGE","CA00233","24h","USS0021G04S",28,30.748,0.2344,0.4483,0.3724
"BIG SAGE","CA00233","24h","USC00049053",86,26.127,0.1825,0.1503,0.1077
"BIG SAGE","CA00233","24h","USS0020G06S",46,31.443,0.17,0.2264,0.2984
"BIG SAGE","CA00233","24h","USC00357354",60,36.572,0.1728,0.1427,0.1737
"BIG SAGE","CA00233","24h","USC00267443",40,25.044,0.1703,0.1697,0.1804
"BIG SAGE","CA00233","24h","USC00350036",30,27.7,0.1491,0.1161,0.2513
"BIG SAGE","CA00233","24h","USC00042964",52,43.622,0.1834,0.1778,0.2196
"BIG SAGE","CA00233","24h","USC00358812",42,38.127,0.2621,0.3145,0.202
"BIG SAGE","CA00233","24h","USC00043824",89,42.93,0.2058,0.3026,0.217
"BIG SAGE","CA00233","24h","USC00359604",31,28.742,0.2606,0.3231,0.2419
"BIG SAGE","CA00233","24h","USW00094236",38,28.083,0.1992,0.2869,0.2331
"BIG SAGE","CA00233","24h","USC00041214",58,61.581,0.1875,0.0428,0.0664
"BIG SAGE","CA00233","24h","USC00354506",91,31.772,0.1878,0.1927,0.1528
"BIG SAGE","CA00233","24h","USC00358007",30,37.667,0.1696,-0.0675,-0.0162
"BIG SAGE","CA00233","24h","USS0020G12S",25,49.141,0.1501,0.3563,0.2798
"BIG SAGE","CA00233","24h","USS0020G02S",48,37.85,0.1683,0.1395,0.1918
"BIG SAGE","CA00233","24h","USC00041149",62,115.149,0.1681,0.1251,0.2134
"BIG SAGE","CA00233","24h","USC00353692",67,28.938,0.2217,0.2656,0.236
"BIG SAGE","CA00233","24h","USC00262394",47,20.302,0.2242,0.1181,0.0867
"BIG SAGE","CA00233","24h","USC00047581",36,107.115,0.1475,0.074,0.0626
"BIG SAGE","CA00233","24h","USC00045311",56,78.573,0.1975,0.254,0.1821
"BIG SAGE","CA00233","72h","USW00094299",27,32.807,0.2003,0.3108,0.2593
"BIG SAGE","CA00233","72h","USC00040161",91,38.082,0.2235,0.3121,0.278
"BIG SAGE","CA00233","72h","USS0020H06S",48,75.439,0.1743,0.2379,0.2451
"BIG SAGE","CA00233","72h","USC00041476",40,50.591,0.2713,0.3307,0.2982
"BIG SAGE","CA00233","72h","USC00044675",24,69.885,0.2715,0.3644,0.2348
"BIG SAGE","CA00233","72h","USS0020H02S",27,42.646,0.196,0.2918,0.2333
"BIG SAGE","CA00233","72h","USS0020H13S",42,71.7,0.1784,0.2617,0.245
"BIG SAGE","CA00233","72h","USC00044374",69,47.334,0.2015,0.2132,0.1734
"BIG SAGE","CA00233","72h","USC00040029",74,47.696,0.2184,0.2818,0.2492
"BIG SAGE","CA00233","72h","USC00043157",119,51.742,0.2346,0.3109,0.2598
"BIG SAGE","CA00233","72h","USS0020G09S",46,52.676,0.18,0.1874,0.1513
"BIG SAGE","CA00233","72h","USC00044838",41,56.748,0.277,0.1949,0.1616
"BIG SAGE","CA00233","72h","USC00355174",26,37.765,0.157,0.1505,0.1825
"BIG SAGE","CA00233","72h","USC00354670",104,42.199,0.2,0.2401,0.2158
"BIG SAGE","CA00233","72h","USC00048873",40,37.186,0.2037,0.0798,0.181
"BIG SAGE","CA00233","72h","USS0021G04S",28,45.217,0.2022,0.2754,0.2051
"BIG SAGE","CA00233","72h","USC00049053",86,34.364,0.2065,0.205,0.1757
"BIG SAGE","CA00233","72h","USS0020G06S",46,47.042,0.1879,0.1688,0.2411
"BIG SAGE","CA00233","72h","USC00357354",60,50.889,0.2051,0.2809,0.2733
"BIG SAGE","CA00233","72h","USC00267443",40,33.689,0.1811,0.1549,0.1711
"BIG SAGE","CA00233","72h","USC00350036",30,35.823,0.1969,0.2562,0.2162
"BIG SAGE","CA00233","72h","USC00042964",52,60.507,0.1904,0.1053,0.1739
"BIG SAGE","CA00233","72h","USC00358812",42,49.156,0.2612,0.275,0.1519
"BIG SAGE","CA00233","72h","USC00043824",89,61.437,0.1985,0.247,0.2566
"BIG SAGE","CA00233","72h","USC00359604",31,42.1,0.2663,0.193,0.1914
"BIG SAGE","CA00233","72h","USW00094236",38,38.969,0.2267,0.267,0.2652
"BIG SAGE","CA00233","72h","USC00041214",58,98.004,0.1927,0.0926,0.1314
"BIG SAGE","CA00233","72h","USC00354506",91,45.538,0.1903,0.2128,0.2111
"BIG SAGE","CA00233","72h","USC00358007",30,55.143,0.191,0.0929,0.0967
"BIG SAGE","CA00233","72h","USC00354403",90,64.212,0.2421,0.2588,0.1928
"BIG SAGE","CA00233","72h","USS0020G12S",25,82.248,0.1573,0.2042,0.0906
"BIG SAGE","CA00233","72h","USC00356426",79,43.825,0.2573,0.2641,0.2162
"BIG SAGE","CA00233","72h","USC00045449",76,164.747,0.1775,0.1133,0.125
"BIG SAGE","CA00233","72h","USC00041149",62,184.136,0.1709,0.1394,0.2371
"BIG SAGE","CA00233","72h","USC00353692",67,37.547,0.2345,0.2383,0.2115
"BIG SAGE","CA00233","72h","USC00262394",47,23.699,0.2172,0.0579,0.0868
"BIG SAGE","CA00233","72h","USC00047581",36,174.202,0.1555,0.0896,0.1523
"BIG SAGE","CA00233","72h","USC00045311",56,123.598,0.2208,0.2791,0.2325
"GERBER RESERVOR","OR00584","24h","USC00353232",33,32.068,0.165,0.3525,0.2773
"GERBER RESERVOR","OR00584","24h","USS0021G04S",28,30.748,0.2344,0.4483,0.3724
"GERBER RESERVOR","OR00584","24h","USS0020G09S",46,35.015,0.2078,0.2656,0.1949
"GERBER RESERVOR","OR00584","24h","USC00357354",60,36.572,0.1728,0.1427,0.1737
"GERBER RESERVOR","OR00584","24h","USC00355174",26,29.45,0.1441,0.0576,0.0666
"GERBER RESERVOR","OR00584","24h","USS0020G06S",46,31.443,0.17,0.2264,0.2984
"GERBER RESERVOR","OR00584","24h","USC00041805",25,30.542,0.2006,0.1799,0.1064
"GERBER RESERVOR","OR00584","24h","USC00359604",31,28.742,0.2606,0.3231,0.2419
"GERBER RESERVOR","OR00584","24h","USC00049053",86,26.127,0.1825,0.1503,0.1077
"GERBER RESERVOR","OR00584","24h","USS0020H02S",27,29.978,0.1762,0.1573,0.2145
"GERBER RESERVOR","OR00584","24h","USW00094236",38,28.083,0.1992,0.2869,0.2331
"GERBER RESERVOR","OR00584","24h","USS0020G12S",25,49.141,0.1501,0.3563,0.2798
"GERBER RESERVOR","OR00584","24h","USC00354506",91,31.772,0.1878,0.1927,0.1528
"GERBER RESERVOR","OR00584","24h","USS0021G03S",48,39.223,0.179,0.2309,0.1911
"GERBER RESERVOR","OR00584","24h","USS0020G02S",48,37.85,0.1683,0.1395,0.1918
"GERBER RESERVOR","OR00584","24h","USC00044838",41,40.308,0.234,0.1023,0.1283
"GERBER RESERVOR","OR00584","24h","USC00354670",104,28.503,0.1847,0.239,0.2197
"GERBER RESERVOR","OR00584","24h","USC00351571",56,36.307,0.2086,0.2806,0.1833
"GERBER RESERVOR","OR00584","24h","USC00358812",42,38.127,0.2621,0.3145,0.202
"GERBER RESERVOR","OR00584","24h","USS0021F12S",46,45.362,0.1998,0.2057,0.1213
"GERBER RESERVOR","OR00584","24h","USC00043157",119,37.186,0.236,0.2894,0.1778
"GERBER RESERVOR","OR00584","24h","USC00358173",66,34.126,0.2421,0.247,0.1853
"GERBER RESERVOR","OR00584","24h","USC00041476",40,36.366,0.2225,0.2309,0.2208
"GERBER RESERVOR","OR00584","24h","USC00351574",33,38.417,0.1771,0.124,0.1184
"GERBER RESERVOR","OR00584","24h","USW00094299",27,24.534,0.2017,0.4265,0.2956
"GERBER RESERVOR","OR00584","24h","USC00040161",91,29.322,0.213,0.3083,0.2467
"GERBER RESERVOR","OR00584","24h","USS0022G24S",45,71.11,0.2126,0.2043,0.2133
"GERBER RESERVOR","OR00584","24h","USS0022G12S",48,81.859,0.1834,0.15,0.156
"GERBER RESERVOR","OR00584","24h","USS0021G17S",20,59.274,0.1463,0.1382,0.0965
"GERBER RESERVOR","OR00584","24h","USS0022G13S",48,73.066,0.1698,0.1857,0.2607
"GERBER RESERVOR","OR00584","24h","USS0020H06S",48,50.29,0.1691,0.2268,0.1614
"GERBER RESERVOR","OR00584","24h","USS0022G33S",46,87.415,0.2145,0.2416,0.1735
"GERBER RESERVOR","OR00584","24h","USC00354060",65,56.126,0.2012,0.2089,0.1732
"GERBER RESERVOR","OR00584","24h","USS0022G14S",46,56.348,0.1717,0.1178,0.1333
"GERBER RESERVOR","OR00584","24h","USC00352928",30,63.717,0.1783,0.409,0.3457
"GERBER RESERVOR","OR00584","24h","USC00041990",63,43.774,0.1968,0.1395,0.122
"GERBER RESERVOR","OR00584","24h","USC00357817",42,29.689,0.2577,0.2053,0.1725
"GERBER RESERVOR","OR00584","24h","USC00041614",81,30.697,0.2033,0.2763,0.1989
"GERBER RESERVOR","OR00584","24h","USS0020H13S",42,46.82,0.1681,0.3183,0.2813
"GERBER RESERVOR","OR00584","24h","USC00351946",93,87.063,0.2108,0.4017,0.2641
"GERBER RESERVOR","OR00584","24h","USS0022G06S",26,75.853,0.1729,0.1166,0.1283
"GERBER RESERVOR","OR00584","24h","USC00040029",74,32.973,0.1807,0.1703,0.1727
"GERBER RESERVOR","OR00584","24h","USC00353509",62,50.239,0.2381,0.2757,0.2144
"GERBER RESERVOR","OR00584","24h","USC00358420",55,29.77,0.196,0.2105,0.1862
"GERBER RESERVOR","OR00584","72h","USS0021G04S",28,45.217,0.2022,0.2754,0.2051
"GERBER RESERVOR","OR00584","72h","USS0020G09S",46,52.676,0.18,0.1874,0.1513
"GERBER RESERVOR","OR00584","72h","USC00357354",60,50.889,0.2051,0.2809,0.2733
"GERBER RESERVOR","OR00584","72h","USC00355174",26,37.765,0.157,0.1505,0.1825
"GERBER RESERVOR","OR00584","72h","USS0020G06S",46,47.042,0.1879,0.1688,0.2411
"GERBER RESERVOR","OR00584","72h","USC00041805",25,39.441,0.1923,0.2667,0.1055
"GERBER RESERVOR","OR00584","72h","USC00359604",31,42.1,0.2663,0.193,0.1914
"GERBER RESERVOR","OR00584","72h","USC00358007",30,55.143,0.191,0.0929,0.0967
"GERBER RESERVOR","OR00584","72h","USC00049053",86,34.364,0.2065,0.205,0.1757
"GERBER RESERVOR","OR00584","72h","USS0020H02S",27,42.646,0.196,0.2918,0.2333
"GERBER RESERVOR","OR00584","72h","USW00094236",38,38.969,0.2267,0.267,0.2652
"GERBER RESERVOR","OR00584","72h","USS0020G12S",25,82.248,0.1573,0.2042,0.0906
"GERBER RESERVOR","OR00584","72h","USC00354506",91,45.538,0.1903,0.2128,0.2111
"GERBER RESERVOR","OR00584","72h","USS0021G03S",48,59.673,0.2025,0.1453,0.1291
"GERBER RESERVOR","OR00584","72h","USS0020G02S",48,60.388,0.1769,0.0443,0.0754
"GERBER RESERVOR","OR00584","72h","USC00354670",104,42.199,0.2,0.2401,0.2158
"GERBER RESERVOR","OR00584","72h","USC00354403",90,64.212,0.2421,0.2588,0.1928
"GERBER RESERVOR","OR00584","72h","USC00351571",56,53.126,0.2234,0.2738,0.2005
"GERBER RESERVOR","OR00584","72h","USC00358812",42,49.156,0.2612,0.275,0.1519
"GERBER RESERVOR","OR00584","72h","USS0021F12S",46,70.134,0.1833,0.1166,0.1283
"GERBER RESERVOR","OR00584","72h","USC00043157",119,51.742,0.2346,0.3109,0.2598
"GERBER RESERVOR","OR00584","72h","USC00041476",40,50.591,0.2713,0.3307,0.2982
"GERBER RESERVOR","OR00584","72h","USC00351574",33,55.711,0.1763,0.0168,0.0982
"GERBER RESERVOR","OR00584","72h","USW00094299",27,32.807,0.2003,0.3108,0.2593
"GERBER RESERVOR","OR00584","72h","USC00040161",91,38.082,0.2235,0.3121,0.278
"GERBER RESERVOR","OR00584","72h","USS0022G24S",45,119.182,0.1881,0.2236,0.1917
"GERBER RESERVOR","OR00584","72h","USS0021G17S",20,92.37,0.1598,0.0912,0.1917
"GERBER RESERVOR","OR00584","72h","USS0022G13S",48,118.311,0.1685,0.1919,0.1654
"GERBER RESERVOR","OR00584","72h","USS0020H06S",48,75.439,0.1743,0.2379,0.2451
"GERBER RESERVOR","OR00584","72h","USC00044675",24,69.885,0.2715,0.3644,0.2348
"GERBER RESERVOR","OR00584","72h","USS0022G33S",46,138.358,0.1779,0.328,0.2609
"GERBER RESERVOR","OR00584","72h","USC00350036",30,35.823,0.1969,0.2562,0.2162
"GERBER RESERVOR","OR00584","72h","USC00354060",65,88.222,0.1948,0.1576,0.1801
"GERBER RESERVOR","OR00584","72h","USC00352928",30,91.608,0.1529,0.1223,0.1509
"GERBER RESERVOR","OR00584","72h","USC00041990",63,65.259,0.2021,0.1484,0.0977
"GERBER RESERVOR","OR00584","72h","USC00357817",42,37.681,0.2541,0.1751,0.2453
"GERBER RESERVOR","OR00584","72h","USS0020H13S",42,71.7,0.1784,0.2617,0.245
"GERBER RESERVOR","OR00584","72h","USS0022G06S",26,130.513,0.1569,-0.0076,0.0783
"GERBER RESERVOR","OR00584","72h","USC00040029",74,47.696,0.2184,0.2818,0.2492
"GERBER RESERVOR","OR00584","72h","USC00358420",55,37.589,0.234,0.2926,0.2208
"SALT CREEK SITE 18 - BRANCHED OAK","NE01063","24h","USC00254945",32,66.628,0.1863,0.2472,0.1595
"SALT CREEK SITE 18 - BRANCHED OAK","NE01063","24h","USC00251390",28,73.704,0.2522,0.2711,0.1075
"SALT CREEK SITE 18 - BRANCHED OAK","NE01063","24h","USC00257330",22,74.785,0.27,0.3002,0.3286
"SALT CREEK SITE 18 - BRANCHED OAK","NE01063","24h","USC00253425",95,67.959,0.203,0.2833,0.2527
"SALT CREEK SITE 18 - BRANCHED OAK","NE01063","24h","USC00250961",67,74.841,0.2385,0.2424,0.1973
"SALT CREEK SITE 18 - BRANCHED OAK","NE01063","24h","US10gree004",22,64.97,0.1758,0.0358,0.1261
"SALT CREEK SITE 18 - BRANCHED OAK","NE01063","24h","US10shem003",23,81.041,0.2094,0.1017,0.049
"SALT CREEK SITE 18 - BRANCHED OAK","NE01063","24h","USC00257040",124,71.381,0.2082,0.2092,0.1813
"SALT CREEK SITE 18 - BRANCHED OAK","NE01063","72h","USC00254945",32,77.849,0.161,0.1667,0.1206
"SALT CREEK SITE 18 - BRANCHED OAK","NE01063","72h","USC00257330",22,84.769,0.256,0.2645,0.3854
"SALT CREEK SITE 18 - BRANCHED OAK","NE01063","72h","USC00253425",95,79.792,0.1768,0.2365,0.2382
"SALT CREEK SITE 18 - BRANCHED OAK","NE01063","72h","USC00250961",67,85.527,0.2117,0.1684,0.1803
"SALT CREEK SITE 18 - BRANCHED OAK","NE01063","72h","US10gree004",22,78.814,0.1813,-0.0491,0.108
"SALT CREEK SITE 18 - BRANCHED OAK","NE01063","72h","US10shem003",23,94.066,0.1789,-0.0334,0.0645
"SALT CREEK SITE 18 - BRANCHED OAK","NE01063","72h","USC00257040",124,82.525,0.1942,0.2128,0.2069
"MAMMOTH POOL","CA00443","24h","USC00044176",71,89.805,0.2028,0.2063,0.1985
"MAMMOTH POOL","CA00443","24h","USC00040755",49,85.922,0.1965,0.1501,0.1088
"MAMMOTH POOL","CA00443","24h","USC00046252",67,87.194,0.1988,0.261,0.2413
"MAMMOTH POOL","CA00443","24h","USC00045496",27,77.192,0.2385,0.2754,0.1793
"MAMMOTH POOL","CA00443","24h","USC00040379",90,68.868,0.1973,0.127,0.1111
"MAMMOTH POOL","CA00443","24h","USC00048380",65,119.319,0.2384,0.2286,0.1756
"MAMMOTH POOL","CA00443","24h","USC00041878",25,70.485,0.2128,0.3006,0.1931
"MAMMOTH POOL","CA00443","24h","USC00045346",65,82.09,0.1969,0.3075,0.2235
"MAMMOTH POOL","CA00443","24h","USC00040820",32,54.519,0.2222,0.1684,0.0478
"MAMMOTH POOL","CA00443","24h","USC00043551",73,118.362,0.2343,0.1681,0.1602
"MAMMOTH POOL","CA00443","24h","USC00045400",49,76.342,0.1848,0.2621,0.2004
"MAMMOTH POOL","CA00443","24h","USC00042539",62,91.689,0.1856,0.173,0.2458
"MAMMOTH POOL","CA00443","24h","USC00044679",41,103.717,0.1914,0.3129,0.2209
"MAMMOTH POOL","CA00443","24h","USC00043672",48,93.265,0.1863,0.1741,0.1389
"MAMMOTH POOL","CA00443","24h","USC00041697",62,119.733,0.206,0.2038,0.1102
"MAMMOTH POOL","CA00443","24h","USC00045026",49,127.226,0.2471,0.1638,0.1378
"MAMMOTH POOL","CA00443","24h","USC00043397",44,138.071,0.2528,0.2128,0.1812
"MAMMOTH POOL","CA00443","24h","USC00043669",27,87.516,0.2218,0.0803,0.2554
"MAMMOTH POOL","CA00443","24h","USC00040943",53,40.657,0.2281,0.1882,0.116
"MAMMOTH POOL","CA00443","24h","USC00041072",65,37.174,0.2412,0.1773,0.1393
"MAMMOTH POOL","CA00443","24h","USS0019L08S",46,86.172,0.2464,0.0897,0.0359
"MAMMOTH POOL","CA00443","24h","USC00042331",38,28.601,0.2529,0.0419,0.0927
"MAMMOTH POOL","CA00443","24h","USS0019L06S",46,75.619,0.2245,0.2301,0.2065
"MAMMOTH POOL","CA00443","24h","USC00041277",85,118.413,0.1852,0.2095,0.1331
"MAMMOTH POOL","CA00443","24h","USC00048463",38,108.168,0.2595,0.3102,0.2686
"MAMMOTH POOL","CA00443","24h","USC00048455",20,91.586,0.2634,0.3706,0.2702
"MAMMOTH POOL","CA00443","24h","USC00263512",31,18.27,0.2389,0.065,0.1722
"MAMMOTH POOL","CA00443","24h","USC00263515",49,21.38,0.2275,0.1366,0.1208
"MAMMOTH POOL","CA00443","24h","USC00048781",23,84.873,0.1826,0.3149,0.2706
"MAMMOTH POOL","CA00443","24h","USS0019L40S",36,56.29,0.2244,0.0831,0.1725
"MAMMOTH POOL","CA00443","24h","USS0019L05S",46,81.365,0.1969,0.2479,0.2511
"MAMMOTH POOL","CA00443","24h","USC00047689",48,92.236,0.1704,0.1878,0.2413
"MAMMOTH POOL","CA00443","24h","USC00268034",27,18.825,0.2496,0.1891,0.2211
"MAMMOTH POOL","CA00443","24h","USS0019L39S",46,78.496,0.1977,0.1041,0.0322
"MAMMOTH POOL","CA00443","24h","USC00044204",47,55.219,0.1728,0.0572,0.1056
"MAMMOTH POOL","CA00443","24h","USC00045356",34,63.632,0.1746,0.1631,0.1293
"MAMMOTH POOL","CA00443","24h","USC00268186",35,33.971,0.2535,0.1676,0.2869
"MAMMOTH POOL","CA00443","72h","USC00044176",71,139.143,0.2412,0.2341,0.1722
"MAMMOTH POOL","CA00443","72h","USC00040755",49,135.142,0.2515,0.2804,0.1972
"MAMMOTH POOL","CA00443","72h","USC00046252",67,139.175,0.2374,0.2474,0.2052
"MAMMOTH POOL","CA00443","72h","USC00045496",27,123.489,0.293,0.3389,0.1653
"MAMMOTH POOL","CA00443","72h","USC00040379",90,100.467,0.2145,0.1924,0.1469
"MAMMOTH POOL","CA00443","72h","USC00048380",65,185.948,0.2656,0.2188,0.1749
"MAMMOTH POOL","CA00443","72h","USC00041878",25,101.986,0.2232,0.218,0.1144
"MAMMOTH POOL","CA00443","72h","USC00049855",83,144.308,0.2384,0.2929,0.2531
"MAMMOTH POOL","CA00443","72h","USC00045346",65,129.086,0.2231,0.2779,0.2408
"MAMMOTH POOL","CA00443","72h","USC00040820",32,81.508,0.2895,0.1719,0.0698
"MAMMOTH POOL","CA00443","72h","USC00043551",73,189.716,0.2673,0.2229,0.1917
"MAMMOTH POOL","CA00443","72h","USC00044881",36,72.469,0.2894,0.2338,0.1747
"MAMMOTH POOL","CA00443","72h","USC00045400",49,119.728,0.1956,0.2624,0.1667
"MAMMOTH POOL","CA00443","72h","USC00043939",102,127.537,0.2215,0.2379,0.1924
"MAMMOTH POOL","CA00443","72h","USC00042539",62,146.187,0.2399,0.1997,0.2309
"MAMMOTH POOL","CA00443","72h","USC00044679",41,163.863,0.2334,0.2513,0.2018
"MAMMOTH POOL","CA00443","72h","USC00043672",48,145.129,0.2412,0.22,0.2288
"MAMMOTH POOL","CA00443","72h","USC00041697",62,188.899,0.2378,0.287,0.236
"MAMMOTH POOL","CA00443","72h","USC00045026",49,198.386,0.267,0.2278,0.1998
"MAMMOTH POOL","CA00443","72h","USC00043397",44,211.056,0.2888,0.2746,0.2367
"MAMMOTH POOL","CA00443","72h","USC00040943",53,51.242,0.2435,0.1647,0.1373
"MAMMOTH POOL","CA00443","72h","USC00041072",65,48.142,0.2764,0.2387,0.1718
"MAMMOTH POOL","CA00443","72h","USS0019L08S",46,130.859,0.2868,0.2143,0.1681
"MAMMOTH POOL","CA00443","72h","USC00041075",28,55.984,0.3486,0.3678,0.2538
"MAMMOTH POOL","CA00443","72h","USC00042331",38,34.928,0.2499,-9e-04,0.0748
"MAMMOTH POOL","CA00443","72h","USC00262431",74,31.826,0.2708,0.2154,0.1618
"MAMMOTH POOL","CA00443","72h","USS0019L06S",46,113.858,0.2394,0.1575,0.1512
"MAMMOTH POOL","CA00443","72h","USC00041277",85,199.845,0.221,0.28,0.2002
"MAMMOTH POOL","CA00443","72h","USC00048463",38,162.241,0.311,0.3574,0.2237
"MAMMOTH POOL","CA00443","72h","USC00048455",20,135.131,0.3228,0.4072,0.3555
"MAMMOTH POOL","CA00443","72h","USC00263512",31,21.55,0.2311,0.0207,0.1501
"MAMMOTH POOL","CA00443","72h","USC00263515",49,24.964,0.2294,0.1004,0.1016
"MAMMOTH POOL","CA00443","72h","USC00048781",23,149.117,0.193,0.3268,0.2045
"MAMMOTH POOL","CA00443","72h","USS0019L40S",36,81.184,0.2312,-5e-04,0.0914
"MAMMOTH POOL","CA00443","72h","USC00047689",48,154.558,0.2483,0.2774,0.2064
"MAMMOTH POOL","CA00443","72h","USC00268034",27,20.333,0.2564,0.0877,0.1515
"MAMMOTH POOL","CA00443","72h","USS0019L39S",46,123.479,0.2324,0.1928,0.0951
"MAMMOTH POOL","CA00443","72h","USC00044204",47,78.129,0.2165,0.1255,0.1453
"MAMMOTH POOL","CA00443","72h","USC00045356",34,93.351,0.2259,0.2544,0.1246
"CAVE BUTTES","AZ10007","24h","USC00026603",22,44.892,0.2376,0.1495,0.1079
"CAVE BUTTES","AZ10007","24h","USC00021282",46,47.423,0.2299,0.151,0.1879
"CAVE BUTTES","AZ10007","24h","USC00021353",59,58.699,0.2302,0.0971,0.0667
"CAVE BUTTES","AZ10007","24h","USC00021059",26,54.023,0.2902,0.2896,0.1353
"CAVE BUTTES","AZ10007","24h","USC00020288",39,49.546,0.2347,0.2175,0.1889
"CAVE BUTTES","AZ10007","24h","USC00022329",71,78.876,0.2145,0.2349,0.192
"CAVE BUTTES","AZ10007","24h","USC00022109",101,48.897,0.2273,0.2093,0.1649
"CAVE BUTTES","AZ10007","24h","USC00027081",42,60.751,0.2549,0.2629,0.1445
"CAVE BUTTES","AZ10007","24h","USC00026840",29,55.191,0.2011,0.2431,0.3566
"CAVE BUTTES","AZ10007","24h","USC00029287",96,45.566,0.1714,0.0627,0.1111
"CAVE BUTTES","AZ10007","24h","USC00028391",35,48.893,0.2251,0.2133,0.1954
"CAVE BUTTES","AZ10007","24h","USC00021614",87,54.544,0.1967,0.1403,0.1886
"CAVE BUTTES","AZ10007","24h","USC00029166",121,52.548,0.1833,0.1101,0.1221
"CAVE BUTTES","AZ10007","24h","USC00028184",26,49.068,0.2217,0.1875,0.3315
"CAVE BUTTES","AZ10007","24h","USC00023448",97,51.769,0.1956,0.2074,0.2047
"CAVE BUTTES","AZ10007","24h","USC00024391",55,54.969,0.1813,0.0694,0.1217
"CAVE BUTTES","AZ10007","24h","USW00093139",73,58.088,0.2075,0.1664,0.2437
"CAVE BUTTES","AZ10007","24h","USC00025825",97,58.92,0.1856,0.2001,0.1487
"CAVE BUTTES","AZ10007","24h","USC00027281",112,49.569,0.1999,0.2288,0.2074
"CAVE BUTTES","AZ10007","24h","USC00026320",57,57.592,0.2111,0.325,0.2819
"CAVE BUTTES","AZ10007","24h","USC00023185",20,54.556,0.1766,0.0545,0.0479
"CAVE BUTTES","AZ10007","24h","USC00023713",27,61.614,0.2015,0.253,0.204
"CAVE BUTTES","AZ10007","24h","USC00028348",84,55.124,0.1751,0.1887,0.1753
"CAVE BUTTES","AZ10007","24h","USC00027876",48,68.904,0.2049,0.2256,0.1634
"CAVE BUTTES","AZ10007","24h","USC00025635",86,43.061,0.2161,0.1928,0.112
"CAVE BUTTES","AZ10007","24h","USS0011R06S",45,77.571,0.2294,0.1916,0.2321
"CAVE BUTTES","AZ10007","24h","USC00026796",124,52.039,0.1941,0.2084,0.1651
"CAVE BUTTES","AZ10007","24h","USC00024345",41,43.249,0.2043,0.2144,0.1285
"CAVE BUTTES","AZ10007","24h","USC00026315",25,67.664,0.1981,0.248,0.2243
"CAVE BUTTES","AZ10007","24h","USS0010S01S",45,89.928,0.2162,0.1226,0.1842
"CAVE BUTTES","AZ10007","24h","USC00020670",43,46.201,0.1912,0.2566,0.2439
"CAVE BUTTES","AZ10007","24h","USC00026561",77,71.42,0.2079,0.2046,0.1467
"CAVE BUTTES","AZ10007","24h","USC00029601",28,42.169,0.1776,0.1736,0.3005
"CAVE BUTTES","AZ10007","24h","USC00020060",62,40.778,0.2818,0.3279,0.1845
"CAVE BUTTES","AZ10007","24h","USC00026653",49,52.75,0.1832,0.0705,0.0742
"CAVE BUTTES","AZ10007","24h","USW00023184",78,41.965,0.2332,0.2976,0.2917
"CAVE BUTTES","AZ10007","24h","USC00029622",43,51.239,0.2005,0.2357,0.2127
"CAVE BUTTES","AZ10007","24h","USC00020098",20,39.816,0.1871,0.1073,0.0416
"CAVE BUTTES","AZ10007","24h","USC00024053",42,50.524,0.2053,0.2657,0.2191
"CAVE BUTTES","AZ10007","24h","USC00025512",98,53.908,0.1978,0.1275,0.1763
"CAVE BUTTES","AZ10007","24h","USC00028650",31,84.396,0.1867,0.1502,0.1731
"CAVE BUTTES","AZ10007","24h","USC00022193",39,41.364,0.2398,0.2961,0.1762
"CAVE BUTTES","AZ10007","24h","USC00024453",118,52.155,0.2038,0.189,0.1914
"CAVE BUTTES","AZ10007","24h","USC00028904",48,41.167,0.192,0.2385,0.1143
"CAVE BUTTES","AZ10007","24h","USC00028657",32,55.374,0.1936,0.1116,0.1241
"CAVE BUTTES","AZ10007","24h","USS0011R10S",43,81.904,0.2075,0.1179,0.2282
"CAVE BUTTES","AZ10007","24h","USC00021654",56,40.244,0.2296,0.263,0.1974
"CAVE BUTTES","AZ10007","24h","USC00023498",71,44.683,0.1766,0.2049,0.2309
"CAVE BUTTES","AZ10007","72h","USC00021282",46,61.487,0.2258,0.1179,0.1263
"CAVE BUTTES","AZ10007","72h","USC00021353",59,75.127,0.2533,0.164,0.1469
"CAVE BUTTES","AZ10007","72h","USC00021059",26,69.117,0.2918,0.257,0.1842
"CAVE BUTTES","AZ10007","72h","USC00028273",24,110.742,0.3094,0.2908,0.1869
"CAVE BUTTES","AZ10007","72h","USC00020288",39,60.131,0.2207,0.1082,0.1161
"CAVE BUTTES","AZ10007","72h","USC00022329",71,111.093,0.2611,0.2967,0.2105
"CAVE BUTTES","AZ10007","72h","USC00022109",101,62.57,0.2284,0.164,0.1212
"CAVE BUTTES","AZ10007","72h","USC00027081",42,81.878,0.2647,0.2486,0.1585
"CAVE BUTTES","AZ10007","72h","USC00026840",29,79.537,0.2589,0.2408,0.1798
"CAVE BUTTES","AZ10007","72h","USC00029287",96,55.593,0.2035,0.1894,0.1903
"CAVE BUTTES","AZ10007","72h","USC00028391",35,65.108,0.2529,0.1948,0.1976
"CAVE BUTTES","AZ10007","72h","USC00021614",87,72.196,0.2339,0.2033,0.1559
"CAVE BUTTES","AZ10007","72h","USC00029166",121,66.423,0.1998,0.19,0.1999
"CAVE BUTTES","AZ10007","72h","USC00028184",26,62.584,0.2672,0.2367,0.2736
"CAVE BUTTES","AZ10007","72h","USC00023448",97,70.166,0.2158,0.2706,0.2412
"CAVE BUTTES","AZ10007","72h","USC00024391",55,78.45,0.2038,0.1405,0.0686
"CAVE BUTTES","AZ10007","72h","USW00093139",73,77.686,0.2157,0.2227,0.1771
"CAVE BUTTES","AZ10007","72h","USC00025825",97,81.763,0.1991,0.1602,0.1373
"CAVE BUTTES","AZ10007","72h","USC00027281",112,67.409,0.2285,0.2039,0.1491
"CAVE BUTTES","AZ10007","72h","USC00026320",57,74.129,0.209,0.3146,0.2197
"CAVE BUTTES","AZ10007","72h","USC00023185",20,79.011,0.1944,0.1464,0.0801
"CAVE BUTTES","AZ10007","72h","USC00023713",27,83.663,0.1824,0.0942,0.1192
"CAVE BUTTES","AZ10007","72h","USC00028348",84,72.594,0.2108,0.2528,0.1921
"CAVE BUTTES","AZ10007","72h","USC00027876",48,101.333,0.252,0.2145,0.1431
"CAVE BUTTES","AZ10007","72h","USC00025635",86,52.502,0.2219,0.1962,0.1166
"CAVE BUTTES","AZ10007","72h","USS0011R06S",45,108.491,0.2293,0.2021,0.2392
"CAVE BUTTES","AZ10007","72h","USC00026796",124,68.42,0.1992,0.24,0.1803
"CAVE BUTTES","AZ10007","72h","USC00024345",41,51.239,0.2348,0.3386,0.2158
"CAVE BUTTES","AZ10007","72h","USC00026315",25,96.725,0.1925,0.1433,0.0829
"CAVE BUTTES","AZ10007","72h","USS0010S01S",45,128.83,0.2148,0.1496,0.2527
"CAVE BUTTES","AZ10007","72h","USC00020670",43,55.991,0.1848,0.1552,0.1218
"CAVE BUTTES","AZ10007","72h","USC00026561",77,102.89,0.2234,0.1498,0.084
"CAVE BUTTES","AZ10007","72h","USC00029601",28,55.855,0.1988,0.0881,0.1599
"CAVE BUTTES","AZ10007","72h","USC00020060",62,46.352,0.266,0.1937,0.1253
"CAVE BUTTES","AZ10007","72h","USC00026653",49,69.422,0.1768,0.1629,0.1468
"CAVE BUTTES","AZ10007","72h","USW00023184",78,50.786,0.2219,0.229,0.2195
"CAVE BUTTES","AZ10007","72h","USC00029622",43,66.648,0.224,0.2643,0.2071
"CAVE BUTTES","AZ10007","72h","USC00028649",28,113.668,0.1996,0.264,0.0828
"CAVE BUTTES","AZ10007","72h","USC00020098",20,53.684,0.2147,0.2546,0.2581
"CAVE BUTTES","AZ10007","72h","USC00024053",42,66.111,0.2081,0.1532,0.0884
"CAVE BUTTES","AZ10007","72h","USC00025512",98,75.065,0.2094,0.229,0.1826
"CAVE BUTTES","AZ10007","72h","USC00028650",31,113.878,0.2435,0.3434,0.2023
"CAVE BUTTES","AZ10007","72h","USC00022193",39,50.106,0.2378,0.2836,0.1513
"CAVE BUTTES","AZ10007","72h","USC00024453",118,68.999,0.1953,0.1623,0.134
"CAVE BUTTES","AZ10007","72h","USC00028904",48,54.534,0.206,0.1805,0.1242
"CAVE BUTTES","AZ10007","72h","USC00028657",32,70.227,0.1936,0.042,0.1334
"CAVE BUTTES","AZ10007","72h","USS0011R10S",43,121.564,0.2136,0.071,0.2382
"CAVE BUTTES","AZ10007","72h","USC00021654",56,47.823,0.2336,0.2873,0.2348
"CAVE BUTTES","AZ10007","72h","USC00023498",71,58.133,0.2,0.2371,0.2543
"GIBSON","MT00571","24h","USS0012B17S",48,48.508,0.2419,0.2074,0.1791
"GIBSON","MT00571","24h","USC00240364",97,41.387,0.2138,0.1876,0.1686
"GIBSON","MT00571","24h","USS0012B13S",48,47.18,0.2134,0.2265,0.1907
"GIBSON","MT00571","24h","USC00241737",109,37.01,0.219,0.2111,0.1236
"GIBSON","MT00571","24h","USC00241342",37,38.072,0.2419,0.3816,0.2597
"GIBSON","MT00571","24h","USS0012A02S",43,60.668,0.2373,0.2115,0.1987
"GIBSON","MT00571","24h","USC00247159",46,44.647,0.1752,0.1592,0.1351
"GIBSON","MT00571","24h","USS0012B14S",48,52.804,0.2055,0.2767,0.2229
"GIBSON","MT00571","24h","USC00242857",90,37.965,0.2004,0.2397,0.1283
"GIBSON","MT00571","24h","USS0012B16S",47,35.547,0.1736,0.1763,0.0871
"GIBSON","MT00571","24h","USS0013A15S",45,59.699,0.1856,0.1556,0.2041
"GIBSON","MT00571","24h","USC00247618",28,37.669,0.2055,-0.0146,0.1043
"GIBSON","MT00571","24h","USC00246426",49,42.437,0.2197,0.2043,0.1884
"GIBSON","MT00571","24h","USC00246302",65,30.522,0.2056,0.2359,0.1267
"GIBSON","MT00571","24h","USC00245040",55,33.37,0.2025,0.2602,0.1943
"GIBSON","MT00571","24h","USC00245043",64,35.139,0.1693,0.2887,0.2076
"GIBSON","MT00571","24h","USC00248021",71,38.005,0.2362,0.2503,0.1435
"GIBSON","MT00571","24h","USS0013B22S",46,46.175,0.1966,0.2395,0.1816
"GIBSON","MT00571","24h","USC00246304",28,28.347,0.2136,0.1741,0.1717
"GIBSON","MT00571","24h","USS0013B07S",37,77.5,0.2075,0.174,0.1266
"GIBSON","MT00571","24h","USS0012C22S",32,31.4,0.1495,-0.0153,0.1868
"GIBSON","MT00571","24h","USC00246700",61,35.667,0.2317,0.2335,0.179
"GIBSON","MT00571","24h","USC00248501",101,41.084,0.2243,0.2243,0.1535
"GIBSON","MT00571","24h","USC00248087",30,42.002,0.23,0.2796,0.1286
"GIBSON","MT00571","24h","USC00241974",97,39.906,0.2141,0.1491,0.1526
"GIBSON","MT00571","24h","USC00244241",117,37.768,0.2138,0.2067,0.1248
"GIBSON","MT00571","24h","USS0013A26S",46,52.968,0.1981,0.1384,0.0955
"GIBSON","MT00571","24h","USC00241552",108,44.476,0.2292,0.2676,0.2002
"GIBSON","MT00571","24h","USS0013C31S",48,36.946,0.2183,0.1696,0.2666
"GIBSON","MT00571","24h","USS0013C38S",48,36.899,0.1934,0.2019,0.2161
"GIBSON","MT00571","24h","USS0013B25S",34,44.991,0.1871,0.0827,0.2755
"GIBSON","MT00571","24h","USC00241450",31,28.159,0.2614,0.1342,0.1531
"GIBSON","MT00571","24h","USC00240755",64,42.578,0.2403,0.3031,0.2246
"GIBSON","MT00571","24h","USC00246685",46,28.822,0.1575,0.1776,0.1226
"GIBSON","MT00571","24h","USC00248455",22,48.688,0.2657,0.1664,0.1254
"GIBSON","MT00571","24h","USW00024143",89,37.779,0.2109,0.1888,0.1231
"GIBSON","MT00571","24h","USC00243753",26,37.207,0.1957,0.3039,0.2679
"GIBSON","MT00571","24h","USC00240056",56,48.574,0.2339,0.1564,0.1439
"GIBSON","MT00571","24h","USC00247286",95,34.071,0.2142,0.2273,0.1023
"GIBSON","MT00571","24h","USC00246635",85,32.64,0.191,0.2853,0.208
"GIBSON","MT00571","24h","USS0013A25S",48,83.773,0.1819,0.0998,0.2967
"GIBSON","MT00571","24h","USC00246640",76,33.394,0.1925,0.2184,0.1993
"GIBSON","MT00571","24h","USW00024139",63,26.917,0.174,0.0709,0.0441
"GIBSON","MT00571","72h","USS0012B17S",48,67.641,0.2525,0.3191,0.2468
"GIBSON","MT00571","72h","USC00240364",97,55.648,0.2332,0.1778,0.1558
"GIBSON","MT00571","72h","USS0012B13S",48,67.36,0.2033,0.3028,0.2563
"GIBSON","MT00571","72h","USS0012B12S",48,75.383,0.174,0.1486,0.1358
"GIBSON","MT00571","72h","USC00241737",109,48.418,0.2275,0.234,0.1716
"GIBSON","MT00571","72h","USC00241342",37,47.686,0.2377,0.3405,0.2177
"GIBSON","MT00571","72h","USS0012A02S",43,84.987,0.2581,0.2506,0.1897
"GIBSON","MT00571","72h","USC00247159",46,60.96,0.1832,0.2101,0.1649
"GIBSON","MT00571","72h","USS0012B14S",48,84.22,0.1953,0.1487,0.202
"GIBSON","MT00571","72h","USC00242857",90,51.422,0.2316,0.2317,0.1092
"GIBSON","MT00571","72h","USS0013A15S",45,88.138,0.1809,0.3099,0.3164
"GIBSON","MT00571","72h","USC00247618",28,48.454,0.1868,0.08,0.1689
"GIBSON","MT00571","72h","USC00246426",49,55.149,0.2367,0.1676,0.1983
"GIBSON","MT00571","72h","USC00246302",65,39.78,0.1838,0.1918,0.1608
"GIBSON","MT00571","72h","USC00245040",55,45.479,0.2146,0.2449,0.1777
"GIBSON","MT00571","72h","USC00248021",71,49.455,0.2351,0.2157,0.1565
"GIBSON","MT00571","72h","USS0013B22S",46,67.619,0.1835,0.1969,0.2146
"GIBSON","MT00571","72h","USC00246304",28,33.475,0.1838,0.0978,0.1435
"GIBSON","MT00571","72h","USS0013B07S",37,116.117,0.1654,0.1097,0.2605
"GIBSON","MT00571","72h","USC00246700",61,47.015,0.2219,0.1759,0.177
"GIBSON","MT00571","72h","USC00248087",30,56.296,0.1861,0.2724,0.1783
"GIBSON","MT00571","72h","USC00241974",97,50.531,0.2155,0.1106,0.1179
"GIBSON","MT00571","72h","USC00244241",117,49.475,0.2274,0.182,0.1473
"GIBSON","MT00571","72h","USS0013A26S",46,80.922,0.1942,0.2768,0.2596
"GIBSON","MT00571","72h","USC00241552",108,58.615,0.2359,0.2697,0.2006
"GIBSON","MT00571","72h","USS0013C31S",48,50.848,0.1854,0.1757,0.2482
"GIBSON","MT00571","72h","USS0013C38S",48,49.268,0.1886,0.2518,0.2377
"GIBSON","MT00571","72h","USC00247978",40,71.026,0.2066,0.3613,0.3635
"GIBSON","MT00571","72h","USS0013B25S",34,62.466,0.195,0.3086,0.2727
"GIBSON","MT00571","72h","USC00240755",64,53.314,0.2208,0.2294,0.1746
"GIBSON","MT00571","72h","USC00248455",22,63.167,0.2799,0.3677,0.2524
"GIBSON","MT00571","72h","USW00024143",89,50.307,0.2054,0.2291,0.1989
"GIBSON","MT00571","72h","USC00243753",26,50.343,0.1988,0.2773,0.1813
"GIBSON","MT00571","72h","USC00240056",56,64.969,0.2545,0.2333,0.1666
"GIBSON","MT00571","72h","USC00247286",95,42.819,0.2187,0.2535,0.1297
"GIBSON","MT00571","72h","USC00246635",85,40.696,0.1886,0.2446,0.1503
"GIBSON","MT00571","72h","USS0013A25S",48,121.1,0.1765,0.203,0.189
"GIBSON","MT00571","72h","USC00246640",76,40.945,0.185,0.2037,0.1372
"GIBSON","MT00571","72h","USW00024139",63,35.524,0.1753,0.1522,0.2136
"MORROW POINT","CO01689","24h","USC00051609",70,30.579,0.2338,0.3575,0.2435
"MORROW POINT","CO01689","24h","USW00003060",22,30.638,0.1566,-0.0473,0.222
"MORROW POINT","CO01689","24h","USC00050754",22,33.35,0.1537,0.2666,0.244
"MORROW POINT","CO01689","24h","US1COMT0015",22,23.016,0.1523,0.1142,0.0845
"MORROW POINT","CO01689","24h","USC00055722",116,24.771,0.168,0.1644,0.173
"MORROW POINT","CO01689","24h","USC00055717",71,24.96,0.1706,0.1419,0.1814
"MORROW POINT","CO01689","24h","US1COMT0013",21,22.406,0.165,0.0668,0.1924
"MORROW POINT","CO01689","24h","USW00093013",28,19.246,0.202,-0.0176,0.2352
"MORROW POINT","CO01689","24h","USC00050797",49,23.11,0.2228,0.3287,0.2983
"MORROW POINT","CO01689","24h","USC00057020",38,30.046,0.1696,0.2108,0.1295
"MORROW POINT","CO01689","24h","USC00056203",60,33.186,0.1721,0.1606,0.1597
"MORROW POINT","CO01689","24h","USC00053662",99,23.868,0.2115,0.2651,0.2168
"MORROW POINT","CO01689","24h","USC00052196",24,23.367,0.2254,0.1608,0.0813
"MORROW POINT","CO01689","24h","USC00052192",89,24.257,0.223,0.2718,0.2308
"MORROW POINT","CO01689","24h","USC00051440",80,27.948,0.1926,0.1789,0.196
"MORROW POINT","CO01689","24h","USC00051713",84,23.507,0.1742,0.2149,0.1971
"MORROW POINT","CO01689","24h","USC00056012",72,32.392,0.1869,0.2066,0.1564
"MORROW POINT","CO01689","24h","USC00051741",93,29.551,0.1674,0.2034,0.1943
"MORROW POINT","CO01689","24h","USC00057460",65,28.33,0.1942,0.19,0.1085
"MORROW POINT","CO01689","24h","USC00056266",97,25.712,0.1881,0.2206,0.1665
"MORROW POINT","CO01689","24h","USC00050372",45,33.569,0.1687,0.2009,0.2158
"MORROW POINT","CO01689","24h","USC00050370",46,29.736,0.1938,0.258,0.1391
"MORROW POINT","CO01689","24h","USC00053489",52,22.389,0.1636,0.0723,0.1392
"MORROW POINT","CO01689","24h","USW00093073",28,24.291,0.1515,0.0397,0.3259
"MORROW POINT","CO01689","24h","USC00058560",57,27.467,0.186,0.2036,0.1842
"MORROW POINT","CO01689","24h","USC00058154",53,41.949,0.1741,0.1537,0.114
"MORROW POINT","CO01689","24h","US1COGF0047",20,23.815,0.1467,0.0114,0.0678
"MORROW POINT","CO01689","24h","USW00023066",126,23.05,0.1951,0.1594,0.1687
"MORROW POINT","CO01689","24h","USC00056271",25,40.544,0.1771,0.2012,0.3113
"MORROW POINT","CO01689","24h","USC00058582",76,50.783,0.1595,0.1539,0.1386
"MORROW POINT","CO01689","24h","USC00053508",26,29.641,0.2476,0.3547,0.236
"MORROW POINT","CO01689","24h","USC00054934",42,51.652,0.1566,0.1663,0.2016
"MORROW POINT","CO01689","24h","USW00003016",28,22.378,0.1834,0.0852,0.231
"MORROW POINT","CO01689","24h","USC00055507",34,29.174,0.2382,0.2353,0.2633
"MORROW POINT","CO01689","24h","USC00056315",26,31.384,0.1742,0.2574,0.1763
"MORROW POINT","CO01689","24h","USC00057031",79,25.731,0.2032,0.1369,0.113
"MORROW POINT","CO01689","72h","USC00051609",70,37.577,0.194,0.2303,0.2061
"MORROW POINT","CO01689","72h","USC00050754",22,45.283,0.1493,-0.1025,0.1139
"MORROW POINT","CO01689","72h","US1COMT0015",22,28.611,0.1535,0.105,0.1529
"MORROW POINT","CO01689","72h","USC00055722",116,30.221,0.169,0.1549,0.1506
"MORROW POINT","CO01689","72h","USC00055717",71,30.469,0.1716,0.1544,0.1484
"MORROW POINT","CO01689","72h","US1COMT0013",21,27.81,0.1674,0.1344,0.2451
"MORROW POINT","CO01689","72h","USW00093013",28,24.852,0.222,0.0015,0.1776
"MORROW POINT","CO01689","72h","USC00050797",49,27.442,0.1979,0.2172,0.2172
"MORROW POINT","CO01689","72h","USC00057020",38,42.937,0.19,0.2264,0.2712
"MORROW POINT","CO01689","72h","USC00056306",83,39.598,0.1597,0.141,0.1465
"MORROW POINT","CO01689","72h","USC00056307",22,34.482,0.1586,0.2188,0.0963
"MORROW POINT","CO01689","72h","USC00056203",60,45.011,0.1722,0.1201,0.1417
"MORROW POINT","CO01689","72h","USC00053662",99,29.783,0.1819,0.1566,0.1642
"MORROW POINT","CO01689","72h","USC00052196",24,26.458,0.195,0.0987,0.1841
"MORROW POINT","CO01689","72h","USC00051440",80,36.719,0.1932,0.1678,0.1002
"MORROW POINT","CO01689","72h","USC00051713",84,31.123,0.1723,0.2425,0.194
"MORROW POINT","CO01689","72h","USC00056012",72,41.788,0.1653,0.1831,0.1687
"MORROW POINT","CO01689","72h","USC00051741",93,36.793,0.1611,0.1396,0.2013
"MORROW POINT","CO01689","72h","USC00051743",24,35.213,0.1253,0.2838,0.2443
"MORROW POINT","CO01689","72h","USC00057460",65,37.828,0.1927,0.1828,0.1283
"MORROW POINT","CO01689","72h","USC00056266",97,32.12,0.1943,0.2293,0.1366
"MORROW POINT","CO01689","72h","USC00050372",45,47.506,0.1661,0.2081,0.1571
"MORROW POINT","CO01689","72h","USC00050370",46,41.758,0.2122,0.3473,0.1916
"MORROW POINT","CO01689","72h","USC00053489",52,27.247,0.1784,0.1834,0.1253
"MORROW POINT","CO01689","72h","USW00093073",28,32.206,0.1615,-0.0446,0.2475
"MORROW POINT","CO01689","72h","USC00058560",57,36.448,0.1767,0.1625,0.1808
"MORROW POINT","CO01689","72h","USC00058154",53,58.928,0.1591,0.0992,0.1296
"MORROW POINT","CO01689","72h","US1COGF0047",20,30.282,0.1245,0.0398,0.0155
"MORROW POINT","CO01689","72h","USW00023066",126,28.174,0.191,0.185,0.2041
"MORROW POINT","CO01689","72h","US1COEG0006",22,35.086,0.11,0.2039,0.0536
"MORROW POINT","CO01689","72h","USC00056271",25,60.51,0.2037,0.1667,0.284
"MORROW POINT","CO01689","72h","USC00058582",76,69.671,0.1686,0.0907,0.1707
"MORROW POINT","CO01689","72h","USC00053508",26,38.768,0.1914,0.2265,0.2198
"MORROW POINT","CO01689","72h","USC00054934",42,71.575,0.1433,0.0692,0.1515
"MORROW POINT","CO01689","72h","USW00003016",28,27.31,0.2,0.1269,0.3269
"MORROW POINT","CO01689","72h","USC00055507",34,38.083,0.2302,0.2329,0.0789
"MORROW POINT","CO01689","72h","USC00056315",26,39.223,0.1817,0.188,0.1725
"MORROW POINT","CO01689","72h","USC00057031",79,32.967,0.2117,0.2458,0.1757
"FERN RIDGE","OR00016","24h","USS0022F42S",45,81.835,0.1739,0.2386,0.2023
"FERN RIDGE","OR00016","24h","USC00354776",28,152.485,0.1608,0.1301,0.0342
"FERN RIDGE","OR00016","24h","USS0022E07S",48,103.202,0.1675,0.1465,0.1158
"FERN RIDGE","OR00016","24h","USC00359324",22,71.791,0.2258,0.4147,0.227
"FERN RIDGE","OR00016","24h","USS0022F05S",45,68.116,0.1588,0.2036,0.1751
"FERN RIDGE","OR00016","24h","USS0022E09S",44,118.005,0.1379,0.0754,0.0615
"FERN RIDGE","OR00016","24h","USC00350652",55,98.363,0.1556,0.1641,0.1444
"FERN RIDGE","OR00016","24h","USS0022F43S",46,79.542,0.1525,0.0926,0.135
"FERN RIDGE","OR00016","24h","USS0022F04S",46,93.343,0.1793,0.299,0.1657
"FERN RIDGE","OR00016","24h","USC00357631",44,93.8,0.1736,0.216,0.1685
"FERN RIDGE","OR00016","24h","USC00358221",24,90.772,0.1302,-0.0819,0.0246
"FERN RIDGE","OR00016","24h","USS0021E05S",48,83.053,0.1348,0.2549,0.1375
"FERN RIDGE","OR00016","24h","USS0021F21S",46,72.123,0.1524,0.121,0.171
"FERN RIDGE","OR00016","24h","USS0021E07S",45,104.801,0.1375,0.1599,0.17
"FERN RIDGE","OR00016","24h","USS0022F03S",46,78.623,0.1678,0.3091,0.345
"FERN RIDGE","OR00016","24h","USC00358536",74,64.99,0.1735,0.2266,0.1437
"FERN RIDGE","OR00016","24h","USC00356251",23,84.092,0.1933,0.1727,0.0603
"FERN RIDGE","OR00016","24h","USC00351415",21,72.794,0.1917,0.1013,0.1343
"FERN RIDGE","OR00016","24h","USS0021E04S",46,101.135,0.145,0.0464,0.0734
"FERN RIDGE","OR00016","24h","USC00357559",22,86.563,0.1411,0.1396,0.2303
"FERN RIDGE","OR00016","24h","USS0022F14S",45,79.155,0.1868,0.4497,0.3359
"FERN RIDGE","OR00016","24h","USS0021E06S",47,86.101,0.1531,0.0731,0.1045
"FERN RIDGE","OR00016","24h","USC00355221",72,90.513,0.1654,0.2044,0.1363
"FERN RIDGE","OR00016","24h","USC00354835",49,84.681,0.1433,0.0744,0.126
"FERN RIDGE","OR00016","24h","USS0022F45S",23,72.119,0.1691,0.1494,0.0492
"FERN RIDGE","OR00016","24h","USS0021F10S",46,59.463,0.1724,0.2343,0.104
"FERN RIDGE","OR00016","24h","USC00351978",23,54.058,0.2124,0.1502,0.2278
"FERN RIDGE","OR00016","24h","USS0021E13S",46,71.384,0.1693,0.0526,0.0881
"FERN RIDGE","OR00016","24h","USC00359316",80,42.642,0.1855,0.156,0.1476
"FERN RIDGE","OR00016","24h","USS0022F18S",45,66.645,0.2066,0.3528,0.2853
"FERN RIDGE","OR00016","24h","USS0021F22S",46,49.607,0.1916,0.1966,0.1132
"FERN RIDGE","OR00016","24h","USS0023G09S",46,90.791,0.172,0.1042,0.0964
"FERN RIDGE","OR00016","24h","USC00351546",57,52.573,0.1767,0.0765,0.1099
"FERN RIDGE","OR00016","24h","USS0023D02S",45,96.309,0.1748,0.1236,0.1129
"FERN RIDGE","OR00016","24h","USS0023D01S",46,125.663,0.1863,0.1968,0.1363
"FERN RIDGE","OR00016","24h","USS0021D13S",46,75.182,0.1873,0.1789,0.1533
"FERN RIDGE","OR00016","24h","USC00351946",93,87.063,0.2108,0.4017,0.2641
"FERN RIDGE","OR00016","24h","USS0022G06S",26,75.853,0.1729,0.1166,0.1283
"FERN RIDGE","OR00016","24h","USC00356907",99,63.484,0.1753,0.1912,0.1536
"FERN RIDGE","OR00016","24h","USC00357052",50,25.538,0.2023,0.2206,0.1068
"FERN RIDGE","OR00016","24h","USS0021D12S",46,59.273,0.1631,0.1491,0.2495
"FERN RIDGE","OR00016","72h","USS0022F42S",45,129.189,0.138,0.1144,0.2082
"FERN RIDGE","OR00016","72h","USC00354776",28,239.401,0.146,0.0523,0.075
"FERN RIDGE","OR00016","72h","USS0022E07S",48,159.699,0.1508,0.1892,0.2134
"FERN RIDGE","OR00016","72h","USC00359324",22,111.32,0.203,0.2185,0.2046
"FERN RIDGE","OR00016","72h","USS0022F05S",45,109.594,0.1286,0.0701,0.1812
"FERN RIDGE","OR00016","72h","USS0022E09S",44,200.965,0.1328,0.1722,0.1841
"FERN RIDGE","OR00016","72h","USC00350652",55,160.352,0.1434,0.2472,0.1263
"FERN RIDGE","OR00016","72h","USS0022F43S",46,133.358,0.1398,0.0816,0.1515
"FERN RIDGE","OR00016","72h","USS0022E08S",45,154.475,0.1282,0.1516,0.1309
"FERN RIDGE","OR00016","72h","USS0022F04S",46,146.73,0.1529,0.1844,0.196
"FERN RIDGE","OR00016","72h","USC00357631",44,152.761,0.175,0.2032,0.1753
"FERN RIDGE","OR00016","72h","USC00358221",24,147.788,0.1495,0.0749,0.0684
"FERN RIDGE","OR00016","72h","USS0021E05S",48,137.949,0.1383,0.1275,0.1527
"FERN RIDGE","OR00016","72h","USS0021F21S",46,120.517,0.1181,-0.058,0.1613
"FERN RIDGE","OR00016","72h","USS0021E07S",45,175.226,0.1251,0.0786,0.1331
"FERN RIDGE","OR00016","72h","USS0022F03S",46,128.479,0.1401,0.1235,0.2317
"FERN RIDGE","OR00016","72h","USC00358536",74,105.408,0.1791,0.1776,0.1753
"FERN RIDGE","OR00016","72h","USC00356251",23,144.979,0.2143,0.3202,0.1734
"FERN RIDGE","OR00016","72h","USC00351415",21,114.153,0.1725,0.0765,0.256
"FERN RIDGE","OR00016","72h","USS0021E04S",46,168.056,0.1458,0.091,0.0998
"FERN RIDGE","OR00016","72h","USC00357559",22,160.231,0.1676,0.2251,0.2317
"FERN RIDGE","OR00016","72h","USS0022F14S",45,133.383,0.1628,0.3221,0.3341
"FERN RIDGE","OR00016","72h","USS0021E06S",47,142.392,0.1442,0.059,0.1243
"FERN RIDGE","OR00016","72h","USC00355221",72,156.416,0.1556,0.202,0.1152
"FERN RIDGE","OR00016","72h","USC00354835",49,142.409,0.1342,0.0798,0.121
"FERN RIDGE","OR00016","72h","USS0022F45S",23,119.888,0.1679,0.0567,0.0981
"FERN RIDGE","OR00016","72h","USS0021F10S",46,98.517,0.1628,0.1156,0.1236
"FERN RIDGE","OR00016","72h","USS0021E13S",46,107.946,0.1637,0.018,0.0837
"FERN RIDGE","OR00016","72h","USS0022F18S",45,108.486,0.1806,0.1279,0.2069
"FERN RIDGE","OR00016","72h","USS0021D14S",45,122.671,0.1387,0.0707,0.203
"FERN RIDGE","OR00016","72h","USS0021F22S",46,77.405,0.1934,0.1929,0.2254
"FERN RIDGE","OR00016","72h","USS0023G09S",46,145.555,0.1722,0.0454,0.0792
"FERN RIDGE","OR00016","72h","USC00351546",57,83.473,0.1789,0.1476,0.2114
"FERN RIDGE","OR00016","72h","USS0023D02S",45,158.54,0.1605,0.1171,0.1856
"FERN RIDGE","OR00016","72h","USS0023D01S",46,204.457,0.1792,0.1745,0.1836
"FERN RIDGE","OR00016","72h","USS0021D13S",46,122.265,0.184,0.2432,0.1683
"FERN RIDGE","OR00016","72h","USC00351946",93,144.43,0.1632,0.3219,0.2841
"FERN RIDGE","OR00016","72h","USS0022G06S",26,130.513,0.1569,-0.0076,0.0783
"FERN RIDGE","OR00016","72h","USC00350699",25,30.377,0.2224,0.3521,0.2056
"FERN RIDGE","OR00016","72h","USS0021D12S",46,96.576,0.1642,0.152,0.2055
"CRESCENT LAKE DAM","OR00381","24h","USS0021F10S",46,59.463,0.1724,0.2343,0.104
"CRESCENT LAKE DAM","OR00381","24h","USC00351978",23,54.058,0.2124,0.1502,0.2278
"CRESCENT LAKE DAM","OR00381","24h","USC00356252",23,62.661,0.2625,0.3698,0.2616
"CRESCENT LAKE DAM","OR00381","24h","USC00351415",21,72.794,0.1917,0.1013,0.1343
"CRESCENT LAKE DAM","OR00381","24h","USC00356251",23,84.092,0.1933,0.1727,0.0603
"CRESCENT LAKE DAM","OR00381","24h","USS0022F04S",46,93.343,0.1793,0.299,0.1657
"CRESCENT LAKE DAM","OR00381","24h","USS0022F05S",45,68.116,0.1588,0.2036,0.1751
"CRESCENT LAKE DAM","OR00381","24h","USC00359324",22,71.791,0.2258,0.4147,0.227
"CRESCENT LAKE DAM","OR00381","24h","USC00359316",80,42.642,0.1855,0.156,0.1476
"CRESCENT LAKE DAM","OR00381","24h","USS0021F22S",46,49.607,0.1916,0.1966,0.1132
"CRESCENT LAKE DAM","OR00381","24h","USS0021F21S",46,72.123,0.1524,0.121,0.171
"CRESCENT LAKE DAM","OR00381","24h","USC00351546",57,52.573,0.1767,0.0765,0.1099
"CRESCENT LAKE DAM","OR00381","24h","USS0022F18S",45,66.645,0.2066,0.3528,0.2853
"CRESCENT LAKE DAM","OR00381","24h","USS0022F43S",46,79.542,0.1525,0.0926,0.135
"CRESCENT LAKE DAM","OR00381","24h","USC00358536",74,64.99,0.1735,0.2266,0.1437
"CRESCENT LAKE DAM","OR00381","24h","USS0022F45S",23,72.119,0.1691,0.1494,0.0492
"CRESCENT LAKE DAM","OR00381","24h","USS0022F42S",45,81.835,0.1739,0.2386,0.2023
"CRESCENT LAKE DAM","OR00381","24h","USC00351946",93,87.063,0.2108,0.4017,0.2641
"CRESCENT LAKE DAM","OR00381","24h","USS0022G06S",26,75.853,0.1729,0.1166,0.1283
"CRESCENT LAKE DAM","OR00381","24h","USS0021E13S",46,71.384,0.1693,0.0526,0.0881
"CRESCENT LAKE DAM","OR00381","24h","USS0021E07S",45,104.801,0.1375,0.1599,0.17
"CRESCENT LAKE DAM","OR00381","24h","USS0021G17S",20,59.274,0.1463,0.1382,0.0965
"CRESCENT LAKE DAM","OR00381","24h","USC00358420",55,29.77,0.196,0.2105,0.1862
"CRESCENT LAKE DAM","OR00381","24h","USC00350652",55,98.363,0.1556,0.1641,0.1444
"CRESCENT LAKE DAM","OR00381","24h","USS0021F12S",46,45.362,0.1998,0.2057,0.1213
"CRESCENT LAKE DAM","OR00381","24h","USC00351574",33,38.417,0.1771,0.124,0.1184
"CRESCENT LAKE DAM","OR00381","24h","USS0022G33S",46,87.415,0.2145,0.2416,0.1735
"CRESCENT LAKE DAM","OR00381","24h","USC00356907",99,63.484,0.1753,0.1912,0.1536
"CRESCENT LAKE DAM","OR00381","24h","USS0022E07S",48,103.202,0.1675,0.1465,0.1158
"CRESCENT LAKE DAM","OR00381","24h","USS0021G03S",48,39.223,0.179,0.2309,0.1911
"CRESCENT LAKE DAM","OR00381","24h","USC00357559",22,86.563,0.1411,0.1396,0.2303
"CRESCENT LAKE DAM","OR00381","24h","USS0021E06S",47,86.101,0.1531,0.0731,0.1045
"CRESCENT LAKE DAM","OR00381","24h","USC00351571",56,36.307,0.2086,0.2806,0.1833
"CRESCENT LAKE DAM","OR00381","24h","USC00357052",50,25.538,0.2023,0.2206,0.1068
"CRESCENT LAKE DAM","OR00381","24h","USW00024230",75,22.577,0.2086,0.1797,0.1616
"CRESCENT LAKE DAM","OR00381","24h","USS0022G24S",45,71.11,0.2126,0.2043,0.2133
"CRESCENT LAKE DAM","OR00381","24h","USC00354632",34,21.413,0.2087,0.1702,0.1987
"CRESCENT LAKE DAM","OR00381","24h","USC00351207",41,62.767,0.1891,0.2236,0.0702
"CRESCENT LAKE DAM","OR00381","72h","USS0021F10S",46,98.517,0.1628,0.1156,0.1236
"CRESCENT LAKE DAM","OR00381","72h","USC00356252",23,97.075,0.2383,0.2297,0.1921
"CRESCENT LAKE DAM","OR00381","72h","USC00351415",21,114.153,0.1725,0.0765,0.256
"CRESCENT LAKE DAM","OR00381","72h","USC00356251",23,144.979,0.2143,0.3202,0.1734
"CRESCENT LAKE DAM","OR00381","72h","USS0022F03S",46,128.479,0.1401,0.1235,0.2317
"CRESCENT LAKE DAM","OR00381","72h","USS0022F14S",45,133.383,0.1628,0.3221,0.3341
"CRESCENT LAKE DAM","OR00381","72h","USS0022F04S",46,146.73,0.1529,0.1844,0.196
"CRESCENT LAKE DAM","OR00381","72h","USC00354835",49,142.409,0.1342,0.0798,0.121
"CRESCENT LAKE DAM","OR00381","72h","USS0022F05S",45,109.594,0.1286,0.0701,0.1812
"CRESCENT LAKE DAM","OR00381","72h","USC00359324",22,111.32,0.203,0.2185,0.2046
"CRESCENT LAKE DAM","OR00381","72h","USC00359316",80,64.347,0.2097,0.2191,0.1449
"CRESCENT LAKE DAM","OR00381","72h","USS0021F22S",46,77.405,0.1934,0.1929,0.2254
"CRESCENT LAKE DAM","OR00381","72h","USS0021F21S",46,120.517,0.1181,-0.058,0.1613
"CRESCENT LAKE DAM","OR00381","72h","USC00351546",57,83.473,0.1789,0.1476,0.2114
"CRESCENT LAKE DAM","OR00381","72h","USS0022F18S",45,108.486,0.1806,0.1279,0.2069
"CRESCENT LAKE DAM","OR00381","72h","USS0022F43S",46,133.358,0.1398,0.0816,0.1515
"CRESCENT LAKE DAM","OR00381","72h","USC00358536",74,105.408,0.1791,0.1776,0.1753
"CRESCENT LAKE DAM","OR00381","72h","USS0022F45S",23,119.888,0.1679,0.0567,0.0981
"CRESCENT LAKE DAM","OR00381","72h","USS0022F42S",45,129.189,0.138,0.1144,0.2082
"CRESCENT LAKE DAM","OR00381","72h","USC00353095",61,39.214,0.2527,0.2962,0.2759
"CRESCENT LAKE DAM","OR00381","72h","USC00351946",93,144.43,0.1632,0.3219,0.2841
"CRESCENT LAKE DAM","OR00381","72h","USS0022G06S",26,130.513,0.1569,-0.0076,0.0783
"CRESCENT LAKE DAM","OR00381","72h","USS0021E13S",46,107.946,0.1637,0.018,0.0837
"CRESCENT LAKE DAM","OR00381","72h","USS0021E07S",45,175.226,0.1251,0.0786,0.1331
"CRESCENT LAKE DAM","OR00381","72h","USS0021G17S",20,92.37,0.1598,0.0912,0.1917
"CRESCENT LAKE DAM","OR00381","72h","USC00357817",42,37.681,0.2541,0.1751,0.2453
"CRESCENT LAKE DAM","OR00381","72h","USC00358420",55,37.589,0.234,0.2926,0.2208
"CRESCENT LAKE DAM","OR00381","72h","USC00350652",55,160.352,0.1434,0.2472,0.1263
"CRESCENT LAKE DAM","OR00381","72h","USS0021F12S",46,70.134,0.1833,0.1166,0.1283
"CRESCENT LAKE DAM","OR00381","72h","USC00351574",33,55.711,0.1763,0.0168,0.0982
"CRESCENT LAKE DAM","OR00381","72h","USS0022G33S",46,138.358,0.1779,0.328,0.2609
"CRESCENT LAKE DAM","OR00381","72h","USC00350699",25,30.377,0.2224,0.3521,0.2056
"CRESCENT LAKE DAM","OR00381","72h","USC00357857",43,50.463,0.2382,0.3642,0.2302
"CRESCENT LAKE DAM","OR00381","72h","USC00356907",99,105.237,0.1945,0.1664,0.1424
"CRESCENT LAKE DAM","OR00381","72h","USS0022E07S",48,159.699,0.1508,0.1892,0.2134
"CRESCENT LAKE DAM","OR00381","72h","USS0021G03S",48,59.673,0.2025,0.1453,0.1291
"CRESCENT LAKE DAM","OR00381","72h","USC00357559",22,160.231,0.1676,0.2251,0.2317
"CRESCENT LAKE DAM","OR00381","72h","USS0021E06S",47,142.392,0.1442,0.059,0.1243
"CRESCENT LAKE DAM","OR00381","72h","USC00351571",56,53.126,0.2234,0.2738,0.2005
"CRESCENT LAKE DAM","OR00381","72h","USS0021E05S",48,137.949,0.1383,0.1275,0.1527
"CRESCENT LAKE DAM","OR00381","72h","USC00357052",50,34.165,0.2163,0.2955,0.2063
"CRESCENT LAKE DAM","OR00381","72h","USW00024230",75,30.322,0.2017,0.2979,0.2575
"CRESCENT LAKE DAM","OR00381","72h","USS0022G24S",45,119.182,0.1881,0.2236,0.1917
"CRESCENT LAKE DAM","OR00381","72h","USS0022E08S",45,154.475,0.1282,0.1516,0.1309
"CRESCENT LAKE DAM","OR00381","72h","USC00358173",66,47.091,0.2741,0.3474,0.2641
"CRESCENT LAKE DAM","OR00381","72h","USC00351067",46,32.552,0.2586,0.2434,0.2349
"CRESCENT LAKE DAM","OR00381","72h","USC00351207",41,98.438,0.2029,0.1561,0.1765
"RUEDI","CO01664","24h","USC00055507",34,29.174,0.2382,0.2353,0.2633
"RUEDI","CO01664","24h","US1COEG0006",22,28.8,0.1191,-0.0224,-0.0032
"RUEDI","CO01664","24h","USW00093073",28,24.291,0.1515,0.0397,0.3259
"RUEDI","CO01664","24h","USC00050372",45,33.569,0.1687,0.2009,0.2158
"RUEDI","CO01664","24h","USC00050370",46,29.736,0.1938,0.258,0.1391
"RUEDI","CO01664","24h","USW00023063",55,23.933,0.1765,0.1057,0.1231
"RUEDI","CO01664","24h","US1COGF0047",20,23.815,0.1467,0.0114,0.0678
"RUEDI","CO01664","24h","USS0006K45S",23,29.326,0.1919,0.22,0.1699
"RUEDI","CO01664","24h","USC00057618",81,33.512,0.1755,0.2199,0.1716
"RUEDI","CO01664","24h","USC00053359",86,31.159,0.1906,0.222,0.2375
"RUEDI","CO01664","24h","USC00058575",33,32.619,0.1757,0.3911,0.3254
"RUEDI","CO01664","24h","US1COGF0040",20,30.047,0.1495,-0.0221,-0.0227
"RUEDI","CO01664","24h","USC00053592",60,28.016,0.1841,0.1757,0.1155
"RUEDI","CO01664","24h","USW00003016",28,22.378,0.1834,0.0852,0.231
"RUEDI","CO01664","24h","USC00057033",23,23.853,0.1905,0.1422,0.1993
"RUEDI","CO01664","24h","USC00051071",100,28.213,0.2021,0.1197,0.1624
"RUEDI","CO01664","24h","USC00057031",79,25.731,0.2032,0.1369,0.113
"RUEDI","CO01664","24h","USC00056307",22,26.586,0.164,0.1995,0.3871
"RUEDI","CO01664","24h","USC00054664",57,24.013,0.1595,0.1339,0.2051
"RUEDI","CO01664","24h","USC00059265",85,27.265,0.1595,0.1874,0.1438
"RUEDI","CO01664","24h","USC00056306",83,30.047,0.1598,0.1718,0.1208
"RUEDI","CO01664","24h","USC00055414",26,39.746,0.171,0.0632,-0.0209
"RUEDI","CO01664","24h","USC00059096",45,26.239,0.1735,0.1951,0.2986
"RUEDI","CO01664","24h","USC00053662",99,23.868,0.2115,0.2651,0.2168
"RUEDI","CO01664","24h","USC00055408",23,36.465,0.1873,0.3033,0.0912
"RUEDI","CO01664","24h","USC00051741",93,29.551,0.1674,0.2034,0.1943
"RUEDI","CO01664","24h","USC00056797",58,33.842,0.1894,0.2624,0.2003
"RUEDI","CO01664","24h","USC00051713",84,23.507,0.1742,0.2149,0.1971
"RUEDI","CO01664","24h","USC00053261",68,33.018,0.2118,0.2946,0.2716
"RUEDI","CO01664","24h","USC00050797",49,23.11,0.2228,0.3287,0.2983
"RUEDI","CO01664","24h","USC00053508",26,29.641,0.2476,0.3547,0.236
"RUEDI","CO01664","24h","USC00051440",80,27.948,0.1926,0.1789,0.196
"RUEDI","CO01664","24h","USC00057460",65,28.33,0.1942,0.19,0.1085
"RUEDI","CO01664","24h","USC00057370",74,34.12,0.1948,0.1092,0.1134
"RUEDI","CO01664","24h","USC00050454",79,38.906,0.191,0.1724,0.1253
"RUEDI","CO01664","24h","USC00050754",22,33.35,0.1537,0.2666,0.244
"RUEDI","CO01664","24h","USW00003060",22,30.638,0.1566,-0.0473,0.222
"RUEDI","CO01664","24h","USW00094050",28,25.102,0.1879,0.0338,0.2496
"RUEDI","CO01664","24h","USC00055484",88,30.914,0.191,0.3098,0.228
"RUEDI","CO01664","24h","USC00054234",58,39.32,0.2424,0.2947,0.2168
"RUEDI","CO01664","24h","USC00055487",20,29.391,0.141,0.0186,0.107
"RUEDI","CO01664","72h","USC00055507",34,38.083,0.2302,0.2329,0.0789
"RUEDI","CO01664","72h","US1COEG0006",22,35.086,0.11,0.2039,0.0536
"RUEDI","CO01664","72h","USW00093073",28,32.206,0.1615,-0.0446,0.2475
"RUEDI","CO01664","72h","USC00050372",45,47.506,0.1661,0.2081,0.1571
"RUEDI","CO01664","72h","USC00050370",46,41.758,0.2122,0.3473,0.1916
"RUEDI","CO01664","72h","USW00023063",55,29.924,0.1872,0.1283,0.1591
"RUEDI","CO01664","72h","US1COGF0047",20,30.282,0.1245,0.0398,0.0155
"RUEDI","CO01664","72h","USS0006K45S",23,43.103,0.1502,-0.0934,0.2735
"RUEDI","CO01664","72h","USC00057618",81,45.573,0.1774,0.216,0.1617
"RUEDI","CO01664","72h","USC00053359",86,40.181,0.1749,0.205,0.2032
"RUEDI","CO01664","72h","USC00058575",33,42.333,0.1415,0.2456,0.1316
"RUEDI","CO01664","72h","US1COGF0040",20,39.501,0.109,0.0306,0.2805
"RUEDI","CO01664","72h","USC00053592",60,35.77,0.1858,0.2132,0.207
"RUEDI","CO01664","72h","USW00003016",28,27.31,0.2,0.1269,0.3269
"RUEDI","CO01664","72h","USC00057033",23,30.931,0.1469,0.0877,0.1444
"RUEDI","CO01664","72h","USC00051071",100,35.721,0.2022,0.2066,0.202
"RUEDI","CO01664","72h","USC00057031",79,32.967,0.2117,0.2458,0.1757
"RUEDI","CO01664","72h","USC00056307",22,34.482,0.1586,0.2188,0.0963
"RUEDI","CO01664","72h","USC00054664",57,31.01,0.1927,0.2926,0.2217
"RUEDI","CO01664","72h","USC00059265",85,36.696,0.1648,0.2156,0.1955
"RUEDI","CO01664","72h","USC00056306",83,39.598,0.1597,0.141,0.1465
"RUEDI","CO01664","72h","USC00055414",26,56.84,0.1775,0.2391,0.2812
"RUEDI","CO01664","72h","USC00059096",45,32.179,0.1635,0.1285,0.1554
"RUEDI","CO01664","72h","USC00053662",99,29.783,0.1819,0.1566,0.1642
"RUEDI","CO01664","72h","USC00054129",24,29.952,0.2294,0.1411,0.1906
"RUEDI","CO01664","72h","USC00055408",23,48.141,0.2056,0.2498,0.1402
"RUEDI","CO01664","72h","USC00051741",93,36.793,0.1611,0.1396,0.2013
"RUEDI","CO01664","72h","USC00056797",58,41.438,0.169,0.2435,0.1709
"RUEDI","CO01664","72h","USC00051743",24,35.213,0.1253,0.2838,0.2443
"RUEDI","CO01664","72h","USC00051713",84,31.123,0.1723,0.2425,0.194
"RUEDI","CO01664","72h","USC00053261",68,43.864,0.2051,0.3182,0.2588
"RUEDI","CO01664","72h","USC00050797",49,27.442,0.1979,0.2172,0.2172
"RUEDI","CO01664","72h","USC00053508",26,38.768,0.1914,0.2265,0.2198
"RUEDI","CO01664","72h","USC00051440",80,36.719,0.1932,0.1678,0.1002
"RUEDI","CO01664","72h","USC00057460",65,37.828,0.1927,0.1828,0.1283
"RUEDI","CO01664","72h","USC00057370",74,41.829,0.1852,0.1512,0.145
"RUEDI","CO01664","72h","USC00050454",79,51.457,0.1906,0.2995,0.2218
"RUEDI","CO01664","72h","USC00050754",22,45.283,0.1493,-0.1025,0.1139
"RUEDI","CO01664","72h","USW00094050",28,32.96,0.1875,0.017,0.2242
"RUEDI","CO01664","72h","USC00055484",88,39.387,0.1928,0.3052,0.2745
"RUEDI","CO01664","72h","USC00055487",20,35.051,0.1246,0.1768,0.2
"GRAYSON DAM","KY03030","24h","USC00449215",68,72.852,0.1617,0.2889,0.2294
"GRAYSON DAM","KY03030","24h","USC00446125",20,77.264,0.1727,0.3014,0.1526
"GRAYSON DAM","KY03030","24h","USC00460580",104,63.739,0.1572,0.2721,0.227
"GRAYSON DAM","KY03030","24h","USW00003872",63,61.917,0.1475,0.2274,0.1958
"GRAYSON DAM","KY03030","24h","USC00464128",38,63.845,0.1576,0.2106,0.0883
"GRAYSON DAM","KY03030","72h","USC00449215",68,95.655,0.1524,0.1784,0.1456
"GRAYSON DAM","KY03030","72h","USC00446125",20,102.135,0.1712,0.3324,0.1627
"GRAYSON DAM","KY03030","72h","USC00466591",68,81.531,0.1662,0.1611,0.1855
"GRAYSON DAM","KY03030","72h","USC00460580",104,81.009,0.1419,0.236,0.1768
"GRAYSON DAM","KY03030","72h","USW00003872",63,78.64,0.1464,0.2389,0.1728
"GRAYSON DAM","KY03030","72h","USC00464128",38,83.511,0.1794,0.2524,0.1515
"TAYLOR PARK","CO00151","24h","USC00051071",100,28.213,0.2021,0.1197,0.1624
"TAYLOR PARK","CO00151","24h","USC00051713",84,23.507,0.1742,0.2149,0.1971
"TAYLOR PARK","CO00151","24h","USC00050370",46,29.736,0.1938,0.258,0.1391
"TAYLOR PARK","CO00151","24h","USC00053662",99,23.868,0.2115,0.2651,0.2168
"TAYLOR PARK","CO00151","24h","USC00050372",45,33.569,0.1687,0.2009,0.2158
"TAYLOR PARK","CO00151","24h","USC00057460",65,28.33,0.1942,0.19,0.1085
"TAYLOR PARK","CO00151","24h","USW00093073",28,24.291,0.1515,0.0397,0.3259
"TAYLOR PARK","CO00151","24h","USC00057370",74,34.12,0.1948,0.1092,0.1134
"TAYLOR PARK","CO00151","24h","USC00055507",34,29.174,0.2382,0.2353,0.2633
"TAYLOR PARK","CO00151","24h","USC00050797",49,23.11,0.2228,0.3287,0.2983
"TAYLOR PARK","CO00151","24h","US1COEG0006",22,28.8,0.1191,-0.0224,-0.0032
"TAYLOR PARK","CO00151","24h","US1COGF0047",20,23.815,0.1467,0.0114,0.0678
"TAYLOR PARK","CO00151","24h","USC00056307",22,26.586,0.164,0.1995,0.3871
"TAYLOR PARK","CO00151","24h","USS0006K45S",23,29.326,0.1919,0.22,0.1699
"TAYLOR PARK","CO00151","24h","USC00056306",83,30.047,0.1598,0.1718,0.1208
"TAYLOR PARK","CO00151","24h","USC00057337",97,24.103,0.2036,0.1755,0.2014
"TAYLOR PARK","CO00151","24h","USC00051609",70,30.579,0.2338,0.3575,0.2435
"TAYLOR PARK","CO00151","24h","USW00023063",55,23.933,0.1765,0.1057,0.1231
"TAYLOR PARK","CO00151","24h","USC00050754",22,33.35,0.1537,0.2666,0.244
"TAYLOR PARK","CO00151","24h","USC00054742",69,29.224,0.1858,0.1009,0.1162
"TAYLOR PARK","CO00151","24h","USW00003060",22,30.638,0.1566,-0.0473,0.222
"TAYLOR PARK","CO00151","24h","USC00057618",81,33.512,0.1755,0.2199,0.1716
"TAYLOR PARK","CO00151","24h","US1COFM0021",23,40.906,0.1395,0.156,0.1958
"TAYLOR PARK","CO00151","24h","USC00053359",86,31.159,0.1906,0.222,0.2375
"TAYLOR PARK","CO00151","24h","US1COGF0040",20,30.047,0.1495,-0.0221,-0.0227
"TAYLOR PARK","CO00151","24h","US1COMT0015",22,23.016,0.1523,0.1142,0.0845
"TAYLOR PARK","CO00151","24h","USC00052965",33,34.325,0.1985,0.2552,0.1864
"TAYLOR PARK","CO00151","24h","USC00051440",80,27.948,0.1926,0.1789,0.196
"TAYLOR PARK","CO00151","24h","US1COSA0011",20,27.414,0.1773,-0.0453,0.2595
"TAYLOR PARK","CO00151","24h","USC00055722",116,24.771,0.168,0.1644,0.173
"TAYLOR PARK","CO00151","24h","USC00055717",71,24.96,0.1706,0.1419,0.1814
"TAYLOR PARK","CO00151","24h","USW00093013",28,19.246,0.202,-0.0176,0.2352
"TAYLOR PARK","CO00151","24h","USC00050454",79,38.906,0.191,0.1724,0.1253
"TAYLOR PARK","CO00151","24h","US1COMT0013",21,22.406,0.165,0.0668,0.1924
"TAYLOR PARK","CO00151","24h","USC00053592",60,28.016,0.1841,0.1757,0.1155
"TAYLOR PARK","CO00151","24h","USC00051964",44,30.793,0.1767,0.1383,0.0913
"TAYLOR PARK","CO00151","24h","US1COSA0002",20,30.227,0.1966,0.2309,0.1216
"TAYLOR PARK","CO00151","24h","USC00051528",121,38.091,0.1979,0.1986,0.2249
"TAYLOR PARK","CO00151","24h","USC00052196",24,23.367,0.2254,0.1608,0.0813
"TAYLOR PARK","CO00151","24h","USW00003016",28,22.378,0.1834,0.0852,0.231
"TAYLOR PARK","CO00151","24h","USC00057020",38,30.046,0.1696,0.2108,0.1295
"TAYLOR PARK","CO00151","72h","USC00051071",100,35.721,0.2022,0.2066,0.202
"TAYLOR PARK","CO00151","72h","USC00051713",84,31.123,0.1723,0.2425,0.194
"TAYLOR PARK","CO00151","72h","USC00050370",46,41.758,0.2122,0.3473,0.1916
"TAYLOR PARK","CO00151","72h","USC00053662",99,29.783,0.1819,0.1566,0.1642
"TAYLOR PARK","CO00151","72h","USC00050372",45,47.506,0.1661,0.2081,0.1571
"TAYLOR PARK","CO00151","72h","USC00057460",65,37.828,0.1927,0.1828,0.1283
"TAYLOR PARK","CO00151","72h","USW00093073",28,32.206,0.1615,-0.0446,0.2475
"TAYLOR PARK","CO00151","72h","USC00057370",74,41.829,0.1852,0.1512,0.145
"TAYLOR PARK","CO00151","72h","USC00055507",34,38.083,0.2302,0.2329,0.0789
"TAYLOR PARK","CO00151","72h","USC00050797",49,27.442,0.1979,0.2172,0.2172
"TAYLOR PARK","CO00151","72h","US1COEG0006",22,35.086,0.11,0.2039,0.0536
"TAYLOR PARK","CO00151","72h","US1COGF0047",20,30.282,0.1245,0.0398,0.0155
"TAYLOR PARK","CO00151","72h","USC00056307",22,34.482,0.1586,0.2188,0.0963
"TAYLOR PARK","CO00151","72h","USS0006K45S",23,43.103,0.1502,-0.0934,0.2735
"TAYLOR PARK","CO00151","72h","USC00056306",83,39.598,0.1597,0.141,0.1465
"TAYLOR PARK","CO00151","72h","USC00057337",97,30.392,0.2111,0.1259,0.122
"TAYLOR PARK","CO00151","72h","USC00051609",70,37.577,0.194,0.2303,0.2061
"TAYLOR PARK","CO00151","72h","USC00058575",33,42.333,0.1415,0.2456,0.1316
"TAYLOR PARK","CO00151","72h","USW00023063",55,29.924,0.1872,0.1283,0.1591
"TAYLOR PARK","CO00151","72h","USC00050754",22,45.283,0.1493,-0.1025,0.1139
"TAYLOR PARK","CO00151","72h","USC00054742",69,39.751,0.1926,0.073,0.1496
"TAYLOR PARK","CO00151","72h","USW00003060",22,39.847,0.1655,-0.1637,0.1794
"TAYLOR PARK","CO00151","72h","USC00057618",81,45.573,0.1774,0.216,0.1617
"TAYLOR PARK","CO00151","72h","US1COFM0021",23,49.682,0.137,0.0582,0.0967
"TAYLOR PARK","CO00151","72h","USC00053359",86,40.181,0.1749,0.205,0.2032
"TAYLOR PARK","CO00151","72h","US1COGF0040",20,39.501,0.109,0.0306,0.2805
"TAYLOR PARK","CO00151","72h","US1COMT0015",22,28.611,0.1535,0.105,0.1529
"TAYLOR PARK","CO00151","72h","USC00052965",33,43.822,0.172,0.1443,0.1915
"TAYLOR PARK","CO00151","72h","USC00051440",80,36.719,0.1932,0.1678,0.1002
"TAYLOR PARK","CO00151","72h","USC00055722",116,30.221,0.169,0.1549,0.1506
"TAYLOR PARK","CO00151","72h","USC00055717",71,30.469,0.1716,0.1544,0.1484
"TAYLOR PARK","CO00151","72h","USW00093013",28,24.852,0.222,0.0015,0.1776
"TAYLOR PARK","CO00151","72h","USC00050454",79,51.457,0.1906,0.2995,0.2218
"TAYLOR PARK","CO00151","72h","US1COMT0013",21,27.81,0.1674,0.1344,0.2451
"TAYLOR PARK","CO00151","72h","USC00053592",60,35.77,0.1858,0.2132,0.207
"TAYLOR PARK","CO00151","72h","USC00051964",44,37.628,0.184,0.183,0.1793
"TAYLOR PARK","CO00151","72h","US1COSA0002",20,35.89,0.1985,0.2144,0.0394
"TAYLOR PARK","CO00151","72h","USC00051528",121,47.694,0.1931,0.2536,0.2178
"TAYLOR PARK","CO00151","72h","USC00052196",24,26.458,0.195,0.0987,0.1841
"TAYLOR PARK","CO00151","72h","USW00003016",28,27.31,0.2,0.1269,0.3269
"TAYLOR PARK","CO00151","72h","USC00057020",38,42.937,0.19,0.2264,0.2712
"WARNER DAM","NY00750","24h","USW00004751",64,59.865,0.1731,0.1052,0.2094
"WARNER DAM","NY00750","24h","USC00361526",27,62.719,0.1823,0.1378,0.3553
"WARNER DAM","NY00750","24h","USC00361806",31,60.287,0.1376,0.1578,0.2533
"WARNER DAM","NY00750","24h","USW00054757",26,52.289,0.1636,0.0616,0.1996
"WARNER DAM","NY00750","24h","USC00367310",35,57.488,0.1782,0.2167,0.1839
"WARNER DAM","NY00750","24h","USC00309425",73,59.57,0.1855,0.23,0.2194
"WARNER DAM","NY00750","24h","USC00361262",28,62.913,0.2055,0.3859,0.2232
"WARNER DAM","NY00750","24h","USC00367730",45,65.271,0.1879,0.2044,0.1622
"WARNER DAM","NY00750","24h","USC00303124",25,59.32,0.1351,0.1355,0.1036
"WARNER DAM","NY00750","24h","USC00361255",47,60.982,0.1717,0.1651,0.1539
"WARNER DAM","NY00750","72h","USW00004751",64,73.734,0.182,0.1743,0.2533
"WARNER DAM","NY00750","72h","USC00361526",27,77.998,0.1729,0.0739,0.1988
"WARNER DAM","NY00750","72h","USC00361806",31,76.08,0.1828,0.4471,0.3923
"WARNER DAM","NY00750","72h","USW00054757",26,67.675,0.2042,0.0545,0.0581
"WARNER DAM","NY00750","72h","USC00367310",35,70.717,0.1638,0.0848,0.1884
"WARNER DAM","NY00750","72h","USC00309425",73,75.483,0.1981,0.2486,0.2213
"WARNER DAM","NY00750","72h","USC00361262",28,78.317,0.1963,0.3403,0.2415
"WARNER DAM","NY00750","72h","USC00367730",45,80.905,0.1905,0.2506,0.1572
"WARNER DAM","NY00750","72h","USC00303124",25,75.47,0.1781,0.344,0.2855
"WARNER DAM","NY00750","72h","USC00361255",47,79.501,0.174,0.1256,0.1126
"ALVIN R BUSH DAM","PA00002","24h","USC00361262",28,62.913,0.2055,0.3859,0.2232
"ALVIN R BUSH DAM","PA00002","24h","USC00361806",31,60.287,0.1376,0.1578,0.2533
"ALVIN R BUSH DAM","PA00002","24h","USC00367310",35,57.488,0.1782,0.2167,0.1839
"ALVIN R BUSH DAM","PA00002","24h","USC00367730",45,65.271,0.1879,0.2044,0.1622
"ALVIN R BUSH DAM","PA00002","24h","USW00004751",64,59.865,0.1731,0.1052,0.2094
"ALVIN R BUSH DAM","PA00002","24h","USC00309425",73,59.57,0.1855,0.23,0.2194
"ALVIN R BUSH DAM","PA00002","24h","USW00054757",26,52.289,0.1636,0.0616,0.1996
"ALVIN R BUSH DAM","PA00002","24h","USC00361255",47,60.982,0.1717,0.1651,0.1539
"ALVIN R BUSH DAM","PA00002","24h","USC00362343",34,69.316,0.1629,0.1861,0.1796
"ALVIN R BUSH DAM","PA00002","24h","USC00361895",33,66.879,0.1877,0.4192,0.3105
"ALVIN R BUSH DAM","PA00002","24h","USC00362466",41,61.819,0.1659,0.255,0.1663
"ALVIN R BUSH DAM","PA00002","24h","USC00362298",22,65.879,0.1903,0.1894,0.1529
"ALVIN R BUSH DAM","PA00002","24h","USW00004726",26,60.929,0.1939,0.0575,0.0555
"ALVIN R BUSH DAM","PA00002","24h","USC00360736",40,67.467,0.1909,0.171,0.1095
"ALVIN R BUSH DAM","PA00002","24h","USC00303124",25,59.32,0.1351,0.1355,0.1036
"ALVIN R BUSH DAM","PA00002","24h","USC00361073",20,64.393,0.2298,0.3071,0.2818
"ALVIN R BUSH DAM","PA00002","24h","USC00364836",22,64.333,0.1877,0.3388,0.3048
"ALVIN R BUSH DAM","PA00002","24h","USC00364839",29,70.906,0.1299,0.2731,0.2397
"ALVIN R BUSH DAM","PA00002","72h","USC00361262",28,78.317,0.1963,0.3403,0.2415
"ALVIN R BUSH DAM","PA00002","72h","USC00361806",31,76.08,0.1828,0.4471,0.3923
"ALVIN R BUSH DAM","PA00002","72h","USC00367310",35,70.717,0.1638,0.0848,0.1884
"ALVIN R BUSH DAM","PA00002","72h","USC00361526",27,77.998,0.1729,0.0739,0.1988
"ALVIN R BUSH DAM","PA00002","72h","USC00367730",45,80.905,0.1905,0.2506,0.1572
"ALVIN R BUSH DAM","PA00002","72h","USW00004751",64,73.734,0.182,0.1743,0.2533
"ALVIN R BUSH DAM","PA00002","72h","USC00309425",73,75.483,0.1981,0.2486,0.2213
"ALVIN R BUSH DAM","PA00002","72h","USW00054757",26,67.675,0.2042,0.0545,0.0581
"ALVIN R BUSH DAM","PA00002","72h","USC00361255",47,79.501,0.174,0.1256,0.1126
"ALVIN R BUSH DAM","PA00002","72h","USC00362343",34,90.346,0.1416,0.0626,0.1401
"ALVIN R BUSH DAM","PA00002","72h","USC00361895",33,84.735,0.1917,0.3243,0.1745
"ALVIN R BUSH DAM","PA00002","72h","USC00362466",41,82.204,0.1341,0.1862,0.1649
"ALVIN R BUSH DAM","PA00002","72h","USC00362298",22,74.801,0.1555,0.1688,0.148
"ALVIN R BUSH DAM","PA00002","72h","USW00004726",26,82.067,0.2119,0.1317,0.1348
"ALVIN R BUSH DAM","PA00002","72h","USC00360736",40,87.602,0.1815,0.0624,0.0512
"ALVIN R BUSH DAM","PA00002","72h","USC00303124",25,75.47,0.1781,0.344,0.2855
"ALVIN R BUSH DAM","PA00002","72h","USC00361073",20,72.703,0.202,0.2884,0.1694
"ALVIN R BUSH DAM","PA00002","72h","USC00364836",22,85.059,0.2025,0.3271,0.2307
"ALVIN R BUSH DAM","PA00002","72h","USC00364839",29,88.864,0.1471,0.2119,0.1775
"GALESVILLE RES.","OR00748","24h","USS0023G09S",46,90.791,0.172,0.1042,0.0964
"GALESVILLE RES.","OR00748","24h","USW00024235",69,66.478,0.2159,0.1373,0.1245
"GALESVILLE RES.","OR00748","24h","USC00356907",99,63.484,0.1753,0.1912,0.1536
"GALESVILLE RES.","OR00748","24h","USC00351207",41,62.767,0.1891,0.2236,0.0702
"GALESVILLE RES.","OR00748","24h","USS0022F45S",23,72.119,0.1691,0.1494,0.0492
"GALESVILLE RES.","OR00748","24h","USC00358536",74,64.99,0.1735,0.2266,0.1437
"GALESVILLE RES.","OR00748","24h","USS0022G06S",26,75.853,0.1729,0.1166,0.1283
"GALESVILLE RES.","OR00748","24h","USC00351946",93,87.063,0.2108,0.4017,0.2641
"GALESVILLE RES.","OR00748","24h","USC00352928",30,63.717,0.1783,0.409,0.3457
"GALESVILLE RES.","OR00748","24h","USS0022G14S",46,56.348,0.1717,0.1178,0.1333
"GALESVILLE RES.","OR00748","24h","USS0022G33S",46,87.415,0.2145,0.2416,0.1735
"GALESVILLE RES.","OR00748","24h","USS0023G15S",45,86.495,0.1874,0.2005,0.0976
"GALESVILLE RES.","OR00748","24h","USS0022G13S",48,73.066,0.1698,0.1857,0.2607
"GALESVILLE RES.","OR00748","24h","USS0022G24S",45,71.11,0.2126,0.2043,0.2133
"GALESVILLE RES.","OR00748","24h","USS0022G12S",48,81.859,0.1834,0.15,0.156
"GALESVILLE RES.","OR00748","24h","USS0022F18S",45,66.645,0.2066,0.3528,0.2853
"GALESVILLE RES.","OR00748","24h","USS0022G21S",46,80.296,0.1799,0.1081,0.0924
"GALESVILLE RES.","OR00748","24h","USC00353509",62,50.239,0.2381,0.2757,0.2144
"GALESVILLE RES.","OR00748","24h","USC00354060",65,56.126,0.2012,0.2089,0.1732
"GALESVILLE RES.","OR00748","24h","USC00351574",33,38.417,0.1771,0.124,0.1184
"GALESVILLE RES.","OR00748","24h","USS0021G17S",20,59.274,0.1463,0.1382,0.0965
"GALESVILLE RES.","OR00748","24h","USC00357848",29,62.267,0.1664,-0.0154,0.0378
"GALESVILLE RES.","OR00748","24h","USS0022F42S",45,81.835,0.1739,0.2386,0.2023
"GALESVILLE RES.","OR00748","24h","USC00043987",37,56.628,0.2454,0.1855,0.1353
"GALESVILLE RES.","OR00748","24h","USS0022F14S",45,79.155,0.1868,0.4497,0.3359
"GALESVILLE RES.","OR00748","24h","USC00351571",56,36.307,0.2086,0.2806,0.1833
"GALESVILLE RES.","OR00748","24h","USC00046328",37,54.139,0.2065,0.0099,0.1739
"GALESVILLE RES.","OR00748","24h","USC00359324",22,71.791,0.2258,0.4147,0.227
"GALESVILLE RES.","OR00748","24h","USC00041990",63,43.774,0.1968,0.1395,0.122
"GALESVILLE RES.","OR00748","24h","USS0021F22S",46,49.607,0.1916,0.1966,0.1132
"GALESVILLE RES.","OR00748","24h","USS0022F05S",45,68.116,0.1588,0.2036,0.1751
"GALESVILLE RES.","OR00748","24h","USS0022F04S",46,93.343,0.1793,0.299,0.1657
"GALESVILLE RES.","OR00748","24h","USC00351546",57,52.573,0.1767,0.0765,0.1099
"GALESVILLE RES.","OR00748","24h","USS0021F10S",46,59.463,0.1724,0.2343,0.104
"GALESVILLE RES.","OR00748","24h","USS0022F03S",46,78.623,0.1678,0.3091,0.345
"GALESVILLE RES.","OR00748","24h","USC00356251",23,84.092,0.1933,0.1727,0.0603
"GALESVILLE RES.","OR00748","24h","USC00351415",21,72.794,0.1917,0.1013,0.1343
"GALESVILLE RES.","OR00748","24h","USC00356252",23,62.661,0.2625,0.3698,0.2616
"GALESVILLE RES.","OR00748","24h","USC00351978",23,54.058,0.2124,0.1502,0.2278
"GALESVILLE RES.","OR00748","24h","USW00024259",29,30.109,0.2394,0.103,0.2021
"GALESVILLE RES.","OR00748","24h","USC00049866",103,49.385,0.2241,0.1833,0.1549
"GALESVILLE RES.","OR00748","24h","USC00354506",91,31.772,0.1878,0.1927,0.1528
"GALESVILLE RES.","OR00748","24h","USC00043182",44,54.671,0.2006,0.1139,0.1158
"GALESVILLE RES.","OR00748","24h","USW00094236",38,28.083,0.1992,0.2869,0.2331
"GALESVILLE RES.","OR00748","24h","USS0021G03S",48,39.223,0.179,0.2309,0.1911
"GALESVILLE RES.","OR00748","24h","USS0021F21S",46,72.123,0.1524,0.121,0.171
"GALESVILLE RES.","OR00748","24h","USC00043614",47,63.564,0.2251,0.3079,0.3437
"GALESVILLE RES.","OR00748","24h","USC00358007",30,37.667,0.1696,-0.0675,-0.0162
"GALESVILLE RES.","OR00748","24h","USS0022F43S",46,79.542,0.1525,0.0926,0.135
"GALESVILLE RES.","OR00748","24h","USC00359604",31,28.742,0.2606,0.3231,0.2419
"GALESVILLE RES.","OR00748","72h","USS0023G09S",46,145.555,0.1722,0.0454,0.0792
"GALESVILLE RES.","OR00748","72h","USC00356907",99,105.237,0.1945,0.1664,0.1424
"GALESVILLE RES.","OR00748","72h","USC00351207",41,98.438,0.2029,0.1561,0.1765
"GALESVILLE RES.","OR00748","72h","USS0022F45S",23,119.888,0.1679,0.0567,0.0981
"GALESVILLE RES.","OR00748","72h","USC00358536",74,105.408,0.1791,0.1776,0.1753
"GALESVILLE RES.","OR00748","72h","USS0022G06S",26,130.513,0.1569,-0.0076,0.0783
"GALESVILLE RES.","OR00748","72h","USC00351946",93,144.43,0.1632,0.3219,0.2841
"GALESVILLE RES.","OR00748","72h","USC00352928",30,91.608,0.1529,0.1223,0.1509
"GALESVILLE RES.","OR00748","72h","USS0022G14S",46,89.574,0.1511,0.1669,0.1344
"GALESVILLE RES.","OR00748","72h","USS0022G33S",46,138.358,0.1779,0.328,0.2609
"GALESVILLE RES.","OR00748","72h","USS0023G15S",45,151.623,0.1822,0.1654,0.1169
"GALESVILLE RES.","OR00748","72h","USS0022G13S",48,118.311,0.1685,0.1919,0.1654
"GALESVILLE RES.","OR00748","72h","USS0022G24S",45,119.182,0.1881,0.2236,0.1917
"GALESVILLE RES.","OR00748","72h","USS0022G12S",48,128.512,0.1768,0.1838,0.1149
"GALESVILLE RES.","OR00748","72h","USS0022F18S",45,108.486,0.1806,0.1279,0.2069
"GALESVILLE RES.","OR00748","72h","USS0022G21S",46,133.419,0.2039,0.0622,0.0728
"GALESVILLE RES.","OR00748","72h","USC00354060",65,88.222,0.1948,0.1576,0.1801
"GALESVILLE RES.","OR00748","72h","USC00351574",33,55.711,0.1763,0.0168,0.0982
"GALESVILLE RES.","OR00748","72h","USS0021G17S",20,92.37,0.1598,0.0912,0.1917
"GALESVILLE RES.","OR00748","72h","USC00357848",29,92.025,0.1922,0.0911,0.05
"GALESVILLE RES.","OR00748","72h","USS0022F42S",45,129.189,0.138,0.1144,0.2082
"GALESVILLE RES.","OR00748","72h","USS0022F14S",45,133.383,0.1628,0.3221,0.3341
"GALESVILLE RES.","OR00748","72h","USC00351571",56,53.126,0.2234,0.2738,0.2005
"GALESVILLE RES.","OR00748","72h","USC00359324",22,111.32,0.203,0.2185,0.2046
"GALESVILLE RES.","OR00748","72h","USC00041990",63,65.259,0.2021,0.1484,0.0977
"GALESVILLE RES.","OR00748","72h","USS0021F22S",46,77.405,0.1934,0.1929,0.2254
"GALESVILLE RES.","OR00748","72h","USS0022F04S",46,146.73,0.1529,0.1844,0.196
"GALESVILLE RES.","OR00748","72h","USC00351546",57,83.473,0.1789,0.1476,0.2114
"GALESVILLE RES.","OR00748","72h","USS0021F10S",46,98.517,0.1628,0.1156,0.1236
"GALESVILLE RES.","OR00748","72h","USS0022F03S",46,128.479,0.1401,0.1235,0.2317
"GALESVILLE RES.","OR00748","72h","USC00356251",23,144.979,0.2143,0.3202,0.1734
"GALESVILLE RES.","OR00748","72h","USC00351415",21,114.153,0.1725,0.0765,0.256
"GALESVILLE RES.","OR00748","72h","USC00356252",23,97.075,0.2383,0.2297,0.1921
"GALESVILLE RES.","OR00748","72h","USC00351978",23,95.741,0.2343,-0.0119,0.0249
"GALESVILLE RES.","OR00748","72h","USC00354506",91,45.538,0.1903,0.2128,0.2111
"GALESVILLE RES.","OR00748","72h","USC00043182",44,83.538,0.217,0.0523,0.1128
"GALESVILLE RES.","OR00748","72h","USW00094236",38,38.969,0.2267,0.267,0.2652
"GALESVILLE RES.","OR00748","72h","USS0021G03S",48,59.673,0.2025,0.1453,0.1291
"GALESVILLE RES.","OR00748","72h","USC00358007",30,55.143,0.191,0.0929,0.0967
"GALESVILLE RES.","OR00748","72h","USS0022F43S",46,133.358,0.1398,0.0816,0.1515
"GALESVILLE","OR83046","24h","USS0023G09S",46,90.791,0.172,0.1042,0.0964
"GALESVILLE","OR83046","24h","USW00024235",69,66.478,0.2159,0.1373,0.1245
"GALESVILLE","OR83046","24h","USC00356907",99,63.484,0.1753,0.1912,0.1536
"GALESVILLE","OR83046","24h","USC00351207",41,62.767,0.1891,0.2236,0.0702
"GALESVILLE","OR83046","24h","USS0022F45S",23,72.119,0.1691,0.1494,0.0492
"GALESVILLE","OR83046","24h","USC00358536",74,64.99,0.1735,0.2266,0.1437
"GALESVILLE","OR83046","24h","USS0022G06S",26,75.853,0.1729,0.1166,0.1283
"GALESVILLE","OR83046","24h","USC00351946",93,87.063,0.2108,0.4017,0.2641
"GALESVILLE","OR83046","24h","USC00352928",30,63.717,0.1783,0.409,0.3457
"GALESVILLE","OR83046","24h","USS0022G14S",46,56.348,0.1717,0.1178,0.1333
"GALESVILLE","OR83046","24h","USS0022G33S",46,87.415,0.2145,0.2416,0.1735
"GALESVILLE","OR83046","24h","USS0023G15S",45,86.495,0.1874,0.2005,0.0976
"GALESVILLE","OR83046","24h","USS0022G13S",48,73.066,0.1698,0.1857,0.2607
"GALESVILLE","OR83046","24h","USS0022G24S",45,71.11,0.2126,0.2043,0.2133
"GALESVILLE","OR83046","24h","USS0022G12S",48,81.859,0.1834,0.15,0.156
"GALESVILLE","OR83046","24h","USS0022F18S",45,66.645,0.2066,0.3528,0.2853
"GALESVILLE","OR83046","24h","USS0022G21S",46,80.296,0.1799,0.1081,0.0924
"GALESVILLE","OR83046","24h","USC00353509",62,50.239,0.2381,0.2757,0.2144
"GALESVILLE","OR83046","24h","USC00354060",65,56.126,0.2012,0.2089,0.1732
"GALESVILLE","OR83046","24h","USC00351574",33,38.417,0.1771,0.124,0.1184
"GALESVILLE","OR83046","24h","USS0021G17S",20,59.274,0.1463,0.1382,0.0965
"GALESVILLE","OR83046","24h","USC00357848",29,62.267,0.1664,-0.0154,0.0378
"GALESVILLE","OR83046","24h","USS0022F42S",45,81.835,0.1739,0.2386,0.2023
"GALESVILLE","OR83046","24h","USC00043987",37,56.628,0.2454,0.1855,0.1353
"GALESVILLE","OR83046","24h","USS0022F14S",45,79.155,0.1868,0.4497,0.3359
"GALESVILLE","OR83046","24h","USC00351571",56,36.307,0.2086,0.2806,0.1833
"GALESVILLE","OR83046","24h","USC00046328",37,54.139,0.2065,0.0099,0.1739
"GALESVILLE","OR83046","24h","USC00359324",22,71.791,0.2258,0.4147,0.227
"GALESVILLE","OR83046","24h","USC00041990",63,43.774,0.1968,0.1395,0.122
"GALESVILLE","OR83046","24h","USS0021F22S",46,49.607,0.1916,0.1966,0.1132
"GALESVILLE","OR83046","24h","USS0022F05S",45,68.116,0.1588,0.2036,0.1751
"GALESVILLE","OR83046","24h","USS0022F04S",46,93.343,0.1793,0.299,0.1657
"GALESVILLE","OR83046","24h","USC00351546",57,52.573,0.1767,0.0765,0.1099
"GALESVILLE","OR83046","24h","USS0021F10S",46,59.463,0.1724,0.2343,0.104
"GALESVILLE","OR83046","24h","USS0022F03S",46,78.623,0.1678,0.3091,0.345
"GALESVILLE","OR83046","24h","USC00356251",23,84.092,0.1933,0.1727,0.0603
"GALESVILLE","OR83046","24h","USC00351415",21,72.794,0.1917,0.1013,0.1343
"GALESVILLE","OR83046","24h","USC00356252",23,62.661,0.2625,0.3698,0.2616
"GALESVILLE","OR83046","24h","USC00351978",23,54.058,0.2124,0.1502,0.2278
"GALESVILLE","OR83046","24h","USW00024259",29,30.109,0.2394,0.103,0.2021
"GALESVILLE","OR83046","24h","USC00049866",103,49.385,0.2241,0.1833,0.1549
"GALESVILLE","OR83046","24h","USC00354506",91,31.772,0.1878,0.1927,0.1528
"GALESVILLE","OR83046","24h","USC00043182",44,54.671,0.2006,0.1139,0.1158
"GALESVILLE","OR83046","24h","USW00094236",38,28.083,0.1992,0.2869,0.2331
"GALESVILLE","OR83046","24h","USS0021G03S",48,39.223,0.179,0.2309,0.1911
"GALESVILLE","OR83046","24h","USS0021F21S",46,72.123,0.1524,0.121,0.171
"GALESVILLE","OR83046","24h","USC00043614",47,63.564,0.2251,0.3079,0.3437
"GALESVILLE","OR83046","24h","USC00358007",30,37.667,0.1696,-0.0675,-0.0162
"GALESVILLE","OR83046","24h","USS0022F43S",46,79.542,0.1525,0.0926,0.135
"GALESVILLE","OR83046","24h","USC00359604",31,28.742,0.2606,0.3231,0.2419
"GALESVILLE","OR83046","72h","USS0023G09S",46,145.555,0.1722,0.0454,0.0792
"GALESVILLE","OR83046","72h","USC00356907",99,105.237,0.1945,0.1664,0.1424
"GALESVILLE","OR83046","72h","USC00351207",41,98.438,0.2029,0.1561,0.1765
"GALESVILLE","OR83046","72h","USS0022F45S",23,119.888,0.1679,0.0567,0.0981
"GALESVILLE","OR83046","72h","USC00358536",74,105.408,0.1791,0.1776,0.1753
"GALESVILLE","OR83046","72h","USS0022G06S",26,130.513,0.1569,-0.0076,0.0783
"GALESVILLE","OR83046","72h","USC00351946",93,144.43,0.1632,0.3219,0.2841
"GALESVILLE","OR83046","72h","USC00352928",30,91.608,0.1529,0.1223,0.1509
"GALESVILLE","OR83046","72h","USS0022G14S",46,89.574,0.1511,0.1669,0.1344
"GALESVILLE","OR83046","72h","USS0022G33S",46,138.358,0.1779,0.328,0.2609
"GALESVILLE","OR83046","72h","USS0023G15S",45,151.623,0.1822,0.1654,0.1169
"GALESVILLE","OR83046","72h","USS0022G13S",48,118.311,0.1685,0.1919,0.1654
"GALESVILLE","OR83046","72h","USS0022G24S",45,119.182,0.1881,0.2236,0.1917
"GALESVILLE","OR83046","72h","USS0022G12S",48,128.512,0.1768,0.1838,0.1149
"GALESVILLE","OR83046","72h","USS0022F18S",45,108.486,0.1806,0.1279,0.2069
"GALESVILLE","OR83046","72h","USS0022G21S",46,133.419,0.2039,0.0622,0.0728
"GALESVILLE","OR83046","72h","USC00354060",65,88.222,0.1948,0.1576,0.1801
"GALESVILLE","OR83046","72h","USC00351574",33,55.711,0.1763,0.0168,0.0982
"GALESVILLE","OR83046","72h","USS0021G17S",20,92.37,0.1598,0.0912,0.1917
"GALESVILLE","OR83046","72h","USC00357848",29,92.025,0.1922,0.0911,0.05
"GALESVILLE","OR83046","72h","USS0022F42S",45,129.189,0.138,0.1144,0.2082
"GALESVILLE","OR83046","72h","USS0022F14S",45,133.383,0.1628,0.3221,0.3341
"GALESVILLE","OR83046","72h","USC00351571",56,53.126,0.2234,0.2738,0.2005
"GALESVILLE","OR83046","72h","USC00359324",22,111.32,0.203,0.2185,0.2046
"GALESVILLE","OR83046","72h","USC00041990",63,65.259,0.2021,0.1484,0.0977
"GALESVILLE","OR83046","72h","USS0021F22S",46,77.405,0.1934,0.1929,0.2254
"GALESVILLE","OR83046","72h","USS0022F04S",46,146.73,0.1529,0.1844,0.196
"GALESVILLE","OR83046","72h","USC00351546",57,83.473,0.1789,0.1476,0.2114
"GALESVILLE","OR83046","72h","USS0021F10S",46,98.517,0.1628,0.1156,0.1236
"GALESVILLE","OR83046","72h","USS0022F03S",46,128.479,0.1401,0.1235,0.2317
"GALESVILLE","OR83046","72h","USC00356251",23,144.979,0.2143,0.3202,0.1734
"GALESVILLE","OR83046","72h","USC00351415",21,114.153,0.1725,0.0765,0.256
"GALESVILLE","OR83046","72h","USC00356252",23,97.075,0.2383,0.2297,0.1921
"GALESVILLE","OR83046","72h","USC00351978",23,95.741,0.2343,-0.0119,0.0249
"GALESVILLE","OR83046","72h","USC00354506",91,45.538,0.1903,0.2128,0.2111
"GALESVILLE","OR83046","72h","USC00043182",44,83.538,0.217,0.0523,0.1128
"GALESVILLE","OR83046","72h","USW00094236",38,38.969,0.2267,0.267,0.2652
"GALESVILLE","OR83046","72h","USS0021G03S",48,59.673,0.2025,0.1453,0.1291
"GALESVILLE","OR83046","72h","USC00358007",30,55.143,0.191,0.0929,0.0967
"GALESVILLE","OR83046","72h","USS0022F43S",46,133.358,0.1398,0.0816,0.1515
"CARTER LAKE DAM NO. 1","CO01650","24h","US1COLR0050",22,40.151,0.2432,0.158,0.3914
"CARTER LAKE DAM NO. 1","CO01650","24h","US1COLR0509",28,46.152,0.1704,0.1226,0.0354
"CARTER LAKE DAM NO. 1","CO01650","24h","USC00058839",110,52.247,0.2419,0.2499,0.164
"CARTER LAKE DAM NO. 1","CO01650","24h","US1COBO0146",26,40.515,0.2003,0.3547,0.2854
"CARTER LAKE DAM NO. 1","CO01650","24h","US1COLR0662",22,39.345,0.191,0.1185,0.1087
"CARTER LAKE DAM NO. 1","CO01650","24h","US1COBO0084",20,41.172,0.1504,0.2472,0.1805
"CARTER LAKE DAM NO. 1","CO01650","24h","USC00055236",35,44.335,0.1695,0.1676,0.0766
"CARTER LAKE DAM NO. 1","CO01650","24h","USC00055116",102,45.957,0.2412,0.2941,0.2299
"CARTER LAKE DAM NO. 1","CO01650","24h","US1COLR0623",20,44.098,0.188,0.1273,0.1949
"CARTER LAKE DAM NO. 1","CO01650","24h","US1COLR0758",20,46.392,0.1813,0.0823,-0.0119
"CARTER LAKE DAM NO. 1","CO01650","24h","USC00052759",81,39.41,0.2217,0.3111,0.2372
"CARTER LAKE DAM NO. 1","CO01650","24h","US1COLR0391",26,45.522,0.1679,0.2993,0.1882
"CARTER LAKE DAM NO. 1","CO01650","24h","USC00052761",20,39.646,0.2826,0.2302,0.3435
"CARTER LAKE DAM NO. 1","CO01650","24h","US1COLR0247",24,45.092,0.2629,0.3582,0.3173
"CARTER LAKE DAM NO. 1","CO01650","24h","US1COLR0767",20,45.607,0.2463,0.3423,0.3207
"CARTER LAKE DAM NO. 1","CO01650","24h","US1COLR0075",23,45.529,0.2035,0.2073,0.2555
"CARTER LAKE DAM NO. 1","CO01650","72h","US1COLR0050",22,56.369,0.2938,0.2285,0.3763
"CARTER LAKE DAM NO. 1","CO01650","72h","US1COLR0509",28,63.238,0.1816,0.2297,0.2249
"CARTER LAKE DAM NO. 1","CO01650","72h","USC00058839",110,62.554,0.2413,0.2233,0.1477
"CARTER LAKE DAM NO. 1","CO01650","72h","US1COBO0146",26,56.551,0.2406,0.3504,0.2787
"CARTER LAKE DAM NO. 1","CO01650","72h","US1COLR0662",22,51.673,0.1737,0.0227,0.0466
"CARTER LAKE DAM NO. 1","CO01650","72h","US1COBO0084",20,55.048,0.2059,0.1501,0.0682
"CARTER LAKE DAM NO. 1","CO01650","72h","USC00055236",35,56.815,0.1903,0.1377,0.04
"CARTER LAKE DAM NO. 1","CO01650","72h","US1COBO0143",25,53.049,0.1972,0.2108,0.0088
"CARTER LAKE DAM NO. 1","CO01650","72h","USC00055116",102,55.115,0.2358,0.1785,0.1168
"CARTER LAKE DAM NO. 1","CO01650","72h","US1COLR0623",20,61.898,0.2278,0.1825,0.1735
"CARTER LAKE DAM NO. 1","CO01650","72h","US1COLR0758",20,59.931,0.2,0.1679,0.0358
"CARTER LAKE DAM NO. 1","CO01650","72h","USC00052759",81,51.529,0.2283,0.2664,0.1687
"CARTER LAKE DAM NO. 1","CO01650","72h","US1COLR0391",26,61.57,0.2228,0.2346,0.1528
"CARTER LAKE DAM NO. 1","CO01650","72h","US1COLR0247",24,63.577,0.2995,0.4643,0.3966
"CARTER LAKE DAM NO. 1","CO01650","72h","US1COLR0767",20,66.862,0.278,0.4701,0.349
"CARTER LAKE DAM NO. 1","CO01650","72h","US1COLR0075",23,58.898,0.2101,0.0809,0.123
"TRUSCOTT BRINE LAKE","TX05996","24h","USC00412621",55,73.279,0.1944,0.2984,0.2358
"TRUSCOTT BRINE LAKE","TX05996","24h","USC00411696",37,71.022,0.1807,0.1358,0.1235
"TRUSCOTT BRINE LAKE","TX05996","24h","USC00416433",74,69.877,0.2026,0.2282,0.1623
"TRUSCOTT BRINE LAKE","TX05996","24h","USC00414570",67,73.516,0.2234,0.236,0.2532
"TRUSCOTT BRINE LAKE","TX05996","24h","USC00415658",77,68.612,0.2202,0.1898,0.1648
"TRUSCOTT BRINE LAKE","TX05996","24h","USC00418566",90,66.627,0.2006,0.1989,0.1755
"TRUSCOTT BRINE LAKE","TX05996","24h","USC00413196",70,73.31,0.2486,0.2489,0.1602
"TRUSCOTT BRINE LAKE","TX05996","24h","USC00418833",41,64.939,0.1874,0.2386,0.2145
"TRUSCOTT BRINE LAKE","TX05996","24h","USC00419191",66,71.642,0.2296,0.2636,0.1737
"TRUSCOTT BRINE LAKE","TX05996","24h","USC00417782",81,77.639,0.2012,0.1635,0.2111
"TRUSCOTT BRINE LAKE","TX05996","24h","USC00419565",54,83.787,0.2677,0.2655,0.2735
"TRUSCOTT BRINE LAKE","TX05996","24h","USC00415821",109,71.702,0.2385,0.3062,0.2846
"TRUSCOTT BRINE LAKE","TX05996","24h","USC00419711",30,73.363,0.2261,0.1436,0.0952
"TRUSCOTT BRINE LAKE","TX05996","24h","USC00417678",48,72.334,0.2291,0.1587,0.1199
"TRUSCOTT BRINE LAKE","TX05996","24h","USC00413215",70,71.153,0.2406,0.2765,0.2386
"TRUSCOTT BRINE LAKE","TX05996","24h","USC00412121",129,70.606,0.2103,0.2242,0.1787
"TRUSCOTT BRINE LAKE","TX05996","24h","USC00414967",33,67.684,0.2361,0.1543,0.103
"TRUSCOTT BRINE LAKE","TX05996","24h","USC00413214",81,67.112,0.2375,0.2668,0.1812
"TRUSCOTT BRINE LAKE","TX05996","24h","USC00418939",27,80.037,0.253,0.2943,0.1509
"TRUSCOTT BRINE LAKE","TX05996","24h","USC00418323",82,62.861,0.2084,0.2286,0.1847
"TRUSCOTT BRINE LAKE","TX05996","24h","USC00418433",101,72.928,0.1972,0.2043,0.1645
"TRUSCOTT BRINE LAKE","TX05996","24h","USC00417206",112,73.384,0.2417,0.2289,0.1804
"TRUSCOTT BRINE LAKE","TX05996","24h","USC00415363",28,77.183,0.1884,0.1773,0.1534
"TRUSCOTT BRINE LAKE","TX05996","24h","USC00342944",109,78.571,0.2313,0.1776,0.1428
"TRUSCOTT BRINE LAKE","TX05996","24h","USW00023072",102,79.127,0.2505,0.3079,0.2294
"TRUSCOTT BRINE LAKE","TX05996","24h","USC00418235",59,71.598,0.2188,0.2116,0.1527
"TRUSCOTT BRINE LAKE","TX05996","24h","USC00418236",53,74.083,0.2404,0.3581,0.2583
"TRUSCOTT BRINE LAKE","TX05996","24h","USC00417743",88,80.012,0.2275,0.2897,0.2193
"TRUSCOTT BRINE LAKE","TX05996","24h","USC00418373",74,70.283,0.2006,0.235,0.2058
"TRUSCOTT BRINE LAKE","TX05996","24h","USC00415770",46,81.299,0.2171,0.2459,0.2074
"TRUSCOTT BRINE LAKE","TX05996","72h","USC00412621",55,94.412,0.2217,0.3321,0.1972
"TRUSCOTT BRINE LAKE","TX05996","72h","USC00411696",37,82.698,0.1777,0.0553,0.0783
"TRUSCOTT BRINE LAKE","TX05996","72h","USC00416433",74,89.817,0.2148,0.2203,0.1474
"TRUSCOTT BRINE LAKE","TX05996","72h","USC00414570",67,89.27,0.2224,0.1761,0.1502
"TRUSCOTT BRINE LAKE","TX05996","72h","USC00415658",77,88.077,0.2336,0.2166,0.1817
"TRUSCOTT BRINE LAKE","TX05996","72h","USC00418566",90,82.464,0.2087,0.238,0.2146
"TRUSCOTT BRINE LAKE","TX05996","72h","USC00413196",70,89.813,0.2255,0.2264,0.1987
"TRUSCOTT BRINE LAKE","TX05996","72h","USC00418833",41,82.114,0.2109,0.2217,0.1768
"TRUSCOTT BRINE LAKE","TX05996","72h","USC00419191",66,88.661,0.2314,0.2314,0.1302
"TRUSCOTT BRINE LAKE","TX05996","72h","USC00417782",81,90.851,0.1926,0.1228,0.1692
"TRUSCOTT BRINE LAKE","TX05996","72h","USC00419565",54,94.478,0.2306,0.2056,0.2721
"TRUSCOTT BRINE LAKE","TX05996","72h","USC00415821",109,86.985,0.2136,0.1918,0.2102
"TRUSCOTT BRINE LAKE","TX05996","72h","USC00419711",30,95.793,0.2323,0.3016,0.2712
"TRUSCOTT BRINE LAKE","TX05996","72h","USC00417361",31,86.653,0.2708,0.2209,0.262
"TRUSCOTT BRINE LAKE","TX05996","72h","USC00417678",48,84.765,0.2337,0.2067,0.1894
"TRUSCOTT BRINE LAKE","TX05996","72h","USC00413215",70,85.524,0.2357,0.2079,0.1806
"TRUSCOTT BRINE LAKE","TX05996","72h","USC00412121",129,87.036,0.2176,0.1746,0.1449
"TRUSCOTT BRINE LAKE","TX05996","72h","USC00414967",33,85.943,0.2181,0.0811,0.1617
"TRUSCOTT BRINE LAKE","TX05996","72h","USC00413214",81,85.266,0.2294,0.1932,0.1658
"TRUSCOTT BRINE LAKE","TX05996","72h","USC00418939",27,95.817,0.2033,0.2466,0.2518
"TRUSCOTT BRINE LAKE","TX05996","72h","USC00418323",82,80.8,0.2157,0.194,0.1295
"TRUSCOTT BRINE LAKE","TX05996","72h","USC00418433",101,86.708,0.2152,0.228,0.1978
"TRUSCOTT BRINE LAKE","TX05996","72h","USC00417206",112,91.227,0.2518,0.1903,0.1244
"TRUSCOTT BRINE LAKE","TX05996","72h","USC00415363",28,101.624,0.2112,0.0939,0.0276
"TRUSCOTT BRINE LAKE","TX05996","72h","USC00342944",109,92.6,0.2007,0.1329,0.1311
"TRUSCOTT BRINE LAKE","TX05996","72h","USW00023072",102,93.513,0.2342,0.236,0.2085
"TRUSCOTT BRINE LAKE","TX05996","72h","USC00418235",59,90.099,0.1807,0.2235,0.1082
"TRUSCOTT BRINE LAKE","TX05996","72h","USC00418236",53,90.372,0.2134,0.3053,0.2341
"TRUSCOTT BRINE LAKE","TX05996","72h","USC00417743",88,94.284,0.2248,0.2765,0.1995
"TRUSCOTT BRINE LAKE","TX05996","72h","USC00418373",74,86.258,0.2067,0.2127,0.2076
"TRUSCOTT BRINE LAKE","TX05996","72h","USC00415770",46,97.147,0.1887,0.1808,0.1544
"TRUSCOTT BRINE LAKE","TX05996","72h","USC00414960",54,111.057,0.2179,0.2506,0.1006
"HARRIMAN","VT00025","24h","USC00437401",41,75.919,0.1936,0.2301,0.0905
"HARRIMAN","VT00025","24h","USC00302366",31,117.053,0.2076,0.1695,0.0938
"HARRIMAN","VT00025","24h","USC00307799",61,116.486,0.2138,0.24,0.1381
"HARRIMAN","VT00025","24h","USC00300393",23,80.323,0.1874,0.0518,0.1411
"HARRIMAN","VT00025","24h","USC00300746",23,74.01,0.1975,0.3066,0.1686
"HARRIMAN","VT00025","72h","USC00437401",41,100.327,0.2009,0.3463,0.2989
"HARRIMAN","VT00025","72h","USC00302366",31,140.937,0.2197,0.1842,0.1848
"HARRIMAN","VT00025","72h","USC00307799",61,151.488,0.2176,0.2277,0.1474
"HARRIMAN","VT00025","72h","USC00300393",23,108.141,0.2257,0.2132,0.0989
"HARRIMAN","VT00025","72h","USC00300746",23,92.498,0.216,0.2039,0.0789
"BOR PINEVIEW","UT10132","24h","USC00426869",83,52.902,0.1529,0.2411,0.2142
"BOR PINEVIEW","UT10132","24h","USC00426404",71,44.188,0.18,0.2032,0.1139
"BOR PINEVIEW","UT10132","24h","USC00424135",36,41.593,0.1877,0.1642,0.2357
"BOR PINEVIEW","UT10132","24h","USC00428885",21,41.514,0.1658,0.1129,0.1163
"BOR PINEVIEW","UT10132","24h","USC00426414",76,37.462,0.1576,0.0942,0.1502
"BOR PINEVIEW","UT10132","24h","USW00024126",31,33.933,0.207,0.2792,0.2891
"BOR PINEVIEW","UT10132","24h","USS0011H08S",48,105.963,0.1911,0.0866,0.0946
"BOR PINEVIEW","UT10132","24h","USS0011H25S",48,53.696,0.1937,0.1857,0.1303
"BOR PINEVIEW","UT10132","24h","USC00429346",58,46.196,0.1535,0.1708,0.1295
"BOR PINEVIEW","UT10132","24h","USC00427318",64,40.322,0.157,0.1363,0.1215
"BOR PINEVIEW","UT10132","24h","USW00024101",22,36.093,0.1636,0.01,0.0778
"BOR PINEVIEW","UT10132","24h","USC00422726",48,43.364,0.1765,0.1617,0.1751
"BOR PINEVIEW","UT10132","24h","USC00425826",78,32.159,0.1454,0.1777,0.2028
"BOR PINEVIEW","UT10132","24h","USS0011J11S",48,73.843,0.1801,0.2125,0.1586
"BOR PINEVIEW","UT10132","24h","USC00420924",38,40.415,0.1431,0.1753,0.0716
"BOR PINEVIEW","UT10132","24h","USS0011H55S",48,38.86,0.1613,0.2138,0.1685
"BOR PINEVIEW","UT10132","24h","USC00422721",35,41.581,0.1934,0.2158,0.109
"BOR PINEVIEW","UT10132","24h","USS0011H59S",22,46.315,0.1447,0.0743,0.0384
"BOR PINEVIEW","UT10132","24h","USS0011J12S",23,69.637,0.1874,0.3075,0.3238
"BOR PINEVIEW","UT10132","24h","USS0011H21S",48,46.766,0.1523,0.2949,0.1882
"BOR PINEVIEW","UT10132","24h","USC00420928",51,38.502,0.1971,0.2002,0.2115
"BOR PINEVIEW","UT10132","24h","USS0011J68S",27,68.457,0.1778,0.0667,0.1717
"BOR PINEVIEW","UT10132","24h","USC00421731",67,38.108,0.1805,0.1811,0.1262
"BOR PINEVIEW","UT10132","24h","USC00420506",43,33.779,0.1811,0.2808,0.2909
"BOR PINEVIEW","UT10132","24h","USS0011J37S",33,57.928,0.1411,0.0282,0.0874
"BOR PINEVIEW","UT10132","24h","USC00423671",24,31.226,0.1737,0.2574,0.2041
"BOR PINEVIEW","UT10132","24h","USC00420820",33,41.629,0.1234,0.1869,0.2043
"BOR PINEVIEW","UT10132","24h","USC00420194",20,38.561,0.2391,0.4353,0.3325
"BOR PINEVIEW","UT10132","24h","USC00425194",55,35.772,0.1965,0.2131,0.1292
"BOR PINEVIEW","UT10132","24h","USC00422385",86,29.62,0.1458,0.0948,0.1317
"BOR PINEVIEW","UT10132","24h","USS0011J64S",38,63.444,0.1606,0.2503,0.294
"BOR PINEVIEW","UT10132","24h","USS0011J69S",27,57.396,0.1747,0.0961,0.0895
"BOR PINEVIEW","UT10132","24h","USC00421446",69,48.161,0.1466,0.1912,0.0687
"BOR PINEVIEW","UT10132","24h","USW00024120",68,31.042,0.1447,0.2449,0.2589
"BOR PINEVIEW","UT10132","24h","USC00425182",68,33.837,0.1837,0.1754,0.172
"BOR PINEVIEW","UT10132","24h","USC00427606",24,33.104,0.1406,0.1932,0.0773
"BOR PINEVIEW","UT10132","24h","USC00428922",31,39.652,0.1774,0.319,0.1939
"BOR PINEVIEW","UT10132","24h","USW00024175",27,32.49,0.1762,0.2053,0.1711
"BOR PINEVIEW","UT10132","24h","USC00425186",110,34.42,0.1527,0.1045,0.1044
"BOR PINEVIEW","UT10132","24h","USW00024127",78,32.24,0.1786,0.1903,0.1706
"BOR PINEVIEW","UT10132","24h","USC00425190",29,36.429,0.2247,0.2635,0.2479
"BOR PINEVIEW","UT10132","24h","USC00425892",91,42.875,0.1745,0.1968,0.2092
"BOR PINEVIEW","UT10132","24h","USC00428817",30,35.437,0.19,0.2555,0.2227
"BOR PINEVIEW","UT10132","24h","USC00428631",32,33.462,0.1768,0.0319,0.1214
"BOR PINEVIEW","UT10132","24h","USS0011H37S",48,41.433,0.1757,0.2924,0.2456
"BOR PINEVIEW","UT10132","24h","USW00094128",28,28.153,0.2222,0.1972,0.157
"BOR PINEVIEW","UT10132","72h","USC00426869",83,73.249,0.1452,0.1639,0.2241
"BOR PINEVIEW","UT10132","72h","USC00426404",71,57.272,0.1667,0.1721,0.1481
"BOR PINEVIEW","UT10132","72h","USC00424135",36,57.857,0.2145,0.0617,0.1087
"BOR PINEVIEW","UT10132","72h","USC00428885",21,55.542,0.1604,0.0152,0.0774
"BOR PINEVIEW","UT10132","72h","USS0011H30S",46,114.218,0.2092,0.1466,0.1435
"BOR PINEVIEW","UT10132","72h","USC00426414",76,49.478,0.1792,0.1112,0.121
"BOR PINEVIEW","UT10132","72h","USW00024126",31,45.493,0.1922,0.2495,0.218
"BOR PINEVIEW","UT10132","72h","USS0011H08S",48,151.301,0.1776,-0.0111,0.09
"BOR PINEVIEW","UT10132","72h","USS0011H25S",48,81.868,0.209,0.2379,0.1661
"BOR PINEVIEW","UT10132","72h","USC00429346",58,64.519,0.1558,0.0837,0.0998
"BOR PINEVIEW","UT10132","72h","USC00427318",64,51.569,0.1612,0.118,0.1067
"BOR PINEVIEW","UT10132","72h","USW00024101",22,48.864,0.1749,0.132,0.0568
"BOR PINEVIEW","UT10132","72h","USC00422726",48,57.086,0.1463,0.0336,0.1564
"BOR PINEVIEW","UT10132","72h","USC00425826",78,43.461,0.1627,0.171,0.2088
"BOR PINEVIEW","UT10132","72h","USS0011J11S",48,105.184,0.1567,0.0612,0.1047
"BOR PINEVIEW","UT10132","72h","USC00420924",38,52.747,0.1597,0.252,0.1375
"BOR PINEVIEW","UT10132","72h","USS0011H55S",48,62.246,0.1922,0.2379,0.2294
"BOR PINEVIEW","UT10132","72h","USC00422721",35,55.823,0.19,0.2658,0.2336
"BOR PINEVIEW","UT10132","72h","USS0011H59S",22,70.639,0.1728,0.29,0.1906
"BOR PINEVIEW","UT10132","72h","USS0011J12S",23,95.445,0.1879,0.0312,0.0503
"BOR PINEVIEW","UT10132","72h","USS0011H21S",48,76.042,0.1646,0.0833,0.0969
"BOR PINEVIEW","UT10132","72h","USC00420928",51,50.422,0.2001,0.2509,0.1689
"BOR PINEVIEW","UT10132","72h","USS0011J68S",27,91.67,0.158,-0.002,0.1711
"BOR PINEVIEW","UT10132","72h","USC00423842",20,43.1,0.1715,0.1155,0.0945
"BOR PINEVIEW","UT10132","72h","USC00421731",67,46.358,0.1729,0.2237,0.1627
"BOR PINEVIEW","UT10132","72h","USC00420506",43,42.647,0.1805,0.3042,0.2796
"BOR PINEVIEW","UT10132","72h","USS0011J37S",33,80.39,0.1281,-0.0302,0.1356
"BOR PINEVIEW","UT10132","72h","USC00423671",24,44.363,0.1932,0.1674,0.1249
"BOR PINEVIEW","UT10132","72h","USC00420820",33,56.741,0.1448,0.1914,0.2081
"BOR PINEVIEW","UT10132","72h","USC00420194",20,45.372,0.2269,0.3978,0.2703
"BOR PINEVIEW","UT10132","72h","USC00425194",55,49.161,0.187,0.2751,0.2351
"BOR PINEVIEW","UT10132","72h","USC00422385",86,37.796,0.145,0.1262,0.1637
"BOR PINEVIEW","UT10132","72h","USS0011J69S",27,78.574,0.1477,-0.0279,0.1753
"BOR PINEVIEW","UT10132","72h","USC00421446",69,62.542,0.1377,0.0829,0.1655
"BOR PINEVIEW","UT10132","72h","USW00024120",68,40.396,0.1467,0.1427,0.1587
"BOR PINEVIEW","UT10132","72h","USC00425182",68,45.915,0.1785,0.2149,0.2261
"BOR PINEVIEW","UT10132","72h","USC00427606",24,41.342,0.1975,0.2446,0.1354
"BOR PINEVIEW","UT10132","72h","USC00428922",31,52.407,0.1919,0.2534,0.2374
"BOR PINEVIEW","UT10132","72h","USW00024175",27,43.062,0.1555,-0.0145,0.1327
"BOR PINEVIEW","UT10132","72h","USC00425186",110,46.596,0.1567,0.2351,0.2473
"BOR PINEVIEW","UT10132","72h","USW00024127",78,40.941,0.1711,0.2096,0.2109
"BOR PINEVIEW","UT10132","72h","USC00425190",29,44.947,0.1471,0.1773,0.2418
"BOR PINEVIEW","UT10132","72h","USC00425892",91,55.103,0.1561,0.175,0.2079
"BOR PINEVIEW","UT10132","72h","USC00428817",30,49.014,0.1913,0.1777,0.0255
"BOR PINEVIEW","UT10132","72h","USC00428631",32,40.17,0.1604,0.1147,0.1739
"BOR PINEVIEW","UT10132","72h","USS0011H37S",48,64.315,0.1891,0.2684,0.2705
"BOR PINEVIEW","UT10132","72h","USC00427578",36,37.358,0.2163,0.2197,0.2043
"BOR PINEVIEW","UT10132","72h","USW00094128",28,41.336,0.2142,0.0986,0.2253
"TOM MILLER DAM","TX01086","24h","USC00411481",40,93.101,0.2572,0.3149,0.1885
"TOM MILLER DAM","TX01086","24h","USC00412040",54,97.134,0.2095,0.0865,0.1181
"TOM MILLER DAM","TX01086","24h","USC00413954",80,98.003,0.2497,0.2977,0.1601
"TOM MILLER DAM","TX01086","24h","USC00415449",28,90.041,0.2318,0.1224,0.3144
"TOM MILLER DAM","TX01086","24h","USC00414375",32,91.961,0.1736,0.1999,0.1525
"TOM MILLER DAM","TX01086","24h","USC00416257",22,103.19,0.2414,0.1866,0.1734
"TOM MILLER DAM","TX01086","72h","USC00411481",40,112.108,0.2458,0.3144,0.1774
"TOM MILLER DAM","TX01086","72h","USC00412040",54,115.728,0.2697,0.2724,0.2444
"TOM MILLER DAM","TX01086","72h","USC00413954",80,119.05,0.2743,0.2629,0.1388
"TOM MILLER DAM","TX01086","72h","USC00415449",28,106.734,0.2424,0.1891,0.3442
"TOM MILLER DAM","TX01086","72h","USC00414375",32,102.955,0.2029,0.1342,0.04
"TOM MILLER DAM","TX01086","72h","USC00416257",22,131.096,0.3039,0.3382,0.2827
"ANTERO","CO00351","24h","USC00051071",100,28.213,0.2021,0.1197,0.1624
"ANTERO","CO00351","24h","USC00054742",69,29.224,0.1858,0.1009,0.1162
"ANTERO","CO00351","24h","USC00057370",74,34.12,0.1948,0.1092,0.1134
"ANTERO","CO00351","24h","USC00052965",33,34.325,0.1985,0.2552,0.1864
"ANTERO","CO00351","24h","USC00050454",79,38.906,0.191,0.1724,0.1253
"ANTERO","CO00351","24h","USC00051528",121,38.091,0.1979,0.1986,0.2249
"ANTERO","CO00351","24h","US1COJF0081",22,48.302,0.2216,0.2773,0.2177
"ANTERO","CO00351","24h","US1COFM0021",23,40.906,0.1395,0.156,0.1958
"ANTERO","CO00351","24h","US1COCC0001",24,49.07,0.2132,0.3446,0.2104
"ANTERO","CO00351","24h","USC00057460",65,28.33,0.1942,0.19,0.1085
"ANTERO","CO00351","24h","USC00053261",68,33.018,0.2118,0.2946,0.2716
"ANTERO","CO00351","24h","USC00051294",107,40.241,0.2277,0.1967,0.1375
"ANTERO","CO00351","24h","USC00058022",43,45.917,0.1891,0.1271,0.2079
"ANTERO","CO00351","24h","US1COFM0019",22,44.306,0.248,0.3451,0.2548
"ANTERO","CO00351","24h","USC00055730",43,46.879,0.1758,0.1992,0.2097
"ANTERO","CO00351","24h","USC00050370",46,29.736,0.1938,0.258,0.1391
"ANTERO","CO00351","24h","USC00055507",34,29.174,0.2382,0.2353,0.2633
"ANTERO","CO00351","24h","USC00050372",45,33.569,0.1687,0.2009,0.2158
"ANTERO","CO00351","24h","US1COJF0157",23,41.225,0.1499,0.1849,0.1853
"ANTERO","CO00351","24h","US1COFM0034",22,39.529,0.2623,0.3066,0.2079
"ANTERO","CO00351","24h","USC00056280",21,49.386,0.2647,0.1605,0.1862
"ANTERO","CO00351","24h","USS0006K45S",23,29.326,0.1919,0.22,0.1699
"ANTERO","CO00351","24h","USC00057249",21,47.202,0.1573,0.2315,0.3181
"ANTERO","CO00351","24h","USC00054293",33,49.134,0.1692,0.2154,0.1043
"ANTERO","CO00351","24h","USC00052790",59,43.124,0.2007,0.2074,0.1542
"ANTERO","CO00351","24h","US1COJF0128",23,45.942,0.1515,0.0167,0.1588
"ANTERO","CO00351","24h","USC00054452",106,47.239,0.2265,0.2353,0.1478
"ANTERO","CO00351","24h","USC00054234",58,39.32,0.2424,0.2947,0.2168
"ANTERO","CO00351","24h","US1COEP0037",21,42.854,0.2037,0.3396,0.2364
"ANTERO","CO00351","24h","US1COEP0158",20,58.319,0.2363,0.137,0.3121
"ANTERO","CO00351","24h","US1COEP0064",23,50.668,0.1884,0.2115,0.1408
"ANTERO","CO00351","24h","USC00057510",58,47.659,0.2173,0.2903,0.1631
"ANTERO","CO00351","24h","USC00056410",44,35.3,0.2566,0.2091,0.1651
"ANTERO","CO00351","24h","US1COEP0058",21,58.227,0.2405,0.192,0.1402
"ANTERO","CO00351","72h","USC00051071",100,35.721,0.2022,0.2066,0.202
"ANTERO","CO00351","72h","USC00054742",69,39.751,0.1926,0.073,0.1496
"ANTERO","CO00351","72h","USC00057370",74,41.829,0.1852,0.1512,0.145
"ANTERO","CO00351","72h","USC00052965",33,43.822,0.172,0.1443,0.1915
"ANTERO","CO00351","72h","USC00050454",79,51.457,0.1906,0.2995,0.2218
"ANTERO","CO00351","72h","USC00051528",121,47.694,0.1931,0.2536,0.2178
"ANTERO","CO00351","72h","US1COJF0081",22,65.363,0.2212,0.2282,0.2051
"ANTERO","CO00351","72h","US1COFM0021",23,49.682,0.137,0.0582,0.0967
"ANTERO","CO00351","72h","US1COCC0001",24,69.757,0.2557,0.3392,0.1833
"ANTERO","CO00351","72h","USC00057460",65,37.828,0.1927,0.1828,0.1283
"ANTERO","CO00351","72h","USC00053261",68,43.864,0.2051,0.3182,0.2588
"ANTERO","CO00351","72h","USC00051294",107,49.007,0.2359,0.2308,0.1795
"ANTERO","CO00351","72h","USC00058022",43,61.829,0.231,0.206,0.2652
"ANTERO","CO00351","72h","US1COFM0019",22,51.762,0.2471,0.3601,0.2389
"ANTERO","CO00351","72h","USC00055730",43,57.714,0.1899,0.1547,0.109
"ANTERO","CO00351","72h","USC00050370",46,41.758,0.2122,0.3473,0.1916
"ANTERO","CO00351","72h","USC00055507",34,38.083,0.2302,0.2329,0.0789
"ANTERO","CO00351","72h","USC00050372",45,47.506,0.1661,0.2081,0.1571
"ANTERO","CO00351","72h","US1COJF0157",23,58.598,0.1888,0.244,0.1852
"ANTERO","CO00351","72h","US1COFM0034",22,46.795,0.271,0.3391,0.1349
"ANTERO","CO00351","72h","USC00056280",21,60.809,0.2487,0.2423,0.3719
"ANTERO","CO00351","72h","USC00054293",33,66.913,0.1942,0.1847,0.0993
"ANTERO","CO00351","72h","USC00052790",59,57.001,0.2351,0.2673,0.1844
"ANTERO","CO00351","72h","US1COJF0128",23,64.68,0.1861,0.1206,0.0935
"ANTERO","CO00351","72h","USW00093073",28,32.206,0.1615,-0.0446,0.2475
"ANTERO","CO00351","72h","USC00054452",106,58.861,0.2129,0.1868,0.1425
"ANTERO","CO00351","72h","USC00054234",58,50.024,0.2648,0.2756,0.2274
"ANTERO","CO00351","72h","US1COEP0037",21,58.126,0.2499,0.3933,0.3559
"ANTERO","CO00351","72h","US1COEP0064",23,63.3,0.2468,0.4669,0.3724
"ANTERO","CO00351","72h","USC00057510",58,60.978,0.2079,0.1386,0.0984
"ANTERO","CO00351","72h","US1COEP0058",21,64.453,0.2254,0.2159,0.188
"ANTERO","CO00351","72h","US1COJF0212",23,58.374,0.1617,0.0845,0.1975
"ANTERO","CO00351","72h","US1COFM0050",21,52.599,0.2694,0.3001,0.1782
"MASON DAM","OR00577","24h","USC00355258",32,31.785,0.2242,0.3303,0.223
"MASON DAM","OR00577","24h","USW00024199",52,23.613,0.1919,0.2378,0.1655
"MASON DAM","OR00577","24h","USS0018E03S",46,44.989,0.1705,0.1651,0.0631
"MASON DAM","OR00577","24h","USS0018E08S",46,33.129,0.1645,0.2312,0.1864
"MASON DAM","OR00577","24h","USC00357250",86,31.916,0.1784,0.2346,0.2076
"MASON DAM","OR00577","24h","USC00358780",42,22.837,0.187,0.2572,0.2258
"MASON DAM","OR00577","24h","USC00354175",33,22.425,0.1634,0.1112,0.1006
"MASON DAM","OR00577","24h","USC00350356",66,30.611,0.1864,0.2015,0.1258
"MASON DAM","OR00577","24h","USC00352482",26,21.009,0.1788,0.0847,0.0266
"MASON DAM","OR00577","24h","USC00353430",25,35.482,0.1653,0.0942,0.2107
"MASON DAM","OR00577","24h","USS0018D21S",48,41.617,0.1374,0.0831,0.1568
"MASON DAM","OR00577","24h","USC00356269",25,40.49,0.202,0.2759,0.2207
"MASON DAM","OR00577","24h","USS0018D09S",46,37.246,0.1565,0.1576,0.1844
"MASON DAM","OR00577","24h","USC00357955",24,35.887,0.1569,0.1749,0.1374
"MASON DAM","OR00577","24h","USS0017D07S",47,47.568,0.1772,0.3134,0.2361
"MASON DAM","OR00577","24h","USC00358746",103,26.757,0.1631,0.1158,0.1494
"MASON DAM","OR00577","24h","USC00356845",30,27.817,0.1482,0.1362,0.1879
"MASON DAM","OR00577","24h","USC00357160",58,27.742,0.2227,0.2182,0.1801
"MASON DAM","OR00577","24h","USC00354098",78,27.921,0.1959,0.2378,0.1753
"MASON DAM","OR00577","24h","USS0017D06S",46,59.595,0.1748,0.1763,0.1546
"MASON DAM","OR00577","24h","USC00358079",22,29.051,0.1702,0.2464,0.0673
"MASON DAM","OR00577","24h","USC00354622",45,34.513,0.2086,0.2624,0.1553
"MASON DAM","OR00577","24h","USS0018D08S",46,32.195,0.2045,0.2404,0.228
"MASON DAM","OR00577","24h","USS0018E18S",45,34.061,0.154,0.1225,0.0978
"MASON DAM","OR00577","24h","USC00351926",62,38.785,0.1759,0.2823,0.2207
"MASON DAM","OR00577","24h","USC00351852",32,60.621,0.1224,0.0695,0.1076
"MASON DAM","OR00577","24h","USC00353604",84,39.491,0.1629,0.1817,0.106
"MASON DAM","OR00577","24h","USS0017D08S",46,64.769,0.1314,0.0892,0.1397
"MASON DAM","OR00577","24h","USC00359176",32,21.915,0.1894,0.186,0.2753
"MASON DAM","OR00577","24h","USC00354291",68,24.561,0.1911,0.3029,0.2429
"MASON DAM","OR00577","24h","USS0016E10S",45,49.436,0.1439,0.1927,0.1454
"MASON DAM","OR00577","24h","USS0018D20S",48,37.848,0.2011,0.2609,0.223
"MASON DAM","OR00577","24h","USC00350723",60,25.323,0.1737,0.268,0.2488
"MASON DAM","OR00577","24h","USC00355020",52,29.934,0.2344,0.3334,0.2769
"MASON DAM","OR00577","24h","USS0017D02S",45,53.843,0.1587,0.3176,0.2565
"MASON DAM","OR00577","24h","USC00350631",39,28.699,0.1609,0.1533,0.2036
"MASON DAM","OR00577","24h","USC00358726",66,28.519,0.2037,0.3082,0.2373
"MASON DAM","OR00577","24h","USS0019E07S",46,26.779,0.144,0.2148,0.1642
"MASON DAM","OR00577","24h","USS0017D18S",46,52.044,0.1679,0.3372,0.2041
"MASON DAM","OR00577","24h","USS0018D06S",48,37.61,0.1887,0.2788,0.2109
"MASON DAM","OR00577","24h","USC00109638",85,25.408,0.1704,0.1749,0.2073
"MASON DAM","OR00577","24h","USC00353666",43,22.416,0.1924,0.272,0.1784
"MASON DAM","OR00577","24h","USC00354329",75,31.058,0.1901,0.1962,0.1389
"MASON DAM","OR00577","24h","USC00354357",22,23.453,0.1634,0.086,0.0464
"MASON DAM","OR00577","24h","USC00357675",70,24.908,0.1768,0.1035,0.2093
"MASON DAM","OR00577","24h","USC00358797",95,21.769,0.1956,0.2369,0.2464
"MASON DAM","OR00577","24h","USW00024152",55,46.449,0.133,0.1338,0.1876
"MASON DAM","OR00577","24h","USS0018F01S",45,27.361,0.166,0.1752,0.1518
"MASON DAM","OR00577","24h","USC00352597",55,39.289,0.1585,0.2436,0.2394
"MASON DAM","OR00577","24h","USC00352672",50,26.537,0.1668,0.1538,0.1319
"MASON DAM","OR00577","24h","USC00352415",42,23.604,0.2125,0.293,0.2433
"MASON DAM","OR00577","72h","USC00355258",32,40.962,0.1991,0.258,0.1496
"MASON DAM","OR00577","72h","USW00024199",52,29.529,0.16,0.2195,0.1526
"MASON DAM","OR00577","72h","USS0018E03S",46,66.704,0.1758,0.2566,0.1599
"MASON DAM","OR00577","72h","USS0018E08S",46,52.664,0.1651,0.1369,0.1407
"MASON DAM","OR00577","72h","USC00357250",86,46.6,0.18,0.2581,0.1941
"MASON DAM","OR00577","72h","USC00358780",42,29.08,0.2114,0.2764,0.1637
"MASON DAM","OR00577","72h","USC00354175",33,28.194,0.1611,0.1025,0.1172
"MASON DAM","OR00577","72h","USC00350356",66,42.647,0.1647,0.1758,0.1833
"MASON DAM","OR00577","72h","USC00352482",26,27.58,0.1497,0.1906,0.2173
"MASON DAM","OR00577","72h","USC00353430",25,51.578,0.1981,0.2264,0.2932
"MASON DAM","OR00577","72h","USS0018D21S",48,58.487,0.119,0.2106,0.1341
"MASON DAM","OR00577","72h","USC00356269",25,65.1,0.185,0.3612,0.3473
"MASON DAM","OR00577","72h","USS0018D09S",46,53.739,0.1535,0.2316,0.2463
"MASON DAM","OR00577","72h","USC00357955",24,49.097,0.1507,0.0024,0.1014
"MASON DAM","OR00577","72h","USS0017D07S",47,71.243,0.1615,0.2659,0.1535
"MASON DAM","OR00577","72h","USC00358746",103,35.217,0.1595,0.189,0.1758
"MASON DAM","OR00577","72h","USC00356845",30,36.661,0.1715,0.1617,0.1286
"MASON DAM","OR00577","72h","USS0018E16S",48,69.943,0.1339,0.1893,0.237
"MASON DAM","OR00577","72h","USC00357160",58,33.878,0.2074,0.2559,0.2771
"MASON DAM","OR00577","72h","USC00354098",78,37.027,0.1567,0.1453,0.1374
"MASON DAM","OR00577","72h","USS0017D06S",46,91.679,0.184,0.2837,0.1429
"MASON DAM","OR00577","72h","USC00358079",22,40.755,0.184,0.2639,0.2499
"MASON DAM","OR00577","72h","USC00354622",45,41.823,0.1949,0.2366,0.1267
"MASON DAM","OR00577","72h","USS0018D08S",46,43.444,0.1744,0.2161,0.1595
"MASON DAM","OR00577","72h","USS0018E18S",45,51.862,0.1338,0.2018,0.175
"MASON DAM","OR00577","72h","USC00351926",62,54.186,0.1658,0.2053,0.1343
"MASON DAM","OR00577","72h","USC00351852",32,97.203,0.1513,0.1372,0.0377
"MASON DAM","OR00577","72h","USC00353604",84,52.629,0.1383,0.1986,0.1537
"MASON DAM","OR00577","72h","USS0017D08S",46,103.519,0.1318,0.1334,0.1204
"MASON DAM","OR00577","72h","USC00359176",32,29.5,0.1878,0.2345,0.1642
"MASON DAM","OR00577","72h","USC00354291",68,31.556,0.1652,0.202,0.22
"MASON DAM","OR00577","72h","USS0018D20S",48,51.457,0.1651,0.178,0.1223
"MASON DAM","OR00577","72h","USC00350723",60,31.982,0.1782,0.0616,0.1232
"MASON DAM","OR00577","72h","USC00355020",52,36.85,0.192,0.2804,0.2116
"MASON DAM","OR00577","72h","USS0017D02S",45,83.49,0.1545,0.2864,0.3105
"MASON DAM","OR00577","72h","USC00350631",39,39.346,0.1537,0.0429,0.119
"MASON DAM","OR00577","72h","USC00358726",66,36.885,0.1587,0.2071,0.1562
"MASON DAM","OR00577","72h","USS0019E07S",46,40.325,0.1382,0.0331,0.0528
"MASON DAM","OR00577","72h","USS0017D18S",46,79.444,0.153,0.2572,0.1498
"MASON DAM","OR00577","72h","USS0018D06S",48,51.062,0.1588,0.1722,0.1519
"MASON DAM","OR00577","72h","USC00109638",85,33.076,0.1717,0.199,0.2073
"MASON DAM","OR00577","72h","USC00353666",43,27.666,0.1835,0.2176,0.1394
"MASON DAM","OR00577","72h","USC00354329",75,39.143,0.1808,0.2552,0.1861
"MASON DAM","OR00577","72h","USC00357675",70,31.977,0.185,0.1222,0.1857
"MASON DAM","OR00577","72h","USC00358797",95,27.497,0.1765,0.176,0.1268
"MASON DAM","OR00577","72h","USW00024152",55,69.259,0.1444,0.2373,0.2271
"MASON DAM","OR00577","72h","USS0018F01S",45,38.259,0.1702,0.1686,0.158
"MASON DAM","OR00577","72h","USC00352597",55,55.736,0.1392,0.0807,0.1614
"MASON DAM","OR00577","72h","USC00352672",50,33.257,0.1665,0.121,0.1031
"MASON DAM","OR00577","72h","USC00352415",42,30.898,0.192,0.1885,0.194
"POINT OF ROCKS","CO00384","24h","USC00057950",90,47.068,0.1859,0.1737,0.1726
"POINT OF ROCKS","CO00384","24h","USC00052947",26,56.665,0.2039,0.1505,0.096
"POINT OF ROCKS","CO00384","24h","USC00052944",59,50.94,0.1733,0.1814,0.2222
"POINT OF ROCKS","CO00384","24h","USC00054945",133,51.317,0.2019,0.2589,0.1821
"POINT OF ROCKS","CO00384","24h","USC00051996",26,52.28,0.2724,0.3359,0.2651
"POINT OF ROCKS","CO00384","24h","USW00024030",64,50.981,0.2489,0.2785,0.2325
"POINT OF ROCKS","CO00384","24h","US10chey021",22,46.053,0.198,0.0761,0.0651
"POINT OF ROCKS","CO00384","24h","USC00256880",71,49.524,0.2267,0.209,0.1407
"POINT OF ROCKS","CO00384","24h","USC00055922",38,49.878,0.2142,0.1482,0.1392
"POINT OF ROCKS","CO00384","24h","USC00055934",37,47.246,0.1886,0.0531,0.0553
"POINT OF ROCKS","CO00384","24h","USC00257830",108,49.241,0.1977,0.1774,0.1967
"POINT OF ROCKS","CO00384","24h","USC00054460",48,40.026,0.2223,0.2134,0.1649
"POINT OF ROCKS","CO00384","24h","US1COPH0037",21,44.258,0.1907,0.2933,0.1933
"POINT OF ROCKS","CO00384","24h","USC00251361",24,45.12,0.2429,0.3085,0.2511
"POINT OF ROCKS","CO00384","24h","USC00254440",109,48.859,0.2077,0.3257,0.2136
"POINT OF ROCKS","CO00384","24h","USC00057515",67,51.671,0.2158,0.2848,0.2009
"POINT OF ROCKS","CO00384","24h","US10chey019",22,54.045,0.2115,0.1199,0.0349
"POINT OF ROCKS","CO00384","24h","USC00057513",38,55.278,0.2353,0.3015,0.1636
"POINT OF ROCKS","CO00384","24h","USC00254900",102,50.762,0.1965,0.1152,0.2031
"POINT OF ROCKS","CO00384","24h","USW00024015",86,50.071,0.2161,0.2603,0.2515
"POINT OF ROCKS","CO00384","24h","USC00056192",41,44.745,0.1861,0.0218,0.1078
"POINT OF ROCKS","CO00384","24h","USC00050109",77,53.657,0.1835,0.182,0.2465
"POINT OF ROCKS","CO00384","24h","USC00252145",92,57.545,0.2104,0.2626,0.1965
"POINT OF ROCKS","CO00384","24h","USC00254903",28,50.023,0.2116,0.2797,0.2185
"POINT OF ROCKS","CO00384","24h","USC00059297",35,51.373,0.2056,0.2892,0.24
"POINT OF ROCKS","CO00384","24h","US1COMR0083",20,50.149,0.2032,0.213,0.0727
"POINT OF ROCKS","CO00384","24h","USC00053038",101,44.522,0.2211,0.252,0.1795
"POINT OF ROCKS","CO00384","24h","USC00487235",63,43.249,0.2347,0.3062,0.2551
"POINT OF ROCKS","CO00384","24h","USC00054082",104,53.919,0.1911,0.2132,0.1791
"POINT OF ROCKS","CO00384","24h","USC00059213",34,48.281,0.2025,0.0339,0.0822
"POINT OF ROCKS","CO00384","24h","USC00487240",24,37.888,0.1808,0.163,0.2205
"POINT OF ROCKS","CO00384","24h","USC00059295",103,51.606,0.1987,0.2017,0.1276
"POINT OF ROCKS","CO00384","24h","USC00251149",21,40.653,0.2139,0.1596,0.1777
"POINT OF ROCKS","CO00384","72h","USC00057950",90,56.129,0.192,0.1647,0.1274
"POINT OF ROCKS","CO00384","72h","US10chey037",21,64.13,0.1918,0.0331,0.0342
"POINT OF ROCKS","CO00384","72h","USC00052947",26,60.73,0.1483,0.1221,0.0756
"POINT OF ROCKS","CO00384","72h","USC00052944",59,61.388,0.1622,0.1201,0.2348
"POINT OF ROCKS","CO00384","72h","USC00054945",133,60.346,0.1896,0.1682,0.1642
"POINT OF ROCKS","CO00384","72h","USC00051996",26,62.715,0.2548,0.3045,0.2714
"POINT OF ROCKS","CO00384","72h","USW00024030",64,60.64,0.2305,0.1466,0.2013
"POINT OF ROCKS","CO00384","72h","US10chey021",22,59.01,0.1968,0.0992,0.0493
"POINT OF ROCKS","CO00384","72h","USC00256880",71,60.358,0.205,0.1257,0.1128
"POINT OF ROCKS","CO00384","72h","USC00055922",38,57.881,0.2279,0.2946,0.2771
"POINT OF ROCKS","CO00384","72h","USC00055934",37,58.699,0.2115,0.136,0.1719
"POINT OF ROCKS","CO00384","72h","USC00257830",108,62.24,0.1996,0.1344,0.1331
"POINT OF ROCKS","CO00384","72h","USC00054460",48,48.376,0.1807,0.1291,0.1628
"POINT OF ROCKS","CO00384","72h","USC00254440",109,59.157,0.1957,0.2585,0.1571
"POINT OF ROCKS","CO00384","72h","USC00057515",67,61.814,0.1908,0.1799,0.0998
"POINT OF ROCKS","CO00384","72h","US10chey019",22,63.631,0.2009,0.0381,0.033
"POINT OF ROCKS","CO00384","72h","USC00057513",38,65.091,0.2174,0.2689,0.1744
"POINT OF ROCKS","CO00384","72h","USC00254900",102,63.23,0.2055,0.1321,0.2188
"POINT OF ROCKS","CO00384","72h","USW00024015",86,58.833,0.1854,0.1918,0.2056
"POINT OF ROCKS","CO00384","72h","USC00050109",77,61.704,0.1748,0.1235,0.1257
"POINT OF ROCKS","CO00384","72h","USC00252145",92,70.461,0.1909,0.2013,0.1516
"POINT OF ROCKS","CO00384","72h","USC00254903",28,62.764,0.1924,0.2397,0.2633
"POINT OF ROCKS","CO00384","72h","USC00059297",35,60.437,0.1957,0.237,0.1833
"POINT OF ROCKS","CO00384","72h","US1COMR0083",20,60.873,0.1733,0.1983,0.2069
"POINT OF ROCKS","CO00384","72h","USC00053038",101,53.572,0.2054,0.1782,0.1892
"POINT OF ROCKS","CO00384","72h","USC00487235",63,54.332,0.2297,0.2133,0.1456
"POINT OF ROCKS","CO00384","72h","USC00054082",104,64.841,0.172,0.1617,0.1459
"POINT OF ROCKS","CO00384","72h","USC00059213",34,59.567,0.1571,0.151,0.191
"POINT OF ROCKS","CO00384","72h","USC00487240",24,47.157,0.2017,0.124,0.1546
"POINT OF ROCKS","CO00384","72h","USC00059295",103,58.975,0.1798,0.1988,0.1523
"POINT OF ROCKS","CO00384","72h","USC00251149",21,51.588,0.236,0.0882,0.0532
"POTOMAC RIVER DAM #4","MD00078","24h","USC00183410",68,72.104,0.1923,0.1602,0.0924
"POTOMAC RIVER DAM #4","MD00078","24h","USC00183415",55,70.58,0.2054,0.3149,0.2014
"POTOMAC RIVER DAM #4","MD00078","24h","USC00361073",20,64.393,0.2298,0.3071,0.2818
"POTOMAC RIVER DAM #4","MD00078","24h","USC00365684",22,68.925,0.197,0.3841,0.3747
"POTOMAC RIVER DAM #4","MD00078","24h","USC00365686",57,63.123,0.1966,0.2165,0.1112
"POTOMAC RIVER DAM #4","MD00078","24h","USC00183795",39,59.276,0.1805,0.2669,0.2268
"POTOMAC RIVER DAM #4","MD00078","24h","USC00362298",22,65.879,0.1903,0.1894,0.1529
"POTOMAC RIVER DAM #4","MD00078","24h","USC00368395",32,66.423,0.1674,0.2547,0.377
"POTOMAC RIVER DAM #4","MD00078","24h","USC00440720",58,118.549,0.2679,0.3035,0.1796
"POTOMAC RIVER DAM #4","MD00078","24h","USC00368244",76,59.868,0.1641,0.1977,0.1686
"POTOMAC RIVER DAM #4","MD00078","24h","USC00368249",58,65.501,0.1741,0.2349,0.134
"POTOMAC RIVER DAM #4","MD00078","24h","USC00180881",24,57.559,0.2112,0.2618,0.3654
"POTOMAC RIVER DAM #4","MD00078","24h","USC00466293",22,61.462,0.2001,0.3179,0.2853
"POTOMAC RIVER DAM #4","MD00078","24h","USC00361895",33,66.879,0.1877,0.4192,0.3105
"POTOMAC RIVER DAM #4","MD00078","24h","USW00004726",26,60.929,0.1939,0.0575,0.0555
"POTOMAC RIVER DAM #4","MD00078","24h","US1MDGR0004",20,72.484,0.1926,0.3152,0.1749
"POTOMAC RIVER DAM #4","MD00078","24h","USC00185832",24,61.891,0.1716,0.2231,0.0379
"POTOMAC RIVER DAM #4","MD00078","24h","USC00468536",43,66.875,0.2186,0.3563,0.3176
"POTOMAC RIVER DAM #4","MD00078","24h","USC00362466",41,61.819,0.1659,0.255,0.1663
"POTOMAC RIVER DAM #4","MD00078","24h","USC00460527",110,65.039,0.1695,0.2435,0.16
"POTOMAC RIVER DAM #4","MD00078","24h","USC00364839",29,70.906,0.1299,0.2731,0.2397
"POTOMAC RIVER DAM #4","MD00078","24h","USC00186620",116,63.74,0.1741,0.2114,0.1296
"POTOMAC RIVER DAM #4","MD00078","24h","USC00364836",22,64.333,0.1877,0.3388,0.3048
"POTOMAC RIVER DAM #4","MD00078","24h","USC00183402",24,61.472,0.1323,0.2296,0.2432
"POTOMAC RIVER DAM #4","MD00078","24h","USC00361255",47,60.982,0.1717,0.1651,0.1539
"POTOMAC RIVER DAM #4","MD00078","24h","USC00462211",25,68.356,0.1474,0.1206,0.0453
"POTOMAC RIVER DAM #4","MD00078","24h","USC00461393",51,65.347,0.1751,0.275,0.2702
"POTOMAC RIVER DAM #4","MD00078","24h","USC00461397",20,64.331,0.1425,0.2411,0.1345
"POTOMAC RIVER DAM #4","MD00078","24h","USC00468777",52,64.877,0.1603,0.1395,0.0913
"POTOMAC RIVER DAM #4","MD00078","24h","USC00468807",60,65.693,0.1909,0.2694,0.1893
"POTOMAC RIVER DAM #4","MD00078","24h","USW00003733",22,64.066,0.153,0.1428,0.0963
"POTOMAC RIVER DAM #4","MD00078","24h","USC00360736",40,67.467,0.1909,0.171,0.1095
"POTOMAC RIVER DAM #4","MD00078","24h","USC00361350",34,64.134,0.1442,0.2793,0.2298
"POTOMAC RIVER DAM #4","MD00078","24h","USC00460143",29,66.802,0.1612,0.2533,0.2501
"POTOMAC RIVER DAM #4","MD00078","24h","USC00468433",38,68.279,0.219,0.3239,0.3332
"POTOMAC RIVER DAM #4","MD00078","72h","USC00183410",68,92.656,0.1599,0.245,0.1864
"POTOMAC RIVER DAM #4","MD00078","72h","USC00183415",55,88.561,0.1703,0.3291,0.1901
"POTOMAC RIVER DAM #4","MD00078","72h","USC00361073",20,72.703,0.202,0.2884,0.1694
"POTOMAC RIVER DAM #4","MD00078","72h","USC00365684",22,82.11,0.1934,0.2323,0.2356
"POTOMAC RIVER DAM #4","MD00078","72h","USC00365686",57,78.681,0.174,0.209,0.2203
"POTOMAC RIVER DAM #4","MD00078","72h","USC00183795",39,77.535,0.18,0.164,0.0433
"POTOMAC RIVER DAM #4","MD00078","72h","USC00362298",22,74.801,0.1555,0.1688,0.148
"POTOMAC RIVER DAM #4","MD00078","72h","USC00368395",32,84.73,0.1678,0.2798,0.1833
"POTOMAC RIVER DAM #4","MD00078","72h","USC00368244",76,76.293,0.1656,0.2406,0.162
"POTOMAC RIVER DAM #4","MD00078","72h","USC00368249",58,83.119,0.1595,0.1543,0.0618
"POTOMAC RIVER DAM #4","MD00078","72h","USC00180881",24,78.623,0.1864,0.2374,0.1968
"POTOMAC RIVER DAM #4","MD00078","72h","USC00466293",22,78.973,0.1566,0.3043,0.2054
"POTOMAC RIVER DAM #4","MD00078","72h","USC00361895",33,84.735,0.1917,0.3243,0.1745
"POTOMAC RIVER DAM #4","MD00078","72h","USW00004726",26,82.067,0.2119,0.1317,0.1348
"POTOMAC RIVER DAM #4","MD00078","72h","US1MDGR0004",20,90.784,0.1778,0.2054,0.1034
"POTOMAC RIVER DAM #4","MD00078","72h","USC00185832",24,79.525,0.1074,0.2241,0.2121
"POTOMAC RIVER DAM #4","MD00078","72h","USC00468536",43,88.111,0.2083,0.2376,0.1901
"POTOMAC RIVER DAM #4","MD00078","72h","USC00362466",41,82.204,0.1341,0.1862,0.1649
"POTOMAC RIVER DAM #4","MD00078","72h","USC00460527",110,87.269,0.1476,0.1797,0.182
"POTOMAC RIVER DAM #4","MD00078","72h","USC00364839",29,88.864,0.1471,0.2119,0.1775
"POTOMAC RIVER DAM #4","MD00078","72h","USC00186620",116,80.627,0.1613,0.2177,0.1481
"POTOMAC RIVER DAM #4","MD00078","72h","USC00188315",37,83.051,0.194,0.182,0.0818
"POTOMAC RIVER DAM #4","MD00078","72h","USC00364836",22,85.059,0.2025,0.3271,0.2307
"POTOMAC RIVER DAM #4","MD00078","72h","USC00183402",24,80.276,0.1701,0.2226,0.2039
"POTOMAC RIVER DAM #4","MD00078","72h","USC00361255",47,79.501,0.174,0.1256,0.1126
"POTOMAC RIVER DAM #4","MD00078","72h","USC00462211",25,87.719,0.1285,0.1491,0.0699
"POTOMAC RIVER DAM #4","MD00078","72h","USC00461393",51,83.305,0.1681,0.3222,0.2716
"POTOMAC RIVER DAM #4","MD00078","72h","USC00461397",20,83.538,0.1439,0.2652,0.199
"POTOMAC RIVER DAM #4","MD00078","72h","USC00468777",52,87.075,0.1599,0.1833,0.0981
"POTOMAC RIVER DAM #4","MD00078","72h","USC00468807",60,89.213,0.1681,0.2241,0.0879
"POTOMAC RIVER DAM #4","MD00078","72h","USC00360736",40,87.602,0.1815,0.0624,0.0512
"POTOMAC RIVER DAM #4","MD00078","72h","USC00361350",34,80.255,0.1345,0.2261,0.1563
"POTOMAC RIVER DAM #4","MD00078","72h","USC00460143",29,90.917,0.1453,0.1133,0.1288
"POTOMAC RIVER DAM #4","MD00078","72h","USC00468433",38,81.977,0.1952,0.2748,0.3312
"LAKE SHERBURNE","MT00572","24h","USS0013A27S",48,62.842,0.195,0.1456,0.1952
"LAKE SHERBURNE","MT00572","24h","USW00004130",23,44.905,0.217,0.1857,0.3159
"LAKE SHERBURNE","MT00572","24h","USC00247292",24,57.14,0.2138,0.1845,0.2982
"LAKE SHERBURNE","MT00572","24h","USC00240392",82,49.867,0.2367,0.2043,0.1324
"LAKE SHERBURNE","MT00572","24h","USS0013A19S",48,68.768,0.1702,0.2372,0.3344
"LAKE SHERBURNE","MT00572","24h","CA003054722",39,59.989,0.1963,0.2456,0.1771
"LAKE SHERBURNE","MT00572","24h","CA003051165",21,62.823,0.2458,0.3838,0.2069
"LAKE SHERBURNE","MT00572","24h","CA003057240",25,55.614,0.1529,0.1422,0.1371
"LAKE SHERBURNE","MT00572","24h","CA003031000",71,57.816,0.2102,0.168,0.1452
"LAKE SHERBURNE","MT00572","24h","CA003031320",75,49.827,0.2353,0.1996,0.1916
"LAKE SHERBURNE","MT00572","24h","CA003057243",31,59.176,0.1974,0.3639,0.3393
"LAKE SHERBURNE","MT00572","24h","USC00248809",77,41.238,0.1564,0.1928,0.2098
"LAKE SHERBURNE","MT00572","24h","USS0013A24S",46,46.17,0.1871,0.1828,0.1709
"LAKE SHERBURNE","MT00572","24h","USC00246615",52,32.692,0.1789,0.186,0.1314
"LAKE SHERBURNE","MT00572","24h","USC00242301",48,47.088,0.244,0.2848,0.1574
"LAKE SHERBURNE","MT00572","24h","USC00247978",40,50.706,0.233,0.4376,0.4194
"LAKE SHERBURNE","MT00572","24h","USS0013A26S",46,52.968,0.1981,0.1384,0.0955
"LAKE SHERBURNE","MT00572","24h","USC00241919",47,37.377,0.1986,0.3193,0.2835
"LAKE SHERBURNE","MT00572","24h","USC00248902",69,35.667,0.1996,0.1181,0.1344
"LAKE SHERBURNE","MT00572","24h","USC00244558",129,29.522,0.1966,0.2575,0.2042
"LAKE SHERBURNE","MT00572","24h","USS0013A25S",48,83.773,0.1819,0.0998,0.2967
"LAKE SHERBURNE","MT00572","24h","CA003035201",20,53.918,0.2546,0.1064,0.1864
"LAKE SHERBURNE","MT00572","24h","CA003035220",53,52.21,0.2339,0.225,0.1226
"LAKE SHERBURNE","MT00572","24h","USC00246218",48,36.228,0.1597,0.0843,0.0039
"LAKE SHERBURNE","MT00572","24h","USC00242104",77,37.108,0.1756,0.1507,0.098
"LAKE SHERBURNE","MT00572","24h","CA003050600",94,55.109,0.2317,0.1893,0.2022
"LAKE SHERBURNE","MT00572","24h","USS0013A15S",45,59.699,0.1856,0.1556,0.2041
"LAKE SHERBURNE","MT00572","24h","USC00247362",25,40.043,0.2655,0.2118,0.1512
"LAKE SHERBURNE","MT00572","24h","CA003035420",30,46.435,0.234,0.2375,0.1498
"LAKE SHERBURNE","MT00572","24h","CA003031924",30,36.898,0.1952,0.1244,0.2003
"LAKE SHERBURNE","MT00572","24h","USS0014A11S",47,63.576,0.1927,0.1713,0.1926
"LAKE SHERBURNE","MT00572","24h","USC00244563",26,30.371,0.206,0.0536,0.0651
"LAKE SHERBURNE","MT00572","24h","USS0014A12S",48,73.61,0.2199,0.2179,0.222
"LAKE SHERBURNE","MT00572","72h","USS0013A27S",48,91.187,0.2019,0.2094,0.252
"LAKE SHERBURNE","MT00572","72h","USW00004130",23,60.394,0.1994,0.1324,0.2299
"LAKE SHERBURNE","MT00572","72h","USC00247292",24,76.173,0.2501,0.2516,0.0837
"LAKE SHERBURNE","MT00572","72h","USS0013A19S",48,107.285,0.1696,0.1745,0.2263
"LAKE SHERBURNE","MT00572","72h","CA003054722",39,80.918,0.194,0.2365,0.1816
"LAKE SHERBURNE","MT00572","72h","CA003051165",21,89.12,0.2204,0.2803,0.1524
"LAKE SHERBURNE","MT00572","72h","CA003057240",25,85.857,0.1866,0.1187,0.1347
"LAKE SHERBURNE","MT00572","72h","CA003031000",71,78.794,0.2216,0.1542,0.0694
"LAKE SHERBURNE","MT00572","72h","CA003031320",75,66.034,0.2372,0.1533,0.1201
"LAKE SHERBURNE","MT00572","72h","CA003057243",31,83.795,0.1956,0.1382,0.1931
"LAKE SHERBURNE","MT00572","72h","USS0013A24S",46,65.907,0.1557,0.2,0.2573
"LAKE SHERBURNE","MT00572","72h","USC00246615",52,44.74,0.1606,0.181,0.1095
"LAKE SHERBURNE","MT00572","72h","USC00242301",48,60.635,0.2295,0.2075,0.085
"LAKE SHERBURNE","MT00572","72h","USC00247978",40,71.026,0.2066,0.3613,0.3635
"LAKE SHERBURNE","MT00572","72h","USS0013A26S",46,80.922,0.1942,0.2768,0.2596
"LAKE SHERBURNE","MT00572","72h","USC00244328",68,63.142,0.1635,0.2574,0.2137
"LAKE SHERBURNE","MT00572","72h","USC00241919",47,48.907,0.2022,0.2861,0.1858
"LAKE SHERBURNE","MT00572","72h","USC00248902",69,47.695,0.1878,0.1131,0.1188
"LAKE SHERBURNE","MT00572","72h","USS0013A25S",48,121.1,0.1765,0.203,0.189
"LAKE SHERBURNE","MT00572","72h","CA003035201",20,68.119,0.2583,0.0767,0.1298
"LAKE SHERBURNE","MT00572","72h","CA003035220",53,71.006,0.2329,0.2251,0.1233
"LAKE SHERBURNE","MT00572","72h","USC00242104",77,50.489,0.1893,0.1848,0.1723
"LAKE SHERBURNE","MT00572","72h","USS0013A15S",45,88.138,0.1809,0.3099,0.3164
"LAKE SHERBURNE","MT00572","72h","USC00247362",25,48.122,0.2682,0.187,0.1093
"LAKE SHERBURNE","MT00572","72h","CA003035420",30,63.599,0.2489,0.1564,0.089
"LAKE SHERBURNE","MT00572","72h","CA003031924",30,48.606,0.2093,0.2275,0.2249
"LAKE SHERBURNE","MT00572","72h","USS0014A11S",47,92.792,0.188,0.1359,0.2297
"LAKE SHERBURNE","MT00572","72h","USC00244563",26,37.373,0.194,0.0974,0.0865
"LAKE SHERBURNE","MT00572","72h","USS0014A12S",48,101.974,0.1945,0.1257,0.1497
"DEL VALLE","CA00043","24h","USC00045933",74,57.546,0.2281,0.2889,0.2879
"DEL VALLE","CA00043","24h","USC00045915",73,69.667,0.2502,0.2194,0.125
"DEL VALLE","CA00043","24h","USC00040850",41,92.087,0.1859,0.1494,0.1714
"DEL VALLE","CA00043","24h","USC00048273",29,98.037,0.1959,-0.0483,0.0953
"DEL VALLE","CA00043","24h","USC00045125",22,144.435,0.2389,0.1533,0.1169
"DEL VALLE","CA00043","24h","USC00049583",21,81.995,0.2011,0.1784,0.2703
"DEL VALLE","CA00043","24h","USC00049582",67,90.786,0.1897,0.1568,0.1344
"DEL VALLE","CA00043","24h","USC00043038",76,81.045,0.1934,0.2516,0.1753
"DEL VALLE","CA00043","24h","USC00048928",80,103.113,0.1912,0.2306,0.1064
"DEL VALLE","CA00043","24h","USC00042539",62,91.689,0.1856,0.173,0.2458
"DEL VALLE","CA00043","24h","USC00041277",85,118.413,0.1852,0.2095,0.1331
"DEL VALLE","CA00043","24h","USC00043672",48,93.265,0.1863,0.1741,0.1389
"DEL VALLE","CA00043","24h","USC00043925",36,53.772,0.1736,0.1414,0.1208
"DEL VALLE","CA00043","24h","USC00046962",33,80.066,0.1725,0.2014,0.1283
"DEL VALLE","CA00043","24h","USC00044484",44,79.318,0.1743,0.1873,0.1269
"DEL VALLE","CA00043","24h","USC00045909",26,87.575,0.2163,0.0967,0.0944
"DEL VALLE","CA00043","24h","USC00045346",65,82.09,0.1969,0.3075,0.2235
"DEL VALLE","CA00043","24h","USC00044010",29,164.006,0.179,0.3273,0.2382
"DEL VALLE","CA00043","24h","USC00044204",47,55.219,0.1728,0.0572,0.1056
"DEL VALLE","CA00043","24h","USC00043381",35,113.471,0.2021,0.089,0.0303
"DEL VALLE","CA00043","24h","USC00041697",62,119.733,0.206,0.2038,0.1102
"DEL VALLE","CA00043","24h","USC00047689",48,92.236,0.1704,0.1878,0.2413
"DEL VALLE","CA00043","24h","USC00046597",77,114.115,0.215,0.3037,0.2501
"DEL VALLE","CA00043","24h","USC00043384",42,120.969,0.2018,0.184,0.1027
"DEL VALLE","CA00043","24h","USC00044679",41,103.717,0.1914,0.3129,0.2209
"DEL VALLE","CA00043","24h","USC00045400",49,76.342,0.1848,0.2621,0.2004
"DEL VALLE","CA00043","24h","USC00043134",71,126.904,0.2085,0.1806,0.0843
"DEL VALLE","CA00043","72h","USC00045933",74,86.925,0.2187,0.2012,0.1939
"DEL VALLE","CA00043","72h","USC00045915",73,102.472,0.2576,0.2588,0.1624
"DEL VALLE","CA00043","72h","USC00040850",41,145.624,0.2279,0.2182,0.0961
"DEL VALLE","CA00043","72h","USC00048273",29,152.131,0.1844,0.0232,0.2218
"DEL VALLE","CA00043","72h","USC00045125",22,230.266,0.2434,0.2469,0.2409
"DEL VALLE","CA00043","72h","USC00049583",21,143.401,0.2495,0.2108,0.1397
"DEL VALLE","CA00043","72h","USC00043038",76,126.984,0.2135,0.1503,0.155
"DEL VALLE","CA00043","72h","USC00048928",80,164.295,0.2366,0.2888,0.1555
"DEL VALLE","CA00043","72h","USC00042539",62,146.187,0.2399,0.1997,0.2309
"DEL VALLE","CA00043","72h","USC00041277",85,199.845,0.221,0.28,0.2002
"DEL VALLE","CA00043","72h","USC00043672",48,145.129,0.2412,0.22,0.2288
"DEL VALLE","CA00043","72h","USC00043925",36,78.188,0.1931,0.1423,0.2109
"DEL VALLE","CA00043","72h","USC00046962",33,113.603,0.2162,0.2855,0.1659
"DEL VALLE","CA00043","72h","USC00044484",44,113.955,0.1537,-0.0227,0.2362
"DEL VALLE","CA00043","72h","USC00045909",26,154.765,0.2614,0.2599,0.1041
"DEL VALLE","CA00043","72h","USC00045346",65,129.086,0.2231,0.2779,0.2408
"DEL VALLE","CA00043","72h","USC00044010",29,265.456,0.2085,0.2487,0.1467
"DEL VALLE","CA00043","72h","USC00044204",47,78.129,0.2165,0.1255,0.1453
"DEL VALLE","CA00043","72h","USC00043381",35,190.703,0.2335,0.1835,0.0632
"DEL VALLE","CA00043","72h","USC00041697",62,188.899,0.2378,0.287,0.236
"DEL VALLE","CA00043","72h","USC00047689",48,154.558,0.2483,0.2774,0.2064
"DEL VALLE","CA00043","72h","USC00046597",77,184.525,0.2399,0.2215,0.147
"DEL VALLE","CA00043","72h","USC00043384",42,194.336,0.2618,0.2932,0.1257
"DEL VALLE","CA00043","72h","USC00044679",41,163.863,0.2334,0.2513,0.2018
"DEL VALLE","CA00043","72h","USC00045400",49,119.728,0.1956,0.2624,0.1667
"DEL VALLE","CA00043","72h","USC00043134",71,180.914,0.224,0.1989,0.1553
"BURTON","GA00847","24h","USC00312102",83,115.987,0.1654,0.2053,0.124
"BURTON","GA00847","24h","USC00314055",116,138.481,0.1939,0.2124,0.1607
"BURTON","GA00847","24h","USC00313228",68,82.897,0.1643,0.1881,0.1758
"BURTON","GA00847","24h","USC00317363",57,139.075,0.2222,0.3587,0.228
"BURTON","GA00847","24h","USC00384581",25,148.505,0.2016,0.1663,0.156
"BURTON","GA00847","24h","USC00316031",43,88.752,0.1572,0.121,0.1282
"BURTON","GA00847","24h","USC00318754",33,85.103,0.1689,0.2067,0.2102
"BURTON","GA00847","24h","USC00314788",58,170.16,0.1948,0.1826,0.1633
"BURTON","GA00847","24h","USC00312200",117,76.881,0.1849,0.2012,0.165
"BURTON","GA00847","24h","USC00317486",85,131.886,0.2045,0.2039,0.1683
"BURTON","GA00847","24h","USC00316341",50,82.128,0.1706,0.1379,0.1534
"BURTON","GA00847","24h","USC00311055",84,112.24,0.1991,0.2051,0.1183
"BURTON","GA00847","24h","US1NCTR0001",20,114.514,0.1862,0.1269,0.1653
"BURTON","GA00847","24h","USC00381249",26,141.524,0.2271,0.2754,0.2785
"BURTON","GA00847","24h","USC00381256",52,115.873,0.1798,0.3051,0.1283
"BURTON","GA00847","24h","USC00406500",25,104.548,0.1425,0.0174,0.1095
"BURTON","GA00847","24h","USC00319147",115,76.839,0.1691,0.1798,0.1264
"BURTON","GA00847","24h","US1NCHW0002",20,82.196,0.1769,0.1063,0.2243
"BURTON","GA00847","24h","USC00311174",32,118.668,0.1659,0.1586,0.1811
"BURTON","GA00847","24h","USC00406328",34,104.492,0.1519,0.0221,0.076
"BURTON","GA00847","24h","USC00316805",87,109.209,0.1984,0.2538,0.206
"BURTON","GA00847","24h","USC00311441",64,66.741,0.1741,0.2689,0.1772
"BURTON","GA00847","24h","USC00311564",38,67.779,0.1417,0.1012,0.0572
"BURTON","GA00847","24h","USW00053878",22,93.543,0.2198,0.1086,0.1435
"BURTON","GA00847","24h","USC00311420",33,84.877,0.2217,0.3039,0.2095
"BURTON","GA00847","24h","USC00313106",61,92.017,0.2026,0.1844,0.153
"BURTON","GA00847","24h","USW00003812",70,85.315,0.1729,0.0774,0.1251
"BURTON","GA00847","24h","USC00312837",64,73.812,0.1723,0.1824,0.1335
"BURTON","GA00847","24h","USC00313976",122,102.623,0.2043,0.3391,0.2151
"BURTON","GA00847","24h","US1NCHN0002",20,93.943,0.1779,0.2614,0.275
"BURTON","GA00847","24h","USC00310724",56,89.26,0.151,0.0623,0.0547
"BURTON","GA00847","24h","USC00313101",32,80.707,0.1697,0.2322,0.2222
"BURTON","GA00847","24h","USC00384177",26,124.226,0.1477,0.1745,0.1288
"BURTON","GA00847","24h","USC00311437",24,69.773,0.1821,0.2037,0.1777
"BURTON","GA00847","24h","USW00013872",136,69.831,0.1732,0.1788,0.1572
"BURTON","GA00847","24h","USC00318448",25,84.465,0.2035,0.36,0.2114
"BURTON","GA00847","24h","USC00318442",50,78.639,0.1653,0.278,0.2783
"BURTON","GA00847","24h","USC00310650",24,75.724,0.1867,0.2315,0.1164
"BURTON","GA00847","24h","USC00316236",80,87.328,0.208,0.3208,0.2951
"BURTON","GA00847","24h","USC00315923",44,146.684,0.2359,0.3738,0.2632
"BURTON","GA00847","24h","USC00315921",27,118.374,0.2172,0.2087,0.1911
"BURTON","GA00847","72h","USC00312102",83,151.245,0.1517,0.1577,0.0905
"BURTON","GA00847","72h","USC00314055",116,189.029,0.193,0.2439,0.1322
"BURTON","GA00847","72h","USC00313228",68,109.107,0.159,0.1531,0.1563
"BURTON","GA00847","72h","USC00317363",57,178.354,0.2075,0.2674,0.1777
"BURTON","GA00847","72h","USC00094243",20,114.634,0.1405,0.1114,0.1091
"BURTON","GA00847","72h","USC00316031",43,122.127,0.1427,0.027,0.0335
"BURTON","GA00847","72h","USC00318754",33,115.101,0.1519,0.2344,0.1912
"BURTON","GA00847","72h","USC00314788",58,221.228,0.197,0.289,0.2026
"BURTON","GA00847","72h","USC00312200",117,100.672,0.1766,0.2077,0.1971
"BURTON","GA00847","72h","USC00317486",85,169.891,0.1839,0.2144,0.2393
"BURTON","GA00847","72h","USC00316341",50,105.589,0.1742,0.092,0.1086
"BURTON","GA00847","72h","USC00311055",84,143.409,0.1789,0.248,0.1975
"BURTON","GA00847","72h","US1NCTR0001",20,161.741,0.2185,0.3215,0.2764
"BURTON","GA00847","72h","USC00381249",26,171.657,0.2007,0.2095,0.1255
"BURTON","GA00847","72h","USC00381256",52,157.626,0.1787,0.2875,0.2791
"BURTON","GA00847","72h","USC00406500",25,139.841,0.1563,0.2799,0.1029
"BURTON","GA00847","72h","USC00319147",115,98.006,0.1745,0.2194,0.1697
"BURTON","GA00847","72h","US1NCHW0002",20,108.279,0.2198,0.2365,0.3003
"BURTON","GA00847","72h","USC00311174",32,157.268,0.1422,0.1208,0.0605
"BURTON","GA00847","72h","USC00406328",34,143.879,0.152,0.1764,0.1596
"BURTON","GA00847","72h","USC00316805",87,138.459,0.19,0.2156,0.1794
"BURTON","GA00847","72h","USC00311441",64,86,0.1577,0.2049,0.1375
"BURTON","GA00847","72h","USC00311564",38,88.702,0.1551,0.2208,0.1589
"BURTON","GA00847","72h","USC00311420",33,113.525,0.2366,0.3032,0.2424
"BURTON","GA00847","72h","USC00313106",61,112.196,0.187,0.1273,0.1339
"BURTON","GA00847","72h","USW00003812",70,107.179,0.197,0.2239,0.2522
"BURTON","GA00847","72h","USC00312837",64,92.05,0.1444,-0.0057,0.0778
"BURTON","GA00847","72h","USC00313976",122,128.796,0.1862,0.2952,0.2316
"BURTON","GA00847","72h","US1NCHN0002",20,119.223,0.1858,0.113,0.0776
"BURTON","GA00847","72h","USC00310724",56,110.442,0.1449,0.0721,0.0791
"BURTON","GA00847","72h","USC00313101",32,102.897,0.2034,0.2101,0.1345
"BURTON","GA00847","72h","USC00384177",26,175.726,0.145,0.1855,0.0887
"BURTON","GA00847","72h","USW00013872",136,88.129,0.1936,0.2343,0.2268
"BURTON","GA00847","72h","USC00318448",25,102.905,0.2224,0.2752,0.1968
"BURTON","GA00847","72h","USC00318442",50,101.947,0.1602,0.2663,0.1879
"BURTON","GA00847","72h","USC00310650",24,97.914,0.1779,0.0538,0.0588
"BURTON","GA00847","72h","USC00316236",80,113.258,0.2001,0.319,0.3091
"BURTON","GA00847","72h","USC00315796",26,126.571,0.2158,0.1757,0.1502
"BURTON","GA00847","72h","USC00315921",27,157.884,0.1854,0.3065,0.2071
"BYNUM RESERVOIR DAM","MT01356","24h","USC00241342",37,38.072,0.2419,0.3816,0.2597
"BYNUM RESERVOIR DAM","MT01356","24h","USC00246426",49,42.437,0.2197,0.2043,0.1884
"BYNUM RESERVOIR DAM","MT01356","24h","USC00241737",109,37.01,0.219,0.2111,0.1236
"BYNUM RESERVOIR DAM","MT01356","24h","USS0012A02S",43,60.668,0.2373,0.2115,0.1987
"BYNUM RESERVOIR DAM","MT01356","24h","USS0012B13S",48,47.18,0.2134,0.2265,0.1907
"BYNUM RESERVOIR DAM","MT01356","24h","USC00248501",101,41.084,0.2243,0.2243,0.1535
"BYNUM RESERVOIR DAM","MT01356","24h","USC00241974",97,39.906,0.2141,0.1491,0.1526
"BYNUM RESERVOIR DAM","MT01356","24h","USC00243489",91,50.305,0.271,0.3464,0.2499
"BYNUM RESERVOIR DAM","MT01356","24h","USS0013A15S",45,59.699,0.1856,0.1556,0.2041
"BYNUM RESERVOIR DAM","MT01356","24h","USC00242857",90,37.965,0.2004,0.2397,0.1283
"BYNUM RESERVOIR DAM","MT01356","24h","USC00240364",97,41.387,0.2138,0.1876,0.1686
"BYNUM RESERVOIR DAM","MT01356","24h","USC00247618",28,37.669,0.2055,-0.0146,0.1043
"BYNUM RESERVOIR DAM","MT01356","24h","USS0012B17S",48,48.508,0.2419,0.2074,0.1791
"BYNUM RESERVOIR DAM","MT01356","24h","USC00242820",49,37.498,0.2411,0.2491,0.1643
"BYNUM RESERVOIR DAM","MT01356","24h","USC00246700",61,35.667,0.2317,0.2335,0.179
"BYNUM RESERVOIR DAM","MT01356","24h","USC00243346",77,40.16,0.2189,0.2013,0.1315
"BYNUM RESERVOIR DAM","MT01356","24h","USC00247500",36,35.818,0.196,0.2586,0.1158
"BYNUM RESERVOIR DAM","MT01356","24h","USC00248021",71,38.005,0.2362,0.2503,0.1435
"BYNUM RESERVOIR DAM","MT01356","24h","USC00247501",31,35.795,0.2762,0.205,0.0707
"BYNUM RESERVOIR DAM","MT01356","24h","USS0013A26S",46,52.968,0.1981,0.1384,0.0955
"BYNUM RESERVOIR DAM","MT01356","24h","USC00241080",61,36.629,0.2199,0.2014,0.1463
"BYNUM RESERVOIR DAM","MT01356","24h","USC00247159",46,44.647,0.1752,0.1592,0.1351
"BYNUM RESERVOIR DAM","MT01356","24h","USC00241081",40,35.567,0.1676,0.0606,0.0699
"BYNUM RESERVOIR DAM","MT01356","24h","USW00024143",89,37.779,0.2109,0.1888,0.1231
"BYNUM RESERVOIR DAM","MT01356","24h","USC00243753",26,37.207,0.1957,0.3039,0.2679
"BYNUM RESERVOIR DAM","MT01356","24h","USC00241552",108,44.476,0.2292,0.2676,0.2002
"BYNUM RESERVOIR DAM","MT01356","24h","USC00248455",22,48.688,0.2657,0.1664,0.1254
"BYNUM RESERVOIR DAM","MT01356","24h","USC00243749",60,40.998,0.2568,0.2126,0.1136
"BYNUM RESERVOIR DAM","MT01356","24h","USS0012B14S",48,52.804,0.2055,0.2767,0.2229
"BYNUM RESERVOIR DAM","MT01356","24h","USS0012B16S",47,35.547,0.1736,0.1763,0.0871
"BYNUM RESERVOIR DAM","MT01356","24h","USW00024112",31,42.506,0.2367,0.172,0.1177
"BYNUM RESERVOIR DAM","MT01356","24h","USC00248233",56,35.084,0.2329,0.2701,0.2559
"BYNUM RESERVOIR DAM","MT01356","24h","USC00245211",22,33.91,0.1683,0.2126,0.2043
"BYNUM RESERVOIR DAM","MT01356","24h","USC00248087",30,42.002,0.23,0.2796,0.1286
"BYNUM RESERVOIR DAM","MT01356","24h","USC00242550",90,32.161,0.2131,0.1477,0.1306
"BYNUM RESERVOIR DAM","MT01356","24h","USC00244241",117,37.768,0.2138,0.2067,0.1248
"BYNUM RESERVOIR DAM","MT01356","24h","USC00247362",25,40.043,0.2655,0.2118,0.1512
"BYNUM RESERVOIR DAM","MT01356","24h","USC00245040",55,33.37,0.2025,0.2602,0.1943
"BYNUM RESERVOIR DAM","MT01356","24h","USC00247292",24,57.14,0.2138,0.1845,0.2982
"BYNUM RESERVOIR DAM","MT01356","24h","USC00247996",60,38.663,0.2213,0.2796,0.2701
"BYNUM RESERVOIR DAM","MT01356","24h","USW00004130",23,44.905,0.217,0.1857,0.3159
"BYNUM RESERVOIR DAM","MT01356","24h","USC00245043",64,35.139,0.1693,0.2887,0.2076
"BYNUM RESERVOIR DAM","MT01356","24h","USC00246302",65,30.522,0.2056,0.2359,0.1267
"BYNUM RESERVOIR DAM","MT01356","24h","USS0013B22S",46,46.175,0.1966,0.2395,0.1816
"BYNUM RESERVOIR DAM","MT01356","24h","USC00242301",48,47.088,0.244,0.2848,0.1574
"BYNUM RESERVOIR DAM","MT01356","72h","USC00241342",37,47.686,0.2377,0.3405,0.2177
"BYNUM RESERVOIR DAM","MT01356","72h","USC00246426",49,55.149,0.2367,0.1676,0.1983
"BYNUM RESERVOIR DAM","MT01356","72h","USC00241737",109,48.418,0.2275,0.234,0.1716
"BYNUM RESERVOIR DAM","MT01356","72h","USS0012A02S",43,84.987,0.2581,0.2506,0.1897
"BYNUM RESERVOIR DAM","MT01356","72h","USS0012B13S",48,67.36,0.2033,0.3028,0.2563
"BYNUM RESERVOIR DAM","MT01356","72h","USC00248501",101,55.09,0.2497,0.2215,0.1474
"BYNUM RESERVOIR DAM","MT01356","72h","USC00241974",97,50.531,0.2155,0.1106,0.1179
"BYNUM RESERVOIR DAM","MT01356","72h","USC00243489",91,66.651,0.2678,0.2835,0.2605
"BYNUM RESERVOIR DAM","MT01356","72h","USS0013A15S",45,88.138,0.1809,0.3099,0.3164
"BYNUM RESERVOIR DAM","MT01356","72h","USC00242857",90,51.422,0.2316,0.2317,0.1092
"BYNUM RESERVOIR DAM","MT01356","72h","USC00240364",97,55.648,0.2332,0.1778,0.1558
"BYNUM RESERVOIR DAM","MT01356","72h","USC00247618",28,48.454,0.1868,0.08,0.1689
"BYNUM RESERVOIR DAM","MT01356","72h","USS0012B17S",48,67.641,0.2525,0.3191,0.2468
"BYNUM RESERVOIR DAM","MT01356","72h","USC00242820",49,49.869,0.2684,0.303,0.1789
"BYNUM RESERVOIR DAM","MT01356","72h","USC00246700",61,47.015,0.2219,0.1759,0.177
"BYNUM RESERVOIR DAM","MT01356","72h","USC00243346",77,52.139,0.2326,0.1804,0.1505
"BYNUM RESERVOIR DAM","MT01356","72h","USC00247500",36,48.522,0.2369,0.3261,0.1625
"BYNUM RESERVOIR DAM","MT01356","72h","USC00248021",71,49.455,0.2351,0.2157,0.1565
"BYNUM RESERVOIR DAM","MT01356","72h","USC00247501",31,44.077,0.2626,0.1424,0.1067
"BYNUM RESERVOIR DAM","MT01356","72h","USS0013A26S",46,80.922,0.1942,0.2768,0.2596
"BYNUM RESERVOIR DAM","MT01356","72h","USC00241202",79,56.504,0.2681,0.2617,0.2084
"BYNUM RESERVOIR DAM","MT01356","72h","USC00241080",61,45.619,0.2092,0.1618,0.1171
"BYNUM RESERVOIR DAM","MT01356","72h","USC00247159",46,60.96,0.1832,0.2101,0.1649
"BYNUM RESERVOIR DAM","MT01356","72h","USC00241081",40,46.664,0.1889,0.1959,0.2138
"BYNUM RESERVOIR DAM","MT01356","72h","USC00241525",37,49.112,0.2174,0.089,0.2043
"BYNUM RESERVOIR DAM","MT01356","72h","USW00024143",89,50.307,0.2054,0.2291,0.1989
"BYNUM RESERVOIR DAM","MT01356","72h","USC00243753",26,50.343,0.1988,0.2773,0.1813
"BYNUM RESERVOIR DAM","MT01356","72h","USC00241552",108,58.615,0.2359,0.2697,0.2006
"BYNUM RESERVOIR DAM","MT01356","72h","USC00248455",22,63.167,0.2799,0.3677,0.2524
"BYNUM RESERVOIR DAM","MT01356","72h","USC00243749",60,54.878,0.2452,0.2147,0.1801
"BYNUM RESERVOIR DAM","MT01356","72h","USS0012B14S",48,84.22,0.1953,0.1487,0.202
"BYNUM RESERVOIR DAM","MT01356","72h","USS0012B16S",47,52.168,0.1829,0.0581,0.0056
"BYNUM RESERVOIR DAM","MT01356","72h","USW00024112",31,53.121,0.2127,0.1001,0.1738
"BYNUM RESERVOIR DAM","MT01356","72h","USC00248233",56,43.129,0.2515,0.2821,0.1917
"BYNUM RESERVOIR DAM","MT01356","72h","USC00245211",22,41.518,0.1716,0.1729,0.0921
"BYNUM RESERVOIR DAM","MT01356","72h","USC00248087",30,56.296,0.1861,0.2724,0.1783
"BYNUM RESERVOIR DAM","MT01356","72h","USC00242550",90,40.418,0.2088,0.1807,0.134
"BYNUM RESERVOIR DAM","MT01356","72h","USC00244241",117,49.475,0.2274,0.182,0.1473
"BYNUM RESERVOIR DAM","MT01356","72h","USC00247362",25,48.122,0.2682,0.187,0.1093
"BYNUM RESERVOIR DAM","MT01356","72h","USC00245040",55,45.479,0.2146,0.2449,0.1777
"BYNUM RESERVOIR DAM","MT01356","72h","USC00247292",24,76.173,0.2501,0.2516,0.0837
"BYNUM RESERVOIR DAM","MT01356","72h","USC00247996",60,50.944,0.2251,0.2141,0.1728
"BYNUM RESERVOIR DAM","MT01356","72h","USW00004130",23,60.394,0.1994,0.1324,0.2299
"BYNUM RESERVOIR DAM","MT01356","72h","USS0013A25S",48,121.1,0.1765,0.203,0.189
"BYNUM RESERVOIR DAM","MT01356","72h","USS0013B22S",46,67.619,0.1835,0.1969,0.2146
"BYNUM RESERVOIR DAM","MT01356","72h","USC00242301",48,60.635,0.2295,0.2075,0.085
"LONG LAKE NWR 7","ND00990","24h","USC00324083",31,54.852,0.2091,0.1154,0.1563
"LONG LAKE NWR 7","ND00990","24h","USC00326255",128,54.422,0.2216,0.2331,0.1669
"LONG LAKE NWR 7","ND00990","24h","USC00320827",43,55.467,0.2186,0.172,0.1208
"LONG LAKE NWR 7","ND00990","24h","USC00329515",64,55.174,0.2303,0.1962,0.1004
"LONG LAKE NWR 7","ND00990","24h","USC00329455",59,53.196,0.2326,0.2708,0.1372
"LONG LAKE NWR 7","ND00990","24h","USC00321456",59,50.695,0.2104,0.2787,0.2322
"LONG LAKE NWR 7","ND00990","24h","USC00327952",30,59.257,0.2015,0.3358,0.2895
"LONG LAKE NWR 7","ND00990","24h","USC00320382",113,54.521,0.1936,0.1542,0.1419
"LONG LAKE NWR 7","ND00990","24h","USC00326365",103,46.922,0.2085,0.1384,0.1495
"LONG LAKE NWR 7","ND00990","24h","USC00321370",73,47.304,0.1898,0.1572,0.1428
"LONG LAKE NWR 7","ND00990","24h","USC00328872",65,50.631,0.1625,0.0846,0.1001
"LONG LAKE NWR 7","ND00990","24h","USC00320136",41,47.454,0.2086,0.2122,0.1349
"LONG LAKE NWR 7","ND00990","24h","USC00395406",47,58.339,0.2369,0.2709,0.2203
"LONG LAKE NWR 7","ND00990","24h","USC00323064",63,61.562,0.2239,0.1908,0.1443
"LONG LAKE NWR 7","ND00990","24h","USC00324091",35,48.345,0.2375,0.2259,0.1857
"LONG LAKE NWR 7","ND00990","24h","USC00395381",93,50.927,0.1798,0.1768,0.1048
"LONG LAKE NWR 7","ND00990","24h","USC00327585",34,52.133,0.2251,0.1789,0.1927
"LONG LAKE NWR 7","ND00990","24h","USC00329219",61,51.682,0.1996,0.173,0.1013
"LONG LAKE NWR 7","ND00990","24h","USC00322588",38,56.283,0.1774,0.1983,0.0884
"LONG LAKE NWR 7","ND00990","24h","USC00327311",76,54.102,0.2261,0.2488,0.2477
"LONG LAKE NWR 7","ND00990","24h","USC00324102",47,55.589,0.1976,0.0834,0.0644
"LONG LAKE NWR 7","ND00990","24h","USC00390834",74,57.34,0.2,0.2377,0.2019
"LONG LAKE NWR 7","ND00990","24h","USC00394271",25,63.312,0.2354,0.1036,0.0742
"LONG LAKE NWR 7","ND00990","24h","USC00325638",89,50.694,0.1913,0.2224,0.1956
"LONG LAKE NWR 7","ND00990","24h","USC00398307",101,50.432,0.2084,0.151,0.1524
"LONG LAKE NWR 7","ND00990","24h","USC00327530",88,52.869,0.2056,0.1869,0.1466
"LONG LAKE NWR 7","ND00990","24h","USC00326155",93,48.766,0.1994,0.1453,0.226
"LONG LAKE NWR 7","ND00990","24h","USC00394864",109,51.562,0.2149,0.2547,0.1815
"LONG LAKE NWR 7","ND00990","72h","USC00324083",31,63.717,0.1943,0.0849,0.1656
"LONG LAKE NWR 7","ND00990","72h","USC00326255",128,61.753,0.2011,0.2045,0.1682
"LONG LAKE NWR 7","ND00990","72h","USC00320827",43,66.744,0.2171,0.2415,0.1922
"LONG LAKE NWR 7","ND00990","72h","USC00329515",64,63.907,0.2418,0.2344,0.1808
"LONG LAKE NWR 7","ND00990","72h","USC00329455",59,66.355,0.2251,0.262,0.1386
"LONG LAKE NWR 7","ND00990","72h","USC00323004",20,69.35,0.1603,0.2116,0.0961
"LONG LAKE NWR 7","ND00990","72h","USC00321456",59,59.927,0.2074,0.2411,0.2214
"LONG LAKE NWR 7","ND00990","72h","USC00320382",113,63.039,0.1852,0.1206,0.1694
"LONG LAKE NWR 7","ND00990","72h","USC00326365",103,58.446,0.1925,0.1537,0.2057
"LONG LAKE NWR 7","ND00990","72h","USC00321370",73,58.137,0.1742,0.0932,0.1518
"LONG LAKE NWR 7","ND00990","72h","USC00320136",41,55.479,0.1881,0.0822,0.1256
"LONG LAKE NWR 7","ND00990","72h","USC00395406",47,67.868,0.2249,0.2267,0.1235
"LONG LAKE NWR 7","ND00990","72h","USC00323064",63,68.49,0.2052,0.2026,0.1332
"LONG LAKE NWR 7","ND00990","72h","USC00324091",35,57.88,0.2095,0.1448,0.2443
"LONG LAKE NWR 7","ND00990","72h","USC00395381",93,61.492,0.1824,0.1745,0.1706
"LONG LAKE NWR 7","ND00990","72h","USC00327585",34,61.567,0.219,0.1595,0.1328
"LONG LAKE NWR 7","ND00990","72h","USC00329219",61,56.979,0.1904,0.0981,0.1408
"LONG LAKE NWR 7","ND00990","72h","USC00322588",38,65.936,0.1574,0.1683,0.0616
"LONG LAKE NWR 7","ND00990","72h","USC00327311",76,63.765,0.2163,0.1975,0.2237
"LONG LAKE NWR 7","ND00990","72h","USC00324102",47,65.412,0.1862,0.134,0.1584
"LONG LAKE NWR 7","ND00990","72h","USC00390834",74,68.989,0.192,0.1793,0.1508
"LONG LAKE NWR 7","ND00990","72h","USC00394271",25,72.755,0.2708,0.2511,0.2072
"LONG LAKE NWR 7","ND00990","72h","USC00325638",89,61.077,0.1814,0.118,0.1523
"LONG LAKE NWR 7","ND00990","72h","USC00398307",101,64.254,0.2126,0.147,0.098
"LONG LAKE NWR 7","ND00990","72h","USC00327530",88,64.386,0.2088,0.2182,0.1779
"LONG LAKE NWR 7","ND00990","72h","USC00326155",93,58.422,0.179,0.0968,0.1836
"LONG LAKE NWR 7","ND00990","72h","USC00394864",109,62.229,0.2012,0.1661,0.1365
"MUD MOUNTAIN DAM","WA00300","24h","USS0021B63S",27,77.924,0.2346,0.2119,0.2109
"MUD MOUNTAIN DAM","WA00300","24h","USS0021C40S",28,73.708,0.2314,0.3186,0.194
"MUD MOUNTAIN DAM","WA00300","24h","USS0021B42S",44,109.718,0.2089,0.2023,0.1909
"MUD MOUNTAIN DAM","WA00300","24h","USS0021B62S",29,64.429,0.2269,0.2557,0.1736
"MUD MOUNTAIN DAM","WA00300","24h","USS0021B17S",31,122.492,0.18,0.2479,0.2951
"MUD MOUNTAIN DAM","WA00300","24h","USS0021B21S",33,107.497,0.1688,0.1434,0.1703
"MUD MOUNTAIN DAM","WA00300","24h","USS0021B13S",43,64.481,0.179,0.088,0.1902
"MUD MOUNTAIN DAM","WA00300","24h","USS0021B59S",33,115.5,0.1858,0.1879,0.2406
"MUD MOUNTAIN DAM","WA00300","24h","USS0021B20S",33,114.202,0.1916,0.136,0.1173
"MUD MOUNTAIN DAM","WA00300","24h","USC00456898",57,119.853,0.1919,0.2512,0.1832
"MUD MOUNTAIN DAM","WA00300","24h","USS0021C35S",43,132.294,0.192,0.23,0.1818
"MUD MOUNTAIN DAM","WA00300","24h","USS0021C17S",43,102.856,0.197,0.1496,0.1575
"MUD MOUNTAIN DAM","WA00300","24h","USC00456894",62,92.204,0.1771,0.231,0.2203
"MUD MOUNTAIN DAM","WA00300","24h","USS0021B55S",45,145.494,0.1867,0.1455,0.1656
"MUD MOUNTAIN DAM","WA00300","24h","USS0021B10S",44,114.089,0.2001,0.1493,0.1727
"MUD MOUNTAIN DAM","WA00300","24h","USC00454414",64,89.45,0.1683,0.1514,0.0787
"MUD MOUNTAIN DAM","WA00300","24h","USC00457781",38,105.563,0.148,0.2145,0.1005
"MUD MOUNTAIN DAM","WA00300","24h","USC00450969",49,70.595,0.154,0.0819,0.1242
"MUD MOUNTAIN DAM","WA00300","24h","USC00454406",67,75.03,0.1767,0.236,0.1112
"MUD MOUNTAIN DAM","WA00300","24h","USS0021C38S",45,90.438,0.2079,0.1211,0.1522
"MUD MOUNTAIN DAM","WA00300","24h","USS0021B60S",30,166.942,0.1734,0.185,0.2066
"MUD MOUNTAIN DAM","WA00300","24h","USC00458508",55,89.685,0.1568,0.2194,0.1657
"MUD MOUNTAIN DAM","WA00300","24h","USC00454394",61,64.102,0.1982,0.3265,0.1955
"MUD MOUNTAIN DAM","WA00300","24h","USS0021C28S",46,64.95,0.204,0.2008,0.1778
"MUD MOUNTAIN DAM","WA00300","24h","USS0021C33S",45,92.416,0.23,0.2023,0.1713
"MUD MOUNTAIN DAM","WA00300","24h","USS0021B51S",42,83.585,0.2246,0.2082,0.1623
"MUD MOUNTAIN DAM","WA00300","24h","USS0021B48S",31,164.623,0.1431,0.0644,0.1096
"MUD MOUNTAIN DAM","WA00300","24h","USS0021B04S",43,85.57,0.173,0.1393,0.1322
"MUD MOUNTAIN DAM","WA00300","24h","USC00457038",59,53.995,0.1944,0.2112,0.2255
"MUD MOUNTAIN DAM","WA00300","24h","USC00457379",38,101.218,0.1838,0.2281,0.1448
"MUD MOUNTAIN DAM","WA00300","24h","USS0021C10S",44,51.602,0.1967,0.1474,0.1471
"MUD MOUNTAIN DAM","WA00300","24h","USC00458442",27,44.179,0.235,0.2729,0.1752
"MUD MOUNTAIN DAM","WA00300","24h","USC00458089",32,103.162,0.2024,0.209,0.188
"MUD MOUNTAIN DAM","WA00300","24h","USS0021B01S",44,121.008,0.1731,0.2708,0.2362
"MUD MOUNTAIN DAM","WA00300","24h","USS0021C14S",45,80.941,0.2153,0.254,0.2258
"MUD MOUNTAIN DAM","WA00300","24h","USS0021C26S",43,111.273,0.1465,0.2658,0.21
"MUD MOUNTAIN DAM","WA00300","24h","USS0020B02S",45,59.767,0.2407,0.2864,0.1822
"MUD MOUNTAIN DAM","WA00300","24h","USS0022C12S",41,118.173,0.1837,0.0934,0.1609
"MUD MOUNTAIN DAM","WA00300","24h","USS0023B06S",35,106.766,0.1643,-0.0067,0.1132
"MUD MOUNTAIN DAM","WA00300","24h","USS0021C39S",36,47.039,0.1763,0.0372,0.1032
"MUD MOUNTAIN DAM","WA00300","24h","USS0020B11S",44,52.188,0.2024,0.141,0.1413
"MUD MOUNTAIN DAM","WA00300","24h","USS0022C13S",23,179.321,0.1868,0.2525,0.2506
"MUD MOUNTAIN DAM","WA00300","24h","USS0022C09S",44,181.999,0.1587,0.1626,0.2268
"MUD MOUNTAIN DAM","WA00300","24h","USC00454446",44,70.15,0.2359,0.1946,0.13
"MUD MOUNTAIN DAM","WA00300","24h","USS0021C13S",45,104.284,0.1616,0.359,0.3014
"MUD MOUNTAIN DAM","WA00300","24h","USS0020B07S",44,54.268,0.236,0.2354,0.192
"MUD MOUNTAIN DAM","WA00300","72h","USS0021B63S",27,123.253,0.2017,0.2007,0.2289
"MUD MOUNTAIN DAM","WA00300","72h","USS0021C40S",28,111.674,0.2347,0.28,0.2691
"MUD MOUNTAIN DAM","WA00300","72h","USS0021B42S",44,173.92,0.1874,0.1795,0.1589
"MUD MOUNTAIN DAM","WA00300","72h","USS0021B62S",29,98.518,0.2299,0.2237,0.1587
"MUD MOUNTAIN DAM","WA00300","72h","USS0021B17S",31,203.392,0.172,0.1638,0.1728
"MUD MOUNTAIN DAM","WA00300","72h","USS0021B21S",33,180.756,0.1801,0.1433,0.149
"MUD MOUNTAIN DAM","WA00300","72h","USS0021B13S",43,102.401,0.1713,0.1132,0.1661
"MUD MOUNTAIN DAM","WA00300","72h","USS0021B59S",33,189.626,0.1881,0.1664,0.1774
"MUD MOUNTAIN DAM","WA00300","72h","USS0021B20S",33,192.501,0.1966,0.183,0.1578
"MUD MOUNTAIN DAM","WA00300","72h","USC00456898",57,200.83,0.1726,0.2313,0.2104
"MUD MOUNTAIN DAM","WA00300","72h","USS0021C35S",43,220.18,0.1922,0.1946,0.1671
"MUD MOUNTAIN DAM","WA00300","72h","USS0021C17S",43,165.983,0.1631,0.0571,0.1181
"MUD MOUNTAIN DAM","WA00300","72h","USC00456894",62,150.126,0.1603,0.1565,0.1596
"MUD MOUNTAIN DAM","WA00300","72h","USC00454764",37,152.883,0.1669,0.1953,0.1728
"MUD MOUNTAIN DAM","WA00300","72h","USS0021B55S",45,238.129,0.1624,0.1259,0.2256
"MUD MOUNTAIN DAM","WA00300","72h","USS0021B10S",44,177.425,0.1846,0.1852,0.1709
"MUD MOUNTAIN DAM","WA00300","72h","USW00024237",63,181.842,0.2025,0.2537,0.1843
"MUD MOUNTAIN DAM","WA00300","72h","USC00454414",64,142.003,0.1663,0.1412,0.0911
"MUD MOUNTAIN DAM","WA00300","72h","USC00457781",38,177.754,0.1483,0.1461,0.1296
"MUD MOUNTAIN DAM","WA00300","72h","USC00450969",49,115.16,0.159,0.0417,0.1425
"MUD MOUNTAIN DAM","WA00300","72h","USC00454406",67,116.584,0.1782,0.1335,0.1338
"MUD MOUNTAIN DAM","WA00300","72h","USS0021C38S",45,145.514,0.2078,0.1711,0.162
"MUD MOUNTAIN DAM","WA00300","72h","USS0021B60S",30,256.889,0.1759,0.2182,0.2726
"MUD MOUNTAIN DAM","WA00300","72h","USC00458508",55,151.728,0.1446,0.1018,0.0741
"MUD MOUNTAIN DAM","WA00300","72h","USC00454394",61,98.855,0.2104,0.282,0.2271
"MUD MOUNTAIN DAM","WA00300","72h","USS0021C28S",46,104.823,0.2064,0.1995,0.1898
"MUD MOUNTAIN DAM","WA00300","72h","USS0021C33S",45,150.819,0.2118,0.1789,0.0709
"MUD MOUNTAIN DAM","WA00300","72h","USS0021B51S",42,131.445,0.1843,0.1771,0.1447
"MUD MOUNTAIN DAM","WA00300","72h","USS0021B48S",31,258.912,0.1456,0.169,0.2977
"MUD MOUNTAIN DAM","WA00300","72h","USS0021B04S",43,136.77,0.1689,0.1618,0.234
"MUD MOUNTAIN DAM","WA00300","72h","USC00457038",59,81.56,0.229,0.3079,0.2674
"MUD MOUNTAIN DAM","WA00300","72h","USC00457379",38,163.689,0.1725,0.0187,0.0667
"MUD MOUNTAIN DAM","WA00300","72h","USS0021C10S",44,79.923,0.1668,0.1542,0.2106
"MUD MOUNTAIN DAM","WA00300","72h","USC00458442",27,61.003,0.2166,0.2838,0.1372
"MUD MOUNTAIN DAM","WA00300","72h","USC00458089",32,161.337,0.219,0.2276,0.1748
"MUD MOUNTAIN DAM","WA00300","72h","USS0021B01S",44,189.445,0.1674,0.2431,0.2743
"MUD MOUNTAIN DAM","WA00300","72h","USS0021C14S",45,133.081,0.1815,0.2449,0.2258
"MUD MOUNTAIN DAM","WA00300","72h","USS0021C26S",43,189.954,0.1715,0.2989,0.2861
"MUD MOUNTAIN DAM","WA00300","72h","USS0020B02S",45,87.733,0.2138,0.2171,0.1545
"MUD MOUNTAIN DAM","WA00300","72h","USS0022C12S",41,178.858,0.1729,0.132,0.163
"MUD MOUNTAIN DAM","WA00300","72h","USS0021C20S",43,193.348,0.1414,0.0736,0.2387
"MUD MOUNTAIN DAM","WA00300","72h","USS0021C39S",36,73.908,0.1929,0.1606,0.0987
"MUD MOUNTAIN DAM","WA00300","72h","USS0022C10S",44,239.023,0.1562,0.1596,0.1854
"MUD MOUNTAIN DAM","WA00300","72h","USS0020B11S",44,73.671,0.1699,0.157,0.2081
"MUD MOUNTAIN DAM","WA00300","72h","USS0022C13S",23,305.762,0.1719,0.1656,0.2072
"MUD MOUNTAIN DAM","WA00300","72h","USS0022C09S",44,305.971,0.1637,0.1921,0.2474
"MUD MOUNTAIN DAM","WA00300","72h","USS0021C13S",45,175.423,0.1461,0.1553,0.1872
"MUD MOUNTAIN DAM","WA00300","72h","USS0020B07S",44,73.54,0.2051,0.1555,0.1851
"BUCKS LAKE","CA00332","24h","USC00047195",90,98.988,0.1853,0.1836,0.2113
"BUCKS LAKE","CA00332","24h","USC00041130",39,164.18,0.2392,0.2005,0.1477
"BUCKS LAKE","CA00332","24h","USC00049540",32,144.884,0.1524,0.1501,0.2862
"BUCKS LAKE","CA00332","24h","USC00044773",22,143.89,0.1599,0.155,0.1645
"BUCKS LAKE","CA00332","24h","USC00041497",91,81.185,0.1672,0.1483,0.122
"BUCKS LAKE","CA00332","24h","USC00042402",107,136.449,0.1846,0.1294,0.1705
"BUCKS LAKE","CA00332","24h","USC00048606",73,161.331,0.19,0.2161,0.1861
"BUCKS LAKE","CA00332","24h","USC00041700",96,72.518,0.1728,0.2118,0.2172
"BUCKS LAKE","CA00332","24h","USC00041653",47,138.685,0.211,0.1778,0.1446
"BUCKS LAKE","CA00332","24h","USC00049599",22,55.719,0.1854,0.0378,0.0833
"BUCKS LAKE","CA00332","24h","USC00042500",97,127.28,0.1831,0.1764,0.145
"BUCKS LAKE","CA00332","24h","USC00041462",41,129.826,0.2195,0.2955,0.148
"BUCKS LAKE","CA00332","24h","USC00045679",77,119.984,0.2095,0.1485,0.1492
"BUCKS LAKE","CA00332","24h","USC00048207",30,125.475,0.1842,0.23,0.0834
"BUCKS LAKE","CA00332","24h","USC00047085",84,57.136,0.1923,0.2735,0.2236
"BUCKS LAKE","CA00332","24h","USC00041018",68,138.378,0.1825,0.1109,0.1211
"BUCKS LAKE","CA00332","24h","USC00042334",42,151.88,0.1924,0.186,0.0471
"BUCKS LAKE","CA00332","24h","USC00042338",21,143.553,0.2209,0.2452,0.2924
"BUCKS LAKE","CA00332","24h","USC00046136",120,117.092,0.1654,0.1784,0.1862
"BUCKS LAKE","CA00332","24h","USC00043571",55,122.254,0.1633,0.1805,0.1562
"BUCKS LAKE","CA00332","24h","USC00043573",59,113.862,0.1807,0.1471,0.2332
"BUCKS LAKE","CA00332","24h","USC00045311",56,78.573,0.1975,0.254,0.1821
"BUCKS LAKE","CA00332","24h","USC00048218",74,79.715,0.2224,0.2398,0.1072
"BUCKS LAKE","CA00332","24h","USC00044713",73,139.606,0.2025,0.2167,0.1615
"BUCKS LAKE","CA00332","24h","USW00023225",75,133.254,0.2078,0.2587,0.1391
"BUCKS LAKE","CA00332","24h","USC00049390",85,65.206,0.1647,0.1328,0.1213
"BUCKS LAKE","CA00332","24h","USC00048175",25,83.037,0.1787,0.2217,0.1735
"BUCKS LAKE","CA00332","24h","USC00043491",82,117.204,0.1949,0.1651,0.1132
"BUCKS LAKE","CA00332","24h","USC00049351",69,42.626,0.2479,0.3002,0.202
"BUCKS LAKE","CA00332","24h","USS0020K03S",46,76.744,0.2265,0.1739,0.1344
"BUCKS LAKE","CA00332","24h","USC00044288",65,104.699,0.1785,0.2256,0.1965
"BUCKS LAKE","CA00332","24h","USC00041912",95,101.437,0.1998,0.1959,0.2097
"BUCKS LAKE","CA00332","24h","USS0020K05S",47,86.659,0.1844,0.2125,0.1976
"BUCKS LAKE","CA00332","24h","USS0020K04S",48,72.292,0.2252,0.2246,0.1395
"BUCKS LAKE","CA00332","24h","USS0020K31S",43,118.818,0.1858,0.195,0.1599
"BUCKS LAKE","CA00332","24h","USC00048331",25,98.956,0.2168,0.2605,0.1726
"BUCKS LAKE","CA00332","24h","USC00047641",44,81.907,0.2139,0.1247,0.083
"BUCKS LAKE","CA00332","24h","USC00043134",71,126.904,0.2085,0.1806,0.0843
"BUCKS LAKE","CA00332","24h","USC00042467",56,89.871,0.1731,0.1587,0.2188
"BUCKS LAKE","CA00332","24h","USC00049043",79,71.332,0.1855,0.1996,0.1691
"BUCKS LAKE","CA00332","24h","USS0020K13S",46,73.696,0.197,0.2095,0.1849
"BUCKS LAKE","CA00332","24h","USC00040931",87,60.821,0.184,0.2286,0.2524
"BUCKS LAKE","CA00332","24h","USC00043384",42,120.969,0.2018,0.184,0.1027
"BUCKS LAKE","CA00332","24h","USS0020K30S",46,121.544,0.2052,0.1421,0.1074
"BUCKS LAKE","CA00332","24h","USC00043381",35,113.471,0.2021,0.089,0.0303
"BUCKS LAKE","CA00332","24h","USC00041214",58,61.581,0.1875,0.0428,0.0664
"BUCKS LAKE","CA00332","72h","USC00047195",90,165.825,0.2285,0.2184,0.1964
"BUCKS LAKE","CA00332","72h","USC00041130",39,257.785,0.2334,0.1575,0.2057
"BUCKS LAKE","CA00332","72h","USC00049540",32,249.965,0.1919,0.153,0.1086
"BUCKS LAKE","CA00332","72h","USC00044773",22,256.175,0.2334,0.25,0.1183
"BUCKS LAKE","CA00332","72h","USC00044274",24,284.662,0.2648,0.2221,0.0749
"BUCKS LAKE","CA00332","72h","USC00043621",54,163.039,0.2174,0.2448,0.1985
"BUCKS LAKE","CA00332","72h","USC00042402",107,222.417,0.2034,0.1126,0.1393
"BUCKS LAKE","CA00332","72h","USC00048606",73,285.292,0.2138,0.1742,0.1953
"BUCKS LAKE","CA00332","72h","USC00041700",96,117.456,0.2022,0.1792,0.2367
"BUCKS LAKE","CA00332","72h","USC00041653",47,232.364,0.2341,0.2031,0.1875
"BUCKS LAKE","CA00332","72h","USC00049599",22,90.869,0.2198,0.174,0.0112
"BUCKS LAKE","CA00332","72h","USC00042500",97,214.917,0.2108,0.2077,0.1786
"BUCKS LAKE","CA00332","72h","USC00041462",41,212.627,0.2493,0.3057,0.1427
"BUCKS LAKE","CA00332","72h","USC00045679",77,194.622,0.2449,0.2286,0.1831
"BUCKS LAKE","CA00332","72h","USC00048207",30,219.884,0.2178,0.3112,0.1986
"BUCKS LAKE","CA00332","72h","USC00047085",84,87.332,0.2299,0.2254,0.1608
"BUCKS LAKE","CA00332","72h","USC00041018",68,227.962,0.2343,0.285,0.1815
"BUCKS LAKE","CA00332","72h","USC00042334",42,262.179,0.2384,0.2629,0.0884
"BUCKS LAKE","CA00332","72h","USC00042338",21,225.565,0.244,0.2953,0.3119
"BUCKS LAKE","CA00332","72h","USC00048702",84,70.214,0.2848,0.2285,0.215
"BUCKS LAKE","CA00332","72h","USC00046136",120,194.145,0.196,0.1608,0.187
"BUCKS LAKE","CA00332","72h","USC00043571",55,194.252,0.1916,0.2438,0.1667
"BUCKS LAKE","CA00332","72h","USC00043573",59,180.306,0.2102,0.1387,0.1516
"BUCKS LAKE","CA00332","72h","USC00045311",56,123.598,0.2208,0.2791,0.2325
"BUCKS LAKE","CA00332","72h","USC00048218",74,119.035,0.2824,0.3052,0.19
"BUCKS LAKE","CA00332","72h","USC00044713",73,238.267,0.2363,0.3158,0.1551
"BUCKS LAKE","CA00332","72h","USW00023225",75,224.616,0.2285,0.3025,0.1699
"BUCKS LAKE","CA00332","72h","USC00043491",82,191.003,0.2272,0.2312,0.1585
"BUCKS LAKE","CA00332","72h","USC00049351",69,60.561,0.2788,0.285,0.1899
"BUCKS LAKE","CA00332","72h","USS0020K03S",46,122.227,0.2279,0.2129,0.2166
"BUCKS LAKE","CA00332","72h","USC00044288",65,170.204,0.2241,0.2,0.154
"BUCKS LAKE","CA00332","72h","USC00041912",95,161.057,0.2148,0.2338,0.238
"BUCKS LAKE","CA00332","72h","USS0020K05S",47,150.582,0.2012,0.0723,0.186
"BUCKS LAKE","CA00332","72h","USS0020K04S",48,116.583,0.2525,0.2119,0.1459
"BUCKS LAKE","CA00332","72h","USS0020K31S",43,204.314,0.1747,0.1451,0.2442
"BUCKS LAKE","CA00332","72h","USC00048331",25,172.706,0.2478,0.396,0.2852
"BUCKS LAKE","CA00332","72h","USC00047641",44,128.254,0.268,0.3258,0.2493
"BUCKS LAKE","CA00332","72h","USC00043134",71,180.914,0.224,0.1989,0.1553
"BUCKS LAKE","CA00332","72h","USC00042467",56,148.215,0.2278,0.2118,0.2481
"BUCKS LAKE","CA00332","72h","USC00049043",79,120.895,0.2198,0.1964,0.1786
"BUCKS LAKE","CA00332","72h","USS0020K13S",46,125.358,0.199,0.1336,0.2484
"BUCKS LAKE","CA00332","72h","USC00040931",87,95.031,0.2339,0.2431,0.2143
"BUCKS LAKE","CA00332","72h","USC00043384",42,194.336,0.2618,0.2932,0.1257
"BUCKS LAKE","CA00332","72h","USS0020K30S",46,201.231,0.2096,0.0939,0.0834
"BUCKS LAKE","CA00332","72h","USC00043381",35,190.703,0.2335,0.1835,0.0632
"BUCKS LAKE","CA00332","72h","USC00041214",58,98.004,0.1927,0.0926,0.1314
"LONG LAKE","WA00021","24h","USC00459058",57,35.078,0.1345,0.2168,0.1809
"LONG LAKE","WA00021","24h","USC00457941",31,27.82,0.1405,0.156,0.0208
"LONG LAKE","WA00021","24h","USW00024114",22,28.199,0.1527,0.2681,0.1219
"LONG LAKE","WA00021","24h","USC00452007",102,25.707,0.1574,0.181,0.1724
"LONG LAKE","WA00021","24h","USW00024157",137,27.202,0.1605,0.2088,0.1714
"LONG LAKE","WA00021","24h","USC00452066",55,33.121,0.1489,0.1845,0.1608
"LONG LAKE","WA00021","24h","USW00094119",28,34.308,0.1234,0.221,0.24
"LONG LAKE","WA00021","24h","USC00451362",22,34.111,0.1521,0.0936,0.2576
"LONG LAKE","WA00021","24h","USC00453515",57,23.847,0.1855,0.3093,0.2918
"LONG LAKE","WA00021","24h","USC00453502",56,25.831,0.1565,0.156,0.1147
"LONG LAKE","WA00021","24h","USS0017B06S",20,57.833,0.1716,0.3329,0.1985
"LONG LAKE","WA00021","24h","USC00457956",52,26.092,0.1326,0.2061,0.205
"LONG LAKE","WA00021","24h","USC00459238",107,25.054,0.1771,0.1883,0.1117
"LONG LAKE","WA00021","24h","USC00455844",88,39.758,0.1744,0.3136,0.2369
"LONG LAKE","WA00021","24h","USC00457180",129,28.737,0.1868,0.2132,0.1744
"LONG LAKE","WA00021","24h","USC00101956",93,37.203,0.1749,0.2639,0.2188
"LONG LAKE","WA00021","24h","USC00458348",37,33.225,0.1681,0.2017,0.1668
"LONG LAKE","WA00021","24h","USC00100667",61,37.32,0.1917,0.2838,0.257
"LONG LAKE","WA00021","24h","USS0017A01S",43,55.465,0.1305,0.1021,0.0178
"LONG LAKE","WA00021","24h","USS0016A10S",42,70.528,0.1742,0.2327,0.1891
"LONG LAKE","WA00021","24h","USC00108137",101,45.171,0.1415,0.1357,0.1584
"LONG LAKE","WA00021","24h","USS0019A13S",35,43.211,0.1612,0.0273,0.18
"LONG LAKE","WA00021","24h","USC00108062",100,40.812,0.152,0.1166,0.1168
"LONG LAKE","WA00021","24h","USC00456974",97,29.414,0.1903,0.204,0.1343
"LONG LAKE","WA00021","24h","USC00451586",81,32.734,0.1412,0.2132,0.185
"LONG LAKE","WA00021","24h","USC00454807",27,27.476,0.1972,0.1951,0.1262
"LONG LAKE","WA00021","24h","USC00452175",25,27.54,0.1426,0.0924,0.1609
"LONG LAKE","WA00021","24h","USS0016A04S",43,68.412,0.1688,0.1818,0.1859
"LONG LAKE","WA00021","24h","USC00107301",93,36.566,0.1809,0.2954,0.226
"LONG LAKE","WA00021","24h","USC00456789",87,32.25,0.1569,0.1631,0.1491
"LONG LAKE","WA00021","24h","USC00104831",108,39.382,0.1682,0.2256,0.1588
"LONG LAKE","WA00021","24h","USW00094129",24,27.709,0.1874,0.2665,0.2883
"LONG LAKE","WA00021","24h","USC00454971",48,24.982,0.1663,0.3169,0.2215
"LONG LAKE","WA00021","24h","USC00453975",66,26.091,0.1685,0.1491,0.0955
"LONG LAKE","WA00021","24h","USC00101363",60,43.166,0.1392,0.1806,0.1313
"LONG LAKE","WA00021","24h","USS0016C02S",26,55.413,0.1164,0.0568,0.2338
"LONG LAKE","WA00021","24h","CA001146870",55,39.659,0.1599,0.2054,0.0978
"LONG LAKE","WA00021","24h","CA001146874",28,36.342,0.1271,0.2425,0.2586
"LONG LAKE","WA00021","24h","USC00244084",99,43.793,0.1478,0.1916,0.1893
"LONG LAKE","WA00021","24h","USC00106152",131,36.326,0.1773,0.1703,0.1462
"LONG LAKE","WA00021","24h","USS0016B14S",35,60.768,0.1524,0.1504,0.1239
"LONG LAKE","WA00021","24h","CA001148700",72,35.327,0.1518,0.2545,0.1756
"LONG LAKE","WA00021","24h","USS0016A08S",44,104.499,0.1783,0.2601,0.2642
"LONG LAKE","WA00021","24h","USS0016A14S",23,39.427,0.1982,0.0678,0.1156
"LONG LAKE","WA00021","72h","USC00459058",57,43.067,0.1252,0.1209,0.1801
"LONG LAKE","WA00021","72h","USC00457941",31,35.821,0.1277,0.1224,0.1254
"LONG LAKE","WA00021","72h","USC00452007",102,33.101,0.1471,0.2084,0.1913
"LONG LAKE","WA00021","72h","USW00024157",137,35.384,0.1529,0.1169,0.1293
"LONG LAKE","WA00021","72h","USW00094119",28,49.731,0.1488,0.1931,0.21
"LONG LAKE","WA00021","72h","USC00451362",22,41.312,0.1291,0.0506,0.1892
"LONG LAKE","WA00021","72h","USC00453515",57,29.469,0.1639,0.199,0.1822
"LONG LAKE","WA00021","72h","USC00453502",56,31.77,0.1526,0.1213,0.1262
"LONG LAKE","WA00021","72h","USS0017B04S",40,91.093,0.1373,0.1798,0.1671
"LONG LAKE","WA00021","72h","USS0017B06S",20,86.458,0.1552,0.0767,0.0907
"LONG LAKE","WA00021","72h","USC00457956",52,34.392,0.15,0.2152,0.1952
"LONG LAKE","WA00021","72h","USC00459238",107,31.445,0.1693,0.1623,0.1145
"LONG LAKE","WA00021","72h","USC00455844",88,55.25,0.1463,0.1707,0.1521
"LONG LAKE","WA00021","72h","USC00457180",129,38.224,0.151,0.0884,0.1462
"LONG LAKE","WA00021","72h","USC00101956",93,51.52,0.1674,0.2302,0.2168
"LONG LAKE","WA00021","72h","USC00458348",37,46.258,0.1837,0.1264,0.1494
"LONG LAKE","WA00021","72h","USC00107386",120,60.866,0.1517,0.1884,0.1479
"LONG LAKE","WA00021","72h","USC00100667",61,51.49,0.1876,0.2691,0.2533
"LONG LAKE","WA00021","72h","USS0017A01S",43,82.814,0.1239,0.1126,0.1899
"LONG LAKE","WA00021","72h","USS0016A10S",42,114.485,0.1782,0.0983,0.1517
"LONG LAKE","WA00021","72h","USC00108137",101,65.65,0.147,0.1258,0.1282
"LONG LAKE","WA00021","72h","USS0019A13S",35,62.636,0.1692,0.1562,0.101
"LONG LAKE","WA00021","72h","USC00108062",100,57.987,0.1529,0.0754,0.1291
"LONG LAKE","WA00021","72h","USC00456974",97,36.943,0.1759,0.2029,0.1883
"LONG LAKE","WA00021","72h","USC00451586",81,45.045,0.1432,0.1727,0.1269
"LONG LAKE","WA00021","72h","USC00452175",25,36.161,0.1887,0.222,0.2404
"LONG LAKE","WA00021","72h","USC00455317",42,48.709,0.1305,0.0638,0.0562
"LONG LAKE","WA00021","72h","USS0016A04S",43,103.424,0.1608,0.0994,0.1572
"LONG LAKE","WA00021","72h","USC00107301",93,48.849,0.156,0.1243,0.1583
"LONG LAKE","WA00021","72h","USC00456789",87,45.585,0.1626,0.1803,0.1339
"LONG LAKE","WA00021","72h","USC00104831",108,57.487,0.1543,0.1912,0.1399
"LONG LAKE","WA00021","72h","USC00456784",43,43.576,0.1669,0.1613,0.2366
"LONG LAKE","WA00021","72h","USW00094129",24,35.986,0.1963,0.1788,0.0933
"LONG LAKE","WA00021","72h","USC00454971",48,30.967,0.1606,0.2604,0.1508
"LONG LAKE","WA00021","72h","USC00453975",66,35.131,0.2,0.2357,0.1649
"LONG LAKE","WA00021","72h","USC00101363",60,63.237,0.1458,0.1519,0.1756
"LONG LAKE","WA00021","72h","USS0016C02S",26,84.618,0.1389,0.0303,0.1369
"LONG LAKE","WA00021","72h","CA001146870",55,55.599,0.1483,0.1881,0.2289
"LONG LAKE","WA00021","72h","CA001146874",28,55.256,0.1441,0.2051,0.1224
"LONG LAKE","WA00021","72h","USC00244084",99,65.49,0.1349,0.1073,0.144
"LONG LAKE","WA00021","72h","USC00106152",131,50.164,0.1663,0.1496,0.187
"LONG LAKE","WA00021","72h","USS0016B14S",35,97.538,0.1523,0.0821,0.1659
"LONG LAKE","WA00021","72h","CA001148700",72,50.511,0.1494,0.2699,0.2306
"LONG LAKE","WA00021","72h","USS0016A08S",44,169.21,0.1626,0.1348,0.2367
"LONG LAKE","WA00021","72h","USS0016A14S",23,62.221,0.2025,0.1427,0.1456
"GRAHAM DAM","TX03945","24h","USC00414960",54,87.37,0.2165,0.2702,0.0744
"GRAHAM DAM","TX03945","24h","USC00418326",45,80.587,0.2305,0.0881,0.1257
"GRAHAM DAM","TX03945","24h","USC00416484",24,87.175,0.2101,0.2678,0.1469
"GRAHAM DAM","TX03945","24h","USC00419845",32,78.556,0.2129,0.2793,0.2002
"GRAHAM DAM","TX03945","24h","USC00413579",24,90.767,0.225,0.2626,0.0601
"GRAHAM DAM","TX03945","24h","USC00418939",27,80.037,0.253,0.2943,0.1509
"GRAHAM DAM","TX03945","24h","USC00417678",48,72.334,0.2291,0.1587,0.1199
"GRAHAM DAM","TX03945","24h","USC00417782",81,77.639,0.2012,0.1635,0.2111
"GRAHAM DAM","TX03945","72h","USC00414960",54,111.057,0.2179,0.2506,0.1006
"GRAHAM DAM","TX03945","72h","USC00418326",45,100.363,0.2375,0.108,0.1682
"GRAHAM DAM","TX03945","72h","USC00416484",24,107.807,0.1782,0.1901,0.2069
"GRAHAM DAM","TX03945","72h","USC00419845",32,97.547,0.1547,0.0681,0.2012
"GRAHAM DAM","TX03945","72h","USC00413579",24,106.867,0.2415,0.2286,0.1467
"GRAHAM DAM","TX03945","72h","USC00418939",27,95.817,0.2033,0.2466,0.2518
"GRAHAM DAM","TX03945","72h","USC00417678",48,84.765,0.2337,0.2067,0.1894
"GRAHAM DAM","TX03945","72h","USC00417782",81,90.851,0.1926,0.1228,0.1692
"CABINET GORGE","ID00222","24h","USC00101363",60,43.166,0.1392,0.1806,0.1313
"CABINET GORGE","ID00222","24h","USC00244084",99,43.793,0.1478,0.1916,0.1893
"CABINET GORGE","ID00222","24h","USS0016A04S",43,68.412,0.1688,0.1818,0.1859
"CABINET GORGE","ID00222","24h","USS0016A08S",44,104.499,0.1783,0.2601,0.2642
"CABINET GORGE","ID00222","24h","USC00100667",61,37.32,0.1917,0.2838,0.257
"CABINET GORGE","ID00222","24h","USC00248380",49,40.931,0.1451,0.2112,0.2192
"CABINET GORGE","ID00222","24h","USC00248379",40,42.731,0.1376,0.1612,0.0887
"CABINET GORGE","ID00222","24h","USC00108137",101,45.171,0.1415,0.1357,0.1584
"CABINET GORGE","ID00222","24h","USC00248390",33,38.262,0.1562,0.1725,0.0532
"CABINET GORGE","ID00222","24h","USC00245015",96,30.74,0.1932,0.2944,0.2592
"CABINET GORGE","ID00222","24h","USS0016A10S",42,70.528,0.1742,0.2327,0.1891
"CABINET GORGE","ID00222","24h","USS0015B09S",43,54.865,0.1778,0.1993,0.243
"CABINET GORGE","ID00222","24h","USC00104831",108,39.382,0.1682,0.2256,0.1588
"CABINET GORGE","ID00222","24h","US1MTSN0004",20,30.663,0.1028,0.2336,0.2273
"CABINET GORGE","ID00222","24h","USC00101272",29,50.078,0.1347,0.1117,0.2366
"CABINET GORGE","ID00222","24h","USC00245020",66,33.885,0.1704,0.2692,0.1622
"CABINET GORGE","ID00222","24h","USS0015B21S",44,59.03,0.1794,0.1241,0.1782
"CABINET GORGE","ID00222","24h","USC00245011",40,30.801,0.1773,0.1819,0.0578
"CABINET GORGE","ID00222","24h","USC00109498",70,48.086,0.1545,0.1204,0.2156
"CABINET GORGE","ID00222","24h","USC00109493",53,50.803,0.1517,0.0538,0.1315
"CABINET GORGE","ID00222","24h","USC00101079",91,35.141,0.1676,0.2007,0.1658
"CABINET GORGE","ID00222","24h","USS0015A08S",38,47.124,0.1794,0.3108,0.3038
"CABINET GORGE","ID00222","24h","USC00101956",93,37.203,0.1749,0.2639,0.2188
"CABINET GORGE","ID00222","24h","USC00248395",22,49.047,0.184,0.2266,0.1674
"CABINET GORGE","ID00222","24h","USC00106230",32,53.739,0.1916,0.1823,0.0993
"CABINET GORGE","ID00222","24h","USC00455844",88,39.758,0.1744,0.3136,0.2369
"CABINET GORGE","ID00222","24h","USS0015B02S",44,56.282,0.1604,0.0686,0.0589
"CABINET GORGE","ID00222","24h","USC00248207",43,28.287,0.1499,0.1036,0.1281
"CABINET GORGE","ID00222","24h","USC00248211",70,33.161,0.1799,0.1914,0.1374
"CABINET GORGE","ID00222","24h","USW00024154",41,48.521,0.1961,0.2279,0.1987
"CABINET GORGE","ID00222","24h","USS0016A14S",23,39.427,0.1982,0.0678,0.1156
"CABINET GORGE","ID00222","24h","USS0017B06S",20,57.833,0.1716,0.3329,0.1985
"CABINET GORGE","ID00222","24h","USC00246576",52,31.825,0.1885,0.1256,0.1248
"CABINET GORGE","ID00222","24h","USC00107858",29,59.298,0.1585,0.1419,0.1865
"CABINET GORGE","ID00222","24h","USC00243984",81,40.257,0.1688,0.2324,0.2808
"CABINET GORGE","ID00222","24h","USC00108062",100,40.812,0.152,0.1166,0.1168
"CABINET GORGE","ID00222","24h","USS0014A14S",48,40.301,0.2094,0.0828,0.1502
"CABINET GORGE","ID00222","24h","USC00100525",51,40.334,0.1309,0.0329,0.1736
"CABINET GORGE","ID00222","24h","USS0015A03S",39,51.16,0.1542,-0.0702,0.1096
"CABINET GORGE","ID00222","24h","USS0015A05S",30,35.595,0.1575,-0.0696,0.1376
"CABINET GORGE","ID00222","24h","USC00249187",23,32.878,0.1433,0.0708,0.0995
"CABINET GORGE","ID00222","24h","CA001144230",35,35.124,0.2174,0.1199,0.1419
"CABINET GORGE","ID00222","24h","USW00094119",28,34.308,0.1234,0.221,0.24
"CABINET GORGE","ID00222","24h","USC00452066",55,33.121,0.1489,0.1845,0.1608
"CABINET GORGE","ID00222","24h","USS0016A12S",26,92.182,0.2145,0.0529,0.1175
"CABINET GORGE","ID00222","72h","USC00101363",60,63.237,0.1458,0.1519,0.1756
"CABINET GORGE","ID00222","72h","USS0016A04S",43,103.424,0.1608,0.0994,0.1572
"CABINET GORGE","ID00222","72h","USS0016A08S",44,169.21,0.1626,0.1348,0.2367
"CABINET GORGE","ID00222","72h","USC00100667",61,51.49,0.1876,0.2691,0.2533
"CABINET GORGE","ID00222","72h","USC00248380",49,62.416,0.1525,0.1309,0.1136
"CABINET GORGE","ID00222","72h","USC00248379",40,65.449,0.1547,0.1962,0.1647
"CABINET GORGE","ID00222","72h","USC00108137",101,65.65,0.147,0.1258,0.1282
"CABINET GORGE","ID00222","72h","USC00248390",33,50.935,0.1488,0.0771,0.1671
"CABINET GORGE","ID00222","72h","USC00245015",96,42.755,0.1979,0.3129,0.2775
"CABINET GORGE","ID00222","72h","USS0016A10S",42,114.485,0.1782,0.0983,0.1517
"CABINET GORGE","ID00222","72h","USS0015B09S",43,85.847,0.1961,0.1703,0.2221
"CABINET GORGE","ID00222","72h","USC00104831",108,57.487,0.1543,0.1912,0.1399
"CABINET GORGE","ID00222","72h","US1MTSN0004",20,45.912,0.1576,0.3263,0.2649
"CABINET GORGE","ID00222","72h","USC00107386",120,60.866,0.1517,0.1884,0.1479
"CABINET GORGE","ID00222","72h","USC00101272",29,81.633,0.1578,0.0322,0.0531
"CABINET GORGE","ID00222","72h","USC00245020",66,50.887,0.1827,0.2101,0.1367
"CABINET GORGE","ID00222","72h","USS0015B21S",44,90.783,0.1946,0.1667,0.202
"CABINET GORGE","ID00222","72h","USC00245011",40,42.426,0.1834,0.1574,0.0937
"CABINET GORGE","ID00222","72h","USC00109498",70,73.632,0.1785,0.2114,0.264
"CABINET GORGE","ID00222","72h","USC00109493",53,78.439,0.1562,0.1836,0.2441
"CABINET GORGE","ID00222","72h","USC00101079",91,50.884,0.1678,0.112,0.118
"CABINET GORGE","ID00222","72h","USS0015A08S",38,68.492,0.1913,0.297,0.2909
"CABINET GORGE","ID00222","72h","USC00101956",93,51.52,0.1674,0.2302,0.2168
"CABINET GORGE","ID00222","72h","USC00248395",22,74.698,0.204,0.2504,0.1893
"CABINET GORGE","ID00222","72h","USC00106230",32,75.081,0.176,0.1882,0.1021
"CABINET GORGE","ID00222","72h","USC00455844",88,55.25,0.1463,0.1707,0.1521
"CABINET GORGE","ID00222","72h","USS0015B02S",44,95.664,0.1881,0.1804,0.2217
"CABINET GORGE","ID00222","72h","USC00248207",43,40.98,0.1496,0.1688,0.0533
"CABINET GORGE","ID00222","72h","USC00248211",70,46.721,0.1724,0.1745,0.0705
"CABINET GORGE","ID00222","72h","USW00024154",41,75.107,0.2135,0.1849,0.1659
"CABINET GORGE","ID00222","72h","USS0016A14S",23,62.221,0.2025,0.1427,0.1456
"CABINET GORGE","ID00222","72h","USS0017B06S",20,86.458,0.1552,0.0767,0.0907
"CABINET GORGE","ID00222","72h","USS0017B04S",40,91.093,0.1373,0.1798,0.1671
"CABINET GORGE","ID00222","72h","USC00246576",52,44.795,0.1829,0.1982,0.1085
"CABINET GORGE","ID00222","72h","USC00107858",29,96.365,0.1719,0.1287,0.1954
"CABINET GORGE","ID00222","72h","USC00243984",81,62.868,0.1647,0.1638,0.1848
"CABINET GORGE","ID00222","72h","USC00108062",100,57.987,0.1529,0.0754,0.1291
"CABINET GORGE","ID00222","72h","USS0014A14S",48,55.92,0.1834,0.1692,0.1266
"CABINET GORGE","ID00222","72h","USC00100525",51,59.191,0.1494,0.098,0.1736
"CABINET GORGE","ID00222","72h","USS0015A03S",39,82.516,0.1779,0.034,0.0806
"CABINET GORGE","ID00222","72h","USS0015A05S",30,58.432,0.2018,0.0445,0.099
"CABINET GORGE","ID00222","72h","USC00249187",23,48.07,0.1524,0.1177,0.114
"CABINET GORGE","ID00222","72h","CA001144230",35,54.04,0.2104,0.1697,0.1157
"CABINET GORGE","ID00222","72h","USW00094119",28,49.731,0.1488,0.1931,0.21
"EAST BRANCH DAM","PA00104","24h","USW00004751",64,59.865,0.1731,0.1052,0.2094
"EAST BRANCH DAM","PA00104","24h","USC00361806",31,60.287,0.1376,0.1578,0.2533
"EAST BRANCH DAM","PA00104","24h","USC00367310",35,57.488,0.1782,0.2167,0.1839
"EAST BRANCH DAM","PA00104","24h","USC00361262",28,62.913,0.2055,0.3859,0.2232
"EAST BRANCH DAM","PA00104","24h","USW00054757",26,52.289,0.1636,0.0616,0.1996
"EAST BRANCH DAM","PA00104","24h","USC00309425",73,59.57,0.1855,0.23,0.2194
"EAST BRANCH DAM","PA00104","24h","USC00367730",45,65.271,0.1879,0.2044,0.1622
"EAST BRANCH DAM","PA00104","24h","USC00361255",47,60.982,0.1717,0.1651,0.1539
"EAST BRANCH DAM","PA00104","24h","USC00362466",41,61.819,0.1659,0.255,0.1663
"EAST BRANCH DAM","PA00104","24h","USC00361895",33,66.879,0.1877,0.4192,0.3105
"EAST BRANCH DAM","PA00104","24h","USC00360736",40,67.467,0.1909,0.171,0.1095
"EAST BRANCH DAM","PA00104","24h","USW00004726",26,60.929,0.1939,0.0575,0.0555
"EAST BRANCH DAM","PA00104","24h","USC00362298",22,65.879,0.1903,0.1894,0.1529
"EAST BRANCH DAM","PA00104","24h","USC00364836",22,64.333,0.1877,0.3388,0.3048
"EAST BRANCH DAM","PA00104","24h","USC00303124",25,59.32,0.1351,0.1355,0.1036
"EAST BRANCH DAM","PA00104","24h","USC00364839",29,70.906,0.1299,0.2731,0.2397
"EAST BRANCH DAM","PA00104","24h","USC00361073",20,64.393,0.2298,0.3071,0.2818
"EAST BRANCH DAM","PA00104","24h","USC00362343",34,69.316,0.1629,0.1861,0.1796
"EAST BRANCH DAM","PA00104","72h","USC00361526",27,77.998,0.1729,0.0739,0.1988
"EAST BRANCH DAM","PA00104","72h","USW00004751",64,73.734,0.182,0.1743,0.2533
"EAST BRANCH DAM","PA00104","72h","USC00361806",31,76.08,0.1828,0.4471,0.3923
"EAST BRANCH DAM","PA00104","72h","USC00367310",35,70.717,0.1638,0.0848,0.1884
"EAST BRANCH DAM","PA00104","72h","USC00361262",28,78.317,0.1963,0.3403,0.2415
"EAST BRANCH DAM","PA00104","72h","USW00054757",26,67.675,0.2042,0.0545,0.0581
"EAST BRANCH DAM","PA00104","72h","USC00309425",73,75.483,0.1981,0.2486,0.2213
"EAST BRANCH DAM","PA00104","72h","USC00367730",45,80.905,0.1905,0.2506,0.1572
"EAST BRANCH DAM","PA00104","72h","USC00361255",47,79.501,0.174,0.1256,0.1126
"EAST BRANCH DAM","PA00104","72h","USC00362466",41,82.204,0.1341,0.1862,0.1649
"EAST BRANCH DAM","PA00104","72h","USC00361895",33,84.735,0.1917,0.3243,0.1745
"EAST BRANCH DAM","PA00104","72h","USC00360736",40,87.602,0.1815,0.0624,0.0512
"EAST BRANCH DAM","PA00104","72h","USW00004726",26,82.067,0.2119,0.1317,0.1348
"EAST BRANCH DAM","PA00104","72h","USC00362298",22,74.801,0.1555,0.1688,0.148
"EAST BRANCH DAM","PA00104","72h","USC00364836",22,85.059,0.2025,0.3271,0.2307
"EAST BRANCH DAM","PA00104","72h","USC00303124",25,75.47,0.1781,0.344,0.2855
"EAST BRANCH DAM","PA00104","72h","USC00364839",29,88.864,0.1471,0.2119,0.1775
"EAST BRANCH DAM","PA00104","72h","USC00361073",20,72.703,0.202,0.2884,0.1694
"EAST BRANCH DAM","PA00104","72h","USC00362343",34,90.346,0.1416,0.0626,0.1401
"NEW RIVER","AZ00202","24h","USC00021353",59,58.699,0.2302,0.0971,0.0667
"NEW RIVER","AZ00202","24h","USC00021282",46,47.423,0.2299,0.151,0.1879
"NEW RIVER","AZ00202","24h","USC00026603",22,44.892,0.2376,0.1495,0.1079
"NEW RIVER","AZ00202","24h","USC00021059",26,54.023,0.2902,0.2896,0.1353
"NEW RIVER","AZ00202","24h","USC00022329",71,78.876,0.2145,0.2349,0.192
"NEW RIVER","AZ00202","24h","USC00029287",96,45.566,0.1714,0.0627,0.1111
"NEW RIVER","AZ00202","24h","USC00022109",101,48.897,0.2273,0.2093,0.1649
"NEW RIVER","AZ00202","24h","USC00028184",26,49.068,0.2217,0.1875,0.3315
"NEW RIVER","AZ00202","24h","USC00029166",121,52.548,0.1833,0.1101,0.1221
"NEW RIVER","AZ00202","24h","USC00028391",35,48.893,0.2251,0.2133,0.1954
"NEW RIVER","AZ00202","24h","USC00020288",39,49.546,0.2347,0.2175,0.1889
"NEW RIVER","AZ00202","24h","USC00021614",87,54.544,0.1967,0.1403,0.1886
"NEW RIVER","AZ00202","24h","USC00027081",42,60.751,0.2549,0.2629,0.1445
"NEW RIVER","AZ00202","24h","USC00023713",27,61.614,0.2015,0.253,0.204
"NEW RIVER","AZ00202","24h","USC00026840",29,55.191,0.2011,0.2431,0.3566
"NEW RIVER","AZ00202","24h","USC00020060",62,40.778,0.2818,0.3279,0.1845
"NEW RIVER","AZ00202","24h","USC00024391",55,54.969,0.1813,0.0694,0.1217
"NEW RIVER","AZ00202","24h","USC00026796",124,52.039,0.1941,0.2084,0.1651
"NEW RIVER","AZ00202","24h","USC00029601",28,42.169,0.1776,0.1736,0.3005
"NEW RIVER","AZ00202","24h","USC00025825",97,58.92,0.1856,0.2001,0.1487
"NEW RIVER","AZ00202","24h","USC00023185",20,54.556,0.1766,0.0545,0.0479
"NEW RIVER","AZ00202","24h","USC00023448",97,51.769,0.1956,0.2074,0.2047
"NEW RIVER","AZ00202","24h","USW00093139",73,58.088,0.2075,0.1664,0.2437
"NEW RIVER","AZ00202","24h","USC00026320",57,57.592,0.2111,0.325,0.2819
"NEW RIVER","AZ00202","24h","USC00024053",42,50.524,0.2053,0.2657,0.2191
"NEW RIVER","AZ00202","24h","USW00023184",78,41.965,0.2332,0.2976,0.2917
"NEW RIVER","AZ00202","24h","USC00025635",86,43.061,0.2161,0.1928,0.112
"NEW RIVER","AZ00202","24h","USC00027281",112,49.569,0.1999,0.2288,0.2074
"NEW RIVER","AZ00202","24h","USC00020670",43,46.201,0.1912,0.2566,0.2439
"NEW RIVER","AZ00202","24h","USC00028657",32,55.374,0.1936,0.1116,0.1241
"NEW RIVER","AZ00202","24h","USS0011R06S",45,77.571,0.2294,0.1916,0.2321
"NEW RIVER","AZ00202","24h","USC00024453",118,52.155,0.2038,0.189,0.1914
"NEW RIVER","AZ00202","24h","USC00022193",39,41.364,0.2398,0.2961,0.1762
"NEW RIVER","AZ00202","24h","USC00026315",25,67.664,0.1981,0.248,0.2243
"NEW RIVER","AZ00202","24h","USC00028348",84,55.124,0.1751,0.1887,0.1753
"NEW RIVER","AZ00202","24h","USC00021654",56,40.244,0.2296,0.263,0.1974
"NEW RIVER","AZ00202","24h","USC00027876",48,68.904,0.2049,0.2256,0.1634
"NEW RIVER","AZ00202","24h","USC00028904",48,41.167,0.192,0.2385,0.1143
"NEW RIVER","AZ00202","24h","USC00024345",41,43.249,0.2043,0.2144,0.1285
"NEW RIVER","AZ00202","24h","USS0010S01S",45,89.928,0.2162,0.1226,0.1842
"NEW RIVER","AZ00202","24h","USC00026561",77,71.42,0.2079,0.2046,0.1467
"NEW RIVER","AZ00202","24h","USC00026653",49,52.75,0.1832,0.0705,0.0742
"NEW RIVER","AZ00202","24h","USC00029622",43,51.239,0.2005,0.2357,0.2127
"NEW RIVER","AZ00202","24h","USC00028650",31,84.396,0.1867,0.1502,0.1731
"NEW RIVER","AZ00202","24h","USC00020590",26,61.602,0.2324,0.2152,0.1664
"NEW RIVER","AZ00202","24h","USC00020586",89,52.061,0.2308,0.1573,0.1396
"NEW RIVER","AZ00202","24h","USC00020098",20,39.816,0.1871,0.1073,0.0416
"NEW RIVER","AZ00202","24h","USC00027708",66,49.492,0.195,0.2754,0.2241
"NEW RIVER","AZ00202","24h","USC00025512",98,53.908,0.1978,0.1275,0.1763
"NEW RIVER","AZ00202","72h","USC00021353",59,75.127,0.2533,0.164,0.1469
"NEW RIVER","AZ00202","72h","USC00021282",46,61.487,0.2258,0.1179,0.1263
"NEW RIVER","AZ00202","72h","USC00021059",26,69.117,0.2918,0.257,0.1842
"NEW RIVER","AZ00202","72h","USC00022329",71,111.093,0.2611,0.2967,0.2105
"NEW RIVER","AZ00202","72h","USC00029287",96,55.593,0.2035,0.1894,0.1903
"NEW RIVER","AZ00202","72h","USC00022109",101,62.57,0.2284,0.164,0.1212
"NEW RIVER","AZ00202","72h","USC00028184",26,62.584,0.2672,0.2367,0.2736
"NEW RIVER","AZ00202","72h","USC00029166",121,66.423,0.1998,0.19,0.1999
"NEW RIVER","AZ00202","72h","USC00028273",24,110.742,0.3094,0.2908,0.1869
"NEW RIVER","AZ00202","72h","USC00028391",35,65.108,0.2529,0.1948,0.1976
"NEW RIVER","AZ00202","72h","USC00020288",39,60.131,0.2207,0.1082,0.1161
"NEW RIVER","AZ00202","72h","USC00021614",87,72.196,0.2339,0.2033,0.1559
"NEW RIVER","AZ00202","72h","USC00027081",42,81.878,0.2647,0.2486,0.1585
"NEW RIVER","AZ00202","72h","USC00023713",27,83.663,0.1824,0.0942,0.1192
"NEW RIVER","AZ00202","72h","USC00026840",29,79.537,0.2589,0.2408,0.1798
"NEW RIVER","AZ00202","72h","USC00020060",62,46.352,0.266,0.1937,0.1253
"NEW RIVER","AZ00202","72h","USC00024391",55,78.45,0.2038,0.1405,0.0686
"NEW RIVER","AZ00202","72h","USC00026796",124,68.42,0.1992,0.24,0.1803
"NEW RIVER","AZ00202","72h","USC00029601",28,55.855,0.1988,0.0881,0.1599
"NEW RIVER","AZ00202","72h","USC00025825",97,81.763,0.1991,0.1602,0.1373
"NEW RIVER","AZ00202","72h","USC00023185",20,79.011,0.1944,0.1464,0.0801
"NEW RIVER","AZ00202","72h","USC00023448",97,70.166,0.2158,0.2706,0.2412
"NEW RIVER","AZ00202","72h","USW00093139",73,77.686,0.2157,0.2227,0.1771
"NEW RIVER","AZ00202","72h","USC00026320",57,74.129,0.209,0.3146,0.2197
"NEW RIVER","AZ00202","72h","USC00024053",42,66.111,0.2081,0.1532,0.0884
"NEW RIVER","AZ00202","72h","USW00023184",78,50.786,0.2219,0.229,0.2195
"NEW RIVER","AZ00202","72h","USC00025635",86,52.502,0.2219,0.1962,0.1166
"NEW RIVER","AZ00202","72h","USC00027281",112,67.409,0.2285,0.2039,0.1491
"NEW RIVER","AZ00202","72h","USC00020670",43,55.991,0.1848,0.1552,0.1218
"NEW RIVER","AZ00202","72h","USC00028657",32,70.227,0.1936,0.042,0.1334
"NEW RIVER","AZ00202","72h","USS0011R06S",45,108.491,0.2293,0.2021,0.2392
"NEW RIVER","AZ00202","72h","USC00024453",118,68.999,0.1953,0.1623,0.134
"NEW RIVER","AZ00202","72h","USC00022193",39,50.106,0.2378,0.2836,0.1513
"NEW RIVER","AZ00202","72h","USC00026315",25,96.725,0.1925,0.1433,0.0829
"NEW RIVER","AZ00202","72h","USC00028348",84,72.594,0.2108,0.2528,0.1921
"NEW RIVER","AZ00202","72h","USC00021654",56,47.823,0.2336,0.2873,0.2348
"NEW RIVER","AZ00202","72h","USC00027876",48,101.333,0.252,0.2145,0.1431
"NEW RIVER","AZ00202","72h","USC00028904",48,54.534,0.206,0.1805,0.1242
"NEW RIVER","AZ00202","72h","USC00024345",41,51.239,0.2348,0.3386,0.2158
"NEW RIVER","AZ00202","72h","USS0010S01S",45,128.83,0.2148,0.1496,0.2527
"NEW RIVER","AZ00202","72h","USC00026561",77,102.89,0.2234,0.1498,0.084
"NEW RIVER","AZ00202","72h","USC00026653",49,69.422,0.1768,0.1629,0.1468
"NEW RIVER","AZ00202","72h","USC00028649",28,113.668,0.1996,0.264,0.0828
"NEW RIVER","AZ00202","72h","USC00029622",43,66.648,0.224,0.2643,0.2071
"NEW RIVER","AZ00202","72h","USC00028650",31,113.878,0.2435,0.3434,0.2023
"NEW RIVER","AZ00202","72h","USC00020590",26,75.23,0.264,0.2502,0.1474
"NEW RIVER","AZ00202","72h","USC00020586",89,65.074,0.2209,0.1323,0.1613
"NEW RIVER","AZ00202","72h","USC00020098",20,53.684,0.2147,0.2546,0.2581
"NEW RIVER","AZ00202","72h","USC00027708",66,63.677,0.1985,0.1556,0.1376
"NEW RIVER","AZ00202","72h","USC00025512",98,75.065,0.2094,0.229,0.1826
"FORT SUPPLY LAKE","OK10318","24h","USC00348627",46,70.325,0.2114,0.114,0.0734
"FORT SUPPLY LAKE","OK10318","24h","USC00343304",70,72.785,0.2291,0.2568,0.1942
"FORT SUPPLY LAKE","OK10318","24h","USC00343070",73,76.309,0.1998,0.1268,0.1574
"FORT SUPPLY LAKE","OK10318","24h","USC00349762",32,67.196,0.1525,0.0639,0.1158
"FORT SUPPLY LAKE","OK10318","24h","USW00013975",82,69.857,0.2012,0.1706,0.1403
"FORT SUPPLY LAKE","OK10318","24h","USC00345045",67,62.691,0.199,0.148,0.148
"FORT SUPPLY LAKE","OK10318","24h","USC00340332",92,71.776,0.1881,0.1708,0.1372
"FORT SUPPLY LAKE","OK10318","24h","USC00349172",61,78.483,0.2082,0.2244,0.2392
"FORT SUPPLY LAKE","OK10318","24h","USC00413225",87,66.767,0.2045,0.216,0.1728
"FORT SUPPLY LAKE","OK10318","24h","USC00343489",66,69.349,0.2135,0.0989,0.1048
"FORT SUPPLY LAKE","OK10318","24h","USC00414140",75,70.834,0.2147,0.2615,0.2047
"FORT SUPPLY LAKE","OK10318","24h","USC00412282",65,65.592,0.2067,0.1189,0.1195
"FORT SUPPLY LAKE","OK10318","24h","USC00415247",73,68.624,0.2223,0.2903,0.1958
"FORT SUPPLY LAKE","OK10318","24h","USC00140365",127,67.861,0.1921,0.1848,0.1665
"FORT SUPPLY LAKE","OK10318","24h","USC00345090",66,78.663,0.212,0.1268,0.0623
"FORT SUPPLY LAKE","OK10318","24h","USC00141704",121,74.66,0.1916,0.1692,0.1447
"FORT SUPPLY LAKE","OK10318","24h","USC00413568",20,72.648,0.2027,0.0707,0.0284
"FORT SUPPLY LAKE","OK10318","24h","USC00410944",69,67.49,0.2131,0.2693,0.2015
"FORT SUPPLY LAKE","OK10318","24h","USC00340593",89,64.152,0.2139,0.1944,0.1578
"FORT SUPPLY LAKE","OK10318","24h","USC00411412",83,66.257,0.1982,0.1719,0.1249
"FORT SUPPLY LAKE","OK10318","24h","USC00416477",64,63.697,0.2303,0.2558,0.1664
"FORT SUPPLY LAKE","OK10318","24h","USC00341738",60,76.908,0.1639,0.1845,0.2223
"FORT SUPPLY LAKE","OK10318","24h","USC00145171",66,64.208,0.2226,0.3079,0.292
"FORT SUPPLY LAKE","OK10318","24h","USC00347579",55,77.274,0.1947,0.1169,0.2199
"FORT SUPPLY LAKE","OK10318","24h","USC00145371",42,61.386,0.2102,0.2028,0.1607
"FORT SUPPLY LAKE","OK10318","24h","USC00141104",102,69.73,0.1963,0.1535,0.1124
"FORT SUPPLY LAKE","OK10318","24h","USC00416950",101,64.858,0.2145,0.1927,0.1751
"FORT SUPPLY LAKE","OK10318","24h","USC00416952",37,72.054,0.2438,0.1261,0.0728
"FORT SUPPLY LAKE","OK10318","24h","USC00349017",23,77.046,0.2322,0.2064,0.0811
"FORT SUPPLY LAKE","OK10318","24h","USC00143239",112,70.405,0.2255,0.2977,0.2138
"FORT SUPPLY LAKE","OK10318","24h","USC00411203",32,54.922,0.1533,0.1341,0.1836
"FORT SUPPLY LAKE","OK10318","24h","USC00146427",60,65.404,0.2002,0.1109,0.1886
"FORT SUPPLY LAKE","OK10318","24h","USC00416953",74,62.855,0.1752,0.1536,0.1618
"FORT SUPPLY LAKE","OK10318","24h","USC00342849",84,85.205,0.2,0.1969,0.1445
"FORT SUPPLY LAKE","OK10318","24h","USC00348652",24,72.965,0.2311,0.2363,0.271
"FORT SUPPLY LAKE","OK10318","24h","USC00144695",116,65.831,0.229,0.3409,0.2317
"FORT SUPPLY LAKE","OK10318","24h","USC00415875",97,67.682,0.2029,0.1584,0.1544
"FORT SUPPLY LAKE","OK10318","24h","USC00415987",29,72.538,0.1871,0.1381,0.0948
"FORT SUPPLY LAKE","OK10318","24h","USW00013985",105,61.513,0.2174,0.1813,0.1683
"FORT SUPPLY LAKE","OK10318","24h","USC00419662",31,72.582,0.2167,0.2293,0.1404
"FORT SUPPLY LAKE","OK10318","24h","USC00145920",48,73.638,0.1998,0.2071,0.2114
"FORT SUPPLY LAKE","OK10318","24h","USC00140676",47,66.932,0.1887,0.093,0.2138
"FORT SUPPLY LAKE","OK10318","72h","USC00348627",46,82.808,0.2075,0.1552,0.1128
"FORT SUPPLY LAKE","OK10318","72h","USC00343304",70,86.744,0.2268,0.2153,0.1676
"FORT SUPPLY LAKE","OK10318","72h","USC00343070",73,91.053,0.1982,0.2304,0.1803
"FORT SUPPLY LAKE","OK10318","72h","USC00349762",32,81.203,0.1699,0.1348,0.1377
"FORT SUPPLY LAKE","OK10318","72h","USW00013975",82,82.855,0.2043,0.203,0.2471
"FORT SUPPLY LAKE","OK10318","72h","USC00345045",67,78.214,0.2006,0.1925,0.1643
"FORT SUPPLY LAKE","OK10318","72h","USC00340332",92,87.27,0.1862,0.148,0.1524
"FORT SUPPLY LAKE","OK10318","72h","USC00349172",61,92.744,0.1864,0.1205,0.2318
"FORT SUPPLY LAKE","OK10318","72h","USC00413225",87,80.78,0.2058,0.1803,0.1387
"FORT SUPPLY LAKE","OK10318","72h","USC00343489",66,80.899,0.2143,0.1633,0.2113
"FORT SUPPLY LAKE","OK10318","72h","USC00414140",75,86.59,0.1881,0.2552,0.2684
"FORT SUPPLY LAKE","OK10318","72h","USC00412282",65,81.09,0.2185,0.1739,0.1735
"FORT SUPPLY LAKE","OK10318","72h","USC00415247",73,83.166,0.215,0.2877,0.2157
"FORT SUPPLY LAKE","OK10318","72h","USC00140365",127,81.153,0.1867,0.1702,0.18
"FORT SUPPLY LAKE","OK10318","72h","USC00345090",66,95.793,0.1818,0.1193,0.1094
"FORT SUPPLY LAKE","OK10318","72h","USC00141704",121,87.324,0.1804,0.0549,0.0872
"FORT SUPPLY LAKE","OK10318","72h","USC00413568",20,87.818,0.2057,0.142,0.1919
"FORT SUPPLY LAKE","OK10318","72h","USC00410944",69,82.997,0.2201,0.2036,0.1741
"FORT SUPPLY LAKE","OK10318","72h","USC00340593",89,77.542,0.2102,0.2301,0.1862
"FORT SUPPLY LAKE","OK10318","72h","US1KSKW0002",20,96.202,0.2284,0.2615,0.2668
"FORT SUPPLY LAKE","OK10318","72h","USC00411412",83,79.48,0.1942,0.129,0.1648
"FORT SUPPLY LAKE","OK10318","72h","USC00416477",64,81.663,0.2132,0.1494,0.1185
"FORT SUPPLY LAKE","OK10318","72h","USC00341738",60,94.078,0.1714,0.198,0.1967
"FORT SUPPLY LAKE","OK10318","72h","USC00145171",66,79.371,0.2068,0.1553,0.1903
"FORT SUPPLY LAKE","OK10318","72h","USC00347579",55,91.537,0.1783,0.1903,0.2322
"FORT SUPPLY LAKE","OK10318","72h","USC00145371",42,78.081,0.2219,0.235,0.1592
"FORT SUPPLY LAKE","OK10318","72h","USC00141104",102,84.426,0.2021,0.1384,0.1521
"FORT SUPPLY LAKE","OK10318","72h","USC00416950",101,78.234,0.2079,0.1937,0.2086
"FORT SUPPLY LAKE","OK10318","72h","USC00416952",37,85.96,0.2218,0.0755,0.1082
"FORT SUPPLY LAKE","OK10318","72h","USC00143239",112,84.214,0.2069,0.2089,0.1842
"FORT SUPPLY LAKE","OK10318","72h","USC00411203",32,72.573,0.1795,0.102,0.1284
"FORT SUPPLY LAKE","OK10318","72h","USC00146427",60,76.877,0.2001,0.2022,0.1845
"FORT SUPPLY LAKE","OK10318","72h","USC00416953",74,76.448,0.1877,0.1724,0.1776
"FORT SUPPLY LAKE","OK10318","72h","USC00342849",84,100.659,0.1936,0.1218,0.1125
"FORT SUPPLY LAKE","OK10318","72h","USC00348652",24,84.421,0.208,0.1025,0.3052
"FORT SUPPLY LAKE","OK10318","72h","USC00144695",116,76.576,0.2245,0.3088,0.186
"FORT SUPPLY LAKE","OK10318","72h","USC00415875",97,82.135,0.1962,0.1403,0.1493
"FORT SUPPLY LAKE","OK10318","72h","USC00415987",29,90.018,0.1749,0.1703,0.1291
"FORT SUPPLY LAKE","OK10318","72h","USW00013985",105,73.323,0.2059,0.1684,0.2125
"FORT SUPPLY LAKE","OK10318","72h","USC00419662",31,75.217,0.1944,0.1856,0.1606
"FORT SUPPLY LAKE","OK10318","72h","USC00145421",31,75.555,0.1967,0.1332,0.1032
"FORT SUPPLY LAKE","OK10318","72h","USC00145920",48,83.928,0.1928,0.1358,0.1724
"FORT SUPPLY LAKE","OK10318","72h","USC00140676",47,78.692,0.185,0.0016,0.1843
"WINNIES REEF DAM","NY00712","24h","USC00437401",41,75.919,0.1936,0.2301,0.0905
"WINNIES REEF DAM","NY00712","24h","USC00302366",31,117.053,0.2076,0.1695,0.0938
"WINNIES REEF DAM","NY00712","24h","USC00300746",23,74.01,0.1975,0.3066,0.1686
"WINNIES REEF DAM","NY00712","24h","USC00307799",61,116.486,0.2138,0.24,0.1381
"WINNIES REEF DAM","NY00712","24h","USC00300393",23,80.323,0.1874,0.0518,0.1411
"WINNIES REEF DAM","NY00712","24h","USC00435416",63,87.275,0.2051,0.2772,0.2564
"WINNIES REEF DAM","NY00712","72h","USC00437401",41,100.327,0.2009,0.3463,0.2989
"WINNIES REEF DAM","NY00712","72h","USC00302366",31,140.937,0.2197,0.1842,0.1848
"WINNIES REEF DAM","NY00712","72h","USC00300746",23,92.498,0.216,0.2039,0.0789
"WINNIES REEF DAM","NY00712","72h","USC00307799",61,151.488,0.2176,0.2277,0.1474
"WINNIES REEF DAM","NY00712","72h","USC00300393",23,108.141,0.2257,0.2132,0.0989
"WINNIES REEF DAM","NY00712","72h","USC00435416",63,114.642,0.1975,0.2399,0.2137
"GREENBELT DAM","TX03698","24h","USW00023072",102,79.127,0.2505,0.3079,0.2294
"GREENBELT DAM","TX03698","24h","USC00415770",46,81.299,0.2171,0.2459,0.2074
"GREENBELT DAM","TX03698","24h","USC00411778",73,64.687,0.1713,0.1271,0.1711
"GREENBELT DAM","TX03698","24h","USC00415821",109,71.702,0.2385,0.3062,0.2846
"GREENBELT DAM","TX03698","24h","USC00416785",84,66.144,0.224,0.227,0.2381
"GREENBELT DAM","TX03698","24h","USW00023053",31,62.365,0.2081,0.1994,0.3157
"GREENBELT DAM","TX03698","24h","USC00418833",41,64.939,0.1874,0.2386,0.2145
"GREENBELT DAM","TX03698","24h","USC00416776",62,60.923,0.197,0.1269,0.0756
"GREENBELT DAM","TX03698","24h","USC00418235",59,71.598,0.2188,0.2116,0.1527
"GREENBELT DAM","TX03698","24h","USC00418236",53,74.083,0.2404,0.3581,0.2583
"GREENBELT DAM","TX03698","24h","USC00419565",54,83.787,0.2677,0.2655,0.2735
"GREENBELT DAM","TX03698","24h","USC00419191",66,71.642,0.2296,0.2636,0.1737
"GREENBELT DAM","TX03698","24h","USC00419380",24,60.347,0.1915,0.089,0.0127
"GREENBELT DAM","TX03698","24h","USC00418323",82,62.861,0.2084,0.2286,0.1847
"GREENBELT DAM","TX03698","24h","USC00415987",29,72.538,0.1871,0.1381,0.0948
"GREENBELT DAM","TX03698","24h","USC00419662",31,72.582,0.2167,0.2293,0.1404
"GREENBELT DAM","TX03698","24h","USW00023047",79,62.643,0.222,0.221,0.179
"GREENBELT DAM","TX03698","24h","USC00415875",97,67.682,0.2029,0.1584,0.1544
"GREENBELT DAM","TX03698","24h","USC00413196",70,73.31,0.2486,0.2489,0.1602
"GREENBELT DAM","TX03698","24h","USC00416433",74,69.877,0.2026,0.2282,0.1623
"GREENBELT DAM","TX03698","24h","USC00419176",35,72.478,0.2271,0.1664,0.1404
"GREENBELT DAM","TX03698","24h","USC00411696",37,71.022,0.1807,0.1358,0.1235
"GREENBELT DAM","TX03698","24h","USC00410958",66,61.511,0.1745,0.0605,0.1629
"GREENBELT DAM","TX03698","24h","USW00003024",28,55.087,0.2315,0.2721,0.3309
"GREENBELT DAM","TX03698","24h","USC00419175",78,61.556,0.2278,0.1715,0.2067
"GREENBELT DAM","TX03698","24h","USC00411430",99,69.954,0.2501,0.2442,0.2412
"GREENBELT DAM","TX03698","24h","USC00342944",109,78.571,0.2313,0.1776,0.1428
"GREENBELT DAM","TX03698","24h","USC00418040",34,58.903,0.224,0.1439,0.2266
"GREENBELT DAM","TX03698","24h","USC00348652",24,72.965,0.2311,0.2363,0.271
"GREENBELT DAM","TX03698","24h","USC00415658",77,68.612,0.2202,0.1898,0.1648
"GREENBELT DAM","TX03698","24h","USC00411267",24,60.775,0.2595,0.2169,0.1832
"GREENBELT DAM","TX03698","24h","USC00419224",67,67.314,0.2367,0.2695,0.1401
"GREENBELT DAM","TX03698","24h","USC00411412",83,66.257,0.1982,0.1719,0.1249
"GREENBELT DAM","TX03698","24h","USC00347579",55,77.274,0.1947,0.1169,0.2199
"GREENBELT DAM","TX03698","24h","USC00417079",118,63.743,0.2148,0.2581,0.2298
"GREENBELT DAM","TX03698","24h","USC00417081",27,58.015,0.2479,0.2679,0.1888
"GREENBELT DAM","TX03698","24h","USC00413214",81,67.112,0.2375,0.2668,0.1812
"GREENBELT DAM","TX03698","24h","USC00416952",37,72.054,0.2438,0.1261,0.0728
"GREENBELT DAM","TX03698","24h","USC00416477",64,63.697,0.2303,0.2558,0.1664
"GREENBELT DAM","TX03698","24h","USC00413568",20,72.648,0.2027,0.0707,0.0284
"GREENBELT DAM","TX03698","24h","USC00341738",60,76.908,0.1639,0.1845,0.2223
"GREENBELT DAM","TX03698","24h","USC00416070",47,66.497,0.2231,0.2272,0.2131
"GREENBELT DAM","TX03698","24h","USC00413215",70,71.153,0.2406,0.2765,0.2386
"GREENBELT DAM","TX03698","24h","USC00412463",57,59.678,0.1872,0.1023,0.1392
"GREENBELT DAM","TX03698","24h","USC00411203",32,54.922,0.1533,0.1341,0.1836
"GREENBELT DAM","TX03698","24h","USC00413972",65,59.742,0.2206,0.1995,0.1829
"GREENBELT DAM","TX03698","24h","USC00342849",84,85.205,0.2,0.1969,0.1445
"GREENBELT DAM","TX03698","24h","USC00418523",82,68.051,0.2229,0.2325,0.1593
"GREENBELT DAM","TX03698","72h","USW00023072",102,93.513,0.2342,0.236,0.2085
"GREENBELT DAM","TX03698","72h","USC00415770",46,97.147,0.1887,0.1808,0.1544
"GREENBELT DAM","TX03698","72h","USC00411778",73,80.762,0.1759,0.1674,0.1743
"GREENBELT DAM","TX03698","72h","USC00415821",109,86.985,0.2136,0.1918,0.2102
"GREENBELT DAM","TX03698","72h","USC00416785",84,82.657,0.2121,0.2141,0.1935
"GREENBELT DAM","TX03698","72h","USW00023053",31,80.137,0.2135,0.0256,0.1388
"GREENBELT DAM","TX03698","72h","USC00418833",41,82.114,0.2109,0.2217,0.1768
"GREENBELT DAM","TX03698","72h","USC00416776",62,76.968,0.1949,0.108,0.0955
"GREENBELT DAM","TX03698","72h","USC00418235",59,90.099,0.1807,0.2235,0.1082
"GREENBELT DAM","TX03698","72h","USC00418236",53,90.372,0.2134,0.3053,0.2341
"GREENBELT DAM","TX03698","72h","USC00419565",54,94.478,0.2306,0.2056,0.2721
"GREENBELT DAM","TX03698","72h","USC00419191",66,88.661,0.2314,0.2314,0.1302
"GREENBELT DAM","TX03698","72h","USC00419380",24,77.765,0.214,0.1282,0.0757
"GREENBELT DAM","TX03698","72h","USC00418323",82,80.8,0.2157,0.194,0.1295
"GREENBELT DAM","TX03698","72h","USC00415987",29,90.018,0.1749,0.1703,0.1291
"GREENBELT DAM","TX03698","72h","USC00419662",31,75.217,0.1944,0.1856,0.1606
"GREENBELT DAM","TX03698","72h","USW00023047",79,77.882,0.2348,0.2152,0.2153
"GREENBELT DAM","TX03698","72h","USC00415875",97,82.135,0.1962,0.1403,0.1493
"GREENBELT DAM","TX03698","72h","USC00413196",70,89.813,0.2255,0.2264,0.1987
"GREENBELT DAM","TX03698","72h","USC00416433",74,89.817,0.2148,0.2203,0.1474
"GREENBELT DAM","TX03698","72h","USC00419176",35,87.691,0.2304,0.1732,0.1635
"GREENBELT DAM","TX03698","72h","USC00411696",37,82.698,0.1777,0.0553,0.0783
"GREENBELT DAM","TX03698","72h","USC00410958",66,76.855,0.1987,0.1193,0.1658
"GREENBELT DAM","TX03698","72h","USW00003024",28,67.634,0.2232,0.1855,0.2295
"GREENBELT DAM","TX03698","72h","USC00419175",78,75.172,0.2296,0.1079,0.1338
"GREENBELT DAM","TX03698","72h","USC00411430",99,83.169,0.2384,0.2416,0.223
"GREENBELT DAM","TX03698","72h","USC00342944",109,92.6,0.2007,0.1329,0.1311
"GREENBELT DAM","TX03698","72h","USC00415658",77,88.077,0.2336,0.2166,0.1817
"GREENBELT DAM","TX03698","72h","USC00411267",24,77.825,0.2336,0.0721,0.1256
"GREENBELT DAM","TX03698","72h","USC00419224",67,82.131,0.225,0.2113,0.1497
"GREENBELT DAM","TX03698","72h","USC00411412",83,79.48,0.1942,0.129,0.1648
"GREENBELT DAM","TX03698","72h","USC00347579",55,91.537,0.1783,0.1903,0.2322
"GREENBELT DAM","TX03698","72h","USC00417079",118,79.779,0.2128,0.1992,0.1786
"GREENBELT DAM","TX03698","72h","USC00417081",27,70.425,0.2135,0.1643,0.1508
"GREENBELT DAM","TX03698","72h","USC00413214",81,85.266,0.2294,0.1932,0.1658
"GREENBELT DAM","TX03698","72h","USC00416952",37,85.96,0.2218,0.0755,0.1082
"GREENBELT DAM","TX03698","72h","USC00416477",64,81.663,0.2132,0.1494,0.1185
"GREENBELT DAM","TX03698","72h","USC00413568",20,87.818,0.2057,0.142,0.1919
"GREENBELT DAM","TX03698","72h","USC00341738",60,94.078,0.1714,0.198,0.1967
"GREENBELT DAM","TX03698","72h","USC00416070",47,79.941,0.2149,0.1631,0.1691
"GREENBELT DAM","TX03698","72h","USC00413215",70,85.524,0.2357,0.2079,0.1806
"GREENBELT DAM","TX03698","72h","USC00412463",57,71.719,0.2048,0.2819,0.1829
"GREENBELT DAM","TX03698","72h","USC00411203",32,72.573,0.1795,0.102,0.1284
"GREENBELT DAM","TX03698","72h","USC00413972",65,71.228,0.2021,0.1557,0.1739
"GREENBELT DAM","TX03698","72h","USC00342849",84,100.659,0.1936,0.1218,0.1125
"GREENBELT DAM","TX03698","72h","USC00418523",82,79.363,0.2187,0.2098,0.1369
"RIRIE","ID00344","24h","USC00104455",57,28.773,0.188,0.1708,0.1735
"RIRIE","ID00344","24h","USC00107644",32,27.494,0.1832,0.1758,0.1282
"RIRIE","ID00344","24h","USC00104456",70,29.826,0.1957,0.2647,0.1888
"RIRIE","ID00344","24h","USW00024145",72,23.51,0.1775,0.1202,0.1436
"RIRIE","ID00344","24h","USW00094194",25,23.92,0.2281,0.133,0.2465
"RIRIE","ID00344","24h","USC00108818",74,26.647,0.1997,0.27,0.1674
"RIRIE","ID00344","24h","USC00108937",65,31.362,0.1769,0.2393,0.1503
"RIRIE","ID00344","24h","USC00104588",45,27.888,0.1799,0.1472,0.1207
"RIRIE","ID00344","24h","USC00108022",71,28.982,0.1756,0.172,0.1739
"RIRIE","ID00344","24h","USS0011F11S",43,32.641,0.1502,0.177,0.1221
"RIRIE","ID00344","24h","USS0011F02S",38,38.97,0.131,0.2561,0.2262
"RIRIE","ID00344","24h","USC00109065",54,29.441,0.1623,0.2397,0.1818
"RIRIE","ID00344","24h","USC00106764",39,29.991,0.1558,0.167,0.085
"RIRIE","ID00344","24h","USC00102676",81,29.002,0.1937,0.3053,0.206
"RIRIE","ID00344","24h","USC00100470",104,32.756,0.2015,0.2583,0.2063
"RIRIE","ID00344","24h","USC00103964",74,23.467,0.197,0.1396,0.1728
"RIRIE","ID00344","24h","USC00480140",92,32.46,0.1469,0.209,0.1754
"RIRIE","ID00344","24h","USC00100920",21,31.236,0.1658,0.0581,-0.0219
"RIRIE","ID00344","24h","USC00100915",92,27.705,0.1916,0.1579,0.1202
"RIRIE","ID00344","24h","USC00103825",30,29.015,0.1989,0.3175,0.2861
"RIRIE","ID00344","24h","USS0010F23S",44,44.681,0.1408,0.2031,0.16
"RIRIE","ID00344","24h","USS0011G01S",44,35.164,0.197,0.2781,0.2543
"RIRIE","ID00344","24h","USC00484910",73,28.586,0.1589,0.0961,0.1859
"RIRIE","ID00344","24h","USC00102707",96,27.955,0.1762,0.207,0.1907
"RIRIE","ID00344","24h","USC00103297",107,24.072,0.1885,0.1276,0.1528
"RIRIE","ID00344","24h","USC00486428",54,31.759,0.1667,0.0452,0.1848
"RIRIE","ID00344","24h","USW00004131",22,33.607,0.1284,0.1932,0.099
"RIRIE","ID00344","24h","USC00108604",35,35.062,0.1765,0.3525,0.223
"RIRIE","ID00344","24h","USC00107208",34,28.074,0.1761,0.1921,0.1344
"RIRIE","ID00344","24h","USS0010E15S",45,50.832,0.1372,0.2141,0.1507
"RIRIE","ID00344","24h","USC00108626",43,24.715,0.1645,0.1298,0.1806
"RIRIE","ID00344","24h","USW00094143",67,22.887,0.1899,0.213,0.212
"RIRIE","ID00344","24h","USC00107210",20,25.747,0.1943,0.2973,0.3509
"RIRIE","ID00344","24h","USS0011E10S",44,34.116,0.1477,0.2227,0.1827
"RIRIE","ID00344","24h","USS0011E37S",45,47.139,0.1892,0.0635,0.2272
"RIRIE","ID00344","24h","USC00102071",36,31.499,0.1656,0.1041,0.1701
"RIRIE","ID00344","24h","USC00486440",107,32.711,0.1707,0.2833,0.2044
"RIRIE","ID00344","24h","USC00104598",63,38.84,0.1452,0.2234,0.2406
"RIRIE","ID00344","24h","USW00024156",87,24.15,0.1733,0.0882,0.1515
"RIRIE","ID00344","24h","USC00480603",32,32.247,0.1625,0.1539,0.0368
"RIRIE","ID00344","24h","USC00108535",28,27.338,0.2027,0.2464,0.2276
"RIRIE","ID00344","24h","USC00480605",48,28.782,0.1528,0.1571,0.2233
"RIRIE","ID00344","24h","USS0010E12S",37,35.922,0.1396,0.0775,0.0718
"RIRIE","ID00344","24h","USC00488315",68,37.646,0.1696,0.0893,0.1024
"RIRIE","ID00344","72h","USC00104455",57,36.12,0.1786,0.0939,0.1516
"RIRIE","ID00344","72h","USC00107644",32,35.165,0.1719,0.0438,0.0722
"RIRIE","ID00344","72h","USC00104456",70,38.001,0.1629,0.2354,0.1745
"RIRIE","ID00344","72h","USW00024145",72,29.954,0.1691,0.0571,0.2071
"RIRIE","ID00344","72h","USW00094194",25,30.282,0.2137,0.0051,0.1816
"RIRIE","ID00344","72h","USC00108818",74,33.446,0.199,0.1733,0.1177
"RIRIE","ID00344","72h","USC00108937",65,41.834,0.1495,0.1668,0.1588
"RIRIE","ID00344","72h","USC00104588",45,36.208,0.1813,0.063,0.1111
"RIRIE","ID00344","72h","USC00108022",71,38.355,0.1638,0.159,0.1507
"RIRIE","ID00344","72h","USS0011F11S",43,48.659,0.1551,0.2507,0.198
"RIRIE","ID00344","72h","USS0011F02S",38,59.003,0.1307,0.1247,0.194
"RIRIE","ID00344","72h","USC00109065",54,39.056,0.1627,0.2008,0.215
"RIRIE","ID00344","72h","USC00106764",39,42.822,0.1598,0.1582,0.103
"RIRIE","ID00344","72h","USC00102676",81,38.275,0.1661,0.1775,0.1428
"RIRIE","ID00344","72h","USC00100470",104,43.794,0.1803,0.1981,0.1717
"RIRIE","ID00344","72h","USC00103964",74,27.689,0.1768,0.1659,0.1992
"RIRIE","ID00344","72h","USC00480140",92,45.542,0.142,0.1977,0.2446
"RIRIE","ID00344","72h","USC00100920",21,43.613,0.1333,0.2057,0.0847
"RIRIE","ID00344","72h","USC00100915",92,34.792,0.1891,0.1871,0.1582
"RIRIE","ID00344","72h","USS0010F23S",44,72.245,0.1291,0.3206,0.2189
"RIRIE","ID00344","72h","USS0011G01S",44,51.493,0.1708,0.198,0.2089
"RIRIE","ID00344","72h","USC00484910",73,39.029,0.1586,0.1535,0.2119
"RIRIE","ID00344","72h","USC00102707",96,35.576,0.1669,0.2058,0.2358
"RIRIE","ID00344","72h","USC00103297",107,31.554,0.1894,0.1633,0.0838
"RIRIE","ID00344","72h","USC00486428",54,44.872,0.162,0.0623,0.2218
"RIRIE","ID00344","72h","USC00108604",35,45.494,0.1963,0.2928,0.1864
"RIRIE","ID00344","72h","USC00107208",34,37.116,0.1672,0.1534,0.0356
"RIRIE","ID00344","72h","USS0010E15S",45,83.082,0.1267,0.2316,0.186
"RIRIE","ID00344","72h","USC00108626",43,30.859,0.1909,0.1652,0.0793
"RIRIE","ID00344","72h","USW00094143",67,30.978,0.1952,0.0916,0.0747
"RIRIE","ID00344","72h","USC00107210",20,33.284,0.1881,0.297,0.2016
"RIRIE","ID00344","72h","USS0011E37S",45,61.095,0.1528,-0.0428,0.1916
"RIRIE","ID00344","72h","USC00102071",36,41.858,0.1529,0.2028,0.1584
"RIRIE","ID00344","72h","USC00486440",107,46.765,0.1679,0.2759,0.2362
"RIRIE","ID00344","72h","USC00104598",63,58.437,0.1562,0.2972,0.2531
"RIRIE","ID00344","72h","USW00024156",87,31.035,0.1772,0.105,0.1462
"RIRIE","ID00344","72h","USC00480603",32,44.277,0.142,0.2383,0.0862
"RIRIE","ID00344","72h","USC00108535",28,36.48,0.1958,0.1178,0.1529
"RIRIE","ID00344","72h","USC00480605",48,41.247,0.1643,0.1538,0.0998
"RIRIE","ID00344","72h","USS0010E12S",37,57.357,0.1309,0.1749,0.1792
"RIRIE","ID00344","72h","USC00488315",68,56.818,0.1576,0.2034,0.0959
"RIRIE","ID00344","72h","USS0011E36S",44,90.368,0.146,0.2094,0.2012
"WHEATLAND NO. 3","WY00011","24h","USC00485720",20,28.939,0.2027,0.2747,0.1345
"WHEATLAND NO. 3","WY00011","24h","USC00488808",58,42.17,0.1966,0.1382,0.0966
"WHEATLAND NO. 3","WY00011","24h","USC00486120",52,28.328,0.2218,0.2231,0.2382
"WHEATLAND NO. 3","WY00011","24h","USC00482680",54,39.192,0.2473,0.2802,0.1775
"WHEATLAND NO. 3","WY00011","24h","USS0005G05S",44,37.187,0.2101,0.2477,0.2881
"WHEATLAND NO. 3","WY00011","24h","USC00482995",59,33.904,0.2186,0.1939,0.1814
"WHEATLAND NO. 3","WY00011","24h","USC00488192",39,27.43,0.2404,0.3077,0.2907
"WHEATLAND NO. 3","WY00011","24h","USS0005G04S",43,37.979,0.2044,0.2054,0.2296
"WHEATLAND NO. 3","WY00011","24h","USC00485435",47,29.368,0.213,0.1208,0.061
"WHEATLAND NO. 3","WY00011","24h","USC00484700",23,34.598,0.2142,-0.1407,0.1731
"WHEATLAND NO. 3","WY00011","24h","USW00024022",78,29.384,0.2439,0.2481,0.2489
"WHEATLAND NO. 3","WY00011","24h","USC00485410",62,30.92,0.2184,0.2675,0.191
"WHEATLAND NO. 3","WY00011","24h","USC00489615",101,44.881,0.1913,0.1667,0.2031
"WHEATLAND NO. 3","WY00011","24h","USC00481610",67,29.351,0.1837,0.1925,0.1708
"WHEATLAND NO. 3","WY00011","24h","USC00481730",109,45.284,0.2255,0.1761,0.1331
"WHEATLAND NO. 3","WY00011","24h","USS0005H02S",23,41.913,0.2496,0.0925,0.0845
"WHEATLAND NO. 3","WY00011","24h","USS0006G02S",44,54.07,0.2695,0.2694,0.199
"WHEATLAND NO. 3","WY00011","24h","USC00483960",38,41.144,0.2856,0.3343,0.2889
"WHEATLAND NO. 3","WY00011","24h","USS0006H19S",45,34.45,0.2179,0.2687,0.1022
"WHEATLAND NO. 3","WY00011","24h","USC00484126",34,39.274,0.2593,0.1852,0.2253
"WHEATLAND NO. 3","WY00011","24h","USC00484440",51,40.064,0.1897,-0.0436,0.1086
"WHEATLAND NO. 3","WY00011","24h","USC00484442",42,43.731,0.218,0.3641,0.2059
"WHEATLAND NO. 3","WY00011","24h","USC00480552",56,34.275,0.2435,0.3371,0.2122
"WHEATLAND NO. 3","WY00011","24h","USC00489604",53,38.746,0.2708,0.2122,0.2034
"WHEATLAND NO. 3","WY00011","24h","USC00485525",86,29.51,0.216,0.2448,0.1581
"WHEATLAND NO. 3","WY00011","24h","USC00482685",60,35.699,0.2078,0.052,0.0677
"WHEATLAND NO. 3","WY00011","24h","USW00024019",42,34.261,0.2711,0.3113,0.2776
"WHEATLAND NO. 3","WY00011","24h","USC00487990",56,25.31,0.1996,0.3137,0.1999
"WHEATLAND NO. 3","WY00011","24h","USC00488070",44,32.852,0.2423,0.3389,0.2554
"WHEATLAND NO. 3","WY00011","24h","USC00486852",33,45.111,0.1978,-0.051,0.1688
"WHEATLAND NO. 3","WY00011","24h","USC00483950",57,38.642,0.256,0.2327,0.2421
"WHEATLAND NO. 3","WY00011","24h","USW00094057",27,29.531,0.2778,0.2198,0.2954
"WHEATLAND NO. 3","WY00011","24h","USS0006G01S",43,54.6,0.2683,0.2441,0.2027
"WHEATLAND NO. 3","WY00011","24h","USC00054054",32,28.006,0.218,0.2052,0.1887
"WHEATLAND NO. 3","WY00011","24h","USC00483485",20,42.872,0.2284,0.0259,0.2035
"WHEATLAND NO. 3","WY00011","24h","USC00487200",68,42.614,0.1828,0.1835,0.1818
"WHEATLAND NO. 3","WY00011","24h","USC00483045",51,31.365,0.1903,0.3444,0.2568
"WHEATLAND NO. 3","WY00011","24h","USC00489925",62,43.984,0.1723,0.1533,0.0684
"WHEATLAND NO. 3","WY00011","24h","USC00058690",31,45.63,0.2605,0.4265,0.3105
"WHEATLAND NO. 3","WY00011","24h","USW00024018",111,39.324,0.2217,0.2299,0.2835
"WHEATLAND NO. 3","WY00011","24h","USC00481676",21,42.327,0.2191,-0.0523,0.093
"WHEATLAND NO. 3","WY00011","24h","USC00483490",43,37.653,0.2593,0.1557,0.1538
"WHEATLAND NO. 3","WY00011","72h","USC00485720",20,36.168,0.2,0.1838,0.2919
"WHEATLAND NO. 3","WY00011","72h","USC00488808",58,53.168,0.1911,0.1551,0.1361
"WHEATLAND NO. 3","WY00011","72h","USC00486120",52,34.261,0.2299,0.2292,0.1714
"WHEATLAND NO. 3","WY00011","72h","USC00482680",54,52.52,0.221,0.2899,0.1985
"WHEATLAND NO. 3","WY00011","72h","USS0005G05S",44,49.583,0.2215,0.2253,0.2208
"WHEATLAND NO. 3","WY00011","72h","USC00482995",59,38.927,0.2031,0.2318,0.1698
"WHEATLAND NO. 3","WY00011","72h","USC00488192",39,33.19,0.2036,0.2166,0.2238
"WHEATLAND NO. 3","WY00011","72h","USS0005G04S",43,52.935,0.2299,0.2768,0.211
"WHEATLAND NO. 3","WY00011","72h","USC00485435",47,36.552,0.1679,0.0939,0.1571
"WHEATLAND NO. 3","WY00011","72h","US1WYCR0004",23,37.456,0.2136,0.1568,0.1551
"WHEATLAND NO. 3","WY00011","72h","USC00484700",23,45.262,0.2298,-0.0306,0.2171
"WHEATLAND NO. 3","WY00011","72h","USW00024022",78,36.113,0.2161,0.2187,0.1841
"WHEATLAND NO. 3","WY00011","72h","USC00485410",62,37.557,0.2115,0.2912,0.1696
"WHEATLAND NO. 3","WY00011","72h","USC00489615",101,56.135,0.2082,0.1893,0.1851
"WHEATLAND NO. 3","WY00011","72h","USC00481610",67,39.609,0.1992,0.1983,0.1544
"WHEATLAND NO. 3","WY00011","72h","USC00481730",109,55.851,0.2213,0.1626,0.1598
"WHEATLAND NO. 3","WY00011","72h","USS0005H02S",23,59.256,0.2775,0.1611,0.1116
"WHEATLAND NO. 3","WY00011","72h","USS0006G02S",44,68.497,0.2372,0.1929,0.1953
"WHEATLAND NO. 3","WY00011","72h","USC00483960",38,50.213,0.274,0.2244,0.1681
"WHEATLAND NO. 3","WY00011","72h","USS0006H19S",45,46.632,0.1899,0.1898,0.1178
"WHEATLAND NO. 3","WY00011","72h","USC00484126",34,49.746,0.2524,0.1093,0.1418
"WHEATLAND NO. 3","WY00011","72h","USC00484440",51,49.937,0.1996,0.0732,0.1945
"WHEATLAND NO. 3","WY00011","72h","USC00484442",42,55.051,0.2308,0.3587,0.2429
"WHEATLAND NO. 3","WY00011","72h","USC00480552",56,43.545,0.2615,0.3471,0.2673
"WHEATLAND NO. 3","WY00011","72h","USC00489604",53,46.539,0.2597,0.1455,0.1764
"WHEATLAND NO. 3","WY00011","72h","USC00485525",86,36.818,0.2243,0.1888,0.1417
"WHEATLAND NO. 3","WY00011","72h","USC00482685",60,46.226,0.2275,0.158,0.156
"WHEATLAND NO. 3","WY00011","72h","USW00024019",42,43.652,0.2792,0.2273,0.1599
"WHEATLAND NO. 3","WY00011","72h","USC00487990",56,31.842,0.215,0.2499,0.1353
"WHEATLAND NO. 3","WY00011","72h","USC00488070",44,38.758,0.2038,0.1822,0.1682
"WHEATLAND NO. 3","WY00011","72h","USC00486852",33,55.027,0.19,-0.0529,0.1665
"WHEATLAND NO. 3","WY00011","72h","USC00483950",57,46.018,0.2556,0.1795,0.1923
"WHEATLAND NO. 3","WY00011","72h","USW00094057",27,38.217,0.2984,0.1707,0.1957
"WHEATLAND NO. 3","WY00011","72h","USS0006G01S",43,69.479,0.2319,0.274,0.2477
"WHEATLAND NO. 3","WY00011","72h","USC00054054",32,38.12,0.2336,0.2477,0.167
"WHEATLAND NO. 3","WY00011","72h","USC00483485",20,55.306,0.2524,0.1117,0.2562
"WHEATLAND NO. 3","WY00011","72h","USC00487200",68,53.575,0.1975,0.1547,0.1973
"WHEATLAND NO. 3","WY00011","72h","USC00483045",51,38.076,0.1824,0.313,0.1846
"WHEATLAND NO. 3","WY00011","72h","USW00024018",111,51.48,0.2156,0.1478,0.1781
"WHEATLAND NO. 3","WY00011","72h","USC00483490",43,43.255,0.2572,0.1294,0.1246
"DEADMANS BASIN DAM","MT00011","24h","USC00240466",55,37.095,0.24,0.211,0.1058
"DEADMANS BASIN DAM","MT00011","24h","USC00247263",64,36.066,0.1894,0.2358,0.1862
"DEADMANS BASIN DAM","MT00011","24h","USC00244545",51,37.188,0.2359,0.1706,0.2377
"DEADMANS BASIN DAM","MT00011","24h","USC00243486",60,41.401,0.1883,0.1149,0.1011
"DEADMANS BASIN DAM","MT00011","24h","USC00243939",58,36.38,0.1987,0.1961,0.1365
"DEADMANS BASIN DAM","MT00011","24h","USC00246862",113,40.383,0.2207,0.2625,0.1573
"DEADMANS BASIN DAM","MT00011","24h","USC00244538",59,39.42,0.2334,0.3268,0.2845
"DEADMANS BASIN DAM","MT00011","24h","USC00241149",44,35.726,0.209,0.1007,0.1586
"DEADMANS BASIN DAM","MT00011","24h","USS0009C01S",48,71.218,0.2509,0.2507,0.2361
"DEADMANS BASIN DAM","MT00011","24h","USC00247220",20,41.025,0.2128,0.1899,0.2039
"DEADMANS BASIN DAM","MT00011","24h","USC00245603",67,45.251,0.2056,0.2781,0.1797
"DEADMANS BASIN DAM","MT00011","24h","USC00244978",71,51.799,0.2284,0.2265,0.1476
"DEADMANS BASIN DAM","MT00011","24h","USC00247214",87,37.304,0.2154,0.2428,0.1961
"DEADMANS BASIN DAM","MT00011","24h","USC00240780",109,42.884,0.1975,0.2334,0.2071
"DEADMANS BASIN DAM","MT00011","24h","USC00245387",68,35.808,0.208,0.1791,0.1836
"DEADMANS BASIN DAM","MT00011","24h","US1MTMH0004",20,35.448,0.2507,0.2123,0.2892
"DEADMANS BASIN DAM","MT00011","24h","USC00241938",95,42.406,0.2312,0.1022,0.06
"DEADMANS BASIN DAM","MT00011","24h","USS0010C15S",30,41.708,0.203,0.2226,0.3181
"DEADMANS BASIN DAM","MT00011","24h","USW00024036",124,41.707,0.2223,0.2709,0.1685
"DEADMANS BASIN DAM","MT00011","24h","USC00244193",39,38.078,0.2003,0.2585,0.2147
"DEADMANS BASIN DAM","MT00011","24h","USS0010C08S",43,51.657,0.1861,0.1206,0.0669
"DEADMANS BASIN DAM","MT00011","24h","USS0010C03S",48,40.478,0.2029,0.2703,0.2474
"DEADMANS BASIN DAM","MT00011","24h","USC00248493",20,44.759,0.2102,0.2326,0.1706
"DEADMANS BASIN DAM","MT00011","24h","USC00244894",37,39.367,0.2736,0.1768,0.1518
"DEADMANS BASIN DAM","MT00011","24h","USW00024033",78,37.717,0.2547,0.2094,0.1136
"DEADMANS BASIN DAM","MT00011","24h","USC00243727",87,46.152,0.228,0.2079,0.1418
"DEADMANS BASIN DAM","MT00011","24h","USC00245761",105,36.699,0.2152,0.2876,0.2013
"DEADMANS BASIN DAM","MT00011","24h","USC00248495",26,39.828,0.2063,0.3315,0.3649
"DEADMANS BASIN DAM","MT00011","24h","USC00249023",57,39.554,0.2177,0.235,0.1621
"DEADMANS BASIN DAM","MT00011","24h","USC00244954",61,32.544,0.1981,0.0949,0.1281
"DEADMANS BASIN DAM","MT00011","24h","USC00247800",69,36.933,0.2067,0.1755,0.0654
"DEADMANS BASIN DAM","MT00011","24h","USC00240801",27,35.478,0.2343,0.2737,0.1053
"DEADMANS BASIN DAM","MT00011","24h","USC00245533",28,42.625,0.2586,0.2077,0.1448
"DEADMANS BASIN DAM","MT00011","24h","USC00240802",124,40.944,0.2384,0.1888,0.1548
"DEADMANS BASIN DAM","MT00011","24h","USC00243013",109,37.004,0.2306,0.2697,0.1786
"DEADMANS BASIN DAM","MT00011","24h","USC00242996",68,50.986,0.2288,0.2829,0.1479
"DEADMANS BASIN DAM","MT00011","24h","USC00245235",32,26.958,0.1652,0.0584,0.0581
"DEADMANS BASIN DAM","MT00011","24h","USC00242012",46,32.586,0.1673,0.1712,0.1215
"DEADMANS BASIN DAM","MT00011","24h","USC00244345",112,36.762,0.2049,0.1145,0.1228
"DEADMANS BASIN DAM","MT00011","24h","USC00244506",67,43.925,0.2418,0.3652,0.2743
"DEADMANS BASIN DAM","MT00011","24h","USS0010C06S",48,39.107,0.1654,0.28,0.2173
"DEADMANS BASIN DAM","MT00011","24h","USC00246190",44,48.472,0.2405,0.2733,0.1466
"DEADMANS BASIN DAM","MT00011","24h","USC00240432",78,36.014,0.242,0.2564,0.2152
"DEADMANS BASIN DAM","MT00011","24h","USW00024150",77,33.109,0.2167,0.2473,0.2372
"DEADMANS BASIN DAM","MT00011","24h","USC00247128",74,45.942,0.2279,0.192,0.1986
"DEADMANS BASIN DAM","MT00011","24h","USC00246647",27,39.822,0.2511,0.2411,0.1419
"DEADMANS BASIN DAM","MT00011","72h","USC00240466",55,43.893,0.216,0.1992,0.188
"DEADMANS BASIN DAM","MT00011","72h","USC00247263",64,44.052,0.1824,0.2313,0.21
"DEADMANS BASIN DAM","MT00011","72h","USC00244545",51,47.941,0.2143,0.0762,0.1357
"DEADMANS BASIN DAM","MT00011","72h","USC00243486",60,53.843,0.1867,0.1463,0.1223
"DEADMANS BASIN DAM","MT00011","72h","USC00243939",58,44.546,0.2023,0.1566,0.1143
"DEADMANS BASIN DAM","MT00011","72h","USC00246862",113,51.363,0.223,0.1878,0.1028
"DEADMANS BASIN DAM","MT00011","72h","USC00244538",59,48.857,0.2136,0.3522,0.3235
"DEADMANS BASIN DAM","MT00011","72h","USC00241149",44,43.927,0.2351,0.2202,0.2746
"DEADMANS BASIN DAM","MT00011","72h","USS0009C01S",48,105.794,0.2481,0.2259,0.153
"DEADMANS BASIN DAM","MT00011","72h","USC00247220",20,53.817,0.187,0.1356,0.1722
"DEADMANS BASIN DAM","MT00011","72h","USC00245603",67,59.408,0.2218,0.2467,0.156
"DEADMANS BASIN DAM","MT00011","72h","USC00244978",71,72.792,0.2296,0.2799,0.1778
"DEADMANS BASIN DAM","MT00011","72h","USC00247214",87,48.987,0.2272,0.2085,0.1778
"DEADMANS BASIN DAM","MT00011","72h","USC00240780",109,53.331,0.2024,0.2179,0.193
"DEADMANS BASIN DAM","MT00011","72h","USC00245387",68,43.575,0.1804,0.1757,0.1674
"DEADMANS BASIN DAM","MT00011","72h","US1MTMH0004",20,50.3,0.236,0.0701,0.0566
"DEADMANS BASIN DAM","MT00011","72h","USC00241938",95,52.443,0.2266,0.1654,0.142
"DEADMANS BASIN DAM","MT00011","72h","USS0010C15S",30,61.127,0.1921,0.1015,0.1158
"DEADMANS BASIN DAM","MT00011","72h","USW00024036",124,56.935,0.2225,0.2342,0.1544
"DEADMANS BASIN DAM","MT00011","72h","USC00244193",39,48.402,0.2029,0.1519,0.1096
"DEADMANS BASIN DAM","MT00011","72h","USS0010C08S",43,79.887,0.1787,0.118,0.1041
"DEADMANS BASIN DAM","MT00011","72h","USS0010C03S",48,57.493,0.1904,0.169,0.216
"DEADMANS BASIN DAM","MT00011","72h","USC00248493",20,52.86,0.2161,0.1445,0.1385
"DEADMANS BASIN DAM","MT00011","72h","USW00024033",78,47.816,0.2319,0.1397,0.1329
"DEADMANS BASIN DAM","MT00011","72h","USC00243727",87,63.457,0.2489,0.2605,0.2143
"DEADMANS BASIN DAM","MT00011","72h","USC00245761",105,50.357,0.205,0.2161,0.1942
"DEADMANS BASIN DAM","MT00011","72h","USC00248495",26,51.421,0.2289,0.2862,0.2108
"DEADMANS BASIN DAM","MT00011","72h","USC00249023",57,52.441,0.2208,0.2224,0.2131
"DEADMANS BASIN DAM","MT00011","72h","USC00244954",61,44.258,0.2089,0.1742,0.1599
"DEADMANS BASIN DAM","MT00011","72h","USC00247800",69,46.99,0.2183,0.2529,0.1407
"DEADMANS BASIN DAM","MT00011","72h","USC00240801",27,47.17,0.2349,0.2618,0.1179
"DEADMANS BASIN DAM","MT00011","72h","USC00245533",28,52.765,0.2518,0.2171,0.145
"DEADMANS BASIN DAM","MT00011","72h","USC00240802",124,50.314,0.2378,0.1773,0.1449
"DEADMANS BASIN DAM","MT00011","72h","USC00243013",109,48.078,0.2253,0.238,0.1869
"DEADMANS BASIN DAM","MT00011","72h","USC00242996",68,66.768,0.2334,0.2581,0.1454
"DEADMANS BASIN DAM","MT00011","72h","USC00242012",46,45.546,0.1678,0.1423,0.1057
"DEADMANS BASIN DAM","MT00011","72h","USC00244345",112,46.933,0.2066,0.1057,0.111
"DEADMANS BASIN DAM","MT00011","72h","USC00244506",67,56.905,0.2393,0.2831,0.2045
"DEADMANS BASIN DAM","MT00011","72h","USC00241840",22,41.406,0.184,0.1783,0.2465
"DEADMANS BASIN DAM","MT00011","72h","USS0010C06S",48,59.899,0.161,0.2102,0.1759
"DEADMANS BASIN DAM","MT00011","72h","USC00246190",44,67.582,0.2535,0.2636,0.1094
"DEADMANS BASIN DAM","MT00011","72h","USC00240432",78,46.218,0.2332,0.1747,0.1296
"DEADMANS BASIN DAM","MT00011","72h","USW00024150",77,42.927,0.1881,0.1154,0.1517
"DEADMANS BASIN DAM","MT00011","72h","USC00247128",74,58.55,0.2255,0.1724,0.0652
"DEADMANS BASIN DAM","MT00011","72h","USC00246647",27,52.602,0.245,0.1022,0.0078
"BOX CANYON DAM","WA00013","24h","USS0017A01S",43,55.465,0.1305,0.1021,0.0178
"BOX CANYON DAM","WA00013","24h","CA001148700",72,35.327,0.1518,0.2545,0.1756
"BOX CANYON DAM","WA00013","24h","CA001146870",55,39.659,0.1599,0.2054,0.0978
"BOX CANYON DAM","WA00013","24h","CA001146874",28,36.342,0.1271,0.2425,0.2586
"BOX CANYON DAM","WA00013","24h","USS0016A12S",26,92.182,0.2145,0.0529,0.1175
"BOX CANYON DAM","WA00013","24h","USC00107386",120,42.181,0.1332,0.1684,0.2043
"BOX CANYON DAM","WA00013","24h","USS0016A14S",23,39.427,0.1982,0.0678,0.1156
"BOX CANYON DAM","WA00013","24h","USC00455844",88,39.758,0.1744,0.3136,0.2369
"BOX CANYON DAM","WA00013","24h","USS0018A21S",23,32.205,0.1714,0.0242,0.2182
"BOX CANYON DAM","WA00013","24h","USS0016A10S",42,70.528,0.1742,0.2327,0.1891
"BOX CANYON DAM","WA00013","24h","CA001142160",101,31.905,0.1796,0.2391,0.1177
"BOX CANYON DAM","WA00013","24h","CA00114B1F0",20,31.391,0.1656,0.2501,0.1889
"BOX CANYON DAM","WA00013","24h","CA001142130",27,34.239,0.1532,0.2332,0.214
"BOX CANYON DAM","WA00013","24h","CA001144635",27,33.306,0.179,0.1884,0.2422
"BOX CANYON DAM","WA00013","24h","CA001145445",21,27.884,0.1168,0.1371,0.0787
"BOX CANYON DAM","WA00013","24h","USC00101079",91,35.141,0.1676,0.2007,0.1658
"BOX CANYON DAM","WA00013","24h","CA00114EMDM",35,37.813,0.1474,0.2156,0.208
"BOX CANYON DAM","WA00013","24h","USC00108137",101,45.171,0.1415,0.1357,0.1584
"BOX CANYON DAM","WA00013","24h","USW00094119",28,34.308,0.1234,0.221,0.24
"BOX CANYON DAM","WA00013","24h","USC00452066",55,33.121,0.1489,0.1845,0.1608
"BOX CANYON DAM","WA00013","24h","USS0017B04S",40,61.78,0.1143,0.1998,0.1869
"BOX CANYON DAM","WA00013","24h","USS0017B06S",20,57.833,0.1716,0.3329,0.1985
"BOX CANYON DAM","WA00013","24h","USC00459058",57,35.078,0.1345,0.2168,0.1809
"BOX CANYON DAM","WA00013","24h","USC00453975",66,26.091,0.1685,0.1491,0.0955
"BOX CANYON DAM","WA00013","24h","USC00100667",61,37.32,0.1917,0.2838,0.257
"BOX CANYON DAM","WA00013","24h","USS0015A03S",39,51.16,0.1542,-0.0702,0.1096
"BOX CANYON DAM","WA00013","24h","USS0016A08S",44,104.499,0.1783,0.2601,0.2642
"BOX CANYON DAM","WA00013","24h","USC00248395",22,49.047,0.184,0.2266,0.1674
"BOX CANYON DAM","WA00013","24h","USC00248390",33,38.262,0.1562,0.1725,0.0532
"BOX CANYON DAM","WA00013","24h","USS0016A04S",43,68.412,0.1688,0.1818,0.1859
"BOX CANYON DAM","WA00013","24h","USS0015A05S",30,35.595,0.1575,-0.0696,0.1376
"BOX CANYON DAM","WA00013","24h","USC00454807",27,27.476,0.1972,0.1951,0.1262
"BOX CANYON DAM","WA00013","24h","USC00457941",31,27.82,0.1405,0.156,0.0208
"BOX CANYON DAM","WA00013","24h","USC00101363",60,43.166,0.1392,0.1806,0.1313
"BOX CANYON DAM","WA00013","24h","USW00024114",22,28.199,0.1527,0.2681,0.1219
"BOX CANYON DAM","WA00013","24h","USW00024157",137,27.202,0.1605,0.2088,0.1714
"BOX CANYON DAM","WA00013","24h","USC00452175",25,27.54,0.1426,0.0924,0.1609
"BOX CANYON DAM","WA00013","24h","USC00244084",99,43.793,0.1478,0.1916,0.1893
"BOX CANYON DAM","WA00013","24h","USC00101956",93,37.203,0.1749,0.2639,0.2188
"BOX CANYON DAM","WA00013","24h","USS0019A13S",35,43.211,0.1612,0.0273,0.18
"BOX CANYON DAM","WA00013","24h","USC00249187",23,32.878,0.1433,0.0708,0.0995
"BOX CANYON DAM","WA00013","72h","USS0017A01S",43,82.814,0.1239,0.1126,0.1899
"BOX CANYON DAM","WA00013","72h","CA001148700",72,50.511,0.1494,0.2699,0.2306
"BOX CANYON DAM","WA00013","72h","CA001146870",55,55.599,0.1483,0.1881,0.2289
"BOX CANYON DAM","WA00013","72h","CA001146874",28,55.256,0.1441,0.2051,0.1224
"BOX CANYON DAM","WA00013","72h","USC00107386",120,60.866,0.1517,0.1884,0.1479
"BOX CANYON DAM","WA00013","72h","USS0016A14S",23,62.221,0.2025,0.1427,0.1456
"BOX CANYON DAM","WA00013","72h","USC00455844",88,55.25,0.1463,0.1707,0.1521
"BOX CANYON DAM","WA00013","72h","USS0018A21S",23,44.133,0.2011,0.0454,0.1859
"BOX CANYON DAM","WA00013","72h","USS0016A10S",42,114.485,0.1782,0.0983,0.1517
"BOX CANYON DAM","WA00013","72h","CA001142160",101,45.56,0.1675,0.1949,0.2052
"BOX CANYON DAM","WA00013","72h","CA001144635",27,47.54,0.2118,0.167,0.0792
"BOX CANYON DAM","WA00013","72h","USC00101079",91,50.884,0.1678,0.112,0.118
"BOX CANYON DAM","WA00013","72h","CA00114EMDM",35,57.565,0.1332,0.2684,0.1774
"BOX CANYON DAM","WA00013","72h","USC00108137",101,65.65,0.147,0.1258,0.1282
"BOX CANYON DAM","WA00013","72h","USW00094119",28,49.731,0.1488,0.1931,0.21
"BOX CANYON DAM","WA00013","72h","USC00456974",97,36.943,0.1759,0.2029,0.1883
"BOX CANYON DAM","WA00013","72h","USS0017B04S",40,91.093,0.1373,0.1798,0.1671
"BOX CANYON DAM","WA00013","72h","USS0017B06S",20,86.458,0.1552,0.0767,0.0907
"BOX CANYON DAM","WA00013","72h","USC00100667",61,51.49,0.1876,0.2691,0.2533
"BOX CANYON DAM","WA00013","72h","USS0015A03S",39,82.516,0.1779,0.034,0.0806
"BOX CANYON DAM","WA00013","72h","USS0016A08S",44,169.21,0.1626,0.1348,0.2367
"BOX CANYON DAM","WA00013","72h","USC00248395",22,74.698,0.204,0.2504,0.1893
"BOX CANYON DAM","WA00013","72h","USC00248390",33,50.935,0.1488,0.0771,0.1671
"BOX CANYON DAM","WA00013","72h","USS0016A04S",43,103.424,0.1608,0.0994,0.1572
"BOX CANYON DAM","WA00013","72h","USS0015A05S",30,58.432,0.2018,0.0445,0.099
"BOX CANYON DAM","WA00013","72h","CA001136812",35,34.17,0.1977,0.2539,0.076
"BOX CANYON DAM","WA00013","72h","USC00454807",27,35.134,0.1396,-0.0234,0.012
"BOX CANYON DAM","WA00013","72h","USC00451385",23,35.504,0.2,0.4043,0.2987
"BOX CANYON DAM","WA00013","72h","USC00457941",31,35.821,0.1277,0.1224,0.1254
"BOX CANYON DAM","WA00013","72h","USC00101363",60,63.237,0.1458,0.1519,0.1756
"BOX CANYON DAM","WA00013","72h","USW00024114",22,36.598,0.1263,0.1951,0.2937
"BOX CANYON DAM","WA00013","72h","USW00024157",137,35.384,0.1529,0.1169,0.1293
"BOX CANYON DAM","WA00013","72h","USC00452175",25,36.161,0.1887,0.222,0.2404
"BOX CANYON DAM","WA00013","72h","USC00101956",93,51.52,0.1674,0.2302,0.2168
"BOX CANYON DAM","WA00013","72h","USS0019A13S",35,62.636,0.1692,0.1562,0.101
"BOX CANYON DAM","WA00013","72h","USC00249187",23,48.07,0.1524,0.1177,0.114
"ENDERS DAM","NE01070","24h","USC00252741",46,58.36,0.2337,0.4203,0.2015
"ENDERS DAM","NE01070","24h","US10chas003",21,63.99,0.264,0.3721,0.1663
"ENDERS DAM","NE01070","24h","USC00259020",93,60.179,0.2084,0.2631,0.1568
"ENDERS DAM","NE01070","24h","USW00024091",47,53.771,0.2599,0.1438,0.241
"ENDERS DAM","NE01070","24h","USC00254110",120,62.027,0.1992,0.2014,0.2364
"ENDERS DAM","NE01070","24h","USC00255269",23,56.146,0.1992,0.2095,0.1862
"ENDERS DAM","NE01070","24h","USC00256480",83,64.236,0.2384,0.2304,0.1071
"ENDERS DAM","NE01070","24h","USC00258255",96,60.911,0.2024,0.1734,0.2028
"ENDERS DAM","NE01070","24h","USC00250760",105,60.722,0.2315,0.2549,0.2304
"ENDERS DAM","NE01070","24h","USC00254604",43,52.994,0.201,0.3181,0.2521
"ENDERS DAM","NE01070","24h","USW00024020",127,59.724,0.1857,0.0981,0.2146
"ENDERS DAM","NE01070","24h","USC00258628",72,58.383,0.2255,0.2535,0.2222
"ENDERS DAM","NE01070","24h","USC00255090",116,60.332,0.204,0.2394,0.1572
"ENDERS DAM","NE01070","24h","USC00252675",36,57.294,0.2173,0.2257,0.2231
"ENDERS DAM","NE01070","24h","US1COYU0052",21,56.71,0.1727,0.2925,0.3049
"ENDERS DAM","NE01070","24h","USC00258920",75,55.379,0.2033,0.1673,0.1395
"ENDERS DAM","NE01070","24h","USC00253515",91,52.714,0.2042,0.1685,0.1281
"ENDERS DAM","NE01070","24h","USC00252065",134,61.889,0.1842,0.1747,0.1475
"ENDERS DAM","NE01070","24h","USC00059243",96,58.702,0.2285,0.2039,0.1603
"ENDERS DAM","NE01070","24h","USC00255311",51,58.729,0.167,0.139,0.2198
"ENDERS DAM","NE01070","24h","USC00257450",25,57.716,0.241,0.2537,0.0841
"ENDERS DAM","NE01070","24h","USC00054082",104,53.919,0.1911,0.2132,0.1791
"ENDERS DAM","NE01070","24h","USC00145127",58,62.331,0.2386,0.2238,0.1653
"ENDERS DAM","NE01070","24h","US10hitc004",20,67.659,0.1999,0.1825,0.2207
"ENDERS DAM","NE01070","24h","USC00257110",44,63.491,0.2086,0.2179,0.1859
"ENDERS DAM","NE01070","24h","USC00147095",69,54.672,0.2263,0.2289,0.1561
"ENDERS DAM","NE01070","72h","USC00252741",46,69.946,0.2098,0.2981,0.1767
"ENDERS DAM","NE01070","72h","US10chas003",21,71.325,0.2334,0.2723,0.2505
"ENDERS DAM","NE01070","72h","USC00259020",93,72.38,0.1838,0.1714,0.1733
"ENDERS DAM","NE01070","72h","USW00024091",47,66.257,0.2483,0.1732,0.2022
"ENDERS DAM","NE01070","72h","USC00254110",120,72.514,0.1839,0.2083,0.1954
"ENDERS DAM","NE01070","72h","USC00255269",23,64.648,0.195,0.0999,0.1364
"ENDERS DAM","NE01070","72h","USC00256480",83,74.561,0.218,0.1868,0.1262
"ENDERS DAM","NE01070","72h","USC00258255",96,72.936,0.1837,0.0516,0.13
"ENDERS DAM","NE01070","72h","USC00250760",105,71.167,0.2251,0.2464,0.2324
"ENDERS DAM","NE01070","72h","USC00254604",43,63.338,0.1669,0.2494,0.1831
"ENDERS DAM","NE01070","72h","US10dund010",22,69.225,0.2572,0.3811,0.3688
"ENDERS DAM","NE01070","72h","USW00024020",127,73.645,0.1871,0.0773,0.1598
"ENDERS DAM","NE01070","72h","USC00258628",72,68.961,0.198,0.136,0.151
"ENDERS DAM","NE01070","72h","US10perk009",23,68.432,0.245,0.1702,0.243
"ENDERS DAM","NE01070","72h","USC00255090",116,70.428,0.1902,0.1907,0.1924
"ENDERS DAM","NE01070","72h","USC00252675",36,70.426,0.1943,0.073,0.1413
"ENDERS DAM","NE01070","72h","US1COYU0052",21,64.409,0.1741,0.1064,0.1987
"ENDERS DAM","NE01070","72h","USC00258920",75,67.8,0.1892,0.1035,0.1472
"ENDERS DAM","NE01070","72h","USC00253515",91,63.084,0.2103,0.0918,0.0693
"ENDERS DAM","NE01070","72h","USC00252065",134,73.503,0.1824,0.1786,0.1365
"ENDERS DAM","NE01070","72h","USC00059243",96,67.079,0.2181,0.1613,0.1579
"ENDERS DAM","NE01070","72h","USC00255311",51,71.674,0.1951,0.1807,0.1409
"ENDERS DAM","NE01070","72h","USC00257450",25,74.642,0.2279,0.103,0.0979
"ENDERS DAM","NE01070","72h","USC00145127",58,74.098,0.2404,0.2929,0.1611
"ENDERS DAM","NE01070","72h","US10hitc004",20,78.836,0.2274,0.2296,0.1006
"ENDERS DAM","NE01070","72h","USC00257110",44,71.37,0.1945,0.1624,0.1837
"ENDERS DAM","NE01070","72h","USC00147095",69,66.589,0.2091,0.1354,0.0888
"EAGLE NEST DAM","NM00351","24h","USC00292700",72,36.885,0.2444,0.2977,0.195
"EAGLE NEST DAM","NM00351","24h","USC00292860",39,36.427,0.1753,0.096,0.0617
"EAGLE NEST DAM","NM00351","24h","USC00298673",34,34.02,0.1632,0.009,0.0698
"EAGLE NEST DAM","NM00351","24h","USC00291813",118,47.872,0.2339,0.2562,0.1675
"EAGLE NEST DAM","NM00351","24h","USC00290646",49,49.842,0.2278,0.2394,0.1103
"EAGLE NEST DAM","NM00351","24h","USC00298668",99,29.845,0.1884,0.1902,0.1385
"EAGLE NEST DAM","NM00351","24h","USC00291630",84,30.698,0.1984,0.2018,0.1056
"EAGLE NEST DAM","NM00351","24h","USC00296275",63,51.121,0.2173,0.2491,0.1218
"EAGLE NEST DAM","NM00351","24h","USC00292384",48,53.859,0.2282,0.2671,0.2835
"EAGLE NEST DAM","NM00351","24h","USC00291653",64,40.041,0.172,0.1962,0.1347
"EAGLE NEST DAM","NM00351","24h","USC00295691",42,52.564,0.2041,0.275,0.2731
"EAGLE NEST DAM","NM00351","24h","USC00291656",23,42.247,0.1963,0.0317,0.1095
"EAGLE NEST DAM","NM00351","24h","USC00296705",36,32.905,0.1864,0.1755,0.1135
"EAGLE NEST DAM","NM00351","24h","USC00295490",87,49.981,0.2319,0.2745,0.2006
"EAGLE NEST DAM","NM00351","24h","USC00298501",97,47.92,0.2488,0.3033,0.2497
"EAGLE NEST DAM","NM00351","24h","USC00299085",78,36.566,0.195,0.2335,0.1383
"EAGLE NEST DAM","NM00351","24h","USW00023052",45,47.593,0.2499,0.3127,0.3006
"EAGLE NEST DAM","NM00351","24h","USC00294936",42,51.536,0.2111,0.1331,0.2176
"EAGLE NEST DAM","NM00351","24h","USC00298352",40,28.922,0.2128,0.2605,0.1626
"EAGLE NEST DAM","NM00351","24h","USC00293488",65,48.694,0.1785,0.2692,0.219
"EAGLE NEST DAM","NM00351","24h","USC00057428",24,31.908,0.172,0.0894,0.0248
"EAGLE NEST DAM","NM00351","24h","USC00299113",41,36.573,0.2396,0.2084,0.0516
"EAGLE NEST DAM","NM00351","24h","USC00296321",26,29.406,0.1857,0.1797,0.0899
"EAGLE NEST DAM","NM00351","24h","US1NMRA0001",21,28.96,0.1658,0.1486,0.1729
"EAGLE NEST DAM","NM00351","24h","USC00297280",35,45.607,0.216,0.0988,0.1399
"EAGLE NEST DAM","NM00351","24h","USC00297277",50,55.108,0.2459,0.2816,0.2109
"EAGLE NEST DAM","NM00351","24h","USC00297279",63,47.955,0.2286,0.3636,0.264
"EAGLE NEST DAM","NM00351","24h","USC00299330",85,51.762,0.2213,0.3003,0.2082
"EAGLE NEST DAM","NM00351","24h","USC00059216",24,48.449,0.2057,0.2087,0.1782
"EAGLE NEST DAM","NM00351","24h","USC00292820",72,31.083,0.1786,0.1418,0.1765
"EAGLE NEST DAM","NM00351","24h","USC00294728",23,53.606,0.1955,0.297,0.2185
"EAGLE NEST DAM","NM00351","24h","USC00290245",65,32.523,0.1847,0.1624,0.1653
"EAGLE NEST DAM","NM00351","24h","USC00058436",34,45.529,0.1985,0.239,0.1296
"EAGLE NEST DAM","NM00351","24h","USC00290022",97,50.438,0.1963,0.1195,0.1584
"EAGLE NEST DAM","NM00351","24h","USC00293031",73,32.945,0.2007,0.1878,0.1145
"EAGLE NEST DAM","NM00351","24h","USC00055322",91,23.595,0.2061,0.1296,0.1425
"EAGLE NEST DAM","NM00351","24h","USC00296028",25,30.302,0.1771,0.0297,-0.0086
"EAGLE NEST DAM","NM00351","24h","USC00058429",112,45.032,0.2221,0.2142,0.1994
"EAGLE NEST DAM","NM00351","24h","USW00023054",86,45.673,0.2183,0.1322,0.1486
"EAGLE NEST DAM","NM00351","24h","US1COLA0033",22,43.947,0.2449,0.2684,0.1421
"EAGLE NEST DAM","NM00351","24h","USC00292321",27,53.407,0.2279,0.1664,0.0034
"EAGLE NEST DAM","NM00351","72h","USC00292700",72,46.693,0.2057,0.2218,0.2135
"EAGLE NEST DAM","NM00351","72h","USC00298673",34,46.25,0.1784,0.0507,0.1513
"EAGLE NEST DAM","NM00351","72h","USC00291813",118,59.056,0.2372,0.2977,0.2023
"EAGLE NEST DAM","NM00351","72h","USC00290646",49,63.885,0.196,0.2133,0.0433
"EAGLE NEST DAM","NM00351","72h","USC00298668",99,37.418,0.2089,0.1993,0.1486
"EAGLE NEST DAM","NM00351","72h","USC00291630",84,39.85,0.1952,0.2283,0.1351
"EAGLE NEST DAM","NM00351","72h","USC00296275",63,68.693,0.2252,0.2386,0.1065
"EAGLE NEST DAM","NM00351","72h","USC00292384",48,62.173,0.2149,0.3498,0.2551
"EAGLE NEST DAM","NM00351","72h","USC00291653",64,58.343,0.1717,0.141,0.109
"EAGLE NEST DAM","NM00351","72h","USC00295691",42,65.991,0.2324,0.279,0.1209
"EAGLE NEST DAM","NM00351","72h","USC00291656",23,59.606,0.2508,0.267,0.31
"EAGLE NEST DAM","NM00351","72h","USC00296705",36,41.749,0.2044,0.2572,0.1982
"EAGLE NEST DAM","NM00351","72h","USC00295490",87,59.262,0.2435,0.2294,0.144
"EAGLE NEST DAM","NM00351","72h","USC00298501",97,59.218,0.2328,0.235,0.207
"EAGLE NEST DAM","NM00351","72h","USC00299085",78,43.689,0.1861,0.2057,0.1613
"EAGLE NEST DAM","NM00351","72h","USC00298730",23,53.793,0.1882,0.1427,0.0785
"EAGLE NEST DAM","NM00351","72h","USC00294936",42,63.59,0.1806,0.2203,0.2112
"EAGLE NEST DAM","NM00351","72h","USC00298352",40,38.746,0.1964,0.2036,0.0737
"EAGLE NEST DAM","NM00351","72h","USC00293300",22,71.491,0.2431,0.1946,0.2822
"EAGLE NEST DAM","NM00351","72h","USC00293488",65,66.476,0.1791,0.1953,0.2193
"EAGLE NEST DAM","NM00351","72h","USC00057428",24,37.183,0.1697,0.0419,0.2091
"EAGLE NEST DAM","NM00351","72h","USC00299113",41,43.828,0.2116,0.1482,0.109
"EAGLE NEST DAM","NM00351","72h","USC00296321",26,34.699,0.1712,0.2331,0.1982
"EAGLE NEST DAM","NM00351","72h","US1NMRA0001",21,36.05,0.2115,0.2456,0.1337
"EAGLE NEST DAM","NM00351","72h","USC00297280",35,56.153,0.2134,0.1653,0.2038
"EAGLE NEST DAM","NM00351","72h","USC00297277",50,65.947,0.2373,0.2971,0.1661
"EAGLE NEST DAM","NM00351","72h","USC00297279",63,60.58,0.2412,0.3546,0.2545
"EAGLE NEST DAM","NM00351","72h","USC00299330",85,62.556,0.1891,0.257,0.1965
"EAGLE NEST DAM","NM00351","72h","USC00059216",24,58.139,0.1763,0.0161,0.2449
"EAGLE NEST DAM","NM00351","72h","USC00292820",72,38.17,0.1681,0.1404,0.1399
"EAGLE NEST DAM","NM00351","72h","USC00294728",23,68.746,0.2047,0.2948,0.1358
"EAGLE NEST DAM","NM00351","72h","USC00292139",41,57.494,0.159,0.1796,0.1219
"EAGLE NEST DAM","NM00351","72h","USC00290245",65,39.465,0.1932,0.0804,0.1265
"EAGLE NEST DAM","NM00351","72h","USC00058436",34,56.923,0.1943,0.122,0.0886
"EAGLE NEST DAM","NM00351","72h","USC00290022",97,60.437,0.2038,0.1304,0.1589
"EAGLE NEST DAM","NM00351","72h","USC00293031",73,39.172,0.2052,0.1132,0.0825
"EAGLE NEST DAM","NM00351","72h","USC00055322",91,29.783,0.2059,0.0979,0.0684
"EAGLE NEST DAM","NM00351","72h","USC00296028",25,36.437,0.1867,0.1131,0.1546
"EAGLE NEST DAM","NM00351","72h","USC00058429",112,55.367,0.224,0.2341,0.2136
"EAGLE NEST DAM","NM00351","72h","USW00023054",86,60.394,0.2204,0.1168,0.1156
"EAGLE NEST DAM","NM00351","72h","US1COLA0033",22,56.912,0.2025,0.012,0.0822
"EAGLE NEST DAM","NM00351","72h","USC00292321",27,61.72,0.2136,0.1397,0.1331
"MORAINE STATE PARK","PA00273","24h","USC00360736",40,67.467,0.1909,0.171,0.1095
"MORAINE STATE PARK","PA00273","24h","USC00364836",22,64.333,0.1877,0.3388,0.3048
"MORAINE STATE PARK","PA00273","24h","USC00364839",29,70.906,0.1299,0.2731,0.2397
"MORAINE STATE PARK","PA00273","24h","USC00361255",47,60.982,0.1717,0.1651,0.1539
"MORAINE STATE PARK","PA00273","24h","USC00362466",41,61.819,0.1659,0.255,0.1663
"MORAINE STATE PARK","PA00273","24h","USW00004726",26,60.929,0.1939,0.0575,0.0555
"MORAINE STATE PARK","PA00273","24h","USC00361350",34,64.134,0.1442,0.2793,0.2298
"MORAINE STATE PARK","PA00273","24h","USC00368249",58,65.501,0.1741,0.2349,0.134
"MORAINE STATE PARK","PA00273","24h","USC00368244",76,59.868,0.1641,0.1977,0.1686
"MORAINE STATE PARK","PA00273","24h","USC00362298",22,65.879,0.1903,0.1894,0.1529
"MORAINE STATE PARK","PA00273","24h","USC00361895",33,66.879,0.1877,0.4192,0.3105
"MORAINE STATE PARK","PA00273","24h","USC00361073",20,64.393,0.2298,0.3071,0.2818
"MORAINE STATE PARK","PA00273","24h","USW00004751",64,59.865,0.1731,0.1052,0.2094
"MORAINE STATE PARK","PA00273","24h","USC00183402",24,61.472,0.1323,0.2296,0.2432
"MORAINE STATE PARK","PA00273","24h","USC00365684",22,68.925,0.197,0.3841,0.3747
"MORAINE STATE PARK","PA00273","24h","USC00361526",27,62.719,0.1823,0.1378,0.3553
"MORAINE STATE PARK","PA00273","24h","USC00368395",32,66.423,0.1674,0.2547,0.377
"MORAINE STATE PARK","PA00273","24h","USC00365686",57,63.123,0.1966,0.2165,0.1112
"MORAINE STATE PARK","PA00273","24h","USC00183795",39,59.276,0.1805,0.2669,0.2268
"MORAINE STATE PARK","PA00273","24h","USC00185832",24,61.891,0.1716,0.2231,0.0379
"MORAINE STATE PARK","PA00273","24h","USC00180881",24,57.559,0.2112,0.2618,0.3654
"MORAINE STATE PARK","PA00273","24h","USC00188315",37,65.235,0.2465,0.2747,0.0591
"MORAINE STATE PARK","PA00273","72h","USC00360736",40,87.602,0.1815,0.0624,0.0512
"MORAINE STATE PARK","PA00273","72h","USC00364836",22,85.059,0.2025,0.3271,0.2307
"MORAINE STATE PARK","PA00273","72h","USC00364839",29,88.864,0.1471,0.2119,0.1775
"MORAINE STATE PARK","PA00273","72h","USC00361255",47,79.501,0.174,0.1256,0.1126
"MORAINE STATE PARK","PA00273","72h","USC00362466",41,82.204,0.1341,0.1862,0.1649
"MORAINE STATE PARK","PA00273","72h","USW00004726",26,82.067,0.2119,0.1317,0.1348
"MORAINE STATE PARK","PA00273","72h","USC00361350",34,80.255,0.1345,0.2261,0.1563
"MORAINE STATE PARK","PA00273","72h","USC00368249",58,83.119,0.1595,0.1543,0.0618
"MORAINE STATE PARK","PA00273","72h","USC00368244",76,76.293,0.1656,0.2406,0.162
"MORAINE STATE PARK","PA00273","72h","USC00362298",22,74.801,0.1555,0.1688,0.148
"MORAINE STATE PARK","PA00273","72h","USC00361895",33,84.735,0.1917,0.3243,0.1745
"MORAINE STATE PARK","PA00273","72h","USC00361073",20,72.703,0.202,0.2884,0.1694
"MORAINE STATE PARK","PA00273","72h","USW00004751",64,73.734,0.182,0.1743,0.2533
"MORAINE STATE PARK","PA00273","72h","USC00183402",24,80.276,0.1701,0.2226,0.2039
"MORAINE STATE PARK","PA00273","72h","USC00365684",22,82.11,0.1934,0.2323,0.2356
"MORAINE STATE PARK","PA00273","72h","USC00361526",27,77.998,0.1729,0.0739,0.1988
"MORAINE STATE PARK","PA00273","72h","USC00368395",32,84.73,0.1678,0.2798,0.1833
"MORAINE STATE PARK","PA00273","72h","USC00365686",57,78.681,0.174,0.209,0.2203
"MORAINE STATE PARK","PA00273","72h","USC00183795",39,77.535,0.18,0.164,0.0433
"MORAINE STATE PARK","PA00273","72h","USC00185832",24,79.525,0.1074,0.2241,0.2121
"MORAINE STATE PARK","PA00273","72h","USC00180881",24,78.623,0.1864,0.2374,0.1968
"MORAINE STATE PARK","PA00273","72h","USC00188315",37,83.051,0.194,0.182,0.0818
"BEARDSLEY","CA00263","24h","USC00041277",85,118.413,0.1852,0.2095,0.1331
"BEARDSLEY","CA00263","24h","USC00041697",62,119.733,0.206,0.2038,0.1102
"BEARDSLEY","CA00263","24h","USC00044679",41,103.717,0.1914,0.3129,0.2209
"BEARDSLEY","CA00263","24h","USC00047689",48,92.236,0.1704,0.1878,0.2413
"BEARDSLEY","CA00263","24h","USC00043939",102,80.556,0.1843,0.1509,0.1619
"BEARDSLEY","CA00263","24h","USC00045400",49,76.342,0.1848,0.2621,0.2004
"BEARDSLEY","CA00263","24h","USC00043672",48,93.265,0.1863,0.1741,0.1389
"BEARDSLEY","CA00263","24h","USC00049582",67,90.786,0.1897,0.1568,0.1344
"BEARDSLEY","CA00263","24h","USC00048928",80,103.113,0.1912,0.2306,0.1064
"BEARDSLEY","CA00263","24h","USC00048781",23,84.873,0.1826,0.3149,0.2706
"BEARDSLEY","CA00263","24h","USS0019L08S",46,86.172,0.2464,0.0897,0.0359
"BEARDSLEY","CA00263","24h","USS0019L05S",46,81.365,0.1969,0.2479,0.2511
"BEARDSLEY","CA00263","24h","USC00049583",21,81.995,0.2011,0.1784,0.2703
"BEARDSLEY","CA00263","24h","USC00042539",62,91.689,0.1856,0.173,0.2458
"BEARDSLEY","CA00263","24h","USS0019L06S",46,75.619,0.2245,0.2301,0.2065
"BEARDSLEY","CA00263","24h","USS0019L43S",23,99.587,0.2271,0.1934,0.1761
"BEARDSLEY","CA00263","24h","USS0019L45S",22,83.892,0.199,0.1555,0.285
"BEARDSLEY","CA00263","24h","USC00049105",66,89.799,0.199,0.1449,0.1552
"BEARDSLEY","CA00263","24h","USS0019L39S",46,78.496,0.1977,0.1041,0.0322
"BEARDSLEY","CA00263","24h","USS0019L41S",23,84.234,0.2104,0.151,0.1655
"BEARDSLEY","CA00263","24h","USC00045356",34,63.632,0.1746,0.1631,0.1293
"BEARDSLEY","CA00263","24h","USC00043038",76,81.045,0.1934,0.2516,0.1753
"BEARDSLEY","CA00263","24h","USS0019L40S",36,56.29,0.2244,0.0831,0.1725
"BEARDSLEY","CA00263","24h","USC00049855",83,87.327,0.1809,0.2735,0.1941
"BEARDSLEY","CA00263","24h","USC00049775",56,64.255,0.2378,0.2781,0.2148
"BEARDSLEY","CA00263","24h","USS0020L06S",46,121.797,0.2455,0.2715,0.1663
"BEARDSLEY","CA00263","24h","USC00046597",77,114.115,0.215,0.3037,0.2501
"BEARDSLEY","CA00263","24h","USS0019L03S",48,69.839,0.186,0.2283,0.1617
"BEARDSLEY","CA00263","24h","USC00041072",65,37.174,0.2412,0.1773,0.1393
"BEARDSLEY","CA00263","24h","USC00268186",35,33.971,0.2535,0.1676,0.2869
"BEARDSLEY","CA00263","24h","USW00093230",24,61.43,0.2549,0.2996,0.1403
"BEARDSLEY","CA00263","24h","USC00045909",26,87.575,0.2163,0.0967,0.0944
"BEARDSLEY","CA00263","24h","USC00045346",65,82.09,0.1969,0.3075,0.2235
"BEARDSLEY","CA00263","24h","USS0020L10S",47,87.02,0.2438,0.2044,0.1464
"BEARDSLEY","CA00263","24h","USC00046962",33,80.066,0.1725,0.2014,0.1283
"BEARDSLEY","CA00263","24h","USC00048380",65,119.319,0.2384,0.2286,0.1756
"BEARDSLEY","CA00263","24h","USC00268977",31,35.898,0.2566,0.2822,0.227
"BEARDSLEY","CA00263","24h","USS0020L02S",46,82.492,0.2145,0.339,0.2217
"BEARDSLEY","CA00263","24h","USC00040943",53,40.657,0.2281,0.1882,0.116
"BEARDSLEY","CA00263","24h","USC00044484",44,79.318,0.1743,0.1873,0.1269
"BEARDSLEY","CA00263","24h","USC00263205",62,47.256,0.1997,0.2007,0.1117
"BEARDSLEY","CA00263","24h","USC00267612",42,24.903,0.2325,0.189,0.1648
"BEARDSLEY","CA00263","24h","USC00043384",42,120.969,0.2018,0.184,0.1027
"BEARDSLEY","CA00263","24h","USC00043381",35,113.471,0.2021,0.089,0.0303
"BEARDSLEY","CA00263","24h","USS0020K25S",47,139.666,0.2232,0.2018,0.1352
"BEARDSLEY","CA00263","72h","USC00041277",85,199.845,0.221,0.28,0.2002
"BEARDSLEY","CA00263","72h","USC00041697",62,188.899,0.2378,0.287,0.236
"BEARDSLEY","CA00263","72h","USC00044679",41,163.863,0.2334,0.2513,0.2018
"BEARDSLEY","CA00263","72h","USC00047689",48,154.558,0.2483,0.2774,0.2064
"BEARDSLEY","CA00263","72h","USC00043939",102,127.537,0.2215,0.2379,0.1924
"BEARDSLEY","CA00263","72h","USC00045400",49,119.728,0.1956,0.2624,0.1667
"BEARDSLEY","CA00263","72h","USC00043672",48,145.129,0.2412,0.22,0.2288
"BEARDSLEY","CA00263","72h","USC00048928",80,164.295,0.2366,0.2888,0.1555
"BEARDSLEY","CA00263","72h","USC00048781",23,149.117,0.193,0.3268,0.2045
"BEARDSLEY","CA00263","72h","USS0019L08S",46,130.859,0.2868,0.2143,0.1681
"BEARDSLEY","CA00263","72h","USC00049583",21,143.401,0.2495,0.2108,0.1397
"BEARDSLEY","CA00263","72h","USC00042539",62,146.187,0.2399,0.1997,0.2309
"BEARDSLEY","CA00263","72h","USS0019L06S",46,113.858,0.2394,0.1575,0.1512
"BEARDSLEY","CA00263","72h","USS0019L43S",23,160.165,0.191,0.0312,0.2084
"BEARDSLEY","CA00263","72h","USC00049105",66,151.104,0.2469,0.2626,0.1969
"BEARDSLEY","CA00263","72h","USS0019L39S",46,123.479,0.2324,0.1928,0.0951
"BEARDSLEY","CA00263","72h","USS0019L41S",23,138.772,0.1811,0.0664,0.3385
"BEARDSLEY","CA00263","72h","USC00045356",34,93.351,0.2259,0.2544,0.1246
"BEARDSLEY","CA00263","72h","USC00043038",76,126.984,0.2135,0.1503,0.155
"BEARDSLEY","CA00263","72h","USS0019L40S",36,81.184,0.2312,-5e-04,0.0914
"BEARDSLEY","CA00263","72h","USC00049855",83,144.308,0.2384,0.2929,0.2531
"BEARDSLEY","CA00263","72h","USC00049775",56,94.425,0.2911,0.2516,0.1795
"BEARDSLEY","CA00263","72h","USS0020L06S",46,199.462,0.2357,0.1919,0.134
"BEARDSLEY","CA00263","72h","USC00046597",77,184.525,0.2399,0.2215,0.147
"BEARDSLEY","CA00263","72h","USS0019L03S",48,112.656,0.2103,0.1657,0.1339
"BEARDSLEY","CA00263","72h","USC00041072",65,48.142,0.2764,0.2387,0.1718
"BEARDSLEY","CA00263","72h","USC00045909",26,154.765,0.2614,0.2599,0.1041
"BEARDSLEY","CA00263","72h","USC00045346",65,129.086,0.2231,0.2779,0.2408
"BEARDSLEY","CA00263","72h","USS0020L10S",47,142.887,0.2537,0.1992,0.0982
"BEARDSLEY","CA00263","72h","USC00046962",33,113.603,0.2162,0.2855,0.1659
"BEARDSLEY","CA00263","72h","USC00048380",65,185.948,0.2656,0.2188,0.1749
"BEARDSLEY","CA00263","72h","USC00268977",31,48.204,0.3179,0.2809,0.1729
"BEARDSLEY","CA00263","72h","USC00262119",24,85.76,0.3197,0.3796,0.153
"BEARDSLEY","CA00263","72h","USC00044881",36,72.469,0.2894,0.2338,0.1747
"BEARDSLEY","CA00263","72h","USS0020L02S",46,134.46,0.2092,0.1479,0.1584
"BEARDSLEY","CA00263","72h","USC00040943",53,51.242,0.2435,0.1647,0.1373
"BEARDSLEY","CA00263","72h","USC00267609",52,37.561,0.2911,0.249,0.1352
"BEARDSLEY","CA00263","72h","USC00263205",62,72.083,0.2146,0.189,0.1627
"BEARDSLEY","CA00263","72h","USC00267612",42,30.505,0.2524,0.2242,0.0828
"BEARDSLEY","CA00263","72h","USC00043384",42,194.336,0.2618,0.2932,0.1257
"BEARDSLEY","CA00263","72h","USC00043381",35,190.703,0.2335,0.1835,0.0632
"BEARDSLEY","CA00263","72h","USS0020K25S",47,233.847,0.2153,0.1469,0.0987
"CALAVERAS CREEK DAM","TX01448","24h","USC00411481",40,93.101,0.2572,0.3149,0.1885
"CALAVERAS CREEK DAM","TX01448","24h","USC00412040",54,97.134,0.2095,0.0865,0.1181
"CALAVERAS CREEK DAM","TX01448","24h","USC00415449",28,90.041,0.2318,0.1224,0.3144
"CALAVERAS CREEK DAM","TX01448","24h","USC00419312",28,89.492,0.2538,0.1326,0.1216
"CALAVERAS CREEK DAM","TX01448","24h","USC00416257",22,103.19,0.2414,0.1866,0.1734
"CALAVERAS CREEK DAM","TX01448","24h","USC00419813",22,89.927,0.2821,0.3795,0.4564
"CALAVERAS CREEK DAM","TX01448","24h","USC00413954",80,98.003,0.2497,0.2977,0.1601
"CALAVERAS CREEK DAM","TX01448","24h","USC00414375",32,91.961,0.1736,0.1999,0.1525
"CALAVERAS CREEK DAM","TX01448","24h","USC00417232",61,97.638,0.2558,0.1927,0.118
"CALAVERAS CREEK DAM","TX01448","24h","USC00412104",33,79.71,0.1931,0.1943,0.1744
"CALAVERAS CREEK DAM","TX01448","72h","USC00411481",40,112.108,0.2458,0.3144,0.1774
"CALAVERAS CREEK DAM","TX01448","72h","USC00412040",54,115.728,0.2697,0.2724,0.2444
"CALAVERAS CREEK DAM","TX01448","72h","USC00415449",28,106.734,0.2424,0.1891,0.3442
"CALAVERAS CREEK DAM","TX01448","72h","USC00419312",28,112.211,0.2673,0.1267,0.1141
"CALAVERAS CREEK DAM","TX01448","72h","USC00416257",22,131.096,0.3039,0.3382,0.2827
"CALAVERAS CREEK DAM","TX01448","72h","USC00419813",22,104.868,0.2651,0.2333,0.2814
"CALAVERAS CREEK DAM","TX01448","72h","USC00413954",80,119.05,0.2743,0.2629,0.1388
"CALAVERAS CREEK DAM","TX01448","72h","USC00414375",32,102.955,0.2029,0.1342,0.04
"CALAVERAS CREEK DAM","TX01448","72h","USC00417232",61,116.658,0.257,0.1869,0.1263
"CALAVERAS CREEK DAM","TX01448","72h","USC00412104",33,94.382,0.1798,0.0334,0.1816
"WILLIAMS FORK MAIN","CO00717","24h","USC00059096",45,26.239,0.1735,0.1951,0.2986
"WILLIAMS FORK MAIN","CO00717","24h","USC00054129",24,22.84,0.261,0.1467,0.1357
"WILLIAMS FORK MAIN","CO00717","24h","USC00054664",57,24.013,0.1595,0.1339,0.2051
"WILLIAMS FORK MAIN","CO00717","24h","USC00053592",60,28.016,0.1841,0.1757,0.1155
"WILLIAMS FORK MAIN","CO00717","24h","USC00053500",77,23.673,0.179,0.223,0.13
"WILLIAMS FORK MAIN","CO00717","24h","USC00058575",33,32.619,0.1757,0.3911,0.3254
"WILLIAMS FORK MAIN","CO00717","24h","USC00057848",81,25.468,0.1904,0.2384,0.1951
"WILLIAMS FORK MAIN","CO00717","24h","USS0006K45S",23,29.326,0.1919,0.22,0.1699
"WILLIAMS FORK MAIN","CO00717","24h","USC00053261",68,33.018,0.2118,0.2946,0.2716
"WILLIAMS FORK MAIN","CO00717","24h","USC00059265",85,27.265,0.1595,0.1874,0.1438
"WILLIAMS FORK MAIN","CO00717","24h","USC00050183",40,48.991,0.2681,0.2876,0.1429
"WILLIAMS FORK MAIN","CO00717","24h","US1COLR0247",24,45.092,0.2629,0.3582,0.3173
"WILLIAMS FORK MAIN","CO00717","24h","USC00054234",58,39.32,0.2424,0.2947,0.2168
"WILLIAMS FORK MAIN","CO00717","24h","US1COLR0767",20,45.607,0.2463,0.3423,0.3207
"WILLIAMS FORK MAIN","CO00717","24h","USC00052761",20,39.646,0.2826,0.2302,0.3435
"WILLIAMS FORK MAIN","CO00717","24h","US1COBO0057",23,57.045,0.2325,0.2623,0.2298
"WILLIAMS FORK MAIN","CO00717","24h","USC00052759",81,39.41,0.2217,0.3111,0.2372
"WILLIAMS FORK MAIN","CO00717","24h","USC00057936",108,33.16,0.1547,0.2082,0.1543
"WILLIAMS FORK MAIN","CO00717","24h","USS0006J01S",46,43.608,0.1508,0.2268,0.1678
"WILLIAMS FORK MAIN","CO00717","24h","USC00053629",48,55.568,0.2361,0.2742,0.2624
"WILLIAMS FORK MAIN","CO00717","24h","USW00023063",55,23.933,0.1765,0.1057,0.1231
"WILLIAMS FORK MAIN","CO00717","24h","USC00056797",58,33.842,0.1894,0.2624,0.2003
"WILLIAMS FORK MAIN","CO00717","24h","USC00058756",89,23.744,0.171,0.2256,0.2125
"WILLIAMS FORK MAIN","CO00717","24h","USC00053850",53,61.994,0.2171,0.2051,0.1341
"WILLIAMS FORK MAIN","CO00717","24h","US1COBO0072",25,56.098,0.2624,0.6233,0.5654
"WILLIAMS FORK MAIN","CO00717","24h","USC00050848",114,53.679,0.2269,0.2752,0.2351
"WILLIAMS FORK MAIN","CO00717","24h","US1COBO0014",25,55.411,0.2222,0.4721,0.4989
"WILLIAMS FORK MAIN","CO00717","24h","US1COCC0001",24,49.07,0.2132,0.3446,0.2104
"WILLIAMS FORK MAIN","CO00717","24h","US1COBO0004",26,54.844,0.2234,0.46,0.522
"WILLIAMS FORK MAIN","CO00717","24h","US1COBO0030",25,56.997,0.209,0.5789,0.5522
"WILLIAMS FORK MAIN","CO00717","24h","US1COBO0146",26,40.515,0.2003,0.3547,0.2854
"WILLIAMS FORK MAIN","CO00717","24h","US1COJF0063",25,51.062,0.2169,0.4119,0.407
"WILLIAMS FORK MAIN","CO00717","24h","USC00057296",32,27.763,0.2045,0.2289,0.0619
"WILLIAMS FORK MAIN","CO00717","24h","USC00056816",48,54.563,0.2361,0.4557,0.4783
"WILLIAMS FORK MAIN","CO00717","72h","USC00059096",45,32.179,0.1635,0.1285,0.1554
"WILLIAMS FORK MAIN","CO00717","72h","USC00054129",24,29.952,0.2294,0.1411,0.1906
"WILLIAMS FORK MAIN","CO00717","72h","USC00054664",57,31.01,0.1927,0.2926,0.2217
"WILLIAMS FORK MAIN","CO00717","72h","USC00053592",60,35.77,0.1858,0.2132,0.207
"WILLIAMS FORK MAIN","CO00717","72h","USC00053500",77,30.786,0.1917,0.2754,0.1244
"WILLIAMS FORK MAIN","CO00717","72h","USC00058575",33,42.333,0.1415,0.2456,0.1316
"WILLIAMS FORK MAIN","CO00717","72h","USC00057848",81,32.96,0.1896,0.2092,0.2477
"WILLIAMS FORK MAIN","CO00717","72h","USC00053261",68,43.864,0.2051,0.3182,0.2588
"WILLIAMS FORK MAIN","CO00717","72h","USC00050183",40,62.464,0.277,0.3289,0.2728
"WILLIAMS FORK MAIN","CO00717","72h","US1COLR0247",24,63.577,0.2995,0.4643,0.3966
"WILLIAMS FORK MAIN","CO00717","72h","USC00054234",58,50.024,0.2648,0.2756,0.2274
"WILLIAMS FORK MAIN","CO00717","72h","US1COLR0767",20,66.862,0.278,0.4701,0.349
"WILLIAMS FORK MAIN","CO00717","72h","US1COBO0057",23,81.388,0.2835,0.4498,0.376
"WILLIAMS FORK MAIN","CO00717","72h","USC00052759",81,51.529,0.2283,0.2664,0.1687
"WILLIAMS FORK MAIN","CO00717","72h","USC00057936",108,46.841,0.1767,0.2574,0.1937
"WILLIAMS FORK MAIN","CO00717","72h","USC00053629",48,71.731,0.2417,0.3599,0.3577
"WILLIAMS FORK MAIN","CO00717","72h","USW00023063",55,29.924,0.1872,0.1283,0.1591
"WILLIAMS FORK MAIN","CO00717","72h","USC00056797",58,41.438,0.169,0.2435,0.1709
"WILLIAMS FORK MAIN","CO00717","72h","USC00058756",89,30.995,0.2096,0.2607,0.2144
"WILLIAMS FORK MAIN","CO00717","72h","USC00053850",53,73.006,0.2399,0.3028,0.2123
"WILLIAMS FORK MAIN","CO00717","72h","US1COBO0072",25,75.528,0.3106,0.569,0.5238
"WILLIAMS FORK MAIN","CO00717","72h","USC00050848",114,66.195,0.2289,0.3217,0.276
"WILLIAMS FORK MAIN","CO00717","72h","US1COBO0014",25,77.06,0.3038,0.5102,0.4685
"WILLIAMS FORK MAIN","CO00717","72h","US1COCC0001",24,69.757,0.2557,0.3392,0.1833
"WILLIAMS FORK MAIN","CO00717","72h","US1COBO0004",26,74.853,0.2967,0.568,0.4613
"WILLIAMS FORK MAIN","CO00717","72h","US1COBO0030",25,77.266,0.2856,0.6179,0.5287
"WILLIAMS FORK MAIN","CO00717","72h","US1COBO0146",26,56.551,0.2406,0.3504,0.2787
"WILLIAMS FORK MAIN","CO00717","72h","US1COJF0063",25,66.583,0.2449,0.4296,0.469
"WILLIAMS FORK MAIN","CO00717","72h","US1COLR0050",22,56.369,0.2938,0.2285,0.3763
"WILLIAMS FORK MAIN","CO00717","72h","USC00057296",32,40.025,0.2643,0.2611,0.1034
"WILLIAMS FORK MAIN","CO00717","72h","USC00056816",48,67.995,0.2286,0.3467,0.3857
"BEAR VALLEY","CA00757","24h","USC00040742",31,134.667,0.3009,0.2297,0.1862
"BEAR VALLEY","CA00757","24h","USC00040741",64,87.866,0.2849,0.3247,0.2589
"BEAR VALLEY","CA00757","24h","USC00048105",31,111.651,0.3181,0.268,0.1361
"BEAR VALLEY","CA00757","24h","USC00047894",51,77.358,0.2381,0.094,0.1149
"BEAR VALLEY","CA00757","24h","USC00045629",50,76.438,0.2249,0.1955,0.1191
"BEAR VALLEY","CA00757","24h","USC00044671",60,158.45,0.2382,0.1499,0.1646
"BEAR VALLEY","CA00757","24h","USC00045182",20,23.34,0.301,0.2266,0.16
"BEAR VALLEY","CA00757","24h","USC00048479",41,153.87,0.2316,0.2327,0.2365
"BEAR VALLEY","CA00757","24h","USC00048476",21,141.487,0.2341,0.2161,0.0981
"BEAR VALLEY","CA00757","24h","USC00047279",27,147.289,0.2494,0.3375,0.2656
"BEAR VALLEY","CA00757","24h","USC00040607",64,76.16,0.2435,0.3413,0.2449
"BEAR VALLEY","CA00757","24h","USC00040606",57,65.32,0.2309,0.2979,0.2025
"BEAR VALLEY","CA00757","24h","USW00023156",62,64.091,0.2108,0.2604,0.1622
"BEAR VALLEY","CA00757","24h","USC00049325",85,31.312,0.295,0.1777,0.099
"BEAR VALLEY","CA00757","24h","USC00045863",20,50.127,0.3342,0.2151,0.2212
"BEAR VALLEY","CA00757","24h","USC00045215",44,132.184,0.235,0.0934,0.0857
"BEAR VALLEY","CA00757","24h","USC00043118",32,103.074,0.3013,0.2961,0.3067
"BEAR VALLEY","CA00757","24h","USC00045218",60,150.243,0.2734,0.2986,0.2125
"BEAR VALLEY","CA00757","24h","USW00023131",21,21.518,0.3494,0.2539,0.1252
"BEAR VALLEY","CA00757","24h","USC00044211",79,81.497,0.2353,0.2715,0.202
"BEAR VALLEY","CA00757","24h","USC00041373",36,154.342,0.3017,0.2454,0.2202
"BEAR VALLEY","CA00757","24h","USC00047711",39,105.107,0.2801,0.2503,0.1154
"BEAR VALLEY","CA00757","24h","USC00044405",32,29.299,0.2259,0.1518,0.1111
"BEAR VALLEY","CA00757","24h","USC00040779",61,105.044,0.2512,0.3109,0.2529
"BEAR VALLEY","CA00757","24h","USC00048748",30,64.15,0.2674,0.1494,0.0326
"BEAR VALLEY","CA00757","24h","USC00042771",36,30.629,0.3007,0.1226,0.0805
"BEAR VALLEY","CA00757","24h","USC00040521",42,27.012,0.2441,0.1634,0.105
"BEAR VALLEY","CA00757","24h","USC00040519",51,23.859,0.2758,0.1956,0.1121
"BEAR VALLEY","CA00757","24h","USC00045002",21,38.474,0.221,0.1475,0.2012
"BEAR VALLEY","CA00757","24h","USC00042198",38,152.012,0.2814,0.1411,0.1526
"BEAR VALLEY","CA00757","24h","USC00040235",41,50.07,0.2383,0.1328,0.1768
"BEAR VALLEY","CA00757","24h","USC00049251",47,54.776,0.2582,0.1655,0.1297
"BEAR VALLEY","CA00757","24h","USC00046773",32,40.458,0.2944,0.2484,0.1815
"BEAR VALLEY","CA00757","24h","USC00040046",20,49.68,0.2451,0.138,0.1083
"BEAR VALLEY","CA00757","24h","USC00047897",24,131.932,0.2993,0.1787,0.128
"BEAR VALLEY","CA00757","24h","USC00046657",79,116.738,0.2664,0.244,0.1486
"BEAR VALLEY","CA00757","24h","USC00044017",29,154.927,0.2883,0.1775,0.1339
"BEAR VALLEY","CA00757","24h","USC00046006",67,135.878,0.2594,0.167,0.127
"BEAR VALLEY","CA00757","24h","USC00046465",28,173.104,0.3176,0.2635,0.183
"BEAR VALLEY","CA00757","24h","USC00041896",24,140.822,0.301,0.2192,0.1368
"BEAR VALLEY","CA00757","24h","USC00046624",101,37.795,0.2434,0.1431,0.1435
"BEAR VALLEY","CA00757","24h","USW00023114",22,20.499,0.2428,0.2398,0.1627
"BEAR VALLEY","CA00757","24h","USW00023182",53,30.802,0.2828,0.1894,0.1308
"BEAR VALLEY","CA00757","24h","USC00049345",68,42.058,0.2633,0.2284,0.1882
"BEAR VALLEY","CA00757","24h","USC00049447",57,57.686,0.2631,0.3964,0.2228
"BEAR VALLEY","CA00757","24h","USC00040798",77,125.186,0.3158,0.2806,0.2014
"BEAR VALLEY","CA00757","24h","USC00043914",83,91.835,0.2302,0.1946,0.1957
"BEAR VALLEY","CA00757","24h","USC00044747",28,29.788,0.2465,0.0804,0.0406
"BEAR VALLEY","CA00757","24h","USC00043498",29,34.344,0.3022,0.1173,0.1704
"BEAR VALLEY","CA00757","24h","USC00043704",30,123.291,0.2758,0.2326,0.1805
"BEAR VALLEY","CA00757","72h","USC00040742",31,182.028,0.3308,0.2951,0.2055
"BEAR VALLEY","CA00757","72h","USC00040741",64,117.97,0.3368,0.3605,0.2466
"BEAR VALLEY","CA00757","72h","USC00048105",31,162.428,0.367,0.3381,0.1601
"BEAR VALLEY","CA00757","72h","USC00047894",51,119.284,0.2626,0.1442,0.0763
"BEAR VALLEY","CA00757","72h","USC00045629",50,109.091,0.2745,0.2934,0.1267
"BEAR VALLEY","CA00757","72h","USC00044671",60,239.98,0.2854,0.2451,0.186
"BEAR VALLEY","CA00757","72h","USC00045182",20,26.636,0.2941,0.1807,0.1263
"BEAR VALLEY","CA00757","72h","USC00048479",41,221.9,0.2672,0.2371,0.1876
"BEAR VALLEY","CA00757","72h","USC00048476",21,224.658,0.2985,0.2132,0.0959
"BEAR VALLEY","CA00757","72h","USC00047279",27,216.342,0.3349,0.3675,0.2349
"BEAR VALLEY","CA00757","72h","USC00040607",64,107.658,0.2733,0.3026,0.1624
"BEAR VALLEY","CA00757","72h","USC00040606",57,93.918,0.2635,0.3165,0.1399
"BEAR VALLEY","CA00757","72h","USW00023156",62,92.371,0.2515,0.2782,0.1635
"BEAR VALLEY","CA00757","72h","USC00049325",85,40.283,0.3271,0.2474,0.1425
"BEAR VALLEY","CA00757","72h","USC00045863",20,60.054,0.3401,0.3314,0.2689
"BEAR VALLEY","CA00757","72h","USC00045215",44,185.229,0.2668,0.2298,0.1593
"BEAR VALLEY","CA00757","72h","USC00043118",32,144.519,0.301,0.2203,0.2145
"BEAR VALLEY","CA00757","72h","USC00045218",60,204.122,0.3036,0.2265,0.1113
"BEAR VALLEY","CA00757","72h","USW00023131",21,27.079,0.3432,0.0879,-0.0315
"BEAR VALLEY","CA00757","72h","USC00044211",79,120.028,0.2794,0.3137,0.1576
"BEAR VALLEY","CA00757","72h","USC00041373",36,223.968,0.3605,0.3349,0.2425
"BEAR VALLEY","CA00757","72h","USC00047711",39,145.029,0.3234,0.2408,0.0822
"BEAR VALLEY","CA00757","72h","USC00044405",32,31.927,0.2427,0.2313,0.1338
"BEAR VALLEY","CA00757","72h","USC00040779",61,153.865,0.2866,0.2797,0.1923
"BEAR VALLEY","CA00757","72h","USC00048748",30,87.083,0.306,0.2506,0.18
"BEAR VALLEY","CA00757","72h","USC00042771",36,37.592,0.3073,0.0819,0.0142
"BEAR VALLEY","CA00757","72h","USC00040521",42,32.732,0.2722,0.2848,0.2793
"BEAR VALLEY","CA00757","72h","USC00040519",51,28.846,0.2752,0.1536,0.071
"BEAR VALLEY","CA00757","72h","USC00045002",21,45.448,0.2462,0.2185,0.2394
"BEAR VALLEY","CA00757","72h","USC00042198",38,224.911,0.3169,0.1468,0.0975
"BEAR VALLEY","CA00757","72h","USC00040235",41,65.458,0.2761,0.2615,0.2212
"BEAR VALLEY","CA00757","72h","USC00045001",22,56.734,0.3213,0.4172,0.3268
"BEAR VALLEY","CA00757","72h","USC00049251",47,71.241,0.3123,0.2984,0.2079
"BEAR VALLEY","CA00757","72h","USC00049099",90,32.941,0.3188,0.2059,0.1244
"BEAR VALLEY","CA00757","72h","USC00046773",32,54.387,0.3271,0.2666,0.17
"BEAR VALLEY","CA00757","72h","USC00040046",20,63.942,0.2016,0.216,0.2207
"BEAR VALLEY","CA00757","72h","USC00047897",24,179.117,0.336,0.1737,0.0579
"BEAR VALLEY","CA00757","72h","USC00046657",79,164.791,0.3008,0.284,0.201
"BEAR VALLEY","CA00757","72h","USC00044017",29,205.545,0.3086,0.1258,0.0482
"BEAR VALLEY","CA00757","72h","USC00046006",67,206.938,0.3013,0.1503,0.0822
"BEAR VALLEY","CA00757","72h","USC00046465",28,239.387,0.3369,0.2723,0.1623
"BEAR VALLEY","CA00757","72h","USC00041896",24,191.898,0.3014,0.2021,0.153
"BEAR VALLEY","CA00757","72h","USC00046624",101,49.573,0.2904,0.2589,0.1935
"BEAR VALLEY","CA00757","72h","USW00023114",22,26.466,0.3185,0.2413,0.026
"BEAR VALLEY","CA00757","72h","USW00023182",53,38.091,0.3084,0.1964,0.1138
"BEAR VALLEY","CA00757","72h","USC00049345",68,56.153,0.3003,0.2171,0.1778
"BEAR VALLEY","CA00757","72h","USC00049447",57,78.656,0.2687,0.2931,0.2081
"BEAR VALLEY","CA00757","72h","USC00040798",77,177.549,0.3294,0.282,0.1924
"BEAR VALLEY","CA00757","72h","USC00043914",83,129.996,0.256,0.2388,0.1974
"BEAR VALLEY","CA00757","72h","USC00044747",28,36.547,0.3203,0.2111,0.0537
"BEAR VALLEY","CA00757","72h","USC00043498",29,42.585,0.3016,0.0912,0.091
"BEAR VALLEY","CA00757","72h","USC00043704",30,165.854,0.296,0.1768,0.0707
"GILBOA DAM","NY00176","24h","USC00302366",31,117.053,0.2076,0.1695,0.0938
"GILBOA DAM","NY00176","24h","USC00300393",23,80.323,0.1874,0.0518,0.1411
"GILBOA DAM","NY00176","24h","USC00307799",61,116.486,0.2138,0.24,0.1381
"GILBOA DAM","NY00176","24h","USC00437401",41,75.919,0.1936,0.2301,0.0905
"GILBOA DAM","NY00176","24h","USC00300746",23,74.01,0.1975,0.3066,0.1686
"GILBOA DAM","NY00176","72h","USC00302366",31,140.937,0.2197,0.1842,0.1848
"GILBOA DAM","NY00176","72h","USC00300393",23,108.141,0.2257,0.2132,0.0989
"GILBOA DAM","NY00176","72h","USC00307799",61,151.488,0.2176,0.2277,0.1474
"GILBOA DAM","NY00176","72h","USC00437401",41,100.327,0.2009,0.3463,0.2989
"GILBOA DAM","NY00176","72h","USC00300746",23,92.498,0.216,0.2039,0.0789
"WILD HORSE DAM","NV10119","24h","USC00269072",36,24.556,0.1791,0.1999,0.1476
"WILD HORSE DAM","NV10119","24h","USS0015H04S",48,27.572,0.159,0.1928,0.1634
"WILD HORSE DAM","NV10119","24h","USS0016H05S",47,38.898,0.1676,0.1668,0.079
"WILD HORSE DAM","NV10119","24h","USC00265392",37,27.16,0.2005,0.1807,0.1174
"WILD HORSE DAM","NV10119","24h","USS0016H02S",48,42.512,0.1804,0.2084,0.1503
"WILD HORSE DAM","NV10119","24h","USS0016H04S",45,48.221,0.1666,0.2509,0.0846
"WILD HORSE DAM","NV10119","24h","USC00265691",46,26.847,0.2008,0.1167,0.2512
"WILD HORSE DAM","NV10119","24h","USS0016H08S",46,44.927,0.158,0.1339,0.1906
"WILD HORSE DAM","NV10119","24h","USS0015H03S",48,33.246,0.1432,0.1071,0.0981
"WILD HORSE DAM","NV10119","24h","USS0015H01S",48,43.529,0.1533,0.0901,0.1887
"WILD HORSE DAM","NV10119","24h","USC00268349",21,29.934,0.1296,0.1088,0.2585
"WILD HORSE DAM","NV10119","24h","USS0015H24S",43,36.115,0.1706,0.241,0.2678
"WILD HORSE DAM","NV10119","24h","USC00264038",31,39.047,0.1956,0.1702,0.1195
"WILD HORSE DAM","NV10119","24h","USC00268346",52,25.631,0.2109,0.2088,0.158
"WILD HORSE DAM","NV10119","24h","USS0015H14S",46,27.646,0.1523,-0.0321,0.0968
"WILD HORSE DAM","NV10119","24h","USS0015H09S",46,24.892,0.2091,0.1792,0.1354
"WILD HORSE DAM","NV10119","24h","USC00263114",65,23.384,0.1768,0.1531,0.196
"WILD HORSE DAM","NV10119","24h","USC00106250",20,32.408,0.2064,0.2488,0.269
"WILD HORSE DAM","NV10119","24h","USC00109119",35,29.286,0.2185,0.2477,0.1625
"WILD HORSE DAM","NV10119","24h","USS0015G02S",36,36.838,0.1921,0.122,0.144
"WILD HORSE DAM","NV10119","24h","USC00265092",22,28.979,0.1978,0.2697,0.2251
"WILD HORSE DAM","NV10119","24h","USC00262189",49,26.516,0.1888,0.2516,0.2021
"WILD HORSE DAM","NV10119","24h","USC00261905",41,24.05,0.2017,0.1485,0.1421
"WILD HORSE DAM","NV10119","24h","USC00262570",28,23.141,0.1852,0.0149,0.2073
"WILD HORSE DAM","NV10119","24h","USC00268988",75,24.104,0.177,0.0892,0.106
"WILD HORSE DAM","NV10119","24h","USC00267284",25,25.226,0.1677,0.1816,0.2802
"WILD HORSE DAM","NV10119","24h","USC00264016",28,25.324,0.2599,0.2512,0.1453
"WILD HORSE DAM","NV10119","24h","USS0015J01S",48,53.701,0.1726,0.1026,0.0834
"WILD HORSE DAM","NV10119","24h","USS0015J15S",43,56.655,0.2178,0.4153,0.2667
"WILD HORSE DAM","NV10119","24h","USC00264394",28,29.336,0.1957,0.3407,0.3217
"WILD HORSE DAM","NV10119","24h","USC00267690",26,25.129,0.2189,0.0802,0.0815
"WILD HORSE DAM","NV10119","24h","USC00260438",96,32.147,0.1863,0.2107,0.1623
"WILD HORSE DAM","NV10119","24h","USC00264395",43,35.553,0.1734,0.1203,0.2097
"WILD HORSE DAM","NV10119","24h","USS0016G07S",43,32.103,0.1806,-0.0257,0.1339
"WILD HORSE DAM","NV10119","24h","USC00262656",42,25.933,0.2077,0.1552,0.1505
"WILD HORSE DAM","NV10119","24h","USS0015J06S",46,46.92,0.2126,0.2571,0.2011
"WILD HORSE DAM","NV10119","24h","USC00104295",71,24.586,0.1869,0.2056,0.2147
"WILD HORSE DAM","NV10119","24h","USC00266148",23,29.218,0.1643,0.1816,0.0585
"WILD HORSE DAM","NV10119","24h","USC00260795",88,23.254,0.2157,0.1456,0.1374
"WILD HORSE DAM","NV10119","24h","USC00101217",47,25.459,0.2446,0.1966,0.1547
"WILD HORSE DAM","NV10119","72h","USC00269072",36,34.531,0.1946,0.1654,0.053
"WILD HORSE DAM","NV10119","72h","USS0015H04S",48,39.408,0.1631,0.1359,0.1484
"WILD HORSE DAM","NV10119","72h","USS0016H05S",47,58.833,0.17,0.1109,0.1818
"WILD HORSE DAM","NV10119","72h","USC00265392",37,38.185,0.2008,0.2655,0.1906
"WILD HORSE DAM","NV10119","72h","USS0016H02S",48,62.242,0.1526,0.1126,0.1765
"WILD HORSE DAM","NV10119","72h","USS0016H04S",45,75.062,0.1485,0.2102,0.2124
"WILD HORSE DAM","NV10119","72h","USC00265691",46,33.35,0.1854,0.2112,0.3165
"WILD HORSE DAM","NV10119","72h","USC00265869",32,37.244,0.186,0.3847,0.3913
"WILD HORSE DAM","NV10119","72h","USC00268349",21,37.021,0.171,0.3875,0.3146
"WILD HORSE DAM","NV10119","72h","USS0015H24S",43,54.389,0.1767,0.1874,0.159
"WILD HORSE DAM","NV10119","72h","USC00264038",31,46.21,0.1464,0.0459,0.1673
"WILD HORSE DAM","NV10119","72h","USC00268346",52,34.98,0.1935,0.1451,0.1329
"WILD HORSE DAM","NV10119","72h","USS0015H14S",46,42.026,0.1683,0.0775,0.0625
"WILD HORSE DAM","NV10119","72h","USS0015H09S",46,33.569,0.1807,0.1569,0.2452
"WILD HORSE DAM","NV10119","72h","USC00263114",65,30.594,0.1642,0.0628,0.1536
"WILD HORSE DAM","NV10119","72h","USC00106250",20,43.327,0.224,0.3486,0.3696
"WILD HORSE DAM","NV10119","72h","USC00109119",35,35.732,0.1925,0.1805,0.0759
"WILD HORSE DAM","NV10119","72h","USS0015G02S",36,51.517,0.1708,0.1293,0.2167
"WILD HORSE DAM","NV10119","72h","USC00265092",22,39.121,0.1561,0.1315,0.0653
"WILD HORSE DAM","NV10119","72h","USC00262189",49,34.915,0.1992,0.1797,0.1622
"WILD HORSE DAM","NV10119","72h","USC00261905",41,28.812,0.1916,0.1042,0.1315
"WILD HORSE DAM","NV10119","72h","USC00262570",28,29.565,0.1942,-0.0706,0.0627
"WILD HORSE DAM","NV10119","72h","USC00261415",27,41.604,0.2445,0.143,0.2154
"WILD HORSE DAM","NV10119","72h","USC00268988",75,31.426,0.1791,0.1377,0.1452
"WILD HORSE DAM","NV10119","72h","USW00024121",122,33.516,0.2095,0.2291,0.2183
"WILD HORSE DAM","NV10119","72h","USC00267284",25,29.528,0.1735,-0.0127,0.1453
"WILD HORSE DAM","NV10119","72h","USC00264016",28,29.487,0.257,0.1261,0.0313
"WILD HORSE DAM","NV10119","72h","USS0015J01S",48,74.722,0.1447,0.1712,0.1926
"WILD HORSE DAM","NV10119","72h","USS0015J15S",43,81.138,0.1857,0.1456,0.1375
"WILD HORSE DAM","NV10119","72h","USC00264394",28,37.525,0.1889,0.352,0.2934
"WILD HORSE DAM","NV10119","72h","USC00267690",26,30.674,0.2133,0.0617,0.0198
"WILD HORSE DAM","NV10119","72h","USC00260438",96,42.249,0.1815,0.2111,0.1735
"WILD HORSE DAM","NV10119","72h","USC00264395",43,46.918,0.1764,0.0984,0.2193
"WILD HORSE DAM","NV10119","72h","USS0016G07S",43,42.264,0.176,0.0409,0.161
"WILD HORSE DAM","NV10119","72h","USC00262656",42,35.547,0.2021,0.1807,0.1092
"WILD HORSE DAM","NV10119","72h","USS0015J06S",46,67.001,0.2078,0.242,0.1922
"WILD HORSE DAM","NV10119","72h","USC00101551",46,36.482,0.2236,0.3084,0.2783
"WILD HORSE DAM","NV10119","72h","USC00104295",71,30.442,0.1909,0.1543,0.1159
"WILD HORSE DAM","NV10119","72h","USC00266148",23,39.131,0.1769,0.121,-1e-04
"WILD HORSE DAM","NV10119","72h","USC00101195",48,26.894,0.24,0.2055,0.1169
"WILD HORSE DAM","NV10119","72h","USC00260795",88,28.827,0.2196,0.158,0.1703
"WILD HORSE DAM","NV10119","72h","USC00101217",47,31.507,0.2298,0.2069,0.1299
"WILD HORSE DAM","NV10119","72h","USC00265722",24,27.445,0.1819,0.0243,0.0142
"MINIDOKA","ID00275","24h","USC00105980",74,22.487,0.1932,0.1709,0.1227
"MINIDOKA","ID00275","24h","USC00107968",73,24.465,0.2207,0.2486,0.1902
"MINIDOKA","ID00275","24h","USC00106877",68,24.581,0.2064,0.3081,0.1931
"MINIDOKA","ID00275","24h","USW00024133",78,22.683,0.1818,0.2441,0.2248
"MINIDOKA","ID00275","24h","USC00101288",51,24.058,0.2199,0.2591,0.202
"MINIDOKA","ID00275","24h","USC00100149",21,32.259,0.2478,0.24,0.089
"MINIDOKA","ID00275","24h","USC00101298",30,23.866,0.1875,0.1738,0.1576
"MINIDOKA","ID00275","24h","USC00105678",46,28.913,0.1868,0.2688,0.1807
"MINIDOKA","ID00275","24h","USS0013G01S",45,60.211,0.2233,0.2367,0.161
"MINIDOKA","ID00275","24h","USC00105567",24,22.28,0.2067,0.2121,0.228
"MINIDOKA","ID00275","24h","USC00105563",37,24.668,0.198,0.2124,0.216
"MINIDOKA","ID00275","24h","USC00100227",90,27.468,0.19,0.1259,0.1504
"MINIDOKA","ID00275","24h","USC00105955",22,24.177,0.1816,0.1378,0.168
"MINIDOKA","ID00275","24h","USC00104140",92,24.987,0.1814,0.1863,0.1531
"MINIDOKA","ID00275","24h","USC00100010",111,22.047,0.1976,0.2362,0.1427
"MINIDOKA","ID00275","24h","USC00109303",50,25.694,0.1822,0.0705,0.1193
"MINIDOKA","ID00275","24h","USW00024158",33,27.062,0.1661,0.0926,0.0981
"MINIDOKA","ID00275","24h","USC00100347",34,30.065,0.1795,0.2113,0.1268
"MINIDOKA","ID00275","24h","USC00109299",47,22.884,0.1928,0.1937,0.151
"MINIDOKA","ID00275","24h","USC00108626",43,24.715,0.1645,0.1298,0.1806
"MINIDOKA","ID00275","24h","USW00024156",87,24.15,0.1733,0.0882,0.1515
"MINIDOKA","ID00275","24h","USW00004110",28,24.82,0.2303,0.3232,0.2958
"MINIDOKA","ID00275","24h","USC00109293",28,23.246,0.1928,0.2234,0.0708
"MINIDOKA","ID00275","24h","USC00109294",69,22.145,0.1886,0.1046,0.0976
"MINIDOKA","ID00275","24h","USS0014G01S",45,37.054,0.1674,0.2132,0.1965
"MINIDOKA","ID00275","24h","USC00108380",105,25.994,0.1849,0.1908,0.1402
"MINIDOKA","ID00275","24h","USS0012G17S",42,42.507,0.1665,0.0453,0.1628
"MINIDOKA","ID00275","24h","USW00094178",28,22.576,0.2339,0.2811,0.2316
"MINIDOKA","ID00275","24h","USC00104670",103,24.092,0.203,0.1876,0.1721
"MINIDOKA","ID00275","24h","USC00107040",63,31.401,0.2179,0.3079,0.2382
"MINIDOKA","ID00275","24h","USS0014G02S",46,45.107,0.1833,0.1146,0.1387
"MINIDOKA","ID00275","24h","USW00004126",22,33.443,0.1918,0.1618,0.1264
"MINIDOKA","ID00275","24h","USC00102260",52,34.904,0.245,0.2472,0.1667
"MINIDOKA","ID00275","24h","USC00107208",34,28.074,0.1761,0.1921,0.1344
"MINIDOKA","ID00275","24h","USC00427408",34,27.559,0.2267,0.315,0.2236
"MINIDOKA","ID00275","24h","USC00103297",107,24.072,0.1885,0.1276,0.1528
"MINIDOKA","ID00275","24h","USC00104295",71,24.586,0.1869,0.2056,0.2147
"MINIDOKA","ID00275","24h","USC00426658",46,28.916,0.2004,0.2319,0.2267
"MINIDOKA","ID00275","24h","USC00427931",47,29.094,0.1751,0.1374,0.21
"MINIDOKA","ID00275","24h","USC00101220",33,26.397,0.2094,0.1713,0.1776
"MINIDOKA","ID00275","24h","USW00024142",49,22.727,0.1831,0.1756,0.1163
"MINIDOKA","ID00275","24h","USC00101217",47,25.459,0.2446,0.1966,0.1547
"MINIDOKA","ID00275","24h","USW00094143",67,22.887,0.1899,0.213,0.212
"MINIDOKA","ID00275","24h","USC00105716",38,30.48,0.1409,0.0998,0.1577
"MINIDOKA","ID00275","24h","USC00100375",71,25.937,0.1877,0.2156,0.2627
"MINIDOKA","ID00275","24h","USC00100915",92,27.705,0.1916,0.1579,0.1202
"MINIDOKA","ID00275","24h","USS0013F04S",46,39.123,0.164,0.173,0.119
"MINIDOKA","ID00275","24h","USC00105544",61,30.666,0.1717,0.2649,0.1855
"MINIDOKA","ID00275","24h","USS0013F09S",44,43.967,0.1371,0.1069,0.1824
"MINIDOKA","ID00275","72h","USC00105980",74,29.053,0.2007,0.1842,0.1565
"MINIDOKA","ID00275","72h","USC00107968",73,30.7,0.2,0.2249,0.1787
"MINIDOKA","ID00275","72h","USC00106877",68,31.556,0.2302,0.3035,0.1636
"MINIDOKA","ID00275","72h","USW00024133",78,30.513,0.2004,0.2192,0.1709
"MINIDOKA","ID00275","72h","USC00101288",51,30.343,0.2029,0.2634,0.1727
"MINIDOKA","ID00275","72h","USC00100149",21,40.293,0.1766,0.0432,0.0978
"MINIDOKA","ID00275","72h","USC00101298",30,30.921,0.1668,0.0812,0.1965
"MINIDOKA","ID00275","72h","USC00105678",46,35.896,0.2102,0.2671,0.1783
"MINIDOKA","ID00275","72h","USS0013G01S",45,86.634,0.2025,0.1525,0.1041
"MINIDOKA","ID00275","72h","USC00105563",37,31.137,0.1851,0.0966,0.1213
"MINIDOKA","ID00275","72h","USC00100227",90,34.462,0.2009,0.1954,0.1177
"MINIDOKA","ID00275","72h","USC00105955",22,32.731,0.2308,0.2779,0.129
"MINIDOKA","ID00275","72h","USC00104140",92,32.716,0.2044,0.136,0.1321
"MINIDOKA","ID00275","72h","USC00106542",122,33.715,0.176,0.1772,0.1384
"MINIDOKA","ID00275","72h","USC00100010",111,28.502,0.1987,0.1534,0.1082
"MINIDOKA","ID00275","72h","USC00107673",100,35.359,0.1918,0.2919,0.1978
"MINIDOKA","ID00275","72h","USC00109303",50,33.459,0.201,0.1342,0.1041
"MINIDOKA","ID00275","72h","USW00024158",33,33.182,0.1643,0.1034,0.0575
"MINIDOKA","ID00275","72h","USC00109299",47,29.219,0.2185,0.1955,0.1073
"MINIDOKA","ID00275","72h","USC00108626",43,30.859,0.1909,0.1652,0.0793
"MINIDOKA","ID00275","72h","USW00024156",87,31.035,0.1772,0.105,0.1462
"MINIDOKA","ID00275","72h","USW00004110",28,32.658,0.2284,0.2262,0.1157
"MINIDOKA","ID00275","72h","USC00109293",28,29.554,0.193,0.1832,0.0196
"MINIDOKA","ID00275","72h","USC00109294",69,28.837,0.1994,0.0958,0.1764
"MINIDOKA","ID00275","72h","USS0014G01S",45,58.886,0.193,0.2368,0.1253
"MINIDOKA","ID00275","72h","USC00108380",105,33.788,0.1819,0.1756,0.2015
"MINIDOKA","ID00275","72h","USS0012G17S",42,60.105,0.1537,0.066,0.1893
"MINIDOKA","ID00275","72h","USW00094178",28,31.536,0.2425,0.3541,0.2574
"MINIDOKA","ID00275","72h","USC00104670",103,32.372,0.2163,0.1682,0.1429
"MINIDOKA","ID00275","72h","USC00107040",63,44.287,0.2175,0.2003,0.1916
"MINIDOKA","ID00275","72h","USS0014G02S",46,67.783,0.1791,0.1851,0.1617
"MINIDOKA","ID00275","72h","USC00107210",20,33.284,0.1881,0.297,0.2016
"MINIDOKA","ID00275","72h","USW00004126",22,45.737,0.1592,-0.0262,0.0678
"MINIDOKA","ID00275","72h","USC00107208",34,37.116,0.1672,0.1534,0.0356
"MINIDOKA","ID00275","72h","USC00427408",34,36.553,0.2321,0.2645,0.1868
"MINIDOKA","ID00275","72h","USC00103297",107,31.554,0.1894,0.1633,0.0838
"MINIDOKA","ID00275","72h","USC00104295",71,30.442,0.1909,0.1543,0.1159
"MINIDOKA","ID00275","72h","USC00426658",46,37.371,0.179,0.1987,0.1739
"MINIDOKA","ID00275","72h","USC00427931",47,35.366,0.1832,0.1634,0.1285
"MINIDOKA","ID00275","72h","USC00101220",33,33.887,0.2202,0.1513,0.1905
"MINIDOKA","ID00275","72h","USW00024142",49,30.774,0.175,0.2175,0.2274
"MINIDOKA","ID00275","72h","USC00101217",47,31.507,0.2298,0.2069,0.1299
"MINIDOKA","ID00275","72h","USW00094143",67,30.978,0.1952,0.0916,0.0747
"MINIDOKA","ID00275","72h","USC00105716",38,41.514,0.1458,0.1504,0.1975
"MINIDOKA","ID00275","72h","USC00100375",71,33.549,0.1865,0.1388,0.165
"MINIDOKA","ID00275","72h","USC00100915",92,34.792,0.1891,0.1871,0.1582
"MINIDOKA","ID00275","72h","USS0013F04S",46,57.44,0.1943,0.2282,0.0601
"MINIDOKA","ID00275","72h","USC00423486",46,35.152,0.2226,0.3353,0.3158
"MINIDOKA","ID00275","72h","USC00105544",61,39.859,0.1663,0.1795,0.1651
"MINIDOKA","ID00275","72h","USC00101551",46,36.482,0.2236,0.3084,0.2783
"MINIDOKA","ID00275","72h","USS0013F09S",44,67.837,0.1971,0.1351,0.0372
"LAKE FRANCES NORTH DAM","MT01484","24h","USC00248501",101,41.084,0.2243,0.2243,0.1535
"LAKE FRANCES NORTH DAM","MT01484","24h","USC00246426",49,42.437,0.2197,0.2043,0.1884
"LAKE FRANCES NORTH DAM","MT01484","24h","USC00241974",97,39.906,0.2141,0.1491,0.1526
"LAKE FRANCES NORTH DAM","MT01484","24h","USC00242820",49,37.498,0.2411,0.2491,0.1643
"LAKE FRANCES NORTH DAM","MT01484","24h","USW00024137",116,36.37,0.2633,0.1346,0.0943
"LAKE FRANCES NORTH DAM","MT01484","24h","USC00247500",36,35.818,0.196,0.2586,0.1158
"LAKE FRANCES NORTH DAM","MT01484","24h","USC00247501",31,35.795,0.2762,0.205,0.0707
"LAKE FRANCES NORTH DAM","MT01484","24h","USC00241342",37,38.072,0.2419,0.3816,0.2597
"LAKE FRANCES NORTH DAM","MT01484","24h","USS0012A02S",43,60.668,0.2373,0.2115,0.1987
"LAKE FRANCES NORTH DAM","MT01484","24h","USC00243346",77,40.16,0.2189,0.2013,0.1315
"LAKE FRANCES NORTH DAM","MT01484","24h","USC00241737",109,37.01,0.219,0.2111,0.1236
"LAKE FRANCES NORTH DAM","MT01484","24h","USS0012B13S",48,47.18,0.2134,0.2265,0.1907
"LAKE FRANCES NORTH DAM","MT01484","24h","USS0013A15S",45,59.699,0.1856,0.1556,0.2041
"LAKE FRANCES NORTH DAM","MT01484","24h","USC00241202",79,43.461,0.2726,0.3101,0.2037
"LAKE FRANCES NORTH DAM","MT01484","24h","USC00242629",39,51.815,0.2867,0.4646,0.3417
"LAKE FRANCES NORTH DAM","MT01484","24h","USC00242550",90,32.161,0.2131,0.1477,0.1306
"LAKE FRANCES NORTH DAM","MT01484","24h","USC00247362",25,40.043,0.2655,0.2118,0.1512
"LAKE FRANCES NORTH DAM","MT01484","24h","USC00247996",60,38.663,0.2213,0.2796,0.2701
"LAKE FRANCES NORTH DAM","MT01484","24h","USS0013A26S",46,52.968,0.1981,0.1384,0.0955
"LAKE FRANCES NORTH DAM","MT01484","24h","USC00242857",90,37.965,0.2004,0.2397,0.1283
"LAKE FRANCES NORTH DAM","MT01484","24h","USC00241080",61,36.629,0.2199,0.2014,0.1463
"LAKE FRANCES NORTH DAM","MT01484","24h","USC00248093",45,46.476,0.2451,0.1866,0.1121
"LAKE FRANCES NORTH DAM","MT01484","24h","USC00245211",22,33.91,0.1683,0.2126,0.2043
"LAKE FRANCES NORTH DAM","MT01484","24h","USC00243489",91,50.305,0.271,0.3464,0.2499
"LAKE FRANCES NORTH DAM","MT01484","24h","USC00242301",48,47.088,0.244,0.2848,0.1574
"LAKE FRANCES NORTH DAM","MT01484","24h","USC00246700",61,35.667,0.2317,0.2335,0.179
"LAKE FRANCES NORTH DAM","MT01484","24h","USC00248233",56,35.084,0.2329,0.2701,0.2559
"LAKE FRANCES NORTH DAM","MT01484","24h","USC00240364",97,41.387,0.2138,0.1876,0.1686
"LAKE FRANCES NORTH DAM","MT01484","24h","USC00247618",28,37.669,0.2055,-0.0146,0.1043
"LAKE FRANCES NORTH DAM","MT01484","24h","CA003044533",21,37.93,0.2739,0.1539,0.2725
"LAKE FRANCES NORTH DAM","MT01484","24h","USC00241525",37,39.025,0.2075,-0.0265,0.1141
"LAKE FRANCES NORTH DAM","MT01484","24h","USC00247292",24,57.14,0.2138,0.1845,0.2982
"LAKE FRANCES NORTH DAM","MT01484","24h","USW00004130",23,44.905,0.217,0.1857,0.3159
"LAKE FRANCES NORTH DAM","MT01484","24h","USC00243617",104,40.235,0.2378,0.1173,0.0766
"LAKE FRANCES NORTH DAM","MT01484","24h","USC00241692",81,32.884,0.2075,0.2295,0.25
"LAKE FRANCES NORTH DAM","MT01484","24h","USC00248021",71,38.005,0.2362,0.2503,0.1435
"LAKE FRANCES NORTH DAM","MT01484","24h","USS0012B17S",48,48.508,0.2419,0.2074,0.1791
"LAKE FRANCES NORTH DAM","MT01484","24h","USC00240392",82,49.867,0.2367,0.2043,0.1324
"LAKE FRANCES NORTH DAM","MT01484","24h","CA003040049",22,41.836,0.2257,0.3171,0.1637
"LAKE FRANCES NORTH DAM","MT01484","24h","CA003044534",20,37.132,0.1983,0.0209,0.1089
"LAKE FRANCES NORTH DAM","MT01484","24h","CA003031400",90,51.321,0.2718,0.2683,0.1165
"LAKE FRANCES NORTH DAM","MT01484","24h","USW00024143",89,37.779,0.2109,0.1888,0.1231
"LAKE FRANCES NORTH DAM","MT01484","24h","USC00243753",26,37.207,0.1957,0.3039,0.2679
"LAKE FRANCES NORTH DAM","MT01484","24h","USC00244512",79,34.983,0.248,0.2888,0.2325
"LAKE FRANCES NORTH DAM","MT01484","72h","USC00248501",101,55.09,0.2497,0.2215,0.1474
"LAKE FRANCES NORTH DAM","MT01484","72h","USC00246426",49,55.149,0.2367,0.1676,0.1983
"LAKE FRANCES NORTH DAM","MT01484","72h","USC00241974",97,50.531,0.2155,0.1106,0.1179
"LAKE FRANCES NORTH DAM","MT01484","72h","USC00242820",49,49.869,0.2684,0.303,0.1789
"LAKE FRANCES NORTH DAM","MT01484","72h","USC00247500",36,48.522,0.2369,0.3261,0.1625
"LAKE FRANCES NORTH DAM","MT01484","72h","USC00247501",31,44.077,0.2626,0.1424,0.1067
"LAKE FRANCES NORTH DAM","MT01484","72h","USC00241342",37,47.686,0.2377,0.3405,0.2177
"LAKE FRANCES NORTH DAM","MT01484","72h","USS0012A02S",43,84.987,0.2581,0.2506,0.1897
"LAKE FRANCES NORTH DAM","MT01484","72h","USC00243346",77,52.139,0.2326,0.1804,0.1505
"LAKE FRANCES NORTH DAM","MT01484","72h","USC00241737",109,48.418,0.2275,0.234,0.1716
"LAKE FRANCES NORTH DAM","MT01484","72h","USS0012B13S",48,67.36,0.2033,0.3028,0.2563
"LAKE FRANCES NORTH DAM","MT01484","72h","USS0013A15S",45,88.138,0.1809,0.3099,0.3164
"LAKE FRANCES NORTH DAM","MT01484","72h","USC00241202",79,56.504,0.2681,0.2617,0.2084
"LAKE FRANCES NORTH DAM","MT01484","72h","USC00242629",39,73.896,0.3078,0.443,0.3021
"LAKE FRANCES NORTH DAM","MT01484","72h","USC00242550",90,40.418,0.2088,0.1807,0.134
"LAKE FRANCES NORTH DAM","MT01484","72h","USC00247362",25,48.122,0.2682,0.187,0.1093
"LAKE FRANCES NORTH DAM","MT01484","72h","USC00247996",60,50.944,0.2251,0.2141,0.1728
"LAKE FRANCES NORTH DAM","MT01484","72h","USS0013A26S",46,80.922,0.1942,0.2768,0.2596
"LAKE FRANCES NORTH DAM","MT01484","72h","USC00247978",40,71.026,0.2066,0.3613,0.3635
"LAKE FRANCES NORTH DAM","MT01484","72h","USC00242857",90,51.422,0.2316,0.2317,0.1092
"LAKE FRANCES NORTH DAM","MT01484","72h","USC00241081",40,46.664,0.1889,0.1959,0.2138
"LAKE FRANCES NORTH DAM","MT01484","72h","USC00241080",61,45.619,0.2092,0.1618,0.1171
"LAKE FRANCES NORTH DAM","MT01484","72h","USC00248093",45,61.093,0.2898,0.2636,0.1817
"LAKE FRANCES NORTH DAM","MT01484","72h","USC00245211",22,41.518,0.1716,0.1729,0.0921
"LAKE FRANCES NORTH DAM","MT01484","72h","USC00243489",91,66.651,0.2678,0.2835,0.2605
"LAKE FRANCES NORTH DAM","MT01484","72h","USC00242301",48,60.635,0.2295,0.2075,0.085
"LAKE FRANCES NORTH DAM","MT01484","72h","USC00246700",61,47.015,0.2219,0.1759,0.177
"LAKE FRANCES NORTH DAM","MT01484","72h","USC00248233",56,43.129,0.2515,0.2821,0.1917
"LAKE FRANCES NORTH DAM","MT01484","72h","USC00240364",97,55.648,0.2332,0.1778,0.1558
"LAKE FRANCES NORTH DAM","MT01484","72h","USC00247618",28,48.454,0.1868,0.08,0.1689
"LAKE FRANCES NORTH DAM","MT01484","72h","USC00241525",37,49.112,0.2174,0.089,0.2043
"LAKE FRANCES NORTH DAM","MT01484","72h","USC00247292",24,76.173,0.2501,0.2516,0.0837
"LAKE FRANCES NORTH DAM","MT01484","72h","USW00004130",23,60.394,0.1994,0.1324,0.2299
"LAKE FRANCES NORTH DAM","MT01484","72h","USC00243617",104,50.745,0.2414,0.1749,0.1232
"LAKE FRANCES NORTH DAM","MT01484","72h","USC00241692",81,42.025,0.2181,0.2235,0.1591
"LAKE FRANCES NORTH DAM","MT01484","72h","USC00248021",71,49.455,0.2351,0.2157,0.1565
"LAKE FRANCES NORTH DAM","MT01484","72h","USS0012B17S",48,67.641,0.2525,0.3191,0.2468
"LAKE FRANCES NORTH DAM","MT01484","72h","USC00240392",82,66.876,0.252,0.2513,0.1095
"LAKE FRANCES NORTH DAM","MT01484","72h","CA003040049",22,56.397,0.2226,0.1936,0.098
"LAKE FRANCES NORTH DAM","MT01484","72h","CA003044534",20,49.255,0.214,0.1058,0.0939
"LAKE FRANCES NORTH DAM","MT01484","72h","CA003031400",90,65.199,0.2652,0.2554,0.1487
"LAKE FRANCES NORTH DAM","MT01484","72h","USW00024143",89,50.307,0.2054,0.2291,0.1989
"LAKE FRANCES NORTH DAM","MT01484","72h","USC00243753",26,50.343,0.1988,0.2773,0.1813
"LAKE FRANCES NORTH DAM","MT01484","72h","USC00244512",79,44.268,0.2406,0.2101,0.1557
"BOUNDARY","WA00009","24h","CA001148700",72,35.327,0.1518,0.2545,0.1756
"BOUNDARY","WA00009","24h","CA001146870",55,39.659,0.1599,0.2054,0.0978
"BOUNDARY","WA00009","24h","CA001146874",28,36.342,0.1271,0.2425,0.2586
"BOUNDARY","WA00009","24h","USS0016A12S",26,92.182,0.2145,0.0529,0.1175
"BOUNDARY","WA00009","24h","CA001142130",27,34.239,0.1532,0.2332,0.214
"BOUNDARY","WA00009","24h","CA001145445",21,27.884,0.1168,0.1371,0.0787
"BOUNDARY","WA00009","24h","CA00114EMDM",35,37.813,0.1474,0.2156,0.208
"BOUNDARY","WA00009","24h","CA001142160",101,31.905,0.1796,0.2391,0.1177
"BOUNDARY","WA00009","24h","CA00114B1F0",20,31.391,0.1656,0.2501,0.1889
"BOUNDARY","WA00009","24h","CA001144635",27,33.306,0.179,0.1884,0.2422
"BOUNDARY","WA00009","24h","USS0016A14S",23,39.427,0.1982,0.0678,0.1156
"BOUNDARY","WA00009","24h","USS0018A21S",23,32.205,0.1714,0.0242,0.2182
"BOUNDARY","WA00009","24h","USC00101079",91,35.141,0.1676,0.2007,0.1658
"BOUNDARY","WA00009","24h","CA001144230",35,35.124,0.2174,0.1199,0.1419
"BOUNDARY","WA00009","24h","USS0016A10S",42,70.528,0.1742,0.2327,0.1891
"BOUNDARY","WA00009","24h","USC00455844",88,39.758,0.1744,0.3136,0.2369
"BOUNDARY","WA00009","24h","USS0015A03S",39,51.16,0.1542,-0.0702,0.1096
"BOUNDARY","WA00009","24h","USC00456974",97,29.414,0.1903,0.204,0.1343
"BOUNDARY","WA00009","24h","USC00248395",22,49.047,0.184,0.2266,0.1674
"BOUNDARY","WA00009","24h","USS0015A05S",30,35.595,0.1575,-0.0696,0.1376
"BOUNDARY","WA00009","24h","USW00094119",28,34.308,0.1234,0.221,0.24
"BOUNDARY","WA00009","24h","USC00452066",55,33.121,0.1489,0.1845,0.1608
"BOUNDARY","WA00009","24h","USC00453975",66,26.091,0.1685,0.1491,0.0955
"BOUNDARY","WA00009","24h","USC00248390",33,38.262,0.1562,0.1725,0.0532
"BOUNDARY","WA00009","24h","USS0016A08S",44,104.499,0.1783,0.2601,0.2642
"BOUNDARY","WA00009","24h","CA001154203",36,28.636,0.1965,0.2758,0.1879
"BOUNDARY","WA00009","24h","CA001154909",34,29.174,0.2051,0.2645,0.113
"BOUNDARY","WA00009","24h","USC00249187",23,32.878,0.1433,0.0708,0.0995
"BOUNDARY","WA00009","24h","USC00100667",61,37.32,0.1917,0.2838,0.257
"BOUNDARY","WA00009","24h","CA001152090",28,33.581,0.1864,0.1592,0.2787
"BOUNDARY","WA00009","24h","USS0017B06S",20,57.833,0.1716,0.3329,0.1985
"BOUNDARY","WA00009","24h","CA001152100",30,30.122,0.1795,0.067,0.0352
"BOUNDARY","WA00009","24h","USC00459058",57,35.078,0.1345,0.2168,0.1809
"BOUNDARY","WA00009","24h","USS0016A04S",43,68.412,0.1688,0.1818,0.1859
"BOUNDARY","WA00009","24h","USC00454807",27,27.476,0.1972,0.1951,0.1262
"BOUNDARY","WA00009","24h","CA001130771",26,25.312,0.1297,0.0199,0.111
"BOUNDARY","WA00009","24h","CA001130770",35,25.977,0.1485,0.0988,0.0708
"BOUNDARY","WA00009","72h","CA001148700",72,50.511,0.1494,0.2699,0.2306
"BOUNDARY","WA00009","72h","CA001146870",55,55.599,0.1483,0.1881,0.2289
"BOUNDARY","WA00009","72h","CA001146874",28,55.256,0.1441,0.2051,0.1224
"BOUNDARY","WA00009","72h","CA00114EMDM",35,57.565,0.1332,0.2684,0.1774
"BOUNDARY","WA00009","72h","CA001142160",101,45.56,0.1675,0.1949,0.2052
"BOUNDARY","WA00009","72h","USS0016A14S",23,62.221,0.2025,0.1427,0.1456
"BOUNDARY","WA00009","72h","USS0018A21S",23,44.133,0.2011,0.0454,0.1859
"BOUNDARY","WA00009","72h","USC00107386",120,60.866,0.1517,0.1884,0.1479
"BOUNDARY","WA00009","72h","USC00101079",91,50.884,0.1678,0.112,0.118
"BOUNDARY","WA00009","72h","CA001144230",35,54.04,0.2104,0.1697,0.1157
"BOUNDARY","WA00009","72h","USS0016A10S",42,114.485,0.1782,0.0983,0.1517
"BOUNDARY","WA00009","72h","USC00455844",88,55.25,0.1463,0.1707,0.1521
"BOUNDARY","WA00009","72h","CA001133300",62,39.755,0.1991,0.286,0.2466
"BOUNDARY","WA00009","72h","USS0015A03S",39,82.516,0.1779,0.034,0.0806
"BOUNDARY","WA00009","72h","USC00456974",97,36.943,0.1759,0.2029,0.1883
"BOUNDARY","WA00009","72h","USC00248395",22,74.698,0.204,0.2504,0.1893
"BOUNDARY","WA00009","72h","USS0015A05S",30,58.432,0.2018,0.0445,0.099
"BOUNDARY","WA00009","72h","USW00094119",28,49.731,0.1488,0.1931,0.21
"BOUNDARY","WA00009","72h","USC00452066",55,44.734,0.1447,-0.0182,0.2054
"BOUNDARY","WA00009","72h","USC00248390",33,50.935,0.1488,0.0771,0.1671
"BOUNDARY","WA00009","72h","USS0016A08S",44,169.21,0.1626,0.1348,0.2367
"BOUNDARY","WA00009","72h","CA001136812",35,34.17,0.1977,0.2539,0.076
"BOUNDARY","WA00009","72h","CA001154203",36,38.471,0.2026,0.2695,0.1064
"BOUNDARY","WA00009","72h","CA001154909",34,39.688,0.197,0.2028,0.1105
"BOUNDARY","WA00009","72h","USS0017B04S",40,91.093,0.1373,0.1798,0.1671
"BOUNDARY","WA00009","72h","USC00451385",23,35.504,0.2,0.4043,0.2987
"BOUNDARY","WA00009","72h","USC00249187",23,48.07,0.1524,0.1177,0.114
"BOUNDARY","WA00009","72h","USC00100667",61,51.49,0.1876,0.2691,0.2533
"BOUNDARY","WA00009","72h","CA001152090",28,41.31,0.2074,0.1776,0.1645
"BOUNDARY","WA00009","72h","USS0017B06S",20,86.458,0.1552,0.0767,0.0907
"BOUNDARY","WA00009","72h","CA001152100",30,43.775,0.1933,0.1389,0.1771
"BOUNDARY","WA00009","72h","USS0016A04S",43,103.424,0.1608,0.0994,0.1572
"BOUNDARY","WA00009","72h","CA001130771",26,36.545,0.1337,0.1132,0.1704
"BOUNDARY","WA00009","72h","CA001130770",35,35.823,0.1522,0.112,0.1266
"LEESVILLE","VA14301","24h","USC00441999",77,97.934,0.2005,0.1787,0.1669
"LEESVILLE","VA14301","24h","USC00443071",67,91.601,0.2099,0.233,0.2062
"LEESVILLE","VA14301","24h","USC00446723",39,75.458,0.1902,0.2278,0.1345
"LEESVILLE","VA14301","24h","USC00441692",31,66.466,0.1873,0.1515,0.1918
"LEESVILLE","VA14301","24h","USC00440766",73,68.472,0.1727,0.1488,0.1281
"LEESVILLE","VA14301","24h","USC00445685",47,100.558,0.1857,0.2848,0.1211
"LEESVILLE","VA14301","24h","USC00440765",30,60.225,0.1498,0.1574,0.1651
"LEESVILLE","VA14301","24h","USC00442600",34,63.426,0.1508,0.1763,0.2494
"LEESVILLE","VA14301","24h","USC00446046",52,66.096,0.157,0.2346,0.2376
"LEESVILLE","VA14301","24h","USC00449169",35,79.4,0.1864,0.055,0.1226
"LEESVILLE","VA14301","24h","USC00445453",72,108.522,0.1671,0.2346,0.1841
"LEESVILLE","VA14301","24h","USC00445828",20,79.993,0.2406,0.2723,0.2765
"LEESVILLE","VA14301","24h","USC00447004",31,71.267,0.2286,0.4091,0.2805
"LEESVILLE","VA14301","24h","USC00444128",114,73.602,0.164,0.2783,0.213
"LEESVILLE","VA14301","24h","USC00469011",97,57.011,0.1458,0.1832,0.1848
"LEESVILLE","VA14301","24h","USC00465224",101,64.014,0.1817,0.2675,0.2143
"LEESVILLE","VA14301","24h","USC00446955",83,65.735,0.1564,0.1409,0.1376
"LEESVILLE","VA14301","24h","USC00443991",59,79.757,0.1737,0.12,0.0656
"LEESVILLE","VA14301","24h","USC00445880",30,69.476,0.1558,0.1732,0.1992
"LEESVILLE","VA14301","24h","USC00445595",49,70.325,0.1338,0.3162,0.3021
"LEESVILLE","VA14301","24h","USC00441255",23,67.481,0.137,0.164,0.072
"LEESVILLE","VA14301","24h","USC00441259",34,71.629,0.1818,0.1305,0.0801
"LEESVILLE","VA14301","24h","USC00443267",59,86.026,0.1965,0.2872,0.1974
"LEESVILLE","VA14301","24h","USC00468051",38,67.782,0.1809,0.3701,0.2976
"LEESVILLE","VA14301","24h","USC00445698",52,68.096,0.1659,0.1378,0.1554
"LEESVILLE","VA14301","24h","USC00449301",98,66.393,0.1684,0.1519,0.1351
"LEESVILLE","VA14301","24h","USC00440792",59,62.181,0.1893,0.309,0.3428
"LEESVILLE","VA14301","24h","USC00467207",96,62.623,0.1965,0.2719,0.1803
"LEESVILLE","VA14301","24h","USC00460249",33,65.971,0.1471,0.1607,0.1798
"LEESVILLE","VA14301","24h","USC00468308",48,75.463,0.1441,0.1238,0.1791
"LEESVILLE","VA14301","24h","USC00465871",32,68.047,0.1451,0.0516,0.0857
"LEESVILLE","VA14301","24h","USC00467306",26,64.636,0.2048,0.2253,0.2102
"LEESVILLE","VA14301","24h","USC00462638",27,68.65,0.2004,0.0487,0.1565
"LEESVILLE","VA14301","24h","USC00465875",34,71.06,0.184,0.2902,0.2629
"LEESVILLE","VA14301","24h","USC00467513",25,65.111,0.1159,0.1253,0.1645
"LEESVILLE","VA14301","24h","USC00463072",66,59.561,0.1372,0.1272,0.1979
"LEESVILLE","VA14301","24h","USC00447971",35,63.816,0.1609,0.2143,0.1758
"LEESVILLE","VA14301","24h","USW00003859",67,60.765,0.1497,0.1408,0.0747
"LEESVILLE","VA14301","24h","USC00460509",40,60.376,0.1541,0.1867,0.2512
"LEESVILLE","VA14301","24h","USC00467504",21,65.438,0.161,0.1993,0.2868
"LEESVILLE","VA14301","24h","USC00444234",34,76.661,0.1676,0.2052,0.1807
"LEESVILLE","VA14301","24h","USC00460918",51,62.329,0.1668,0.2758,0.1782
"LEESVILLE","VA14301","72h","USC00441999",77,129.113,0.2083,0.1556,0.088
"LEESVILLE","VA14301","72h","USC00443071",67,113.208,0.1933,0.1377,0.1034
"LEESVILLE","VA14301","72h","USC00446723",39,90.994,0.1979,0.2475,0.1289
"LEESVILLE","VA14301","72h","USC00441692",31,87.091,0.1735,0.2181,0.1182
"LEESVILLE","VA14301","72h","USC00440766",73,88.402,0.1534,0.1811,0.1208
"LEESVILLE","VA14301","72h","USC00445685",47,132.642,0.2174,0.3396,0.2073
"LEESVILLE","VA14301","72h","USC00440765",30,77.507,0.1535,0.1315,0.1511
"LEESVILLE","VA14301","72h","USC00442600",34,82.8,0.14,0.0963,0.1859
"LEESVILLE","VA14301","72h","USC00446046",52,83.626,0.1532,0.1449,0.1412
"LEESVILLE","VA14301","72h","USC00449169",35,103.168,0.1954,0.0783,0.044
"LEESVILLE","VA14301","72h","USC00445453",72,137.615,0.1716,0.2027,0.175
"LEESVILLE","VA14301","72h","USC00445828",20,111.693,0.1808,0.1182,0.2308
"LEESVILLE","VA14301","72h","USC00447004",31,79.456,0.1947,0.2119,0.1252
"LEESVILLE","VA14301","72h","USC00444128",114,91.533,0.1739,0.1996,0.1539
"LEESVILLE","VA14301","72h","USC00469011",97,70.829,0.1533,0.2253,0.1682
"LEESVILLE","VA14301","72h","USC00465224",101,78.069,0.1675,0.249,0.1843
"LEESVILLE","VA14301","72h","USC00446955",83,85.046,0.1568,0.1698,0.1952
"LEESVILLE","VA14301","72h","USC00443991",59,99.158,0.1554,0.1457,0.1715
"LEESVILLE","VA14301","72h","USC00467455",28,79.965,0.1441,0.0848,0.1474
"LEESVILLE","VA14301","72h","USC00461215",67,83.276,0.1488,0.1137,0.1854
"LEESVILLE","VA14301","72h","USC00445880",30,83.488,0.1414,0.0674,0.1876
"LEESVILLE","VA14301","72h","USC00445595",49,86.018,0.1588,0.3161,0.247
"LEESVILLE","VA14301","72h","USC00441255",23,81.092,0.1361,0.1195,0.0964
"LEESVILLE","VA14301","72h","USC00441259",34,89.456,0.1623,0.0682,0.0732
"LEESVILLE","VA14301","72h","USC00446199",36,104.548,0.2002,0.1493,0.1645
"LEESVILLE","VA14301","72h","USC00443267",59,106.841,0.205,0.2639,0.1262
"LEESVILLE","VA14301","72h","USC00468051",38,84.517,0.1536,0.2922,0.2814
"LEESVILLE","VA14301","72h","USC00445698",52,84.393,0.1881,0.2015,0.1879
"LEESVILLE","VA14301","72h","USC00460355",55,73.499,0.1529,0.2105,0.2531
"LEESVILLE","VA14301","72h","USC00449301",98,84.615,0.1789,0.1908,0.1544
"LEESVILLE","VA14301","72h","USC00440792",59,81.583,0.1636,0.2759,0.2539
"LEESVILLE","VA14301","72h","USC00467207",96,80.241,0.1809,0.2041,0.1578
"LEESVILLE","VA14301","72h","USC00460249",33,75.68,0.1472,0.0538,0.1128
"LEESVILLE","VA14301","72h","USC00468308",48,95.136,0.1496,0.1793,0.0975
"LEESVILLE","VA14301","72h","USC00465871",32,87.55,0.154,0.0997,0.151
"LEESVILLE","VA14301","72h","USC00467306",26,80.185,0.168,0.0603,0.1654
"LEESVILLE","VA14301","72h","USC00465875",34,92.227,0.1844,0.3574,0.2892
"LEESVILLE","VA14301","72h","USC00467513",25,85.424,0.1665,0.2364,0.1287
"LEESVILLE","VA14301","72h","USC00463072",66,79.408,0.1324,0.0826,0.1372
"LEESVILLE","VA14301","72h","USW00003859",67,77.55,0.1503,0.2074,0.1843
"LEESVILLE","VA14301","72h","USC00460509",40,75.424,0.1655,0.3283,0.2815
"LEESVILLE","VA14301","72h","USC00467504",21,78.981,0.1739,0.3833,0.2972
"LEESVILLE","VA14301","72h","USC00444234",34,93,0.1763,0.1502,0.1841
"LEESVILLE","VA14301","72h","USC00460918",51,78.462,0.1386,0.1221,0.122
"LITTLE GRASS VALLEY","CA00269","24h","USC00044773",22,143.89,0.1599,0.155,0.1645
"LITTLE GRASS VALLEY","CA00269","24h","USC00047195",90,98.988,0.1853,0.1836,0.2113
"LITTLE GRASS VALLEY","CA00269","24h","USC00042500",97,127.28,0.1831,0.1764,0.145
"LITTLE GRASS VALLEY","CA00269","24h","USC00048606",73,161.331,0.19,0.2161,0.1861
"LITTLE GRASS VALLEY","CA00269","24h","USC00041130",39,164.18,0.2392,0.2005,0.1477
"LITTLE GRASS VALLEY","CA00269","24h","USC00041462",41,129.826,0.2195,0.2955,0.148
"LITTLE GRASS VALLEY","CA00269","24h","USC00041653",47,138.685,0.211,0.1778,0.1446
"LITTLE GRASS VALLEY","CA00269","24h","USC00048207",30,125.475,0.1842,0.23,0.0834
"LITTLE GRASS VALLEY","CA00269","24h","USC00041018",68,138.378,0.1825,0.1109,0.1211
"LITTLE GRASS VALLEY","CA00269","24h","USC00047085",84,57.136,0.1923,0.2735,0.2236
"LITTLE GRASS VALLEY","CA00269","24h","USC00042334",42,151.88,0.1924,0.186,0.0471
"LITTLE GRASS VALLEY","CA00269","24h","USC00049540",32,144.884,0.1524,0.1501,0.2862
"LITTLE GRASS VALLEY","CA00269","24h","USC00041497",91,81.185,0.1672,0.1483,0.122
"LITTLE GRASS VALLEY","CA00269","24h","USC00042338",21,143.553,0.2209,0.2452,0.2924
"LITTLE GRASS VALLEY","CA00269","24h","USC00042402",107,136.449,0.1846,0.1294,0.1705
"LITTLE GRASS VALLEY","CA00269","24h","USC00046136",120,117.092,0.1654,0.1784,0.1862
"LITTLE GRASS VALLEY","CA00269","24h","USC00044713",73,139.606,0.2025,0.2167,0.1615
"LITTLE GRASS VALLEY","CA00269","24h","USW00023225",75,133.254,0.2078,0.2587,0.1391
"LITTLE GRASS VALLEY","CA00269","24h","USC00043571",55,122.254,0.1633,0.1805,0.1562
"LITTLE GRASS VALLEY","CA00269","24h","USC00048218",74,79.715,0.2224,0.2398,0.1072
"LITTLE GRASS VALLEY","CA00269","24h","USC00043573",59,113.862,0.1807,0.1471,0.2332
"LITTLE GRASS VALLEY","CA00269","24h","USC00049599",22,55.719,0.1854,0.0378,0.0833
"LITTLE GRASS VALLEY","CA00269","24h","USC00043491",82,117.204,0.1949,0.1651,0.1132
"LITTLE GRASS VALLEY","CA00269","24h","USC00041700",96,72.518,0.1728,0.2118,0.2172
"LITTLE GRASS VALLEY","CA00269","24h","USS0020K03S",46,76.744,0.2265,0.1739,0.1344
"LITTLE GRASS VALLEY","CA00269","24h","USS0020K05S",47,86.659,0.1844,0.2125,0.1976
"LITTLE GRASS VALLEY","CA00269","24h","USC00044288",65,104.699,0.1785,0.2256,0.1965
"LITTLE GRASS VALLEY","CA00269","24h","USS0020K04S",48,72.292,0.2252,0.2246,0.1395
"LITTLE GRASS VALLEY","CA00269","24h","USC00041912",95,101.437,0.1998,0.1959,0.2097
"LITTLE GRASS VALLEY","CA00269","24h","USS0020K31S",43,118.818,0.1858,0.195,0.1599
"LITTLE GRASS VALLEY","CA00269","24h","USC00048331",25,98.956,0.2168,0.2605,0.1726
"LITTLE GRASS VALLEY","CA00269","24h","USC00047641",44,81.907,0.2139,0.1247,0.083
"LITTLE GRASS VALLEY","CA00269","24h","USC00042467",56,89.871,0.1731,0.1587,0.2188
"LITTLE GRASS VALLEY","CA00269","24h","USC00043134",71,126.904,0.2085,0.1806,0.0843
"LITTLE GRASS VALLEY","CA00269","24h","USC00049043",79,71.332,0.1855,0.1996,0.1691
"LITTLE GRASS VALLEY","CA00269","24h","USC00045679",77,119.984,0.2095,0.1485,0.1492
"LITTLE GRASS VALLEY","CA00269","24h","USS0020K13S",46,73.696,0.197,0.2095,0.1849
"LITTLE GRASS VALLEY","CA00269","24h","USC00040931",87,60.821,0.184,0.2286,0.2524
"LITTLE GRASS VALLEY","CA00269","24h","USS0020K30S",46,121.544,0.2052,0.1421,0.1074
"LITTLE GRASS VALLEY","CA00269","24h","USC00043384",42,120.969,0.2018,0.184,0.1027
"LITTLE GRASS VALLEY","CA00269","24h","USC00043381",35,113.471,0.2021,0.089,0.0303
"LITTLE GRASS VALLEY","CA00269","24h","USS0020K25S",47,139.666,0.2232,0.2018,0.1352
"LITTLE GRASS VALLEY","CA00269","24h","USS0020K27S",46,81.802,0.2298,0.2323,0.1665
"LITTLE GRASS VALLEY","CA00269","24h","USS0019K08S",43,72.754,0.1476,0.1679,0.1338
"LITTLE GRASS VALLEY","CA00269","24h","USC00048758",113,79.964,0.2094,0.1774,0.164
"LITTLE GRASS VALLEY","CA00269","72h","USC00044773",22,256.175,0.2334,0.25,0.1183
"LITTLE GRASS VALLEY","CA00269","72h","USC00047195",90,165.825,0.2285,0.2184,0.1964
"LITTLE GRASS VALLEY","CA00269","72h","USC00042500",97,214.917,0.2108,0.2077,0.1786
"LITTLE GRASS VALLEY","CA00269","72h","USC00048606",73,285.292,0.2138,0.1742,0.1953
"LITTLE GRASS VALLEY","CA00269","72h","USC00041130",39,257.785,0.2334,0.1575,0.2057
"LITTLE GRASS VALLEY","CA00269","72h","USC00041462",41,212.627,0.2493,0.3057,0.1427
"LITTLE GRASS VALLEY","CA00269","72h","USC00041653",47,232.364,0.2341,0.2031,0.1875
"LITTLE GRASS VALLEY","CA00269","72h","USC00048207",30,219.884,0.2178,0.3112,0.1986
"LITTLE GRASS VALLEY","CA00269","72h","USC00041018",68,227.962,0.2343,0.285,0.1815
"LITTLE GRASS VALLEY","CA00269","72h","USC00043621",54,163.039,0.2174,0.2448,0.1985
"LITTLE GRASS VALLEY","CA00269","72h","USC00047085",84,87.332,0.2299,0.2254,0.1608
"LITTLE GRASS VALLEY","CA00269","72h","USC00042334",42,262.179,0.2384,0.2629,0.0884
"LITTLE GRASS VALLEY","CA00269","72h","USC00049540",32,249.965,0.1919,0.153,0.1086
"LITTLE GRASS VALLEY","CA00269","72h","USC00042338",21,225.565,0.244,0.2953,0.3119
"LITTLE GRASS VALLEY","CA00269","72h","USC00042402",107,222.417,0.2034,0.1126,0.1393
"LITTLE GRASS VALLEY","CA00269","72h","USC00046136",120,194.145,0.196,0.1608,0.187
"LITTLE GRASS VALLEY","CA00269","72h","USC00044274",24,284.662,0.2648,0.2221,0.0749
"LITTLE GRASS VALLEY","CA00269","72h","USC00044713",73,238.267,0.2363,0.3158,0.1551
"LITTLE GRASS VALLEY","CA00269","72h","USW00023225",75,224.616,0.2285,0.3025,0.1699
"LITTLE GRASS VALLEY","CA00269","72h","USC00043571",55,194.252,0.1916,0.2438,0.1667
"LITTLE GRASS VALLEY","CA00269","72h","USC00048218",74,119.035,0.2824,0.3052,0.19
"LITTLE GRASS VALLEY","CA00269","72h","USC00043573",59,180.306,0.2102,0.1387,0.1516
"LITTLE GRASS VALLEY","CA00269","72h","USC00049599",22,90.869,0.2198,0.174,0.0112
"LITTLE GRASS VALLEY","CA00269","72h","USC00043491",82,191.003,0.2272,0.2312,0.1585
"LITTLE GRASS VALLEY","CA00269","72h","USC00041700",96,117.456,0.2022,0.1792,0.2367
"LITTLE GRASS VALLEY","CA00269","72h","USS0020K03S",46,122.227,0.2279,0.2129,0.2166
"LITTLE GRASS VALLEY","CA00269","72h","USS0020K05S",47,150.582,0.2012,0.0723,0.186
"LITTLE GRASS VALLEY","CA00269","72h","USC00044288",65,170.204,0.2241,0.2,0.154
"LITTLE GRASS VALLEY","CA00269","72h","USS0020K04S",48,116.583,0.2525,0.2119,0.1459
"LITTLE GRASS VALLEY","CA00269","72h","USC00041912",95,161.057,0.2148,0.2338,0.238
"LITTLE GRASS VALLEY","CA00269","72h","USS0020K31S",43,204.314,0.1747,0.1451,0.2442
"LITTLE GRASS VALLEY","CA00269","72h","USC00048331",25,172.706,0.2478,0.396,0.2852
"LITTLE GRASS VALLEY","CA00269","72h","USC00049351",69,60.561,0.2788,0.285,0.1899
"LITTLE GRASS VALLEY","CA00269","72h","USC00047641",44,128.254,0.268,0.3258,0.2493
"LITTLE GRASS VALLEY","CA00269","72h","USC00042467",56,148.215,0.2278,0.2118,0.2481
"LITTLE GRASS VALLEY","CA00269","72h","USC00043134",71,180.914,0.224,0.1989,0.1553
"LITTLE GRASS VALLEY","CA00269","72h","USC00048702",84,70.214,0.2848,0.2285,0.215
"LITTLE GRASS VALLEY","CA00269","72h","USC00049043",79,120.895,0.2198,0.1964,0.1786
"LITTLE GRASS VALLEY","CA00269","72h","USC00045679",77,194.622,0.2449,0.2286,0.1831
"LITTLE GRASS VALLEY","CA00269","72h","USS0020K13S",46,125.358,0.199,0.1336,0.2484
"LITTLE GRASS VALLEY","CA00269","72h","USC00040931",87,95.031,0.2339,0.2431,0.2143
"LITTLE GRASS VALLEY","CA00269","72h","USS0020K30S",46,201.231,0.2096,0.0939,0.0834
"LITTLE GRASS VALLEY","CA00269","72h","USC00043384",42,194.336,0.2618,0.2932,0.1257
"LITTLE GRASS VALLEY","CA00269","72h","USC00043381",35,190.703,0.2335,0.1835,0.0632
"LITTLE GRASS VALLEY","CA00269","72h","USS0020K25S",47,233.847,0.2153,0.1469,0.0987
"LITTLE GRASS VALLEY","CA00269","72h","USS0020K27S",46,135.073,0.2327,0.134,0.1258
"LITTLE GRASS VALLEY","CA00269","72h","USS0019K08S",43,113.894,0.1845,0.0869,0.1026
"LITTLE GRASS VALLEY","CA00269","72h","USC00048758",113,131.981,0.2373,0.2056,0.1862
"NORTH HARTLAND DAM","VT00002","24h","USC00437401",41,75.919,0.1936,0.2301,0.0905
"NORTH HARTLAND DAM","VT00002","24h","USC00435416",63,87.275,0.2051,0.2772,0.2564
"NORTH HARTLAND DAM","VT00002","24h","USW00014755",78,114.068,0.2063,0.2676,0.2234
"NORTH HARTLAND DAM","VT00002","24h","USC00276818",83,104.209,0.1913,0.2117,0.1444
"NORTH HARTLAND DAM","VT00002","24h","USC00300746",23,74.01,0.1975,0.3066,0.1686
"NORTH HARTLAND DAM","VT00002","72h","USC00437401",41,100.327,0.2009,0.3463,0.2989
"NORTH HARTLAND DAM","VT00002","72h","USC00435416",63,114.642,0.1975,0.2399,0.2137
"NORTH HARTLAND DAM","VT00002","72h","USW00014755",78,154.507,0.2059,0.2302,0.2363
"NORTH HARTLAND DAM","VT00002","72h","USC00276818",83,131.805,0.2121,0.2196,0.1328
"NORTH HARTLAND DAM","VT00002","72h","USC00300746",23,92.498,0.216,0.2039,0.0789
"RIVERSIDE","CO00112","24h","USC00053038",101,44.522,0.2211,0.252,0.1795
"RIVERSIDE","CO00112","24h","US1COWE0043",23,45.279,0.2479,0.183,0.1523
"RIVERSIDE","CO00112","24h","USC00050945",47,47.258,0.2042,0.0864,0.0629
"RIVERSIDE","CO00112","24h","USC00053546",68,39.248,0.2231,0.2568,0.1911
"RIVERSIDE","CO00112","24h","USC00053553",59,46.928,0.2491,0.2278,0.1264
"RIVERSIDE","CO00112","24h","US1COWE0171",25,45.923,0.2043,0.2684,0.1286
"RIVERSIDE","CO00112","24h","US1COWE0163",20,39.584,0.2319,0.2364,0.1025
"RIVERSIDE","CO00112","24h","USC00055922",38,49.878,0.2142,0.1482,0.1392
"RIVERSIDE","CO00112","24h","USC00053027",61,40.278,0.2407,0.1732,0.2065
"RIVERSIDE","CO00112","24h","USC00059147",45,44.329,0.2552,0.2379,0.0742
"RIVERSIDE","CO00112","24h","US1COMR0083",20,50.149,0.2032,0.213,0.0727
"RIVERSIDE","CO00112","24h","USC00053643",45,42.719,0.1875,0.1373,0.1041
"RIVERSIDE","CO00112","24h","USC00059213",34,48.281,0.2025,0.0339,0.0822
"RIVERSIDE","CO00112","24h","USW00003017",29,43.334,0.2461,0.1001,0.1854
"RIVERSIDE","CO00112","24h","USC00054460",48,40.026,0.2223,0.2134,0.1649
"RIVERSIDE","CO00112","24h","US1COWE0250",25,46.208,0.1629,-0.0085,0.0879
"RIVERSIDE","CO00112","24h","US1COWE0203",24,47.79,0.2281,0.3148,0.2647
"RIVERSIDE","CO00112","24h","USC00051179",91,50.396,0.2479,0.2879,0.1635
"RIVERSIDE","CO00112","24h","USC00050950",54,44.679,0.1905,0.1466,0.1314
"RIVERSIDE","CO00112","24h","US1COLR0036",24,43.18,0.192,0.1329,0.117
"RIVERSIDE","CO00112","24h","US1COLR0393",25,48.658,0.1699,0.0509,0.0647
"RIVERSIDE","CO00112","24h","USW00094074",23,36.268,0.2512,0.0933,0.2093
"RIVERSIDE","CO00112","24h","US1COLR0662",22,39.345,0.191,0.1185,0.1087
"RIVERSIDE","CO00112","24h","US1COLR0758",20,46.392,0.1813,0.0823,-0.0119
"RIVERSIDE","CO00112","24h","USC00053006",31,42.153,0.1945,0.0982,0.152
"RIVERSIDE","CO00112","72h","USC00053038",101,53.572,0.2054,0.1782,0.1892
"RIVERSIDE","CO00112","72h","US1COWE0043",23,58.455,0.2578,0.0578,-0.0213
"RIVERSIDE","CO00112","72h","USC00050945",47,55.936,0.202,0.0785,0.1136
"RIVERSIDE","CO00112","72h","USC00053546",68,49.289,0.2303,0.1261,0.1329
"RIVERSIDE","CO00112","72h","USC00053553",59,56.172,0.227,0.1603,0.1089
"RIVERSIDE","CO00112","72h","US1COWE0171",25,55.859,0.2152,0.343,0.2053
"RIVERSIDE","CO00112","72h","US1COWE0163",20,48.812,0.2474,0.1723,-0.0118
"RIVERSIDE","CO00112","72h","USC00055922",38,57.881,0.2279,0.2946,0.2771
"RIVERSIDE","CO00112","72h","USC00053027",61,48.874,0.2385,0.0891,0.0908
"RIVERSIDE","CO00112","72h","USC00059147",45,50.568,0.2098,0.1367,0.0645
"RIVERSIDE","CO00112","72h","US1COMR0083",20,60.873,0.1733,0.1983,0.2069
"RIVERSIDE","CO00112","72h","US1COMR0081",21,57.886,0.1956,0.0046,0.241
"RIVERSIDE","CO00112","72h","USC00053643",45,51.933,0.2025,0.1253,0.1352
"RIVERSIDE","CO00112","72h","USC00059213",34,59.567,0.1571,0.151,0.191
"RIVERSIDE","CO00112","72h","USW00003017",29,52.988,0.253,0.0766,0.177
"RIVERSIDE","CO00112","72h","USC00054460",48,48.376,0.1807,0.1291,0.1628
"RIVERSIDE","CO00112","72h","US1COWE0250",25,56.914,0.1946,0.1047,0.1134
"RIVERSIDE","CO00112","72h","US1COWE0203",24,62.573,0.2662,0.389,0.2135
"RIVERSIDE","CO00112","72h","USC00051179",91,60.041,0.2408,0.21,0.1206
"RIVERSIDE","CO00112","72h","USC00050950",54,55.782,0.2144,0.1862,0.0767
"RIVERSIDE","CO00112","72h","US1COLR0036",24,55.058,0.2049,-0.026,0.0092
"RIVERSIDE","CO00112","72h","US1COLR0393",25,60.271,0.2195,0.0833,-0.0178
"RIVERSIDE","CO00112","72h","USW00094074",23,50.573,0.2293,-0.0549,0.1192
"RIVERSIDE","CO00112","72h","US1COLR0662",22,51.673,0.1737,0.0227,0.0466
"RIVERSIDE","CO00112","72h","US1COLR0758",20,59.931,0.2,0.1679,0.0358
"RIVERSIDE","CO00112","72h","USC00053006",31,55.793,0.2459,0.105,0.1089
"MAHONING CREEK DAM","PA00107","24h","USC00360736",40,67.467,0.1909,0.171,0.1095
"MAHONING CREEK DAM","PA00107","24h","USC00361255",47,60.982,0.1717,0.1651,0.1539
"MAHONING CREEK DAM","PA00107","24h","USC00362466",41,61.819,0.1659,0.255,0.1663
"MAHONING CREEK DAM","PA00107","24h","USW00004726",26,60.929,0.1939,0.0575,0.0555
"MAHONING CREEK DAM","PA00107","24h","USC00361895",33,66.879,0.1877,0.4192,0.3105
"MAHONING CREEK DAM","PA00107","24h","USC00364836",22,64.333,0.1877,0.3388,0.3048
"MAHONING CREEK DAM","PA00107","24h","USC00364839",29,70.906,0.1299,0.2731,0.2397
"MAHONING CREEK DAM","PA00107","24h","USC00362298",22,65.879,0.1903,0.1894,0.1529
"MAHONING CREEK DAM","PA00107","24h","USC00368249",58,65.501,0.1741,0.2349,0.134
"MAHONING CREEK DAM","PA00107","24h","USC00361073",20,64.393,0.2298,0.3071,0.2818
"MAHONING CREEK DAM","PA00107","24h","USC00368244",76,59.868,0.1641,0.1977,0.1686
"MAHONING CREEK DAM","PA00107","24h","USC00361526",27,62.719,0.1823,0.1378,0.3553
"MAHONING CREEK DAM","PA00107","24h","USW00004751",64,59.865,0.1731,0.1052,0.2094
"MAHONING CREEK DAM","PA00107","24h","USC00361350",34,64.134,0.1442,0.2793,0.2298
"MAHONING CREEK DAM","PA00107","24h","USC00365684",22,68.925,0.197,0.3841,0.3747
"MAHONING CREEK DAM","PA00107","24h","USC00365686",57,63.123,0.1966,0.2165,0.1112
"MAHONING CREEK DAM","PA00107","24h","USC00368395",32,66.423,0.1674,0.2547,0.377
"MAHONING CREEK DAM","PA00107","24h","USC00183795",39,59.276,0.1805,0.2669,0.2268
"MAHONING CREEK DAM","PA00107","24h","USC00183402",24,61.472,0.1323,0.2296,0.2432
"MAHONING CREEK DAM","PA00107","24h","USC00361806",31,60.287,0.1376,0.1578,0.2533
"MAHONING CREEK DAM","PA00107","24h","USC00183415",55,70.58,0.2054,0.3149,0.2014
"MAHONING CREEK DAM","PA00107","24h","USC00183410",68,72.104,0.1923,0.1602,0.0924
"MAHONING CREEK DAM","PA00107","24h","USC00180881",24,57.559,0.2112,0.2618,0.3654
"MAHONING CREEK DAM","PA00107","24h","USC00185832",24,61.891,0.1716,0.2231,0.0379
"MAHONING CREEK DAM","PA00107","24h","USC00361262",28,62.913,0.2055,0.3859,0.2232
"MAHONING CREEK DAM","PA00107","24h","USC00188315",37,65.235,0.2465,0.2747,0.0591
"MAHONING CREEK DAM","PA00107","24h","USC00367310",35,57.488,0.1782,0.2167,0.1839
"MAHONING CREEK DAM","PA00107","24h","US1MDGR0004",20,72.484,0.1926,0.3152,0.1749
"MAHONING CREEK DAM","PA00107","24h","USC00468777",52,64.877,0.1603,0.1395,0.0913
"MAHONING CREEK DAM","PA00107","24h","USC00186620",116,63.74,0.1741,0.2114,0.1296
"MAHONING CREEK DAM","PA00107","24h","USW00054757",26,52.289,0.1636,0.0616,0.1996
"MAHONING CREEK DAM","PA00107","72h","USC00360736",40,87.602,0.1815,0.0624,0.0512
"MAHONING CREEK DAM","PA00107","72h","USC00361255",47,79.501,0.174,0.1256,0.1126
"MAHONING CREEK DAM","PA00107","72h","USC00362466",41,82.204,0.1341,0.1862,0.1649
"MAHONING CREEK DAM","PA00107","72h","USW00004726",26,82.067,0.2119,0.1317,0.1348
"MAHONING CREEK DAM","PA00107","72h","USC00361895",33,84.735,0.1917,0.3243,0.1745
"MAHONING CREEK DAM","PA00107","72h","USC00364836",22,85.059,0.2025,0.3271,0.2307
"MAHONING CREEK DAM","PA00107","72h","USC00364839",29,88.864,0.1471,0.2119,0.1775
"MAHONING CREEK DAM","PA00107","72h","USC00362298",22,74.801,0.1555,0.1688,0.148
"MAHONING CREEK DAM","PA00107","72h","USC00368249",58,83.119,0.1595,0.1543,0.0618
"MAHONING CREEK DAM","PA00107","72h","USC00361073",20,72.703,0.202,0.2884,0.1694
"MAHONING CREEK DAM","PA00107","72h","USC00368244",76,76.293,0.1656,0.2406,0.162
"MAHONING CREEK DAM","PA00107","72h","USC00361526",27,77.998,0.1729,0.0739,0.1988
"MAHONING CREEK DAM","PA00107","72h","USW00004751",64,73.734,0.182,0.1743,0.2533
"MAHONING CREEK DAM","PA00107","72h","USC00361350",34,80.255,0.1345,0.2261,0.1563
"MAHONING CREEK DAM","PA00107","72h","USC00365684",22,82.11,0.1934,0.2323,0.2356
"MAHONING CREEK DAM","PA00107","72h","USC00365686",57,78.681,0.174,0.209,0.2203
"MAHONING CREEK DAM","PA00107","72h","USC00368395",32,84.73,0.1678,0.2798,0.1833
"MAHONING CREEK DAM","PA00107","72h","USC00183795",39,77.535,0.18,0.164,0.0433
"MAHONING CREEK DAM","PA00107","72h","USC00183402",24,80.276,0.1701,0.2226,0.2039
"MAHONING CREEK DAM","PA00107","72h","USC00183415",55,88.561,0.1703,0.3291,0.1901
"MAHONING CREEK DAM","PA00107","72h","USC00183410",68,92.656,0.1599,0.245,0.1864
"MAHONING CREEK DAM","PA00107","72h","USC00180881",24,78.623,0.1864,0.2374,0.1968
"MAHONING CREEK DAM","PA00107","72h","USC00185832",24,79.525,0.1074,0.2241,0.2121
"MAHONING CREEK DAM","PA00107","72h","USC00361262",28,78.317,0.1963,0.3403,0.2415
"MAHONING CREEK DAM","PA00107","72h","USC00188315",37,83.051,0.194,0.182,0.0818
"MAHONING CREEK DAM","PA00107","72h","USC00367310",35,70.717,0.1638,0.0848,0.1884
"MAHONING CREEK DAM","PA00107","72h","US1MDGR0004",20,90.784,0.1778,0.2054,0.1034
"MAHONING CREEK DAM","PA00107","72h","USC00468777",52,87.075,0.1599,0.1833,0.0981
"MAHONING CREEK DAM","PA00107","72h","USC00186620",116,80.627,0.1613,0.2177,0.1481
"MAHONING CREEK DAM","PA00107","72h","USW00054757",26,67.675,0.2042,0.0545,0.0581
"UNION CITY DAM","PA00103","24h","USW00004751",64,59.865,0.1731,0.1052,0.2094
"UNION CITY DAM","PA00103","24h","USC00361526",27,62.719,0.1823,0.1378,0.3553
"UNION CITY DAM","PA00103","24h","USC00361806",31,60.287,0.1376,0.1578,0.2533
"UNION CITY DAM","PA00103","24h","USW00054757",26,52.289,0.1636,0.0616,0.1996
"UNION CITY DAM","PA00103","24h","USC00367310",35,57.488,0.1782,0.2167,0.1839
"UNION CITY DAM","PA00103","24h","USC00360736",40,67.467,0.1909,0.171,0.1095
"UNION CITY DAM","PA00103","72h","USW00004751",64,73.734,0.182,0.1743,0.2533
"UNION CITY DAM","PA00103","72h","USC00361526",27,77.998,0.1729,0.0739,0.1988
"UNION CITY DAM","PA00103","72h","USC00361806",31,76.08,0.1828,0.4471,0.3923
"UNION CITY DAM","PA00103","72h","USW00054757",26,67.675,0.2042,0.0545,0.0581
"UNION CITY DAM","PA00103","72h","USC00367310",35,70.717,0.1638,0.0848,0.1884
"UNION CITY DAM","PA00103","72h","USC00360736",40,87.602,0.1815,0.0624,0.0512
"DEWEY DAM","KY03029","24h","USC00449215",68,72.852,0.1617,0.2889,0.2294
"DEWEY DAM","KY03029","24h","USC00446125",20,77.264,0.1727,0.3014,0.1526
"DEWEY DAM","KY03029","24h","USC00440013",23,56.49,0.1464,0.1275,0.0516
"DEWEY DAM","KY03029","24h","USC00442782",20,62.523,0.1661,0.3671,0.315
"DEWEY DAM","KY03029","24h","USC00460580",104,63.739,0.1572,0.2721,0.227
"DEWEY DAM","KY03029","24h","USC00465747",23,56.952,0.1416,0.1699,0.2102
"DEWEY DAM","KY03029","24h","USC00460918",51,62.329,0.1668,0.2758,0.1782
"DEWEY DAM","KY03029","24h","USC00441675",25,60.337,0.1578,0.1798,0.1538
"DEWEY DAM","KY03029","24h","USC00466591",68,63.371,0.1507,0.1111,0.1691
"DEWEY DAM","KY03029","24h","USW00003872",63,61.917,0.1475,0.2274,0.1958
"DEWEY DAM","KY03029","24h","USC00441209",109,66.254,0.1583,0.1609,0.1953
"DEWEY DAM","KY03029","24h","USW00003859",67,60.765,0.1497,0.1408,0.0747
"DEWEY DAM","KY03029","24h","USC00463072",66,59.561,0.1372,0.1272,0.1979
"DEWEY DAM","KY03029","24h","USC00445266",24,60.766,0.2077,0.3273,0.2751
"DEWEY DAM","KY03029","24h","USC00445271",26,61.111,0.1659,0.1528,0.1802
"DEWEY DAM","KY03029","24h","USC00467207",96,62.623,0.1965,0.2719,0.1803
"DEWEY DAM","KY03029","24h","USC00460355",55,55.571,0.1289,0.0849,0.1178
"DEWEY DAM","KY03029","24h","USC00464128",38,63.845,0.1576,0.2106,0.0883
"DEWEY DAM","KY03029","24h","USC00440792",59,62.181,0.1893,0.309,0.3428
"DEWEY DAM","KY03029","24h","USC00406292",52,68.641,0.1558,0.245,0.1087
"DEWEY DAM","KY03029","24h","USC00406287",29,62.816,0.1725,0.1292,0.0539
"DEWEY DAM","KY03029","24h","USC00448547",60,71.002,0.1142,-0.0073,0.1253
"DEWEY DAM","KY03029","24h","USC00316565",46,62.265,0.1968,0.1924,0.1952
"DEWEY DAM","KY03029","24h","USC00447971",35,63.816,0.1609,0.2143,0.1758
"DEWEY DAM","KY03029","24h","USC00449301",98,66.393,0.1684,0.1519,0.1351
"DEWEY DAM","KY03029","24h","USC00467306",26,64.636,0.2048,0.2253,0.2102
"DEWEY DAM","KY03029","72h","USC00449215",68,95.655,0.1524,0.1784,0.1456
"DEWEY DAM","KY03029","72h","USC00446125",20,102.135,0.1712,0.3324,0.1627
"DEWEY DAM","KY03029","72h","USC00440013",23,78.128,0.1723,0.0858,0.0348
"DEWEY DAM","KY03029","72h","USC00442782",20,77.461,0.1907,0.37,0.3186
"DEWEY DAM","KY03029","72h","USC00460580",104,81.009,0.1419,0.236,0.1768
"DEWEY DAM","KY03029","72h","USC00465747",23,70.165,0.1033,0.0526,0.1113
"DEWEY DAM","KY03029","72h","USC00460918",51,78.462,0.1386,0.1221,0.122
"DEWEY DAM","KY03029","72h","USC00441675",25,78.935,0.112,0.3134,0.1864
"DEWEY DAM","KY03029","72h","USC00466591",68,81.531,0.1662,0.1611,0.1855
"DEWEY DAM","KY03029","72h","USW00003872",63,78.64,0.1464,0.2389,0.1728
"DEWEY DAM","KY03029","72h","USC00441209",109,83.505,0.1489,0.2393,0.2321
"DEWEY DAM","KY03029","72h","USW00003859",67,77.55,0.1503,0.2074,0.1843
"DEWEY DAM","KY03029","72h","USC00463072",66,79.408,0.1324,0.0826,0.1372
"DEWEY DAM","KY03029","72h","USC00445266",24,75.821,0.1777,0.2629,0.3505
"DEWEY DAM","KY03029","72h","USC00445271",26,79.322,0.1696,0.1961,0.2628
"DEWEY DAM","KY03029","72h","USC00467207",96,80.241,0.1809,0.2041,0.1578
"DEWEY DAM","KY03029","72h","USC00460355",55,73.499,0.1529,0.2105,0.2531
"DEWEY DAM","KY03029","72h","USC00464128",38,83.511,0.1794,0.2524,0.1515
"DEWEY DAM","KY03029","72h","USC00440792",59,81.583,0.1636,0.2759,0.2539
"DEWEY DAM","KY03029","72h","USC00406292",52,88.002,0.1559,0.2323,0.2074
"DEWEY DAM","KY03029","72h","USC00406287",29,83.267,0.1556,0.1247,0.134
"DEWEY DAM","KY03029","72h","USC00448547",60,88.486,0.1193,0.0123,0.1718
"DEWEY DAM","KY03029","72h","USC00316565",46,84.503,0.1795,0.1299,0.2403
"DEWEY DAM","KY03029","72h","USC00447971",35,84.383,0.1068,-0.0554,0.1531
"DEWEY DAM","KY03029","72h","USC00449301",98,84.615,0.1789,0.1908,0.1544
"DEWEY DAM","KY03029","72h","USC00467306",26,80.185,0.168,0.0603,0.1654
"LAKE COLORADO CITY DAM","TX01693","24h","USC00411903",68,73.327,0.2219,0.2674,0.2032
"LAKE COLORADO CITY DAM","TX01693","24h","USC00417743",88,80.012,0.2275,0.2897,0.2193
"LAKE COLORADO CITY DAM","TX01693","24h","USC00414841",69,73.283,0.2002,0.2331,0.1298
"LAKE COLORADO CITY DAM","TX01693","24h","USC00418433",101,72.928,0.1972,0.2043,0.1645
"LAKE COLORADO CITY DAM","TX01693","24h","USC00418631",28,83.39,0.2622,0.2819,0.1135
"LAKE COLORADO CITY DAM","TX01693","24h","USC00413253",58,72.906,0.2284,0.2205,0.1646
"LAKE COLORADO CITY DAM","TX01693","24h","USW00023041",59,68.763,0.2188,0.1952,0.1869
"LAKE COLORADO CITY DAM","TX01693","24h","USC00418630",85,71.272,0.2276,0.2785,0.1948
"LAKE COLORADO CITY DAM","TX01693","24h","USC00419501",63,85.5,0.2288,0.2829,0.2244
"LAKE COLORADO CITY DAM","TX01693","24h","USC00418939",27,80.037,0.253,0.2943,0.1509
"LAKE COLORADO CITY DAM","TX01693","24h","USC00416495",46,83.925,0.2388,0.3022,0.1171
"LAKE COLORADO CITY DAM","TX01693","24h","USC00417678",48,72.334,0.2291,0.1587,0.1199
"LAKE COLORADO CITY DAM","TX01693","24h","USC00413411",68,74.5,0.2234,0.1669,0.2005
"LAKE COLORADO CITY DAM","TX01693","24h","USC00413445",82,72.123,0.2509,0.2625,0.1981
"LAKE COLORADO CITY DAM","TX01693","24h","USC00417782",81,77.639,0.2012,0.1635,0.2111
"LAKE COLORADO CITY DAM","TX01693","24h","USC00419499",74,75.202,0.2297,0.2474,0.1715
"LAKE COLORADO CITY DAM","TX01693","24h","USC00410034",58,71.911,0.2832,0.2325,0.1485
"LAKE COLORADO CITY DAM","TX01693","24h","USC00411511",28,63.026,0.2712,0.2666,0.1347
"LAKE COLORADO CITY DAM","TX01693","24h","USC00419847",52,85.441,0.2041,0.2018,0.1709
"LAKE COLORADO CITY DAM","TX01693","24h","USC00414967",33,67.684,0.2361,0.1543,0.103
"LAKE COLORADO CITY DAM","TX01693","24h","USC00415158",68,62.833,0.2287,0.2029,0.1288
"LAKE COLORADO CITY DAM","TX01693","24h","USC00411974",72,64.3,0.2324,0.163,0.0432
"LAKE COLORADO CITY DAM","TX01693","24h","USC00413401",53,70.005,0.2106,0.1513,0.1194
"LAKE COLORADO CITY DAM","TX01693","24h","USC00419845",32,78.556,0.2129,0.2793,0.2002
"LAKE COLORADO CITY DAM","TX01693","24h","USC00414960",54,87.37,0.2165,0.2702,0.0744
"LAKE COLORADO CITY DAM","TX01693","24h","USC00415013",101,63.497,0.234,0.2891,0.2268
"LAKE COLORADO CITY DAM","TX01693","24h","USC00417206",112,73.384,0.2417,0.2289,0.1804
"LAKE COLORADO CITY DAM","TX01693","24h","USC00414570",67,73.516,0.2234,0.236,0.2532
"LAKE COLORADO CITY DAM","TX01693","24h","USC00415891",79,62.312,0.2485,0.297,0.2778
"LAKE COLORADO CITY DAM","TX01693","24h","USW00023034",80,67.065,0.2129,0.1676,0.1913
"LAKE COLORADO CITY DAM","TX01693","24h","USC00415859",36,66.708,0.1954,0.2165,0.1477
"LAKE COLORADO CITY DAM","TX01693","24h","USC00414848",27,74.584,0.2687,0.3289,0.3181
"LAKE COLORADO CITY DAM","TX01693","24h","USC00418818",92,72.86,0.2565,0.289,0.2056
"LAKE COLORADO CITY DAM","TX01693","24h","USW00023023",96,58.742,0.2416,0.1978,0.1932
"LAKE COLORADO CITY DAM","TX01693","24h","USC00419711",30,73.363,0.2261,0.1436,0.0952
"LAKE COLORADO CITY DAM","TX01693","24h","USC00416484",24,87.175,0.2101,0.2678,0.1469
"LAKE COLORADO CITY DAM","TX01693","24h","USC00418566",90,66.627,0.2006,0.1989,0.1755
"LAKE COLORADO CITY DAM","TX01693","24h","USC00413579",24,90.767,0.225,0.2626,0.0601
"LAKE COLORADO CITY DAM","TX01693","24h","USC00410779",46,68.542,0.1885,0.2276,0.1604
"LAKE COLORADO CITY DAM","TX01693","24h","USC00418326",45,80.587,0.2305,0.0881,0.1257
"LAKE COLORADO CITY DAM","TX01693","24h","USC00418373",74,70.283,0.2006,0.235,0.2058
"LAKE COLORADO CITY DAM","TX01693","24h","USC00416502",59,57.385,0.2253,0.2349,0.1831
"LAKE COLORADO CITY DAM","TX01693","24h","USW00003031",28,50.152,0.288,0.1734,0.2806
"LAKE COLORADO CITY DAM","TX01693","24h","USC00412812",23,69.716,0.2617,0.0294,0.1458
"LAKE COLORADO CITY DAM","TX01693","24h","USC00412121",129,70.606,0.2103,0.2242,0.1787
"LAKE COLORADO CITY DAM","TX01693","24h","USC00410248",45,63.245,0.2689,0.3236,0.256
"LAKE COLORADO CITY DAM","TX01693","24h","USC00415351",40,68.405,0.2356,0.3561,0.3289
"LAKE COLORADO CITY DAM","TX01693","72h","USC00414974",26,81.703,0.2718,0.1596,0.2296
"LAKE COLORADO CITY DAM","TX01693","72h","USC00411903",68,89.483,0.2496,0.2617,0.1836
"LAKE COLORADO CITY DAM","TX01693","72h","USC00417743",88,94.284,0.2248,0.2765,0.1995
"LAKE COLORADO CITY DAM","TX01693","72h","USC00414841",69,85.306,0.1861,0.1275,0.0748
"LAKE COLORADO CITY DAM","TX01693","72h","USC00418433",101,86.708,0.2152,0.228,0.1978
"LAKE COLORADO CITY DAM","TX01693","72h","USC00418631",28,93.723,0.2812,0.3079,0.1801
"LAKE COLORADO CITY DAM","TX01693","72h","USC00413253",58,89.237,0.2364,0.2191,0.1795
"LAKE COLORADO CITY DAM","TX01693","72h","USW00023041",59,84.589,0.2401,0.1506,0.1553
"LAKE COLORADO CITY DAM","TX01693","72h","USC00418630",85,83.841,0.2475,0.3356,0.2251
"LAKE COLORADO CITY DAM","TX01693","72h","USC00419501",63,99.241,0.2281,0.2762,0.2292
"LAKE COLORADO CITY DAM","TX01693","72h","USC00418939",27,95.817,0.2033,0.2466,0.2518
"LAKE COLORADO CITY DAM","TX01693","72h","USC00416495",46,103.537,0.2494,0.221,0.1178
"LAKE COLORADO CITY DAM","TX01693","72h","USC00417678",48,84.765,0.2337,0.2067,0.1894
"LAKE COLORADO CITY DAM","TX01693","72h","USW00003072",20,102.758,0.2496,0.0504,0.2063
"LAKE COLORADO CITY DAM","TX01693","72h","USC00413411",68,89.704,0.2437,0.1781,0.1608
"LAKE COLORADO CITY DAM","TX01693","72h","USC00413445",82,82.081,0.2566,0.2783,0.2086
"LAKE COLORADO CITY DAM","TX01693","72h","USC00417782",81,90.851,0.1926,0.1228,0.1692
"LAKE COLORADO CITY DAM","TX01693","72h","USC00419499",74,86.027,0.2201,0.2148,0.1545
"LAKE COLORADO CITY DAM","TX01693","72h","USC00411511",28,73.27,0.2612,0.2067,0.1345
"LAKE COLORADO CITY DAM","TX01693","72h","USC00419847",52,104.579,0.237,0.1485,0.045
"LAKE COLORADO CITY DAM","TX01693","72h","USC00414967",33,85.943,0.2181,0.0811,0.1617
"LAKE COLORADO CITY DAM","TX01693","72h","USC00415158",68,78.316,0.2566,0.2562,0.1197
"LAKE COLORADO CITY DAM","TX01693","72h","USC00411974",72,75.651,0.2154,0.1885,0.1259
"LAKE COLORADO CITY DAM","TX01693","72h","USC00413401",53,83.428,0.1942,0.199,0.109
"LAKE COLORADO CITY DAM","TX01693","72h","USC00419845",32,97.547,0.1547,0.0681,0.2012
"LAKE COLORADO CITY DAM","TX01693","72h","USC00414960",54,111.057,0.2179,0.2506,0.1006
"LAKE COLORADO CITY DAM","TX01693","72h","USC00415013",101,78.23,0.2475,0.2062,0.1626
"LAKE COLORADO CITY DAM","TX01693","72h","USC00417206",112,91.227,0.2518,0.1903,0.1244
"LAKE COLORADO CITY DAM","TX01693","72h","USC00414570",67,89.27,0.2224,0.1761,0.1502
"LAKE COLORADO CITY DAM","TX01693","72h","USC00415891",79,74.777,0.2662,0.2685,0.1877
"LAKE COLORADO CITY DAM","TX01693","72h","USW00023034",80,85.726,0.2381,0.1714,0.0954
"LAKE COLORADO CITY DAM","TX01693","72h","USC00415859",36,77.722,0.2152,0.1425,0.1319
"LAKE COLORADO CITY DAM","TX01693","72h","USC00414848",27,87.878,0.2633,0.2956,0.2482
"LAKE COLORADO CITY DAM","TX01693","72h","USC00418818",92,88.193,0.2584,0.2593,0.1952
"LAKE COLORADO CITY DAM","TX01693","72h","USW00023023",96,70.261,0.2535,0.1977,0.1849
"LAKE COLORADO CITY DAM","TX01693","72h","USC00419711",30,95.793,0.2323,0.3016,0.2712
"LAKE COLORADO CITY DAM","TX01693","72h","USC00416484",24,107.807,0.1782,0.1901,0.2069
"LAKE COLORADO CITY DAM","TX01693","72h","USC00418566",90,82.464,0.2087,0.238,0.2146
"LAKE COLORADO CITY DAM","TX01693","72h","USC00413579",24,106.867,0.2415,0.2286,0.1467
"LAKE COLORADO CITY DAM","TX01693","72h","USC00410779",46,80.035,0.1874,0.2421,0.1879
"LAKE COLORADO CITY DAM","TX01693","72h","USC00418326",45,100.363,0.2375,0.108,0.1682
"LAKE COLORADO CITY DAM","TX01693","72h","USC00418373",74,86.258,0.2067,0.2127,0.2076
"LAKE COLORADO CITY DAM","TX01693","72h","USC00416502",59,70.054,0.2497,0.1931,0.1023
"LAKE COLORADO CITY DAM","TX01693","72h","USC00412121",129,87.036,0.2176,0.1746,0.1449
"LAKE COLORADO CITY DAM","TX01693","72h","USC00410248",45,78.404,0.2542,0.394,0.3106
"LAKE COLORADO CITY DAM","TX01693","72h","USC00415351",40,86.093,0.2501,0.3221,0.1838
"N SALUDA RESERVOIR DAM","SC00025","24h","USC00384177",26,124.226,0.1477,0.1745,0.1288
"N SALUDA RESERVOIR DAM","SC00025","24h","USC00311174",32,118.668,0.1659,0.1586,0.1811
"N SALUDA RESERVOIR DAM","SC00025","24h","USC00381256",52,115.873,0.1798,0.3051,0.1283
"N SALUDA RESERVOIR DAM","SC00025","24h","USC00381249",26,141.524,0.2271,0.2754,0.2785
"N SALUDA RESERVOIR DAM","SC00025","24h","USC00313976",122,102.623,0.2043,0.3391,0.2151
"N SALUDA RESERVOIR DAM","SC00025","24h","USC00316805",87,109.209,0.1984,0.2538,0.206
"N SALUDA RESERVOIR DAM","SC00025","24h","USC00311055",84,112.24,0.1991,0.2051,0.1183
"N SALUDA RESERVOIR DAM","SC00025","24h","US1NCTR0001",20,114.514,0.1862,0.1269,0.1653
"N SALUDA RESERVOIR DAM","SC00025","24h","USW00053878",22,93.543,0.2198,0.1086,0.1435
"N SALUDA RESERVOIR DAM","SC00025","24h","US1NCHN0002",20,93.943,0.1779,0.2614,0.275
"N SALUDA RESERVOIR DAM","SC00025","24h","USW00003812",70,85.315,0.1729,0.0774,0.1251
"N SALUDA RESERVOIR DAM","SC00025","24h","USC00313106",61,92.017,0.2026,0.1844,0.153
"N SALUDA RESERVOIR DAM","SC00025","24h","USC00313101",32,80.707,0.1697,0.2322,0.2222
"N SALUDA RESERVOIR DAM","SC00025","24h","USC00317486",85,131.886,0.2045,0.2039,0.1683
"N SALUDA RESERVOIR DAM","SC00025","24h","USW00053877",22,99.466,0.2034,0.1144,0.281
"N SALUDA RESERVOIR DAM","SC00025","24h","USC00310724",56,89.26,0.151,0.0623,0.0547
"N SALUDA RESERVOIR DAM","SC00025","24h","USC00318448",25,84.465,0.2035,0.36,0.2114
"N SALUDA RESERVOIR DAM","SC00025","24h","USC00314788",58,170.16,0.1948,0.1826,0.1633
"N SALUDA RESERVOIR DAM","SC00025","24h","USC00312837",64,73.812,0.1723,0.1824,0.1335
"N SALUDA RESERVOIR DAM","SC00025","24h","USC00318442",50,78.639,0.1653,0.278,0.2783
"N SALUDA RESERVOIR DAM","SC00025","24h","USC00311420",33,84.877,0.2217,0.3039,0.2095
"N SALUDA RESERVOIR DAM","SC00025","24h","USW00013872",136,69.831,0.1732,0.1788,0.1572
"N SALUDA RESERVOIR DAM","SC00025","24h","USC00310650",24,75.724,0.1867,0.2315,0.1164
"N SALUDA RESERVOIR DAM","SC00025","24h","USC00311441",64,66.741,0.1741,0.2689,0.1772
"N SALUDA RESERVOIR DAM","SC00025","24h","USC00316236",80,87.328,0.208,0.3208,0.2951
"N SALUDA RESERVOIR DAM","SC00025","24h","USC00384581",25,148.505,0.2016,0.1663,0.156
"N SALUDA RESERVOIR DAM","SC00025","24h","USC00319147",115,76.839,0.1691,0.1798,0.1264
"N SALUDA RESERVOIR DAM","SC00025","24h","USC00317363",57,139.075,0.2222,0.3587,0.228
"N SALUDA RESERVOIR DAM","SC00025","24h","USC00318754",33,85.103,0.1689,0.2067,0.2102
"N SALUDA RESERVOIR DAM","SC00025","24h","USC00315923",44,146.684,0.2359,0.3738,0.2632
"N SALUDA RESERVOIR DAM","SC00025","24h","USC00315921",27,118.374,0.2172,0.2087,0.1911
"N SALUDA RESERVOIR DAM","SC00025","24h","USC00311437",24,69.773,0.1821,0.2037,0.1777
"N SALUDA RESERVOIR DAM","SC00025","24h","USC00312200",117,76.881,0.1849,0.2012,0.165
"N SALUDA RESERVOIR DAM","SC00025","24h","USC00314055",116,138.481,0.1939,0.2124,0.1607
"N SALUDA RESERVOIR DAM","SC00025","24h","US1NCHW0002",20,82.196,0.1769,0.1063,0.2243
"N SALUDA RESERVOIR DAM","SC00025","24h","US1NCYN0004",20,90.784,0.2762,0.2313,0.202
"N SALUDA RESERVOIR DAM","SC00025","24h","USC00311624",67,113.691,0.2241,0.2938,0.2732
"N SALUDA RESERVOIR DAM","SC00025","24h","USC00311564",38,67.779,0.1417,0.1012,0.0572
"N SALUDA RESERVOIR DAM","SC00025","24h","USC00313427",21,111.671,0.1891,0.0591,0.1282
"N SALUDA RESERVOIR DAM","SC00025","24h","USC00313228",68,82.897,0.1643,0.1881,0.1758
"N SALUDA RESERVOIR DAM","SC00025","24h","USC00316341",50,82.128,0.1706,0.1379,0.1534
"N SALUDA RESERVOIR DAM","SC00025","24h","USC00312102",83,115.987,0.1654,0.2053,0.124
"N SALUDA RESERVOIR DAM","SC00025","72h","USC00384177",26,175.726,0.145,0.1855,0.0887
"N SALUDA RESERVOIR DAM","SC00025","72h","USC00381256",52,157.626,0.1787,0.2875,0.2791
"N SALUDA RESERVOIR DAM","SC00025","72h","USC00381249",26,171.657,0.2007,0.2095,0.1255
"N SALUDA RESERVOIR DAM","SC00025","72h","USC00313976",122,128.796,0.1862,0.2952,0.2316
"N SALUDA RESERVOIR DAM","SC00025","72h","USC00316805",87,138.459,0.19,0.2156,0.1794
"N SALUDA RESERVOIR DAM","SC00025","72h","USC00311055",84,143.409,0.1789,0.248,0.1975
"N SALUDA RESERVOIR DAM","SC00025","72h","US1NCTR0001",20,161.741,0.2185,0.3215,0.2764
"N SALUDA RESERVOIR DAM","SC00025","72h","USW00053878",22,123.038,0.272,0.2621,0.3513
"N SALUDA RESERVOIR DAM","SC00025","72h","US1NCHN0002",20,119.223,0.1858,0.113,0.0776
"N SALUDA RESERVOIR DAM","SC00025","72h","USW00003812",70,107.179,0.197,0.2239,0.2522
"N SALUDA RESERVOIR DAM","SC00025","72h","USC00313106",61,112.196,0.187,0.1273,0.1339
"N SALUDA RESERVOIR DAM","SC00025","72h","USC00313101",32,102.897,0.2034,0.2101,0.1345
"N SALUDA RESERVOIR DAM","SC00025","72h","USC00317486",85,169.891,0.1839,0.2144,0.2393
"N SALUDA RESERVOIR DAM","SC00025","72h","USW00053877",22,126.774,0.2693,0.3374,0.4414
"N SALUDA RESERVOIR DAM","SC00025","72h","USC00318448",25,102.905,0.2224,0.2752,0.1968
"N SALUDA RESERVOIR DAM","SC00025","72h","USC00314788",58,221.228,0.197,0.289,0.2026
"N SALUDA RESERVOIR DAM","SC00025","72h","USC00318442",50,101.947,0.1602,0.2663,0.1879
"N SALUDA RESERVOIR DAM","SC00025","72h","USC00310843",59,123.497,0.2514,0.2507,0.2511
"N SALUDA RESERVOIR DAM","SC00025","72h","USC00311420",33,113.525,0.2366,0.3032,0.2424
"N SALUDA RESERVOIR DAM","SC00025","72h","USW00013872",136,88.129,0.1936,0.2343,0.2268
"N SALUDA RESERVOIR DAM","SC00025","72h","USC00310650",24,97.914,0.1779,0.0538,0.0588
"N SALUDA RESERVOIR DAM","SC00025","72h","USC00315796",26,126.571,0.2158,0.1757,0.1502
"N SALUDA RESERVOIR DAM","SC00025","72h","USC00316236",80,113.258,0.2001,0.319,0.3091
"N SALUDA RESERVOIR DAM","SC00025","72h","USC00317363",57,178.354,0.2075,0.2674,0.1777
"N SALUDA RESERVOIR DAM","SC00025","72h","USC00318754",33,115.101,0.1519,0.2344,0.1912
"N SALUDA RESERVOIR DAM","SC00025","72h","USC00315923",44,192.528,0.2308,0.2352,0.2125
"N SALUDA RESERVOIR DAM","SC00025","72h","USC00315921",27,157.884,0.1854,0.3065,0.2071
"N SALUDA RESERVOIR DAM","SC00025","72h","USC00312200",117,100.672,0.1766,0.2077,0.1971
"N SALUDA RESERVOIR DAM","SC00025","72h","USC00314055",116,189.029,0.193,0.2439,0.1322
"N SALUDA RESERVOIR DAM","SC00025","72h","US1NCHW0002",20,108.279,0.2198,0.2365,0.3003
"N SALUDA RESERVOIR DAM","SC00025","72h","US1NCYN0004",20,122.606,0.2962,0.4044,0.4412
"N SALUDA RESERVOIR DAM","SC00025","72h","USC00311624",67,153.272,0.2492,0.3094,0.2912
"N SALUDA RESERVOIR DAM","SC00025","72h","USC00311564",38,88.702,0.1551,0.2208,0.1589
"N SALUDA RESERVOIR DAM","SC00025","72h","USC00313427",21,140.924,0.1494,0.2856,0.2883
"N SALUDA RESERVOIR DAM","SC00025","72h","USC00313228",68,109.107,0.159,0.1531,0.1563
"N SALUDA RESERVOIR DAM","SC00025","72h","USC00310160",26,143.768,0.2821,0.4664,0.4218
"N SALUDA RESERVOIR DAM","SC00025","72h","USC00316341",50,105.589,0.1742,0.092,0.1086
"N SALUDA RESERVOIR DAM","SC00025","72h","US1NCML0002",20,116.441,0.2833,0.4287,0.4901
"BRIDGEPORT","CA00284","24h","USC00041072",65,37.174,0.2412,0.1773,0.1393
"BRIDGEPORT","CA00284","24h","USC00040943",53,40.657,0.2281,0.1882,0.116
"BRIDGEPORT","CA00284","24h","USS0019L08S",46,86.172,0.2464,0.0897,0.0359
"BRIDGEPORT","CA00284","24h","USS0019L06S",46,75.619,0.2245,0.2301,0.2065
"BRIDGEPORT","CA00284","24h","USC00268977",31,35.898,0.2566,0.2822,0.227
"BRIDGEPORT","CA00284","24h","USS0019L40S",36,56.29,0.2244,0.0831,0.1725
"BRIDGEPORT","CA00284","24h","USC00268186",35,33.971,0.2535,0.1676,0.2869
"BRIDGEPORT","CA00284","24h","USC00263515",49,21.38,0.2275,0.1366,0.1208
"BRIDGEPORT","CA00284","24h","USC00263512",31,18.27,0.2389,0.065,0.1722
"BRIDGEPORT","CA00284","24h","USC00268034",27,18.825,0.2496,0.1891,0.2211
"BRIDGEPORT","CA00284","24h","USC00267612",42,24.903,0.2325,0.189,0.1648
"BRIDGEPORT","CA00284","24h","USC00045356",34,63.632,0.1746,0.1631,0.1293
"BRIDGEPORT","CA00284","24h","USC00043939",102,80.556,0.1843,0.1509,0.1619
"BRIDGEPORT","CA00284","24h","USS0019L39S",46,78.496,0.1977,0.1041,0.0322
"BRIDGEPORT","CA00284","24h","USS0019L05S",46,81.365,0.1969,0.2479,0.2511
"BRIDGEPORT","CA00284","24h","USC00048781",23,84.873,0.1826,0.3149,0.2706
"BRIDGEPORT","CA00284","24h","USC00044679",41,103.717,0.1914,0.3129,0.2209
"BRIDGEPORT","CA00284","24h","USC00049775",56,64.255,0.2378,0.2781,0.2148
"BRIDGEPORT","CA00284","24h","USC00049855",83,87.327,0.1809,0.2735,0.1941
"BRIDGEPORT","CA00284","24h","USC00041697",62,119.733,0.206,0.2038,0.1102
"BRIDGEPORT","CA00284","24h","USS0019L41S",23,84.234,0.2104,0.151,0.1655
"BRIDGEPORT","CA00284","24h","USC00045400",49,76.342,0.1848,0.2621,0.2004
"BRIDGEPORT","CA00284","24h","USC00269229",92,24.641,0.2309,0.2315,0.1764
"BRIDGEPORT","CA00284","24h","USS0019L43S",23,99.587,0.2271,0.1934,0.1761
"BRIDGEPORT","CA00284","24h","USC00267358",35,24.166,0.2263,0.2904,0.283
"BRIDGEPORT","CA00284","24h","USS0019L45S",22,83.892,0.199,0.1555,0.285
"BRIDGEPORT","CA00284","24h","USC00268822",46,20.539,0.2093,0.0865,0.0987
"BRIDGEPORT","CA00284","24h","USC00049105",66,89.799,0.199,0.1449,0.1552
"BRIDGEPORT","CA00284","24h","USS0019L03S",48,69.839,0.186,0.2283,0.1617
"BRIDGEPORT","CA00284","24h","USC00047689",48,92.236,0.1704,0.1878,0.2413
"BRIDGEPORT","CA00284","24h","USW00093230",24,61.43,0.2549,0.2996,0.1403
"BRIDGEPORT","CA00284","24h","USS0020L06S",46,121.797,0.2455,0.2715,0.1663
"BRIDGEPORT","CA00284","24h","USC00043672",48,93.265,0.1863,0.1741,0.1389
"BRIDGEPORT","CA00284","24h","USC00041277",85,118.413,0.1852,0.2095,0.1331
"BRIDGEPORT","CA00284","24h","USC00265168",106,23.1,0.249,0.2067,0.2321
"BRIDGEPORT","CA00284","24h","USC00048380",65,119.319,0.2384,0.2286,0.1756
"BRIDGEPORT","CA00284","24h","USS0020L10S",47,87.02,0.2438,0.2044,0.1464
"BRIDGEPORT","CA00284","24h","USC00042539",62,91.689,0.1856,0.173,0.2458
"BRIDGEPORT","CA00284","24h","USC00043669",27,87.516,0.2218,0.0803,0.2554
"BRIDGEPORT","CA00284","24h","USC00263205",62,47.256,0.1997,0.2007,0.1117
"BRIDGEPORT","CA00284","24h","USS0020L02S",46,82.492,0.2145,0.339,0.2217
"BRIDGEPORT","CA00284","72h","USC00041072",65,48.142,0.2764,0.2387,0.1718
"BRIDGEPORT","CA00284","72h","USC00040943",53,51.242,0.2435,0.1647,0.1373
"BRIDGEPORT","CA00284","72h","USS0019L08S",46,130.859,0.2868,0.2143,0.1681
"BRIDGEPORT","CA00284","72h","USS0019L06S",46,113.858,0.2394,0.1575,0.1512
"BRIDGEPORT","CA00284","72h","USC00044881",36,72.469,0.2894,0.2338,0.1747
"BRIDGEPORT","CA00284","72h","USC00268977",31,48.204,0.3179,0.2809,0.1729
"BRIDGEPORT","CA00284","72h","USS0019L40S",36,81.184,0.2312,-5e-04,0.0914
"BRIDGEPORT","CA00284","72h","USC00263515",49,24.964,0.2294,0.1004,0.1016
"BRIDGEPORT","CA00284","72h","USC00267609",52,37.561,0.2911,0.249,0.1352
"BRIDGEPORT","CA00284","72h","USC00263512",31,21.55,0.2311,0.0207,0.1501
"BRIDGEPORT","CA00284","72h","USC00268034",27,20.333,0.2564,0.0877,0.1515
"BRIDGEPORT","CA00284","72h","USC00267612",42,30.505,0.2524,0.2242,0.0828
"BRIDGEPORT","CA00284","72h","USC00045356",34,93.351,0.2259,0.2544,0.1246
"BRIDGEPORT","CA00284","72h","USC00043939",102,127.537,0.2215,0.2379,0.1924
"BRIDGEPORT","CA00284","72h","USS0019L39S",46,123.479,0.2324,0.1928,0.0951
"BRIDGEPORT","CA00284","72h","USC00048781",23,149.117,0.193,0.3268,0.2045
"BRIDGEPORT","CA00284","72h","USC00044679",41,163.863,0.2334,0.2513,0.2018
"BRIDGEPORT","CA00284","72h","USC00049775",56,94.425,0.2911,0.2516,0.1795
"BRIDGEPORT","CA00284","72h","USC00049855",83,144.308,0.2384,0.2929,0.2531
"BRIDGEPORT","CA00284","72h","USC00041697",62,188.899,0.2378,0.287,0.236
"BRIDGEPORT","CA00284","72h","USS0019L41S",23,138.772,0.1811,0.0664,0.3385
"BRIDGEPORT","CA00284","72h","USC00045400",49,119.728,0.1956,0.2624,0.1667
"BRIDGEPORT","CA00284","72h","USC00269229",92,29.583,0.2337,0.222,0.1898
"BRIDGEPORT","CA00284","72h","USS0019L43S",23,160.165,0.191,0.0312,0.2084
"BRIDGEPORT","CA00284","72h","USC00267358",35,29.929,0.2746,0.3801,0.2923
"BRIDGEPORT","CA00284","72h","USC00268822",46,24.008,0.2178,0.0953,0.1408
"BRIDGEPORT","CA00284","72h","USC00049105",66,151.104,0.2469,0.2626,0.1969
"BRIDGEPORT","CA00284","72h","USS0019L03S",48,112.656,0.2103,0.1657,0.1339
"BRIDGEPORT","CA00284","72h","USC00047689",48,154.558,0.2483,0.2774,0.2064
"BRIDGEPORT","CA00284","72h","USC00262119",24,85.76,0.3197,0.3796,0.153
"BRIDGEPORT","CA00284","72h","USS0020L06S",46,199.462,0.2357,0.1919,0.134
"BRIDGEPORT","CA00284","72h","USC00043672",48,145.129,0.2412,0.22,0.2288
"BRIDGEPORT","CA00284","72h","USC00041277",85,199.845,0.221,0.28,0.2002
"BRIDGEPORT","CA00284","72h","USC00265168",106,26.248,0.2449,0.2252,0.222
"BRIDGEPORT","CA00284","72h","USC00048380",65,185.948,0.2656,0.2188,0.1749
"BRIDGEPORT","CA00284","72h","USS0020L10S",47,142.887,0.2537,0.1992,0.0982
"BRIDGEPORT","CA00284","72h","USC00042539",62,146.187,0.2399,0.1997,0.2309
"BRIDGEPORT","CA00284","72h","USC00263205",62,72.083,0.2146,0.189,0.1627
"BRIDGEPORT","CA00284","72h","USS0020L02S",46,134.46,0.2092,0.1479,0.1584
"COLEMAN DAM","TX02152","24h","USC00418326",45,80.587,0.2305,0.0881,0.1257
"COLEMAN DAM","TX02152","24h","USC00416484",24,87.175,0.2101,0.2678,0.1469
"COLEMAN DAM","TX02152","24h","USC00413579",24,90.767,0.225,0.2626,0.0601
"COLEMAN DAM","TX02152","24h","USC00414960",54,87.37,0.2165,0.2702,0.0744
"COLEMAN DAM","TX02152","24h","USC00419845",32,78.556,0.2129,0.2793,0.2002
"COLEMAN DAM","TX02152","24h","USC00419847",52,85.441,0.2041,0.2018,0.1709
"COLEMAN DAM","TX02152","24h","USW00003072",20,72.851,0.2425,-0.0328,0.1455
"COLEMAN DAM","TX02152","24h","USC00416495",46,83.925,0.2388,0.3022,0.1171
"COLEMAN DAM","TX02152","24h","USC00418939",27,80.037,0.253,0.2943,0.1509
"COLEMAN DAM","TX02152","24h","USC00412741",71,81.823,0.2375,0.2882,0.1876
"COLEMAN DAM","TX02152","24h","USC00417743",88,80.012,0.2275,0.2897,0.2193
"COLEMAN DAM","TX02152","24h","USC00419501",63,85.5,0.2288,0.2829,0.2244
"COLEMAN DAM","TX02152","24h","USC00417678",48,72.334,0.2291,0.1587,0.1199
"COLEMAN DAM","TX02152","24h","USW00023034",80,67.065,0.2129,0.1676,0.1913
"COLEMAN DAM","TX02152","24h","USC00419499",74,75.202,0.2297,0.2474,0.1715
"COLEMAN DAM","TX02152","24h","USC00415822",102,80.75,0.1927,0.1665,0.1489
"COLEMAN DAM","TX02152","24h","USC00417782",81,77.639,0.2012,0.1635,0.2111
"COLEMAN DAM","TX02152","24h","USC00418631",28,83.39,0.2622,0.2819,0.1135
"COLEMAN DAM","TX02152","24h","USC00411903",68,73.327,0.2219,0.2674,0.2032
"COLEMAN DAM","TX02152","24h","USC00414848",27,74.584,0.2687,0.3289,0.3181
"COLEMAN DAM","TX02152","24h","USC00413401",53,70.005,0.2106,0.1513,0.1194
"COLEMAN DAM","TX02152","24h","USC00414974",26,64.258,0.2208,-0.0425,0.1806
"COLEMAN DAM","TX02152","24h","USC00418630",85,71.272,0.2276,0.2785,0.1948
"COLEMAN DAM","TX02152","24h","USC00413257",32,74.184,0.1883,0.2048,0.1689
"COLEMAN DAM","TX02152","24h","USC00415859",36,66.708,0.1954,0.2165,0.1477
"COLEMAN DAM","TX02152","24h","USC00411511",28,63.026,0.2712,0.2666,0.1347
"COLEMAN DAM","TX02152","24h","USC00418433",101,72.928,0.1972,0.2043,0.1645
"COLEMAN DAM","TX02152","24h","USC00412812",23,69.716,0.2617,0.0294,0.1458
"COLEMAN DAM","TX02152","24h","USC00412809",22,85.377,0.2249,0.3437,0.235
"COLEMAN DAM","TX02152","24h","USC00414570",67,73.516,0.2234,0.236,0.2532
"COLEMAN DAM","TX02152","24h","USC00414841",69,73.283,0.2002,0.2331,0.1298
"COLEMAN DAM","TX02152","72h","USC00418326",45,100.363,0.2375,0.108,0.1682
"COLEMAN DAM","TX02152","72h","USC00416484",24,107.807,0.1782,0.1901,0.2069
"COLEMAN DAM","TX02152","72h","USC00413579",24,106.867,0.2415,0.2286,0.1467
"COLEMAN DAM","TX02152","72h","USC00414960",54,111.057,0.2179,0.2506,0.1006
"COLEMAN DAM","TX02152","72h","USC00419845",32,97.547,0.1547,0.0681,0.2012
"COLEMAN DAM","TX02152","72h","USC00419847",52,104.579,0.237,0.1485,0.045
"COLEMAN DAM","TX02152","72h","USW00003072",20,102.758,0.2496,0.0504,0.2063
"COLEMAN DAM","TX02152","72h","USC00416495",46,103.537,0.2494,0.221,0.1178
"COLEMAN DAM","TX02152","72h","USC00418939",27,95.817,0.2033,0.2466,0.2518
"COLEMAN DAM","TX02152","72h","USC00412741",71,104.674,0.2604,0.2913,0.2172
"COLEMAN DAM","TX02152","72h","USC00417743",88,94.284,0.2248,0.2765,0.1995
"COLEMAN DAM","TX02152","72h","USC00419501",63,99.241,0.2281,0.2762,0.2292
"COLEMAN DAM","TX02152","72h","USC00417678",48,84.765,0.2337,0.2067,0.1894
"COLEMAN DAM","TX02152","72h","USW00023034",80,85.726,0.2381,0.1714,0.0954
"COLEMAN DAM","TX02152","72h","USC00419499",74,86.027,0.2201,0.2148,0.1545
"COLEMAN DAM","TX02152","72h","USC00415822",102,97.907,0.2208,0.2216,0.18
"COLEMAN DAM","TX02152","72h","USC00417782",81,90.851,0.1926,0.1228,0.1692
"COLEMAN DAM","TX02152","72h","USC00418631",28,93.723,0.2812,0.3079,0.1801
"COLEMAN DAM","TX02152","72h","USC00411903",68,89.483,0.2496,0.2617,0.1836
"COLEMAN DAM","TX02152","72h","USC00414848",27,87.878,0.2633,0.2956,0.2482
"COLEMAN DAM","TX02152","72h","USC00413401",53,83.428,0.1942,0.199,0.109
"COLEMAN DAM","TX02152","72h","USC00414974",26,81.703,0.2718,0.1596,0.2296
"COLEMAN DAM","TX02152","72h","USC00418630",85,83.841,0.2475,0.3356,0.2251
"COLEMAN DAM","TX02152","72h","USC00413257",32,93.257,0.2126,0.3119,0.1692
"COLEMAN DAM","TX02152","72h","USC00412630",29,106.829,0.225,0.3137,0.2912
"COLEMAN DAM","TX02152","72h","USC00415859",36,77.722,0.2152,0.1425,0.1319
"COLEMAN DAM","TX02152","72h","USC00411511",28,73.27,0.2612,0.2067,0.1345
"COLEMAN DAM","TX02152","72h","USC00418433",101,86.708,0.2152,0.228,0.1978
"COLEMAN DAM","TX02152","72h","USC00412809",22,97.569,0.213,0.3232,0.1943
"COLEMAN DAM","TX02152","72h","USC00414570",67,89.27,0.2224,0.1761,0.1502
"COLEMAN DAM","TX02152","72h","USC00414841",69,85.306,0.1861,0.1275,0.0748
"CHAMPION CREEK DAM","TX01691","24h","USC00411903",68,73.327,0.2219,0.2674,0.2032
"CHAMPION CREEK DAM","TX01691","24h","USC00417743",88,80.012,0.2275,0.2897,0.2193
"CHAMPION CREEK DAM","TX01691","24h","USC00418631",28,83.39,0.2622,0.2819,0.1135
"CHAMPION CREEK DAM","TX01691","24h","USC00414841",69,73.283,0.2002,0.2331,0.1298
"CHAMPION CREEK DAM","TX01691","24h","USC00418433",101,72.928,0.1972,0.2043,0.1645
"CHAMPION CREEK DAM","TX01691","24h","USC00418630",85,71.272,0.2276,0.2785,0.1948
"CHAMPION CREEK DAM","TX01691","24h","USC00413253",58,72.906,0.2284,0.2205,0.1646
"CHAMPION CREEK DAM","TX01691","24h","USW00023041",59,68.763,0.2188,0.1952,0.1869
"CHAMPION CREEK DAM","TX01691","24h","USC00419501",63,85.5,0.2288,0.2829,0.2244
"CHAMPION CREEK DAM","TX01691","24h","USC00416495",46,83.925,0.2388,0.3022,0.1171
"CHAMPION CREEK DAM","TX01691","24h","USC00418939",27,80.037,0.253,0.2943,0.1509
"CHAMPION CREEK DAM","TX01691","24h","USC00417678",48,72.334,0.2291,0.1587,0.1199
"CHAMPION CREEK DAM","TX01691","24h","USC00419499",74,75.202,0.2297,0.2474,0.1715
"CHAMPION CREEK DAM","TX01691","24h","USC00411511",28,63.026,0.2712,0.2666,0.1347
"CHAMPION CREEK DAM","TX01691","24h","USC00417782",81,77.639,0.2012,0.1635,0.2111
"CHAMPION CREEK DAM","TX01691","24h","USC00413445",82,72.123,0.2509,0.2625,0.1981
"CHAMPION CREEK DAM","TX01691","24h","USC00419847",52,85.441,0.2041,0.2018,0.1709
"CHAMPION CREEK DAM","TX01691","24h","USC00413411",68,74.5,0.2234,0.1669,0.2005
"CHAMPION CREEK DAM","TX01691","24h","USC00410034",58,71.911,0.2832,0.2325,0.1485
"CHAMPION CREEK DAM","TX01691","24h","USC00414967",33,67.684,0.2361,0.1543,0.103
"CHAMPION CREEK DAM","TX01691","24h","USC00413401",53,70.005,0.2106,0.1513,0.1194
"CHAMPION CREEK DAM","TX01691","24h","USC00411974",72,64.3,0.2324,0.163,0.0432
"CHAMPION CREEK DAM","TX01691","24h","USC00419845",32,78.556,0.2129,0.2793,0.2002
"CHAMPION CREEK DAM","TX01691","24h","USC00415158",68,62.833,0.2287,0.2029,0.1288
"CHAMPION CREEK DAM","TX01691","24h","USC00414960",54,87.37,0.2165,0.2702,0.0744
"CHAMPION CREEK DAM","TX01691","24h","USW00023034",80,67.065,0.2129,0.1676,0.1913
"CHAMPION CREEK DAM","TX01691","24h","USC00414570",67,73.516,0.2234,0.236,0.2532
"CHAMPION CREEK DAM","TX01691","24h","USC00415859",36,66.708,0.1954,0.2165,0.1477
"CHAMPION CREEK DAM","TX01691","24h","USC00417206",112,73.384,0.2417,0.2289,0.1804
"CHAMPION CREEK DAM","TX01691","24h","USC00415013",101,63.497,0.234,0.2891,0.2268
"CHAMPION CREEK DAM","TX01691","24h","USC00415891",79,62.312,0.2485,0.297,0.2778
"CHAMPION CREEK DAM","TX01691","24h","USC00414848",27,74.584,0.2687,0.3289,0.3181
"CHAMPION CREEK DAM","TX01691","24h","USC00416484",24,87.175,0.2101,0.2678,0.1469
"CHAMPION CREEK DAM","TX01691","24h","USC00413579",24,90.767,0.225,0.2626,0.0601
"CHAMPION CREEK DAM","TX01691","24h","USC00418326",45,80.587,0.2305,0.0881,0.1257
"CHAMPION CREEK DAM","TX01691","24h","USW00023023",96,58.742,0.2416,0.1978,0.1932
"CHAMPION CREEK DAM","TX01691","24h","USC00419711",30,73.363,0.2261,0.1436,0.0952
"CHAMPION CREEK DAM","TX01691","24h","USC00410779",46,68.542,0.1885,0.2276,0.1604
"CHAMPION CREEK DAM","TX01691","24h","USC00418818",92,72.86,0.2565,0.289,0.2056
"CHAMPION CREEK DAM","TX01691","24h","USC00418566",90,66.627,0.2006,0.1989,0.1755
"CHAMPION CREEK DAM","TX01691","24h","USC00412812",23,69.716,0.2617,0.0294,0.1458
"CHAMPION CREEK DAM","TX01691","24h","USC00416502",59,57.385,0.2253,0.2349,0.1831
"CHAMPION CREEK DAM","TX01691","24h","USC00418373",74,70.283,0.2006,0.235,0.2058
"CHAMPION CREEK DAM","TX01691","24h","USW00003031",28,50.152,0.288,0.1734,0.2806
"CHAMPION CREEK DAM","TX01691","24h","USC00412741",71,81.823,0.2375,0.2882,0.1876
"CHAMPION CREEK DAM","TX01691","24h","USC00412121",129,70.606,0.2103,0.2242,0.1787
"CHAMPION CREEK DAM","TX01691","24h","USC00412809",22,85.377,0.2249,0.3437,0.235
"CHAMPION CREEK DAM","TX01691","24h","USC00410248",45,63.245,0.2689,0.3236,0.256
"CHAMPION CREEK DAM","TX01691","72h","USC00414974",26,81.703,0.2718,0.1596,0.2296
"CHAMPION CREEK DAM","TX01691","72h","USC00411903",68,89.483,0.2496,0.2617,0.1836
"CHAMPION CREEK DAM","TX01691","72h","USC00417743",88,94.284,0.2248,0.2765,0.1995
"CHAMPION CREEK DAM","TX01691","72h","USC00418631",28,93.723,0.2812,0.3079,0.1801
"CHAMPION CREEK DAM","TX01691","72h","USC00414841",69,85.306,0.1861,0.1275,0.0748
"CHAMPION CREEK DAM","TX01691","72h","USC00418433",101,86.708,0.2152,0.228,0.1978
"CHAMPION CREEK DAM","TX01691","72h","USC00418630",85,83.841,0.2475,0.3356,0.2251
"CHAMPION CREEK DAM","TX01691","72h","USC00413253",58,89.237,0.2364,0.2191,0.1795
"CHAMPION CREEK DAM","TX01691","72h","USW00023041",59,84.589,0.2401,0.1506,0.1553
"CHAMPION CREEK DAM","TX01691","72h","USC00419501",63,99.241,0.2281,0.2762,0.2292
"CHAMPION CREEK DAM","TX01691","72h","USC00416495",46,103.537,0.2494,0.221,0.1178
"CHAMPION CREEK DAM","TX01691","72h","USC00418939",27,95.817,0.2033,0.2466,0.2518
"CHAMPION CREEK DAM","TX01691","72h","USW00003072",20,102.758,0.2496,0.0504,0.2063
"CHAMPION CREEK DAM","TX01691","72h","USC00417678",48,84.765,0.2337,0.2067,0.1894
"CHAMPION CREEK DAM","TX01691","72h","USC00419499",74,86.027,0.2201,0.2148,0.1545
"CHAMPION CREEK DAM","TX01691","72h","USC00411511",28,73.27,0.2612,0.2067,0.1345
"CHAMPION CREEK DAM","TX01691","72h","USC00417782",81,90.851,0.1926,0.1228,0.1692
"CHAMPION CREEK DAM","TX01691","72h","USC00413445",82,82.081,0.2566,0.2783,0.2086
"CHAMPION CREEK DAM","TX01691","72h","USC00419847",52,104.579,0.237,0.1485,0.045
"CHAMPION CREEK DAM","TX01691","72h","USC00413411",68,89.704,0.2437,0.1781,0.1608
"CHAMPION CREEK DAM","TX01691","72h","USC00410034",58,80.233,0.2972,0.2174,0.1127
"CHAMPION CREEK DAM","TX01691","72h","USC00417146",26,99.819,0.3228,0.3603,0.2841
"CHAMPION CREEK DAM","TX01691","72h","USC00414967",33,85.943,0.2181,0.0811,0.1617
"CHAMPION CREEK DAM","TX01691","72h","USC00413401",53,83.428,0.1942,0.199,0.109
"CHAMPION CREEK DAM","TX01691","72h","USC00411974",72,75.651,0.2154,0.1885,0.1259
"CHAMPION CREEK DAM","TX01691","72h","USC00415158",68,78.316,0.2566,0.2562,0.1197
"CHAMPION CREEK DAM","TX01691","72h","USC00414960",54,111.057,0.2179,0.2506,0.1006
"CHAMPION CREEK DAM","TX01691","72h","USW00023034",80,85.726,0.2381,0.1714,0.0954
"CHAMPION CREEK DAM","TX01691","72h","USC00414570",67,89.27,0.2224,0.1761,0.1502
"CHAMPION CREEK DAM","TX01691","72h","USC00415859",36,77.722,0.2152,0.1425,0.1319
"CHAMPION CREEK DAM","TX01691","72h","USC00417206",112,91.227,0.2518,0.1903,0.1244
"CHAMPION CREEK DAM","TX01691","72h","USC00415013",101,78.23,0.2475,0.2062,0.1626
"CHAMPION CREEK DAM","TX01691","72h","USC00415891",79,74.777,0.2662,0.2685,0.1877
"CHAMPION CREEK DAM","TX01691","72h","USC00414848",27,87.878,0.2633,0.2956,0.2482
"CHAMPION CREEK DAM","TX01691","72h","USC00416484",24,107.807,0.1782,0.1901,0.2069
"CHAMPION CREEK DAM","TX01691","72h","USC00413579",24,106.867,0.2415,0.2286,0.1467
"CHAMPION CREEK DAM","TX01691","72h","USC00418326",45,100.363,0.2375,0.108,0.1682
"CHAMPION CREEK DAM","TX01691","72h","USW00023023",96,70.261,0.2535,0.1977,0.1849
"CHAMPION CREEK DAM","TX01691","72h","USC00419711",30,95.793,0.2323,0.3016,0.2712
"CHAMPION CREEK DAM","TX01691","72h","USC00410779",46,80.035,0.1874,0.2421,0.1879
"CHAMPION CREEK DAM","TX01691","72h","USC00418818",92,88.193,0.2584,0.2593,0.1952
"CHAMPION CREEK DAM","TX01691","72h","USC00418566",90,82.464,0.2087,0.238,0.2146
"CHAMPION CREEK DAM","TX01691","72h","USC00416502",59,70.054,0.2497,0.1931,0.1023
"CHAMPION CREEK DAM","TX01691","72h","USC00418373",74,86.258,0.2067,0.2127,0.2076
"CHAMPION CREEK DAM","TX01691","72h","USC00412741",71,104.674,0.2604,0.2913,0.2172
"CHAMPION CREEK DAM","TX01691","72h","USC00412121",129,87.036,0.2176,0.1746,0.1449
"CHAMPION CREEK DAM","TX01691","72h","USC00412809",22,97.569,0.213,0.3232,0.1943
"CHAMPION CREEK DAM","TX01691","72h","USC00410248",45,78.404,0.2542,0.394,0.3106
"HIDDEN DAM","CA10244","24h","USC00041878",25,70.485,0.2128,0.3006,0.1931
"HIDDEN DAM","CA10244","24h","USC00040379",90,68.868,0.1973,0.127,0.1111
"HIDDEN DAM","CA10244","24h","USC00046252",67,87.194,0.1988,0.261,0.2413
"HIDDEN DAM","CA10244","24h","USC00045496",27,77.192,0.2385,0.2754,0.1793
"HIDDEN DAM","CA10244","24h","USC00045346",65,82.09,0.1969,0.3075,0.2235
"HIDDEN DAM","CA10244","24h","USC00048380",65,119.319,0.2384,0.2286,0.1756
"HIDDEN DAM","CA10244","24h","USC00040755",49,85.922,0.1965,0.1501,0.1088
"HIDDEN DAM","CA10244","24h","USC00044176",71,89.805,0.2028,0.2063,0.1985
"HIDDEN DAM","CA10244","24h","USC00042539",62,91.689,0.1856,0.173,0.2458
"HIDDEN DAM","CA10244","24h","USC00049855",83,87.327,0.1809,0.2735,0.1941
"HIDDEN DAM","CA10244","24h","USC00043672",48,93.265,0.1863,0.1741,0.1389
"HIDDEN DAM","CA10244","24h","USC00045400",49,76.342,0.1848,0.2621,0.2004
"HIDDEN DAM","CA10244","24h","USC00043551",73,118.362,0.2343,0.1681,0.1602
"HIDDEN DAM","CA10244","24h","USC00043939",102,80.556,0.1843,0.1509,0.1619
"HIDDEN DAM","CA10244","24h","USC00044679",41,103.717,0.1914,0.3129,0.2209
"HIDDEN DAM","CA10244","24h","USC00041697",62,119.733,0.206,0.2038,0.1102
"HIDDEN DAM","CA10244","24h","USC00044204",47,55.219,0.1728,0.0572,0.1056
"HIDDEN DAM","CA10244","24h","USC00040820",32,54.519,0.2222,0.1684,0.0478
"HIDDEN DAM","CA10244","24h","USC00043397",44,138.071,0.2528,0.2128,0.1812
"HIDDEN DAM","CA10244","24h","USC00045026",49,127.226,0.2471,0.1638,0.1378
"HIDDEN DAM","CA10244","24h","USC00043925",36,53.772,0.1736,0.1414,0.1208
"HIDDEN DAM","CA10244","24h","USC00047150",97,63.406,0.1942,0.1984,0.2486
"HIDDEN DAM","CA10244","24h","USC00041277",85,118.413,0.1852,0.2095,0.1331
"HIDDEN DAM","CA10244","24h","USC00041072",65,37.174,0.2412,0.1773,0.1393
"HIDDEN DAM","CA10244","24h","USC00040943",53,40.657,0.2281,0.1882,0.116
"HIDDEN DAM","CA10244","24h","USC00048455",20,91.586,0.2634,0.3706,0.2702
"HIDDEN DAM","CA10244","24h","USC00048463",38,108.168,0.2595,0.3102,0.2686
"HIDDEN DAM","CA10244","24h","USC00049582",67,90.786,0.1897,0.1568,0.1344
"HIDDEN DAM","CA10244","24h","USC00049583",21,81.995,0.2011,0.1784,0.2703
"HIDDEN DAM","CA10244","24h","USC00045933",74,57.546,0.2281,0.2889,0.2879
"HIDDEN DAM","CA10244","24h","USS0019L06S",46,75.619,0.2245,0.2301,0.2065
"HIDDEN DAM","CA10244","24h","USC00047689",48,92.236,0.1704,0.1878,0.2413
"HIDDEN DAM","CA10244","24h","USC00048928",80,103.113,0.1912,0.2306,0.1064
"HIDDEN DAM","CA10244","24h","USC00048781",23,84.873,0.1826,0.3149,0.2706
"HIDDEN DAM","CA10244","24h","USS0019L05S",46,81.365,0.1969,0.2479,0.2511
"HIDDEN DAM","CA10244","24h","USC00042331",38,28.601,0.2529,0.0419,0.0927
"HIDDEN DAM","CA10244","24h","USC00043038",76,81.045,0.1934,0.2516,0.1753
"HIDDEN DAM","CA10244","24h","USS0019L39S",46,78.496,0.1977,0.1041,0.0322
"HIDDEN DAM","CA10244","24h","USS0019L43S",23,99.587,0.2271,0.1934,0.1761
"HIDDEN DAM","CA10244","72h","USC00041878",25,101.986,0.2232,0.218,0.1144
"HIDDEN DAM","CA10244","72h","USC00040379",90,100.467,0.2145,0.1924,0.1469
"HIDDEN DAM","CA10244","72h","USC00046252",67,139.175,0.2374,0.2474,0.2052
"HIDDEN DAM","CA10244","72h","USC00045496",27,123.489,0.293,0.3389,0.1653
"HIDDEN DAM","CA10244","72h","USC00045346",65,129.086,0.2231,0.2779,0.2408
"HIDDEN DAM","CA10244","72h","USC00048380",65,185.948,0.2656,0.2188,0.1749
"HIDDEN DAM","CA10244","72h","USC00040755",49,135.142,0.2515,0.2804,0.1972
"HIDDEN DAM","CA10244","72h","USC00044176",71,139.143,0.2412,0.2341,0.1722
"HIDDEN DAM","CA10244","72h","USC00042539",62,146.187,0.2399,0.1997,0.2309
"HIDDEN DAM","CA10244","72h","USC00049855",83,144.308,0.2384,0.2929,0.2531
"HIDDEN DAM","CA10244","72h","USC00043672",48,145.129,0.2412,0.22,0.2288
"HIDDEN DAM","CA10244","72h","USC00045400",49,119.728,0.1956,0.2624,0.1667
"HIDDEN DAM","CA10244","72h","USC00043551",73,189.716,0.2673,0.2229,0.1917
"HIDDEN DAM","CA10244","72h","USC00043939",102,127.537,0.2215,0.2379,0.1924
"HIDDEN DAM","CA10244","72h","USC00044679",41,163.863,0.2334,0.2513,0.2018
"HIDDEN DAM","CA10244","72h","USC00041697",62,188.899,0.2378,0.287,0.236
"HIDDEN DAM","CA10244","72h","USC00044204",47,78.129,0.2165,0.1255,0.1453
"HIDDEN DAM","CA10244","72h","USC00040820",32,81.508,0.2895,0.1719,0.0698
"HIDDEN DAM","CA10244","72h","USC00044881",36,72.469,0.2894,0.2338,0.1747
"HIDDEN DAM","CA10244","72h","USC00043397",44,211.056,0.2888,0.2746,0.2367
"HIDDEN DAM","CA10244","72h","USC00045026",49,198.386,0.267,0.2278,0.1998
"HIDDEN DAM","CA10244","72h","USC00043925",36,78.188,0.1931,0.1423,0.2109
"HIDDEN DAM","CA10244","72h","USC00041277",85,199.845,0.221,0.28,0.2002
"HIDDEN DAM","CA10244","72h","USS0019L08S",46,130.859,0.2868,0.2143,0.1681
"HIDDEN DAM","CA10244","72h","USC00041072",65,48.142,0.2764,0.2387,0.1718
"HIDDEN DAM","CA10244","72h","USC00040943",53,51.242,0.2435,0.1647,0.1373
"HIDDEN DAM","CA10244","72h","USC00048455",20,135.131,0.3228,0.4072,0.3555
"HIDDEN DAM","CA10244","72h","USC00048463",38,162.241,0.311,0.3574,0.2237
"HIDDEN DAM","CA10244","72h","USC00049582",67,137.488,0.2127,0.0694,0.0257
"HIDDEN DAM","CA10244","72h","USC00049583",21,143.401,0.2495,0.2108,0.1397
"HIDDEN DAM","CA10244","72h","USC00045933",74,86.925,0.2187,0.2012,0.1939
"HIDDEN DAM","CA10244","72h","USS0019L06S",46,113.858,0.2394,0.1575,0.1512
"HIDDEN DAM","CA10244","72h","USC00047689",48,154.558,0.2483,0.2774,0.2064
"HIDDEN DAM","CA10244","72h","USC00048928",80,164.295,0.2366,0.2888,0.1555
"HIDDEN DAM","CA10244","72h","USC00048781",23,149.117,0.193,0.3268,0.2045
"HIDDEN DAM","CA10244","72h","USC00042331",38,34.928,0.2499,-9e-04,0.0748
"HIDDEN DAM","CA10244","72h","USC00043038",76,126.984,0.2135,0.1503,0.155
"HIDDEN DAM","CA10244","72h","USC00041300",23,112.355,0.3005,0.3181,0.1057
"HIDDEN DAM","CA10244","72h","USS0019L39S",46,123.479,0.2324,0.1928,0.0951
"HIDDEN DAM","CA10244","72h","USS0019L43S",23,160.165,0.191,0.0312,0.2084
"BIG CREEK DAM NO. 1","CA00434","24h","USC00044176",71,89.805,0.2028,0.2063,0.1985
"BIG CREEK DAM NO. 1","CA00434","24h","USC00040755",49,85.922,0.1965,0.1501,0.1088
"BIG CREEK DAM NO. 1","CA00434","24h","USC00045496",27,77.192,0.2385,0.2754,0.1793
"BIG CREEK DAM NO. 1","CA00434","24h","USC00046252",67,87.194,0.1988,0.261,0.2413
"BIG CREEK DAM NO. 1","CA00434","24h","USC00041878",25,70.485,0.2128,0.3006,0.1931
"BIG CREEK DAM NO. 1","CA00434","24h","USC00048380",65,119.319,0.2384,0.2286,0.1756
"BIG CREEK DAM NO. 1","CA00434","24h","USC00040820",32,54.519,0.2222,0.1684,0.0478
"BIG CREEK DAM NO. 1","CA00434","24h","USC00040819",42,45.076,0.289,0.2049,0.1904
"BIG CREEK DAM NO. 1","CA00434","24h","USC00043551",73,118.362,0.2343,0.1681,0.1602
"BIG CREEK DAM NO. 1","CA00434","24h","USC00045346",65,82.09,0.1969,0.3075,0.2235
"BIG CREEK DAM NO. 1","CA00434","24h","USC00044881",36,53.132,0.3004,0.2137,0.1795
"BIG CREEK DAM NO. 1","CA00434","24h","USC00045026",49,127.226,0.2471,0.1638,0.1378
"BIG CREEK DAM NO. 1","CA00434","24h","USC00043397",44,138.071,0.2528,0.2128,0.1812
"BIG CREEK DAM NO. 1","CA00434","24h","USC00045779",38,52.848,0.2922,0.4026,0.3376
"BIG CREEK DAM NO. 1","CA00434","24h","USC00044679",41,103.717,0.1914,0.3129,0.2209
"BIG CREEK DAM NO. 1","CA00434","24h","USC00041697",62,119.733,0.206,0.2038,0.1102
"BIG CREEK DAM NO. 1","CA00434","24h","USC00040943",53,40.657,0.2281,0.1882,0.116
"BIG CREEK DAM NO. 1","CA00434","24h","USC00042331",38,28.601,0.2529,0.0419,0.0927
"BIG CREEK DAM NO. 1","CA00434","24h","USC00041072",65,37.174,0.2412,0.1773,0.1393
"BIG CREEK DAM NO. 1","CA00434","24h","USC00262431",74,27.824,0.2776,0.2975,0.2021
"BIG CREEK DAM NO. 1","CA00434","24h","USS0019L08S",46,86.172,0.2464,0.0897,0.0359
"BIG CREEK DAM NO. 1","CA00434","24h","USC00048463",38,108.168,0.2595,0.3102,0.2686
"BIG CREEK DAM NO. 1","CA00434","24h","USC00048455",20,91.586,0.2634,0.3706,0.2702
"BIG CREEK DAM NO. 1","CA00434","24h","USS0019L06S",46,75.619,0.2245,0.2301,0.2065
"BIG CREEK DAM NO. 1","CA00434","24h","USC00263512",31,18.27,0.2389,0.065,0.1722
"BIG CREEK DAM NO. 1","CA00434","24h","USC00044389",20,79.388,0.2632,0.3381,0.2316
"BIG CREEK DAM NO. 1","CA00434","24h","USC00263515",49,21.38,0.2275,0.1366,0.1208
"BIG CREEK DAM NO. 1","CA00434","24h","USC00041300",23,71.146,0.2785,0.3286,0.1702
"BIG CREEK DAM NO. 1","CA00434","24h","USC00267463",46,24.88,0.2937,0.3957,0.2309
"BIG CREEK DAM NO. 1","CA00434","24h","USC00265168",106,23.1,0.249,0.2067,0.2321
"BIG CREEK DAM NO. 1","CA00434","24h","USC00268034",27,18.825,0.2496,0.1891,0.2211
"BIG CREEK DAM NO. 1","CA00434","24h","USS0019L40S",36,56.29,0.2244,0.0831,0.1725
"BIG CREEK DAM NO. 1","CA00434","24h","USC00048781",23,84.873,0.1826,0.3149,0.2706
"BIG CREEK DAM NO. 1","CA00434","72h","USC00044176",71,139.143,0.2412,0.2341,0.1722
"BIG CREEK DAM NO. 1","CA00434","72h","USC00040755",49,135.142,0.2515,0.2804,0.1972
"BIG CREEK DAM NO. 1","CA00434","72h","USC00045496",27,123.489,0.293,0.3389,0.1653
"BIG CREEK DAM NO. 1","CA00434","72h","USC00046252",67,139.175,0.2374,0.2474,0.2052
"BIG CREEK DAM NO. 1","CA00434","72h","USC00040379",90,100.467,0.2145,0.1924,0.1469
"BIG CREEK DAM NO. 1","CA00434","72h","USC00041878",25,101.986,0.2232,0.218,0.1144
"BIG CREEK DAM NO. 1","CA00434","72h","USC00048380",65,185.948,0.2656,0.2188,0.1749
"BIG CREEK DAM NO. 1","CA00434","72h","USC00040820",32,81.508,0.2895,0.1719,0.0698
"BIG CREEK DAM NO. 1","CA00434","72h","USC00043551",73,189.716,0.2673,0.2229,0.1917
"BIG CREEK DAM NO. 1","CA00434","72h","USC00049855",83,144.308,0.2384,0.2929,0.2531
"BIG CREEK DAM NO. 1","CA00434","72h","USC00045346",65,129.086,0.2231,0.2779,0.2408
"BIG CREEK DAM NO. 1","CA00434","72h","USC00044881",36,72.469,0.2894,0.2338,0.1747
"BIG CREEK DAM NO. 1","CA00434","72h","USC00045026",49,198.386,0.267,0.2278,0.1998
"BIG CREEK DAM NO. 1","CA00434","72h","USC00043397",44,211.056,0.2888,0.2746,0.2367
"BIG CREEK DAM NO. 1","CA00434","72h","USC00045400",49,119.728,0.1956,0.2624,0.1667
"BIG CREEK DAM NO. 1","CA00434","72h","USC00043939",102,127.537,0.2215,0.2379,0.1924
"BIG CREEK DAM NO. 1","CA00434","72h","USC00042539",62,146.187,0.2399,0.1997,0.2309
"BIG CREEK DAM NO. 1","CA00434","72h","USC00044679",41,163.863,0.2334,0.2513,0.2018
"BIG CREEK DAM NO. 1","CA00434","72h","USC00043672",48,145.129,0.2412,0.22,0.2288
"BIG CREEK DAM NO. 1","CA00434","72h","USC00041697",62,188.899,0.2378,0.287,0.236
"BIG CREEK DAM NO. 1","CA00434","72h","USC00040943",53,51.242,0.2435,0.1647,0.1373
"BIG CREEK DAM NO. 1","CA00434","72h","USC00042331",38,34.928,0.2499,-9e-04,0.0748
"BIG CREEK DAM NO. 1","CA00434","72h","USC00041072",65,48.142,0.2764,0.2387,0.1718
"BIG CREEK DAM NO. 1","CA00434","72h","USC00262431",74,31.826,0.2708,0.2154,0.1618
"BIG CREEK DAM NO. 1","CA00434","72h","USC00041075",28,55.984,0.3486,0.3678,0.2538
"BIG CREEK DAM NO. 1","CA00434","72h","USS0019L08S",46,130.859,0.2868,0.2143,0.1681
"BIG CREEK DAM NO. 1","CA00434","72h","USC00048463",38,162.241,0.311,0.3574,0.2237
"BIG CREEK DAM NO. 1","CA00434","72h","USC00048455",20,135.131,0.3228,0.4072,0.3555
"BIG CREEK DAM NO. 1","CA00434","72h","USS0019L06S",46,113.858,0.2394,0.1575,0.1512
"BIG CREEK DAM NO. 1","CA00434","72h","USC00041277",85,199.845,0.221,0.28,0.2002
"BIG CREEK DAM NO. 1","CA00434","72h","USC00263512",31,21.55,0.2311,0.0207,0.1501
"BIG CREEK DAM NO. 1","CA00434","72h","USC00044389",20,120.041,0.3369,0.3358,0.2247
"BIG CREEK DAM NO. 1","CA00434","72h","USC00263515",49,24.964,0.2294,0.1004,0.1016
"BIG CREEK DAM NO. 1","CA00434","72h","USC00041300",23,112.355,0.3005,0.3181,0.1057
"BIG CREEK DAM NO. 1","CA00434","72h","USC00044204",47,78.129,0.2165,0.1255,0.1453
"BIG CREEK DAM NO. 1","CA00434","72h","USC00267463",46,31.059,0.2909,0.2737,0.1841
"BIG CREEK DAM NO. 1","CA00434","72h","USC00265168",106,26.248,0.2449,0.2252,0.222
"BIG CREEK DAM NO. 1","CA00434","72h","USC00268034",27,20.333,0.2564,0.0877,0.1515
"BIG CREEK DAM NO. 1","CA00434","72h","USS0019L40S",36,81.184,0.2312,-5e-04,0.0914
"BIG CREEK DAM NO. 1","CA00434","72h","USC00048781",23,149.117,0.193,0.3268,0.2045
"PIKE ISLAND LOCKS & DAM","WV06908","24h","USC00361350",34,64.134,0.1442,0.2793,0.2298
"PIKE ISLAND LOCKS & DAM","WV06908","24h","USC00183402",24,61.472,0.1323,0.2296,0.2432
"PIKE ISLAND LOCKS & DAM","WV06908","24h","USC00468777",52,64.877,0.1603,0.1395,0.0913
"PIKE ISLAND LOCKS & DAM","WV06908","24h","USC00364836",22,64.333,0.1877,0.3388,0.3048
"PIKE ISLAND LOCKS & DAM","WV06908","24h","USC00185832",24,61.891,0.1716,0.2231,0.0379
"PIKE ISLAND LOCKS & DAM","WV06908","24h","USC00364839",29,70.906,0.1299,0.2731,0.2397
"PIKE ISLAND LOCKS & DAM","WV06908","24h","USC00360736",40,67.467,0.1909,0.171,0.1095
"PIKE ISLAND LOCKS & DAM","WV06908","24h","USC00180881",24,57.559,0.2112,0.2618,0.3654
"PIKE ISLAND LOCKS & DAM","WV06908","24h","USC00186620",116,63.74,0.1741,0.2114,0.1296
"PIKE ISLAND LOCKS & DAM","WV06908","24h","USC00368249",58,65.501,0.1741,0.2349,0.134
"PIKE ISLAND LOCKS & DAM","WV06908","24h","USC00368244",76,59.868,0.1641,0.1977,0.1686
"PIKE ISLAND LOCKS & DAM","WV06908","24h","USC00368395",32,66.423,0.1674,0.2547,0.377
"PIKE ISLAND LOCKS & DAM","WV06908","24h","US1MDGR0004",20,72.484,0.1926,0.3152,0.1749
"PIKE ISLAND LOCKS & DAM","WV06908","24h","USC00183795",39,59.276,0.1805,0.2669,0.2268
"PIKE ISLAND LOCKS & DAM","WV06908","24h","USC00365686",57,63.123,0.1966,0.2165,0.1112
"PIKE ISLAND LOCKS & DAM","WV06908","24h","USC00365684",22,68.925,0.197,0.3841,0.3747
"PIKE ISLAND LOCKS & DAM","WV06908","24h","USC00460527",110,65.039,0.1695,0.2435,0.16
"PIKE ISLAND LOCKS & DAM","WV06908","24h","USC00468807",60,65.693,0.1909,0.2694,0.1893
"PIKE ISLAND LOCKS & DAM","WV06908","24h","USC00466293",22,61.462,0.2001,0.3179,0.2853
"PIKE ISLAND LOCKS & DAM","WV06908","24h","USC00361073",20,64.393,0.2298,0.3071,0.2818
"PIKE ISLAND LOCKS & DAM","WV06908","24h","USC00462211",25,68.356,0.1474,0.1206,0.0453
"PIKE ISLAND LOCKS & DAM","WV06908","24h","USC00183415",55,70.58,0.2054,0.3149,0.2014
"PIKE ISLAND LOCKS & DAM","WV06908","24h","USC00183410",68,72.104,0.1923,0.1602,0.0924
"PIKE ISLAND LOCKS & DAM","WV06908","24h","USC00460143",29,66.802,0.1612,0.2533,0.2501
"PIKE ISLAND LOCKS & DAM","WV06908","24h","USC00461397",20,64.331,0.1425,0.2411,0.1345
"PIKE ISLAND LOCKS & DAM","WV06908","24h","USW00003733",22,64.066,0.153,0.1428,0.0963
"PIKE ISLAND LOCKS & DAM","WV06908","24h","USC00461393",51,65.347,0.1751,0.275,0.2702
"PIKE ISLAND LOCKS & DAM","WV06908","24h","USC00468536",43,66.875,0.2186,0.3563,0.3176
"PIKE ISLAND LOCKS & DAM","WV06908","24h","USC00462151",51,64.804,0.1899,0.32,0.2634
"PIKE ISLAND LOCKS & DAM","WV06908","24h","USC00362298",22,65.879,0.1903,0.1894,0.1529
"PIKE ISLAND LOCKS & DAM","WV06908","24h","USC00466991",66,74.114,0.1614,0.2502,0.2103
"PIKE ISLAND LOCKS & DAM","WV06908","24h","USC00463464",37,63.671,0.1539,0.1967,0.205
"PIKE ISLAND LOCKS & DAM","WV06908","24h","USC00362466",41,61.819,0.1659,0.255,0.1663
"PIKE ISLAND LOCKS & DAM","WV06908","72h","USC00361350",34,80.255,0.1345,0.2261,0.1563
"PIKE ISLAND LOCKS & DAM","WV06908","72h","USC00183402",24,80.276,0.1701,0.2226,0.2039
"PIKE ISLAND LOCKS & DAM","WV06908","72h","USC00468777",52,87.075,0.1599,0.1833,0.0981
"PIKE ISLAND LOCKS & DAM","WV06908","72h","USC00364836",22,85.059,0.2025,0.3271,0.2307
"PIKE ISLAND LOCKS & DAM","WV06908","72h","USC00185832",24,79.525,0.1074,0.2241,0.2121
"PIKE ISLAND LOCKS & DAM","WV06908","72h","USC00188315",37,83.051,0.194,0.182,0.0818
"PIKE ISLAND LOCKS & DAM","WV06908","72h","USC00364839",29,88.864,0.1471,0.2119,0.1775
"PIKE ISLAND LOCKS & DAM","WV06908","72h","USC00360736",40,87.602,0.1815,0.0624,0.0512
"PIKE ISLAND LOCKS & DAM","WV06908","72h","USC00180881",24,78.623,0.1864,0.2374,0.1968
"PIKE ISLAND LOCKS & DAM","WV06908","72h","USC00186620",116,80.627,0.1613,0.2177,0.1481
"PIKE ISLAND LOCKS & DAM","WV06908","72h","USC00368249",58,83.119,0.1595,0.1543,0.0618
"PIKE ISLAND LOCKS & DAM","WV06908","72h","USC00368244",76,76.293,0.1656,0.2406,0.162
"PIKE ISLAND LOCKS & DAM","WV06908","72h","USC00368395",32,84.73,0.1678,0.2798,0.1833
"PIKE ISLAND LOCKS & DAM","WV06908","72h","US1MDGR0004",20,90.784,0.1778,0.2054,0.1034
"PIKE ISLAND LOCKS & DAM","WV06908","72h","USC00183795",39,77.535,0.18,0.164,0.0433
"PIKE ISLAND LOCKS & DAM","WV06908","72h","USC00365686",57,78.681,0.174,0.209,0.2203
"PIKE ISLAND LOCKS & DAM","WV06908","72h","USC00365684",22,82.11,0.1934,0.2323,0.2356
"PIKE ISLAND LOCKS & DAM","WV06908","72h","USC00460527",110,87.269,0.1476,0.1797,0.182
"PIKE ISLAND LOCKS & DAM","WV06908","72h","USC00468807",60,89.213,0.1681,0.2241,0.0879
"PIKE ISLAND LOCKS & DAM","WV06908","72h","USC00466293",22,78.973,0.1566,0.3043,0.2054
"PIKE ISLAND LOCKS & DAM","WV06908","72h","USC00361073",20,72.703,0.202,0.2884,0.1694
"PIKE ISLAND LOCKS & DAM","WV06908","72h","USC00462211",25,87.719,0.1285,0.1491,0.0699
"PIKE ISLAND LOCKS & DAM","WV06908","72h","USW00004726",26,82.067,0.2119,0.1317,0.1348
"PIKE ISLAND LOCKS & DAM","WV06908","72h","USC00183415",55,88.561,0.1703,0.3291,0.1901
"PIKE ISLAND LOCKS & DAM","WV06908","72h","USC00183410",68,92.656,0.1599,0.245,0.1864
"PIKE ISLAND LOCKS & DAM","WV06908","72h","USC00460143",29,90.917,0.1453,0.1133,0.1288
"PIKE ISLAND LOCKS & DAM","WV06908","72h","USC00461397",20,83.538,0.1439,0.2652,0.199
"PIKE ISLAND LOCKS & DAM","WV06908","72h","USC00461393",51,83.305,0.1681,0.3222,0.2716
"PIKE ISLAND LOCKS & DAM","WV06908","72h","USC00468536",43,88.111,0.2083,0.2376,0.1901
"PIKE ISLAND LOCKS & DAM","WV06908","72h","USC00462151",51,84.484,0.1672,0.1822,0.1982
"PIKE ISLAND LOCKS & DAM","WV06908","72h","USC00362298",22,74.801,0.1555,0.1688,0.148
"PIKE ISLAND LOCKS & DAM","WV06908","72h","USC00466991",66,99.403,0.1529,0.203,0.2175
"PIKE ISLAND LOCKS & DAM","WV06908","72h","USC00463464",37,88.775,0.1506,0.1832,0.1218
"PIKE ISLAND LOCKS & DAM","WV06908","72h","USC00362466",41,82.204,0.1341,0.1862,0.1649
"APPLEGATE","OR00624","24h","USS0023G15S",45,86.495,0.1874,0.2005,0.0976
"APPLEGATE","OR00624","24h","USS0022G21S",46,80.296,0.1799,0.1081,0.0924
"APPLEGATE","OR00624","24h","USC00046328",37,54.139,0.2065,0.0099,0.1739
"APPLEGATE","OR00624","24h","USC00043987",37,56.628,0.2454,0.1855,0.1353
"APPLEGATE","OR00624","24h","USC00357848",29,62.267,0.1664,-0.0154,0.0378
"APPLEGATE","OR00624","24h","USC00353509",62,50.239,0.2381,0.2757,0.2144
"APPLEGATE","OR00624","24h","USC00043182",44,54.671,0.2006,0.1139,0.1158
"APPLEGATE","OR00624","24h","USC00049866",103,49.385,0.2241,0.1833,0.1549
"APPLEGATE","OR00624","24h","USC00043614",47,63.564,0.2251,0.3079,0.3437
"APPLEGATE","OR00624","24h","USW00024259",29,30.109,0.2394,0.103,0.2021
"APPLEGATE","OR00624","24h","USC00354060",65,56.126,0.2012,0.2089,0.1732
"APPLEGATE","OR00624","24h","USW00024235",69,66.478,0.2159,0.1373,0.1245
"APPLEGATE","OR00624","24h","USC00041990",63,43.774,0.1968,0.1395,0.122
"APPLEGATE","OR00624","24h","USC00351207",41,62.767,0.1891,0.2236,0.0702
"APPLEGATE","OR00624","24h","USS0022G14S",46,56.348,0.1717,0.1178,0.1333
"APPLEGATE","OR00624","24h","USS0023G09S",46,90.791,0.172,0.1042,0.0964
"APPLEGATE","OR00624","24h","USS0022G13S",48,73.066,0.1698,0.1857,0.2607
"APPLEGATE","OR00624","24h","USC00041316",74,57.514,0.2075,0.2684,0.2269
"APPLEGATE","OR00624","24h","USC00048025",37,88.971,0.1732,0.1667,0.0954
"APPLEGATE","OR00624","24h","USS0022G12S",48,81.859,0.1834,0.15,0.156
"APPLEGATE","OR00624","24h","USC00356907",99,63.484,0.1753,0.1912,0.1536
"APPLEGATE","OR00624","24h","USC00049499",32,75.028,0.2136,0.2591,0.2458
"APPLEGATE","OR00624","24h","USS0022G24S",45,71.11,0.2126,0.2043,0.2133
"APPLEGATE","OR00624","24h","USC00041606",35,86.648,0.2312,0.366,0.311
"APPLEGATE","OR00624","24h","USC00045983",65,91.247,0.1692,0.1191,0.1276
"APPLEGATE","OR00624","24h","USW00024215",28,79.298,0.1956,0.0253,0.1779
"APPLEGATE","OR00624","24h","USS0022G33S",46,87.415,0.2145,0.2416,0.1735
"APPLEGATE","OR00624","24h","USC00354506",91,31.772,0.1878,0.1927,0.1528
"APPLEGATE","OR00624","24h","USW00094236",38,28.083,0.1992,0.2869,0.2331
"APPLEGATE","OR00624","24h","USC00351574",33,38.417,0.1771,0.124,0.1184
"APPLEGATE","OR00624","24h","USC00042572",45,109.502,0.155,0.0559,0.1184
"APPLEGATE","OR00624","24h","USC00351571",56,36.307,0.2086,0.2806,0.1833
"APPLEGATE","OR00624","24h","USS0022G06S",26,75.853,0.1729,0.1166,0.1283
"APPLEGATE","OR00624","24h","USC00351946",93,87.063,0.2108,0.4017,0.2641
"APPLEGATE","OR00624","24h","USS0021G17S",20,59.274,0.1463,0.1382,0.0965
"APPLEGATE","OR00624","24h","USC00049053",86,26.127,0.1825,0.1503,0.1077
"APPLEGATE","OR00624","24h","USC00044838",41,40.308,0.234,0.1023,0.1283
"APPLEGATE","OR00624","24h","USC00358007",30,37.667,0.1696,-0.0675,-0.0162
"APPLEGATE","OR00624","24h","USS0022F45S",23,72.119,0.1691,0.1494,0.0492
"APPLEGATE","OR00624","24h","USC00358536",74,64.99,0.1735,0.2266,0.1437
"APPLEGATE","OR00624","24h","USC00049490",60,71.158,0.1704,0.1715,0.1021
"APPLEGATE","OR00624","24h","USS0022F18S",45,66.645,0.2066,0.3528,0.2853
"APPLEGATE","OR00624","72h","USS0023G15S",45,151.623,0.1822,0.1654,0.1169
"APPLEGATE","OR00624","72h","USS0022G21S",46,133.419,0.2039,0.0622,0.0728
"APPLEGATE","OR00624","72h","USC00357848",29,92.025,0.1922,0.0911,0.05
"APPLEGATE","OR00624","72h","USC00043182",44,83.538,0.217,0.0523,0.1128
"APPLEGATE","OR00624","72h","USC00043614",47,94.344,0.239,0.2064,0.2303
"APPLEGATE","OR00624","72h","USW00024259",29,40.227,0.2629,0.2012,0.1677
"APPLEGATE","OR00624","72h","USC00354060",65,88.222,0.1948,0.1576,0.1801
"APPLEGATE","OR00624","72h","USC00041990",63,65.259,0.2021,0.1484,0.0977
"APPLEGATE","OR00624","72h","USC00351207",41,98.438,0.2029,0.1561,0.1765
"APPLEGATE","OR00624","72h","USC00352928",30,91.608,0.1529,0.1223,0.1509
"APPLEGATE","OR00624","72h","USS0023G09S",46,145.555,0.1722,0.0454,0.0792
"APPLEGATE","OR00624","72h","USS0022G13S",48,118.311,0.1685,0.1919,0.1654
"APPLEGATE","OR00624","72h","USC00041316",74,83.795,0.2266,0.2539,0.1698
"APPLEGATE","OR00624","72h","USC00048025",37,146.936,0.1917,0.0789,0.0806
"APPLEGATE","OR00624","72h","USS0022G12S",48,128.512,0.1768,0.1838,0.1149
"APPLEGATE","OR00624","72h","USC00356907",99,105.237,0.1945,0.1664,0.1424
"APPLEGATE","OR00624","72h","USC00049499",32,109.164,0.2498,0.2081,0.1474
"APPLEGATE","OR00624","72h","USS0022G24S",45,119.182,0.1881,0.2236,0.1917
"APPLEGATE","OR00624","72h","USC00041606",35,133.977,0.2169,0.1004,0.0818
"APPLEGATE","OR00624","72h","USC00045983",65,149.101,0.2077,0.1316,0.1632
"APPLEGATE","OR00624","72h","USW00024215",28,121.088,0.1958,0.0453,0.1618
"APPLEGATE","OR00624","72h","USS0022G33S",46,138.358,0.1779,0.328,0.2609
"APPLEGATE","OR00624","72h","USC00354506",91,45.538,0.1903,0.2128,0.2111
"APPLEGATE","OR00624","72h","USW00094236",38,38.969,0.2267,0.267,0.2652
"APPLEGATE","OR00624","72h","USC00351574",33,55.711,0.1763,0.0168,0.0982
"APPLEGATE","OR00624","72h","USC00042572",45,193.757,0.157,0.0257,0.071
"APPLEGATE","OR00624","72h","USC00351571",56,53.126,0.2234,0.2738,0.2005
"APPLEGATE","OR00624","72h","USC00042574",44,191.468,0.1931,0.1002,0.182
"APPLEGATE","OR00624","72h","USS0022G06S",26,130.513,0.1569,-0.0076,0.0783
"APPLEGATE","OR00624","72h","USC00045449",76,164.747,0.1775,0.1133,0.125
"APPLEGATE","OR00624","72h","USS0021G17S",20,92.37,0.1598,0.0912,0.1917
"APPLEGATE","OR00624","72h","USC00049053",86,34.364,0.2065,0.205,0.1757
"APPLEGATE","OR00624","72h","USC00358007",30,55.143,0.191,0.0929,0.0967
"APPLEGATE","OR00624","72h","USS0022F45S",23,119.888,0.1679,0.0567,0.0981
"APPLEGATE","OR00624","72h","USC00041215",26,136.142,0.1841,0.247,0.2622
"APPLEGATE","OR00624","72h","USC00358536",74,105.408,0.1791,0.1776,0.1753
"APPLEGATE","OR00624","72h","USC00049490",60,114.632,0.1878,0.1477,0.1067
"APPLEGATE","OR00624","72h","USC00355174",26,37.765,0.157,0.1505,0.1825
"APPLEGATE","OR00624","72h","USS0022F18S",45,108.486,0.1806,0.1279,0.2069
"RIDGWAY","CO02706","24h","USC00057020",38,30.046,0.1696,0.2108,0.1295
"RIDGWAY","CO02706","24h","USC00056203",60,33.186,0.1721,0.1606,0.1597
"RIDGWAY","CO02706","24h","US1COMT0015",22,23.016,0.1523,0.1142,0.0845
"RIDGWAY","CO02706","24h","US1COMT0013",21,22.406,0.165,0.0668,0.1924
"RIDGWAY","CO02706","24h","USC00055717",71,24.96,0.1706,0.1419,0.1814
"RIDGWAY","CO02706","24h","USC00055722",116,24.771,0.168,0.1644,0.173
"RIDGWAY","CO02706","24h","USW00003060",22,30.638,0.1566,-0.0473,0.222
"RIDGWAY","CO02706","24h","USC00050754",22,33.35,0.1537,0.2666,0.244
"RIDGWAY","CO02706","24h","USC00056012",72,32.392,0.1869,0.2066,0.1564
"RIDGWAY","CO02706","24h","USC00050797",49,23.11,0.2228,0.3287,0.2983
"RIDGWAY","CO02706","24h","USC00052196",24,23.367,0.2254,0.1608,0.0813
"RIDGWAY","CO02706","24h","USC00056306",83,30.047,0.1598,0.1718,0.1208
"RIDGWAY","CO02706","24h","USC00051440",80,27.948,0.1926,0.1789,0.196
"RIDGWAY","CO02706","24h","USC00053662",99,23.868,0.2115,0.2651,0.2168
"RIDGWAY","CO02706","24h","USC00058154",53,41.949,0.1741,0.1537,0.114
"RIDGWAY","CO02706","24h","USC00058560",57,27.467,0.186,0.2036,0.1842
"RIDGWAY","CO02706","24h","USC00051713",84,23.507,0.1742,0.2149,0.1971
"RIDGWAY","CO02706","24h","USC00054934",42,51.652,0.1566,0.1663,0.2016
"RIDGWAY","CO02706","24h","USC00058582",76,50.783,0.1595,0.1539,0.1386
"RIDGWAY","CO02706","24h","US1COMZ0030",22,35.934,0.1215,0.2318,0.2308
"RIDGWAY","CO02706","24h","US1COLP0098",20,43.302,0.2154,0.1028,0.0352
"RIDGWAY","CO02706","24h","USC00056271",25,40.544,0.1771,0.2012,0.3113
"RIDGWAY","CO02706","24h","USC00056315",26,31.384,0.1742,0.2574,0.1763
"RIDGWAY","CO02706","24h","USC00052441",22,45.092,0.1795,0.166,0.0868
"RIDGWAY","CO02706","24h","USC00052432",94,40.904,0.1832,0.2033,0.1516
"RIDGWAY","CO02706","24h","USC00052326",65,40.054,0.1499,0.0388,0.0791
"RIDGWAY","CO02706","24h","US1COLP0022",23,40.012,0.1988,0.062,0.0296
"RIDGWAY","CO02706","24h","USC00053489",52,22.389,0.1636,0.0723,0.1392
"RIDGWAY","CO02706","24h","USC00056266",97,25.712,0.1881,0.2206,0.1665
"RIDGWAY","CO02706","24h","USC00055327",83,33.961,0.1485,0.1463,0.1797
"RIDGWAY","CO02706","24h","USC00051741",93,29.551,0.1674,0.2034,0.1943
"RIDGWAY","CO02706","24h","USC00053016",93,38.188,0.1883,0.1361,0.123
"RIDGWAY","CO02706","24h","USC00053246",71,29.356,0.2105,0.2934,0.2034
"RIDGWAY","CO02706","24h","USC00057460",65,28.33,0.1942,0.19,0.1085
"RIDGWAY","CO02706","24h","USC00059275",51,37.999,0.1884,0.2639,0.2227
"RIDGWAY","CO02706","24h","USC00055970",75,31.581,0.2035,0.2252,0.2258
"RIDGWAY","CO02706","24h","USW00023066",126,23.05,0.1951,0.1594,0.1687
"RIDGWAY","CO02706","72h","USC00057020",38,42.937,0.19,0.2264,0.2712
"RIDGWAY","CO02706","72h","USC00056203",60,45.011,0.1722,0.1201,0.1417
"RIDGWAY","CO02706","72h","US1COMT0015",22,28.611,0.1535,0.105,0.1529
"RIDGWAY","CO02706","72h","US1COMT0013",21,27.81,0.1674,0.1344,0.2451
"RIDGWAY","CO02706","72h","USC00051609",70,37.577,0.194,0.2303,0.2061
"RIDGWAY","CO02706","72h","USC00055717",71,30.469,0.1716,0.1544,0.1484
"RIDGWAY","CO02706","72h","USC00055722",116,30.221,0.169,0.1549,0.1506
"RIDGWAY","CO02706","72h","USW00093013",28,24.852,0.222,0.0015,0.1776
"RIDGWAY","CO02706","72h","USC00050754",22,45.283,0.1493,-0.1025,0.1139
"RIDGWAY","CO02706","72h","USC00056012",72,41.788,0.1653,0.1831,0.1687
"RIDGWAY","CO02706","72h","USC00050797",49,27.442,0.1979,0.2172,0.2172
"RIDGWAY","CO02706","72h","USC00052196",24,26.458,0.195,0.0987,0.1841
"RIDGWAY","CO02706","72h","USC00052192",89,30.401,0.2299,0.2982,0.2624
"RIDGWAY","CO02706","72h","USC00056306",83,39.598,0.1597,0.141,0.1465
"RIDGWAY","CO02706","72h","USC00056307",22,34.482,0.1586,0.2188,0.0963
"RIDGWAY","CO02706","72h","USC00051440",80,36.719,0.1932,0.1678,0.1002
"RIDGWAY","CO02706","72h","USC00053662",99,29.783,0.1819,0.1566,0.1642
"RIDGWAY","CO02706","72h","USC00058154",53,58.928,0.1591,0.0992,0.1296
"RIDGWAY","CO02706","72h","USC00058560",57,36.448,0.1767,0.1625,0.1808
"RIDGWAY","CO02706","72h","USC00051713",84,31.123,0.1723,0.2425,0.194
"RIDGWAY","CO02706","72h","USC00054934",42,71.575,0.1433,0.0692,0.1515
"RIDGWAY","CO02706","72h","USC00058582",76,69.671,0.1686,0.0907,0.1707
"RIDGWAY","CO02706","72h","US1COLP0098",20,56.877,0.1945,0.1341,0.1832
"RIDGWAY","CO02706","72h","USC00056271",25,60.51,0.2037,0.1667,0.284
"RIDGWAY","CO02706","72h","USC00056315",26,39.223,0.1817,0.188,0.1725
"RIDGWAY","CO02706","72h","USC00052441",22,61.805,0.1256,0.3597,0.195
"RIDGWAY","CO02706","72h","USC00052432",94,55.526,0.1703,0.1869,0.2074
"RIDGWAY","CO02706","72h","USC00052326",65,54.455,0.1668,0.1968,0.2366
"RIDGWAY","CO02706","72h","US1COLP0022",23,54.966,0.1723,0.166,0.217
"RIDGWAY","CO02706","72h","USC00053489",52,27.247,0.1784,0.1834,0.1253
"RIDGWAY","CO02706","72h","USC00056266",97,32.12,0.1943,0.2293,0.1366
"RIDGWAY","CO02706","72h","USC00055327",83,44.348,0.1378,0.0365,0.2009
"RIDGWAY","CO02706","72h","USC00051743",24,35.213,0.1253,0.2838,0.2443
"RIDGWAY","CO02706","72h","USC00051741",93,36.793,0.1611,0.1396,0.2013
"RIDGWAY","CO02706","72h","USC00053016",93,51.632,0.1804,0.1546,0.1378
"RIDGWAY","CO02706","72h","USC00053246",71,35.692,0.2033,0.2487,0.1765
"RIDGWAY","CO02706","72h","USC00057460",65,37.828,0.1927,0.1828,0.1283
"RIDGWAY","CO02706","72h","USC00059275",51,47.065,0.1717,0.2831,0.1436
"RIDGWAY","CO02706","72h","USC00055970",75,39.46,0.2013,0.1722,0.1749
"RIDGWAY","CO02706","72h","USW00023066",126,28.174,0.191,0.185,0.2041
"DIABLO","WA00170","24h","USS0021A01S",24,94.002,0.164,0.0892,0.2464
"DIABLO","WA00170","24h","USS0020A07S",37,102.247,0.1879,0.1429,0.2637
"DIABLO","WA00170","24h","USS0020A41S",27,72.395,0.1894,0.0485,0.1478
"DIABLO","WA00170","24h","USS0020A05S",43,69.763,0.1831,0.1188,0.2022
"DIABLO","WA00170","24h","USS0020A12S",47,97.531,0.1602,0.1922,0.1901
"DIABLO","WA00170","24h","USS0020A09S",45,84.582,0.1738,-0.0335,0.1188
"DIABLO","WA00170","24h","USS0021A31S",31,82.118,0.1669,0.0479,0.0593
"DIABLO","WA00170","24h","USS0021A32S",31,154.901,0.1358,-0.0485,0.1974
"DIABLO","WA00170","24h","USS0021A36S",24,118.405,0.1947,0.0411,0.058
"DIABLO","WA00170","24h","USS0020A23S",44,88.127,0.168,0.1996,0.2463
"DIABLO","WA00170","24h","CA001113581",45,66.467,0.1955,0.3048,0.1371
"DIABLO","WA00170","24h","USC00453730",55,68.398,0.2155,0.3307,0.2413
"DIABLO","WA00170","24h","USC00453410",23,35.104,0.2158,0.2258,0.1196
"DIABLO","WA00170","24h","USC00458115",49,37.302,0.1907,0.1652,0.1376
"DIABLO","WA00170","24h","USC00451426",20,90.038,0.1293,0.0992,0.2383
"DIABLO","WA00170","24h","CA001126505",42,25.46,0.2016,0.1833,0.1394
"DIABLO","WA00170","24h","USS0020B24S",44,62.029,0.2131,0.2721,0.1754
"DIABLO","WA00170","24h","CA001126510",84,28.126,0.1825,0.1261,0.1043
"DIABLO","WA00170","24h","USS0019A02S",43,38.706,0.1828,0.0259,0.0888
"DIABLO","WA00170","24h","USC00454446",44,70.15,0.2359,0.1946,0.13
"DIABLO","WA00170","24h","USC00451666",79,34.109,0.1976,0.274,0.2031
"DIABLO","WA00170","24h","CA001123390",40,35.055,0.1581,0.247,0.1233
"DIABLO","WA00170","24h","USS0021B01S",44,121.008,0.1731,0.2708,0.2362
"DIABLO","WA00170","24h","USC00458089",32,103.162,0.2024,0.209,0.188
"DIABLO","WA00170","24h","USC00454600",23,32.623,0.171,0.2276,0.1379
"DIABLO","WA00170","24h","USS0021B48S",31,164.623,0.1431,0.0644,0.1096
"DIABLO","WA00170","24h","USC00457379",38,101.218,0.1838,0.2281,0.1448
"DIABLO","WA00170","24h","CA001123721",28,29.989,0.1797,0.0608,0.0304
"DIABLO","WA00170","24h","USC00458508",55,89.685,0.1568,0.2194,0.1657
"DIABLO","WA00170","24h","USS0021B60S",30,166.942,0.1734,0.185,0.2066
"DIABLO","WA00170","24h","CA001125880",25,36.974,0.2287,0.2623,0.2671
"DIABLO","WA00170","24h","USS0021B04S",43,85.57,0.173,0.1393,0.1322
"DIABLO","WA00170","24h","CA001124260",32,26.94,0.1866,0.2125,0.1431
"DIABLO","WA00170","24h","USC00459012",104,27.416,0.1945,0.2185,0.1799
"DIABLO","WA00170","24h","USC00457781",38,105.563,0.148,0.2145,0.1005
"DIABLO","WA00170","24h","USS0021B51S",42,83.585,0.2246,0.2082,0.1623
"DIABLO","WA00170","24h","USC00454971",48,24.982,0.1663,0.3169,0.2215
"DIABLO","WA00170","24h","CA001126077",25,29.922,0.1836,0.2374,0.1203
"DIABLO","WA00170","24h","USS0021B55S",45,145.494,0.1867,0.1455,0.1656
"DIABLO","WA00170","24h","USC00452175",25,27.54,0.1426,0.0924,0.1609
"DIABLO","WA00170","24h","USC00451381",30,27.662,0.2454,0.3259,0.1322
"DIABLO","WA00170","24h","USS0021B21S",33,107.497,0.1688,0.1434,0.1703
"DIABLO","WA00170","24h","CA001125079",50,24.779,0.1701,0.1955,0.1488
"DIABLO","WA00170","24h","USS0020B02S",45,59.767,0.2407,0.2864,0.1822
"DIABLO","WA00170","24h","USS0021B20S",33,114.202,0.1916,0.136,0.1173
"DIABLO","WA00170","24h","USS0019A13S",35,43.211,0.1612,0.0273,0.18
"DIABLO","WA00170","24h","USC00454414",64,89.45,0.1683,0.1514,0.0787
"DIABLO","WA00170","24h","CA001105658",27,127.514,0.1692,0.124,0.1828
"DIABLO","WA00170","24h","CA001121620",28,34.154,0.1955,0.2161,0.2676
"DIABLO","WA00170","24h","USC00454807",27,27.476,0.1972,0.1951,0.1262
"DIABLO","WA00170","72h","USS0021A01S",24,152.62,0.1504,-0.0626,0.1796
"DIABLO","WA00170","72h","USS0020A07S",37,161.15,0.1844,0.1667,0.2742
"DIABLO","WA00170","72h","USS0020A41S",27,109.581,0.1856,0.0542,0.1944
"DIABLO","WA00170","72h","USS0020A05S",43,106.109,0.213,0.1805,0.1478
"DIABLO","WA00170","72h","USS0020A12S",47,142.666,0.1405,0.0526,0.1314
"DIABLO","WA00170","72h","USS0020A09S",45,133.774,0.1694,0.0174,0.1034
"DIABLO","WA00170","72h","USS0021A31S",31,133.172,0.1361,0.0281,0.221
"DIABLO","WA00170","72h","USC00455133",57,64.467,0.2236,0.2218,0.1174
"DIABLO","WA00170","72h","USS0021A32S",31,255.214,0.1494,0.0369,0.2138
"DIABLO","WA00170","72h","USS0021A36S",24,187.615,0.1723,0.1332,0.2703
"DIABLO","WA00170","72h","USS0020A23S",44,141.047,0.1502,0.1505,0.2852
"DIABLO","WA00170","72h","CA001113581",45,100.086,0.1958,0.2799,0.1462
"DIABLO","WA00170","72h","USC00453730",55,103.655,0.1944,0.2865,0.2117
"DIABLO","WA00170","72h","USC00453410",23,45.262,0.237,0.2718,0.1147
"DIABLO","WA00170","72h","USC00458115",49,48.618,0.1998,0.2333,0.1223
"DIABLO","WA00170","72h","USC00451426",20,144.071,0.1895,0.1722,0.1046
"DIABLO","WA00170","72h","CA001126505",42,33.831,0.1869,0.1196,0.1411
"DIABLO","WA00170","72h","USS0020B24S",44,95.118,0.206,0.2628,0.2534
"DIABLO","WA00170","72h","CA001126510",84,36.7,0.1759,0.1357,0.0955
"DIABLO","WA00170","72h","USS0019A02S",43,53.098,0.1916,0.1042,0.2246
"DIABLO","WA00170","72h","USC00451666",79,44.332,0.1966,0.2507,0.181
"DIABLO","WA00170","72h","CA001123390",40,46.067,0.1943,0.2893,0.2568
"DIABLO","WA00170","72h","USS0021B01S",44,189.445,0.1674,0.2431,0.2743
"DIABLO","WA00170","72h","USC00458089",32,161.337,0.219,0.2276,0.1748
"DIABLO","WA00170","72h","USC00454600",23,46.234,0.1847,0.2812,0.1507
"DIABLO","WA00170","72h","USS0021B48S",31,258.912,0.1456,0.169,0.2977
"DIABLO","WA00170","72h","USC00457379",38,163.689,0.1725,0.0187,0.0667
"DIABLO","WA00170","72h","CA001123721",28,39.821,0.1536,0.0402,0.1245
"DIABLO","WA00170","72h","USC00458508",55,151.728,0.1446,0.1018,0.0741
"DIABLO","WA00170","72h","USS0021B60S",30,256.889,0.1759,0.2182,0.2726
"DIABLO","WA00170","72h","USS0021B04S",43,136.77,0.1689,0.1618,0.234
"DIABLO","WA00170","72h","CA001124260",32,37.035,0.1819,0.1481,0.1739
"DIABLO","WA00170","72h","USC00459012",104,34.284,0.1928,0.186,0.14
"DIABLO","WA00170","72h","USC00457781",38,177.754,0.1483,0.1461,0.1296
"DIABLO","WA00170","72h","USS0021B51S",42,131.445,0.1843,0.1771,0.1447
"DIABLO","WA00170","72h","USC00454971",48,30.967,0.1606,0.2604,0.1508
"DIABLO","WA00170","72h","CA001126077",25,42.349,0.1653,0.1364,0.0703
"DIABLO","WA00170","72h","USS0021B55S",45,238.129,0.1624,0.1259,0.2256
"DIABLO","WA00170","72h","USC00452175",25,36.161,0.1887,0.222,0.2404
"DIABLO","WA00170","72h","USC00451385",23,35.504,0.2,0.4043,0.2987
"DIABLO","WA00170","72h","USC00451381",30,33.207,0.2436,0.2899,0.115
"DIABLO","WA00170","72h","USS0021B21S",33,180.756,0.1801,0.1433,0.149
"DIABLO","WA00170","72h","CA001125079",50,33.016,0.1867,0.2284,0.1541
"DIABLO","WA00170","72h","USS0020B02S",45,87.733,0.2138,0.2171,0.1545
"DIABLO","WA00170","72h","USS0021B20S",33,192.501,0.1966,0.183,0.1578
"DIABLO","WA00170","72h","USS0019A13S",35,62.636,0.1692,0.1562,0.101
"DIABLO","WA00170","72h","USC00454414",64,142.003,0.1663,0.1412,0.0911
"DIABLO","WA00170","72h","CA001105658",27,202.406,0.1763,0.1955,0.1565
"DIABLO","WA00170","72h","CA001121620",28,45.975,0.1681,0.3148,0.3249
"DIABLO","WA00170","72h","USC00454807",27,35.134,0.1396,-0.0234,0.012
"ANDERSON","CA00294","24h","USC00045933",74,57.546,0.2281,0.2889,0.2879
"ANDERSON","CA00294","24h","USC00045125",22,144.435,0.2389,0.1533,0.1169
"ANDERSON","CA00294","24h","USC00040850",41,92.087,0.1859,0.1494,0.1714
"ANDERSON","CA00294","24h","USC00048273",29,98.037,0.1959,-0.0483,0.0953
"ANDERSON","CA00294","24h","USC00045915",73,69.667,0.2502,0.2194,0.125
"ANDERSON","CA00294","24h","USC00043925",36,53.772,0.1736,0.1414,0.1208
"ANDERSON","CA00294","24h","USC00044204",47,55.219,0.1728,0.0572,0.1056
"ANDERSON","CA00294","24h","USC00047150",97,63.406,0.1942,0.1984,0.2486
"ANDERSON","CA00294","24h","USC00043669",27,87.516,0.2218,0.0803,0.2554
"ANDERSON","CA00294","24h","USC00042539",62,91.689,0.1856,0.173,0.2458
"ANDERSON","CA00294","24h","USC00045346",65,82.09,0.1969,0.3075,0.2235
"ANDERSON","CA00294","24h","USC00043672",48,93.265,0.1863,0.1741,0.1389
"ANDERSON","CA00294","24h","USC00049583",21,81.995,0.2011,0.1784,0.2703
"ANDERSON","CA00294","24h","USC00049582",67,90.786,0.1897,0.1568,0.1344
"ANDERSON","CA00294","24h","USC00041277",85,118.413,0.1852,0.2095,0.1331
"ANDERSON","CA00294","24h","USC00041878",25,70.485,0.2128,0.3006,0.1931
"ANDERSON","CA00294","24h","USC00043038",76,81.045,0.1934,0.2516,0.1753
"ANDERSON","CA00294","24h","USC00048928",80,103.113,0.1912,0.2306,0.1064
"ANDERSON","CA00294","72h","USC00045933",74,86.925,0.2187,0.2012,0.1939
"ANDERSON","CA00294","72h","USC00045125",22,230.266,0.2434,0.2469,0.2409
"ANDERSON","CA00294","72h","USC00040850",41,145.624,0.2279,0.2182,0.0961
"ANDERSON","CA00294","72h","USC00048273",29,152.131,0.1844,0.0232,0.2218
"ANDERSON","CA00294","72h","USC00045915",73,102.472,0.2576,0.2588,0.1624
"ANDERSON","CA00294","72h","USC00043925",36,78.188,0.1931,0.1423,0.2109
"ANDERSON","CA00294","72h","USC00044204",47,78.129,0.2165,0.1255,0.1453
"ANDERSON","CA00294","72h","USC00047150",97,95.647,0.1957,0.075,0.1557
"ANDERSON","CA00294","72h","USC00042539",62,146.187,0.2399,0.1997,0.2309
"ANDERSON","CA00294","72h","USC00045346",65,129.086,0.2231,0.2779,0.2408
"ANDERSON","CA00294","72h","USC00043672",48,145.129,0.2412,0.22,0.2288
"ANDERSON","CA00294","72h","USC00049583",21,143.401,0.2495,0.2108,0.1397
"ANDERSON","CA00294","72h","USC00049582",67,137.488,0.2127,0.0694,0.0257
"ANDERSON","CA00294","72h","USC00041277",85,199.845,0.221,0.28,0.2002
"ANDERSON","CA00294","72h","USC00041878",25,101.986,0.2232,0.218,0.1144
"ANDERSON","CA00294","72h","USC00043038",76,126.984,0.2135,0.1503,0.155
"ANDERSON","CA00294","72h","USC00048928",80,164.295,0.2366,0.2888,0.1555
