NID fleet: 73303 total | 3 done | 73300 remaining.
This tranche: 150 facilities (largest remaining by storage first).

=========================== DATA REVIEW REQUIRED ===========================
 Weather source (GHCN-Daily) AND the dam inventory (facility coordinates,
 ownership, elevations) are UNVERIFIED and must be reviewed before any
 engineering use. The bundled BOR manifest derives from a third-party NID
 mirror (vintage ~2013) and carries NO ground elevations. See DATA_SOURCES.md.
============================================================================

Generated 150 facility configs in ./config/facilities.
Pre-warming shared GHCN inventory cache from MT00025.yml ...
  inventory ready: 130421 PRCP stations cached.
Prefetching 1984 unique stations across 150 facilities on 4 core(s) ...
Prefetch complete: 1984/1984 stations cached under data/raw/ghcn/by_station.
Running 150 facilities on 4 core(s).
[2026-08-11 13:14:46] === GRAND COULEE : 2026-08-11T13:14:46 ===
[2026-08-11 13:14:46] === LOCK & DAM #3 : 2026-08-11T13:14:46 ===
[2026-08-11 13:14:46] === FORT PECK DAM : 2026-08-11T13:14:46 ===
[2026-08-11 13:14:46] === PUMPING STATION NO. 2 : 2026-08-11T13:14:46 ===
GHCN download unavailable; falling back to SYNTHETIC demo data.
Generating SYNTHETIC demo data (offline) for MN00595 at (44.61, -92.61).
GHCN download unavailable; falling back to SYNTHETIC demo data.
Generating SYNTHETIC demo data (offline) for FL00324 at (26.7, -80.7099).
Demo data written for 17 stations to ./data/synthetic/MN00595 (SYNTHETIC — not real observations).
Demo data written for 17 stations to ./data/synthetic/FL00324 (SYNTHETIC — not real observations).
GHCN: 60 stations acquired (cache data/raw/ghcn/by_station).
[2026-08-11 13:14:52] Acquired data: 16 candidate stations after region filter; 2 durations.
[2026-08-11 13:14:52] --- Duration 24h ---
[2026-08-11 13:14:52] OK  - no NA/Inf in at-site L-moments
[2026-08-11 13:14:52] Computed at-site L-moments for 15 stations.
[2026-08-11 13:14:52] Discordancy screening: Dcrit=3.000, removed 0 of 15 sites.
[2026-08-11 13:14:52] OK  - at least 5 stations remain after discordancy screening
[2026-08-11 13:14:52] Homogeneity iter 0: n=15, H1=0.065
[2026-08-11 13:14:52] Acquired data: 16 candidate stations after region filter; 2 durations.
[2026-08-11 13:14:52] --- Duration 24h ---
[2026-08-11 13:14:52] OK  - heterogeneity H1 computed and finite
[2026-08-11 13:14:52] Final region: n=15, H1=0.015 (homogeneous)
[2026-08-11 13:14:52] OK  - no NA/Inf in at-site L-moments
[2026-08-11 13:14:52] Computed at-site L-moments for 15 stations.
[2026-08-11 13:14:52] OK  - goodness-of-fit Z reported for every candidate distribution
[2026-08-11 13:14:52] Distribution [24h]: GNO via auto (|Z|=0.360).
[2026-08-11 13:14:52] Discordancy screening: Dcrit=3.000, removed 0 of 15 sites.
[2026-08-11 13:14:52] OK  - at least 5 stations remain after discordancy screening
[2026-08-11 13:14:52] OK  - regional growth curve q(F) is monotone non-decreasing
[2026-08-11 13:14:52] OK  - growth factors are all positive
[2026-08-11 13:14:52] OK  - quantile depths are all positive
[2026-08-11 13:14:52] Estimation: GNO fitted; index flood = 49.92 mm; q(1e-4/AEP)=3.051.
[2026-08-11 13:14:52] Homogeneity iter 0: n=15, H1=0.065
[2026-08-11 13:14:52] OK  - heterogeneity H1 computed and finite
[2026-08-11 13:14:52] Final region: n=15, H1=0.015 (homogeneous)
[2026-08-11 13:14:52] OK  - goodness-of-fit Z reported for every candidate distribution
[2026-08-11 13:14:52] Distribution [24h]: GNO via auto (|Z|=0.360).
[2026-08-11 13:14:52] OK  - regional growth curve q(F) is monotone non-decreasing
[2026-08-11 13:14:52] OK  - growth factors are all positive
[2026-08-11 13:14:52] OK  - quantile depths are all positive
[2026-08-11 13:14:52] Estimation: GNO fitted; index flood = 49.92 mm; q(1e-4/AEP)=3.051.
[2026-08-11 13:14:53] Uncertainty: 500-rep bootstrap; 10,000-yr rel-RMSE=0.068, 90% band [134.3, 166.8] mm.
[2026-08-11 13:14:53] Uncertainty: 500-rep bootstrap; 10,000-yr rel-RMSE=0.068, 90% band [134.3, 166.8] mm.
[2026-08-11 13:14:53] Plots written for 24h: ratio diagram, growth-curve fit, DDF.
[2026-08-11 13:14:53] OK  - station counts reconcile (candidates 17 = used 15 + removed 2)
[2026-08-11 13:14:53] --- Duration 72h ---
[2026-08-11 13:14:53] OK  - no NA/Inf in at-site L-moments
[2026-08-11 13:14:53] Computed at-site L-moments for 15 stations.
[2026-08-11 13:14:53] Discordancy screening: Dcrit=3.000, removed 0 of 15 sites.
[2026-08-11 13:14:53] OK  - at least 5 stations remain after discordancy screening
[2026-08-11 13:14:53] Homogeneity iter 0: n=15, H1=-0.277
[2026-08-11 13:14:53] OK  - heterogeneity H1 computed and finite
[2026-08-11 13:14:53] Final region: n=15, H1=-0.310 (homogeneous)
[2026-08-11 13:14:53] OK  - goodness-of-fit Z reported for every candidate distribution
[2026-08-11 13:14:53] Distribution [72h]: PE3 via auto (|Z|=0.236).
[2026-08-11 13:14:53] OK  - regional growth curve q(F) is monotone non-decreasing
[2026-08-11 13:14:53] OK  - growth factors are all positive
[2026-08-11 13:14:53] OK  - quantile depths are all positive
[2026-08-11 13:14:53] Estimation: PE3 fitted; index flood = 55.29 mm; q(1e-4/AEP)=2.606.
[2026-08-11 13:14:53] Plots written for 24h: ratio diagram, growth-curve fit, DDF.
[2026-08-11 13:14:53] OK  - station counts reconcile (candidates 17 = used 15 + removed 2)
[2026-08-11 13:14:53] --- Duration 72h ---
[2026-08-11 13:14:53] OK  - no NA/Inf in at-site L-moments
[2026-08-11 13:14:53] Computed at-site L-moments for 15 stations.
[2026-08-11 13:14:53] Discordancy screening: Dcrit=3.000, removed 0 of 15 sites.
[2026-08-11 13:14:53] OK  - at least 5 stations remain after discordancy screening
[2026-08-11 13:14:53] Homogeneity iter 0: n=15, H1=-0.277
[2026-08-11 13:14:53] OK  - heterogeneity H1 computed and finite
[2026-08-11 13:14:53] Final region: n=15, H1=-0.310 (homogeneous)
[2026-08-11 13:14:53] OK  - goodness-of-fit Z reported for every candidate distribution
[2026-08-11 13:14:53] Distribution [72h]: PE3 via auto (|Z|=0.236).
[2026-08-11 13:14:53] OK  - regional growth curve q(F) is monotone non-decreasing
[2026-08-11 13:14:53] OK  - growth factors are all positive
[2026-08-11 13:14:53] OK  - quantile depths are all positive
[2026-08-11 13:14:53] Estimation: PE3 fitted; index flood = 55.29 mm; q(1e-4/AEP)=2.606.
[2026-08-11 13:14:54] Uncertainty: 500-rep bootstrap; 10,000-yr rel-RMSE=0.042, 90% band [133.3, 152.9] mm.
[2026-08-11 13:14:54] Uncertainty: 500-rep bootstrap; 10,000-yr rel-RMSE=0.042, 90% band [133.3, 152.9] mm.
[2026-08-11 13:14:54] Plots written for 72h: ratio diagram, growth-curve fit, DDF.
[2026-08-11 13:14:54] OK  - station counts reconcile (candidates 17 = used 15 + removed 2)
[2026-08-11 13:14:54] Plots written for 72h: ratio diagram, growth-curve fit, DDF.
[2026-08-11 13:14:54] OK  - station counts reconcile (candidates 17 = used 15 + removed 2)
GHCN: 60 stations acquired (cache data/raw/ghcn/by_station).
[2026-08-11 13:14:56] Region map written: ./outputs/figures/FL00324_region_map.png
[2026-08-11 13:14:56] Wrote 14 deliverable tables to ./outputs/tables.
[2026-08-11 13:14:56] Region map written: ./outputs/figures/MN00595_region_map.png
[2026-08-11 13:14:56] Wrote 14 deliverable tables to ./outputs/tables.
[2026-08-11 13:14:56] Audit report written: ./outputs/report_FL00324.html

DONE. Headline results:
                    site duration return_period_yr   AEP depth_mm depth_lo_mm
6  PUMPING STATION NO. 2      24h              100 1e-02    95.66       90.65
9  PUMPING STATION NO. 2      24h             1000 1e-03   123.07      112.38
12 PUMPING STATION NO. 2      24h            10000 1e-04   152.30      134.29
18 PUMPING STATION NO. 2      72h              100 1e-02   100.75       96.70
21 PUMPING STATION NO. 2      72h             1000 1e-03   123.07      115.82
24 PUMPING STATION NO. 2      72h            10000 1e-04   144.07      133.33
   depth_hi_mm rel_rmse
6        99.60    0.029
9       131.63    0.049
12      166.76    0.068
18      104.09    0.023
21      129.14    0.034
24      152.85    0.042

Report: ./outputs/report_FL00324.html
[2026-08-11 13:14:56] Audit report written: ./outputs/report_MN00595.html

DONE. Headline results:
            site duration return_period_yr   AEP depth_mm depth_lo_mm
6  LOCK & DAM #3      24h              100 1e-02    95.66       90.65
9  LOCK & DAM #3      24h             1000 1e-03   123.07      112.38
12 LOCK & DAM #3      24h            10000 1e-04   152.30      134.29
18 LOCK & DAM #3      72h              100 1e-02   100.75       96.70
21 LOCK & DAM #3      72h             1000 1e-03   123.07      115.82
24 LOCK & DAM #3      72h            10000 1e-04   144.07      133.33
   depth_hi_mm rel_rmse
6        99.60    0.029
9       131.63    0.049
12      166.76    0.068
18      104.09    0.023
21      129.14    0.034
24      152.85    0.042

Report: ./outputs/report_MN00595.html
[2026-08-11 13:14:57] === PUMPING STATION 131 AND LOCK : 2026-08-11T13:14:57 ===
[2026-08-11 13:14:57] === PUMPING STATION NO. 3 : 2026-08-11T13:14:57 ===
GHCN download unavailable; falling back to SYNTHETIC demo data.
Generating SYNTHETIC demo data (offline) for FL00302 at (26.9699, -81.0899).
GHCN download unavailable; falling back to SYNTHETIC demo data.
Generating SYNTHETIC demo data (offline) for FL00327 at (26.69, -80.8).
Demo data written for 17 stations to ./data/synthetic/FL00302 (SYNTHETIC — not real observations).
Demo data written for 17 stations to ./data/synthetic/FL00327 (SYNTHETIC — not real observations).
[2026-08-11 13:15:02] Acquired data: 16 candidate stations after region filter; 2 durations.
[2026-08-11 13:15:02] --- Duration 24h ---
[2026-08-11 13:15:02] Acquired data: 16 candidate stations after region filter; 2 durations.
[2026-08-11 13:15:02] --- Duration 24h ---
[2026-08-11 13:15:02] OK  - no NA/Inf in at-site L-moments
[2026-08-11 13:15:02] Computed at-site L-moments for 15 stations.
[2026-08-11 13:15:02] OK  - no NA/Inf in at-site L-moments
[2026-08-11 13:15:02] Computed at-site L-moments for 15 stations.
[2026-08-11 13:15:02] Discordancy screening: Dcrit=3.000, removed 0 of 15 sites.
[2026-08-11 13:15:02] OK  - at least 5 stations remain after discordancy screening
[2026-08-11 13:15:02] Discordancy screening: Dcrit=3.000, removed 0 of 15 sites.
[2026-08-11 13:15:02] OK  - at least 5 stations remain after discordancy screening
[2026-08-11 13:15:02] Homogeneity iter 0: n=15, H1=0.065
[2026-08-11 13:15:02] Homogeneity iter 0: n=15, H1=0.065
[2026-08-11 13:15:02] OK  - heterogeneity H1 computed and finite
[2026-08-11 13:15:02] Final region: n=15, H1=0.015 (homogeneous)
[2026-08-11 13:15:02] OK  - heterogeneity H1 computed and finite
[2026-08-11 13:15:02] Final region: n=15, H1=0.015 (homogeneous)
[2026-08-11 13:15:02] OK  - goodness-of-fit Z reported for every candidate distribution
[2026-08-11 13:15:02] OK  - goodness-of-fit Z reported for every candidate distribution
[2026-08-11 13:15:02] Distribution [24h]: GNO via auto (|Z|=0.360).
[2026-08-11 13:15:02] Distribution [24h]: GNO via auto (|Z|=0.360).
[2026-08-11 13:15:02] OK  - regional growth curve q(F) is monotone non-decreasing
[2026-08-11 13:15:02] OK  - growth factors are all positive
[2026-08-11 13:15:02] OK  - regional growth curve q(F) is monotone non-decreasing
[2026-08-11 13:15:02] OK  - quantile depths are all positive
[2026-08-11 13:15:02] OK  - growth factors are all positive
[2026-08-11 13:15:02] OK  - quantile depths are all positive
[2026-08-11 13:15:02] Estimation: GNO fitted; index flood = 49.92 mm; q(1e-4/AEP)=3.051.
[2026-08-11 13:15:02] Estimation: GNO fitted; index flood = 49.92 mm; q(1e-4/AEP)=3.051.
[2026-08-11 13:15:03] Uncertainty: 500-rep bootstrap; 10,000-yr rel-RMSE=0.068, 90% band [134.3, 166.8] mm.
[2026-08-11 13:15:03] Uncertainty: 500-rep bootstrap; 10,000-yr rel-RMSE=0.068, 90% band [134.3, 166.8] mm.
[2026-08-11 13:15:03] Plots written for 24h: ratio diagram, growth-curve fit, DDF.
[2026-08-11 13:15:03] OK  - station counts reconcile (candidates 17 = used 15 + removed 2)
[2026-08-11 13:15:03] --- Duration 72h ---
[2026-08-11 13:15:03] OK  - no NA/Inf in at-site L-moments
[2026-08-11 13:15:03] Computed at-site L-moments for 15 stations.
[2026-08-11 13:15:03] Discordancy screening: Dcrit=3.000, removed 0 of 15 sites.
[2026-08-11 13:15:03] OK  - at least 5 stations remain after discordancy screening
[2026-08-11 13:15:03] Homogeneity iter 0: n=15, H1=-0.277
[2026-08-11 13:15:03] OK  - heterogeneity H1 computed and finite
[2026-08-11 13:15:03] Final region: n=15, H1=-0.310 (homogeneous)
[2026-08-11 13:15:03] Plots written for 24h: ratio diagram, growth-curve fit, DDF.
[2026-08-11 13:15:03] OK  - station counts reconcile (candidates 17 = used 15 + removed 2)
[2026-08-11 13:15:03] --- Duration 72h ---
[2026-08-11 13:15:03] OK  - no NA/Inf in at-site L-moments
[2026-08-11 13:15:03] Computed at-site L-moments for 15 stations.
[2026-08-11 13:15:03] OK  - goodness-of-fit Z reported for every candidate distribution
[2026-08-11 13:15:03] Distribution [72h]: PE3 via auto (|Z|=0.236).
[2026-08-11 13:15:03] OK  - regional growth curve q(F) is monotone non-decreasing
[2026-08-11 13:15:03] OK  - growth factors are all positive
[2026-08-11 13:15:03] OK  - quantile depths are all positive
[2026-08-11 13:15:03] Estimation: PE3 fitted; index flood = 55.29 mm; q(1e-4/AEP)=2.606.
[2026-08-11 13:15:03] Discordancy screening: Dcrit=3.000, removed 0 of 15 sites.
[2026-08-11 13:15:03] OK  - at least 5 stations remain after discordancy screening
[2026-08-11 13:15:03] Homogeneity iter 0: n=15, H1=-0.277
[2026-08-11 13:15:04] OK  - heterogeneity H1 computed and finite
[2026-08-11 13:15:04] Final region: n=15, H1=-0.310 (homogeneous)
[2026-08-11 13:15:04] OK  - goodness-of-fit Z reported for every candidate distribution
[2026-08-11 13:15:04] Distribution [72h]: PE3 via auto (|Z|=0.236).
[2026-08-11 13:15:04] OK  - regional growth curve q(F) is monotone non-decreasing
[2026-08-11 13:15:04] OK  - growth factors are all positive
[2026-08-11 13:15:04] OK  - quantile depths are all positive
[2026-08-11 13:15:04] Estimation: PE3 fitted; index flood = 55.29 mm; q(1e-4/AEP)=2.606.
[2026-08-11 13:15:05] Uncertainty: 500-rep bootstrap; 10,000-yr rel-RMSE=0.042, 90% band [133.3, 152.9] mm.
[2026-08-11 13:15:05] Uncertainty: 500-rep bootstrap; 10,000-yr rel-RMSE=0.042, 90% band [133.3, 152.9] mm.
[2026-08-11 13:15:05] Plots written for 72h: ratio diagram, growth-curve fit, DDF.
[2026-08-11 13:15:05] OK  - station counts reconcile (candidates 17 = used 15 + removed 2)
[2026-08-11 13:15:05] Plots written for 72h: ratio diagram, growth-curve fit, DDF.
[2026-08-11 13:15:05] OK  - station counts reconcile (candidates 17 = used 15 + removed 2)
[2026-08-11 13:15:06] Region map written: ./outputs/figures/FL00327_region_map.png
[2026-08-11 13:15:06] Wrote 14 deliverable tables to ./outputs/tables.
[2026-08-11 13:15:06] Audit report written: ./outputs/report_FL00327.html

DONE. Headline results:
                    site duration return_period_yr   AEP depth_mm depth_lo_mm
6  PUMPING STATION NO. 3      24h              100 1e-02    95.66       90.65
9  PUMPING STATION NO. 3      24h             1000 1e-03   123.07      112.38
12 PUMPING STATION NO. 3      24h            10000 1e-04   152.30      134.29
18 PUMPING STATION NO. 3      72h              100 1e-02   100.75       96.70
21 PUMPING STATION NO. 3      72h             1000 1e-03   123.07      115.82
24 PUMPING STATION NO. 3      72h            10000 1e-04   144.07      133.33
   depth_hi_mm rel_rmse
6        99.60    0.029
9       131.63    0.049
12      166.76    0.068
18      104.09    0.023
21      129.14    0.034
24      152.85    0.042

Report: ./outputs/report_FL00327.html
[2026-08-11 13:15:06] Region map written: ./outputs/figures/FL00302_region_map.png
[2026-08-11 13:15:06] Wrote 14 deliverable tables to ./outputs/tables.
[2026-08-11 13:15:06] Audit report written: ./outputs/report_FL00302.html

DONE. Headline results:
                           site duration return_period_yr   AEP depth_mm
6  PUMPING STATION 131 AND LOCK      24h              100 1e-02    95.66
9  PUMPING STATION 131 AND LOCK      24h             1000 1e-03   123.07
12 PUMPING STATION 131 AND LOCK      24h            10000 1e-04   152.30
18 PUMPING STATION 131 AND LOCK      72h              100 1e-02   100.75
21 PUMPING STATION 131 AND LOCK      72h             1000 1e-03   123.07
24 PUMPING STATION 131 AND LOCK      72h            10000 1e-04   144.07
   depth_lo_mm depth_hi_mm rel_rmse
6        90.65       99.60    0.029
9       112.38      131.63    0.049
12      134.29      166.76    0.068
18       96.70      104.09    0.023
21      115.82      129.14    0.034
24      133.33      152.85    0.042

Report: ./outputs/report_FL00302.html
[2026-08-11 13:15:08] === PUMPING STATION 127 AND LOCK : 2026-08-11T13:15:08 ===
[2026-08-11 13:15:08] === PUMPING STATION 129 : 2026-08-11T13:15:08 ===
GHCN download unavailable; falling back to SYNTHETIC demo data.
Generating SYNTHETIC demo data (offline) for FL00299 at (27.12, -80.8899).
GHCN download unavailable; falling back to SYNTHETIC demo data.
Generating SYNTHETIC demo data (offline) for FL00301 at (27.03, -81).
Demo data written for 17 stations to ./data/synthetic/FL00299 (SYNTHETIC — not real observations).
Demo data written for 17 stations to ./data/synthetic/FL00301 (SYNTHETIC — not real observations).
[2026-08-11 13:15:13] Acquired data: 16 candidate stations after region filter; 2 durations.
[2026-08-11 13:15:13] --- Duration 24h ---
[2026-08-11 13:15:13] OK  - no NA/Inf in at-site L-moments
[2026-08-11 13:15:13] Computed at-site L-moments for 15 stations.
[2026-08-11 13:15:13] Discordancy screening: Dcrit=3.000, removed 0 of 15 sites.
[2026-08-11 13:15:13] OK  - at least 5 stations remain after discordancy screening
[2026-08-11 13:15:13] Homogeneity iter 0: n=15, H1=0.065
[2026-08-11 13:15:13] OK  - heterogeneity H1 computed and finite
[2026-08-11 13:15:13] Final region: n=15, H1=0.015 (homogeneous)
[2026-08-11 13:15:13] OK  - goodness-of-fit Z reported for every candidate distribution
[2026-08-11 13:15:13] Distribution [24h]: GNO via auto (|Z|=0.360).
[2026-08-11 13:15:13] OK  - regional growth curve q(F) is monotone non-decreasing
[2026-08-11 13:15:13] OK  - growth factors are all positive
[2026-08-11 13:15:13] OK  - quantile depths are all positive
[2026-08-11 13:15:13] Estimation: GNO fitted; index flood = 49.92 mm; q(1e-4/AEP)=3.051.
[2026-08-11 13:15:13] Acquired data: 16 candidate stations after region filter; 2 durations.
[2026-08-11 13:15:13] --- Duration 24h ---
[2026-08-11 13:15:13] OK  - no NA/Inf in at-site L-moments
[2026-08-11 13:15:13] Computed at-site L-moments for 15 stations.
[2026-08-11 13:15:13] Discordancy screening: Dcrit=3.000, removed 0 of 15 sites.
[2026-08-11 13:15:13] OK  - at least 5 stations remain after discordancy screening
[2026-08-11 13:15:13] Homogeneity iter 0: n=15, H1=0.065
[2026-08-11 13:15:13] OK  - heterogeneity H1 computed and finite
[2026-08-11 13:15:13] Final region: n=15, H1=0.015 (homogeneous)
[2026-08-11 13:15:13] OK  - goodness-of-fit Z reported for every candidate distribution
[2026-08-11 13:15:13] Distribution [24h]: GNO via auto (|Z|=0.360).
[2026-08-11 13:15:13] OK  - regional growth curve q(F) is monotone non-decreasing
[2026-08-11 13:15:13] OK  - growth factors are all positive
[2026-08-11 13:15:13] OK  - quantile depths are all positive
[2026-08-11 13:15:13] Estimation: GNO fitted; index flood = 49.92 mm; q(1e-4/AEP)=3.051.
[2026-08-11 13:15:14] Uncertainty: 500-rep bootstrap; 10,000-yr rel-RMSE=0.068, 90% band [134.3, 166.8] mm.
[2026-08-11 13:15:14] Plots written for 24h: ratio diagram, growth-curve fit, DDF.
[2026-08-11 13:15:14] OK  - station counts reconcile (candidates 17 = used 15 + removed 2)
[2026-08-11 13:15:14] --- Duration 72h ---
[2026-08-11 13:15:14] OK  - no NA/Inf in at-site L-moments
[2026-08-11 13:15:14] Computed at-site L-moments for 15 stations.
[2026-08-11 13:15:14] Discordancy screening: Dcrit=3.000, removed 0 of 15 sites.
[2026-08-11 13:15:14] OK  - at least 5 stations remain after discordancy screening
[2026-08-11 13:15:14] Homogeneity iter 0: n=15, H1=-0.277
[2026-08-11 13:15:14] OK  - heterogeneity H1 computed and finite
[2026-08-11 13:15:14] Uncertainty: 500-rep bootstrap; 10,000-yr rel-RMSE=0.068, 90% band [134.3, 166.8] mm.
[2026-08-11 13:15:14] Final region: n=15, H1=-0.310 (homogeneous)
[2026-08-11 13:15:14] OK  - goodness-of-fit Z reported for every candidate distribution
[2026-08-11 13:15:14] Distribution [72h]: PE3 via auto (|Z|=0.236).
[2026-08-11 13:15:14] OK  - regional growth curve q(F) is monotone non-decreasing
[2026-08-11 13:15:14] OK  - growth factors are all positive
[2026-08-11 13:15:14] OK  - quantile depths are all positive
[2026-08-11 13:15:14] Estimation: PE3 fitted; index flood = 55.29 mm; q(1e-4/AEP)=2.606.
[2026-08-11 13:15:14] Plots written for 24h: ratio diagram, growth-curve fit, DDF.
[2026-08-11 13:15:14] OK  - station counts reconcile (candidates 17 = used 15 + removed 2)
[2026-08-11 13:15:14] --- Duration 72h ---
[2026-08-11 13:15:14] OK  - no NA/Inf in at-site L-moments
[2026-08-11 13:15:14] Computed at-site L-moments for 15 stations.
[2026-08-11 13:15:14] Discordancy screening: Dcrit=3.000, removed 0 of 15 sites.
[2026-08-11 13:15:14] OK  - at least 5 stations remain after discordancy screening
[2026-08-11 13:15:14] Homogeneity iter 0: n=15, H1=-0.277
[2026-08-11 13:15:14] OK  - heterogeneity H1 computed and finite
[2026-08-11 13:15:14] Final region: n=15, H1=-0.310 (homogeneous)
[2026-08-11 13:15:14] OK  - goodness-of-fit Z reported for every candidate distribution
[2026-08-11 13:15:14] Distribution [72h]: PE3 via auto (|Z|=0.236).
[2026-08-11 13:15:14] OK  - regional growth curve q(F) is monotone non-decreasing
[2026-08-11 13:15:14] OK  - growth factors are all positive
[2026-08-11 13:15:14] OK  - quantile depths are all positive
[2026-08-11 13:15:14] Estimation: PE3 fitted; index flood = 55.29 mm; q(1e-4/AEP)=2.606.
[2026-08-11 13:15:15] Uncertainty: 500-rep bootstrap; 10,000-yr rel-RMSE=0.042, 90% band [133.3, 152.9] mm.
[2026-08-11 13:15:15] Plots written for 72h: ratio diagram, growth-curve fit, DDF.
[2026-08-11 13:15:15] OK  - station counts reconcile (candidates 17 = used 15 + removed 2)
[2026-08-11 13:15:15] Uncertainty: 500-rep bootstrap; 10,000-yr rel-RMSE=0.042, 90% band [133.3, 152.9] mm.
[2026-08-11 13:15:15] Acquired data: 60 candidate stations after region filter; 2 durations.
[2026-08-11 13:15:15] --- Duration 24h ---
[2026-08-11 13:15:15] OK  - no NA/Inf in at-site L-moments
[2026-08-11 13:15:15] Computed at-site L-moments for 52 stations.
[2026-08-11 13:15:15] Discordancy screening: Dcrit=3.000, removed 1 of 52 sites.
[2026-08-11 13:15:15] OK  - at least 5 stations remain after discordancy screening
[2026-08-11 13:15:16] Plots written for 72h: ratio diagram, growth-curve fit, DDF.
[2026-08-11 13:15:16] OK  - station counts reconcile (candidates 17 = used 15 + removed 2)
[2026-08-11 13:15:16] Homogeneity iter 0: n=51, H1=5.709
[2026-08-11 13:15:17] Region map written: ./outputs/figures/FL00299_region_map.png
[2026-08-11 13:15:17] Wrote 14 deliverable tables to ./outputs/tables.
[2026-08-11 13:15:17] Audit report written: ./outputs/report_FL00299.html

DONE. Headline results:
                           site duration return_period_yr   AEP depth_mm
6  PUMPING STATION 127 AND LOCK      24h              100 1e-02    95.66
9  PUMPING STATION 127 AND LOCK      24h             1000 1e-03   123.07
12 PUMPING STATION 127 AND LOCK      24h            10000 1e-04   152.30
18 PUMPING STATION 127 AND LOCK      72h              100 1e-02   100.75
21 PUMPING STATION 127 AND LOCK      72h             1000 1e-03   123.07
24 PUMPING STATION 127 AND LOCK      72h            10000 1e-04   144.07
   depth_lo_mm depth_hi_mm rel_rmse
6        90.65       99.60    0.029
9       112.38      131.63    0.049
12      134.29      166.76    0.068
18       96.70      104.09    0.023
21      115.82      129.14    0.034
24      133.33      152.85    0.042

Report: ./outputs/report_FL00299.html
[2026-08-11 13:15:17] Region map written: ./outputs/figures/FL00301_region_map.png
[2026-08-11 13:15:17] Wrote 14 deliverable tables to ./outputs/tables.
[2026-08-11 13:15:17] Audit report written: ./outputs/report_FL00301.html

DONE. Headline results:
                  site duration return_period_yr   AEP depth_mm depth_lo_mm
6  PUMPING STATION 129      24h              100 1e-02    95.66       90.65
9  PUMPING STATION 129      24h             1000 1e-03   123.07      112.38
12 PUMPING STATION 129      24h            10000 1e-04   152.30      134.29
18 PUMPING STATION 129      72h              100 1e-02   100.75       96.70
21 PUMPING STATION 129      72h             1000 1e-03   123.07      115.82
24 PUMPING STATION 129      72h            10000 1e-04   144.07      133.33
   depth_hi_mm rel_rmse
6        99.60    0.029
9       131.63    0.049
12      166.76    0.068
18      104.09    0.023
21      129.14    0.034
24      152.85    0.042

Report: ./outputs/report_FL00301.html
[2026-08-11 13:15:18]   drop 'CA001133300' -> H1 5.063 (was 5.709)
[2026-08-11 13:15:18] Homogeneity iter 1: n=50, H1=5.063
[2026-08-11 13:15:18] === HERBERT HOOVER DIKE : 2026-08-11T13:15:18 ===
[2026-08-11 13:15:18] === PUMPING STATION 133 : 2026-08-11T13:15:18 ===
GHCN download unavailable; falling back to SYNTHETIC demo data.
Generating SYNTHETIC demo data (offline) for FL00292 at (27.2, -80.8099).
GHCN download unavailable; falling back to SYNTHETIC demo data.
Generating SYNTHETIC demo data (offline) for FL36001 at (26.7013, -80.7153).
[2026-08-11 13:15:18] Acquired data: 60 candidate stations after region filter; 2 durations.
[2026-08-11 13:15:18] --- Duration 24h ---
[2026-08-11 13:15:18] OK  - no NA/Inf in at-site L-moments
[2026-08-11 13:15:18] Computed at-site L-moments for 48 stations.
[2026-08-11 13:15:18] Discordancy screening: Dcrit=3.000, removed 2 of 48 sites.
[2026-08-11 13:15:18] OK  - at least 5 stations remain after discordancy screening
[2026-08-11 13:15:19] Homogeneity iter 0: n=46, H1=0.923
[2026-08-11 13:15:19] OK  - heterogeneity H1 computed and finite
[2026-08-11 13:15:19] Final region: n=46, H1=1.004 (acceptably homogeneous (H1 in [1,2)))
[2026-08-11 13:15:19] OK  - goodness-of-fit Z reported for every candidate distribution
[2026-08-11 13:15:19] Distribution [24h]: GEV via auto (|Z|=0.789).
[2026-08-11 13:15:19] OK  - regional growth curve q(F) is monotone non-decreasing
[2026-08-11 13:15:19] OK  - growth factors are all positive
[2026-08-11 13:15:19] OK  - quantile depths are all positive
[2026-08-11 13:15:19] Estimation: GEV fitted; index flood = 41.05 mm; q(1e-4/AEP)=4.345.
Demo data written for 17 stations to ./data/synthetic/FL00292 (SYNTHETIC — not real observations).
Demo data written for 17 stations to ./data/synthetic/FL36001 (SYNTHETIC — not real observations).
[2026-08-11 13:15:20] Uncertainty: 500-rep bootstrap; 10,000-yr rel-RMSE=0.062, 90% band [158.4, 191.1] mm.
[2026-08-11 13:15:20]   drop 'USS0017A01S' -> H1 4.642 (was 5.063)
[2026-08-11 13:15:20] Homogeneity iter 2: n=49, H1=4.642
[2026-08-11 13:15:20] Plots written for 24h: ratio diagram, growth-curve fit, DDF.
[2026-08-11 13:15:20] OK  - station counts reconcile (candidates 60 = used 46 + removed 14)
[2026-08-11 13:15:20] --- Duration 72h ---
[2026-08-11 13:15:20] OK  - no NA/Inf in at-site L-moments
[2026-08-11 13:15:20] Computed at-site L-moments for 48 stations.
[2026-08-11 13:15:20] Discordancy screening: Dcrit=3.000, removed 2 of 48 sites.
[2026-08-11 13:15:20] OK  - at least 5 stations remain after discordancy screening
[2026-08-11 13:15:20] Homogeneity iter 0: n=46, H1=-0.813
[2026-08-11 13:15:20] OK  - heterogeneity H1 computed and finite
[2026-08-11 13:15:20] Final region: n=46, H1=-0.978 (homogeneous)
[2026-08-11 13:15:21] OK  - goodness-of-fit Z reported for every candidate distribution
[2026-08-11 13:15:21] Distribution [72h]: GEV via auto (|Z|=1.390).
[2026-08-11 13:15:21] OK  - regional growth curve q(F) is monotone non-decreasing
[2026-08-11 13:15:21] OK  - growth factors are all positive
[2026-08-11 13:15:21] OK  - quantile depths are all positive
[2026-08-11 13:15:21] Estimation: GEV fitted; index flood = 50.93 mm; q(1e-4/AEP)=4.460.
[2026-08-11 13:15:22] Uncertainty: 500-rep bootstrap; 10,000-yr rel-RMSE=0.065, 90% band [200.8, 246.0] mm.
[2026-08-11 13:15:22]   drop 'USC00455133' -> H1 4.314 (was 4.642)
[2026-08-11 13:15:22] Homogeneity iter 3: n=48, H1=4.314
[2026-08-11 13:15:22] Plots written for 72h: ratio diagram, growth-curve fit, DDF.
[2026-08-11 13:15:22] OK  - station counts reconcile (candidates 60 = used 46 + removed 14)
[2026-08-11 13:15:24] Region map written: ./outputs/figures/MT00025_region_map.png
[2026-08-11 13:15:24] Wrote 14 deliverable tables to ./outputs/tables.
[2026-08-11 13:15:24] Audit report written: ./outputs/report_MT00025.html

DONE. Headline results:
[2026-08-11 13:15:24] Acquired data: 16 candidate stations after region filter; 2 durations.
[2026-08-11 13:15:24] --- Duration 24h ---
            site duration return_period_yr   AEP depth_mm depth_lo_mm
6  FORT PECK DAM      24h              100 1e-02    99.19       95.09
9  FORT PECK DAM      24h             1000 1e-03   137.07      126.58
12 FORT PECK DAM      24h            10000 1e-04   178.36      158.44
18 FORT PECK DAM      72h              100 1e-02   124.57      119.27
21 FORT PECK DAM      72h             1000 1e-03   173.35      159.79
24 FORT PECK DAM      72h            10000 1e-04   227.14      200.79
   depth_hi_mm rel_rmse
6       101.76    0.022
9       143.55    0.042
12      191.11    0.062
18      128.17    0.023
21      182.77    0.044
24      246.00    0.065

Report: ./outputs/report_MT00025.html
[2026-08-11 13:15:24] OK  - no NA/Inf in at-site L-moments
[2026-08-11 13:15:24] Computed at-site L-moments for 15 stations.
[2026-08-11 13:15:24] Discordancy screening: Dcrit=3.000, removed 0 of 15 sites.
[2026-08-11 13:15:24] OK  - at least 5 stations remain after discordancy screening
[2026-08-11 13:15:24] Homogeneity iter 0: n=15, H1=0.065
[2026-08-11 13:15:24] Acquired data: 16 candidate stations after region filter; 2 durations.
[2026-08-11 13:15:24] --- Duration 24h ---
[2026-08-11 13:15:24] OK  - no NA/Inf in at-site L-moments
[2026-08-11 13:15:24] Computed at-site L-moments for 15 stations.
[2026-08-11 13:15:24] OK  - heterogeneity H1 computed and finite
[2026-08-11 13:15:24] Final region: n=15, H1=0.015 (homogeneous)
[2026-08-11 13:15:24] Discordancy screening: Dcrit=3.000, removed 0 of 15 sites.
[2026-08-11 13:15:24] OK  - at least 5 stations remain after discordancy screening
[2026-08-11 13:15:24] Homogeneity iter 0: n=15, H1=0.065
[2026-08-11 13:15:24] OK  - goodness-of-fit Z reported for every candidate distribution
[2026-08-11 13:15:24] Distribution [24h]: GNO via auto (|Z|=0.360).
[2026-08-11 13:15:24] OK  - regional growth curve q(F) is monotone non-decreasing
[2026-08-11 13:15:24] OK  - growth factors are all positive
[2026-08-11 13:15:24] OK  - quantile depths are all positive
[2026-08-11 13:15:24] Estimation: GNO fitted; index flood = 49.92 mm; q(1e-4/AEP)=3.051.
[2026-08-11 13:15:24] OK  - heterogeneity H1 computed and finite
[2026-08-11 13:15:24] Final region: n=15, H1=0.015 (homogeneous)
[2026-08-11 13:15:24] OK  - goodness-of-fit Z reported for every candidate distribution
[2026-08-11 13:15:24] Distribution [24h]: GNO via auto (|Z|=0.360).
[2026-08-11 13:15:24] OK  - regional growth curve q(F) is monotone non-decreasing
[2026-08-11 13:15:24] OK  - growth factors are all positive
[2026-08-11 13:15:24] OK  - quantile depths are all positive
[2026-08-11 13:15:24] Estimation: GNO fitted; index flood = 49.92 mm; q(1e-4/AEP)=3.051.
[2026-08-11 13:15:24]   drop 'USS0017B04S' -> H1 3.931 (was 4.314)
[2026-08-11 13:15:24] Homogeneity iter 4: n=47, H1=3.931
[2026-08-11 13:15:24] Uncertainty: 500-rep bootstrap; 10,000-yr rel-RMSE=0.068, 90% band [134.3, 166.8] mm.
[2026-08-11 13:15:24] Uncertainty: 500-rep bootstrap; 10,000-yr rel-RMSE=0.068, 90% band [134.3, 166.8] mm.
[2026-08-11 13:15:25] Plots written for 24h: ratio diagram, growth-curve fit, DDF.
[2026-08-11 13:15:25] OK  - station counts reconcile (candidates 17 = used 15 + removed 2)
[2026-08-11 13:15:25] --- Duration 72h ---
[2026-08-11 13:15:25] OK  - no NA/Inf in at-site L-moments
[2026-08-11 13:15:25] Computed at-site L-moments for 15 stations.
[2026-08-11 13:15:25] Discordancy screening: Dcrit=3.000, removed 0 of 15 sites.
[2026-08-11 13:15:25] OK  - at least 5 stations remain after discordancy screening
[2026-08-11 13:15:25] Homogeneity iter 0: n=15, H1=-0.277
[2026-08-11 13:15:25] Plots written for 24h: ratio diagram, growth-curve fit, DDF.
[2026-08-11 13:15:25] OK  - station counts reconcile (candidates 17 = used 15 + removed 2)
[2026-08-11 13:15:25] --- Duration 72h ---
[2026-08-11 13:15:25] OK  - no NA/Inf in at-site L-moments
[2026-08-11 13:15:25] Computed at-site L-moments for 15 stations.
[2026-08-11 13:15:25] OK  - heterogeneity H1 computed and finite
[2026-08-11 13:15:25] Final region: n=15, H1=-0.310 (homogeneous)
[2026-08-11 13:15:25] Discordancy screening: Dcrit=3.000, removed 0 of 15 sites.
[2026-08-11 13:15:25] OK  - at least 5 stations remain after discordancy screening
[2026-08-11 13:15:25] OK  - goodness-of-fit Z reported for every candidate distribution
[2026-08-11 13:15:25] Distribution [72h]: PE3 via auto (|Z|=0.236).
[2026-08-11 13:15:25] OK  - regional growth curve q(F) is monotone non-decreasing
[2026-08-11 13:15:25] OK  - growth factors are all positive
[2026-08-11 13:15:25] OK  - quantile depths are all positive
[2026-08-11 13:15:25] Estimation: PE3 fitted; index flood = 55.29 mm; q(1e-4/AEP)=2.606.
[2026-08-11 13:15:25] Homogeneity iter 0: n=15, H1=-0.277
[2026-08-11 13:15:25] OK  - heterogeneity H1 computed and finite
[2026-08-11 13:15:25] Final region: n=15, H1=-0.310 (homogeneous)
[2026-08-11 13:15:25] OK  - goodness-of-fit Z reported for every candidate distribution
[2026-08-11 13:15:25] Distribution [72h]: PE3 via auto (|Z|=0.236).
[2026-08-11 13:15:25] OK  - regional growth curve q(F) is monotone non-decreasing
[2026-08-11 13:15:25] OK  - growth factors are all positive
[2026-08-11 13:15:25] OK  - quantile depths are all positive
[2026-08-11 13:15:25] Estimation: PE3 fitted; index flood = 55.29 mm; q(1e-4/AEP)=2.606.
[2026-08-11 13:15:25] === PUMPING STATION 135 AND LOCK : 2026-08-11T13:15:25 ===
GHCN download unavailable; falling back to SYNTHETIC demo data.
Generating SYNTHETIC demo data (offline) for FL00300 at (27.0799, -80.66).
Demo data written for 17 stations to ./data/synthetic/FL00300 (SYNTHETIC — not real observations).
[2026-08-11 13:15:26] Uncertainty: 500-rep bootstrap; 10,000-yr rel-RMSE=0.042, 90% band [133.3, 152.9] mm.
[2026-08-11 13:15:26] Plots written for 72h: ratio diagram, growth-curve fit, DDF.
[2026-08-11 13:15:26] OK  - station counts reconcile (candidates 17 = used 15 + removed 2)
[2026-08-11 13:15:26] Uncertainty: 500-rep bootstrap; 10,000-yr rel-RMSE=0.042, 90% band [133.3, 152.9] mm.
[2026-08-11 13:15:26]   drop 'USC00454446' -> H1 3.272 (was 3.931)
[2026-08-11 13:15:26] Homogeneity iter 5: n=46, H1=3.272
[2026-08-11 13:15:26] Plots written for 72h: ratio diagram, growth-curve fit, DDF.
[2026-08-11 13:15:26] OK  - station counts reconcile (candidates 17 = used 15 + removed 2)
[2026-08-11 13:15:27] Region map written: ./outputs/figures/FL36001_region_map.png
[2026-08-11 13:15:27] Wrote 14 deliverable tables to ./outputs/tables.
[2026-08-11 13:15:27] Audit report written: ./outputs/report_FL36001.html

DONE. Headline results:
                  site duration return_period_yr   AEP depth_mm depth_lo_mm
6  HERBERT HOOVER DIKE      24h              100 1e-02    95.66       90.65
9  HERBERT HOOVER DIKE      24h             1000 1e-03   123.07      112.38
12 HERBERT HOOVER DIKE      24h            10000 1e-04   152.30      134.29
18 HERBERT HOOVER DIKE      72h              100 1e-02   100.75       96.70
21 HERBERT HOOVER DIKE      72h             1000 1e-03   123.07      115.82
24 HERBERT HOOVER DIKE      72h            10000 1e-04   144.07      133.33
   depth_hi_mm rel_rmse
6        99.60    0.029
9       131.63    0.049
12      166.76    0.068
18      104.09    0.023
21      129.14    0.034
24      152.85    0.042

Report: ./outputs/report_FL36001.html
[2026-08-11 13:15:28] Region map written: ./outputs/figures/FL00292_region_map.png
[2026-08-11 13:15:28] Wrote 14 deliverable tables to ./outputs/tables.
[2026-08-11 13:15:28] Audit report written: ./outputs/report_FL00292.html

DONE. Headline results:
                  site duration return_period_yr   AEP depth_mm depth_lo_mm
6  PUMPING STATION 133      24h              100 1e-02    95.66       90.65
9  PUMPING STATION 133      24h             1000 1e-03   123.07      112.38
12 PUMPING STATION 133      24h            10000 1e-04   152.30      134.29
18 PUMPING STATION 133      72h              100 1e-02   100.75       96.70
21 PUMPING STATION 133      72h             1000 1e-03   123.07      115.82
24 PUMPING STATION 133      72h            10000 1e-04   144.07      133.33
   depth_hi_mm rel_rmse
6        99.60    0.029
9       131.63    0.049
12      166.76    0.068
18      104.09    0.023
21      129.14    0.034
24      152.85    0.042

Report: ./outputs/report_FL00292.html
[2026-08-11 13:15:28]   drop 'USS0020B02S' -> H1 3.010 (was 3.272)
[2026-08-11 13:15:28] Homogeneity iter 6: n=45, H1=3.010
[2026-08-11 13:15:29] === HENRY CREEK LOCK : 2026-08-11T13:15:29 ===
GHCN download unavailable; falling back to SYNTHETIC demo data.
Generating SYNTHETIC demo data (offline) for FL00297 at (27.1625, -80.7174).
[2026-08-11 13:15:29] === STRUCTURE 153 : 2026-08-11T13:15:29 ===
GHCN download unavailable; falling back to SYNTHETIC demo data.
Generating SYNTHETIC demo data (offline) for FL00426 at (26.9799, -80.5999).
Demo data written for 17 stations to ./data/synthetic/FL00297 (SYNTHETIC — not real observations).
[2026-08-11 13:15:30]   drop 'USC00459077' -> H1 2.653 (was 3.010)
[2026-08-11 13:15:30] Homogeneity iter 7: n=44, H1=2.653
Demo data written for 17 stations to ./data/synthetic/FL00426 (SYNTHETIC — not real observations).
[2026-08-11 13:15:31] Acquired data: 16 candidate stations after region filter; 2 durations.
[2026-08-11 13:15:31] --- Duration 24h ---
[2026-08-11 13:15:31] OK  - no NA/Inf in at-site L-moments
[2026-08-11 13:15:31] Computed at-site L-moments for 15 stations.
[2026-08-11 13:15:31] Discordancy screening: Dcrit=3.000, removed 0 of 15 sites.
[2026-08-11 13:15:31] OK  - at least 5 stations remain after discordancy screening
[2026-08-11 13:15:31] Homogeneity iter 0: n=15, H1=0.065
[2026-08-11 13:15:31] OK  - heterogeneity H1 computed and finite
[2026-08-11 13:15:31] Final region: n=15, H1=0.015 (homogeneous)
[2026-08-11 13:15:31] OK  - goodness-of-fit Z reported for every candidate distribution
[2026-08-11 13:15:31] Distribution [24h]: GNO via auto (|Z|=0.360).
[2026-08-11 13:15:31] OK  - regional growth curve q(F) is monotone non-decreasing
[2026-08-11 13:15:31] OK  - growth factors are all positive
[2026-08-11 13:15:31] OK  - quantile depths are all positive
[2026-08-11 13:15:31] Estimation: GNO fitted; index flood = 49.92 mm; q(1e-4/AEP)=3.051.
[2026-08-11 13:15:32] Uncertainty: 500-rep bootstrap; 10,000-yr rel-RMSE=0.068, 90% band [134.3, 166.8] mm.
[2026-08-11 13:15:32]   drop 'USS0020B07S' -> H1 2.021 (was 2.653)
[2026-08-11 13:15:32] Plots written for 24h: ratio diagram, growth-curve fit, DDF.
[2026-08-11 13:15:32] OK  - station counts reconcile (candidates 17 = used 15 + removed 2)
[2026-08-11 13:15:32] --- Duration 72h ---
[2026-08-11 13:15:32] OK  - no NA/Inf in at-site L-moments
[2026-08-11 13:15:32] Computed at-site L-moments for 15 stations.
[2026-08-11 13:15:32] Homogeneity iter 8: n=43, H1=2.021
[2026-08-11 13:15:32] Discordancy screening: Dcrit=3.000, removed 0 of 15 sites.
[2026-08-11 13:15:32] OK  - at least 5 stations remain after discordancy screening
[2026-08-11 13:15:32] Homogeneity iter 0: n=15, H1=-0.277
[2026-08-11 13:15:32] OK  - heterogeneity H1 computed and finite
[2026-08-11 13:15:32] Final region: n=15, H1=-0.310 (homogeneous)
[2026-08-11 13:15:32] OK  - goodness-of-fit Z reported for every candidate distribution
[2026-08-11 13:15:32] Distribution [72h]: PE3 via auto (|Z|=0.236).
[2026-08-11 13:15:32] OK  - regional growth curve q(F) is monotone non-decreasing
[2026-08-11 13:15:32] OK  - growth factors are all positive
[2026-08-11 13:15:32] OK  - quantile depths are all positive
[2026-08-11 13:15:32] Estimation: PE3 fitted; index flood = 55.29 mm; q(1e-4/AEP)=2.606.
[2026-08-11 13:15:33] Uncertainty: 500-rep bootstrap; 10,000-yr rel-RMSE=0.042, 90% band [133.3, 152.9] mm.
[2026-08-11 13:15:33] Plots written for 72h: ratio diagram, growth-curve fit, DDF.
[2026-08-11 13:15:33] OK  - station counts reconcile (candidates 17 = used 15 + removed 2)
[2026-08-11 13:15:34]   drop 'USC00451381' -> H1 1.729 (was 2.021)
[2026-08-11 13:15:34] Homogeneity iter 9: n=42, H1=1.729
[2026-08-11 13:15:34] Acquired data: 16 candidate stations after region filter; 2 durations.
[2026-08-11 13:15:34] --- Duration 24h ---
[2026-08-11 13:15:34] OK  - no NA/Inf in at-site L-moments
[2026-08-11 13:15:34] Computed at-site L-moments for 15 stations.
[2026-08-11 13:15:34] Discordancy screening: Dcrit=3.000, removed 0 of 15 sites.
[2026-08-11 13:15:34] OK  - at least 5 stations remain after discordancy screening
[2026-08-11 13:15:34] Homogeneity iter 0: n=15, H1=0.065
[2026-08-11 13:15:34] OK  - heterogeneity H1 computed and finite
[2026-08-11 13:15:34] Final region: n=15, H1=0.015 (homogeneous)
[2026-08-11 13:15:34] OK  - goodness-of-fit Z reported for every candidate distribution
[2026-08-11 13:15:34] Distribution [24h]: GNO via auto (|Z|=0.360).
[2026-08-11 13:15:34] OK  - regional growth curve q(F) is monotone non-decreasing
[2026-08-11 13:15:34] OK  - growth factors are all positive
[2026-08-11 13:15:34] OK  - quantile depths are all positive
[2026-08-11 13:15:34] Estimation: GNO fitted; index flood = 49.92 mm; q(1e-4/AEP)=3.051.
[2026-08-11 13:15:35] Acquired data: 16 candidate stations after region filter; 2 durations.
[2026-08-11 13:15:35] --- Duration 24h ---
[2026-08-11 13:15:35] OK  - no NA/Inf in at-site L-moments
[2026-08-11 13:15:35] Computed at-site L-moments for 15 stations.
[2026-08-11 13:15:35] Discordancy screening: Dcrit=3.000, removed 0 of 15 sites.
[2026-08-11 13:15:35] OK  - at least 5 stations remain after discordancy screening
[2026-08-11 13:15:35] Homogeneity iter 0: n=15, H1=0.065
[2026-08-11 13:15:35] OK  - heterogeneity H1 computed and finite
[2026-08-11 13:15:35] Final region: n=15, H1=0.015 (homogeneous)
[2026-08-11 13:15:35] Uncertainty: 500-rep bootstrap; 10,000-yr rel-RMSE=0.068, 90% band [134.3, 166.8] mm.
[2026-08-11 13:15:35] OK  - goodness-of-fit Z reported for every candidate distribution
[2026-08-11 13:15:35] Distribution [24h]: GNO via auto (|Z|=0.360).
[2026-08-11 13:15:35] OK  - regional growth curve q(F) is monotone non-decreasing
[2026-08-11 13:15:35] OK  - growth factors are all positive
[2026-08-11 13:15:35] OK  - quantile depths are all positive
[2026-08-11 13:15:35] Estimation: GNO fitted; index flood = 49.92 mm; q(1e-4/AEP)=3.051.
[2026-08-11 13:15:35] Region map written: ./outputs/figures/FL00300_region_map.png
[2026-08-11 13:15:35] Wrote 14 deliverable tables to ./outputs/tables.
[2026-08-11 13:15:35] Audit report written: ./outputs/report_FL00300.html

DONE. Headline results:
                           site duration return_period_yr   AEP depth_mm
6  PUMPING STATION 135 AND LOCK      24h              100 1e-02    95.66
9  PUMPING STATION 135 AND LOCK      24h             1000 1e-03   123.07
12 PUMPING STATION 135 AND LOCK      24h            10000 1e-04   152.30
18 PUMPING STATION 135 AND LOCK      72h              100 1e-02   100.75
21 PUMPING STATION 135 AND LOCK      72h             1000 1e-03   123.07
24 PUMPING STATION 135 AND LOCK      72h            10000 1e-04   144.07
   depth_lo_mm depth_hi_mm rel_rmse
6        90.65       99.60    0.029
9       112.38      131.63    0.049
12      134.29      166.76    0.068
18       96.70      104.09    0.023
21      115.82      129.14    0.034
24      133.33      152.85    0.042

Report: ./outputs/report_FL00300.html
[2026-08-11 13:15:35] Plots written for 24h: ratio diagram, growth-curve fit, DDF.
[2026-08-11 13:15:35] OK  - station counts reconcile (candidates 17 = used 15 + removed 2)
[2026-08-11 13:15:35] --- Duration 72h ---
[2026-08-11 13:15:35] OK  - no NA/Inf in at-site L-moments
[2026-08-11 13:15:35] Computed at-site L-moments for 15 stations.
[2026-08-11 13:15:35] Discordancy screening: Dcrit=3.000, removed 0 of 15 sites.
[2026-08-11 13:15:35] OK  - at least 5 stations remain after discordancy screening
[2026-08-11 13:15:35] Homogeneity iter 0: n=15, H1=-0.277
[2026-08-11 13:15:35] OK  - heterogeneity H1 computed and finite
[2026-08-11 13:15:35] Final region: n=15, H1=-0.310 (homogeneous)
[2026-08-11 13:15:35] OK  - goodness-of-fit Z reported for every candidate distribution
[2026-08-11 13:15:35] Distribution [72h]: PE3 via auto (|Z|=0.236).
[2026-08-11 13:15:35] OK  - regional growth curve q(F) is monotone non-decreasing
[2026-08-11 13:15:35] OK  - growth factors are all positive
[2026-08-11 13:15:35] OK  - quantile depths are all positive
[2026-08-11 13:15:35] Estimation: PE3 fitted; index flood = 55.29 mm; q(1e-4/AEP)=2.606.
[2026-08-11 13:15:35]   drop 'USC00459058' -> H1 1.205 (was 1.729)
[2026-08-11 13:15:35] Homogeneity iter 10: n=41, H1=1.205
[2026-08-11 13:15:35] Uncertainty: 500-rep bootstrap; 10,000-yr rel-RMSE=0.068, 90% band [134.3, 166.8] mm.
[2026-08-11 13:15:36] Plots written for 24h: ratio diagram, growth-curve fit, DDF.
[2026-08-11 13:15:36] OK  - station counts reconcile (candidates 17 = used 15 + removed 2)
[2026-08-11 13:15:36] --- Duration 72h ---
[2026-08-11 13:15:36] OK  - no NA/Inf in at-site L-moments
[2026-08-11 13:15:36] Computed at-site L-moments for 15 stations.
[2026-08-11 13:15:36] Discordancy screening: Dcrit=3.000, removed 0 of 15 sites.
[2026-08-11 13:15:36] OK  - at least 5 stations remain after discordancy screening
[2026-08-11 13:15:36] Homogeneity iter 0: n=15, H1=-0.277
[2026-08-11 13:15:36] OK  - heterogeneity H1 computed and finite
[2026-08-11 13:15:36] Final region: n=15, H1=-0.310 (homogeneous)
[2026-08-11 13:15:36] OK  - goodness-of-fit Z reported for every candidate distribution
[2026-08-11 13:15:36] Distribution [72h]: PE3 via auto (|Z|=0.236).
[2026-08-11 13:15:36] OK  - regional growth curve q(F) is monotone non-decreasing
[2026-08-11 13:15:36] OK  - growth factors are all positive
[2026-08-11 13:15:36] OK  - quantile depths are all positive
[2026-08-11 13:15:36] Estimation: PE3 fitted; index flood = 55.29 mm; q(1e-4/AEP)=2.606.
[2026-08-11 13:15:36] === STRUCTURE 193 (HURRICANE GATE NO.6) : 2026-08-11T13:15:36 ===
GHCN download unavailable; falling back to SYNTHETIC demo data.
Generating SYNTHETIC demo data (offline) for FL00291 at (27.2, -80.79).
[2026-08-11 13:15:36] Uncertainty: 500-rep bootstrap; 10,000-yr rel-RMSE=0.042, 90% band [133.3, 152.9] mm.
[2026-08-11 13:15:36] Plots written for 72h: ratio diagram, growth-curve fit, DDF.
[2026-08-11 13:15:36] OK  - station counts reconcile (candidates 17 = used 15 + removed 2)
[2026-08-11 13:15:37]   drop 'USC00457956' -> H1 0.966 (was 1.205)
[2026-08-11 13:15:37] Homogeneity iter 11: n=40, H1=0.966
[2026-08-11 13:15:37] OK  - heterogeneity H1 computed and finite
[2026-08-11 13:15:37] Final region: n=40, H1=0.904 (homogeneous)
[2026-08-11 13:15:37] OK  - goodness-of-fit Z reported for every candidate distribution
[2026-08-11 13:15:37] Distribution [24h]: GEV via auto (|Z|=0.987).
[2026-08-11 13:15:37] Uncertainty: 500-rep bootstrap; 10,000-yr rel-RMSE=0.042, 90% band [133.3, 152.9] mm.
[2026-08-11 13:15:37] OK  - regional growth curve q(F) is monotone non-decreasing
[2026-08-11 13:15:37] OK  - growth factors are all positive
[2026-08-11 13:15:37] OK  - quantile depths are all positive
[2026-08-11 13:15:37] Estimation: GEV fitted; index flood = 42.45 mm; q(1e-4/AEP)=3.623.
Demo data written for 17 stations to ./data/synthetic/FL00291 (SYNTHETIC — not real observations).
[2026-08-11 13:15:37] Plots written for 72h: ratio diagram, growth-curve fit, DDF.
[2026-08-11 13:15:37] OK  - station counts reconcile (candidates 17 = used 15 + removed 2)
[2026-08-11 13:15:38] Region map written: ./outputs/figures/FL00297_region_map.png
[2026-08-11 13:15:38] Wrote 14 deliverable tables to ./outputs/tables.
[2026-08-11 13:15:38] Audit report written: ./outputs/report_FL00297.html

DONE. Headline results:
               site duration return_period_yr   AEP depth_mm depth_lo_mm
6  HENRY CREEK LOCK      24h              100 1e-02    95.66       90.65
9  HENRY CREEK LOCK      24h             1000 1e-03   123.07      112.38
12 HENRY CREEK LOCK      24h            10000 1e-04   152.30      134.29
18 HENRY CREEK LOCK      72h              100 1e-02   100.75       96.70
21 HENRY CREEK LOCK      72h             1000 1e-03   123.07      115.82
24 HENRY CREEK LOCK      72h            10000 1e-04   144.07      133.33
   depth_hi_mm rel_rmse
6        99.60    0.029
9       131.63    0.049
12      166.76    0.068
18      104.09    0.023
21      129.14    0.034
24      152.85    0.042

Report: ./outputs/report_FL00297.html
[2026-08-11 13:15:38] Uncertainty: 500-rep bootstrap; 10,000-yr rel-RMSE=0.063, 90% band [136.8, 165.4] mm.
[2026-08-11 13:15:38] Plots written for 24h: ratio diagram, growth-curve fit, DDF.
[2026-08-11 13:15:38] OK  - station counts reconcile (candidates 60 = used 40 + removed 20)
[2026-08-11 13:15:38] --- Duration 72h ---
[2026-08-11 13:15:38] OK  - no NA/Inf in at-site L-moments
[2026-08-11 13:15:38] Computed at-site L-moments for 52 stations.
[2026-08-11 13:15:38] Region map written: ./outputs/figures/FL00426_region_map.png
[2026-08-11 13:15:38] Wrote 14 deliverable tables to ./outputs/tables.
[2026-08-11 13:15:38] Discordancy screening: Dcrit=3.000, removed 2 of 52 sites.
[2026-08-11 13:15:38] OK  - at least 5 stations remain after discordancy screening
[2026-08-11 13:15:38] Audit report written: ./outputs/report_FL00426.html

DONE. Headline results:
            site duration return_period_yr   AEP depth_mm depth_lo_mm
6  STRUCTURE 153      24h              100 1e-02    95.66       90.65
9  STRUCTURE 153      24h             1000 1e-03   123.07      112.38
12 STRUCTURE 153      24h            10000 1e-04   152.30      134.29
18 STRUCTURE 153      72h              100 1e-02   100.75       96.70
21 STRUCTURE 153      72h             1000 1e-03   123.07      115.82
24 STRUCTURE 153      72h            10000 1e-04   144.07      133.33
   depth_hi_mm rel_rmse
6        99.60    0.029
9       131.63    0.049
12      166.76    0.068
18      104.09    0.023
21      129.14    0.034
24      152.85    0.042

Report: ./outputs/report_FL00426.html
[2026-08-11 13:15:38] Homogeneity iter 0: n=50, H1=4.296
[2026-08-11 13:15:39] === PUMPING STATION NO. 236 : 2026-08-11T13:15:39 ===
GHCN download unavailable; falling back to SYNTHETIC demo data.
Generating SYNTHETIC demo data (offline) for FL00678 at (26.7199, -80.8499).
[2026-08-11 13:15:39] === STRUCTURE 310 (HURRICANE GATE NO.2) : 2026-08-11T13:15:39 ===
GHCN download unavailable; falling back to SYNTHETIC demo data.
Generating SYNTHETIC demo data (offline) for FL00312 at (26.76, -80.91).
Demo data written for 17 stations to ./data/synthetic/FL00678 (SYNTHETIC — not real observations).
Demo data written for 17 stations to ./data/synthetic/FL00312 (SYNTHETIC — not real observations).
[2026-08-11 13:15:40]   drop 'USC00451381' -> H1 3.981 (was 4.296)
[2026-08-11 13:15:40] Homogeneity iter 1: n=49, H1=3.981
[2026-08-11 13:15:41] Acquired data: 16 candidate stations after region filter; 2 durations.
[2026-08-11 13:15:41] --- Duration 24h ---
[2026-08-11 13:15:41] OK  - no NA/Inf in at-site L-moments
[2026-08-11 13:15:41] Computed at-site L-moments for 15 stations.
[2026-08-11 13:15:41] Discordancy screening: Dcrit=3.000, removed 0 of 15 sites.
[2026-08-11 13:15:41] OK  - at least 5 stations remain after discordancy screening
[2026-08-11 13:15:41] Homogeneity iter 0: n=15, H1=0.065
[2026-08-11 13:15:41] OK  - heterogeneity H1 computed and finite
[2026-08-11 13:15:41] Final region: n=15, H1=0.015 (homogeneous)
[2026-08-11 13:15:41] OK  - goodness-of-fit Z reported for every candidate distribution
[2026-08-11 13:15:41] Distribution [24h]: GNO via auto (|Z|=0.360).
[2026-08-11 13:15:41] OK  - regional growth curve q(F) is monotone non-decreasing
[2026-08-11 13:15:41] OK  - growth factors are all positive
[2026-08-11 13:15:41] OK  - quantile depths are all positive
[2026-08-11 13:15:41] Estimation: GNO fitted; index flood = 49.92 mm; q(1e-4/AEP)=3.051.
[2026-08-11 13:15:42] Uncertainty: 500-rep bootstrap; 10,000-yr rel-RMSE=0.068, 90% band [134.3, 166.8] mm.
[2026-08-11 13:15:42] Plots written for 24h: ratio diagram, growth-curve fit, DDF.
[2026-08-11 13:15:42] OK  - station counts reconcile (candidates 17 = used 15 + removed 2)
[2026-08-11 13:15:42] --- Duration 72h ---
[2026-08-11 13:15:42] OK  - no NA/Inf in at-site L-moments
[2026-08-11 13:15:42] Computed at-site L-moments for 15 stations.
[2026-08-11 13:15:42] Discordancy screening: Dcrit=3.000, removed 0 of 15 sites.
[2026-08-11 13:15:42] OK  - at least 5 stations remain after discordancy screening
[2026-08-11 13:15:42] Homogeneity iter 0: n=15, H1=-0.277
[2026-08-11 13:15:42] OK  - heterogeneity H1 computed and finite
[2026-08-11 13:15:42] Final region: n=15, H1=-0.310 (homogeneous)
[2026-08-11 13:15:42] OK  - goodness-of-fit Z reported for every candidate distribution
[2026-08-11 13:15:42] Distribution [72h]: PE3 via auto (|Z|=0.236).
[2026-08-11 13:15:42] OK  - regional growth curve q(F) is monotone non-decreasing
[2026-08-11 13:15:42] OK  - growth factors are all positive
[2026-08-11 13:15:42] OK  - quantile depths are all positive
[2026-08-11 13:15:42] Estimation: PE3 fitted; index flood = 55.29 mm; q(1e-4/AEP)=2.606.
[2026-08-11 13:15:43]   drop 'USC00457941' -> H1 3.701 (was 3.981)
[2026-08-11 13:15:43] Homogeneity iter 2: n=48, H1=3.701
[2026-08-11 13:15:44] Uncertainty: 500-rep bootstrap; 10,000-yr rel-RMSE=0.042, 90% band [133.3, 152.9] mm.
[2026-08-11 13:15:44] Plots written for 72h: ratio diagram, growth-curve fit, DDF.
[2026-08-11 13:15:44] OK  - station counts reconcile (candidates 17 = used 15 + removed 2)
[2026-08-11 13:15:44] Acquired data: 16 candidate stations after region filter; 2 durations.
[2026-08-11 13:15:44] --- Duration 24h ---
[2026-08-11 13:15:44] OK  - no NA/Inf in at-site L-moments
[2026-08-11 13:15:44] Computed at-site L-moments for 15 stations.
[2026-08-11 13:15:44] Discordancy screening: Dcrit=3.000, removed 0 of 15 sites.
[2026-08-11 13:15:44] OK  - at least 5 stations remain after discordancy screening
[2026-08-11 13:15:44] Homogeneity iter 0: n=15, H1=0.065
[2026-08-11 13:15:44] OK  - heterogeneity H1 computed and finite
[2026-08-11 13:15:44] Final region: n=15, H1=0.015 (homogeneous)
[2026-08-11 13:15:44] OK  - goodness-of-fit Z reported for every candidate distribution
[2026-08-11 13:15:44] Distribution [24h]: GNO via auto (|Z|=0.360).
[2026-08-11 13:15:44] OK  - regional growth curve q(F) is monotone non-decreasing
[2026-08-11 13:15:44] OK  - growth factors are all positive
[2026-08-11 13:15:44] OK  - quantile depths are all positive
[2026-08-11 13:15:44] Estimation: GNO fitted; index flood = 49.92 mm; q(1e-4/AEP)=3.051.
[2026-08-11 13:15:45]   drop 'USC00454446' -> H1 3.465 (was 3.701)
[2026-08-11 13:15:45] Uncertainty: 500-rep bootstrap; 10,000-yr rel-RMSE=0.068, 90% band [134.3, 166.8] mm.
[2026-08-11 13:15:45] Homogeneity iter 3: n=47, H1=3.465
[2026-08-11 13:15:45] Acquired data: 16 candidate stations after region filter; 2 durations.
[2026-08-11 13:15:45] --- Duration 24h ---
[2026-08-11 13:15:45] OK  - no NA/Inf in at-site L-moments
[2026-08-11 13:15:45] Computed at-site L-moments for 15 stations.
[2026-08-11 13:15:45] Discordancy screening: Dcrit=3.000, removed 0 of 15 sites.
[2026-08-11 13:15:45] OK  - at least 5 stations remain after discordancy screening
[2026-08-11 13:15:45] Homogeneity iter 0: n=15, H1=0.065
[2026-08-11 13:15:45] OK  - heterogeneity H1 computed and finite
[2026-08-11 13:15:45] Final region: n=15, H1=0.015 (homogeneous)
[2026-08-11 13:15:45] OK  - goodness-of-fit Z reported for every candidate distribution
[2026-08-11 13:15:45] Distribution [24h]: GNO via auto (|Z|=0.360).
[2026-08-11 13:15:45] OK  - regional growth curve q(F) is monotone non-decreasing
[2026-08-11 13:15:45] OK  - growth factors are all positive
[2026-08-11 13:15:45] OK  - quantile depths are all positive
[2026-08-11 13:15:45] Estimation: GNO fitted; index flood = 49.92 mm; q(1e-4/AEP)=3.051.
[2026-08-11 13:15:45] Plots written for 24h: ratio diagram, growth-curve fit, DDF.
[2026-08-11 13:15:45] OK  - station counts reconcile (candidates 17 = used 15 + removed 2)
[2026-08-11 13:15:45] --- Duration 72h ---
[2026-08-11 13:15:45] OK  - no NA/Inf in at-site L-moments
[2026-08-11 13:15:45] Computed at-site L-moments for 15 stations.
[2026-08-11 13:15:45] Discordancy screening: Dcrit=3.000, removed 0 of 15 sites.
[2026-08-11 13:15:45] OK  - at least 5 stations remain after discordancy screening
[2026-08-11 13:15:45] Homogeneity iter 0: n=15, H1=-0.277
[2026-08-11 13:15:45] OK  - heterogeneity H1 computed and finite
[2026-08-11 13:15:45] Final region: n=15, H1=-0.310 (homogeneous)
[2026-08-11 13:15:45] OK  - goodness-of-fit Z reported for every candidate distribution
[2026-08-11 13:15:45] Distribution [72h]: PE3 via auto (|Z|=0.236).
[2026-08-11 13:15:45] OK  - regional growth curve q(F) is monotone non-decreasing
[2026-08-11 13:15:45] OK  - growth factors are all positive
[2026-08-11 13:15:45] OK  - quantile depths are all positive
[2026-08-11 13:15:45] Estimation: PE3 fitted; index flood = 55.29 mm; q(1e-4/AEP)=2.606.
[2026-08-11 13:15:45] Region map written: ./outputs/figures/FL00291_region_map.png
[2026-08-11 13:15:45] Wrote 14 deliverable tables to ./outputs/tables.
[2026-08-11 13:15:45] Audit report written: ./outputs/report_FL00291.html

DONE. Headline results:
                                  site duration return_period_yr   AEP depth_mm
6  STRUCTURE 193 (HURRICANE GATE NO.6)      24h              100 1e-02    95.66
9  STRUCTURE 193 (HURRICANE GATE NO.6)      24h             1000 1e-03   123.07
12 STRUCTURE 193 (HURRICANE GATE NO.6)      24h            10000 1e-04   152.30
18 STRUCTURE 193 (HURRICANE GATE NO.6)      72h              100 1e-02   100.75
21 STRUCTURE 193 (HURRICANE GATE NO.6)      72h             1000 1e-03   123.07
24 STRUCTURE 193 (HURRICANE GATE NO.6)      72h            10000 1e-04   144.07
   depth_lo_mm depth_hi_mm rel_rmse
6        90.65       99.60    0.029
9       112.38      131.63    0.049
12      134.29      166.76    0.068
18       96.70      104.09    0.023
21      115.82      129.14    0.034
24      133.33      152.85    0.042

Report: ./outputs/report_FL00291.html
[2026-08-11 13:15:46] Uncertainty: 500-rep bootstrap; 10,000-yr rel-RMSE=0.068, 90% band [134.3, 166.8] mm.
[2026-08-11 13:15:46] Plots written for 24h: ratio diagram, growth-curve fit, DDF.
[2026-08-11 13:15:46] OK  - station counts reconcile (candidates 17 = used 15 + removed 2)
[2026-08-11 13:15:46] --- Duration 72h ---
[2026-08-11 13:15:46] OK  - no NA/Inf in at-site L-moments
[2026-08-11 13:15:46] Computed at-site L-moments for 15 stations.
[2026-08-11 13:15:46] Discordancy screening: Dcrit=3.000, removed 0 of 15 sites.
[2026-08-11 13:15:46] OK  - at least 5 stations remain after discordancy screening
[2026-08-11 13:15:46] Homogeneity iter 0: n=15, H1=-0.277
[2026-08-11 13:15:46] OK  - heterogeneity H1 computed and finite
[2026-08-11 13:15:46] Final region: n=15, H1=-0.310 (homogeneous)
[2026-08-11 13:15:46] OK  - goodness-of-fit Z reported for every candidate distribution
[2026-08-11 13:15:46] Distribution [72h]: PE3 via auto (|Z|=0.236).
[2026-08-11 13:15:46] OK  - regional growth curve q(F) is monotone non-decreasing
[2026-08-11 13:15:46] OK  - growth factors are all positive
[2026-08-11 13:15:46] OK  - quantile depths are all positive
[2026-08-11 13:15:46] Estimation: PE3 fitted; index flood = 55.29 mm; q(1e-4/AEP)=2.606.
[2026-08-11 13:15:46] Uncertainty: 500-rep bootstrap; 10,000-yr rel-RMSE=0.042, 90% band [133.3, 152.9] mm.
[2026-08-11 13:15:46] Plots written for 72h: ratio diagram, growth-curve fit, DDF.
[2026-08-11 13:15:46] OK  - station counts reconcile (candidates 17 = used 15 + removed 2)
[2026-08-11 13:15:46] === KENTUCKY : 2026-08-11T13:15:46 ===
GHCN download unavailable; falling back to SYNTHETIC demo data.
Generating SYNTHETIC demo data (offline) for KY15701 at (36.242, -88.108).
[2026-08-11 13:15:47]   drop 'USS0017A01S' -> H1 3.066 (was 3.465)
[2026-08-11 13:15:47] Homogeneity iter 4: n=46, H1=3.066
[2026-08-11 13:15:47] Uncertainty: 500-rep bootstrap; 10,000-yr rel-RMSE=0.042, 90% band [133.3, 152.9] mm.
Demo data written for 17 stations to ./data/synthetic/KY15701 (SYNTHETIC — not real observations).
[2026-08-11 13:15:47] Plots written for 72h: ratio diagram, growth-curve fit, DDF.
[2026-08-11 13:15:47] OK  - station counts reconcile (candidates 17 = used 15 + removed 2)
[2026-08-11 13:15:48] Region map written: ./outputs/figures/FL00678_region_map.png
[2026-08-11 13:15:48] Wrote 14 deliverable tables to ./outputs/tables.
[2026-08-11 13:15:48] Audit report written: ./outputs/report_FL00678.html

DONE. Headline results:
                      site duration return_period_yr   AEP depth_mm depth_lo_mm
6  PUMPING STATION NO. 236      24h              100 1e-02    95.66       90.65
9  PUMPING STATION NO. 236      24h             1000 1e-03   123.07      112.38
12 PUMPING STATION NO. 236      24h            10000 1e-04   152.30      134.29
18 PUMPING STATION NO. 236      72h              100 1e-02   100.75       96.70
21 PUMPING STATION NO. 236      72h             1000 1e-03   123.07      115.82
24 PUMPING STATION NO. 236      72h            10000 1e-04   144.07      133.33
   depth_hi_mm rel_rmse
6        99.60    0.029
9       131.63    0.049
12      166.76    0.068
18      104.09    0.023
21      129.14    0.034
24      152.85    0.042

Report: ./outputs/report_FL00678.html
[2026-08-11 13:15:49] Region map written: ./outputs/figures/FL00312_region_map.png
[2026-08-11 13:15:49] Wrote 14 deliverable tables to ./outputs/tables.
[2026-08-11 13:15:49]   drop 'USC00455133' -> H1 2.867 (was 3.066)
[2026-08-11 13:15:49] Audit report written: ./outputs/report_FL00312.html

DONE. Headline results:
                                  site duration return_period_yr   AEP depth_mm
6  STRUCTURE 310 (HURRICANE GATE NO.2)      24h              100 1e-02    95.66
9  STRUCTURE 310 (HURRICANE GATE NO.2)      24h             1000 1e-03   123.07
12 STRUCTURE 310 (HURRICANE GATE NO.2)      24h            10000 1e-04   152.30
18 STRUCTURE 310 (HURRICANE GATE NO.2)      72h              100 1e-02   100.75
21 STRUCTURE 310 (HURRICANE GATE NO.2)      72h             1000 1e-03   123.07
24 STRUCTURE 310 (HURRICANE GATE NO.2)      72h            10000 1e-04   144.07
   depth_lo_mm depth_hi_mm rel_rmse
6        90.65       99.60    0.029
9       112.38      131.63    0.049
12      134.29      166.76    0.068
18       96.70      104.09    0.023
21      115.82      129.14    0.034
24      133.33      152.85    0.042

Report: ./outputs/report_FL00312.html
[2026-08-11 13:15:49] Homogeneity iter 5: n=45, H1=2.867
[2026-08-11 13:15:49] === RAAD - ACORN RIDGE : 2026-08-11T13:15:49 ===
GHCN: 4 stations acquired (cache data/raw/ghcn/by_station).
[2026-08-11 13:15:50] === SAM RAYBURN DAM AND RESERVOIR : 2026-08-11T13:15:50 ===
GHCN download unavailable; falling back to SYNTHETIC demo data.
Generating SYNTHETIC demo data (offline) for TX00011 at (31.0666, -94.0999).
[2026-08-11 13:15:51]   drop 'USC00459058' -> H1 2.522 (was 2.867)
[2026-08-11 13:15:51] Homogeneity iter 6: n=44, H1=2.522
Demo data written for 17 stations to ./data/synthetic/TX00011 (SYNTHETIC — not real observations).
[2026-08-11 13:15:51] Acquired data: 4 candidate stations after region filter; 2 durations.
[2026-08-11 13:15:51] --- Duration 24h ---
[2026-08-11 13:15:52] Acquired data: 16 candidate stations after region filter; 2 durations.
[2026-08-11 13:15:52] --- Duration 24h ---
[2026-08-11 13:15:52] OK  - no NA/Inf in at-site L-moments
[2026-08-11 13:15:52] Computed at-site L-moments for 15 stations.
[2026-08-11 13:15:52] Discordancy screening: Dcrit=3.000, removed 0 of 15 sites.
[2026-08-11 13:15:52] OK  - at least 5 stations remain after discordancy screening
[2026-08-11 13:15:52] Homogeneity iter 0: n=15, H1=0.065
[2026-08-11 13:15:52] OK  - heterogeneity H1 computed and finite
[2026-08-11 13:15:52] Final region: n=15, H1=0.015 (homogeneous)
[2026-08-11 13:15:52] OK  - goodness-of-fit Z reported for every candidate distribution
[2026-08-11 13:15:52] Distribution [24h]: GNO via auto (|Z|=0.360).
[2026-08-11 13:15:52] OK  - regional growth curve q(F) is monotone non-decreasing
[2026-08-11 13:15:52] OK  - growth factors are all positive
[2026-08-11 13:15:52] OK  - quantile depths are all positive
[2026-08-11 13:15:52] Estimation: GNO fitted; index flood = 49.92 mm; q(1e-4/AEP)=3.051.
[2026-08-11 13:15:52] === WRIGHT PATMAN DAM AND LAKE : 2026-08-11T13:15:52 ===
[2026-08-11 13:15:52]   drop 'USC00453410' -> H1 2.055 (was 2.522)
GHCN: 1 stations acquired (cache data/raw/ghcn/by_station).
[2026-08-11 13:15:52] Homogeneity iter 7: n=43, H1=2.055
[2026-08-11 13:15:53] Uncertainty: 500-rep bootstrap; 10,000-yr rel-RMSE=0.068, 90% band [134.3, 166.8] mm.
[2026-08-11 13:15:53] Acquired data: 1 candidate stations after region filter; 2 durations.
[2026-08-11 13:15:53] --- Duration 24h ---
[2026-08-11 13:15:53] Plots written for 24h: ratio diagram, growth-curve fit, DDF.
[2026-08-11 13:15:53] OK  - station counts reconcile (candidates 17 = used 15 + removed 2)
[2026-08-11 13:15:53] --- Duration 72h ---
[2026-08-11 13:15:53] OK  - no NA/Inf in at-site L-moments
[2026-08-11 13:15:53] Computed at-site L-moments for 15 stations.
[2026-08-11 13:15:53] Discordancy screening: Dcrit=3.000, removed 0 of 15 sites.
[2026-08-11 13:15:53] OK  - at least 5 stations remain after discordancy screening
[2026-08-11 13:15:53] Homogeneity iter 0: n=15, H1=-0.277
[2026-08-11 13:15:53] OK  - heterogeneity H1 computed and finite
[2026-08-11 13:15:53] Final region: n=15, H1=-0.310 (homogeneous)
[2026-08-11 13:15:53] OK  - goodness-of-fit Z reported for every candidate distribution
[2026-08-11 13:15:53] Distribution [72h]: PE3 via auto (|Z|=0.236).
[2026-08-11 13:15:53] OK  - regional growth curve q(F) is monotone non-decreasing
[2026-08-11 13:15:53] OK  - growth factors are all positive
[2026-08-11 13:15:53] OK  - quantile depths are all positive
[2026-08-11 13:15:53] Estimation: PE3 fitted; index flood = 55.29 mm; q(1e-4/AEP)=2.606.
[2026-08-11 13:15:54] === FORT RANDALL DAM : 2026-08-11T13:15:54 ===
[2026-08-11 13:15:54]   drop 'USC00457180' -> H1 1.793 (was 2.055)
[2026-08-11 13:15:54] Homogeneity iter 8: n=42, H1=1.793
[2026-08-11 13:15:54] Uncertainty: 500-rep bootstrap; 10,000-yr rel-RMSE=0.042, 90% band [133.3, 152.9] mm.
[2026-08-11 13:15:54] Plots written for 72h: ratio diagram, growth-curve fit, DDF.
[2026-08-11 13:15:54] OK  - station counts reconcile (candidates 17 = used 15 + removed 2)
[2026-08-11 13:15:55] Acquired data: 16 candidate stations after region filter; 2 durations.
[2026-08-11 13:15:55] --- Duration 24h ---
[2026-08-11 13:15:55] OK  - no NA/Inf in at-site L-moments
[2026-08-11 13:15:55] Computed at-site L-moments for 15 stations.
[2026-08-11 13:15:55] Discordancy screening: Dcrit=3.000, removed 0 of 15 sites.
[2026-08-11 13:15:55] OK  - at least 5 stations remain after discordancy screening
[2026-08-11 13:15:55] Homogeneity iter 0: n=15, H1=0.065
[2026-08-11 13:15:55] OK  - heterogeneity H1 computed and finite
[2026-08-11 13:15:55] Final region: n=15, H1=0.015 (homogeneous)
[2026-08-11 13:15:55] OK  - goodness-of-fit Z reported for every candidate distribution
[2026-08-11 13:15:55] Distribution [24h]: GNO via auto (|Z|=0.360).
[2026-08-11 13:15:55] OK  - regional growth curve q(F) is monotone non-decreasing
[2026-08-11 13:15:55] OK  - growth factors are all positive
[2026-08-11 13:15:55] OK  - quantile depths are all positive
[2026-08-11 13:15:55] Estimation: GNO fitted; index flood = 49.92 mm; q(1e-4/AEP)=3.051.
[2026-08-11 13:15:56] Region map written: ./outputs/figures/KY15701_region_map.png
[2026-08-11 13:15:56] Wrote 14 deliverable tables to ./outputs/tables.
[2026-08-11 13:15:56] Audit report written: ./outputs/report_KY15701.html

DONE. Headline results:
       site duration return_period_yr   AEP depth_mm depth_lo_mm depth_hi_mm
6  KENTUCKY      24h              100 1e-02    95.66       90.65       99.60
9  KENTUCKY      24h             1000 1e-03   123.07      112.38      131.63
12 KENTUCKY      24h            10000 1e-04   152.30      134.29      166.76
18 KENTUCKY      72h              100 1e-02   100.75       96.70      104.09
21 KENTUCKY      72h             1000 1e-03   123.07      115.82      129.14
24 KENTUCKY      72h            10000 1e-04   144.07      133.33      152.85
   rel_rmse
6     0.029
9     0.049
12    0.068
18    0.023
21    0.034
24    0.042

Report: ./outputs/report_KY15701.html
[2026-08-11 13:15:56]   drop 'USS0020A05S' -> H1 1.543 (was 1.793)
[2026-08-11 13:15:56] Homogeneity iter 9: n=41, H1=1.543
[2026-08-11 13:15:56] Uncertainty: 500-rep bootstrap; 10,000-yr rel-RMSE=0.068, 90% band [134.3, 166.8] mm.
[2026-08-11 13:15:56] Plots written for 24h: ratio diagram, growth-curve fit, DDF.
[2026-08-11 13:15:56] OK  - station counts reconcile (candidates 17 = used 15 + removed 2)
[2026-08-11 13:15:56] --- Duration 72h ---
[2026-08-11 13:15:56] OK  - no NA/Inf in at-site L-moments
[2026-08-11 13:15:56] Computed at-site L-moments for 15 stations.
[2026-08-11 13:15:56] Discordancy screening: Dcrit=3.000, removed 0 of 15 sites.
[2026-08-11 13:15:56] OK  - at least 5 stations remain after discordancy screening
[2026-08-11 13:15:56] Homogeneity iter 0: n=15, H1=-0.277
[2026-08-11 13:15:56] OK  - heterogeneity H1 computed and finite
[2026-08-11 13:15:56] Final region: n=15, H1=-0.310 (homogeneous)
[2026-08-11 13:15:56] OK  - goodness-of-fit Z reported for every candidate distribution
[2026-08-11 13:15:56] Distribution [72h]: PE3 via auto (|Z|=0.236).
[2026-08-11 13:15:56] OK  - regional growth curve q(F) is monotone non-decreasing
[2026-08-11 13:15:56] OK  - growth factors are all positive
[2026-08-11 13:15:56] OK  - quantile depths are all positive
[2026-08-11 13:15:56] Estimation: PE3 fitted; index flood = 55.29 mm; q(1e-4/AEP)=2.606.
[2026-08-11 13:15:57] === WOLF CREEK : 2026-08-11T13:15:57 ===
GHCN: 3 stations acquired (cache data/raw/ghcn/by_station).
[2026-08-11 13:15:57]   drop 'USW00024157' -> H1 1.444 (was 1.543)
[2026-08-11 13:15:57] Homogeneity iter 10: n=40, H1=1.444
[2026-08-11 13:15:57] Uncertainty: 500-rep bootstrap; 10,000-yr rel-RMSE=0.042, 90% band [133.3, 152.9] mm.
[2026-08-11 13:15:58] Plots written for 72h: ratio diagram, growth-curve fit, DDF.
[2026-08-11 13:15:58] OK  - station counts reconcile (candidates 17 = used 15 + removed 2)
[2026-08-11 13:15:58] Acquired data: 3 candidate stations after region filter; 2 durations.
[2026-08-11 13:15:58] --- Duration 24h ---
GHCN: 44 stations acquired (cache data/raw/ghcn/by_station).
[2026-08-11 13:15:59]   drop 'USC00452007' -> H1 1.030 (was 1.444)
[2026-08-11 13:15:59] Homogeneity iter 11: n=39, H1=1.030
[2026-08-11 13:15:59] Region map written: ./outputs/figures/TX00011_region_map.png
[2026-08-11 13:15:59] Wrote 14 deliverable tables to ./outputs/tables.
[2026-08-11 13:15:59] Audit report written: ./outputs/report_TX00011.html

DONE. Headline results:
                            site duration return_period_yr   AEP depth_mm
6  SAM RAYBURN DAM AND RESERVOIR      24h              100 1e-02    95.66
9  SAM RAYBURN DAM AND RESERVOIR      24h             1000 1e-03   123.07
12 SAM RAYBURN DAM AND RESERVOIR      24h            10000 1e-04   152.30
18 SAM RAYBURN DAM AND RESERVOIR      72h              100 1e-02   100.75
21 SAM RAYBURN DAM AND RESERVOIR      72h             1000 1e-03   123.07
24 SAM RAYBURN DAM AND RESERVOIR      72h            10000 1e-04   144.07
   depth_lo_mm depth_hi_mm rel_rmse
6        90.65       99.60    0.029
9       112.38      131.63    0.049
12      134.29      166.76    0.068
18       96.70      104.09    0.023
21      115.82      129.14    0.034
24      133.33      152.85    0.042

Report: ./outputs/report_TX00011.html
[2026-08-11 13:15:59] === LIBBY : 2026-08-11T13:15:59 ===
[2026-08-11 13:16:00]   drop 'USC00455844' -> H1 0.832 (was 1.030)
[2026-08-11 13:16:00] Homogeneity iter 12: n=38, H1=0.832
[2026-08-11 13:16:00] OK  - heterogeneity H1 computed and finite
[2026-08-11 13:16:00] Final region: n=38, H1=0.817 (homogeneous)
[2026-08-11 13:16:00] OK  - goodness-of-fit Z reported for every candidate distribution
[2026-08-11 13:16:00] Distribution [72h]: GLO via auto (|Z|=1.583).
[2026-08-11 13:16:00] OK  - regional growth curve q(F) is monotone non-decreasing
[2026-08-11 13:16:00] OK  - growth factors are all positive
[2026-08-11 13:16:00] OK  - quantile depths are all positive
[2026-08-11 13:16:00] Estimation: GLO fitted; index flood = 63.04 mm; q(1e-4/AEP)=4.908.
[2026-08-11 13:16:00] === BULL SHOALS : 2026-08-11T13:16:00 ===
[2026-08-11 13:16:01] Uncertainty: 500-rep bootstrap; 10,000-yr rel-RMSE=0.079, 90% band [264.3, 334.3] mm.
GHCN: 8 stations acquired (cache data/raw/ghcn/by_station).
[2026-08-11 13:16:01] Plots written for 72h: ratio diagram, growth-curve fit, DDF.
[2026-08-11 13:16:01] OK  - station counts reconcile (candidates 60 = used 38 + removed 22)
[2026-08-11 13:16:02] Region map written: ./outputs/figures/WA00262_region_map.png
[2026-08-11 13:16:02] Wrote 14 deliverable tables to ./outputs/tables.
[2026-08-11 13:16:03] Audit report written: ./outputs/report_WA00262.html

DONE. Headline results:
           site duration return_period_yr   AEP depth_mm depth_lo_mm
6  GRAND COULEE      24h              100 1e-02    88.71       85.20
9  GRAND COULEE      24h             1000 1e-03   119.58      110.84
12 GRAND COULEE      24h            10000 1e-04   153.81      136.81
18 GRAND COULEE      72h              100 1e-02   134.71      128.30
21 GRAND COULEE      72h             1000 1e-03   204.06      184.43
24 GRAND COULEE      72h            10000 1e-04   309.44      264.32
   depth_hi_mm rel_rmse
6        90.94    0.022
9       125.25    0.041
12      165.40    0.063
18      138.46    0.026
21      214.62    0.051
24      334.33    0.079

Report: ./outputs/report_WA00262.html
[2026-08-11 13:16:04] === HARRY S TRUMAN DAM : 2026-08-11T13:16:04 ===
[2026-08-11 13:16:04] Acquired data: 8 candidate stations after region filter; 2 durations.
[2026-08-11 13:16:04] --- Duration 24h ---
[2026-08-11 13:16:04] OK  - no NA/Inf in at-site L-moments
[2026-08-11 13:16:04] Computed at-site L-moments for 6 stations.
[2026-08-11 13:16:04] Discordancy screening: Dcrit=1.648, removed 1 of 6 sites.
[2026-08-11 13:16:04] OK  - at least 5 stations remain after discordancy screening
[2026-08-11 13:16:04] Homogeneity iter 0: n=5, H1=0.668
[2026-08-11 13:16:04] OK  - heterogeneity H1 computed and finite
[2026-08-11 13:16:04] Final region: n=5, H1=0.461 (homogeneous)
[2026-08-11 13:16:04] OK  - goodness-of-fit Z reported for every candidate distribution
[2026-08-11 13:16:04] Distribution [24h]: GLO via auto (|Z|=0.100).
[2026-08-11 13:16:04] OK  - regional growth curve q(F) is monotone non-decreasing
[2026-08-11 13:16:04] OK  - growth factors are all positive
[2026-08-11 13:16:04] OK  - quantile depths are all positive
[2026-08-11 13:16:04] Estimation: GLO fitted; index flood = 102.74 mm; q(1e-4/AEP)=6.395.
GHCN download unavailable; falling back to SYNTHETIC demo data.
Generating SYNTHETIC demo data (offline) for MO20725 at (38.2666, -93.4016).
[2026-08-11 13:16:04] Uncertainty: 500-rep bootstrap; 10,000-yr rel-RMSE=0.274, 90% band [391.3, 951.7] mm.
[2026-08-11 13:16:04] Plots written for 24h: ratio diagram, growth-curve fit, DDF.
[2026-08-11 13:16:04] OK  - station counts reconcile (candidates 8 = used 5 + removed 3)
[2026-08-11 13:16:04] --- Duration 72h ---
[2026-08-11 13:16:04] OK  - no NA/Inf in at-site L-moments
[2026-08-11 13:16:04] Computed at-site L-moments for 6 stations.
[2026-08-11 13:16:04] Discordancy screening: Dcrit=1.648, removed 1 of 6 sites.
[2026-08-11 13:16:04] OK  - at least 5 stations remain after discordancy screening
[2026-08-11 13:16:04] Homogeneity iter 0: n=5, H1=-1.053
[2026-08-11 13:16:04] OK  - heterogeneity H1 computed and finite
[2026-08-11 13:16:04] Final region: n=5, H1=-1.145 (homogeneous)
[2026-08-11 13:16:04] OK  - goodness-of-fit Z reported for every candidate distribution
[2026-08-11 13:16:04] Distribution [72h]: GLO via auto (|Z|=0.202).
[2026-08-11 13:16:04] OK  - regional growth curve q(F) is monotone non-decreasing
[2026-08-11 13:16:04] OK  - growth factors are all positive
[2026-08-11 13:16:04] OK  - quantile depths are all positive
[2026-08-11 13:16:04] Estimation: GLO fitted; index flood = 134.07 mm; q(1e-4/AEP)=6.419.
Demo data written for 17 stations to ./data/synthetic/MO20725 (SYNTHETIC — not real observations).
[2026-08-11 13:16:05] Uncertainty: 500-rep bootstrap; 10,000-yr rel-RMSE=0.265, 90% band [515.0, 1229.9] mm.
[2026-08-11 13:16:05] Plots written for 72h: ratio diagram, growth-curve fit, DDF.
[2026-08-11 13:16:05] OK  - station counts reconcile (candidates 8 = used 5 + removed 3)
[2026-08-11 13:16:06] Region map written: ./outputs/figures/AR00160_region_map.png
[2026-08-11 13:16:06] Wrote 14 deliverable tables to ./outputs/tables.
[2026-08-11 13:16:06] Audit report written: ./outputs/report_AR00160.html

DONE. Headline results:
          site duration return_period_yr   AEP depth_mm depth_lo_mm depth_hi_mm
6  BULL SHOALS      24h              100 1e-02   239.22      202.34      270.11
9  BULL SHOALS      24h             1000 1e-03   394.09      283.00      498.78
12 BULL SHOALS      24h            10000 1e-04   657.00      391.29      951.73
18 BULL SHOALS      72h              100 1e-02   309.51      262.16      348.22
21 BULL SHOALS      72h             1000 1e-03   512.18      367.47      645.22
24 BULL SHOALS      72h            10000 1e-04   860.59      514.99     1229.91
   rel_rmse
6     0.090
9     0.176
12    0.274
18    0.087
21    0.171
24    0.265

Report: ./outputs/report_AR00160.html
[2026-08-11 13:16:07] === DENISON DAM : 2026-08-11T13:16:07 ===
GHCN download unavailable; falling back to SYNTHETIC demo data.
Generating SYNTHETIC demo data (offline) for OK10317 at (33.8333, -96.5666).
GHCN: 60 stations acquired (cache data/raw/ghcn/by_station).
Demo data written for 17 stations to ./data/synthetic/OK10317 (SYNTHETIC — not real observations).
[2026-08-11 13:16:09] Acquired data: 16 candidate stations after region filter; 2 durations.
[2026-08-11 13:16:09] --- Duration 24h ---
[2026-08-11 13:16:09] OK  - no NA/Inf in at-site L-moments
[2026-08-11 13:16:09] Computed at-site L-moments for 15 stations.
[2026-08-11 13:16:09] Discordancy screening: Dcrit=3.000, removed 0 of 15 sites.
[2026-08-11 13:16:09] OK  - at least 5 stations remain after discordancy screening
[2026-08-11 13:16:09] Homogeneity iter 0: n=15, H1=0.065
[2026-08-11 13:16:09] OK  - heterogeneity H1 computed and finite
[2026-08-11 13:16:09] Final region: n=15, H1=0.015 (homogeneous)
[2026-08-11 13:16:09] OK  - goodness-of-fit Z reported for every candidate distribution
[2026-08-11 13:16:09] Distribution [24h]: GNO via auto (|Z|=0.360).
[2026-08-11 13:16:09] OK  - regional growth curve q(F) is monotone non-decreasing
[2026-08-11 13:16:09] OK  - growth factors are all positive
[2026-08-11 13:16:09] OK  - quantile depths are all positive
[2026-08-11 13:16:09] Estimation: GNO fitted; index flood = 49.92 mm; q(1e-4/AEP)=3.051.
[2026-08-11 13:16:10] Uncertainty: 500-rep bootstrap; 10,000-yr rel-RMSE=0.068, 90% band [134.3, 166.8] mm.
[2026-08-11 13:16:10] Plots written for 24h: ratio diagram, growth-curve fit, DDF.
[2026-08-11 13:16:10] OK  - station counts reconcile (candidates 17 = used 15 + removed 2)
[2026-08-11 13:16:10] --- Duration 72h ---
[2026-08-11 13:16:10] OK  - no NA/Inf in at-site L-moments
[2026-08-11 13:16:10] Computed at-site L-moments for 15 stations.
[2026-08-11 13:16:10] Discordancy screening: Dcrit=3.000, removed 0 of 15 sites.
[2026-08-11 13:16:10] OK  - at least 5 stations remain after discordancy screening
[2026-08-11 13:16:10] Homogeneity iter 0: n=15, H1=-0.277
[2026-08-11 13:16:10] OK  - heterogeneity H1 computed and finite
[2026-08-11 13:16:10] Final region: n=15, H1=-0.310 (homogeneous)
[2026-08-11 13:16:10] OK  - goodness-of-fit Z reported for every candidate distribution
[2026-08-11 13:16:10] Distribution [72h]: PE3 via auto (|Z|=0.236).
[2026-08-11 13:16:10] OK  - regional growth curve q(F) is monotone non-decreasing
[2026-08-11 13:16:10] OK  - growth factors are all positive
[2026-08-11 13:16:10] OK  - quantile depths are all positive
[2026-08-11 13:16:10] Estimation: PE3 fitted; index flood = 55.29 mm; q(1e-4/AEP)=2.606.
[2026-08-11 13:16:11] Uncertainty: 500-rep bootstrap; 10,000-yr rel-RMSE=0.042, 90% band [133.3, 152.9] mm.
[2026-08-11 13:16:11] Plots written for 72h: ratio diagram, growth-curve fit, DDF.
[2026-08-11 13:16:11] OK  - station counts reconcile (candidates 17 = used 15 + removed 2)
[2026-08-11 13:16:12] Region map written: ./outputs/figures/MO20725_region_map.png
[2026-08-11 13:16:13] Wrote 14 deliverable tables to ./outputs/tables.
[2026-08-11 13:16:13] Audit report written: ./outputs/report_MO20725.html

DONE. Headline results:
                 site duration return_period_yr   AEP depth_mm depth_lo_mm
6  HARRY S TRUMAN DAM      24h              100 1e-02    95.66       90.65
9  HARRY S TRUMAN DAM      24h             1000 1e-03   123.07      112.38
12 HARRY S TRUMAN DAM      24h            10000 1e-04   152.30      134.29
18 HARRY S TRUMAN DAM      72h              100 1e-02   100.75       96.70
21 HARRY S TRUMAN DAM      72h             1000 1e-03   123.07      115.82
24 HARRY S TRUMAN DAM      72h            10000 1e-04   144.07      133.33
   depth_hi_mm rel_rmse
6        99.60    0.029
9       131.63    0.049
12      166.76    0.068
18      104.09    0.023
21      129.14    0.034
24      152.85    0.042

Report: ./outputs/report_MO20725.html
[2026-08-11 13:16:13] Acquired data: 16 candidate stations after region filter; 2 durations.
[2026-08-11 13:16:13] --- Duration 24h ---
[2026-08-11 13:16:13] OK  - no NA/Inf in at-site L-moments
[2026-08-11 13:16:13] Computed at-site L-moments for 15 stations.
[2026-08-11 13:16:13] Discordancy screening: Dcrit=3.000, removed 0 of 15 sites.
[2026-08-11 13:16:13] OK  - at least 5 stations remain after discordancy screening
[2026-08-11 13:16:13] Homogeneity iter 0: n=15, H1=0.065
[2026-08-11 13:16:13] OK  - heterogeneity H1 computed and finite
[2026-08-11 13:16:13] Final region: n=15, H1=0.015 (homogeneous)
[2026-08-11 13:16:13] OK  - goodness-of-fit Z reported for every candidate distribution
[2026-08-11 13:16:13] Distribution [24h]: GNO via auto (|Z|=0.360).
[2026-08-11 13:16:13] OK  - regional growth curve q(F) is monotone non-decreasing
[2026-08-11 13:16:13] OK  - growth factors are all positive
[2026-08-11 13:16:13] OK  - quantile depths are all positive
[2026-08-11 13:16:13] Estimation: GNO fitted; index flood = 49.92 mm; q(1e-4/AEP)=3.051.
[2026-08-11 13:16:14] Uncertainty: 500-rep bootstrap; 10,000-yr rel-RMSE=0.068, 90% band [134.3, 166.8] mm.
[2026-08-11 13:16:14] === AMISTAD : 2026-08-11T13:16:14 ===
[2026-08-11 13:16:14] Plots written for 24h: ratio diagram, growth-curve fit, DDF.
[2026-08-11 13:16:14] OK  - station counts reconcile (candidates 17 = used 15 + removed 2)
[2026-08-11 13:16:14] --- Duration 72h ---
[2026-08-11 13:16:14] OK  - no NA/Inf in at-site L-moments
[2026-08-11 13:16:14] Computed at-site L-moments for 15 stations.
[2026-08-11 13:16:14] Discordancy screening: Dcrit=3.000, removed 0 of 15 sites.
[2026-08-11 13:16:14] OK  - at least 5 stations remain after discordancy screening
[2026-08-11 13:16:14] Homogeneity iter 0: n=15, H1=-0.277
[2026-08-11 13:16:14] OK  - heterogeneity H1 computed and finite
[2026-08-11 13:16:14] Final region: n=15, H1=-0.310 (homogeneous)
[2026-08-11 13:16:14] OK  - goodness-of-fit Z reported for every candidate distribution
[2026-08-11 13:16:14] Distribution [72h]: PE3 via auto (|Z|=0.236).
[2026-08-11 13:16:14] OK  - regional growth curve q(F) is monotone non-decreasing
[2026-08-11 13:16:14] OK  - growth factors are all positive
[2026-08-11 13:16:14] OK  - quantile depths are all positive
[2026-08-11 13:16:14] Estimation: PE3 fitted; index flood = 55.29 mm; q(1e-4/AEP)=2.606.
[2026-08-11 13:16:15] Uncertainty: 500-rep bootstrap; 10,000-yr rel-RMSE=0.042, 90% band [133.3, 152.9] mm.
[2026-08-11 13:16:15] Plots written for 72h: ratio diagram, growth-curve fit, DDF.
[2026-08-11 13:16:15] OK  - station counts reconcile (candidates 17 = used 15 + removed 2)
GHCN: 17 stations acquired (cache data/raw/ghcn/by_station).
[2026-08-11 13:16:16] Region map written: ./outputs/figures/OK10317_region_map.png
[2026-08-11 13:16:16] Wrote 14 deliverable tables to ./outputs/tables.
[2026-08-11 13:16:16] Audit report written: ./outputs/report_OK10317.html

DONE. Headline results:
          site duration return_period_yr   AEP depth_mm depth_lo_mm depth_hi_mm
6  DENISON DAM      24h              100 1e-02    95.66       90.65       99.60
9  DENISON DAM      24h             1000 1e-03   123.07      112.38      131.63
12 DENISON DAM      24h            10000 1e-04   152.30      134.29      166.76
18 DENISON DAM      72h              100 1e-02   100.75       96.70      104.09
21 DENISON DAM      72h             1000 1e-03   123.07      115.82      129.14
24 DENISON DAM      72h            10000 1e-04   144.07      133.33      152.85
   rel_rmse
6     0.029
9     0.049
12    0.068
18    0.023
21    0.034
24    0.042

Report: ./outputs/report_OK10317.html
[2026-08-11 13:16:17] Acquired data: 44 candidate stations after region filter; 2 durations.
[2026-08-11 13:16:17] --- Duration 24h ---
[2026-08-11 13:16:17] OK  - no NA/Inf in at-site L-moments
[2026-08-11 13:16:17] Computed at-site L-moments for 32 stations.
[2026-08-11 13:16:17] Discordancy screening: Dcrit=3.000, removed 3 of 32 sites.
[2026-08-11 13:16:17] OK  - at least 5 stations remain after discordancy screening
[2026-08-11 13:16:17] Homogeneity iter 0: n=29, H1=-0.631
[2026-08-11 13:16:17] OK  - heterogeneity H1 computed and finite
[2026-08-11 13:16:17] Final region: n=29, H1=-0.673 (homogeneous)
[2026-08-11 13:16:17] OK  - goodness-of-fit Z reported for every candidate distribution
[2026-08-11 13:16:17] Distribution [24h]: GEV via auto (|Z|=0.907).
[2026-08-11 13:16:17] OK  - regional growth curve q(F) is monotone non-decreasing
[2026-08-11 13:16:17] OK  - growth factors are all positive
[2026-08-11 13:16:17] OK  - quantile depths are all positive
[2026-08-11 13:16:17] Estimation: GEV fitted; index flood = 62.81 mm; q(1e-4/AEP)=3.730.
[2026-08-11 13:16:17] === TOLEDO BEND SADDLE DIKE 1 : 2026-08-11T13:16:17 ===
GHCN download unavailable; falling back to SYNTHETIC demo data.
Generating SYNTHETIC demo data (offline) for LA00030 at (31.1614, -93.5838).
[2026-08-11 13:16:18] Uncertainty: 500-rep bootstrap; 10,000-yr rel-RMSE=0.061, 90% band [207.7, 254.1] mm.
[2026-08-11 13:16:18] Plots written for 24h: ratio diagram, growth-curve fit, DDF.
[2026-08-11 13:16:18] OK  - station counts reconcile (candidates 44 = used 29 + removed 15)
[2026-08-11 13:16:18] --- Duration 72h ---
[2026-08-11 13:16:18] OK  - no NA/Inf in at-site L-moments
[2026-08-11 13:16:18] Computed at-site L-moments for 32 stations.
[2026-08-11 13:16:18] Discordancy screening: Dcrit=3.000, removed 2 of 32 sites.
[2026-08-11 13:16:18] OK  - at least 5 stations remain after discordancy screening
Demo data written for 17 stations to ./data/synthetic/LA00030 (SYNTHETIC — not real observations).
[2026-08-11 13:16:18] Homogeneity iter 0: n=30, H1=-0.237
[2026-08-11 13:16:18] OK  - heterogeneity H1 computed and finite
[2026-08-11 13:16:18] Final region: n=30, H1=-0.251 (homogeneous)
[2026-08-11 13:16:19] OK  - goodness-of-fit Z reported for every candidate distribution
[2026-08-11 13:16:19] Distribution [72h]: GEV via auto (|Z|=0.141).
[2026-08-11 13:16:19] OK  - regional growth curve q(F) is monotone non-decreasing
[2026-08-11 13:16:19] OK  - growth factors are all positive
[2026-08-11 13:16:19] OK  - quantile depths are all positive
[2026-08-11 13:16:19] Estimation: GEV fitted; index flood = 74.70 mm; q(1e-4/AEP)=3.246.
[2026-08-11 13:16:20] Uncertainty: 500-rep bootstrap; 10,000-yr rel-RMSE=0.054, 90% band [219.6, 261.6] mm.
[2026-08-11 13:16:20] Plots written for 72h: ratio diagram, growth-curve fit, DDF.
[2026-08-11 13:16:20] OK  - station counts reconcile (candidates 44 = used 30 + removed 14)
[2026-08-11 13:16:21] Region map written: ./outputs/figures/SD01093_region_map.png
[2026-08-11 13:16:21] Wrote 14 deliverable tables to ./outputs/tables.
[2026-08-11 13:16:21] Audit report written: ./outputs/report_SD01093.html

DONE. Headline results:
               site duration return_period_yr   AEP depth_mm depth_lo_mm
6  FORT RANDALL DAM      24h              100 1e-02   136.90      131.18
9  FORT RANDALL DAM      24h             1000 1e-03   183.94      169.60
12 FORT RANDALL DAM      24h            10000 1e-04   234.30      207.71
18 FORT RANDALL DAM      72h              100 1e-02   154.25      148.58
21 FORT RANDALL DAM      72h             1000 1e-03   198.79      185.56
24 FORT RANDALL DAM      72h            10000 1e-04   242.52      219.62
   depth_hi_mm rel_rmse
6       140.90    0.022
9       194.26    0.041
12      254.08    0.061
18      158.67    0.020
21      209.38    0.037
24      261.62    0.054

Report: ./outputs/report_SD01093.html
[2026-08-11 13:16:22] Acquired data: 17 candidate stations after region filter; 2 durations.
[2026-08-11 13:16:22] --- Duration 24h ---
[2026-08-11 13:16:22] OK  - no NA/Inf in at-site L-moments
[2026-08-11 13:16:22] Computed at-site L-moments for 14 stations.
[2026-08-11 13:16:22] Discordancy screening: Dcrit=2.971, removed 0 of 14 sites.
[2026-08-11 13:16:22] OK  - at least 5 stations remain after discordancy screening
[2026-08-11 13:16:22] Homogeneity iter 0: n=14, H1=0.126
[2026-08-11 13:16:22] OK  - heterogeneity H1 computed and finite
[2026-08-11 13:16:22] Final region: n=14, H1=0.180 (homogeneous)
[2026-08-11 13:16:22] OK  - goodness-of-fit Z reported for every candidate distribution
[2026-08-11 13:16:22] Distribution [24h]: GEV via auto (|Z|=0.171).
[2026-08-11 13:16:22] OK  - regional growth curve q(F) is monotone non-decreasing
[2026-08-11 13:16:22] OK  - growth factors are all positive
[2026-08-11 13:16:22] OK  - quantile depths are all positive
[2026-08-11 13:16:22] Estimation: GEV fitted; index flood = 76.20 mm; q(1e-4/AEP)=5.516.
[2026-08-11 13:16:22] === PAINTED ROCK DAM : 2026-08-11T13:16:22 ===
[2026-08-11 13:16:23] Uncertainty: 500-rep bootstrap; 10,000-yr rel-RMSE=0.139, 90% band [330.5, 500.3] mm.
[2026-08-11 13:16:23] Plots written for 24h: ratio diagram, growth-curve fit, DDF.
[2026-08-11 13:16:23] OK  - station counts reconcile (candidates 17 = used 14 + removed 3)
[2026-08-11 13:16:23] --- Duration 72h ---
[2026-08-11 13:16:23] OK  - no NA/Inf in at-site L-moments
[2026-08-11 13:16:23] Computed at-site L-moments for 14 stations.
[2026-08-11 13:16:23] Discordancy screening: Dcrit=2.971, removed 0 of 14 sites.
[2026-08-11 13:16:23] OK  - at least 5 stations remain after discordancy screening
[2026-08-11 13:16:23] Homogeneity iter 0: n=14, H1=2.196
[2026-08-11 13:16:23]   drop 'USW00003032' -> H1 1.533 (was 2.196)
[2026-08-11 13:16:23] Homogeneity iter 1: n=13, H1=1.533
[2026-08-11 13:16:23]   drop 'USC00418721' -> H1 0.405 (was 1.533)
[2026-08-11 13:16:23] Homogeneity iter 2: n=12, H1=0.405
[2026-08-11 13:16:23] OK  - heterogeneity H1 computed and finite
[2026-08-11 13:16:23] Final region: n=12, H1=0.473 (homogeneous)
[2026-08-11 13:16:23] Acquired data: 16 candidate stations after region filter; 2 durations.
[2026-08-11 13:16:23] --- Duration 24h ---
[2026-08-11 13:16:23] OK  - no NA/Inf in at-site L-moments
[2026-08-11 13:16:23] Computed at-site L-moments for 15 stations.
[2026-08-11 13:16:23] OK  - goodness-of-fit Z reported for every candidate distribution
[2026-08-11 13:16:23] Distribution [72h]: PE3 via auto (|Z|=0.081).
[2026-08-11 13:16:23] OK  - regional growth curve q(F) is monotone non-decreasing
[2026-08-11 13:16:23] OK  - growth factors are all positive
[2026-08-11 13:16:23] OK  - quantile depths are all positive
[2026-08-11 13:16:23] Estimation: PE3 fitted; index flood = 91.21 mm; q(1e-4/AEP)=3.862.
[2026-08-11 13:16:23] Discordancy screening: Dcrit=3.000, removed 0 of 15 sites.
[2026-08-11 13:16:23] OK  - at least 5 stations remain after discordancy screening
[2026-08-11 13:16:23] Homogeneity iter 0: n=15, H1=0.065
[2026-08-11 13:16:23] OK  - heterogeneity H1 computed and finite
[2026-08-11 13:16:23] Final region: n=15, H1=0.015 (homogeneous)
[2026-08-11 13:16:23] OK  - goodness-of-fit Z reported for every candidate distribution
[2026-08-11 13:16:23] Distribution [24h]: GNO via auto (|Z|=0.360).
[2026-08-11 13:16:23] OK  - regional growth curve q(F) is monotone non-decreasing
[2026-08-11 13:16:23] OK  - growth factors are all positive
[2026-08-11 13:16:23] OK  - quantile depths are all positive
[2026-08-11 13:16:23] Estimation: GNO fitted; index flood = 49.92 mm; q(1e-4/AEP)=3.051.
[2026-08-11 13:16:24] Uncertainty: 500-rep bootstrap; 10,000-yr rel-RMSE=0.068, 90% band [134.3, 166.8] mm.
[2026-08-11 13:16:24] Plots written for 24h: ratio diagram, growth-curve fit, DDF.
[2026-08-11 13:16:24] OK  - station counts reconcile (candidates 17 = used 15 + removed 2)
[2026-08-11 13:16:24] --- Duration 72h ---
[2026-08-11 13:16:24] OK  - no NA/Inf in at-site L-moments
[2026-08-11 13:16:24] Computed at-site L-moments for 15 stations.
[2026-08-11 13:16:24] Discordancy screening: Dcrit=3.000, removed 0 of 15 sites.
[2026-08-11 13:16:24] OK  - at least 5 stations remain after discordancy screening
[2026-08-11 13:16:24] Homogeneity iter 0: n=15, H1=-0.277
[2026-08-11 13:16:24] OK  - heterogeneity H1 computed and finite
[2026-08-11 13:16:24] Final region: n=15, H1=-0.310 (homogeneous)
[2026-08-11 13:16:24] OK  - goodness-of-fit Z reported for every candidate distribution
[2026-08-11 13:16:24] Distribution [72h]: PE3 via auto (|Z|=0.236).
[2026-08-11 13:16:24] OK  - regional growth curve q(F) is monotone non-decreasing
[2026-08-11 13:16:24] OK  - growth factors are all positive
[2026-08-11 13:16:24] OK  - quantile depths are all positive
[2026-08-11 13:16:24] Estimation: PE3 fitted; index flood = 55.29 mm; q(1e-4/AEP)=2.606.
[2026-08-11 13:16:24] Uncertainty: 500-rep bootstrap; 10,000-yr rel-RMSE=0.054, 90% band [318.7, 376.5] mm.
[2026-08-11 13:16:24] Plots written for 72h: ratio diagram, growth-curve fit, DDF.
[2026-08-11 13:16:24] OK  - station counts reconcile (candidates 17 = used 12 + removed 5)
GHCN: 25 stations acquired (cache data/raw/ghcn/by_station).
[2026-08-11 13:16:25] Uncertainty: 500-rep bootstrap; 10,000-yr rel-RMSE=0.042, 90% band [133.3, 152.9] mm.
[2026-08-11 13:16:25] Region map written: ./outputs/figures/TX02296_region_map.png
[2026-08-11 13:16:25] Wrote 14 deliverable tables to ./outputs/tables.
[2026-08-11 13:16:26] Audit report written: ./outputs/report_TX02296.html

DONE. Headline results:
      site duration return_period_yr   AEP depth_mm depth_lo_mm depth_hi_mm
6  AMISTAD      24h              100 1e-02   200.59      184.24      212.65
9  AMISTAD      24h             1000 1e-03   298.48      253.98      333.15
12 AMISTAD      24h            10000 1e-04   420.35      330.46      500.28
18 AMISTAD      72h              100 1e-02   219.67      206.89      229.14
21 AMISTAD      72h             1000 1e-03   287.38      264.36      304.27
24 AMISTAD      72h            10000 1e-04   352.29      318.71      376.51
   rel_rmse
6     0.047
9     0.091
12    0.139
18    0.032
21    0.045
24    0.054

Report: ./outputs/report_TX02296.html
[2026-08-11 13:16:26] Plots written for 72h: ratio diagram, growth-curve fit, DDF.
[2026-08-11 13:16:26] OK  - station counts reconcile (candidates 17 = used 15 + removed 2)
[2026-08-11 13:16:27] === SHASTA : 2026-08-11T13:16:27 ===
[2026-08-11 13:16:27] Region map written: ./outputs/figures/LA00030_region_map.png
[2026-08-11 13:16:27] Wrote 14 deliverable tables to ./outputs/tables.
[2026-08-11 13:16:27] Audit report written: ./outputs/report_LA00030.html

DONE. Headline results:
                        site duration return_period_yr   AEP depth_mm
6  TOLEDO BEND SADDLE DIKE 1      24h              100 1e-02    95.66
9  TOLEDO BEND SADDLE DIKE 1      24h             1000 1e-03   123.07
12 TOLEDO BEND SADDLE DIKE 1      24h            10000 1e-04   152.30
18 TOLEDO BEND SADDLE DIKE 1      72h              100 1e-02   100.75
21 TOLEDO BEND SADDLE DIKE 1      72h             1000 1e-03   123.07
24 TOLEDO BEND SADDLE DIKE 1      72h            10000 1e-04   144.07
   depth_lo_mm depth_hi_mm rel_rmse
6        90.65       99.60    0.029
9       112.38      131.63    0.049
12      134.29      166.76    0.068
18       96.70      104.09    0.023
21      115.82      129.14    0.034
24      133.33      152.85    0.042

Report: ./outputs/report_LA00030.html
[2026-08-11 13:16:28] === FLAMING GORGE : 2026-08-11T13:16:28 ===
[2026-08-11 13:16:28] Acquired data: 60 candidate stations after region filter; 2 durations.
[2026-08-11 13:16:28] --- Duration 24h ---
[2026-08-11 13:16:28] OK  - no NA/Inf in at-site L-moments
[2026-08-11 13:16:28] Computed at-site L-moments for 47 stations.
[2026-08-11 13:16:28] Discordancy screening: Dcrit=3.000, removed 2 of 47 sites.
[2026-08-11 13:16:28] OK  - at least 5 stations remain after discordancy screening
[2026-08-11 13:16:28] Homogeneity iter 0: n=45, H1=1.080
[2026-08-11 13:16:30]   drop 'USC00108137' -> H1 0.414 (was 1.080)
[2026-08-11 13:16:30] Homogeneity iter 1: n=44, H1=0.414
[2026-08-11 13:16:30] OK  - heterogeneity H1 computed and finite
[2026-08-11 13:16:30] Final region: n=44, H1=0.302 (homogeneous)
[2026-08-11 13:16:31] OK  - goodness-of-fit Z reported for every candidate distribution
[2026-08-11 13:16:31] Distribution [24h]: GEV via auto (|Z|=1.696 - NOTE |Z|>1.64).
[2026-08-11 13:16:31] OK  - regional growth curve q(F) is monotone non-decreasing
[2026-08-11 13:16:31] OK  - growth factors are all positive
[2026-08-11 13:16:31] OK  - quantile depths are all positive
[2026-08-11 13:16:31] Estimation: GEV fitted; index flood = 42.90 mm; q(1e-4/AEP)=3.241.
[2026-08-11 13:16:32] Uncertainty: 500-rep bootstrap; 10,000-yr rel-RMSE=0.053, 90% band [126.2, 149.6] mm.
[2026-08-11 13:16:32] Plots written for 24h: ratio diagram, growth-curve fit, DDF.
[2026-08-11 13:16:32] OK  - station counts reconcile (candidates 60 = used 44 + removed 16)
[2026-08-11 13:16:32] --- Duration 72h ---
[2026-08-11 13:16:32] OK  - no NA/Inf in at-site L-moments
[2026-08-11 13:16:32] Computed at-site L-moments for 47 stations.
GHCN: 60 stations acquired (cache data/raw/ghcn/by_station).
[2026-08-11 13:16:32] Discordancy screening: Dcrit=3.000, removed 2 of 47 sites.
[2026-08-11 13:16:32] OK  - at least 5 stations remain after discordancy screening
[2026-08-11 13:16:32] Homogeneity iter 0: n=45, H1=1.504
GHCN: 60 stations acquired (cache data/raw/ghcn/by_station).
[2026-08-11 13:16:34]   drop 'USC00244084' -> H1 0.437 (was 1.504)
[2026-08-11 13:16:34] Homogeneity iter 1: n=44, H1=0.437
[2026-08-11 13:16:34] OK  - heterogeneity H1 computed and finite
[2026-08-11 13:16:34] Final region: n=44, H1=0.386 (homogeneous)
[2026-08-11 13:16:34] OK  - goodness-of-fit Z reported for every candidate distribution
[2026-08-11 13:16:34] Distribution [72h]: GEV via auto (|Z|=0.117).
[2026-08-11 13:16:34] OK  - regional growth curve q(F) is monotone non-decreasing
[2026-08-11 13:16:34] OK  - growth factors are all positive
[2026-08-11 13:16:34] OK  - quantile depths are all positive
[2026-08-11 13:16:34] Estimation: GEV fitted; index flood = 61.02 mm; q(1e-4/AEP)=3.120.
[2026-08-11 13:16:35] Uncertainty: 500-rep bootstrap; 10,000-yr rel-RMSE=0.049, 90% band [174.0, 203.4] mm.
[2026-08-11 13:16:36] Plots written for 72h: ratio diagram, growth-curve fit, DDF.
[2026-08-11 13:16:36] OK  - station counts reconcile (candidates 60 = used 44 + removed 16)
[2026-08-11 13:16:37] Region map written: ./outputs/figures/MT00652_region_map.png
[2026-08-11 13:16:37] Wrote 14 deliverable tables to ./outputs/tables.
[2026-08-11 13:16:37] Audit report written: ./outputs/report_MT00652.html

DONE. Headline results:
    site duration return_period_yr   AEP depth_mm depth_lo_mm depth_hi_mm
6  LIBBY      24h              100 1e-02    87.30       84.39       89.49
9  LIBBY      24h             1000 1e-03   113.08      106.24      118.76
12 LIBBY      24h            10000 1e-04   139.04      126.21      149.60
18 LIBBY      72h              100 1e-02   122.88      118.80      125.73
21 LIBBY      72h             1000 1e-03   157.09      147.83      164.13
24 LIBBY      72h            10000 1e-04   190.39      174.05      203.42
   rel_rmse
6     0.019
9     0.036
12    0.053
18    0.018
21    0.033
24    0.049

Report: ./outputs/report_MT00652.html
[2026-08-11 13:16:38] === RAINY LAKE : 2026-08-11T13:16:38 ===
GHCN download unavailable; falling back to SYNTHETIC demo data.
Generating SYNTHETIC demo data (offline) for MN00653 at (48.608, -93.404).
[2026-08-11 13:16:39] Acquired data: 25 candidate stations after region filter; 2 durations.
[2026-08-11 13:16:39] --- Duration 24h ---
[2026-08-11 13:16:39] OK  - no NA/Inf in at-site L-moments
[2026-08-11 13:16:39] Computed at-site L-moments for 23 stations.
[2026-08-11 13:16:39] Discordancy screening: Dcrit=3.000, removed 0 of 23 sites.
[2026-08-11 13:16:39] OK  - at least 5 stations remain after discordancy screening
[2026-08-11 13:16:39] Homogeneity iter 0: n=23, H1=3.914
[2026-08-11 13:16:39]   drop 'USC00029287' -> H1 2.609 (was 3.914)
[2026-08-11 13:16:39] Homogeneity iter 1: n=22, H1=2.609
Demo data written for 17 stations to ./data/synthetic/MN00653 (SYNTHETIC — not real observations).
[2026-08-11 13:16:40]   drop 'USC00029166' -> H1 1.562 (was 2.609)
[2026-08-11 13:16:40] Homogeneity iter 2: n=21, H1=1.562
[2026-08-11 13:16:40]   drop 'USC00024182' -> H1 1.059 (was 1.562)
[2026-08-11 13:16:40] Homogeneity iter 3: n=20, H1=1.059
[2026-08-11 13:16:40]   drop 'USC00026796' -> H1 0.366 (was 1.059)
[2026-08-11 13:16:40] Homogeneity iter 4: n=19, H1=0.366
[2026-08-11 13:16:40] OK  - heterogeneity H1 computed and finite
[2026-08-11 13:16:40] Final region: n=19, H1=0.505 (homogeneous)
[2026-08-11 13:16:40] OK  - goodness-of-fit Z reported for every candidate distribution
[2026-08-11 13:16:40] Distribution [24h]: GEV via auto (|Z|=1.134).
[2026-08-11 13:16:40] OK  - regional growth curve q(F) is monotone non-decreasing
[2026-08-11 13:16:40] OK  - growth factors are all positive
[2026-08-11 13:16:40] OK  - quantile depths are all positive
[2026-08-11 13:16:40] Estimation: GEV fitted; index flood = 52.49 mm; q(1e-4/AEP)=4.644.
[2026-08-11 13:16:41] Uncertainty: 500-rep bootstrap; 10,000-yr rel-RMSE=0.106, 90% band [198.7, 278.8] mm.
[2026-08-11 13:16:41] Plots written for 24h: ratio diagram, growth-curve fit, DDF.
[2026-08-11 13:16:41] OK  - station counts reconcile (candidates 25 = used 19 + removed 6)
[2026-08-11 13:16:41] --- Duration 72h ---
[2026-08-11 13:16:41] OK  - no NA/Inf in at-site L-moments
[2026-08-11 13:16:41] Computed at-site L-moments for 23 stations.
[2026-08-11 13:16:41] Discordancy screening: Dcrit=3.000, removed 0 of 23 sites.
[2026-08-11 13:16:41] OK  - at least 5 stations remain after discordancy screening
[2026-08-11 13:16:41] Homogeneity iter 0: n=23, H1=2.371
[2026-08-11 13:16:42]   drop 'USC00028273' -> H1 1.869 (was 2.371)
[2026-08-11 13:16:42] Homogeneity iter 1: n=22, H1=1.869
[2026-08-11 13:16:42]   drop 'USC00024182' -> H1 1.512 (was 1.869)
[2026-08-11 13:16:42] Homogeneity iter 2: n=21, H1=1.512
[2026-08-11 13:16:43]   drop 'USC00022329' -> H1 1.036 (was 1.512)
[2026-08-11 13:16:43] Homogeneity iter 3: n=20, H1=1.036
[2026-08-11 13:16:43]   drop 'USC00020060' -> H1 0.850 (was 1.036)
[2026-08-11 13:16:43] Homogeneity iter 4: n=19, H1=0.850
[2026-08-11 13:16:43] OK  - heterogeneity H1 computed and finite
[2026-08-11 13:16:43] Final region: n=19, H1=0.931 (homogeneous)
[2026-08-11 13:16:43] OK  - goodness-of-fit Z reported for every candidate distribution
[2026-08-11 13:16:43] Distribution [72h]: GEV via auto (|Z|=1.139).
[2026-08-11 13:16:43] OK  - regional growth curve q(F) is monotone non-decreasing
[2026-08-11 13:16:43] OK  - growth factors are all positive
[2026-08-11 13:16:43] OK  - quantile depths are all positive
[2026-08-11 13:16:43] Estimation: GEV fitted; index flood = 63.84 mm; q(1e-4/AEP)=3.919.
[2026-08-11 13:16:44] Uncertainty: 500-rep bootstrap; 10,000-yr rel-RMSE=0.081, 90% band [216.2, 279.7] mm.
[2026-08-11 13:16:44] Acquired data: 16 candidate stations after region filter; 2 durations.
[2026-08-11 13:16:44] --- Duration 24h ---
[2026-08-11 13:16:44] OK  - no NA/Inf in at-site L-moments
[2026-08-11 13:16:44] Computed at-site L-moments for 15 stations.
[2026-08-11 13:16:44] Discordancy screening: Dcrit=3.000, removed 0 of 15 sites.
[2026-08-11 13:16:44] OK  - at least 5 stations remain after discordancy screening
[2026-08-11 13:16:44] Plots written for 72h: ratio diagram, growth-curve fit, DDF.
[2026-08-11 13:16:44] OK  - station counts reconcile (candidates 25 = used 19 + removed 6)
[2026-08-11 13:16:44] Homogeneity iter 0: n=15, H1=0.065
[2026-08-11 13:16:44] OK  - heterogeneity H1 computed and finite
[2026-08-11 13:16:44] Final region: n=15, H1=0.015 (homogeneous)
[2026-08-11 13:16:44] OK  - goodness-of-fit Z reported for every candidate distribution
[2026-08-11 13:16:44] Distribution [24h]: GNO via auto (|Z|=0.360).
[2026-08-11 13:16:44] OK  - regional growth curve q(F) is monotone non-decreasing
[2026-08-11 13:16:44] OK  - growth factors are all positive
[2026-08-11 13:16:44] OK  - quantile depths are all positive
[2026-08-11 13:16:44] Estimation: GNO fitted; index flood = 49.92 mm; q(1e-4/AEP)=3.051.
[2026-08-11 13:16:45] Uncertainty: 500-rep bootstrap; 10,000-yr rel-RMSE=0.068, 90% band [134.3, 166.8] mm.
[2026-08-11 13:16:45] Plots written for 24h: ratio diagram, growth-curve fit, DDF.
[2026-08-11 13:16:45] OK  - station counts reconcile (candidates 17 = used 15 + removed 2)
[2026-08-11 13:16:45] --- Duration 72h ---
[2026-08-11 13:16:45] OK  - no NA/Inf in at-site L-moments
[2026-08-11 13:16:45] Computed at-site L-moments for 15 stations.
[2026-08-11 13:16:45] Discordancy screening: Dcrit=3.000, removed 0 of 15 sites.
[2026-08-11 13:16:45] OK  - at least 5 stations remain after discordancy screening
[2026-08-11 13:16:45] Homogeneity iter 0: n=15, H1=-0.277
[2026-08-11 13:16:45] OK  - heterogeneity H1 computed and finite
[2026-08-11 13:16:45] Final region: n=15, H1=-0.310 (homogeneous)
[2026-08-11 13:16:45] OK  - goodness-of-fit Z reported for every candidate distribution
[2026-08-11 13:16:45] Distribution [72h]: PE3 via auto (|Z|=0.236).
[2026-08-11 13:16:45] OK  - regional growth curve q(F) is monotone non-decreasing
[2026-08-11 13:16:45] OK  - growth factors are all positive
[2026-08-11 13:16:45] OK  - quantile depths are all positive
[2026-08-11 13:16:45] Estimation: PE3 fitted; index flood = 55.29 mm; q(1e-4/AEP)=2.606.
[2026-08-11 13:16:46] Region map written: ./outputs/figures/AZ10002_region_map.png
[2026-08-11 13:16:46] Wrote 14 deliverable tables to ./outputs/tables.
[2026-08-11 13:16:46] Audit report written: ./outputs/report_AZ10002.html

DONE. Headline results:
               site duration return_period_yr   AEP depth_mm depth_lo_mm
6  PAINTED ROCK DAM      24h              100 1e-02   129.18      120.16
9  PAINTED ROCK DAM      24h             1000 1e-03   182.65      159.58
12 PAINTED ROCK DAM      24h            10000 1e-04   243.76      198.67
18 PAINTED ROCK DAM      72h              100 1e-02   147.28      139.83
21 PAINTED ROCK DAM      72h             1000 1e-03   197.82      179.63
24 PAINTED ROCK DAM      72h            10000 1e-04   250.20      216.15
   depth_hi_mm rel_rmse
6       135.24    0.037
9       198.93    0.070
12      278.82    0.106
18      153.19    0.029
21      212.42    0.054
24      279.70    0.081

Report: ./outputs/report_AZ10002.html
[2026-08-11 13:16:47] Uncertainty: 500-rep bootstrap; 10,000-yr rel-RMSE=0.042, 90% band [133.3, 152.9] mm.
[2026-08-11 13:16:47] Plots written for 72h: ratio diagram, growth-curve fit, DDF.
[2026-08-11 13:16:47] OK  - station counts reconcile (candidates 17 = used 15 + removed 2)
[2026-08-11 13:16:47] === EUFAULA LAKE : 2026-08-11T13:16:47 ===
GHCN: 2 stations acquired (cache data/raw/ghcn/by_station).
[2026-08-11 13:16:48] Acquired data: 2 candidate stations after region filter; 2 durations.
[2026-08-11 13:16:48] --- Duration 24h ---
[2026-08-11 13:16:48] Region map written: ./outputs/figures/MN00653_region_map.png
[2026-08-11 13:16:48] Wrote 14 deliverable tables to ./outputs/tables.
[2026-08-11 13:16:48] Audit report written: ./outputs/report_MN00653.html

DONE. Headline results:
         site duration return_period_yr   AEP depth_mm depth_lo_mm depth_hi_mm
6  RAINY LAKE      24h              100 1e-02    95.66       90.65       99.60
9  RAINY LAKE      24h             1000 1e-03   123.07      112.38      131.63
12 RAINY LAKE      24h            10000 1e-04   152.30      134.29      166.76
18 RAINY LAKE      72h              100 1e-02   100.75       96.70      104.09
21 RAINY LAKE      72h             1000 1e-03   123.07      115.82      129.14
24 RAINY LAKE      72h            10000 1e-04   144.07      133.33      152.85
   rel_rmse
6     0.029
9     0.049
12    0.068
18    0.023
21    0.034
24    0.042

Report: ./outputs/report_MN00653.html
[2026-08-11 13:16:49] === BLAKELY MOUNTAIN DAM : 2026-08-11T13:16:49 ===
[2026-08-11 13:16:49] === J. STROM THURMOND DAM : 2026-08-11T13:16:49 ===
GHCN: 9 stations acquired (cache data/raw/ghcn/by_station).
GHCN: 8 stations acquired (cache data/raw/ghcn/by_station).
[2026-08-11 13:16:53] Acquired data: 9 candidate stations after region filter; 2 durations.
[2026-08-11 13:16:53] --- Duration 24h ---
[2026-08-11 13:16:53] OK  - no NA/Inf in at-site L-moments
[2026-08-11 13:16:53] Computed at-site L-moments for 6 stations.
[2026-08-11 13:16:53] Discordancy screening: Dcrit=1.648, removed 1 of 6 sites.
[2026-08-11 13:16:53] OK  - at least 5 stations remain after discordancy screening
[2026-08-11 13:16:53] Homogeneity iter 0: n=5, H1=0.628
[2026-08-11 13:16:53] OK  - heterogeneity H1 computed and finite
[2026-08-11 13:16:53] Final region: n=5, H1=0.447 (homogeneous)
[2026-08-11 13:16:53] OK  - goodness-of-fit Z reported for every candidate distribution
[2026-08-11 13:16:53] Distribution [24h]: GLO via auto (|Z|=0.092).
[2026-08-11 13:16:53] OK  - regional growth curve q(F) is monotone non-decreasing
[2026-08-11 13:16:53] OK  - growth factors are all positive
[2026-08-11 13:16:53] OK  - quantile depths are all positive
[2026-08-11 13:16:53] Estimation: GLO fitted; index flood = 102.74 mm; q(1e-4/AEP)=6.395.
[2026-08-11 13:16:54] Uncertainty: 500-rep bootstrap; 10,000-yr rel-RMSE=0.268, 90% band [394.6, 941.7] mm.
[2026-08-11 13:16:54] Plots written for 24h: ratio diagram, growth-curve fit, DDF.
[2026-08-11 13:16:54] OK  - station counts reconcile (candidates 9 = used 5 + removed 4)
[2026-08-11 13:16:54] --- Duration 72h ---
[2026-08-11 13:16:54] OK  - no NA/Inf in at-site L-moments
[2026-08-11 13:16:54] Computed at-site L-moments for 6 stations.
[2026-08-11 13:16:54] Discordancy screening: Dcrit=1.648, removed 1 of 6 sites.
[2026-08-11 13:16:54] OK  - at least 5 stations remain after discordancy screening
[2026-08-11 13:16:54] Homogeneity iter 0: n=5, H1=-1.012
[2026-08-11 13:16:54] OK  - heterogeneity H1 computed and finite
[2026-08-11 13:16:54] Final region: n=5, H1=-1.106 (homogeneous)
[2026-08-11 13:16:54] OK  - goodness-of-fit Z reported for every candidate distribution
[2026-08-11 13:16:54] Distribution [72h]: GLO via auto (|Z|=0.209).
[2026-08-11 13:16:54] OK  - regional growth curve q(F) is monotone non-decreasing
[2026-08-11 13:16:54] OK  - growth factors are all positive
[2026-08-11 13:16:54] OK  - quantile depths are all positive
[2026-08-11 13:16:54] Estimation: GLO fitted; index flood = 134.07 mm; q(1e-4/AEP)=6.419.
[2026-08-11 13:16:55] Uncertainty: 500-rep bootstrap; 10,000-yr rel-RMSE=0.264, 90% band [515.5, 1211.6] mm.
[2026-08-11 13:16:55] Plots written for 72h: ratio diagram, growth-curve fit, DDF.
[2026-08-11 13:16:55] OK  - station counts reconcile (candidates 9 = used 5 + removed 4)
[2026-08-11 13:16:56] Acquired data: 8 candidate stations after region filter; 2 durations.
[2026-08-11 13:16:56] --- Duration 24h ---
[2026-08-11 13:16:56] OK  - no NA/Inf in at-site L-moments
[2026-08-11 13:16:56] Computed at-site L-moments for 8 stations.
[2026-08-11 13:16:56] Discordancy screening: Dcrit=2.140, removed 0 of 8 sites.
[2026-08-11 13:16:56] OK  - at least 5 stations remain after discordancy screening
[2026-08-11 13:16:56] Homogeneity iter 0: n=8, H1=0.173
[2026-08-11 13:16:56] OK  - heterogeneity H1 computed and finite
[2026-08-11 13:16:56] Final region: n=8, H1=0.003 (homogeneous)
[2026-08-11 13:16:56] OK  - goodness-of-fit Z reported for every candidate distribution
[2026-08-11 13:16:56] Distribution [24h]: GEV via auto (|Z|=0.023).
[2026-08-11 13:16:56] OK  - regional growth curve q(F) is monotone non-decreasing
[2026-08-11 13:16:56] OK  - growth factors are all positive
[2026-08-11 13:16:56] OK  - quantile depths are all positive
[2026-08-11 13:16:56] Estimation: GEV fitted; index flood = 136.24 mm; q(1e-4/AEP)=4.692.
[2026-08-11 13:16:56] Region map written: ./outputs/figures/AR00150_region_map.png
[2026-08-11 13:16:56] Wrote 14 deliverable tables to ./outputs/tables.
[2026-08-11 13:16:56] Audit report written: ./outputs/report_AR00150.html

DONE. Headline results:
                   site duration return_period_yr   AEP depth_mm depth_lo_mm
6  BLAKELY MOUNTAIN DAM      24h              100 1e-02   239.22      203.06
9  BLAKELY MOUNTAIN DAM      24h             1000 1e-03   394.09      285.08
12 BLAKELY MOUNTAIN DAM      24h            10000 1e-04   657.00      394.60
18 BLAKELY MOUNTAIN DAM      72h              100 1e-02   309.51      261.38
21 BLAKELY MOUNTAIN DAM      72h             1000 1e-03   512.18      370.67
24 BLAKELY MOUNTAIN DAM      72h            10000 1e-04   860.59      515.48
   depth_hi_mm rel_rmse
6       270.43    0.089
9       500.29    0.173
12      941.71    0.268
18      345.01    0.087
21      637.07    0.170
24     1211.56    0.264

Report: ./outputs/report_AR00150.html
[2026-08-11 13:16:56] Uncertainty: 500-rep bootstrap; 10,000-yr rel-RMSE=0.165, 90% band [470.0, 804.5] mm.
[2026-08-11 13:16:57] Plots written for 24h: ratio diagram, growth-curve fit, DDF.
[2026-08-11 13:16:57] OK  - station counts reconcile (candidates 8 = used 8 + removed 0)
[2026-08-11 13:16:57] --- Duration 72h ---
[2026-08-11 13:16:57] OK  - no NA/Inf in at-site L-moments
[2026-08-11 13:16:57] Computed at-site L-moments for 8 stations.
[2026-08-11 13:16:57] Discordancy screening: Dcrit=2.140, removed 0 of 8 sites.
[2026-08-11 13:16:57] OK  - at least 5 stations remain after discordancy screening
[2026-08-11 13:16:57] Homogeneity iter 0: n=8, H1=1.186
[2026-08-11 13:16:57]   drop 'USC00384581' -> H1 0.038 (was 1.186)
[2026-08-11 13:16:57] Homogeneity iter 1: n=7, H1=0.038
[2026-08-11 13:16:57] OK  - heterogeneity H1 computed and finite
[2026-08-11 13:16:57] Final region: n=7, H1=-0.020 (homogeneous)
[2026-08-11 13:16:57] OK  - goodness-of-fit Z reported for every candidate distribution
[2026-08-11 13:16:57] Distribution [72h]: GLO via auto (|Z|=0.602).
[2026-08-11 13:16:57] OK  - regional growth curve q(F) is monotone non-decreasing
[2026-08-11 13:16:57] OK  - growth factors are all positive
[2026-08-11 13:16:57] OK  - quantile depths are all positive
[2026-08-11 13:16:57] Estimation: GLO fitted; index flood = 175.96 mm; q(1e-4/AEP)=6.454.
[2026-08-11 13:16:57] Uncertainty: 500-rep bootstrap; 10,000-yr rel-RMSE=0.203, 90% band [779.3, 1490.2] mm.
[2026-08-11 13:16:57] Plots written for 72h: ratio diagram, growth-curve fit, DDF.
[2026-08-11 13:16:57] OK  - station counts reconcile (candidates 8 = used 7 + removed 1)
[2026-08-11 13:16:58] === HUNGRY HORSE : 2026-08-11T13:16:58 ===
[2026-08-11 13:16:58] Acquired data: 60 candidate stations after region filter; 2 durations.
[2026-08-11 13:16:58] --- Duration 24h ---
[2026-08-11 13:16:58] OK  - no NA/Inf in at-site L-moments
[2026-08-11 13:16:58] Computed at-site L-moments for 52 stations.
[2026-08-11 13:16:59] Discordancy screening: Dcrit=3.000, removed 1 of 52 sites.
[2026-08-11 13:16:59] OK  - at least 5 stations remain after discordancy screening
[2026-08-11 13:16:59] Homogeneity iter 0: n=51, H1=1.034
[2026-08-11 13:16:59] Region map written: ./outputs/figures/GA01701_region_map.png
[2026-08-11 13:16:59] Wrote 14 deliverable tables to ./outputs/tables.
[2026-08-11 13:16:59] Audit report written: ./outputs/report_GA01701.html

DONE. Headline results:
                    site duration return_period_yr   AEP depth_mm depth_lo_mm
6  J. STROM THURMOND DAM      24h              100 1e-02   315.82      284.20
9  J. STROM THURMOND DAM      24h             1000 1e-03   459.08      375.39
12 J. STROM THURMOND DAM      24h            10000 1e-04   639.22      470.04
18 J. STROM THURMOND DAM      72h              100 1e-02   407.99      362.26
21 J. STROM THURMOND DAM      72h             1000 1e-03   675.75      533.90
24 J. STROM THURMOND DAM      72h            10000 1e-04  1135.72      779.25
   depth_hi_mm rel_rmse
6       338.67    0.054
9       531.73    0.106
12      804.49    0.165
18      444.33    0.064
21      807.24    0.129
24     1490.22    0.203

Report: ./outputs/report_GA01701.html
[2026-08-11 13:17:00] === DWORSHAK DAM AND RESERVOIR : 2026-08-11T13:17:00 ===
[2026-08-11 13:17:01]   drop 'USC00487840' -> H1 0.666 (was 1.034)
[2026-08-11 13:17:01] Homogeneity iter 1: n=50, H1=0.666
[2026-08-11 13:17:01] Acquired data: 60 candidate stations after region filter; 2 durations.
[2026-08-11 13:17:01] --- Duration 24h ---
[2026-08-11 13:17:01] OK  - no NA/Inf in at-site L-moments
[2026-08-11 13:17:01] Computed at-site L-moments for 50 stations.
[2026-08-11 13:17:01] OK  - heterogeneity H1 computed and finite
[2026-08-11 13:17:01] Final region: n=50, H1=0.733 (homogeneous)
[2026-08-11 13:17:01] Discordancy screening: Dcrit=3.000, removed 1 of 50 sites.
[2026-08-11 13:17:01] OK  - at least 5 stations remain after discordancy screening
[2026-08-11 13:17:01] OK  - goodness-of-fit Z reported for every candidate distribution
[2026-08-11 13:17:01] Distribution [24h]: GLO via auto (|Z|=0.914).
[2026-08-11 13:17:01] OK  - regional growth curve q(F) is monotone non-decreasing
[2026-08-11 13:17:01] OK  - growth factors are all positive
[2026-08-11 13:17:01] OK  - quantile depths are all positive
[2026-08-11 13:17:01] Estimation: GLO fitted; index flood = 27.24 mm; q(1e-4/AEP)=6.364.
[2026-08-11 13:17:01] Homogeneity iter 0: n=49, H1=4.245
[2026-08-11 13:17:03] Uncertainty: 500-rep bootstrap; 10,000-yr rel-RMSE=0.075, 90% band [149.1, 184.8] mm.
[2026-08-11 13:17:03] Plots written for 24h: ratio diagram, growth-curve fit, DDF.
[2026-08-11 13:17:03] OK  - station counts reconcile (candidates 60 = used 50 + removed 10)
[2026-08-11 13:17:03] --- Duration 72h ---
[2026-08-11 13:17:03] OK  - no NA/Inf in at-site L-moments
[2026-08-11 13:17:03] Computed at-site L-moments for 52 stations.
[2026-08-11 13:17:03] Discordancy screening: Dcrit=3.000, removed 0 of 52 sites.
[2026-08-11 13:17:03] OK  - at least 5 stations remain after discordancy screening
[2026-08-11 13:17:03] Homogeneity iter 0: n=52, H1=1.788
GHCN: 60 stations acquired (cache data/raw/ghcn/by_station).
[2026-08-11 13:17:03]   drop 'USC00045449' -> H1 3.054 (was 4.245)
[2026-08-11 13:17:03] Homogeneity iter 1: n=48, H1=3.054
[2026-08-11 13:17:05]   drop 'USC00480761' -> H1 1.287 (was 1.788)
[2026-08-11 13:17:05] Homogeneity iter 1: n=51, H1=1.287
[2026-08-11 13:17:06]   drop 'USC00048702' -> H1 2.511 (was 3.054)
[2026-08-11 13:17:06] Homogeneity iter 2: n=47, H1=2.511
GHCN: 60 stations acquired (cache data/raw/ghcn/by_station).
[2026-08-11 13:17:08]   drop 'USC00042574' -> H1 2.040 (was 2.511)
[2026-08-11 13:17:08] Homogeneity iter 3: n=46, H1=2.040
[2026-08-11 13:17:08]   drop 'USS0011J53S' -> H1 0.606 (was 1.287)
[2026-08-11 13:17:08] Homogeneity iter 2: n=50, H1=0.606
[2026-08-11 13:17:08] OK  - heterogeneity H1 computed and finite
[2026-08-11 13:17:08] Final region: n=50, H1=0.617 (homogeneous)
[2026-08-11 13:17:08] OK  - goodness-of-fit Z reported for every candidate distribution
[2026-08-11 13:17:08] Distribution [72h]: GEV via auto (|Z|=1.613).
[2026-08-11 13:17:08] OK  - regional growth curve q(F) is monotone non-decreasing
[2026-08-11 13:17:08] OK  - growth factors are all positive
[2026-08-11 13:17:08] OK  - quantile depths are all positive
[2026-08-11 13:17:08] Estimation: GEV fitted; index flood = 34.72 mm; q(1e-4/AEP)=3.975.
[2026-08-11 13:17:09] Uncertainty: 500-rep bootstrap; 10,000-yr rel-RMSE=0.054, 90% band [124.7, 147.8] mm.
[2026-08-11 13:17:10] Plots written for 72h: ratio diagram, growth-curve fit, DDF.
[2026-08-11 13:17:10] OK  - station counts reconcile (candidates 60 = used 50 + removed 10)
[2026-08-11 13:17:10]   drop 'USC00043987' -> H1 1.736 (was 2.040)
[2026-08-11 13:17:10] Homogeneity iter 4: n=45, H1=1.736
[2026-08-11 13:17:11] Region map written: ./outputs/figures/UT10121_region_map.png
[2026-08-11 13:17:11] Wrote 14 deliverable tables to ./outputs/tables.
[2026-08-11 13:17:11] Audit report written: ./outputs/report_UT10121.html

DONE. Headline results:
            site duration return_period_yr   AEP depth_mm depth_lo_mm
6  FLAMING GORGE      24h              100 1e-02    65.73       62.61
9  FLAMING GORGE      24h             1000 1e-03   106.75       96.90
12 FLAMING GORGE      24h            10000 1e-04   173.37      149.05
18 FLAMING GORGE      72h              100 1e-02    78.85       76.13
21 FLAMING GORGE      72h             1000 1e-03   107.28      100.43
24 FLAMING GORGE      72h            10000 1e-04   138.02      124.73
   depth_hi_mm rel_rmse
6        67.24    0.024
9       111.23    0.048
12      184.79    0.075
18       80.84    0.019
21      112.19    0.036
24      147.83    0.054

Report: ./outputs/report_UT10121.html
[2026-08-11 13:17:11]   drop 'USC00049390' -> H1 1.368 (was 1.736)
[2026-08-11 13:17:12] Homogeneity iter 5: n=44, H1=1.368
[2026-08-11 13:17:12] === OROVILLE : 2026-08-11T13:17:12 ===
[2026-08-11 13:17:13]   drop 'USC00049866' -> H1 1.303 (was 1.368)
[2026-08-11 13:17:13] Homogeneity iter 6: n=43, H1=1.303
[2026-08-11 13:17:15]   drop 'USC00353509' -> H1 0.857 (was 1.303)
[2026-08-11 13:17:15] Homogeneity iter 7: n=42, H1=0.857
[2026-08-11 13:17:15] OK  - heterogeneity H1 computed and finite
[2026-08-11 13:17:15] Final region: n=42, H1=0.858 (homogeneous)
[2026-08-11 13:17:15] OK  - goodness-of-fit Z reported for every candidate distribution
[2026-08-11 13:17:15] Distribution [24h]: GLO via auto (|Z|=1.460).
[2026-08-11 13:17:15] OK  - regional growth curve q(F) is monotone non-decreasing
[2026-08-11 13:17:15] OK  - growth factors are all positive
[2026-08-11 13:17:15] OK  - quantile depths are all positive
[2026-08-11 13:17:15] Estimation: GLO fitted; index flood = 81.71 mm; q(1e-4/AEP)=4.825.
[2026-08-11 13:17:16] Uncertainty: 500-rep bootstrap; 10,000-yr rel-RMSE=0.070, 90% band [345.2, 425.7] mm.
[2026-08-11 13:17:17] Plots written for 24h: ratio diagram, growth-curve fit, DDF.
[2026-08-11 13:17:17] OK  - station counts reconcile (candidates 60 = used 42 + removed 18)
[2026-08-11 13:17:17] --- Duration 72h ---
[2026-08-11 13:17:17] OK  - no NA/Inf in at-site L-moments
[2026-08-11 13:17:17] Computed at-site L-moments for 50 stations.
[2026-08-11 13:17:17] Discordancy screening: Dcrit=3.000, removed 1 of 50 sites.
[2026-08-11 13:17:17] OK  - at least 5 stations remain after discordancy screening
[2026-08-11 13:17:17] Homogeneity iter 0: n=49, H1=5.013
GHCN: 60 stations acquired (cache data/raw/ghcn/by_station).
[2026-08-11 13:17:19]   drop 'USC00049390' -> H1 4.236 (was 5.013)
[2026-08-11 13:17:19] Homogeneity iter 1: n=48, H1=4.236
[2026-08-11 13:17:21]   drop 'USC00048702' -> H1 3.538 (was 4.236)
[2026-08-11 13:17:21] Homogeneity iter 2: n=47, H1=3.538
[2026-08-11 13:17:23]   drop 'USC00045941' -> H1 3.026 (was 3.538)
[2026-08-11 13:17:23] Homogeneity iter 3: n=46, H1=3.026
[2026-08-11 13:17:25]   drop 'USC00044838' -> H1 2.413 (was 3.026)
[2026-08-11 13:17:25] Homogeneity iter 4: n=45, H1=2.413
[2026-08-11 13:17:27]   drop 'USC00042572' -> H1 2.136 (was 2.413)
[2026-08-11 13:17:27] Homogeneity iter 5: n=44, H1=2.136
[2026-08-11 13:17:29]   drop 'USC00047581' -> H1 1.663 (was 2.136)
[2026-08-11 13:17:29] Homogeneity iter 6: n=43, H1=1.663
[2026-08-11 13:17:30] Acquired data: 60 candidate stations after region filter; 2 durations.
[2026-08-11 13:17:30] --- Duration 24h ---
[2026-08-11 13:17:30] OK  - no NA/Inf in at-site L-moments
[2026-08-11 13:17:30] Computed at-site L-moments for 48 stations.
[2026-08-11 13:17:30] Discordancy screening: Dcrit=3.000, removed 2 of 48 sites.
[2026-08-11 13:17:30] OK  - at least 5 stations remain after discordancy screening
[2026-08-11 13:17:30] Homogeneity iter 0: n=46, H1=4.771
[2026-08-11 13:17:31]   drop 'USC00353509' -> H1 1.386 (was 1.663)
[2026-08-11 13:17:31] Homogeneity iter 7: n=42, H1=1.386
[2026-08-11 13:17:32]   drop 'CA003031400' -> H1 3.190 (was 4.771)
[2026-08-11 13:17:32] Homogeneity iter 1: n=45, H1=3.190
[2026-08-11 13:17:32] Acquired data: 60 candidate stations after region filter; 2 durations.
[2026-08-11 13:17:32] --- Duration 24h ---
[2026-08-11 13:17:32] OK  - no NA/Inf in at-site L-moments
[2026-08-11 13:17:32] Computed at-site L-moments for 52 stations.
[2026-08-11 13:17:32] Discordancy screening: Dcrit=3.000, removed 2 of 52 sites.
[2026-08-11 13:17:32] OK  - at least 5 stations remain after discordancy screening
[2026-08-11 13:17:32] Homogeneity iter 0: n=50, H1=1.664
[2026-08-11 13:17:32]   drop 'USC00041476' -> H1 1.068 (was 1.386)
[2026-08-11 13:17:32] Homogeneity iter 8: n=41, H1=1.068
[2026-08-11 13:17:34]   drop 'USC00241202' -> H1 1.874 (was 3.190)
[2026-08-11 13:17:34] Homogeneity iter 2: n=44, H1=1.874
[2026-08-11 13:17:34]   drop 'USC00043987' -> H1 0.733 (was 1.068)
[2026-08-11 13:17:34] Homogeneity iter 9: n=40, H1=0.733
[2026-08-11 13:17:34] OK  - heterogeneity H1 computed and finite
[2026-08-11 13:17:34] Final region: n=40, H1=0.679 (homogeneous)
[2026-08-11 13:17:34] OK  - goodness-of-fit Z reported for every candidate distribution
[2026-08-11 13:17:34] Distribution [72h]: GEV via auto (|Z|=1.798 - NOTE |Z|>1.64).
[2026-08-11 13:17:34] OK  - regional growth curve q(F) is monotone non-decreasing
[2026-08-11 13:17:34] OK  - growth factors are all positive
[2026-08-11 13:17:34] OK  - quantile depths are all positive
[2026-08-11 13:17:34] Estimation: GEV fitted; index flood = 134.28 mm; q(1e-4/AEP)=3.460.
[2026-08-11 13:17:34]   drop 'USC00109846' -> H1 1.036 (was 1.664)
[2026-08-11 13:17:34] Homogeneity iter 1: n=49, H1=1.036
[2026-08-11 13:17:35] Uncertainty: 500-rep bootstrap; 10,000-yr rel-RMSE=0.053, 90% band [421.8, 497.9] mm.
[2026-08-11 13:17:35] Plots written for 72h: ratio diagram, growth-curve fit, DDF.
[2026-08-11 13:17:35] OK  - station counts reconcile (candidates 60 = used 40 + removed 20)
[2026-08-11 13:17:35]   drop 'CA003034720' -> H1 1.001 (was 1.874)
[2026-08-11 13:17:35] Homogeneity iter 3: n=43, H1=1.001
[2026-08-11 13:17:37]   drop 'USC00104150' -> H1 0.812 (was 1.036)
[2026-08-11 13:17:37] Region map written: ./outputs/figures/CA10186_region_map.png
[2026-08-11 13:17:37] Wrote 14 deliverable tables to ./outputs/tables.
[2026-08-11 13:17:37] Homogeneity iter 2: n=48, H1=0.812
[2026-08-11 13:17:37] Audit report written: ./outputs/report_CA10186.html

DONE. Headline results:
     site duration return_period_yr   AEP depth_mm depth_lo_mm depth_hi_mm
6  SHASTA      24h              100 1e-02   178.35      170.88      183.37
9  SHASTA      24h             1000 1e-03   266.24      244.75      280.13
12 SHASTA      24h            10000 1e-04   394.25      345.23      425.66
18 SHASTA      72h              100 1e-02   292.28      281.97      299.24
21 SHASTA      72h             1000 1e-03   379.62      355.23      397.72
24 SHASTA      72h            10000 1e-04   464.64      421.81      497.88
   rel_rmse
6     0.023
9     0.045
12    0.070
18    0.020
21    0.036
24    0.053

Report: ./outputs/report_CA10186.html
[2026-08-11 13:17:37] OK  - heterogeneity H1 computed and finite
[2026-08-11 13:17:37] Final region: n=48, H1=0.879 (homogeneous)
[2026-08-11 13:17:37] OK  - goodness-of-fit Z reported for every candidate distribution
[2026-08-11 13:17:37] Distribution [24h]: GLO via auto (|Z|=1.185).
[2026-08-11 13:17:37] OK  - regional growth curve q(F) is monotone non-decreasing
[2026-08-11 13:17:37] OK  - growth factors are all positive
[2026-08-11 13:17:37] OK  - quantile depths are all positive
[2026-08-11 13:17:37] Estimation: GLO fitted; index flood = 45.93 mm; q(1e-4/AEP)=4.526.
[2026-08-11 13:17:37]   drop 'USC00240392' -> H1 0.451 (was 1.001)
[2026-08-11 13:17:37] Homogeneity iter 4: n=42, H1=0.451
[2026-08-11 13:17:37] OK  - heterogeneity H1 computed and finite
[2026-08-11 13:17:37] Final region: n=42, H1=0.264 (homogeneous)
[2026-08-11 13:17:37] OK  - goodness-of-fit Z reported for every candidate distribution
[2026-08-11 13:17:37] Distribution [24h]: GLO via auto (|Z|=1.252).
[2026-08-11 13:17:37] OK  - regional growth curve q(F) is monotone non-decreasing
[2026-08-11 13:17:37] OK  - growth factors are all positive
[2026-08-11 13:17:37] OK  - quantile depths are all positive
[2026-08-11 13:17:37] Estimation: GLO fitted; index flood = 46.32 mm; q(1e-4/AEP)=5.278.
[2026-08-11 13:17:38] === TABLE ROCK DAM : 2026-08-11T13:17:38 ===
[2026-08-11 13:17:39] Uncertainty: 500-rep bootstrap; 10,000-yr rel-RMSE=0.065, 90% band [184.2, 222.5] mm.
[2026-08-11 13:17:39] Plots written for 24h: ratio diagram, growth-curve fit, DDF.
[2026-08-11 13:17:39] OK  - station counts reconcile (candidates 60 = used 48 + removed 12)
[2026-08-11 13:17:39] --- Duration 72h ---
[2026-08-11 13:17:39] OK  - no NA/Inf in at-site L-moments
[2026-08-11 13:17:39] Computed at-site L-moments for 52 stations.
[2026-08-11 13:17:39] Uncertainty: 500-rep bootstrap; 10,000-yr rel-RMSE=0.075, 90% band [212.0, 265.9] mm.
[2026-08-11 13:17:39] Discordancy screening: Dcrit=3.000, removed 1 of 52 sites.
[2026-08-11 13:17:39] OK  - at least 5 stations remain after discordancy screening
[2026-08-11 13:17:39] Homogeneity iter 0: n=51, H1=0.270
[2026-08-11 13:17:39] OK  - heterogeneity H1 computed and finite
[2026-08-11 13:17:39] Final region: n=51, H1=0.144 (homogeneous)
[2026-08-11 13:17:39] Plots written for 24h: ratio diagram, growth-curve fit, DDF.
[2026-08-11 13:17:39] OK  - station counts reconcile (candidates 60 = used 42 + removed 18)
[2026-08-11 13:17:39] --- Duration 72h ---
[2026-08-11 13:17:39] OK  - no NA/Inf in at-site L-moments
[2026-08-11 13:17:39] Computed at-site L-moments for 48 stations.
[2026-08-11 13:17:39] OK  - goodness-of-fit Z reported for every candidate distribution
[2026-08-11 13:17:39] Distribution [72h]: GLO via auto (|Z|=1.236).
[2026-08-11 13:17:39] OK  - regional growth curve q(F) is monotone non-decreasing
[2026-08-11 13:17:39] OK  - growth factors are all positive
[2026-08-11 13:17:39] OK  - quantile depths are all positive
[2026-08-11 13:17:39] Estimation: GLO fitted; index flood = 69.21 mm; q(1e-4/AEP)=4.210.
[2026-08-11 13:17:39] Discordancy screening: Dcrit=3.000, removed 2 of 48 sites.
[2026-08-11 13:17:39] OK  - at least 5 stations remain after discordancy screening
[2026-08-11 13:17:39] Homogeneity iter 0: n=46, H1=5.056
GHCN: 8 stations acquired (cache data/raw/ghcn/by_station).
[2026-08-11 13:17:41] Uncertainty: 500-rep bootstrap; 10,000-yr rel-RMSE=0.058, 90% band [260.6, 309.6] mm.
[2026-08-11 13:17:41] Plots written for 72h: ratio diagram, growth-curve fit, DDF.
[2026-08-11 13:17:41] OK  - station counts reconcile (candidates 60 = used 51 + removed 9)
[2026-08-11 13:17:41]   drop 'CA003031400' -> H1 3.914 (was 5.056)
[2026-08-11 13:17:41] Homogeneity iter 1: n=45, H1=3.914
[2026-08-11 13:17:42] Region map written: ./outputs/figures/ID00287_region_map.png
[2026-08-11 13:17:42] Wrote 14 deliverable tables to ./outputs/tables.
[2026-08-11 13:17:42] Audit report written: ./outputs/report_ID00287.html

DONE. Headline results:
                         site duration return_period_yr   AEP depth_mm
6  DWORSHAK DAM AND RESERVOIR      24h              100 1e-02    94.05
9  DWORSHAK DAM AND RESERVOIR      24h             1000 1e-03   139.62
12 DWORSHAK DAM AND RESERVOIR      24h            10000 1e-04   207.87
18 DWORSHAK DAM AND RESERVOIR      72h              100 1e-02   138.68
21 DWORSHAK DAM AND RESERVOIR      72h             1000 1e-03   201.12
24 DWORSHAK DAM AND RESERVOIR      72h            10000 1e-04   291.37
   depth_lo_mm depth_hi_mm rel_rmse
6        90.54       96.11    0.021
9       129.37      145.67    0.041
12      184.22      222.52    0.065
18      133.77      141.45    0.019
21      187.21      208.90    0.037
24      260.58      309.60    0.058

Report: ./outputs/report_ID00287.html
[2026-08-11 13:17:43] Acquired data: 8 candidate stations after region filter; 2 durations.
[2026-08-11 13:17:43] --- Duration 24h ---
[2026-08-11 13:17:43] OK  - no NA/Inf in at-site L-moments
[2026-08-11 13:17:43] Computed at-site L-moments for 6 stations.
[2026-08-11 13:17:43] Discordancy screening: Dcrit=1.648, removed 1 of 6 sites.
[2026-08-11 13:17:43] OK  - at least 5 stations remain after discordancy screening
[2026-08-11 13:17:43] Homogeneity iter 0: n=5, H1=0.681
[2026-08-11 13:17:43] OK  - heterogeneity H1 computed and finite
[2026-08-11 13:17:43] Final region: n=5, H1=0.445 (homogeneous)
[2026-08-11 13:17:43] OK  - goodness-of-fit Z reported for every candidate distribution
[2026-08-11 13:17:43] Distribution [24h]: GLO via auto (|Z|=0.106).
[2026-08-11 13:17:43] OK  - regional growth curve q(F) is monotone non-decreasing
[2026-08-11 13:17:43] OK  - growth factors are all positive
[2026-08-11 13:17:43] OK  - quantile depths are all positive
[2026-08-11 13:17:43] Estimation: GLO fitted; index flood = 102.74 mm; q(1e-4/AEP)=6.395.
[2026-08-11 13:17:43]   drop 'CA003034720' -> H1 2.874 (was 3.914)
[2026-08-11 13:17:43] Homogeneity iter 2: n=44, H1=2.874
[2026-08-11 13:17:43] === HARTWELL DAM : 2026-08-11T13:17:43 ===
[2026-08-11 13:17:43] Uncertainty: 500-rep bootstrap; 10,000-yr rel-RMSE=0.267, 90% band [391.7, 963.3] mm.
[2026-08-11 13:17:44] Plots written for 24h: ratio diagram, growth-curve fit, DDF.
[2026-08-11 13:17:44] OK  - station counts reconcile (candidates 8 = used 5 + removed 3)
[2026-08-11 13:17:44] --- Duration 72h ---
[2026-08-11 13:17:44] OK  - no NA/Inf in at-site L-moments
[2026-08-11 13:17:44] Computed at-site L-moments for 6 stations.
[2026-08-11 13:17:44] Discordancy screening: Dcrit=1.648, removed 1 of 6 sites.
[2026-08-11 13:17:44] OK  - at least 5 stations remain after discordancy screening
[2026-08-11 13:17:44] Homogeneity iter 0: n=5, H1=-0.951
[2026-08-11 13:17:44] OK  - heterogeneity H1 computed and finite
[2026-08-11 13:17:44] Final region: n=5, H1=-1.124 (homogeneous)
[2026-08-11 13:17:44] OK  - goodness-of-fit Z reported for every candidate distribution
[2026-08-11 13:17:44] Distribution [72h]: GLO via auto (|Z|=0.211).
[2026-08-11 13:17:44] OK  - regional growth curve q(F) is monotone non-decreasing
[2026-08-11 13:17:44] OK  - growth factors are all positive
[2026-08-11 13:17:44] OK  - quantile depths are all positive
[2026-08-11 13:17:44] Estimation: GLO fitted; index flood = 134.07 mm; q(1e-4/AEP)=6.419.
[2026-08-11 13:17:44] Uncertainty: 500-rep bootstrap; 10,000-yr rel-RMSE=0.263, 90% band [520.9, 1216.7] mm.
[2026-08-11 13:17:44] Plots written for 72h: ratio diagram, growth-curve fit, DDF.
[2026-08-11 13:17:44] OK  - station counts reconcile (candidates 8 = used 5 + removed 3)
[2026-08-11 13:17:45]   drop 'USC00241202' -> H1 1.884 (was 2.874)
[2026-08-11 13:17:45] Homogeneity iter 3: n=43, H1=1.884
[2026-08-11 13:17:46] Region map written: ./outputs/figures/MO30202_region_map.png
[2026-08-11 13:17:46] Wrote 14 deliverable tables to ./outputs/tables.
[2026-08-11 13:17:46] Audit report written: ./outputs/report_MO30202.html

DONE. Headline results:
             site duration return_period_yr   AEP depth_mm depth_lo_mm
6  TABLE ROCK DAM      24h              100 1e-02   239.22      202.59
9  TABLE ROCK DAM      24h             1000 1e-03   394.09      283.44
12 TABLE ROCK DAM      24h            10000 1e-04   657.00      391.69
18 TABLE ROCK DAM      72h              100 1e-02   309.51      262.40
21 TABLE ROCK DAM      72h             1000 1e-03   512.18      370.62
24 TABLE ROCK DAM      72h            10000 1e-04   860.59      520.89
   depth_hi_mm rel_rmse
6       270.93    0.090
9       502.79    0.173
12      963.33    0.267
18      344.75    0.087
21      641.85    0.170
24     1216.69    0.263

Report: ./outputs/report_MO30202.html
[2026-08-11 13:17:47]   drop 'USC00240392' -> H1 0.685 (was 1.884)
[2026-08-11 13:17:47] Homogeneity iter 4: n=42, H1=0.685
[2026-08-11 13:17:47] OK  - heterogeneity H1 computed and finite
[2026-08-11 13:17:47] Final region: n=42, H1=0.546 (homogeneous)
[2026-08-11 13:17:47] OK  - goodness-of-fit Z reported for every candidate distribution
[2026-08-11 13:17:47] Distribution [72h]: GEV via auto (|Z|=0.639).
[2026-08-11 13:17:47] OK  - regional growth curve q(F) is monotone non-decreasing
[2026-08-11 13:17:47] OK  - growth factors are all positive
[2026-08-11 13:17:47] OK  - quantile depths are all positive
[2026-08-11 13:17:47] Estimation: GEV fitted; index flood = 66.06 mm; q(1e-4/AEP)=3.893.
[2026-08-11 13:17:47] === THEODORE ROOSEVELT : 2026-08-11T13:17:47 ===
[2026-08-11 13:17:48] Uncertainty: 500-rep bootstrap; 10,000-yr rel-RMSE=0.064, 90% band [227.2, 276.4] mm.
[2026-08-11 13:17:48] Plots written for 72h: ratio diagram, growth-curve fit, DDF.
[2026-08-11 13:17:48] OK  - station counts reconcile (candidates 60 = used 42 + removed 18)
[2026-08-11 13:17:50] Region map written: ./outputs/figures/MT00565_region_map.png
[2026-08-11 13:17:50] Wrote 14 deliverable tables to ./outputs/tables.
[2026-08-11 13:17:50] Audit report written: ./outputs/report_MT00565.html

DONE. Headline results:
           site duration return_period_yr   AEP depth_mm depth_lo_mm
6  HUNGRY HORSE      24h              100 1e-02   103.80       99.33
9  HUNGRY HORSE      24h             1000 1e-03   159.56      145.89
12 HUNGRY HORSE      24h            10000 1e-04   244.44      211.99
18 HUNGRY HORSE      72h              100 1e-02   144.31      138.60
21 HUNGRY HORSE      72h             1000 1e-03   197.48      182.21
24 HUNGRY HORSE      72h            10000 1e-04   257.17      227.20
   depth_hi_mm rel_rmse
6       106.77    0.025
9       168.62    0.048
12      265.93    0.075
18      147.99    0.022
21      207.23    0.042
24      276.44    0.064

Report: ./outputs/report_MT00565.html
[2026-08-11 13:17:51] === LOWER RED LAKE DAM : 2026-08-11T13:17:51 ===
GHCN download unavailable; falling back to SYNTHETIC demo data.
Generating SYNTHETIC demo data (offline) for MN00573 at (47.9566, -95.2766).
Demo data written for 17 stations to ./data/synthetic/MN00573 (SYNTHETIC — not real observations).
[2026-08-11 13:17:52] Acquired data: 60 candidate stations after region filter; 2 durations.
[2026-08-11 13:17:52] --- Duration 24h ---
[2026-08-11 13:17:52] OK  - no NA/Inf in at-site L-moments
[2026-08-11 13:17:52] Computed at-site L-moments for 54 stations.
[2026-08-11 13:17:52] Discordancy screening: Dcrit=3.000, removed 2 of 54 sites.
[2026-08-11 13:17:52] OK  - at least 5 stations remain after discordancy screening
[2026-08-11 13:17:53] Homogeneity iter 0: n=52, H1=1.542
GHCN: 60 stations acquired (cache data/raw/ghcn/by_station).
GHCN: 60 stations acquired (cache data/raw/ghcn/by_station).
[2026-08-11 13:17:55]   drop 'USC00048702' -> H1 0.721 (was 1.542)
[2026-08-11 13:17:55] Homogeneity iter 1: n=51, H1=0.721
[2026-08-11 13:17:55] OK  - heterogeneity H1 computed and finite
[2026-08-11 13:17:55] Final region: n=51, H1=0.708 (homogeneous)
[2026-08-11 13:17:55] OK  - goodness-of-fit Z reported for every candidate distribution
[2026-08-11 13:17:55] Distribution [24h]: GEV via auto (|Z|=0.537).
[2026-08-11 13:17:55] OK  - regional growth curve q(F) is monotone non-decreasing
[2026-08-11 13:17:55] OK  - growth factors are all positive
[2026-08-11 13:17:55] OK  - quantile depths are all positive
[2026-08-11 13:17:55] Estimation: GEV fitted; index flood = 105.62 mm; q(1e-4/AEP)=3.800.
[2026-08-11 13:17:56] Acquired data: 16 candidate stations after region filter; 2 durations.
[2026-08-11 13:17:56] --- Duration 24h ---
[2026-08-11 13:17:56] OK  - no NA/Inf in at-site L-moments
[2026-08-11 13:17:56] Computed at-site L-moments for 15 stations.
[2026-08-11 13:17:56] Discordancy screening: Dcrit=3.000, removed 0 of 15 sites.
[2026-08-11 13:17:56] OK  - at least 5 stations remain after discordancy screening
[2026-08-11 13:17:56] Homogeneity iter 0: n=15, H1=0.065
[2026-08-11 13:17:56] OK  - heterogeneity H1 computed and finite
[2026-08-11 13:17:56] Final region: n=15, H1=0.015 (homogeneous)
[2026-08-11 13:17:56] OK  - goodness-of-fit Z reported for every candidate distribution
[2026-08-11 13:17:56] Distribution [24h]: GNO via auto (|Z|=0.360).
[2026-08-11 13:17:56] OK  - regional growth curve q(F) is monotone non-decreasing
[2026-08-11 13:17:56] OK  - growth factors are all positive
[2026-08-11 13:17:56] OK  - quantile depths are all positive
[2026-08-11 13:17:56] Estimation: GNO fitted; index flood = 49.92 mm; q(1e-4/AEP)=3.051.
[2026-08-11 13:17:57] Uncertainty: 500-rep bootstrap; 10,000-yr rel-RMSE=0.068, 90% band [134.3, 166.8] mm.
[2026-08-11 13:17:57] Uncertainty: 500-rep bootstrap; 10,000-yr rel-RMSE=0.051, 90% band [363.4, 428.2] mm.
[2026-08-11 13:17:57] Plots written for 24h: ratio diagram, growth-curve fit, DDF.
[2026-08-11 13:17:57] OK  - station counts reconcile (candidates 17 = used 15 + removed 2)
[2026-08-11 13:17:57] --- Duration 72h ---
[2026-08-11 13:17:57] OK  - no NA/Inf in at-site L-moments
[2026-08-11 13:17:57] Computed at-site L-moments for 15 stations.
[2026-08-11 13:17:57] Discordancy screening: Dcrit=3.000, removed 0 of 15 sites.
[2026-08-11 13:17:57] OK  - at least 5 stations remain after discordancy screening
[2026-08-11 13:17:57] Homogeneity iter 0: n=15, H1=-0.277
[2026-08-11 13:17:57] Plots written for 24h: ratio diagram, growth-curve fit, DDF.
[2026-08-11 13:17:57] OK  - station counts reconcile (candidates 60 = used 51 + removed 9)
[2026-08-11 13:17:57] --- Duration 72h ---
[2026-08-11 13:17:57] OK  - no NA/Inf in at-site L-moments
[2026-08-11 13:17:57] Computed at-site L-moments for 54 stations.
[2026-08-11 13:17:57] OK  - heterogeneity H1 computed and finite
[2026-08-11 13:17:57] Final region: n=15, H1=-0.310 (homogeneous)
[2026-08-11 13:17:57] OK  - goodness-of-fit Z reported for every candidate distribution
[2026-08-11 13:17:57] Distribution [72h]: PE3 via auto (|Z|=0.236).
[2026-08-11 13:17:57] OK  - regional growth curve q(F) is monotone non-decreasing
[2026-08-11 13:17:57] OK  - growth factors are all positive
[2026-08-11 13:17:57] OK  - quantile depths are all positive
[2026-08-11 13:17:57] Estimation: PE3 fitted; index flood = 55.29 mm; q(1e-4/AEP)=2.606.
[2026-08-11 13:17:57] Discordancy screening: Dcrit=3.000, removed 3 of 54 sites.
[2026-08-11 13:17:57] OK  - at least 5 stations remain after discordancy screening
[2026-08-11 13:17:57] Homogeneity iter 0: n=51, H1=0.697
[2026-08-11 13:17:57] OK  - heterogeneity H1 computed and finite
[2026-08-11 13:17:57] Final region: n=51, H1=0.782 (homogeneous)
[2026-08-11 13:17:58] OK  - goodness-of-fit Z reported for every candidate distribution
[2026-08-11 13:17:58] Distribution [72h]: GEV via auto (|Z|=0.959).
[2026-08-11 13:17:58] OK  - regional growth curve q(F) is monotone non-decreasing
[2026-08-11 13:17:58] OK  - growth factors are all positive
[2026-08-11 13:17:58] OK  - quantile depths are all positive
[2026-08-11 13:17:58] Estimation: GEV fitted; index flood = 176.52 mm; q(1e-4/AEP)=4.730.
[2026-08-11 13:17:58] Uncertainty: 500-rep bootstrap; 10,000-yr rel-RMSE=0.042, 90% band [133.3, 152.9] mm.
[2026-08-11 13:17:59] Plots written for 72h: ratio diagram, growth-curve fit, DDF.
[2026-08-11 13:17:59] OK  - station counts reconcile (candidates 17 = used 15 + removed 2)
[2026-08-11 13:17:59] Uncertainty: 500-rep bootstrap; 10,000-yr rel-RMSE=0.059, 90% band [746.5, 886.7] mm.
[2026-08-11 13:17:59] Plots written for 72h: ratio diagram, growth-curve fit, DDF.
[2026-08-11 13:17:59] OK  - station counts reconcile (candidates 60 = used 51 + removed 9)
[2026-08-11 13:18:00] Region map written: ./outputs/figures/MN00573_region_map.png
[2026-08-11 13:18:00] Wrote 14 deliverable tables to ./outputs/tables.
[2026-08-11 13:18:00] Audit report written: ./outputs/report_MN00573.html

DONE. Headline results:
                 site duration return_period_yr   AEP depth_mm depth_lo_mm
6  LOWER RED LAKE DAM      24h              100 1e-02    95.66       90.65
9  LOWER RED LAKE DAM      24h             1000 1e-03   123.07      112.38
12 LOWER RED LAKE DAM      24h            10000 1e-04   152.30      134.29
18 LOWER RED LAKE DAM      72h              100 1e-02   100.75       96.70
21 LOWER RED LAKE DAM      72h             1000 1e-03   123.07      115.82
24 LOWER RED LAKE DAM      72h            10000 1e-04   144.07      133.33
   depth_hi_mm rel_rmse
6        99.60    0.029
9       131.63    0.049
12      166.76    0.068
18      104.09    0.023
21      129.14    0.034
24      152.85    0.042

Report: ./outputs/report_MN00573.html
[2026-08-11 13:18:01] Region map written: ./outputs/figures/CA00035_region_map.png
[2026-08-11 13:18:01] Wrote 14 deliverable tables to ./outputs/tables.
[2026-08-11 13:18:01] Audit report written: ./outputs/report_CA00035.html

DONE. Headline results:
       site duration return_period_yr   AEP depth_mm depth_lo_mm depth_hi_mm
6  OROVILLE      24h              100 1e-02   231.12      223.54      236.07
9  OROVILLE      24h             1000 1e-03   312.64      293.15      326.59
12 OROVILLE      24h            10000 1e-04   401.31      363.45      428.17
18 OROVILLE      72h              100 1e-02   432.99      416.44      442.47
21 OROVILLE      72h             1000 1e-03   618.11      574.67      642.65
24 OROVILLE      72h            10000 1e-04   834.90      746.52      886.74
   rel_rmse
6     0.018
9     0.034
12    0.051
18    0.020
21    0.039
24    0.059

Report: ./outputs/report_CA00035.html
[2026-08-11 13:18:01] === MANSFIELD DAM : 2026-08-11T13:18:01 ===
GHCN: 9 stations acquired (cache data/raw/ghcn/by_station).
[2026-08-11 13:18:02] === FALCON : 2026-08-11T13:18:02 ===
GHCN: 13 stations acquired (cache data/raw/ghcn/by_station).
[2026-08-11 13:18:04] Acquired data: 9 candidate stations after region filter; 2 durations.
[2026-08-11 13:18:04] --- Duration 24h ---
[2026-08-11 13:18:04] OK  - no NA/Inf in at-site L-moments
[2026-08-11 13:18:04] Computed at-site L-moments for 8 stations.
[2026-08-11 13:18:04] Discordancy screening: Dcrit=2.140, removed 0 of 8 sites.
[2026-08-11 13:18:04] OK  - at least 5 stations remain after discordancy screening
[2026-08-11 13:18:04] Homogeneity iter 0: n=8, H1=0.088
[2026-08-11 13:18:04] OK  - heterogeneity H1 computed and finite
[2026-08-11 13:18:04] Final region: n=8, H1=0.068 (homogeneous)
[2026-08-11 13:18:04] OK  - goodness-of-fit Z reported for every candidate distribution
[2026-08-11 13:18:04] Distribution [24h]: GLO via auto (|Z|=0.467).
[2026-08-11 13:18:04] OK  - regional growth curve q(F) is monotone non-decreasing
[2026-08-11 13:18:04] OK  - growth factors are all positive
[2026-08-11 13:18:04] OK  - quantile depths are all positive
[2026-08-11 13:18:04] Estimation: GLO fitted; index flood = 94.11 mm; q(1e-4/AEP)=7.407.
[2026-08-11 13:18:05] Uncertainty: 500-rep bootstrap; 10,000-yr rel-RMSE=0.204, 90% band [482.4, 947.4] mm.
[2026-08-11 13:18:05] Plots written for 24h: ratio diagram, growth-curve fit, DDF.
[2026-08-11 13:18:05] OK  - station counts reconcile (candidates 9 = used 8 + removed 1)
[2026-08-11 13:18:05] --- Duration 72h ---
[2026-08-11 13:18:05] OK  - no NA/Inf in at-site L-moments
[2026-08-11 13:18:05] Computed at-site L-moments for 8 stations.
[2026-08-11 13:18:05] Discordancy screening: Dcrit=2.140, removed 0 of 8 sites.
[2026-08-11 13:18:05] OK  - at least 5 stations remain after discordancy screening
[2026-08-11 13:18:05] Homogeneity iter 0: n=8, H1=-0.628
[2026-08-11 13:18:05] OK  - heterogeneity H1 computed and finite
[2026-08-11 13:18:05] Final region: n=8, H1=-0.616 (homogeneous)
[2026-08-11 13:18:05] OK  - goodness-of-fit Z reported for every candidate distribution
[2026-08-11 13:18:05] Distribution [72h]: GEV via auto (|Z|=0.407).
[2026-08-11 13:18:05] OK  - regional growth curve q(F) is monotone non-decreasing
[2026-08-11 13:18:05] OK  - growth factors are all positive
[2026-08-11 13:18:05] OK  - quantile depths are all positive
[2026-08-11 13:18:05] Estimation: GEV fitted; index flood = 113.09 mm; q(1e-4/AEP)=6.093.
[2026-08-11 13:18:06] Uncertainty: 500-rep bootstrap; 10,000-yr rel-RMSE=0.198, 90% band [482.9, 929.3] mm.
[2026-08-11 13:18:06] Plots written for 72h: ratio diagram, growth-curve fit, DDF.
[2026-08-11 13:18:06] OK  - station counts reconcile (candidates 9 = used 8 + removed 1)
[2026-08-11 13:18:07] Region map written: ./outputs/figures/TX01087_region_map.png
[2026-08-11 13:18:07] Wrote 14 deliverable tables to ./outputs/tables.
[2026-08-11 13:18:07] Audit report written: ./outputs/report_TX01087.html

DONE. Headline results:
            site duration return_period_yr   AEP depth_mm depth_lo_mm
6  MANSFIELD DAM      24h              100 1e-02   248.86      219.91
9  MANSFIELD DAM      24h             1000 1e-03   417.84      329.87
12 MANSFIELD DAM      24h            10000 1e-04   697.05      482.38
18 MANSFIELD DAM      72h              100 1e-02   313.50      277.42
21 MANSFIELD DAM      72h             1000 1e-03   478.01      377.88
24 MANSFIELD DAM      72h            10000 1e-04   689.13      482.86
   depth_hi_mm rel_rmse
6       274.16    0.068
9       507.68    0.132
12      947.40    0.204
18      344.32    0.066
21      576.95    0.129
24      929.34    0.198

Report: ./outputs/report_TX01087.html
[2026-08-11 13:18:09] === SARDIS DAM : 2026-08-11T13:18:09 ===
[2026-08-11 13:18:09] Acquired data: 13 candidate stations after region filter; 2 durations.
[2026-08-11 13:18:09] --- Duration 24h ---
[2026-08-11 13:18:09] OK  - no NA/Inf in at-site L-moments
[2026-08-11 13:18:09] Computed at-site L-moments for 9 stations.
[2026-08-11 13:18:09] Discordancy screening: Dcrit=2.329, removed 0 of 9 sites.
[2026-08-11 13:18:09] OK  - at least 5 stations remain after discordancy screening
[2026-08-11 13:18:09] Homogeneity iter 0: n=9, H1=0.131
[2026-08-11 13:18:09] OK  - heterogeneity H1 computed and finite
[2026-08-11 13:18:09] Final region: n=9, H1=-0.071 (homogeneous)
[2026-08-11 13:18:09] OK  - goodness-of-fit Z reported for every candidate distribution
[2026-08-11 13:18:09] Distribution [24h]: GLO via auto (|Z|=1.023).
[2026-08-11 13:18:09] OK  - regional growth curve q(F) is monotone non-decreasing
[2026-08-11 13:18:09] OK  - growth factors are all positive
[2026-08-11 13:18:09] OK  - quantile depths are all positive
[2026-08-11 13:18:09] Estimation: GLO fitted; index flood = 68.27 mm; q(1e-4/AEP)=15.020.
GHCN download unavailable; falling back to SYNTHETIC demo data.
Generating SYNTHETIC demo data (offline) for MS01493 at (34.4, -89.7867).
[2026-08-11 13:18:09] Uncertainty: 500-rep bootstrap; 10,000-yr rel-RMSE=0.224, 90% band [629.3, 1283.7] mm.
Demo data written for 17 stations to ./data/synthetic/MS01493 (SYNTHETIC — not real observations).
[2026-08-11 13:18:09] Plots written for 24h: ratio diagram, growth-curve fit, DDF.
[2026-08-11 13:18:09] OK  - station counts reconcile (candidates 13 = used 9 + removed 4)
[2026-08-11 13:18:09] --- Duration 72h ---
[2026-08-11 13:18:09] OK  - no NA/Inf in at-site L-moments
[2026-08-11 13:18:09] Computed at-site L-moments for 9 stations.
[2026-08-11 13:18:09] Discordancy screening: Dcrit=2.329, removed 1 of 9 sites.
[2026-08-11 13:18:09] OK  - at least 5 stations remain after discordancy screening
[2026-08-11 13:18:09] Homogeneity iter 0: n=8, H1=0.088
[2026-08-11 13:18:10] OK  - heterogeneity H1 computed and finite
[2026-08-11 13:18:10] Final region: n=8, H1=-0.078 (homogeneous)
[2026-08-11 13:18:10] OK  - goodness-of-fit Z reported for every candidate distribution
[2026-08-11 13:18:10] Distribution [72h]: GLO via auto (|Z|=0.046).
[2026-08-11 13:18:10] OK  - regional growth curve q(F) is monotone non-decreasing
[2026-08-11 13:18:10] OK  - growth factors are all positive
[2026-08-11 13:18:10] OK  - quantile depths are all positive
[2026-08-11 13:18:10] Estimation: GLO fitted; index flood = 84.30 mm; q(1e-4/AEP)=21.675.
[2026-08-11 13:18:10] Uncertainty: 500-rep bootstrap; 10,000-yr rel-RMSE=0.280, 90% band [1015.2, 2368.3] mm.
[2026-08-11 13:18:10] Plots written for 72h: ratio diagram, growth-curve fit, DDF.
[2026-08-11 13:18:10] OK  - station counts reconcile (candidates 13 = used 8 + removed 5)
[2026-08-11 13:18:12] Region map written: ./outputs/figures/TX00024_region_map.png
[2026-08-11 13:18:12] Wrote 14 deliverable tables to ./outputs/tables.
[2026-08-11 13:18:12] Audit report written: ./outputs/report_TX00024.html

DONE. Headline results:
     site duration return_period_yr   AEP depth_mm depth_lo_mm depth_hi_mm
6  FALCON      24h              100 1e-02   251.03      214.34      273.89
9  FALCON      24h             1000 1e-03   509.92      372.31      596.82
12 FALCON      24h            10000 1e-04  1025.37      629.33     1283.73
18 FALCON      72h              100 1e-02   344.91      283.65      381.62
21 FALCON      72h             1000 1e-03   793.71      540.92      943.33
24 FALCON      72h            10000 1e-04  1827.12     1015.19     2368.33
   rel_rmse
6     0.080
9     0.151
12    0.224
18    0.099
21    0.190
24    0.280

Report: ./outputs/report_TX00024.html
[2026-08-11 13:18:13] === GREERS FERRY : 2026-08-11T13:18:13 ===
[2026-08-11 13:18:14] Acquired data: 16 candidate stations after region filter; 2 durations.
[2026-08-11 13:18:14] --- Duration 24h ---
[2026-08-11 13:18:14] OK  - no NA/Inf in at-site L-moments
[2026-08-11 13:18:14] Computed at-site L-moments for 15 stations.
[2026-08-11 13:18:14] Discordancy screening: Dcrit=3.000, removed 0 of 15 sites.
[2026-08-11 13:18:14] OK  - at least 5 stations remain after discordancy screening
[2026-08-11 13:18:14] Homogeneity iter 0: n=15, H1=0.065
[2026-08-11 13:18:14] OK  - heterogeneity H1 computed and finite
[2026-08-11 13:18:14] Final region: n=15, H1=0.015 (homogeneous)
GHCN: 7 stations acquired (cache data/raw/ghcn/by_station).
[2026-08-11 13:18:14] OK  - goodness-of-fit Z reported for every candidate distribution
[2026-08-11 13:18:14] Distribution [24h]: GNO via auto (|Z|=0.360).
[2026-08-11 13:18:14] OK  - regional growth curve q(F) is monotone non-decreasing
[2026-08-11 13:18:14] OK  - growth factors are all positive
[2026-08-11 13:18:14] OK  - quantile depths are all positive
[2026-08-11 13:18:14] Estimation: GNO fitted; index flood = 49.92 mm; q(1e-4/AEP)=3.051.
[2026-08-11 13:18:15] Uncertainty: 500-rep bootstrap; 10,000-yr rel-RMSE=0.068, 90% band [134.3, 166.8] mm.
[2026-08-11 13:18:15] Plots written for 24h: ratio diagram, growth-curve fit, DDF.
[2026-08-11 13:18:15] OK  - station counts reconcile (candidates 17 = used 15 + removed 2)
[2026-08-11 13:18:15] --- Duration 72h ---
[2026-08-11 13:18:15] OK  - no NA/Inf in at-site L-moments
[2026-08-11 13:18:15] Computed at-site L-moments for 15 stations.
[2026-08-11 13:18:15] Discordancy screening: Dcrit=3.000, removed 0 of 15 sites.
[2026-08-11 13:18:15] OK  - at least 5 stations remain after discordancy screening
[2026-08-11 13:18:15] Homogeneity iter 0: n=15, H1=-0.277
[2026-08-11 13:18:15] OK  - heterogeneity H1 computed and finite
[2026-08-11 13:18:15] Final region: n=15, H1=-0.310 (homogeneous)
[2026-08-11 13:18:15] OK  - goodness-of-fit Z reported for every candidate distribution
[2026-08-11 13:18:15] Distribution [72h]: PE3 via auto (|Z|=0.236).
[2026-08-11 13:18:15] OK  - regional growth curve q(F) is monotone non-decreasing
[2026-08-11 13:18:15] OK  - growth factors are all positive
[2026-08-11 13:18:15] OK  - quantile depths are all positive
[2026-08-11 13:18:15] Estimation: PE3 fitted; index flood = 55.29 mm; q(1e-4/AEP)=2.606.
[2026-08-11 13:18:16] Acquired data: 7 candidate stations after region filter; 2 durations.
[2026-08-11 13:18:16] --- Duration 24h ---
[2026-08-11 13:18:16] OK  - no NA/Inf in at-site L-moments
[2026-08-11 13:18:16] Computed at-site L-moments for 5 stations.
[2026-08-11 13:18:16] Discordancy screening: Dcrit=1.333, removed 1 of 5 sites.
[2026-08-11 13:18:16] Uncertainty: 500-rep bootstrap; 10,000-yr rel-RMSE=0.042, 90% band [133.3, 152.9] mm.
[2026-08-11 13:18:16] Plots written for 72h: ratio diagram, growth-curve fit, DDF.
[2026-08-11 13:18:16] OK  - station counts reconcile (candidates 17 = used 15 + removed 2)
[2026-08-11 13:18:16] Acquired data: 60 candidate stations after region filter; 2 durations.
[2026-08-11 13:18:16] --- Duration 24h ---
[2026-08-11 13:18:16] OK  - no NA/Inf in at-site L-moments
[2026-08-11 13:18:16] Computed at-site L-moments for 45 stations.
[2026-08-11 13:18:17] Discordancy screening: Dcrit=3.000, removed 3 of 45 sites.
[2026-08-11 13:18:17] OK  - at least 5 stations remain after discordancy screening
[2026-08-11 13:18:17] Homogeneity iter 0: n=42, H1=1.652
[2026-08-11 13:18:17] === PUMPING STATION NO. 8 : 2026-08-11T13:18:17 ===
GHCN download unavailable; falling back to SYNTHETIC demo data.
Generating SYNTHETIC demo data (offline) for FL00343 at (26.3299, -80.7699).
[2026-08-11 13:18:18] Region map written: ./outputs/figures/MS01493_region_map.png
[2026-08-11 13:18:18] Wrote 14 deliverable tables to ./outputs/tables.
[2026-08-11 13:18:18] Audit report written: ./outputs/report_MS01493.html

DONE. Headline results:
         site duration return_period_yr   AEP depth_mm depth_lo_mm depth_hi_mm
6  SARDIS DAM      24h              100 1e-02    95.66       90.65       99.60
9  SARDIS DAM      24h             1000 1e-03   123.07      112.38      131.63
12 SARDIS DAM      24h            10000 1e-04   152.30      134.29      166.76
18 SARDIS DAM      72h              100 1e-02   100.75       96.70      104.09
21 SARDIS DAM      72h             1000 1e-03   123.07      115.82      129.14
24 SARDIS DAM      72h            10000 1e-04   144.07      133.33      152.85
   rel_rmse
6     0.029
9     0.049
12    0.068
18    0.023
21    0.034
24    0.042

Report: ./outputs/report_MS01493.html
[2026-08-11 13:18:18] Acquired data: 60 candidate stations after region filter; 2 durations.
[2026-08-11 13:18:18] --- Duration 24h ---
[2026-08-11 13:18:18] OK  - no NA/Inf in at-site L-moments
[2026-08-11 13:18:18] Computed at-site L-moments for 49 stations.
[2026-08-11 13:18:18]   drop 'USC00310843' -> H1 0.745 (was 1.652)
[2026-08-11 13:18:18] Homogeneity iter 1: n=41, H1=0.745
[2026-08-11 13:18:18] Discordancy screening: Dcrit=3.000, removed 1 of 49 sites.
[2026-08-11 13:18:18] OK  - at least 5 stations remain after discordancy screening
[2026-08-11 13:18:18] Homogeneity iter 0: n=48, H1=1.305
[2026-08-11 13:18:18] OK  - heterogeneity H1 computed and finite
[2026-08-11 13:18:18] Final region: n=41, H1=0.684 (homogeneous)
Demo data written for 17 stations to ./data/synthetic/FL00343 (SYNTHETIC — not real observations).
[2026-08-11 13:18:18] OK  - goodness-of-fit Z reported for every candidate distribution
[2026-08-11 13:18:18] Distribution [24h]: GEV via auto (|Z|=0.339).
[2026-08-11 13:18:19] OK  - regional growth curve q(F) is monotone non-decreasing
[2026-08-11 13:18:19] OK  - growth factors are all positive
[2026-08-11 13:18:19] OK  - quantile depths are all positive
[2026-08-11 13:18:19] Estimation: GEV fitted; index flood = 100.62 mm; q(1e-4/AEP)=3.952.
[2026-08-11 13:18:19] === STRUCTURE 333 : 2026-08-11T13:18:19 ===
GHCN download unavailable; falling back to SYNTHETIC demo data.
Generating SYNTHETIC demo data (offline) for FL00681 at (25.76, -80.6699).
[2026-08-11 13:18:20] Uncertainty: 500-rep bootstrap; 10,000-yr rel-RMSE=0.063, 90% band [352.6, 430.1] mm.
Demo data written for 17 stations to ./data/synthetic/FL00681 (SYNTHETIC — not real observations).
[2026-08-11 13:18:20] Plots written for 24h: ratio diagram, growth-curve fit, DDF.
[2026-08-11 13:18:20] OK  - station counts reconcile (candidates 60 = used 41 + removed 19)
[2026-08-11 13:18:20] --- Duration 72h ---
[2026-08-11 13:18:20] OK  - no NA/Inf in at-site L-moments
[2026-08-11 13:18:20] Computed at-site L-moments for 45 stations.
[2026-08-11 13:18:20] Discordancy screening: Dcrit=3.000, removed 4 of 45 sites.
[2026-08-11 13:18:20] OK  - at least 5 stations remain after discordancy screening
[2026-08-11 13:18:20] Homogeneity iter 0: n=41, H1=2.084
[2026-08-11 13:18:20]   drop 'USC00024182' -> H1 -0.054 (was 1.305)
[2026-08-11 13:18:21] Homogeneity iter 1: n=47, H1=-0.054
[2026-08-11 13:18:21] OK  - heterogeneity H1 computed and finite
[2026-08-11 13:18:21] Final region: n=47, H1=-0.088 (homogeneous)
[2026-08-11 13:18:21] OK  - goodness-of-fit Z reported for every candidate distribution
[2026-08-11 13:18:21] Distribution [24h]: GLO via auto (|Z|=1.506).
[2026-08-11 13:18:21] OK  - regional growth curve q(F) is monotone non-decreasing
[2026-08-11 13:18:21] OK  - growth factors are all positive
[2026-08-11 13:18:21] OK  - quantile depths are all positive
[2026-08-11 13:18:21] Estimation: GLO fitted; index flood = 55.02 mm; q(1e-4/AEP)=5.507.
[2026-08-11 13:18:22]   drop 'USC00310843' -> H1 1.291 (was 2.084)
[2026-08-11 13:18:22] Homogeneity iter 1: n=40, H1=1.291
[2026-08-11 13:18:22] Uncertainty: 500-rep bootstrap; 10,000-yr rel-RMSE=0.068, 90% band [266.0, 328.4] mm.
[2026-08-11 13:18:22] Plots written for 24h: ratio diagram, growth-curve fit, DDF.
[2026-08-11 13:18:22] OK  - station counts reconcile (candidates 60 = used 47 + removed 13)
[2026-08-11 13:18:22] --- Duration 72h ---
[2026-08-11 13:18:22] OK  - no NA/Inf in at-site L-moments
[2026-08-11 13:18:22] Computed at-site L-moments for 49 stations.
[2026-08-11 13:18:22] Discordancy screening: Dcrit=3.000, removed 1 of 49 sites.
[2026-08-11 13:18:22] OK  - at least 5 stations remain after discordancy screening
[2026-08-11 13:18:22] Homogeneity iter 0: n=48, H1=1.175
[2026-08-11 13:18:23] Acquired data: 16 candidate stations after region filter; 2 durations.
[2026-08-11 13:18:23] --- Duration 24h ---
[2026-08-11 13:18:23] OK  - no NA/Inf in at-site L-moments
[2026-08-11 13:18:23] Computed at-site L-moments for 15 stations.
[2026-08-11 13:18:23] Discordancy screening: Dcrit=3.000, removed 0 of 15 sites.
[2026-08-11 13:18:23] OK  - at least 5 stations remain after discordancy screening
[2026-08-11 13:18:23] Homogeneity iter 0: n=15, H1=0.065
[2026-08-11 13:18:23] OK  - heterogeneity H1 computed and finite
[2026-08-11 13:18:23] Final region: n=15, H1=0.015 (homogeneous)
[2026-08-11 13:18:23] OK  - goodness-of-fit Z reported for every candidate distribution
[2026-08-11 13:18:23] Distribution [24h]: GNO via auto (|Z|=0.360).
[2026-08-11 13:18:23] OK  - regional growth curve q(F) is monotone non-decreasing
[2026-08-11 13:18:23] OK  - growth factors are all positive
[2026-08-11 13:18:23] OK  - quantile depths are all positive
[2026-08-11 13:18:23] Estimation: GNO fitted; index flood = 49.92 mm; q(1e-4/AEP)=3.051.
[2026-08-11 13:18:23]   drop 'USC00312837' -> H1 0.696 (was 1.291)
[2026-08-11 13:18:23] Homogeneity iter 2: n=39, H1=0.696
[2026-08-11 13:18:23] OK  - heterogeneity H1 computed and finite
[2026-08-11 13:18:23] Final region: n=39, H1=0.698 (homogeneous)
[2026-08-11 13:18:23] OK  - goodness-of-fit Z reported for every candidate distribution
[2026-08-11 13:18:23] Distribution [72h]: GEV via auto (|Z|=0.988).
[2026-08-11 13:18:23] OK  - regional growth curve q(F) is monotone non-decreasing
[2026-08-11 13:18:23] OK  - growth factors are all positive
[2026-08-11 13:18:23] OK  - quantile depths are all positive
[2026-08-11 13:18:23] Estimation: GEV fitted; index flood = 131.36 mm; q(1e-4/AEP)=4.002.
[2026-08-11 13:18:24] Uncertainty: 500-rep bootstrap; 10,000-yr rel-RMSE=0.068, 90% band [134.3, 166.8] mm.
[2026-08-11 13:18:24] Plots written for 24h: ratio diagram, growth-curve fit, DDF.
[2026-08-11 13:18:24] OK  - station counts reconcile (candidates 17 = used 15 + removed 2)
[2026-08-11 13:18:24] --- Duration 72h ---
[2026-08-11 13:18:24] OK  - no NA/Inf in at-site L-moments
[2026-08-11 13:18:24] Computed at-site L-moments for 15 stations.
[2026-08-11 13:18:24] Discordancy screening: Dcrit=3.000, removed 0 of 15 sites.
[2026-08-11 13:18:24] OK  - at least 5 stations remain after discordancy screening
[2026-08-11 13:18:24] Homogeneity iter 0: n=15, H1=-0.277
[2026-08-11 13:18:24] OK  - heterogeneity H1 computed and finite
[2026-08-11 13:18:24] Final region: n=15, H1=-0.310 (homogeneous)
[2026-08-11 13:18:24] OK  - goodness-of-fit Z reported for every candidate distribution
[2026-08-11 13:18:24] Distribution [72h]: PE3 via auto (|Z|=0.236).
[2026-08-11 13:18:24] OK  - regional growth curve q(F) is monotone non-decreasing
[2026-08-11 13:18:24] OK  - growth factors are all positive
[2026-08-11 13:18:24] OK  - quantile depths are all positive
[2026-08-11 13:18:24] Estimation: PE3 fitted; index flood = 55.29 mm; q(1e-4/AEP)=2.606.
[2026-08-11 13:18:24] Acquired data: 16 candidate stations after region filter; 2 durations.
[2026-08-11 13:18:24] --- Duration 24h ---
[2026-08-11 13:18:24] OK  - no NA/Inf in at-site L-moments
[2026-08-11 13:18:24] Computed at-site L-moments for 15 stations.
[2026-08-11 13:18:24] Discordancy screening: Dcrit=3.000, removed 0 of 15 sites.
[2026-08-11 13:18:24] OK  - at least 5 stations remain after discordancy screening
[2026-08-11 13:18:24] Homogeneity iter 0: n=15, H1=0.065
[2026-08-11 13:18:24] OK  - heterogeneity H1 computed and finite
[2026-08-11 13:18:24] Final region: n=15, H1=0.015 (homogeneous)
[2026-08-11 13:18:24] OK  - goodness-of-fit Z reported for every candidate distribution
[2026-08-11 13:18:24] Distribution [24h]: GNO via auto (|Z|=0.360).
[2026-08-11 13:18:24] OK  - regional growth curve q(F) is monotone non-decreasing
[2026-08-11 13:18:24] OK  - growth factors are all positive
[2026-08-11 13:18:24] OK  - quantile depths are all positive
[2026-08-11 13:18:24] Estimation: GNO fitted; index flood = 49.92 mm; q(1e-4/AEP)=3.051.
[2026-08-11 13:18:25] Uncertainty: 500-rep bootstrap; 10,000-yr rel-RMSE=0.066, 90% band [462.9, 566.7] mm.
[2026-08-11 13:18:25] Plots written for 72h: ratio diagram, growth-curve fit, DDF.
[2026-08-11 13:18:25] OK  - station counts reconcile (candidates 60 = used 39 + removed 21)
[2026-08-11 13:18:25]   drop 'USC00024182' -> H1 0.356 (was 1.175)
[2026-08-11 13:18:25] Homogeneity iter 1: n=47, H1=0.356
[2026-08-11 13:18:25] OK  - heterogeneity H1 computed and finite
[2026-08-11 13:18:25] Final region: n=47, H1=0.357 (homogeneous)
[2026-08-11 13:18:25] Uncertainty: 500-rep bootstrap; 10,000-yr rel-RMSE=0.068, 90% band [134.3, 166.8] mm.
[2026-08-11 13:18:25] OK  - goodness-of-fit Z reported for every candidate distribution
[2026-08-11 13:18:25] Distribution [72h]: GEV via auto (|Z|=0.149).
[2026-08-11 13:18:25] OK  - regional growth curve q(F) is monotone non-decreasing
[2026-08-11 13:18:25] OK  - growth factors are all positive
[2026-08-11 13:18:25] OK  - quantile depths are all positive
[2026-08-11 13:18:25] Estimation: GEV fitted; index flood = 73.68 mm; q(1e-4/AEP)=4.381.
[2026-08-11 13:18:25] Plots written for 24h: ratio diagram, growth-curve fit, DDF.
[2026-08-11 13:18:25] OK  - station counts reconcile (candidates 17 = used 15 + removed 2)
[2026-08-11 13:18:25] --- Duration 72h ---
[2026-08-11 13:18:25] OK  - no NA/Inf in at-site L-moments
[2026-08-11 13:18:25] Computed at-site L-moments for 15 stations.
[2026-08-11 13:18:25] Discordancy screening: Dcrit=3.000, removed 0 of 15 sites.
[2026-08-11 13:18:25] OK  - at least 5 stations remain after discordancy screening
[2026-08-11 13:18:25] Homogeneity iter 0: n=15, H1=-0.277
[2026-08-11 13:18:25] OK  - heterogeneity H1 computed and finite
[2026-08-11 13:18:25] Final region: n=15, H1=-0.310 (homogeneous)
[2026-08-11 13:18:25] OK  - goodness-of-fit Z reported for every candidate distribution
[2026-08-11 13:18:25] Distribution [72h]: PE3 via auto (|Z|=0.236).
[2026-08-11 13:18:25] OK  - regional growth curve q(F) is monotone non-decreasing
[2026-08-11 13:18:25] OK  - growth factors are all positive
[2026-08-11 13:18:25] OK  - quantile depths are all positive
[2026-08-11 13:18:25] Estimation: PE3 fitted; index flood = 55.29 mm; q(1e-4/AEP)=2.606.
[2026-08-11 13:18:25] Uncertainty: 500-rep bootstrap; 10,000-yr rel-RMSE=0.042, 90% band [133.3, 152.9] mm.
[2026-08-11 13:18:26] Plots written for 72h: ratio diagram, growth-curve fit, DDF.
[2026-08-11 13:18:26] OK  - station counts reconcile (candidates 17 = used 15 + removed 2)
[2026-08-11 13:18:26] Region map written: ./outputs/figures/GA01702_region_map.png
[2026-08-11 13:18:26] Wrote 14 deliverable tables to ./outputs/tables.
[2026-08-11 13:18:26] Audit report written: ./outputs/report_GA01702.html

DONE. Headline results:
           site duration return_period_yr   AEP depth_mm depth_lo_mm
6  HARTWELL DAM      24h              100 1e-02   218.75      210.18
9  HARTWELL DAM      24h             1000 1e-03   301.94      279.11
12 HARTWELL DAM      24h            10000 1e-04   397.71      352.64
18 HARTWELL DAM      72h              100 1e-02   284.53      272.60
21 HARTWELL DAM      72h             1000 1e-03   395.45      363.43
24 HARTWELL DAM      72h            10000 1e-04   525.66      462.89
   depth_hi_mm rel_rmse
6       224.70    0.021
9       317.94    0.041
12      430.07    0.063
18      292.00    0.022
21      415.37    0.043
24      566.67    0.066

Report: ./outputs/report_GA01702.html
[2026-08-11 13:18:27] Uncertainty: 500-rep bootstrap; 10,000-yr rel-RMSE=0.062, 90% band [287.1, 348.1] mm.
[2026-08-11 13:18:27] Uncertainty: 500-rep bootstrap; 10,000-yr rel-RMSE=0.042, 90% band [133.3, 152.9] mm.
[2026-08-11 13:18:27] Plots written for 72h: ratio diagram, growth-curve fit, DDF.
[2026-08-11 13:18:27] OK  - station counts reconcile (candidates 60 = used 47 + removed 13)
[2026-08-11 13:18:27] Plots written for 72h: ratio diagram, growth-curve fit, DDF.
[2026-08-11 13:18:27] OK  - station counts reconcile (candidates 17 = used 15 + removed 2)
[2026-08-11 13:18:27] Region map written: ./outputs/figures/FL00343_region_map.png
[2026-08-11 13:18:27] Wrote 14 deliverable tables to ./outputs/tables.
[2026-08-11 13:18:27] Audit report written: ./outputs/report_FL00343.html

DONE. Headline results:
                    site duration return_period_yr   AEP depth_mm depth_lo_mm
6  PUMPING STATION NO. 8      24h              100 1e-02    95.66       90.65
9  PUMPING STATION NO. 8      24h             1000 1e-03   123.07      112.38
12 PUMPING STATION NO. 8      24h            10000 1e-04   152.30      134.29
18 PUMPING STATION NO. 8      72h              100 1e-02   100.75       96.70
21 PUMPING STATION NO. 8      72h             1000 1e-03   123.07      115.82
24 PUMPING STATION NO. 8      72h            10000 1e-04   144.07      133.33
   depth_hi_mm rel_rmse
6        99.60    0.029
9       131.63    0.049
12      166.76    0.068
18      104.09    0.023
21      129.14    0.034
24      152.85    0.042

Report: ./outputs/report_FL00343.html
[2026-08-11 13:18:27] === GRENADA DAM : 2026-08-11T13:18:27 ===
GHCN download unavailable; falling back to SYNTHETIC demo data.
Generating SYNTHETIC demo data (offline) for MS01494 at (33.8083, -89.7716).
[2026-08-11 13:18:28] Region map written: ./outputs/figures/AZ10317_region_map.png
[2026-08-11 13:18:28] Wrote 14 deliverable tables to ./outputs/tables.
[2026-08-11 13:18:28] Audit report written: ./outputs/report_AZ10317.html

DONE. Headline results:
                 site duration return_period_yr   AEP depth_mm depth_lo_mm
6  THEODORE ROOSEVELT      24h              100 1e-02   127.53      122.62
9  THEODORE ROOSEVELT      24h             1000 1e-03   197.33      181.66
12 THEODORE ROOSEVELT      24h            10000 1e-04   303.00      265.98
18 THEODORE ROOSEVELT      72h              100 1e-02   174.68      168.00
21 THEODORE ROOSEVELT      72h             1000 1e-03   244.15      226.24
24 THEODORE ROOSEVELT      72h            10000 1e-04   322.80      287.12
   depth_hi_mm rel_rmse
6       131.09    0.023
9       207.87    0.044
12      328.37    0.068
18      179.43    0.022
21      256.79    0.041
24      348.10    0.062

Report: ./outputs/report_AZ10317.html
[2026-08-11 13:18:28] Region map written: ./outputs/figures/FL00681_region_map.png
[2026-08-11 13:18:28] Wrote 14 deliverable tables to ./outputs/tables.
[2026-08-11 13:18:28] Audit report written: ./outputs/report_FL00681.html

DONE. Headline results:
            site duration return_period_yr   AEP depth_mm depth_lo_mm
6  STRUCTURE 333      24h              100 1e-02    95.66       90.65
9  STRUCTURE 333      24h             1000 1e-03   123.07      112.38
12 STRUCTURE 333      24h            10000 1e-04   152.30      134.29
18 STRUCTURE 333      72h              100 1e-02   100.75       96.70
21 STRUCTURE 333      72h             1000 1e-03   123.07      115.82
24 STRUCTURE 333      72h            10000 1e-04   144.07      133.33
   depth_hi_mm rel_rmse
6        99.60    0.029
9       131.63    0.049
12      166.76    0.068
18      104.09    0.023
21      129.14    0.034
24      152.85    0.042

Report: ./outputs/report_FL00681.html
Demo data written for 17 stations to ./data/synthetic/MS01494 (SYNTHETIC — not real observations).
[2026-08-11 13:18:29] === OSAGE : 2026-08-11T13:18:29 ===
GHCN download unavailable; falling back to SYNTHETIC demo data.
Generating SYNTHETIC demo data (offline) for MO30014 at (38.2031, -92.6248).
[2026-08-11 13:18:29] === ELEPHANT BUTTE : 2026-08-11T13:18:29 ===
[2026-08-11 13:18:29] === ST. STEPHEN POWERHOUSE : 2026-08-11T13:18:29 ===
Demo data written for 17 stations to ./data/synthetic/MO30014 (SYNTHETIC — not real observations).
GHCN download unavailable; falling back to SYNTHETIC demo data.
Generating SYNTHETIC demo data (offline) for SC82201 at (33.4227, -79.9252).
Demo data written for 17 stations to ./data/synthetic/SC82201 (SYNTHETIC — not real observations).
[2026-08-11 13:18:34] Acquired data: 16 candidate stations after region filter; 2 durations.
[2026-08-11 13:18:34] --- Duration 24h ---
[2026-08-11 13:18:34] OK  - no NA/Inf in at-site L-moments
[2026-08-11 13:18:34] Computed at-site L-moments for 15 stations.
[2026-08-11 13:18:34] Discordancy screening: Dcrit=3.000, removed 0 of 15 sites.
[2026-08-11 13:18:34] OK  - at least 5 stations remain after discordancy screening
[2026-08-11 13:18:34] Homogeneity iter 0: n=15, H1=0.065
[2026-08-11 13:18:34] OK  - heterogeneity H1 computed and finite
[2026-08-11 13:18:34] Final region: n=15, H1=0.015 (homogeneous)
[2026-08-11 13:18:34] OK  - goodness-of-fit Z reported for every candidate distribution
[2026-08-11 13:18:34] Distribution [24h]: GNO via auto (|Z|=0.360).
[2026-08-11 13:18:34] OK  - regional growth curve q(F) is monotone non-decreasing
[2026-08-11 13:18:34] OK  - growth factors are all positive
[2026-08-11 13:18:34] OK  - quantile depths are all positive
[2026-08-11 13:18:34] Estimation: GNO fitted; index flood = 49.92 mm; q(1e-4/AEP)=3.051.
[2026-08-11 13:18:34] Acquired data: 16 candidate stations after region filter; 2 durations.
[2026-08-11 13:18:34] --- Duration 24h ---
[2026-08-11 13:18:34] OK  - no NA/Inf in at-site L-moments
[2026-08-11 13:18:34] Computed at-site L-moments for 15 stations.
[2026-08-11 13:18:34] Discordancy screening: Dcrit=3.000, removed 0 of 15 sites.
[2026-08-11 13:18:34] OK  - at least 5 stations remain after discordancy screening
[2026-08-11 13:18:34] Homogeneity iter 0: n=15, H1=0.065
[2026-08-11 13:18:34] OK  - heterogeneity H1 computed and finite
[2026-08-11 13:18:34] Final region: n=15, H1=0.015 (homogeneous)
[2026-08-11 13:18:34] OK  - goodness-of-fit Z reported for every candidate distribution
[2026-08-11 13:18:34] Distribution [24h]: GNO via auto (|Z|=0.360).
[2026-08-11 13:18:34] OK  - regional growth curve q(F) is monotone non-decreasing
[2026-08-11 13:18:34] OK  - growth factors are all positive
[2026-08-11 13:18:34] OK  - quantile depths are all positive
[2026-08-11 13:18:34] Estimation: GNO fitted; index flood = 49.92 mm; q(1e-4/AEP)=3.051.
GHCN: 60 stations acquired (cache data/raw/ghcn/by_station).
[2026-08-11 13:18:35] Uncertainty: 500-rep bootstrap; 10,000-yr rel-RMSE=0.068, 90% band [134.3, 166.8] mm.
[2026-08-11 13:18:35] Plots written for 24h: ratio diagram, growth-curve fit, DDF.
[2026-08-11 13:18:35] OK  - station counts reconcile (candidates 17 = used 15 + removed 2)
[2026-08-11 13:18:35] --- Duration 72h ---
[2026-08-11 13:18:35] OK  - no NA/Inf in at-site L-moments
[2026-08-11 13:18:35] Computed at-site L-moments for 15 stations.
[2026-08-11 13:18:35] Discordancy screening: Dcrit=3.000, removed 0 of 15 sites.
[2026-08-11 13:18:35] OK  - at least 5 stations remain after discordancy screening
[2026-08-11 13:18:35] Homogeneity iter 0: n=15, H1=-0.277
[2026-08-11 13:18:35] OK  - heterogeneity H1 computed and finite
[2026-08-11 13:18:35] Final region: n=15, H1=-0.310 (homogeneous)
[2026-08-11 13:18:35] OK  - goodness-of-fit Z reported for every candidate distribution
[2026-08-11 13:18:35] Distribution [72h]: PE3 via auto (|Z|=0.236).
[2026-08-11 13:18:35] OK  - regional growth curve q(F) is monotone non-decreasing
[2026-08-11 13:18:35] OK  - growth factors are all positive
[2026-08-11 13:18:35] OK  - quantile depths are all positive
[2026-08-11 13:18:35] Estimation: PE3 fitted; index flood = 55.29 mm; q(1e-4/AEP)=2.606.
[2026-08-11 13:18:35] Uncertainty: 500-rep bootstrap; 10,000-yr rel-RMSE=0.068, 90% band [134.3, 166.8] mm.
[2026-08-11 13:18:35] Acquired data: 16 candidate stations after region filter; 2 durations.
[2026-08-11 13:18:35] --- Duration 24h ---
[2026-08-11 13:18:35] OK  - no NA/Inf in at-site L-moments
[2026-08-11 13:18:35] Computed at-site L-moments for 15 stations.
[2026-08-11 13:18:35] Plots written for 24h: ratio diagram, growth-curve fit, DDF.
[2026-08-11 13:18:35] OK  - station counts reconcile (candidates 17 = used 15 + removed 2)
[2026-08-11 13:18:35] --- Duration 72h ---
[2026-08-11 13:18:35] OK  - no NA/Inf in at-site L-moments
[2026-08-11 13:18:35] Computed at-site L-moments for 15 stations.
[2026-08-11 13:18:35] Discordancy screening: Dcrit=3.000, removed 0 of 15 sites.
[2026-08-11 13:18:35] OK  - at least 5 stations remain after discordancy screening
[2026-08-11 13:18:35] Homogeneity iter 0: n=15, H1=0.065
[2026-08-11 13:18:35] Discordancy screening: Dcrit=3.000, removed 0 of 15 sites.
[2026-08-11 13:18:35] OK  - at least 5 stations remain after discordancy screening
[2026-08-11 13:18:35] Homogeneity iter 0: n=15, H1=-0.277
[2026-08-11 13:18:35] OK  - heterogeneity H1 computed and finite
[2026-08-11 13:18:35] Final region: n=15, H1=0.015 (homogeneous)
[2026-08-11 13:18:35] OK  - heterogeneity H1 computed and finite
[2026-08-11 13:18:35] Final region: n=15, H1=-0.310 (homogeneous)
[2026-08-11 13:18:35] OK  - goodness-of-fit Z reported for every candidate distribution
[2026-08-11 13:18:35] Distribution [24h]: GNO via auto (|Z|=0.360).
[2026-08-11 13:18:35] OK  - regional growth curve q(F) is monotone non-decreasing
[2026-08-11 13:18:35] OK  - growth factors are all positive
[2026-08-11 13:18:35] OK  - quantile depths are all positive
[2026-08-11 13:18:35] Estimation: GNO fitted; index flood = 49.92 mm; q(1e-4/AEP)=3.051.
[2026-08-11 13:18:35] OK  - goodness-of-fit Z reported for every candidate distribution
[2026-08-11 13:18:35] Distribution [72h]: PE3 via auto (|Z|=0.236).
[2026-08-11 13:18:35] OK  - regional growth curve q(F) is monotone non-decreasing
[2026-08-11 13:18:35] OK  - growth factors are all positive
[2026-08-11 13:18:35] OK  - quantile depths are all positive
[2026-08-11 13:18:35] Estimation: PE3 fitted; index flood = 55.29 mm; q(1e-4/AEP)=2.606.
[2026-08-11 13:18:36] Uncertainty: 500-rep bootstrap; 10,000-yr rel-RMSE=0.068, 90% band [134.3, 166.8] mm.
[2026-08-11 13:18:36] Plots written for 24h: ratio diagram, growth-curve fit, DDF.
[2026-08-11 13:18:36] OK  - station counts reconcile (candidates 17 = used 15 + removed 2)
[2026-08-11 13:18:36] --- Duration 72h ---
[2026-08-11 13:18:36] OK  - no NA/Inf in at-site L-moments
[2026-08-11 13:18:36] Computed at-site L-moments for 15 stations.
[2026-08-11 13:18:36] Discordancy screening: Dcrit=3.000, removed 0 of 15 sites.
[2026-08-11 13:18:36] OK  - at least 5 stations remain after discordancy screening
[2026-08-11 13:18:36] Homogeneity iter 0: n=15, H1=-0.277
[2026-08-11 13:18:36] OK  - heterogeneity H1 computed and finite
[2026-08-11 13:18:36] Final region: n=15, H1=-0.310 (homogeneous)
[2026-08-11 13:18:36] OK  - goodness-of-fit Z reported for every candidate distribution
[2026-08-11 13:18:36] Distribution [72h]: PE3 via auto (|Z|=0.236).
[2026-08-11 13:18:36] OK  - regional growth curve q(F) is monotone non-decreasing
[2026-08-11 13:18:36] OK  - growth factors are all positive
[2026-08-11 13:18:36] OK  - quantile depths are all positive
[2026-08-11 13:18:36] Estimation: PE3 fitted; index flood = 55.29 mm; q(1e-4/AEP)=2.606.
[2026-08-11 13:18:36] Uncertainty: 500-rep bootstrap; 10,000-yr rel-RMSE=0.042, 90% band [133.3, 152.9] mm.
[2026-08-11 13:18:37] Plots written for 72h: ratio diagram, growth-curve fit, DDF.
[2026-08-11 13:18:37] OK  - station counts reconcile (candidates 17 = used 15 + removed 2)
[2026-08-11 13:18:37] Uncertainty: 500-rep bootstrap; 10,000-yr rel-RMSE=0.042, 90% band [133.3, 152.9] mm.
[2026-08-11 13:18:37] Plots written for 72h: ratio diagram, growth-curve fit, DDF.
[2026-08-11 13:18:37] OK  - station counts reconcile (candidates 17 = used 15 + removed 2)
[2026-08-11 13:18:38] Uncertainty: 500-rep bootstrap; 10,000-yr rel-RMSE=0.042, 90% band [133.3, 152.9] mm.
[2026-08-11 13:18:38] Plots written for 72h: ratio diagram, growth-curve fit, DDF.
[2026-08-11 13:18:38] OK  - station counts reconcile (candidates 17 = used 15 + removed 2)
[2026-08-11 13:18:38] Region map written: ./outputs/figures/MS01494_region_map.png
[2026-08-11 13:18:38] Wrote 14 deliverable tables to ./outputs/tables.
[2026-08-11 13:18:38] Audit report written: ./outputs/report_MS01494.html

DONE. Headline results:
          site duration return_period_yr   AEP depth_mm depth_lo_mm depth_hi_mm
6  GRENADA DAM      24h              100 1e-02    95.66       90.65       99.60
9  GRENADA DAM      24h             1000 1e-03   123.07      112.38      131.63
12 GRENADA DAM      24h            10000 1e-04   152.30      134.29      166.76
18 GRENADA DAM      72h              100 1e-02   100.75       96.70      104.09
21 GRENADA DAM      72h             1000 1e-03   123.07      115.82      129.14
24 GRENADA DAM      72h            10000 1e-04   144.07      133.33      152.85
   rel_rmse
6     0.029
9     0.049
12    0.068
18    0.023
21    0.034
24    0.042

Report: ./outputs/report_MS01494.html
[2026-08-11 13:18:38] Region map written: ./outputs/figures/MO30014_region_map.png
[2026-08-11 13:18:38] Wrote 14 deliverable tables to ./outputs/tables.
[2026-08-11 13:18:38] Audit report written: ./outputs/report_MO30014.html

DONE. Headline results:
    site duration return_period_yr   AEP depth_mm depth_lo_mm depth_hi_mm
6  OSAGE      24h              100 1e-02    95.66       90.65       99.60
9  OSAGE      24h             1000 1e-03   123.07      112.38      131.63
12 OSAGE      24h            10000 1e-04   152.30      134.29      166.76
18 OSAGE      72h              100 1e-02   100.75       96.70      104.09
21 OSAGE      72h             1000 1e-03   123.07      115.82      129.14
24 OSAGE      72h            10000 1e-04   144.07      133.33      152.85
   rel_rmse
6     0.029
9     0.049
12    0.068
18    0.023
21    0.034
24    0.042

Report: ./outputs/report_MO30014.html
[2026-08-11 13:18:39] Region map written: ./outputs/figures/SC82201_region_map.png
[2026-08-11 13:18:39] Wrote 14 deliverable tables to ./outputs/tables.
[2026-08-11 13:18:39] Audit report written: ./outputs/report_SC82201.html

DONE. Headline results:
                     site duration return_period_yr   AEP depth_mm depth_lo_mm
6  ST. STEPHEN POWERHOUSE      24h              100 1e-02    95.66       90.65
9  ST. STEPHEN POWERHOUSE      24h             1000 1e-03   123.07      112.38
12 ST. STEPHEN POWERHOUSE      24h            10000 1e-04   152.30      134.29
18 ST. STEPHEN POWERHOUSE      72h              100 1e-02   100.75       96.70
21 ST. STEPHEN POWERHOUSE      72h             1000 1e-03   123.07      115.82
24 ST. STEPHEN POWERHOUSE      72h            10000 1e-04   144.07      133.33
   depth_hi_mm rel_rmse
6        99.60    0.029
9       131.63    0.049
12      166.76    0.068
18      104.09    0.023
21      129.14    0.034
24      152.85    0.042

Report: ./outputs/report_SC82201.html
[2026-08-11 13:18:39] === BUFORD : 2026-08-11T13:18:39 ===
[2026-08-11 13:18:40] === JOHN DAY LOCK AND DAM : 2026-08-11T13:18:40 ===
[2026-08-11 13:18:41] === TRINITY : 2026-08-11T13:18:41 ===
GHCN: 60 stations acquired (cache data/raw/ghcn/by_station).
GHCN: 27 stations acquired (cache data/raw/ghcn/by_station).
GHCN: 60 stations acquired (cache data/raw/ghcn/by_station).
[2026-08-11 13:18:56] Acquired data: 27 candidate stations after region filter; 2 durations.
[2026-08-11 13:18:56] --- Duration 24h ---
[2026-08-11 13:18:56] OK  - no NA/Inf in at-site L-moments
[2026-08-11 13:18:56] Computed at-site L-moments for 19 stations.
[2026-08-11 13:18:56] Discordancy screening: Dcrit=3.000, removed 1 of 19 sites.
[2026-08-11 13:18:56] OK  - at least 5 stations remain after discordancy screening
[2026-08-11 13:18:56] Homogeneity iter 0: n=18, H1=0.216
[2026-08-11 13:18:56] OK  - heterogeneity H1 computed and finite
[2026-08-11 13:18:56] Final region: n=18, H1=0.149 (homogeneous)
[2026-08-11 13:18:56] OK  - goodness-of-fit Z reported for every candidate distribution
[2026-08-11 13:18:56] Distribution [24h]: GEV via auto (|Z|=0.320).
[2026-08-11 13:18:56] OK  - regional growth curve q(F) is monotone non-decreasing
[2026-08-11 13:18:56] OK  - growth factors are all positive
[2026-08-11 13:18:56] OK  - quantile depths are all positive
[2026-08-11 13:18:56] Estimation: GEV fitted; index flood = 113.28 mm; q(1e-4/AEP)=3.880.
[2026-08-11 13:18:57] Uncertainty: 500-rep bootstrap; 10,000-yr rel-RMSE=0.087, 90% band [375.0, 495.6] mm.
[2026-08-11 13:18:57] Plots written for 24h: ratio diagram, growth-curve fit, DDF.
[2026-08-11 13:18:57] OK  - station counts reconcile (candidates 27 = used 18 + removed 9)
[2026-08-11 13:18:57] --- Duration 72h ---
[2026-08-11 13:18:57] OK  - no NA/Inf in at-site L-moments
[2026-08-11 13:18:57] Computed at-site L-moments for 19 stations.
[2026-08-11 13:18:57] Discordancy screening: Dcrit=3.000, removed 1 of 19 sites.
[2026-08-11 13:18:57] OK  - at least 5 stations remain after discordancy screening
[2026-08-11 13:18:57] Homogeneity iter 0: n=18, H1=0.558
[2026-08-11 13:18:57] OK  - heterogeneity H1 computed and finite
[2026-08-11 13:18:57] Final region: n=18, H1=0.452 (homogeneous)
[2026-08-11 13:18:57] OK  - goodness-of-fit Z reported for every candidate distribution
[2026-08-11 13:18:57] Distribution [72h]: GEV via auto (|Z|=0.391).
[2026-08-11 13:18:57] OK  - regional growth curve q(F) is monotone non-decreasing
[2026-08-11 13:18:57] OK  - growth factors are all positive
[2026-08-11 13:18:57] OK  - quantile depths are all positive
[2026-08-11 13:18:57] Estimation: GEV fitted; index flood = 145.21 mm; q(1e-4/AEP)=3.831.
[2026-08-11 13:18:58] Uncertainty: 500-rep bootstrap; 10,000-yr rel-RMSE=0.089, 90% band [470.6, 627.9] mm.
[2026-08-11 13:18:58] Plots written for 72h: ratio diagram, growth-curve fit, DDF.
[2026-08-11 13:18:58] OK  - station counts reconcile (candidates 27 = used 18 + removed 9)
[2026-08-11 13:19:00] Region map written: ./outputs/figures/GA00824_region_map.png
[2026-08-11 13:19:00] Wrote 14 deliverable tables to ./outputs/tables.
[2026-08-11 13:19:00] Audit report written: ./outputs/report_GA00824.html

DONE. Headline results:
     site duration return_period_yr   AEP depth_mm depth_lo_mm depth_hi_mm
6  BUFORD      24h              100 1e-02   245.73      232.88      256.37
9  BUFORD      24h             1000 1e-03   336.69      303.29      364.11
12 BUFORD      24h            10000 1e-04   439.55      375.03      495.56
18 BUFORD      72h              100 1e-02   309.69      293.10      323.08
21 BUFORD      72h             1000 1e-03   424.64      381.54      458.72
24 BUFORD      72h            10000 1e-04   556.24      470.56      627.89
   rel_rmse
6     0.030
9     0.057
12    0.087
18    0.030
21    0.058
24    0.089

Report: ./outputs/report_GA00824.html
[2026-08-11 13:19:01] Acquired data: 60 candidate stations after region filter; 2 durations.
[2026-08-11 13:19:01] --- Duration 24h ---
[2026-08-11 13:19:01] OK  - no NA/Inf in at-site L-moments
[2026-08-11 13:19:01] Computed at-site L-moments for 45 stations.
[2026-08-11 13:19:01] === SANFORD : 2026-08-11T13:19:01 ===
[2026-08-11 13:19:01] Discordancy screening: Dcrit=3.000, removed 3 of 45 sites.
[2026-08-11 13:19:01] OK  - at least 5 stations remain after discordancy screening
[2026-08-11 13:19:01] Homogeneity iter 0: n=42, H1=0.405
[2026-08-11 13:19:01] OK  - heterogeneity H1 computed and finite
[2026-08-11 13:19:01] Final region: n=42, H1=0.398 (homogeneous)
[2026-08-11 13:19:01] OK  - goodness-of-fit Z reported for every candidate distribution
[2026-08-11 13:19:01] Distribution [24h]: GEV via auto (|Z|=0.778).
[2026-08-11 13:19:01] OK  - regional growth curve q(F) is monotone non-decreasing
[2026-08-11 13:19:01] OK  - growth factors are all positive
[2026-08-11 13:19:01] OK  - quantile depths are all positive
[2026-08-11 13:19:01] Estimation: GEV fitted; index flood = 38.96 mm; q(1e-4/AEP)=4.178.
[2026-08-11 13:19:02] Uncertainty: 500-rep bootstrap; 10,000-yr rel-RMSE=0.061, 90% band [144.7, 176.5] mm.
[2026-08-11 13:19:02] Plots written for 24h: ratio diagram, growth-curve fit, DDF.
[2026-08-11 13:19:02] OK  - station counts reconcile (candidates 60 = used 42 + removed 18)
[2026-08-11 13:19:02] --- Duration 72h ---
[2026-08-11 13:19:02] OK  - no NA/Inf in at-site L-moments
[2026-08-11 13:19:02] Computed at-site L-moments for 45 stations.
[2026-08-11 13:19:03] Discordancy screening: Dcrit=3.000, removed 2 of 45 sites.
[2026-08-11 13:19:03] OK  - at least 5 stations remain after discordancy screening
[2026-08-11 13:19:03] Homogeneity iter 0: n=43, H1=3.133
[2026-08-11 13:19:04]   drop 'USC00295754' -> H1 2.038 (was 3.133)
[2026-08-11 13:19:04] Homogeneity iter 1: n=42, H1=2.038
GHCN: 60 stations acquired (cache data/raw/ghcn/by_station).
[2026-08-11 13:19:06] Acquired data: 60 candidate stations after region filter; 2 durations.
[2026-08-11 13:19:06] --- Duration 24h ---
[2026-08-11 13:19:06] OK  - no NA/Inf in at-site L-moments
[2026-08-11 13:19:06] Computed at-site L-moments for 53 stations.
[2026-08-11 13:19:06] Discordancy screening: Dcrit=3.000, removed 2 of 53 sites.
[2026-08-11 13:19:06] OK  - at least 5 stations remain after discordancy screening
[2026-08-11 13:19:06] Homogeneity iter 0: n=51, H1=2.014
[2026-08-11 13:19:06]   drop 'USC00290131' -> H1 1.476 (was 2.038)
[2026-08-11 13:19:06] Homogeneity iter 2: n=41, H1=1.476
[2026-08-11 13:19:08]   drop 'USW00093045' -> H1 0.959 (was 1.476)
[2026-08-11 13:19:08] Homogeneity iter 3: n=40, H1=0.959
[2026-08-11 13:19:08] OK  - heterogeneity H1 computed and finite
[2026-08-11 13:19:08] Final region: n=40, H1=0.912 (homogeneous)
[2026-08-11 13:19:08] OK  - goodness-of-fit Z reported for every candidate distribution
[2026-08-11 13:19:08] Distribution [72h]: GEV via auto (|Z|=1.925 - NOTE |Z|>1.64).
[2026-08-11 13:19:08] OK  - regional growth curve q(F) is monotone non-decreasing
[2026-08-11 13:19:08] OK  - growth factors are all positive
[2026-08-11 13:19:08] OK  - quantile depths are all positive
[2026-08-11 13:19:08] Estimation: GEV fitted; index flood = 48.30 mm; q(1e-4/AEP)=3.716.
[2026-08-11 13:19:08]   drop 'USS0021D14S' -> H1 1.367 (was 2.014)
[2026-08-11 13:19:08] Homogeneity iter 1: n=50, H1=1.367
[2026-08-11 13:19:09] Uncertainty: 500-rep bootstrap; 10,000-yr rel-RMSE=0.055, 90% band [162.0, 195.3] mm.
[2026-08-11 13:19:09] Plots written for 72h: ratio diagram, growth-curve fit, DDF.
[2026-08-11 13:19:09] OK  - station counts reconcile (candidates 60 = used 40 + removed 20)
[2026-08-11 13:19:10]   drop 'USS0022C10S' -> H1 0.918 (was 1.367)
[2026-08-11 13:19:10] Homogeneity iter 2: n=49, H1=0.918
[2026-08-11 13:19:10] Region map written: ./outputs/figures/NM00129_region_map.png
[2026-08-11 13:19:10] Wrote 14 deliverable tables to ./outputs/tables.
[2026-08-11 13:19:10] OK  - heterogeneity H1 computed and finite
[2026-08-11 13:19:10] Final region: n=49, H1=0.899 (homogeneous)
[2026-08-11 13:19:10] Audit report written: ./outputs/report_NM00129.html

DONE. Headline results:
             site duration return_period_yr   AEP depth_mm depth_lo_mm
6  ELEPHANT BUTTE      24h              100 1e-02    91.65       87.90
9  ELEPHANT BUTTE      24h             1000 1e-03   125.75      116.19
12 ELEPHANT BUTTE      24h            10000 1e-04   162.76      144.69
18 ELEPHANT BUTTE      72h              100 1e-02   109.49      105.57
21 ELEPHANT BUTTE      72h             1000 1e-03   144.53      134.86
24 ELEPHANT BUTTE      72h            10000 1e-04   179.49      161.95
   depth_hi_mm rel_rmse
6        94.25    0.022
9       132.56    0.041
12      176.51    0.061
18      112.66    0.020
21      152.72    0.037
24      195.34    0.055

Report: ./outputs/report_NM00129.html
[2026-08-11 13:19:11] OK  - goodness-of-fit Z reported for every candidate distribution
[2026-08-11 13:19:11] Distribution [24h]: GEV via auto (|Z|=1.814 - NOTE |Z|>1.64).
[2026-08-11 13:19:11] OK  - regional growth curve q(F) is monotone non-decreasing
[2026-08-11 13:19:11] OK  - growth factors are all positive
[2026-08-11 13:19:11] OK  - quantile depths are all positive
[2026-08-11 13:19:11] Estimation: GEV fitted; index flood = 70.90 mm; q(1e-4/AEP)=4.054.
[2026-08-11 13:19:12] === MENASHA GENLAWS : 2026-08-11T13:19:12 ===
GHCN download unavailable; falling back to SYNTHETIC demo data.
[2026-08-11 13:19:12] Uncertainty: 500-rep bootstrap; 10,000-yr rel-RMSE=0.063, 90% band [255.5, 308.1] mm.
Generating SYNTHETIC demo data (offline) for WI00814 at (44.2, -88.4466).
[2026-08-11 13:19:12] Plots written for 24h: ratio diagram, growth-curve fit, DDF.
[2026-08-11 13:19:12] OK  - station counts reconcile (candidates 60 = used 49 + removed 11)
[2026-08-11 13:19:12] --- Duration 72h ---
[2026-08-11 13:19:12] OK  - no NA/Inf in at-site L-moments
[2026-08-11 13:19:12] Computed at-site L-moments for 53 stations.
[2026-08-11 13:19:12] Discordancy screening: Dcrit=3.000, removed 2 of 53 sites.
[2026-08-11 13:19:12] OK  - at least 5 stations remain after discordancy screening
[2026-08-11 13:19:13] Homogeneity iter 0: n=51, H1=2.380
Demo data written for 17 stations to ./data/synthetic/WI00814 (SYNTHETIC — not real observations).
[2026-08-11 13:19:13] Acquired data: 60 candidate stations after region filter; 2 durations.
[2026-08-11 13:19:13] --- Duration 24h ---
[2026-08-11 13:19:13] OK  - no NA/Inf in at-site L-moments
[2026-08-11 13:19:13] Computed at-site L-moments for 49 stations.
[2026-08-11 13:19:13] Discordancy screening: Dcrit=3.000, removed 1 of 49 sites.
[2026-08-11 13:19:13] OK  - at least 5 stations remain after discordancy screening
[2026-08-11 13:19:13] Homogeneity iter 0: n=48, H1=4.494
[2026-08-11 13:19:15]   drop 'USC00353402' -> H1 1.836 (was 2.380)
[2026-08-11 13:19:15] Homogeneity iter 1: n=50, H1=1.836
[2026-08-11 13:19:15]   drop 'USC00354403' -> H1 3.194 (was 4.494)
[2026-08-11 13:19:16] Homogeneity iter 1: n=47, H1=3.194
[2026-08-11 13:19:17]   drop 'USC00457342' -> H1 1.486 (was 1.836)
[2026-08-11 13:19:17] Homogeneity iter 2: n=49, H1=1.486
[2026-08-11 13:19:17]   drop 'USC00045449' -> H1 2.414 (was 3.194)
[2026-08-11 13:19:18] Homogeneity iter 2: n=46, H1=2.414
[2026-08-11 13:19:18] Acquired data: 16 candidate stations after region filter; 2 durations.
[2026-08-11 13:19:18] --- Duration 24h ---
[2026-08-11 13:19:18] OK  - no NA/Inf in at-site L-moments
[2026-08-11 13:19:18] Computed at-site L-moments for 15 stations.
[2026-08-11 13:19:18] Discordancy screening: Dcrit=3.000, removed 0 of 15 sites.
[2026-08-11 13:19:18] OK  - at least 5 stations remain after discordancy screening
[2026-08-11 13:19:18] Homogeneity iter 0: n=15, H1=0.065
[2026-08-11 13:19:18] OK  - heterogeneity H1 computed and finite
[2026-08-11 13:19:18] Final region: n=15, H1=0.015 (homogeneous)
[2026-08-11 13:19:18] OK  - goodness-of-fit Z reported for every candidate distribution
[2026-08-11 13:19:18] Distribution [24h]: GNO via auto (|Z|=0.360).
[2026-08-11 13:19:18] OK  - regional growth curve q(F) is monotone non-decreasing
[2026-08-11 13:19:18] OK  - growth factors are all positive
[2026-08-11 13:19:18] OK  - quantile depths are all positive
[2026-08-11 13:19:18] Estimation: GNO fitted; index flood = 49.92 mm; q(1e-4/AEP)=3.051.
[2026-08-11 13:19:18] Uncertainty: 500-rep bootstrap; 10,000-yr rel-RMSE=0.068, 90% band [134.3, 166.8] mm.
[2026-08-11 13:19:19] Plots written for 24h: ratio diagram, growth-curve fit, DDF.
[2026-08-11 13:19:19] OK  - station counts reconcile (candidates 17 = used 15 + removed 2)
[2026-08-11 13:19:19] --- Duration 72h ---
[2026-08-11 13:19:19] OK  - no NA/Inf in at-site L-moments
[2026-08-11 13:19:19] Computed at-site L-moments for 15 stations.
[2026-08-11 13:19:19]   drop 'USS0019D02S' -> H1 1.165 (was 1.486)
[2026-08-11 13:19:19] Discordancy screening: Dcrit=3.000, removed 0 of 15 sites.
[2026-08-11 13:19:19] OK  - at least 5 stations remain after discordancy screening
[2026-08-11 13:19:19] Homogeneity iter 0: n=15, H1=-0.277
[2026-08-11 13:19:19] Homogeneity iter 3: n=48, H1=1.165
[2026-08-11 13:19:19] OK  - heterogeneity H1 computed and finite
[2026-08-11 13:19:19] Final region: n=15, H1=-0.310 (homogeneous)
[2026-08-11 13:19:19] OK  - goodness-of-fit Z reported for every candidate distribution
[2026-08-11 13:19:19] Distribution [72h]: PE3 via auto (|Z|=0.236).
[2026-08-11 13:19:19] OK  - regional growth curve q(F) is monotone non-decreasing
[2026-08-11 13:19:19] OK  - growth factors are all positive
[2026-08-11 13:19:19] OK  - quantile depths are all positive
[2026-08-11 13:19:19] Estimation: PE3 fitted; index flood = 55.29 mm; q(1e-4/AEP)=2.606.
[2026-08-11 13:19:19]   drop 'USC00044274' -> H1 2.075 (was 2.414)
[2026-08-11 13:19:19] Homogeneity iter 3: n=45, H1=2.075
[2026-08-11 13:19:20] Uncertainty: 500-rep bootstrap; 10,000-yr rel-RMSE=0.042, 90% band [133.3, 152.9] mm.
[2026-08-11 13:19:20] Plots written for 72h: ratio diagram, growth-curve fit, DDF.
[2026-08-11 13:19:20] OK  - station counts reconcile (candidates 17 = used 15 + removed 2)
[2026-08-11 13:19:20]   drop 'USC00355711' -> H1 0.865 (was 1.165)
[2026-08-11 13:19:21] Homogeneity iter 4: n=47, H1=0.865
[2026-08-11 13:19:21] OK  - heterogeneity H1 computed and finite
[2026-08-11 13:19:21] Final region: n=47, H1=0.764 (homogeneous)
[2026-08-11 13:19:21] OK  - goodness-of-fit Z reported for every candidate distribution
[2026-08-11 13:19:21] Distribution [72h]: GLO via auto (|Z|=0.825).
[2026-08-11 13:19:21] OK  - regional growth curve q(F) is monotone non-decreasing
[2026-08-11 13:19:21] OK  - growth factors are all positive
[2026-08-11 13:19:21] OK  - quantile depths are all positive
[2026-08-11 13:19:21] Estimation: GLO fitted; index flood = 118.75 mm; q(1e-4/AEP)=5.388.
[2026-08-11 13:19:21]   drop 'USC00049866' -> H1 1.688 (was 2.075)
[2026-08-11 13:19:21] Homogeneity iter 4: n=44, H1=1.688
[2026-08-11 13:19:21] Region map written: ./outputs/figures/WI00814_region_map.png
[2026-08-11 13:19:21] Wrote 14 deliverable tables to ./outputs/tables.
[2026-08-11 13:19:21] Audit report written: ./outputs/report_WI00814.html

DONE. Headline results:
              site duration return_period_yr   AEP depth_mm depth_lo_mm
6  MENASHA GENLAWS      24h              100 1e-02    95.66       90.65
9  MENASHA GENLAWS      24h             1000 1e-03   123.07      112.38
12 MENASHA GENLAWS      24h            10000 1e-04   152.30      134.29
18 MENASHA GENLAWS      72h              100 1e-02   100.75       96.70
21 MENASHA GENLAWS      72h             1000 1e-03   123.07      115.82
24 MENASHA GENLAWS      72h            10000 1e-04   144.07      133.33
   depth_hi_mm rel_rmse
6        99.60    0.029
9       131.63    0.049
12      166.76    0.068
18      104.09    0.023
21      129.14    0.034
24      152.85    0.042

Report: ./outputs/report_WI00814.html
[2026-08-11 13:19:22] Uncertainty: 500-rep bootstrap; 10,000-yr rel-RMSE=0.077, 90% band [549.3, 689.0] mm.
[2026-08-11 13:19:22] Plots written for 72h: ratio diagram, growth-curve fit, DDF.
[2026-08-11 13:19:22] OK  - station counts reconcile (candidates 60 = used 47 + removed 13)
[2026-08-11 13:19:23] === NEW MELONES : 2026-08-11T13:19:23 ===
[2026-08-11 13:19:23]   drop 'USC00353509' -> H1 1.295 (was 1.688)
[2026-08-11 13:19:23] Homogeneity iter 5: n=43, H1=1.295
[2026-08-11 13:19:23] Region map written: ./outputs/figures/OR00011_region_map.png
[2026-08-11 13:19:23] Wrote 14 deliverable tables to ./outputs/tables.
[2026-08-11 13:19:24] Audit report written: ./outputs/report_OR00011.html

DONE. Headline results:
                    site duration return_period_yr   AEP depth_mm depth_lo_mm
6  JOHN DAY LOCK AND DAM      24h              100 1e-02   156.59      150.50
9  JOHN DAY LOCK AND DAM      24h             1000 1e-03   217.28      201.26
12 JOHN DAY LOCK AND DAM      24h            10000 1e-04   287.41      255.49
18 JOHN DAY LOCK AND DAM      72h              100 1e-02   264.86      252.56
21 JOHN DAY LOCK AND DAM      72h             1000 1e-03   411.46      372.77
24 JOHN DAY LOCK AND DAM      72h            10000 1e-04   639.83      549.29
   depth_hi_mm rel_rmse
6       160.41    0.022
9       226.69    0.042
12      308.14    0.063
18      271.82    0.025
21      431.94    0.050
24      689.05    0.077

Report: ./outputs/report_OR00011.html
[2026-08-11 13:19:25]   drop 'USC00043987' -> H1 0.744 (was 1.295)
[2026-08-11 13:19:25] Homogeneity iter 6: n=42, H1=0.744
[2026-08-11 13:19:25] === DON PEDRO MAIN : 2026-08-11T13:19:25 ===
[2026-08-11 13:19:25] OK  - heterogeneity H1 computed and finite
[2026-08-11 13:19:25] Final region: n=42, H1=0.823 (homogeneous)
[2026-08-11 13:19:25] OK  - goodness-of-fit Z reported for every candidate distribution
[2026-08-11 13:19:25] Distribution [24h]: GEV via auto (|Z|=2.134 - NOTE |Z|>1.64).
[2026-08-11 13:19:25] OK  - regional growth curve q(F) is monotone non-decreasing
[2026-08-11 13:19:25] OK  - growth factors are all positive
[2026-08-11 13:19:25] OK  - quantile depths are all positive
[2026-08-11 13:19:25] Estimation: GEV fitted; index flood = 77.65 mm; q(1e-4/AEP)=3.105.
[2026-08-11 13:19:26] Uncertainty: 500-rep bootstrap; 10,000-yr rel-RMSE=0.050, 90% band [219.9, 258.5] mm.
[2026-08-11 13:19:26] Plots written for 24h: ratio diagram, growth-curve fit, DDF.
[2026-08-11 13:19:26] OK  - station counts reconcile (candidates 60 = used 42 + removed 18)
[2026-08-11 13:19:26] --- Duration 72h ---
[2026-08-11 13:19:26] OK  - no NA/Inf in at-site L-moments
[2026-08-11 13:19:26] Computed at-site L-moments for 49 stations.
[2026-08-11 13:19:26] Discordancy screening: Dcrit=3.000, removed 2 of 49 sites.
[2026-08-11 13:19:26] OK  - at least 5 stations remain after discordancy screening
[2026-08-11 13:19:26] Homogeneity iter 0: n=47, H1=3.728
GHCN: 60 stations acquired (cache data/raw/ghcn/by_station).
[2026-08-11 13:19:28]   drop 'USC00049390' -> H1 3.047 (was 3.728)
[2026-08-11 13:19:28] Homogeneity iter 1: n=46, H1=3.047
GHCN: 60 stations acquired (cache data/raw/ghcn/by_station).
[2026-08-11 13:19:30]   drop 'USC00353509' -> H1 2.409 (was 3.047)
[2026-08-11 13:19:30] Homogeneity iter 2: n=45, H1=2.409
[2026-08-11 13:19:32] Acquired data: 60 candidate stations after region filter; 2 durations.
[2026-08-11 13:19:32] --- Duration 24h ---
[2026-08-11 13:19:32] OK  - no NA/Inf in at-site L-moments
[2026-08-11 13:19:32] Computed at-site L-moments for 47 stations.
[2026-08-11 13:19:32] Discordancy screening: Dcrit=3.000, removed 3 of 47 sites.
[2026-08-11 13:19:32] OK  - at least 5 stations remain after discordancy screening
[2026-08-11 13:19:32] Homogeneity iter 0: n=44, H1=0.056
[2026-08-11 13:19:32] OK  - heterogeneity H1 computed and finite
[2026-08-11 13:19:32] Final region: n=44, H1=0.053 (homogeneous)
[2026-08-11 13:19:32] OK  - goodness-of-fit Z reported for every candidate distribution
[2026-08-11 13:19:32] Distribution [24h]: GEV via auto (|Z|=1.995 - NOTE |Z|>1.64).
[2026-08-11 13:19:32] OK  - regional growth curve q(F) is monotone non-decreasing
[2026-08-11 13:19:32] OK  - growth factors are all positive
[2026-08-11 13:19:32] OK  - quantile depths are all positive
[2026-08-11 13:19:32] Estimation: GEV fitted; index flood = 63.96 mm; q(1e-4/AEP)=4.164.
[2026-08-11 13:19:32]   drop 'USC00044838' -> H1 1.876 (was 2.409)
[2026-08-11 13:19:32] Homogeneity iter 3: n=44, H1=1.876
[2026-08-11 13:19:33] Uncertainty: 500-rep bootstrap; 10,000-yr rel-RMSE=0.058, 90% band [239.8, 286.3] mm.
[2026-08-11 13:19:33] Plots written for 24h: ratio diagram, growth-curve fit, DDF.
[2026-08-11 13:19:33] OK  - station counts reconcile (candidates 60 = used 44 + removed 16)
[2026-08-11 13:19:33] --- Duration 72h ---
[2026-08-11 13:19:33] OK  - no NA/Inf in at-site L-moments
[2026-08-11 13:19:33] Computed at-site L-moments for 47 stations.
[2026-08-11 13:19:34] Discordancy screening: Dcrit=3.000, removed 4 of 47 sites.
[2026-08-11 13:19:34] OK  - at least 5 stations remain after discordancy screening
[2026-08-11 13:19:34] Homogeneity iter 0: n=43, H1=-1.816
[2026-08-11 13:19:34] OK  - heterogeneity H1 computed and finite
[2026-08-11 13:19:34] Final region: n=43, H1=-1.797 (homogeneous)
[2026-08-11 13:19:34] OK  - goodness-of-fit Z reported for every candidate distribution
[2026-08-11 13:19:34] Distribution [72h]: GEV via auto (|Z|=1.862 - NOTE |Z|>1.64).
[2026-08-11 13:19:34] OK  - regional growth curve q(F) is monotone non-decreasing
[2026-08-11 13:19:34] OK  - growth factors are all positive
[2026-08-11 13:19:34] OK  - quantile depths are all positive
[2026-08-11 13:19:34] Estimation: GEV fitted; index flood = 77.71 mm; q(1e-4/AEP)=3.750.
[2026-08-11 13:19:34]   drop 'USC00045679' -> H1 1.493 (was 1.876)
[2026-08-11 13:19:34] Homogeneity iter 4: n=43, H1=1.493
[2026-08-11 13:19:35] Uncertainty: 500-rep bootstrap; 10,000-yr rel-RMSE=0.052, 90% band [265.6, 313.1] mm.
[2026-08-11 13:19:35] Plots written for 72h: ratio diagram, growth-curve fit, DDF.
[2026-08-11 13:19:35] OK  - station counts reconcile (candidates 60 = used 43 + removed 17)
[2026-08-11 13:19:36]   drop 'USC00043987' -> H1 1.328 (was 1.493)
[2026-08-11 13:19:36] Homogeneity iter 5: n=42, H1=1.328
[2026-08-11 13:19:37] Region map written: ./outputs/figures/TX00023_region_map.png
[2026-08-11 13:19:37] Wrote 14 deliverable tables to ./outputs/tables.
[2026-08-11 13:19:37] Audit report written: ./outputs/report_TX00023.html

DONE. Headline results:
      site duration return_period_yr   AEP depth_mm depth_lo_mm depth_hi_mm
6  SANFORD      24h              100 1e-02   148.27      142.62      152.10
9  SANFORD      24h             1000 1e-03   204.34      190.21      214.41
12 SANFORD      24h            10000 1e-04   266.34      239.84      286.35
18 SANFORD      72h              100 1e-02   174.45      168.61      178.78
21 SANFORD      72h             1000 1e-03   232.19      217.77      243.19
24 SANFORD      72h            10000 1e-04   291.44      265.59      313.15
   rel_rmse
6     0.020
9     0.038
12    0.058
18    0.019
21    0.035
24    0.052

Report: ./outputs/report_TX00023.html
[2026-08-11 13:19:37]   drop 'USC00354403' -> H1 0.855 (was 1.328)
[2026-08-11 13:19:37] Homogeneity iter 6: n=41, H1=0.855
[2026-08-11 13:19:37] OK  - heterogeneity H1 computed and finite
[2026-08-11 13:19:37] Final region: n=41, H1=0.866 (homogeneous)
[2026-08-11 13:19:38] OK  - goodness-of-fit Z reported for every candidate distribution
[2026-08-11 13:19:38] Distribution [72h]: GEV via auto (|Z|=1.439).
[2026-08-11 13:19:38] OK  - regional growth curve q(F) is monotone non-decreasing
[2026-08-11 13:19:38] OK  - growth factors are all positive
[2026-08-11 13:19:38] OK  - quantile depths are all positive
[2026-08-11 13:19:38] Estimation: GEV fitted; index flood = 129.84 mm; q(1e-4/AEP)=3.275.
[2026-08-11 13:19:38] === TUTTLE CREEK DAM : 2026-08-11T13:19:38 ===
GHCN download unavailable; falling back to SYNTHETIC demo data.
Generating SYNTHETIC demo data (offline) for KS00012 at (39.2566, -96.5899).
[2026-08-11 13:19:39] Uncertainty: 500-rep bootstrap; 10,000-yr rel-RMSE=0.050, 90% band [388.0, 456.9] mm.
[2026-08-11 13:19:39] Plots written for 72h: ratio diagram, growth-curve fit, DDF.
[2026-08-11 13:19:39] OK  - station counts reconcile (candidates 60 = used 41 + removed 19)
Demo data written for 17 stations to ./data/synthetic/KS00012 (SYNTHETIC — not real observations).
[2026-08-11 13:19:40] Region map written: ./outputs/figures/CA10196_region_map.png
[2026-08-11 13:19:40] Wrote 14 deliverable tables to ./outputs/tables.
[2026-08-11 13:19:40] Audit report written: ./outputs/report_CA10196.html

DONE. Headline results:
      site duration return_period_yr   AEP depth_mm depth_lo_mm depth_hi_mm
6  TRINITY      24h              100 1e-02   157.98      152.80      162.12
9  TRINITY      24h             1000 1e-03   200.66      188.52      210.41
12 TRINITY      24h            10000 1e-04   241.10      219.95      258.46
18 TRINITY      72h              100 1e-02   275.88      266.61      282.93
21 TRINITY      72h             1000 1e-03   352.81      332.02      370.36
24 TRINITY      72h            10000 1e-04   425.29      387.99      456.90
   rel_rmse
6     0.018
9     0.034
12    0.050
18    0.019
21    0.034
24    0.050

Report: ./outputs/report_CA10196.html
[2026-08-11 13:19:41] === LAKE GEORGE OUTLET : 2026-08-11T13:19:41 ===
GHCN: 4 stations acquired (cache data/raw/ghcn/by_station).
[2026-08-11 13:19:44] Acquired data: 16 candidate stations after region filter; 2 durations.
[2026-08-11 13:19:44] --- Duration 24h ---
[2026-08-11 13:19:44] OK  - no NA/Inf in at-site L-moments
[2026-08-11 13:19:44] Computed at-site L-moments for 15 stations.
[2026-08-11 13:19:44] Discordancy screening: Dcrit=3.000, removed 0 of 15 sites.
[2026-08-11 13:19:44] OK  - at least 5 stations remain after discordancy screening
[2026-08-11 13:19:44] Homogeneity iter 0: n=15, H1=0.065
[2026-08-11 13:19:44] OK  - heterogeneity H1 computed and finite
[2026-08-11 13:19:44] Final region: n=15, H1=0.015 (homogeneous)
[2026-08-11 13:19:44] OK  - goodness-of-fit Z reported for every candidate distribution
[2026-08-11 13:19:44] Distribution [24h]: GNO via auto (|Z|=0.360).
[2026-08-11 13:19:44] OK  - regional growth curve q(F) is monotone non-decreasing
[2026-08-11 13:19:44] OK  - growth factors are all positive
[2026-08-11 13:19:44] OK  - quantile depths are all positive
[2026-08-11 13:19:44] Estimation: GNO fitted; index flood = 49.92 mm; q(1e-4/AEP)=3.051.
[2026-08-11 13:19:44] Acquired data: 4 candidate stations after region filter; 2 durations.
[2026-08-11 13:19:44] --- Duration 24h ---
[2026-08-11 13:19:45] Uncertainty: 500-rep bootstrap; 10,000-yr rel-RMSE=0.068, 90% band [134.3, 166.8] mm.
[2026-08-11 13:19:45] Plots written for 24h: ratio diagram, growth-curve fit, DDF.
[2026-08-11 13:19:45] OK  - station counts reconcile (candidates 17 = used 15 + removed 2)
[2026-08-11 13:19:45] --- Duration 72h ---
[2026-08-11 13:19:45] OK  - no NA/Inf in at-site L-moments
[2026-08-11 13:19:45] Computed at-site L-moments for 15 stations.
[2026-08-11 13:19:45] Discordancy screening: Dcrit=3.000, removed 0 of 15 sites.
[2026-08-11 13:19:45] OK  - at least 5 stations remain after discordancy screening
[2026-08-11 13:19:45] Homogeneity iter 0: n=15, H1=-0.277
[2026-08-11 13:19:45] OK  - heterogeneity H1 computed and finite
[2026-08-11 13:19:45] Final region: n=15, H1=-0.310 (homogeneous)
[2026-08-11 13:19:45] OK  - goodness-of-fit Z reported for every candidate distribution
[2026-08-11 13:19:45] Distribution [72h]: PE3 via auto (|Z|=0.236).
[2026-08-11 13:19:45] OK  - regional growth curve q(F) is monotone non-decreasing
[2026-08-11 13:19:45] OK  - growth factors are all positive
[2026-08-11 13:19:45] OK  - quantile depths are all positive
[2026-08-11 13:19:45] Estimation: PE3 fitted; index flood = 55.29 mm; q(1e-4/AEP)=2.606.
[2026-08-11 13:19:45] === SALUDA : 2026-08-11T13:19:45 ===
GHCN: 2 stations acquired (cache data/raw/ghcn/by_station).
[2026-08-11 13:19:47] Uncertainty: 500-rep bootstrap; 10,000-yr rel-RMSE=0.042, 90% band [133.3, 152.9] mm.
[2026-08-11 13:19:47] Acquired data: 2 candidate stations after region filter; 2 durations.
[2026-08-11 13:19:47] --- Duration 24h ---
[2026-08-11 13:19:47] Plots written for 72h: ratio diagram, growth-curve fit, DDF.
[2026-08-11 13:19:47] OK  - station counts reconcile (candidates 17 = used 15 + removed 2)
[2026-08-11 13:19:48] === PENSACOLA : 2026-08-11T13:19:48 ===
[2026-08-11 13:19:48] Region map written: ./outputs/figures/KS00012_region_map.png
[2026-08-11 13:19:48] Wrote 14 deliverable tables to ./outputs/tables.
[2026-08-11 13:19:48] Audit report written: ./outputs/report_KS00012.html

DONE. Headline results:
               site duration return_period_yr   AEP depth_mm depth_lo_mm
6  TUTTLE CREEK DAM      24h              100 1e-02    95.66       90.65
9  TUTTLE CREEK DAM      24h             1000 1e-03   123.07      112.38
12 TUTTLE CREEK DAM      24h            10000 1e-04   152.30      134.29
18 TUTTLE CREEK DAM      72h              100 1e-02   100.75       96.70
21 TUTTLE CREEK DAM      72h             1000 1e-03   123.07      115.82
24 TUTTLE CREEK DAM      72h            10000 1e-04   144.07      133.33
   depth_hi_mm rel_rmse
6        99.60    0.029
9       131.63    0.049
12      166.76    0.068
18      104.09    0.023
21      129.14    0.034
24      152.85    0.042

Report: ./outputs/report_KS00012.html
GHCN: 5 stations acquired (cache data/raw/ghcn/by_station).
[2026-08-11 13:19:49] === WHITNEY LAKE : 2026-08-11T13:19:49 ===
GHCN download unavailable; falling back to SYNTHETIC demo data.
Generating SYNTHETIC demo data (offline) for TX00017 at (31.85, -97.3666).
[2026-08-11 13:19:50] Acquired data: 5 candidate stations after region filter; 2 durations.
[2026-08-11 13:19:50] --- Duration 24h ---
Demo data written for 17 stations to ./data/synthetic/TX00017 (SYNTHETIC — not real observations).
[2026-08-11 13:19:51] === CENTER HILL DAM : 2026-08-11T13:19:51 ===
GHCN: 5 stations acquired (cache data/raw/ghcn/by_station).
[2026-08-11 13:19:54] Acquired data: 5 candidate stations after region filter; 2 durations.
[2026-08-11 13:19:54] --- Duration 24h ---
[2026-08-11 13:19:54] Acquired data: 60 candidate stations after region filter; 2 durations.
[2026-08-11 13:19:54] --- Duration 24h ---
[2026-08-11 13:19:54] OK  - no NA/Inf in at-site L-moments
[2026-08-11 13:19:54] Computed at-site L-moments for 52 stations.
[2026-08-11 13:19:54] Discordancy screening: Dcrit=3.000, removed 3 of 52 sites.
[2026-08-11 13:19:54] OK  - at least 5 stations remain after discordancy screening
[2026-08-11 13:19:54] Homogeneity iter 0: n=49, H1=3.365
[2026-08-11 13:19:55] === BARKLEY DAM : 2026-08-11T13:19:55 ===
GHCN download unavailable; falling back to SYNTHETIC demo data.
Generating SYNTHETIC demo data (offline) for KY03001 at (37.0216, -88.22).
[2026-08-11 13:19:55] Acquired data: 60 candidate stations after region filter; 2 durations.
[2026-08-11 13:19:55] --- Duration 24h ---
[2026-08-11 13:19:55] OK  - no NA/Inf in at-site L-moments
[2026-08-11 13:19:55] Computed at-site L-moments for 51 stations.
[2026-08-11 13:19:55] Discordancy screening: Dcrit=3.000, removed 3 of 51 sites.
[2026-08-11 13:19:55] OK  - at least 5 stations remain after discordancy screening
[2026-08-11 13:19:55] Homogeneity iter 0: n=48, H1=1.521
[2026-08-11 13:19:55] Acquired data: 16 candidate stations after region filter; 2 durations.
[2026-08-11 13:19:55] --- Duration 24h ---
[2026-08-11 13:19:55] OK  - no NA/Inf in at-site L-moments
[2026-08-11 13:19:55] Computed at-site L-moments for 15 stations.
[2026-08-11 13:19:55] Discordancy screening: Dcrit=3.000, removed 0 of 15 sites.
[2026-08-11 13:19:55] OK  - at least 5 stations remain after discordancy screening
[2026-08-11 13:19:56] Homogeneity iter 0: n=15, H1=0.065
[2026-08-11 13:19:56] OK  - heterogeneity H1 computed and finite
[2026-08-11 13:19:56] Final region: n=15, H1=0.015 (homogeneous)
[2026-08-11 13:19:56] OK  - goodness-of-fit Z reported for every candidate distribution
[2026-08-11 13:19:56] Distribution [24h]: GNO via auto (|Z|=0.360).
[2026-08-11 13:19:56] OK  - regional growth curve q(F) is monotone non-decreasing
[2026-08-11 13:19:56] OK  - growth factors are all positive
[2026-08-11 13:19:56] OK  - quantile depths are all positive
[2026-08-11 13:19:56] Estimation: GNO fitted; index flood = 49.92 mm; q(1e-4/AEP)=3.051.
Demo data written for 17 stations to ./data/synthetic/KY03001 (SYNTHETIC — not real observations).
[2026-08-11 13:19:56]   drop 'USC00265191' -> H1 1.931 (was 3.365)
[2026-08-11 13:19:56] Homogeneity iter 1: n=48, H1=1.931
[2026-08-11 13:19:56] Uncertainty: 500-rep bootstrap; 10,000-yr rel-RMSE=0.068, 90% band [134.3, 166.8] mm.
[2026-08-11 13:19:56] Plots written for 24h: ratio diagram, growth-curve fit, DDF.
[2026-08-11 13:19:56] OK  - station counts reconcile (candidates 17 = used 15 + removed 2)
[2026-08-11 13:19:56] --- Duration 72h ---
[2026-08-11 13:19:56] OK  - no NA/Inf in at-site L-moments
[2026-08-11 13:19:56] Computed at-site L-moments for 15 stations.
[2026-08-11 13:19:56] Discordancy screening: Dcrit=3.000, removed 0 of 15 sites.
[2026-08-11 13:19:56] OK  - at least 5 stations remain after discordancy screening
[2026-08-11 13:19:56] Homogeneity iter 0: n=15, H1=-0.277
[2026-08-11 13:19:56] OK  - heterogeneity H1 computed and finite
[2026-08-11 13:19:56] Final region: n=15, H1=-0.310 (homogeneous)
[2026-08-11 13:19:57] OK  - goodness-of-fit Z reported for every candidate distribution
[2026-08-11 13:19:57] Distribution [72h]: PE3 via auto (|Z|=0.236).
[2026-08-11 13:19:57] OK  - regional growth curve q(F) is monotone non-decreasing
[2026-08-11 13:19:57] OK  - growth factors are all positive
[2026-08-11 13:19:57] OK  - quantile depths are all positive
[2026-08-11 13:19:57] Estimation: PE3 fitted; index flood = 55.29 mm; q(1e-4/AEP)=2.606.
[2026-08-11 13:19:57]   drop 'USC00044881' -> H1 0.487 (was 1.521)
[2026-08-11 13:19:57] Homogeneity iter 1: n=47, H1=0.487
[2026-08-11 13:19:57] OK  - heterogeneity H1 computed and finite
[2026-08-11 13:19:57] Final region: n=47, H1=0.425 (homogeneous)
[2026-08-11 13:19:58] OK  - goodness-of-fit Z reported for every candidate distribution
[2026-08-11 13:19:58] Distribution [24h]: GEV via auto (|Z|=0.527).
[2026-08-11 13:19:58] OK  - regional growth curve q(F) is monotone non-decreasing
[2026-08-11 13:19:58] OK  - growth factors are all positive
[2026-08-11 13:19:58] OK  - quantile depths are all positive
[2026-08-11 13:19:58] Estimation: GEV fitted; index flood = 83.04 mm; q(1e-4/AEP)=4.261.
[2026-08-11 13:19:58] Uncertainty: 500-rep bootstrap; 10,000-yr rel-RMSE=0.042, 90% band [133.3, 152.9] mm.
[2026-08-11 13:19:58] Plots written for 72h: ratio diagram, growth-curve fit, DDF.
[2026-08-11 13:19:58] OK  - station counts reconcile (candidates 17 = used 15 + removed 2)
[2026-08-11 13:19:58]   drop 'USC00044881' -> H1 1.100 (was 1.931)
[2026-08-11 13:19:58] Homogeneity iter 2: n=47, H1=1.100
[2026-08-11 13:19:59] Uncertainty: 500-rep bootstrap; 10,000-yr rel-RMSE=0.064, 90% band [313.8, 384.4] mm.
[2026-08-11 13:19:59] Plots written for 24h: ratio diagram, growth-curve fit, DDF.
[2026-08-11 13:19:59] OK  - station counts reconcile (candidates 60 = used 47 + removed 13)
[2026-08-11 13:19:59] --- Duration 72h ---
[2026-08-11 13:19:59] OK  - no NA/Inf in at-site L-moments
[2026-08-11 13:19:59] Computed at-site L-moments for 51 stations.
[2026-08-11 13:19:59] Discordancy screening: Dcrit=3.000, removed 5 of 51 sites.
[2026-08-11 13:19:59] OK  - at least 5 stations remain after discordancy screening
[2026-08-11 13:19:59] Region map written: ./outputs/figures/TX00017_region_map.png
[2026-08-11 13:19:59] Wrote 14 deliverable tables to ./outputs/tables.
[2026-08-11 13:19:59] Homogeneity iter 0: n=46, H1=1.635
[2026-08-11 13:19:59] Audit report written: ./outputs/report_TX00017.html

DONE. Headline results:
           site duration return_period_yr   AEP depth_mm depth_lo_mm
6  WHITNEY LAKE      24h              100 1e-02    95.66       90.65
9  WHITNEY LAKE      24h             1000 1e-03   123.07      112.38
12 WHITNEY LAKE      24h            10000 1e-04   152.30      134.29
18 WHITNEY LAKE      72h              100 1e-02   100.75       96.70
21 WHITNEY LAKE      72h             1000 1e-03   123.07      115.82
24 WHITNEY LAKE      72h            10000 1e-04   144.07      133.33
   depth_hi_mm rel_rmse
6        99.60    0.029
9       131.63    0.049
12      166.76    0.068
18      104.09    0.023
21      129.14    0.034
24      152.85    0.042

Report: ./outputs/report_TX00017.html
[2026-08-11 13:20:00]   drop 'USC00262119' -> H1 0.481 (was 1.100)
[2026-08-11 13:20:00] Acquired data: 16 candidate stations after region filter; 2 durations.
[2026-08-11 13:20:00] --- Duration 24h ---
[2026-08-11 13:20:00] OK  - no NA/Inf in at-site L-moments
[2026-08-11 13:20:00] Computed at-site L-moments for 15 stations.
[2026-08-11 13:20:00] Homogeneity iter 3: n=46, H1=0.481
[2026-08-11 13:20:00] Discordancy screening: Dcrit=3.000, removed 0 of 15 sites.
[2026-08-11 13:20:00] OK  - at least 5 stations remain after discordancy screening
[2026-08-11 13:20:00] Homogeneity iter 0: n=15, H1=0.065
[2026-08-11 13:20:00] OK  - heterogeneity H1 computed and finite
[2026-08-11 13:20:00] Final region: n=15, H1=0.015 (homogeneous)
[2026-08-11 13:20:00] OK  - goodness-of-fit Z reported for every candidate distribution
[2026-08-11 13:20:00] Distribution [24h]: GNO via auto (|Z|=0.360).
[2026-08-11 13:20:00] OK  - regional growth curve q(F) is monotone non-decreasing
[2026-08-11 13:20:00] OK  - growth factors are all positive
[2026-08-11 13:20:00] OK  - quantile depths are all positive
[2026-08-11 13:20:00] Estimation: GNO fitted; index flood = 49.92 mm; q(1e-4/AEP)=3.051.
[2026-08-11 13:20:00] OK  - heterogeneity H1 computed and finite
[2026-08-11 13:20:00] Final region: n=46, H1=0.369 (homogeneous)
[2026-08-11 13:20:00] OK  - goodness-of-fit Z reported for every candidate distribution
[2026-08-11 13:20:00] Distribution [24h]: GEV via auto (|Z|=0.275).
[2026-08-11 13:20:00] OK  - regional growth curve q(F) is monotone non-decreasing
[2026-08-11 13:20:00] OK  - growth factors are all positive
[2026-08-11 13:20:00] OK  - quantile depths are all positive
[2026-08-11 13:20:00] Estimation: GEV fitted; index flood = 85.65 mm; q(1e-4/AEP)=4.300.
[2026-08-11 13:20:00] === CANYON FERRY : 2026-08-11T13:20:00 ===
[2026-08-11 13:20:01] Uncertainty: 500-rep bootstrap; 10,000-yr rel-RMSE=0.068, 90% band [134.3, 166.8] mm.
[2026-08-11 13:20:01]   drop 'USC00041075' -> H1 0.881 (was 1.635)
[2026-08-11 13:20:01] Plots written for 24h: ratio diagram, growth-curve fit, DDF.
[2026-08-11 13:20:01] OK  - station counts reconcile (candidates 17 = used 15 + removed 2)
[2026-08-11 13:20:01] --- Duration 72h ---
[2026-08-11 13:20:01] OK  - no NA/Inf in at-site L-moments
[2026-08-11 13:20:01] Computed at-site L-moments for 15 stations.
[2026-08-11 13:20:01] Discordancy screening: Dcrit=3.000, removed 0 of 15 sites.
[2026-08-11 13:20:01] OK  - at least 5 stations remain after discordancy screening
[2026-08-11 13:20:01] Homogeneity iter 1: n=45, H1=0.881
[2026-08-11 13:20:01] Homogeneity iter 0: n=15, H1=-0.277
[2026-08-11 13:20:01] OK  - heterogeneity H1 computed and finite
[2026-08-11 13:20:01] Final region: n=15, H1=-0.310 (homogeneous)
[2026-08-11 13:20:01] OK  - goodness-of-fit Z reported for every candidate distribution
[2026-08-11 13:20:01] Distribution [72h]: PE3 via auto (|Z|=0.236).
[2026-08-11 13:20:01] OK  - regional growth curve q(F) is monotone non-decreasing
[2026-08-11 13:20:01] OK  - growth factors are all positive
[2026-08-11 13:20:01] OK  - quantile depths are all positive
[2026-08-11 13:20:01] Estimation: PE3 fitted; index flood = 55.29 mm; q(1e-4/AEP)=2.606.
[2026-08-11 13:20:01] OK  - heterogeneity H1 computed and finite
[2026-08-11 13:20:01] Final region: n=45, H1=0.827 (homogeneous)
[2026-08-11 13:20:01] OK  - goodness-of-fit Z reported for every candidate distribution
[2026-08-11 13:20:01] Distribution [72h]: GEV via auto (|Z|=0.418).
[2026-08-11 13:20:01] OK  - regional growth curve q(F) is monotone non-decreasing
[2026-08-11 13:20:01] OK  - growth factors are all positive
[2026-08-11 13:20:01] OK  - quantile depths are all positive
[2026-08-11 13:20:01] Estimation: GEV fitted; index flood = 132.31 mm; q(1e-4/AEP)=4.848.
[2026-08-11 13:20:02] Uncertainty: 500-rep bootstrap; 10,000-yr rel-RMSE=0.066, 90% band [323.7, 395.5] mm.
[2026-08-11 13:20:02] Plots written for 24h: ratio diagram, growth-curve fit, DDF.
[2026-08-11 13:20:02] OK  - station counts reconcile (candidates 60 = used 46 + removed 14)
[2026-08-11 13:20:02] --- Duration 72h ---
[2026-08-11 13:20:02] OK  - no NA/Inf in at-site L-moments
[2026-08-11 13:20:02] Computed at-site L-moments for 52 stations.
[2026-08-11 13:20:02] Discordancy screening: Dcrit=3.000, removed 4 of 52 sites.
[2026-08-11 13:20:02] OK  - at least 5 stations remain after discordancy screening
[2026-08-11 13:20:02] Homogeneity iter 0: n=48, H1=3.419
[2026-08-11 13:20:02] Uncertainty: 500-rep bootstrap; 10,000-yr rel-RMSE=0.042, 90% band [133.3, 152.9] mm.
[2026-08-11 13:20:03] Plots written for 72h: ratio diagram, growth-curve fit, DDF.
[2026-08-11 13:20:03] OK  - station counts reconcile (candidates 17 = used 15 + removed 2)
[2026-08-11 13:20:03] Uncertainty: 500-rep bootstrap; 10,000-yr rel-RMSE=0.068, 90% band [566.4, 695.0] mm.
[2026-08-11 13:20:03] Plots written for 72h: ratio diagram, growth-curve fit, DDF.
[2026-08-11 13:20:03] OK  - station counts reconcile (candidates 60 = used 45 + removed 15)
[2026-08-11 13:20:04] Region map written: ./outputs/figures/KY03001_region_map.png
[2026-08-11 13:20:04] Wrote 14 deliverable tables to ./outputs/tables.
[2026-08-11 13:20:04]   drop 'USS0019L05S' -> H1 2.712 (was 3.419)
[2026-08-11 13:20:04] Homogeneity iter 1: n=47, H1=2.712
[2026-08-11 13:20:04] Audit report written: ./outputs/report_KY03001.html

DONE. Headline results:
          site duration return_period_yr   AEP depth_mm depth_lo_mm depth_hi_mm
6  BARKLEY DAM      24h              100 1e-02    95.66       90.65       99.60
9  BARKLEY DAM      24h             1000 1e-03   123.07      112.38      131.63
12 BARKLEY DAM      24h            10000 1e-04   152.30      134.29      166.76
18 BARKLEY DAM      72h              100 1e-02   100.75       96.70      104.09
21 BARKLEY DAM      72h             1000 1e-03   123.07      115.82      129.14
24 BARKLEY DAM      72h            10000 1e-04   144.07      133.33      152.85
   rel_rmse
6     0.029
9     0.049
12    0.068
18    0.023
21    0.034
24    0.042

Report: ./outputs/report_KY03001.html
[2026-08-11 13:20:04] Region map written: ./outputs/figures/CA00281_region_map.png
[2026-08-11 13:20:04] Wrote 14 deliverable tables to ./outputs/tables.
[2026-08-11 13:20:05] Audit report written: ./outputs/report_CA00281.html

DONE. Headline results:
             site duration return_period_yr   AEP depth_mm depth_lo_mm
6  DON PEDRO MAIN      24h              100 1e-02   191.44      183.84
9  DON PEDRO MAIN      24h             1000 1e-03   267.16      246.71
12 DON PEDRO MAIN      24h            10000 1e-04   353.83      313.85
18 DON PEDRO MAIN      72h              100 1e-02   331.13      316.85
21 DON PEDRO MAIN      72h             1000 1e-03   474.22      436.16
24 DON PEDRO MAIN      72h            10000 1e-04   641.45      566.41
   depth_hi_mm rel_rmse
6       197.00    0.022
9       282.12    0.042
12      384.37    0.064
18      340.80    0.024
21      500.73    0.045
24      694.98    0.068

Report: ./outputs/report_CA00281.html
GHCN: 60 stations acquired (cache data/raw/ghcn/by_station).
[2026-08-11 13:20:06] === B. F. SISK : 2026-08-11T13:20:06 ===
[2026-08-11 13:20:06] === LIVINGSTON DAM : 2026-08-11T13:20:06 ===
GHCN download unavailable; falling back to SYNTHETIC demo data.
Generating SYNTHETIC demo data (offline) for TX03823 at (30.6325, -95.0121).
[2026-08-11 13:20:06]   drop 'USC00265191' -> H1 2.242 (was 2.712)
[2026-08-11 13:20:06] Homogeneity iter 2: n=46, H1=2.242
Demo data written for 17 stations to ./data/synthetic/TX03823 (SYNTHETIC — not real observations).
[2026-08-11 13:20:08]   drop 'USC00268186' -> H1 1.657 (was 2.242)
[2026-08-11 13:20:08] Homogeneity iter 3: n=45, H1=1.657
GHCN: 36 stations acquired (cache data/raw/ghcn/by_station).
[2026-08-11 13:20:10]   drop 'USC00041075' -> H1 0.772 (was 1.657)
[2026-08-11 13:20:10] Homogeneity iter 4: n=44, H1=0.772
[2026-08-11 13:20:10] OK  - heterogeneity H1 computed and finite
[2026-08-11 13:20:10] Final region: n=44, H1=0.659 (homogeneous)
[2026-08-11 13:20:10] OK  - goodness-of-fit Z reported for every candidate distribution
[2026-08-11 13:20:10] Distribution [72h]: GEV via auto (|Z|=0.248).
[2026-08-11 13:20:10] OK  - regional growth curve q(F) is monotone non-decreasing
[2026-08-11 13:20:10] OK  - growth factors are all positive
[2026-08-11 13:20:10] OK  - quantile depths are all positive
[2026-08-11 13:20:10] Estimation: GEV fitted; index flood = 135.76 mm; q(1e-4/AEP)=4.931.
[2026-08-11 13:20:12] Acquired data: 16 candidate stations after region filter; 2 durations.
[2026-08-11 13:20:12] --- Duration 24h ---
[2026-08-11 13:20:12] OK  - no NA/Inf in at-site L-moments
[2026-08-11 13:20:12] Computed at-site L-moments for 15 stations.
[2026-08-11 13:20:12] Discordancy screening: Dcrit=3.000, removed 0 of 15 sites.
[2026-08-11 13:20:12] OK  - at least 5 stations remain after discordancy screening
[2026-08-11 13:20:12] Homogeneity iter 0: n=15, H1=0.065
[2026-08-11 13:20:12] OK  - heterogeneity H1 computed and finite
[2026-08-11 13:20:12] Final region: n=15, H1=0.015 (homogeneous)
[2026-08-11 13:20:12] OK  - goodness-of-fit Z reported for every candidate distribution
[2026-08-11 13:20:12] Distribution [24h]: GNO via auto (|Z|=0.360).
[2026-08-11 13:20:12] OK  - regional growth curve q(F) is monotone non-decreasing
[2026-08-11 13:20:12] OK  - growth factors are all positive
[2026-08-11 13:20:12] OK  - quantile depths are all positive
[2026-08-11 13:20:12] Estimation: GNO fitted; index flood = 49.92 mm; q(1e-4/AEP)=3.051.
[2026-08-11 13:20:12] Uncertainty: 500-rep bootstrap; 10,000-yr rel-RMSE=0.071, 90% band [582.7, 726.2] mm.
[2026-08-11 13:20:12] Plots written for 72h: ratio diagram, growth-curve fit, DDF.
[2026-08-11 13:20:12] OK  - station counts reconcile (candidates 60 = used 44 + removed 16)
[2026-08-11 13:20:12] Uncertainty: 500-rep bootstrap; 10,000-yr rel-RMSE=0.068, 90% band [134.3, 166.8] mm.
[2026-08-11 13:20:13] Plots written for 24h: ratio diagram, growth-curve fit, DDF.
[2026-08-11 13:20:13] OK  - station counts reconcile (candidates 17 = used 15 + removed 2)
[2026-08-11 13:20:13] --- Duration 72h ---
[2026-08-11 13:20:13] OK  - no NA/Inf in at-site L-moments
[2026-08-11 13:20:13] Computed at-site L-moments for 15 stations.
[2026-08-11 13:20:13] Discordancy screening: Dcrit=3.000, removed 0 of 15 sites.
[2026-08-11 13:20:13] OK  - at least 5 stations remain after discordancy screening
[2026-08-11 13:20:13] Homogeneity iter 0: n=15, H1=-0.277
[2026-08-11 13:20:13] OK  - heterogeneity H1 computed and finite
[2026-08-11 13:20:13] Final region: n=15, H1=-0.310 (homogeneous)
[2026-08-11 13:20:13] OK  - goodness-of-fit Z reported for every candidate distribution
[2026-08-11 13:20:13] Distribution [72h]: PE3 via auto (|Z|=0.236).
[2026-08-11 13:20:13] OK  - regional growth curve q(F) is monotone non-decreasing
[2026-08-11 13:20:13] OK  - growth factors are all positive
[2026-08-11 13:20:13] OK  - quantile depths are all positive
[2026-08-11 13:20:13] Estimation: PE3 fitted; index flood = 55.29 mm; q(1e-4/AEP)=2.606.
[2026-08-11 13:20:13] Region map written: ./outputs/figures/CA10246_region_map.png
[2026-08-11 13:20:13] Wrote 14 deliverable tables to ./outputs/tables.
[2026-08-11 13:20:13] Audit report written: ./outputs/report_CA10246.html

DONE. Headline results:
          site duration return_period_yr   AEP depth_mm depth_lo_mm depth_hi_mm
6  NEW MELONES      24h              100 1e-02   197.78      189.08      203.10
9  NEW MELONES      24h             1000 1e-03   276.97      254.43      290.45
12 NEW MELONES      24h            10000 1e-04   368.31      323.74      395.51
18 NEW MELONES      72h              100 1e-02   341.53      326.19      352.02
21 NEW MELONES      72h             1000 1e-03   491.85      448.94      519.65
24 NEW MELONES      72h            10000 1e-04   669.40      582.72      726.16
   rel_rmse
6     0.023
9     0.044
12    0.066
18    0.025
21    0.047
24    0.071

Report: ./outputs/report_CA10246.html
[2026-08-11 13:20:14] Uncertainty: 500-rep bootstrap; 10,000-yr rel-RMSE=0.042, 90% band [133.3, 152.9] mm.
[2026-08-11 13:20:14] Plots written for 72h: ratio diagram, growth-curve fit, DDF.
[2026-08-11 13:20:14] OK  - station counts reconcile (candidates 17 = used 15 + removed 2)
[2026-08-11 13:20:15] === LONG SAULT DAM : 2026-08-11T13:20:15 ===
GHCN: 2 stations acquired (cache data/raw/ghcn/by_station).
[2026-08-11 13:20:16] Region map written: ./outputs/figures/TX03823_region_map.png
[2026-08-11 13:20:16] Wrote 14 deliverable tables to ./outputs/tables.
[2026-08-11 13:20:16] Audit report written: ./outputs/report_TX03823.html

DONE. Headline results:
             site duration return_period_yr   AEP depth_mm depth_lo_mm
6  LIVINGSTON DAM      24h              100 1e-02    95.66       90.65
9  LIVINGSTON DAM      24h             1000 1e-03   123.07      112.38
12 LIVINGSTON DAM      24h            10000 1e-04   152.30      134.29
18 LIVINGSTON DAM      72h              100 1e-02   100.75       96.70
21 LIVINGSTON DAM      72h             1000 1e-03   123.07      115.82
24 LIVINGSTON DAM      72h            10000 1e-04   144.07      133.33
   depth_hi_mm rel_rmse
6        99.60    0.029
9       131.63    0.049
12      166.76    0.068
18      104.09    0.023
21      129.14    0.034
24      152.85    0.042

Report: ./outputs/report_TX03823.html
[2026-08-11 13:20:16] Acquired data: 2 candidate stations after region filter; 2 durations.
[2026-08-11 13:20:16] --- Duration 24h ---
[2026-08-11 13:20:17] === FERRELLS BRIDGE DAM : 2026-08-11T13:20:17 ===
[2026-08-11 13:20:17] === NAVAJO : 2026-08-11T13:20:17 ===
GHCN download unavailable; falling back to SYNTHETIC demo data.
Generating SYNTHETIC demo data (offline) for TX00020 at (32.7649, -94.4966).
Demo data written for 17 stations to ./data/synthetic/TX00020 (SYNTHETIC — not real observations).
GHCN: 60 stations acquired (cache data/raw/ghcn/by_station).
[2026-08-11 13:20:23] Acquired data: 16 candidate stations after region filter; 2 durations.
[2026-08-11 13:20:23] --- Duration 24h ---
[2026-08-11 13:20:23] OK  - no NA/Inf in at-site L-moments
[2026-08-11 13:20:23] Computed at-site L-moments for 15 stations.
[2026-08-11 13:20:23] Discordancy screening: Dcrit=3.000, removed 0 of 15 sites.
[2026-08-11 13:20:23] OK  - at least 5 stations remain after discordancy screening
[2026-08-11 13:20:23] Homogeneity iter 0: n=15, H1=0.065
[2026-08-11 13:20:23] OK  - heterogeneity H1 computed and finite
[2026-08-11 13:20:23] Final region: n=15, H1=0.015 (homogeneous)
[2026-08-11 13:20:23] OK  - goodness-of-fit Z reported for every candidate distribution
[2026-08-11 13:20:23] Distribution [24h]: GNO via auto (|Z|=0.360).
[2026-08-11 13:20:23] OK  - regional growth curve q(F) is monotone non-decreasing
[2026-08-11 13:20:23] OK  - growth factors are all positive
[2026-08-11 13:20:23] OK  - quantile depths are all positive
[2026-08-11 13:20:23] Estimation: GNO fitted; index flood = 49.92 mm; q(1e-4/AEP)=3.051.
[2026-08-11 13:20:24] Uncertainty: 500-rep bootstrap; 10,000-yr rel-RMSE=0.068, 90% band [134.3, 166.8] mm.
[2026-08-11 13:20:24] Plots written for 24h: ratio diagram, growth-curve fit, DDF.
[2026-08-11 13:20:24] OK  - station counts reconcile (candidates 17 = used 15 + removed 2)
[2026-08-11 13:20:24] --- Duration 72h ---
[2026-08-11 13:20:24] OK  - no NA/Inf in at-site L-moments
[2026-08-11 13:20:24] Computed at-site L-moments for 15 stations.
[2026-08-11 13:20:24] Discordancy screening: Dcrit=3.000, removed 0 of 15 sites.
[2026-08-11 13:20:24] OK  - at least 5 stations remain after discordancy screening
[2026-08-11 13:20:24] Homogeneity iter 0: n=15, H1=-0.277
[2026-08-11 13:20:24] OK  - heterogeneity H1 computed and finite
[2026-08-11 13:20:24] Final region: n=15, H1=-0.310 (homogeneous)
[2026-08-11 13:20:24] OK  - goodness-of-fit Z reported for every candidate distribution
[2026-08-11 13:20:24] Distribution [72h]: PE3 via auto (|Z|=0.236).
[2026-08-11 13:20:24] OK  - regional growth curve q(F) is monotone non-decreasing
[2026-08-11 13:20:24] OK  - growth factors are all positive
[2026-08-11 13:20:24] OK  - quantile depths are all positive
[2026-08-11 13:20:24] Estimation: PE3 fitted; index flood = 55.29 mm; q(1e-4/AEP)=2.606.
[2026-08-11 13:20:26] Uncertainty: 500-rep bootstrap; 10,000-yr rel-RMSE=0.042, 90% band [133.3, 152.9] mm.
[2026-08-11 13:20:26] Plots written for 72h: ratio diagram, growth-curve fit, DDF.
[2026-08-11 13:20:26] OK  - station counts reconcile (candidates 17 = used 15 + removed 2)
[2026-08-11 13:20:27] Region map written: ./outputs/figures/TX00020_region_map.png
[2026-08-11 13:20:27] Wrote 14 deliverable tables to ./outputs/tables.
[2026-08-11 13:20:27] Audit report written: ./outputs/report_TX00020.html

DONE. Headline results:
                  site duration return_period_yr   AEP depth_mm depth_lo_mm
6  FERRELLS BRIDGE DAM      24h              100 1e-02    95.66       90.65
9  FERRELLS BRIDGE DAM      24h             1000 1e-03   123.07      112.38
12 FERRELLS BRIDGE DAM      24h            10000 1e-04   152.30      134.29
18 FERRELLS BRIDGE DAM      72h              100 1e-02   100.75       96.70
21 FERRELLS BRIDGE DAM      72h             1000 1e-03   123.07      115.82
24 FERRELLS BRIDGE DAM      72h            10000 1e-04   144.07      133.33
   depth_hi_mm rel_rmse
6        99.60    0.029
9       131.63    0.049
12      166.76    0.068
18      104.09    0.023
21      129.14    0.034
24      152.85    0.042

Report: ./outputs/report_TX00020.html
[2026-08-11 13:20:27] Acquired data: 36 candidate stations after region filter; 2 durations.
[2026-08-11 13:20:27] --- Duration 24h ---
[2026-08-11 13:20:27] OK  - no NA/Inf in at-site L-moments
[2026-08-11 13:20:27] Computed at-site L-moments for 29 stations.
[2026-08-11 13:20:27] Discordancy screening: Dcrit=3.000, removed 2 of 29 sites.
[2026-08-11 13:20:27] OK  - at least 5 stations remain after discordancy screening
[2026-08-11 13:20:28] Homogeneity iter 0: n=27, H1=-0.334
[2026-08-11 13:20:28] OK  - heterogeneity H1 computed and finite
[2026-08-11 13:20:28] Final region: n=27, H1=-0.274 (homogeneous)
[2026-08-11 13:20:28] OK  - goodness-of-fit Z reported for every candidate distribution
[2026-08-11 13:20:28] Distribution [24h]: GEV via auto (|Z|=0.835).
[2026-08-11 13:20:28] OK  - regional growth curve q(F) is monotone non-decreasing
[2026-08-11 13:20:28] OK  - growth factors are all positive
[2026-08-11 13:20:28] OK  - quantile depths are all positive
[2026-08-11 13:20:28] Estimation: GEV fitted; index flood = 86.85 mm; q(1e-4/AEP)=4.153.
[2026-08-11 13:20:28] === NORFORK : 2026-08-11T13:20:28 ===
[2026-08-11 13:20:29] Uncertainty: 500-rep bootstrap; 10,000-yr rel-RMSE=0.073, 90% band [311.9, 393.8] mm.
[2026-08-11 13:20:29] Plots written for 24h: ratio diagram, growth-curve fit, DDF.
[2026-08-11 13:20:29] OK  - station counts reconcile (candidates 36 = used 27 + removed 9)
[2026-08-11 13:20:29] --- Duration 72h ---
[2026-08-11 13:20:29] OK  - no NA/Inf in at-site L-moments
[2026-08-11 13:20:29] Computed at-site L-moments for 29 stations.
[2026-08-11 13:20:29] Discordancy screening: Dcrit=3.000, removed 2 of 29 sites.
[2026-08-11 13:20:29] OK  - at least 5 stations remain after discordancy screening
[2026-08-11 13:20:29] Homogeneity iter 0: n=27, H1=-0.970
[2026-08-11 13:20:29] OK  - heterogeneity H1 computed and finite
[2026-08-11 13:20:29] Final region: n=27, H1=-0.983 (homogeneous)
[2026-08-11 13:20:29] OK  - goodness-of-fit Z reported for every candidate distribution
[2026-08-11 13:20:29] Distribution [72h]: GEV via auto (|Z|=1.376).
[2026-08-11 13:20:29] OK  - regional growth curve q(F) is monotone non-decreasing
[2026-08-11 13:20:29] OK  - growth factors are all positive
[2026-08-11 13:20:29] OK  - quantile depths are all positive
[2026-08-11 13:20:29] Estimation: GEV fitted; index flood = 136.81 mm; q(1e-4/AEP)=4.957.
GHCN: 8 stations acquired (cache data/raw/ghcn/by_station).
[2026-08-11 13:20:30] Acquired data: 60 candidate stations after region filter; 2 durations.
[2026-08-11 13:20:30] --- Duration 24h ---
[2026-08-11 13:20:30] OK  - no NA/Inf in at-site L-moments
[2026-08-11 13:20:30] Computed at-site L-moments for 48 stations.
[2026-08-11 13:20:30] Discordancy screening: Dcrit=3.000, removed 1 of 48 sites.
[2026-08-11 13:20:30] OK  - at least 5 stations remain after discordancy screening
[2026-08-11 13:20:30] Uncertainty: 500-rep bootstrap; 10,000-yr rel-RMSE=0.082, 90% band [578.9, 751.3] mm.
[2026-08-11 13:20:30] Homogeneity iter 0: n=47, H1=2.830
[2026-08-11 13:20:30] Plots written for 72h: ratio diagram, growth-curve fit, DDF.
[2026-08-11 13:20:30] OK  - station counts reconcile (candidates 36 = used 27 + removed 9)
[2026-08-11 13:20:31] Region map written: ./outputs/figures/CA10183_region_map.png
[2026-08-11 13:20:31] Wrote 14 deliverable tables to ./outputs/tables.
[2026-08-11 13:20:31] Audit report written: ./outputs/report_CA10183.html

DONE. Headline results:
         site duration return_period_yr   AEP depth_mm depth_lo_mm depth_hi_mm
6  B. F. SISK      24h              100 1e-02   196.25      186.42      202.54
9  B. F. SISK      24h             1000 1e-03   272.85      247.74      289.61
12 B. F. SISK      24h            10000 1e-04   360.65      311.88      393.80
18 B. F. SISK      72h              100 1e-02   341.20      322.89      354.04
21 B. F. SISK      72h             1000 1e-03   494.24      444.58      530.26
24 B. F. SISK      72h            10000 1e-04   678.18      578.93      751.27
   rel_rmse
6     0.026
9     0.049
12    0.073
18    0.029
21    0.054
24    0.082

Report: ./outputs/report_CA10183.html
[2026-08-11 13:20:32]   drop 'USC00248930' -> H1 2.575 (was 2.830)
[2026-08-11 13:20:32] Homogeneity iter 1: n=46, H1=2.575
[2026-08-11 13:20:32] Acquired data: 8 candidate stations after region filter; 2 durations.
[2026-08-11 13:20:32] --- Duration 24h ---
[2026-08-11 13:20:32] OK  - no NA/Inf in at-site L-moments
[2026-08-11 13:20:32] Computed at-site L-moments for 6 stations.
[2026-08-11 13:20:32] Discordancy screening: Dcrit=1.648, removed 1 of 6 sites.
[2026-08-11 13:20:32] OK  - at least 5 stations remain after discordancy screening
[2026-08-11 13:20:32] Homogeneity iter 0: n=5, H1=0.659
[2026-08-11 13:20:32] OK  - heterogeneity H1 computed and finite
[2026-08-11 13:20:32] Final region: n=5, H1=0.458 (homogeneous)
[2026-08-11 13:20:32] OK  - goodness-of-fit Z reported for every candidate distribution
[2026-08-11 13:20:32] Distribution [24h]: GLO via auto (|Z|=0.086).
[2026-08-11 13:20:32] OK  - regional growth curve q(F) is monotone non-decreasing
[2026-08-11 13:20:32] OK  - growth factors are all positive
[2026-08-11 13:20:32] OK  - quantile depths are all positive
[2026-08-11 13:20:32] Estimation: GLO fitted; index flood = 102.74 mm; q(1e-4/AEP)=6.395.
[2026-08-11 13:20:33] === BEAVER : 2026-08-11T13:20:33 ===
[2026-08-11 13:20:33] Uncertainty: 500-rep bootstrap; 10,000-yr rel-RMSE=0.269, 90% band [393.0, 948.2] mm.
[2026-08-11 13:20:33] Plots written for 24h: ratio diagram, growth-curve fit, DDF.
[2026-08-11 13:20:33] OK  - station counts reconcile (candidates 8 = used 5 + removed 3)
[2026-08-11 13:20:33] --- Duration 72h ---
[2026-08-11 13:20:33] OK  - no NA/Inf in at-site L-moments
[2026-08-11 13:20:33] Computed at-site L-moments for 6 stations.
[2026-08-11 13:20:33] Discordancy screening: Dcrit=1.648, removed 1 of 6 sites.
[2026-08-11 13:20:33] OK  - at least 5 stations remain after discordancy screening
[2026-08-11 13:20:33] Homogeneity iter 0: n=5, H1=-1.056
[2026-08-11 13:20:33] OK  - heterogeneity H1 computed and finite
[2026-08-11 13:20:33] Final region: n=5, H1=-1.126 (homogeneous)
[2026-08-11 13:20:33] OK  - goodness-of-fit Z reported for every candidate distribution
[2026-08-11 13:20:33] Distribution [72h]: GLO via auto (|Z|=0.210).
[2026-08-11 13:20:33] OK  - regional growth curve q(F) is monotone non-decreasing
[2026-08-11 13:20:33] OK  - growth factors are all positive
[2026-08-11 13:20:33] OK  - quantile depths are all positive
[2026-08-11 13:20:33] Estimation: GLO fitted; index flood = 134.07 mm; q(1e-4/AEP)=6.419.
[2026-08-11 13:20:33] Uncertainty: 500-rep bootstrap; 10,000-yr rel-RMSE=0.264, 90% band [517.9, 1215.1] mm.
[2026-08-11 13:20:33]   drop 'USS0012C11S' -> H1 1.928 (was 2.575)
[2026-08-11 13:20:33] Plots written for 72h: ratio diagram, growth-curve fit, DDF.
[2026-08-11 13:20:33] OK  - station counts reconcile (candidates 8 = used 5 + removed 3)
[2026-08-11 13:20:33] Homogeneity iter 2: n=45, H1=1.928
GHCN: 8 stations acquired (cache data/raw/ghcn/by_station).
[2026-08-11 13:20:35] Region map written: ./outputs/figures/AR00159_region_map.png
[2026-08-11 13:20:35] Wrote 14 deliverable tables to ./outputs/tables.
[2026-08-11 13:20:35] Audit report written: ./outputs/report_AR00159.html

DONE. Headline results:
      site duration return_period_yr   AEP depth_mm depth_lo_mm depth_hi_mm
6  NORFORK      24h              100 1e-02   239.22      203.33      269.17
9  NORFORK      24h             1000 1e-03   394.09      285.87      500.33
12 NORFORK      24h            10000 1e-04   657.00      392.97      948.18
18 NORFORK      72h              100 1e-02   309.51      260.80      346.20
21 NORFORK      72h             1000 1e-03   512.18      366.58      641.34
24 NORFORK      72h            10000 1e-04   860.59      517.91     1215.06
   rel_rmse
6     0.089
9     0.173
12    0.269
18    0.087
21    0.170
24    0.264

Report: ./outputs/report_AR00159.html
[2026-08-11 13:20:35]   drop 'USS0011C04S' -> H1 1.680 (was 1.928)
[2026-08-11 13:20:35] Homogeneity iter 3: n=44, H1=1.680
[2026-08-11 13:20:36] Acquired data: 8 candidate stations after region filter; 2 durations.
[2026-08-11 13:20:36] --- Duration 24h ---
[2026-08-11 13:20:36] OK  - no NA/Inf in at-site L-moments
[2026-08-11 13:20:36] Computed at-site L-moments for 6 stations.
[2026-08-11 13:20:36] Discordancy screening: Dcrit=1.648, removed 1 of 6 sites.
[2026-08-11 13:20:36] OK  - at least 5 stations remain after discordancy screening
[2026-08-11 13:20:36] Homogeneity iter 0: n=5, H1=0.697
[2026-08-11 13:20:36] OK  - heterogeneity H1 computed and finite
[2026-08-11 13:20:36] Final region: n=5, H1=0.443 (homogeneous)
[2026-08-11 13:20:36] OK  - goodness-of-fit Z reported for every candidate distribution
[2026-08-11 13:20:36] Distribution [24h]: GLO via auto (|Z|=0.089).
[2026-08-11 13:20:36] OK  - regional growth curve q(F) is monotone non-decreasing
[2026-08-11 13:20:36] OK  - growth factors are all positive
[2026-08-11 13:20:36] OK  - quantile depths are all positive
[2026-08-11 13:20:36] Estimation: GLO fitted; index flood = 102.74 mm; q(1e-4/AEP)=6.395.
[2026-08-11 13:20:36] === RAY ROBERTS DAM : 2026-08-11T13:20:36 ===
GHCN download unavailable; falling back to SYNTHETIC demo data.
Generating SYNTHETIC demo data (offline) for TX08008 at (33.3666, -97.05).
[2026-08-11 13:20:37] Uncertainty: 500-rep bootstrap; 10,000-yr rel-RMSE=0.275, 90% band [383.9, 949.8] mm.
[2026-08-11 13:20:37] Plots written for 24h: ratio diagram, growth-curve fit, DDF.
[2026-08-11 13:20:37] OK  - station counts reconcile (candidates 8 = used 5 + removed 3)
[2026-08-11 13:20:37] --- Duration 72h ---
[2026-08-11 13:20:37] OK  - no NA/Inf in at-site L-moments
[2026-08-11 13:20:37] Computed at-site L-moments for 6 stations.
[2026-08-11 13:20:37] Discordancy screening: Dcrit=1.648, removed 1 of 6 sites.
[2026-08-11 13:20:37] OK  - at least 5 stations remain after discordancy screening
[2026-08-11 13:20:37] Homogeneity iter 0: n=5, H1=-0.999
[2026-08-11 13:20:37] OK  - heterogeneity H1 computed and finite
[2026-08-11 13:20:37] Final region: n=5, H1=-1.176 (homogeneous)
[2026-08-11 13:20:37] OK  - goodness-of-fit Z reported for every candidate distribution
[2026-08-11 13:20:37] Distribution [72h]: GLO via auto (|Z|=0.184).
[2026-08-11 13:20:37] OK  - regional growth curve q(F) is monotone non-decreasing
[2026-08-11 13:20:37] OK  - growth factors are all positive
[2026-08-11 13:20:37] OK  - quantile depths are all positive
[2026-08-11 13:20:37] Estimation: GLO fitted; index flood = 134.07 mm; q(1e-4/AEP)=6.419.
[2026-08-11 13:20:37]   drop 'USC00242275' -> H1 1.332 (was 1.680)
[2026-08-11 13:20:37] Homogeneity iter 4: n=43, H1=1.332
Demo data written for 17 stations to ./data/synthetic/TX08008 (SYNTHETIC — not real observations).
[2026-08-11 13:20:37] Uncertainty: 500-rep bootstrap; 10,000-yr rel-RMSE=0.262, 90% band [512.7, 1222.5] mm.
[2026-08-11 13:20:37] Plots written for 72h: ratio diagram, growth-curve fit, DDF.
[2026-08-11 13:20:37] OK  - station counts reconcile (candidates 8 = used 5 + removed 3)
[2026-08-11 13:20:38]   drop 'USC00241450' -> H1 1.012 (was 1.332)
[2026-08-11 13:20:38] Homogeneity iter 5: n=42, H1=1.012
[2026-08-11 13:20:39] Region map written: ./outputs/figures/AR00174_region_map.png
[2026-08-11 13:20:39] Wrote 14 deliverable tables to ./outputs/tables.
[2026-08-11 13:20:39] Audit report written: ./outputs/report_AR00174.html

DONE. Headline results:
     site duration return_period_yr   AEP depth_mm depth_lo_mm depth_hi_mm
6  BEAVER      24h              100 1e-02   239.22      200.52      270.23
9  BEAVER      24h             1000 1e-03   394.09      277.58      501.70
12 BEAVER      24h            10000 1e-04   657.00      383.92      949.78
18 BEAVER      72h              100 1e-02   309.51      262.40      344.31
21 BEAVER      72h             1000 1e-03   512.18      368.83      639.96
24 BEAVER      72h            10000 1e-04   860.59      512.75     1222.47
   rel_rmse
6     0.091
9     0.177
12    0.275
18    0.087
21    0.170
24    0.262

Report: ./outputs/report_AR00174.html
[2026-08-11 13:20:40]   drop 'USC00244050' -> H1 0.737 (was 1.012)
[2026-08-11 13:20:40] Homogeneity iter 6: n=41, H1=0.737
[2026-08-11 13:20:40] OK  - heterogeneity H1 computed and finite
[2026-08-11 13:20:40] Final region: n=41, H1=0.808 (homogeneous)
[2026-08-11 13:20:40] OK  - goodness-of-fit Z reported for every candidate distribution
[2026-08-11 13:20:40] Distribution [24h]: GNO via auto (|Z|=0.098).
[2026-08-11 13:20:40] OK  - regional growth curve q(F) is monotone non-decreasing
[2026-08-11 13:20:40] OK  - growth factors are all positive
[2026-08-11 13:20:40] OK  - quantile depths are all positive
[2026-08-11 13:20:40] Estimation: GNO fitted; index flood = 36.00 mm; q(1e-4/AEP)=3.922.
[2026-08-11 13:20:40] === KINGSLEY : 2026-08-11T13:20:40 ===
[2026-08-11 13:20:41] Acquired data: 16 candidate stations after region filter; 2 durations.
[2026-08-11 13:20:41] --- Duration 24h ---
[2026-08-11 13:20:41] OK  - no NA/Inf in at-site L-moments
[2026-08-11 13:20:41] Computed at-site L-moments for 15 stations.
[2026-08-11 13:20:41] Discordancy screening: Dcrit=3.000, removed 0 of 15 sites.
[2026-08-11 13:20:41] OK  - at least 5 stations remain after discordancy screening
[2026-08-11 13:20:41] Homogeneity iter 0: n=15, H1=0.065
[2026-08-11 13:20:41] Uncertainty: 500-rep bootstrap; 10,000-yr rel-RMSE=0.046, 90% band [129.3, 148.5] mm.
[2026-08-11 13:20:41] OK  - heterogeneity H1 computed and finite
[2026-08-11 13:20:41] Final region: n=15, H1=0.015 (homogeneous)
[2026-08-11 13:20:41] OK  - goodness-of-fit Z reported for every candidate distribution
[2026-08-11 13:20:41] Distribution [24h]: GNO via auto (|Z|=0.360).
[2026-08-11 13:20:41] OK  - regional growth curve q(F) is monotone non-decreasing
[2026-08-11 13:20:41] OK  - growth factors are all positive
[2026-08-11 13:20:41] OK  - quantile depths are all positive
[2026-08-11 13:20:41] Estimation: GNO fitted; index flood = 49.92 mm; q(1e-4/AEP)=3.051.
[2026-08-11 13:20:42] Plots written for 24h: ratio diagram, growth-curve fit, DDF.
[2026-08-11 13:20:42] OK  - station counts reconcile (candidates 60 = used 41 + removed 19)
[2026-08-11 13:20:42] --- Duration 72h ---
[2026-08-11 13:20:42] OK  - no NA/Inf in at-site L-moments
[2026-08-11 13:20:42] Computed at-site L-moments for 48 stations.
[2026-08-11 13:20:42] Discordancy screening: Dcrit=3.000, removed 3 of 48 sites.
[2026-08-11 13:20:42] OK  - at least 5 stations remain after discordancy screening
[2026-08-11 13:20:42] Homogeneity iter 0: n=45, H1=2.849
[2026-08-11 13:20:42] Uncertainty: 500-rep bootstrap; 10,000-yr rel-RMSE=0.068, 90% band [134.3, 166.8] mm.
[2026-08-11 13:20:42] Plots written for 24h: ratio diagram, growth-curve fit, DDF.
[2026-08-11 13:20:42] OK  - station counts reconcile (candidates 17 = used 15 + removed 2)
[2026-08-11 13:20:42] --- Duration 72h ---
[2026-08-11 13:20:42] OK  - no NA/Inf in at-site L-moments
[2026-08-11 13:20:42] Computed at-site L-moments for 15 stations.
[2026-08-11 13:20:42] Discordancy screening: Dcrit=3.000, removed 0 of 15 sites.
[2026-08-11 13:20:42] OK  - at least 5 stations remain after discordancy screening
[2026-08-11 13:20:42] Homogeneity iter 0: n=15, H1=-0.277
[2026-08-11 13:20:42] OK  - heterogeneity H1 computed and finite
[2026-08-11 13:20:42] Final region: n=15, H1=-0.310 (homogeneous)
[2026-08-11 13:20:42] OK  - goodness-of-fit Z reported for every candidate distribution
[2026-08-11 13:20:42] Distribution [72h]: PE3 via auto (|Z|=0.236).
[2026-08-11 13:20:42] OK  - regional growth curve q(F) is monotone non-decreasing
[2026-08-11 13:20:42] OK  - growth factors are all positive
[2026-08-11 13:20:42] OK  - quantile depths are all positive
[2026-08-11 13:20:42] Estimation: PE3 fitted; index flood = 55.29 mm; q(1e-4/AEP)=2.606.
[2026-08-11 13:20:43]   drop 'USC00244050' -> H1 2.569 (was 2.849)
[2026-08-11 13:20:43] Homogeneity iter 1: n=44, H1=2.569
[2026-08-11 13:20:44] Uncertainty: 500-rep bootstrap; 10,000-yr rel-RMSE=0.042, 90% band [133.3, 152.9] mm.
[2026-08-11 13:20:44] Plots written for 72h: ratio diagram, growth-curve fit, DDF.
[2026-08-11 13:20:44] OK  - station counts reconcile (candidates 17 = used 15 + removed 2)
[2026-08-11 13:20:45]   drop 'USC00240056' -> H1 2.095 (was 2.569)
[2026-08-11 13:20:45] Region map written: ./outputs/figures/TX08008_region_map.png
[2026-08-11 13:20:45] Wrote 14 deliverable tables to ./outputs/tables.
[2026-08-11 13:20:45] Homogeneity iter 2: n=43, H1=2.095
[2026-08-11 13:20:45] Audit report written: ./outputs/report_TX08008.html

DONE. Headline results:
              site duration return_period_yr   AEP depth_mm depth_lo_mm
6  RAY ROBERTS DAM      24h              100 1e-02    95.66       90.65
9  RAY ROBERTS DAM      24h             1000 1e-03   123.07      112.38
12 RAY ROBERTS DAM      24h            10000 1e-04   152.30      134.29
18 RAY ROBERTS DAM      72h              100 1e-02   100.75       96.70
21 RAY ROBERTS DAM      72h             1000 1e-03   123.07      115.82
24 RAY ROBERTS DAM      72h            10000 1e-04   144.07      133.33
   depth_hi_mm rel_rmse
6        99.60    0.029
9       131.63    0.049
12      166.76    0.068
18      104.09    0.023
21      129.14    0.034
24      152.85    0.042

Report: ./outputs/report_TX08008.html
[2026-08-11 13:20:46] === BIG BEND DAM : 2026-08-11T13:20:46 ===
[2026-08-11 13:20:47]   drop 'USW00094104' -> H1 1.628 (was 2.095)
[2026-08-11 13:20:47] Homogeneity iter 3: n=42, H1=1.628
[2026-08-11 13:20:48]   drop 'USC00248455' -> H1 1.319 (was 1.628)
[2026-08-11 13:20:48] Homogeneity iter 4: n=41, H1=1.319
[2026-08-11 13:20:49] Acquired data: 60 candidate stations after region filter; 2 durations.
[2026-08-11 13:20:49] --- Duration 24h ---
[2026-08-11 13:20:49] OK  - no NA/Inf in at-site L-moments
[2026-08-11 13:20:49] Computed at-site L-moments for 50 stations.
[2026-08-11 13:20:49] Discordancy screening: Dcrit=3.000, removed 4 of 50 sites.
[2026-08-11 13:20:49] OK  - at least 5 stations remain after discordancy screening
[2026-08-11 13:20:50] Homogeneity iter 0: n=46, H1=2.865
GHCN: 60 stations acquired (cache data/raw/ghcn/by_station).
[2026-08-11 13:20:50]   drop 'USC00244663' -> H1 0.955 (was 1.319)
[2026-08-11 13:20:50] Homogeneity iter 5: n=40, H1=0.955
[2026-08-11 13:20:50] OK  - heterogeneity H1 computed and finite
[2026-08-11 13:20:50] Final region: n=40, H1=0.954 (homogeneous)
[2026-08-11 13:20:50] OK  - goodness-of-fit Z reported for every candidate distribution
[2026-08-11 13:20:50] Distribution [72h]: GEV via auto (|Z|=0.551).
[2026-08-11 13:20:50] OK  - regional growth curve q(F) is monotone non-decreasing
[2026-08-11 13:20:50] OK  - growth factors are all positive
[2026-08-11 13:20:50] OK  - quantile depths are all positive
[2026-08-11 13:20:50] Estimation: GEV fitted; index flood = 48.13 mm; q(1e-4/AEP)=3.774.
[2026-08-11 13:20:51] Uncertainty: 500-rep bootstrap; 10,000-yr rel-RMSE=0.064, 90% band [160.7, 196.2] mm.
[2026-08-11 13:20:51] Plots written for 72h: ratio diagram, growth-curve fit, DDF.
[2026-08-11 13:20:51] OK  - station counts reconcile (candidates 60 = used 40 + removed 20)
[2026-08-11 13:20:52]   drop 'USC00298284' -> H1 2.316 (was 2.865)
[2026-08-11 13:20:52] Homogeneity iter 1: n=45, H1=2.316
GHCN: 35 stations acquired (cache data/raw/ghcn/by_station).
[2026-08-11 13:20:53] Region map written: ./outputs/figures/MT00568_region_map.png
[2026-08-11 13:20:53] Wrote 14 deliverable tables to ./outputs/tables.
[2026-08-11 13:20:53] Audit report written: ./outputs/report_MT00568.html

DONE. Headline results:
           site duration return_period_yr   AEP depth_mm depth_lo_mm
6  CANYON FERRY      24h              100 1e-02    80.82       77.62
9  CANYON FERRY      24h             1000 1e-03   109.56      102.58
12 CANYON FERRY      24h            10000 1e-04   141.19      129.26
18 CANYON FERRY      72h              100 1e-02   105.88      101.51
21 CANYON FERRY      72h             1000 1e-03   142.49      131.43
24 CANYON FERRY      72h            10000 1e-04   181.65      160.73
   depth_hi_mm rel_rmse
6        82.82    0.021
9       113.75    0.034
12      148.48    0.046
18      108.87    0.023
21      150.12    0.043
24      196.21    0.064

Report: ./outputs/report_MT00568.html
[2026-08-11 13:20:54]   drop 'USC00055327' -> H1 1.670 (was 2.316)
[2026-08-11 13:20:54] Homogeneity iter 2: n=44, H1=1.670
[2026-08-11 13:20:54] === MOSSYROCK : 2026-08-11T13:20:54 ===
[2026-08-11 13:20:56]   drop 'USC00052326' -> H1 1.138 (was 1.670)
[2026-08-11 13:20:56] Homogeneity iter 3: n=43, H1=1.138
[2026-08-11 13:20:58]   drop 'USC00292608' -> H1 0.477 (was 1.138)
[2026-08-11 13:20:58] Homogeneity iter 4: n=42, H1=0.477
[2026-08-11 13:20:58] OK  - heterogeneity H1 computed and finite
[2026-08-11 13:20:58] Final region: n=42, H1=0.450 (homogeneous)
[2026-08-11 13:20:58] OK  - goodness-of-fit Z reported for every candidate distribution
[2026-08-11 13:20:58] Distribution [24h]: GEV via auto (|Z|=0.537).
[2026-08-11 13:20:58] OK  - regional growth curve q(F) is monotone non-decreasing
[2026-08-11 13:20:58] OK  - growth factors are all positive
[2026-08-11 13:20:58] OK  - quantile depths are all positive
[2026-08-11 13:20:58] Estimation: GEV fitted; index flood = 33.71 mm; q(1e-4/AEP)=3.588.
GHCN: 60 stations acquired (cache data/raw/ghcn/by_station).
[2026-08-11 13:20:59] Uncertainty: 500-rep bootstrap; 10,000-yr rel-RMSE=0.054, 90% band [109.4, 129.6] mm.
[2026-08-11 13:21:00] Plots written for 24h: ratio diagram, growth-curve fit, DDF.
[2026-08-11 13:21:00] OK  - station counts reconcile (candidates 60 = used 42 + removed 18)
[2026-08-11 13:21:00] --- Duration 72h ---
[2026-08-11 13:21:00] OK  - no NA/Inf in at-site L-moments
[2026-08-11 13:21:00] Computed at-site L-moments for 50 stations.
[2026-08-11 13:21:00] Discordancy screening: Dcrit=3.000, removed 4 of 50 sites.
[2026-08-11 13:21:00] OK  - at least 5 stations remain after discordancy screening
[2026-08-11 13:21:00] Homogeneity iter 0: n=46, H1=4.306
[2026-08-11 13:21:02]   drop 'USC00298284' -> H1 2.857 (was 4.306)
[2026-08-11 13:21:02] Homogeneity iter 1: n=45, H1=2.857
[2026-08-11 13:21:04]   drop 'USC00055327' -> H1 2.351 (was 2.857)
[2026-08-11 13:21:04] Homogeneity iter 2: n=44, H1=2.351
[2026-08-11 13:21:06]   drop 'USC00291389' -> H1 2.028 (was 2.351)
[2026-08-11 13:21:06] Homogeneity iter 3: n=43, H1=2.028
[2026-08-11 13:21:08]   drop 'USC00291063' -> H1 1.600 (was 2.028)
[2026-08-11 13:21:08] Homogeneity iter 4: n=42, H1=1.600
[2026-08-11 13:21:08] Acquired data: 35 candidate stations after region filter; 2 durations.
[2026-08-11 13:21:08] --- Duration 24h ---
[2026-08-11 13:21:08] OK  - no NA/Inf in at-site L-moments
[2026-08-11 13:21:08] Computed at-site L-moments for 27 stations.
[2026-08-11 13:21:08] Discordancy screening: Dcrit=3.000, removed 1 of 27 sites.
[2026-08-11 13:21:08] OK  - at least 5 stations remain after discordancy screening
[2026-08-11 13:21:08] Homogeneity iter 0: n=26, H1=-0.052
[2026-08-11 13:21:08] OK  - heterogeneity H1 computed and finite
[2026-08-11 13:21:08] Final region: n=26, H1=-0.102 (homogeneous)
[2026-08-11 13:21:09] OK  - goodness-of-fit Z reported for every candidate distribution
[2026-08-11 13:21:09] Distribution [24h]: GEV via auto (|Z|=1.494).
[2026-08-11 13:21:09] OK  - regional growth curve q(F) is monotone non-decreasing
[2026-08-11 13:21:09] OK  - growth factors are all positive
[2026-08-11 13:21:09] OK  - quantile depths are all positive
[2026-08-11 13:21:09] Estimation: GEV fitted; index flood = 56.65 mm; q(1e-4/AEP)=3.496.
[2026-08-11 13:21:09] Acquired data: 60 candidate stations after region filter; 2 durations.
[2026-08-11 13:21:09] --- Duration 24h ---
[2026-08-11 13:21:09] OK  - no NA/Inf in at-site L-moments
[2026-08-11 13:21:09] Computed at-site L-moments for 29 stations.
[2026-08-11 13:21:09] Discordancy screening: Dcrit=3.000, removed 2 of 29 sites.
[2026-08-11 13:21:09] OK  - at least 5 stations remain after discordancy screening
[2026-08-11 13:21:09] Homogeneity iter 0: n=27, H1=-0.013
[2026-08-11 13:21:09] Uncertainty: 500-rep bootstrap; 10,000-yr rel-RMSE=0.061, 90% band [177.2, 215.8] mm.
[2026-08-11 13:21:09] OK  - heterogeneity H1 computed and finite
[2026-08-11 13:21:09] Final region: n=27, H1=-0.016 (homogeneous)
[2026-08-11 13:21:10] OK  - goodness-of-fit Z reported for every candidate distribution
[2026-08-11 13:21:10] Distribution [24h]: GLO via auto (|Z|=0.778).
[2026-08-11 13:21:10] OK  - regional growth curve q(F) is monotone non-decreasing
[2026-08-11 13:21:10] OK  - growth factors are all positive
[2026-08-11 13:21:10] OK  - quantile depths are all positive
[2026-08-11 13:21:10] Estimation: GLO fitted; index flood = 54.35 mm; q(1e-4/AEP)=6.185.
[2026-08-11 13:21:10]   drop 'US1COMZ0030' -> H1 1.043 (was 1.600)
[2026-08-11 13:21:10] Homogeneity iter 5: n=41, H1=1.043
[2026-08-11 13:21:10] Plots written for 24h: ratio diagram, growth-curve fit, DDF.
[2026-08-11 13:21:10] OK  - station counts reconcile (candidates 35 = used 26 + removed 9)
[2026-08-11 13:21:10] --- Duration 72h ---
[2026-08-11 13:21:10] OK  - no NA/Inf in at-site L-moments
[2026-08-11 13:21:10] Computed at-site L-moments for 27 stations.
[2026-08-11 13:21:10] Discordancy screening: Dcrit=3.000, removed 1 of 27 sites.
[2026-08-11 13:21:10] OK  - at least 5 stations remain after discordancy screening
[2026-08-11 13:21:10] Homogeneity iter 0: n=26, H1=-1.547
[2026-08-11 13:21:10] OK  - heterogeneity H1 computed and finite
[2026-08-11 13:21:10] Final region: n=26, H1=-1.446 (homogeneous)
[2026-08-11 13:21:10] OK  - goodness-of-fit Z reported for every candidate distribution
[2026-08-11 13:21:10] Distribution [72h]: GNO via auto (|Z|=0.051).
[2026-08-11 13:21:10] OK  - regional growth curve q(F) is monotone non-decreasing
[2026-08-11 13:21:10] OK  - growth factors are all positive
[2026-08-11 13:21:10] OK  - quantile depths are all positive
[2026-08-11 13:21:10] Estimation: GNO fitted; index flood = 68.49 mm; q(1e-4/AEP)=3.210.
[2026-08-11 13:21:11] Uncertainty: 500-rep bootstrap; 10,000-yr rel-RMSE=0.087, 90% band [283.7, 372.9] mm.
[2026-08-11 13:21:11] Plots written for 24h: ratio diagram, growth-curve fit, DDF.
[2026-08-11 13:21:11] OK  - station counts reconcile (candidates 60 = used 27 + removed 33)
[2026-08-11 13:21:11] --- Duration 72h ---
[2026-08-11 13:21:11] OK  - no NA/Inf in at-site L-moments
[2026-08-11 13:21:11] Computed at-site L-moments for 29 stations.
[2026-08-11 13:21:11] Uncertainty: 500-rep bootstrap; 10,000-yr rel-RMSE=0.041, 90% band [204.1, 231.6] mm.
[2026-08-11 13:21:11] Discordancy screening: Dcrit=3.000, removed 0 of 29 sites.
[2026-08-11 13:21:11] OK  - at least 5 stations remain after discordancy screening
[2026-08-11 13:21:11] Homogeneity iter 0: n=29, H1=1.391
[2026-08-11 13:21:11] Plots written for 72h: ratio diagram, growth-curve fit, DDF.
[2026-08-11 13:21:11] OK  - station counts reconcile (candidates 35 = used 26 + removed 9)
[2026-08-11 13:21:11]   drop 'USC00292837' -> H1 0.732 (was 1.043)
[2026-08-11 13:21:11] Homogeneity iter 6: n=40, H1=0.732
[2026-08-11 13:21:11] OK  - heterogeneity H1 computed and finite
[2026-08-11 13:21:11] Final region: n=40, H1=0.700 (homogeneous)
[2026-08-11 13:21:12] OK  - goodness-of-fit Z reported for every candidate distribution
[2026-08-11 13:21:12] Distribution [72h]: GLO via auto (|Z|=2.192 - NOTE |Z|>1.64).
[2026-08-11 13:21:12] OK  - regional growth curve q(F) is monotone non-decreasing
[2026-08-11 13:21:12] OK  - growth factors are all positive
[2026-08-11 13:21:12] OK  - quantile depths are all positive
[2026-08-11 13:21:12] Estimation: GLO fitted; index flood = 44.89 mm; q(1e-4/AEP)=4.382.
[2026-08-11 13:21:12]   drop 'USW00024091' -> H1 0.674 (was 1.391)
[2026-08-11 13:21:12] Homogeneity iter 1: n=28, H1=0.674
[2026-08-11 13:21:12] OK  - heterogeneity H1 computed and finite
[2026-08-11 13:21:12] Final region: n=28, H1=0.784 (homogeneous)
[2026-08-11 13:21:12] OK  - goodness-of-fit Z reported for every candidate distribution
[2026-08-11 13:21:12] Distribution [72h]: GLO via auto (|Z|=1.718 - NOTE |Z|>1.64).
[2026-08-11 13:21:12] OK  - regional growth curve q(F) is monotone non-decreasing
[2026-08-11 13:21:12] OK  - growth factors are all positive
[2026-08-11 13:21:12] OK  - quantile depths are all positive
[2026-08-11 13:21:12] Estimation: GLO fitted; index flood = 66.02 mm; q(1e-4/AEP)=4.980.
[2026-08-11 13:21:12] Region map written: ./outputs/figures/SD01092_region_map.png
[2026-08-11 13:21:12] Wrote 14 deliverable tables to ./outputs/tables.
[2026-08-11 13:21:12] Audit report written: ./outputs/report_SD01092.html

DONE. Headline results:
           site duration return_period_yr   AEP depth_mm depth_lo_mm
6  BIG BEND DAM      24h              100 1e-02   121.94      116.89
9  BIG BEND DAM      24h             1000 1e-03   159.85      148.37
12 BIG BEND DAM      24h            10000 1e-04   198.01      177.16
18 BIG BEND DAM      72h              100 1e-02   140.51      135.63
21 BIG BEND DAM      72h             1000 1e-03   179.78      170.07
24 BIG BEND DAM      72h            10000 1e-04   219.84      204.08
   depth_hi_mm rel_rmse
6       125.68    0.022
9       169.06    0.041
12      215.81    0.061
18      143.94    0.019
21      187.01    0.030
24      231.58    0.041

Report: ./outputs/report_SD01092.html
[2026-08-11 13:21:13] Uncertainty: 500-rep bootstrap; 10,000-yr rel-RMSE=0.061, 90% band [175.5, 212.2] mm.
[2026-08-11 13:21:13] Plots written for 72h: ratio diagram, growth-curve fit, DDF.
[2026-08-11 13:21:13] OK  - station counts reconcile (candidates 60 = used 40 + removed 20)
[2026-08-11 13:21:13] Uncertainty: 500-rep bootstrap; 10,000-yr rel-RMSE=0.072, 90% band [287.6, 359.2] mm.
[2026-08-11 13:21:13] Plots written for 72h: ratio diagram, growth-curve fit, DDF.
[2026-08-11 13:21:13] OK  - station counts reconcile (candidates 60 = used 28 + removed 32)
[2026-08-11 13:21:13] === BELTON LAKE : 2026-08-11T13:21:13 ===
GHCN download unavailable; falling back to SYNTHETIC demo data.
Generating SYNTHETIC demo data (offline) for TX00002 at (31.1, -97.4833).
[2026-08-11 13:21:14] Region map written: ./outputs/figures/NM00120_region_map.png
[2026-08-11 13:21:14] Wrote 14 deliverable tables to ./outputs/tables.
[2026-08-11 13:21:14] Audit report written: ./outputs/report_NM00120.html

DONE. Headline results:
     site duration return_period_yr   AEP depth_mm depth_lo_mm depth_hi_mm
6  NAVAJO      24h              100 1e-02    72.83       70.23       74.64
9  NAVAJO      24h             1000 1e-03    96.48       90.19      101.00
12 NAVAJO      24h            10000 1e-04   120.97      109.41      129.63
18 NAVAJO      72h              100 1e-02    94.62       91.12       97.19
21 NAVAJO      72h             1000 1e-03   137.18      127.55      144.05
24 NAVAJO      72h            10000 1e-04   196.68      175.55      212.24
   rel_rmse
6     0.019
9     0.036
12    0.054
18    0.021
21    0.040
24    0.061

Report: ./outputs/report_NM00120.html
Demo data written for 17 stations to ./data/synthetic/TX00002 (SYNTHETIC — not real observations).
[2026-08-11 13:21:14] Region map written: ./outputs/figures/NE01048_region_map.png
[2026-08-11 13:21:14] Wrote 14 deliverable tables to ./outputs/tables.
[2026-08-11 13:21:15] Audit report written: ./outputs/report_NE01048.html

DONE. Headline results:
       site duration return_period_yr   AEP depth_mm depth_lo_mm depth_hi_mm
6  KINGSLEY      24h              100 1e-02   129.51      122.77      134.55
9  KINGSLEY      24h             1000 1e-03   208.66      187.29      223.90
12 KINGSLEY      24h            10000 1e-04   336.17      283.75      372.89
18 KINGSLEY      72h              100 1e-02   146.02      139.66      150.46
21 KINGSLEY      72h             1000 1e-03   219.94      201.86      232.98
24 KINGSLEY      72h            10000 1e-04   328.78      287.62      359.24
   rel_rmse
6     0.029
9     0.056
12    0.087
18    0.024
21    0.047
24    0.072

Report: ./outputs/report_NE01048.html
[2026-08-11 13:21:15] === CLARENCE CANNON DAM : 2026-08-11T13:21:15 ===
GHCN download unavailable; falling back to SYNTHETIC demo data.
Generating SYNTHETIC demo data (offline) for MO82201 at (39.5452, -91.6497).
[2026-08-11 13:21:16] Acquired data: 60 candidate stations after region filter; 2 durations.
[2026-08-11 13:21:16] --- Duration 24h ---
[2026-08-11 13:21:16] OK  - no NA/Inf in at-site L-moments
[2026-08-11 13:21:16] Computed at-site L-moments for 54 stations.
[2026-08-11 13:21:16] Discordancy screening: Dcrit=3.000, removed 2 of 54 sites.
[2026-08-11 13:21:16] OK  - at least 5 stations remain after discordancy screening
[2026-08-11 13:21:16] Homogeneity iter 0: n=52, H1=1.310
[2026-08-11 13:21:16] === MILLWOOD DAM : 2026-08-11T13:21:16 ===
Demo data written for 17 stations to ./data/synthetic/MO82201 (SYNTHETIC — not real observations).
GHCN: 1 stations acquired (cache data/raw/ghcn/by_station).
[2026-08-11 13:21:16] Acquired data: 1 candidate stations after region filter; 2 durations.
[2026-08-11 13:21:16] --- Duration 24h ---
[2026-08-11 13:21:18]   drop 'USW00024237' -> H1 0.804 (was 1.310)
[2026-08-11 13:21:18] Homogeneity iter 1: n=51, H1=0.804
[2026-08-11 13:21:18] === QUABBIN GOODNOUGH DIKE : 2026-08-11T13:21:18 ===
[2026-08-11 13:21:18] OK  - heterogeneity H1 computed and finite
[2026-08-11 13:21:18] Final region: n=51, H1=0.786 (homogeneous)
[2026-08-11 13:21:18] OK  - goodness-of-fit Z reported for every candidate distribution
[2026-08-11 13:21:18] Distribution [24h]: GEV via auto (|Z|=1.400).
[2026-08-11 13:21:18] OK  - regional growth curve q(F) is monotone non-decreasing
[2026-08-11 13:21:18] OK  - growth factors are all positive
[2026-08-11 13:21:18] OK  - quantile depths are all positive
[2026-08-11 13:21:18] Estimation: GEV fitted; index flood = 99.81 mm; q(1e-4/AEP)=3.562.
[2026-08-11 13:21:19] Acquired data: 16 candidate stations after region filter; 2 durations.
[2026-08-11 13:21:19] --- Duration 24h ---
[2026-08-11 13:21:19] OK  - no NA/Inf in at-site L-moments
[2026-08-11 13:21:19] Computed at-site L-moments for 15 stations.
[2026-08-11 13:21:19] Discordancy screening: Dcrit=3.000, removed 0 of 15 sites.
[2026-08-11 13:21:19] OK  - at least 5 stations remain after discordancy screening
[2026-08-11 13:21:19] Homogeneity iter 0: n=15, H1=0.065
[2026-08-11 13:21:19] OK  - heterogeneity H1 computed and finite
[2026-08-11 13:21:19] Final region: n=15, H1=0.015 (homogeneous)
[2026-08-11 13:21:19] OK  - goodness-of-fit Z reported for every candidate distribution
[2026-08-11 13:21:19] Distribution [24h]: GNO via auto (|Z|=0.360).
[2026-08-11 13:21:19] OK  - regional growth curve q(F) is monotone non-decreasing
[2026-08-11 13:21:19] OK  - growth factors are all positive
[2026-08-11 13:21:19] OK  - quantile depths are all positive
[2026-08-11 13:21:19] Estimation: GNO fitted; index flood = 49.92 mm; q(1e-4/AEP)=3.051.
GHCN: 4 stations acquired (cache data/raw/ghcn/by_station).
[2026-08-11 13:21:19] Uncertainty: 500-rep bootstrap; 10,000-yr rel-RMSE=0.059, 90% band [316.0, 379.8] mm.
[2026-08-11 13:21:19] Uncertainty: 500-rep bootstrap; 10,000-yr rel-RMSE=0.068, 90% band [134.3, 166.8] mm.
[2026-08-11 13:21:20] Plots written for 24h: ratio diagram, growth-curve fit, DDF.
[2026-08-11 13:21:20] OK  - station counts reconcile (candidates 60 = used 51 + removed 9)
[2026-08-11 13:21:20] --- Duration 72h ---
[2026-08-11 13:21:20] OK  - no NA/Inf in at-site L-moments
[2026-08-11 13:21:20] Computed at-site L-moments for 54 stations.
[2026-08-11 13:21:20] Plots written for 24h: ratio diagram, growth-curve fit, DDF.
[2026-08-11 13:21:20] OK  - station counts reconcile (candidates 17 = used 15 + removed 2)
[2026-08-11 13:21:20] --- Duration 72h ---
[2026-08-11 13:21:20] OK  - no NA/Inf in at-site L-moments
[2026-08-11 13:21:20] Computed at-site L-moments for 15 stations.
[2026-08-11 13:21:20] Discordancy screening: Dcrit=3.000, removed 0 of 15 sites.
[2026-08-11 13:21:20] OK  - at least 5 stations remain after discordancy screening
[2026-08-11 13:21:20] Homogeneity iter 0: n=15, H1=-0.277
[2026-08-11 13:21:20] OK  - heterogeneity H1 computed and finite
[2026-08-11 13:21:20] Discordancy screening: Dcrit=3.000, removed 3 of 54 sites.
[2026-08-11 13:21:20] Final region: n=15, H1=-0.310 (homogeneous)
[2026-08-11 13:21:20] OK  - at least 5 stations remain after discordancy screening
[2026-08-11 13:21:20] OK  - goodness-of-fit Z reported for every candidate distribution
[2026-08-11 13:21:20] Distribution [72h]: PE3 via auto (|Z|=0.236).
[2026-08-11 13:21:20] OK  - regional growth curve q(F) is monotone non-decreasing
[2026-08-11 13:21:20] OK  - growth factors are all positive
[2026-08-11 13:21:20] OK  - quantile depths are all positive
[2026-08-11 13:21:20] Estimation: PE3 fitted; index flood = 55.29 mm; q(1e-4/AEP)=2.606.
[2026-08-11 13:21:20] Homogeneity iter 0: n=51, H1=0.672
[2026-08-11 13:21:20] OK  - heterogeneity H1 computed and finite
[2026-08-11 13:21:20] Final region: n=51, H1=0.678 (homogeneous)
[2026-08-11 13:21:20] OK  - goodness-of-fit Z reported for every candidate distribution
[2026-08-11 13:21:20] Distribution [72h]: GLO via auto (|Z|=1.585).
[2026-08-11 13:21:20] OK  - regional growth curve q(F) is monotone non-decreasing
[2026-08-11 13:21:20] OK  - growth factors are all positive
[2026-08-11 13:21:20] OK  - quantile depths are all positive
[2026-08-11 13:21:20] Estimation: GLO fitted; index flood = 163.96 mm; q(1e-4/AEP)=4.785.
[2026-08-11 13:21:20] Acquired data: 4 candidate stations after region filter; 2 durations.
[2026-08-11 13:21:20] --- Duration 24h ---
[2026-08-11 13:21:21] Acquired data: 16 candidate stations after region filter; 2 durations.
[2026-08-11 13:21:21] --- Duration 24h ---
[2026-08-11 13:21:21] OK  - no NA/Inf in at-site L-moments
[2026-08-11 13:21:21] Computed at-site L-moments for 15 stations.
[2026-08-11 13:21:21] Discordancy screening: Dcrit=3.000, removed 0 of 15 sites.
[2026-08-11 13:21:21] OK  - at least 5 stations remain after discordancy screening
[2026-08-11 13:21:21] Homogeneity iter 0: n=15, H1=0.065
[2026-08-11 13:21:21] OK  - heterogeneity H1 computed and finite
[2026-08-11 13:21:21] Final region: n=15, H1=0.015 (homogeneous)
[2026-08-11 13:21:21] OK  - goodness-of-fit Z reported for every candidate distribution
[2026-08-11 13:21:21] Distribution [24h]: GNO via auto (|Z|=0.360).
[2026-08-11 13:21:21] OK  - regional growth curve q(F) is monotone non-decreasing
[2026-08-11 13:21:21] OK  - growth factors are all positive
[2026-08-11 13:21:21] OK  - quantile depths are all positive
[2026-08-11 13:21:21] Estimation: GNO fitted; index flood = 49.92 mm; q(1e-4/AEP)=3.051.
[2026-08-11 13:21:21] Uncertainty: 500-rep bootstrap; 10,000-yr rel-RMSE=0.042, 90% band [133.3, 152.9] mm.
[2026-08-11 13:21:21] Plots written for 72h: ratio diagram, growth-curve fit, DDF.
[2026-08-11 13:21:21] OK  - station counts reconcile (candidates 17 = used 15 + removed 2)
[2026-08-11 13:21:21] Uncertainty: 500-rep bootstrap; 10,000-yr rel-RMSE=0.072, 90% band [679.5, 838.5] mm.
[2026-08-11 13:21:21] Uncertainty: 500-rep bootstrap; 10,000-yr rel-RMSE=0.068, 90% band [134.3, 166.8] mm.
[2026-08-11 13:21:21] Plots written for 72h: ratio diagram, growth-curve fit, DDF.
[2026-08-11 13:21:21] OK  - station counts reconcile (candidates 60 = used 51 + removed 9)
[2026-08-11 13:21:21] Plots written for 24h: ratio diagram, growth-curve fit, DDF.
[2026-08-11 13:21:21] OK  - station counts reconcile (candidates 17 = used 15 + removed 2)
[2026-08-11 13:21:21] --- Duration 72h ---
[2026-08-11 13:21:21] OK  - no NA/Inf in at-site L-moments
[2026-08-11 13:21:21] Computed at-site L-moments for 15 stations.
[2026-08-11 13:21:22] Discordancy screening: Dcrit=3.000, removed 0 of 15 sites.
[2026-08-11 13:21:22] OK  - at least 5 stations remain after discordancy screening
[2026-08-11 13:21:22] Homogeneity iter 0: n=15, H1=-0.277
[2026-08-11 13:21:22] OK  - heterogeneity H1 computed and finite
[2026-08-11 13:21:22] Final region: n=15, H1=-0.310 (homogeneous)
[2026-08-11 13:21:22] OK  - goodness-of-fit Z reported for every candidate distribution
[2026-08-11 13:21:22] Distribution [72h]: PE3 via auto (|Z|=0.236).
[2026-08-11 13:21:22] OK  - regional growth curve q(F) is monotone non-decreasing
[2026-08-11 13:21:22] OK  - growth factors are all positive
[2026-08-11 13:21:22] OK  - quantile depths are all positive
[2026-08-11 13:21:22] Estimation: PE3 fitted; index flood = 55.29 mm; q(1e-4/AEP)=2.606.
[2026-08-11 13:21:22] === QUABBIN SPILLWAY : 2026-08-11T13:21:22 ===
[2026-08-11 13:21:22] Region map written: ./outputs/figures/TX00002_region_map.png
[2026-08-11 13:21:22] Wrote 14 deliverable tables to ./outputs/tables.
[2026-08-11 13:21:22] Audit report written: ./outputs/report_TX00002.html

DONE. Headline results:
          site duration return_period_yr   AEP depth_mm depth_lo_mm depth_hi_mm
6  BELTON LAKE      24h              100 1e-02    95.66       90.65       99.60
9  BELTON LAKE      24h             1000 1e-03   123.07      112.38      131.63
12 BELTON LAKE      24h            10000 1e-04   152.30      134.29      166.76
18 BELTON LAKE      72h              100 1e-02   100.75       96.70      104.09
21 BELTON LAKE      72h             1000 1e-03   123.07      115.82      129.14
24 BELTON LAKE      72h            10000 1e-04   144.07      133.33      152.85
   rel_rmse
6     0.029
9     0.049
12    0.068
18    0.023
21    0.034
24    0.042

Report: ./outputs/report_TX00002.html
[2026-08-11 13:21:23] Region map written: ./outputs/figures/WA00151_region_map.png
[2026-08-11 13:21:23] Wrote 14 deliverable tables to ./outputs/tables.
[2026-08-11 13:21:23] Audit report written: ./outputs/report_WA00151.html

DONE. Headline results:
        site duration return_period_yr   AEP depth_mm depth_lo_mm depth_hi_mm
6  MOSSYROCK      24h              100 1e-02   210.33      202.09      215.11
9  MOSSYROCK      24h             1000 1e-03   280.45      259.56      292.62
12 MOSSYROCK      24h            10000 1e-04   355.48      316.02      379.81
18 MOSSYROCK      72h              100 1e-02   349.86      334.60      358.12
21 MOSSYROCK      72h             1000 1e-03   524.47      478.94      547.74
24 MOSSYROCK      72h            10000 1e-04   784.46      679.50      838.50
   rel_rmse
6     0.021
9     0.039
12    0.059
18    0.023
21    0.046
24    0.072

Report: ./outputs/report_WA00151.html
[2026-08-11 13:21:23] Uncertainty: 500-rep bootstrap; 10,000-yr rel-RMSE=0.042, 90% band [133.3, 152.9] mm.
[2026-08-11 13:21:23] Plots written for 72h: ratio diagram, growth-curve fit, DDF.
[2026-08-11 13:21:23] OK  - station counts reconcile (candidates 17 = used 15 + removed 2)
GHCN: 5 stations acquired (cache data/raw/ghcn/by_station).
[2026-08-11 13:21:23] === QUABBIN WINSOR DAM : 2026-08-11T13:21:23 ===
[2026-08-11 13:21:24] === LEWISVILLE LAKE : 2026-08-11T13:21:24 ===
GHCN download unavailable; falling back to SYNTHETIC demo data.
Generating SYNTHETIC demo data (offline) for TX00008 at (33.0666, -97.0166).
[2026-08-11 13:21:24] Region map written: ./outputs/figures/MO82201_region_map.png
[2026-08-11 13:21:24] Wrote 14 deliverable tables to ./outputs/tables.
[2026-08-11 13:21:24] Audit report written: ./outputs/report_MO82201.html

DONE. Headline results:
                  site duration return_period_yr   AEP depth_mm depth_lo_mm
6  CLARENCE CANNON DAM      24h              100 1e-02    95.66       90.65
9  CLARENCE CANNON DAM      24h             1000 1e-03   123.07      112.38
12 CLARENCE CANNON DAM      24h            10000 1e-04   152.30      134.29
18 CLARENCE CANNON DAM      72h              100 1e-02   100.75       96.70
21 CLARENCE CANNON DAM      72h             1000 1e-03   123.07      115.82
24 CLARENCE CANNON DAM      72h            10000 1e-04   144.07      133.33
   depth_hi_mm rel_rmse
6        99.60    0.029
9       131.63    0.049
12      166.76    0.068
18      104.09    0.023
21      129.14    0.034
24      152.85    0.042

Report: ./outputs/report_MO82201.html
GHCN: 5 stations acquired (cache data/raw/ghcn/by_station).
Demo data written for 17 stations to ./data/synthetic/TX00008 (SYNTHETIC — not real observations).
[2026-08-11 13:21:25] Acquired data: 5 candidate stations after region filter; 2 durations.
[2026-08-11 13:21:25] --- Duration 24h ---
[2026-08-11 13:21:26] === KERR : 2026-08-11T13:21:26 ===
[2026-08-11 13:21:26] === RICHLAND CREEK DAM : 2026-08-11T13:21:26 ===
GHCN download unavailable; falling back to SYNTHETIC demo data.
Generating SYNTHETIC demo data (offline) for TX06316 at (31.9677, -96.0932).
[2026-08-11 13:21:26] Acquired data: 5 candidate stations after region filter; 2 durations.
[2026-08-11 13:21:26] --- Duration 24h ---
Demo data written for 17 stations to ./data/synthetic/TX06316 (SYNTHETIC — not real observations).
[2026-08-11 13:21:28] === DALE HOLLOW DAM : 2026-08-11T13:21:28 ===
GHCN: 5 stations acquired (cache data/raw/ghcn/by_station).
[2026-08-11 13:21:30] Acquired data: 16 candidate stations after region filter; 2 durations.
[2026-08-11 13:21:30] --- Duration 24h ---
[2026-08-11 13:21:30] OK  - no NA/Inf in at-site L-moments
[2026-08-11 13:21:30] Computed at-site L-moments for 15 stations.
[2026-08-11 13:21:30] Discordancy screening: Dcrit=3.000, removed 0 of 15 sites.
[2026-08-11 13:21:30] OK  - at least 5 stations remain after discordancy screening
[2026-08-11 13:21:30] Homogeneity iter 0: n=15, H1=0.065
[2026-08-11 13:21:30] OK  - heterogeneity H1 computed and finite
[2026-08-11 13:21:30] Final region: n=15, H1=0.015 (homogeneous)
[2026-08-11 13:21:30] OK  - goodness-of-fit Z reported for every candidate distribution
[2026-08-11 13:21:30] Distribution [24h]: GNO via auto (|Z|=0.360).
[2026-08-11 13:21:30] OK  - regional growth curve q(F) is monotone non-decreasing
[2026-08-11 13:21:30] OK  - growth factors are all positive
[2026-08-11 13:21:30] OK  - quantile depths are all positive
[2026-08-11 13:21:30] Estimation: GNO fitted; index flood = 49.92 mm; q(1e-4/AEP)=3.051.
[2026-08-11 13:21:30] Acquired data: 5 candidate stations after region filter; 2 durations.
[2026-08-11 13:21:30] --- Duration 24h ---
[2026-08-11 13:21:31] Uncertainty: 500-rep bootstrap; 10,000-yr rel-RMSE=0.068, 90% band [134.3, 166.8] mm.
[2026-08-11 13:21:31] Plots written for 24h: ratio diagram, growth-curve fit, DDF.
[2026-08-11 13:21:31] OK  - station counts reconcile (candidates 17 = used 15 + removed 2)
[2026-08-11 13:21:31] --- Duration 72h ---
[2026-08-11 13:21:31] OK  - no NA/Inf in at-site L-moments
[2026-08-11 13:21:31] Computed at-site L-moments for 15 stations.
[2026-08-11 13:21:31] Discordancy screening: Dcrit=3.000, removed 0 of 15 sites.
[2026-08-11 13:21:31] OK  - at least 5 stations remain after discordancy screening
[2026-08-11 13:21:31] Homogeneity iter 0: n=15, H1=-0.277
[2026-08-11 13:21:31] OK  - heterogeneity H1 computed and finite
[2026-08-11 13:21:31] Final region: n=15, H1=-0.310 (homogeneous)
[2026-08-11 13:21:31] OK  - goodness-of-fit Z reported for every candidate distribution
[2026-08-11 13:21:31] Distribution [72h]: PE3 via auto (|Z|=0.236).
[2026-08-11 13:21:31] OK  - regional growth curve q(F) is monotone non-decreasing
[2026-08-11 13:21:31] OK  - growth factors are all positive
[2026-08-11 13:21:31] OK  - quantile depths are all positive
[2026-08-11 13:21:31] Estimation: PE3 fitted; index flood = 55.29 mm; q(1e-4/AEP)=2.606.
[2026-08-11 13:21:32] === CHEROKEE : 2026-08-11T13:21:32 ===
[2026-08-11 13:21:32] Acquired data: 16 candidate stations after region filter; 2 durations.
[2026-08-11 13:21:32] --- Duration 24h ---
[2026-08-11 13:21:32] OK  - no NA/Inf in at-site L-moments
[2026-08-11 13:21:32] Computed at-site L-moments for 15 stations.
[2026-08-11 13:21:32] Discordancy screening: Dcrit=3.000, removed 0 of 15 sites.
[2026-08-11 13:21:32] OK  - at least 5 stations remain after discordancy screening
[2026-08-11 13:21:32] Homogeneity iter 0: n=15, H1=0.065
[2026-08-11 13:21:32] OK  - heterogeneity H1 computed and finite
[2026-08-11 13:21:32] Final region: n=15, H1=0.015 (homogeneous)
[2026-08-11 13:21:32] OK  - goodness-of-fit Z reported for every candidate distribution
[2026-08-11 13:21:32] Distribution [24h]: GNO via auto (|Z|=0.360).
[2026-08-11 13:21:32] OK  - regional growth curve q(F) is monotone non-decreasing
[2026-08-11 13:21:32] OK  - growth factors are all positive
[2026-08-11 13:21:32] OK  - quantile depths are all positive
[2026-08-11 13:21:32] Estimation: GNO fitted; index flood = 49.92 mm; q(1e-4/AEP)=3.051.
[2026-08-11 13:21:32] Uncertainty: 500-rep bootstrap; 10,000-yr rel-RMSE=0.042, 90% band [133.3, 152.9] mm.
[2026-08-11 13:21:32] Plots written for 72h: ratio diagram, growth-curve fit, DDF.
[2026-08-11 13:21:32] OK  - station counts reconcile (candidates 17 = used 15 + removed 2)
[2026-08-11 13:21:33] Uncertainty: 500-rep bootstrap; 10,000-yr rel-RMSE=0.068, 90% band [134.3, 166.8] mm.
[2026-08-11 13:21:33] Plots written for 24h: ratio diagram, growth-curve fit, DDF.
[2026-08-11 13:21:33] OK  - station counts reconcile (candidates 17 = used 15 + removed 2)
[2026-08-11 13:21:33] --- Duration 72h ---
[2026-08-11 13:21:33] OK  - no NA/Inf in at-site L-moments
[2026-08-11 13:21:33] Computed at-site L-moments for 15 stations.
[2026-08-11 13:21:33] Discordancy screening: Dcrit=3.000, removed 0 of 15 sites.
[2026-08-11 13:21:33] OK  - at least 5 stations remain after discordancy screening
[2026-08-11 13:21:33] Homogeneity iter 0: n=15, H1=-0.277
[2026-08-11 13:21:33] OK  - heterogeneity H1 computed and finite
[2026-08-11 13:21:33] Final region: n=15, H1=-0.310 (homogeneous)
[2026-08-11 13:21:33] OK  - goodness-of-fit Z reported for every candidate distribution
[2026-08-11 13:21:33] Distribution [72h]: PE3 via auto (|Z|=0.236).
[2026-08-11 13:21:33] OK  - regional growth curve q(F) is monotone non-decreasing
[2026-08-11 13:21:33] OK  - growth factors are all positive
[2026-08-11 13:21:33] OK  - quantile depths are all positive
[2026-08-11 13:21:33] Estimation: PE3 fitted; index flood = 55.29 mm; q(1e-4/AEP)=2.606.
[2026-08-11 13:21:33] Region map written: ./outputs/figures/TX00008_region_map.png
[2026-08-11 13:21:33] Wrote 14 deliverable tables to ./outputs/tables.
[2026-08-11 13:21:33] Audit report written: ./outputs/report_TX00008.html

DONE. Headline results:
              site duration return_period_yr   AEP depth_mm depth_lo_mm
6  LEWISVILLE LAKE      24h              100 1e-02    95.66       90.65
9  LEWISVILLE LAKE      24h             1000 1e-03   123.07      112.38
12 LEWISVILLE LAKE      24h            10000 1e-04   152.30      134.29
18 LEWISVILLE LAKE      72h              100 1e-02   100.75       96.70
21 LEWISVILLE LAKE      72h             1000 1e-03   123.07      115.82
24 LEWISVILLE LAKE      72h            10000 1e-04   144.07      133.33
   depth_hi_mm rel_rmse
6        99.60    0.029
9       131.63    0.049
12      166.76    0.068
18      104.09    0.023
21      129.14    0.034
24      152.85    0.042

Report: ./outputs/report_TX00008.html
GHCN: 60 stations acquired (cache data/raw/ghcn/by_station).
[2026-08-11 13:21:34] Uncertainty: 500-rep bootstrap; 10,000-yr rel-RMSE=0.042, 90% band [133.3, 152.9] mm.
[2026-08-11 13:21:34] Plots written for 72h: ratio diagram, growth-curve fit, DDF.
[2026-08-11 13:21:34] OK  - station counts reconcile (candidates 17 = used 15 + removed 2)
[2026-08-11 13:21:35] === STOCKTON DAM : 2026-08-11T13:21:35 ===
GHCN download unavailable; falling back to SYNTHETIC demo data.
Generating SYNTHETIC demo data (offline) for MO30200 at (37.6916, -93.7583).
[2026-08-11 13:21:35] Region map written: ./outputs/figures/TX06316_region_map.png
[2026-08-11 13:21:35] Wrote 14 deliverable tables to ./outputs/tables.
[2026-08-11 13:21:35] Audit report written: ./outputs/report_TX06316.html

DONE. Headline results:
                 site duration return_period_yr   AEP depth_mm depth_lo_mm
6  RICHLAND CREEK DAM      24h              100 1e-02    95.66       90.65
9  RICHLAND CREEK DAM      24h             1000 1e-03   123.07      112.38
12 RICHLAND CREEK DAM      24h            10000 1e-04   152.30      134.29
18 RICHLAND CREEK DAM      72h              100 1e-02   100.75       96.70
21 RICHLAND CREEK DAM      72h             1000 1e-03   123.07      115.82
24 RICHLAND CREEK DAM      72h            10000 1e-04   144.07      133.33
   depth_hi_mm rel_rmse
6        99.60    0.029
9       131.63    0.049
12      166.76    0.068
18      104.09    0.023
21      129.14    0.034
24      152.85    0.042

Report: ./outputs/report_TX06316.html
Demo data written for 17 stations to ./data/synthetic/MO30200 (SYNTHETIC — not real observations).
[2026-08-11 13:21:36] === KEYSTONE LAKE : 2026-08-11T13:21:36 ===
GHCN download unavailable; falling back to SYNTHETIC demo data.
Generating SYNTHETIC demo data (offline) for OK10309 at (36.15, -96.2533).
Demo data written for 17 stations to ./data/synthetic/OK10309 (SYNTHETIC — not real observations).
[2026-08-11 13:21:40] Acquired data: 16 candidate stations after region filter; 2 durations.
[2026-08-11 13:21:40] --- Duration 24h ---
[2026-08-11 13:21:40] OK  - no NA/Inf in at-site L-moments
[2026-08-11 13:21:40] Computed at-site L-moments for 15 stations.
[2026-08-11 13:21:40] Discordancy screening: Dcrit=3.000, removed 0 of 15 sites.
[2026-08-11 13:21:40] OK  - at least 5 stations remain after discordancy screening
[2026-08-11 13:21:40] Homogeneity iter 0: n=15, H1=0.065
[2026-08-11 13:21:40] OK  - heterogeneity H1 computed and finite
[2026-08-11 13:21:40] Final region: n=15, H1=0.015 (homogeneous)
[2026-08-11 13:21:40] OK  - goodness-of-fit Z reported for every candidate distribution
[2026-08-11 13:21:40] Distribution [24h]: GNO via auto (|Z|=0.360).
[2026-08-11 13:21:40] OK  - regional growth curve q(F) is monotone non-decreasing
[2026-08-11 13:21:40] OK  - growth factors are all positive
[2026-08-11 13:21:40] OK  - quantile depths are all positive
[2026-08-11 13:21:40] Estimation: GNO fitted; index flood = 49.92 mm; q(1e-4/AEP)=3.051.
[2026-08-11 13:21:41] Uncertainty: 500-rep bootstrap; 10,000-yr rel-RMSE=0.068, 90% band [134.3, 166.8] mm.
[2026-08-11 13:21:41] Plots written for 24h: ratio diagram, growth-curve fit, DDF.
[2026-08-11 13:21:41] OK  - station counts reconcile (candidates 17 = used 15 + removed 2)
[2026-08-11 13:21:41] --- Duration 72h ---
[2026-08-11 13:21:41] OK  - no NA/Inf in at-site L-moments
[2026-08-11 13:21:41] Computed at-site L-moments for 15 stations.
[2026-08-11 13:21:41] Discordancy screening: Dcrit=3.000, removed 0 of 15 sites.
[2026-08-11 13:21:41] OK  - at least 5 stations remain after discordancy screening
[2026-08-11 13:21:41] Homogeneity iter 0: n=15, H1=-0.277
[2026-08-11 13:21:41] OK  - heterogeneity H1 computed and finite
[2026-08-11 13:21:41] Final region: n=15, H1=-0.310 (homogeneous)
[2026-08-11 13:21:41] OK  - goodness-of-fit Z reported for every candidate distribution
[2026-08-11 13:21:41] Distribution [72h]: PE3 via auto (|Z|=0.236).
[2026-08-11 13:21:41] OK  - regional growth curve q(F) is monotone non-decreasing
[2026-08-11 13:21:41] OK  - growth factors are all positive
[2026-08-11 13:21:41] OK  - quantile depths are all positive
[2026-08-11 13:21:41] Estimation: PE3 fitted; index flood = 55.29 mm; q(1e-4/AEP)=2.606.
[2026-08-11 13:21:42] Acquired data: 16 candidate stations after region filter; 2 durations.
[2026-08-11 13:21:42] --- Duration 24h ---
[2026-08-11 13:21:42] OK  - no NA/Inf in at-site L-moments
[2026-08-11 13:21:42] Computed at-site L-moments for 15 stations.
[2026-08-11 13:21:42] Discordancy screening: Dcrit=3.000, removed 0 of 15 sites.
[2026-08-11 13:21:42] OK  - at least 5 stations remain after discordancy screening
[2026-08-11 13:21:42] Homogeneity iter 0: n=15, H1=0.065
[2026-08-11 13:21:42] OK  - heterogeneity H1 computed and finite
[2026-08-11 13:21:42] Final region: n=15, H1=0.015 (homogeneous)
[2026-08-11 13:21:42] OK  - goodness-of-fit Z reported for every candidate distribution
[2026-08-11 13:21:42] Distribution [24h]: GNO via auto (|Z|=0.360).
[2026-08-11 13:21:42] OK  - regional growth curve q(F) is monotone non-decreasing
[2026-08-11 13:21:42] OK  - growth factors are all positive
[2026-08-11 13:21:42] OK  - quantile depths are all positive
[2026-08-11 13:21:42] Estimation: GNO fitted; index flood = 49.92 mm; q(1e-4/AEP)=3.051.
[2026-08-11 13:21:42] Uncertainty: 500-rep bootstrap; 10,000-yr rel-RMSE=0.042, 90% band [133.3, 152.9] mm.
GHCN: 60 stations acquired (cache data/raw/ghcn/by_station).
[2026-08-11 13:21:42] Uncertainty: 500-rep bootstrap; 10,000-yr rel-RMSE=0.068, 90% band [134.3, 166.8] mm.
[2026-08-11 13:21:43] Plots written for 72h: ratio diagram, growth-curve fit, DDF.
[2026-08-11 13:21:43] OK  - station counts reconcile (candidates 17 = used 15 + removed 2)
[2026-08-11 13:21:43] Plots written for 24h: ratio diagram, growth-curve fit, DDF.
[2026-08-11 13:21:43] OK  - station counts reconcile (candidates 17 = used 15 + removed 2)
[2026-08-11 13:21:43] --- Duration 72h ---
[2026-08-11 13:21:43] OK  - no NA/Inf in at-site L-moments
[2026-08-11 13:21:43] Computed at-site L-moments for 15 stations.
[2026-08-11 13:21:43] Discordancy screening: Dcrit=3.000, removed 0 of 15 sites.
[2026-08-11 13:21:43] OK  - at least 5 stations remain after discordancy screening
[2026-08-11 13:21:43] Homogeneity iter 0: n=15, H1=-0.277
[2026-08-11 13:21:43] OK  - heterogeneity H1 computed and finite
[2026-08-11 13:21:43] Final region: n=15, H1=-0.310 (homogeneous)
[2026-08-11 13:21:43] OK  - goodness-of-fit Z reported for every candidate distribution
[2026-08-11 13:21:43] Distribution [72h]: PE3 via auto (|Z|=0.236).
[2026-08-11 13:21:43] OK  - regional growth curve q(F) is monotone non-decreasing
[2026-08-11 13:21:43] OK  - growth factors are all positive
[2026-08-11 13:21:43] OK  - quantile depths are all positive
[2026-08-11 13:21:43] Estimation: PE3 fitted; index flood = 55.29 mm; q(1e-4/AEP)=2.606.
[2026-08-11 13:21:44] Region map written: ./outputs/figures/MO30200_region_map.png
[2026-08-11 13:21:44] Wrote 14 deliverable tables to ./outputs/tables.
[2026-08-11 13:21:44] Audit report written: ./outputs/report_MO30200.html

DONE. Headline results:
           site duration return_period_yr   AEP depth_mm depth_lo_mm
6  STOCKTON DAM      24h              100 1e-02    95.66       90.65
9  STOCKTON DAM      24h             1000 1e-03   123.07      112.38
12 STOCKTON DAM      24h            10000 1e-04   152.30      134.29
18 STOCKTON DAM      72h              100 1e-02   100.75       96.70
21 STOCKTON DAM      72h             1000 1e-03   123.07      115.82
24 STOCKTON DAM      72h            10000 1e-04   144.07      133.33
   depth_hi_mm rel_rmse
6        99.60    0.029
9       131.63    0.049
12      166.76    0.068
18      104.09    0.023
21      129.14    0.034
24      152.85    0.042

Report: ./outputs/report_MO30200.html
[2026-08-11 13:21:44] Uncertainty: 500-rep bootstrap; 10,000-yr rel-RMSE=0.042, 90% band [133.3, 152.9] mm.
[2026-08-11 13:21:44] Plots written for 72h: ratio diagram, growth-curve fit, DDF.
[2026-08-11 13:21:44] OK  - station counts reconcile (candidates 17 = used 15 + removed 2)
[2026-08-11 13:21:45] === AMERICAN FALLS : 2026-08-11T13:21:45 ===
[2026-08-11 13:21:45] Region map written: ./outputs/figures/OK10309_region_map.png
[2026-08-11 13:21:45] Wrote 14 deliverable tables to ./outputs/tables.
[2026-08-11 13:21:45] Audit report written: ./outputs/report_OK10309.html

DONE. Headline results:
            site duration return_period_yr   AEP depth_mm depth_lo_mm
6  KEYSTONE LAKE      24h              100 1e-02    95.66       90.65
9  KEYSTONE LAKE      24h             1000 1e-03   123.07      112.38
12 KEYSTONE LAKE      24h            10000 1e-04   152.30      134.29
18 KEYSTONE LAKE      72h              100 1e-02   100.75       96.70
21 KEYSTONE LAKE      72h             1000 1e-03   123.07      115.82
24 KEYSTONE LAKE      72h            10000 1e-04   144.07      133.33
   depth_hi_mm rel_rmse
6        99.60    0.029
9       131.63    0.049
12      166.76    0.068
18      104.09    0.023
21      129.14    0.034
24      152.85    0.042

Report: ./outputs/report_OK10309.html
[2026-08-11 13:21:47] === LEWIS SMITH : 2026-08-11T13:21:47 ===
GHCN download unavailable; falling back to SYNTHETIC demo data.
Generating SYNTHETIC demo data (offline) for AL01420 at (33.9417, -87.1083).
Demo data written for 17 stations to ./data/synthetic/AL01420 (SYNTHETIC — not real observations).
GHCN: 60 stations acquired (cache data/raw/ghcn/by_station).
[2026-08-11 13:21:52] Acquired data: 16 candidate stations after region filter; 2 durations.
[2026-08-11 13:21:52] --- Duration 24h ---
[2026-08-11 13:21:52] OK  - no NA/Inf in at-site L-moments
[2026-08-11 13:21:52] Computed at-site L-moments for 15 stations.
[2026-08-11 13:21:52] Discordancy screening: Dcrit=3.000, removed 0 of 15 sites.
[2026-08-11 13:21:52] OK  - at least 5 stations remain after discordancy screening
[2026-08-11 13:21:52] Homogeneity iter 0: n=15, H1=0.065
[2026-08-11 13:21:52] OK  - heterogeneity H1 computed and finite
[2026-08-11 13:21:52] Final region: n=15, H1=0.015 (homogeneous)
[2026-08-11 13:21:52] OK  - goodness-of-fit Z reported for every candidate distribution
[2026-08-11 13:21:52] Distribution [24h]: GNO via auto (|Z|=0.360).
[2026-08-11 13:21:52] OK  - regional growth curve q(F) is monotone non-decreasing
[2026-08-11 13:21:52] OK  - growth factors are all positive
[2026-08-11 13:21:52] OK  - quantile depths are all positive
[2026-08-11 13:21:52] Estimation: GNO fitted; index flood = 49.92 mm; q(1e-4/AEP)=3.051.
[2026-08-11 13:21:53] Uncertainty: 500-rep bootstrap; 10,000-yr rel-RMSE=0.068, 90% band [134.3, 166.8] mm.
[2026-08-11 13:21:53] Plots written for 24h: ratio diagram, growth-curve fit, DDF.
[2026-08-11 13:21:53] OK  - station counts reconcile (candidates 17 = used 15 + removed 2)
[2026-08-11 13:21:53] --- Duration 72h ---
[2026-08-11 13:21:53] OK  - no NA/Inf in at-site L-moments
[2026-08-11 13:21:53] Computed at-site L-moments for 15 stations.
[2026-08-11 13:21:53] Discordancy screening: Dcrit=3.000, removed 0 of 15 sites.
[2026-08-11 13:21:53] OK  - at least 5 stations remain after discordancy screening
[2026-08-11 13:21:53] Homogeneity iter 0: n=15, H1=-0.277
[2026-08-11 13:21:53] OK  - heterogeneity H1 computed and finite
[2026-08-11 13:21:53] Final region: n=15, H1=-0.310 (homogeneous)
[2026-08-11 13:21:53] OK  - goodness-of-fit Z reported for every candidate distribution
[2026-08-11 13:21:53] Distribution [72h]: PE3 via auto (|Z|=0.236).
[2026-08-11 13:21:53] OK  - regional growth curve q(F) is monotone non-decreasing
[2026-08-11 13:21:53] OK  - growth factors are all positive
[2026-08-11 13:21:53] OK  - quantile depths are all positive
[2026-08-11 13:21:53] Estimation: PE3 fitted; index flood = 55.29 mm; q(1e-4/AEP)=2.606.
[2026-08-11 13:21:54] Uncertainty: 500-rep bootstrap; 10,000-yr rel-RMSE=0.042, 90% band [133.3, 152.9] mm.
[2026-08-11 13:21:54] Plots written for 72h: ratio diagram, growth-curve fit, DDF.
[2026-08-11 13:21:54] OK  - station counts reconcile (candidates 17 = used 15 + removed 2)
[2026-08-11 13:21:55] Acquired data: 60 candidate stations after region filter; 2 durations.
[2026-08-11 13:21:55] --- Duration 24h ---
[2026-08-11 13:21:55] OK  - no NA/Inf in at-site L-moments
[2026-08-11 13:21:55] Computed at-site L-moments for 47 stations.
[2026-08-11 13:21:55] Discordancy screening: Dcrit=3.000, removed 2 of 47 sites.
[2026-08-11 13:21:55] OK  - at least 5 stations remain after discordancy screening
[2026-08-11 13:21:55] Homogeneity iter 0: n=45, H1=2.299
[2026-08-11 13:21:56] Region map written: ./outputs/figures/AL01420_region_map.png
[2026-08-11 13:21:56] Wrote 14 deliverable tables to ./outputs/tables.
[2026-08-11 13:21:56] Audit report written: ./outputs/report_AL01420.html

DONE. Headline results:
          site duration return_period_yr   AEP depth_mm depth_lo_mm depth_hi_mm
6  LEWIS SMITH      24h              100 1e-02    95.66       90.65       99.60
9  LEWIS SMITH      24h             1000 1e-03   123.07      112.38      131.63
12 LEWIS SMITH      24h            10000 1e-04   152.30      134.29      166.76
18 LEWIS SMITH      72h              100 1e-02   100.75       96.70      104.09
21 LEWIS SMITH      72h             1000 1e-03   123.07      115.82      129.14
24 LEWIS SMITH      72h            10000 1e-04   144.07      133.33      152.85
   rel_rmse
6     0.029
9     0.049
12    0.068
18    0.023
21    0.034
24    0.042

Report: ./outputs/report_AL01420.html
[2026-08-11 13:21:57] === IRON BRIDGE DAM : 2026-08-11T13:21:57 ===
[2026-08-11 13:21:57]   drop 'USC00240755' -> H1 1.582 (was 2.299)
[2026-08-11 13:21:57] Homogeneity iter 1: n=44, H1=1.582
GHCN download unavailable; falling back to SYNTHETIC demo data.
Generating SYNTHETIC demo data (offline) for TX00491 at (32.8082, -95.9204).
Demo data written for 17 stations to ./data/synthetic/TX00491 (SYNTHETIC — not real observations).
[2026-08-11 13:21:59]   drop 'USS0013C01S' -> H1 1.154 (was 1.582)
[2026-08-11 13:21:59] Homogeneity iter 2: n=43, H1=1.154
[2026-08-11 13:22:01]   drop 'USC00247286' -> H1 0.715 (was 1.154)
[2026-08-11 13:22:01] Homogeneity iter 3: n=42, H1=0.715
[2026-08-11 13:22:01] OK  - heterogeneity H1 computed and finite
[2026-08-11 13:22:01] Final region: n=42, H1=0.575 (homogeneous)
[2026-08-11 13:22:01] OK  - goodness-of-fit Z reported for every candidate distribution
[2026-08-11 13:22:01] Distribution [24h]: GEV via auto (|Z|=1.768 - NOTE |Z|>1.64).
[2026-08-11 13:22:01] OK  - regional growth curve q(F) is monotone non-decreasing
[2026-08-11 13:22:01] OK  - growth factors are all positive
[2026-08-11 13:22:01] OK  - quantile depths are all positive
[2026-08-11 13:22:01] Estimation: GEV fitted; index flood = 39.97 mm; q(1e-4/AEP)=3.421.
[2026-08-11 13:22:02] Uncertainty: 500-rep bootstrap; 10,000-yr rel-RMSE=0.055, 90% band [123.5, 147.9] mm.
[2026-08-11 13:22:03] Plots written for 24h: ratio diagram, growth-curve fit, DDF.
[2026-08-11 13:22:03] OK  - station counts reconcile (candidates 60 = used 42 + removed 18)
[2026-08-11 13:22:03] --- Duration 72h ---
[2026-08-11 13:22:03] OK  - no NA/Inf in at-site L-moments
[2026-08-11 13:22:03] Computed at-site L-moments for 47 stations.
[2026-08-11 13:22:03] Discordancy screening: Dcrit=3.000, removed 3 of 47 sites.
[2026-08-11 13:22:03] OK  - at least 5 stations remain after discordancy screening
[2026-08-11 13:22:03] Homogeneity iter 0: n=44, H1=1.607
[2026-08-11 13:22:03] Acquired data: 16 candidate stations after region filter; 2 durations.
[2026-08-11 13:22:03] --- Duration 24h ---
[2026-08-11 13:22:03] OK  - no NA/Inf in at-site L-moments
[2026-08-11 13:22:03] Computed at-site L-moments for 15 stations.
[2026-08-11 13:22:03] Discordancy screening: Dcrit=3.000, removed 0 of 15 sites.
[2026-08-11 13:22:03] OK  - at least 5 stations remain after discordancy screening
[2026-08-11 13:22:03] Homogeneity iter 0: n=15, H1=0.065
[2026-08-11 13:22:03] OK  - heterogeneity H1 computed and finite
[2026-08-11 13:22:03] Final region: n=15, H1=0.015 (homogeneous)
[2026-08-11 13:22:03] OK  - goodness-of-fit Z reported for every candidate distribution
[2026-08-11 13:22:04] Distribution [24h]: GNO via auto (|Z|=0.360).
[2026-08-11 13:22:04] OK  - regional growth curve q(F) is monotone non-decreasing
[2026-08-11 13:22:04] OK  - growth factors are all positive
[2026-08-11 13:22:04] OK  - quantile depths are all positive
[2026-08-11 13:22:04] Estimation: GNO fitted; index flood = 49.92 mm; q(1e-4/AEP)=3.051.
[2026-08-11 13:22:04] Acquired data: 60 candidate stations after region filter; 2 durations.
[2026-08-11 13:22:04] --- Duration 24h ---
[2026-08-11 13:22:04] OK  - no NA/Inf in at-site L-moments
[2026-08-11 13:22:04] Computed at-site L-moments for 40 stations.
[2026-08-11 13:22:04] Discordancy screening: Dcrit=3.000, removed 2 of 40 sites.
[2026-08-11 13:22:04] OK  - at least 5 stations remain after discordancy screening
[2026-08-11 13:22:05] Homogeneity iter 0: n=38, H1=2.170
[2026-08-11 13:22:05] Uncertainty: 500-rep bootstrap; 10,000-yr rel-RMSE=0.068, 90% band [134.3, 166.8] mm.
[2026-08-11 13:22:05] Plots written for 24h: ratio diagram, growth-curve fit, DDF.
[2026-08-11 13:22:05] OK  - station counts reconcile (candidates 17 = used 15 + removed 2)
[2026-08-11 13:22:05] --- Duration 72h ---
[2026-08-11 13:22:05] OK  - no NA/Inf in at-site L-moments
[2026-08-11 13:22:05] Computed at-site L-moments for 15 stations.
[2026-08-11 13:22:05] Discordancy screening: Dcrit=3.000, removed 0 of 15 sites.
[2026-08-11 13:22:05] OK  - at least 5 stations remain after discordancy screening
[2026-08-11 13:22:05] Homogeneity iter 0: n=15, H1=-0.277
[2026-08-11 13:22:05] OK  - heterogeneity H1 computed and finite
[2026-08-11 13:22:05] Final region: n=15, H1=-0.310 (homogeneous)
[2026-08-11 13:22:05] OK  - goodness-of-fit Z reported for every candidate distribution
[2026-08-11 13:22:05] Distribution [72h]: PE3 via auto (|Z|=0.236).
[2026-08-11 13:22:05] OK  - regional growth curve q(F) is monotone non-decreasing
[2026-08-11 13:22:05] OK  - growth factors are all positive
[2026-08-11 13:22:05] OK  - quantile depths are all positive
[2026-08-11 13:22:05] Estimation: PE3 fitted; index flood = 55.29 mm; q(1e-4/AEP)=2.606.
[2026-08-11 13:22:05]   drop 'USC00247286' -> H1 0.916 (was 1.607)
[2026-08-11 13:22:05] Homogeneity iter 1: n=43, H1=0.916
[2026-08-11 13:22:05] OK  - heterogeneity H1 computed and finite
[2026-08-11 13:22:05] Final region: n=43, H1=0.808 (homogeneous)
[2026-08-11 13:22:05] OK  - goodness-of-fit Z reported for every candidate distribution
[2026-08-11 13:22:05] Distribution [72h]: GEV via auto (|Z|=0.344).
[2026-08-11 13:22:05] OK  - regional growth curve q(F) is monotone non-decreasing
[2026-08-11 13:22:05] OK  - growth factors are all positive
[2026-08-11 13:22:05] OK  - quantile depths are all positive
[2026-08-11 13:22:05] Estimation: GEV fitted; index flood = 57.49 mm; q(1e-4/AEP)=3.495.
[2026-08-11 13:22:06]   drop 'USC00310843' -> H1 1.303 (was 2.170)
[2026-08-11 13:22:06] Homogeneity iter 1: n=37, H1=1.303
[2026-08-11 13:22:06] Uncertainty: 500-rep bootstrap; 10,000-yr rel-RMSE=0.042, 90% band [133.3, 152.9] mm.
[2026-08-11 13:22:06] Plots written for 72h: ratio diagram, growth-curve fit, DDF.
[2026-08-11 13:22:06] OK  - station counts reconcile (candidates 17 = used 15 + removed 2)
[2026-08-11 13:22:07] Uncertainty: 500-rep bootstrap; 10,000-yr rel-RMSE=0.055, 90% band [180.8, 214.9] mm.
[2026-08-11 13:22:07] Plots written for 72h: ratio diagram, growth-curve fit, DDF.
[2026-08-11 13:22:07] OK  - station counts reconcile (candidates 60 = used 43 + removed 17)
[2026-08-11 13:22:07]   drop 'US1NCYN0004' -> H1 0.738 (was 1.303)
[2026-08-11 13:22:07] Homogeneity iter 2: n=36, H1=0.738
[2026-08-11 13:22:08] OK  - heterogeneity H1 computed and finite
[2026-08-11 13:22:08] Final region: n=36, H1=0.724 (homogeneous)
[2026-08-11 13:22:08] OK  - goodness-of-fit Z reported for every candidate distribution
[2026-08-11 13:22:08] Distribution [24h]: GEV via auto (|Z|=0.893).
[2026-08-11 13:22:08] OK  - regional growth curve q(F) is monotone non-decreasing
[2026-08-11 13:22:08] OK  - growth factors are all positive
[2026-08-11 13:22:08] OK  - quantile depths are all positive
[2026-08-11 13:22:08] Estimation: GEV fitted; index flood = 91.41 mm; q(1e-4/AEP)=3.756.
[2026-08-11 13:22:08] Region map written: ./outputs/figures/TX00491_region_map.png
[2026-08-11 13:22:08] Wrote 14 deliverable tables to ./outputs/tables.
[2026-08-11 13:22:08] Audit report written: ./outputs/report_TX00491.html

DONE. Headline results:
              site duration return_period_yr   AEP depth_mm depth_lo_mm
6  IRON BRIDGE DAM      24h              100 1e-02    95.66       90.65
9  IRON BRIDGE DAM      24h             1000 1e-03   123.07      112.38
12 IRON BRIDGE DAM      24h            10000 1e-04   152.30      134.29
18 IRON BRIDGE DAM      72h              100 1e-02   100.75       96.70
21 IRON BRIDGE DAM      72h             1000 1e-03   123.07      115.82
24 IRON BRIDGE DAM      72h            10000 1e-04   144.07      133.33
   depth_hi_mm rel_rmse
6        99.60    0.029
9       131.63    0.049
12      166.76    0.068
18      104.09    0.023
21      129.14    0.034
24      152.85    0.042

Report: ./outputs/report_TX00491.html
[2026-08-11 13:22:09] Region map written: ./outputs/figures/MT00226_region_map.png
[2026-08-11 13:22:09] Wrote 14 deliverable tables to ./outputs/tables.
[2026-08-11 13:22:10] Audit report written: ./outputs/report_MT00226.html

DONE. Headline results:
   site duration return_period_yr   AEP depth_mm depth_lo_mm depth_hi_mm
6  KERR      24h              100 1e-02    83.00       80.08       85.23
9  KERR      24h             1000 1e-03   109.31      102.08      114.96
12 KERR      24h            10000 1e-04   136.75      123.53      147.90
18 KERR      72h              100 1e-02   118.99      114.82      121.71
21 KERR      72h             1000 1e-03   158.42      147.73      165.47
24 KERR      72h            10000 1e-04   200.92      180.77      214.94
   rel_rmse
6     0.020
9     0.037
12    0.055
18    0.019
21    0.036
24    0.055

Report: ./outputs/report_MT00226.html
[2026-08-11 13:22:10] Uncertainty: 500-rep bootstrap; 10,000-yr rel-RMSE=0.065, 90% band [304.1, 373.0] mm.
[2026-08-11 13:22:10] Plots written for 24h: ratio diagram, growth-curve fit, DDF.
[2026-08-11 13:22:10] OK  - station counts reconcile (candidates 60 = used 36 + removed 24)
[2026-08-11 13:22:10] --- Duration 72h ---
[2026-08-11 13:22:10] OK  - no NA/Inf in at-site L-moments
[2026-08-11 13:22:10] Computed at-site L-moments for 40 stations.
[2026-08-11 13:22:10] Discordancy screening: Dcrit=3.000, removed 1 of 40 sites.
[2026-08-11 13:22:10] OK  - at least 5 stations remain after discordancy screening
[2026-08-11 13:22:10] Homogeneity iter 0: n=39, H1=4.491
[2026-08-11 13:22:12]   drop 'USC00311564' -> H1 4.222 (was 4.491)
[2026-08-11 13:22:12] Homogeneity iter 1: n=38, H1=4.222
[2026-08-11 13:22:14] === B. EVERETT JORDAN DAM : 2026-08-11T13:22:14 ===
[2026-08-11 13:22:14]   drop 'USC00310843' -> H1 4.050 (was 4.222)
[2026-08-11 13:22:14] Homogeneity iter 2: n=37, H1=4.050
[2026-08-11 13:22:14] === DOUGLAS : 2026-08-11T13:22:14 ===
[2026-08-11 13:22:15]   drop 'USW00053878' -> H1 3.841 (was 4.050)
[2026-08-11 13:22:15] Homogeneity iter 3: n=36, H1=3.841
GHCN: 1 stations acquired (cache data/raw/ghcn/by_station).
[2026-08-11 13:22:17]   drop 'US1NCYN0004' -> H1 3.282 (was 3.841)
[2026-08-11 13:22:17] Homogeneity iter 4: n=35, H1=3.282
[2026-08-11 13:22:17] Acquired data: 1 candidate stations after region filter; 2 durations.
[2026-08-11 13:22:17] --- Duration 24h ---
[2026-08-11 13:22:18]   drop 'USC00312102' -> H1 2.999 (was 3.282)
[2026-08-11 13:22:18] Homogeneity iter 5: n=34, H1=2.999
[2026-08-11 13:22:19]   drop 'USC00312837' -> H1 2.529 (was 2.999)
[2026-08-11 13:22:19] Homogeneity iter 6: n=33, H1=2.529
[2026-08-11 13:22:20] === MARTIN : 2026-08-11T13:22:20 ===
[2026-08-11 13:22:20]   drop 'USC00449215' -> H1 2.081 (was 2.529)
[2026-08-11 13:22:20] Homogeneity iter 7: n=32, H1=2.081
GHCN download unavailable; falling back to SYNTHETIC demo data.
Generating SYNTHETIC demo data (offline) for AL01425 at (32.68, -85.9117).
[2026-08-11 13:22:22]   drop 'USC00311624' -> H1 1.807 (was 2.081)
[2026-08-11 13:22:22] Homogeneity iter 8: n=31, H1=1.807
Demo data written for 17 stations to ./data/synthetic/AL01425 (SYNTHETIC — not real observations).
[2026-08-11 13:22:23]   drop 'US1NCML0002' -> H1 1.343 (was 1.807)
[2026-08-11 13:22:23] Homogeneity iter 9: n=30, H1=1.343
[2026-08-11 13:22:24]   drop 'USW00053877' -> H1 0.938 (was 1.343)
[2026-08-11 13:22:24] Homogeneity iter 10: n=29, H1=0.938
[2026-08-11 13:22:24] OK  - heterogeneity H1 computed and finite
[2026-08-11 13:22:24] Final region: n=29, H1=0.988 (homogeneous)
[2026-08-11 13:22:24] OK  - goodness-of-fit Z reported for every candidate distribution
[2026-08-11 13:22:24] Distribution [72h]: GEV via auto (|Z|=0.944).
[2026-08-11 13:22:24] OK  - regional growth curve q(F) is monotone non-decreasing
[2026-08-11 13:22:24] OK  - growth factors are all positive
[2026-08-11 13:22:24] OK  - quantile depths are all positive
[2026-08-11 13:22:24] Estimation: GEV fitted; index flood = 120.52 mm; q(1e-4/AEP)=3.865.
[2026-08-11 13:22:26] Uncertainty: 500-rep bootstrap; 10,000-yr rel-RMSE=0.074, 90% band [402.0, 508.0] mm.
[2026-08-11 13:22:26] Plots written for 72h: ratio diagram, growth-curve fit, DDF.
[2026-08-11 13:22:26] OK  - station counts reconcile (candidates 60 = used 29 + removed 31)
[2026-08-11 13:22:27] Acquired data: 16 candidate stations after region filter; 2 durations.
[2026-08-11 13:22:27] --- Duration 24h ---
[2026-08-11 13:22:27] OK  - no NA/Inf in at-site L-moments
[2026-08-11 13:22:27] Computed at-site L-moments for 15 stations.
[2026-08-11 13:22:27] Discordancy screening: Dcrit=3.000, removed 0 of 15 sites.
[2026-08-11 13:22:27] OK  - at least 5 stations remain after discordancy screening
[2026-08-11 13:22:27] Homogeneity iter 0: n=15, H1=0.065
[2026-08-11 13:22:27] OK  - heterogeneity H1 computed and finite
[2026-08-11 13:22:27] Final region: n=15, H1=0.015 (homogeneous)
[2026-08-11 13:22:27] OK  - goodness-of-fit Z reported for every candidate distribution
[2026-08-11 13:22:27] Distribution [24h]: GNO via auto (|Z|=0.360).
[2026-08-11 13:22:27] OK  - regional growth curve q(F) is monotone non-decreasing
[2026-08-11 13:22:27] OK  - growth factors are all positive
[2026-08-11 13:22:27] OK  - quantile depths are all positive
[2026-08-11 13:22:27] Estimation: GNO fitted; index flood = 49.92 mm; q(1e-4/AEP)=3.051.
[2026-08-11 13:22:28] Region map written: ./outputs/figures/TN08903_region_map.png
[2026-08-11 13:22:28] Wrote 14 deliverable tables to ./outputs/tables.
[2026-08-11 13:22:28] Audit report written: ./outputs/report_TN08903.html

DONE. Headline results:
       site duration return_period_yr   AEP depth_mm depth_lo_mm depth_hi_mm
6  CHEROKEE      24h              100 1e-02   195.08      187.45      200.75
9  CHEROKEE      24h             1000 1e-03   265.10      244.76      279.63
12 CHEROKEE      24h            10000 1e-04   343.36      304.06      372.97
18 CHEROKEE      72h              100 1e-02   259.34      246.69      267.18
21 CHEROKEE      72h             1000 1e-03   355.80      323.20      377.03
24 CHEROKEE      72h            10000 1e-04   465.80      402.03      508.01
   rel_rmse
6     0.022
9     0.043
12    0.065
18    0.025
21    0.049
24    0.074

Report: ./outputs/report_TN08903.html
[2026-08-11 13:22:28] Acquired data: 60 candidate stations after region filter; 2 durations.
[2026-08-11 13:22:28] --- Duration 24h ---
[2026-08-11 13:22:28] OK  - no NA/Inf in at-site L-moments
[2026-08-11 13:22:28] Computed at-site L-moments for 52 stations.
[2026-08-11 13:22:28] Discordancy screening: Dcrit=3.000, removed 4 of 52 sites.
[2026-08-11 13:22:28] OK  - at least 5 stations remain after discordancy screening
[2026-08-11 13:22:28] Homogeneity iter 0: n=48, H1=0.926
[2026-08-11 13:22:28] Uncertainty: 500-rep bootstrap; 10,000-yr rel-RMSE=0.068, 90% band [134.3, 166.8] mm.
[2026-08-11 13:22:28] OK  - heterogeneity H1 computed and finite
[2026-08-11 13:22:28] Final region: n=48, H1=0.865 (homogeneous)
[2026-08-11 13:22:28] OK  - goodness-of-fit Z reported for every candidate distribution
[2026-08-11 13:22:28] Distribution [24h]: GEV via auto (|Z|=1.539).
[2026-08-11 13:22:28] OK  - regional growth curve q(F) is monotone non-decreasing
[2026-08-11 13:22:28] OK  - growth factors are all positive
[2026-08-11 13:22:28] OK  - quantile depths are all positive
[2026-08-11 13:22:28] Estimation: GEV fitted; index flood = 28.98 mm; q(1e-4/AEP)=3.635.
[2026-08-11 13:22:28] Plots written for 24h: ratio diagram, growth-curve fit, DDF.
[2026-08-11 13:22:28] OK  - station counts reconcile (candidates 17 = used 15 + removed 2)
[2026-08-11 13:22:28] --- Duration 72h ---
[2026-08-11 13:22:28] OK  - no NA/Inf in at-site L-moments
[2026-08-11 13:22:28] Computed at-site L-moments for 15 stations.
[2026-08-11 13:22:28] Discordancy screening: Dcrit=3.000, removed 0 of 15 sites.
[2026-08-11 13:22:28] OK  - at least 5 stations remain after discordancy screening
[2026-08-11 13:22:28] Homogeneity iter 0: n=15, H1=-0.277
[2026-08-11 13:22:28] OK  - heterogeneity H1 computed and finite
[2026-08-11 13:22:28] Final region: n=15, H1=-0.310 (homogeneous)
[2026-08-11 13:22:28] OK  - goodness-of-fit Z reported for every candidate distribution
[2026-08-11 13:22:28] Distribution [72h]: PE3 via auto (|Z|=0.236).
[2026-08-11 13:22:28] OK  - regional growth curve q(F) is monotone non-decreasing
[2026-08-11 13:22:28] OK  - growth factors are all positive
[2026-08-11 13:22:28] OK  - quantile depths are all positive
[2026-08-11 13:22:28] Estimation: PE3 fitted; index flood = 55.29 mm; q(1e-4/AEP)=2.606.
[2026-08-11 13:22:29] === MONTICELLO : 2026-08-11T13:22:29 ===
[2026-08-11 13:22:30] Uncertainty: 500-rep bootstrap; 10,000-yr rel-RMSE=0.051, 90% band [95.9, 112.3] mm.
[2026-08-11 13:22:30] Uncertainty: 500-rep bootstrap; 10,000-yr rel-RMSE=0.042, 90% band [133.3, 152.9] mm.
[2026-08-11 13:22:30] Plots written for 72h: ratio diagram, growth-curve fit, DDF.
[2026-08-11 13:22:30] OK  - station counts reconcile (candidates 17 = used 15 + removed 2)
[2026-08-11 13:22:30] Plots written for 24h: ratio diagram, growth-curve fit, DDF.
[2026-08-11 13:22:30] OK  - station counts reconcile (candidates 60 = used 48 + removed 12)
[2026-08-11 13:22:30] --- Duration 72h ---
[2026-08-11 13:22:30] OK  - no NA/Inf in at-site L-moments
[2026-08-11 13:22:30] Computed at-site L-moments for 52 stations.
[2026-08-11 13:22:30] Discordancy screening: Dcrit=3.000, removed 2 of 52 sites.
[2026-08-11 13:22:30] OK  - at least 5 stations remain after discordancy screening
[2026-08-11 13:22:30] Homogeneity iter 0: n=50, H1=1.021
GHCN: 60 stations acquired (cache data/raw/ghcn/by_station).
[2026-08-11 13:22:31] Region map written: ./outputs/figures/AL01425_region_map.png
[2026-08-11 13:22:31] Wrote 14 deliverable tables to ./outputs/tables.
[2026-08-11 13:22:31] Audit report written: ./outputs/report_AL01425.html

DONE. Headline results:
     site duration return_period_yr   AEP depth_mm depth_lo_mm depth_hi_mm
6  MARTIN      24h              100 1e-02    95.66       90.65       99.60
9  MARTIN      24h             1000 1e-03   123.07      112.38      131.63
12 MARTIN      24h            10000 1e-04   152.30      134.29      166.76
18 MARTIN      72h              100 1e-02   100.75       96.70      104.09
21 MARTIN      72h             1000 1e-03   123.07      115.82      129.14
24 MARTIN      72h            10000 1e-04   144.07      133.33      152.85
   rel_rmse
6     0.029
9     0.049
12    0.068
18    0.023
21    0.034
24    0.042

Report: ./outputs/report_AL01425.html
[2026-08-11 13:22:33] === BROKEN BOW LAKE : 2026-08-11T13:22:33 ===
[2026-08-11 13:22:33]   drop 'USC00106877' -> H1 0.553 (was 1.021)
[2026-08-11 13:22:33] Homogeneity iter 1: n=49, H1=0.553
GHCN: 1 stations acquired (cache data/raw/ghcn/by_station).
[2026-08-11 13:22:33] OK  - heterogeneity H1 computed and finite
[2026-08-11 13:22:33] Final region: n=49, H1=0.656 (homogeneous)
[2026-08-11 13:22:33] OK  - goodness-of-fit Z reported for every candidate distribution
[2026-08-11 13:22:33] Distribution [72h]: GEV via auto (|Z|=0.032).
[2026-08-11 13:22:33] OK  - regional growth curve q(F) is monotone non-decreasing
[2026-08-11 13:22:33] OK  - growth factors are all positive
[2026-08-11 13:22:33] OK  - quantile depths are all positive
[2026-08-11 13:22:33] Estimation: GEV fitted; index flood = 38.55 mm; q(1e-4/AEP)=3.414.
[2026-08-11 13:22:33] Acquired data: 1 candidate stations after region filter; 2 durations.
[2026-08-11 13:22:33] --- Duration 24h ---
GHCN: 46 stations acquired (cache data/raw/ghcn/by_station).
[2026-08-11 13:22:34] === DAVIS BOR : 2026-08-11T13:22:34 ===
[2026-08-11 13:22:35] Uncertainty: 500-rep bootstrap; 10,000-yr rel-RMSE=0.048, 90% band [120.6, 139.7] mm.
[2026-08-11 13:22:35] Plots written for 72h: ratio diagram, growth-curve fit, DDF.
[2026-08-11 13:22:35] OK  - station counts reconcile (candidates 60 = used 49 + removed 11)
[2026-08-11 13:22:36] Region map written: ./outputs/figures/ID00274_region_map.png
[2026-08-11 13:22:36] Wrote 14 deliverable tables to ./outputs/tables.
[2026-08-11 13:22:36] Audit report written: ./outputs/report_ID00274.html

DONE. Headline results:
             site duration return_period_yr   AEP depth_mm depth_lo_mm
6  AMERICAN FALLS      24h              100 1e-02    61.87       59.86
9  AMERICAN FALLS      24h             1000 1e-03    82.84       77.76
12 AMERICAN FALLS      24h            10000 1e-04   105.36       95.88
18 AMERICAN FALLS      72h              100 1e-02    80.86       78.39
21 AMERICAN FALLS      72h             1000 1e-03   105.97       99.94
24 AMERICAN FALLS      72h            10000 1e-04   131.61      120.62
   depth_hi_mm rel_rmse
6        63.25    0.018
9        86.34    0.034
12      112.29    0.051
18       82.63    0.017
21      110.46    0.032
24      139.72    0.048

Report: ./outputs/report_ID00274.html
GHCN: 34 stations acquired (cache data/raw/ghcn/by_station).
[2026-08-11 13:22:38] === OOLOGAH LAKE : 2026-08-11T13:22:38 ===
GHCN download unavailable; falling back to SYNTHETIC demo data.
Generating SYNTHETIC demo data (offline) for OK10310 at (36.4233, -95.6783).
Demo data written for 17 stations to ./data/synthetic/OK10310 (SYNTHETIC — not real observations).
[2026-08-11 13:22:43] Acquired data: 16 candidate stations after region filter; 2 durations.
[2026-08-11 13:22:43] --- Duration 24h ---
[2026-08-11 13:22:43] OK  - no NA/Inf in at-site L-moments
[2026-08-11 13:22:43] Computed at-site L-moments for 15 stations.
[2026-08-11 13:22:43] Discordancy screening: Dcrit=3.000, removed 0 of 15 sites.
[2026-08-11 13:22:43] OK  - at least 5 stations remain after discordancy screening
[2026-08-11 13:22:43] Homogeneity iter 0: n=15, H1=0.065
[2026-08-11 13:22:44] OK  - heterogeneity H1 computed and finite
[2026-08-11 13:22:44] Final region: n=15, H1=0.015 (homogeneous)
[2026-08-11 13:22:44] OK  - goodness-of-fit Z reported for every candidate distribution
[2026-08-11 13:22:44] Distribution [24h]: GNO via auto (|Z|=0.360).
[2026-08-11 13:22:44] OK  - regional growth curve q(F) is monotone non-decreasing
[2026-08-11 13:22:44] OK  - growth factors are all positive
[2026-08-11 13:22:44] OK  - quantile depths are all positive
[2026-08-11 13:22:44] Estimation: GNO fitted; index flood = 49.92 mm; q(1e-4/AEP)=3.051.
[2026-08-11 13:22:44] Uncertainty: 500-rep bootstrap; 10,000-yr rel-RMSE=0.068, 90% band [134.3, 166.8] mm.
[2026-08-11 13:22:45] Plots written for 24h: ratio diagram, growth-curve fit, DDF.
[2026-08-11 13:22:45] OK  - station counts reconcile (candidates 17 = used 15 + removed 2)
[2026-08-11 13:22:45] --- Duration 72h ---
[2026-08-11 13:22:45] OK  - no NA/Inf in at-site L-moments
[2026-08-11 13:22:45] Computed at-site L-moments for 15 stations.
[2026-08-11 13:22:45] Discordancy screening: Dcrit=3.000, removed 0 of 15 sites.
[2026-08-11 13:22:45] OK  - at least 5 stations remain after discordancy screening
[2026-08-11 13:22:45] Homogeneity iter 0: n=15, H1=-0.277
[2026-08-11 13:22:45] OK  - heterogeneity H1 computed and finite
[2026-08-11 13:22:45] Final region: n=15, H1=-0.310 (homogeneous)
[2026-08-11 13:22:45] OK  - goodness-of-fit Z reported for every candidate distribution
[2026-08-11 13:22:45] Distribution [72h]: PE3 via auto (|Z|=0.236).
[2026-08-11 13:22:45] OK  - regional growth curve q(F) is monotone non-decreasing
[2026-08-11 13:22:45] OK  - growth factors are all positive
[2026-08-11 13:22:45] OK  - quantile depths are all positive
[2026-08-11 13:22:45] Estimation: PE3 fitted; index flood = 55.29 mm; q(1e-4/AEP)=2.606.
[2026-08-11 13:22:46] Uncertainty: 500-rep bootstrap; 10,000-yr rel-RMSE=0.042, 90% band [133.3, 152.9] mm.
[2026-08-11 13:22:46] Plots written for 72h: ratio diagram, growth-curve fit, DDF.
[2026-08-11 13:22:46] OK  - station counts reconcile (candidates 17 = used 15 + removed 2)
[2026-08-11 13:22:48] Region map written: ./outputs/figures/OK10310_region_map.png
[2026-08-11 13:22:48] Wrote 14 deliverable tables to ./outputs/tables.
[2026-08-11 13:22:48] Audit report written: ./outputs/report_OK10310.html

DONE. Headline results:
           site duration return_period_yr   AEP depth_mm depth_lo_mm
6  OOLOGAH LAKE      24h              100 1e-02    95.66       90.65
9  OOLOGAH LAKE      24h             1000 1e-03   123.07      112.38
12 OOLOGAH LAKE      24h            10000 1e-04   152.30      134.29
18 OOLOGAH LAKE      72h              100 1e-02   100.75       96.70
21 OOLOGAH LAKE      72h             1000 1e-03   123.07      115.82
24 OOLOGAH LAKE      72h            10000 1e-04   144.07      133.33
   depth_hi_mm rel_rmse
6        99.60    0.029
9       131.63    0.049
12      166.76    0.068
18      104.09    0.023
21      129.14    0.034
24      152.85    0.042

Report: ./outputs/report_OK10310.html
[2026-08-11 13:22:49] === FONTANA : 2026-08-11T13:22:49 ===
[2026-08-11 13:22:52] Acquired data: 34 candidate stations after region filter; 2 durations.
[2026-08-11 13:22:52] --- Duration 24h ---
[2026-08-11 13:22:52] OK  - no NA/Inf in at-site L-moments
[2026-08-11 13:22:52] Computed at-site L-moments for 28 stations.
[2026-08-11 13:22:52] Discordancy screening: Dcrit=3.000, removed 0 of 28 sites.
[2026-08-11 13:22:52] OK  - at least 5 stations remain after discordancy screening
[2026-08-11 13:22:52] Homogeneity iter 0: n=28, H1=1.745
[2026-08-11 13:22:53] Acquired data: 60 candidate stations after region filter; 2 durations.
[2026-08-11 13:22:53] --- Duration 24h ---
[2026-08-11 13:22:53] OK  - no NA/Inf in at-site L-moments
[2026-08-11 13:22:53] Computed at-site L-moments for 43 stations.
[2026-08-11 13:22:53] Discordancy screening: Dcrit=3.000, removed 3 of 43 sites.
[2026-08-11 13:22:53] OK  - at least 5 stations remain after discordancy screening
[2026-08-11 13:22:53] Homogeneity iter 0: n=40, H1=1.617
[2026-08-11 13:22:53]   drop 'USC00045721' -> H1 1.022 (was 1.745)
[2026-08-11 13:22:53] Homogeneity iter 1: n=27, H1=1.022
[2026-08-11 13:22:54]   drop 'USW00093167' -> H1 0.527 (was 1.022)
[2026-08-11 13:22:54] Homogeneity iter 2: n=26, H1=0.527
[2026-08-11 13:22:54] OK  - heterogeneity H1 computed and finite
[2026-08-11 13:22:54] Final region: n=26, H1=0.483 (homogeneous)
[2026-08-11 13:22:54] OK  - goodness-of-fit Z reported for every candidate distribution
[2026-08-11 13:22:54] Distribution [24h]: GLO via auto (|Z|=0.346).
[2026-08-11 13:22:54] OK  - regional growth curve q(F) is monotone non-decreasing
[2026-08-11 13:22:54] OK  - growth factors are all positive
[2026-08-11 13:22:54] OK  - quantile depths are all positive
[2026-08-11 13:22:54] Estimation: GLO fitted; index flood = 40.10 mm; q(1e-4/AEP)=7.133.
[2026-08-11 13:22:54]   drop 'USC00310843' -> H1 0.695 (was 1.617)
[2026-08-11 13:22:54] Homogeneity iter 1: n=39, H1=0.695
[2026-08-11 13:22:54] OK  - heterogeneity H1 computed and finite
[2026-08-11 13:22:54] Final region: n=39, H1=0.640 (homogeneous)
[2026-08-11 13:22:55] OK  - goodness-of-fit Z reported for every candidate distribution
[2026-08-11 13:22:55] Distribution [24h]: GEV via auto (|Z|=0.343).
[2026-08-11 13:22:55] OK  - regional growth curve q(F) is monotone non-decreasing
[2026-08-11 13:22:55] OK  - growth factors are all positive
[2026-08-11 13:22:55] OK  - quantile depths are all positive
[2026-08-11 13:22:55] Estimation: GEV fitted; index flood = 97.83 mm; q(1e-4/AEP)=3.898.
[2026-08-11 13:22:55] Uncertainty: 500-rep bootstrap; 10,000-yr rel-RMSE=0.101, 90% band [235.1, 318.0] mm.
[2026-08-11 13:22:55] Plots written for 24h: ratio diagram, growth-curve fit, DDF.
[2026-08-11 13:22:55] OK  - station counts reconcile (candidates 34 = used 26 + removed 8)
[2026-08-11 13:22:55] --- Duration 72h ---
[2026-08-11 13:22:55] OK  - no NA/Inf in at-site L-moments
[2026-08-11 13:22:55] Computed at-site L-moments for 28 stations.
[2026-08-11 13:22:55] Discordancy screening: Dcrit=3.000, removed 1 of 28 sites.
[2026-08-11 13:22:55] OK  - at least 5 stations remain after discordancy screening
[2026-08-11 13:22:55] Homogeneity iter 0: n=27, H1=2.408
[2026-08-11 13:22:56] Uncertainty: 500-rep bootstrap; 10,000-yr rel-RMSE=0.065, 90% band [335.8, 414.3] mm.
[2026-08-11 13:22:56]   drop 'USC00045721' -> H1 0.933 (was 2.408)
[2026-08-11 13:22:56] Homogeneity iter 1: n=26, H1=0.933
[2026-08-11 13:22:56] OK  - heterogeneity H1 computed and finite
[2026-08-11 13:22:56] Final region: n=26, H1=0.916 (homogeneous)
[2026-08-11 13:22:56] Plots written for 24h: ratio diagram, growth-curve fit, DDF.
[2026-08-11 13:22:56] OK  - station counts reconcile (candidates 60 = used 39 + removed 21)
[2026-08-11 13:22:56] --- Duration 72h ---
[2026-08-11 13:22:56] OK  - no NA/Inf in at-site L-moments
[2026-08-11 13:22:56] Computed at-site L-moments for 43 stations.
[2026-08-11 13:22:56] OK  - goodness-of-fit Z reported for every candidate distribution
[2026-08-11 13:22:56] Distribution [72h]: GEV via auto (|Z|=1.512).
[2026-08-11 13:22:56] OK  - regional growth curve q(F) is monotone non-decreasing
[2026-08-11 13:22:56] OK  - growth factors are all positive
[2026-08-11 13:22:56] OK  - quantile depths are all positive
[2026-08-11 13:22:56] Estimation: GEV fitted; index flood = 49.33 mm; q(1e-4/AEP)=4.538.
[2026-08-11 13:22:56] Discordancy screening: Dcrit=3.000, removed 2 of 43 sites.
[2026-08-11 13:22:56] OK  - at least 5 stations remain after discordancy screening
[2026-08-11 13:22:56] Homogeneity iter 0: n=41, H1=3.591
[2026-08-11 13:22:57] Uncertainty: 500-rep bootstrap; 10,000-yr rel-RMSE=0.076, 90% band [192.0, 246.4] mm.
[2026-08-11 13:22:57] Plots written for 72h: ratio diagram, growth-curve fit, DDF.
[2026-08-11 13:22:57] OK  - station counts reconcile (candidates 34 = used 26 + removed 8)
[2026-08-11 13:22:58]   drop 'USC00312837' -> H1 2.933 (was 3.591)
[2026-08-11 13:22:58] Homogeneity iter 1: n=40, H1=2.933
[2026-08-11 13:22:58] Acquired data: 46 candidate stations after region filter; 2 durations.
[2026-08-11 13:22:58] --- Duration 24h ---
[2026-08-11 13:22:58] OK  - no NA/Inf in at-site L-moments
[2026-08-11 13:22:58] Computed at-site L-moments for 41 stations.
[2026-08-11 13:22:58] Discordancy screening: Dcrit=3.000, removed 2 of 41 sites.
[2026-08-11 13:22:58] OK  - at least 5 stations remain after discordancy screening
[2026-08-11 13:22:58] Homogeneity iter 0: n=39, H1=0.594
[2026-08-11 13:22:58] OK  - heterogeneity H1 computed and finite
[2026-08-11 13:22:58] Final region: n=39, H1=0.516 (homogeneous)
[2026-08-11 13:22:58] OK  - goodness-of-fit Z reported for every candidate distribution
[2026-08-11 13:22:58] Distribution [24h]: GEV via auto (|Z|=0.122).
[2026-08-11 13:22:58] OK  - regional growth curve q(F) is monotone non-decreasing
[2026-08-11 13:22:58] OK  - growth factors are all positive
[2026-08-11 13:22:58] OK  - quantile depths are all positive
[2026-08-11 13:22:58] Estimation: GEV fitted; index flood = 117.23 mm; q(1e-4/AEP)=3.885.
[2026-08-11 13:22:58] Region map written: ./outputs/figures/AZ10309_region_map.png
[2026-08-11 13:22:59] Wrote 14 deliverable tables to ./outputs/tables.
[2026-08-11 13:22:59] Audit report written: ./outputs/report_AZ10309.html

DONE. Headline results:
        site duration return_period_yr   AEP depth_mm depth_lo_mm depth_hi_mm
6  DAVIS BOR      24h              100 1e-02   106.26       99.41      110.38
9  DAVIS BOR      24h             1000 1e-03   175.36      154.58      187.92
12 DAVIS BOR      24h            10000 1e-04   286.04      235.05      317.99
18 DAVIS BOR      72h              100 1e-02   124.36      117.62      128.85
21 DAVIS BOR      72h             1000 1e-03   172.31      155.23      184.05
24 DAVIS BOR      72h            10000 1e-04   223.88      191.97      246.39
   rel_rmse
6     0.035
9     0.066
12    0.101
18    0.028
21    0.052
24    0.076

Report: ./outputs/report_AZ10309.html
[2026-08-11 13:22:59]   drop 'USC00310843' -> H1 2.265 (was 2.933)
[2026-08-11 13:22:59] Homogeneity iter 2: n=39, H1=2.265
[2026-08-11 13:22:59] Uncertainty: 500-rep bootstrap; 10,000-yr rel-RMSE=0.062, 90% band [405.0, 493.6] mm.
[2026-08-11 13:23:00] === PICKWICK LANDING : 2026-08-11T13:23:00 ===
[2026-08-11 13:23:00] Plots written for 24h: ratio diagram, growth-curve fit, DDF.
[2026-08-11 13:23:00] OK  - station counts reconcile (candidates 46 = used 39 + removed 7)
[2026-08-11 13:23:00] --- Duration 72h ---
[2026-08-11 13:23:00] OK  - no NA/Inf in at-site L-moments
[2026-08-11 13:23:00] Computed at-site L-moments for 41 stations.
[2026-08-11 13:23:00] Discordancy screening: Dcrit=3.000, removed 1 of 41 sites.
[2026-08-11 13:23:00] OK  - at least 5 stations remain after discordancy screening
[2026-08-11 13:23:00] Homogeneity iter 0: n=40, H1=-1.617
GHCN download unavailable; falling back to SYNTHETIC demo data.
Generating SYNTHETIC demo data (offline) for TN07101 at (35.07, -88.25).
[2026-08-11 13:23:00] OK  - heterogeneity H1 computed and finite
[2026-08-11 13:23:00] Final region: n=40, H1=-1.646 (homogeneous)
[2026-08-11 13:23:00] OK  - goodness-of-fit Z reported for every candidate distribution
[2026-08-11 13:23:00] Distribution [72h]: GNO via auto (|Z|=0.464).
[2026-08-11 13:23:00] OK  - regional growth curve q(F) is monotone non-decreasing
[2026-08-11 13:23:00] OK  - growth factors are all positive
[2026-08-11 13:23:00] OK  - quantile depths are all positive
[2026-08-11 13:23:00] Estimation: GNO fitted; index flood = 195.17 mm; q(1e-4/AEP)=4.464.
Demo data written for 17 stations to ./data/synthetic/TN07101 (SYNTHETIC — not real observations).
[2026-08-11 13:23:01]   drop 'US1NCYN0004' -> H1 1.949 (was 2.265)
[2026-08-11 13:23:01] Homogeneity iter 3: n=38, H1=1.949
[2026-08-11 13:23:01] Uncertainty: 500-rep bootstrap; 10,000-yr rel-RMSE=0.047, 90% band [799.8, 929.0] mm.
GHCN: 60 stations acquired (cache data/raw/ghcn/by_station).
[2026-08-11 13:23:01] Plots written for 72h: ratio diagram, growth-curve fit, DDF.
[2026-08-11 13:23:01] OK  - station counts reconcile (candidates 46 = used 40 + removed 6)
[2026-08-11 13:23:02]   drop 'USC00312102' -> H1 1.428 (was 1.949)
[2026-08-11 13:23:02] Homogeneity iter 4: n=37, H1=1.428
[2026-08-11 13:23:03] Region map written: ./outputs/figures/CA10170_region_map.png
[2026-08-11 13:23:03] Wrote 14 deliverable tables to ./outputs/tables.
[2026-08-11 13:23:03] Audit report written: ./outputs/report_CA10170.html

DONE. Headline results:
         site duration return_period_yr   AEP depth_mm depth_lo_mm depth_hi_mm
6  MONTICELLO      24h              100 1e-02   258.39      248.08      265.20
9  MONTICELLO      24h             1000 1e-03   352.06      326.03      371.04
12 MONTICELLO      24h            10000 1e-04   455.48      404.96      493.60
18 MONTICELLO      72h              100 1e-02   472.40      454.67      485.98
21 MONTICELLO      72h             1000 1e-03   659.76      619.56      691.23
24 MONTICELLO      72h            10000 1e-04   871.17      799.85      929.02
   rel_rmse
6     0.022
9     0.041
12    0.062
18    0.021
21    0.035
24    0.047

Report: ./outputs/report_CA10170.html
[2026-08-11 13:23:03]   drop 'USW00053878' -> H1 0.978 (was 1.428)
[2026-08-11 13:23:03] Homogeneity iter 5: n=36, H1=0.978
[2026-08-11 13:23:03] OK  - heterogeneity H1 computed and finite
[2026-08-11 13:23:03] Final region: n=36, H1=1.001 (acceptably homogeneous (H1 in [1,2)))
[2026-08-11 13:23:04] OK  - goodness-of-fit Z reported for every candidate distribution
[2026-08-11 13:23:04] Distribution [72h]: GEV via auto (|Z|=1.318).
[2026-08-11 13:23:04] OK  - regional growth curve q(F) is monotone non-decreasing
[2026-08-11 13:23:04] OK  - growth factors are all positive
[2026-08-11 13:23:04] OK  - quantile depths are all positive
[2026-08-11 13:23:04] Estimation: GEV fitted; index flood = 126.83 mm; q(1e-4/AEP)=4.073.
[2026-08-11 13:23:04] === RICHARD B. RUSSELL DAM : 2026-08-11T13:23:04 ===
[2026-08-11 13:23:05] Uncertainty: 500-rep bootstrap; 10,000-yr rel-RMSE=0.071, 90% band [447.6, 564.0] mm.
[2026-08-11 13:23:05] Plots written for 72h: ratio diagram, growth-curve fit, DDF.
[2026-08-11 13:23:05] OK  - station counts reconcile (candidates 60 = used 36 + removed 24)
[2026-08-11 13:23:05] Acquired data: 16 candidate stations after region filter; 2 durations.
[2026-08-11 13:23:05] --- Duration 24h ---
[2026-08-11 13:23:05] OK  - no NA/Inf in at-site L-moments
[2026-08-11 13:23:05] Computed at-site L-moments for 15 stations.
[2026-08-11 13:23:05] Discordancy screening: Dcrit=3.000, removed 0 of 15 sites.
[2026-08-11 13:23:05] OK  - at least 5 stations remain after discordancy screening
[2026-08-11 13:23:05] Homogeneity iter 0: n=15, H1=0.065
[2026-08-11 13:23:05] OK  - heterogeneity H1 computed and finite
[2026-08-11 13:23:05] Final region: n=15, H1=0.015 (homogeneous)
[2026-08-11 13:23:05] OK  - goodness-of-fit Z reported for every candidate distribution
[2026-08-11 13:23:05] Distribution [24h]: GNO via auto (|Z|=0.360).
[2026-08-11 13:23:05] OK  - regional growth curve q(F) is monotone non-decreasing
[2026-08-11 13:23:05] OK  - growth factors are all positive
[2026-08-11 13:23:05] OK  - quantile depths are all positive
[2026-08-11 13:23:05] Estimation: GNO fitted; index flood = 49.92 mm; q(1e-4/AEP)=3.051.
[2026-08-11 13:23:06] Uncertainty: 500-rep bootstrap; 10,000-yr rel-RMSE=0.068, 90% band [134.3, 166.8] mm.
[2026-08-11 13:23:06] Plots written for 24h: ratio diagram, growth-curve fit, DDF.
[2026-08-11 13:23:06] OK  - station counts reconcile (candidates 17 = used 15 + removed 2)
[2026-08-11 13:23:06] --- Duration 72h ---
[2026-08-11 13:23:06] OK  - no NA/Inf in at-site L-moments
[2026-08-11 13:23:06] Computed at-site L-moments for 15 stations.
[2026-08-11 13:23:06] Discordancy screening: Dcrit=3.000, removed 0 of 15 sites.
[2026-08-11 13:23:06] OK  - at least 5 stations remain after discordancy screening
[2026-08-11 13:23:06] Homogeneity iter 0: n=15, H1=-0.277
[2026-08-11 13:23:06] OK  - heterogeneity H1 computed and finite
[2026-08-11 13:23:06] Final region: n=15, H1=-0.310 (homogeneous)
[2026-08-11 13:23:06] OK  - goodness-of-fit Z reported for every candidate distribution
[2026-08-11 13:23:06] Distribution [72h]: PE3 via auto (|Z|=0.236).
[2026-08-11 13:23:06] OK  - regional growth curve q(F) is monotone non-decreasing
[2026-08-11 13:23:06] OK  - growth factors are all positive
[2026-08-11 13:23:06] OK  - quantile depths are all positive
[2026-08-11 13:23:06] Estimation: PE3 fitted; index flood = 55.29 mm; q(1e-4/AEP)=2.606.
[2026-08-11 13:23:06] Region map written: ./outputs/figures/TN15501_region_map.png
[2026-08-11 13:23:06] Wrote 14 deliverable tables to ./outputs/tables.
[2026-08-11 13:23:06] Audit report written: ./outputs/report_TN15501.html

DONE. Headline results:
      site duration return_period_yr   AEP depth_mm depth_lo_mm depth_hi_mm
6  DOUGLAS      24h              100 1e-02   211.86      203.09      218.11
9  DOUGLAS      24h             1000 1e-03   291.07      268.47      307.47
12 DOUGLAS      24h            10000 1e-04   381.39      335.84      414.30
18 DOUGLAS      72h              100 1e-02   277.21      264.82      285.24
21 DOUGLAS      72h             1000 1e-03   387.00      353.02      408.89
24 DOUGLAS      72h            10000 1e-04   516.62      447.58      563.97
   rel_rmse
6     0.022
9     0.042
12    0.065
18    0.024
21    0.046
24    0.071

Report: ./outputs/report_TN15501.html
[2026-08-11 13:23:07] Uncertainty: 500-rep bootstrap; 10,000-yr rel-RMSE=0.042, 90% band [133.3, 152.9] mm.
[2026-08-11 13:23:07] Plots written for 72h: ratio diagram, growth-curve fit, DDF.
[2026-08-11 13:23:07] OK  - station counts reconcile (candidates 17 = used 15 + removed 2)
[2026-08-11 13:23:07] === BOYSEN : 2026-08-11T13:23:07 ===
[2026-08-11 13:23:09] Region map written: ./outputs/figures/TN07101_region_map.png
[2026-08-11 13:23:09] Wrote 14 deliverable tables to ./outputs/tables.
[2026-08-11 13:23:09] Audit report written: ./outputs/report_TN07101.html

DONE. Headline results:
               site duration return_period_yr   AEP depth_mm depth_lo_mm
6  PICKWICK LANDING      24h              100 1e-02    95.66       90.65
9  PICKWICK LANDING      24h             1000 1e-03   123.07      112.38
12 PICKWICK LANDING      24h            10000 1e-04   152.30      134.29
18 PICKWICK LANDING      72h              100 1e-02   100.75       96.70
21 PICKWICK LANDING      72h             1000 1e-03   123.07      115.82
24 PICKWICK LANDING      72h            10000 1e-04   144.07      133.33
   depth_hi_mm rel_rmse
6        99.60    0.029
9       131.63    0.049
12      166.76    0.068
18      104.09    0.023
21      129.14    0.034
24      152.85    0.042

Report: ./outputs/report_TN07101.html
[2026-08-11 13:23:10] === BROWNLEE : 2026-08-11T13:23:10 ===
GHCN: 60 stations acquired (cache data/raw/ghcn/by_station).
GHCN: 42 stations acquired (cache data/raw/ghcn/by_station).
GHCN: 60 stations acquired (cache data/raw/ghcn/by_station).
[2026-08-11 13:23:30] Acquired data: 60 candidate stations after region filter; 2 durations.
[2026-08-11 13:23:30] --- Duration 24h ---
[2026-08-11 13:23:30] OK  - no NA/Inf in at-site L-moments
[2026-08-11 13:23:30] Computed at-site L-moments for 43 stations.
[2026-08-11 13:23:30] Discordancy screening: Dcrit=3.000, removed 4 of 43 sites.
[2026-08-11 13:23:30] OK  - at least 5 stations remain after discordancy screening
[2026-08-11 13:23:30] Homogeneity iter 0: n=39, H1=1.330
[2026-08-11 13:23:31]   drop 'USC00310843' -> H1 0.259 (was 1.330)
[2026-08-11 13:23:31] Homogeneity iter 1: n=38, H1=0.259
[2026-08-11 13:23:31] OK  - heterogeneity H1 computed and finite
[2026-08-11 13:23:31] Final region: n=38, H1=0.230 (homogeneous)
[2026-08-11 13:23:31] OK  - goodness-of-fit Z reported for every candidate distribution
[2026-08-11 13:23:31] Distribution [24h]: GEV via auto (|Z|=0.246).
[2026-08-11 13:23:31] OK  - regional growth curve q(F) is monotone non-decreasing
[2026-08-11 13:23:31] OK  - growth factors are all positive
[2026-08-11 13:23:31] OK  - quantile depths are all positive
[2026-08-11 13:23:31] Estimation: GEV fitted; index flood = 98.32 mm; q(1e-4/AEP)=3.883.
[2026-08-11 13:23:33] Uncertainty: 500-rep bootstrap; 10,000-yr rel-RMSE=0.065, 90% band [337.8, 414.6] mm.
[2026-08-11 13:23:33] Plots written for 24h: ratio diagram, growth-curve fit, DDF.
[2026-08-11 13:23:33] OK  - station counts reconcile (candidates 60 = used 38 + removed 22)
[2026-08-11 13:23:33] --- Duration 72h ---
[2026-08-11 13:23:33] OK  - no NA/Inf in at-site L-moments
[2026-08-11 13:23:33] Computed at-site L-moments for 43 stations.
[2026-08-11 13:23:33] Discordancy screening: Dcrit=3.000, removed 3 of 43 sites.
[2026-08-11 13:23:33] OK  - at least 5 stations remain after discordancy screening
[2026-08-11 13:23:33] Homogeneity iter 0: n=40, H1=2.909
[2026-08-11 13:23:34]   drop 'US1NCYN0004' -> H1 2.219 (was 2.909)
[2026-08-11 13:23:34] Homogeneity iter 1: n=39, H1=2.219
[2026-08-11 13:23:36] Acquired data: 42 candidate stations after region filter; 2 durations.
[2026-08-11 13:23:36] --- Duration 24h ---
[2026-08-11 13:23:36] OK  - no NA/Inf in at-site L-moments
[2026-08-11 13:23:36] Computed at-site L-moments for 33 stations.
[2026-08-11 13:23:36] Discordancy screening: Dcrit=3.000, removed 2 of 33 sites.
[2026-08-11 13:23:36] OK  - at least 5 stations remain after discordancy screening
[2026-08-11 13:23:36] Homogeneity iter 0: n=31, H1=0.227
[2026-08-11 13:23:36] OK  - heterogeneity H1 computed and finite
[2026-08-11 13:23:36] Final region: n=31, H1=0.096 (homogeneous)
[2026-08-11 13:23:36]   drop 'USC00310843' -> H1 1.650 (was 2.219)
[2026-08-11 13:23:36] OK  - goodness-of-fit Z reported for every candidate distribution
[2026-08-11 13:23:36] Distribution [24h]: GEV via auto (|Z|=0.260).
[2026-08-11 13:23:36] OK  - regional growth curve q(F) is monotone non-decreasing
[2026-08-11 13:23:36] OK  - growth factors are all positive
[2026-08-11 13:23:36] OK  - quantile depths are all positive
[2026-08-11 13:23:36] Estimation: GEV fitted; index flood = 102.91 mm; q(1e-4/AEP)=3.949.
[2026-08-11 13:23:36] Homogeneity iter 2: n=38, H1=1.650
[2026-08-11 13:23:37] Uncertainty: 500-rep bootstrap; 10,000-yr rel-RMSE=0.069, 90% band [355.0, 445.2] mm.
[2026-08-11 13:23:37] Plots written for 24h: ratio diagram, growth-curve fit, DDF.
[2026-08-11 13:23:37] OK  - station counts reconcile (candidates 42 = used 31 + removed 11)
[2026-08-11 13:23:37] --- Duration 72h ---
[2026-08-11 13:23:37] OK  - no NA/Inf in at-site L-moments
[2026-08-11 13:23:37] Computed at-site L-moments for 33 stations.
[2026-08-11 13:23:37] Discordancy screening: Dcrit=3.000, removed 3 of 33 sites.
[2026-08-11 13:23:37] OK  - at least 5 stations remain after discordancy screening
[2026-08-11 13:23:37] Homogeneity iter 0: n=30, H1=1.237
[2026-08-11 13:23:37]   drop 'USW00053878' -> H1 0.896 (was 1.650)
[2026-08-11 13:23:37] Homogeneity iter 3: n=37, H1=0.896
[2026-08-11 13:23:38] OK  - heterogeneity H1 computed and finite
[2026-08-11 13:23:38] Final region: n=37, H1=0.905 (homogeneous)
[2026-08-11 13:23:38] OK  - goodness-of-fit Z reported for every candidate distribution
[2026-08-11 13:23:38] Distribution [72h]: GEV via auto (|Z|=1.078).
[2026-08-11 13:23:38] OK  - regional growth curve q(F) is monotone non-decreasing
[2026-08-11 13:23:38] OK  - growth factors are all positive
[2026-08-11 13:23:38] OK  - quantile depths are all positive
[2026-08-11 13:23:38] Estimation: GEV fitted; index flood = 126.73 mm; q(1e-4/AEP)=3.829.
[2026-08-11 13:23:38]   drop 'USC00312837' -> H1 0.755 (was 1.237)
[2026-08-11 13:23:38] Homogeneity iter 1: n=29, H1=0.755
[2026-08-11 13:23:38] OK  - heterogeneity H1 computed and finite
[2026-08-11 13:23:38] Final region: n=29, H1=0.727 (homogeneous)
[2026-08-11 13:23:38] OK  - goodness-of-fit Z reported for every candidate distribution
[2026-08-11 13:23:38] Distribution [72h]: GEV via auto (|Z|=0.849).
[2026-08-11 13:23:38] OK  - regional growth curve q(F) is monotone non-decreasing
[2026-08-11 13:23:38] OK  - growth factors are all positive
[2026-08-11 13:23:38] OK  - quantile depths are all positive
[2026-08-11 13:23:38] Estimation: GEV fitted; index flood = 132.93 mm; q(1e-4/AEP)=3.960.
[2026-08-11 13:23:39] Uncertainty: 500-rep bootstrap; 10,000-yr rel-RMSE=0.064, 90% band [431.2, 527.0] mm.
[2026-08-11 13:23:39] Plots written for 72h: ratio diagram, growth-curve fit, DDF.
[2026-08-11 13:23:39] OK  - station counts reconcile (candidates 60 = used 37 + removed 23)
[2026-08-11 13:23:39] Uncertainty: 500-rep bootstrap; 10,000-yr rel-RMSE=0.071, 90% band [458.5, 577.2] mm.
[2026-08-11 13:23:40] Plots written for 72h: ratio diagram, growth-curve fit, DDF.
[2026-08-11 13:23:40] OK  - station counts reconcile (candidates 42 = used 29 + removed 13)
[2026-08-11 13:23:40] Region map written: ./outputs/figures/NC00298_region_map.png
[2026-08-11 13:23:40] Wrote 14 deliverable tables to ./outputs/tables.
[2026-08-11 13:23:40] Audit report written: ./outputs/report_NC00298.html

DONE. Headline results:
      site duration return_period_yr   AEP depth_mm depth_lo_mm depth_hi_mm
6  FONTANA      24h              100 1e-02   212.38      203.96      218.26
9  FONTANA      24h             1000 1e-03   291.57      269.58      307.49
12 FONTANA      24h            10000 1e-04   381.81      337.84      414.58
18 FONTANA      72h              100 1e-02   270.56      259.39      278.01
21 FONTANA      72h             1000 1e-03   370.76      342.70      391.16
24 FONTANA      72h            10000 1e-04   485.22      431.18      526.95
   rel_rmse
6     0.022
9     0.042
12    0.065
18    0.022
21    0.042
24    0.064

Report: ./outputs/report_NC00298.html
[2026-08-11 13:23:41] Region map written: ./outputs/figures/GA01705_region_map.png
[2026-08-11 13:23:41] Wrote 14 deliverable tables to ./outputs/tables.
[2026-08-11 13:23:41] Audit report written: ./outputs/report_GA01705.html

DONE. Headline results:
                     site duration return_period_yr   AEP depth_mm depth_lo_mm
6  RICHARD B. RUSSELL DAM      24h              100 1e-02   223.79      214.00
9  RICHARD B. RUSSELL DAM      24h             1000 1e-03   308.75      282.52
12 RICHARD B. RUSSELL DAM      24h            10000 1e-04   406.41      355.04
18 RICHARD B. RUSSELL DAM      72h              100 1e-02   286.98      274.21
21 RICHARD B. RUSSELL DAM      72h             1000 1e-03   397.49      363.09
24 RICHARD B. RUSSELL DAM      72h            10000 1e-04   526.36      458.52
   depth_hi_mm rel_rmse
6       230.62    0.024
9       327.43    0.045
12      445.23    0.069
18      295.26    0.024
21      421.24    0.046
24      577.22    0.071

Report: ./outputs/report_GA01705.html
[2026-08-11 13:23:41] Acquired data: 60 candidate stations after region filter; 2 durations.
[2026-08-11 13:23:41] --- Duration 24h ---
[2026-08-11 13:23:41] OK  - no NA/Inf in at-site L-moments
[2026-08-11 13:23:41] Computed at-site L-moments for 40 stations.
[2026-08-11 13:23:42] Discordancy screening: Dcrit=3.000, removed 1 of 40 sites.
[2026-08-11 13:23:42] OK  - at least 5 stations remain after discordancy screening
[2026-08-11 13:23:42] Homogeneity iter 0: n=39, H1=2.606
[2026-08-11 13:23:42] === JOE B HOGSETT DAM : 2026-08-11T13:23:42 ===
GHCN download unavailable; falling back to SYNTHETIC demo data.
Generating SYNTHETIC demo data (offline) for TX00237 at (32.1803, -96.0688).
[2026-08-11 13:23:42] === ROSS : 2026-08-11T13:23:42 ===
Demo data written for 17 stations to ./data/synthetic/TX00237 (SYNTHETIC — not real observations).
[2026-08-11 13:23:43]   drop 'USC00484036' -> H1 1.882 (was 2.606)
[2026-08-11 13:23:43] Homogeneity iter 1: n=38, H1=1.882
[2026-08-11 13:23:44]   drop 'USC00488385' -> H1 1.519 (was 1.882)
[2026-08-11 13:23:44] Homogeneity iter 2: n=37, H1=1.519
[2026-08-11 13:23:46]   drop 'USS0007F02S' -> H1 1.082 (was 1.519)
[2026-08-11 13:23:46] Homogeneity iter 3: n=36, H1=1.082
[2026-08-11 13:23:47]   drop 'USC00480778' -> H1 0.634 (was 1.082)
[2026-08-11 13:23:47] Homogeneity iter 4: n=35, H1=0.634
[2026-08-11 13:23:47] OK  - heterogeneity H1 computed and finite
[2026-08-11 13:23:47] Final region: n=35, H1=0.744 (homogeneous)
GHCN: 60 stations acquired (cache data/raw/ghcn/by_station).
[2026-08-11 13:23:47] OK  - goodness-of-fit Z reported for every candidate distribution
[2026-08-11 13:23:47] Distribution [24h]: GEV via auto (|Z|=1.139).
[2026-08-11 13:23:47] OK  - regional growth curve q(F) is monotone non-decreasing
[2026-08-11 13:23:47] OK  - growth factors are all positive
[2026-08-11 13:23:47] OK  - quantile depths are all positive
[2026-08-11 13:23:47] Estimation: GEV fitted; index flood = 32.41 mm; q(1e-4/AEP)=3.959.
[2026-08-11 13:23:47] Acquired data: 16 candidate stations after region filter; 2 durations.
[2026-08-11 13:23:47] --- Duration 24h ---
[2026-08-11 13:23:47] OK  - no NA/Inf in at-site L-moments
[2026-08-11 13:23:47] Computed at-site L-moments for 15 stations.
[2026-08-11 13:23:47] Discordancy screening: Dcrit=3.000, removed 0 of 15 sites.
[2026-08-11 13:23:47] OK  - at least 5 stations remain after discordancy screening
[2026-08-11 13:23:47] Homogeneity iter 0: n=15, H1=0.065
[2026-08-11 13:23:47] OK  - heterogeneity H1 computed and finite
[2026-08-11 13:23:47] Final region: n=15, H1=0.015 (homogeneous)
[2026-08-11 13:23:47] OK  - goodness-of-fit Z reported for every candidate distribution
[2026-08-11 13:23:47] Distribution [24h]: GNO via auto (|Z|=0.360).
[2026-08-11 13:23:47] OK  - regional growth curve q(F) is monotone non-decreasing
[2026-08-11 13:23:47] OK  - growth factors are all positive
[2026-08-11 13:23:47] OK  - quantile depths are all positive
[2026-08-11 13:23:47] Estimation: GNO fitted; index flood = 49.92 mm; q(1e-4/AEP)=3.051.
[2026-08-11 13:23:48] Uncertainty: 500-rep bootstrap; 10,000-yr rel-RMSE=0.063, 90% band [112.7, 139.4] mm.
[2026-08-11 13:23:48] Uncertainty: 500-rep bootstrap; 10,000-yr rel-RMSE=0.068, 90% band [134.3, 166.8] mm.
[2026-08-11 13:23:48] Plots written for 24h: ratio diagram, growth-curve fit, DDF.
[2026-08-11 13:23:48] OK  - station counts reconcile (candidates 17 = used 15 + removed 2)
[2026-08-11 13:23:48] --- Duration 72h ---
[2026-08-11 13:23:48] Plots written for 24h: ratio diagram, growth-curve fit, DDF.
[2026-08-11 13:23:48] OK  - no NA/Inf in at-site L-moments
[2026-08-11 13:23:48] Computed at-site L-moments for 15 stations.
[2026-08-11 13:23:48] OK  - station counts reconcile (candidates 60 = used 35 + removed 25)
[2026-08-11 13:23:48] --- Duration 72h ---
[2026-08-11 13:23:48] OK  - no NA/Inf in at-site L-moments
[2026-08-11 13:23:48] Computed at-site L-moments for 40 stations.
[2026-08-11 13:23:48] Discordancy screening: Dcrit=3.000, removed 0 of 15 sites.
[2026-08-11 13:23:48] OK  - at least 5 stations remain after discordancy screening
[2026-08-11 13:23:48] Homogeneity iter 0: n=15, H1=-0.277
[2026-08-11 13:23:48] OK  - heterogeneity H1 computed and finite
[2026-08-11 13:23:48] Final region: n=15, H1=-0.310 (homogeneous)
[2026-08-11 13:23:48] OK  - goodness-of-fit Z reported for every candidate distribution
[2026-08-11 13:23:48] Distribution [72h]: PE3 via auto (|Z|=0.236).
[2026-08-11 13:23:48] OK  - regional growth curve q(F) is monotone non-decreasing
[2026-08-11 13:23:48] OK  - growth factors are all positive
[2026-08-11 13:23:48] OK  - quantile depths are all positive
[2026-08-11 13:23:48] Estimation: PE3 fitted; index flood = 55.29 mm; q(1e-4/AEP)=2.606.
[2026-08-11 13:23:48] Discordancy screening: Dcrit=3.000, removed 3 of 40 sites.
[2026-08-11 13:23:48] OK  - at least 5 stations remain after discordancy screening
[2026-08-11 13:23:49] Homogeneity iter 0: n=37, H1=3.167
[2026-08-11 13:23:50] Acquired data: 60 candidate stations after region filter; 2 durations.
[2026-08-11 13:23:50] --- Duration 24h ---
[2026-08-11 13:23:50] OK  - no NA/Inf in at-site L-moments
[2026-08-11 13:23:50] Computed at-site L-moments for 54 stations.
[2026-08-11 13:23:50] Discordancy screening: Dcrit=3.000, removed 1 of 54 sites.
[2026-08-11 13:23:50] OK  - at least 5 stations remain after discordancy screening
[2026-08-11 13:23:50] Uncertainty: 500-rep bootstrap; 10,000-yr rel-RMSE=0.042, 90% band [133.3, 152.9] mm.
[2026-08-11 13:23:50]   drop 'USC00480778' -> H1 2.759 (was 3.167)
[2026-08-11 13:23:50] Homogeneity iter 0: n=53, H1=3.004
[2026-08-11 13:23:50] Homogeneity iter 1: n=36, H1=2.759
[2026-08-11 13:23:50] Plots written for 72h: ratio diagram, growth-curve fit, DDF.
[2026-08-11 13:23:50] OK  - station counts reconcile (candidates 17 = used 15 + removed 2)
[2026-08-11 13:23:51]   drop 'USC00488858' -> H1 2.252 (was 2.759)
[2026-08-11 13:23:51] Homogeneity iter 2: n=35, H1=2.252
[2026-08-11 13:23:51] Region map written: ./outputs/figures/TX00237_region_map.png
[2026-08-11 13:23:51] Wrote 14 deliverable tables to ./outputs/tables.
[2026-08-11 13:23:51] Audit report written: ./outputs/report_TX00237.html

DONE. Headline results:
                site duration return_period_yr   AEP depth_mm depth_lo_mm
6  JOE B HOGSETT DAM      24h              100 1e-02    95.66       90.65
9  JOE B HOGSETT DAM      24h             1000 1e-03   123.07      112.38
12 JOE B HOGSETT DAM      24h            10000 1e-04   152.30      134.29
18 JOE B HOGSETT DAM      72h              100 1e-02   100.75       96.70
21 JOE B HOGSETT DAM      72h             1000 1e-03   123.07      115.82
24 JOE B HOGSETT DAM      72h            10000 1e-04   144.07      133.33
   depth_hi_mm rel_rmse
6        99.60    0.029
9       131.63    0.049
12      166.76    0.068
18      104.09    0.023
21      129.14    0.034
24      152.85    0.042

Report: ./outputs/report_TX00237.html
[2026-08-11 13:23:52]   drop 'USC00488385' -> H1 1.916 (was 2.252)
[2026-08-11 13:23:52] Homogeneity iter 3: n=34, H1=1.916
[2026-08-11 13:23:53]   drop 'USW00024130' -> H1 1.860 (was 3.004)
[2026-08-11 13:23:53] Homogeneity iter 1: n=52, H1=1.860
[2026-08-11 13:23:53] === SANTEE : 2026-08-11T13:23:53 ===
GHCN download unavailable; falling back to SYNTHETIC demo data.
Generating SYNTHETIC demo data (offline) for SC00732 at (33.4543, -80.1644).
[2026-08-11 13:23:53]   drop 'USC00488888' -> H1 1.390 (was 1.916)
[2026-08-11 13:23:53] Homogeneity iter 4: n=33, H1=1.390
Demo data written for 17 stations to ./data/synthetic/SC00732 (SYNTHETIC — not real observations).
[2026-08-11 13:23:55]   drop 'USS0007F02S' -> H1 1.095 (was 1.390)
[2026-08-11 13:23:55] Homogeneity iter 5: n=32, H1=1.095
[2026-08-11 13:23:55]   drop 'USC00357160' -> H1 1.330 (was 1.860)
[2026-08-11 13:23:55] Homogeneity iter 2: n=51, H1=1.330
[2026-08-11 13:23:56]   drop 'USC00488852' -> H1 0.719 (was 1.095)
[2026-08-11 13:23:56] Homogeneity iter 6: n=31, H1=0.719
[2026-08-11 13:23:56] OK  - heterogeneity H1 computed and finite
[2026-08-11 13:23:56] Final region: n=31, H1=0.742 (homogeneous)
[2026-08-11 13:23:56] OK  - goodness-of-fit Z reported for every candidate distribution
[2026-08-11 13:23:56] Distribution [72h]: GEV via auto (|Z|=0.183).
[2026-08-11 13:23:56] OK  - regional growth curve q(F) is monotone non-decreasing
[2026-08-11 13:23:56] OK  - growth factors are all positive
[2026-08-11 13:23:56] OK  - quantile depths are all positive
[2026-08-11 13:23:56] Estimation: GEV fitted; index flood = 40.20 mm; q(1e-4/AEP)=3.785.
[2026-08-11 13:23:57] Uncertainty: 500-rep bootstrap; 10,000-yr rel-RMSE=0.059, 90% band [135.2, 164.3] mm.
[2026-08-11 13:23:57] Plots written for 72h: ratio diagram, growth-curve fit, DDF.
[2026-08-11 13:23:57] OK  - station counts reconcile (candidates 60 = used 31 + removed 29)
[2026-08-11 13:23:58] Region map written: ./outputs/figures/WY01299_region_map.png
[2026-08-11 13:23:58] Wrote 14 deliverable tables to ./outputs/tables.
[2026-08-11 13:23:58] Audit report written: ./outputs/report_WY01299.html

DONE. Headline results:
     site duration return_period_yr   AEP depth_mm depth_lo_mm depth_hi_mm
6  BOYSEN      24h              100 1e-02    75.66       72.39       77.89
9  BOYSEN      24h             1000 1e-03   101.61       93.32      107.32
12 BOYSEN      24h            10000 1e-04   128.33      112.72      139.39
18 BOYSEN      72h              100 1e-02    94.03       89.95       96.83
21 BOYSEN      72h             1000 1e-03   123.56      114.02      130.22
24 BOYSEN      72h            10000 1e-04   152.16      135.16      164.32
   rel_rmse
6     0.023
9     0.043
12    0.063
18    0.023
21    0.041
24    0.059

Report: ./outputs/report_WY01299.html
[2026-08-11 13:23:58]   drop 'USS0018E05S' -> H1 0.950 (was 1.330)
[2026-08-11 13:23:58] Homogeneity iter 3: n=50, H1=0.950
[2026-08-11 13:23:58] OK  - heterogeneity H1 computed and finite
[2026-08-11 13:23:58] Final region: n=50, H1=1.022 (acceptably homogeneous (H1 in [1,2)))
[2026-08-11 13:23:58] OK  - goodness-of-fit Z reported for every candidate distribution
[2026-08-11 13:23:58] Distribution [24h]: GEV via auto (|Z|=0.952).
[2026-08-11 13:23:58] OK  - regional growth curve q(F) is monotone non-decreasing
[2026-08-11 13:23:58] OK  - growth factors are all positive
[2026-08-11 13:23:58] OK  - quantile depths are all positive
[2026-08-11 13:23:58] Estimation: GEV fitted; index flood = 37.57 mm; q(1e-4/AEP)=3.533.
[2026-08-11 13:23:59] Acquired data: 16 candidate stations after region filter; 2 durations.
[2026-08-11 13:23:59] --- Duration 24h ---
[2026-08-11 13:23:59] OK  - no NA/Inf in at-site L-moments
[2026-08-11 13:23:59] Computed at-site L-moments for 15 stations.
[2026-08-11 13:23:59] Discordancy screening: Dcrit=3.000, removed 0 of 15 sites.
[2026-08-11 13:23:59] OK  - at least 5 stations remain after discordancy screening
[2026-08-11 13:23:59] Homogeneity iter 0: n=15, H1=0.065
[2026-08-11 13:23:59] OK  - heterogeneity H1 computed and finite
[2026-08-11 13:23:59] Final region: n=15, H1=0.015 (homogeneous)
[2026-08-11 13:23:59] OK  - goodness-of-fit Z reported for every candidate distribution
[2026-08-11 13:23:59] Distribution [24h]: GNO via auto (|Z|=0.360).
[2026-08-11 13:23:59] OK  - regional growth curve q(F) is monotone non-decreasing
[2026-08-11 13:23:59] OK  - growth factors are all positive
[2026-08-11 13:23:59] OK  - quantile depths are all positive
[2026-08-11 13:23:59] Estimation: GNO fitted; index flood = 49.92 mm; q(1e-4/AEP)=3.051.
[2026-08-11 13:23:59] === BROWNLEE DAM : 2026-08-11T13:23:59 ===
[2026-08-11 13:24:00] Uncertainty: 500-rep bootstrap; 10,000-yr rel-RMSE=0.068, 90% band [134.3, 166.8] mm.
[2026-08-11 13:24:00] Plots written for 24h: ratio diagram, growth-curve fit, DDF.
[2026-08-11 13:24:00] OK  - station counts reconcile (candidates 17 = used 15 + removed 2)
[2026-08-11 13:24:00] --- Duration 72h ---
[2026-08-11 13:24:00] OK  - no NA/Inf in at-site L-moments
[2026-08-11 13:24:00] Computed at-site L-moments for 15 stations.
[2026-08-11 13:24:00] Discordancy screening: Dcrit=3.000, removed 0 of 15 sites.
[2026-08-11 13:24:00] OK  - at least 5 stations remain after discordancy screening
[2026-08-11 13:24:00] Homogeneity iter 0: n=15, H1=-0.277
[2026-08-11 13:24:00] OK  - heterogeneity H1 computed and finite
[2026-08-11 13:24:00] Final region: n=15, H1=-0.310 (homogeneous)
[2026-08-11 13:24:00] OK  - goodness-of-fit Z reported for every candidate distribution
[2026-08-11 13:24:00] Distribution [72h]: PE3 via auto (|Z|=0.236).
[2026-08-11 13:24:00] OK  - regional growth curve q(F) is monotone non-decreasing
[2026-08-11 13:24:00] OK  - growth factors are all positive
[2026-08-11 13:24:00] OK  - quantile depths are all positive
[2026-08-11 13:24:00] Estimation: PE3 fitted; index flood = 55.29 mm; q(1e-4/AEP)=2.606.
[2026-08-11 13:24:00] Uncertainty: 500-rep bootstrap; 10,000-yr rel-RMSE=0.052, 90% band [120.2, 141.4] mm.
[2026-08-11 13:24:00] Plots written for 24h: ratio diagram, growth-curve fit, DDF.
[2026-08-11 13:24:00] OK  - station counts reconcile (candidates 60 = used 50 + removed 10)
[2026-08-11 13:24:00] --- Duration 72h ---
[2026-08-11 13:24:00] OK  - no NA/Inf in at-site L-moments
[2026-08-11 13:24:00] Computed at-site L-moments for 54 stations.
[2026-08-11 13:24:00] Discordancy screening: Dcrit=3.000, removed 2 of 54 sites.
[2026-08-11 13:24:00] OK  - at least 5 stations remain after discordancy screening
[2026-08-11 13:24:00] Homogeneity iter 0: n=52, H1=4.376
[2026-08-11 13:24:01] Uncertainty: 500-rep bootstrap; 10,000-yr rel-RMSE=0.042, 90% band [133.3, 152.9] mm.
[2026-08-11 13:24:01] Plots written for 72h: ratio diagram, growth-curve fit, DDF.
[2026-08-11 13:24:01] OK  - station counts reconcile (candidates 17 = used 15 + removed 2)
[2026-08-11 13:24:03] Region map written: ./outputs/figures/SC00732_region_map.png
[2026-08-11 13:24:03] Wrote 14 deliverable tables to ./outputs/tables.
[2026-08-11 13:24:03] Audit report written: ./outputs/report_SC00732.html

DONE. Headline results:
     site duration return_period_yr   AEP depth_mm depth_lo_mm depth_hi_mm
6  SANTEE      24h              100 1e-02    95.66       90.65       99.60
9  SANTEE      24h             1000 1e-03   123.07      112.38      131.63
12 SANTEE      24h            10000 1e-04   152.30      134.29      166.76
18 SANTEE      72h              100 1e-02   100.75       96.70      104.09
21 SANTEE      72h             1000 1e-03   123.07      115.82      129.14
24 SANTEE      72h            10000 1e-04   144.07      133.33      152.85
   rel_rmse
6     0.029
9     0.049
12    0.068
18    0.023
21    0.034
24    0.042

Report: ./outputs/report_SC00732.html
[2026-08-11 13:24:03]   drop 'USW00024130' -> H1 2.691 (was 4.376)
[2026-08-11 13:24:03] Homogeneity iter 1: n=51, H1=2.691
[2026-08-11 13:24:04] === TIBER : 2026-08-11T13:24:04 ===
GHCN: 60 stations acquired (cache data/raw/ghcn/by_station).
[2026-08-11 13:24:05]   drop 'USS0018E05S' -> H1 2.100 (was 2.691)
[2026-08-11 13:24:06] Homogeneity iter 2: n=50, H1=2.100
[2026-08-11 13:24:08] Acquired data: 60 candidate stations after region filter; 2 durations.
[2026-08-11 13:24:08] --- Duration 24h ---
[2026-08-11 13:24:08] OK  - no NA/Inf in at-site L-moments
[2026-08-11 13:24:08] Computed at-site L-moments for 53 stations.
[2026-08-11 13:24:08] Discordancy screening: Dcrit=3.000, removed 2 of 53 sites.
[2026-08-11 13:24:08] OK  - at least 5 stations remain after discordancy screening
[2026-08-11 13:24:08] Homogeneity iter 0: n=51, H1=1.187
[2026-08-11 13:24:08]   drop 'USS0016E10S' -> H1 1.482 (was 2.100)
[2026-08-11 13:24:08] Homogeneity iter 3: n=49, H1=1.482
GHCN: 60 stations acquired (cache data/raw/ghcn/by_station).
[2026-08-11 13:24:09]   drop 'USC00455133' -> H1 0.783 (was 1.187)
[2026-08-11 13:24:09] Homogeneity iter 1: n=50, H1=0.783
[2026-08-11 13:24:09] OK  - heterogeneity H1 computed and finite
[2026-08-11 13:24:09] Final region: n=50, H1=0.775 (homogeneous)
[2026-08-11 13:24:10] OK  - goodness-of-fit Z reported for every candidate distribution
[2026-08-11 13:24:10] Distribution [24h]: GEV via auto (|Z|=0.945).
[2026-08-11 13:24:10] OK  - regional growth curve q(F) is monotone non-decreasing
[2026-08-11 13:24:10] OK  - growth factors are all positive
[2026-08-11 13:24:10] OK  - quantile depths are all positive
[2026-08-11 13:24:10] Estimation: GEV fitted; index flood = 67.40 mm; q(1e-4/AEP)=3.489.
[2026-08-11 13:24:10]   drop 'USS0018D21S' -> H1 1.039 (was 1.482)
[2026-08-11 13:24:10] Homogeneity iter 4: n=48, H1=1.039
[2026-08-11 13:24:11] Uncertainty: 500-rep bootstrap; 10,000-yr rel-RMSE=0.061, 90% band [208.3, 252.3] mm.
[2026-08-11 13:24:11] Plots written for 24h: ratio diagram, growth-curve fit, DDF.
[2026-08-11 13:24:11] OK  - station counts reconcile (candidates 60 = used 50 + removed 10)
[2026-08-11 13:24:11] --- Duration 72h ---
[2026-08-11 13:24:11] OK  - no NA/Inf in at-site L-moments
[2026-08-11 13:24:11] Computed at-site L-moments for 53 stations.
[2026-08-11 13:24:11] Discordancy screening: Dcrit=3.000, removed 3 of 53 sites.
[2026-08-11 13:24:11] OK  - at least 5 stations remain after discordancy screening
[2026-08-11 13:24:11] Homogeneity iter 0: n=50, H1=0.301
[2026-08-11 13:24:11] OK  - heterogeneity H1 computed and finite
[2026-08-11 13:24:11] Final region: n=50, H1=0.232 (homogeneous)
[2026-08-11 13:24:11] OK  - goodness-of-fit Z reported for every candidate distribution
[2026-08-11 13:24:11] Distribution [72h]: GEV via auto (|Z|=2.156 - NOTE |Z|>1.64).
[2026-08-11 13:24:11] OK  - regional growth curve q(F) is monotone non-decreasing
[2026-08-11 13:24:11] OK  - growth factors are all positive
[2026-08-11 13:24:11] OK  - quantile depths are all positive
[2026-08-11 13:24:11] Estimation: GEV fitted; index flood = 101.88 mm; q(1e-4/AEP)=3.306.
[2026-08-11 13:24:13]   drop 'USS0015D01S' -> H1 0.603 (was 1.039)
[2026-08-11 13:24:13] Homogeneity iter 5: n=47, H1=0.603
[2026-08-11 13:24:13] Uncertainty: 500-rep bootstrap; 10,000-yr rel-RMSE=0.059, 90% band [300.4, 362.8] mm.
[2026-08-11 13:24:13] OK  - heterogeneity H1 computed and finite
[2026-08-11 13:24:13] Final region: n=47, H1=0.637 (homogeneous)
[2026-08-11 13:24:13] Plots written for 72h: ratio diagram, growth-curve fit, DDF.
[2026-08-11 13:24:13] OK  - goodness-of-fit Z reported for every candidate distribution
[2026-08-11 13:24:13] Distribution [72h]: GNO via auto (|Z|=0.031).
[2026-08-11 13:24:13] OK  - station counts reconcile (candidates 60 = used 50 + removed 10)
[2026-08-11 13:24:13] OK  - regional growth curve q(F) is monotone non-decreasing
[2026-08-11 13:24:13] OK  - growth factors are all positive
[2026-08-11 13:24:13] OK  - quantile depths are all positive
[2026-08-11 13:24:13] Estimation: GNO fitted; index flood = 53.59 mm; q(1e-4/AEP)=3.304.
[2026-08-11 13:24:14] Region map written: ./outputs/figures/WA00169_region_map.png
[2026-08-11 13:24:14] Wrote 14 deliverable tables to ./outputs/tables.
[2026-08-11 13:24:14] Audit report written: ./outputs/report_WA00169.html

DONE. Headline results:
   site duration return_period_yr   AEP depth_mm depth_lo_mm depth_hi_mm
6  ROSS      24h              100 1e-02   142.05      136.21      145.61
9  ROSS      24h             1000 1e-03   187.63      173.14      196.58
12 ROSS      24h            10000 1e-04   235.13      208.33      252.30
18 ROSS      72h              100 1e-02   209.97      201.91      215.58
21 ROSS      72h             1000 1e-03   273.06      253.42      287.61
24 ROSS      72h            10000 1e-04   336.80      300.35      362.85
   rel_rmse
6     0.022
9     0.041
12    0.061
18    0.021
21    0.040
24    0.059

Report: ./outputs/report_WA00169.html
[2026-08-11 13:24:14] Uncertainty: 500-rep bootstrap; 10,000-yr rel-RMSE=0.036, 90% band [165.5, 184.9] mm.
[2026-08-11 13:24:15] Plots written for 72h: ratio diagram, growth-curve fit, DDF.
[2026-08-11 13:24:15] OK  - station counts reconcile (candidates 60 = used 47 + removed 13)
[2026-08-11 13:24:15] === WATTS BAR : 2026-08-11T13:24:15 ===
[2026-08-11 13:24:16] Region map written: ./outputs/figures/ID00056_region_map.png
[2026-08-11 13:24:16] Wrote 14 deliverable tables to ./outputs/tables.
[2026-08-11 13:24:16] Audit report written: ./outputs/report_ID00056.html

DONE. Headline results:
       site duration return_period_yr   AEP depth_mm depth_lo_mm depth_hi_mm
6  BROWNLEE      24h              100 1e-02    77.03       74.53       78.73
9  BROWNLEE      24h             1000 1e-03   103.43       96.98      107.77
12 BROWNLEE      24h            10000 1e-04   132.76      120.23      141.44
18 BROWNLEE      72h              100 1e-02   107.31      104.30      109.37
21 BROWNLEE      72h             1000 1e-03   140.77      134.11      145.15
24 BROWNLEE      72h            10000 1e-04   177.07      165.54      184.85
   rel_rmse
6     0.018
9     0.034
12    0.052
18    0.015
21    0.026
24    0.036

Report: ./outputs/report_ID00056.html
[2026-08-11 13:24:17] === ALAMO DAM : 2026-08-11T13:24:17 ===
GHCN: 30 stations acquired (cache data/raw/ghcn/by_station).
GHCN: 46 stations acquired (cache data/raw/ghcn/by_station).
[2026-08-11 13:24:31] Acquired data: 30 candidate stations after region filter; 2 durations.
[2026-08-11 13:24:31] --- Duration 24h ---
[2026-08-11 13:24:31] OK  - no NA/Inf in at-site L-moments
[2026-08-11 13:24:31] Computed at-site L-moments for 17 stations.
[2026-08-11 13:24:31] Discordancy screening: Dcrit=3.000, removed 1 of 17 sites.
[2026-08-11 13:24:31] OK  - at least 5 stations remain after discordancy screening
[2026-08-11 13:24:31] Homogeneity iter 0: n=16, H1=0.789
[2026-08-11 13:24:31] OK  - heterogeneity H1 computed and finite
[2026-08-11 13:24:31] Final region: n=16, H1=0.768 (homogeneous)
[2026-08-11 13:24:31] OK  - goodness-of-fit Z reported for every candidate distribution
[2026-08-11 13:24:31] Distribution [24h]: GEV via auto (|Z|=0.320).
[2026-08-11 13:24:31] OK  - regional growth curve q(F) is monotone non-decreasing
[2026-08-11 13:24:31] OK  - growth factors are all positive
[2026-08-11 13:24:31] OK  - quantile depths are all positive
[2026-08-11 13:24:31] Estimation: GEV fitted; index flood = 99.00 mm; q(1e-4/AEP)=3.376.
[2026-08-11 13:24:31] Uncertainty: 500-rep bootstrap; 10,000-yr rel-RMSE=0.081, 90% band [289.0, 378.5] mm.
[2026-08-11 13:24:32] Plots written for 24h: ratio diagram, growth-curve fit, DDF.
[2026-08-11 13:24:32] OK  - station counts reconcile (candidates 30 = used 16 + removed 14)
[2026-08-11 13:24:32] --- Duration 72h ---
[2026-08-11 13:24:32] OK  - no NA/Inf in at-site L-moments
[2026-08-11 13:24:32] Computed at-site L-moments for 17 stations.
[2026-08-11 13:24:32] Discordancy screening: Dcrit=3.000, removed 1 of 17 sites.
[2026-08-11 13:24:32] OK  - at least 5 stations remain after discordancy screening
[2026-08-11 13:24:32] Homogeneity iter 0: n=16, H1=1.315
[2026-08-11 13:24:32]   drop 'USC00312102' -> H1 0.879 (was 1.315)
[2026-08-11 13:24:32] Homogeneity iter 1: n=15, H1=0.879
[2026-08-11 13:24:32] OK  - heterogeneity H1 computed and finite
[2026-08-11 13:24:32] Final region: n=15, H1=0.990 (homogeneous)
[2026-08-11 13:24:32] OK  - goodness-of-fit Z reported for every candidate distribution
[2026-08-11 13:24:32] Distribution [72h]: GEV via auto (|Z|=0.010).
[2026-08-11 13:24:32] OK  - regional growth curve q(F) is monotone non-decreasing
[2026-08-11 13:24:32] OK  - growth factors are all positive
[2026-08-11 13:24:32] OK  - quantile depths are all positive
[2026-08-11 13:24:32] Estimation: GEV fitted; index flood = 125.05 mm; q(1e-4/AEP)=3.586.
[2026-08-11 13:24:33] Uncertainty: 500-rep bootstrap; 10,000-yr rel-RMSE=0.093, 90% band [377.7, 518.9] mm.
[2026-08-11 13:24:33] Plots written for 72h: ratio diagram, growth-curve fit, DDF.
[2026-08-11 13:24:33] OK  - station counts reconcile (candidates 30 = used 15 + removed 15)
[2026-08-11 13:24:34] Acquired data: 60 candidate stations after region filter; 2 durations.
[2026-08-11 13:24:34] --- Duration 24h ---
[2026-08-11 13:24:34] OK  - no NA/Inf in at-site L-moments
[2026-08-11 13:24:34] Computed at-site L-moments for 54 stations.
[2026-08-11 13:24:34] Discordancy screening: Dcrit=3.000, removed 1 of 54 sites.
[2026-08-11 13:24:34] OK  - at least 5 stations remain after discordancy screening
[2026-08-11 13:24:34] Homogeneity iter 0: n=53, H1=3.040
[2026-08-11 13:24:34] Region map written: ./outputs/figures/TN12102_region_map.png
[2026-08-11 13:24:34] Wrote 14 deliverable tables to ./outputs/tables.
[2026-08-11 13:24:34] Audit report written: ./outputs/report_TN12102.html

DONE. Headline results:
        site duration return_period_yr   AEP depth_mm depth_lo_mm depth_hi_mm
6  WATTS BAR      24h              100 1e-02   203.18      193.00      211.86
9  WATTS BAR      24h             1000 1e-03   267.20      242.08      289.68
12 WATTS BAR      24h            10000 1e-04   334.22      289.01      378.47
18 WATTS BAR      72h              100 1e-02   260.91      246.42      272.81
21 WATTS BAR      72h             1000 1e-03   350.31      312.94      384.16
24 WATTS BAR      72h            10000 1e-04   448.43      377.75      518.87
   rel_rmse
6     0.028
9     0.054
12    0.081
18    0.032
21    0.061
24    0.093

Report: ./outputs/report_TN12102.html
[2026-08-11 13:24:36] === GUNTERSVILLE : 2026-08-11T13:24:36 ===
GHCN: 4 stations acquired (cache data/raw/ghcn/by_station).
[2026-08-11 13:24:36] Acquired data: 60 candidate stations after region filter; 2 durations.
[2026-08-11 13:24:36] --- Duration 24h ---
[2026-08-11 13:24:36] OK  - no NA/Inf in at-site L-moments
[2026-08-11 13:24:36] Computed at-site L-moments for 52 stations.
[2026-08-11 13:24:36] Discordancy screening: Dcrit=3.000, removed 2 of 52 sites.
[2026-08-11 13:24:36] OK  - at least 5 stations remain after discordancy screening
[2026-08-11 13:24:37] Homogeneity iter 0: n=50, H1=1.295
[2026-08-11 13:24:37]   drop 'USW00024130' -> H1 1.808 (was 3.040)
[2026-08-11 13:24:37] Homogeneity iter 1: n=52, H1=1.808
[2026-08-11 13:24:37] Acquired data: 4 candidate stations after region filter; 2 durations.
[2026-08-11 13:24:37] --- Duration 24h ---
[2026-08-11 13:24:39] === PALISADES : 2026-08-11T13:24:39 ===
[2026-08-11 13:24:39]   drop 'USC00240877' -> H1 0.621 (was 1.295)
[2026-08-11 13:24:39] Homogeneity iter 1: n=49, H1=0.621
[2026-08-11 13:24:39] OK  - heterogeneity H1 computed and finite
[2026-08-11 13:24:39] Final region: n=49, H1=0.655 (homogeneous)
[2026-08-11 13:24:39] OK  - goodness-of-fit Z reported for every candidate distribution
[2026-08-11 13:24:39] Distribution [24h]: GNO via auto (|Z|=0.059).
[2026-08-11 13:24:39] OK  - regional growth curve q(F) is monotone non-decreasing
[2026-08-11 13:24:39] OK  - growth factors are all positive
[2026-08-11 13:24:39] OK  - quantile depths are all positive
[2026-08-11 13:24:39] Estimation: GNO fitted; index flood = 38.74 mm; q(1e-4/AEP)=4.451.
[2026-08-11 13:24:39]   drop 'USC00357160' -> H1 1.313 (was 1.808)
[2026-08-11 13:24:39] Homogeneity iter 2: n=51, H1=1.313
[2026-08-11 13:24:41] Uncertainty: 500-rep bootstrap; 10,000-yr rel-RMSE=0.041, 90% band [159.2, 181.7] mm.
[2026-08-11 13:24:41] Plots written for 24h: ratio diagram, growth-curve fit, DDF.
[2026-08-11 13:24:41] OK  - station counts reconcile (candidates 60 = used 49 + removed 11)
[2026-08-11 13:24:41] --- Duration 72h ---
[2026-08-11 13:24:41] OK  - no NA/Inf in at-site L-moments
[2026-08-11 13:24:41] Computed at-site L-moments for 52 stations.
[2026-08-11 13:24:41] Discordancy screening: Dcrit=3.000, removed 4 of 52 sites.
[2026-08-11 13:24:41] OK  - at least 5 stations remain after discordancy screening
[2026-08-11 13:24:41] Homogeneity iter 0: n=48, H1=1.659
[2026-08-11 13:24:42]   drop 'USS0018E05S' -> H1 0.945 (was 1.313)
[2026-08-11 13:24:42] Homogeneity iter 3: n=50, H1=0.945
[2026-08-11 13:24:42] OK  - heterogeneity H1 computed and finite
[2026-08-11 13:24:42] Final region: n=50, H1=1.031 (acceptably homogeneous (H1 in [1,2)))
[2026-08-11 13:24:42] OK  - goodness-of-fit Z reported for every candidate distribution
[2026-08-11 13:24:42] Distribution [24h]: GEV via auto (|Z|=0.953).
[2026-08-11 13:24:42] OK  - regional growth curve q(F) is monotone non-decreasing
[2026-08-11 13:24:42] OK  - growth factors are all positive
[2026-08-11 13:24:42] OK  - quantile depths are all positive
[2026-08-11 13:24:42] Estimation: GEV fitted; index flood = 37.57 mm; q(1e-4/AEP)=3.533.
[2026-08-11 13:24:43]   drop 'USC00240877' -> H1 0.780 (was 1.659)
[2026-08-11 13:24:43] Homogeneity iter 1: n=47, H1=0.780
[2026-08-11 13:24:44] Uncertainty: 500-rep bootstrap; 10,000-yr rel-RMSE=0.052, 90% band [120.7, 141.6] mm.
[2026-08-11 13:24:44] OK  - heterogeneity H1 computed and finite
[2026-08-11 13:24:44] Final region: n=47, H1=0.811 (homogeneous)
[2026-08-11 13:24:44] OK  - goodness-of-fit Z reported for every candidate distribution
[2026-08-11 13:24:44] Distribution [72h]: GNO via auto (|Z|=0.209).
[2026-08-11 13:24:44] OK  - regional growth curve q(F) is monotone non-decreasing
[2026-08-11 13:24:44] OK  - growth factors are all positive
[2026-08-11 13:24:44] OK  - quantile depths are all positive
[2026-08-11 13:24:44] Estimation: GNO fitted; index flood = 49.53 mm; q(1e-4/AEP)=4.207.
[2026-08-11 13:24:44] Plots written for 24h: ratio diagram, growth-curve fit, DDF.
[2026-08-11 13:24:44] OK  - station counts reconcile (candidates 60 = used 50 + removed 10)
[2026-08-11 13:24:44] --- Duration 72h ---
GHCN: 60 stations acquired (cache data/raw/ghcn/by_station).
[2026-08-11 13:24:44] OK  - no NA/Inf in at-site L-moments
[2026-08-11 13:24:44] Computed at-site L-moments for 54 stations.
[2026-08-11 13:24:44] Discordancy screening: Dcrit=3.000, removed 2 of 54 sites.
[2026-08-11 13:24:44] OK  - at least 5 stations remain after discordancy screening
[2026-08-11 13:24:44] Homogeneity iter 0: n=52, H1=4.334
[2026-08-11 13:24:44] Acquired data: 46 candidate stations after region filter; 2 durations.
[2026-08-11 13:24:44] --- Duration 24h ---
[2026-08-11 13:24:44] OK  - no NA/Inf in at-site L-moments
[2026-08-11 13:24:44] Computed at-site L-moments for 40 stations.
[2026-08-11 13:24:44] Discordancy screening: Dcrit=3.000, removed 2 of 40 sites.
[2026-08-11 13:24:44] OK  - at least 5 stations remain after discordancy screening
[2026-08-11 13:24:44] Homogeneity iter 0: n=38, H1=2.755
[2026-08-11 13:24:45] Uncertainty: 500-rep bootstrap; 10,000-yr rel-RMSE=0.037, 90% band [194.2, 218.3] mm.
[2026-08-11 13:24:45] Plots written for 72h: ratio diagram, growth-curve fit, DDF.
[2026-08-11 13:24:45] OK  - station counts reconcile (candidates 60 = used 47 + removed 13)
[2026-08-11 13:24:46]   drop 'USC00020060' -> H1 1.873 (was 2.755)
[2026-08-11 13:24:46] Homogeneity iter 1: n=37, H1=1.873
[2026-08-11 13:24:46] Region map written: ./outputs/figures/MT00579_region_map.png
[2026-08-11 13:24:46] Wrote 14 deliverable tables to ./outputs/tables.
[2026-08-11 13:24:46] Audit report written: ./outputs/report_MT00579.html

DONE. Headline results:
    site duration return_period_yr   AEP depth_mm depth_lo_mm depth_hi_mm
6  TIBER      24h              100 1e-02    94.21       90.83       96.41
9  TIBER      24h             1000 1e-03   131.10      123.58      136.17
12 TIBER      24h            10000 1e-04   172.41      159.17      181.73
18 TIBER      72h              100 1e-02   118.40      114.67      120.93
21 TIBER      72h             1000 1e-03   161.51      153.18      167.08
24 TIBER      72h            10000 1e-04   208.41      194.25      218.29
   rel_rmse
6     0.019
9     0.031
12    0.041
18    0.017
21    0.028
24    0.037

Report: ./outputs/report_MT00579.html
[2026-08-11 13:24:47]   drop 'USW00024130' -> H1 2.742 (was 4.334)
[2026-08-11 13:24:47] Homogeneity iter 1: n=51, H1=2.742
[2026-08-11 13:24:47]   drop 'USC00029359' -> H1 1.149 (was 1.873)
[2026-08-11 13:24:47] Homogeneity iter 2: n=36, H1=1.149
[2026-08-11 13:24:48] === ARKABUTLA DAM : 2026-08-11T13:24:48 ===
GHCN download unavailable; falling back to SYNTHETIC demo data.
Generating SYNTHETIC demo data (offline) for MS01496 at (34.7566, -90.1233).
[2026-08-11 13:24:48]   drop 'USC00029287' -> H1 0.635 (was 1.149)
[2026-08-11 13:24:48] Homogeneity iter 3: n=35, H1=0.635
[2026-08-11 13:24:48] OK  - heterogeneity H1 computed and finite
[2026-08-11 13:24:48] Final region: n=35, H1=0.520 (homogeneous)
[2026-08-11 13:24:49] OK  - goodness-of-fit Z reported for every candidate distribution
[2026-08-11 13:24:49] Distribution [24h]: GEV via auto (|Z|=1.069).
[2026-08-11 13:24:49] OK  - regional growth curve q(F) is monotone non-decreasing
[2026-08-11 13:24:49] OK  - growth factors are all positive
[2026-08-11 13:24:49] OK  - quantile depths are all positive
[2026-08-11 13:24:49] Estimation: GEV fitted; index flood = 47.82 mm; q(1e-4/AEP)=4.172.
Demo data written for 17 stations to ./data/synthetic/MS01496 (SYNTHETIC — not real observations).
[2026-08-11 13:24:49]   drop 'USS0018E05S' -> H1 2.052 (was 2.742)
[2026-08-11 13:24:49] Homogeneity iter 2: n=50, H1=2.052
[2026-08-11 13:24:50] Uncertainty: 500-rep bootstrap; 10,000-yr rel-RMSE=0.066, 90% band [176.8, 217.2] mm.
[2026-08-11 13:24:50] Plots written for 24h: ratio diagram, growth-curve fit, DDF.
[2026-08-11 13:24:50] OK  - station counts reconcile (candidates 46 = used 35 + removed 11)
[2026-08-11 13:24:50] --- Duration 72h ---
[2026-08-11 13:24:50] OK  - no NA/Inf in at-site L-moments
[2026-08-11 13:24:50] Computed at-site L-moments for 40 stations.
[2026-08-11 13:24:50] Discordancy screening: Dcrit=3.000, removed 2 of 40 sites.
[2026-08-11 13:24:50] OK  - at least 5 stations remain after discordancy screening
[2026-08-11 13:24:50] Homogeneity iter 0: n=38, H1=2.096
[2026-08-11 13:24:51]   drop 'USC00029309' -> H1 1.188 (was 2.096)
[2026-08-11 13:24:52] Homogeneity iter 1: n=37, H1=1.188
[2026-08-11 13:24:52]   drop 'USS0016E10S' -> H1 1.502 (was 2.052)
[2026-08-11 13:24:52] Homogeneity iter 3: n=49, H1=1.502
[2026-08-11 13:24:53]   drop 'USC00029359' -> H1 0.931 (was 1.188)
[2026-08-11 13:24:53] Homogeneity iter 2: n=36, H1=0.931
[2026-08-11 13:24:53] OK  - heterogeneity H1 computed and finite
[2026-08-11 13:24:53] Final region: n=36, H1=0.845 (homogeneous)
[2026-08-11 13:24:53] OK  - goodness-of-fit Z reported for every candidate distribution
[2026-08-11 13:24:53] Distribution [72h]: GEV via auto (|Z|=1.065).
[2026-08-11 13:24:53] OK  - regional growth curve q(F) is monotone non-decreasing
[2026-08-11 13:24:53] OK  - growth factors are all positive
[2026-08-11 13:24:53] OK  - quantile depths are all positive
[2026-08-11 13:24:53] Estimation: GEV fitted; index flood = 61.40 mm; q(1e-4/AEP)=4.229.
[2026-08-11 13:24:53] Acquired data: 16 candidate stations after region filter; 2 durations.
[2026-08-11 13:24:53] --- Duration 24h ---
[2026-08-11 13:24:53] OK  - no NA/Inf in at-site L-moments
[2026-08-11 13:24:53] Computed at-site L-moments for 15 stations.
[2026-08-11 13:24:53] Discordancy screening: Dcrit=3.000, removed 0 of 15 sites.
[2026-08-11 13:24:53] OK  - at least 5 stations remain after discordancy screening
[2026-08-11 13:24:53] Homogeneity iter 0: n=15, H1=0.065
[2026-08-11 13:24:53] OK  - heterogeneity H1 computed and finite
[2026-08-11 13:24:53] Final region: n=15, H1=0.015 (homogeneous)
[2026-08-11 13:24:53] OK  - goodness-of-fit Z reported for every candidate distribution
[2026-08-11 13:24:53] Distribution [24h]: GNO via auto (|Z|=0.360).
[2026-08-11 13:24:53] OK  - regional growth curve q(F) is monotone non-decreasing
[2026-08-11 13:24:53] OK  - growth factors are all positive
[2026-08-11 13:24:53] OK  - quantile depths are all positive
[2026-08-11 13:24:53] Estimation: GNO fitted; index flood = 49.92 mm; q(1e-4/AEP)=3.051.
[2026-08-11 13:24:54] Uncertainty: 500-rep bootstrap; 10,000-yr rel-RMSE=0.068, 90% band [134.3, 166.8] mm.
[2026-08-11 13:24:54]   drop 'USS0018D21S' -> H1 1.107 (was 1.502)
[2026-08-11 13:24:54] Uncertainty: 500-rep bootstrap; 10,000-yr rel-RMSE=0.064, 90% band [229.9, 283.0] mm.
[2026-08-11 13:24:54] Homogeneity iter 4: n=48, H1=1.107
[2026-08-11 13:24:54] Plots written for 24h: ratio diagram, growth-curve fit, DDF.
[2026-08-11 13:24:54] OK  - station counts reconcile (candidates 17 = used 15 + removed 2)
[2026-08-11 13:24:54] --- Duration 72h ---
[2026-08-11 13:24:54] OK  - no NA/Inf in at-site L-moments
[2026-08-11 13:24:54] Computed at-site L-moments for 15 stations.
[2026-08-11 13:24:54] Discordancy screening: Dcrit=3.000, removed 0 of 15 sites.
[2026-08-11 13:24:54] OK  - at least 5 stations remain after discordancy screening
[2026-08-11 13:24:54] Homogeneity iter 0: n=15, H1=-0.277
[2026-08-11 13:24:54] Plots written for 72h: ratio diagram, growth-curve fit, DDF.
[2026-08-11 13:24:54] OK  - station counts reconcile (candidates 46 = used 36 + removed 10)
[2026-08-11 13:24:54] OK  - heterogeneity H1 computed and finite
[2026-08-11 13:24:54] Final region: n=15, H1=-0.310 (homogeneous)
[2026-08-11 13:24:54] OK  - goodness-of-fit Z reported for every candidate distribution
[2026-08-11 13:24:54] Distribution [72h]: PE3 via auto (|Z|=0.236).
[2026-08-11 13:24:54] OK  - regional growth curve q(F) is monotone non-decreasing
[2026-08-11 13:24:54] OK  - growth factors are all positive
[2026-08-11 13:24:54] OK  - quantile depths are all positive
[2026-08-11 13:24:54] Estimation: PE3 fitted; index flood = 55.29 mm; q(1e-4/AEP)=2.606.
[2026-08-11 13:24:55] Region map written: ./outputs/figures/AZ82203_region_map.png
[2026-08-11 13:24:55] Wrote 14 deliverable tables to ./outputs/tables.
[2026-08-11 13:24:56] Audit report written: ./outputs/report_AZ82203.html

DONE. Headline results:
        site duration return_period_yr   AEP depth_mm depth_lo_mm depth_hi_mm
6  ALAMO DAM      24h              100 1e-02   110.86      106.04      114.16
9  ALAMO DAM      24h             1000 1e-03   152.92      141.03      161.38
12 ALAMO DAM      24h            10000 1e-04   199.53      176.83      217.16
18 ALAMO DAM      72h              100 1e-02   144.89      138.93      149.35
21 ALAMO DAM      72h             1000 1e-03   199.68      184.19      211.35
24 ALAMO DAM      72h            10000 1e-04   259.69      229.89      283.01
   rel_rmse
6     0.024
9     0.044
12    0.066
18    0.023
21    0.043
24    0.064

Report: ./outputs/report_AZ82203.html
[2026-08-11 13:24:56] Uncertainty: 500-rep bootstrap; 10,000-yr rel-RMSE=0.042, 90% band [133.3, 152.9] mm.
[2026-08-11 13:24:56] Plots written for 72h: ratio diagram, growth-curve fit, DDF.
[2026-08-11 13:24:56] OK  - station counts reconcile (candidates 17 = used 15 + removed 2)
[2026-08-11 13:24:56]   drop 'USS0015D01S' -> H1 0.615 (was 1.107)
[2026-08-11 13:24:56] Homogeneity iter 5: n=47, H1=0.615
[2026-08-11 13:24:57] OK  - heterogeneity H1 computed and finite
[2026-08-11 13:24:57] Final region: n=47, H1=0.625 (homogeneous)
[2026-08-11 13:24:57] === DEGRAY DAM : 2026-08-11T13:24:57 ===
[2026-08-11 13:24:57] OK  - goodness-of-fit Z reported for every candidate distribution
[2026-08-11 13:24:57] Distribution [72h]: GNO via auto (|Z|=0.028).
[2026-08-11 13:24:57] OK  - regional growth curve q(F) is monotone non-decreasing
[2026-08-11 13:24:57] OK  - growth factors are all positive
[2026-08-11 13:24:57] OK  - quantile depths are all positive
[2026-08-11 13:24:57] Estimation: GNO fitted; index flood = 53.59 mm; q(1e-4/AEP)=3.304.
[2026-08-11 13:24:57] Region map written: ./outputs/figures/MS01496_region_map.png
[2026-08-11 13:24:57] Wrote 14 deliverable tables to ./outputs/tables.
[2026-08-11 13:24:57] Audit report written: ./outputs/report_MS01496.html

DONE. Headline results:
            site duration return_period_yr   AEP depth_mm depth_lo_mm
6  ARKABUTLA DAM      24h              100 1e-02    95.66       90.65
9  ARKABUTLA DAM      24h             1000 1e-03   123.07      112.38
12 ARKABUTLA DAM      24h            10000 1e-04   152.30      134.29
18 ARKABUTLA DAM      72h              100 1e-02   100.75       96.70
21 ARKABUTLA DAM      72h             1000 1e-03   123.07      115.82
24 ARKABUTLA DAM      72h            10000 1e-04   144.07      133.33
   depth_hi_mm rel_rmse
6        99.60    0.029
9       131.63    0.049
12      166.76    0.068
18      104.09    0.023
21      129.14    0.034
24      152.85    0.042

Report: ./outputs/report_MS01496.html
GHCN: 3 stations acquired (cache data/raw/ghcn/by_station).
[2026-08-11 13:24:58] Acquired data: 3 candidate stations after region filter; 2 durations.
[2026-08-11 13:24:58] --- Duration 24h ---
[2026-08-11 13:24:58] Uncertainty: 500-rep bootstrap; 10,000-yr rel-RMSE=0.036, 90% band [165.7, 184.6] mm.
[2026-08-11 13:24:58] Plots written for 72h: ratio diagram, growth-curve fit, DDF.
[2026-08-11 13:24:58] OK  - station counts reconcile (candidates 60 = used 47 + removed 13)
[2026-08-11 13:24:58] === DEGRAY SADDLE DIKE : 2026-08-11T13:24:58 ===
GHCN: 4 stations acquired (cache data/raw/ghcn/by_station).
[2026-08-11 13:24:59] === UTAH LAKE OUTLET : 2026-08-11T13:24:59 ===
[2026-08-11 13:25:00] Region map written: ./outputs/figures/OR00704_region_map.png
[2026-08-11 13:25:00] Wrote 14 deliverable tables to ./outputs/tables.
[2026-08-11 13:25:00] Audit report written: ./outputs/report_OR00704.html

DONE. Headline results:
           site duration return_period_yr   AEP depth_mm depth_lo_mm
6  BROWNLEE DAM      24h              100 1e-02    77.03       74.56
9  BROWNLEE DAM      24h             1000 1e-03   103.43       97.01
12 BROWNLEE DAM      24h            10000 1e-04   132.76      120.66
18 BROWNLEE DAM      72h              100 1e-02   107.31      104.32
21 BROWNLEE DAM      72h             1000 1e-03   140.77      134.12
24 BROWNLEE DAM      72h            10000 1e-04   177.07      165.71
   depth_hi_mm rel_rmse
6        78.74    0.017
9       107.89    0.034
12      141.60    0.052
18      109.37    0.015
21      145.13    0.026
24      184.60    0.036

Report: ./outputs/report_OR00704.html
[2026-08-11 13:25:00] Acquired data: 4 candidate stations after region filter; 2 durations.
[2026-08-11 13:25:00] --- Duration 24h ---
[2026-08-11 13:25:01] === ABIQUIU DAM : 2026-08-11T13:25:01 ===
[2026-08-11 13:25:02] === WHEELER : 2026-08-11T13:25:02 ===
GHCN: 1 stations acquired (cache data/raw/ghcn/by_station).
[2026-08-11 13:25:02] Acquired data: 1 candidate stations after region filter; 2 durations.
[2026-08-11 13:25:02] --- Duration 24h ---
[2026-08-11 13:25:03] === KAW LAKE : 2026-08-11T13:25:03 ===
GHCN download unavailable; falling back to SYNTHETIC demo data.
Generating SYNTHETIC demo data (offline) for OK20509 at (36.7016, -96.9233).
Demo data written for 17 stations to ./data/synthetic/OK20509 (SYNTHETIC — not real observations).
GHCN: 60 stations acquired (cache data/raw/ghcn/by_station).
GHCN: 60 stations acquired (cache data/raw/ghcn/by_station).
[2026-08-11 13:25:08] Acquired data: 60 candidate stations after region filter; 2 durations.
[2026-08-11 13:25:08] --- Duration 24h ---
[2026-08-11 13:25:08] OK  - no NA/Inf in at-site L-moments
[2026-08-11 13:25:08] Computed at-site L-moments for 49 stations.
[2026-08-11 13:25:08] Discordancy screening: Dcrit=3.000, removed 2 of 49 sites.
[2026-08-11 13:25:08] OK  - at least 5 stations remain after discordancy screening
[2026-08-11 13:25:08] Homogeneity iter 0: n=47, H1=2.060
[2026-08-11 13:25:08] Acquired data: 16 candidate stations after region filter; 2 durations.
[2026-08-11 13:25:08] --- Duration 24h ---
[2026-08-11 13:25:08] OK  - no NA/Inf in at-site L-moments
[2026-08-11 13:25:08] Computed at-site L-moments for 15 stations.
[2026-08-11 13:25:08] Discordancy screening: Dcrit=3.000, removed 0 of 15 sites.
[2026-08-11 13:25:08] OK  - at least 5 stations remain after discordancy screening
[2026-08-11 13:25:08] Homogeneity iter 0: n=15, H1=0.065
[2026-08-11 13:25:08] OK  - heterogeneity H1 computed and finite
[2026-08-11 13:25:08] Final region: n=15, H1=0.015 (homogeneous)
[2026-08-11 13:25:08] OK  - goodness-of-fit Z reported for every candidate distribution
[2026-08-11 13:25:08] Distribution [24h]: GNO via auto (|Z|=0.360).
[2026-08-11 13:25:08] OK  - regional growth curve q(F) is monotone non-decreasing
[2026-08-11 13:25:08] OK  - growth factors are all positive
[2026-08-11 13:25:08] OK  - quantile depths are all positive
[2026-08-11 13:25:08] Estimation: GNO fitted; index flood = 49.92 mm; q(1e-4/AEP)=3.051.
[2026-08-11 13:25:09] Uncertainty: 500-rep bootstrap; 10,000-yr rel-RMSE=0.068, 90% band [134.3, 166.8] mm.
[2026-08-11 13:25:09] Plots written for 24h: ratio diagram, growth-curve fit, DDF.
[2026-08-11 13:25:09] OK  - station counts reconcile (candidates 17 = used 15 + removed 2)
[2026-08-11 13:25:09] --- Duration 72h ---
[2026-08-11 13:25:09] OK  - no NA/Inf in at-site L-moments
[2026-08-11 13:25:09] Computed at-site L-moments for 15 stations.
[2026-08-11 13:25:09] Discordancy screening: Dcrit=3.000, removed 0 of 15 sites.
[2026-08-11 13:25:09] OK  - at least 5 stations remain after discordancy screening
[2026-08-11 13:25:09] Homogeneity iter 0: n=15, H1=-0.277
[2026-08-11 13:25:09] OK  - heterogeneity H1 computed and finite
[2026-08-11 13:25:09] Final region: n=15, H1=-0.310 (homogeneous)
[2026-08-11 13:25:09] OK  - goodness-of-fit Z reported for every candidate distribution
[2026-08-11 13:25:09] Distribution [72h]: PE3 via auto (|Z|=0.236).
[2026-08-11 13:25:09] OK  - regional growth curve q(F) is monotone non-decreasing
[2026-08-11 13:25:09] OK  - growth factors are all positive
[2026-08-11 13:25:09] OK  - quantile depths are all positive
[2026-08-11 13:25:09] Estimation: PE3 fitted; index flood = 55.29 mm; q(1e-4/AEP)=2.606.
[2026-08-11 13:25:10]   drop 'USS0010F16S' -> H1 1.423 (was 2.060)
[2026-08-11 13:25:10] Homogeneity iter 1: n=46, H1=1.423
[2026-08-11 13:25:11] Uncertainty: 500-rep bootstrap; 10,000-yr rel-RMSE=0.042, 90% band [133.3, 152.9] mm.
[2026-08-11 13:25:11] Plots written for 72h: ratio diagram, growth-curve fit, DDF.
[2026-08-11 13:25:11] OK  - station counts reconcile (candidates 17 = used 15 + removed 2)
[2026-08-11 13:25:11]   drop 'USS0010G25S' -> H1 1.215 (was 1.423)
[2026-08-11 13:25:12] Homogeneity iter 2: n=45, H1=1.215
[2026-08-11 13:25:12] Region map written: ./outputs/figures/OK20509_region_map.png
[2026-08-11 13:25:12] Wrote 14 deliverable tables to ./outputs/tables.
[2026-08-11 13:25:12] Audit report written: ./outputs/report_OK20509.html

DONE. Headline results:
       site duration return_period_yr   AEP depth_mm depth_lo_mm depth_hi_mm
6  KAW LAKE      24h              100 1e-02    95.66       90.65       99.60
9  KAW LAKE      24h             1000 1e-03   123.07      112.38      131.63
12 KAW LAKE      24h            10000 1e-04   152.30      134.29      166.76
18 KAW LAKE      72h              100 1e-02   100.75       96.70      104.09
21 KAW LAKE      72h             1000 1e-03   123.07      115.82      129.14
24 KAW LAKE      72h            10000 1e-04   144.07      133.33      152.85
   rel_rmse
6     0.029
9     0.049
12    0.068
18    0.023
21    0.034
24    0.042

Report: ./outputs/report_OK20509.html
[2026-08-11 13:25:13]   drop 'USC00100470' -> H1 0.886 (was 1.215)
[2026-08-11 13:25:13] Homogeneity iter 3: n=44, H1=0.886
[2026-08-11 13:25:13] OK  - heterogeneity H1 computed and finite
[2026-08-11 13:25:13] Final region: n=44, H1=0.829 (homogeneous)
[2026-08-11 13:25:13] === KINZUA DAM : 2026-08-11T13:25:13 ===
[2026-08-11 13:25:14] OK  - goodness-of-fit Z reported for every candidate distribution
[2026-08-11 13:25:14] Distribution [24h]: GEV via auto (|Z|=1.451).
[2026-08-11 13:25:14] OK  - regional growth curve q(F) is monotone non-decreasing
[2026-08-11 13:25:14] OK  - growth factors are all positive
[2026-08-11 13:25:14] OK  - quantile depths are all positive
[2026-08-11 13:25:14] Estimation: GEV fitted; index flood = 32.20 mm; q(1e-4/AEP)=3.381.
[2026-08-11 13:25:15] Uncertainty: 500-rep bootstrap; 10,000-yr rel-RMSE=0.057, 90% band [97.5, 116.6] mm.
[2026-08-11 13:25:15] Plots written for 24h: ratio diagram, growth-curve fit, DDF.
[2026-08-11 13:25:15] OK  - station counts reconcile (candidates 60 = used 44 + removed 16)
[2026-08-11 13:25:15] --- Duration 72h ---
[2026-08-11 13:25:15] OK  - no NA/Inf in at-site L-moments
[2026-08-11 13:25:15] Computed at-site L-moments for 49 stations.
[2026-08-11 13:25:15] Discordancy screening: Dcrit=3.000, removed 2 of 49 sites.
[2026-08-11 13:25:15] OK  - at least 5 stations remain after discordancy screening
[2026-08-11 13:25:15] Homogeneity iter 0: n=47, H1=0.849
[2026-08-11 13:25:15] OK  - heterogeneity H1 computed and finite
[2026-08-11 13:25:15] Final region: n=47, H1=0.733 (homogeneous)
[2026-08-11 13:25:15] OK  - goodness-of-fit Z reported for every candidate distribution
[2026-08-11 13:25:15] Distribution [72h]: GLO via auto (|Z|=1.243).
[2026-08-11 13:25:15] OK  - regional growth curve q(F) is monotone non-decreasing
[2026-08-11 13:25:15] OK  - growth factors are all positive
[2026-08-11 13:25:15] OK  - quantile depths are all positive
[2026-08-11 13:25:15] Estimation: GLO fitted; index flood = 46.63 mm; q(1e-4/AEP)=4.771.
[2026-08-11 13:25:16] Uncertainty: 500-rep bootstrap; 10,000-yr rel-RMSE=0.070, 90% band [193.9, 239.5] mm.
[2026-08-11 13:25:17] Plots written for 72h: ratio diagram, growth-curve fit, DDF.
[2026-08-11 13:25:17] OK  - station counts reconcile (candidates 60 = used 47 + removed 13)
GHCN: 17 stations acquired (cache data/raw/ghcn/by_station).
[2026-08-11 13:25:18] Region map written: ./outputs/figures/ID00273_region_map.png
[2026-08-11 13:25:18] Wrote 14 deliverable tables to ./outputs/tables.
[2026-08-11 13:25:18] Audit report written: ./outputs/report_ID00273.html

DONE. Headline results:
        site duration return_period_yr   AEP depth_mm depth_lo_mm depth_hi_mm
6  PALISADES      24h              100 1e-02    65.10       62.61       66.66
9  PALISADES      24h             1000 1e-03    86.18       80.12       90.15
12 PALISADES      24h            10000 1e-04   108.87       97.48      116.60
18 PALISADES      72h              100 1e-02    96.91       93.01       99.34
21 PALISADES      72h             1000 1e-03   146.40      134.63      153.44
24 PALISADES      72h            10000 1e-04   222.50      193.92      239.49
   rel_rmse
6     0.019
9     0.037
12    0.057
18    0.022
21    0.044
24    0.070

Report: ./outputs/report_ID00273.html
[2026-08-11 13:25:19] === DRY FALLS DAM & POWERPLANT : 2026-08-11T13:25:19 ===
[2026-08-11 13:25:21] Acquired data: 17 candidate stations after region filter; 2 durations.
[2026-08-11 13:25:21] --- Duration 24h ---
[2026-08-11 13:25:21] OK  - no NA/Inf in at-site L-moments
[2026-08-11 13:25:21] Computed at-site L-moments for 15 stations.
[2026-08-11 13:25:21] Discordancy screening: Dcrit=3.000, removed 0 of 15 sites.
[2026-08-11 13:25:21] OK  - at least 5 stations remain after discordancy screening
[2026-08-11 13:25:21] Homogeneity iter 0: n=15, H1=-1.513
[2026-08-11 13:25:21] OK  - heterogeneity H1 computed and finite
[2026-08-11 13:25:21] Final region: n=15, H1=-1.418 (homogeneous)
[2026-08-11 13:25:21] OK  - goodness-of-fit Z reported for every candidate distribution
[2026-08-11 13:25:21] Distribution [24h]: GLO via auto (|Z|=0.035).
[2026-08-11 13:25:21] OK  - regional growth curve q(F) is monotone non-decreasing
[2026-08-11 13:25:21] OK  - growth factors are all positive
[2026-08-11 13:25:21] OK  - quantile depths are all positive
[2026-08-11 13:25:21] Estimation: GLO fitted; index flood = 61.58 mm; q(1e-4/AEP)=5.212.
[2026-08-11 13:25:22] Uncertainty: 500-rep bootstrap; 10,000-yr rel-RMSE=0.137, 90% band [248.7, 384.2] mm.
[2026-08-11 13:25:22] Plots written for 24h: ratio diagram, growth-curve fit, DDF.
[2026-08-11 13:25:22] OK  - station counts reconcile (candidates 17 = used 15 + removed 2)
[2026-08-11 13:25:22] --- Duration 72h ---
[2026-08-11 13:25:22] OK  - no NA/Inf in at-site L-moments
[2026-08-11 13:25:22] Computed at-site L-moments for 15 stations.
[2026-08-11 13:25:22] Discordancy screening: Dcrit=3.000, removed 0 of 15 sites.
[2026-08-11 13:25:22] OK  - at least 5 stations remain after discordancy screening
[2026-08-11 13:25:22] Homogeneity iter 0: n=15, H1=-1.199
[2026-08-11 13:25:22] OK  - heterogeneity H1 computed and finite
[2026-08-11 13:25:22] Final region: n=15, H1=-1.142 (homogeneous)
[2026-08-11 13:25:22] OK  - goodness-of-fit Z reported for every candidate distribution
[2026-08-11 13:25:22] Distribution [72h]: GLO via auto (|Z|=0.390).
[2026-08-11 13:25:22] OK  - regional growth curve q(F) is monotone non-decreasing
[2026-08-11 13:25:22] OK  - growth factors are all positive
[2026-08-11 13:25:22] OK  - quantile depths are all positive
[2026-08-11 13:25:22] Estimation: GLO fitted; index flood = 77.82 mm; q(1e-4/AEP)=5.459.
[2026-08-11 13:25:23] Uncertainty: 500-rep bootstrap; 10,000-yr rel-RMSE=0.140, 90% band [326.4, 511.1] mm.
[2026-08-11 13:25:23] Plots written for 72h: ratio diagram, growth-curve fit, DDF.
[2026-08-11 13:25:23] OK  - station counts reconcile (candidates 17 = used 15 + removed 2)
[2026-08-11 13:25:24] Region map written: ./outputs/figures/PA00105_region_map.png
[2026-08-11 13:25:24] Wrote 14 deliverable tables to ./outputs/tables.
[2026-08-11 13:25:24] Audit report written: ./outputs/report_PA00105.html

DONE. Headline results:
         site duration return_period_yr   AEP depth_mm depth_lo_mm depth_hi_mm
6  KINZUA DAM      24h              100 1e-02   134.20      124.01      142.01
9  KINZUA DAM      24h             1000 1e-03   207.16      176.40      231.14
12 KINZUA DAM      24h            10000 1e-04   320.92      248.68      384.18
18 KINZUA DAM      72h              100 1e-02   172.90      159.37      183.19
21 KINZUA DAM      72h             1000 1e-03   270.46      229.05      302.37
24 KINZUA DAM      72h            10000 1e-04   424.82      326.43      511.11
   rel_rmse
6     0.044
9     0.088
12    0.137
18    0.046
21    0.090
24    0.140

Report: ./outputs/report_PA00105.html
GHCN: 60 stations acquired (cache data/raw/ghcn/by_station).
[2026-08-11 13:25:25] === NORTH : 2026-08-11T13:25:25 ===
[2026-08-11 13:25:28] Acquired data: 60 candidate stations after region filter; 2 durations.
[2026-08-11 13:25:28] --- Duration 24h ---
[2026-08-11 13:25:28] OK  - no NA/Inf in at-site L-moments
[2026-08-11 13:25:28] Computed at-site L-moments for 46 stations.
[2026-08-11 13:25:29] Discordancy screening: Dcrit=3.000, removed 1 of 46 sites.
[2026-08-11 13:25:29] OK  - at least 5 stations remain after discordancy screening
[2026-08-11 13:25:29] Homogeneity iter 0: n=45, H1=3.533
GHCN: 60 stations acquired (cache data/raw/ghcn/by_station).
[2026-08-11 13:25:30]   drop 'USC00422057' -> H1 2.817 (was 3.533)
[2026-08-11 13:25:30] Homogeneity iter 1: n=44, H1=2.817
[2026-08-11 13:25:32]   drop 'USS0011J52S' -> H1 2.224 (was 2.817)
[2026-08-11 13:25:32] Homogeneity iter 2: n=43, H1=2.224
[2026-08-11 13:25:33] Acquired data: 60 candidate stations after region filter; 2 durations.
[2026-08-11 13:25:33] --- Duration 24h ---
[2026-08-11 13:25:33] OK  - no NA/Inf in at-site L-moments
[2026-08-11 13:25:33] Computed at-site L-moments for 49 stations.
[2026-08-11 13:25:33] Discordancy screening: Dcrit=3.000, removed 2 of 49 sites.
[2026-08-11 13:25:33] OK  - at least 5 stations remain after discordancy screening
[2026-08-11 13:25:33] Homogeneity iter 0: n=47, H1=0.666
[2026-08-11 13:25:33] OK  - heterogeneity H1 computed and finite
[2026-08-11 13:25:33] Final region: n=47, H1=0.555 (homogeneous)
[2026-08-11 13:25:33] OK  - goodness-of-fit Z reported for every candidate distribution
[2026-08-11 13:25:33] Distribution [24h]: GEV via auto (|Z|=0.168).
[2026-08-11 13:25:33] OK  - regional growth curve q(F) is monotone non-decreasing
[2026-08-11 13:25:33] OK  - growth factors are all positive
[2026-08-11 13:25:33] OK  - quantile depths are all positive
[2026-08-11 13:25:33] Estimation: GEV fitted; index flood = 34.98 mm; q(1e-4/AEP)=3.482.
[2026-08-11 13:25:34]   drop 'USC00427064' -> H1 1.694 (was 2.224)
[2026-08-11 13:25:34] Homogeneity iter 3: n=42, H1=1.694
[2026-08-11 13:25:34] Uncertainty: 500-rep bootstrap; 10,000-yr rel-RMSE=0.050, 90% band [111.5, 130.0] mm.
[2026-08-11 13:25:35] Plots written for 24h: ratio diagram, growth-curve fit, DDF.
[2026-08-11 13:25:35] OK  - station counts reconcile (candidates 60 = used 47 + removed 13)
[2026-08-11 13:25:35] --- Duration 72h ---
[2026-08-11 13:25:35] OK  - no NA/Inf in at-site L-moments
[2026-08-11 13:25:35] Computed at-site L-moments for 49 stations.
[2026-08-11 13:25:35] Discordancy screening: Dcrit=3.000, removed 1 of 49 sites.
[2026-08-11 13:25:35] OK  - at least 5 stations remain after discordancy screening
[2026-08-11 13:25:35] Homogeneity iter 0: n=48, H1=3.164
[2026-08-11 13:25:35]   drop 'USC00427578' -> H1 1.181 (was 1.694)
[2026-08-11 13:25:35] Homogeneity iter 4: n=41, H1=1.181
[2026-08-11 13:25:37]   drop 'USC00422696' -> H1 0.670 (was 1.181)
[2026-08-11 13:25:37] Homogeneity iter 5: n=40, H1=0.670
[2026-08-11 13:25:37] OK  - heterogeneity H1 computed and finite
[2026-08-11 13:25:37] Final region: n=40, H1=0.559 (homogeneous)
[2026-08-11 13:25:37]   drop 'USC00291389' -> H1 2.616 (was 3.164)
[2026-08-11 13:25:37] OK  - goodness-of-fit Z reported for every candidate distribution
[2026-08-11 13:25:37] Distribution [24h]: GEV via auto (|Z|=2.084 - NOTE |Z|>1.64).
[2026-08-11 13:25:37] OK  - regional growth curve q(F) is monotone non-decreasing
[2026-08-11 13:25:37] OK  - growth factors are all positive
[2026-08-11 13:25:37] OK  - quantile depths are all positive
[2026-08-11 13:25:37] Estimation: GEV fitted; index flood = 38.75 mm; q(1e-4/AEP)=3.178.
[2026-08-11 13:25:37] Homogeneity iter 1: n=47, H1=2.616
[2026-08-11 13:25:38] Uncertainty: 500-rep bootstrap; 10,000-yr rel-RMSE=0.054, 90% band [111.1, 132.4] mm.
[2026-08-11 13:25:39] Plots written for 24h: ratio diagram, growth-curve fit, DDF.
[2026-08-11 13:25:39] OK  - station counts reconcile (candidates 60 = used 40 + removed 20)
[2026-08-11 13:25:39] --- Duration 72h ---
[2026-08-11 13:25:39] OK  - no NA/Inf in at-site L-moments
[2026-08-11 13:25:39] Computed at-site L-moments for 46 stations.
[2026-08-11 13:25:39] Discordancy screening: Dcrit=3.000, removed 3 of 46 sites.
[2026-08-11 13:25:39] OK  - at least 5 stations remain after discordancy screening
[2026-08-11 13:25:39] Homogeneity iter 0: n=43, H1=2.372
[2026-08-11 13:25:39]   drop 'USC00292837' -> H1 2.042 (was 2.616)
[2026-08-11 13:25:40] Homogeneity iter 2: n=46, H1=2.042
[2026-08-11 13:25:41]   drop 'USC00422057' -> H1 1.289 (was 2.372)
[2026-08-11 13:25:41] Homogeneity iter 1: n=42, H1=1.289
[2026-08-11 13:25:42]   drop 'USC00299820' -> H1 1.620 (was 2.042)
[2026-08-11 13:25:42] Homogeneity iter 3: n=45, H1=1.620
[2026-08-11 13:25:42]   drop 'USC00422418' -> H1 0.968 (was 1.289)
[2026-08-11 13:25:42] Homogeneity iter 2: n=41, H1=0.968
[2026-08-11 13:25:42] OK  - heterogeneity H1 computed and finite
[2026-08-11 13:25:42] Final region: n=41, H1=0.910 (homogeneous)
[2026-08-11 13:25:43] OK  - goodness-of-fit Z reported for every candidate distribution
[2026-08-11 13:25:43] Distribution [72h]: GLO via auto (|Z|=0.395).
[2026-08-11 13:25:43] OK  - regional growth curve q(F) is monotone non-decreasing
[2026-08-11 13:25:43] OK  - growth factors are all positive
[2026-08-11 13:25:43] OK  - quantile depths are all positive
[2026-08-11 13:25:43] Estimation: GLO fitted; index flood = 51.96 mm; q(1e-4/AEP)=4.872.
[2026-08-11 13:25:44]   drop 'USC00294366' -> H1 1.346 (was 1.620)
[2026-08-11 13:25:44] Homogeneity iter 4: n=44, H1=1.346
[2026-08-11 13:25:44] Uncertainty: 500-rep bootstrap; 10,000-yr rel-RMSE=0.073, 90% band [220.4, 274.9] mm.
[2026-08-11 13:25:44] Plots written for 72h: ratio diagram, growth-curve fit, DDF.
[2026-08-11 13:25:44] OK  - station counts reconcile (candidates 60 = used 41 + removed 19)
[2026-08-11 13:25:45] Region map written: ./outputs/figures/UT00673_region_map.png
[2026-08-11 13:25:45] Wrote 14 deliverable tables to ./outputs/tables.
[2026-08-11 13:25:45] Audit report written: ./outputs/report_UT00673.html

DONE. Headline results:
               site duration return_period_yr   AEP depth_mm depth_lo_mm
6  UTAH LAKE OUTLET      24h              100 1e-02    77.60       74.85
9  UTAH LAKE OUTLET      24h             1000 1e-03   100.26       93.52
12 UTAH LAKE OUTLET      24h            10000 1e-04   123.14      111.05
18 UTAH LAKE OUTLET      72h              100 1e-02   110.25      105.66
21 UTAH LAKE OUTLET      72h             1000 1e-03   166.88      153.01
24 UTAH LAKE OUTLET      72h            10000 1e-04   253.17      220.45
   depth_hi_mm rel_rmse
6        79.52    0.019
9       105.09    0.036
12      132.41    0.054
18      113.20    0.023
21      175.67    0.047
24      274.86    0.073

Report: ./outputs/report_UT00673.html
[2026-08-11 13:25:46]   drop 'USC00299193' -> H1 0.904 (was 1.346)
[2026-08-11 13:25:46] Homogeneity iter 5: n=43, H1=0.904
[2026-08-11 13:25:46] OK  - heterogeneity H1 computed and finite
[2026-08-11 13:25:46] Final region: n=43, H1=0.890 (homogeneous)
[2026-08-11 13:25:46] OK  - goodness-of-fit Z reported for every candidate distribution
[2026-08-11 13:25:46] Distribution [72h]: GEV via auto (|Z|=2.353 - NOTE |Z|>1.64).
[2026-08-11 13:25:46] OK  - regional growth curve q(F) is monotone non-decreasing
[2026-08-11 13:25:46] OK  - growth factors are all positive
[2026-08-11 13:25:46] OK  - quantile depths are all positive
[2026-08-11 13:25:46] Estimation: GEV fitted; index flood = 45.03 mm; q(1e-4/AEP)=3.210.
[2026-08-11 13:25:46] === HUGO LAKE : 2026-08-11T13:25:46 ===
GHCN: 1 stations acquired (cache data/raw/ghcn/by_station).
[2026-08-11 13:25:47] Acquired data: 1 candidate stations after region filter; 2 durations.
[2026-08-11 13:25:47] --- Duration 24h ---
[2026-08-11 13:25:47] Uncertainty: 500-rep bootstrap; 10,000-yr rel-RMSE=0.047, 90% band [132.7, 154.1] mm.
[2026-08-11 13:25:47] Plots written for 72h: ratio diagram, growth-curve fit, DDF.
[2026-08-11 13:25:47] OK  - station counts reconcile (candidates 60 = used 43 + removed 17)
[2026-08-11 13:25:48] === CARLYLE LAKE DAM : 2026-08-11T13:25:48 ===
GHCN download unavailable; falling back to SYNTHETIC demo data.
Generating SYNTHETIC demo data (offline) for IL00113 at (38.6188, -89.3522).
[2026-08-11 13:25:48] Region map written: ./outputs/figures/NM00001_region_map.png
[2026-08-11 13:25:49] Wrote 14 deliverable tables to ./outputs/tables.
[2026-08-11 13:25:49] Audit report written: ./outputs/report_NM00001.html

DONE. Headline results:
          site duration return_period_yr   AEP depth_mm depth_lo_mm depth_hi_mm
6  ABIQUIU DAM      24h              100 1e-02    74.52       72.14       76.22
9  ABIQUIU DAM      24h             1000 1e-03    97.92       92.26      102.23
12 ABIQUIU DAM      24h            10000 1e-04   121.78      111.51      130.05
18 ABIQUIU DAM      72h              100 1e-02    93.28       90.44       95.43
21 ABIQUIU DAM      72h             1000 1e-03   119.43      112.76      124.68
24 ABIQUIU DAM      72h            10000 1e-04   144.55      132.67      154.13
   rel_rmse
6     0.018
9     0.033
12    0.050
18    0.017
21    0.032
24    0.047

Report: ./outputs/report_NM00001.html
Demo data written for 17 stations to ./data/synthetic/IL00113 (SYNTHETIC — not real observations).
[2026-08-11 13:25:50] === LAKE FORK DAM : 2026-08-11T13:25:50 ===
GHCN download unavailable; falling back to SYNTHETIC demo data.
Generating SYNTHETIC demo data (offline) for TX04388 at (32.8028, -95.5409).
Demo data written for 17 stations to ./data/synthetic/TX04388 (SYNTHETIC — not real observations).
[2026-08-11 13:25:52] Acquired data: 60 candidate stations after region filter; 2 durations.
[2026-08-11 13:25:52] --- Duration 24h ---
[2026-08-11 13:25:52] OK  - no NA/Inf in at-site L-moments
[2026-08-11 13:25:52] Computed at-site L-moments for 55 stations.
[2026-08-11 13:25:52] Discordancy screening: Dcrit=3.000, removed 2 of 55 sites.
[2026-08-11 13:25:52] OK  - at least 5 stations remain after discordancy screening
[2026-08-11 13:25:52] Homogeneity iter 0: n=53, H1=4.712
[2026-08-11 13:25:54] Acquired data: 16 candidate stations after region filter; 2 durations.
[2026-08-11 13:25:54] --- Duration 24h ---
[2026-08-11 13:25:54] OK  - no NA/Inf in at-site L-moments
[2026-08-11 13:25:54] Computed at-site L-moments for 15 stations.
[2026-08-11 13:25:54] Discordancy screening: Dcrit=3.000, removed 0 of 15 sites.
[2026-08-11 13:25:54] OK  - at least 5 stations remain after discordancy screening
[2026-08-11 13:25:54] Homogeneity iter 0: n=15, H1=0.065
[2026-08-11 13:25:54] OK  - heterogeneity H1 computed and finite
[2026-08-11 13:25:54] Final region: n=15, H1=0.015 (homogeneous)
[2026-08-11 13:25:54] OK  - goodness-of-fit Z reported for every candidate distribution
[2026-08-11 13:25:54] Distribution [24h]: GNO via auto (|Z|=0.360).
[2026-08-11 13:25:54] OK  - regional growth curve q(F) is monotone non-decreasing
[2026-08-11 13:25:54] OK  - growth factors are all positive
[2026-08-11 13:25:54] OK  - quantile depths are all positive
[2026-08-11 13:25:54] Estimation: GNO fitted; index flood = 49.92 mm; q(1e-4/AEP)=3.051.
[2026-08-11 13:25:54] Uncertainty: 500-rep bootstrap; 10,000-yr rel-RMSE=0.068, 90% band [134.3, 166.8] mm.
[2026-08-11 13:25:55]   drop 'USW00024237' -> H1 3.712 (was 4.712)
[2026-08-11 13:25:55] Homogeneity iter 1: n=52, H1=3.712
[2026-08-11 13:25:55] Plots written for 24h: ratio diagram, growth-curve fit, DDF.
[2026-08-11 13:25:55] OK  - station counts reconcile (candidates 17 = used 15 + removed 2)
[2026-08-11 13:25:55] --- Duration 72h ---
[2026-08-11 13:25:55] OK  - no NA/Inf in at-site L-moments
[2026-08-11 13:25:55] Computed at-site L-moments for 15 stations.
[2026-08-11 13:25:55] Discordancy screening: Dcrit=3.000, removed 0 of 15 sites.
[2026-08-11 13:25:55] OK  - at least 5 stations remain after discordancy screening
[2026-08-11 13:25:55] Homogeneity iter 0: n=15, H1=-0.277
[2026-08-11 13:25:55] OK  - heterogeneity H1 computed and finite
[2026-08-11 13:25:55] Final region: n=15, H1=-0.310 (homogeneous)
[2026-08-11 13:25:55] OK  - goodness-of-fit Z reported for every candidate distribution
[2026-08-11 13:25:55] Distribution [72h]: PE3 via auto (|Z|=0.236).
[2026-08-11 13:25:55] OK  - regional growth curve q(F) is monotone non-decreasing
[2026-08-11 13:25:55] OK  - growth factors are all positive
[2026-08-11 13:25:55] OK  - quantile depths are all positive
[2026-08-11 13:25:55] Estimation: PE3 fitted; index flood = 55.29 mm; q(1e-4/AEP)=2.606.
[2026-08-11 13:25:55] Acquired data: 60 candidate stations after region filter; 2 durations.
[2026-08-11 13:25:55] --- Duration 24h ---
[2026-08-11 13:25:55] OK  - no NA/Inf in at-site L-moments
[2026-08-11 13:25:55] Computed at-site L-moments for 52 stations.
[2026-08-11 13:25:55] Discordancy screening: Dcrit=3.000, removed 2 of 52 sites.
[2026-08-11 13:25:55] OK  - at least 5 stations remain after discordancy screening
[2026-08-11 13:25:55] Homogeneity iter 0: n=50, H1=5.032
[2026-08-11 13:25:55] Acquired data: 16 candidate stations after region filter; 2 durations.
[2026-08-11 13:25:55] --- Duration 24h ---
[2026-08-11 13:25:55] OK  - no NA/Inf in at-site L-moments
[2026-08-11 13:25:55] Computed at-site L-moments for 15 stations.
[2026-08-11 13:25:55] Discordancy screening: Dcrit=3.000, removed 0 of 15 sites.
[2026-08-11 13:25:55] OK  - at least 5 stations remain after discordancy screening
[2026-08-11 13:25:55] Homogeneity iter 0: n=15, H1=0.065
[2026-08-11 13:25:55] OK  - heterogeneity H1 computed and finite
[2026-08-11 13:25:55] Final region: n=15, H1=0.015 (homogeneous)
[2026-08-11 13:25:55] OK  - goodness-of-fit Z reported for every candidate distribution
[2026-08-11 13:25:55] Distribution [24h]: GNO via auto (|Z|=0.360).
[2026-08-11 13:25:55] OK  - regional growth curve q(F) is monotone non-decreasing
[2026-08-11 13:25:55] OK  - growth factors are all positive
[2026-08-11 13:25:55] OK  - quantile depths are all positive
[2026-08-11 13:25:55] Estimation: GNO fitted; index flood = 49.92 mm; q(1e-4/AEP)=3.051.
[2026-08-11 13:25:56] Uncertainty: 500-rep bootstrap; 10,000-yr rel-RMSE=0.068, 90% band [134.3, 166.8] mm.
[2026-08-11 13:25:56] Uncertainty: 500-rep bootstrap; 10,000-yr rel-RMSE=0.042, 90% band [133.3, 152.9] mm.
[2026-08-11 13:25:56] Plots written for 24h: ratio diagram, growth-curve fit, DDF.
[2026-08-11 13:25:56] OK  - station counts reconcile (candidates 17 = used 15 + removed 2)
[2026-08-11 13:25:56] --- Duration 72h ---
[2026-08-11 13:25:56] OK  - no NA/Inf in at-site L-moments
[2026-08-11 13:25:56] Computed at-site L-moments for 15 stations.
[2026-08-11 13:25:56] Discordancy screening: Dcrit=3.000, removed 0 of 15 sites.
[2026-08-11 13:25:56] OK  - at least 5 stations remain after discordancy screening
[2026-08-11 13:25:56] Homogeneity iter 0: n=15, H1=-0.277
[2026-08-11 13:25:56] OK  - heterogeneity H1 computed and finite
[2026-08-11 13:25:56] Final region: n=15, H1=-0.310 (homogeneous)
[2026-08-11 13:25:56] OK  - goodness-of-fit Z reported for every candidate distribution
[2026-08-11 13:25:56] Distribution [72h]: PE3 via auto (|Z|=0.236).
[2026-08-11 13:25:56] OK  - regional growth curve q(F) is monotone non-decreasing
[2026-08-11 13:25:56] OK  - growth factors are all positive
[2026-08-11 13:25:56] OK  - quantile depths are all positive
[2026-08-11 13:25:56] Estimation: PE3 fitted; index flood = 55.29 mm; q(1e-4/AEP)=2.606.
[2026-08-11 13:25:56] Plots written for 72h: ratio diagram, growth-curve fit, DDF.
[2026-08-11 13:25:56] OK  - station counts reconcile (candidates 17 = used 15 + removed 2)
[2026-08-11 13:25:57]   drop 'USC00459077' -> H1 3.379 (was 3.712)
[2026-08-11 13:25:57]   drop 'CA001133300' -> H1 4.184 (was 5.032)
[2026-08-11 13:25:57] Homogeneity iter 2: n=51, H1=3.379
[2026-08-11 13:25:57] Homogeneity iter 1: n=49, H1=4.184
[2026-08-11 13:25:57] Uncertainty: 500-rep bootstrap; 10,000-yr rel-RMSE=0.042, 90% band [133.3, 152.9] mm.
[2026-08-11 13:25:57] Plots written for 72h: ratio diagram, growth-curve fit, DDF.
[2026-08-11 13:25:57] OK  - station counts reconcile (candidates 17 = used 15 + removed 2)
[2026-08-11 13:25:58] Region map written: ./outputs/figures/IL00113_region_map.png
[2026-08-11 13:25:58] Wrote 14 deliverable tables to ./outputs/tables.
[2026-08-11 13:25:58] Audit report written: ./outputs/report_IL00113.html

DONE. Headline results:
               site duration return_period_yr   AEP depth_mm depth_lo_mm
6  CARLYLE LAKE DAM      24h              100 1e-02    95.66       90.65
9  CARLYLE LAKE DAM      24h             1000 1e-03   123.07      112.38
12 CARLYLE LAKE DAM      24h            10000 1e-04   152.30      134.29
18 CARLYLE LAKE DAM      72h              100 1e-02   100.75       96.70
21 CARLYLE LAKE DAM      72h             1000 1e-03   123.07      115.82
24 CARLYLE LAKE DAM      72h            10000 1e-04   144.07      133.33
   depth_hi_mm rel_rmse
6        99.60    0.029
9       131.63    0.049
12      166.76    0.068
18      104.09    0.023
21      129.14    0.034
24      152.85    0.042

Report: ./outputs/report_IL00113.html
[2026-08-11 13:25:59] Region map written: ./outputs/figures/TX04388_region_map.png
[2026-08-11 13:25:59] Wrote 14 deliverable tables to ./outputs/tables.
[2026-08-11 13:25:59] Audit report written: ./outputs/report_TX04388.html

DONE. Headline results:
            site duration return_period_yr   AEP depth_mm depth_lo_mm
6  LAKE FORK DAM      24h              100 1e-02    95.66       90.65
9  LAKE FORK DAM      24h             1000 1e-03   123.07      112.38
12 LAKE FORK DAM      24h            10000 1e-04   152.30      134.29
18 LAKE FORK DAM      72h              100 1e-02   100.75       96.70
21 LAKE FORK DAM      72h             1000 1e-03   123.07      115.82
24 LAKE FORK DAM      72h            10000 1e-04   144.07      133.33
   depth_hi_mm rel_rmse
6        99.60    0.029
9       131.63    0.049
12      166.76    0.068
18      104.09    0.023
21      129.14    0.034
24      152.85    0.042

Report: ./outputs/report_TX04388.html
[2026-08-11 13:25:59] === SIMON FREESE DAM : 2026-08-11T13:25:59 ===
[2026-08-11 13:25:59]   drop 'USC00455133' -> H1 3.560 (was 4.184)
[2026-08-11 13:25:59] Homogeneity iter 2: n=48, H1=3.560
[2026-08-11 13:25:59]   drop 'USC00451381' -> H1 3.104 (was 3.379)
[2026-08-11 13:25:59] Homogeneity iter 3: n=50, H1=3.104
[2026-08-11 13:26:00] === TENKILLER LAKE : 2026-08-11T13:26:00 ===
[2026-08-11 13:26:01]   drop 'USS0017B04S' -> H1 3.337 (was 3.560)
GHCN: 7 stations acquired (cache data/raw/ghcn/by_station).
[2026-08-11 13:26:01] Homogeneity iter 3: n=47, H1=3.337
[2026-08-11 13:26:01]   drop 'USS0020B02S' -> H1 2.722 (was 3.104)
[2026-08-11 13:26:02] Homogeneity iter 4: n=49, H1=2.722
[2026-08-11 13:26:03]   drop 'USC00451381' -> H1 2.776 (was 3.337)
[2026-08-11 13:26:03] Homogeneity iter 4: n=46, H1=2.776
[2026-08-11 13:26:03] Acquired data: 7 candidate stations after region filter; 2 durations.
[2026-08-11 13:26:03] --- Duration 24h ---
GHCN: 50 stations acquired (cache data/raw/ghcn/by_station).
[2026-08-11 13:26:04]   drop 'USS0020B07S' -> H1 2.451 (was 2.722)
[2026-08-11 13:26:04] Homogeneity iter 5: n=48, H1=2.451
[2026-08-11 13:26:04] === ENID DAM : 2026-08-11T13:26:04 ===
GHCN download unavailable; falling back to SYNTHETIC demo data.
Generating SYNTHETIC demo data (offline) for MS01495 at (34.1583, -89.8216).
[2026-08-11 13:26:05]   drop 'USC00454446' -> H1 2.547 (was 2.776)
[2026-08-11 13:26:05] Homogeneity iter 5: n=45, H1=2.547
Demo data written for 17 stations to ./data/synthetic/MS01495 (SYNTHETIC — not real observations).
[2026-08-11 13:26:06]   drop 'USC00455133' -> H1 1.945 (was 2.451)
[2026-08-11 13:26:06] Homogeneity iter 6: n=47, H1=1.945
[2026-08-11 13:26:07]   drop 'USS0020B02S' -> H1 2.171 (was 2.547)
[2026-08-11 13:26:07] Homogeneity iter 6: n=44, H1=2.171
[2026-08-11 13:26:08]   drop 'USC00454446' -> H1 1.555 (was 1.945)
[2026-08-11 13:26:08] Homogeneity iter 7: n=46, H1=1.555
[2026-08-11 13:26:08]   drop 'USS0020B07S' -> H1 1.604 (was 2.171)
[2026-08-11 13:26:08] Homogeneity iter 7: n=43, H1=1.604
[2026-08-11 13:26:09] Acquired data: 16 candidate stations after region filter; 2 durations.
[2026-08-11 13:26:09] --- Duration 24h ---
[2026-08-11 13:26:09] OK  - no NA/Inf in at-site L-moments
[2026-08-11 13:26:09] Computed at-site L-moments for 15 stations.
[2026-08-11 13:26:09]   drop 'USC00457956' -> H1 0.999 (was 1.555)
[2026-08-11 13:26:09] Discordancy screening: Dcrit=3.000, removed 0 of 15 sites.
[2026-08-11 13:26:09] OK  - at least 5 stations remain after discordancy screening
[2026-08-11 13:26:09] Homogeneity iter 0: n=15, H1=0.065
[2026-08-11 13:26:10] Homogeneity iter 8: n=45, H1=0.999
[2026-08-11 13:26:10] OK  - heterogeneity H1 computed and finite
[2026-08-11 13:26:10] Final region: n=15, H1=0.015 (homogeneous)
[2026-08-11 13:26:10] OK  - goodness-of-fit Z reported for every candidate distribution
[2026-08-11 13:26:10] Distribution [24h]: GNO via auto (|Z|=0.360).
[2026-08-11 13:26:10] OK  - regional growth curve q(F) is monotone non-decreasing
[2026-08-11 13:26:10] OK  - growth factors are all positive
[2026-08-11 13:26:10] OK  - quantile depths are all positive
[2026-08-11 13:26:10] Estimation: GNO fitted; index flood = 49.92 mm; q(1e-4/AEP)=3.051.
[2026-08-11 13:26:10] OK  - heterogeneity H1 computed and finite
[2026-08-11 13:26:10] Final region: n=45, H1=0.978 (homogeneous)
[2026-08-11 13:26:10] OK  - goodness-of-fit Z reported for every candidate distribution
[2026-08-11 13:26:10] Distribution [24h]: GEV via auto (|Z|=0.619).
[2026-08-11 13:26:10] OK  - regional growth curve q(F) is monotone non-decreasing
[2026-08-11 13:26:10] OK  - growth factors are all positive
[2026-08-11 13:26:10] OK  - quantile depths are all positive
[2026-08-11 13:26:10] Estimation: GEV fitted; index flood = 54.19 mm; q(1e-4/AEP)=3.567.
[2026-08-11 13:26:10]   drop 'USC00459077' -> H1 1.254 (was 1.604)
[2026-08-11 13:26:10] Homogeneity iter 8: n=42, H1=1.254
[2026-08-11 13:26:10] Uncertainty: 500-rep bootstrap; 10,000-yr rel-RMSE=0.068, 90% band [134.3, 166.8] mm.
[2026-08-11 13:26:10] Plots written for 24h: ratio diagram, growth-curve fit, DDF.
[2026-08-11 13:26:10] OK  - station counts reconcile (candidates 17 = used 15 + removed 2)
[2026-08-11 13:26:10] --- Duration 72h ---
[2026-08-11 13:26:10] OK  - no NA/Inf in at-site L-moments
[2026-08-11 13:26:10] Computed at-site L-moments for 15 stations.
[2026-08-11 13:26:10] Discordancy screening: Dcrit=3.000, removed 0 of 15 sites.
[2026-08-11 13:26:10] OK  - at least 5 stations remain after discordancy screening
[2026-08-11 13:26:10] Homogeneity iter 0: n=15, H1=-0.277
[2026-08-11 13:26:10] OK  - heterogeneity H1 computed and finite
[2026-08-11 13:26:10] Final region: n=15, H1=-0.310 (homogeneous)
[2026-08-11 13:26:10] OK  - goodness-of-fit Z reported for every candidate distribution
[2026-08-11 13:26:10] Distribution [72h]: PE3 via auto (|Z|=0.236).
[2026-08-11 13:26:10] OK  - regional growth curve q(F) is monotone non-decreasing
[2026-08-11 13:26:10] OK  - growth factors are all positive
[2026-08-11 13:26:10] OK  - quantile depths are all positive
[2026-08-11 13:26:10] Estimation: PE3 fitted; index flood = 55.29 mm; q(1e-4/AEP)=2.606.
[2026-08-11 13:26:11] Uncertainty: 500-rep bootstrap; 10,000-yr rel-RMSE=0.059, 90% band [173.7, 209.3] mm.
[2026-08-11 13:26:11] Plots written for 24h: ratio diagram, growth-curve fit, DDF.
[2026-08-11 13:26:11] OK  - station counts reconcile (candidates 60 = used 45 + removed 15)
[2026-08-11 13:26:11] --- Duration 72h ---
[2026-08-11 13:26:11] OK  - no NA/Inf in at-site L-moments
[2026-08-11 13:26:11] Computed at-site L-moments for 55 stations.
[2026-08-11 13:26:11] Discordancy screening: Dcrit=3.000, removed 1 of 55 sites.
[2026-08-11 13:26:11] OK  - at least 5 stations remain after discordancy screening
[2026-08-11 13:26:11] Homogeneity iter 0: n=54, H1=3.663
[2026-08-11 13:26:11]   drop 'USC00459058' -> H1 0.830 (was 1.254)
[2026-08-11 13:26:12] Homogeneity iter 9: n=41, H1=0.830
[2026-08-11 13:26:12] OK  - heterogeneity H1 computed and finite
[2026-08-11 13:26:12] Final region: n=41, H1=0.769 (homogeneous)
[2026-08-11 13:26:12] OK  - goodness-of-fit Z reported for every candidate distribution
[2026-08-11 13:26:12] Distribution [24h]: GEV via auto (|Z|=1.400).
[2026-08-11 13:26:12] OK  - regional growth curve q(F) is monotone non-decreasing
[2026-08-11 13:26:12] OK  - growth factors are all positive
[2026-08-11 13:26:12] OK  - quantile depths are all positive
[2026-08-11 13:26:12] Estimation: GEV fitted; index flood = 45.98 mm; q(1e-4/AEP)=3.641.
[2026-08-11 13:26:12] Uncertainty: 500-rep bootstrap; 10,000-yr rel-RMSE=0.042, 90% band [133.3, 152.9] mm.
[2026-08-11 13:26:12] Plots written for 72h: ratio diagram, growth-curve fit, DDF.
[2026-08-11 13:26:12] OK  - station counts reconcile (candidates 17 = used 15 + removed 2)
[2026-08-11 13:26:13] Uncertainty: 500-rep bootstrap; 10,000-yr rel-RMSE=0.063, 90% band [148.9, 180.7] mm.
[2026-08-11 13:26:13] Plots written for 24h: ratio diagram, growth-curve fit, DDF.
[2026-08-11 13:26:13] OK  - station counts reconcile (candidates 60 = used 41 + removed 19)
[2026-08-11 13:26:13] --- Duration 72h ---
[2026-08-11 13:26:13] OK  - no NA/Inf in at-site L-moments
[2026-08-11 13:26:13] Computed at-site L-moments for 52 stations.
[2026-08-11 13:26:13] Discordancy screening: Dcrit=3.000, removed 1 of 52 sites.
[2026-08-11 13:26:13] OK  - at least 5 stations remain after discordancy screening
[2026-08-11 13:26:13] Region map written: ./outputs/figures/MS01495_region_map.png
[2026-08-11 13:26:13] Wrote 14 deliverable tables to ./outputs/tables.
[2026-08-11 13:26:13] Homogeneity iter 0: n=51, H1=4.118
[2026-08-11 13:26:13] Audit report written: ./outputs/report_MS01495.html

DONE. Headline results:
       site duration return_period_yr   AEP depth_mm depth_lo_mm depth_hi_mm
6  ENID DAM      24h              100 1e-02    95.66       90.65       99.60
9  ENID DAM      24h             1000 1e-03   123.07      112.38      131.63
12 ENID DAM      24h            10000 1e-04   152.30      134.29      166.76
18 ENID DAM      72h              100 1e-02   100.75       96.70      104.09
21 ENID DAM      72h             1000 1e-03   123.07      115.82      129.14
24 ENID DAM      72h            10000 1e-04   144.07      133.33      152.85
   rel_rmse
6     0.029
9     0.049
12    0.068
18    0.023
21    0.034
24    0.042

Report: ./outputs/report_MS01495.html
[2026-08-11 13:26:14]   drop 'USC00459058' -> H1 3.009 (was 3.663)
[2026-08-11 13:26:14] Homogeneity iter 1: n=53, H1=3.009
[2026-08-11 13:26:14] === CANYON LAKE : 2026-08-11T13:26:14 ===
[2026-08-11 13:26:15]   drop 'USC00459058' -> H1 3.672 (was 4.118)
[2026-08-11 13:26:16] Homogeneity iter 1: n=50, H1=3.672
GHCN: 11 stations acquired (cache data/raw/ghcn/by_station).
[2026-08-11 13:26:16]   drop 'USC00452007' -> H1 2.787 (was 3.009)
[2026-08-11 13:26:16] Homogeneity iter 2: n=52, H1=2.787
[2026-08-11 13:26:18]   drop 'USW00024157' -> H1 3.005 (was 3.672)
[2026-08-11 13:26:18] Homogeneity iter 2: n=49, H1=3.005
[2026-08-11 13:26:19]   drop 'USC00451381' -> H1 2.368 (was 2.787)
[2026-08-11 13:26:19] Homogeneity iter 3: n=51, H1=2.368
[2026-08-11 13:26:19] Acquired data: 11 candidate stations after region filter; 2 durations.
[2026-08-11 13:26:19] --- Duration 24h ---
[2026-08-11 13:26:19] OK  - no NA/Inf in at-site L-moments
[2026-08-11 13:26:19] Computed at-site L-moments for 10 stations.
[2026-08-11 13:26:19] Discordancy screening: Dcrit=2.491, removed 0 of 10 sites.
[2026-08-11 13:26:19] OK  - at least 5 stations remain after discordancy screening
[2026-08-11 13:26:19] Homogeneity iter 0: n=10, H1=0.351
[2026-08-11 13:26:19] OK  - heterogeneity H1 computed and finite
[2026-08-11 13:26:19] Final region: n=10, H1=0.241 (homogeneous)
[2026-08-11 13:26:19] OK  - goodness-of-fit Z reported for every candidate distribution
[2026-08-11 13:26:19] Distribution [24h]: GEV via auto (|Z|=0.479).
[2026-08-11 13:26:19] OK  - regional growth curve q(F) is monotone non-decreasing
[2026-08-11 13:26:19] OK  - growth factors are all positive
[2026-08-11 13:26:19] OK  - quantile depths are all positive
[2026-08-11 13:26:19] Estimation: GEV fitted; index flood = 93.02 mm; q(1e-4/AEP)=4.832.
[2026-08-11 13:26:20]   drop 'USC00451381' -> H1 2.785 (was 3.005)
[2026-08-11 13:26:20] Homogeneity iter 3: n=48, H1=2.785
[2026-08-11 13:26:20] Uncertainty: 500-rep bootstrap; 10,000-yr rel-RMSE=0.151, 90% band [345.6, 562.8] mm.
[2026-08-11 13:26:20] Plots written for 24h: ratio diagram, growth-curve fit, DDF.
[2026-08-11 13:26:20] OK  - station counts reconcile (candidates 11 = used 10 + removed 1)
[2026-08-11 13:26:20] --- Duration 72h ---
[2026-08-11 13:26:20] OK  - no NA/Inf in at-site L-moments
[2026-08-11 13:26:20] Computed at-site L-moments for 10 stations.
[2026-08-11 13:26:20] Discordancy screening: Dcrit=2.491, removed 0 of 10 sites.
[2026-08-11 13:26:20] OK  - at least 5 stations remain after discordancy screening
[2026-08-11 13:26:20] Homogeneity iter 0: n=10, H1=0.326
[2026-08-11 13:26:20] OK  - heterogeneity H1 computed and finite
[2026-08-11 13:26:20] Final region: n=10, H1=0.215 (homogeneous)
[2026-08-11 13:26:20] OK  - goodness-of-fit Z reported for every candidate distribution
[2026-08-11 13:26:20] Distribution [72h]: GEV via auto (|Z|=0.528).
[2026-08-11 13:26:20] OK  - regional growth curve q(F) is monotone non-decreasing
[2026-08-11 13:26:20] OK  - growth factors are all positive
[2026-08-11 13:26:20] OK  - quantile depths are all positive
[2026-08-11 13:26:20] Estimation: GEV fitted; index flood = 111.58 mm; q(1e-4/AEP)=5.203.
[2026-08-11 13:26:21] Uncertainty: 500-rep bootstrap; 10,000-yr rel-RMSE=0.155, 90% band [442.4, 729.9] mm.
[2026-08-11 13:26:21]   drop 'USC00457180' -> H1 2.027 (was 2.368)
[2026-08-11 13:26:21] Homogeneity iter 4: n=50, H1=2.027
[2026-08-11 13:26:21] Plots written for 72h: ratio diagram, growth-curve fit, DDF.
[2026-08-11 13:26:21] OK  - station counts reconcile (candidates 11 = used 10 + removed 1)
[2026-08-11 13:26:22]   drop 'USC00455133' -> H1 2.501 (was 2.785)
[2026-08-11 13:26:22] Homogeneity iter 4: n=47, H1=2.501
[2026-08-11 13:26:22] Region map written: ./outputs/figures/TX00004_region_map.png
[2026-08-11 13:26:22] Wrote 14 deliverable tables to ./outputs/tables.
[2026-08-11 13:26:22] Audit report written: ./outputs/report_TX00004.html

DONE. Headline results:
          site duration return_period_yr   AEP depth_mm depth_lo_mm depth_hi_mm
6  CANYON LAKE      24h              100 1e-02   233.13      212.11      251.57
9  CANYON LAKE      24h             1000 1e-03   333.19      279.81      384.38
12 CANYON LAKE      24h            10000 1e-04   449.52      345.60      562.75
18 CANYON LAKE      72h              100 1e-02   293.44      266.18      317.17
21 CANYON LAKE      72h             1000 1e-03   425.40      355.33      492.44
24 CANYON LAKE      72h            10000 1e-04   580.51      442.38      729.94
   rel_rmse
6     0.052
9     0.100
12    0.151
18    0.054
21    0.102
24    0.155

Report: ./outputs/report_TX00004.html
[2026-08-11 13:26:23]   drop 'USW00024157' -> H1 1.738 (was 2.027)
[2026-08-11 13:26:23] Homogeneity iter 5: n=49, H1=1.738
[2026-08-11 13:26:23] === OWYHEE : 2026-08-11T13:26:23 ===
[2026-08-11 13:26:24]   drop 'USC00454446' -> H1 2.085 (was 2.501)
[2026-08-11 13:26:24] Homogeneity iter 5: n=46, H1=2.085
[2026-08-11 13:26:24] Acquired data: 50 candidate stations after region filter; 2 durations.
[2026-08-11 13:26:24] --- Duration 24h ---
[2026-08-11 13:26:24] OK  - no NA/Inf in at-site L-moments
[2026-08-11 13:26:24] Computed at-site L-moments for 45 stations.
[2026-08-11 13:26:24] Discordancy screening: Dcrit=3.000, removed 2 of 45 sites.
[2026-08-11 13:26:24] OK  - at least 5 stations remain after discordancy screening
[2026-08-11 13:26:24] Homogeneity iter 0: n=43, H1=-1.044
[2026-08-11 13:26:25] OK  - heterogeneity H1 computed and finite
[2026-08-11 13:26:25] Final region: n=43, H1=-1.182 (homogeneous)
[2026-08-11 13:26:25] OK  - goodness-of-fit Z reported for every candidate distribution
[2026-08-11 13:26:25] Distribution [24h]: GEV via auto (|Z|=0.178).
[2026-08-11 13:26:25] OK  - regional growth curve q(F) is monotone non-decreasing
[2026-08-11 13:26:25] OK  - growth factors are all positive
[2026-08-11 13:26:25] OK  - quantile depths are all positive
[2026-08-11 13:26:25] Estimation: GEV fitted; index flood = 80.21 mm; q(1e-4/AEP)=5.111.
[2026-08-11 13:26:25]   drop 'USC00455133' -> H1 1.270 (was 1.738)
[2026-08-11 13:26:25] Homogeneity iter 6: n=48, H1=1.270
[2026-08-11 13:26:25]   drop 'USC00457180' -> H1 1.907 (was 2.085)
[2026-08-11 13:26:25] Homogeneity iter 6: n=45, H1=1.907
[2026-08-11 13:26:26] Uncertainty: 500-rep bootstrap; 10,000-yr rel-RMSE=0.080, 90% band [353.2, 445.1] mm.
[2026-08-11 13:26:26] Plots written for 24h: ratio diagram, growth-curve fit, DDF.
[2026-08-11 13:26:26] OK  - station counts reconcile (candidates 50 = used 43 + removed 7)
[2026-08-11 13:26:26] --- Duration 72h ---
[2026-08-11 13:26:26] OK  - no NA/Inf in at-site L-moments
[2026-08-11 13:26:26] Computed at-site L-moments for 45 stations.
[2026-08-11 13:26:26] Discordancy screening: Dcrit=3.000, removed 2 of 45 sites.
[2026-08-11 13:26:26] OK  - at least 5 stations remain after discordancy screening
[2026-08-11 13:26:26] Homogeneity iter 0: n=43, H1=0.797
[2026-08-11 13:26:26] OK  - heterogeneity H1 computed and finite
[2026-08-11 13:26:26] Final region: n=43, H1=0.650 (homogeneous)
[2026-08-11 13:26:26] OK  - goodness-of-fit Z reported for every candidate distribution
[2026-08-11 13:26:26] Distribution [72h]: GEV via auto (|Z|=0.067).
[2026-08-11 13:26:26] OK  - regional growth curve q(F) is monotone non-decreasing
[2026-08-11 13:26:26] OK  - growth factors are all positive
[2026-08-11 13:26:26] OK  - quantile depths are all positive
[2026-08-11 13:26:26] Estimation: GEV fitted; index flood = 96.10 mm; q(1e-4/AEP)=4.993.
[2026-08-11 13:26:27]   drop 'USC00457941' -> H1 0.946 (was 1.270)
[2026-08-11 13:26:27] Homogeneity iter 7: n=47, H1=0.946
[2026-08-11 13:26:27] OK  - heterogeneity H1 computed and finite
[2026-08-11 13:26:27] Final region: n=47, H1=0.996 (homogeneous)
[2026-08-11 13:26:27] OK  - goodness-of-fit Z reported for every candidate distribution
[2026-08-11 13:26:27] Distribution [72h]: GEV via auto (|Z|=1.787 - NOTE |Z|>1.64).
[2026-08-11 13:26:27] OK  - regional growth curve q(F) is monotone non-decreasing
[2026-08-11 13:26:27] OK  - growth factors are all positive
[2026-08-11 13:26:27] OK  - quantile depths are all positive
[2026-08-11 13:26:27] Estimation: GEV fitted; index flood = 84.79 mm; q(1e-4/AEP)=3.302.
[2026-08-11 13:26:27]   drop 'USC00457941' -> H1 1.591 (was 1.907)
[2026-08-11 13:26:27] Homogeneity iter 7: n=44, H1=1.591
[2026-08-11 13:26:28] Uncertainty: 500-rep bootstrap; 10,000-yr rel-RMSE=0.078, 90% band [413.3, 528.0] mm.
[2026-08-11 13:26:28] Plots written for 72h: ratio diagram, growth-curve fit, DDF.
[2026-08-11 13:26:28] OK  - station counts reconcile (candidates 50 = used 43 + removed 7)
[2026-08-11 13:26:28] Uncertainty: 500-rep bootstrap; 10,000-yr rel-RMSE=0.055, 90% band [252.7, 299.7] mm.
[2026-08-11 13:26:29] Plots written for 72h: ratio diagram, growth-curve fit, DDF.
[2026-08-11 13:26:29] OK  - station counts reconcile (candidates 60 = used 47 + removed 13)
[2026-08-11 13:26:29]   drop 'USC00455844' -> H1 1.383 (was 1.591)
GHCN: 60 stations acquired (cache data/raw/ghcn/by_station).
[2026-08-11 13:26:29] Homogeneity iter 8: n=43, H1=1.383
[2026-08-11 13:26:29] Region map written: ./outputs/figures/TX06386_region_map.png
[2026-08-11 13:26:29] Wrote 14 deliverable tables to ./outputs/tables.
[2026-08-11 13:26:29] Audit report written: ./outputs/report_TX06386.html

DONE. Headline results:
               site duration return_period_yr   AEP depth_mm depth_lo_mm
6  SIMON FREESE DAM      24h              100 1e-02   200.53      190.87
9  SIMON FREESE DAM      24h             1000 1e-03   294.19      266.75
12 SIMON FREESE DAM      24h            10000 1e-04   409.92      353.16
18 SIMON FREESE DAM      72h              100 1e-02   241.85      229.92
21 SIMON FREESE DAM      72h             1000 1e-03   350.22      317.89
24 SIMON FREESE DAM      72h            10000 1e-04   479.83      413.29
   depth_hi_mm rel_rmse
6       206.93    0.027
9       312.53    0.052
12      445.12    0.080
18      249.82    0.027
21      373.00    0.051
24      527.98    0.078

Report: ./outputs/report_TX06386.html
[2026-08-11 13:26:30] Region map written: ./outputs/figures/WA00261_region_map.png
[2026-08-11 13:26:30] Wrote 14 deliverable tables to ./outputs/tables.
[2026-08-11 13:26:30] Audit report written: ./outputs/report_WA00261.html

DONE. Headline results:
                         site duration return_period_yr   AEP depth_mm
6  DRY FALLS DAM & POWERPLANT      24h              100 1e-02   113.16
9  DRY FALLS DAM & POWERPLANT      24h             1000 1e-03   151.54
12 DRY FALLS DAM & POWERPLANT      24h            10000 1e-04   193.33
18 DRY FALLS DAM & POWERPLANT      72h              100 1e-02   174.32
21 DRY FALLS DAM & POWERPLANT      72h             1000 1e-03   226.80
24 DRY FALLS DAM & POWERPLANT      72h            10000 1e-04   279.97
   depth_lo_mm depth_hi_mm rel_rmse
6       109.12      116.28    0.020
9       141.14      159.82    0.039
12      173.70      209.31    0.059
18      167.85      179.04    0.020
21      211.83      237.53    0.037
24      252.75      299.71    0.055

Report: ./outputs/report_WA00261.html
[2026-08-11 13:26:30]   drop 'USS0020A12S' -> H1 0.991 (was 1.383)
[2026-08-11 13:26:30] Homogeneity iter 9: n=42, H1=0.991
[2026-08-11 13:26:30] === BAYOU BODCAU DAM : 2026-08-11T13:26:30 ===
[2026-08-11 13:26:30] OK  - heterogeneity H1 computed and finite
[2026-08-11 13:26:30] Final region: n=42, H1=1.083 (acceptably homogeneous (H1 in [1,2)))
[2026-08-11 13:26:30] OK  - goodness-of-fit Z reported for every candidate distribution
[2026-08-11 13:26:30] Distribution [72h]: GLO via auto (|Z|=1.613).
[2026-08-11 13:26:30] OK  - regional growth curve q(F) is monotone non-decreasing
[2026-08-11 13:26:30] OK  - growth factors are all positive
[2026-08-11 13:26:30] OK  - quantile depths are all positive
[2026-08-11 13:26:30] Estimation: GLO fitted; index flood = 66.03 mm; q(1e-4/AEP)=5.118.
GHCN download unavailable; falling back to SYNTHETIC demo data.
Generating SYNTHETIC demo data (offline) for LA00179 at (32.705, -93.5133).
[2026-08-11 13:26:31] === BUCHANAN DAM : 2026-08-11T13:26:31 ===
Demo data written for 17 stations to ./data/synthetic/LA00179 (SYNTHETIC — not real observations).
[2026-08-11 13:26:31] Uncertainty: 500-rep bootstrap; 10,000-yr rel-RMSE=0.080, 90% band [288.3, 363.5] mm.
[2026-08-11 13:26:32] Plots written for 72h: ratio diagram, growth-curve fit, DDF.
[2026-08-11 13:26:32] OK  - station counts reconcile (candidates 60 = used 42 + removed 18)
[2026-08-11 13:26:33] Region map written: ./outputs/figures/WA00266_region_map.png
[2026-08-11 13:26:33] Wrote 14 deliverable tables to ./outputs/tables.
[2026-08-11 13:26:33] Audit report written: ./outputs/report_WA00266.html

DONE. Headline results:
    site duration return_period_yr   AEP depth_mm depth_lo_mm depth_hi_mm
6  NORTH      24h              100 1e-02    96.32       92.68       98.97
9  NORTH      24h             1000 1e-03   130.01      120.51      136.90
12 NORTH      24h            10000 1e-04   167.43      148.91      180.69
18 NORTH      72h              100 1e-02   143.27      136.34      147.10
21 NORTH      72h             1000 1e-03   219.78      198.50      230.70
24 NORTH      72h            10000 1e-04   337.90      288.28      363.53
   rel_rmse
6     0.022
9     0.041
12    0.063
18    0.026
21    0.051
24    0.080

Report: ./outputs/report_WA00266.html
GHCN: 19 stations acquired (cache data/raw/ghcn/by_station).
[2026-08-11 13:26:34] === JOCASSEE : 2026-08-11T13:26:34 ===
[2026-08-11 13:26:36] Acquired data: 16 candidate stations after region filter; 2 durations.
[2026-08-11 13:26:36] --- Duration 24h ---
[2026-08-11 13:26:36] OK  - no NA/Inf in at-site L-moments
[2026-08-11 13:26:36] Computed at-site L-moments for 15 stations.
[2026-08-11 13:26:36] Discordancy screening: Dcrit=3.000, removed 0 of 15 sites.
[2026-08-11 13:26:36] OK  - at least 5 stations remain after discordancy screening
[2026-08-11 13:26:36] Homogeneity iter 0: n=15, H1=0.065
[2026-08-11 13:26:36] OK  - heterogeneity H1 computed and finite
[2026-08-11 13:26:36] Final region: n=15, H1=0.015 (homogeneous)
[2026-08-11 13:26:36] OK  - goodness-of-fit Z reported for every candidate distribution
[2026-08-11 13:26:36] Distribution [24h]: GNO via auto (|Z|=0.360).
[2026-08-11 13:26:36] OK  - regional growth curve q(F) is monotone non-decreasing
[2026-08-11 13:26:36] OK  - growth factors are all positive
[2026-08-11 13:26:36] OK  - quantile depths are all positive
[2026-08-11 13:26:36] Estimation: GNO fitted; index flood = 49.92 mm; q(1e-4/AEP)=3.051.
[2026-08-11 13:26:37] Uncertainty: 500-rep bootstrap; 10,000-yr rel-RMSE=0.068, 90% band [134.3, 166.8] mm.
[2026-08-11 13:26:37] Plots written for 24h: ratio diagram, growth-curve fit, DDF.
[2026-08-11 13:26:37] OK  - station counts reconcile (candidates 17 = used 15 + removed 2)
[2026-08-11 13:26:37] --- Duration 72h ---
[2026-08-11 13:26:37] OK  - no NA/Inf in at-site L-moments
[2026-08-11 13:26:37] Computed at-site L-moments for 15 stations.
[2026-08-11 13:26:37] Discordancy screening: Dcrit=3.000, removed 0 of 15 sites.
[2026-08-11 13:26:37] OK  - at least 5 stations remain after discordancy screening
[2026-08-11 13:26:37] Homogeneity iter 0: n=15, H1=-0.277
[2026-08-11 13:26:37] OK  - heterogeneity H1 computed and finite
[2026-08-11 13:26:37] Final region: n=15, H1=-0.310 (homogeneous)
[2026-08-11 13:26:37] OK  - goodness-of-fit Z reported for every candidate distribution
[2026-08-11 13:26:37] Distribution [72h]: PE3 via auto (|Z|=0.236).
[2026-08-11 13:26:37] OK  - regional growth curve q(F) is monotone non-decreasing
[2026-08-11 13:26:37] OK  - growth factors are all positive
[2026-08-11 13:26:37] OK  - quantile depths are all positive
[2026-08-11 13:26:37] Estimation: PE3 fitted; index flood = 55.29 mm; q(1e-4/AEP)=2.606.
[2026-08-11 13:26:38] Uncertainty: 500-rep bootstrap; 10,000-yr rel-RMSE=0.042, 90% band [133.3, 152.9] mm.
[2026-08-11 13:26:38] Plots written for 72h: ratio diagram, growth-curve fit, DDF.
[2026-08-11 13:26:38] OK  - station counts reconcile (candidates 17 = used 15 + removed 2)
[2026-08-11 13:26:40] Region map written: ./outputs/figures/LA00179_region_map.png
[2026-08-11 13:26:40] Wrote 14 deliverable tables to ./outputs/tables.
[2026-08-11 13:26:40] Audit report written: ./outputs/report_LA00179.html

DONE. Headline results:
               site duration return_period_yr   AEP depth_mm depth_lo_mm
6  BAYOU BODCAU DAM      24h              100 1e-02    95.66       90.65
9  BAYOU BODCAU DAM      24h             1000 1e-03   123.07      112.38
12 BAYOU BODCAU DAM      24h            10000 1e-04   152.30      134.29
18 BAYOU BODCAU DAM      72h              100 1e-02   100.75       96.70
21 BAYOU BODCAU DAM      72h             1000 1e-03   123.07      115.82
24 BAYOU BODCAU DAM      72h            10000 1e-04   144.07      133.33
   depth_hi_mm rel_rmse
6        99.60    0.029
9       131.63    0.049
12      166.76    0.068
18      104.09    0.023
21      129.14    0.034
24      152.85    0.042

Report: ./outputs/report_LA00179.html
[2026-08-11 13:26:40] Acquired data: 19 candidate stations after region filter; 2 durations.
[2026-08-11 13:26:40] --- Duration 24h ---
[2026-08-11 13:26:40] OK  - no NA/Inf in at-site L-moments
[2026-08-11 13:26:40] Computed at-site L-moments for 16 stations.
[2026-08-11 13:26:40] Discordancy screening: Dcrit=3.000, removed 0 of 16 sites.
[2026-08-11 13:26:40] OK  - at least 5 stations remain after discordancy screening
[2026-08-11 13:26:40] Homogeneity iter 0: n=16, H1=0.922
[2026-08-11 13:26:40] OK  - heterogeneity H1 computed and finite
[2026-08-11 13:26:40] Final region: n=16, H1=1.042 (acceptably homogeneous (H1 in [1,2)))
[2026-08-11 13:26:40] OK  - goodness-of-fit Z reported for every candidate distribution
[2026-08-11 13:26:40] Distribution [24h]: GEV via auto (|Z|=0.192).
[2026-08-11 13:26:40] OK  - regional growth curve q(F) is monotone non-decreasing
[2026-08-11 13:26:40] OK  - growth factors are all positive
[2026-08-11 13:26:40] OK  - quantile depths are all positive
[2026-08-11 13:26:40] Estimation: GEV fitted; index flood = 89.57 mm; q(1e-4/AEP)=4.768.
[2026-08-11 13:26:41] Uncertainty: 500-rep bootstrap; 10,000-yr rel-RMSE=0.117, 90% band [343.0, 493.0] mm.
[2026-08-11 13:26:41] Plots written for 24h: ratio diagram, growth-curve fit, DDF.
[2026-08-11 13:26:41] OK  - station counts reconcile (candidates 19 = used 16 + removed 3)
[2026-08-11 13:26:41] --- Duration 72h ---
[2026-08-11 13:26:41] OK  - no NA/Inf in at-site L-moments
[2026-08-11 13:26:41] Computed at-site L-moments for 16 stations.
[2026-08-11 13:26:41] Discordancy screening: Dcrit=3.000, removed 0 of 16 sites.
[2026-08-11 13:26:41] OK  - at least 5 stations remain after discordancy screening
[2026-08-11 13:26:41] Homogeneity iter 0: n=16, H1=-0.249
[2026-08-11 13:26:41] OK  - heterogeneity H1 computed and finite
[2026-08-11 13:26:41] Final region: n=16, H1=-0.144 (homogeneous)
[2026-08-11 13:26:41] OK  - goodness-of-fit Z reported for every candidate distribution
[2026-08-11 13:26:41] Distribution [72h]: GEV via auto (|Z|=0.768).
[2026-08-11 13:26:41] OK  - regional growth curve q(F) is monotone non-decreasing
[2026-08-11 13:26:41] OK  - growth factors are all positive
[2026-08-11 13:26:41] OK  - quantile depths are all positive
[2026-08-11 13:26:41] Estimation: GEV fitted; index flood = 107.86 mm; q(1e-4/AEP)=5.337.
[2026-08-11 13:26:41] === ALBENI FALLS : 2026-08-11T13:26:41 ===
[2026-08-11 13:26:42] Uncertainty: 500-rep bootstrap; 10,000-yr rel-RMSE=0.124, 90% band [454.5, 668.7] mm.
[2026-08-11 13:26:42] Plots written for 72h: ratio diagram, growth-curve fit, DDF.
[2026-08-11 13:26:42] OK  - station counts reconcile (candidates 19 = used 16 + removed 3)
[2026-08-11 13:26:43] Region map written: ./outputs/figures/TX00989_region_map.png
[2026-08-11 13:26:43] Wrote 14 deliverable tables to ./outputs/tables.
[2026-08-11 13:26:43] Audit report written: ./outputs/report_TX00989.html

DONE. Headline results:
           site duration return_period_yr   AEP depth_mm depth_lo_mm
6  BUCHANAN DAM      24h              100 1e-02   221.20      204.21
9  BUCHANAN DAM      24h             1000 1e-03   316.08      272.50
12 BUCHANAN DAM      24h            10000 1e-04   427.07      342.96
18 BUCHANAN DAM      72h              100 1e-02   281.70      258.80
21 BUCHANAN DAM      72h             1000 1e-03   414.26      353.25
24 BUCHANAN DAM      72h            10000 1e-04   575.66      454.51
   depth_hi_mm rel_rmse
6       232.58    0.041
9       347.62    0.077
12      492.97    0.117
18      296.55    0.043
21      457.58    0.082
24      668.72    0.124

Report: ./outputs/report_TX00989.html
[2026-08-11 13:26:44] === MILFORD DAM : 2026-08-11T13:26:44 ===
GHCN download unavailable; falling back to SYNTHETIC demo data.
Generating SYNTHETIC demo data (offline) for KS00008 at (39.0833, -96.8949).
Demo data written for 17 stations to ./data/synthetic/KS00008 (SYNTHETIC — not real observations).
GHCN: 60 stations acquired (cache data/raw/ghcn/by_station).
[2026-08-11 13:26:49] Acquired data: 16 candidate stations after region filter; 2 durations.
[2026-08-11 13:26:49] --- Duration 24h ---
[2026-08-11 13:26:49] OK  - no NA/Inf in at-site L-moments
[2026-08-11 13:26:49] Computed at-site L-moments for 15 stations.
[2026-08-11 13:26:49] Discordancy screening: Dcrit=3.000, removed 0 of 15 sites.
[2026-08-11 13:26:49] OK  - at least 5 stations remain after discordancy screening
[2026-08-11 13:26:49] Homogeneity iter 0: n=15, H1=0.065
[2026-08-11 13:26:49] OK  - heterogeneity H1 computed and finite
[2026-08-11 13:26:49] Final region: n=15, H1=0.015 (homogeneous)
[2026-08-11 13:26:49] OK  - goodness-of-fit Z reported for every candidate distribution
[2026-08-11 13:26:49] Distribution [24h]: GNO via auto (|Z|=0.360).
[2026-08-11 13:26:49] OK  - regional growth curve q(F) is monotone non-decreasing
[2026-08-11 13:26:49] OK  - growth factors are all positive
[2026-08-11 13:26:49] OK  - quantile depths are all positive
[2026-08-11 13:26:49] Estimation: GNO fitted; index flood = 49.92 mm; q(1e-4/AEP)=3.051.
[2026-08-11 13:26:50] Uncertainty: 500-rep bootstrap; 10,000-yr rel-RMSE=0.068, 90% band [134.3, 166.8] mm.
[2026-08-11 13:26:50] Plots written for 24h: ratio diagram, growth-curve fit, DDF.
[2026-08-11 13:26:50] OK  - station counts reconcile (candidates 17 = used 15 + removed 2)
[2026-08-11 13:26:50] --- Duration 72h ---
[2026-08-11 13:26:50] OK  - no NA/Inf in at-site L-moments
[2026-08-11 13:26:50] Computed at-site L-moments for 15 stations.
[2026-08-11 13:26:50] Discordancy screening: Dcrit=3.000, removed 0 of 15 sites.
[2026-08-11 13:26:50] OK  - at least 5 stations remain after discordancy screening
[2026-08-11 13:26:50] Homogeneity iter 0: n=15, H1=-0.277
[2026-08-11 13:26:50] OK  - heterogeneity H1 computed and finite
[2026-08-11 13:26:50] Final region: n=15, H1=-0.310 (homogeneous)
[2026-08-11 13:26:50] OK  - goodness-of-fit Z reported for every candidate distribution
[2026-08-11 13:26:50] Distribution [72h]: PE3 via auto (|Z|=0.236).
[2026-08-11 13:26:50] OK  - regional growth curve q(F) is monotone non-decreasing
[2026-08-11 13:26:50] OK  - growth factors are all positive
[2026-08-11 13:26:50] OK  - quantile depths are all positive
[2026-08-11 13:26:50] Estimation: PE3 fitted; index flood = 55.29 mm; q(1e-4/AEP)=2.606.
[2026-08-11 13:26:51] Uncertainty: 500-rep bootstrap; 10,000-yr rel-RMSE=0.042, 90% band [133.3, 152.9] mm.
[2026-08-11 13:26:52] Plots written for 72h: ratio diagram, growth-curve fit, DDF.
[2026-08-11 13:26:52] OK  - station counts reconcile (candidates 17 = used 15 + removed 2)
[2026-08-11 13:26:53] Region map written: ./outputs/figures/KS00008_region_map.png
[2026-08-11 13:26:53] Wrote 14 deliverable tables to ./outputs/tables.
[2026-08-11 13:26:53] Audit report written: ./outputs/report_KS00008.html

DONE. Headline results:
          site duration return_period_yr   AEP depth_mm depth_lo_mm depth_hi_mm
6  MILFORD DAM      24h              100 1e-02    95.66       90.65       99.60
9  MILFORD DAM      24h             1000 1e-03   123.07      112.38      131.63
12 MILFORD DAM      24h            10000 1e-04   152.30      134.29      166.76
18 MILFORD DAM      72h              100 1e-02   100.75       96.70      104.09
21 MILFORD DAM      72h             1000 1e-03   123.07      115.82      129.14
24 MILFORD DAM      72h            10000 1e-04   144.07      133.33      152.85
   rel_rmse
6     0.029
9     0.049
12    0.068
18    0.023
21    0.034
24    0.042

Report: ./outputs/report_KS00008.html
GHCN: 60 stations acquired (cache data/raw/ghcn/by_station).
[2026-08-11 13:26:54] === LAKE ALMANOR : 2026-08-11T13:26:54 ===
[2026-08-11 13:26:57] Acquired data: 60 candidate stations after region filter; 2 durations.
[2026-08-11 13:26:57] --- Duration 24h ---
[2026-08-11 13:26:57] OK  - no NA/Inf in at-site L-moments
[2026-08-11 13:26:57] Computed at-site L-moments for 53 stations.
[2026-08-11 13:26:57] Discordancy screening: Dcrit=3.000, removed 3 of 53 sites.
[2026-08-11 13:26:57] OK  - at least 5 stations remain after discordancy screening
[2026-08-11 13:26:57] Homogeneity iter 0: n=50, H1=2.589
[2026-08-11 13:26:59]   drop 'USC00101408' -> H1 2.186 (was 2.589)
[2026-08-11 13:26:59] Homogeneity iter 1: n=49, H1=2.186
GHCN: 60 stations acquired (cache data/raw/ghcn/by_station).
[2026-08-11 13:27:02]   drop 'USC00356405' -> H1 1.711 (was 2.186)
[2026-08-11 13:27:02] Homogeneity iter 2: n=48, H1=1.711
[2026-08-11 13:27:04]   drop 'USC00357310' -> H1 1.382 (was 1.711)
[2026-08-11 13:27:04] Homogeneity iter 3: n=47, H1=1.382
[2026-08-11 13:27:06]   drop 'USC00101636' -> H1 0.918 (was 1.382)
[2026-08-11 13:27:06] Homogeneity iter 4: n=46, H1=0.918
[2026-08-11 13:27:06] OK  - heterogeneity H1 computed and finite
[2026-08-11 13:27:06] Final region: n=46, H1=0.915 (homogeneous)
[2026-08-11 13:27:06] Acquired data: 60 candidate stations after region filter; 2 durations.
[2026-08-11 13:27:06] --- Duration 24h ---
[2026-08-11 13:27:06] OK  - no NA/Inf in at-site L-moments
[2026-08-11 13:27:06] Computed at-site L-moments for 46 stations.
[2026-08-11 13:27:06] OK  - goodness-of-fit Z reported for every candidate distribution
[2026-08-11 13:27:06] Distribution [24h]: GEV via auto (|Z|=1.978 - NOTE |Z|>1.64).
[2026-08-11 13:27:06] OK  - regional growth curve q(F) is monotone non-decreasing
[2026-08-11 13:27:06] OK  - growth factors are all positive
[2026-08-11 13:27:06] OK  - quantile depths are all positive
[2026-08-11 13:27:06] Estimation: GEV fitted; index flood = 27.78 mm; q(1e-4/AEP)=3.765.
[2026-08-11 13:27:06] Discordancy screening: Dcrit=3.000, removed 4 of 46 sites.
[2026-08-11 13:27:06] OK  - at least 5 stations remain after discordancy screening
[2026-08-11 13:27:06] Homogeneity iter 0: n=42, H1=1.605
[2026-08-11 13:27:08] Uncertainty: 500-rep bootstrap; 10,000-yr rel-RMSE=0.057, 90% band [94.0, 112.5] mm.
[2026-08-11 13:27:08] Plots written for 24h: ratio diagram, growth-curve fit, DDF.
[2026-08-11 13:27:08] OK  - station counts reconcile (candidates 60 = used 46 + removed 14)
[2026-08-11 13:27:08] --- Duration 72h ---
[2026-08-11 13:27:08] OK  - no NA/Inf in at-site L-moments
[2026-08-11 13:27:08] Computed at-site L-moments for 53 stations.
[2026-08-11 13:27:08]   drop 'USC00310843' -> H1 0.716 (was 1.605)
[2026-08-11 13:27:08] Discordancy screening: Dcrit=3.000, removed 2 of 53 sites.
[2026-08-11 13:27:08] OK  - at least 5 stations remain after discordancy screening
[2026-08-11 13:27:08] Homogeneity iter 1: n=41, H1=0.716
[2026-08-11 13:27:08] Homogeneity iter 0: n=51, H1=5.179
[2026-08-11 13:27:08] OK  - heterogeneity H1 computed and finite
[2026-08-11 13:27:08] Final region: n=41, H1=0.618 (homogeneous)
[2026-08-11 13:27:08] OK  - goodness-of-fit Z reported for every candidate distribution
[2026-08-11 13:27:08] Distribution [24h]: GEV via auto (|Z|=0.334).
[2026-08-11 13:27:08] OK  - regional growth curve q(F) is monotone non-decreasing
[2026-08-11 13:27:08] OK  - growth factors are all positive
[2026-08-11 13:27:08] OK  - quantile depths are all positive
[2026-08-11 13:27:08] Estimation: GEV fitted; index flood = 100.62 mm; q(1e-4/AEP)=3.952.
[2026-08-11 13:27:10] Uncertainty: 500-rep bootstrap; 10,000-yr rel-RMSE=0.063, 90% band [352.6, 429.9] mm.
[2026-08-11 13:27:10] Plots written for 24h: ratio diagram, growth-curve fit, DDF.
[2026-08-11 13:27:10] OK  - station counts reconcile (candidates 60 = used 41 + removed 19)
[2026-08-11 13:27:10] --- Duration 72h ---
[2026-08-11 13:27:10] OK  - no NA/Inf in at-site L-moments
[2026-08-11 13:27:10] Computed at-site L-moments for 46 stations.
[2026-08-11 13:27:10] Discordancy screening: Dcrit=3.000, removed 4 of 46 sites.
[2026-08-11 13:27:10] OK  - at least 5 stations remain after discordancy screening
[2026-08-11 13:27:10] Homogeneity iter 0: n=42, H1=2.499
[2026-08-11 13:27:11]   drop 'USC00357277' -> H1 3.830 (was 5.179)
[2026-08-11 13:27:11] Homogeneity iter 1: n=50, H1=3.830
[2026-08-11 13:27:12]   drop 'USC00312837' -> H1 1.813 (was 2.499)
[2026-08-11 13:27:12] Homogeneity iter 1: n=41, H1=1.813
[2026-08-11 13:27:13]   drop 'USC00310843' -> H1 1.277 (was 1.813)
[2026-08-11 13:27:13] Homogeneity iter 2: n=40, H1=1.277
[2026-08-11 13:27:13]   drop 'USC00101408' -> H1 3.480 (was 3.830)
[2026-08-11 13:27:13] Homogeneity iter 2: n=49, H1=3.480
[2026-08-11 13:27:15]   drop 'USW00053878' -> H1 0.835 (was 1.277)
[2026-08-11 13:27:15] Homogeneity iter 3: n=39, H1=0.835
[2026-08-11 13:27:15] OK  - heterogeneity H1 computed and finite
[2026-08-11 13:27:15] Final region: n=39, H1=0.769 (homogeneous)
[2026-08-11 13:27:15] OK  - goodness-of-fit Z reported for every candidate distribution
[2026-08-11 13:27:15] Distribution [72h]: GEV via auto (|Z|=0.969).
[2026-08-11 13:27:15] OK  - regional growth curve q(F) is monotone non-decreasing
[2026-08-11 13:27:15] OK  - growth factors are all positive
[2026-08-11 13:27:15] OK  - quantile depths are all positive
[2026-08-11 13:27:15] Estimation: GEV fitted; index flood = 131.36 mm; q(1e-4/AEP)=4.002.
[2026-08-11 13:27:16]   drop 'USS0016E10S' -> H1 2.735 (was 3.480)
[2026-08-11 13:27:16] Homogeneity iter 3: n=48, H1=2.735
[2026-08-11 13:27:16] Uncertainty: 500-rep bootstrap; 10,000-yr rel-RMSE=0.067, 90% band [462.3, 566.7] mm.
[2026-08-11 13:27:16] Plots written for 72h: ratio diagram, growth-curve fit, DDF.
[2026-08-11 13:27:16] OK  - station counts reconcile (candidates 60 = used 39 + removed 21)
[2026-08-11 13:27:17] Region map written: ./outputs/figures/SC00529_region_map.png
[2026-08-11 13:27:17] Wrote 14 deliverable tables to ./outputs/tables.
[2026-08-11 13:27:17] Audit report written: ./outputs/report_SC00529.html

DONE. Headline results:
       site duration return_period_yr   AEP depth_mm depth_lo_mm depth_hi_mm
6  JOCASSEE      24h              100 1e-02   218.75      209.95      224.44
9  JOCASSEE      24h             1000 1e-03   301.94      278.77      317.94
12 JOCASSEE      24h            10000 1e-04   397.71      352.61      429.90
18 JOCASSEE      72h              100 1e-02   284.53      272.64      291.62
21 JOCASSEE      72h             1000 1e-03   395.45      363.93      414.63
24 JOCASSEE      72h            10000 1e-04   525.66      462.35      566.72
   rel_rmse
6     0.021
9     0.041
12    0.063
18    0.022
21    0.043
24    0.067

Report: ./outputs/report_SC00529.html
[2026-08-11 13:27:18]   drop 'USC00356405' -> H1 2.215 (was 2.735)
[2026-08-11 13:27:18] Homogeneity iter 4: n=47, H1=2.215
[2026-08-11 13:27:19] === SMITH MOUNTAIN COMBINATION PUMP STORAGE : 2026-08-11T13:27:19 ===
[2026-08-11 13:27:20] Acquired data: 60 candidate stations after region filter; 2 durations.
[2026-08-11 13:27:20] --- Duration 24h ---
[2026-08-11 13:27:20] OK  - no NA/Inf in at-site L-moments
[2026-08-11 13:27:20] Computed at-site L-moments for 47 stations.
[2026-08-11 13:27:20]   drop 'USC00357310' -> H1 1.707 (was 2.215)
[2026-08-11 13:27:20] Discordancy screening: Dcrit=3.000, removed 1 of 47 sites.
[2026-08-11 13:27:20] OK  - at least 5 stations remain after discordancy screening
[2026-08-11 13:27:20] Homogeneity iter 5: n=46, H1=1.707
[2026-08-11 13:27:20] Homogeneity iter 0: n=46, H1=1.765
[2026-08-11 13:27:22]   drop 'USS0016F02S' -> H1 1.265 (was 1.707)
[2026-08-11 13:27:22] Homogeneity iter 6: n=45, H1=1.265
[2026-08-11 13:27:22]   drop 'USC00455317' -> H1 1.218 (was 1.765)
[2026-08-11 13:27:22] Homogeneity iter 1: n=45, H1=1.218
[2026-08-11 13:27:24]   drop 'USC00103760' -> H1 0.811 (was 1.265)
[2026-08-11 13:27:24] Homogeneity iter 7: n=44, H1=0.811
[2026-08-11 13:27:24] OK  - heterogeneity H1 computed and finite
[2026-08-11 13:27:24] Final region: n=44, H1=0.731 (homogeneous)
[2026-08-11 13:27:24]   drop 'USC00457180' -> H1 0.926 (was 1.218)
[2026-08-11 13:27:24] Homogeneity iter 2: n=44, H1=0.926
[2026-08-11 13:27:24] OK  - goodness-of-fit Z reported for every candidate distribution
[2026-08-11 13:27:24] Distribution [72h]: GEV via auto (|Z|=0.802).
[2026-08-11 13:27:24] OK  - regional growth curve q(F) is monotone non-decreasing
[2026-08-11 13:27:24] OK  - growth factors are all positive
[2026-08-11 13:27:24] OK  - quantile depths are all positive
[2026-08-11 13:27:24] Estimation: GEV fitted; index flood = 36.96 mm; q(1e-4/AEP)=3.038.
[2026-08-11 13:27:24] OK  - heterogeneity H1 computed and finite
[2026-08-11 13:27:24] Final region: n=44, H1=0.997 (homogeneous)
[2026-08-11 13:27:25] OK  - goodness-of-fit Z reported for every candidate distribution
[2026-08-11 13:27:25] Distribution [24h]: GEV via auto (|Z|=1.897 - NOTE |Z|>1.64).
[2026-08-11 13:27:25] OK  - regional growth curve q(F) is monotone non-decreasing
[2026-08-11 13:27:25] OK  - growth factors are all positive
[2026-08-11 13:27:25] OK  - quantile depths are all positive
[2026-08-11 13:27:25] Estimation: GEV fitted; index flood = 43.93 mm; q(1e-4/AEP)=3.363.
[2026-08-11 13:27:26] Uncertainty: 500-rep bootstrap; 10,000-yr rel-RMSE=0.045, 90% band [103.4, 119.5] mm.
[2026-08-11 13:27:26] Uncertainty: 500-rep bootstrap; 10,000-yr rel-RMSE=0.055, 90% band [133.3, 159.0] mm.
[2026-08-11 13:27:26] Plots written for 72h: ratio diagram, growth-curve fit, DDF.
[2026-08-11 13:27:26] OK  - station counts reconcile (candidates 60 = used 44 + removed 16)
[2026-08-11 13:27:26] Plots written for 24h: ratio diagram, growth-curve fit, DDF.
[2026-08-11 13:27:26] OK  - station counts reconcile (candidates 60 = used 44 + removed 16)
[2026-08-11 13:27:26] --- Duration 72h ---
[2026-08-11 13:27:26] OK  - no NA/Inf in at-site L-moments
[2026-08-11 13:27:26] Computed at-site L-moments for 47 stations.
[2026-08-11 13:27:26] Discordancy screening: Dcrit=3.000, removed 4 of 47 sites.
[2026-08-11 13:27:26] OK  - at least 5 stations remain after discordancy screening
[2026-08-11 13:27:26] Homogeneity iter 0: n=43, H1=2.009
[2026-08-11 13:27:27] Region map written: ./outputs/figures/OR00582_region_map.png
[2026-08-11 13:27:27] Wrote 14 deliverable tables to ./outputs/tables.
[2026-08-11 13:27:27] Audit report written: ./outputs/report_OR00582.html

DONE. Headline results:
     site duration return_period_yr   AEP depth_mm depth_lo_mm depth_hi_mm
6  OWYHEE      24h              100 1e-02    59.71       57.63       61.17
9  OWYHEE      24h             1000 1e-03    81.00       75.56       85.06
12 OWYHEE      24h            10000 1e-04   104.57       94.01      112.51
18 OWYHEE      72h              100 1e-02    73.87       71.70       75.56
21 OWYHEE      72h             1000 1e-03    93.56       88.52       97.52
24 OWYHEE      72h            10000 1e-04   112.28      103.44      119.47
   rel_rmse
6     0.020
9     0.038
12    0.057
18    0.017
21    0.031
24    0.045

Report: ./outputs/report_OR00582.html
[2026-08-11 13:27:28]   drop 'USC00244084' -> H1 1.631 (was 2.009)
[2026-08-11 13:27:28] Homogeneity iter 1: n=42, H1=1.631
[2026-08-11 13:27:29] === WAPPAPELLO LAKE DAM : 2026-08-11T13:27:29 ===
GHCN download unavailable; falling back to SYNTHETIC demo data.
Generating SYNTHETIC demo data (offline) for MO30204 at (36.9315, -90.2798).
Demo data written for 17 stations to ./data/synthetic/MO30204 (SYNTHETIC — not real observations).
[2026-08-11 13:27:30]   drop 'USC00245015' -> H1 1.242 (was 1.631)
[2026-08-11 13:27:30] Homogeneity iter 2: n=41, H1=1.242
[2026-08-11 13:27:31] Acquired data: 60 candidate stations after region filter; 2 durations.
[2026-08-11 13:27:31] --- Duration 24h ---
[2026-08-11 13:27:31] OK  - no NA/Inf in at-site L-moments
[2026-08-11 13:27:31] Computed at-site L-moments for 50 stations.
[2026-08-11 13:27:31] Discordancy screening: Dcrit=3.000, removed 1 of 50 sites.
[2026-08-11 13:27:31] OK  - at least 5 stations remain after discordancy screening
[2026-08-11 13:27:31] Homogeneity iter 0: n=49, H1=3.964
[2026-08-11 13:27:32]   drop 'CA001144230' -> H1 0.695 (was 1.242)
[2026-08-11 13:27:32] Homogeneity iter 3: n=40, H1=0.695
[2026-08-11 13:27:32] OK  - heterogeneity H1 computed and finite
[2026-08-11 13:27:32] Final region: n=40, H1=0.732 (homogeneous)
[2026-08-11 13:27:32] OK  - goodness-of-fit Z reported for every candidate distribution
[2026-08-11 13:27:32] Distribution [72h]: GLO via auto (|Z|=2.034 - NOTE |Z|>1.64).
[2026-08-11 13:27:32] OK  - regional growth curve q(F) is monotone non-decreasing
[2026-08-11 13:27:32] OK  - growth factors are all positive
[2026-08-11 13:27:32] OK  - quantile depths are all positive
[2026-08-11 13:27:32] Estimation: GLO fitted; index flood = 63.76 mm; q(1e-4/AEP)=4.057.
[2026-08-11 13:27:33] Uncertainty: 500-rep bootstrap; 10,000-yr rel-RMSE=0.061, 90% band [231.3, 278.1] mm.
[2026-08-11 13:27:33] Plots written for 72h: ratio diagram, growth-curve fit, DDF.
[2026-08-11 13:27:33] OK  - station counts reconcile (candidates 60 = used 40 + removed 20)
[2026-08-11 13:27:33]   drop 'USC00042506' -> H1 3.381 (was 3.964)
[2026-08-11 13:27:33] Homogeneity iter 1: n=48, H1=3.381
GHCN: 60 stations acquired (cache data/raw/ghcn/by_station).
[2026-08-11 13:27:34] Region map written: ./outputs/figures/ID00319_region_map.png
[2026-08-11 13:27:34] Wrote 14 deliverable tables to ./outputs/tables.
[2026-08-11 13:27:34] Acquired data: 16 candidate stations after region filter; 2 durations.
[2026-08-11 13:27:34] --- Duration 24h ---
[2026-08-11 13:27:34] OK  - no NA/Inf in at-site L-moments
[2026-08-11 13:27:34] Computed at-site L-moments for 15 stations.
[2026-08-11 13:27:34] Audit report written: ./outputs/report_ID00319.html

DONE. Headline results:
           site duration return_period_yr   AEP depth_mm depth_lo_mm
6  ALBENI FALLS      24h              100 1e-02    87.33       84.40
9  ALBENI FALLS      24h             1000 1e-03   116.07      108.51
12 ALBENI FALLS      24h            10000 1e-04   147.74      133.31
18 ALBENI FALLS      72h              100 1e-02   125.76      121.12
21 ALBENI FALLS      72h             1000 1e-03   180.51      168.02
24 ALBENI FALLS      72h            10000 1e-04   258.70      231.33
   depth_hi_mm rel_rmse
6        89.49    0.018
9       121.49    0.036
12      158.97    0.055
18      128.85    0.020
21      189.17    0.039
24      278.15    0.061

Report: ./outputs/report_ID00319.html
[2026-08-11 13:27:34] Discordancy screening: Dcrit=3.000, removed 0 of 15 sites.
[2026-08-11 13:27:34] OK  - at least 5 stations remain after discordancy screening
[2026-08-11 13:27:34] Homogeneity iter 0: n=15, H1=0.065
[2026-08-11 13:27:34] OK  - heterogeneity H1 computed and finite
[2026-08-11 13:27:34] Final region: n=15, H1=0.015 (homogeneous)
[2026-08-11 13:27:34] OK  - goodness-of-fit Z reported for every candidate distribution
[2026-08-11 13:27:34] Distribution [24h]: GNO via auto (|Z|=0.360).
[2026-08-11 13:27:34] OK  - regional growth curve q(F) is monotone non-decreasing
[2026-08-11 13:27:34] OK  - growth factors are all positive
[2026-08-11 13:27:34] OK  - quantile depths are all positive
[2026-08-11 13:27:34] Estimation: GNO fitted; index flood = 49.92 mm; q(1e-4/AEP)=3.051.
[2026-08-11 13:27:35] Uncertainty: 500-rep bootstrap; 10,000-yr rel-RMSE=0.068, 90% band [134.3, 166.8] mm.
[2026-08-11 13:27:35] Plots written for 24h: ratio diagram, growth-curve fit, DDF.
[2026-08-11 13:27:35] OK  - station counts reconcile (candidates 17 = used 15 + removed 2)
[2026-08-11 13:27:35] --- Duration 72h ---
[2026-08-11 13:27:35] OK  - no NA/Inf in at-site L-moments
[2026-08-11 13:27:35] Computed at-site L-moments for 15 stations.
[2026-08-11 13:27:35] Discordancy screening: Dcrit=3.000, removed 0 of 15 sites.
[2026-08-11 13:27:35] OK  - at least 5 stations remain after discordancy screening
[2026-08-11 13:27:35] Homogeneity iter 0: n=15, H1=-0.277
[2026-08-11 13:27:35] OK  - heterogeneity H1 computed and finite
[2026-08-11 13:27:35] Final region: n=15, H1=-0.310 (homogeneous)
[2026-08-11 13:27:35] OK  - goodness-of-fit Z reported for every candidate distribution
[2026-08-11 13:27:35] Distribution [72h]: PE3 via auto (|Z|=0.236).
[2026-08-11 13:27:35] OK  - regional growth curve q(F) is monotone non-decreasing
[2026-08-11 13:27:35] OK  - growth factors are all positive
[2026-08-11 13:27:35] OK  - quantile depths are all positive
[2026-08-11 13:27:35] Estimation: PE3 fitted; index flood = 55.29 mm; q(1e-4/AEP)=2.606.
[2026-08-11 13:27:36] === GLEN ELDER : 2026-08-11T13:27:36 ===
[2026-08-11 13:27:36]   drop 'USC00042504' -> H1 2.314 (was 3.381)
[2026-08-11 13:27:36] Homogeneity iter 2: n=47, H1=2.314
[2026-08-11 13:27:37] Uncertainty: 500-rep bootstrap; 10,000-yr rel-RMSE=0.042, 90% band [133.3, 152.9] mm.
[2026-08-11 13:27:37] Plots written for 72h: ratio diagram, growth-curve fit, DDF.
[2026-08-11 13:27:37] OK  - station counts reconcile (candidates 17 = used 15 + removed 2)
[2026-08-11 13:27:38]   drop 'USC00048702' -> H1 1.553 (was 2.314)
[2026-08-11 13:27:38] Homogeneity iter 3: n=46, H1=1.553
[2026-08-11 13:27:38] Region map written: ./outputs/figures/MO30204_region_map.png
[2026-08-11 13:27:38] Wrote 14 deliverable tables to ./outputs/tables.
[2026-08-11 13:27:38] Audit report written: ./outputs/report_MO30204.html

DONE. Headline results:
                  site duration return_period_yr   AEP depth_mm depth_lo_mm
6  WAPPAPELLO LAKE DAM      24h              100 1e-02    95.66       90.65
9  WAPPAPELLO LAKE DAM      24h             1000 1e-03   123.07      112.38
12 WAPPAPELLO LAKE DAM      24h            10000 1e-04   152.30      134.29
18 WAPPAPELLO LAKE DAM      72h              100 1e-02   100.75       96.70
21 WAPPAPELLO LAKE DAM      72h             1000 1e-03   123.07      115.82
24 WAPPAPELLO LAKE DAM      72h            10000 1e-04   144.07      133.33
   depth_hi_mm rel_rmse
6        99.60    0.029
9       131.63    0.049
12      166.76    0.068
18      104.09    0.023
21      129.14    0.034
24      152.85    0.042

Report: ./outputs/report_MO30204.html
[2026-08-11 13:27:39] === PATHFINDER DIKE : 2026-08-11T13:27:39 ===
[2026-08-11 13:27:40]   drop 'USC00049351' -> H1 0.909 (was 1.553)
[2026-08-11 13:27:40] Homogeneity iter 4: n=45, H1=0.909
[2026-08-11 13:27:40] OK  - heterogeneity H1 computed and finite
[2026-08-11 13:27:40] Final region: n=45, H1=0.864 (homogeneous)
[2026-08-11 13:27:40] OK  - goodness-of-fit Z reported for every candidate distribution
[2026-08-11 13:27:40] Distribution [24h]: GEV via auto (|Z|=1.339).
[2026-08-11 13:27:40] OK  - regional growth curve q(F) is monotone non-decreasing
[2026-08-11 13:27:40] OK  - growth factors are all positive
[2026-08-11 13:27:40] OK  - quantile depths are all positive
[2026-08-11 13:27:40] Estimation: GEV fitted; index flood = 100.86 mm; q(1e-4/AEP)=3.621.
GHCN: 60 stations acquired (cache data/raw/ghcn/by_station).
[2026-08-11 13:27:42] Uncertainty: 500-rep bootstrap; 10,000-yr rel-RMSE=0.053, 90% band [330.6, 391.1] mm.
[2026-08-11 13:27:42] Plots written for 24h: ratio diagram, growth-curve fit, DDF.
[2026-08-11 13:27:42] OK  - station counts reconcile (candidates 60 = used 45 + removed 15)
[2026-08-11 13:27:42] --- Duration 72h ---
[2026-08-11 13:27:42] OK  - no NA/Inf in at-site L-moments
[2026-08-11 13:27:42] Computed at-site L-moments for 50 stations.
[2026-08-11 13:27:42] Discordancy screening: Dcrit=3.000, removed 2 of 50 sites.
[2026-08-11 13:27:42] OK  - at least 5 stations remain after discordancy screening
[2026-08-11 13:27:42] Homogeneity iter 0: n=48, H1=4.990
GHCN: 60 stations acquired (cache data/raw/ghcn/by_station).
[2026-08-11 13:27:45]   drop 'USC00042506' -> H1 3.906 (was 4.990)
[2026-08-11 13:27:45] Homogeneity iter 1: n=47, H1=3.906
[2026-08-11 13:27:47]   drop 'USC00042504' -> H1 3.232 (was 3.906)
[2026-08-11 13:27:47] Homogeneity iter 2: n=46, H1=3.232
[2026-08-11 13:27:49]   drop 'USC00049390' -> H1 2.210 (was 3.232)
[2026-08-11 13:27:49] Homogeneity iter 3: n=45, H1=2.210
[2026-08-11 13:27:51]   drop 'USC00048702' -> H1 1.562 (was 2.210)
[2026-08-11 13:27:51] Homogeneity iter 4: n=44, H1=1.562
[2026-08-11 13:27:53]   drop 'USC00049351' -> H1 0.994 (was 1.562)
[2026-08-11 13:27:53] Homogeneity iter 5: n=43, H1=0.994
[2026-08-11 13:27:53] OK  - heterogeneity H1 computed and finite
[2026-08-11 13:27:53] Final region: n=43, H1=1.016 (acceptably homogeneous (H1 in [1,2)))
[2026-08-11 13:27:53] OK  - goodness-of-fit Z reported for every candidate distribution
[2026-08-11 13:27:53] Distribution [72h]: GEV via auto (|Z|=1.820 - NOTE |Z|>1.64).
[2026-08-11 13:27:53] OK  - regional growth curve q(F) is monotone non-decreasing
[2026-08-11 13:27:53] OK  - growth factors are all positive
[2026-08-11 13:27:53] OK  - quantile depths are all positive
[2026-08-11 13:27:53] Estimation: GEV fitted; index flood = 169.52 mm; q(1e-4/AEP)=4.400.
[2026-08-11 13:27:55] Uncertainty: 500-rep bootstrap; 10,000-yr rel-RMSE=0.063, 90% band [662.6, 805.1] mm.
[2026-08-11 13:27:55] Plots written for 72h: ratio diagram, growth-curve fit, DDF.
[2026-08-11 13:27:55] OK  - station counts reconcile (candidates 60 = used 43 + removed 17)
[2026-08-11 13:27:56] Region map written: ./outputs/figures/CA00327_region_map.png
[2026-08-11 13:27:56] Wrote 14 deliverable tables to ./outputs/tables.
[2026-08-11 13:27:56] Audit report written: ./outputs/report_CA00327.html

DONE. Headline results:
           site duration return_period_yr   AEP depth_mm depth_lo_mm
6  LAKE ALMANOR      24h              100 1e-02   216.52      209.02
9  LAKE ALMANOR      24h             1000 1e-03   288.76      270.21
12 LAKE ALMANOR      24h            10000 1e-04   365.24      330.63
18 LAKE ALMANOR      72h              100 1e-02   401.80      384.89
21 LAKE ALMANOR      72h             1000 1e-03   562.75      520.67
24 LAKE ALMANOR      72h            10000 1e-04   745.91      662.60
   depth_hi_mm rel_rmse
6       221.51    0.019
9       302.06    0.035
12      391.05    0.053
18      413.23    0.022
21      592.06    0.042
24      805.12    0.063

Report: ./outputs/report_CA00327.html
[2026-08-11 13:27:57] === BOR SOLDIER CREEK : 2026-08-11T13:27:57 ===
[2026-08-11 13:27:57] Acquired data: 60 candidate stations after region filter; 2 durations.
[2026-08-11 13:27:57] --- Duration 24h ---
[2026-08-11 13:27:57] OK  - no NA/Inf in at-site L-moments
[2026-08-11 13:27:57] Computed at-site L-moments for 51 stations.
[2026-08-11 13:27:58] Discordancy screening: Dcrit=3.000, removed 2 of 51 sites.
[2026-08-11 13:27:58] OK  - at least 5 stations remain after discordancy screening
[2026-08-11 13:27:58] Homogeneity iter 0: n=49, H1=3.832
[2026-08-11 13:28:00]   drop 'USC00465672' -> H1 3.235 (was 3.832)
[2026-08-11 13:28:00] Homogeneity iter 1: n=48, H1=3.235
[2026-08-11 13:28:02]   drop 'USC00461215' -> H1 2.861 (was 3.235)
GHCN: 60 stations acquired (cache data/raw/ghcn/by_station).
[2026-08-11 13:28:02] Homogeneity iter 2: n=47, H1=2.861
[2026-08-11 13:28:04]   drop 'USC00460355' -> H1 2.572 (was 2.861)
[2026-08-11 13:28:04] Homogeneity iter 3: n=46, H1=2.572
[2026-08-11 13:28:05] Acquired data: 60 candidate stations after region filter; 2 durations.
[2026-08-11 13:28:05] --- Duration 24h ---
[2026-08-11 13:28:05] OK  - no NA/Inf in at-site L-moments
[2026-08-11 13:28:05] Computed at-site L-moments for 39 stations.
[2026-08-11 13:28:05] Discordancy screening: Dcrit=3.000, removed 0 of 39 sites.
[2026-08-11 13:28:05] OK  - at least 5 stations remain after discordancy screening
[2026-08-11 13:28:05] Homogeneity iter 0: n=39, H1=0.755
[2026-08-11 13:28:05] OK  - heterogeneity H1 computed and finite
[2026-08-11 13:28:05] Final region: n=39, H1=0.805 (homogeneous)
[2026-08-11 13:28:05] OK  - goodness-of-fit Z reported for every candidate distribution
[2026-08-11 13:28:05] Distribution [24h]: GLO via auto (|Z|=1.179).
[2026-08-11 13:28:05] OK  - regional growth curve q(F) is monotone non-decreasing
[2026-08-11 13:28:05] OK  - growth factors are all positive
[2026-08-11 13:28:05] OK  - quantile depths are all positive
[2026-08-11 13:28:05] Estimation: GLO fitted; index flood = 34.31 mm; q(1e-4/AEP)=7.458.
[2026-08-11 13:28:06]   drop 'USC00318158' -> H1 2.130 (was 2.572)
[2026-08-11 13:28:06] Homogeneity iter 4: n=45, H1=2.130
[2026-08-11 13:28:07] Uncertainty: 500-rep bootstrap; 10,000-yr rel-RMSE=0.095, 90% band [209.9, 275.1] mm.
[2026-08-11 13:28:07] Plots written for 24h: ratio diagram, growth-curve fit, DDF.
[2026-08-11 13:28:07] OK  - station counts reconcile (candidates 60 = used 39 + removed 21)
[2026-08-11 13:28:07] --- Duration 72h ---
[2026-08-11 13:28:07] OK  - no NA/Inf in at-site L-moments
[2026-08-11 13:28:07] Computed at-site L-moments for 39 stations.
[2026-08-11 13:28:07] Discordancy screening: Dcrit=3.000, removed 0 of 39 sites.
[2026-08-11 13:28:07] OK  - at least 5 stations remain after discordancy screening
[2026-08-11 13:28:07] Homogeneity iter 0: n=39, H1=1.915
[2026-08-11 13:28:07] Acquired data: 60 candidate stations after region filter; 2 durations.
[2026-08-11 13:28:07] --- Duration 24h ---
[2026-08-11 13:28:07] OK  - no NA/Inf in at-site L-moments
[2026-08-11 13:28:07] Computed at-site L-moments for 42 stations.
[2026-08-11 13:28:07] Discordancy screening: Dcrit=3.000, removed 3 of 42 sites.
[2026-08-11 13:28:07] OK  - at least 5 stations remain after discordancy screening
[2026-08-11 13:28:07] Homogeneity iter 0: n=39, H1=-0.030
[2026-08-11 13:28:08]   drop 'USC00467455' -> H1 1.759 (was 2.130)
[2026-08-11 13:28:08] OK  - heterogeneity H1 computed and finite
[2026-08-11 13:28:08] Final region: n=39, H1=0.011 (homogeneous)
[2026-08-11 13:28:08] Homogeneity iter 5: n=44, H1=1.759
[2026-08-11 13:28:08] OK  - goodness-of-fit Z reported for every candidate distribution
[2026-08-11 13:28:08] Distribution [24h]: GEV via auto (|Z|=0.639).
[2026-08-11 13:28:08] OK  - regional growth curve q(F) is monotone non-decreasing
[2026-08-11 13:28:08] OK  - growth factors are all positive
[2026-08-11 13:28:08] OK  - quantile depths are all positive
[2026-08-11 13:28:08] Estimation: GEV fitted; index flood = 68.73 mm; q(1e-4/AEP)=4.466.
[2026-08-11 13:28:08]   drop 'USS0007H03S' -> H1 1.574 (was 1.915)
[2026-08-11 13:28:08] Homogeneity iter 1: n=38, H1=1.574
[2026-08-11 13:28:09] Uncertainty: 500-rep bootstrap; 10,000-yr rel-RMSE=0.058, 90% band [274.6, 329.0] mm.
[2026-08-11 13:28:09] Plots written for 24h: ratio diagram, growth-curve fit, DDF.
[2026-08-11 13:28:09] OK  - station counts reconcile (candidates 60 = used 39 + removed 21)
[2026-08-11 13:28:09] --- Duration 72h ---
[2026-08-11 13:28:09] OK  - no NA/Inf in at-site L-moments
[2026-08-11 13:28:09] Computed at-site L-moments for 42 stations.
[2026-08-11 13:28:09] Discordancy screening: Dcrit=3.000, removed 3 of 42 sites.
[2026-08-11 13:28:09] OK  - at least 5 stations remain after discordancy screening
[2026-08-11 13:28:09] Homogeneity iter 0: n=39, H1=-0.174
[2026-08-11 13:28:09]   drop 'USC00447330' -> H1 1.483 (was 1.759)
[2026-08-11 13:28:09] Homogeneity iter 6: n=43, H1=1.483
[2026-08-11 13:28:09] OK  - heterogeneity H1 computed and finite
[2026-08-11 13:28:09] Final region: n=39, H1=-0.084 (homogeneous)
[2026-08-11 13:28:09] OK  - goodness-of-fit Z reported for every candidate distribution
[2026-08-11 13:28:09] Distribution [72h]: GEV via auto (|Z|=1.143).
[2026-08-11 13:28:09] OK  - regional growth curve q(F) is monotone non-decreasing
[2026-08-11 13:28:09] OK  - growth factors are all positive
[2026-08-11 13:28:09] OK  - quantile depths are all positive
[2026-08-11 13:28:09] Estimation: GEV fitted; index flood = 80.37 mm; q(1e-4/AEP)=3.365.
[2026-08-11 13:28:09]   drop 'USC00488808' -> H1 1.130 (was 1.574)
[2026-08-11 13:28:10] Homogeneity iter 2: n=37, H1=1.130
[2026-08-11 13:28:11]   drop 'USW00024019' -> H1 0.925 (was 1.130)
[2026-08-11 13:28:11] Homogeneity iter 3: n=36, H1=0.925
[2026-08-11 13:28:11] Uncertainty: 500-rep bootstrap; 10,000-yr rel-RMSE=0.046, 90% band [248.4, 289.6] mm.
[2026-08-11 13:28:11] OK  - heterogeneity H1 computed and finite
[2026-08-11 13:28:11] Final region: n=36, H1=1.024 (acceptably homogeneous (H1 in [1,2)))
[2026-08-11 13:28:11] OK  - goodness-of-fit Z reported for every candidate distribution
[2026-08-11 13:28:11] Distribution [72h]: GEV via auto (|Z|=1.020).
[2026-08-11 13:28:11] OK  - regional growth curve q(F) is monotone non-decreasing
[2026-08-11 13:28:11] OK  - growth factors are all positive
[2026-08-11 13:28:11] OK  - quantile depths are all positive
[2026-08-11 13:28:11] Estimation: GEV fitted; index flood = 42.91 mm; q(1e-4/AEP)=4.435.
[2026-08-11 13:28:11] Plots written for 72h: ratio diagram, growth-curve fit, DDF.
[2026-08-11 13:28:11] OK  - station counts reconcile (candidates 60 = used 39 + removed 21)
[2026-08-11 13:28:11]   drop 'USC00446199' -> H1 1.143 (was 1.483)
[2026-08-11 13:28:11] Homogeneity iter 7: n=42, H1=1.143
[2026-08-11 13:28:12] Region map written: ./outputs/figures/KS00021_region_map.png
[2026-08-11 13:28:12] Wrote 14 deliverable tables to ./outputs/tables.
[2026-08-11 13:28:12] Audit report written: ./outputs/report_KS00021.html

DONE. Headline results:
         site duration return_period_yr   AEP depth_mm depth_lo_mm depth_hi_mm
6  GLEN ELDER      24h              100 1e-02   161.01      155.24      165.04
9  GLEN ELDER      24h             1000 1e-03   228.06      211.95      238.77
12 GLEN ELDER      24h            10000 1e-04   306.95      274.56      328.95
18 GLEN ELDER      72h              100 1e-02   169.68      164.64      173.77
21 GLEN ELDER      72h             1000 1e-03   220.30      208.18      230.72
24 GLEN ELDER      72h            10000 1e-04   270.43      248.44      289.56
   rel_rmse
6     0.020
9     0.038
12    0.058
18    0.017
21    0.031
24    0.046

Report: ./outputs/report_KS00021.html
[2026-08-11 13:28:12] Uncertainty: 500-rep bootstrap; 10,000-yr rel-RMSE=0.071, 90% band [165.5, 207.8] mm.
[2026-08-11 13:28:12] Plots written for 72h: ratio diagram, growth-curve fit, DDF.
[2026-08-11 13:28:12] OK  - station counts reconcile (candidates 60 = used 36 + removed 24)
[2026-08-11 13:28:13]   drop 'USC00447004' -> H1 0.892 (was 1.143)
[2026-08-11 13:28:13] Homogeneity iter 8: n=41, H1=0.892
[2026-08-11 13:28:13] OK  - heterogeneity H1 computed and finite
[2026-08-11 13:28:13] Final region: n=41, H1=0.899 (homogeneous)
[2026-08-11 13:28:13] OK  - goodness-of-fit Z reported for every candidate distribution
[2026-08-11 13:28:13] Distribution [24h]: GLO via auto (|Z|=1.728 - NOTE |Z|>1.64).
[2026-08-11 13:28:13] OK  - regional growth curve q(F) is monotone non-decreasing
[2026-08-11 13:28:13] OK  - growth factors are all positive
[2026-08-11 13:28:13] OK  - quantile depths are all positive
[2026-08-11 13:28:13] Estimation: GLO fitted; index flood = 71.11 mm; q(1e-4/AEP)=5.168.
[2026-08-11 13:28:13] === GLENDO DIKE NO. 2 : 2026-08-11T13:28:13 ===
[2026-08-11 13:28:14] Region map written: ./outputs/figures/WY01295_region_map.png
[2026-08-11 13:28:14] Wrote 14 deliverable tables to ./outputs/tables.
[2026-08-11 13:28:14] Audit report written: ./outputs/report_WY01295.html

DONE. Headline results:
              site duration return_period_yr   AEP depth_mm depth_lo_mm
6  PATHFINDER DIKE      24h              100 1e-02    89.55       84.19
9  PATHFINDER DIKE      24h             1000 1e-03   151.52      133.83
12 PATHFINDER DIKE      24h            10000 1e-04   255.87      209.91
18 PATHFINDER DIKE      72h              100 1e-02   103.92       98.82
21 PATHFINDER DIKE      72h             1000 1e-03   144.82      131.87
24 PATHFINDER DIKE      72h            10000 1e-04   190.30      165.48
   depth_hi_mm rel_rmse
6        91.95    0.032
9       159.00    0.062
12      275.10    0.095
18      107.27    0.025
21      153.72    0.048
24      207.83    0.071

Report: ./outputs/report_WY01295.html
[2026-08-11 13:28:14] Uncertainty: 500-rep bootstrap; 10,000-yr rel-RMSE=0.078, 90% band [317.5, 397.5] mm.
[2026-08-11 13:28:14] Plots written for 24h: ratio diagram, growth-curve fit, DDF.
[2026-08-11 13:28:14] OK  - station counts reconcile (candidates 60 = used 41 + removed 19)
[2026-08-11 13:28:14] --- Duration 72h ---
[2026-08-11 13:28:14] OK  - no NA/Inf in at-site L-moments
[2026-08-11 13:28:14] Computed at-site L-moments for 51 stations.
[2026-08-11 13:28:14] Discordancy screening: Dcrit=3.000, removed 3 of 51 sites.
[2026-08-11 13:28:14] OK  - at least 5 stations remain after discordancy screening
[2026-08-11 13:28:14] Homogeneity iter 0: n=48, H1=4.117
[2026-08-11 13:28:15] === GLENDO DIKE NO. 1 : 2026-08-11T13:28:15 ===
[2026-08-11 13:28:16]   drop 'USC00465672' -> H1 3.461 (was 4.117)
[2026-08-11 13:28:16] Homogeneity iter 1: n=47, H1=3.461
GHCN: 60 stations acquired (cache data/raw/ghcn/by_station).
[2026-08-11 13:28:18]   drop 'USC00318158' -> H1 2.834 (was 3.461)
[2026-08-11 13:28:18] Homogeneity iter 2: n=46, H1=2.834
GHCN: 60 stations acquired (cache data/raw/ghcn/by_station).
[2026-08-11 13:28:20]   drop 'USC00441999' -> H1 2.173 (was 2.834)
[2026-08-11 13:28:20] Homogeneity iter 3: n=45, H1=2.173
[2026-08-11 13:28:22]   drop 'USC00447330' -> H1 1.647 (was 2.173)
[2026-08-11 13:28:22] Homogeneity iter 4: n=44, H1=1.647
[2026-08-11 13:28:24]   drop 'USC00445685' -> H1 1.109 (was 1.647)
[2026-08-11 13:28:24] Homogeneity iter 5: n=43, H1=1.109
[2026-08-11 13:28:25] Acquired data: 60 candidate stations after region filter; 2 durations.
[2026-08-11 13:28:25] --- Duration 24h ---
[2026-08-11 13:28:25] OK  - no NA/Inf in at-site L-moments
[2026-08-11 13:28:25] Computed at-site L-moments for 43 stations.
[2026-08-11 13:28:25] Discordancy screening: Dcrit=3.000, removed 1 of 43 sites.
[2026-08-11 13:28:25] OK  - at least 5 stations remain after discordancy screening
[2026-08-11 13:28:25] Homogeneity iter 0: n=42, H1=4.120
[2026-08-11 13:28:26]   drop 'USC00447971' -> H1 0.517 (was 1.109)
[2026-08-11 13:28:26] Homogeneity iter 6: n=42, H1=0.517
[2026-08-11 13:28:26] OK  - heterogeneity H1 computed and finite
[2026-08-11 13:28:26] Final region: n=42, H1=0.511 (homogeneous)
[2026-08-11 13:28:26] OK  - goodness-of-fit Z reported for every candidate distribution
[2026-08-11 13:28:26] Distribution [72h]: GEV via auto (|Z|=1.324).
[2026-08-11 13:28:26] OK  - regional growth curve q(F) is monotone non-decreasing
[2026-08-11 13:28:26] OK  - growth factors are all positive
[2026-08-11 13:28:26] OK  - quantile depths are all positive
[2026-08-11 13:28:26] Estimation: GEV fitted; index flood = 87.67 mm; q(1e-4/AEP)=3.211.
[2026-08-11 13:28:26]   drop 'USC00426919' -> H1 3.335 (was 4.120)
[2026-08-11 13:28:26] Homogeneity iter 1: n=41, H1=3.335
[2026-08-11 13:28:27] Uncertainty: 500-rep bootstrap; 10,000-yr rel-RMSE=0.055, 90% band [254.1, 301.9] mm.
[2026-08-11 13:28:27] Plots written for 72h: ratio diagram, growth-curve fit, DDF.
[2026-08-11 13:28:27] OK  - station counts reconcile (candidates 60 = used 42 + removed 18)
[2026-08-11 13:28:28]   drop 'USC00427064' -> H1 2.658 (was 3.335)
[2026-08-11 13:28:28] Homogeneity iter 2: n=40, H1=2.658
[2026-08-11 13:28:29] Region map written: ./outputs/figures/VA01902_region_map.png
[2026-08-11 13:28:29] Wrote 14 deliverable tables to ./outputs/tables.
[2026-08-11 13:28:29] Audit report written: ./outputs/report_VA01902.html

DONE. Headline results:
                                      site duration return_period_yr   AEP
6  SMITH MOUNTAIN COMBINATION PUMP STORAGE      24h              100 1e-02
9  SMITH MOUNTAIN COMBINATION PUMP STORAGE      24h             1000 1e-03
12 SMITH MOUNTAIN COMBINATION PUMP STORAGE      24h            10000 1e-04
18 SMITH MOUNTAIN COMBINATION PUMP STORAGE      72h              100 1e-02
21 SMITH MOUNTAIN COMBINATION PUMP STORAGE      72h             1000 1e-03
24 SMITH MOUNTAIN COMBINATION PUMP STORAGE      72h            10000 1e-04
   depth_mm depth_lo_mm depth_hi_mm rel_rmse
6    152.30      145.53      156.33    0.025
9    235.63      214.95      247.90    0.049
12   367.50      317.46      397.53    0.078
18   173.55      167.51      177.71    0.019
21   226.30      211.26      236.40    0.036
24   281.50      254.08      301.93    0.055

Report: ./outputs/report_VA01902.html
[2026-08-11 13:28:29]   drop 'USC00427686' -> H1 2.225 (was 2.658)
[2026-08-11 13:28:29] Homogeneity iter 3: n=39, H1=2.225
[2026-08-11 13:28:30] === GLENDO DIKE NO. 3 : 2026-08-11T13:28:30 ===
[2026-08-11 13:28:30]   drop 'USS0010J18S' -> H1 1.902 (was 2.225)
[2026-08-11 13:28:30] Homogeneity iter 4: n=38, H1=1.902
[2026-08-11 13:28:32]   drop 'USC00422057' -> H1 1.544 (was 1.902)
[2026-08-11 13:28:32] Homogeneity iter 5: n=37, H1=1.544
[2026-08-11 13:28:33]   drop 'USC00427015' -> H1 1.301 (was 1.544)
[2026-08-11 13:28:33] Homogeneity iter 6: n=36, H1=1.301
[2026-08-11 13:28:34]   drop 'USS0011J08S' -> H1 1.052 (was 1.301)
[2026-08-11 13:28:34] Homogeneity iter 7: n=35, H1=1.052
GHCN: 60 stations acquired (cache data/raw/ghcn/by_station).
[2026-08-11 13:28:35]   drop 'USW00093141' -> H1 0.789 (was 1.052)
[2026-08-11 13:28:35] Homogeneity iter 8: n=34, H1=0.789
[2026-08-11 13:28:35] OK  - heterogeneity H1 computed and finite
[2026-08-11 13:28:35] Final region: n=34, H1=0.716 (homogeneous)
[2026-08-11 13:28:35] OK  - goodness-of-fit Z reported for every candidate distribution
[2026-08-11 13:28:35] Distribution [24h]: GEV via auto (|Z|=1.589).
[2026-08-11 13:28:35] OK  - regional growth curve q(F) is monotone non-decreasing
[2026-08-11 13:28:35] OK  - growth factors are all positive
[2026-08-11 13:28:35] OK  - quantile depths are all positive
[2026-08-11 13:28:35] Estimation: GEV fitted; index flood = 35.62 mm; q(1e-4/AEP)=3.289.
[2026-08-11 13:28:36] Uncertainty: 500-rep bootstrap; 10,000-yr rel-RMSE=0.058, 90% band [105.1, 126.9] mm.
[2026-08-11 13:28:36] Plots written for 24h: ratio diagram, growth-curve fit, DDF.
[2026-08-11 13:28:36] OK  - station counts reconcile (candidates 60 = used 34 + removed 26)
[2026-08-11 13:28:36] --- Duration 72h ---
[2026-08-11 13:28:36] OK  - no NA/Inf in at-site L-moments
[2026-08-11 13:28:36] Computed at-site L-moments for 43 stations.
[2026-08-11 13:28:37] Discordancy screening: Dcrit=3.000, removed 1 of 43 sites.
[2026-08-11 13:28:37] OK  - at least 5 stations remain after discordancy screening
[2026-08-11 13:28:37] Homogeneity iter 0: n=42, H1=1.969
[2026-08-11 13:28:38]   drop 'USC00422057' -> H1 1.214 (was 1.969)
[2026-08-11 13:28:38] Homogeneity iter 1: n=41, H1=1.214
[2026-08-11 13:28:40]   drop 'USC00426919' -> H1 0.766 (was 1.214)
[2026-08-11 13:28:40] Homogeneity iter 2: n=40, H1=0.766
[2026-08-11 13:28:40] Acquired data: 60 candidate stations after region filter; 2 durations.
[2026-08-11 13:28:40] --- Duration 24h ---
[2026-08-11 13:28:40] OK  - no NA/Inf in at-site L-moments
[2026-08-11 13:28:40] Computed at-site L-moments for 42 stations.
[2026-08-11 13:28:40] OK  - heterogeneity H1 computed and finite
[2026-08-11 13:28:40] Final region: n=40, H1=0.635 (homogeneous)
[2026-08-11 13:28:40] OK  - goodness-of-fit Z reported for every candidate distribution
[2026-08-11 13:28:40] Distribution [72h]: GLO via auto (|Z|=0.932).
[2026-08-11 13:28:40] OK  - regional growth curve q(F) is monotone non-decreasing
[2026-08-11 13:28:40] OK  - growth factors are all positive
[2026-08-11 13:28:40] OK  - quantile depths are all positive
[2026-08-11 13:28:40] Estimation: GLO fitted; index flood = 49.15 mm; q(1e-4/AEP)=5.491.
[2026-08-11 13:28:40] Discordancy screening: Dcrit=3.000, removed 1 of 42 sites.
[2026-08-11 13:28:40] OK  - at least 5 stations remain after discordancy screening
[2026-08-11 13:28:40] Homogeneity iter 0: n=41, H1=1.138
[2026-08-11 13:28:41] Acquired data: 60 candidate stations after region filter; 2 durations.
[2026-08-11 13:28:41] --- Duration 24h ---
[2026-08-11 13:28:41] OK  - no NA/Inf in at-site L-moments
[2026-08-11 13:28:41] Computed at-site L-moments for 42 stations.
[2026-08-11 13:28:41] Discordancy screening: Dcrit=3.000, removed 1 of 42 sites.
[2026-08-11 13:28:41] OK  - at least 5 stations remain after discordancy screening
[2026-08-11 13:28:41] Uncertainty: 500-rep bootstrap; 10,000-yr rel-RMSE=0.081, 90% band [229.0, 291.4] mm.
[2026-08-11 13:28:41] Homogeneity iter 0: n=41, H1=1.153
[2026-08-11 13:28:41] Plots written for 72h: ratio diagram, growth-curve fit, DDF.
[2026-08-11 13:28:41] OK  - station counts reconcile (candidates 60 = used 40 + removed 20)
[2026-08-11 13:28:41]   drop 'USC00489925' -> H1 0.592 (was 1.138)
[2026-08-11 13:28:41] Homogeneity iter 1: n=40, H1=0.592
[2026-08-11 13:28:41] OK  - heterogeneity H1 computed and finite
[2026-08-11 13:28:41] Final region: n=40, H1=0.508 (homogeneous)
[2026-08-11 13:28:41] OK  - goodness-of-fit Z reported for every candidate distribution
[2026-08-11 13:28:41] Distribution [24h]: GLO via auto (|Z|=0.993).
[2026-08-11 13:28:41] OK  - regional growth curve q(F) is monotone non-decreasing
[2026-08-11 13:28:41] OK  - growth factors are all positive
[2026-08-11 13:28:41] OK  - quantile depths are all positive
[2026-08-11 13:28:41] Estimation: GLO fitted; index flood = 40.34 mm; q(1e-4/AEP)=6.521.
[2026-08-11 13:28:42] Region map written: ./outputs/figures/UT10135_region_map.png
[2026-08-11 13:28:42] Wrote 14 deliverable tables to ./outputs/tables.
[2026-08-11 13:28:42]   drop 'USC00489925' -> H1 0.600 (was 1.153)
[2026-08-11 13:28:42] Audit report written: ./outputs/report_UT10135.html

DONE. Headline results:
                site duration return_period_yr   AEP depth_mm depth_lo_mm
6  BOR SOLDIER CREEK      24h              100 1e-02    73.04       70.36
9  BOR SOLDIER CREEK      24h             1000 1e-03    94.96       88.12
12 BOR SOLDIER CREEK      24h            10000 1e-04   117.15      105.10
18 BOR SOLDIER CREEK      72h              100 1e-02   110.31      104.95
21 BOR SOLDIER CREEK      72h             1000 1e-03   172.38      155.64
24 BOR SOLDIER CREEK      72h            10000 1e-04   269.85      229.02
   depth_hi_mm rel_rmse
6        74.99    0.021
9        99.98    0.039
12      126.86    0.058
18      113.33    0.027
21      181.08    0.052
24      291.43    0.081

Report: ./outputs/report_UT10135.html
[2026-08-11 13:28:42] Homogeneity iter 1: n=40, H1=0.600
[2026-08-11 13:28:42] OK  - heterogeneity H1 computed and finite
[2026-08-11 13:28:42] Final region: n=40, H1=0.518 (homogeneous)
[2026-08-11 13:28:43] OK  - goodness-of-fit Z reported for every candidate distribution
[2026-08-11 13:28:43] Distribution [24h]: GLO via auto (|Z|=0.996).
[2026-08-11 13:28:43] OK  - regional growth curve q(F) is monotone non-decreasing
[2026-08-11 13:28:43] OK  - growth factors are all positive
[2026-08-11 13:28:43] OK  - quantile depths are all positive
[2026-08-11 13:28:43] Estimation: GLO fitted; index flood = 40.34 mm; q(1e-4/AEP)=6.521.
[2026-08-11 13:28:43] Uncertainty: 500-rep bootstrap; 10,000-yr rel-RMSE=0.085, 90% band [222.2, 286.2] mm.
[2026-08-11 13:28:43] Plots written for 24h: ratio diagram, growth-curve fit, DDF.
[2026-08-11 13:28:43] OK  - station counts reconcile (candidates 60 = used 40 + removed 20)
[2026-08-11 13:28:43] --- Duration 72h ---
[2026-08-11 13:28:43] OK  - no NA/Inf in at-site L-moments
[2026-08-11 13:28:43] Computed at-site L-moments for 42 stations.
[2026-08-11 13:28:43] Discordancy screening: Dcrit=3.000, removed 3 of 42 sites.
[2026-08-11 13:28:43] OK  - at least 5 stations remain after discordancy screening
[2026-08-11 13:28:43] Homogeneity iter 0: n=39, H1=0.476
[2026-08-11 13:28:43] OK  - heterogeneity H1 computed and finite
[2026-08-11 13:28:43] Final region: n=39, H1=0.523 (homogeneous)
[2026-08-11 13:28:43] OK  - goodness-of-fit Z reported for every candidate distribution
[2026-08-11 13:28:43] Distribution [72h]: GLO via auto (|Z|=1.319).
[2026-08-11 13:28:43] OK  - regional growth curve q(F) is monotone non-decreasing
[2026-08-11 13:28:43] OK  - growth factors are all positive
[2026-08-11 13:28:43] OK  - quantile depths are all positive
[2026-08-11 13:28:43] Estimation: GLO fitted; index flood = 50.32 mm; q(1e-4/AEP)=6.346.
[2026-08-11 13:28:43] === FOLSOM RIGHT WING : 2026-08-11T13:28:43 ===
[2026-08-11 13:28:44] Uncertainty: 500-rep bootstrap; 10,000-yr rel-RMSE=0.084, 90% band [221.9, 286.4] mm.
[2026-08-11 13:28:44] Plots written for 24h: ratio diagram, growth-curve fit, DDF.
[2026-08-11 13:28:44] OK  - station counts reconcile (candidates 60 = used 40 + removed 20)
[2026-08-11 13:28:44] --- Duration 72h ---
[2026-08-11 13:28:44] OK  - no NA/Inf in at-site L-moments
[2026-08-11 13:28:44] Computed at-site L-moments for 42 stations.
[2026-08-11 13:28:44] Discordancy screening: Dcrit=3.000, removed 3 of 42 sites.
[2026-08-11 13:28:44] OK  - at least 5 stations remain after discordancy screening
[2026-08-11 13:28:44] Homogeneity iter 0: n=39, H1=0.481
[2026-08-11 13:28:44] Uncertainty: 500-rep bootstrap; 10,000-yr rel-RMSE=0.083, 90% band [269.2, 346.2] mm.
[2026-08-11 13:28:44] OK  - heterogeneity H1 computed and finite
[2026-08-11 13:28:44] Final region: n=39, H1=0.527 (homogeneous)
[2026-08-11 13:28:44] OK  - goodness-of-fit Z reported for every candidate distribution
[2026-08-11 13:28:44] Distribution [72h]: GLO via auto (|Z|=1.315).
[2026-08-11 13:28:44] OK  - regional growth curve q(F) is monotone non-decreasing
[2026-08-11 13:28:44] OK  - growth factors are all positive
[2026-08-11 13:28:44] OK  - quantile depths are all positive
[2026-08-11 13:28:44] Estimation: GLO fitted; index flood = 50.32 mm; q(1e-4/AEP)=6.346.
[2026-08-11 13:28:44] Plots written for 72h: ratio diagram, growth-curve fit, DDF.
[2026-08-11 13:28:44] OK  - station counts reconcile (candidates 60 = used 39 + removed 21)
[2026-08-11 13:28:45] Uncertainty: 500-rep bootstrap; 10,000-yr rel-RMSE=0.083, 90% band [269.3, 345.7] mm.
[2026-08-11 13:28:46] Plots written for 72h: ratio diagram, growth-curve fit, DDF.
[2026-08-11 13:28:46] OK  - station counts reconcile (candidates 60 = used 39 + removed 21)
[2026-08-11 13:28:46] Region map written: ./outputs/figures/WY01485_region_map.png
[2026-08-11 13:28:46] Wrote 14 deliverable tables to ./outputs/tables.
[2026-08-11 13:28:46] Audit report written: ./outputs/report_WY01485.html

DONE. Headline results:
                site duration return_period_yr   AEP depth_mm depth_lo_mm
6  GLENDO DIKE NO. 1      24h              100 1e-02   101.63       96.28
9  GLENDO DIKE NO. 1      24h             1000 1e-03   164.26      147.60
12 GLENDO DIKE NO. 1      24h            10000 1e-04   263.09      222.23
18 GLENDO DIKE NO. 1      72h              100 1e-02   125.89      119.25
21 GLENDO DIKE NO. 1      72h             1000 1e-03   201.58      180.22
24 GLENDO DIKE NO. 1      72h            10000 1e-04   319.35      269.21
   depth_hi_mm rel_rmse
6       104.65    0.029
9       173.86    0.055
12      286.21    0.085
18      129.70    0.028
21      212.79    0.054
24      346.25    0.083

Report: ./outputs/report_WY01485.html
[2026-08-11 13:28:47] === GLENDO DIKE NO. 1 : 2026-08-11T13:28:47 ===
[2026-08-11 13:28:47] Region map written: ./outputs/figures/WY01486_region_map.png
[2026-08-11 13:28:47] Wrote 14 deliverable tables to ./outputs/tables.
[2026-08-11 13:28:47] Audit report written: ./outputs/report_WY01486.html

DONE. Headline results:
                site duration return_period_yr   AEP depth_mm depth_lo_mm
6  GLENDO DIKE NO. 2      24h              100 1e-02   101.63       96.30
9  GLENDO DIKE NO. 2      24h             1000 1e-03   164.26      147.60
12 GLENDO DIKE NO. 2      24h            10000 1e-04   263.09      221.92
18 GLENDO DIKE NO. 2      72h              100 1e-02   125.89      119.09
21 GLENDO DIKE NO. 2      72h             1000 1e-03   201.58      180.40
24 GLENDO DIKE NO. 2      72h            10000 1e-04   319.35      269.34
   depth_hi_mm rel_rmse
6       104.73    0.029
9       173.68    0.055
12      286.44    0.084
18      129.74    0.028
21      212.64    0.054
24      345.71    0.083

Report: ./outputs/report_WY01486.html
[2026-08-11 13:28:48] === COOPER DEV - PINOPOLIS DAM : 2026-08-11T13:28:48 ===
GHCN download unavailable; falling back to SYNTHETIC demo data.
Generating SYNTHETIC demo data (offline) for SC01076 at (33.2514, -79.9871).
GHCN: 60 stations acquired (cache data/raw/ghcn/by_station).
Demo data written for 17 stations to ./data/synthetic/SC01076 (SYNTHETIC — not real observations).
GHCN: 60 stations acquired (cache data/raw/ghcn/by_station).
[2026-08-11 13:28:53] Acquired data: 16 candidate stations after region filter; 2 durations.
[2026-08-11 13:28:53] --- Duration 24h ---
[2026-08-11 13:28:53] OK  - no NA/Inf in at-site L-moments
[2026-08-11 13:28:53] Computed at-site L-moments for 15 stations.
[2026-08-11 13:28:53] Discordancy screening: Dcrit=3.000, removed 0 of 15 sites.
[2026-08-11 13:28:53] OK  - at least 5 stations remain after discordancy screening
[2026-08-11 13:28:53] Homogeneity iter 0: n=15, H1=0.065
[2026-08-11 13:28:53] OK  - heterogeneity H1 computed and finite
[2026-08-11 13:28:53] Final region: n=15, H1=0.015 (homogeneous)
[2026-08-11 13:28:53] OK  - goodness-of-fit Z reported for every candidate distribution
[2026-08-11 13:28:53] Distribution [24h]: GNO via auto (|Z|=0.360).
[2026-08-11 13:28:53] OK  - regional growth curve q(F) is monotone non-decreasing
[2026-08-11 13:28:53] OK  - growth factors are all positive
[2026-08-11 13:28:53] OK  - quantile depths are all positive
[2026-08-11 13:28:53] Estimation: GNO fitted; index flood = 49.92 mm; q(1e-4/AEP)=3.051.
[2026-08-11 13:28:54] Uncertainty: 500-rep bootstrap; 10,000-yr rel-RMSE=0.068, 90% band [134.3, 166.8] mm.
[2026-08-11 13:28:54] Plots written for 24h: ratio diagram, growth-curve fit, DDF.
[2026-08-11 13:28:54] OK  - station counts reconcile (candidates 17 = used 15 + removed 2)
[2026-08-11 13:28:54] --- Duration 72h ---
[2026-08-11 13:28:54] OK  - no NA/Inf in at-site L-moments
[2026-08-11 13:28:54] Computed at-site L-moments for 15 stations.
[2026-08-11 13:28:54] Discordancy screening: Dcrit=3.000, removed 0 of 15 sites.
[2026-08-11 13:28:54] OK  - at least 5 stations remain after discordancy screening
[2026-08-11 13:28:54] Homogeneity iter 0: n=15, H1=-0.277
[2026-08-11 13:28:54] OK  - heterogeneity H1 computed and finite
[2026-08-11 13:28:54] Final region: n=15, H1=-0.310 (homogeneous)
[2026-08-11 13:28:54] OK  - goodness-of-fit Z reported for every candidate distribution
[2026-08-11 13:28:54] Distribution [72h]: PE3 via auto (|Z|=0.236).
[2026-08-11 13:28:54] OK  - regional growth curve q(F) is monotone non-decreasing
[2026-08-11 13:28:54] OK  - growth factors are all positive
[2026-08-11 13:28:54] OK  - quantile depths are all positive
[2026-08-11 13:28:54] Estimation: PE3 fitted; index flood = 55.29 mm; q(1e-4/AEP)=2.606.
[2026-08-11 13:28:56] Uncertainty: 500-rep bootstrap; 10,000-yr rel-RMSE=0.042, 90% band [133.3, 152.9] mm.
[2026-08-11 13:28:56] Plots written for 72h: ratio diagram, growth-curve fit, DDF.
[2026-08-11 13:28:56] OK  - station counts reconcile (candidates 17 = used 15 + removed 2)
[2026-08-11 13:28:56] Acquired data: 60 candidate stations after region filter; 2 durations.
[2026-08-11 13:28:56] --- Duration 24h ---
[2026-08-11 13:28:56] OK  - no NA/Inf in at-site L-moments
[2026-08-11 13:28:56] Computed at-site L-moments for 43 stations.
[2026-08-11 13:28:56] Discordancy screening: Dcrit=3.000, removed 1 of 43 sites.
[2026-08-11 13:28:56] OK  - at least 5 stations remain after discordancy screening
[2026-08-11 13:28:56] Homogeneity iter 0: n=42, H1=1.042
[2026-08-11 13:28:57] Region map written: ./outputs/figures/SC01076_region_map.png
[2026-08-11 13:28:57] Wrote 14 deliverable tables to ./outputs/tables.
[2026-08-11 13:28:57] Audit report written: ./outputs/report_SC01076.html

DONE. Headline results:
                         site duration return_period_yr   AEP depth_mm
6  COOPER DEV - PINOPOLIS DAM      24h              100 1e-02    95.66
9  COOPER DEV - PINOPOLIS DAM      24h             1000 1e-03   123.07
12 COOPER DEV - PINOPOLIS DAM      24h            10000 1e-04   152.30
18 COOPER DEV - PINOPOLIS DAM      72h              100 1e-02   100.75
21 COOPER DEV - PINOPOLIS DAM      72h             1000 1e-03   123.07
24 COOPER DEV - PINOPOLIS DAM      72h            10000 1e-04   144.07
   depth_lo_mm depth_hi_mm rel_rmse
6        90.65       99.60    0.029
9       112.38      131.63    0.049
12      134.29      166.76    0.068
18       96.70      104.09    0.023
21      115.82      129.14    0.034
24      133.33      152.85    0.042

Report: ./outputs/report_SC01076.html
[2026-08-11 13:28:58]   drop 'USC00489925' -> H1 0.441 (was 1.042)
[2026-08-11 13:28:58] Homogeneity iter 1: n=41, H1=0.441
[2026-08-11 13:28:58] OK  - heterogeneity H1 computed and finite
[2026-08-11 13:28:58] Final region: n=41, H1=0.502 (homogeneous)
[2026-08-11 13:28:58] OK  - goodness-of-fit Z reported for every candidate distribution
[2026-08-11 13:28:58] Distribution [24h]: GLO via auto (|Z|=0.909).
[2026-08-11 13:28:58] OK  - regional growth curve q(F) is monotone non-decreasing
[2026-08-11 13:28:58] OK  - growth factors are all positive
[2026-08-11 13:28:58] OK  - quantile depths are all positive
[2026-08-11 13:28:58] Estimation: GLO fitted; index flood = 40.51 mm; q(1e-4/AEP)=6.249.
[2026-08-11 13:28:59] Uncertainty: 500-rep bootstrap; 10,000-yr rel-RMSE=0.082, 90% band [214.9, 274.4] mm.
[2026-08-11 13:29:00] Plots written for 24h: ratio diagram, growth-curve fit, DDF.
[2026-08-11 13:29:00] OK  - station counts reconcile (candidates 60 = used 41 + removed 19)
[2026-08-11 13:29:00] --- Duration 72h ---
[2026-08-11 13:29:00] OK  - no NA/Inf in at-site L-moments
[2026-08-11 13:29:00] Computed at-site L-moments for 43 stations.
[2026-08-11 13:29:00] Discordancy screening: Dcrit=3.000, removed 2 of 43 sites.
[2026-08-11 13:29:00] OK  - at least 5 stations remain after discordancy screening
[2026-08-11 13:29:00] Homogeneity iter 0: n=41, H1=0.447
[2026-08-11 13:29:00] OK  - heterogeneity H1 computed and finite
[2026-08-11 13:29:00] Final region: n=41, H1=0.383 (homogeneous)
[2026-08-11 13:29:00] OK  - goodness-of-fit Z reported for every candidate distribution
[2026-08-11 13:29:00] Distribution [72h]: GLO via auto (|Z|=1.230).
[2026-08-11 13:29:00] OK  - regional growth curve q(F) is monotone non-decreasing
[2026-08-11 13:29:00] OK  - growth factors are all positive
[2026-08-11 13:29:00] OK  - quantile depths are all positive
[2026-08-11 13:29:00] Estimation: GLO fitted; index flood = 50.37 mm; q(1e-4/AEP)=5.954.
[2026-08-11 13:29:01] Uncertainty: 500-rep bootstrap; 10,000-yr rel-RMSE=0.077, 90% band [256.9, 328.7] mm.
[2026-08-11 13:29:01] Plots written for 72h: ratio diagram, growth-curve fit, DDF.
[2026-08-11 13:29:01] OK  - station counts reconcile (candidates 60 = used 41 + removed 19)
[2026-08-11 13:29:03] Region map written: ./outputs/figures/WY01487_region_map.png
[2026-08-11 13:29:03] Wrote 14 deliverable tables to ./outputs/tables.
[2026-08-11 13:29:03] Audit report written: ./outputs/report_WY01487.html

DONE. Headline results:
                site duration return_period_yr   AEP depth_mm depth_lo_mm
6  GLENDO DIKE NO. 3      24h              100 1e-02   100.79       95.67
9  GLENDO DIKE NO. 3      24h             1000 1e-03   160.62      144.68
12 GLENDO DIKE NO. 3      24h            10000 1e-04   253.13      214.91
18 GLENDO DIKE NO. 3      72h              100 1e-02   123.59      117.55
21 GLENDO DIKE NO. 3      72h             1000 1e-03   193.82      175.18
24 GLENDO DIKE NO. 3      72h            10000 1e-04   299.92      256.92
   depth_hi_mm rel_rmse
6       103.63    0.028
9       169.23    0.053
12      274.35    0.082
18      127.63    0.027
21      205.40    0.051
24      328.73    0.077

Report: ./outputs/report_WY01487.html
[2026-08-11 13:29:11] Acquired data: 60 candidate stations after region filter; 2 durations.
[2026-08-11 13:29:11] --- Duration 24h ---
[2026-08-11 13:29:11] OK  - no NA/Inf in at-site L-moments
[2026-08-11 13:29:11] Computed at-site L-moments for 42 stations.
[2026-08-11 13:29:11] Discordancy screening: Dcrit=3.000, removed 1 of 42 sites.
[2026-08-11 13:29:11] OK  - at least 5 stations remain after discordancy screening
[2026-08-11 13:29:11] Homogeneity iter 0: n=41, H1=1.153
[2026-08-11 13:29:12]   drop 'USC00489925' -> H1 0.600 (was 1.153)
[2026-08-11 13:29:12] Homogeneity iter 1: n=40, H1=0.600
[2026-08-11 13:29:13] OK  - heterogeneity H1 computed and finite
[2026-08-11 13:29:13] Final region: n=40, H1=0.518 (homogeneous)
[2026-08-11 13:29:13] OK  - goodness-of-fit Z reported for every candidate distribution
[2026-08-11 13:29:13] Distribution [24h]: GLO via auto (|Z|=0.996).
[2026-08-11 13:29:13] OK  - regional growth curve q(F) is monotone non-decreasing
[2026-08-11 13:29:13] OK  - growth factors are all positive
[2026-08-11 13:29:13] OK  - quantile depths are all positive
[2026-08-11 13:29:13] Estimation: GLO fitted; index flood = 40.34 mm; q(1e-4/AEP)=6.521.
[2026-08-11 13:29:14] Uncertainty: 500-rep bootstrap; 10,000-yr rel-RMSE=0.084, 90% band [221.9, 286.4] mm.
[2026-08-11 13:29:14] Plots written for 24h: ratio diagram, growth-curve fit, DDF.
[2026-08-11 13:29:14] OK  - station counts reconcile (candidates 60 = used 40 + removed 20)
[2026-08-11 13:29:14] --- Duration 72h ---
[2026-08-11 13:29:14] OK  - no NA/Inf in at-site L-moments
[2026-08-11 13:29:14] Computed at-site L-moments for 42 stations.
[2026-08-11 13:29:14] Discordancy screening: Dcrit=3.000, removed 3 of 42 sites.
[2026-08-11 13:29:14] OK  - at least 5 stations remain after discordancy screening
[2026-08-11 13:29:14] Homogeneity iter 0: n=39, H1=0.481
[2026-08-11 13:29:14] OK  - heterogeneity H1 computed and finite
[2026-08-11 13:29:14] Final region: n=39, H1=0.527 (homogeneous)
[2026-08-11 13:29:14] OK  - goodness-of-fit Z reported for every candidate distribution
[2026-08-11 13:29:14] Distribution [72h]: GLO via auto (|Z|=1.315).
[2026-08-11 13:29:14] OK  - regional growth curve q(F) is monotone non-decreasing
[2026-08-11 13:29:14] OK  - growth factors are all positive
[2026-08-11 13:29:14] OK  - quantile depths are all positive
[2026-08-11 13:29:14] Estimation: GLO fitted; index flood = 50.32 mm; q(1e-4/AEP)=6.346.
[2026-08-11 13:29:15] Uncertainty: 500-rep bootstrap; 10,000-yr rel-RMSE=0.083, 90% band [269.3, 345.7] mm.
[2026-08-11 13:29:16] Plots written for 72h: ratio diagram, growth-curve fit, DDF.
[2026-08-11 13:29:16] OK  - station counts reconcile (candidates 60 = used 39 + removed 21)
[2026-08-11 13:29:17] Region map written: ./outputs/figures/WY01291_region_map.png
[2026-08-11 13:29:17] Wrote 14 deliverable tables to ./outputs/tables.
[2026-08-11 13:29:17] Audit report written: ./outputs/report_WY01291.html

DONE. Headline results:
                site duration return_period_yr   AEP depth_mm depth_lo_mm
6  GLENDO DIKE NO. 1      24h              100 1e-02   101.63       96.30
9  GLENDO DIKE NO. 1      24h             1000 1e-03   164.26      147.60
12 GLENDO DIKE NO. 1      24h            10000 1e-04   263.09      221.92
18 GLENDO DIKE NO. 1      72h              100 1e-02   125.89      119.09
21 GLENDO DIKE NO. 1      72h             1000 1e-03   201.58      180.40
24 GLENDO DIKE NO. 1      72h            10000 1e-04   319.35      269.34
   depth_hi_mm rel_rmse
6       104.73    0.029
9       173.68    0.055
12      286.44    0.084
18      129.74    0.028
21      212.64    0.054
24      345.71    0.083

Report: ./outputs/report_WY01291.html
[2026-08-11 13:29:17] Acquired data: 60 candidate stations after region filter; 2 durations.
[2026-08-11 13:29:17] --- Duration 24h ---
[2026-08-11 13:29:17] OK  - no NA/Inf in at-site L-moments
[2026-08-11 13:29:17] Computed at-site L-moments for 55 stations.
[2026-08-11 13:29:17] Discordancy screening: Dcrit=3.000, removed 1 of 55 sites.
[2026-08-11 13:29:17] OK  - at least 5 stations remain after discordancy screening
[2026-08-11 13:29:17] Homogeneity iter 0: n=54, H1=-0.320
[2026-08-11 13:29:18] OK  - heterogeneity H1 computed and finite
[2026-08-11 13:29:18] Final region: n=54, H1=-0.390 (homogeneous)
[2026-08-11 13:29:18] OK  - goodness-of-fit Z reported for every candidate distribution
[2026-08-11 13:29:18] Distribution [24h]: GEV via auto (|Z|=0.468).
[2026-08-11 13:29:18] OK  - regional growth curve q(F) is monotone non-decreasing
[2026-08-11 13:29:18] OK  - growth factors are all positive
[2026-08-11 13:29:18] OK  - quantile depths are all positive
[2026-08-11 13:29:18] Estimation: GEV fitted; index flood = 105.37 mm; q(1e-4/AEP)=3.981.
[2026-08-11 13:29:19] Uncertainty: 500-rep bootstrap; 10,000-yr rel-RMSE=0.056, 90% band [376.3, 450.1] mm.
[2026-08-11 13:29:20] Plots written for 24h: ratio diagram, growth-curve fit, DDF.
[2026-08-11 13:29:20] OK  - station counts reconcile (candidates 60 = used 54 + removed 6)
[2026-08-11 13:29:20] --- Duration 72h ---
[2026-08-11 13:29:20] OK  - no NA/Inf in at-site L-moments
[2026-08-11 13:29:20] Computed at-site L-moments for 55 stations.
[2026-08-11 13:29:20] Discordancy screening: Dcrit=3.000, removed 3 of 55 sites.
[2026-08-11 13:29:20] OK  - at least 5 stations remain after discordancy screening
[2026-08-11 13:29:20] Homogeneity iter 0: n=52, H1=-0.635
[2026-08-11 13:29:20] OK  - heterogeneity H1 computed and finite
[2026-08-11 13:29:20] Final region: n=52, H1=-0.640 (homogeneous)
[2026-08-11 13:29:20] OK  - goodness-of-fit Z reported for every candidate distribution
[2026-08-11 13:29:20] Distribution [72h]: GEV via auto (|Z|=0.815).
[2026-08-11 13:29:20] OK  - regional growth curve q(F) is monotone non-decreasing
[2026-08-11 13:29:20] OK  - growth factors are all positive
[2026-08-11 13:29:20] OK  - quantile depths are all positive
[2026-08-11 13:29:20] Estimation: GEV fitted; index flood = 175.30 mm; q(1e-4/AEP)=4.412.
[2026-08-11 13:29:22] Uncertainty: 500-rep bootstrap; 10,000-yr rel-RMSE=0.058, 90% band [692.3, 828.1] mm.
[2026-08-11 13:29:22] Plots written for 72h: ratio diagram, growth-curve fit, DDF.
[2026-08-11 13:29:22] OK  - station counts reconcile (candidates 60 = used 52 + removed 8)
[2026-08-11 13:29:23] Region map written: ./outputs/figures/CA10148_region_map.png
[2026-08-11 13:29:23] Wrote 14 deliverable tables to ./outputs/tables.
[2026-08-11 13:29:23] Audit report written: ./outputs/report_CA10148.html

DONE. Headline results:
                site duration return_period_yr   AEP depth_mm depth_lo_mm
6  FOLSOM RIGHT WING      24h              100 1e-02   235.00      226.43
9  FOLSOM RIGHT WING      24h             1000 1e-03   322.22      300.23
12 FOLSOM RIGHT WING      24h            10000 1e-04   419.46      376.33
18 FOLSOM RIGHT WING      72h              100 1e-02   419.46      403.94
21 FOLSOM RIGHT WING      72h             1000 1e-03   586.01      544.79
24 FOLSOM RIGHT WING      72h            10000 1e-04   773.47      692.31
   depth_hi_mm rel_rmse
6       240.88    0.019
9       338.10    0.037
12      450.06    0.056
18      430.16    0.020
21      613.48    0.038
24      828.08    0.058

Report: ./outputs/report_CA10148.html
FACILITY FAILED: ./config/facilities/ND01072.yml -- Need at least 5 stations to form a region; have 3.
FACILITY FAILED: ./config/facilities/TX00021.yml -- Need at least 5 stations to form a region; have 0.
FACILITY FAILED: ./config/facilities/KY03010.yml -- Need at least 5 stations to form a region; have 0.
FACILITY FAILED: ./config/facilities/OK10308.yml -- Need at least 5 stations to form a region; have 1.
FACILITY FAILED: ./config/facilities/AR00173.yml -- INVARIANT FAILED: at least 5 stations remain after discordancy screening
FACILITY FAILED: ./config/facilities/NY00230.yml -- Need at least 5 stations to form a region; have 3.
FACILITY FAILED: ./config/facilities/SC00224.yml -- Need at least 5 stations to form a region; have 2.
FACILITY FAILED: ./config/facilities/OK00135.yml -- Need at least 5 stations to form a region; have 3.
FACILITY FAILED: ./config/facilities/TN04102.yml -- Need at least 5 stations to form a region; have 2.
FACILITY FAILED: ./config/facilities/NY00677.yml -- Need at least 5 stations to form a region; have 2.
FACILITY FAILED: ./config/facilities/AR00536.yml -- Need at least 5 stations to form a region; have 0.
FACILITY FAILED: ./config/facilities/MA00590.yml -- Need at least 5 stations to form a region; have 2.
FACILITY FAILED: ./config/facilities/MA00589.yml -- Need at least 5 stations to form a region; have 3.
FACILITY FAILED: ./config/facilities/MA00588.yml -- Need at least 5 stations to form a region; have 3.
FACILITY FAILED: ./config/facilities/TN02702.yml -- Need at least 5 stations to form a region; have 2.
FACILITY FAILED: ./config/facilities/NC00173.yml -- Need at least 5 stations to form a region; have 1.
FACILITY FAILED: ./config/facilities/OK10307.yml -- Need at least 5 stations to form a region; have 0.
FACILITY FAILED: ./config/facilities/AL09501.yml -- Need at least 5 stations to form a region; have 2.
FACILITY FAILED: ./config/facilities/AR00151.yml -- Need at least 5 stations to form a region; have 2.
FACILITY FAILED: ./config/facilities/AR00152.yml -- Need at least 5 stations to form a region; have 3.
FACILITY FAILED: ./config/facilities/AL07701.yml -- Need at least 5 stations to form a region; have 0.
FACILITY FAILED: ./config/facilities/OK10300.yml -- Need at least 5 stations to form a region; have 0.
FACILITY FAILED: ./config/facilities/OK10311.yml -- Need at least 5 stations to form a region; have 4.
Diagnostics: 19/254 facility-durations flagged for review (H1>=2 or |Z|>1.64).
  REVIEW: LIBBY            24h   H1=0.30  GEV |Z|=1.70
  REVIEW: SHASTA           72h   H1=0.68  GEV |Z|=1.80
  REVIEW: ELEPHANT BUTTE   72h   H1=0.91  GEV |Z|=1.93
  REVIEW: JOHN DAY LOCK AND DAM 24h   H1=0.90  GEV |Z|=1.81
  REVIEW: TRINITY          24h   H1=0.82  GEV |Z|=2.13
  REVIEW: SANFORD          24h   H1=0.05  GEV |Z|=2.00
  REVIEW: SANFORD          72h   H1=-1.80  GEV |Z|=1.86
  REVIEW: NAVAJO           72h   H1=0.70  GLO |Z|=2.19
  REVIEW: KINGSLEY         72h   H1=0.78  GLO |Z|=1.72
  REVIEW: KERR             24h   H1=0.57  GEV |Z|=1.77
  REVIEW: ROSS             72h   H1=0.23  GEV |Z|=2.16
  REVIEW: UTAH LAKE OUTLET 24h   H1=0.56  GEV |Z|=2.08
  REVIEW: ABIQUIU DAM      72h   H1=0.89  GEV |Z|=2.35
  REVIEW: DRY FALLS DAM & POWERPLANT 72h   H1=1.00  GEV |Z|=1.79
  REVIEW: OWYHEE           24h   H1=0.92  GEV |Z|=1.98
  REVIEW: ALBENI FALLS     24h   H1=1.00  GEV |Z|=1.90
  REVIEW: ALBENI FALLS     72h   H1=0.73  GLO |Z|=2.03
  REVIEW: LAKE ALMANOR     72h   H1=1.02  GEV |Z|=1.82
  REVIEW: SMITH MOUNTAIN COMBINATION PUMP STORAGE 24h   H1=0.90  GLO |Z|=1.73
Distribution selection: 254 auto, 0 expert-reviewed; 100 recommended for expert review.
  DIST-REVIEW: LOCK & DAM #3    24h   chose GNO |Z|=0.36 (runner-up PE3 |Z|=0.62, margin 0.27)
  DIST-REVIEW: PUMPING STATION NO. 2 24h   chose GNO |Z|=0.36 (runner-up PE3 |Z|=0.62, margin 0.27)
  DIST-REVIEW: PUMPING STATION NO. 3 24h   chose GNO |Z|=0.36 (runner-up PE3 |Z|=0.62, margin 0.27)
  DIST-REVIEW: PUMPING STATION 131 AND LOCK 24h   chose GNO |Z|=0.36 (runner-up PE3 |Z|=0.62, margin 0.27)
  DIST-REVIEW: PUMPING STATION 127 AND LOCK 24h   chose GNO |Z|=0.36 (runner-up PE3 |Z|=0.62, margin 0.27)
  DIST-REVIEW: PUMPING STATION 129 24h   chose GNO |Z|=0.36 (runner-up PE3 |Z|=0.62, margin 0.27)
  DIST-REVIEW: HERBERT HOOVER DIKE 24h   chose GNO |Z|=0.36 (runner-up PE3 |Z|=0.62, margin 0.27)
  DIST-REVIEW: PUMPING STATION 133 24h   chose GNO |Z|=0.36 (runner-up PE3 |Z|=0.62, margin 0.27)
  DIST-REVIEW: PUMPING STATION 135 AND LOCK 24h   chose GNO |Z|=0.36 (runner-up PE3 |Z|=0.62, margin 0.27)
  DIST-REVIEW: HENRY CREEK LOCK 24h   chose GNO |Z|=0.36 (runner-up PE3 |Z|=0.62, margin 0.27)
  DIST-REVIEW: STRUCTURE 153    24h   chose GNO |Z|=0.36 (runner-up PE3 |Z|=0.62, margin 0.27)
  DIST-REVIEW: STRUCTURE 193 (HURRICANE GATE NO.6) 24h   chose GNO |Z|=0.36 (runner-up PE3 |Z|=0.62, margin 0.27)
  DIST-REVIEW: PUMPING STATION NO. 236 24h   chose GNO |Z|=0.36 (runner-up PE3 |Z|=0.62, margin 0.27)
  DIST-REVIEW: STRUCTURE 310 (HURRICANE GATE NO.2) 24h   chose GNO |Z|=0.36 (runner-up PE3 |Z|=0.62, margin 0.27)
  DIST-REVIEW: KENTUCKY         24h   chose GNO |Z|=0.36 (runner-up PE3 |Z|=0.62, margin 0.27)
  DIST-REVIEW: SAM RAYBURN DAM AND RESERVOIR 24h   chose GNO |Z|=0.36 (runner-up PE3 |Z|=0.62, margin 0.27)
  DIST-REVIEW: LIBBY            24h   chose GEV |Z|=1.70 (runner-up GNO |Z|=2.31, margin 0.61)
  DIST-REVIEW: BULL SHOALS      72h   chose GLO |Z|=0.20 (runner-up GEV |Z|=0.63, margin 0.43)
  DIST-REVIEW: HARRY S TRUMAN DAM 24h   chose GNO |Z|=0.36 (runner-up PE3 |Z|=0.62, margin 0.27)
  DIST-REVIEW: DENISON DAM      24h   chose GNO |Z|=0.36 (runner-up PE3 |Z|=0.62, margin 0.27)
  DIST-REVIEW: AMISTAD          24h   chose GEV |Z|=0.17 (runner-up GNO |Z|=0.53, margin 0.36)
  DIST-REVIEW: TOLEDO BEND SADDLE DIKE 1 24h   chose GNO |Z|=0.36 (runner-up PE3 |Z|=0.62, margin 0.27)
  DIST-REVIEW: PAINTED ROCK DAM 24h   chose GEV |Z|=1.13 (runner-up GLO |Z|=1.25, margin 0.12)
  DIST-REVIEW: PAINTED ROCK DAM 72h   chose GEV |Z|=1.14 (runner-up GNO |Z|=1.64, margin 0.50)
  DIST-REVIEW: SHASTA           72h   chose GEV |Z|=1.80 (runner-up GNO |Z|=2.26, margin 0.46)
  DIST-REVIEW: RAINY LAKE       24h   chose GNO |Z|=0.36 (runner-up PE3 |Z|=0.62, margin 0.27)
  DIST-REVIEW: J. STROM THURMOND DAM 24h   chose GEV |Z|=0.02 (runner-up GNO |Z|=0.52, margin 0.50)
  DIST-REVIEW: J. STROM THURMOND DAM 72h   chose GLO |Z|=0.60 (runner-up GEV |Z|=0.66, margin 0.06)
  DIST-REVIEW: BLAKELY MOUNTAIN DAM 72h   chose GLO |Z|=0.21 (runner-up GEV |Z|=0.62, margin 0.41)
  DIST-REVIEW: TABLE ROCK DAM   72h   chose GLO |Z|=0.21 (runner-up GEV |Z|=0.62, margin 0.41)
  DIST-REVIEW: LOWER RED LAKE DAM 24h   chose GNO |Z|=0.36 (runner-up PE3 |Z|=0.62, margin 0.27)
  DIST-REVIEW: MANSFIELD DAM    24h   chose GLO |Z|=0.47 (runner-up GEV |Z|=0.77, margin 0.30)
  DIST-REVIEW: MANSFIELD DAM    72h   chose GEV |Z|=0.41 (runner-up GLO |Z|=0.72, margin 0.31)
  DIST-REVIEW: SARDIS DAM       24h   chose GNO |Z|=0.36 (runner-up PE3 |Z|=0.62, margin 0.27)
  DIST-REVIEW: PUMPING STATION NO. 8 24h   chose GNO |Z|=0.36 (runner-up PE3 |Z|=0.62, margin 0.27)
  DIST-REVIEW: STRUCTURE 333    24h   chose GNO |Z|=0.36 (runner-up PE3 |Z|=0.62, margin 0.27)
  DIST-REVIEW: GRENADA DAM      24h   chose GNO |Z|=0.36 (runner-up PE3 |Z|=0.62, margin 0.27)
  DIST-REVIEW: OSAGE            24h   chose GNO |Z|=0.36 (runner-up PE3 |Z|=0.62, margin 0.27)
  DIST-REVIEW: ELEPHANT BUTTE   72h   chose GEV |Z|=1.93 (runner-up GLO |Z|=2.37, margin 0.44)
  DIST-REVIEW: ST. STEPHEN POWERHOUSE 24h   chose GNO |Z|=0.36 (runner-up PE3 |Z|=0.62, margin 0.27)
  DIST-REVIEW: JOHN DAY LOCK AND DAM 24h   chose GEV |Z|=1.81 (runner-up GLO |Z|=1.89, margin 0.08)
  DIST-REVIEW: TRINITY          24h   chose GEV |Z|=2.13 (runner-up GNO |Z|=2.51, margin 0.38)
  DIST-REVIEW: TRINITY          72h   chose GEV |Z|=1.44 (runner-up GNO |Z|=1.79, margin 0.35)
  DIST-REVIEW: SANFORD          24h   chose GEV |Z|=2.00 (runner-up GLO |Z|=2.20, margin 0.20)
  DIST-REVIEW: SANFORD          72h   chose GEV |Z|=1.86 (runner-up GNO |Z|=2.58, margin 0.71)
  DIST-REVIEW: MENASHA GENLAWS  24h   chose GNO |Z|=0.36 (runner-up PE3 |Z|=0.62, margin 0.27)
  DIST-REVIEW: TUTTLE CREEK DAM 24h   chose GNO |Z|=0.36 (runner-up PE3 |Z|=0.62, margin 0.27)
  DIST-REVIEW: WHITNEY LAKE     24h   chose GNO |Z|=0.36 (runner-up PE3 |Z|=0.62, margin 0.27)
  DIST-REVIEW: BARKLEY DAM      24h   chose GNO |Z|=0.36 (runner-up PE3 |Z|=0.62, margin 0.27)
  DIST-REVIEW: LIVINGSTON DAM   24h   chose GNO |Z|=0.36 (runner-up PE3 |Z|=0.62, margin 0.27)
  DIST-REVIEW: B. F. SISK       72h   chose GEV |Z|=1.38 (runner-up GLO |Z|=1.59, margin 0.21)
  DIST-REVIEW: FERRELLS BRIDGE DAM 24h   chose GNO |Z|=0.36 (runner-up PE3 |Z|=0.62, margin 0.27)
  DIST-REVIEW: NAVAJO           72h   chose GLO |Z|=2.19 (runner-up GEV |Z|=2.72, margin 0.53)
  DIST-REVIEW: NORFORK          72h   chose GLO |Z|=0.21 (runner-up GEV |Z|=0.62, margin 0.41)
  DIST-REVIEW: BEAVER           72h   chose GLO |Z|=0.18 (runner-up GEV |Z|=0.64, margin 0.46)
  DIST-REVIEW: RAY ROBERTS DAM  24h   chose GNO |Z|=0.36 (runner-up PE3 |Z|=0.62, margin 0.27)
  DIST-REVIEW: KINGSLEY         72h   chose GLO |Z|=1.72 (runner-up GEV |Z|=2.46, margin 0.74)
  DIST-REVIEW: BIG BEND DAM     72h   chose GNO |Z|=0.05 (runner-up GEV |Z|=0.25, margin 0.20)
  DIST-REVIEW: BELTON LAKE      24h   chose GNO |Z|=0.36 (runner-up PE3 |Z|=0.62, margin 0.27)
  DIST-REVIEW: CLARENCE CANNON DAM 24h   chose GNO |Z|=0.36 (runner-up PE3 |Z|=0.62, margin 0.27)
  DIST-REVIEW: LEWISVILLE LAKE  24h   chose GNO |Z|=0.36 (runner-up PE3 |Z|=0.62, margin 0.27)
  DIST-REVIEW: KERR             24h   chose GEV |Z|=1.77 (runner-up GLO |Z|=2.48, margin 0.71)
  DIST-REVIEW: RICHLAND CREEK DAM 24h   chose GNO |Z|=0.36 (runner-up PE3 |Z|=0.62, margin 0.27)
  DIST-REVIEW: STOCKTON DAM     24h   chose GNO |Z|=0.36 (runner-up PE3 |Z|=0.62, margin 0.27)
  DIST-REVIEW: KEYSTONE LAKE    24h   chose GNO |Z|=0.36 (runner-up PE3 |Z|=0.62, margin 0.27)
  DIST-REVIEW: LEWIS SMITH      24h   chose GNO |Z|=0.36 (runner-up PE3 |Z|=0.62, margin 0.27)
  DIST-REVIEW: IRON BRIDGE DAM  24h   chose GNO |Z|=0.36 (runner-up PE3 |Z|=0.62, margin 0.27)
  DIST-REVIEW: MARTIN           24h   chose GNO |Z|=0.36 (runner-up PE3 |Z|=0.62, margin 0.27)
  DIST-REVIEW: MONTICELLO       72h   chose GNO |Z|=0.46 (runner-up GEV |Z|=0.75, margin 0.29)
  DIST-REVIEW: DAVIS BOR        72h   chose GEV |Z|=1.51 (runner-up GLO |Z|=1.52, margin 0.01)
  DIST-REVIEW: OOLOGAH LAKE     24h   chose GNO |Z|=0.36 (runner-up PE3 |Z|=0.62, margin 0.27)
  DIST-REVIEW: PICKWICK LANDING 24h   chose GNO |Z|=0.36 (runner-up PE3 |Z|=0.62, margin 0.27)
  DIST-REVIEW: RICHARD B. RUSSELL DAM 24h   chose GEV |Z|=0.26 (runner-up GNO |Z|=0.73, margin 0.47)
  DIST-REVIEW: BOYSEN           72h   chose GEV |Z|=0.18 (runner-up GNO |Z|=0.24, margin 0.06)
  DIST-REVIEW: JOE B HOGSETT DAM 24h   chose GNO |Z|=0.36 (runner-up PE3 |Z|=0.62, margin 0.27)
  DIST-REVIEW: ROSS             72h   chose GEV |Z|=2.16 (runner-up GLO |Z|=2.22, margin 0.07)
  DIST-REVIEW: SANTEE           24h   chose GNO |Z|=0.36 (runner-up PE3 |Z|=0.62, margin 0.27)
  DIST-REVIEW: WATTS BAR        24h   chose GEV |Z|=0.32 (runner-up GNO |Z|=0.82, margin 0.50)
  DIST-REVIEW: ARKABUTLA DAM    24h   chose GNO |Z|=0.36 (runner-up PE3 |Z|=0.62, margin 0.27)
  DIST-REVIEW: UTAH LAKE OUTLET 24h   chose GEV |Z|=2.08 (runner-up GLO |Z|=2.25, margin 0.16)
  DIST-REVIEW: ABIQUIU DAM      72h   chose GEV |Z|=2.35 (runner-up GLO |Z|=2.65, margin 0.29)
  DIST-REVIEW: KAW LAKE         24h   chose GNO |Z|=0.36 (runner-up PE3 |Z|=0.62, margin 0.27)
  DIST-REVIEW: DRY FALLS DAM & POWERPLANT 72h   chose GEV |Z|=1.79 (runner-up GNO |Z|=2.37, margin 0.58)
  DIST-REVIEW: CARLYLE LAKE DAM 24h   chose GNO |Z|=0.36 (runner-up PE3 |Z|=0.62, margin 0.27)
  DIST-REVIEW: LAKE FORK DAM    24h   chose GNO |Z|=0.36 (runner-up PE3 |Z|=0.62, margin 0.27)
  DIST-REVIEW: ENID DAM         24h   chose GNO |Z|=0.36 (runner-up PE3 |Z|=0.62, margin 0.27)
  DIST-REVIEW: CANYON LAKE      24h   chose GEV |Z|=0.48 (runner-up GNO |Z|=0.94, margin 0.46)
  DIST-REVIEW: CANYON LAKE      72h   chose GEV |Z|=0.53 (runner-up GNO |Z|=1.00, margin 0.48)
  DIST-REVIEW: OWYHEE           24h   chose GEV |Z|=1.98 (runner-up GLO |Z|=2.29, margin 0.32)
  DIST-REVIEW: OWYHEE           72h   chose GEV |Z|=0.80 (runner-up GNO |Z|=1.24, margin 0.44)
  DIST-REVIEW: BAYOU BODCAU DAM 24h   chose GNO |Z|=0.36 (runner-up PE3 |Z|=0.62, margin 0.27)
  DIST-REVIEW: BUCHANAN DAM     72h   chose GEV |Z|=0.77 (runner-up GLO |Z|=1.14, margin 0.37)
  DIST-REVIEW: ALBENI FALLS     24h   chose GEV |Z|=1.90 (runner-up GLO |Z|=2.14, margin 0.24)
  DIST-REVIEW: ALBENI FALLS     72h   chose GLO |Z|=2.03 (runner-up GEV |Z|=2.92, margin 0.89)
  DIST-REVIEW: MILFORD DAM      24h   chose GNO |Z|=0.36 (runner-up PE3 |Z|=0.62, margin 0.27)
  DIST-REVIEW: LAKE ALMANOR     72h   chose GEV |Z|=1.82 (runner-up GLO |Z|=1.99, margin 0.17)
  DIST-REVIEW: SMITH MOUNTAIN COMBINATION PUMP STORAGE 24h   chose GLO |Z|=1.73 (runner-up GEV |Z|=1.96, margin 0.23)
  DIST-REVIEW: WAPPAPELLO LAKE DAM 24h   chose GNO |Z|=0.36 (runner-up PE3 |Z|=0.62, margin 0.27)
  DIST-REVIEW: FOLSOM RIGHT WING 24h   chose GEV |Z|=0.47 (runner-up GNO |Z|=0.69, margin 0.23)
  DIST-REVIEW: COOPER DEV - PINOPOLIS DAM 24h   chose GNO |Z|=0.36 (runner-up PE3 |Z|=0.62, margin 0.27)

Batch complete: 127 ok, 23 failed. See ./outputs/batch.
There were 22 warnings (use warnings() to see them)

NID tranche done. Cumulative: 153/73303 attempted (0.2%), 130 ok. New cache stations: 4024.
