"site","duration","return_period_yr","AEP","depth_mm","depth_lo_mm","depth_hi_mm","rel_rmse"
"HOOVER","24h",2,0.5,31.49,31.17,32.2,0.011
"HOOVER","24h",5,0.2,44.92,44.65,45.37,0.005
"HOOVER","24h",10,0.1,54.77,53.89,55.5,0.009
"HOOVER","24h",25,0.04,69.14,66.64,70.7,0.019
"HOOVER","24h",50,0.02,81.6,77.25,84.08,0.028
"HOOVER","24h",100,0.01,95.84,88.88,99.69,0.037
"HOOVER","24h",200,0.005,112.2,101.74,117.68,0.047
"HOOVER","24h",500,0.002,137.71,121.38,146.3,0.06
"HOOVER","24h",1000,0.001,160.48,138.32,171.98,0.07
"HOOVER","24h",2000,5e-04,186.78,157.05,202.28,0.081
"HOOVER","24h",5000,2e-04,227.91,185.63,250.33,0.095
"HOOVER","24h",10000,1e-04,264.68,210.34,294.17,0.106
"HOOVER","72h",2,0.5,38.11,37.66,38.86,0.011
"HOOVER","72h",5,0.2,54.54,54.15,55.12,0.006
"HOOVER","72h",10,0.1,66.25,65.2,67.2,0.009
"HOOVER","72h",25,0.04,82.93,80.34,85.06,0.018
"HOOVER","72h",50,0.02,97.08,92.52,100.4,0.026
"HOOVER","72h",100,0.01,112.95,106.04,117.75,0.035
"HOOVER","72h",200,0.005,130.83,120.59,137.78,0.044
"HOOVER","72h",500,0.002,158.12,142.21,169.54,0.056
"HOOVER","72h",1000,0.001,181.97,160.45,197.07,0.065
"HOOVER","72h",2000,5e-04,209.01,180.95,229.02,0.075
"HOOVER","72h",5000,2e-04,250.39,211.56,278.2,0.089
"HOOVER","72h",10000,1e-04,286.6,236.83,321.77,0.099
"GLEN CANYON","24h",2,0.5,29.36,29.17,29.66,0.006
"GLEN CANYON","24h",5,0.2,40.65,40.47,40.89,0.003
"GLEN CANYON","24h",10,0.1,48.63,48.14,48.98,0.006
"GLEN CANYON","24h",25,0.04,59.31,57.98,60.22,0.012
"GLEN CANYON","24h",50,0.02,67.7,65.52,69.12,0.018
"GLEN CANYON","24h",100,0.01,76.44,73.16,78.55,0.024
"GLEN CANYON","24h",200,0.005,85.58,80.93,88.56,0.03
"GLEN CANYON","24h",500,0.002,98.32,91.55,102.71,0.039
"GLEN CANYON","24h",1000,0.001,108.49,99.73,114.37,0.046
"GLEN CANYON","24h",2000,5e-04,119.16,108.11,126.7,0.053
"GLEN CANYON","24h",5000,2e-04,134.07,119.54,144.21,0.063
"GLEN CANYON","24h",10000,1e-04,145.98,128.44,158.41,0.07
"GLEN CANYON","72h",2,0.5,37.24,37,37.8,0.008
"GLEN CANYON","72h",5,0.2,50.81,50.67,51.17,0.004
"GLEN CANYON","72h",10,0.1,61.07,60.33,61.64,0.007
"GLEN CANYON","72h",25,0.04,76.41,74.28,77.67,0.015
"GLEN CANYON","72h",50,0.02,90.02,86.31,92.09,0.022
"GLEN CANYON","72h",100,0.01,105.87,99.86,108.94,0.03
"GLEN CANYON","72h",200,0.005,124.44,115.44,128.84,0.039
"GLEN CANYON","72h",500,0.002,154.03,139.72,160.93,0.051
"GLEN CANYON","72h",1000,0.001,181.04,161.08,190.32,0.06
"GLEN CANYON","72h",2000,5e-04,212.82,185.78,225.15,0.069
"GLEN CANYON","72h",5000,2e-04,263.64,224.24,281.55,0.082
"GLEN CANYON","72h",10000,1e-04,310.07,258.47,333.49,0.092
"GRAND COULEE","24h",2,0.5,39.83,39.63,40.16,0.005
"GRAND COULEE","24h",5,0.2,52.01,51.79,52.26,0.003
"GRAND COULEE","24h",10,0.1,60.42,59.85,60.86,0.005
"GRAND COULEE","24h",25,0.04,71.47,70.02,72.37,0.011
"GRAND COULEE","24h",50,0.02,79.99,77.58,81.45,0.016
"GRAND COULEE","24h",100,0.01,88.71,85.2,90.94,0.022
"GRAND COULEE","24h",200,0.005,97.68,92.94,100.92,0.027
"GRAND COULEE","24h",500,0.002,109.96,103.16,114.57,0.035
"GRAND COULEE","24h",1000,0.001,119.58,110.84,125.25,0.041
"GRAND COULEE","24h",2000,5e-04,129.51,118.64,136.84,0.048
"GRAND COULEE","24h",5000,2e-04,143.12,128.95,152.79,0.056
"GRAND COULEE","24h",10000,1e-04,153.81,136.81,165.4,0.063
"GRAND COULEE","72h",2,0.5,59.79,59.47,60.45,0.006
"GRAND COULEE","72h",5,0.2,76.2,75.87,76.63,0.003
"GRAND COULEE","72h",10,0.1,87.92,86.92,88.61,0.006
"GRAND COULEE","72h",25,0.04,104.62,102.1,106.24,0.013
"GRAND COULEE","72h",50,0.02,118.81,114.61,121.28,0.019
"GRAND COULEE","72h",100,0.01,134.71,128.3,138.46,0.026
"GRAND COULEE","72h",200,0.005,152.66,143.29,157.85,0.033
"GRAND COULEE","72h",500,0.002,180.08,165.46,187.91,0.043
"GRAND COULEE","72h",1000,0.001,204.06,184.43,214.62,0.051
"GRAND COULEE","72h",2000,5e-04,231.27,205.67,245.23,0.059
"GRAND COULEE","72h",5000,2e-04,272.94,237.52,292.66,0.07
"GRAND COULEE","72h",10000,1e-04,309.44,264.32,334.33,0.079
"SHASTA","24h",2,0.5,77.61,77.17,78.38,0.005
"SHASTA","24h",5,0.2,100.45,100,101.02,0.003
"SHASTA","24h",10,0.1,116.44,115.2,117.43,0.006
"SHASTA","24h",25,0.04,138.86,135.75,140.87,0.012
"SHASTA","24h",50,0.02,157.6,152.62,160.97,0.018
"SHASTA","24h",100,0.01,178.35,170.88,183.37,0.023
"SHASTA","24h",200,0.005,201.47,190.74,208.63,0.03
"SHASTA","24h",500,0.002,236.26,219.95,246.79,0.038
"SHASTA","24h",1000,0.001,266.24,244.75,280.13,0.045
"SHASTA","24h",2000,5e-04,299.82,271.63,317.72,0.053
"SHASTA","24h",5000,2e-04,350.5,311.52,375.02,0.062
"SHASTA","24h",10000,1e-04,394.25,345.23,425.66,0.07
"SHASTA","72h",2,0.5,126.19,125.46,127.27,0.005
"SHASTA","72h",5,0.2,171.41,170.57,172.36,0.003
"SHASTA","72h",10,0.1,201.05,199.14,202.53,0.005
"SHASTA","72h",25,0.04,238.14,233.61,241.6,0.011
"SHASTA","72h",50,0.02,265.42,258.34,270.33,0.015
"SHASTA","72h",100,0.01,292.28,281.97,299.24,0.02
"SHASTA","72h",200,0.005,318.85,305.04,328.73,0.024
"SHASTA","72h",500,0.002,353.59,333.98,367.63,0.031
"SHASTA","72h",1000,0.001,379.62,355.23,397.72,0.036
"SHASTA","72h",2000,5e-04,405.44,375.89,427.64,0.041
"SHASTA","72h",5000,2e-04,439.27,402.44,467.56,0.048
"SHASTA","72h",10000,1e-04,464.64,421.81,497.88,0.053
"FLAMING GORGE","24h",2,0.5,25.33,25.2,25.63,0.006
"FLAMING GORGE","24h",5,0.2,33.71,33.6,33.9,0.003
"FLAMING GORGE","24h",10,0.1,39.87,39.46,40.18,0.005
"FLAMING GORGE","24h",25,0.04,48.9,47.75,49.53,0.012
"FLAMING GORGE","24h",50,0.02,56.75,54.79,57.77,0.018
"FLAMING GORGE","24h",100,0.01,65.73,62.61,67.24,0.024
"FLAMING GORGE","24h",200,0.005,76.08,71.5,78.26,0.031
"FLAMING GORGE","24h",500,0.002,92.26,84.98,95.64,0.04
"FLAMING GORGE","24h",1000,0.001,106.75,96.9,111.23,0.048
"FLAMING GORGE","24h",2000,5e-04,123.52,110.44,129.66,0.056
"FLAMING GORGE","24h",5000,2e-04,149.81,131.17,158.61,0.066
"FLAMING GORGE","24h",10000,1e-04,173.37,149.05,184.79,0.075
"FLAMING GORGE","72h",2,0.5,32.26,32.09,32.53,0.004
"FLAMING GORGE","72h",5,0.2,44.07,43.9,44.31,0.003
"FLAMING GORGE","72h",10,0.1,52.15,51.69,52.5,0.005
"FLAMING GORGE","72h",25,0.04,62.66,61.6,63.44,0.01
"FLAMING GORGE","72h",50,0.02,70.69,68.88,72.01,0.014
"FLAMING GORGE","72h",100,0.01,78.85,76.13,80.84,0.019
"FLAMING GORGE","72h",200,0.005,87.18,83.43,89.91,0.024
"FLAMING GORGE","72h",500,0.002,98.49,93.14,102.37,0.031
"FLAMING GORGE","72h",1000,0.001,107.28,100.43,112.19,0.036
"FLAMING GORGE","72h",2000,5e-04,116.27,107.63,122.41,0.041
"FLAMING GORGE","72h",5000,2e-04,128.51,117.33,136.65,0.048
"FLAMING GORGE","72h",10000,1e-04,138.02,124.73,147.83,0.054
"HUNGRY HORSE","24h",2,0.5,43.7,43.42,44.17,0.006
"HUNGRY HORSE","24h",5,0.2,56.85,56.63,57.16,0.003
"HUNGRY HORSE","24h",10,0.1,66.24,65.55,66.83,0.006
"HUNGRY HORSE","24h",25,0.04,79.64,77.89,80.9,0.013
"HUNGRY HORSE","24h",50,0.02,91.03,88.18,92.98,0.018
"HUNGRY HORSE","24h",100,0.01,103.8,99.33,106.77,0.025
"HUNGRY HORSE","24h",200,0.005,118.23,111.72,122.56,0.031
"HUNGRY HORSE","24h",500,0.002,140.27,130.1,146.95,0.041
"HUNGRY HORSE","24h",1000,0.001,159.56,145.89,168.62,0.048
"HUNGRY HORSE","24h",2000,5e-04,181.46,163.4,193.4,0.056
"HUNGRY HORSE","24h",5000,2e-04,215.03,189.35,232.01,0.067
"HUNGRY HORSE","24h",10000,1e-04,244.44,211.99,265.93,0.075
"HUNGRY HORSE","72h",2,0.5,61.59,61.26,62.16,0.005
"HUNGRY HORSE","72h",5,0.2,82.02,81.69,82.44,0.003
"HUNGRY HORSE","72h",10,0.1,96.21,95.27,96.9,0.005
"HUNGRY HORSE","72h",25,0.04,114.93,112.43,116.52,0.011
"HUNGRY HORSE","72h",50,0.02,129.41,125.47,131.97,0.017
"HUNGRY HORSE","72h",100,0.01,144.31,138.6,147.99,0.022
"HUNGRY HORSE","72h",200,0.005,159.69,151.57,164.89,0.028
"HUNGRY HORSE","72h",500,0.002,180.83,168.74,188.34,0.036
"HUNGRY HORSE","72h",1000,0.001,197.48,182.21,207.23,0.042
"HUNGRY HORSE","72h",2000,5e-04,214.72,195.6,226.87,0.049
"HUNGRY HORSE","72h",5000,2e-04,238.46,213.5,254.29,0.057
"HUNGRY HORSE","72h",10000,1e-04,257.17,227.2,276.44,0.064
"THEODORE ROOSEVELT","24h",2,0.5,51.74,51.42,52.28,0.006
"THEODORE ROOSEVELT","24h",5,0.2,68.4,68.15,68.78,0.003
"THEODORE ROOSEVELT","24h",10,0.1,80.26,79.48,80.91,0.006
"THEODORE ROOSEVELT","24h",25,0.04,97.16,95.23,98.55,0.012
"THEODORE ROOSEVELT","24h",50,0.02,111.48,108.22,113.81,0.017
"THEODORE ROOSEVELT","24h",100,0.01,127.53,122.62,131.09,0.023
"THEODORE ROOSEVELT","24h",200,0.005,145.62,138.37,150.71,0.029
"THEODORE ROOSEVELT","24h",500,0.002,173.22,161.75,181.01,0.037
"THEODORE ROOSEVELT","24h",1000,0.001,197.33,181.66,207.87,0.044
"THEODORE ROOSEVELT","24h",2000,5e-04,224.64,203.95,238.62,0.051
"THEODORE ROOSEVELT","24h",5000,2e-04,266.44,237.36,286.24,0.061
"THEODORE ROOSEVELT","24h",10000,1e-04,303,265.98,328.37,0.068
"THEODORE ROOSEVELT","72h",2,0.5,67.88,67.45,68.54,0.005
"THEODORE ROOSEVELT","72h",5,0.2,94.1,93.73,94.62,0.003
"THEODORE ROOSEVELT","72h",10,0.1,112.37,111.31,113.22,0.005
"THEODORE ROOSEVELT","72h",25,0.04,136.56,133.96,138.52,0.011
"THEODORE ROOSEVELT","72h",50,0.02,155.33,150.97,158.61,0.016
"THEODORE ROOSEVELT","72h",100,0.01,174.68,168,179.43,0.022
"THEODORE ROOSEVELT","72h",200,0.005,194.72,185.45,201.57,0.027
"THEODORE ROOSEVELT","72h",500,0.002,222.34,208.71,232.27,0.035
"THEODORE ROOSEVELT","72h",1000,0.001,244.15,226.24,256.79,0.041
"THEODORE ROOSEVELT","72h",2000,5e-04,266.8,244.09,282.56,0.047
"THEODORE ROOSEVELT","72h",5000,2e-04,298.08,268.36,318.7,0.056
"THEODORE ROOSEVELT","72h",10000,1e-04,322.8,287.12,348.1,0.062
"ELEPHANT BUTTE","24h",2,0.5,36.02,35.78,36.39,0.005
"ELEPHANT BUTTE","24h",5,0.2,50.08,49.88,50.34,0.003
"ELEPHANT BUTTE","24h",10,0.1,59.72,59.13,60.18,0.005
"ELEPHANT BUTTE","24h",25,0.04,72.28,70.84,73.31,0.011
"ELEPHANT BUTTE","24h",50,0.02,81.87,79.41,83.58,0.016
"ELEPHANT BUTTE","24h",100,0.01,91.65,87.9,94.25,0.022
"ELEPHANT BUTTE","24h",200,0.005,101.63,96.48,105.29,0.027
"ELEPHANT BUTTE","24h",500,0.002,115.2,107.7,120.53,0.035
"ELEPHANT BUTTE","24h",1000,0.001,125.75,116.19,132.56,0.041
"ELEPHANT BUTTE","24h",2000,5e-04,136.57,124.69,145.18,0.047
"ELEPHANT BUTTE","24h",5000,2e-04,151.3,136,162.59,0.055
"ELEPHANT BUTTE","24h",10000,1e-04,162.76,144.69,176.51,0.061
"ELEPHANT BUTTE","72h",2,0.5,45.1,44.78,45.52,0.005
"ELEPHANT BUTTE","72h",5,0.2,62.35,62.03,62.71,0.003
"ELEPHANT BUTTE","72h",10,0.1,73.76,73.03,74.34,0.006
"ELEPHANT BUTTE","72h",25,0.04,88.18,86.51,89.51,0.011
"ELEPHANT BUTTE","72h",50,0.02,98.87,96.14,101.03,0.016
"ELEPHANT BUTTE","72h",100,0.01,109.49,105.57,112.66,0.02
"ELEPHANT BUTTE","72h",200,0.005,120.06,114.55,124.39,0.025
"ELEPHANT BUTTE","72h",500,0.002,134,126.36,140.35,0.032
"ELEPHANT BUTTE","72h",1000,0.001,144.53,134.86,152.72,0.037
"ELEPHANT BUTTE","72h",2000,5e-04,155.06,143.19,165.27,0.043
"ELEPHANT BUTTE","72h",5000,2e-04,168.97,153.97,182.1,0.05
"ELEPHANT BUTTE","72h",10000,1e-04,179.49,161.95,195.34,0.055
"TRINITY","24h",2,0.5,73.64,73.23,74.2,0.004
"TRINITY","24h",5,0.2,97.01,96.58,97.49,0.003
"TRINITY","24h",10,0.1,112.16,111.15,112.93,0.005
"TRINITY","24h",25,0.04,130.94,128.5,132.63,0.01
"TRINITY","24h",50,0.02,144.62,140.91,147.4,0.014
"TRINITY","24h",100,0.01,157.98,152.8,162.12,0.018
"TRINITY","24h",200,0.005,171.08,164.11,176.69,0.023
"TRINITY","24h",500,0.002,188.06,178.28,195.95,0.029
"TRINITY","24h",1000,0.001,200.66,188.52,210.41,0.034
"TRINITY","24h",2000,5e-04,213.06,198.51,224.8,0.039
"TRINITY","24h",5000,2e-04,229.15,211.17,243.99,0.045
"TRINITY","24h",10000,1e-04,241.1,219.95,258.46,0.05
"TRINITY","72h",2,0.5,122.6,121.86,123.58,0.004
"TRINITY","72h",5,0.2,165.24,164.46,166.12,0.003
"TRINITY","72h",10,0.1,192.82,191.04,194.12,0.005
"TRINITY","72h",25,0.04,226.93,222.82,229.87,0.01
"TRINITY","72h",50,0.02,251.71,245.36,256.53,0.014
"TRINITY","72h",100,0.01,275.88,266.61,282.93,0.019
"TRINITY","72h",200,0.005,299.55,287,309.55,0.023
"TRINITY","72h",500,0.002,330.15,312.88,344.38,0.03
"TRINITY","72h",1000,0.001,352.81,332.02,370.36,0.034
"TRINITY","72h",2000,5e-04,375.08,349.77,396.33,0.039
"TRINITY","72h",5000,2e-04,403.91,371.97,430.84,0.046
"TRINITY","72h",10000,1e-04,425.29,387.99,456.9,0.05
"SANFORD","24h",2,0.5,59.19,58.84,59.71,0.005
"SANFORD","24h",5,0.2,81.42,81.07,81.87,0.003
"SANFORD","24h",10,0.1,96.77,95.84,97.45,0.005
"SANFORD","24h",25,0.04,116.91,114.51,118.52,0.011
"SANFORD","24h",50,0.02,132.4,128.51,135.07,0.015
"SANFORD","24h",100,0.01,148.27,142.62,152.1,0.02
"SANFORD","24h",200,0.005,164.58,156.71,169.94,0.025
"SANFORD","24h",500,0.002,186.87,175.7,194.64,0.033
"SANFORD","24h",1000,0.001,204.34,190.21,214.41,0.038
"SANFORD","24h",2000,5e-04,222.34,205,235.17,0.044
"SANFORD","24h",5000,2e-04,247.01,224.68,263.71,0.052
"SANFORD","24h",10000,1e-04,266.34,239.84,286.35,0.058
"SANFORD","72h",2,0.5,72.53,72.11,73.11,0.004
"SANFORD","72h",5,0.2,99.31,98.86,99.82,0.003
"SANFORD","72h",10,0.1,117.25,116.17,118.03,0.005
"SANFORD","72h",25,0.04,140.14,137.62,142.08,0.01
"SANFORD","72h",50,0.02,157.29,153.35,160.4,0.014
"SANFORD","72h",100,0.01,174.45,168.61,178.78,0.019
"SANFORD","72h",200,0.005,191.69,183.86,197.62,0.024
"SANFORD","72h",500,0.002,214.67,203.3,223.27,0.03
"SANFORD","72h",1000,0.001,232.19,217.77,243.19,0.035
"SANFORD","72h",2000,5e-04,249.86,232.24,263.46,0.04
"SANFORD","72h",5000,2e-04,273.44,251.36,291.33,0.047
"SANFORD","72h",10000,1e-04,291.44,265.59,313.15,0.052
"NEW MELONES","24h",2,0.5,79.14,78.68,79.94,0.005
"NEW MELONES","24h",5,0.2,107.88,107.46,108.46,0.003
"NEW MELONES","24h",10,0.1,128.07,126.79,128.97,0.005
"NEW MELONES","24h",25,0.04,154.97,151.51,157.15,0.012
"NEW MELONES","24h",50,0.02,175.98,170.15,179.63,0.017
"NEW MELONES","24h",100,0.01,197.78,189.08,203.1,0.023
"NEW MELONES","24h",200,0.005,220.47,208.32,227.73,0.029
"NEW MELONES","24h",500,0.002,251.95,234.35,262.72,0.037
"NEW MELONES","24h",1000,0.001,276.97,254.43,290.45,0.044
"NEW MELONES","24h",2000,5e-04,303.1,274.89,319.72,0.05
"NEW MELONES","24h",5000,2e-04,339.42,302.59,361.45,0.059
"NEW MELONES","24h",10000,1e-04,368.31,323.74,395.51,0.066
"NEW MELONES","72h",2,0.5,123.65,122.75,125.15,0.006
"NEW MELONES","72h",5,0.2,175.55,174.77,176.67,0.003
"NEW MELONES","72h",10,0.1,212.35,210.09,214.19,0.006
"NEW MELONES","72h",25,0.04,261.83,255.6,266.24,0.013
"NEW MELONES","72h",50,0.02,300.81,290.67,307.81,0.018
"NEW MELONES","72h",100,0.01,341.53,326.19,352.02,0.025
"NEW MELONES","72h",200,0.005,384.23,362.32,398.97,0.031
"NEW MELONES","72h",500,0.002,443.97,411.31,465.54,0.04
"NEW MELONES","72h",1000,0.001,491.85,448.94,519.65,0.047
"NEW MELONES","72h",2000,5e-04,542.21,487.47,577.15,0.054
"NEW MELONES","72h",5000,2e-04,612.79,540.98,659.52,0.063
"NEW MELONES","72h",10000,1e-04,669.4,582.72,726.16,0.071
"B. F. SISK","24h",2,0.5,80.52,79.97,81.42,0.006
"B. F. SISK","24h",5,0.2,108.68,108.09,109.35,0.003
"B. F. SISK","24h",10,0.1,128.41,126.94,129.51,0.006
"B. F. SISK","24h",25,0.04,154.64,150.66,157.18,0.013
"B. F. SISK","24h",50,0.02,175.08,168.46,179.11,0.019
"B. F. SISK","24h",100,0.01,196.25,186.42,202.54,0.026
"B. F. SISK","24h",200,0.005,218.24,204.68,226.83,0.032
"B. F. SISK","24h",500,0.002,248.69,228.81,261.54,0.041
"B. F. SISK","24h",1000,0.001,272.85,247.74,289.61,0.049
"B. F. SISK","24h",2000,5e-04,298.02,267.04,319.31,0.056
"B. F. SISK","24h",5000,2e-04,332.94,292.43,360.67,0.066
"B. F. SISK","24h",10000,1e-04,360.65,311.88,393.8,0.073
"B. F. SISK","72h",2,0.5,124.67,123.56,126.37,0.007
"B. F. SISK","72h",5,0.2,175.61,174.67,176.78,0.004
"B. F. SISK","72h",10,0.1,211.98,209.48,214.08,0.007
"B. F. SISK","72h",25,0.04,261.2,254.19,266.2,0.015
"B. F. SISK","72h",50,0.02,300.22,288.2,308.6,0.021
"B. F. SISK","72h",100,0.01,341.2,322.89,354.04,0.029
"B. F. SISK","72h",200,0.005,384.39,358.43,402.48,0.036
"B. F. SISK","72h",500,0.002,445.2,406.72,472.65,0.046
"B. F. SISK","72h",1000,0.001,494.24,444.58,530.26,0.054
"B. F. SISK","72h",2000,5e-04,546.08,483.56,591.36,0.063
"B. F. SISK","72h",5000,2e-04,619.18,537.13,680.02,0.074
"B. F. SISK","72h",10000,1e-04,678.18,578.93,751.27,0.082
"NAVAJO","24h",2,0.5,31.6,31.43,31.86,0.004
"NAVAJO","24h",5,0.2,42.37,42.19,42.58,0.003
"NAVAJO","24h",10,0.1,49.6,49.16,49.94,0.005
"NAVAJO","24h",25,0.04,58.87,57.82,59.68,0.01
"NAVAJO","24h",50,0.02,65.84,64.05,67.09,0.015
"NAVAJO","24h",100,0.01,72.83,70.23,74.64,0.019
"NAVAJO","24h",200,0.005,79.87,76.38,82.29,0.024
"NAVAJO","24h",500,0.002,89.28,84.32,92.77,0.031
"NAVAJO","24h",1000,0.001,96.48,90.19,101,0.036
"NAVAJO","24h",2000,5e-04,103.76,96.06,109.37,0.041
"NAVAJO","24h",5000,2e-04,113.5,103.78,120.75,0.048
"NAVAJO","24h",10000,1e-04,120.97,109.41,129.63,0.054
"NAVAJO","72h",2,0.5,42.94,42.7,43.31,0.005
"NAVAJO","72h",5,0.2,55.05,54.79,55.32,0.003
"NAVAJO","72h",10,0.1,63.36,62.74,63.85,0.006
"NAVAJO","72h",25,0.04,74.83,73.32,75.92,0.011
"NAVAJO","72h",50,0.02,84.28,81.86,86.02,0.016
"NAVAJO","72h",100,0.01,94.62,91.12,97.19,0.021
"NAVAJO","72h",200,0.005,105.99,101.14,109.42,0.026
"NAVAJO","72h",500,0.002,122.85,115.63,127.97,0.034
"NAVAJO","72h",1000,0.001,137.18,127.55,144.05,0.04
"NAVAJO","72h",2000,5e-04,153.03,140.74,161.97,0.046
"NAVAJO","72h",5000,2e-04,176.61,159.73,188.98,0.054
"NAVAJO","72h",10000,1e-04,196.68,175.55,212.24,0.061
"MONTICELLO","24h",2,0.5,109.25,108.59,110.23,0.005
"MONTICELLO","24h",5,0.2,146.51,145.88,147.25,0.003
"MONTICELLO","24h",10,0.1,172.22,170.64,173.43,0.005
"MONTICELLO","24h",25,0.04,205.93,201.78,208.82,0.011
"MONTICELLO","24h",50,0.02,231.86,224.87,236.39,0.016
"MONTICELLO","24h",100,0.01,258.39,248.08,265.2,0.022
"MONTICELLO","24h",200,0.005,285.65,271.39,295.43,0.027
"MONTICELLO","24h",500,0.002,322.9,302.31,337.53,0.035
"MONTICELLO","24h",1000,0.001,352.06,326.03,371.04,0.041
"MONTICELLO","24h",2000,5e-04,382.11,349.83,405.99,0.047
"MONTICELLO","24h",5000,2e-04,423.25,381.05,454.69,0.056
"MONTICELLO","24h",10000,1e-04,455.48,404.96,493.6,0.062
"MONTICELLO","72h",2,0.5,178.11,176.65,180.03,0.006
"MONTICELLO","72h",5,0.2,251.05,249.94,252.31,0.003
"MONTICELLO","72h",10,0.1,301.87,298.54,304.55,0.006
"MONTICELLO","72h",25,0.04,368.54,360.52,374.54,0.012
"MONTICELLO","72h",50,0.02,419.82,407.37,429.19,0.017
"MONTICELLO","72h",100,0.01,472.4,454.67,485.98,0.021
"MONTICELLO","72h",200,0.005,526.59,502.92,544.66,0.025
"MONTICELLO","72h",500,0.002,601.06,568.58,625.75,0.031
"MONTICELLO","72h",1000,0.001,659.76,619.56,691.23,0.035
"MONTICELLO","72h",2000,5e-04,720.66,671.73,759.73,0.039
"MONTICELLO","72h",5000,2e-04,804.73,743.11,854.45,0.043
"MONTICELLO","72h",10000,1e-04,871.17,799.85,929.02,0.047
"DAVIS BOR","24h",2,0.5,36.87,36.52,37.54,0.01
"DAVIS BOR","24h",5,0.2,51.43,51.16,51.84,0.005
"DAVIS BOR","24h",10,0.1,62.07,61.19,62.82,0.008
"DAVIS BOR","24h",25,0.04,77.56,75.08,79.3,0.018
"DAVIS BOR","24h",50,0.02,90.97,86.64,93.66,0.026
"DAVIS BOR","24h",100,0.01,106.26,99.41,110.38,0.035
"DAVIS BOR","24h",200,0.005,123.79,113.82,129.73,0.044
"DAVIS BOR","24h",500,0.002,151.06,135.69,160.2,0.056
"DAVIS BOR","24h",1000,0.001,175.36,154.58,187.92,0.066
"DAVIS BOR","24h",2000,5e-04,203.36,175.91,220.23,0.076
"DAVIS BOR","24h",5000,2e-04,247.06,207.69,271.54,0.09
"DAVIS BOR","24h",10000,1e-04,286.04,235.05,317.99,0.101
"DAVIS BOR","72h",2,0.5,45.17,44.75,45.84,0.008
"DAVIS BOR","72h",5,0.2,65.32,64.9,65.82,0.004
"DAVIS BOR","72h",10,0.1,79.07,78.02,79.92,0.008
"DAVIS BOR","72h",25,0.04,96.93,94.21,98.84,0.015
"DAVIS BOR","72h",50,0.02,110.54,106.04,113.56,0.021
"DAVIS BOR","72h",100,0.01,124.36,117.62,128.85,0.028
"DAVIS BOR","72h",200,0.005,138.44,129.02,144.83,0.035
"DAVIS BOR","72h",500,0.002,157.51,144.03,166.77,0.044
"DAVIS BOR","72h",1000,0.001,172.31,155.23,184.05,0.052
"DAVIS BOR","72h",2000,5e-04,187.43,166.33,201.99,0.059
"DAVIS BOR","72h",5000,2e-04,207.95,180.97,226.78,0.069
"DAVIS BOR","72h",10000,1e-04,223.88,191.97,246.39,0.076
"BOYSEN","24h",2,0.5,30.09,29.87,30.45,0.006
"BOYSEN","24h",5,0.2,42.04,41.81,42.28,0.003
"BOYSEN","24h",10,0.1,50.05,49.52,50.48,0.006
"BOYSEN","24h",25,0.04,60.28,58.92,61.26,0.012
"BOYSEN","24h",50,0.02,67.96,65.75,69.48,0.018
"BOYSEN","24h",100,0.01,75.66,72.39,77.89,0.023
"BOYSEN","24h",200,0.005,83.4,78.84,86.57,0.029
"BOYSEN","24h",500,0.002,93.72,87.18,98.23,0.037
"BOYSEN","24h",1000,0.001,101.61,93.32,107.32,0.043
"BOYSEN","24h",2000,5e-04,109.57,99.3,116.67,0.049
"BOYSEN","24h",5000,2e-04,120.2,107.02,129.46,0.057
"BOYSEN","24h",10000,1e-04,128.33,112.72,139.39,0.063
"BOYSEN","72h",2,0.5,37.46,37.19,37.89,0.006
"BOYSEN","72h",5,0.2,52.91,52.59,53.27,0.004
"BOYSEN","72h",10,0.1,63.02,62.3,63.63,0.007
"BOYSEN","72h",25,0.04,75.65,73.94,76.9,0.013
"BOYSEN","72h",50,0.02,84.91,82.14,86.82,0.018
"BOYSEN","72h",100,0.01,94.03,89.95,96.83,0.023
"BOYSEN","72h",200,0.005,103.03,97.52,106.78,0.028
"BOYSEN","72h",500,0.002,114.77,107.09,120.09,0.035
"BOYSEN","72h",1000,0.001,123.56,114.02,130.22,0.041
"BOYSEN","72h",2000,5e-04,132.26,120.71,140.34,0.047
"BOYSEN","72h",5000,2e-04,143.64,129.21,153.91,0.054
"BOYSEN","72h",10000,1e-04,152.16,135.16,164.32,0.059
"TIBER","24h",2,0.5,35.37,35.13,35.74,0.005
"TIBER","24h",5,0.2,50.1,49.89,50.33,0.003
"TIBER","24h",10,0.1,60.3,59.66,60.72,0.006
"TIBER","24h",25,0.04,73.6,72.07,74.62,0.011
"TIBER","24h",50,0.02,83.79,81.44,85.36,0.015
"TIBER","24h",100,0.01,94.21,90.83,96.41,0.019
"TIBER","24h",200,0.005,104.91,100.39,107.89,0.022
"TIBER","24h",500,0.002,119.57,113.4,123.74,0.027
"TIBER","24h",1000,0.001,131.1,123.58,136.17,0.031
"TIBER","24h",2000,5e-04,143.03,133.95,149.2,0.034
"TIBER","24h",5000,2e-04,159.46,148.16,167.33,0.038
"TIBER","24h",10000,1e-04,172.41,159.17,181.73,0.041
"TIBER","72h",2,0.5,45.57,45.29,45.99,0.005
"TIBER","72h",5,0.2,64.51,64.22,64.81,0.003
"TIBER","72h",10,0.1,77.28,76.5,77.86,0.005
"TIBER","72h",25,0.04,93.63,91.91,94.88,0.01
"TIBER","72h",50,0.02,105.95,103.32,107.83,0.014
"TIBER","72h",100,0.01,118.4,114.67,120.93,0.017
"TIBER","72h",200,0.005,131.05,126.09,134.38,0.02
"TIBER","72h",500,0.002,148.18,141.39,152.69,0.025
"TIBER","72h",1000,0.001,161.51,153.18,167.08,0.028
"TIBER","72h",2000,5e-04,175.18,165.26,181.92,0.031
"TIBER","72h",5000,2e-04,193.83,181.66,202.29,0.034
"TIBER","72h",10000,1e-04,208.41,194.25,218.29,0.037
"DRY FALLS DAM & POWERPLANT","24h",2,0.5,50.89,50.6,51.28,0.004
"DRY FALLS DAM & POWERPLANT","24h",5,0.2,66.6,66.37,66.94,0.003
"DRY FALLS DAM & POWERPLANT","24h",10,0.1,77.37,76.68,77.86,0.005
"DRY FALLS DAM & POWERPLANT","24h",25,0.04,91.43,89.72,92.6,0.01
"DRY FALLS DAM & POWERPLANT","24h",50,0.02,102.2,99.47,104.2,0.015
"DRY FALLS DAM & POWERPLANT","24h",100,0.01,113.16,109.12,116.28,0.02
"DRY FALLS DAM & POWERPLANT","24h",200,0.005,124.38,118.73,128.81,0.026
"DRY FALLS DAM & POWERPLANT","24h",500,0.002,139.65,131.53,146.16,0.033
"DRY FALLS DAM & POWERPLANT","24h",1000,0.001,151.54,141.14,159.82,0.039
"DRY FALLS DAM & POWERPLANT","24h",2000,5e-04,163.74,150.92,174.02,0.045
"DRY FALLS DAM & POWERPLANT","24h",5000,2e-04,180.36,163.94,193.71,0.053
"DRY FALLS DAM & POWERPLANT","24h",10000,1e-04,193.33,173.7,209.31,0.059
"DRY FALLS DAM & POWERPLANT","72h",2,0.5,80.04,79.63,80.67,0.004
"DRY FALLS DAM & POWERPLANT","72h",5,0.2,105.03,104.59,105.54,0.003
"DRY FALLS DAM & POWERPLANT","72h",10,0.1,121.68,120.57,122.58,0.005
"DRY FALLS DAM & POWERPLANT","72h",25,0.04,142.82,140.07,144.94,0.01
"DRY FALLS DAM & POWERPLANT","72h",50,0.02,158.6,154.17,161.73,0.015
"DRY FALLS DAM & POWERPLANT","72h",100,0.01,174.32,167.85,179.04,0.02
"DRY FALLS DAM & POWERPLANT","72h",200,0.005,190.07,181.46,196.34,0.025
"DRY FALLS DAM & POWERPLANT","72h",500,0.002,210.94,198.91,219.61,0.031
"DRY FALLS DAM & POWERPLANT","72h",1000,0.001,226.8,211.83,237.53,0.037
"DRY FALLS DAM & POWERPLANT","72h",2000,5e-04,242.72,224.53,255.85,0.042
"DRY FALLS DAM & POWERPLANT","72h",5000,2e-04,263.88,240.77,280.6,0.049
"DRY FALLS DAM & POWERPLANT","72h",10000,1e-04,279.97,252.75,299.71,0.055
"NORTH","24h",2,0.5,43.12,42.88,43.48,0.005
"NORTH","24h",5,0.2,56.36,56.14,56.65,0.003
"NORTH","24h",10,0.1,65.51,64.9,65.99,0.005
"NORTH","24h",25,0.04,77.54,76.01,78.72,0.011
"NORTH","24h",50,0.02,86.81,84.34,88.59,0.016
"NORTH","24h",100,0.01,96.32,92.68,98.97,0.022
"NORTH","24h",200,0.005,106.1,101.04,109.86,0.027
"NORTH","24h",500,0.002,119.5,112.04,125.06,0.035
"NORTH","24h",1000,0.001,130.01,120.51,136.9,0.041
"NORTH","24h",2000,5e-04,140.86,129.05,149.24,0.048
"NORTH","24h",5000,2e-04,155.74,140.27,166.62,0.056
"NORTH","24h",10000,1e-04,167.43,148.91,180.69,0.063
"NORTH","72h",2,0.5,62.44,62.12,63.13,0.006
"NORTH","72h",5,0.2,79.92,79.62,80.37,0.003
"NORTH","72h",10,0.1,92.48,91.42,93.19,0.006
"NORTH","72h",25,0.04,110.51,107.8,112.13,0.013
"NORTH","72h",50,0.02,125.91,121.39,128.47,0.019
"NORTH","72h",100,0.01,143.27,136.34,147.1,0.026
"NORTH","72h",200,0.005,162.95,152.85,168.31,0.033
"NORTH","72h",500,0.002,193.19,177.4,201.44,0.043
"NORTH","72h",1000,0.001,219.78,198.5,230.7,0.051
"NORTH","72h",2000,5e-04,250.09,222.39,264.33,0.059
"NORTH","72h",5000,2e-04,296.78,258.36,316.59,0.071
"NORTH","72h",10000,1e-04,337.9,288.28,363.53,0.08
"OWYHEE","24h",2,0.5,25.97,25.83,26.17,0.004
"OWYHEE","24h",5,0.2,34.38,34.26,34.54,0.003
"OWYHEE","24h",10,0.1,40.19,39.84,40.44,0.005
"OWYHEE","24h",25,0.04,47.82,46.94,48.41,0.01
"OWYHEE","24h",50,0.02,53.69,52.25,54.71,0.015
"OWYHEE","24h",100,0.01,59.71,57.63,61.17,0.02
"OWYHEE","24h",200,0.005,65.9,63.03,67.96,0.025
"OWYHEE","24h",500,0.002,74.36,70.14,77.42,0.032
"OWYHEE","24h",1000,0.001,81,75.56,85.06,0.038
"OWYHEE","24h",2000,5e-04,87.84,81.05,92.91,0.043
"OWYHEE","24h",5000,2e-04,97.22,88.38,103.81,0.051
"OWYHEE","24h",10000,1e-04,104.57,94.01,112.51,0.057
"OWYHEE","72h",2,0.5,35.11,34.95,35.34,0.004
"OWYHEE","72h",5,0.2,45.84,45.65,46.04,0.003
"OWYHEE","72h",10,0.1,52.79,52.37,53.15,0.005
"OWYHEE","72h",25,0.04,61.42,60.43,62.19,0.009
"OWYHEE","72h",50,0.02,67.72,66.2,68.89,0.013
"OWYHEE","72h",100,0.01,73.87,71.7,75.56,0.017
"OWYHEE","72h",200,0.005,79.91,76.98,82.23,0.021
"OWYHEE","72h",500,0.002,87.74,83.68,90.92,0.026
"OWYHEE","72h",1000,0.001,93.56,88.52,97.52,0.031
"OWYHEE","72h",2000,5e-04,99.29,93.2,104.11,0.035
"OWYHEE","72h",5000,2e-04,106.74,99.14,112.84,0.041
"OWYHEE","72h",10000,1e-04,112.28,103.44,119.47,0.045
"GLEN ELDER","24h",2,0.5,63.31,62.97,63.86,0.005
"GLEN ELDER","24h",5,0.2,86.65,86.31,87.08,0.003
"GLEN ELDER","24h",10,0.1,103.17,102.24,103.85,0.005
"GLEN ELDER","24h",25,0.04,125.35,122.91,127.02,0.01
"GLEN ELDER","24h",50,0.02,142.8,138.9,145.49,0.015
"GLEN ELDER","24h",100,0.01,161.01,155.24,165.04,0.02
"GLEN ELDER","24h",200,0.005,180.08,171.92,185.72,0.025
"GLEN ELDER","24h",500,0.002,206.73,194.48,215.01,0.032
"GLEN ELDER","24h",1000,0.001,228.06,211.95,238.77,0.038
"GLEN ELDER","24h",2000,5e-04,250.46,230.41,264.24,0.044
"GLEN ELDER","24h",5000,2e-04,281.83,255.27,299.93,0.052
"GLEN ELDER","24h",10000,1e-04,306.95,274.56,328.95,0.058
"GLEN ELDER","72h",2,0.5,75.72,75.3,76.25,0.004
"GLEN ELDER","72h",5,0.2,101.01,100.57,101.46,0.003
"GLEN ELDER","72h",10,0.1,117.7,116.71,118.48,0.005
"GLEN ELDER","72h",25,0.04,138.73,136.51,140.39,0.009
"GLEN ELDER","72h",50,0.02,154.28,150.79,156.94,0.013
"GLEN ELDER","72h",100,0.01,169.68,164.64,173.77,0.017
"GLEN ELDER","72h",200,0.005,184.99,178.12,190.61,0.021
"GLEN ELDER","72h",500,0.002,205.12,195.43,213.26,0.027
"GLEN ELDER","72h",1000,0.001,220.3,208.18,230.72,0.031
"GLEN ELDER","72h",2000,5e-04,235.43,220.5,248.33,0.035
"GLEN ELDER","72h",5000,2e-04,255.38,236.51,271.77,0.042
"GLEN ELDER","72h",10000,1e-04,270.43,248.44,289.56,0.046
"PATHFINDER DIKE","24h",2,0.5,31.46,31.26,31.99,0.009
"PATHFINDER DIKE","24h",5,0.2,43.14,42.98,43.45,0.004
"PATHFINDER DIKE","24h",10,0.1,51.89,51.28,52.37,0.007
"PATHFINDER DIKE","24h",25,0.04,64.86,62.99,65.87,0.016
"PATHFINDER DIKE","24h",50,0.02,76.31,73.01,77.95,0.024
"PATHFINDER DIKE","24h",100,0.01,89.55,84.19,91.95,0.032
"PATHFINDER DIKE","24h",200,0.005,104.97,96.94,108.44,0.041
"PATHFINDER DIKE","24h",500,0.002,129.39,116.56,134.67,0.053
"PATHFINDER DIKE","24h",1000,0.001,151.52,133.83,159,0.062
"PATHFINDER DIKE","24h",2000,5e-04,177.42,153.17,187.6,0.072
"PATHFINDER DIKE","24h",5000,2e-04,218.54,183.07,233.27,0.085
"PATHFINDER DIKE","24h",10000,1e-04,255.87,209.91,275.1,0.095
"PATHFINDER DIKE","72h",2,0.5,39.45,39.14,39.94,0.006
"PATHFINDER DIKE","72h",5,0.2,55.48,55.19,55.83,0.004
"PATHFINDER DIKE","72h",10,0.1,66.56,65.79,67.14,0.006
"PATHFINDER DIKE","72h",25,0.04,81.14,79.11,82.5,0.013
"PATHFINDER DIKE","72h",50,0.02,92.39,88.97,94.71,0.019
"PATHFINDER DIKE","72h",100,0.01,103.92,98.82,107.27,0.025
"PATHFINDER DIKE","72h",200,0.005,115.79,108.85,120.38,0.032
"PATHFINDER DIKE","72h",500,0.002,132.05,121.93,138.88,0.041
"PATHFINDER DIKE","72h",1000,0.001,144.82,131.87,153.72,0.048
"PATHFINDER DIKE","72h",2000,5e-04,158,141.84,169.29,0.055
"PATHFINDER DIKE","72h",5000,2e-04,176.09,155.23,190.83,0.064
"PATHFINDER DIKE","72h",10000,1e-04,190.3,165.48,207.83,0.071
"BOR SOLDIER CREEK","24h",2,0.5,33.64,33.44,33.91,0.004
"BOR SOLDIER CREEK","24h",5,0.2,44.08,43.87,44.31,0.003
"BOR SOLDIER CREEK","24h",10,0.1,51.04,50.56,51.43,0.006
"BOR SOLDIER CREEK","24h",25,0.04,59.88,58.78,60.69,0.011
"BOR SOLDIER CREEK","24h",50,0.02,66.47,64.67,67.81,0.016
"BOR SOLDIER CREEK","24h",100,0.01,73.04,70.36,74.99,0.021
"BOR SOLDIER CREEK","24h",200,0.005,79.62,75.81,82.42,0.026
"BOR SOLDIER CREEK","24h",500,0.002,88.34,82.86,92.24,0.033
"BOR SOLDIER CREEK","24h",1000,0.001,94.96,88.12,99.98,0.039
"BOR SOLDIER CREEK","24h",2000,5e-04,101.61,93.29,107.87,0.044
"BOR SOLDIER CREEK","24h",5000,2e-04,110.44,100.05,118.66,0.052
"BOR SOLDIER CREEK","24h",10000,1e-04,117.15,105.1,126.86,0.058
"BOR SOLDIER CREEK","72h",2,0.5,46.24,45.98,46.79,0.006
"BOR SOLDIER CREEK","72h",5,0.2,59.9,59.68,60.24,0.003
"BOR SOLDIER CREEK","72h",10,0.1,69.8,69.03,70.35,0.006
"BOR SOLDIER CREEK","72h",25,0.04,84.1,82.04,85.38,0.013
"BOR SOLDIER CREEK","72h",50,0.02,96.39,92.92,98.4,0.02
"BOR SOLDIER CREEK","72h",100,0.01,110.31,104.95,113.33,0.027
"BOR SOLDIER CREEK","72h",200,0.005,126.18,118.2,130.61,0.034
"BOR SOLDIER CREEK","72h",500,0.002,150.69,138.26,157.19,0.044
"BOR SOLDIER CREEK","72h",1000,0.001,172.38,155.64,181.08,0.052
"BOR SOLDIER CREEK","72h",2000,5e-04,197.23,174.84,208.72,0.061
"BOR SOLDIER CREEK","72h",5000,2e-04,235.74,203.93,252.57,0.072
"BOR SOLDIER CREEK","72h",10000,1e-04,269.85,229.02,291.43,0.081
"GLENDO DIKE NO. 2","24h",2,0.5,37.41,37.13,37.96,0.008
"GLENDO DIKE NO. 2","24h",5,0.2,51.05,50.82,51.39,0.004
"GLENDO DIKE NO. 2","24h",10,0.1,60.96,60.22,61.52,0.007
"GLENDO DIKE NO. 2","24h",25,0.04,75.29,73.32,76.58,0.015
"GLENDO DIKE NO. 2","24h",50,0.02,87.63,84.21,89.73,0.021
"GLENDO DIKE NO. 2","24h",100,0.01,101.63,96.3,104.73,0.029
"GLENDO DIKE NO. 2","24h",200,0.005,117.61,109.71,122.12,0.036
"GLENDO DIKE NO. 2","24h",500,0.002,142.34,130.02,149.31,0.047
"GLENDO DIKE NO. 2","24h",1000,0.001,164.26,147.6,173.68,0.055
"GLENDO DIKE NO. 2","24h",2000,5e-04,189.41,167.2,202,0.064
"GLENDO DIKE NO. 2","24h",5000,2e-04,228.45,196.58,246.49,0.075
"GLENDO DIKE NO. 2","24h",10000,1e-04,263.09,221.92,286.44,0.084
"GLENDO DIKE NO. 2","72h",2,0.5,46.77,46.45,47.45,0.008
"GLENDO DIKE NO. 2","72h",5,0.2,63.77,63.46,64.19,0.004
"GLENDO DIKE NO. 2","72h",10,0.1,76.04,75.05,76.76,0.007
"GLENDO DIKE NO. 2","72h",25,0.04,93.69,91.01,95.21,0.015
"GLENDO DIKE NO. 2","72h",50,0.02,108.81,104.44,111.23,0.021
"GLENDO DIKE NO. 2","72h",100,0.01,125.89,119.09,129.74,0.028
"GLENDO DIKE NO. 2","72h",200,0.005,145.31,135.38,151.01,0.036
"GLENDO DIKE NO. 2","72h",500,0.002,175.21,159.34,183.46,0.046
"GLENDO DIKE NO. 2","72h",1000,0.001,201.58,180.4,212.64,0.054
"GLENDO DIKE NO. 2","72h",2000,5e-04,231.71,203.61,246.34,0.063
"GLENDO DIKE NO. 2","72h",5000,2e-04,278.25,238.89,298.97,0.074
"GLENDO DIKE NO. 2","72h",10000,1e-04,319.35,269.34,345.71,0.083
"GLENDO DIKE NO. 1","24h",2,0.5,37.41,37.13,37.96,0.008
"GLENDO DIKE NO. 1","24h",5,0.2,51.05,50.82,51.4,0.004
"GLENDO DIKE NO. 1","24h",10,0.1,60.96,60.23,61.51,0.007
"GLENDO DIKE NO. 1","24h",25,0.04,75.29,73.28,76.57,0.015
"GLENDO DIKE NO. 1","24h",50,0.02,87.63,84.23,89.67,0.021
"GLENDO DIKE NO. 1","24h",100,0.01,101.63,96.28,104.65,0.029
"GLENDO DIKE NO. 1","24h",200,0.005,117.61,109.8,122.11,0.036
"GLENDO DIKE NO. 1","24h",500,0.002,142.34,130.05,149.45,0.047
"GLENDO DIKE NO. 1","24h",1000,0.001,164.26,147.6,173.86,0.055
"GLENDO DIKE NO. 1","24h",2000,5e-04,189.41,167.12,202.11,0.064
"GLENDO DIKE NO. 1","24h",5000,2e-04,228.45,196.7,246.44,0.076
"GLENDO DIKE NO. 1","24h",10000,1e-04,263.09,222.23,286.21,0.085
"GLENDO DIKE NO. 1","72h",2,0.5,46.77,46.45,47.46,0.008
"GLENDO DIKE NO. 1","72h",5,0.2,63.77,63.47,64.18,0.004
"GLENDO DIKE NO. 1","72h",10,0.1,76.04,75.05,76.76,0.007
"GLENDO DIKE NO. 1","72h",25,0.04,93.69,91.06,95.25,0.015
"GLENDO DIKE NO. 1","72h",50,0.02,108.81,104.48,111.32,0.021
"GLENDO DIKE NO. 1","72h",100,0.01,125.89,119.25,129.7,0.028
"GLENDO DIKE NO. 1","72h",200,0.005,145.31,135.4,150.86,0.036
"GLENDO DIKE NO. 1","72h",500,0.002,175.21,159.56,183.66,0.046
"GLENDO DIKE NO. 1","72h",1000,0.001,201.58,180.22,212.79,0.054
"GLENDO DIKE NO. 1","72h",2000,5e-04,231.71,203.5,246.31,0.063
"GLENDO DIKE NO. 1","72h",5000,2e-04,278.25,238.79,299.01,0.074
"GLENDO DIKE NO. 1","72h",10000,1e-04,319.35,269.21,346.25,0.083
"GLENDO DIKE NO. 3","24h",2,0.5,37.7,37.44,38.23,0.007
"GLENDO DIKE NO. 3","24h",5,0.2,51.33,51.1,51.68,0.004
"GLENDO DIKE NO. 3","24h",10,0.1,61.13,60.37,61.75,0.007
"GLENDO DIKE NO. 3","24h",25,0.04,75.2,73.24,76.39,0.014
"GLENDO DIKE NO. 3","24h",50,0.02,87.23,83.89,89.15,0.021
"GLENDO DIKE NO. 3","24h",100,0.01,100.79,95.67,103.63,0.028
"GLENDO DIKE NO. 3","24h",200,0.005,116.18,108.65,120.27,0.035
"GLENDO DIKE NO. 3","24h",500,0.002,139.82,128.1,146.12,0.045
"GLENDO DIKE NO. 3","24h",1000,0.001,160.62,144.68,169.23,0.053
"GLENDO DIKE NO. 3","24h",2000,5e-04,184.35,163.06,195.73,0.062
"GLENDO DIKE NO. 3","24h",5000,2e-04,220.91,190.92,237.29,0.073
"GLENDO DIKE NO. 3","24h",10000,1e-04,253.13,214.91,274.35,0.082
"GLENDO DIKE NO. 3","72h",2,0.5,47.08,46.71,47.72,0.007
"GLENDO DIKE NO. 3","72h",5,0.2,63.92,63.6,64.35,0.004
"GLENDO DIKE NO. 3","72h",10,0.1,75.91,75.01,76.64,0.007
"GLENDO DIKE NO. 3","72h",25,0.04,92.96,90.56,94.56,0.014
"GLENDO DIKE NO. 3","72h",50,0.02,107.41,103.49,110.12,0.02
"GLENDO DIKE NO. 3","72h",100,0.01,123.59,117.55,127.63,0.027
"GLENDO DIKE NO. 3","72h",200,0.005,141.81,132.91,147.76,0.033
"GLENDO DIKE NO. 3","72h",500,0.002,169.58,155.8,178.31,0.043
"GLENDO DIKE NO. 3","72h",1000,0.001,193.82,175.18,205.4,0.051
"GLENDO DIKE NO. 3","72h",2000,5e-04,221.27,196.83,236.88,0.058
"GLENDO DIKE NO. 3","72h",5000,2e-04,263.24,229.28,285.76,0.069
"GLENDO DIKE NO. 3","72h",10000,1e-04,299.92,256.92,328.73,0.077
"FOLSOM RIGHT WING","24h",2,0.5,98,97.45,98.82,0.004
"FOLSOM RIGHT WING","24h",5,0.2,132,131.53,132.68,0.003
"FOLSOM RIGHT WING","24h",10,0.1,155.54,154.21,156.62,0.005
"FOLSOM RIGHT WING","24h",25,0.04,186.53,182.98,189.01,0.01
"FOLSOM RIGHT WING","24h",50,0.02,210.45,204.65,214.25,0.015
"FOLSOM RIGHT WING","24h",100,0.01,235,226.43,240.88,0.019
"FOLSOM RIGHT WING","24h",200,0.005,260.29,248.18,268.56,0.025
"FOLSOM RIGHT WING","24h",500,0.002,294.98,277.83,307.27,0.032
"FOLSOM RIGHT WING","24h",1000,0.001,322.22,300.23,338.1,0.037
"FOLSOM RIGHT WING","24h",2000,5e-04,350.37,322.82,370.36,0.043
"FOLSOM RIGHT WING","24h",5000,2e-04,389.05,353.1,414.52,0.05
"FOLSOM RIGHT WING","24h",10000,1e-04,419.46,376.33,450.06,0.056
"FOLSOM RIGHT WING","72h",2,0.5,161.33,160.39,162.84,0.005
"FOLSOM RIGHT WING","72h",5,0.2,224.96,224.1,226.24,0.003
"FOLSOM RIGHT WING","72h",10,0.1,269.2,266.86,270.95,0.005
"FOLSOM RIGHT WING","72h",25,0.04,327.63,321.61,332.1,0.01
"FOLSOM RIGHT WING","72h",50,0.02,372.88,362.64,379.97,0.015
"FOLSOM RIGHT WING","72h",100,0.01,419.46,403.94,430.16,0.02
"FOLSOM RIGHT WING","72h",200,0.005,467.59,445.59,482.3,0.025
"FOLSOM RIGHT WING","72h",500,0.002,533.82,501.64,555.45,0.033
"FOLSOM RIGHT WING","72h",1000,0.001,586.01,544.79,613.48,0.038
"FOLSOM RIGHT WING","72h",2000,5e-04,640.1,588.59,675,0.044
"FOLSOM RIGHT WING","72h",5000,2e-04,714.66,647.48,760.11,0.052
"FOLSOM RIGHT WING","72h",10000,1e-04,773.47,692.31,828.08,0.058
"GLENDO DIKE NO. 1","24h",2,0.5,37.41,37.13,37.96,0.008
"GLENDO DIKE NO. 1","24h",5,0.2,51.05,50.82,51.39,0.004
"GLENDO DIKE NO. 1","24h",10,0.1,60.96,60.22,61.52,0.007
"GLENDO DIKE NO. 1","24h",25,0.04,75.29,73.32,76.58,0.015
"GLENDO DIKE NO. 1","24h",50,0.02,87.63,84.21,89.73,0.021
"GLENDO DIKE NO. 1","24h",100,0.01,101.63,96.3,104.73,0.029
"GLENDO DIKE NO. 1","24h",200,0.005,117.61,109.71,122.12,0.036
"GLENDO DIKE NO. 1","24h",500,0.002,142.34,130.02,149.31,0.047
"GLENDO DIKE NO. 1","24h",1000,0.001,164.26,147.6,173.68,0.055
"GLENDO DIKE NO. 1","24h",2000,5e-04,189.41,167.2,202,0.064
"GLENDO DIKE NO. 1","24h",5000,2e-04,228.45,196.58,246.49,0.075
"GLENDO DIKE NO. 1","24h",10000,1e-04,263.09,221.92,286.44,0.084
"GLENDO DIKE NO. 1","72h",2,0.5,46.77,46.45,47.45,0.008
"GLENDO DIKE NO. 1","72h",5,0.2,63.77,63.46,64.19,0.004
"GLENDO DIKE NO. 1","72h",10,0.1,76.04,75.05,76.76,0.007
"GLENDO DIKE NO. 1","72h",25,0.04,93.69,91.01,95.21,0.015
"GLENDO DIKE NO. 1","72h",50,0.02,108.81,104.44,111.23,0.021
"GLENDO DIKE NO. 1","72h",100,0.01,125.89,119.09,129.74,0.028
"GLENDO DIKE NO. 1","72h",200,0.005,145.31,135.38,151.01,0.036
"GLENDO DIKE NO. 1","72h",500,0.002,175.21,159.34,183.46,0.046
"GLENDO DIKE NO. 1","72h",1000,0.001,201.58,180.4,212.64,0.054
"GLENDO DIKE NO. 1","72h",2000,5e-04,231.71,203.61,246.34,0.063
"GLENDO DIKE NO. 1","72h",5000,2e-04,278.25,238.89,298.97,0.074
"GLENDO DIKE NO. 1","72h",10000,1e-04,319.35,269.34,345.71,0.083
"TWIN BUTTES","24h",2,0.5,68.71,68.33,69.49,0.006
"TWIN BUTTES","24h",5,0.2,96.92,96.56,97.52,0.003
"TWIN BUTTES","24h",10,0.1,117.53,116.39,118.37,0.005
"TWIN BUTTES","24h",25,0.04,146,142.85,147.91,0.012
"TWIN BUTTES","24h",50,0.02,169.03,163.45,172.23,0.018
"TWIN BUTTES","24h",100,0.01,193.63,184.9,198.46,0.024
"TWIN BUTTES","24h",200,0.005,220,207.58,226.55,0.03
"TWIN BUTTES","24h",500,0.002,257.88,238.92,267.54,0.039
"TWIN BUTTES","24h",1000,0.001,289.03,264.11,301.84,0.046
"TWIN BUTTES","24h",2000,5e-04,322.51,290.39,338.96,0.054
"TWIN BUTTES","24h",5000,2e-04,370.68,326.7,393.29,0.063
"TWIN BUTTES","24h",10000,1e-04,410.32,355.95,438.28,0.071
"TWIN BUTTES","72h",2,0.5,82.93,82.44,83.79,0.006
"TWIN BUTTES","72h",5,0.2,117.4,116.92,118.11,0.003
"TWIN BUTTES","72h",10,0.1,141.83,140.47,142.86,0.005
"TWIN BUTTES","72h",25,0.04,174.66,171.12,177,0.011
"TWIN BUTTES","72h",50,0.02,200.52,194.67,204.47,0.016
"TWIN BUTTES","72h",100,0.01,227.53,218.56,233.52,0.022
"TWIN BUTTES","72h",200,0.005,255.83,242.98,263.98,0.027
"TWIN BUTTES","72h",500,0.002,295.42,276.17,307.07,0.035
"TWIN BUTTES","72h",1000,0.001,327.14,302.19,342.26,0.042
"TWIN BUTTES","72h",2000,5e-04,360.49,328.77,379.64,0.048
"TWIN BUTTES","72h",5000,2e-04,407.21,365.1,433.29,0.057
"TWIN BUTTES","72h",10000,1e-04,444.67,393.44,477.01,0.063
"CHOKE CANYON DAM","24h",2,0.5,47.4,46.99,47.99,0.007
"CHOKE CANYON DAM","24h",5,0.2,60.29,59.87,60.76,0.005
"CHOKE CANYON DAM","24h",10,0.1,68.81,67.71,69.68,0.009
"CHOKE CANYON DAM","24h",25,0.04,79.59,77.24,81.42,0.017
"CHOKE CANYON DAM","24h",50,0.02,87.62,83.99,90.42,0.023
"CHOKE CANYON DAM","24h",100,0.01,95.66,90.65,99.6,0.029
"CHOKE CANYON DAM","24h",200,0.005,103.77,97.18,108.91,0.035
"CHOKE CANYON DAM","24h",500,0.002,114.66,105.76,121.64,0.043
"CHOKE CANYON DAM","24h",1000,0.001,123.07,112.38,131.63,0.049
"CHOKE CANYON DAM","24h",2000,5e-04,131.65,118.9,141.83,0.055
"CHOKE CANYON DAM","24h",5000,2e-04,143.27,127.69,155.82,0.062
"CHOKE CANYON DAM","24h",10000,1e-04,152.3,134.29,166.76,0.068
"CHOKE CANYON DAM","72h",2,0.5,52.93,52.49,53.5,0.006
"CHOKE CANYON DAM","72h",5,0.2,66.91,66.44,67.37,0.004
"CHOKE CANYON DAM","72h",10,0.1,75.67,74.51,76.61,0.009
"CHOKE CANYON DAM","72h",25,0.04,86.17,83.93,88.02,0.015
"CHOKE CANYON DAM","72h",50,0.02,93.61,90.48,96.16,0.019
"CHOKE CANYON DAM","72h",100,0.01,100.75,96.7,104.09,0.023
"CHOKE CANYON DAM","72h",200,0.005,107.66,102.66,111.82,0.026
"CHOKE CANYON DAM","72h",500,0.002,116.52,110.22,121.76,0.031
"CHOKE CANYON DAM","72h",1000,0.001,123.07,115.82,129.14,0.034
"CHOKE CANYON DAM","72h",2000,5e-04,129.5,121.26,136.39,0.036
"CHOKE CANYON DAM","72h",5000,2e-04,137.85,128.21,145.81,0.04
"CHOKE CANYON DAM","72h",10000,1e-04,144.07,133.33,152.85,0.042
"NEW WADDELL","24h",2,0.5,50.92,50.65,51.33,0.004
"NEW WADDELL","24h",5,0.2,69.53,69.26,69.87,0.003
"NEW WADDELL","24h",10,0.1,82.35,81.63,82.91,0.005
"NEW WADDELL","24h",25,0.04,99.15,97.34,100.41,0.01
"NEW WADDELL","24h",50,0.02,112.05,109.14,114.14,0.014
"NEW WADDELL","24h",100,0.01,125.24,121.01,128.25,0.019
"NEW WADDELL","24h",200,0.005,138.77,132.79,142.85,0.024
"NEW WADDELL","24h",500,0.002,157.25,148.7,163.3,0.031
"NEW WADDELL","24h",1000,0.001,171.7,160.81,179.4,0.036
"NEW WADDELL","24h",2000,5e-04,186.57,173.08,196.23,0.041
"NEW WADDELL","24h",5000,2e-04,206.91,189.51,219.59,0.049
"NEW WADDELL","24h",10000,1e-04,222.82,202.09,238.01,0.054
"NEW WADDELL","72h",2,0.5,67.58,67.2,68.18,0.005
"NEW WADDELL","72h",5,0.2,94.04,93.65,94.54,0.003
"NEW WADDELL","72h",10,0.1,112.41,111.32,113.21,0.005
"NEW WADDELL","72h",25,0.04,136.66,134.1,138.47,0.01
"NEW WADDELL","72h",50,0.02,155.42,151.26,158.4,0.015
"NEW WADDELL","72h",100,0.01,174.73,168.55,179.22,0.02
"NEW WADDELL","72h",200,0.005,194.66,185.86,200.73,0.025
"NEW WADDELL","72h",500,0.002,222.06,209.18,230.78,0.032
"NEW WADDELL","72h",1000,0.001,243.63,227.07,254.98,0.038
"NEW WADDELL","72h",2000,5e-04,265.98,245.59,280.55,0.043
"NEW WADDELL","72h",5000,2e-04,296.76,270.19,316.15,0.051
"NEW WADDELL","72h",10000,1e-04,321.02,288.83,344.33,0.057
"SEMINOE","24h",2,0.5,30.88,30.65,31.39,0.009
"SEMINOE","24h",5,0.2,42.45,42.3,42.76,0.004
"SEMINOE","24h",10,0.1,51.17,50.56,51.68,0.007
"SEMINOE","24h",25,0.04,64.18,62.27,65.24,0.016
"SEMINOE","24h",50,0.02,75.71,72.42,77.48,0.024
"SEMINOE","24h",100,0.01,89.11,83.9,91.88,0.033
"SEMINOE","24h",200,0.005,104.78,96.88,108.78,0.042
"SEMINOE","24h",500,0.002,129.73,116.95,136.13,0.054
"SEMINOE","24h",1000,0.001,152.45,134.7,161.24,0.064
"SEMINOE","24h",2000,5e-04,179.16,155.13,191.01,0.074
"SEMINOE","24h",5000,2e-04,221.77,186.76,239.03,0.087
"SEMINOE","24h",10000,1e-04,260.64,214.73,283.53,0.098
"SEMINOE","72h",2,0.5,39.32,39.04,39.86,0.007
"SEMINOE","72h",5,0.2,55.35,55.07,55.74,0.004
"SEMINOE","72h",10,0.1,66.61,65.87,67.22,0.006
"SEMINOE","72h",25,0.04,81.65,79.44,82.95,0.014
"SEMINOE","72h",50,0.02,93.41,89.7,95.46,0.02
"SEMINOE","72h",100,0.01,105.61,99.96,108.63,0.027
"SEMINOE","72h",200,0.005,118.33,110.33,122.62,0.034
"SEMINOE","72h",500,0.002,136,124.19,142.6,0.043
"SEMINOE","72h",1000,0.001,150.05,134.9,158.73,0.05
"SEMINOE","72h",2000,5e-04,164.74,145.72,175.75,0.058
"SEMINOE","72h",5000,2e-04,185.18,160.26,199.7,0.068
"SEMINOE","72h",10000,1e-04,201.46,171.49,219.05,0.076
"PATHFINDER DIKE","24h",2,0.5,31.35,31.13,31.85,0.008
"PATHFINDER DIKE","24h",5,0.2,43.19,43.02,43.52,0.004
"PATHFINDER DIKE","24h",10,0.1,52.01,51.33,52.56,0.007
"PATHFINDER DIKE","24h",25,0.04,65.02,63.14,66.16,0.016
"PATHFINDER DIKE","24h",50,0.02,76.43,73.22,78.2,0.023
"PATHFINDER DIKE","24h",100,0.01,89.59,84.64,92.22,0.031
"PATHFINDER DIKE","24h",200,0.005,104.84,97.55,108.59,0.039
"PATHFINDER DIKE","24h",500,0.002,128.88,117.15,135.01,0.05
"PATHFINDER DIKE","24h",1000,0.001,150.57,134.22,158.73,0.059
"PATHFINDER DIKE","24h",2000,5e-04,175.85,153.69,186.68,0.068
"PATHFINDER DIKE","24h",5000,2e-04,215.8,183.58,231.51,0.081
"PATHFINDER DIKE","24h",10000,1e-04,251.89,210.03,272.4,0.09
"PATHFINDER DIKE","72h",2,0.5,39.59,39.27,40.08,0.007
"PATHFINDER DIKE","72h",5,0.2,56.08,55.81,56.43,0.003
"PATHFINDER DIKE","72h",10,0.1,67.47,66.71,68.09,0.006
"PATHFINDER DIKE","72h",25,0.04,82.41,80.34,83.93,0.013
"PATHFINDER DIKE","72h",50,0.02,93.9,90.53,96.3,0.019
"PATHFINDER DIKE","72h",100,0.01,105.66,100.61,109.21,0.026
"PATHFINDER DIKE","72h",200,0.005,117.75,110.71,122.71,0.032
"PATHFINDER DIKE","72h",500,0.002,134.28,124.25,141.5,0.041
"PATHFINDER DIKE","72h",1000,0.001,147.23,134.37,156.42,0.048
"PATHFINDER DIKE","72h",2000,5e-04,160.57,144.53,172.07,0.055
"PATHFINDER DIKE","72h",5000,2e-04,178.84,157.99,194.04,0.064
"PATHFINDER DIKE","72h",10000,1e-04,193.16,168.2,211.64,0.071
"BRANTLEY","24h",2,0.5,48.33,47.95,48.99,0.007
"BRANTLEY","24h",5,0.2,70.69,70.34,71.17,0.004
"BRANTLEY","24h",10,0.1,86.33,85.36,87.14,0.007
"BRANTLEY","24h",25,0.04,107.12,104.42,108.99,0.014
"BRANTLEY","24h",50,0.02,123.32,118.76,126.2,0.02
"BRANTLEY","24h",100,0.01,140.07,133.22,144.32,0.026
"BRANTLEY","24h",200,0.005,157.46,147.82,163.49,0.033
"BRANTLEY","24h",500,0.002,181.53,167.41,190.5,0.042
"BRANTLEY","24h",1000,0.001,200.61,182.5,212.04,0.049
"BRANTLEY","24h",2000,5e-04,220.47,197.73,235.16,0.056
"BRANTLEY","24h",5000,2e-04,248.01,218.25,267.84,0.065
"BRANTLEY","24h",10000,1e-04,269.85,234.04,294.27,0.072
"BRANTLEY","72h",2,0.5,58.56,58.04,59.57,0.009
"BRANTLEY","72h",5,0.2,88.42,87.99,89.1,0.004
"BRANTLEY","72h",10,0.1,110.43,109.12,111.33,0.006
"BRANTLEY","72h",25,0.04,141.1,136.93,143.25,0.015
"BRANTLEY","72h",50,0.02,166.11,158.78,169.79,0.022
"BRANTLEY","72h",100,0.01,193.03,181.71,198.69,0.03
"BRANTLEY","72h",200,0.005,222.07,206.1,230.68,0.038
"BRANTLEY","72h",500,0.002,264.13,239.63,278.12,0.049
"BRANTLEY","72h",1000,0.001,298.98,266.26,317.9,0.058
"BRANTLEY","72h",2000,5e-04,336.72,294.26,361.2,0.067
"BRANTLEY","72h",5000,2e-04,391.44,334.07,424.89,0.079
"BRANTLEY","72h",10000,1e-04,436.83,366.25,478.51,0.088
"BLUE MESA","24h",2,0.5,27.69,27.52,27.96,0.005
"BLUE MESA","24h",5,0.2,35.66,35.5,35.86,0.003
"BLUE MESA","24h",10,0.1,41.28,40.87,41.61,0.006
"BLUE MESA","24h",25,0.04,49.23,48.22,49.96,0.012
"BLUE MESA","24h",50,0.02,55.92,54.21,57.1,0.017
"BLUE MESA","24h",100,0.01,63.37,60.76,65.16,0.022
"BLUE MESA","24h",200,0.005,71.72,67.93,74.34,0.028
"BLUE MESA","24h",500,0.002,84.36,78.66,88.18,0.037
"BLUE MESA","24h",1000,0.001,95.33,87.69,100.42,0.044
"BLUE MESA","24h",2000,5e-04,107.69,97.69,114.5,0.051
"BLUE MESA","24h",5000,2e-04,126.46,112.62,136.35,0.061
"BLUE MESA","24h",10000,1e-04,142.77,125.18,155.42,0.068
"BLUE MESA","72h",2,0.5,36.35,36.16,36.62,0.004
"BLUE MESA","72h",5,0.2,47.71,47.5,47.94,0.003
"BLUE MESA","72h",10,0.1,55.15,54.66,55.53,0.005
"BLUE MESA","72h",25,0.04,64.46,63.3,65.24,0.01
"BLUE MESA","72h",50,0.02,71.3,69.49,72.5,0.014
"BLUE MESA","72h",100,0.01,78.03,75.41,79.84,0.018
"BLUE MESA","72h",200,0.005,84.68,81.18,87.25,0.023
"BLUE MESA","72h",500,0.002,93.38,88.51,97.08,0.029
"BLUE MESA","72h",1000,0.001,99.89,93.76,104.57,0.034
"BLUE MESA","72h",2000,5e-04,106.35,98.84,112.04,0.039
"BLUE MESA","72h",5000,2e-04,114.8,105.38,122.08,0.046
"BLUE MESA","72h",10000,1e-04,121.13,110.2,129.75,0.051
"UPPER KLAMATH LAKE","24h",2,0.5,48.15,47.86,48.59,0.005
"UPPER KLAMATH LAKE","24h",5,0.2,64.5,64.22,64.85,0.003
"UPPER KLAMATH LAKE","24h",10,0.1,75.74,75.01,76.31,0.005
"UPPER KLAMATH LAKE","24h",25,0.04,90.46,88.58,91.74,0.011
"UPPER KLAMATH LAKE","24h",50,0.02,101.76,98.66,103.93,0.016
"UPPER KLAMATH LAKE","24h",100,0.01,113.3,108.83,116.61,0.021
"UPPER KLAMATH LAKE","24h",200,0.005,125.14,118.75,129.7,0.027
"UPPER KLAMATH LAKE","24h",500,0.002,141.28,131.97,147.78,0.035
"UPPER KLAMATH LAKE","24h",1000,0.001,153.89,142.14,162.21,0.041
"UPPER KLAMATH LAKE","24h",2000,5e-04,166.87,152.44,177.44,0.047
"UPPER KLAMATH LAKE","24h",5000,2e-04,184.59,166.04,198.45,0.055
"UPPER KLAMATH LAKE","24h",10000,1e-04,198.45,176.2,215.22,0.062
"UPPER KLAMATH LAKE","72h",2,0.5,77.26,76.88,77.93,0.005
"UPPER KLAMATH LAKE","72h",5,0.2,102.94,102.45,103.46,0.003
"UPPER KLAMATH LAKE","72h",10,0.1,120.04,118.81,120.97,0.006
"UPPER KLAMATH LAKE","72h",25,0.04,141.75,138.93,143.63,0.011
"UPPER KLAMATH LAKE","72h",50,0.02,157.95,153.44,160.76,0.016
"UPPER KLAMATH LAKE","72h",100,0.01,174.09,167.5,178.18,0.021
"UPPER KLAMATH LAKE","72h",200,0.005,190.24,181.2,195.71,0.026
"UPPER KLAMATH LAKE","72h",500,0.002,211.66,198.91,219.14,0.033
"UPPER KLAMATH LAKE","72h",1000,0.001,227.92,211.87,237.42,0.039
"UPPER KLAMATH LAKE","72h",2000,5e-04,244.25,224.62,256.09,0.044
"UPPER KLAMATH LAKE","72h",5000,2e-04,265.93,241.08,281.67,0.051
"UPPER KLAMATH LAKE","72h",10000,1e-04,282.41,253.44,301.31,0.057
"JACKSON LAKE","24h",2,0.5,33.58,33.42,33.8,0.004
"JACKSON LAKE","24h",5,0.2,42.53,42.36,42.72,0.003
"JACKSON LAKE","24h",10,0.1,48.47,48.06,48.77,0.005
"JACKSON LAKE","24h",25,0.04,55.97,54.97,56.69,0.01
"JACKSON LAKE","24h",50,0.02,61.54,59.97,62.67,0.014
"JACKSON LAKE","24h",100,0.01,67.07,64.81,68.73,0.019
"JACKSON LAKE","24h",200,0.005,72.58,69.55,74.87,0.023
"JACKSON LAKE","24h",500,0.002,79.86,75.56,83.12,0.03
"JACKSON LAKE","24h",1000,0.001,85.36,80.05,89.47,0.035
"JACKSON LAKE","24h",2000,5e-04,90.86,84.35,95.92,0.04
"JACKSON LAKE","24h",5000,2e-04,98.14,89.98,104.6,0.048
"JACKSON LAKE","24h",10000,1e-04,103.65,94.18,111.27,0.053
"JACKSON LAKE","72h",2,0.5,48.93,48.71,49.4,0.005
"JACKSON LAKE","72h",5,0.2,61.22,61.02,61.52,0.003
"JACKSON LAKE","72h",10,0.1,70.16,69.49,70.69,0.005
"JACKSON LAKE","72h",25,0.04,83.11,81.22,84.18,0.012
"JACKSON LAKE","72h",50,0.02,94.27,91.08,95.95,0.017
"JACKSON LAKE","72h",100,0.01,106.95,102.04,109.55,0.024
"JACKSON LAKE","72h",200,0.005,121.43,114.28,125.27,0.03
"JACKSON LAKE","72h",500,0.002,143.88,133.04,149.87,0.04
"JACKSON LAKE","72h",1000,0.001,163.79,149.19,171.73,0.048
"JACKSON LAKE","72h",2000,5e-04,186.66,167.1,196.78,0.056
"JACKSON LAKE","72h",5000,2e-04,222.2,194.21,236.91,0.067
"JACKSON LAKE","72h",10000,1e-04,253.77,217.75,272.98,0.076
"FOSS RESERVOIR","24h",2,0.5,66.21,65.78,66.88,0.005
"FOSS RESERVOIR","24h",5,0.2,90.77,90.34,91.26,0.003
"FOSS RESERVOIR","24h",10,0.1,107.66,106.6,108.56,0.006
"FOSS RESERVOIR","24h",25,0.04,129.77,126.97,131.92,0.012
"FOSS RESERVOIR","24h",50,0.02,146.73,142.05,149.92,0.017
"FOSS RESERVOIR","24h",100,0.01,164.05,157.37,168.63,0.022
"FOSS RESERVOIR","24h",200,0.005,181.82,172.33,188.19,0.028
"FOSS RESERVOIR","24h",500,0.002,206.04,192.32,215.5,0.036
"FOSS RESERVOIR","24h",1000,0.001,224.96,207.59,237.1,0.042
"FOSS RESERVOIR","24h",2000,5e-04,244.41,222.71,259.6,0.048
"FOSS RESERVOIR","24h",5000,2e-04,270.99,243.02,291.21,0.057
"FOSS RESERVOIR","24h",10000,1e-04,291.76,258.05,316.39,0.063
"FOSS RESERVOIR","72h",2,0.5,81.21,80.65,82.07,0.006
"FOSS RESERVOIR","72h",5,0.2,107.09,106.61,107.7,0.003
"FOSS RESERVOIR","72h",10,0.1,125.39,124.02,126.43,0.006
"FOSS RESERVOIR","72h",25,0.04,151.28,147.86,153.68,0.012
"FOSS RESERVOIR","72h",50,0.02,173.12,167.7,177.02,0.017
"FOSS RESERVOIR","72h",100,0.01,197.46,189.18,203.44,0.023
"FOSS RESERVOIR","72h",200,0.005,224.77,212.75,233.33,0.029
"FOSS RESERVOIR","72h",500,0.002,266.2,247.76,279.65,0.038
"FOSS RESERVOIR","72h",1000,0.001,302.2,277.48,319.79,0.045
"FOSS RESERVOIR","72h",2000,5e-04,342.79,310.59,365.24,0.052
"FOSS RESERVOIR","72h",5000,2e-04,404.56,359.55,437.13,0.062
"FOSS RESERVOIR","72h",10000,1e-04,458.3,401.59,500.66,0.069
"LAKE TAHOE","24h",2,0.5,77.19,76.75,77.98,0.005
"LAKE TAHOE","24h",5,0.2,105.67,105.2,106.33,0.003
"LAKE TAHOE","24h",10,0.1,125.67,124.37,126.62,0.006
"LAKE TAHOE","24h",25,0.04,152.33,148.97,154.5,0.012
"LAKE TAHOE","24h",50,0.02,173.17,167.45,176.65,0.017
"LAKE TAHOE","24h",100,0.01,194.79,186.28,199.7,0.023
"LAKE TAHOE","24h",200,0.005,217.29,205.51,224.31,0.029
"LAKE TAHOE","24h",500,0.002,248.53,231.25,258.98,0.038
"LAKE TAHOE","24h",1000,0.001,273.38,251.3,286.8,0.044
"LAKE TAHOE","24h",2000,5e-04,299.32,271.72,316.03,0.051
"LAKE TAHOE","24h",5000,2e-04,335.39,299.2,357.52,0.06
"LAKE TAHOE","24h",10000,1e-04,364.1,320.17,390.58,0.067
"LAKE TAHOE","72h",2,0.5,122.52,121.62,124.03,0.007
"LAKE TAHOE","72h",5,0.2,173.64,172.88,174.73,0.003
"LAKE TAHOE","72h",10,0.1,209.89,207.51,211.65,0.006
"LAKE TAHOE","72h",25,0.04,258.63,252.13,262.6,0.013
"LAKE TAHOE","72h",50,0.02,297.03,286.31,303.57,0.019
"LAKE TAHOE","72h",100,0.01,337.14,321.1,347.19,0.026
"LAKE TAHOE","72h",200,0.005,379.2,356.43,393.49,0.032
"LAKE TAHOE","72h",500,0.002,438.05,404.03,459.57,0.041
"LAKE TAHOE","72h",1000,0.001,485.22,441.53,513.1,0.048
"LAKE TAHOE","72h",2000,5e-04,534.82,480.03,569.74,0.056
"LAKE TAHOE","72h",5000,2e-04,604.36,532.48,652.76,0.065
"LAKE TAHOE","72h",10000,1e-04,660.13,573.38,718.96,0.073
"CEDAR BLUFF","24h",2,0.5,60.63,60.29,61.16,0.005
"CEDAR BLUFF","24h",5,0.2,83.41,83.09,83.82,0.003
"CEDAR BLUFF","24h",10,0.1,99.47,98.59,100.12,0.005
"CEDAR BLUFF","24h",25,0.04,120.95,118.61,122.51,0.01
"CEDAR BLUFF","24h",50,0.02,137.79,133.97,140.34,0.014
"CEDAR BLUFF","24h",100,0.01,155.31,149.63,159.18,0.019
"CEDAR BLUFF","24h",200,0.005,173.59,165.48,179.02,0.024
"CEDAR BLUFF","24h",500,0.002,199.06,187.26,207.12,0.031
"CEDAR BLUFF","24h",1000,0.001,219.38,204.13,229.69,0.037
"CEDAR BLUFF","24h",2000,5e-04,240.65,221.36,253.71,0.043
"CEDAR BLUFF","24h",5000,2e-04,270.33,244.68,287.68,0.05
"CEDAR BLUFF","24h",10000,1e-04,294.02,262.83,315.18,0.056
"CEDAR BLUFF","72h",2,0.5,72.87,72.47,73.39,0.004
"CEDAR BLUFF","72h",5,0.2,98.31,97.87,98.73,0.003
"CEDAR BLUFF","72h",10,0.1,115.22,114.26,116.02,0.005
"CEDAR BLUFF","72h",25,0.04,136.66,134.33,138.5,0.009
"CEDAR BLUFF","72h",50,0.02,152.62,148.93,155.56,0.013
"CEDAR BLUFF","72h",100,0.01,168.5,163.16,172.6,0.017
"CEDAR BLUFF","72h",200,0.005,184.38,177.12,189.98,0.021
"CEDAR BLUFF","72h",500,0.002,205.39,195.49,213.35,0.027
"CEDAR BLUFF","72h",1000,0.001,221.32,208.93,231.56,0.031
"CEDAR BLUFF","72h",2000,5e-04,237.28,222.04,249.82,0.036
"CEDAR BLUFF","72h",5000,2e-04,258.46,239.1,274.22,0.042
"CEDAR BLUFF","72h",10000,1e-04,274.53,251.76,293.2,0.047
"CLE ELUM DAM","24h",2,0.5,79.98,79.5,80.78,0.005
"CLE ELUM DAM","24h",5,0.2,107.44,107.02,108.05,0.003
"CLE ELUM DAM","24h",10,0.1,126.74,125.47,127.66,0.005
"CLE ELUM DAM","24h",25,0.04,152.48,149.23,154.68,0.012
"CLE ELUM DAM","24h",50,0.02,172.61,166.95,176.23,0.017
"CLE ELUM DAM","24h",100,0.01,193.49,185.17,198.91,0.024
"CLE ELUM DAM","24h",200,0.005,215.25,203.4,222.83,0.03
"CLE ELUM DAM","24h",500,0.002,245.47,228.04,256.71,0.039
"CLE ELUM DAM","24h",1000,0.001,269.5,247.16,284.06,0.045
"CLE ELUM DAM","24h",2000,5e-04,294.61,266.44,312.95,0.052
"CLE ELUM DAM","24h",5000,2e-04,329.55,292.42,353.83,0.062
"CLE ELUM DAM","24h",10000,1e-04,357.36,312.47,387.41,0.069
"CLE ELUM DAM","72h",2,0.5,132.15,131.52,133.55,0.006
"CLE ELUM DAM","72h",5,0.2,170.47,169.84,171.41,0.003
"CLE ELUM DAM","72h",10,0.1,197.8,195.82,199.29,0.006
"CLE ELUM DAM","72h",25,0.04,236.75,231.2,239.82,0.012
"CLE ELUM DAM","72h",50,0.02,269.8,260.71,274.48,0.018
"CLE ELUM DAM","72h",100,0.01,306.86,292.86,313.68,0.024
"CLE ELUM DAM","72h",200,0.005,348.67,328.45,358.36,0.03
"CLE ELUM DAM","72h",500,0.002,412.5,381.46,427.39,0.04
"CLE ELUM DAM","72h",1000,0.001,468.3,426.72,487.85,0.047
"CLE ELUM DAM","72h",2000,5e-04,531.58,477.02,557.81,0.055
"CLE ELUM DAM","72h",5000,2e-04,628.47,552.23,666.13,0.065
"CLE ELUM DAM","72h",10000,1e-04,713.3,616.48,761.52,0.073
"BUFFALO BILL","24h",2,0.5,30.73,30.5,31.06,0.006
"BUFFALO BILL","24h",5,0.2,42.8,42.6,43.03,0.003
"BUFFALO BILL","24h",10,0.1,51.33,50.79,51.71,0.006
"BUFFALO BILL","24h",25,0.04,62.75,61.3,63.79,0.012
"BUFFALO BILL","24h",50,0.02,71.72,69.33,73.37,0.018
"BUFFALO BILL","24h",100,0.01,81.06,77.51,83.74,0.024
"BUFFALO BILL","24h",200,0.005,90.82,85.76,94.55,0.03
"BUFFALO BILL","24h",500,0.002,104.44,97.06,109.93,0.039
"BUFFALO BILL","24h",1000,0.001,115.31,105.82,122.5,0.046
"BUFFALO BILL","24h",2000,5e-04,126.71,114.78,135.87,0.053
"BUFFALO BILL","24h",5000,2e-04,142.64,127,154.82,0.062
"BUFFALO BILL","24h",10000,1e-04,155.37,136.32,170.26,0.069
"BUFFALO BILL","72h",2,0.5,41,40.7,41.43,0.006
"BUFFALO BILL","72h",5,0.2,57.35,57.04,57.69,0.003
"BUFFALO BILL","72h",10,0.1,68.71,67.96,69.28,0.006
"BUFFALO BILL","72h",25,0.04,83.71,81.83,85.06,0.012
"BUFFALO BILL","72h",50,0.02,95.31,92.18,97.48,0.018
"BUFFALO BILL","72h",100,0.01,107.26,102.67,110.4,0.024
"BUFFALO BILL","72h",200,0.005,119.59,113.22,124.08,0.03
"BUFFALO BILL","72h",500,0.002,136.55,127.18,143.19,0.038
"BUFFALO BILL","72h",1000,0.001,149.92,137.91,158.57,0.045
"BUFFALO BILL","72h",2000,5e-04,163.76,148.91,174.95,0.051
"BUFFALO BILL","72h",5000,2e-04,182.82,163.7,197.77,0.06
"BUFFALO BILL","72h",10000,1e-04,197.86,175.08,216.03,0.067
"KEYHOLE","24h",2,0.5,42.61,42.34,43.08,0.006
"KEYHOLE","24h",5,0.2,59.2,58.93,59.49,0.003
"KEYHOLE","24h",10,0.1,70.39,69.59,70.98,0.006
"KEYHOLE","24h",25,0.04,84.74,82.84,85.97,0.012
"KEYHOLE","24h",50,0.02,95.57,92.65,97.42,0.016
"KEYHOLE","24h",100,0.01,106.51,102.54,109.12,0.02
"KEYHOLE","24h",200,0.005,117.64,112.48,121.15,0.024
"KEYHOLE","24h",500,0.002,132.72,125.67,137.42,0.028
"KEYHOLE","24h",1000,0.001,144.46,135.75,150.19,0.032
"KEYHOLE","24h",2000,5e-04,156.51,145.99,163.32,0.035
"KEYHOLE","24h",5000,2e-04,172.95,159.84,181.36,0.04
"KEYHOLE","24h",10000,1e-04,185.81,170.64,195.59,0.043
"KEYHOLE","72h",2,0.5,53.24,52.89,53.75,0.005
"KEYHOLE","72h",5,0.2,73.51,73.15,73.89,0.003
"KEYHOLE","72h",10,0.1,87.18,86.35,87.85,0.006
"KEYHOLE","72h",25,0.04,104.74,102.69,106.39,0.011
"KEYHOLE","72h",50,0.02,117.99,114.69,120.59,0.016
"KEYHOLE","72h",100,0.01,131.32,126.39,135.08,0.021
"KEYHOLE","72h",200,0.005,144.78,137.87,150,0.027
"KEYHOLE","72h",500,0.002,162.83,152.99,170.15,0.034
"KEYHOLE","72h",1000,0.001,176.69,164.08,186.07,0.04
"KEYHOLE","72h",2000,5e-04,190.74,175.07,202.27,0.045
"KEYHOLE","72h",5000,2e-04,209.6,189.67,224.71,0.053
"KEYHOLE","72h",10000,1e-04,224.1,200.76,242.34,0.059
"CLEAR LAKE DIKE 1","24h",2,0.5,42.9,42.65,43.42,0.006
"CLEAR LAKE DIKE 1","24h",5,0.2,55.94,55.75,56.27,0.003
"CLEAR LAKE DIKE 1","24h",10,0.1,65.46,64.77,65.99,0.006
"CLEAR LAKE DIKE 1","24h",25,0.04,79.29,77.32,80.47,0.013
"CLEAR LAKE DIKE 1","24h",50,0.02,91.25,87.85,93.02,0.02
"CLEAR LAKE DIKE 1","24h",100,0.01,104.87,99.6,107.52,0.027
"CLEAR LAKE DIKE 1","24h",200,0.005,120.47,112.71,124.35,0.035
"CLEAR LAKE DIKE 1","24h",500,0.002,144.71,132.57,150.94,0.045
"CLEAR LAKE DIKE 1","24h",1000,0.001,166.27,149.79,174.88,0.054
"CLEAR LAKE DIKE 1","24h",2000,5e-04,191.1,169.18,202.72,0.063
"CLEAR LAKE DIKE 1","24h",5000,2e-04,229.79,198.62,246.42,0.075
"CLEAR LAKE DIKE 1","24h",10000,1e-04,264.26,224.19,286.12,0.084
"CLEAR LAKE DIKE 1","72h",2,0.5,64.57,64.11,65.43,0.007
"CLEAR LAKE DIKE 1","72h",5,0.2,85.85,85.57,86.37,0.003
"CLEAR LAKE DIKE 1","72h",10,0.1,101.54,100.43,102.37,0.006
"CLEAR LAKE DIKE 1","72h",25,0.04,124.5,121.38,126.43,0.014
"CLEAR LAKE DIKE 1","72h",50,0.02,144.48,139.1,147.75,0.02
"CLEAR LAKE DIKE 1","72h",100,0.01,167.37,158.91,172.31,0.028
"CLEAR LAKE DIKE 1","72h",200,0.005,193.74,181.39,200.91,0.035
"CLEAR LAKE DIKE 1","72h",500,0.002,234.99,215.31,246.76,0.046
"CLEAR LAKE DIKE 1","72h",1000,0.001,271.93,244.54,288.15,0.055
"CLEAR LAKE DIKE 1","72h",2000,5e-04,314.71,277.52,336.44,0.064
"CLEAR LAKE DIKE 1","72h",5000,2e-04,381.81,327.73,412.99,0.076
"CLEAR LAKE DIKE 1","72h",10000,1e-04,441.99,372.51,482.36,0.085
"CHENEY","24h",2,0.5,65.62,64.77,66.76,0.01
"CHENEY","24h",5,0.2,88.01,87.52,88.78,0.005
"CHENEY","24h",10,0.1,105.03,103.35,106.55,0.009
"CHENEY","24h",25,0.04,130.59,125.86,134.3,0.02
"CHENEY","24h",50,0.02,153.38,145.39,159.59,0.03
"CHENEY","24h",100,0.01,180.01,167.73,189.88,0.04
"CHENEY","24h",200,0.005,211.31,192.91,226.18,0.051
"CHENEY","24h",500,0.002,261.44,232.19,285.59,0.067
"CHENEY","24h",1000,0.001,307.37,266.72,341.16,0.079
"CHENEY","24h",2000,5e-04,361.62,306.51,408.05,0.091
"CHENEY","24h",5000,2e-04,448.73,369.07,518.39,0.109
"CHENEY","24h",10000,1e-04,528.65,424.78,621.58,0.122
"CHENEY","72h",2,0.5,78.92,78.2,79.75,0.006
"CHENEY","72h",5,0.2,106.32,105.57,107.08,0.004
"CHENEY","72h",10,0.1,124.4,122.84,125.74,0.007
"CHENEY","72h",25,0.04,147.19,143.43,150.29,0.014
"CHENEY","72h",50,0.02,164.04,158.39,168.96,0.02
"CHENEY","72h",100,0.01,180.73,172.54,188.07,0.026
"CHENEY","72h",200,0.005,197.32,186.39,207.51,0.033
"CHENEY","72h",500,0.002,219.14,203.8,233.53,0.042
"CHENEY","72h",1000,0.001,235.59,216.77,253.73,0.049
"CHENEY","72h",2000,5e-04,251.99,229.42,274.46,0.056
"CHENEY","72h",5000,2e-04,273.61,244.82,302.66,0.065
"CHENEY","72h",10000,1e-04,289.92,256.09,324.55,0.073
"OSULLIVAN","24h",2,0.5,50.98,50.69,51.4,0.005
"OSULLIVAN","24h",5,0.2,67.02,66.77,67.35,0.003
"OSULLIVAN","24h",10,0.1,78.06,77.31,78.63,0.005
"OSULLIVAN","24h",25,0.04,92.51,90.63,93.89,0.011
"OSULLIVAN","24h",50,0.02,103.6,100.66,105.78,0.016
"OSULLIVAN","24h",100,0.01,114.93,110.63,118.05,0.022
"OSULLIVAN","24h",200,0.005,126.55,120.52,130.9,0.028
"OSULLIVAN","24h",500,0.002,142.4,133.65,148.75,0.036
"OSULLIVAN","24h",1000,0.001,154.79,143.64,163.06,0.042
"OSULLIVAN","24h",2000,5e-04,167.53,153.9,177.78,0.048
"OSULLIVAN","24h",5000,2e-04,184.93,167.41,198.42,0.057
"OSULLIVAN","24h",10000,1e-04,198.55,177.66,215,0.063
"OSULLIVAN","72h",2,0.5,79.89,79.47,80.58,0.004
"OSULLIVAN","72h",5,0.2,104.45,104.01,104.96,0.003
"OSULLIVAN","72h",10,0.1,120.98,119.84,121.87,0.005
"OSULLIVAN","72h",25,0.04,142.18,139.21,144.13,0.011
"OSULLIVAN","72h",50,0.02,158.15,153.36,161.3,0.016
"OSULLIVAN","72h",100,0.01,174.19,167.27,178.87,0.021
"OSULLIVAN","72h",200,0.005,190.37,180.98,196.61,0.026
"OSULLIVAN","72h",500,0.002,212.03,198.84,221.04,0.034
"OSULLIVAN","72h",1000,0.001,228.63,211.99,239.99,0.04
"OSULLIVAN","72h",2000,5e-04,245.43,224.78,259.32,0.045
"OSULLIVAN","72h",5000,2e-04,267.96,241.87,285.76,0.053
"OSULLIVAN","72h",10000,1e-04,285.24,254.41,306.74,0.059
"GRANBY","24h",2,0.5,38.2,37.82,39.05,0.011
"GRANBY","24h",5,0.2,51.78,51.61,52.29,0.005
"GRANBY","24h",10,0.1,62.47,61.58,63.36,0.009
"GRANBY","24h",25,0.04,79.04,76.04,81.12,0.021
"GRANBY","24h",50,0.02,94.24,88.75,97.38,0.032
"GRANBY","24h",100,0.01,112.44,103.24,117.25,0.043
"GRANBY","24h",200,0.005,134.35,120.04,141.46,0.055
"GRANBY","24h",500,0.002,170.42,146.98,181.99,0.072
"GRANBY","24h",1000,0.001,204.38,171.29,220.86,0.085
"GRANBY","24h",2000,5e-04,245.45,199.64,268.24,0.099
"GRANBY","24h",5000,2e-04,313.25,244.58,347.17,0.117
"GRANBY","24h",10000,1e-04,377.17,285.29,422.84,0.13
"GRANBY","72h",2,0.5,49.75,49.08,51.09,0.014
"GRANBY","72h",5,0.2,68.85,68.64,69.64,0.006
"GRANBY","72h",10,0.1,84.37,83.06,85.57,0.009
"GRANBY","72h",25,0.04,109.02,104.38,112.05,0.024
"GRANBY","72h",50,0.02,132.18,123.57,137.43,0.036
"GRANBY","72h",100,0.01,160.46,145.89,169.22,0.05
"GRANBY","72h",200,0.005,195.17,172.29,208.43,0.065
"GRANBY","72h",500,0.002,253.67,214.43,275.09,0.084
"GRANBY","72h",1000,0.001,309.99,253.13,341.59,0.1
"GRANBY","72h",2000,5e-04,379.45,298.96,424.51,0.116
"GRANBY","72h",5000,2e-04,496.77,373.25,566.12,0.136
"GRANBY","72h",10000,1e-04,609.87,441.75,704.83,0.152
"PUEBLO","24h",2,0.5,39.74,39.44,40.23,0.006
"PUEBLO","24h",5,0.2,55.96,55.67,56.34,0.004
"PUEBLO","24h",10,0.1,67.18,66.41,67.77,0.006
"PUEBLO","24h",25,0.04,81.93,79.96,83.31,0.013
"PUEBLO","24h",50,0.02,93.3,90.07,95.46,0.019
"PUEBLO","24h",100,0.01,104.96,100,108.31,0.025
"PUEBLO","24h",200,0.005,116.97,110,121.56,0.031
"PUEBLO","24h",500,0.002,133.42,123.16,140.21,0.04
"PUEBLO","24h",1000,0.001,146.33,133.27,155.1,0.046
"PUEBLO","24h",2000,5e-04,159.66,143.51,170.53,0.053
"PUEBLO","24h",5000,2e-04,177.96,156.9,192.17,0.062
"PUEBLO","24h",10000,1e-04,192.32,166.9,209.53,0.069
"PUEBLO","72h",2,0.5,47.68,47.32,48.28,0.007
"PUEBLO","72h",5,0.2,67.17,66.81,67.61,0.004
"PUEBLO","72h",10,0.1,80.77,79.85,81.49,0.006
"PUEBLO","72h",25,0.04,98.8,96.36,100.42,0.013
"PUEBLO","72h",50,0.02,112.8,108.61,115.53,0.019
"PUEBLO","72h",100,0.01,127.26,120.99,131.34,0.026
"PUEBLO","72h",200,0.005,142.24,133.31,147.99,0.032
"PUEBLO","72h",500,0.002,162.91,150.31,171.24,0.041
"PUEBLO","72h",1000,0.001,179.26,163.08,190.19,0.049
"PUEBLO","72h",2000,5e-04,196.24,175.97,209.69,0.056
"PUEBLO","72h",5000,2e-04,219.73,193.08,237.62,0.065
"PUEBLO","72h",10000,1e-04,238.32,206.02,260.48,0.073
"FRIANT","24h",2,0.5,75.37,74.86,76.2,0.006
"FRIANT","24h",5,0.2,102.69,102.23,103.29,0.003
"FRIANT","24h",10,0.1,121.72,120.42,122.69,0.006
"FRIANT","24h",25,0.04,146.9,143.43,149.23,0.013
"FRIANT","24h",50,0.02,166.42,160.71,170.06,0.019
"FRIANT","24h",100,0.01,186.55,177.98,192.28,0.025
"FRIANT","24h",200,0.005,207.37,195.36,215.51,0.032
"FRIANT","24h",500,0.002,236.07,218.55,247.81,0.041
"FRIANT","24h",1000,0.001,258.72,236.28,273.76,0.048
"FRIANT","24h",2000,5e-04,282.22,254.19,301.31,0.055
"FRIANT","24h",5000,2e-04,314.67,278.06,340.3,0.064
"FRIANT","24h",10000,1e-04,340.3,296.2,371.52,0.071
"FRIANT","72h",2,0.5,112.41,111.47,114.06,0.008
"FRIANT","72h",5,0.2,162.19,161.47,163.28,0.004
"FRIANT","72h",10,0.1,198.11,195.82,199.77,0.006
"FRIANT","72h",25,0.04,247.16,240.5,251.62,0.014
"FRIANT","72h",50,0.02,286.4,275.22,293.61,0.021
"FRIANT","72h",100,0.01,327.94,310.55,338.79,0.029
"FRIANT","72h",200,0.005,372.04,347.29,387.52,0.036
"FRIANT","72h",500,0.002,434.7,397.06,458.26,0.047
"FRIANT","72h",1000,0.001,485.67,435.69,516.93,0.055
"FRIANT","72h",2000,5e-04,539.96,476.09,580.06,0.063
"FRIANT","72h",5000,2e-04,617.21,531.82,671.14,0.074
"FRIANT","72h",10000,1e-04,680.1,575.91,747.33,0.083
"KIRWIN","24h",2,0.5,62.9,62.53,63.42,0.005
"KIRWIN","24h",5,0.2,85.98,85.65,86.41,0.003
"KIRWIN","24h",10,0.1,102.17,101.29,102.86,0.005
"KIRWIN","24h",25,0.04,123.7,121.38,125.37,0.01
"KIRWIN","24h",50,0.02,140.49,136.65,143.22,0.015
"KIRWIN","24h",100,0.01,157.89,152.08,161.96,0.02
"KIRWIN","24h",200,0.005,175.96,167.97,181.68,0.025
"KIRWIN","24h",500,0.002,201.01,189.47,209.43,0.032
"KIRWIN","24h",1000,0.001,220.89,206.12,231.82,0.038
"KIRWIN","24h",2000,5e-04,241.62,223.14,255.34,0.044
"KIRWIN","24h",5000,2e-04,270.39,246.17,288.4,0.052
"KIRWIN","24h",10000,1e-04,293.23,263.94,315.04,0.058
"KIRWIN","72h",2,0.5,74.67,74.3,75.2,0.004
"KIRWIN","72h",5,0.2,99.64,99.24,100.09,0.003
"KIRWIN","72h",10,0.1,116.05,115.14,116.8,0.005
"KIRWIN","72h",25,0.04,136.64,134.4,138.34,0.009
"KIRWIN","72h",50,0.02,151.82,148.35,154.46,0.013
"KIRWIN","72h",100,0.01,166.8,161.79,170.57,0.017
"KIRWIN","72h",200,0.005,181.64,174.81,186.78,0.021
"KIRWIN","72h",500,0.002,201.1,191.59,208.29,0.027
"KIRWIN","72h",1000,0.001,215.71,203.76,224.71,0.031
"KIRWIN","72h",2000,5e-04,230.24,215.7,241.35,0.035
"KIRWIN","72h",5000,2e-04,249.32,231.05,263.67,0.041
"KIRWIN","72h",10000,1e-04,263.65,242.33,280.59,0.046
"ANDERSON RANCH","24h",2,0.5,31.65,31.48,31.93,0.005
"ANDERSON RANCH","24h",5,0.2,41.67,41.49,41.89,0.003
"ANDERSON RANCH","24h",10,0.1,48.46,47.93,48.83,0.006
"ANDERSON RANCH","24h",25,0.04,57.2,55.93,58,0.011
"ANDERSON RANCH","24h",50,0.02,63.82,61.89,65.12,0.016
"ANDERSON RANCH","24h",100,0.01,70.5,67.76,72.41,0.022
"ANDERSON RANCH","24h",200,0.005,77.26,73.42,79.91,0.027
"ANDERSON RANCH","24h",500,0.002,86.36,80.98,90.04,0.035
"ANDERSON RANCH","24h",1000,0.001,93.37,86.6,98.05,0.041
"ANDERSON RANCH","24h",2000,5e-04,100.49,92.15,106.16,0.047
"ANDERSON RANCH","24h",5000,2e-04,110.08,99.41,117.08,0.055
"ANDERSON RANCH","24h",10000,1e-04,117.48,104.94,125.86,0.062
"ANDERSON RANCH","72h",2,0.5,48.19,47.97,48.56,0.004
"ANDERSON RANCH","72h",5,0.2,63.54,63.28,63.84,0.003
"ANDERSON RANCH","72h",10,0.1,73.85,73.19,74.36,0.005
"ANDERSON RANCH","72h",25,0.04,87.04,85.42,88.16,0.01
"ANDERSON RANCH","72h",50,0.02,96.95,94.34,98.61,0.014
"ANDERSON RANCH","72h",100,0.01,106.88,103.06,109.23,0.018
"ANDERSON RANCH","72h",200,0.005,116.88,111.71,120.07,0.023
"ANDERSON RANCH","72h",500,0.002,130.24,122.94,134.74,0.03
"ANDERSON RANCH","72h",1000,0.001,140.45,131.28,146.21,0.035
"ANDERSON RANCH","72h",2000,5e-04,150.77,139.52,157.95,0.04
"ANDERSON RANCH","72h",5000,2e-04,164.57,150.29,173.89,0.047
"ANDERSON RANCH","72h",10000,1e-04,175.13,158.32,186.29,0.052
"LEMON","24h",2,0.5,32.17,31.99,32.4,0.004
"LEMON","24h",5,0.2,42.52,42.33,42.72,0.003
"LEMON","24h",10,0.1,49.39,48.94,49.75,0.005
"LEMON","24h",25,0.04,58.1,57.08,58.88,0.01
"LEMON","24h",50,0.02,64.59,62.95,65.83,0.014
"LEMON","24h",100,0.01,71.04,68.68,72.86,0.019
"LEMON","24h",200,0.005,77.48,74.25,79.96,0.023
"LEMON","24h",500,0.002,86,81.4,89.53,0.03
"LEMON","24h",1000,0.001,92.46,86.72,96.9,0.034
"LEMON","24h",2000,5e-04,98.94,92.01,104.41,0.04
"LEMON","24h",5000,2e-04,107.52,98.79,114.56,0.046
"LEMON","24h",10000,1e-04,114.03,103.85,122.36,0.051
"LEMON","72h",2,0.5,42.67,42.44,43.01,0.004
"LEMON","72h",5,0.2,54.22,53.98,54.48,0.003
"LEMON","72h",10,0.1,62.09,61.5,62.54,0.005
"LEMON","72h",25,0.04,72.91,71.44,73.98,0.011
"LEMON","72h",50,0.02,81.78,79.52,83.42,0.015
"LEMON","72h",100,0.01,91.44,88.16,93.87,0.02
"LEMON","72h",200,0.005,102.03,97.5,105.47,0.025
"LEMON","72h",500,0.002,117.67,110.93,122.74,0.033
"LEMON","72h",1000,0.001,130.89,121.99,137.52,0.039
"LEMON","72h",2000,5e-04,145.47,134.02,153.97,0.045
"LEMON","72h",5000,2e-04,167.06,151.5,178.66,0.053
"LEMON","72h",10000,1e-04,185.35,165.89,199.98,0.06
"SHADEHILL DIKE NO. 2","24h",2,0.5,46.51,46.25,46.86,0.005
"SHADEHILL DIKE NO. 2","24h",5,0.2,63.87,63.57,64.19,0.003
"SHADEHILL DIKE NO. 2","24h",10,0.1,75.62,74.89,76.22,0.005
"SHADEHILL DIKE NO. 2","24h",25,0.04,90.75,89.09,92.01,0.01
"SHADEHILL DIKE NO. 2","24h",50,0.02,102.18,99.61,104.23,0.015
"SHADEHILL DIKE NO. 2","24h",100,0.01,113.71,109.87,116.57,0.02
"SHADEHILL DIKE NO. 2","24h",200,0.005,125.38,120.2,129.18,0.024
"SHADEHILL DIKE NO. 2","24h",500,0.002,141.07,133.97,146.46,0.031
"SHADEHILL DIKE NO. 2","24h",1000,0.001,153.14,144.15,159.91,0.036
"SHADEHILL DIKE NO. 2","24h",2000,5e-04,165.39,154.35,173.87,0.041
"SHADEHILL DIKE NO. 2","24h",5000,2e-04,181.89,167.7,193.05,0.048
"SHADEHILL DIKE NO. 2","24h",10000,1e-04,194.59,177.76,207.97,0.054
"SHADEHILL DIKE NO. 2","72h",2,0.5,56.58,56.28,57,0.004
"SHADEHILL DIKE NO. 2","72h",5,0.2,76.82,76.48,77.23,0.003
"SHADEHILL DIKE NO. 2","72h",10,0.1,90.09,89.35,90.74,0.005
"SHADEHILL DIKE NO. 2","72h",25,0.04,106.72,105.04,108.03,0.009
"SHADEHILL DIKE NO. 2","72h",50,0.02,118.94,116.23,121.01,0.013
"SHADEHILL DIKE NO. 2","72h",100,0.01,130.99,127.13,133.98,0.018
"SHADEHILL DIKE NO. 2","72h",200,0.005,142.91,137.75,147,0.022
"SHADEHILL DIKE NO. 2","72h",500,0.002,158.49,151.06,164.3,0.028
"SHADEHILL DIKE NO. 2","72h",1000,0.001,170.18,160.95,177.43,0.032
"SHADEHILL DIKE NO. 2","72h",2000,5e-04,181.77,170.45,190.67,0.037
"SHADEHILL DIKE NO. 2","72h",5000,2e-04,196.97,182.58,208.21,0.043
"SHADEHILL DIKE NO. 2","72h",10000,1e-04,208.37,191.53,221.62,0.048
"HERON","24h",2,0.5,31.72,31.56,31.96,0.004
"HERON","24h",5,0.2,42.49,42.33,42.67,0.002
"HERON","24h",10,0.1,49.58,49.13,49.92,0.005
"HERON","24h",25,0.04,58.48,57.51,59.22,0.009
"HERON","24h",50,0.02,65.09,63.62,66.22,0.013
"HERON","24h",100,0.01,71.7,69.64,73.24,0.016
"HERON","24h",200,0.005,78.34,75.66,80.31,0.019
"HERON","24h",500,0.002,87.24,83.7,89.86,0.023
"HERON","24h",1000,0.001,94.08,89.8,97.27,0.026
"HERON","24h",2000,5e-04,101.05,95.97,104.88,0.029
"HERON","24h",5000,2e-04,110.48,104.27,115.22,0.033
"HERON","24h",10000,1e-04,117.78,110.61,123.17,0.035
"HERON","72h",2,0.5,41.76,41.55,42.02,0.003
"HERON","72h",5,0.2,55.12,54.88,55.37,0.003
"HERON","72h",10,0.1,63.71,63.2,64.13,0.005
"HERON","72h",25,0.04,74.3,73.16,75.18,0.008
"HERON","72h",50,0.02,81.96,80.22,83.45,0.012
"HERON","72h",100,0.01,89.4,86.85,91.53,0.016
"HERON","72h",200,0.005,96.67,93.38,99.43,0.019
"HERON","72h",500,0.002,106.02,101.53,109.86,0.025
"HERON","72h",1000,0.001,112.92,107.43,117.6,0.029
"HERON","72h",2000,5e-04,119.67,113.13,125.45,0.033
"HERON","72h",5000,2e-04,128.39,120.32,135.79,0.038
"HERON","72h",10000,1e-04,134.82,125.43,143.57,0.042
"FONTENELLE","24h",2,0.5,26.02,25.85,26.27,0.005
"FONTENELLE","24h",5,0.2,34.8,34.64,35,0.003
"FONTENELLE","24h",10,0.1,40.89,40.47,41.19,0.006
"FONTENELLE","24h",25,0.04,48.88,47.83,49.61,0.012
"FONTENELLE","24h",50,0.02,55.05,53.3,56.24,0.017
"FONTENELLE","24h",100,0.01,61.37,58.74,63.18,0.023
"FONTENELLE","24h",200,0.005,67.89,64.21,70.39,0.029
"FONTENELLE","24h",500,0.002,76.81,71.51,80.51,0.037
"FONTENELLE","24h",1000,0.001,83.82,77.12,88.6,0.043
"FONTENELLE","24h",2000,5e-04,91.05,82.75,97.07,0.049
"FONTENELLE","24h",5000,2e-04,100.98,90.11,109.03,0.058
"FONTENELLE","24h",10000,1e-04,108.78,95.81,118.56,0.065
"FONTENELLE","72h",2,0.5,37.1,36.87,37.54,0.006
"FONTENELLE","72h",5,0.2,48.22,48.01,48.54,0.003
"FONTENELLE","72h",10,0.1,56.19,55.51,56.65,0.006
"FONTENELLE","72h",25,0.04,67.57,65.85,68.61,0.014
"FONTENELLE","72h",50,0.02,77.27,74.45,78.94,0.02
"FONTENELLE","72h",100,0.01,88.17,83.81,90.7,0.026
"FONTENELLE","72h",200,0.005,100.49,94.19,104.04,0.034
"FONTENELLE","72h",500,0.002,119.36,109.65,124.87,0.044
"FONTENELLE","72h",1000,0.001,135.9,123,143.33,0.052
"FONTENELLE","72h",2000,5e-04,154.71,137.82,164.54,0.06
"FONTENELLE","72h",5000,2e-04,183.6,159.86,197.6,0.071
"FONTENELLE","72h",10000,1e-04,208.96,178.72,226.93,0.08
"WEBSTER","24h",2,0.5,61.55,61.23,62.09,0.005
"WEBSTER","24h",5,0.2,84.46,84.18,84.87,0.003
"WEBSTER","24h",10,0.1,100.87,100.03,101.51,0.005
"WEBSTER","24h",25,0.04,123.11,120.83,124.49,0.01
"WEBSTER","24h",50,0.02,140.78,136.84,143.05,0.015
"WEBSTER","24h",100,0.01,159.37,153.61,162.95,0.02
"WEBSTER","24h",200,0.005,178.99,170.8,184.16,0.026
"WEBSTER","24h",500,0.002,206.68,194.39,214.6,0.033
"WEBSTER","24h",1000,0.001,229.05,212.99,239.55,0.039
"WEBSTER","24h",2000,5e-04,252.75,232.12,266.32,0.045
"WEBSTER","24h",5000,2e-04,286.23,258.57,304.69,0.054
"WEBSTER","24h",10000,1e-04,313.3,279.45,335.82,0.06
"WEBSTER","72h",2,0.5,73.49,73.13,73.97,0.004
"WEBSTER","72h",5,0.2,98.27,97.86,98.72,0.003
"WEBSTER","72h",10,0.1,114.73,113.81,115.44,0.005
"WEBSTER","72h",25,0.04,135.59,133.35,137.16,0.009
"WEBSTER","72h",50,0.02,151.11,147.59,153.62,0.013
"WEBSTER","72h",100,0.01,166.56,161.53,170.21,0.017
"WEBSTER","72h",200,0.005,181.99,175.47,187.07,0.021
"WEBSTER","72h",500,0.002,202.41,192.88,209.66,0.027
"WEBSTER","72h",1000,0.001,217.88,206.09,227.13,0.031
"WEBSTER","72h",2000,5e-04,233.39,219.19,244.64,0.036
"WEBSTER","72h",5000,2e-04,253.94,235.94,268.14,0.042
"WEBSTER","72h",10000,1e-04,269.54,248.51,286.36,0.046
"MCPHEE","24h",2,0.5,30.8,30.62,31.06,0.004
"MCPHEE","24h",5,0.2,40.99,40.82,41.19,0.003
"MCPHEE","24h",10,0.1,47.92,47.47,48.27,0.005
"MCPHEE","24h",25,0.04,56.89,55.79,57.72,0.011
"MCPHEE","24h",50,0.02,63.7,61.9,65.04,0.015
"MCPHEE","24h",100,0.01,70.59,67.94,72.6,0.02
"MCPHEE","24h",200,0.005,77.6,74.08,80.34,0.026
"MCPHEE","24h",500,0.002,87.06,82.01,90.94,0.033
"MCPHEE","24h",1000,0.001,94.38,87.99,99.33,0.038
"MCPHEE","24h",2000,5e-04,101.84,93.95,108.07,0.044
"MCPHEE","24h",5000,2e-04,111.92,101.81,119.99,0.052
"MCPHEE","24h",10000,1e-04,119.73,107.74,129.39,0.057
"MCPHEE","72h",2,0.5,39.91,39.71,40.27,0.005
"MCPHEE","72h",5,0.2,51.52,51.3,51.8,0.003
"MCPHEE","72h",10,0.1,59.66,59.05,60.13,0.006
"MCPHEE","72h",25,0.04,71.1,69.58,72.11,0.011
"MCPHEE","72h",50,0.02,80.68,78.31,82.28,0.016
"MCPHEE","72h",100,0.01,91.3,87.78,93.66,0.022
"MCPHEE","72h",200,0.005,103.14,98.12,106.45,0.028
"MCPHEE","72h",500,0.002,121,113.38,125.93,0.036
"MCPHEE","72h",1000,0.001,136.41,126.27,142.77,0.043
"MCPHEE","72h",2000,5e-04,153.7,140.43,161.93,0.049
"MCPHEE","72h",5000,2e-04,179.83,161.47,191.3,0.059
"MCPHEE","72h",10000,1e-04,202.42,179.26,216.46,0.066
"TWITCHELL","24h",2,0.5,51.02,50.11,52.34,0.014
"TWITCHELL","24h",5,0.2,76.91,76.1,77.78,0.007
"TWITCHELL","24h",10,0.1,94.77,92.65,96.54,0.013
"TWITCHELL","24h",25,0.04,118.02,112.84,121.99,0.024
"TWITCHELL","24h",50,0.02,135.8,127.79,141.86,0.032
"TWITCHELL","24h",100,0.01,153.95,142.52,162.5,0.04
"TWITCHELL","24h",200,0.005,172.58,157.4,183.81,0.048
"TWITCHELL","24h",500,0.002,198.06,177.32,213.7,0.058
"TWITCHELL","24h",1000,0.001,218.07,192.7,237.67,0.065
"TWITCHELL","24h",2000,5e-04,238.75,208.29,262.61,0.071
"TWITCHELL","24h",5000,2e-04,267.21,229.34,298.18,0.08
"TWITCHELL","24h",10000,1e-04,289.62,245.65,326.63,0.087
"TWITCHELL","72h",2,0.5,66.08,64.73,68.12,0.016
"TWITCHELL","72h",5,0.2,103.88,102.8,105.13,0.007
"TWITCHELL","72h",10,0.1,131.07,127.99,133.6,0.013
"TWITCHELL","72h",25,0.04,167.59,159.46,173.5,0.026
"TWITCHELL","72h",50,0.02,196.24,183.3,205.5,0.035
"TWITCHELL","72h",100,0.01,226.06,207.6,239.62,0.044
"TWITCHELL","72h",200,0.005,257.2,232.03,275.58,0.053
"TWITCHELL","72h",500,0.002,300.61,266.12,326.73,0.064
"TWITCHELL","72h",1000,0.001,335.29,292.17,367.83,0.072
"TWITCHELL","72h",2000,5e-04,371.65,319.65,412.61,0.079
"TWITCHELL","72h",5000,2e-04,422.43,356.62,475.57,0.089
"TWITCHELL","72h",10000,1e-04,463,384.91,527.31,0.096
"EMIGRANT","24h",2,0.5,54.84,54.5,55.4,0.005
"EMIGRANT","24h",5,0.2,73.78,73.46,74.17,0.003
"EMIGRANT","24h",10,0.1,86.93,86.07,87.6,0.006
"EMIGRANT","24h",25,0.04,104.29,101.99,105.81,0.012
"EMIGRANT","24h",50,0.02,117.71,113.82,120.04,0.017
"EMIGRANT","24h",100,0.01,131.52,125.62,134.96,0.023
"EMIGRANT","24h",200,0.005,145.77,137.66,150.83,0.029
"EMIGRANT","24h",500,0.002,165.36,153.55,173.07,0.037
"EMIGRANT","24h",1000,0.001,180.78,165.65,190.86,0.043
"EMIGRANT","24h",2000,5e-04,196.74,178,209.57,0.05
"EMIGRANT","24h",5000,2e-04,218.73,194.24,235.83,0.059
"EMIGRANT","24h",10000,1e-04,236.05,206.59,256.88,0.065
"EMIGRANT","72h",2,0.5,96.18,95.67,97.02,0.004
"EMIGRANT","72h",5,0.2,128.11,127.46,128.8,0.003
"EMIGRANT","72h",10,0.1,148.78,147.3,149.81,0.005
"EMIGRANT","72h",25,0.04,174.38,170.94,176.65,0.011
"EMIGRANT","72h",50,0.02,193,187.53,196.61,0.015
"EMIGRANT","72h",100,0.01,211.17,203.26,216.35,0.02
"EMIGRANT","72h",200,0.005,228.98,218.18,236.02,0.024
"EMIGRANT","72h",500,0.002,252.03,237.05,261.84,0.031
"EMIGRANT","72h",1000,0.001,269.12,250.81,281.3,0.036
"EMIGRANT","72h",2000,5e-04,285.93,263.91,300.84,0.041
"EMIGRANT","72h",5000,2e-04,307.71,280.14,326.54,0.047
"EMIGRANT","72h",10000,1e-04,323.88,291.92,346.2,0.052
"JAMESTOWN DAM","24h",2,0.5,51.26,50.51,52.22,0.01
"JAMESTOWN DAM","24h",5,0.2,71.99,71.29,72.67,0.006
"JAMESTOWN DAM","24h",10,0.1,85.56,83.72,87.17,0.012
"JAMESTOWN DAM","24h",25,0.04,102.22,98.52,105.26,0.02
"JAMESTOWN DAM","24h",50,0.02,114.23,109.18,118.53,0.025
"JAMESTOWN DAM","24h",100,0.01,125.89,119.39,131.53,0.03
"JAMESTOWN DAM","24h",200,0.005,137.28,129.22,144.03,0.034
"JAMESTOWN DAM","24h",500,0.002,152.02,141.74,160.54,0.039
"JAMESTOWN DAM","24h",1000,0.001,162.99,150.99,172.94,0.042
"JAMESTOWN DAM","24h",2000,5e-04,173.82,160.16,185.23,0.045
"JAMESTOWN DAM","24h",5000,2e-04,187.97,172.05,201.27,0.049
"JAMESTOWN DAM","24h",10000,1e-04,198.56,180.87,213.21,0.051
"JAMESTOWN DAM","72h",2,0.5,60.3,59.55,61.34,0.01
"JAMESTOWN DAM","72h",5,0.2,82.25,81.34,83.14,0.007
"JAMESTOWN DAM","72h",10,0.1,97.24,95.41,98.8,0.011
"JAMESTOWN DAM","72h",25,0.04,116.74,112.35,120.35,0.021
"JAMESTOWN DAM","72h",50,0.02,131.61,124.47,137.47,0.03
"JAMESTOWN DAM","72h",100,0.01,146.72,136.41,155.3,0.04
"JAMESTOWN DAM","72h",200,0.005,162.13,147.94,174.3,0.05
"JAMESTOWN DAM","72h",500,0.002,183.02,162.83,200.38,0.065
"JAMESTOWN DAM","72h",1000,0.001,199.25,173.85,220.87,0.076
"JAMESTOWN DAM","72h",2000,5e-04,215.85,184.55,243.33,0.087
"JAMESTOWN DAM","72h",5000,2e-04,238.39,198.65,275.7,0.102
"JAMESTOWN DAM","72h",10000,1e-04,255.91,208.7,301.14,0.114
"CABALLO","24h",2,0.5,36.63,36.38,36.99,0.005
"CABALLO","24h",5,0.2,50.94,50.69,51.22,0.003
"CABALLO","24h",10,0.1,60.55,59.92,61.03,0.006
"CABALLO","24h",25,0.04,72.86,71.26,73.96,0.011
"CABALLO","24h",50,0.02,82.11,79.58,83.81,0.016
"CABALLO","24h",100,0.01,91.39,87.71,93.81,0.022
"CABALLO","24h",200,0.005,100.74,95.64,104.11,0.027
"CABALLO","24h",500,0.002,113.23,106.14,118.21,0.034
"CABALLO","24h",1000,0.001,122.78,113.9,129.23,0.04
"CABALLO","24h",2000,5e-04,132.44,121.48,140.6,0.045
"CABALLO","24h",5000,2e-04,145.37,131.58,155.86,0.053
"CABALLO","24h",10000,1e-04,155.27,139.14,167.64,0.059
"CABALLO","72h",2,0.5,46.73,46.41,47.15,0.005
"CABALLO","72h",5,0.2,64.47,64.11,64.85,0.003
"CABALLO","72h",10,0.1,75.88,75.09,76.54,0.006
"CABALLO","72h",25,0.04,89.93,88.17,91.42,0.011
"CABALLO","72h",50,0.02,100.09,97.39,102.29,0.016
"CABALLO","72h",100,0.01,109.96,106.07,112.99,0.02
"CABALLO","72h",200,0.005,119.58,114.34,123.72,0.025
"CABALLO","72h",500,0.002,131.97,124.72,137.99,0.031
"CABALLO","72h",1000,0.001,141.1,132.15,148.6,0.036
"CABALLO","72h",2000,5e-04,150.04,139.24,159.08,0.041
"CABALLO","72h",5000,2e-04,161.56,148.13,172.78,0.048
"CABALLO","72h",10000,1e-04,170.06,154.52,183.07,0.053
"BOR JORDANELLE","24h",2,0.5,37.55,37.37,37.87,0.005
"BOR JORDANELLE","24h",5,0.2,47.24,47.02,47.48,0.003
"BOR JORDANELLE","24h",10,0.1,53.97,53.41,54.38,0.006
"BOR JORDANELLE","24h",25,0.04,63.36,61.99,64.25,0.011
"BOR JORDANELLE","24h",50,0.02,71.18,68.98,72.52,0.016
"BOR JORDANELLE","24h",100,0.01,79.79,76.6,81.78,0.022
"BOR JORDANELLE","24h",200,0.005,89.35,84.75,92.14,0.028
"BOR JORDANELLE","24h",500,0.002,103.66,96.78,107.81,0.036
"BOR JORDANELLE","24h",1000,0.001,115.94,106.93,121.44,0.042
"BOR JORDANELLE","24h",2000,5e-04,129.63,117.91,136.86,0.049
"BOR JORDANELLE","24h",5000,2e-04,150.2,134.26,160.32,0.059
"BOR JORDANELLE","24h",10000,1e-04,167.87,147.79,180.56,0.066
"BOR JORDANELLE","72h",2,0.5,51.67,51.42,52.11,0.005
"BOR JORDANELLE","72h",5,0.2,65.01,64.75,65.35,0.003
"BOR JORDANELLE","72h",10,0.1,74.29,73.52,74.84,0.006
"BOR JORDANELLE","72h",25,0.04,87.22,85.42,88.44,0.011
"BOR JORDANELLE","72h",50,0.02,97.98,95.18,99.82,0.016
"BOR JORDANELLE","72h",100,0.01,109.85,105.65,112.55,0.021
"BOR JORDANELLE","72h",200,0.005,123.01,116.96,126.92,0.027
"BOR JORDANELLE","72h",500,0.002,142.71,133.66,148.5,0.035
"BOR JORDANELLE","72h",1000,0.001,159.62,147.54,167.18,0.042
"BOR JORDANELLE","72h",2000,5e-04,178.47,162.77,188.14,0.049
"BOR JORDANELLE","72h",5000,2e-04,206.78,185.17,220.12,0.058
"BOR JORDANELLE","72h",10000,1e-04,231.1,203.92,248.13,0.066
"NORMAN","24h",2,0.5,47.4,46.99,47.99,0.007
"NORMAN","24h",5,0.2,60.29,59.87,60.76,0.005
"NORMAN","24h",10,0.1,68.81,67.71,69.68,0.009
"NORMAN","24h",25,0.04,79.59,77.24,81.42,0.017
"NORMAN","24h",50,0.02,87.62,83.99,90.42,0.023
"NORMAN","24h",100,0.01,95.66,90.65,99.6,0.029
"NORMAN","24h",200,0.005,103.77,97.18,108.91,0.035
"NORMAN","24h",500,0.002,114.66,105.76,121.64,0.043
"NORMAN","24h",1000,0.001,123.07,112.38,131.63,0.049
"NORMAN","24h",2000,5e-04,131.65,118.9,141.83,0.055
"NORMAN","24h",5000,2e-04,143.27,127.69,155.82,0.062
"NORMAN","24h",10000,1e-04,152.3,134.29,166.76,0.068
"NORMAN","72h",2,0.5,52.93,52.49,53.5,0.006
"NORMAN","72h",5,0.2,66.91,66.44,67.37,0.004
"NORMAN","72h",10,0.1,75.67,74.51,76.61,0.009
"NORMAN","72h",25,0.04,86.17,83.93,88.02,0.015
"NORMAN","72h",50,0.02,93.61,90.48,96.16,0.019
"NORMAN","72h",100,0.01,100.75,96.7,104.09,0.023
"NORMAN","72h",200,0.005,107.66,102.66,111.82,0.026
"NORMAN","72h",500,0.002,116.52,110.22,121.76,0.031
"NORMAN","72h",1000,0.001,123.07,115.82,129.14,0.034
"NORMAN","72h",2000,5e-04,129.5,121.26,136.39,0.036
"NORMAN","72h",5000,2e-04,137.85,128.21,145.81,0.04
"NORMAN","72h",10000,1e-04,144.07,133.33,152.85,0.042
"TRENTON DAM","24h",2,0.5,57.12,56.73,57.76,0.006
"TRENTON DAM","24h",5,0.2,78.68,78.28,79.15,0.003
"TRENTON DAM","24h",10,0.1,93.76,92.72,94.53,0.006
"TRENTON DAM","24h",25,0.04,113.81,111.26,115.5,0.013
"TRENTON DAM","24h",50,0.02,129.42,125.08,132.18,0.019
"TRENTON DAM","24h",100,0.01,145.57,138.95,149.88,0.025
"TRENTON DAM","24h",200,0.005,162.35,153.09,168.47,0.031
"TRENTON DAM","24h",500,0.002,185.56,172.07,194.75,0.04
"TRENTON DAM","24h",1000,0.001,203.95,186.54,215.94,0.047
"TRENTON DAM","24h",2000,5e-04,223.11,201.14,238.58,0.054
"TRENTON DAM","24h",5000,2e-04,249.67,220.73,270.82,0.064
"TRENTON DAM","24h",10000,1e-04,270.74,235.86,296.94,0.071
"TRENTON DAM","72h",2,0.5,68.03,67.6,68.65,0.005
"TRENTON DAM","72h",5,0.2,92.38,91.95,92.89,0.003
"TRENTON DAM","72h",10,0.1,108.71,107.62,109.56,0.006
"TRENTON DAM","72h",25,0.04,129.56,126.91,131.52,0.011
"TRENTON DAM","72h",50,0.02,145.2,141.07,148.27,0.016
"TRENTON DAM","72h",100,0.01,160.86,154.76,165.42,0.021
"TRENTON DAM","72h",200,0.005,176.61,168.37,182.97,0.027
"TRENTON DAM","72h",500,0.002,197.61,185.79,206.63,0.034
"TRENTON DAM","72h",1000,0.001,213.65,198.77,224.92,0.039
"TRENTON DAM","72h",2000,5e-04,229.83,211.52,243.86,0.045
"TRENTON DAM","72h",5000,2e-04,251.44,228.09,269.45,0.053
"TRENTON DAM","72h",10000,1e-04,267.96,240.42,289.33,0.059
"BONNY","24h",2,0.5,51.18,50.8,51.74,0.006
"BONNY","24h",5,0.2,70.62,70.27,71.01,0.003
"BONNY","24h",10,0.1,84.01,83.06,84.71,0.006
"BONNY","24h",25,0.04,101.54,99.2,103.29,0.013
"BONNY","24h",50,0.02,114.99,111,117.87,0.018
"BONNY","24h",100,0.01,128.74,122.71,133.03,0.024
"BONNY","24h",200,0.005,142.85,134.63,148.77,0.03
"BONNY","24h",500,0.002,162.09,150.4,170.67,0.038
"BONNY","24h",1000,0.001,177.13,162.41,187.99,0.045
"BONNY","24h",2000,5e-04,192.6,174.29,206.15,0.051
"BONNY","24h",5000,2e-04,213.75,190.02,231.13,0.06
"BONNY","24h",10000,1e-04,230.29,201.96,251.09,0.067
"BONNY","72h",2,0.5,61.4,61.02,61.93,0.005
"BONNY","72h",5,0.2,83.69,83.25,84.15,0.003
"BONNY","72h",10,0.1,98.23,97.18,99.01,0.006
"BONNY","72h",25,0.04,116.35,113.96,118.09,0.011
"BONNY","72h",50,0.02,129.62,125.96,132.32,0.016
"BONNY","72h",100,0.01,142.65,137.41,146.45,0.02
"BONNY","72h",200,0.005,155.48,148.38,160.59,0.025
"BONNY","72h",500,0.002,172.19,162.32,179.36,0.032
"BONNY","72h",1000,0.001,184.66,172.4,193.71,0.037
"BONNY","72h",2000,5e-04,196.99,182.24,208.07,0.042
"BONNY","72h",5000,2e-04,213.08,194.85,227.29,0.049
"BONNY","72h",10000,1e-04,225.09,204.05,241.83,0.054
"CLARK CANYON","24h",2,0.5,29.72,29.56,29.98,0.005
"CLARK CANYON","24h",5,0.2,38.42,38.27,38.62,0.003
"CLARK CANYON","24h",10,0.1,44.54,44.13,44.86,0.005
"CLARK CANYON","24h",25,0.04,53.16,52.14,53.88,0.011
"CLARK CANYON","24h",50,0.02,60.39,58.74,61.56,0.015
"CLARK CANYON","24h",100,0.01,68.42,65.95,70.13,0.02
"CLARK CANYON","24h",200,0.005,77.4,73.9,79.8,0.026
"CLARK CANYON","24h",500,0.002,90.95,85.63,94.55,0.034
"CLARK CANYON","24h",1000,0.001,102.67,95.52,107.4,0.04
"CLARK CANYON","24h",2000,5e-04,115.84,106.42,121.95,0.047
"CLARK CANYON","24h",5000,2e-04,135.79,122.61,144.38,0.055
"CLARK CANYON","24h",10000,1e-04,153.07,136.34,164.12,0.062
"CLARK CANYON","72h",2,0.5,39.24,39.03,39.49,0.004
"CLARK CANYON","72h",5,0.2,50.99,50.74,51.22,0.003
"CLARK CANYON","72h",10,0.1,58.25,57.69,58.69,0.005
"CLARK CANYON","72h",25,0.04,66.96,65.89,67.8,0.009
"CLARK CANYON","72h",50,0.02,73.18,71.66,74.45,0.012
"CLARK CANYON","72h",100,0.01,79.21,77.19,80.97,0.014
"CLARK CANYON","72h",200,0.005,85.13,82.55,87.38,0.017
"CLARK CANYON","72h",500,0.002,92.82,89.43,95.77,0.021
"CLARK CANYON","72h",1000,0.001,98.6,94.54,102.09,0.023
"CLARK CANYON","72h",2000,5e-04,104.35,99.65,108.41,0.026
"CLARK CANYON","72h",5000,2e-04,111.96,106.37,116.8,0.029
"CLARK CANYON","72h",10000,1e-04,117.72,111.4,123.35,0.031
"FT COBB LAKE","24h",2,0.5,70.12,69.43,71.03,0.007
"FT COBB LAKE","24h",5,0.2,95.27,94.51,96.05,0.005
"FT COBB LAKE","24h",10,0.1,112.22,110.53,113.62,0.008
"FT COBB LAKE","24h",25,0.04,134,130.14,137.2,0.016
"FT COBB LAKE","24h",50,0.02,150.42,144.29,155.51,0.023
"FT COBB LAKE","24h",100,0.01,166.94,158.09,174.2,0.03
"FT COBB LAKE","24h",200,0.005,183.62,171.73,193.46,0.038
"FT COBB LAKE","24h",500,0.002,205.97,188.78,220.44,0.048
"FT COBB LAKE","24h",1000,0.001,223.13,201.59,241.91,0.057
"FT COBB LAKE","24h",2000,5e-04,240.52,214.17,264.4,0.065
"FT COBB LAKE","24h",5000,2e-04,263.86,229.68,295.25,0.076
"FT COBB LAKE","24h",10000,1e-04,281.79,241.47,319.4,0.085
"FT COBB LAKE","72h",2,0.5,84.75,83.88,86,0.008
"FT COBB LAKE","72h",5,0.2,110.59,109.77,111.57,0.005
"FT COBB LAKE","72h",10,0.1,128.85,126.9,130.74,0.009
"FT COBB LAKE","72h",25,0.04,154.67,149.64,158.54,0.017
"FT COBB LAKE","72h",50,0.02,176.43,168.43,182.46,0.025
"FT COBB LAKE","72h",100,0.01,200.67,188.61,210.15,0.033
"FT COBB LAKE","72h",200,0.005,227.85,210.82,241.87,0.042
"FT COBB LAKE","72h",500,0.002,269.05,243.34,290.12,0.054
"FT COBB LAKE","72h",1000,0.001,304.83,270.08,332.72,0.064
"FT COBB LAKE","72h",2000,5e-04,345.15,299.31,381.57,0.074
"FT COBB LAKE","72h",5000,2e-04,406.46,342.2,458.51,0.088
"FT COBB LAKE","72h",10000,1e-04,459.76,378.23,526.71,0.099
"CASITAS","24h",2,0.5,69.65,69.03,70.67,0.008
"CASITAS","24h",5,0.2,104.8,104.26,105.45,0.003
"CASITAS","24h",10,0.1,128.91,127.35,130.13,0.007
"CASITAS","24h",25,0.04,160.18,156.34,162.86,0.013
"CASITAS","24h",50,0.02,184.01,178.05,188.15,0.018
"CASITAS","24h",100,0.01,208.27,199.73,214.09,0.023
"CASITAS","24h",200,0.005,233.1,221.63,240.72,0.027
"CASITAS","24h",500,0.002,267,251.07,277.58,0.033
"CASITAS","24h",1000,0.001,293.56,273.84,306.57,0.037
"CASITAS","24h",2000,5e-04,320.96,297.12,336.64,0.041
"CASITAS","24h",5000,2e-04,358.58,328.68,378.34,0.046
"CASITAS","24h",10000,1e-04,388.16,353.23,411.4,0.049
"CASITAS","72h",2,0.5,93.34,92.35,94.81,0.009
"CASITAS","72h",5,0.2,150.71,149.89,151.51,0.003
"CASITAS","72h",10,0.1,189.62,187.06,191.62,0.008
"CASITAS","72h",25,0.04,238.32,232.59,242.46,0.013
"CASITAS","72h",50,0.02,273.89,265.79,279.67,0.017
"CASITAS","72h",100,0.01,308.71,298.01,316.32,0.019
"CASITAS","72h",200,0.005,342.95,329.59,352.37,0.022
"CASITAS","72h",500,0.002,387.56,370.63,399.61,0.024
"CASITAS","72h",1000,0.001,420.89,401.35,434.88,0.026
"CASITAS","72h",2000,5e-04,453.95,431.78,469.89,0.028
"CASITAS","72h",5000,2e-04,497.29,471.14,515.83,0.03
"CASITAS","72h",10000,1e-04,529.84,500.84,550.37,0.031
"HORSE MESA","24h",2,0.5,52.41,52.11,52.96,0.006
"HORSE MESA","24h",5,0.2,69.16,68.91,69.55,0.003
"HORSE MESA","24h",10,0.1,81.08,80.22,81.77,0.006
"HORSE MESA","24h",25,0.04,98.03,95.86,99.56,0.012
"HORSE MESA","24h",50,0.02,112.4,108.79,114.68,0.017
"HORSE MESA","24h",100,0.01,128.47,123.02,131.74,0.023
"HORSE MESA","24h",200,0.005,146.58,138.61,151.33,0.029
"HORSE MESA","24h",500,0.002,174.17,161.85,181.23,0.038
"HORSE MESA","24h",1000,0.001,198.25,181.79,207.54,0.045
"HORSE MESA","24h",2000,5e-04,225.52,203.83,238.01,0.052
"HORSE MESA","24h",5000,2e-04,267.19,236.8,285.1,0.061
"HORSE MESA","24h",10000,1e-04,303.61,265.05,326.77,0.069
"HORSE MESA","72h",2,0.5,68.87,68.53,69.57,0.005
"HORSE MESA","72h",5,0.2,95.56,95.19,96.07,0.003
"HORSE MESA","72h",10,0.1,114.16,113.09,114.91,0.005
"HORSE MESA","72h",25,0.04,138.75,135.81,140.46,0.011
"HORSE MESA","72h",50,0.02,157.83,153.05,160.56,0.016
"HORSE MESA","72h",100,0.01,177.5,170.3,181.34,0.021
"HORSE MESA","72h",200,0.005,197.85,187.8,203.33,0.027
"HORSE MESA","72h",500,0.002,225.9,210.91,233.86,0.034
"HORSE MESA","72h",1000,0.001,248.04,228.71,258.27,0.04
"HORSE MESA","72h",2000,5e-04,271.02,247.13,284.12,0.046
"HORSE MESA","72h",5000,2e-04,302.74,271.59,320.32,0.054
"HORSE MESA","72h",10000,1e-04,327.79,290.46,349.33,0.061
"BARTLETT","24h",2,0.5,52.7,52.41,53.1,0.004
"BARTLETT","24h",5,0.2,71.34,71.05,71.71,0.003
"BARTLETT","24h",10,0.1,83.83,83.07,84.44,0.005
"BARTLETT","24h",25,0.04,99.78,97.99,101.09,0.01
"BARTLETT","24h",50,0.02,111.74,108.89,113.78,0.014
"BARTLETT","24h",100,0.01,123.71,119.68,126.63,0.018
"BARTLETT","24h",200,0.005,135.75,130.27,139.85,0.023
"BARTLETT","24h",500,0.002,151.79,144.02,157.64,0.029
"BARTLETT","24h",1000,0.001,164.03,154.27,171.55,0.034
"BARTLETT","24h",2000,5e-04,176.38,164.41,185.9,0.039
"BARTLETT","24h",5000,2e-04,192.87,177.53,205.42,0.045
"BARTLETT","24h",10000,1e-04,205.46,187.54,220.49,0.05
"BARTLETT","72h",2,0.5,71.01,70.58,71.7,0.005
"BARTLETT","72h",5,0.2,98.53,98.15,99.09,0.003
"BARTLETT","72h",10,0.1,117.68,116.64,118.5,0.005
"BARTLETT","72h",25,0.04,142.99,140.23,144.79,0.011
"BARTLETT","72h",50,0.02,162.6,158.02,165.53,0.015
"BARTLETT","72h",100,0.01,182.81,175.91,187.41,0.021
"BARTLETT","72h",200,0.005,203.69,193.99,210.25,0.026
"BARTLETT","72h",500,0.002,232.44,217.96,242.13,0.033
"BARTLETT","72h",1000,0.001,255.12,236.4,267.79,0.039
"BARTLETT","72h",2000,5e-04,278.63,255.08,294.7,0.045
"BARTLETT","72h",5000,2e-04,311.06,280.3,332.35,0.053
"BARTLETT","72h",10000,1e-04,336.66,299.71,362.55,0.059
"KACHESS DAM","24h",2,0.5,80.81,80.31,81.62,0.005
"KACHESS DAM","24h",5,0.2,108.63,108.19,109.26,0.003
"KACHESS DAM","24h",10,0.1,128.1,126.86,129.07,0.005
"KACHESS DAM","24h",25,0.04,153.96,150.56,156.27,0.012
"KACHESS DAM","24h",50,0.02,174.1,168.61,177.93,0.017
"KACHESS DAM","24h",100,0.01,194.93,186.81,200.91,0.023
"KACHESS DAM","24h",200,0.005,216.55,205.02,224.79,0.029
"KACHESS DAM","24h",500,0.002,246.46,229.39,258.25,0.038
"KACHESS DAM","24h",1000,0.001,270.15,248.1,285.17,0.044
"KACHESS DAM","24h",2000,5e-04,294.83,266.79,313.93,0.051
"KACHESS DAM","24h",5000,2e-04,329.02,292.04,353.61,0.06
"KACHESS DAM","24h",10000,1e-04,356.14,311.51,386.43,0.067
"KACHESS DAM","72h",2,0.5,132.15,131.52,133.59,0.006
"KACHESS DAM","72h",5,0.2,170.47,169.84,171.39,0.003
"KACHESS DAM","72h",10,0.1,197.8,195.79,199.3,0.006
"KACHESS DAM","72h",25,0.04,236.75,231.26,239.9,0.012
"KACHESS DAM","72h",50,0.02,269.8,260.64,274.59,0.018
"KACHESS DAM","72h",100,0.01,306.86,292.82,313.81,0.024
"KACHESS DAM","72h",200,0.005,348.67,328.32,358.94,0.03
"KACHESS DAM","72h",500,0.002,412.5,381.02,428.63,0.04
"KACHESS DAM","72h",1000,0.001,468.3,425.8,490.02,0.047
"KACHESS DAM","72h",2000,5e-04,531.58,476.25,559.49,0.055
"KACHESS DAM","72h",5000,2e-04,628.47,550.9,667.04,0.065
"KACHESS DAM","72h",10000,1e-04,713.3,614.43,761.85,0.073
"WHISKEYTOWN","24h",2,0.5,77.9,77.47,78.67,0.005
"WHISKEYTOWN","24h",5,0.2,100.48,100.08,101.02,0.003
"WHISKEYTOWN","24h",10,0.1,116.26,115.04,117.11,0.006
"WHISKEYTOWN","24h",25,0.04,138.37,135.38,140.29,0.012
"WHISKEYTOWN","24h",50,0.02,156.83,151.93,159.99,0.017
"WHISKEYTOWN","24h",100,0.01,177.26,169.98,182.09,0.023
"WHISKEYTOWN","24h",200,0.005,200,189.62,206.91,0.029
"WHISKEYTOWN","24h",500,0.002,234.18,218.2,244.24,0.038
"WHISKEYTOWN","24h",1000,0.001,263.62,242.27,276.62,0.045
"WHISKEYTOWN","24h",2000,5e-04,296.57,268.64,313.57,0.052
"WHISKEYTOWN","24h",5000,2e-04,346.24,307.5,370.08,0.062
"WHISKEYTOWN","24h",10000,1e-04,389.08,340.59,419.4,0.069
"WHISKEYTOWN","72h",2,0.5,129.39,128.57,130.5,0.005
"WHISKEYTOWN","72h",5,0.2,176.13,175.28,177.07,0.003
"WHISKEYTOWN","72h",10,0.1,206.75,204.69,208.44,0.006
"WHISKEYTOWN","72h",25,0.04,245.07,240.33,248.76,0.011
"WHISKEYTOWN","72h",50,0.02,273.24,265.81,279.1,0.015
"WHISKEYTOWN","72h",100,0.01,300.99,290.1,309.17,0.02
"WHISKEYTOWN","72h",200,0.005,328.42,313.88,339.62,0.024
"WHISKEYTOWN","72h",500,0.002,364.28,344.01,379.83,0.031
"WHISKEYTOWN","72h",1000,0.001,391.14,365.89,410.84,0.036
"WHISKEYTOWN","72h",2000,5e-04,417.79,387.19,442.3,0.041
"WHISKEYTOWN","72h",5000,2e-04,452.69,414.25,484.11,0.047
"WHISKEYTOWN","72h",10000,1e-04,478.86,434.08,515.76,0.052
"ARTHUR R. BOWMAN","24h",2,0.5,33.49,33.25,33.9,0.006
"ARTHUR R. BOWMAN","24h",5,0.2,45.81,45.59,46.08,0.003
"ARTHUR R. BOWMAN","24h",10,0.1,54.3,53.59,54.76,0.007
"ARTHUR R. BOWMAN","24h",25,0.04,65.34,63.63,66.45,0.014
"ARTHUR R. BOWMAN","24h",50,0.02,73.78,71.16,75.43,0.019
"ARTHUR R. BOWMAN","24h",100,0.01,82.39,78.73,84.63,0.023
"ARTHUR R. BOWMAN","24h",200,0.005,91.22,86.33,94.27,0.028
"ARTHUR R. BOWMAN","24h",500,0.002,103.29,96.54,107.47,0.034
"ARTHUR R. BOWMAN","24h",1000,0.001,112.76,104.36,117.64,0.038
"ARTHUR R. BOWMAN","24h",2000,5e-04,122.55,112.48,128.53,0.043
"ARTHUR R. BOWMAN","24h",5000,2e-04,136.01,123.62,143.6,0.048
"ARTHUR R. BOWMAN","24h",10000,1e-04,146.61,132.22,155.56,0.052
"ARTHUR R. BOWMAN","72h",2,0.5,45.74,45.45,46.44,0.008
"ARTHUR R. BOWMAN","72h",5,0.2,60.85,60.64,61.26,0.004
"ARTHUR R. BOWMAN","72h",10,0.1,72.17,71.28,72.86,0.007
"ARTHUR R. BOWMAN","72h",25,0.04,88.99,86.43,90.49,0.016
"ARTHUR R. BOWMAN","72h",50,0.02,103.82,99.32,106.11,0.024
"ARTHUR R. BOWMAN","72h",100,0.01,121,113.87,124.41,0.032
"ARTHUR R. BOWMAN","72h",200,0.005,141.02,130.29,145.85,0.041
"ARTHUR R. BOWMAN","72h",500,0.002,172.75,155.52,180.51,0.054
"ARTHUR R. BOWMAN","72h",1000,0.001,201.52,177.74,212.29,0.064
"ARTHUR R. BOWMAN","72h",2000,5e-04,235.22,203.07,249.87,0.074
"ARTHUR R. BOWMAN","72h",5000,2e-04,288.76,242.08,310.28,0.087
"ARTHUR R. BOWMAN","72h",10000,1e-04,337.4,276.45,366.14,0.098
"SUMNER","24h",2,0.5,47.57,47.24,48.08,0.006
"SUMNER","24h",5,0.2,67.19,66.9,67.57,0.003
"SUMNER","24h",10,0.1,81.01,80.25,81.62,0.005
"SUMNER","24h",25,0.04,99.45,97.36,101,0.012
"SUMNER","24h",50,0.02,113.89,110.33,116.43,0.017
"SUMNER","24h",100,0.01,128.9,123.44,132.7,0.022
"SUMNER","24h",200,0.005,144.54,136.88,149.88,0.028
"SUMNER","24h",500,0.002,166.29,155.15,174.22,0.036
"SUMNER","24h",1000,0.001,183.62,169.35,193.81,0.043
"SUMNER","24h",2000,5e-04,201.74,183.81,214.82,0.049
"SUMNER","24h",5000,2e-04,226.99,203.34,244.62,0.058
"SUMNER","24h",10000,1e-04,247.11,218.45,268.93,0.065
"SUMNER","72h",2,0.5,57.36,57,58.02,0.006
"SUMNER","72h",5,0.2,82.31,82,82.8,0.003
"SUMNER","72h",10,0.1,100.43,99.45,101.16,0.005
"SUMNER","72h",25,0.04,125.33,122.5,127.16,0.012
"SUMNER","72h",50,0.02,145.37,140.48,148.29,0.018
"SUMNER","72h",100,0.01,166.69,159.29,171.06,0.024
"SUMNER","72h",200,0.005,189.44,178.92,195.48,0.03
"SUMNER","72h",500,0.002,221.95,206.29,231.01,0.039
"SUMNER","72h",1000,0.001,248.55,228,260.46,0.046
"SUMNER","72h",2000,5e-04,277.02,250.87,292.54,0.053
"SUMNER","72h",5000,2e-04,317.77,282.32,338.66,0.062
"SUMNER","72h",10000,1e-04,351.14,307.78,377.15,0.07
"STAMPEDE","24h",2,0.5,76.48,75.95,77.3,0.006
"STAMPEDE","24h",5,0.2,104.87,104.41,105.47,0.003
"STAMPEDE","24h",10,0.1,125,123.68,126.01,0.006
"STAMPEDE","24h",25,0.04,152.05,148.73,154.42,0.012
"STAMPEDE","24h",50,0.02,173.36,167.76,177.16,0.018
"STAMPEDE","24h",100,0.01,195.63,187.09,201.38,0.024
"STAMPEDE","24h",200,0.005,218.96,206.7,227.25,0.031
"STAMPEDE","24h",500,0.002,251.62,233.41,264.29,0.04
"STAMPEDE","24h",1000,0.001,277.79,254.18,294.43,0.047
"STAMPEDE","24h",2000,5e-04,305.3,275.5,326.32,0.054
"STAMPEDE","24h",5000,2e-04,343.87,304.48,371.73,0.064
"STAMPEDE","24h",10000,1e-04,374.8,327.05,408.74,0.071
"STAMPEDE","72h",2,0.5,120.99,120.11,122.5,0.007
"STAMPEDE","72h",5,0.2,171.49,170.68,172.55,0.003
"STAMPEDE","72h",10,0.1,207.58,205.3,209.25,0.006
"STAMPEDE","72h",25,0.04,256.43,250.09,260.56,0.013
"STAMPEDE","72h",50,0.02,295.18,284.66,302,0.019
"STAMPEDE","72h",100,0.01,335.9,319.98,346.15,0.026
"STAMPEDE","72h",200,0.005,378.83,356.16,393.03,0.033
"STAMPEDE","72h",500,0.002,439.31,404.98,460.77,0.042
"STAMPEDE","72h",1000,0.001,488.1,443.66,516.03,0.05
"STAMPEDE","72h",2000,5e-04,539.7,483.32,575.24,0.057
"STAMPEDE","72h",5000,2e-04,612.51,537.6,662.05,0.067
"STAMPEDE","72h",10000,1e-04,671.3,580.22,733.48,0.075
"ARBUCKLE","24h",2,0.5,47.4,46.99,47.99,0.007
"ARBUCKLE","24h",5,0.2,60.29,59.87,60.76,0.005
"ARBUCKLE","24h",10,0.1,68.81,67.71,69.68,0.009
"ARBUCKLE","24h",25,0.04,79.59,77.24,81.42,0.017
"ARBUCKLE","24h",50,0.02,87.62,83.99,90.42,0.023
"ARBUCKLE","24h",100,0.01,95.66,90.65,99.6,0.029
"ARBUCKLE","24h",200,0.005,103.77,97.18,108.91,0.035
"ARBUCKLE","24h",500,0.002,114.66,105.76,121.64,0.043
"ARBUCKLE","24h",1000,0.001,123.07,112.38,131.63,0.049
"ARBUCKLE","24h",2000,5e-04,131.65,118.9,141.83,0.055
"ARBUCKLE","24h",5000,2e-04,143.27,127.69,155.82,0.062
"ARBUCKLE","24h",10000,1e-04,152.3,134.29,166.76,0.068
"ARBUCKLE","72h",2,0.5,52.93,52.49,53.5,0.006
"ARBUCKLE","72h",5,0.2,66.91,66.44,67.37,0.004
"ARBUCKLE","72h",10,0.1,75.67,74.51,76.61,0.009
"ARBUCKLE","72h",25,0.04,86.17,83.93,88.02,0.015
"ARBUCKLE","72h",50,0.02,93.61,90.48,96.16,0.019
"ARBUCKLE","72h",100,0.01,100.75,96.7,104.09,0.023
"ARBUCKLE","72h",200,0.005,107.66,102.66,111.82,0.026
"ARBUCKLE","72h",500,0.002,116.52,110.22,121.76,0.031
"ARBUCKLE","72h",1000,0.001,123.07,115.82,129.14,0.034
"ARBUCKLE","72h",2000,5e-04,129.5,121.26,136.39,0.036
"ARBUCKLE","72h",5000,2e-04,137.85,128.21,145.81,0.04
"ARBUCKLE","72h",10000,1e-04,144.07,133.33,152.85,0.042
"BOR ARTHUR V WATKINS","24h",2,0.5,41.4,41.18,41.72,0.004
"BOR ARTHUR V WATKINS","24h",5,0.2,53.65,53.43,53.9,0.003
"BOR ARTHUR V WATKINS","24h",10,0.1,62.04,61.49,62.48,0.005
"BOR ARTHUR V WATKINS","24h",25,0.04,72.99,71.56,74,0.011
"BOR ARTHUR V WATKINS","24h",50,0.02,81.37,79.1,82.97,0.015
"BOR ARTHUR V WATKINS","24h",100,0.01,89.9,86.52,92.24,0.02
"BOR ARTHUR V WATKINS","24h",200,0.005,98.63,93.85,101.92,0.026
"BOR ARTHUR V WATKINS","24h",500,0.002,110.49,103.76,115.28,0.033
"BOR ARTHUR V WATKINS","24h",1000,0.001,119.72,111.19,125.96,0.039
"BOR ARTHUR V WATKINS","24h",2000,5e-04,129.2,118.73,136.96,0.045
"BOR ARTHUR V WATKINS","24h",5000,2e-04,142.1,128.53,151.88,0.053
"BOR ARTHUR V WATKINS","24h",10000,1e-04,152.15,136.15,163.88,0.059
"BOR ARTHUR V WATKINS","72h",2,0.5,56.97,56.71,57.53,0.005
"BOR ARTHUR V WATKINS","72h",5,0.2,72.29,72.02,72.69,0.003
"BOR ARTHUR V WATKINS","72h",10,0.1,83.09,82.24,83.73,0.006
"BOR ARTHUR V WATKINS","72h",25,0.04,98.32,96.1,99.66,0.012
"BOR ARTHUR V WATKINS","72h",50,0.02,111.12,107.48,113.22,0.017
"BOR ARTHUR V WATKINS","72h",100,0.01,125.37,119.85,128.27,0.022
"BOR ARTHUR V WATKINS","72h",200,0.005,141.32,133.48,145.35,0.029
"BOR ARTHUR V WATKINS","72h",500,0.002,165.44,153.67,171.61,0.037
"BOR ARTHUR V WATKINS","72h",1000,0.001,186.35,170.67,194.69,0.044
"BOR ARTHUR V WATKINS","72h",2000,5e-04,209.88,189.56,220.83,0.051
"BOR ARTHUR V WATKINS","72h",5000,2e-04,245.58,217.18,260.92,0.061
"BOR ARTHUR V WATKINS","72h",10000,1e-04,276.56,240.45,296.07,0.069
"MINIDOKA SOUTH DIKE","24h",2,0.5,26.11,25.98,26.3,0.004
"MINIDOKA SOUTH DIKE","24h",5,0.2,34.89,34.76,35.05,0.003
"MINIDOKA SOUTH DIKE","24h",10,0.1,40.92,40.57,41.18,0.005
"MINIDOKA SOUTH DIKE","24h",25,0.04,48.77,47.92,49.34,0.009
"MINIDOKA SOUTH DIKE","24h",50,0.02,54.77,53.38,55.72,0.014
"MINIDOKA SOUTH DIKE","24h",100,0.01,60.89,58.87,62.28,0.018
"MINIDOKA SOUTH DIKE","24h",200,0.005,67.14,64.33,69.11,0.023
"MINIDOKA SOUTH DIKE","24h",500,0.002,75.64,71.65,78.45,0.03
"MINIDOKA SOUTH DIKE","24h",1000,0.001,82.26,77.16,85.86,0.035
"MINIDOKA SOUTH DIKE","24h",2000,5e-04,89.04,82.72,93.55,0.04
"MINIDOKA SOUTH DIKE","24h",5000,2e-04,98.28,90.17,104.16,0.047
"MINIDOKA SOUTH DIKE","24h",10000,1e-04,105.48,95.86,112.54,0.053
"MINIDOKA SOUTH DIKE","72h",2,0.5,34.63,34.47,34.88,0.004
"MINIDOKA SOUTH DIKE","72h",5,0.2,46.57,46.41,46.77,0.002
"MINIDOKA SOUTH DIKE","72h",10,0.1,54.5,54.05,54.83,0.005
"MINIDOKA SOUTH DIKE","72h",25,0.04,64.54,63.48,65.21,0.009
"MINIDOKA SOUTH DIKE","72h",50,0.02,72.04,70.44,73.07,0.012
"MINIDOKA SOUTH DIKE","72h",100,0.01,79.55,77.31,80.96,0.015
"MINIDOKA SOUTH DIKE","72h",200,0.005,87.15,84.25,88.97,0.018
"MINIDOKA SOUTH DIKE","72h",500,0.002,97.36,93.46,99.85,0.022
"MINIDOKA SOUTH DIKE","72h",1000,0.001,105.26,100.53,108.32,0.024
"MINIDOKA SOUTH DIKE","72h",2000,5e-04,113.32,107.7,117.07,0.027
"MINIDOKA SOUTH DIKE","72h",5000,2e-04,124.25,117.34,128.91,0.031
"MINIDOKA SOUTH DIKE","72h",10000,1e-04,132.75,124.69,138.15,0.033
"WICKIUP RESERVOIR (USBR)","24h",2,0.5,61.13,60.76,61.7,0.005
"WICKIUP RESERVOIR (USBR)","24h",5,0.2,80.56,80.16,80.96,0.003
"WICKIUP RESERVOIR (USBR)","24h",10,0.1,93.53,92.46,94.28,0.006
"WICKIUP RESERVOIR (USBR)","24h",25,0.04,110.02,107.51,111.62,0.012
"WICKIUP RESERVOIR (USBR)","24h",50,0.02,122.39,118.69,124.77,0.016
"WICKIUP RESERVOIR (USBR)","24h",100,0.01,134.83,129.83,138.11,0.02
"WICKIUP RESERVOIR (USBR)","24h",200,0.005,147.42,140.93,151.86,0.024
"WICKIUP RESERVOIR (USBR)","24h",500,0.002,164.41,155.61,170.59,0.03
"WICKIUP RESERVOIR (USBR)","24h",1000,0.001,177.57,166.89,185.2,0.034
"WICKIUP RESERVOIR (USBR)","24h",2000,5e-04,191.03,178.26,200.2,0.037
"WICKIUP RESERVOIR (USBR)","24h",5000,2e-04,209.33,193.48,220.72,0.042
"WICKIUP RESERVOIR (USBR)","24h",10000,1e-04,223.59,205.26,236.75,0.046
"WICKIUP RESERVOIR (USBR)","72h",2,0.5,104.96,104.32,106.18,0.006
"WICKIUP RESERVOIR (USBR)","72h",5,0.2,132.73,132.1,133.54,0.003
"WICKIUP RESERVOIR (USBR)","72h",10,0.1,152.47,150.49,153.89,0.007
"WICKIUP RESERVOIR (USBR)","72h",25,0.04,180.53,175.88,183.69,0.014
"WICKIUP RESERVOIR (USBR)","72h",50,0.02,204.29,196.51,209.21,0.021
"WICKIUP RESERVOIR (USBR)","72h",100,0.01,230.86,219.07,238.01,0.028
"WICKIUP RESERVOIR (USBR)","72h",200,0.005,260.78,243.88,270.84,0.035
"WICKIUP RESERVOIR (USBR)","72h",500,0.002,306.34,280.53,321.7,0.046
"WICKIUP RESERVOIR (USBR)","72h",1000,0.001,346.08,311.23,366.87,0.055
"WICKIUP RESERVOIR (USBR)","72h",2000,5e-04,391.05,345.33,418.28,0.064
"WICKIUP RESERVOIR (USBR)","72h",5000,2e-04,459.74,395.75,498.38,0.076
"WICKIUP RESERVOIR (USBR)","72h",10000,1e-04,519.73,438.51,569.29,0.086
"HORSESHOE","24h",2,0.5,52.27,51.96,52.7,0.004
"HORSESHOE","24h",5,0.2,70.89,70.63,71.24,0.003
"HORSESHOE","24h",10,0.1,83.51,82.78,84.05,0.005
"HORSESHOE","24h",25,0.04,99.78,98.04,101.14,0.01
"HORSESHOE","24h",50,0.02,112.09,109.29,114.25,0.014
"HORSESHOE","24h",100,0.01,124.52,120.35,127.65,0.019
"HORSESHOE","24h",200,0.005,137.11,131.28,141.67,0.024
"HORSESHOE","24h",500,0.002,154.05,145.6,160.77,0.03
"HORSESHOE","24h",1000,0.001,167.11,156.37,175.56,0.036
"HORSESHOE","24h",2000,5e-04,180.38,167.03,190.78,0.041
"HORSESHOE","24h",5000,2e-04,198.27,181.13,211.59,0.048
"HORSESHOE","24h",10000,1e-04,212.06,191.7,227.87,0.053
"HORSESHOE","72h",2,0.5,69.81,69.4,70.49,0.005
"HORSESHOE","72h",5,0.2,96.85,96.47,97.34,0.003
"HORSESHOE","72h",10,0.1,115.75,114.75,116.56,0.005
"HORSESHOE","72h",25,0.04,140.84,138.11,142.7,0.01
"HORSESHOE","72h",50,0.02,160.36,155.8,163.33,0.015
"HORSESHOE","72h",100,0.01,180.55,173.67,185.1,0.02
"HORSESHOE","72h",200,0.005,201.48,191.62,207.78,0.026
"HORSESHOE","72h",500,0.002,230.43,215.72,239.73,0.033
"HORSESHOE","72h",1000,0.001,253.35,234.46,265.52,0.039
"HORSESHOE","72h",2000,5e-04,277.2,253.53,292.7,0.045
"HORSESHOE","72h",5000,2e-04,310.23,279.25,330.93,0.053
"HORSESHOE","72h",10000,1e-04,336.4,299.15,361.59,0.059
"WARM SPRINGS RES. (USBR)","24h",2,0.5,24.27,24.16,24.48,0.005
"WARM SPRINGS RES. (USBR)","24h",5,0.2,32.34,32.22,32.51,0.003
"WARM SPRINGS RES. (USBR)","24h",10,0.1,38,37.67,38.26,0.005
"WARM SPRINGS RES. (USBR)","24h",25,0.04,45.53,44.68,46.11,0.01
"WARM SPRINGS RES. (USBR)","24h",50,0.02,51.41,49.99,52.28,0.015
"WARM SPRINGS RES. (USBR)","24h",100,0.01,57.51,55.38,58.79,0.021
"WARM SPRINGS RES. (USBR)","24h",200,0.005,63.84,60.84,65.64,0.026
"WARM SPRINGS RES. (USBR)","24h",500,0.002,72.63,68.23,75.25,0.034
"WARM SPRINGS RES. (USBR)","24h",1000,0.001,79.6,73.93,82.97,0.04
"WARM SPRINGS RES. (USBR)","24h",2000,5e-04,86.88,79.67,91.04,0.046
"WARM SPRINGS RES. (USBR)","24h",5000,2e-04,96.98,87.42,102.36,0.055
"WARM SPRINGS RES. (USBR)","24h",10000,1e-04,105.01,93.42,111.52,0.061
"WARM SPRINGS RES. (USBR)","72h",2,0.5,32.6,32.44,32.83,0.004
"WARM SPRINGS RES. (USBR)","72h",5,0.2,42.62,42.43,42.83,0.003
"WARM SPRINGS RES. (USBR)","72h",10,0.1,49.17,48.74,49.52,0.005
"WARM SPRINGS RES. (USBR)","72h",25,0.04,57.35,56.29,58.06,0.01
"WARM SPRINGS RES. (USBR)","72h",50,0.02,63.35,61.7,64.42,0.014
"WARM SPRINGS RES. (USBR)","72h",100,0.01,69.25,66.98,70.82,0.018
"WARM SPRINGS RES. (USBR)","72h",200,0.005,75.07,72,77.27,0.022
"WARM SPRINGS RES. (USBR)","72h",500,0.002,82.67,78.42,85.71,0.028
"WARM SPRINGS RES. (USBR)","72h",1000,0.001,88.34,83.15,92.06,0.033
"WARM SPRINGS RES. (USBR)","72h",2000,5e-04,93.97,87.67,98.54,0.037
"WARM SPRINGS RES. (USBR)","72h",5000,2e-04,101.32,93.43,107.18,0.043
"WARM SPRINGS RES. (USBR)","72h",10000,1e-04,106.81,97.65,113.74,0.048
"EL VADO","24h",2,0.5,31.5,31.33,31.74,0.004
"EL VADO","24h",5,0.2,42.23,42.06,42.44,0.003
"EL VADO","24h",10,0.1,49.45,49.04,49.78,0.005
"EL VADO","24h",25,0.04,58.7,57.7,59.45,0.01
"EL VADO","24h",50,0.02,65.66,64.07,66.87,0.014
"EL VADO","24h",100,0.01,72.65,70.38,74.32,0.018
"EL VADO","24h",200,0.005,79.69,76.54,82.08,0.023
"EL VADO","24h",500,0.002,89.11,84.57,92.63,0.03
"EL VADO","24h",1000,0.001,96.32,90.58,100.79,0.035
"EL VADO","24h",2000,5e-04,103.62,96.58,109.15,0.04
"EL VADO","24h",5000,2e-04,113.39,104.35,120.51,0.047
"EL VADO","24h",10000,1e-04,120.89,110.19,129.29,0.052
"EL VADO","72h",2,0.5,41.47,41.24,41.78,0.004
"EL VADO","72h",5,0.2,55.05,54.82,55.33,0.003
"EL VADO","72h",10,0.1,63.91,63.36,64.35,0.005
"EL VADO","72h",25,0.04,74.95,73.67,75.93,0.009
"EL VADO","72h",50,0.02,83.04,81.1,84.7,0.013
"EL VADO","72h",100,0.01,90.98,88.05,93.39,0.017
"EL VADO","72h",200,0.005,98.81,94.86,102.08,0.022
"EL VADO","72h",500,0.002,109.01,103.42,113.56,0.028
"EL VADO","72h",1000,0.001,116.61,109.63,122.21,0.032
"EL VADO","72h",2000,5e-04,124.14,115.69,130.82,0.037
"EL VADO","72h",5000,2e-04,133.96,123.48,142.3,0.043
"EL VADO","72h",10000,1e-04,141.29,129.06,151.17,0.048
"BRADBURY","24h",2,0.5,57.66,57.07,58.59,0.009
"BRADBURY","24h",5,0.2,86.86,86.32,87.49,0.004
"BRADBURY","24h",10,0.1,106.95,105.33,108.16,0.008
"BRADBURY","24h",25,0.04,133.08,129.17,135.67,0.016
"BRADBURY","24h",50,0.02,153.03,146.93,157.01,0.021
"BRADBURY","24h",100,0.01,173.38,164.89,179.16,0.026
"BRADBURY","24h",200,0.005,194.23,182.79,201.93,0.031
"BRADBURY","24h",500,0.002,222.75,207.25,233.06,0.038
"BRADBURY","24h",1000,0.001,245.11,226.12,257.77,0.042
"BRADBURY","24h",2000,5e-04,268.22,245.41,283.57,0.047
"BRADBURY","24h",5000,2e-04,299.99,271.62,319.33,0.053
"BRADBURY","24h",10000,1e-04,324.99,292.02,347.66,0.057
"BRADBURY","72h",2,0.5,74.75,73.71,76.26,0.011
"BRADBURY","72h",5,0.2,120.78,119.99,121.54,0.004
"BRADBURY","72h",10,0.1,151.96,149.43,153.94,0.009
"BRADBURY","72h",25,0.04,190.99,185.35,195.13,0.016
"BRADBURY","72h",50,0.02,219.48,211.25,225.27,0.02
"BRADBURY","72h",100,0.01,247.37,236.52,254.87,0.023
"BRADBURY","72h",200,0.005,274.8,261.32,284.2,0.026
"BRADBURY","72h",500,0.002,310.51,293.5,322.5,0.029
"BRADBURY","72h",1000,0.001,337.2,317.47,351.15,0.031
"BRADBURY","72h",2000,5e-04,363.67,341.19,379.61,0.033
"BRADBURY","72h",5000,2e-04,398.36,372.2,416.97,0.035
"BRADBURY","72h",10000,1e-04,424.42,395.45,445.06,0.037
"TIETON DAM","24h",2,0.5,82.86,82.38,83.69,0.005
"TIETON DAM","24h",5,0.2,111.39,110.91,111.97,0.003
"TIETON DAM","24h",10,0.1,131.28,129.91,132.32,0.006
"TIETON DAM","24h",25,0.04,157.61,154.26,159.86,0.012
"TIETON DAM","24h",50,0.02,178.03,172.62,181.63,0.017
"TIETON DAM","24h",100,0.01,199.1,190.85,204.43,0.023
"TIETON DAM","24h",200,0.005,220.9,209.13,228.3,0.029
"TIETON DAM","24h",500,0.002,250.97,233.61,261.89,0.038
"TIETON DAM","24h",1000,0.001,274.71,252.22,288.85,0.044
"TIETON DAM","24h",2000,5e-04,299.36,271.08,317.25,0.051
"TIETON DAM","24h",5000,2e-04,333.4,296.54,357.08,0.06
"TIETON DAM","24h",10000,1e-04,360.3,315.79,389.43,0.067
"TIETON DAM","72h",2,0.5,138.8,138.06,140.32,0.006
"TIETON DAM","72h",5,0.2,179.21,178.56,180.29,0.003
"TIETON DAM","72h",10,0.1,208.07,205.85,209.78,0.006
"TIETON DAM","72h",25,0.04,249.21,243.23,252.73,0.012
"TIETON DAM","72h",50,0.02,284.15,274.15,289.58,0.018
"TIETON DAM","72h",100,0.01,323.35,308,331.24,0.025
"TIETON DAM","72h",200,0.005,367.58,345.4,379.13,0.031
"TIETON DAM","72h",500,0.002,435.16,401.52,452.92,0.041
"TIETON DAM","72h",1000,0.001,494.28,448.84,518.12,0.049
"TIETON DAM","72h",2000,5e-04,561.36,501.58,593.04,0.057
"TIETON DAM","72h",5000,2e-04,664.13,580.68,709.1,0.067
"TIETON DAM","72h",10000,1e-04,754.15,648.27,811.88,0.076
"WICKIUP","24h",2,0.5,61.13,60.77,61.72,0.005
"WICKIUP","24h",5,0.2,80.56,80.16,80.94,0.003
"WICKIUP","24h",10,0.1,93.53,92.47,94.27,0.006
"WICKIUP","24h",25,0.04,110.02,107.6,111.6,0.012
"WICKIUP","24h",50,0.02,122.39,118.77,124.86,0.016
"WICKIUP","24h",100,0.01,134.83,129.86,138.25,0.02
"WICKIUP","24h",200,0.005,147.42,140.8,151.81,0.024
"WICKIUP","24h",500,0.002,164.41,155.67,170.28,0.03
"WICKIUP","24h",1000,0.001,177.57,166.81,184.78,0.034
"WICKIUP","24h",2000,5e-04,191.03,178.12,199.76,0.037
"WICKIUP","24h",5000,2e-04,209.33,193.22,220.27,0.042
"WICKIUP","24h",10000,1e-04,223.59,204.99,236.4,0.046
"WICKIUP","72h",2,0.5,119.84,119.17,121.06,0.005
"WICKIUP","72h",5,0.2,149.33,148.59,150.23,0.003
"WICKIUP","72h",10,0.1,169.83,168.01,171.31,0.006
"WICKIUP","72h",25,0.04,198.42,193.84,201.45,0.013
"WICKIUP","72h",50,0.02,222.21,214.59,226.82,0.018
"WICKIUP","72h",100,0.01,248.43,236.94,255.15,0.025
"WICKIUP","72h",200,0.005,277.52,261.16,286.88,0.031
"WICKIUP","72h",500,0.002,321.08,296.55,335.56,0.041
"WICKIUP","72h",1000,0.001,358.44,325.82,378.23,0.049
"WICKIUP","72h",2000,5e-04,400.11,357.6,426.46,0.057
"WICKIUP","72h",5000,2e-04,462.7,403.98,499.6,0.068
"WICKIUP","72h",10000,1e-04,516.46,442.56,563.32,0.076
"RYE PATCH","24h",2,0.5,24.72,24.56,24.96,0.005
"RYE PATCH","24h",5,0.2,34.07,33.92,34.28,0.003
"RYE PATCH","24h",10,0.1,40.49,40.06,40.81,0.006
"RYE PATCH","24h",25,0.04,48.84,47.77,49.55,0.012
"RYE PATCH","24h",50,0.02,55.23,53.47,56.37,0.017
"RYE PATCH","24h",100,0.01,61.73,59.16,63.41,0.022
"RYE PATCH","24h",200,0.005,68.38,64.84,70.69,0.028
"RYE PATCH","24h",500,0.002,77.41,72.37,80.8,0.035
"RYE PATCH","24h",1000,0.001,84.43,78.07,88.79,0.041
"RYE PATCH","24h",2000,5e-04,91.64,83.79,97.06,0.047
"RYE PATCH","24h",5000,2e-04,101.44,91.32,108.43,0.055
"RYE PATCH","24h",10000,1e-04,109.08,97.1,117.53,0.062
"RYE PATCH","72h",2,0.5,32.34,32.12,32.71,0.006
"RYE PATCH","72h",5,0.2,44.64,44.4,44.91,0.004
"RYE PATCH","72h",10,0.1,52.84,52.22,53.29,0.006
"RYE PATCH","72h",25,0.04,63.25,61.71,64.19,0.012
"RYE PATCH","72h",50,0.02,71.01,68.51,72.55,0.018
"RYE PATCH","72h",100,0.01,78.76,75.2,80.97,0.023
"RYE PATCH","72h",200,0.005,86.51,81.59,89.57,0.029
"RYE PATCH","72h",500,0.002,96.78,89.82,101.01,0.036
"RYE PATCH","72h",1000,0.001,104.59,95.94,110.05,0.042
"RYE PATCH","72h",2000,5e-04,112.43,101.92,119.28,0.048
"RYE PATCH","72h",5000,2e-04,122.85,109.63,131.58,0.056
"RYE PATCH","72h",10000,1e-04,130.77,115.18,141.09,0.062
"WEST DIKE","24h",2,0.5,69.49,68.7,70.72,0.009
"WEST DIKE","24h",5,0.2,93.6,93.12,94.35,0.004
"WEST DIKE","24h",10,0.1,111.59,109.9,113.02,0.009
"WEST DIKE","24h",25,0.04,138.21,133.41,141.63,0.019
"WEST DIKE","24h",50,0.02,161.61,153.52,167.38,0.027
"WEST DIKE","24h",100,0.01,188.62,176.17,197.93,0.037
"WEST DIKE","24h",200,0.005,220,201.59,233.68,0.047
"WEST DIKE","24h",500,0.002,269.56,240.3,291.18,0.061
"WEST DIKE","24h",1000,0.001,314.36,273.47,344.05,0.072
"WEST DIKE","24h",2000,5e-04,366.65,311,407.16,0.083
"WEST DIKE","24h",5000,2e-04,449.47,369.51,508.95,0.098
"WEST DIKE","24h",10000,1e-04,524.42,421.13,601.69,0.11
"WEST DIKE","72h",2,0.5,84.91,84.05,86.12,0.008
"WEST DIKE","72h",5,0.2,111.9,111.22,112.69,0.004
"WEST DIKE","72h",10,0.1,131.18,129.3,132.77,0.008
"WEST DIKE","72h",25,0.04,158.71,153.87,162.34,0.017
"WEST DIKE","72h",50,0.02,182.1,174.3,188.43,0.024
"WEST DIKE","72h",100,0.01,208.37,196.51,217.99,0.032
"WEST DIKE","72h",200,0.005,238.03,221.24,251.95,0.04
"WEST DIKE","72h",500,0.002,283.39,257.14,304.66,0.052
"WEST DIKE","72h",1000,0.001,323.1,287.43,351.08,0.061
"WEST DIKE","72h",2000,5e-04,368.19,320.57,406.09,0.071
"WEST DIKE","72h",5000,2e-04,437.33,370.55,491.13,0.084
"WEST DIKE","72h",10000,1e-04,497.95,413.85,566.11,0.095
"MEDICINE CREEK","24h",2,0.5,60.03,59.64,60.56,0.005
"MEDICINE CREEK","24h",5,0.2,81.77,81.43,82.2,0.003
"MEDICINE CREEK","24h",10,0.1,96.99,96.13,97.73,0.005
"MEDICINE CREEK","24h",25,0.04,117.2,114.89,119.06,0.011
"MEDICINE CREEK","24h",50,0.02,132.95,129.1,135.87,0.016
"MEDICINE CREEK","24h",100,0.01,149.24,143.53,153.69,0.021
"MEDICINE CREEK","24h",200,0.005,166.15,158.14,172.41,0.027
"MEDICINE CREEK","24h",500,0.002,189.56,178.04,198.51,0.034
"MEDICINE CREEK","24h",1000,0.001,208.1,193.28,219.78,0.04
"MEDICINE CREEK","24h",2000,5e-04,227.42,208.85,242.18,0.047
"MEDICINE CREEK","24h",5000,2e-04,254.2,229.91,273.74,0.055
"MEDICINE CREEK","24h",10000,1e-04,275.43,246.34,299.19,0.061
"MEDICINE CREEK","72h",2,0.5,71.7,71.29,72.23,0.004
"MEDICINE CREEK","72h",5,0.2,96.42,96,96.88,0.003
"MEDICINE CREEK","72h",10,0.1,112.99,112.02,113.75,0.005
"MEDICINE CREEK","72h",25,0.04,134.17,131.82,135.98,0.01
"MEDICINE CREEK","72h",50,0.02,150.06,146.43,152.89,0.014
"MEDICINE CREEK","72h",100,0.01,165.99,160.5,170.27,0.018
"MEDICINE CREEK","72h",200,0.005,182.01,174.53,188.02,0.023
"MEDICINE CREEK","72h",500,0.002,203.37,193.05,212.12,0.029
"MEDICINE CREEK","72h",1000,0.001,219.7,206.67,230.78,0.034
"MEDICINE CREEK","72h",2000,5e-04,236.17,220.26,249.8,0.039
"MEDICINE CREEK","72h",5000,2e-04,258.18,237.98,275.93,0.046
"MEDICINE CREEK","72h",10000,1e-04,275.02,251.19,296.28,0.051
"NORTON","24h",2,0.5,61.22,60.85,61.75,0.005
"NORTON","24h",5,0.2,83.51,83.17,83.94,0.003
"NORTON","24h",10,0.1,99.13,98.25,99.78,0.005
"NORTON","24h",25,0.04,119.91,117.59,121.44,0.01
"NORTON","24h",50,0.02,136.11,132.35,138.59,0.015
"NORTON","24h",100,0.01,152.88,147.19,156.78,0.02
"NORTON","24h",200,0.005,170.31,162.24,176.05,0.025
"NORTON","24h",500,0.002,194.46,182.76,202.89,0.033
"NORTON","24h",1000,0.001,213.61,198.83,224.52,0.038
"NORTON","24h",2000,5e-04,233.58,214.94,247.28,0.044
"NORTON","24h",5000,2e-04,261.28,236.9,279.28,0.052
"NORTON","24h",10000,1e-04,283.28,254.03,305.08,0.058
"NORTON","72h",2,0.5,72.66,72.28,73.14,0.004
"NORTON","72h",5,0.2,96.93,96.53,97.38,0.003
"NORTON","72h",10,0.1,112.91,111.99,113.72,0.005
"NORTON","72h",25,0.04,132.98,130.81,134.73,0.009
"NORTON","72h",50,0.02,147.79,144.42,150.6,0.013
"NORTON","72h",100,0.01,162.43,157.68,166.47,0.017
"NORTON","72h",200,0.005,176.96,170.53,182.43,0.021
"NORTON","72h",500,0.002,196.02,186.95,203.72,0.027
"NORTON","72h",1000,0.001,210.35,199.14,219.97,0.032
"NORTON","72h",2000,5e-04,224.61,211.11,236.37,0.036
"NORTON","72h",5000,2e-04,243.37,226.44,258.48,0.043
"NORTON","72h",10000,1e-04,257.48,237.76,275.52,0.047
"DEER FLAT UPPER","24h",2,0.5,27.52,27.38,27.74,0.004
"DEER FLAT UPPER","24h",5,0.2,36.4,36.27,36.57,0.003
"DEER FLAT UPPER","24h",10,0.1,42.54,42.16,42.82,0.005
"DEER FLAT UPPER","24h",25,0.04,50.61,49.69,51.26,0.01
"DEER FLAT UPPER","24h",50,0.02,56.83,55.32,57.89,0.015
"DEER FLAT UPPER","24h",100,0.01,63.21,60.94,64.77,0.02
"DEER FLAT UPPER","24h",200,0.005,69.78,66.62,72.01,0.025
"DEER FLAT UPPER","24h",500,0.002,78.77,74.18,82.03,0.033
"DEER FLAT UPPER","24h",1000,0.001,85.82,80.02,89.96,0.038
"DEER FLAT UPPER","24h",2000,5e-04,93.1,85.84,98.31,0.044
"DEER FLAT UPPER","24h",5000,2e-04,103.09,93.66,109.98,0.052
"DEER FLAT UPPER","24h",10000,1e-04,110.93,99.61,119.34,0.058
"DEER FLAT UPPER","72h",2,0.5,41.9,41.69,42.16,0.003
"DEER FLAT UPPER","72h",5,0.2,54.43,54.21,54.67,0.003
"DEER FLAT UPPER","72h",10,0.1,62.54,62.03,62.95,0.005
"DEER FLAT UPPER","72h",25,0.04,72.6,71.51,73.5,0.009
"DEER FLAT UPPER","72h",50,0.02,79.92,78.21,81.34,0.012
"DEER FLAT UPPER","72h",100,0.01,87.06,84.64,89.13,0.016
"DEER FLAT UPPER","72h",200,0.005,94.07,90.75,96.86,0.02
"DEER FLAT UPPER","72h",500,0.002,103.15,98.51,107.15,0.026
"DEER FLAT UPPER","72h",1000,0.001,109.89,104.12,114.83,0.03
"DEER FLAT UPPER","72h",2000,5e-04,116.51,109.6,122.56,0.034
"DEER FLAT UPPER","72h",5000,2e-04,125.11,116.48,132.7,0.04
"DEER FLAT UPPER","72h",10000,1e-04,131.49,121.47,140.4,0.044
"STARVATION","24h",2,0.5,31.18,30.99,31.57,0.007
"STARVATION","24h",5,0.2,40.86,40.71,41.1,0.003
"STARVATION","24h",10,0.1,47.9,47.35,48.36,0.006
"STARVATION","24h",25,0.04,58.1,56.54,59.05,0.014
"STARVATION","24h",50,0.02,66.9,64.27,68.33,0.021
"STARVATION","24h",100,0.01,76.88,72.83,79.02,0.028
"STARVATION","24h",200,0.005,88.3,82.42,91.32,0.035
"STARVATION","24h",500,0.002,105.98,96.85,110.95,0.046
"STARVATION","24h",1000,0.001,121.67,109.43,128.55,0.054
"STARVATION","24h",2000,5e-04,139.7,123.54,148.56,0.063
"STARVATION","24h",5000,2e-04,167.71,144.9,180.53,0.075
"STARVATION","24h",10000,1e-04,192.59,163.28,209,0.084
"STARVATION","72h",2,0.5,42.45,42.21,42.8,0.005
"STARVATION","72h",5,0.2,56.75,56.51,57.02,0.003
"STARVATION","72h",10,0.1,66.45,65.84,66.92,0.005
"STARVATION","72h",25,0.04,78.98,77.48,80.12,0.011
"STARVATION","72h",50,0.02,88.48,86,90.28,0.015
"STARVATION","72h",100,0.01,98.08,94.46,100.68,0.02
"STARVATION","72h",200,0.005,107.82,102.91,111.5,0.026
"STARVATION","72h",500,0.002,120.95,113.91,126.02,0.033
"STARVATION","72h",1000,0.001,131.08,122.25,137.57,0.039
"STARVATION","72h",2000,5e-04,141.39,130.56,149.53,0.044
"STARVATION","72h",5000,2e-04,155.3,141.27,166.29,0.052
"STARVATION","72h",10000,1e-04,166.05,149.3,179.29,0.058
"LOVEWELL","24h",2,0.5,65.16,64.74,65.79,0.005
"LOVEWELL","24h",5,0.2,89.07,88.67,89.56,0.003
"LOVEWELL","24h",10,0.1,105.66,104.68,106.42,0.005
"LOVEWELL","24h",25,0.04,127.55,124.96,129.33,0.011
"LOVEWELL","24h",50,0.02,144.48,140.32,147.46,0.016
"LOVEWELL","24h",100,0.01,161.89,155.7,166.42,0.021
"LOVEWELL","24h",200,0.005,179.85,170.97,186.25,0.027
"LOVEWELL","24h",500,0.002,204.54,191.31,214.07,0.035
"LOVEWELL","24h",1000,0.001,223.97,207.04,236.4,0.041
"LOVEWELL","24h",2000,5e-04,244.09,222.79,259.99,0.047
"LOVEWELL","24h",5000,2e-04,271.77,243.86,292.98,0.055
"LOVEWELL","24h",10000,1e-04,293.59,259.98,319.44,0.062
"LOVEWELL","72h",2,0.5,76.81,76.41,77.35,0.004
"LOVEWELL","72h",5,0.2,102.28,101.83,102.74,0.003
"LOVEWELL","72h",10,0.1,118.84,117.82,119.58,0.005
"LOVEWELL","72h",25,0.04,139.4,137.06,141.16,0.009
"LOVEWELL","72h",50,0.02,154.42,150.66,157.29,0.013
"LOVEWELL","72h",100,0.01,169.12,163.86,173.35,0.017
"LOVEWELL","72h",200,0.005,183.56,176.51,189.3,0.021
"LOVEWELL","72h",500,0.002,202.32,192.66,210.57,0.027
"LOVEWELL","72h",1000,0.001,216.28,204.39,226.45,0.032
"LOVEWELL","72h",2000,5e-04,230.04,215.72,241.97,0.036
"LOVEWELL","72h",5000,2e-04,247.94,230.23,262.87,0.042
"LOVEWELL","72h",10000,1e-04,261.27,240.72,278.95,0.047
"ALCOVA","24h",2,0.5,32.02,31.78,32.48,0.007
"ALCOVA","24h",5,0.2,45.39,45.18,45.73,0.004
"ALCOVA","24h",10,0.1,54.9,54.23,55.39,0.007
"ALCOVA","24h",25,0.04,67.7,65.81,68.88,0.014
"ALCOVA","24h",50,0.02,77.81,74.64,79.69,0.021
"ALCOVA","24h",100,0.01,88.39,83.49,91.07,0.028
"ALCOVA","24h",200,0.005,99.5,92.66,103.38,0.036
"ALCOVA","24h",500,0.002,115.08,105.16,121,0.046
"ALCOVA","24h",1000,0.001,127.6,114.49,135.42,0.053
"ALCOVA","24h",2000,5e-04,140.78,124.04,150.85,0.061
"ALCOVA","24h",5000,2e-04,159.29,137.26,172.66,0.072
"ALCOVA","24h",10000,1e-04,174.17,147.54,190.82,0.08
"ALCOVA","72h",2,0.5,40.4,40.07,40.91,0.007
"ALCOVA","72h",5,0.2,57.33,57.04,57.74,0.004
"ALCOVA","72h",10,0.1,69.03,68.19,69.7,0.007
"ALCOVA","72h",25,0.04,84.39,82.26,85.88,0.014
"ALCOVA","72h",50,0.02,96.21,92.64,98.58,0.02
"ALCOVA","72h",100,0.01,108.33,102.96,111.83,0.026
"ALCOVA","72h",200,0.005,120.79,113.42,125.8,0.033
"ALCOVA","72h",500,0.002,137.85,127.23,145.14,0.042
"ALCOVA","72h",1000,0.001,151.21,137.8,160.57,0.049
"ALCOVA","72h",2000,5e-04,165,148.27,176.78,0.056
"ALCOVA","72h",5000,2e-04,183.89,162.16,199.62,0.065
"ALCOVA","72h",10000,1e-04,198.71,172.62,217.91,0.072
"PARKER","24h",2,0.5,44.74,44.34,45.3,0.007
"PARKER","24h",5,0.2,61.45,61.07,61.86,0.004
"PARKER","24h",10,0.1,73.05,72.12,73.8,0.007
"PARKER","24h",25,0.04,88.37,86.1,90.08,0.014
"PARKER","24h",50,0.02,100.23,96.46,103.15,0.021
"PARKER","24h",100,0.01,112.43,106.72,116.92,0.028
"PARKER","24h",200,0.005,125.03,117.01,131.28,0.035
"PARKER","24h",500,0.002,142.35,130.73,151.55,0.044
"PARKER","24h",1000,0.001,155.99,141.2,168.08,0.052
"PARKER","24h",2000,5e-04,170.12,151.55,185.36,0.06
"PARKER","24h",5000,2e-04,189.59,165.38,209.75,0.07
"PARKER","24h",10000,1e-04,204.93,175.93,229.9,0.078
"PARKER","72h",2,0.5,57.28,56.74,58.2,0.009
"PARKER","72h",5,0.2,77.82,77.37,78.39,0.004
"PARKER","72h",10,0.1,92.88,91.56,94.09,0.008
"PARKER","72h",25,0.04,114.86,111.17,117.34,0.017
"PARKER","72h",50,0.02,133.91,127.49,138.21,0.025
"PARKER","72h",100,0.01,155.67,146.01,162.22,0.033
"PARKER","72h",200,0.005,180.66,166.59,190.05,0.042
"PARKER","72h",500,0.002,219.62,197.78,234.35,0.054
"PARKER","72h",1000,0.001,254.39,224.88,274.05,0.064
"PARKER","72h",2000,5e-04,294.53,255.36,320.21,0.074
"PARKER","72h",5000,2e-04,357.29,301.79,393.48,0.087
"PARKER","72h",10000,1e-04,413.38,341.3,461.24,0.098
"VIRGINIA SMITH DAM","24h",2,0.5,60.54,60.19,61.03,0.005
"VIRGINIA SMITH DAM","24h",5,0.2,81.24,80.87,81.61,0.003
"VIRGINIA SMITH DAM","24h",10,0.1,95.51,94.65,96.2,0.005
"VIRGINIA SMITH DAM","24h",25,0.04,114.21,112.06,115.78,0.011
"VIRGINIA SMITH DAM","24h",50,0.02,128.58,125.08,131.23,0.015
"VIRGINIA SMITH DAM","24h",100,0.01,143.29,138.12,147.26,0.02
"VIRGINIA SMITH DAM","24h",200,0.005,158.39,151.19,163.73,0.026
"VIRGINIA SMITH DAM","24h",500,0.002,179.02,168.57,186.8,0.033
"VIRGINIA SMITH DAM","24h",1000,0.001,195.15,181.99,205.29,0.039
"VIRGINIA SMITH DAM","24h",2000,5e-04,211.77,195.43,224.49,0.045
"VIRGINIA SMITH DAM","24h",5000,2e-04,234.51,213.38,251.04,0.053
"VIRGINIA SMITH DAM","24h",10000,1e-04,252.32,227.07,272.2,0.059
"VIRGINIA SMITH DAM","72h",2,0.5,73.05,72.63,73.59,0.004
"VIRGINIA SMITH DAM","72h",5,0.2,96.95,96.54,97.4,0.003
"VIRGINIA SMITH DAM","72h",10,0.1,112.97,111.9,113.79,0.005
"VIRGINIA SMITH DAM","72h",25,0.04,133.44,131.02,135.22,0.01
"VIRGINIA SMITH DAM","72h",50,0.02,148.8,144.88,151.58,0.014
"VIRGINIA SMITH DAM","72h",100,0.01,164.19,158.48,168.41,0.019
"VIRGINIA SMITH DAM","72h",200,0.005,179.66,171.89,185.56,0.024
"VIRGINIA SMITH DAM","72h",500,0.002,200.29,189.41,208.85,0.03
"VIRGINIA SMITH DAM","72h",1000,0.001,216.06,202.51,227.05,0.036
"VIRGINIA SMITH DAM","72h",2000,5e-04,231.96,215.47,245.64,0.041
"VIRGINIA SMITH DAM","72h",5000,2e-04,253.2,232.28,270.76,0.048
"VIRGINIA SMITH DAM","72h",10000,1e-04,269.45,244.89,290.21,0.053
"KEECHELUS DAM","24h",2,0.5,81.27,80.84,82.03,0.005
"KEECHELUS DAM","24h",5,0.2,109.11,108.7,109.68,0.003
"KEECHELUS DAM","24h",10,0.1,128.62,127.36,129.54,0.005
"KEECHELUS DAM","24h",25,0.04,154.57,151.22,156.55,0.012
"KEECHELUS DAM","24h",50,0.02,174.81,169.17,178.07,0.017
"KEECHELUS DAM","24h",100,0.01,195.77,187.54,200.56,0.023
"KEECHELUS DAM","24h",200,0.005,217.55,206.1,224.23,0.029
"KEECHELUS DAM","24h",500,0.002,247.72,231.27,257.5,0.037
"KEECHELUS DAM","24h",1000,0.001,271.66,250.51,284.23,0.044
"KEECHELUS DAM","24h",2000,5e-04,296.62,269.97,312.85,0.051
"KEECHELUS DAM","24h",5000,2e-04,331.25,296.26,353.5,0.06
"KEECHELUS DAM","24h",10000,1e-04,358.75,316.55,386.07,0.067
"KEECHELUS DAM","72h",2,0.5,132.15,131.52,133.61,0.006
"KEECHELUS DAM","72h",5,0.2,170.47,169.87,171.44,0.003
"KEECHELUS DAM","72h",10,0.1,197.8,195.76,199.28,0.006
"KEECHELUS DAM","72h",25,0.04,236.75,231.29,239.93,0.012
"KEECHELUS DAM","72h",50,0.02,269.8,260.36,274.58,0.018
"KEECHELUS DAM","72h",100,0.01,306.86,292.73,313.7,0.024
"KEECHELUS DAM","72h",200,0.005,348.67,327.88,358.56,0.031
"KEECHELUS DAM","72h",500,0.002,412.5,380.39,428.29,0.04
"KEECHELUS DAM","72h",1000,0.001,468.3,425.05,489.57,0.048
"KEECHELUS DAM","72h",2000,5e-04,531.58,474.81,559.26,0.055
"KEECHELUS DAM","72h",5000,2e-04,628.47,549.06,666.91,0.066
"KEECHELUS DAM","72h",10000,1e-04,713.3,612.64,761.97,0.074
"HORSETOOTH","24h",2,0.5,42.86,42.33,43.54,0.009
"HORSETOOTH","24h",5,0.2,59.4,58.92,59.86,0.005
"HORSETOOTH","24h",10,0.1,70.39,69.11,71.5,0.01
"HORSETOOTH","24h",25,0.04,84,81.34,86.31,0.018
"HORSETOOTH","24h",50,0.02,93.87,90.17,97.12,0.023
"HORSETOOTH","24h",100,0.01,103.48,98.73,107.66,0.027
"HORSETOOTH","24h",200,0.005,112.91,106.99,118.06,0.031
"HORSETOOTH","24h",500,0.002,125.14,117.52,131.58,0.035
"HORSETOOTH","24h",1000,0.001,134.26,125.41,141.62,0.038
"HORSETOOTH","24h",2000,5e-04,143.28,133.16,151.58,0.041
"HORSETOOTH","24h",5000,2e-04,155.09,143.26,164.96,0.044
"HORSETOOTH","24h",10000,1e-04,163.94,150.81,175.02,0.046
"HORSETOOTH","72h",2,0.5,55.65,54.91,56.6,0.01
"HORSETOOTH","72h",5,0.2,79.05,78.38,79.7,0.005
"HORSETOOTH","72h",10,0.1,94.59,92.8,96.17,0.011
"HORSETOOTH","72h",25,0.04,113.84,110.13,117.1,0.018
"HORSETOOTH","72h",50,0.02,127.79,122.67,132.41,0.023
"HORSETOOTH","72h",100,0.01,141.39,134.79,147.16,0.028
"HORSETOOTH","72h",200,0.005,154.71,146.41,162.01,0.032
"HORSETOOTH","72h",500,0.002,172,161.33,181,0.036
"HORSETOOTH","72h",1000,0.001,184.88,172.36,195.16,0.039
"HORSETOOTH","72h",2000,5e-04,197.63,183.31,209.54,0.042
"HORSETOOTH","72h",5000,2e-04,214.31,197.58,228.39,0.045
"HORSETOOTH","72h",10000,1e-04,226.82,208.24,242.32,0.047
"ISLAND PARK","24h",2,0.5,32.31,32.17,32.53,0.004
"ISLAND PARK","24h",5,0.2,42.01,41.85,42.19,0.003
"ISLAND PARK","24h",10,0.1,48.61,48.21,48.93,0.005
"ISLAND PARK","24h",25,0.04,57.17,56.21,57.88,0.009
"ISLAND PARK","24h",50,0.02,63.69,62.15,64.8,0.013
"ISLAND PARK","24h",100,0.01,70.3,67.99,71.89,0.018
"ISLAND PARK","24h",200,0.005,77.02,73.85,79.15,0.022
"ISLAND PARK","24h",500,0.002,86.11,81.61,89.12,0.029
"ISLAND PARK","24h",1000,0.001,93.15,87.39,96.92,0.034
"ISLAND PARK","24h",2000,5e-04,100.34,93.29,105.09,0.039
"ISLAND PARK","24h",5000,2e-04,110.08,101.11,116.39,0.046
"ISLAND PARK","24h",10000,1e-04,117.63,107.01,125.24,0.051
"ISLAND PARK","72h",2,0.5,47.51,47.31,47.81,0.004
"ISLAND PARK","72h",5,0.2,60.99,60.79,61.24,0.002
"ISLAND PARK","72h",10,0.1,70.08,69.51,70.49,0.004
"ISLAND PARK","72h",25,0.04,81.74,80.43,82.68,0.009
"ISLAND PARK","72h",50,0.02,90.53,88.45,92.01,0.013
"ISLAND PARK","72h",100,0.01,99.37,96.38,101.61,0.017
"ISLAND PARK","72h",200,0.005,108.29,104.21,111.26,0.022
"ISLAND PARK","72h",500,0.002,120.24,114.49,124.48,0.028
"ISLAND PARK","72h",1000,0.001,129.41,122.17,134.8,0.033
"ISLAND PARK","72h",2000,5e-04,138.7,129.75,145.31,0.038
"ISLAND PARK","72h",5000,2e-04,151.16,139.74,159.75,0.045
"ISLAND PARK","72h",10000,1e-04,160.73,147.24,171.13,0.05
"LAKE ALTUS","24h",2,0.5,66.91,66.43,67.64,0.006
"LAKE ALTUS","24h",5,0.2,92.17,91.75,92.71,0.003
"LAKE ALTUS","24h",10,0.1,109.95,108.81,110.83,0.006
"LAKE ALTUS","24h",25,0.04,133.7,130.65,135.86,0.012
"LAKE ALTUS","24h",50,0.02,152.3,147.14,155.88,0.018
"LAKE ALTUS","24h",100,0.01,171.62,163.87,177.03,0.024
"LAKE ALTUS","24h",200,0.005,191.77,180.93,199.09,0.03
"LAKE ALTUS","24h",500,0.002,219.79,203.99,230.96,0.039
"LAKE ALTUS","24h",1000,0.001,242.11,221.63,256.68,0.045
"LAKE ALTUS","24h",2000,5e-04,265.46,239.66,284,0.052
"LAKE ALTUS","24h",5000,2e-04,297.98,264.35,322.74,0.061
"LAKE ALTUS","24h",10000,1e-04,323.9,283.33,353.99,0.068
"LAKE ALTUS","72h",2,0.5,82.69,82.11,83.62,0.006
"LAKE ALTUS","72h",5,0.2,109.34,108.87,109.99,0.003
"LAKE ALTUS","72h",10,0.1,128.47,127.04,129.65,0.006
"LAKE ALTUS","72h",25,0.04,155.85,152.16,158.51,0.013
"LAKE ALTUS","72h",50,0.02,179.2,173.18,183.34,0.019
"LAKE ALTUS","72h",100,0.01,205.48,196.42,211.65,0.025
"LAKE ALTUS","72h",200,0.005,235.24,222.15,244.33,0.032
"LAKE ALTUS","72h",500,0.002,280.87,260.42,295.43,0.041
"LAKE ALTUS","72h",1000,0.001,320.94,293.26,340.43,0.049
"LAKE ALTUS","72h",2000,5e-04,366.55,329.9,392.19,0.056
"LAKE ALTUS","72h",5000,2e-04,436.69,384.81,473.21,0.067
"LAKE ALTUS","72h",10000,1e-04,498.37,432,546.14,0.075
"BULL LAKE","24h",2,0.5,29.64,29.44,29.94,0.006
"BULL LAKE","24h",5,0.2,40.85,40.62,41.11,0.004
"BULL LAKE","24h",10,0.1,48.31,47.77,48.74,0.006
"BULL LAKE","24h",25,0.04,57.78,56.47,58.67,0.012
"BULL LAKE","24h",50,0.02,64.84,62.77,66.28,0.017
"BULL LAKE","24h",100,0.01,71.87,68.86,73.89,0.023
"BULL LAKE","24h",200,0.005,78.91,74.85,81.77,0.028
"BULL LAKE","24h",500,0.002,88.23,82.46,92.24,0.036
"BULL LAKE","24h",1000,0.001,95.3,88.06,100.33,0.042
"BULL LAKE","24h",2000,5e-04,102.39,93.59,108.55,0.048
"BULL LAKE","24h",5000,2e-04,111.81,100.68,119.65,0.056
"BULL LAKE","24h",10000,1e-04,118.97,105.9,128.24,0.062
"BULL LAKE","72h",2,0.5,37.81,37.55,38.21,0.006
"BULL LAKE","72h",5,0.2,52.75,52.47,53.06,0.004
"BULL LAKE","72h",10,0.1,62.73,62.02,63.27,0.006
"BULL LAKE","72h",25,0.04,75.46,73.72,76.62,0.012
"BULL LAKE","72h",50,0.02,84.98,82.26,86.81,0.017
"BULL LAKE","72h",100,0.01,94.5,90.67,97.24,0.023
"BULL LAKE","72h",200,0.005,104.05,98.87,108.02,0.029
"BULL LAKE","72h",500,0.002,116.76,109.44,122.3,0.036
"BULL LAKE","72h",1000,0.001,126.44,117.3,133.51,0.042
"BULL LAKE","72h",2000,5e-04,136.19,124.75,144.58,0.048
"BULL LAKE","72h",5000,2e-04,149.18,134.36,160.14,0.056
"BULL LAKE","72h",10000,1e-04,159.09,141.76,172.33,0.062
"RED WILLOW","24h",2,0.5,58.28,57.9,58.82,0.005
"RED WILLOW","24h",5,0.2,79.81,79.44,80.25,0.003
"RED WILLOW","24h",10,0.1,94.75,93.83,95.49,0.006
"RED WILLOW","24h",25,0.04,114.45,112,116.12,0.011
"RED WILLOW","24h",50,0.02,129.69,125.82,132.46,0.016
"RED WILLOW","24h",100,0.01,145.35,139.63,149.48,0.022
"RED WILLOW","24h",200,0.005,161.52,153.53,167.43,0.027
"RED WILLOW","24h",500,0.002,183.74,172.42,192.54,0.035
"RED WILLOW","24h",1000,0.001,201.22,186.82,212.51,0.041
"RED WILLOW","24h",2000,5e-04,219.32,201.46,233.66,0.047
"RED WILLOW","24h",5000,2e-04,244.23,220.37,263.15,0.055
"RED WILLOW","24h",10000,1e-04,263.86,235.26,286.79,0.061
"RED WILLOW","72h",2,0.5,69.6,69.16,70.16,0.004
"RED WILLOW","72h",5,0.2,93.75,93.3,94.2,0.003
"RED WILLOW","72h",10,0.1,109.68,108.72,110.41,0.005
"RED WILLOW","72h",25,0.04,129.74,127.57,131.55,0.01
"RED WILLOW","72h",50,0.02,144.58,141.06,147.55,0.014
"RED WILLOW","72h",100,0.01,159.27,154.08,163.73,0.019
"RED WILLOW","72h",200,0.005,173.86,166.84,179.79,0.023
"RED WILLOW","72h",500,0.002,193.06,183.01,201.6,0.03
"RED WILLOW","72h",1000,0.001,207.52,194.96,218.4,0.035
"RED WILLOW","72h",2000,5e-04,221.94,206.5,235.45,0.04
"RED WILLOW","72h",5000,2e-04,240.93,221.27,258.33,0.047
"RED WILLOW","72h",10000,1e-04,255.26,232.1,276.02,0.052
"GREEN MOUNTAIN","24h",2,0.5,35.06,34.82,35.65,0.009
"GREEN MOUNTAIN","24h",5,0.2,46.37,46.2,46.71,0.004
"GREEN MOUNTAIN","24h",10,0.1,54.98,54.25,55.54,0.007
"GREEN MOUNTAIN","24h",25,0.04,67.91,65.75,69.13,0.017
"GREEN MOUNTAIN","24h",50,0.02,79.44,75.51,81.44,0.025
"GREEN MOUNTAIN","24h",100,0.01,92.92,86.68,96,0.035
"GREEN MOUNTAIN","24h",200,0.005,108.77,99.49,113.28,0.044
"GREEN MOUNTAIN","24h",500,0.002,134.15,119.1,141.1,0.058
"GREEN MOUNTAIN","24h",1000,0.001,157.42,136.48,166.82,0.069
"GREEN MOUNTAIN","24h",2000,5e-04,184.92,156.59,197.7,0.08
"GREEN MOUNTAIN","24h",5000,2e-04,229.07,187.51,248.52,0.095
"GREEN MOUNTAIN","24h",10000,1e-04,269.6,215.36,295.87,0.106
"GREEN MOUNTAIN","72h",2,0.5,48.28,47.83,49.46,0.013
"GREEN MOUNTAIN","72h",5,0.2,65.8,65.6,66.45,0.005
"GREEN MOUNTAIN","72h",10,0.1,79.89,78.66,80.88,0.009
"GREEN MOUNTAIN","72h",25,0.04,102.09,97.73,104.42,0.022
"GREEN MOUNTAIN","72h",50,0.02,122.8,114.74,126.62,0.034
"GREEN MOUNTAIN","72h",100,0.01,147.93,134.65,153.87,0.047
"GREEN MOUNTAIN","72h",200,0.005,178.59,158.08,187.68,0.06
"GREEN MOUNTAIN","72h",500,0.002,229.88,195.79,244.08,0.079
"GREEN MOUNTAIN","72h",1000,0.001,278.91,230.21,299.37,0.093
"GREEN MOUNTAIN","72h",2000,5e-04,339.02,270.42,367.14,0.108
"GREEN MOUNTAIN","72h",5000,2e-04,439.81,334.97,481.56,0.127
"GREEN MOUNTAIN","72h",10000,1e-04,536.29,394.94,593.18,0.142
"IMPERIAL DIVERSION","24h",2,0.5,39.5,38.23,40.95,0.022
"IMPERIAL DIVERSION","24h",5,0.2,60.51,59.46,61.6,0.011
"IMPERIAL DIVERSION","24h",10,0.1,75.34,72.7,77.79,0.02
"IMPERIAL DIVERSION","24h",25,0.04,94.99,88.68,100.65,0.038
"IMPERIAL DIVERSION","24h",50,0.02,110.24,100.1,118.87,0.051
"IMPERIAL DIVERSION","24h",100,0.01,125.96,112.17,138.21,0.064
"IMPERIAL DIVERSION","24h",200,0.005,142.26,124.02,159.04,0.076
"IMPERIAL DIVERSION","24h",500,0.002,164.8,139.58,189.14,0.091
"IMPERIAL DIVERSION","24h",1000,0.001,182.67,151.89,213.08,0.102
"IMPERIAL DIVERSION","24h",2000,5e-04,201.28,164.17,238.4,0.113
"IMPERIAL DIVERSION","24h",5000,2e-04,227.11,181.15,274.62,0.126
"IMPERIAL DIVERSION","24h",10000,1e-04,247.61,194.23,304.05,0.136
"IMPERIAL DIVERSION","72h",2,0.5,52.21,50.6,54.13,0.021
"IMPERIAL DIVERSION","72h",5,0.2,79.86,78.37,81.58,0.012
"IMPERIAL DIVERSION","72h",10,0.1,99.63,96.47,102.63,0.019
"IMPERIAL DIVERSION","72h",25,0.04,126.39,117.83,133.71,0.038
"IMPERIAL DIVERSION","72h",50,0.02,147.62,133.1,159.53,0.054
"IMPERIAL DIVERSION","72h",100,0.01,169.93,148.93,188.19,0.072
"IMPERIAL DIVERSION","72h",200,0.005,193.46,164.29,220.44,0.089
"IMPERIAL DIVERSION","72h",500,0.002,226.62,184.22,268.19,0.114
"IMPERIAL DIVERSION","72h",1000,0.001,253.37,199.76,309.22,0.134
"IMPERIAL DIVERSION","72h",2000,5e-04,281.67,215.36,354.67,0.154
"IMPERIAL DIVERSION","72h",5000,2e-04,321.61,235.3,421.93,0.181
"IMPERIAL DIVERSION","72h",10000,1e-04,353.86,250.75,479.23,0.203
"BOR DEER CREEK","24h",2,0.5,37.27,37.08,37.52,0.004
"BOR DEER CREEK","24h",5,0.2,47.93,47.73,48.16,0.003
"BOR DEER CREEK","24h",10,0.1,54.93,54.45,55.31,0.005
"BOR DEER CREEK","24h",25,0.04,63.69,62.53,64.55,0.01
"BOR DEER CREEK","24h",50,0.02,70.13,68.35,71.49,0.014
"BOR DEER CREEK","24h",100,0.01,76.48,73.96,78.4,0.018
"BOR DEER CREEK","24h",200,0.005,82.77,79.34,85.44,0.023
"BOR DEER CREEK","24h",500,0.002,90.99,86.25,94.85,0.03
"BOR DEER CREEK","24h",1000,0.001,97.15,91.27,101.79,0.034
"BOR DEER CREEK","24h",2000,5e-04,103.26,96.21,108.79,0.04
"BOR DEER CREEK","24h",5000,2e-04,111.28,102.5,118.46,0.046
"BOR DEER CREEK","24h",10000,1e-04,117.29,107.06,125.87,0.051
"BOR DEER CREEK","72h",2,0.5,50.61,50.34,51.1,0.005
"BOR DEER CREEK","72h",5,0.2,64.23,63.99,64.55,0.003
"BOR DEER CREEK","72h",10,0.1,73.92,73.19,74.5,0.006
"BOR DEER CREEK","72h",25,0.04,87.71,85.77,88.96,0.012
"BOR DEER CREEK","72h",50,0.02,99.4,96.18,101.46,0.017
"BOR DEER CREEK","72h",100,0.01,112.48,107.63,115.6,0.023
"BOR DEER CREEK","72h",200,0.005,127.22,120.31,131.64,0.03
"BOR DEER CREEK","72h",500,0.002,149.69,139.01,156.61,0.039
"BOR DEER CREEK","72h",1000,0.001,169.31,154.99,178.58,0.046
"BOR DEER CREEK","72h",2000,5e-04,191.53,172.73,203.34,0.054
"BOR DEER CREEK","72h",5000,2e-04,225.49,199.22,241.67,0.064
"BOR DEER CREEK","72h",10000,1e-04,255.18,221.85,275.73,0.072
"SUGARLOAF","24h",2,0.5,31.64,31.44,32.03,0.006
"SUGARLOAF","24h",5,0.2,41.2,41.04,41.44,0.003
"SUGARLOAF","24h",10,0.1,48.13,47.56,48.6,0.007
"SUGARLOAF","24h",25,0.04,58.15,56.66,59.11,0.014
"SUGARLOAF","24h",50,0.02,66.77,64.22,68.35,0.021
"SUGARLOAF","24h",100,0.01,76.54,72.65,78.92,0.028
"SUGARLOAF","24h",200,0.005,87.68,81.94,91.09,0.035
"SUGARLOAF","24h",500,0.002,104.91,96.07,109.9,0.046
"SUGARLOAF","24h",1000,0.001,120.16,108.27,126.69,0.054
"SUGARLOAF","24h",2000,5e-04,137.64,122,146.55,0.063
"SUGARLOAF","24h",5000,2e-04,164.76,142.61,177.81,0.075
"SUGARLOAF","24h",10000,1e-04,188.79,160.32,205.58,0.084
"SUGARLOAF","72h",2,0.5,40.61,40.35,41.13,0.007
"SUGARLOAF","72h",5,0.2,52.91,52.69,53.26,0.003
"SUGARLOAF","72h",10,0.1,61.94,61.16,62.52,0.007
"SUGARLOAF","72h",25,0.04,75.11,73.04,76.39,0.014
"SUGARLOAF","72h",50,0.02,86.53,83.02,88.62,0.021
"SUGARLOAF","72h",100,0.01,99.58,94.04,102.76,0.029
"SUGARLOAF","72h",200,0.005,114.57,106.49,119.19,0.036
"SUGARLOAF","72h",500,0.002,137.95,125.31,144.99,0.048
"SUGARLOAF","72h",1000,0.001,158.82,141.77,168.17,0.056
"SUGARLOAF","72h",2000,5e-04,182.92,160.37,195.2,0.065
"SUGARLOAF","72h",5000,2e-04,220.62,188.64,238.49,0.078
"SUGARLOAF","72h",10000,1e-04,254.32,213.24,277.91,0.087
"TWIN LAKES","24h",2,0.5,31.8,31.59,32.19,0.006
"TWIN LAKES","24h",5,0.2,41.52,41.36,41.77,0.003
"TWIN LAKES","24h",10,0.1,48.57,48,49.01,0.006
"TWIN LAKES","24h",25,0.04,58.73,57.24,59.72,0.014
"TWIN LAKES","24h",50,0.02,67.46,65,69.05,0.02
"TWIN LAKES","24h",100,0.01,77.35,73.47,79.76,0.027
"TWIN LAKES","24h",200,0.005,88.62,82.9,92.08,0.034
"TWIN LAKES","24h",500,0.002,106.02,97.09,111.29,0.044
"TWIN LAKES","24h",1000,0.001,121.41,109.29,128.48,0.052
"TWIN LAKES","24h",2000,5e-04,139.03,122.96,148.36,0.061
"TWIN LAKES","24h",5000,2e-04,166.33,143.62,179.57,0.072
"TWIN LAKES","24h",10000,1e-04,190.5,161.47,207.58,0.081
"TWIN LAKES","72h",2,0.5,40.6,40.33,40.98,0.005
"TWIN LAKES","72h",5,0.2,54.27,54.02,54.56,0.003
"TWIN LAKES","72h",10,0.1,63.73,63.09,64.24,0.006
"TWIN LAKES","72h",25,0.04,76.2,74.57,77.43,0.012
"TWIN LAKES","72h",50,0.02,85.82,83.16,87.82,0.017
"TWIN LAKES","72h",100,0.01,95.69,91.72,98.64,0.023
"TWIN LAKES","72h",200,0.005,105.86,100.34,109.9,0.029
"TWIN LAKES","72h",500,0.002,119.82,111.87,125.77,0.037
"TWIN LAKES","72h",1000,0.001,130.77,120.69,138.46,0.044
"TWIN LAKES","72h",2000,5e-04,142.1,129.47,151.92,0.05
"TWIN LAKES","72h",5000,2e-04,157.66,141.13,170.57,0.059
"TWIN LAKES","72h",10000,1e-04,169.89,150.13,185.55,0.066
"PACTOLA DIKE #2","24h",2,0.5,45.34,45.08,45.76,0.005
"PACTOLA DIKE #2","24h",5,0.2,62.8,62.56,63.15,0.003
"PACTOLA DIKE #2","24h",10,0.1,74.98,74.29,75.5,0.005
"PACTOLA DIKE #2","24h",25,0.04,91.1,89.3,92.32,0.01
"PACTOLA DIKE #2","24h",50,0.02,103.61,100.67,105.5,0.015
"PACTOLA DIKE #2","24h",100,0.01,116.51,112.04,119.24,0.02
"PACTOLA DIKE #2","24h",200,0.005,129.87,123.47,133.86,0.026
"PACTOLA DIKE #2","24h",500,0.002,148.3,139,154.36,0.033
"PACTOLA DIKE #2","24h",1000,0.001,162.86,151.24,170.64,0.039
"PACTOLA DIKE #2","24h",2000,5e-04,177.98,163.74,187.9,0.044
"PACTOLA DIKE #2","24h",5000,2e-04,198.86,180.62,211.74,0.052
"PACTOLA DIKE #2","24h",10000,1e-04,215.37,193.26,230.72,0.058
"PACTOLA DIKE #2","72h",2,0.5,56.61,56.28,57.09,0.005
"PACTOLA DIKE #2","72h",5,0.2,78.06,77.73,78.49,0.003
"PACTOLA DIKE #2","72h",10,0.1,92.55,91.69,93.21,0.005
"PACTOLA DIKE #2","72h",25,0.04,111.22,109.22,112.72,0.01
"PACTOLA DIKE #2","72h",50,0.02,125.32,122.01,127.69,0.015
"PACTOLA DIKE #2","72h",100,0.01,139.53,134.67,143.06,0.02
"PACTOLA DIKE #2","72h",200,0.005,153.92,147.14,158.85,0.025
"PACTOLA DIKE #2","72h",500,0.002,173.23,163.62,180.08,0.031
"PACTOLA DIKE #2","72h",1000,0.001,188.09,175.81,196.72,0.037
"PACTOLA DIKE #2","72h",2000,5e-04,203.17,188.27,213.98,0.042
"PACTOLA DIKE #2","72h",5000,2e-04,223.46,204.37,237.33,0.049
"PACTOLA DIKE #2","72h",10000,1e-04,239.08,216.24,255.42,0.055
"VALLECITO","24h",2,0.5,31.83,31.65,32.09,0.004
"VALLECITO","24h",5,0.2,42.31,42.13,42.53,0.003
"VALLECITO","24h",10,0.1,49.38,48.96,49.75,0.005
"VALLECITO","24h",25,0.04,58.46,57.37,59.26,0.01
"VALLECITO","24h",50,0.02,65.31,63.56,66.64,0.015
"VALLECITO","24h",100,0.01,72.2,69.54,74.17,0.019
"VALLECITO","24h",200,0.005,79.15,75.53,81.87,0.024
"VALLECITO","24h",500,0.002,88.47,83.35,92.34,0.031
"VALLECITO","24h",1000,0.001,95.63,89.17,100.58,0.036
"VALLECITO","24h",2000,5e-04,102.88,94.98,109.09,0.041
"VALLECITO","24h",5000,2e-04,112.61,102.63,120.74,0.049
"VALLECITO","24h",10000,1e-04,120.09,108.23,129.8,0.054
"VALLECITO","72h",2,0.5,43.17,42.92,43.51,0.004
"VALLECITO","72h",5,0.2,55.01,54.75,55.31,0.003
"VALLECITO","72h",10,0.1,63.15,62.53,63.66,0.005
"VALLECITO","72h",25,0.04,74.38,72.94,75.43,0.011
"VALLECITO","72h",50,0.02,83.64,81.36,85.31,0.015
"VALLECITO","72h",100,0.01,93.76,90.42,96.2,0.02
"VALLECITO","72h",200,0.005,104.9,100.13,108.39,0.025
"VALLECITO","72h",500,0.002,121.43,114.35,126.9,0.033
"VALLECITO","72h",1000,0.001,135.49,126.16,142.39,0.039
"VALLECITO","72h",2000,5e-04,151.04,139.11,159.86,0.045
"VALLECITO","72h",5000,2e-04,174.18,158.04,186.41,0.053
"VALLECITO","72h",10000,1e-04,193.89,173.89,209.49,0.06
"GERBER RESERVOR","24h",2,0.5,40.18,39.92,40.72,0.007
"GERBER RESERVOR","24h",5,0.2,53.12,52.97,53.45,0.003
"GERBER RESERVOR","24h",10,0.1,62.89,62.2,63.39,0.006
"GERBER RESERVOR","24h",25,0.04,77.49,75.5,78.7,0.014
"GERBER RESERVOR","24h",50,0.02,90.45,86.95,92.49,0.021
"GERBER RESERVOR","24h",100,0.01,105.53,99.96,108.71,0.029
"GERBER RESERVOR","24h",200,0.005,123.18,114.8,127.83,0.038
"GERBER RESERVOR","24h",500,0.002,151.32,137.77,158.52,0.049
"GERBER RESERVOR","24h",1000,0.001,176.98,158.15,186.88,0.059
"GERBER RESERVOR","24h",2000,5e-04,207.18,181.56,220.55,0.068
"GERBER RESERVOR","24h",5000,2e-04,255.43,218.14,274.99,0.081
"GERBER RESERVOR","24h",10000,1e-04,299.5,250.99,324.72,0.091
"GERBER RESERVOR","72h",2,0.5,56.98,56.59,57.8,0.008
"GERBER RESERVOR","72h",5,0.2,75.91,75.65,76.42,0.004
"GERBER RESERVOR","72h",10,0.1,90.05,88.94,90.83,0.007
"GERBER RESERVOR","72h",25,0.04,110.96,107.8,112.91,0.015
"GERBER RESERVOR","72h",50,0.02,129.36,123.81,132.54,0.022
"GERBER RESERVOR","72h",100,0.01,150.6,141.86,155.48,0.03
"GERBER RESERVOR","72h",200,0.005,175.28,162.42,182.22,0.039
"GERBER RESERVOR","72h",500,0.002,214.27,193.69,224.77,0.051
"GERBER RESERVOR","72h",1000,0.001,249.53,221.57,263.61,0.06
"GERBER RESERVOR","72h",2000,5e-04,290.69,252.95,309.99,0.07
"GERBER RESERVOR","72h",5000,2e-04,355.91,301.63,384.54,0.083
"GERBER RESERVOR","72h",10000,1e-04,414.95,344.54,452.94,0.093
"MORROW POINT","24h",2,0.5,27.28,27.14,27.58,0.006
"MORROW POINT","24h",5,0.2,35.36,35.21,35.56,0.003
"MORROW POINT","24h",10,0.1,41.17,40.71,41.55,0.006
"MORROW POINT","24h",25,0.04,49.51,48.32,50.33,0.013
"MORROW POINT","24h",50,0.02,56.63,54.64,57.91,0.019
"MORROW POINT","24h",100,0.01,64.66,61.63,66.5,0.025
"MORROW POINT","24h",200,0.005,73.76,69.37,76.35,0.032
"MORROW POINT","24h",500,0.002,87.75,80.92,91.52,0.042
"MORROW POINT","24h",1000,0.001,100.05,90.86,104.99,0.049
"MORROW POINT","24h",2000,5e-04,114.08,101.92,120.46,0.057
"MORROW POINT","24h",5000,2e-04,135.68,118.66,144.5,0.068
"MORROW POINT","24h",10000,1e-04,154.72,133.1,165.87,0.076
"MORROW POINT","72h",2,0.5,35.79,35.62,36.08,0.004
"MORROW POINT","72h",5,0.2,46.85,46.63,47.06,0.003
"MORROW POINT","72h",10,0.1,54.16,53.63,54.53,0.005
"MORROW POINT","72h",25,0.04,63.39,62.14,64.24,0.01
"MORROW POINT","72h",50,0.02,70.22,68.18,71.54,0.015
"MORROW POINT","72h",100,0.01,77,74.1,78.86,0.019
"MORROW POINT","72h",200,0.005,83.75,79.94,86.32,0.024
"MORROW POINT","72h",500,0.002,92.64,87.17,96.3,0.031
"MORROW POINT","72h",1000,0.001,99.35,92.45,103.89,0.036
"MORROW POINT","72h",2000,5e-04,106.04,97.7,111.59,0.041
"MORROW POINT","72h",5000,2e-04,114.89,104.46,121.95,0.049
"MORROW POINT","72h",10000,1e-04,121.57,109.46,129.86,0.054
"RUEDI","24h",2,0.5,27.64,27.48,27.94,0.006
"RUEDI","24h",5,0.2,35.81,35.67,36,0.003
"RUEDI","24h",10,0.1,41.7,41.24,42.03,0.006
"RUEDI","24h",25,0.04,50.16,48.95,50.97,0.013
"RUEDI","24h",50,0.02,57.41,55.44,58.69,0.019
"RUEDI","24h",100,0.01,65.59,62.59,67.59,0.025
"RUEDI","24h",200,0.005,74.89,70.58,77.74,0.032
"RUEDI","24h",500,0.002,89.2,82.6,93.46,0.042
"RUEDI","24h",1000,0.001,101.81,92.88,107.52,0.05
"RUEDI","24h",2000,5e-04,116.22,104.36,123.8,0.058
"RUEDI","24h",5000,2e-04,138.45,121.51,149.23,0.069
"RUEDI","24h",10000,1e-04,158.08,136.32,171.93,0.077
"RUEDI","72h",2,0.5,35.46,35.25,35.84,0.006
"RUEDI","72h",5,0.2,45.58,45.44,45.83,0.003
"RUEDI","72h",10,0.1,52.92,52.37,53.36,0.006
"RUEDI","72h",25,0.04,63.5,62,64.47,0.013
"RUEDI","72h",50,0.02,72.6,70.11,74.16,0.019
"RUEDI","72h",100,0.01,82.89,79.06,85.32,0.026
"RUEDI","72h",200,0.005,94.63,89.08,98.17,0.033
"RUEDI","72h",500,0.002,112.75,104.2,118.19,0.043
"RUEDI","72h",1000,0.001,128.77,117.23,135.99,0.051
"RUEDI","72h",2000,5e-04,147.13,131.62,156.55,0.059
"RUEDI","72h",5000,2e-04,175.56,153.52,189.08,0.07
"RUEDI","72h",10000,1e-04,200.73,172.64,218.4,0.079
"TAYLOR PARK","24h",2,0.5,27.03,26.87,27.3,0.005
"TAYLOR PARK","24h",5,0.2,34.97,34.82,35.16,0.003
"TAYLOR PARK","24h",10,0.1,40.58,40.14,40.92,0.006
"TAYLOR PARK","24h",25,0.04,48.52,47.39,49.24,0.012
"TAYLOR PARK","24h",50,0.02,55.21,53.39,56.35,0.018
"TAYLOR PARK","24h",100,0.01,62.68,59.95,64.39,0.024
"TAYLOR PARK","24h",200,0.005,71.04,67.21,73.5,0.03
"TAYLOR PARK","24h",500,0.002,83.74,77.96,87.53,0.039
"TAYLOR PARK","24h",1000,0.001,94.76,86.98,100.01,0.046
"TAYLOR PARK","24h",2000,5e-04,107.19,97.02,114.02,0.054
"TAYLOR PARK","24h",5000,2e-04,126.1,112.01,135.58,0.064
"TAYLOR PARK","24h",10000,1e-04,142.55,124.57,154.66,0.071
"TAYLOR PARK","72h",2,0.5,35.06,34.84,35.39,0.005
"TAYLOR PARK","72h",5,0.2,45.07,44.87,45.32,0.003
"TAYLOR PARK","72h",10,0.1,52.12,51.59,52.56,0.006
"TAYLOR PARK","72h",25,0.04,62.06,60.77,63.04,0.012
"TAYLOR PARK","72h",50,0.02,70.41,68.24,71.98,0.017
"TAYLOR PARK","72h",100,0.01,79.7,76.41,82,0.023
"TAYLOR PARK","72h",200,0.005,90.09,85.39,93.46,0.029
"TAYLOR PARK","72h",500,0.002,105.81,98.62,110.68,0.037
"TAYLOR PARK","72h",1000,0.001,119.42,109.81,126,0.044
"TAYLOR PARK","72h",2000,5e-04,134.73,122.25,143.5,0.051
"TAYLOR PARK","72h",5000,2e-04,157.95,140.41,170.31,0.061
"TAYLOR PARK","72h",10000,1e-04,178.08,155.84,193.92,0.069
"CARTER LAKE DAM NO. 1","24h",2,0.5,40.02,39.43,41.01,0.014
"CARTER LAKE DAM NO. 1","24h",5,0.2,54.31,53.92,55.03,0.007
"CARTER LAKE DAM NO. 1","24h",10,0.1,65.27,63.87,66.42,0.012
"CARTER LAKE DAM NO. 1","24h",25,0.04,81.84,77.85,84.43,0.026
"CARTER LAKE DAM NO. 1","24h",50,0.02,96.71,89.8,101.2,0.039
"CARTER LAKE DAM NO. 1","24h",100,0.01,114.19,103.23,120.98,0.053
"CARTER LAKE DAM NO. 1","24h",200,0.005,134.84,118.65,145.17,0.068
"CARTER LAKE DAM NO. 1","24h",500,0.002,168.12,142.45,185.08,0.088
"CARTER LAKE DAM NO. 1","24h",1000,0.001,198.82,163.61,222.91,0.104
"CARTER LAKE DAM NO. 1","24h",2000,5e-04,235.26,187.38,268.82,0.121
"CARTER LAKE DAM NO. 1","24h",5000,2e-04,294.16,224.38,344.18,0.143
"CARTER LAKE DAM NO. 1","24h",10000,1e-04,348.54,256.66,415.31,0.159
"CARTER LAKE DAM NO. 1","72h",2,0.5,53.16,52.37,54.21,0.011
"CARTER LAKE DAM NO. 1","72h",5,0.2,75.47,74.76,76.2,0.006
"CARTER LAKE DAM NO. 1","72h",10,0.1,91.06,89.19,92.45,0.011
"CARTER LAKE DAM NO. 1","72h",25,0.04,111.54,106.97,114.92,0.021
"CARTER LAKE DAM NO. 1","72h",50,0.02,127.33,120.31,132.6,0.029
"CARTER LAKE DAM NO. 1","72h",100,0.01,143.53,133.71,150.84,0.037
"CARTER LAKE DAM NO. 1","72h",200,0.005,160.25,147.28,170.18,0.045
"CARTER LAKE DAM NO. 1","72h",500,0.002,183.25,165.68,197.35,0.055
"CARTER LAKE DAM NO. 1","72h",1000,0.001,201.41,179.73,219.62,0.062
"CARTER LAKE DAM NO. 1","72h",2000,5e-04,220.25,194.17,242.23,0.069
"CARTER LAKE DAM NO. 1","72h",5000,2e-04,246.3,213.89,273.71,0.077
"CARTER LAKE DAM NO. 1","72h",10000,1e-04,266.9,229.21,299.12,0.084
"BOR PINEVIEW","24h",2,0.5,41.15,40.94,41.47,0.004
"BOR PINEVIEW","24h",5,0.2,53.23,53.01,53.49,0.003
"BOR PINEVIEW","24h",10,0.1,61.39,60.82,61.81,0.005
"BOR PINEVIEW","24h",25,0.04,71.89,70.51,72.77,0.01
"BOR PINEVIEW","24h",50,0.02,79.83,77.64,81.19,0.015
"BOR PINEVIEW","24h",100,0.01,87.83,84.62,89.9,0.02
"BOR PINEVIEW","24h",200,0.005,95.92,91.51,99.03,0.025
"BOR PINEVIEW","24h",500,0.002,106.78,100.52,111.27,0.032
"BOR PINEVIEW","24h",1000,0.001,115.14,107.28,120.81,0.038
"BOR PINEVIEW","24h",2000,5e-04,123.62,113.93,130.61,0.044
"BOR PINEVIEW","24h",5000,2e-04,135.03,122.67,144.1,0.052
"BOR PINEVIEW","24h",10000,1e-04,143.82,129.28,154.7,0.058
"BOR PINEVIEW","72h",2,0.5,56.57,56.29,57.08,0.005
"BOR PINEVIEW","72h",5,0.2,71.57,71.31,71.93,0.003
"BOR PINEVIEW","72h",10,0.1,82.03,81.26,82.66,0.005
"BOR PINEVIEW","72h",25,0.04,96.64,94.66,97.94,0.011
"BOR PINEVIEW","72h",50,0.02,108.82,105.74,110.96,0.016
"BOR PINEVIEW","72h",100,0.01,122.28,117.61,125.41,0.021
"BOR PINEVIEW","72h",200,0.005,137.22,130.34,141.69,0.027
"BOR PINEVIEW","72h",500,0.002,159.65,149.35,166.19,0.035
"BOR PINEVIEW","72h",1000,0.001,178.93,165.41,187.73,0.041
"BOR PINEVIEW","72h",2000,5e-04,200.47,182.7,211.9,0.048
"BOR PINEVIEW","72h",5000,2e-04,232.88,208.1,248.7,0.058
"BOR PINEVIEW","72h",10000,1e-04,260.77,229.55,280.62,0.065
"MASON DAM","24h",2,0.5,31.94,31.79,32.27,0.005
"MASON DAM","24h",5,0.2,40.92,40.8,41.14,0.003
"MASON DAM","24h",10,0.1,47.53,47.08,47.89,0.005
"MASON DAM","24h",25,0.04,57.18,55.88,57.91,0.012
"MASON DAM","24h",50,0.02,65.56,63.33,66.72,0.017
"MASON DAM","24h",100,0.01,75.15,71.66,76.93,0.024
"MASON DAM","24h",200,0.005,86.19,81.12,88.73,0.031
"MASON DAM","24h",500,0.002,103.42,95.57,107.38,0.04
"MASON DAM","24h",1000,0.001,118.82,108.06,124.29,0.048
"MASON DAM","24h",2000,5e-04,136.63,122.37,143.9,0.056
"MASON DAM","24h",5000,2e-04,164.53,144.19,174.89,0.067
"MASON DAM","24h",10000,1e-04,189.5,163.03,202.92,0.076
"MASON DAM","72h",2,0.5,45.3,45.1,45.62,0.004
"MASON DAM","72h",5,0.2,58.34,58.14,58.6,0.002
"MASON DAM","72h",10,0.1,67.28,66.71,67.71,0.005
"MASON DAM","72h",25,0.04,78.94,77.61,79.89,0.009
"MASON DAM","72h",50,0.02,87.86,85.64,89.4,0.014
"MASON DAM","72h",100,0.01,96.94,93.68,99.2,0.018
"MASON DAM","72h",200,0.005,106.23,101.63,109.33,0.023
"MASON DAM","72h",500,0.002,118.85,112.12,123.27,0.03
"MASON DAM","72h",1000,0.001,128.68,120.1,134.38,0.035
"MASON DAM","72h",2000,5e-04,138.76,128.21,145.93,0.04
"MASON DAM","72h",5000,2e-04,152.48,139.04,161.8,0.048
"MASON DAM","72h",10000,1e-04,163.17,147.15,174.35,0.053
"RIRIE","24h",2,0.5,29.29,29.14,29.51,0.004
"RIRIE","24h",5,0.2,38.17,38.03,38.35,0.003
"RIRIE","24h",10,0.1,44.21,43.86,44.5,0.005
"RIRIE","24h",25,0.04,52.03,51.14,52.69,0.01
"RIRIE","24h",50,0.02,57.97,56.52,59.03,0.014
"RIRIE","24h",100,0.01,63.99,61.85,65.57,0.019
"RIRIE","24h",200,0.005,70.1,67.11,72.33,0.024
"RIRIE","24h",500,0.002,78.35,74.06,81.6,0.031
"RIRIE","24h",1000,0.001,84.73,79.27,88.89,0.036
"RIRIE","24h",2000,5e-04,91.23,84.41,96.44,0.041
"RIRIE","24h",5000,2e-04,100.03,91.22,106.81,0.049
"RIRIE","24h",10000,1e-04,106.83,96.36,114.97,0.055
"RIRIE","72h",2,0.5,41.64,41.45,41.94,0.004
"RIRIE","72h",5,0.2,53.65,53.46,53.9,0.003
"RIRIE","72h",10,0.1,61.64,61.15,62.03,0.005
"RIRIE","72h",25,0.04,71.76,70.56,72.62,0.009
"RIRIE","72h",50,0.02,79.3,77.32,80.66,0.013
"RIRIE","72h",100,0.01,86.8,83.91,88.81,0.017
"RIRIE","72h",200,0.005,94.29,90.41,97.1,0.022
"RIRIE","72h",500,0.002,104.21,98.66,108.13,0.028
"RIRIE","72h",1000,0.001,111.73,104.74,116.67,0.033
"RIRIE","72h",2000,5e-04,119.27,110.75,125.23,0.038
"RIRIE","72h",5000,2e-04,129.26,118.47,136.83,0.044
"RIRIE","72h",10000,1e-04,136.85,124.16,145.85,0.049
"ENDERS DAM","24h",2,0.5,54.37,54.01,54.95,0.006
"ENDERS DAM","24h",5,0.2,74.54,74.16,74.99,0.003
"ENDERS DAM","24h",10,0.1,88.73,87.77,89.44,0.006
"ENDERS DAM","24h",25,0.04,107.66,104.98,109.35,0.013
"ENDERS DAM","24h",50,0.02,122.46,118.13,125.21,0.019
"ENDERS DAM","24h",100,0.01,137.84,131.55,141.93,0.025
"ENDERS DAM","24h",200,0.005,153.86,145.06,159.58,0.031
"ENDERS DAM","24h",500,0.002,176.12,163.45,184.59,0.04
"ENDERS DAM","24h",1000,0.001,193.84,177.54,204.9,0.047
"ENDERS DAM","24h",2000,5e-04,212.36,191.89,226.36,0.055
"ENDERS DAM","24h",5000,2e-04,238.14,211.29,257.1,0.064
"ENDERS DAM","24h",10000,1e-04,258.67,226.31,281.95,0.072
"ENDERS DAM","72h",2,0.5,65.91,65.44,66.54,0.005
"ENDERS DAM","72h",5,0.2,89.03,88.57,89.52,0.003
"ENDERS DAM","72h",10,0.1,104.25,103.12,105.22,0.006
"ENDERS DAM","72h",25,0.04,123.39,120.62,125.46,0.012
"ENDERS DAM","72h",50,0.02,137.53,133.2,140.71,0.017
"ENDERS DAM","72h",100,0.01,151.5,145.33,156.18,0.022
"ENDERS DAM","72h",200,0.005,165.37,156.95,171.8,0.027
"ENDERS DAM","72h",500,0.002,183.59,171.97,192.74,0.034
"ENDERS DAM","72h",1000,0.001,197.29,182.88,208.94,0.04
"ENDERS DAM","72h",2000,5e-04,210.93,193.58,225.37,0.046
"ENDERS DAM","72h",5000,2e-04,228.88,206.96,247.47,0.053
"ENDERS DAM","72h",10000,1e-04,242.39,216.85,264.48,0.059
"RIDGWAY","24h",2,0.5,30.43,30.27,30.66,0.004
"RIDGWAY","24h",5,0.2,39.95,39.78,40.15,0.003
"RIDGWAY","24h",10,0.1,46.37,45.94,46.71,0.005
"RIDGWAY","24h",25,0.04,54.6,53.62,55.34,0.01
"RIDGWAY","24h",50,0.02,60.81,59.26,61.98,0.015
"RIDGWAY","24h",100,0.01,67.06,64.74,68.77,0.019
"RIDGWAY","24h",200,0.005,73.36,70.16,75.68,0.024
"RIDGWAY","24h",500,0.002,81.81,77.26,85.09,0.031
"RIDGWAY","24h",1000,0.001,88.29,82.68,92.57,0.036
"RIDGWAY","24h",2000,5e-04,94.86,87.95,100.22,0.042
"RIDGWAY","24h",5000,2e-04,103.67,94.79,110.73,0.049
"RIDGWAY","24h",10000,1e-04,110.44,99.89,118.93,0.054
"RIDGWAY","72h",2,0.5,39.11,38.91,39.46,0.005
"RIDGWAY","72h",5,0.2,50.04,49.84,50.29,0.003
"RIDGWAY","72h",10,0.1,57.75,57.22,58.21,0.005
"RIDGWAY","72h",25,0.04,68.63,67.26,69.63,0.011
"RIDGWAY","72h",50,0.02,77.78,75.59,79.36,0.016
"RIDGWAY","72h",100,0.01,87.97,84.64,90.17,0.021
"RIDGWAY","72h",200,0.005,99.38,94.58,102.47,0.027
"RIDGWAY","72h",500,0.002,116.66,109.33,121.42,0.035
"RIDGWAY","72h",1000,0.001,131.63,121.79,138,0.041
"RIDGWAY","72h",2000,5e-04,148.49,135.68,156.73,0.048
"RIDGWAY","72h",5000,2e-04,174.09,156.21,185.7,0.057
"RIDGWAY","72h",10000,1e-04,196.31,173.87,211.33,0.065
"SCOFIELD","24h",2,0.5,32.06,31.86,32.5,0.007
"SCOFIELD","24h",5,0.2,41.9,41.76,42.17,0.003
"SCOFIELD","24h",10,0.1,49.13,48.57,49.55,0.007
"SCOFIELD","24h",25,0.04,59.68,58.12,60.59,0.015
"SCOFIELD","24h",50,0.02,68.84,66.08,70.39,0.022
"SCOFIELD","24h",100,0.01,79.31,74.91,81.65,0.029
"SCOFIELD","24h",200,0.005,91.34,84.95,94.73,0.038
"SCOFIELD","24h",500,0.002,110.13,99.98,115.37,0.049
"SCOFIELD","24h",1000,0.001,126.91,112.97,134.03,0.058
"SCOFIELD","24h",2000,5e-04,146.31,127.87,155.88,0.068
"SCOFIELD","24h",5000,2e-04,176.66,150.13,190.33,0.08
"SCOFIELD","24h",10000,1e-04,203.81,169.61,221.51,0.09
"SCOFIELD","72h",2,0.5,42.97,42.73,43.49,0.006
"SCOFIELD","72h",5,0.2,55.87,55.66,56.19,0.003
"SCOFIELD","72h",10,0.1,65.22,64.49,65.74,0.006
"SCOFIELD","72h",25,0.04,78.71,76.75,79.9,0.013
"SCOFIELD","72h",50,0.02,90.3,86.92,92.13,0.02
"SCOFIELD","72h",100,0.01,103.44,98.18,106.15,0.026
"SCOFIELD","72h",200,0.005,118.4,110.72,122.37,0.034
"SCOFIELD","72h",500,0.002,141.51,129.59,147.54,0.044
"SCOFIELD","72h",1000,0.001,161.96,145.61,170.07,0.052
"SCOFIELD","72h",2000,5e-04,185.37,163.67,195.89,0.06
"SCOFIELD","72h",5000,2e-04,221.65,191.41,236.54,0.072
"SCOFIELD","72h",10000,1e-04,253.78,215.06,272.83,0.081
"NELSON DIKE DA","24h",2,0.5,37.63,37.38,38.11,0.007
"NELSON DIKE DA","24h",5,0.2,53.89,53.64,54.25,0.004
"NELSON DIKE DA","24h",10,0.1,65.45,64.69,65.99,0.006
"NELSON DIKE DA","24h",25,0.04,81.02,79.02,82.26,0.013
"NELSON DIKE DA","24h",50,0.02,93.3,89.95,95.43,0.02
"NELSON DIKE DA","24h",100,0.01,106.16,101.01,109.36,0.026
"NELSON DIKE DA","24h",200,0.005,119.65,112.29,123.85,0.033
"NELSON DIKE DA","24h",500,0.002,138.58,127.73,144.59,0.043
"NELSON DIKE DA","24h",1000,0.001,153.77,139.79,161.52,0.05
"NELSON DIKE DA","24h",2000,5e-04,169.77,152.17,179.55,0.058
"NELSON DIKE DA","24h",5000,2e-04,192.24,169.06,205.36,0.068
"NELSON DIKE DA","24h",10000,1e-04,210.3,182.24,226.85,0.075
"NELSON DIKE DA","72h",2,0.5,47.68,47.29,48.3,0.007
"NELSON DIKE DA","72h",5,0.2,68.25,67.92,68.69,0.004
"NELSON DIKE DA","72h",10,0.1,82.71,81.7,83.39,0.006
"NELSON DIKE DA","72h",25,0.04,102.02,99.42,103.56,0.013
"NELSON DIKE DA","72h",50,0.02,117.11,112.77,119.8,0.02
"NELSON DIKE DA","72h",100,0.01,132.79,126.19,136.81,0.026
"NELSON DIKE DA","72h",200,0.005,149.12,139.88,154.96,0.033
"NELSON DIKE DA","72h",500,0.002,171.82,158.25,180.82,0.042
"NELSON DIKE DA","72h",1000,0.001,189.88,172.31,201.68,0.049
"NELSON DIKE DA","72h",2000,5e-04,208.76,186.85,223.72,0.056
"NELSON DIKE DA","72h",5000,2e-04,235.03,206.32,254.86,0.066
"NELSON DIKE DA","72h",10000,1e-04,255.96,221.19,279.97,0.074
"MERRITT DAM","24h",2,0.5,53.26,52.96,53.75,0.005
"MERRITT DAM","24h",5,0.2,72.54,72.2,72.91,0.003
"MERRITT DAM","24h",10,0.1,85.6,84.8,86.2,0.005
"MERRITT DAM","24h",25,0.04,102.45,100.37,103.75,0.011
"MERRITT DAM","24h",50,0.02,115.21,111.74,117.35,0.016
"MERRITT DAM","24h",100,0.01,128.1,123.2,131.26,0.021
"MERRITT DAM","24h",200,0.005,141.17,134.43,145.61,0.026
"MERRITT DAM","24h",500,0.002,158.75,149.08,165.15,0.033
"MERRITT DAM","24h",1000,0.001,172.3,160.07,180.56,0.039
"MERRITT DAM","24h",2000,5e-04,186.09,171.12,196.58,0.045
"MERRITT DAM","24h",5000,2e-04,204.67,185.52,218.61,0.052
"MERRITT DAM","24h",10000,1e-04,219.02,196.41,235.94,0.058
"MERRITT DAM","72h",2,0.5,64.3,63.92,64.81,0.005
"MERRITT DAM","72h",5,0.2,86.33,85.95,86.8,0.003
"MERRITT DAM","72h",10,0.1,100.9,99.96,101.75,0.005
"MERRITT DAM","72h",25,0.04,119.29,117.09,121.05,0.01
"MERRITT DAM","72h",50,0.02,132.92,129.44,135.55,0.015
"MERRITT DAM","72h",100,0.01,146.43,141.31,150.22,0.02
"MERRITT DAM","72h",200,0.005,159.88,153.1,164.77,0.025
"MERRITT DAM","72h",500,0.002,177.6,168.17,184.83,0.031
"MERRITT DAM","72h",1000,0.001,190.99,179.16,200.3,0.036
"MERRITT DAM","72h",2000,5e-04,204.35,189.9,216.02,0.042
"MERRITT DAM","72h",5000,2e-04,222,203.86,237.13,0.049
"MERRITT DAM","72h",10000,1e-04,235.33,213.94,253.17,0.054
"HOWARD PRAIRIE","24h",2,0.5,53.45,53.15,53.96,0.005
"HOWARD PRAIRIE","24h",5,0.2,71.88,71.58,72.28,0.003
"HOWARD PRAIRIE","24h",10,0.1,84.57,83.78,85.15,0.005
"HOWARD PRAIRIE","24h",25,0.04,101.18,99.04,102.42,0.011
"HOWARD PRAIRIE","24h",50,0.02,113.93,110.41,116.07,0.016
"HOWARD PRAIRIE","24h",100,0.01,126.96,121.68,130.16,0.022
"HOWARD PRAIRIE","24h",200,0.005,140.32,133.07,144.82,0.028
"HOWARD PRAIRIE","24h",500,0.002,158.54,148.12,165.03,0.035
"HOWARD PRAIRIE","24h",1000,0.001,172.78,159.53,181.16,0.042
"HOWARD PRAIRIE","24h",2000,5e-04,187.43,170.87,197.99,0.048
"HOWARD PRAIRIE","24h",5000,2e-04,207.44,185.93,221.36,0.056
"HOWARD PRAIRIE","24h",10000,1e-04,223.09,197.34,239.93,0.063
"HOWARD PRAIRIE","72h",2,0.5,92.67,92.11,93.51,0.005
"HOWARD PRAIRIE","72h",5,0.2,123.41,122.82,124.09,0.003
"HOWARD PRAIRIE","72h",10,0.1,143.43,141.98,144.58,0.006
"HOWARD PRAIRIE","72h",25,0.04,168.36,165.02,170.85,0.011
"HOWARD PRAIRIE","72h",50,0.02,186.59,181.34,190.54,0.016
"HOWARD PRAIRIE","72h",100,0.01,204.46,196.97,210.12,0.021
"HOWARD PRAIRIE","72h",200,0.005,222.06,211.64,229.68,0.025
"HOWARD PRAIRIE","72h",500,0.002,244.95,230.2,255.69,0.032
"HOWARD PRAIRIE","72h",1000,0.001,262,243.7,275.73,0.037
"HOWARD PRAIRIE","72h",2000,5e-04,278.85,256.83,295.32,0.043
"HOWARD PRAIRIE","72h",5000,2e-04,300.81,273.27,321.84,0.05
"HOWARD PRAIRIE","72h",10000,1e-04,317.18,285.2,341.99,0.055
"PINTO DAM","24h",2,0.5,53.33,53.06,53.83,0.005
"PINTO DAM","24h",5,0.2,70.66,70.36,71.02,0.003
"PINTO DAM","24h",10,0.1,82.77,81.94,83.38,0.006
"PINTO DAM","24h",25,0.04,98.82,96.66,100.21,0.012
"PINTO DAM","24h",50,0.02,111.31,107.86,113.46,0.017
"PINTO DAM","24h",100,0.01,124.2,119.13,127.25,0.023
"PINTO DAM","24h",200,0.005,137.56,130.36,141.81,0.029
"PINTO DAM","24h",500,0.002,156.02,145.39,162.17,0.037
"PINTO DAM","24h",1000,0.001,170.62,156.91,178.71,0.043
"PINTO DAM","24h",2000,5e-04,185.81,168.59,195.86,0.05
"PINTO DAM","24h",5000,2e-04,206.81,184.24,220.17,0.059
"PINTO DAM","24h",10000,1e-04,223.45,196.28,239.72,0.066
"PINTO DAM","72h",2,0.5,82.16,81.75,82.8,0.004
"PINTO DAM","72h",5,0.2,107.62,107.16,108.16,0.003
"PINTO DAM","72h",10,0.1,124.75,123.54,125.63,0.005
"PINTO DAM","72h",25,0.04,146.72,143.76,148.65,0.011
"PINTO DAM","72h",50,0.02,163.25,158.59,166.4,0.015
"PINTO DAM","72h",100,0.01,179.87,173.17,184.44,0.02
"PINTO DAM","72h",200,0.005,196.63,187.61,202.9,0.025
"PINTO DAM","72h",500,0.002,219.05,206.25,227.92,0.033
"PINTO DAM","72h",1000,0.001,236.24,220.18,247.35,0.038
"PINTO DAM","72h",2000,5e-04,253.63,234.06,267.25,0.044
"PINTO DAM","72h",5000,2e-04,276.94,252.25,294.31,0.051
"PINTO DAM","72h",10000,1e-04,294.82,265.76,315.36,0.057
"HEART BUTTE","24h",2,0.5,47.4,47.11,47.79,0.005
"HEART BUTTE","24h",5,0.2,64.71,64.42,65.04,0.003
"HEART BUTTE","24h",10,0.1,76.49,75.77,77.07,0.005
"HEART BUTTE","24h",25,0.04,91.77,90.05,93.1,0.011
"HEART BUTTE","24h",50,0.02,103.38,100.57,105.48,0.015
"HEART BUTTE","24h",100,0.01,115.15,111.08,118.29,0.02
"HEART BUTTE","24h",200,0.005,127.12,121.52,131.37,0.025
"HEART BUTTE","24h",500,0.002,143.3,135.27,149.42,0.032
"HEART BUTTE","24h",1000,0.001,155.82,145.68,163.64,0.038
"HEART BUTTE","24h",2000,5e-04,168.6,156.1,178.6,0.043
"HEART BUTTE","24h",5000,2e-04,185.89,170.01,199.3,0.051
"HEART BUTTE","24h",10000,1e-04,199.3,180.47,215.44,0.056
"HEART BUTTE","72h",2,0.5,56.73,56.42,57.19,0.004
"HEART BUTTE","72h",5,0.2,76.88,76.56,77.25,0.003
"HEART BUTTE","72h",10,0.1,90.33,89.46,91.01,0.005
"HEART BUTTE","72h",25,0.04,107.45,105.51,108.9,0.01
"HEART BUTTE","72h",50,0.02,120.24,117.19,122.41,0.014
"HEART BUTTE","72h",100,0.01,133.02,128.63,136.2,0.019
"HEART BUTTE","72h",200,0.005,145.82,139.69,150.11,0.023
"HEART BUTTE","72h",500,0.002,162.84,154.1,169.13,0.03
"HEART BUTTE","72h",1000,0.001,175.79,164.92,183.56,0.035
"HEART BUTTE","72h",2000,5e-04,188.81,175.58,198.63,0.04
"HEART BUTTE","72h",5000,2e-04,206.15,189.13,218.96,0.046
"HEART BUTTE","72h",10000,1e-04,219.36,199.33,234.76,0.051
"BOR WANSHIP","24h",2,0.5,40.16,39.98,40.52,0.005
"BOR WANSHIP","24h",5,0.2,50.55,50.36,50.81,0.003
"BOR WANSHIP","24h",10,0.1,57.84,57.26,58.22,0.005
"BOR WANSHIP","24h",25,0.04,68.08,66.65,68.94,0.011
"BOR WANSHIP","24h",50,0.02,76.66,74.29,78.02,0.016
"BOR WANSHIP","24h",100,0.01,86.18,82.67,88.22,0.021
"BOR WANSHIP","24h",200,0.005,96.79,91.73,99.68,0.027
"BOR WANSHIP","24h",500,0.002,112.8,105.16,117.1,0.036
"BOR WANSHIP","24h",1000,0.001,126.62,116.62,132.35,0.042
"BOR WANSHIP","24h",2000,5e-04,142.13,129.23,149.64,0.049
"BOR WANSHIP","24h",5000,2e-04,165.58,147.45,176.03,0.059
"BOR WANSHIP","24h",10000,1e-04,185.86,163.17,198.79,0.066
"BOR WANSHIP","72h",2,0.5,53.34,53.05,53.8,0.004
"BOR WANSHIP","72h",5,0.2,67,66.72,67.33,0.003
"BOR WANSHIP","72h",10,0.1,76.43,75.68,77.03,0.006
"BOR WANSHIP","72h",25,0.04,89.51,87.6,90.75,0.011
"BOR WANSHIP","72h",50,0.02,100.34,97.32,102.3,0.016
"BOR WANSHIP","72h",100,0.01,112.23,107.82,115.05,0.021
"BOR WANSHIP","72h",200,0.005,125.36,119.09,129.5,0.026
"BOR WANSHIP","72h",500,0.002,144.93,135.6,151.21,0.034
"BOR WANSHIP","72h",1000,0.001,161.63,149.42,170.02,0.041
"BOR WANSHIP","72h",2000,5e-04,180.18,164.36,191.24,0.047
"BOR WANSHIP","72h",5000,2e-04,207.9,186.41,223.18,0.056
"BOR WANSHIP","72h",10000,1e-04,231.6,204.49,250.76,0.063
"ECHO","24h",2,0.5,40.03,39.85,40.39,0.005
"ECHO","24h",5,0.2,50.54,50.37,50.82,0.003
"ECHO","24h",10,0.1,58.01,57.47,58.44,0.005
"ECHO","24h",25,0.04,68.61,67.18,69.53,0.011
"ECHO","24h",50,0.02,77.57,75.22,78.95,0.016
"ECHO","24h",100,0.01,87.59,84.02,89.61,0.022
"ECHO","24h",200,0.005,98.86,93.74,101.73,0.028
"ECHO","24h",500,0.002,116.01,107.98,120.34,0.037
"ECHO","24h",1000,0.001,130.95,120.29,136.75,0.044
"ECHO","24h",2000,5e-04,147.85,133.87,155.49,0.051
"ECHO","24h",5000,2e-04,173.63,154.22,184.39,0.061
"ECHO","24h",10000,1e-04,196.13,171.61,209.85,0.069
"ECHO","72h",2,0.5,54.02,53.77,54.49,0.005
"ECHO","72h",5,0.2,68.04,67.78,68.37,0.003
"ECHO","72h",10,0.1,77.8,77.06,78.39,0.005
"ECHO","72h",25,0.04,91.42,89.6,92.6,0.011
"ECHO","72h",50,0.02,102.77,99.76,104.65,0.015
"ECHO","72h",100,0.01,115.29,110.74,118.1,0.021
"ECHO","72h",200,0.005,129.2,122.73,133.08,0.026
"ECHO","72h",500,0.002,150.04,140.25,155.97,0.034
"ECHO","72h",1000,0.001,167.94,155.2,175.55,0.041
"ECHO","72h",2000,5e-04,187.92,171.48,198,0.048
"ECHO","72h",5000,2e-04,217.96,195.48,231.95,0.057
"ECHO","72h",10000,1e-04,243.8,215.2,261.41,0.064
"PLATORO","24h",2,0.5,30.77,30.61,31.01,0.004
"PLATORO","24h",5,0.2,41.06,40.89,41.27,0.003
"PLATORO","24h",10,0.1,47.92,47.49,48.25,0.005
"PLATORO","24h",25,0.04,56.61,55.54,57.37,0.01
"PLATORO","24h",50,0.02,63.09,61.4,64.26,0.014
"PLATORO","24h",100,0.01,69.55,67.19,71.18,0.019
"PLATORO","24h",200,0.005,76.01,72.75,78.22,0.024
"PLATORO","24h",500,0.002,84.57,79.96,87.68,0.03
"PLATORO","24h",1000,0.001,91.07,85.3,95.06,0.035
"PLATORO","24h",2000,5e-04,97.59,90.51,102.65,0.041
"PLATORO","24h",5000,2e-04,106.25,97.34,112.73,0.048
"PLATORO","24h",10000,1e-04,112.82,102.42,120.57,0.053
"PLATORO","72h",2,0.5,40.91,40.69,41.19,0.004
"PLATORO","72h",5,0.2,53.96,53.71,54.22,0.003
"PLATORO","72h",10,0.1,62.27,61.7,62.72,0.005
"PLATORO","72h",25,0.04,72.39,71.15,73.41,0.01
"PLATORO","72h",50,0.02,79.65,77.72,81.21,0.014
"PLATORO","72h",100,0.01,86.64,83.91,88.79,0.018
"PLATORO","72h",200,0.005,93.4,89.79,96.24,0.022
"PLATORO","72h",500,0.002,102.02,97.15,105.91,0.028
"PLATORO","72h",1000,0.001,108.31,102.42,113.11,0.032
"PLATORO","72h",2000,5e-04,114.42,107.46,120.25,0.036
"PLATORO","72h",5000,2e-04,122.23,113.64,129.51,0.042
"PLATORO","72h",10000,1e-04,127.94,118.09,136.5,0.047
"JOES VALLEY","24h",2,0.5,29.22,29.03,29.54,0.006
"JOES VALLEY","24h",5,0.2,38.11,37.97,38.32,0.003
"JOES VALLEY","24h",10,0.1,44.58,44.1,44.96,0.006
"JOES VALLEY","24h",25,0.04,53.95,52.62,54.86,0.013
"JOES VALLEY","24h",50,0.02,62.03,59.82,63.43,0.019
"JOES VALLEY","24h",100,0.01,71.2,67.92,73.27,0.026
"JOES VALLEY","24h",200,0.005,81.69,76.86,84.8,0.033
"JOES VALLEY","24h",500,0.002,97.95,90.48,102.79,0.044
"JOES VALLEY","24h",1000,0.001,112.37,102.18,118.94,0.052
"JOES VALLEY","24h",2000,5e-04,128.94,115.57,137.71,0.06
"JOES VALLEY","24h",5000,2e-04,154.7,135.69,167.25,0.071
"JOES VALLEY","24h",10000,1e-04,177.58,153.12,193.81,0.08
"JOES VALLEY","72h",2,0.5,38.16,37.91,38.61,0.007
"JOES VALLEY","72h",5,0.2,50.16,49.98,50.47,0.003
"JOES VALLEY","72h",10,0.1,58.96,58.33,59.46,0.006
"JOES VALLEY","72h",25,0.04,71.78,70.07,72.98,0.013
"JOES VALLEY","72h",50,0.02,82.9,79.97,84.78,0.02
"JOES VALLEY","72h",100,0.01,95.59,91.03,98.51,0.027
"JOES VALLEY","72h",200,0.005,110.15,103.47,114.35,0.034
"JOES VALLEY","72h",500,0.002,132.84,122.38,139.33,0.045
"JOES VALLEY","72h",1000,0.001,153.08,138.76,161.99,0.053
"JOES VALLEY","72h",2000,5e-04,176.44,157.19,188.26,0.062
"JOES VALLEY","72h",5000,2e-04,212.94,185.24,229.72,0.074
"JOES VALLEY","72h",10000,1e-04,245.54,209.65,267.12,0.083
"STEWART MOUNTAIN","24h",2,0.5,52.44,52.14,52.95,0.005
"STEWART MOUNTAIN","24h",5,0.2,69.07,68.82,69.45,0.003
"STEWART MOUNTAIN","24h",10,0.1,80.84,80.02,81.48,0.006
"STEWART MOUNTAIN","24h",25,0.04,97.48,95.41,98.89,0.011
"STEWART MOUNTAIN","24h",50,0.02,111.51,108.12,113.79,0.017
"STEWART MOUNTAIN","24h",100,0.01,127.14,122.09,130.6,0.022
"STEWART MOUNTAIN","24h",200,0.005,144.68,137.65,149.59,0.028
"STEWART MOUNTAIN","24h",500,0.002,171.28,160.49,178.58,0.036
"STEWART MOUNTAIN","24h",1000,0.001,194.38,179.83,204.15,0.043
"STEWART MOUNTAIN","24h",2000,5e-04,220.44,201.47,233.25,0.049
"STEWART MOUNTAIN","24h",5000,2e-04,260.07,233.26,277.88,0.059
"STEWART MOUNTAIN","24h",10000,1e-04,294.54,260.41,317.1,0.066
"STEWART MOUNTAIN","72h",2,0.5,68.6,68.23,69.2,0.005
"STEWART MOUNTAIN","72h",5,0.2,95.11,94.76,95.66,0.003
"STEWART MOUNTAIN","72h",10,0.1,113.59,112.59,114.41,0.005
"STEWART MOUNTAIN","72h",25,0.04,138.04,135.48,139.82,0.01
"STEWART MOUNTAIN","72h",50,0.02,157.01,152.88,159.98,0.015
"STEWART MOUNTAIN","72h",100,0.01,176.57,170.37,180.78,0.02
"STEWART MOUNTAIN","72h",200,0.005,196.81,187.92,202.65,0.026
"STEWART MOUNTAIN","72h",500,0.002,224.72,211.97,233.17,0.033
"STEWART MOUNTAIN","72h",1000,0.001,246.75,230.21,257.72,0.039
"STEWART MOUNTAIN","72h",2000,5e-04,269.62,248.8,283.42,0.045
"STEWART MOUNTAIN","72h",5000,2e-04,301.2,273.6,319.38,0.053
"STEWART MOUNTAIN","72h",10000,1e-04,326.15,292.85,348.32,0.059
"CRANE PRAIRIE","24h",2,0.5,61.13,60.77,61.7,0.005
"CRANE PRAIRIE","24h",5,0.2,80.56,80.17,80.95,0.003
"CRANE PRAIRIE","24h",10,0.1,93.53,92.53,94.3,0.006
"CRANE PRAIRIE","24h",25,0.04,110.02,107.55,111.69,0.012
"CRANE PRAIRIE","24h",50,0.02,122.39,118.67,124.97,0.016
"CRANE PRAIRIE","24h",100,0.01,134.83,129.67,138.44,0.02
"CRANE PRAIRIE","24h",200,0.005,147.42,140.73,152.09,0.024
"CRANE PRAIRIE","24h",500,0.002,164.41,155.35,170.63,0.03
"CRANE PRAIRIE","24h",1000,0.001,177.57,166.58,185.06,0.033
"CRANE PRAIRIE","24h",2000,5e-04,191.03,177.96,200.03,0.037
"CRANE PRAIRIE","24h",5000,2e-04,209.33,193.32,220.5,0.042
"CRANE PRAIRIE","24h",10000,1e-04,223.59,205.17,236.47,0.045
"CRANE PRAIRIE","72h",2,0.5,110.16,109.46,111.41,0.006
"CRANE PRAIRIE","72h",5,0.2,138.3,137.64,139.09,0.003
"CRANE PRAIRIE","72h",10,0.1,158.12,156.39,159.66,0.006
"CRANE PRAIRIE","72h",25,0.04,186.07,181.41,189.41,0.013
"CRANE PRAIRIE","72h",50,0.02,209.56,201.81,214.7,0.02
"CRANE PRAIRIE","72h",100,0.01,235.69,223.92,243.38,0.026
"CRANE PRAIRIE","72h",200,0.005,264.91,247.88,276.14,0.034
"CRANE PRAIRIE","72h",500,0.002,309.1,283.35,326.25,0.044
"CRANE PRAIRIE","72h",1000,0.001,347.38,312.83,369.77,0.052
"CRANE PRAIRIE","72h",2000,5e-04,390.44,345.24,419.17,0.061
"CRANE PRAIRIE","72h",5000,2e-04,455.74,393.79,495.58,0.072
"CRANE PRAIRIE","72h",10000,1e-04,512.38,433.77,563.8,0.081
"AGENCY VALLEY","24h",2,0.5,24.61,24.48,24.83,0.005
"AGENCY VALLEY","24h",5,0.2,32.73,32.61,32.9,0.003
"AGENCY VALLEY","24h",10,0.1,38.48,38.13,38.76,0.005
"AGENCY VALLEY","24h",25,0.04,46.19,45.25,46.79,0.011
"AGENCY VALLEY","24h",50,0.02,52.25,50.68,53.3,0.016
"AGENCY VALLEY","24h",100,0.01,58.59,56.2,60.07,0.021
"AGENCY VALLEY","24h",200,0.005,65.21,61.85,67.27,0.027
"AGENCY VALLEY","24h",500,0.002,74.47,69.56,77.62,0.035
"AGENCY VALLEY","24h",1000,0.001,81.89,75.57,85.92,0.041
"AGENCY VALLEY","24h",2000,5e-04,89.67,81.69,94.67,0.048
"AGENCY VALLEY","24h",5000,2e-04,100.56,90.11,107.39,0.056
"AGENCY VALLEY","24h",10000,1e-04,109.29,96.6,117.81,0.063
"AGENCY VALLEY","72h",2,0.5,32.95,32.79,33.17,0.004
"AGENCY VALLEY","72h",5,0.2,43.03,42.85,43.23,0.003
"AGENCY VALLEY","72h",10,0.1,49.72,49.3,50.07,0.005
"AGENCY VALLEY","72h",25,0.04,58.18,57.25,58.95,0.009
"AGENCY VALLEY","72h",50,0.02,64.47,62.98,65.69,0.013
"AGENCY VALLEY","72h",100,0.01,70.72,68.57,72.44,0.018
"AGENCY VALLEY","72h",200,0.005,76.96,74.07,79.34,0.022
"AGENCY VALLEY","72h",500,0.002,85.21,81.14,88.49,0.028
"AGENCY VALLEY","72h",1000,0.001,91.45,86.36,95.54,0.033
"AGENCY VALLEY","72h",2000,5e-04,97.69,91.43,102.66,0.038
"AGENCY VALLEY","72h",5000,2e-04,105.96,98.01,112.22,0.044
"AGENCY VALLEY","72h",10000,1e-04,112.23,102.91,119.6,0.049
"OCHOCO","24h",2,0.5,35.01,34.77,35.4,0.006
"OCHOCO","24h",5,0.2,47.56,47.34,47.79,0.003
"OCHOCO","24h",10,0.1,56.19,55.52,56.65,0.007
"OCHOCO","24h",25,0.04,67.42,65.83,68.45,0.013
"OCHOCO","24h",50,0.02,75.99,73.52,77.65,0.017
"OCHOCO","24h",100,0.01,84.72,81.17,87.03,0.022
"OCHOCO","24h",200,0.005,93.68,88.95,96.62,0.026
"OCHOCO","24h",500,0.002,105.92,99.46,109.98,0.031
"OCHOCO","24h",1000,0.001,115.52,107.53,120.61,0.035
"OCHOCO","24h",2000,5e-04,125.43,115.87,131.53,0.039
"OCHOCO","24h",5000,2e-04,139.06,127.23,146.69,0.044
"OCHOCO","24h",10000,1e-04,149.79,136.08,158.82,0.048
"OCHOCO","72h",2,0.5,52.11,51.74,52.69,0.006
"OCHOCO","72h",5,0.2,69.97,69.67,70.34,0.003
"OCHOCO","72h",10,0.1,82.6,81.73,83.21,0.006
"OCHOCO","72h",25,0.04,99.57,97.21,101.11,0.013
"OCHOCO","72h",50,0.02,112.91,108.94,115.5,0.019
"OCHOCO","72h",100,0.01,126.83,120.75,130.88,0.025
"OCHOCO","72h",200,0.005,141.4,132.76,147.26,0.032
"OCHOCO","72h",500,0.002,161.75,148.99,170.6,0.041
"OCHOCO","72h",1000,0.001,178.04,161.54,189.2,0.048
"OCHOCO","72h",2000,5e-04,195.15,174.35,208.96,0.056
"OCHOCO","72h",5000,2e-04,219.08,191.69,237.19,0.066
"OCHOCO","72h",10000,1e-04,238.25,205.05,260.73,0.073
"ONEILL FOREBAY DIKE","24h",2,0.5,80.74,80.24,81.59,0.006
"ONEILL FOREBAY DIKE","24h",5,0.2,108.85,108.3,109.53,0.004
"ONEILL FOREBAY DIKE","24h",10,0.1,128.53,127.08,129.6,0.006
"ONEILL FOREBAY DIKE","24h",25,0.04,154.67,151.18,157.02,0.013
"ONEILL FOREBAY DIKE","24h",50,0.02,175.03,169.02,178.83,0.018
"ONEILL FOREBAY DIKE","24h",100,0.01,196.09,187.16,201.73,0.024
"ONEILL FOREBAY DIKE","24h",200,0.005,217.96,205.62,225.93,0.031
"ONEILL FOREBAY DIKE","24h",500,0.002,248.22,230.01,259.89,0.04
"ONEILL FOREBAY DIKE","24h",1000,0.001,272.21,248.64,287.53,0.046
"ONEILL FOREBAY DIKE","24h",2000,5e-04,297.19,267.83,316.78,0.054
"ONEILL FOREBAY DIKE","24h",5000,2e-04,331.81,293.45,358.11,0.063
"ONEILL FOREBAY DIKE","24h",10000,1e-04,359.28,313.13,391.57,0.07
"ONEILL FOREBAY DIKE","72h",2,0.5,125.14,123.97,126.84,0.007
"ONEILL FOREBAY DIKE","72h",5,0.2,176.43,175.46,177.59,0.004
"ONEILL FOREBAY DIKE","72h",10,0.1,213.13,210.67,215.13,0.007
"ONEILL FOREBAY DIKE","72h",25,0.04,262.9,256.28,267.85,0.014
"ONEILL FOREBAY DIKE","72h",50,0.02,302.43,290.7,310.77,0.021
"ONEILL FOREBAY DIKE","72h",100,0.01,344.02,326.07,357.17,0.028
"ONEILL FOREBAY DIKE","72h",200,0.005,387.93,362.34,407.41,0.036
"ONEILL FOREBAY DIKE","72h",500,0.002,449.87,411.78,478.74,0.046
"ONEILL FOREBAY DIKE","72h",1000,0.001,499.91,450.06,537.52,0.054
"ONEILL FOREBAY DIKE","72h",2000,5e-04,552.9,489.38,600.79,0.062
"ONEILL FOREBAY DIKE","72h",5000,2e-04,627.77,544.67,691.96,0.074
"ONEILL FOREBAY DIKE","72h",10000,1e-04,688.31,587.07,767.1,0.082
"SCOGGINS","24h",2,0.5,100.1,99.53,100.95,0.005
"SCOGGINS","24h",5,0.2,128.19,127.55,128.87,0.003
"SCOGGINS","24h",10,0.1,146.93,145.48,147.99,0.006
"SCOGGINS","24h",25,0.04,170.77,167.26,173.27,0.011
"SCOGGINS","24h",50,0.02,188.56,182.92,192.59,0.016
"SCOGGINS","24h",100,0.01,206.33,197.97,212.11,0.022
"SCOGGINS","24h",200,0.005,224.12,212.81,232.06,0.028
"SCOGGINS","24h",500,0.002,247.75,231.65,259.56,0.035
"SCOGGINS","24h",1000,0.001,265.72,245.55,280.58,0.041
"SCOGGINS","24h",2000,5e-04,283.79,259.16,302,0.047
"SCOGGINS","24h",5000,2e-04,307.81,276.74,331.35,0.056
"SCOGGINS","24h",10000,1e-04,326.1,289.53,353.97,0.062
"SCOGGINS","72h",2,0.5,163.22,162.31,164.86,0.005
"SCOGGINS","72h",5,0.2,202.93,201.99,204.12,0.003
"SCOGGINS","72h",10,0.1,230.64,228.14,232.74,0.006
"SCOGGINS","72h",25,0.04,269.4,263.26,273.9,0.013
"SCOGGINS","72h",50,0.02,301.75,291.27,308.51,0.018
"SCOGGINS","72h",100,0.01,337.49,321.76,347.45,0.025
"SCOGGINS","72h",200,0.005,377.23,354.73,391.5,0.031
"SCOGGINS","72h",500,0.002,436.91,403.43,458.11,0.041
"SCOGGINS","72h",1000,0.001,488.23,443.39,516.18,0.049
"SCOGGINS","72h",2000,5e-04,545.62,487.62,582.58,0.057
"SCOGGINS","72h",5000,2e-04,632.05,551.74,683.03,0.068
"SCOGGINS","72h",10000,1e-04,706.49,605.55,771.76,0.076
"MINATARE","24h",2,0.5,43.16,42.91,43.54,0.005
"MINATARE","24h",5,0.2,58.71,58.43,59.02,0.003
"MINATARE","24h",10,0.1,68.98,68.37,69.46,0.005
"MINATARE","24h",25,0.04,81.91,80.42,83.07,0.01
"MINATARE","24h",50,0.02,91.49,89.17,93.28,0.015
"MINATARE","24h",100,0.01,100.97,97.61,103.66,0.019
"MINATARE","24h",200,0.005,110.4,105.73,114.05,0.024
"MINATARE","24h",500,0.002,122.81,116.1,127.93,0.03
"MINATARE","24h",1000,0.001,132.16,123.64,138.62,0.035
"MINATARE","24h",2000,5e-04,141.5,131.04,149.43,0.041
"MINATARE","24h",5000,2e-04,153.8,140.52,163.99,0.047
"MINATARE","24h",10000,1e-04,163.09,147.47,175.19,0.052
"MINATARE","72h",2,0.5,53.25,52.93,53.65,0.004
"MINATARE","72h",5,0.2,71.86,71.49,72.24,0.003
"MINATARE","72h",10,0.1,83.67,82.93,84.27,0.005
"MINATARE","72h",25,0.04,98.04,96.32,99.33,0.01
"MINATARE","72h",50,0.02,108.32,105.6,110.37,0.013
"MINATARE","72h",100,0.01,118.2,114.43,121.23,0.017
"MINATARE","72h",200,0.005,127.75,122.76,131.89,0.021
"MINATARE","72h",500,0.002,139.91,133.14,145.67,0.027
"MINATARE","72h",1000,0.001,148.77,140.43,155.99,0.031
"MINATARE","72h",2000,5e-04,157.35,147.43,166.06,0.035
"MINATARE","72h",5000,2e-04,168.31,156.33,178.93,0.041
"MINATARE","72h",10000,1e-04,176.3,162.4,188.51,0.045
"SCOGGINS","24h",2,0.5,98.66,98.11,99.51,0.005
"SCOGGINS","24h",5,0.2,126.08,125.52,126.75,0.003
"SCOGGINS","24h",10,0.1,144.28,142.8,145.44,0.006
"SCOGGINS","24h",25,0.04,167.34,163.68,169.74,0.011
"SCOGGINS","24h",50,0.02,184.48,178.73,188.33,0.017
"SCOGGINS","24h",100,0.01,201.53,193.46,207.36,0.022
"SCOGGINS","24h",200,0.005,218.55,207.52,226.51,0.028
"SCOGGINS","24h",500,0.002,241.06,225.69,252.82,0.036
"SCOGGINS","24h",1000,0.001,258.11,238.72,272.77,0.042
"SCOGGINS","24h",2000,5e-04,275.18,251.38,292.9,0.048
"SCOGGINS","24h",5000,2e-04,297.81,267.59,321.28,0.056
"SCOGGINS","24h",10000,1e-04,314.96,279.72,343.12,0.062
"SCOGGINS","72h",2,0.5,163.22,162.32,164.85,0.005
"SCOGGINS","72h",5,0.2,202.93,201.99,204.11,0.003
"SCOGGINS","72h",10,0.1,230.64,228.12,232.72,0.006
"SCOGGINS","72h",25,0.04,269.4,263.26,273.86,0.013
"SCOGGINS","72h",50,0.02,301.75,291.2,308.48,0.018
"SCOGGINS","72h",100,0.01,337.49,321.87,347.56,0.025
"SCOGGINS","72h",200,0.005,377.23,354.7,391.55,0.031
"SCOGGINS","72h",500,0.002,436.91,403.01,457.84,0.041
"SCOGGINS","72h",1000,0.001,488.23,443.93,515.54,0.049
"SCOGGINS","72h",2000,5e-04,545.62,487.82,581.65,0.057
"SCOGGINS","72h",5000,2e-04,632.05,551.97,683.37,0.068
"SCOGGINS","72h",10000,1e-04,706.49,605.47,770.76,0.076
"EAST CANYON","24h",2,0.5,40.18,39.97,40.55,0.005
"EAST CANYON","24h",5,0.2,50.37,50.18,50.62,0.003
"EAST CANYON","24h",10,0.1,57.53,56.96,57.92,0.005
"EAST CANYON","24h",25,0.04,67.61,66.25,68.51,0.011
"EAST CANYON","24h",50,0.02,76.06,73.75,77.53,0.016
"EAST CANYON","24h",100,0.01,85.45,81.92,87.64,0.022
"EAST CANYON","24h",200,0.005,95.94,90.76,99.14,0.028
"EAST CANYON","24h",500,0.002,111.77,104.09,116.57,0.037
"EAST CANYON","24h",1000,0.001,125.46,115.1,131.87,0.044
"EAST CANYON","24h",2000,5e-04,140.83,127.16,149.14,0.051
"EAST CANYON","24h",5000,2e-04,164.11,145.28,175.59,0.061
"EAST CANYON","24h",10000,1e-04,184.26,160.46,198.9,0.068
"EAST CANYON","72h",2,0.5,53.6,53.33,54.06,0.004
"EAST CANYON","72h",5,0.2,67.31,67.06,67.65,0.003
"EAST CANYON","72h",10,0.1,76.82,76.07,77.43,0.005
"EAST CANYON","72h",25,0.04,90.05,88.3,91.34,0.011
"EAST CANYON","72h",50,0.02,101.03,98.2,102.98,0.015
"EAST CANYON","72h",100,0.01,113.12,108.94,115.89,0.02
"EAST CANYON","72h",200,0.005,126.5,120.48,130.46,0.026
"EAST CANYON","72h",500,0.002,146.5,137.25,152.33,0.034
"EAST CANYON","72h",1000,0.001,163.62,151.32,171.44,0.04
"EAST CANYON","72h",2000,5e-04,182.68,167,193.03,0.047
"EAST CANYON","72h",5000,2e-04,211.25,189.91,225.85,0.056
"EAST CANYON","72h",10000,1e-04,235.74,208.98,254.21,0.063
"MORMON FLAT","24h",2,0.5,52.47,52.19,53,0.005
"MORMON FLAT","24h",5,0.2,69.11,68.86,69.51,0.003
"MORMON FLAT","24h",10,0.1,80.88,80.1,81.51,0.006
"MORMON FLAT","24h",25,0.04,97.52,95.56,98.84,0.011
"MORMON FLAT","24h",50,0.02,111.56,108.22,113.61,0.016
"MORMON FLAT","24h",100,0.01,127.2,122.17,130.32,0.022
"MORMON FLAT","24h",200,0.005,144.75,137.48,149.17,0.028
"MORMON FLAT","24h",500,0.002,171.37,160.14,178.09,0.036
"MORMON FLAT","24h",1000,0.001,194.49,179.41,203.51,0.043
"MORMON FLAT","24h",2000,5e-04,220.56,200.75,232.49,0.049
"MORMON FLAT","24h",5000,2e-04,260.23,232.57,277.14,0.059
"MORMON FLAT","24h",10000,1e-04,294.74,259.55,316.1,0.066
"MORMON FLAT","72h",2,0.5,68.12,67.72,68.81,0.005
"MORMON FLAT","72h",5,0.2,94.35,93.96,94.87,0.003
"MORMON FLAT","72h",10,0.1,112.56,111.54,113.37,0.005
"MORMON FLAT","72h",25,0.04,136.59,133.82,138.5,0.011
"MORMON FLAT","72h",50,0.02,155.18,150.56,158.19,0.016
"MORMON FLAT","72h",100,0.01,174.29,167.29,178.71,0.021
"MORMON FLAT","72h",200,0.005,194.02,184.15,200.12,0.026
"MORMON FLAT","72h",500,0.002,221.14,206.57,230.07,0.034
"MORMON FLAT","72h",1000,0.001,242.48,223.69,254.05,0.04
"MORMON FLAT","72h",2000,5e-04,264.59,241.12,279.08,0.046
"MORMON FLAT","72h",5000,2e-04,295.01,264.27,314,0.054
"MORMON FLAT","72h",10000,1e-04,318.99,281.73,341.9,0.06
"BIG SANDY","24h",2,0.5,27.07,26.87,27.36,0.006
"BIG SANDY","24h",5,0.2,37.34,37.14,37.57,0.004
"BIG SANDY","24h",10,0.1,44.25,43.77,44.63,0.006
"BIG SANDY","24h",25,0.04,53.08,51.94,53.93,0.013
"BIG SANDY","24h",50,0.02,59.72,57.82,61.08,0.018
"BIG SANDY","24h",100,0.01,66.38,63.54,68.46,0.024
"BIG SANDY","24h",200,0.005,73.09,69.14,76,0.03
"BIG SANDY","24h",500,0.002,82.05,76.4,86.1,0.038
"BIG SANDY","24h",1000,0.001,88.91,81.81,94.09,0.044
"BIG SANDY","24h",2000,5e-04,95.84,87.16,102.36,0.05
"BIG SANDY","24h",5000,2e-04,105.11,94.03,113.36,0.058
"BIG SANDY","24h",10000,1e-04,112.21,99.12,122.02,0.065
"BIG SANDY","72h",2,0.5,37.47,37.25,37.91,0.006
"BIG SANDY","72h",5,0.2,49.75,49.55,50.04,0.003
"BIG SANDY","72h",10,0.1,58.51,57.88,59.04,0.006
"BIG SANDY","72h",25,0.04,71,69.31,72.16,0.013
"BIG SANDY","72h",50,0.02,81.6,78.76,83.45,0.019
"BIG SANDY","72h",100,0.01,93.48,89.08,96.23,0.025
"BIG SANDY","72h",200,0.005,106.9,100.48,110.69,0.032
"BIG SANDY","72h",500,0.002,127.38,117.51,132.92,0.041
"BIG SANDY","72h",1000,0.001,145.29,132.15,152.67,0.049
"BIG SANDY","72h",2000,5e-04,165.61,148.3,175.18,0.056
"BIG SANDY","72h",5000,2e-04,196.73,172.54,210.22,0.067
"BIG SANDY","72h",10000,1e-04,223.98,193.53,241.32,0.075
"EAST PARK DAM","24h",2,0.5,106.02,105.46,106.79,0.004
"EAST PARK DAM","24h",5,0.2,139.99,139.37,140.72,0.003
"EAST PARK DAM","24h",10,0.1,162.59,161.22,163.72,0.005
"EAST PARK DAM","24h",25,0.04,191.28,187.91,193.85,0.01
"EAST PARK DAM","24h",50,0.02,212.65,207.39,216.65,0.014
"EAST PARK DAM","24h",100,0.01,233.94,226.26,239.89,0.018
"EAST PARK DAM","24h",200,0.005,255.23,244.84,263.56,0.023
"EAST PARK DAM","24h",500,0.002,283.44,268.91,295.47,0.029
"EAST PARK DAM","24h",1000,0.001,304.85,286.53,320.01,0.034
"EAST PARK DAM","24h",2000,5e-04,326.33,303.87,344.39,0.039
"EAST PARK DAM","24h",5000,2e-04,354.83,326.27,378.04,0.046
"EAST PARK DAM","24h",10000,1e-04,376.49,343,404.19,0.051
"EAST PARK DAM","72h",2,0.5,174.08,172.98,175.83,0.005
"EAST PARK DAM","72h",5,0.2,240.48,239.35,241.81,0.003
"EAST PARK DAM","72h",10,0.1,286.83,283.91,289.17,0.006
"EAST PARK DAM","72h",25,0.04,348.26,340.95,353.3,0.012
"EAST PARK DAM","72h",50,0.02,395.99,383.77,403.94,0.017
"EAST PARK DAM","72h",100,0.01,445.28,426.85,457.11,0.022
"EAST PARK DAM","72h",200,0.005,496.35,470.56,513.1,0.028
"EAST PARK DAM","72h",500,0.002,566.86,529.33,591.91,0.036
"EAST PARK DAM","72h",1000,0.001,622.61,574.48,655.25,0.042
"EAST PARK DAM","72h",2000,5e-04,680.56,620.25,721.67,0.049
"EAST PARK DAM","72h",5000,2e-04,760.71,681.85,815.46,0.057
"EAST PARK DAM","72h",10000,1e-04,824.13,729.36,891.23,0.064
"COLD SPRINGS RES. (USBR)","24h",2,0.5,34.54,34.36,34.85,0.005
"COLD SPRINGS RES. (USBR)","24h",5,0.2,45.37,45.19,45.59,0.003
"COLD SPRINGS RES. (USBR)","24h",10,0.1,53.02,52.53,53.4,0.005
"COLD SPRINGS RES. (USBR)","24h",25,0.04,63.29,61.93,64.17,0.011
"COLD SPRINGS RES. (USBR)","24h",50,0.02,71.37,69.11,72.81,0.017
"COLD SPRINGS RES. (USBR)","24h",100,0.01,79.78,76.44,81.88,0.022
"COLD SPRINGS RES. (USBR)","24h",200,0.005,88.59,83.84,91.49,0.028
"COLD SPRINGS RES. (USBR)","24h",500,0.002,100.89,94.05,105.15,0.037
"COLD SPRINGS RES. (USBR)","24h",1000,0.001,110.72,101.9,116.23,0.043
"COLD SPRINGS RES. (USBR)","24h",2000,5e-04,121.04,109.88,128.21,0.05
"COLD SPRINGS RES. (USBR)","24h",5000,2e-04,135.48,120.69,145.19,0.059
"COLD SPRINGS RES. (USBR)","24h",10000,1e-04,147.03,129.09,158.75,0.067
"COLD SPRINGS RES. (USBR)","72h",2,0.5,49.06,48.83,49.44,0.004
"COLD SPRINGS RES. (USBR)","72h",5,0.2,63.35,63.09,63.68,0.003
"COLD SPRINGS RES. (USBR)","72h",10,0.1,73.16,72.52,73.68,0.005
"COLD SPRINGS RES. (USBR)","72h",25,0.04,85.96,84.3,87.11,0.01
"COLD SPRINGS RES. (USBR)","72h",50,0.02,95.77,93.17,97.55,0.015
"COLD SPRINGS RES. (USBR)","72h",100,0.01,105.77,101.88,108.33,0.02
"COLD SPRINGS RES. (USBR)","72h",200,0.005,116,110.58,119.51,0.025
"COLD SPRINGS RES. (USBR)","72h",500,0.002,129.93,122.16,134.97,0.033
"COLD SPRINGS RES. (USBR)","72h",1000,0.001,140.79,130.94,147.24,0.038
"COLD SPRINGS RES. (USBR)","72h",2000,5e-04,151.94,139.66,160.01,0.044
"COLD SPRINGS RES. (USBR)","72h",5000,2e-04,167.14,151.24,177.65,0.052
"COLD SPRINGS RES. (USBR)","72h",10000,1e-04,179,160.06,191.63,0.058
"LOS BANOS CREEK DETENTION DAM","24h",2,0.5,80.52,79.93,81.39,0.006
"LOS BANOS CREEK DETENTION DAM","24h",5,0.2,108.68,108.13,109.32,0.003
"LOS BANOS CREEK DETENTION DAM","24h",10,0.1,128.41,126.99,129.59,0.006
"LOS BANOS CREEK DETENTION DAM","24h",25,0.04,154.64,150.77,157.32,0.013
"LOS BANOS CREEK DETENTION DAM","24h",50,0.02,175.08,168.73,179.53,0.019
"LOS BANOS CREEK DETENTION DAM","24h",100,0.01,196.25,186.54,202.89,0.026
"LOS BANOS CREEK DETENTION DAM","24h",200,0.005,218.24,204.91,227.68,0.033
"LOS BANOS CREEK DETENTION DAM","24h",500,0.002,248.69,229.78,262.57,0.042
"LOS BANOS CREEK DETENTION DAM","24h",1000,0.001,272.85,248.77,290.5,0.049
"LOS BANOS CREEK DETENTION DAM","24h",2000,5e-04,298.02,268.02,320,0.057
"LOS BANOS CREEK DETENTION DAM","24h",5000,2e-04,332.94,293.98,361.84,0.067
"LOS BANOS CREEK DETENTION DAM","24h",10000,1e-04,360.65,313.71,396.2,0.075
"LOS BANOS CREEK DETENTION DAM","72h",2,0.5,124.67,123.62,126.38,0.007
"LOS BANOS CREEK DETENTION DAM","72h",5,0.2,175.61,174.64,176.81,0.004
"LOS BANOS CREEK DETENTION DAM","72h",10,0.1,211.98,209.45,214.1,0.007
"LOS BANOS CREEK DETENTION DAM","72h",25,0.04,261.2,254.25,266.22,0.015
"LOS BANOS CREEK DETENTION DAM","72h",50,0.02,300.22,288.35,308.32,0.021
"LOS BANOS CREEK DETENTION DAM","72h",100,0.01,341.2,323.14,353.41,0.029
"LOS BANOS CREEK DETENTION DAM","72h",200,0.005,384.39,358.5,401.7,0.036
"LOS BANOS CREEK DETENTION DAM","72h",500,0.002,445.2,406.68,470.9,0.046
"LOS BANOS CREEK DETENTION DAM","72h",1000,0.001,494.24,444.23,527.79,0.054
"LOS BANOS CREEK DETENTION DAM","72h",2000,5e-04,546.08,482.81,588.89,0.062
"LOS BANOS CREEK DETENTION DAM","72h",5000,2e-04,619.18,535.61,676.72,0.073
"LOS BANOS CREEK DETENTION DAM","72h",10000,1e-04,678.18,576.15,748.94,0.082
"STONY GORGE","24h",2,0.5,103.98,103.49,104.7,0.004
"STONY GORGE","24h",5,0.2,137.35,136.82,137.97,0.003
"STONY GORGE","24h",10,0.1,159.59,158.27,160.67,0.005
"STONY GORGE","24h",25,0.04,187.87,184.77,190.21,0.009
"STONY GORGE","24h",50,0.02,208.98,203.95,212.34,0.013
"STONY GORGE","24h",100,0.01,230.04,222.84,235.22,0.017
"STONY GORGE","24h",200,0.005,251.12,241.36,258.15,0.021
"STONY GORGE","24h",500,0.002,279.11,265.43,289.12,0.027
"STONY GORGE","24h",1000,0.001,300.39,283.28,313,0.032
"STONY GORGE","24h",2000,5e-04,321.76,300.64,337.35,0.037
"STONY GORGE","24h",5000,2e-04,350.18,323.39,370.16,0.043
"STONY GORGE","24h",10000,1e-04,371.81,340.22,395.33,0.048
"STONY GORGE","72h",2,0.5,173.74,172.61,175.32,0.005
"STONY GORGE","72h",5,0.2,238.56,237.61,239.79,0.003
"STONY GORGE","72h",10,0.1,283.49,280.83,285.61,0.005
"STONY GORGE","72h",25,0.04,342.67,335.71,347.39,0.011
"STONY GORGE","72h",50,0.02,388.37,376.65,396.26,0.016
"STONY GORGE","72h",100,0.01,435.32,418.36,447.28,0.021
"STONY GORGE","72h",200,0.005,483.7,460.45,500.58,0.027
"STONY GORGE","72h",500,0.002,550.11,517.18,575.62,0.035
"STONY GORGE","72h",1000,0.001,602.31,559.54,635.32,0.041
"STONY GORGE","72h",2000,5e-04,656.28,603.04,697.43,0.047
"STONY GORGE","72h",5000,2e-04,730.48,661.02,784.12,0.055
"STONY GORGE","72h",10000,1e-04,788.84,705.31,853.33,0.061
"MOSES LAKE SOUTH DAM","24h",2,0.5,55.41,55.07,55.9,0.005
"MOSES LAKE SOUTH DAM","24h",5,0.2,72.84,72.54,73.19,0.003
"MOSES LAKE SOUTH DAM","24h",10,0.1,84.83,84.04,85.46,0.005
"MOSES LAKE SOUTH DAM","24h",25,0.04,100.53,98.4,101.92,0.011
"MOSES LAKE SOUTH DAM","24h",50,0.02,112.59,109.26,114.86,0.016
"MOSES LAKE SOUTH DAM","24h",100,0.01,124.91,119.91,128.38,0.022
"MOSES LAKE SOUTH DAM","24h",200,0.005,137.55,130.52,142.45,0.028
"MOSES LAKE SOUTH DAM","24h",500,0.002,154.79,144.68,162.17,0.036
"MOSES LAKE SOUTH DAM","24h",1000,0.001,168.26,155.44,178.09,0.042
"MOSES LAKE SOUTH DAM","24h",2000,5e-04,182.12,166.24,194.44,0.049
"MOSES LAKE SOUTH DAM","24h",5000,2e-04,201.07,180.55,217.39,0.058
"MOSES LAKE SOUTH DAM","24h",10000,1e-04,215.89,191.31,235.74,0.064
"MOSES LAKE SOUTH DAM","72h",2,0.5,87.29,86.81,88.03,0.004
"MOSES LAKE SOUTH DAM","72h",5,0.2,114.07,113.56,114.65,0.003
"MOSES LAKE SOUTH DAM","72h",10,0.1,131.98,130.66,132.98,0.006
"MOSES LAKE SOUTH DAM","72h",25,0.04,154.8,151.71,157.12,0.011
"MOSES LAKE SOUTH DAM","72h",50,0.02,171.87,167,175.51,0.016
"MOSES LAKE SOUTH DAM","72h",100,0.01,188.94,181.81,194.13,0.021
"MOSES LAKE SOUTH DAM","72h",200,0.005,206.07,196.24,213.32,0.026
"MOSES LAKE SOUTH DAM","72h",500,0.002,228.85,214.94,239.45,0.033
"MOSES LAKE SOUTH DAM","72h",1000,0.001,246.21,228.57,259.42,0.039
"MOSES LAKE SOUTH DAM","72h",2000,5e-04,263.69,242.26,279.33,0.045
"MOSES LAKE SOUTH DAM","72h",5000,2e-04,286.98,259.75,307.08,0.052
"MOSES LAKE SOUTH DAM","72h",10000,1e-04,304.75,272.71,328.71,0.058
"MOON LAKE","24h",2,0.5,30.94,30.73,31.33,0.007
"MOON LAKE","24h",5,0.2,40.79,40.62,41.03,0.003
"MOON LAKE","24h",10,0.1,47.93,47.39,48.37,0.007
"MOON LAKE","24h",25,0.04,58.25,56.79,59.29,0.014
"MOON LAKE","24h",50,0.02,67.13,64.68,68.79,0.021
"MOON LAKE","24h",100,0.01,77.19,73.33,79.72,0.028
"MOON LAKE","24h",200,0.005,88.67,82.96,92.27,0.035
"MOON LAKE","24h",500,0.002,106.42,97.58,112,0.046
"MOON LAKE","24h",1000,0.001,122.12,110.11,129.53,0.054
"MOON LAKE","24h",2000,5e-04,140.13,124.18,149.94,0.062
"MOON LAKE","24h",5000,2e-04,168.06,145.48,181.93,0.074
"MOON LAKE","24h",10000,1e-04,192.81,163.8,210.86,0.083
"MOON LAKE","72h",2,0.5,41.72,41.45,42.2,0.006
"MOON LAKE","72h",5,0.2,54.93,54.71,55.27,0.003
"MOON LAKE","72h",10,0.1,64.4,63.68,64.91,0.006
"MOON LAKE","72h",25,0.04,77.94,76.14,79.1,0.013
"MOON LAKE","72h",50,0.02,89.48,86.51,91.4,0.019
"MOON LAKE","72h",100,0.01,102.46,97.93,105.27,0.025
"MOON LAKE","72h",200,0.005,117.14,110.42,121.07,0.032
"MOON LAKE","72h",500,0.002,139.64,129.19,145.89,0.041
"MOON LAKE","72h",1000,0.001,159.38,145.19,168.13,0.049
"MOON LAKE","72h",2000,5e-04,181.84,163.09,193.63,0.056
"MOON LAKE","72h",5000,2e-04,216.35,189.82,233.37,0.067
"MOON LAKE","72h",10000,1e-04,246.67,212.96,268.18,0.075
"BOX BUTTE","24h",2,0.5,43.45,43.18,43.83,0.005
"BOX BUTTE","24h",5,0.2,59.55,59.26,59.86,0.003
"BOX BUTTE","24h",10,0.1,70.36,69.68,70.93,0.006
"BOX BUTTE","24h",25,0.04,84.19,82.51,85.51,0.011
"BOX BUTTE","24h",50,0.02,94.58,91.96,96.71,0.016
"BOX BUTTE","24h",100,0.01,105,101.18,108.11,0.021
"BOX BUTTE","24h",200,0.005,115.49,110.15,119.65,0.027
"BOX BUTTE","24h",500,0.002,129.49,121.97,135.26,0.034
"BOX BUTTE","24h",1000,0.001,140.2,130.77,147.43,0.04
"BOX BUTTE","24h",2000,5e-04,151.01,139.44,159.93,0.045
"BOX BUTTE","24h",5000,2e-04,165.48,150.79,177.08,0.053
"BOX BUTTE","24h",10000,1e-04,176.55,159.45,190.56,0.059
"BOX BUTTE","72h",2,0.5,53.37,53.06,53.79,0.004
"BOX BUTTE","72h",5,0.2,72.26,71.9,72.68,0.003
"BOX BUTTE","72h",10,0.1,84.32,83.48,84.99,0.005
"BOX BUTTE","72h",25,0.04,99.06,97.35,100.5,0.01
"BOX BUTTE","72h",50,0.02,109.65,107.01,111.82,0.014
"BOX BUTTE","72h",100,0.01,119.88,116.12,123.07,0.018
"BOX BUTTE","72h",200,0.005,129.8,124.82,133.97,0.022
"BOX BUTTE","72h",500,0.002,142.48,135.53,148.09,0.028
"BOX BUTTE","72h",1000,0.001,151.77,143.18,158.76,0.032
"BOX BUTTE","72h",2000,5e-04,160.8,150.39,169.18,0.037
"BOX BUTTE","72h",5000,2e-04,172.38,159.44,182.84,0.042
"BOX BUTTE","72h",10000,1e-04,180.87,165.97,192.95,0.047
"PISHKUN DIKE 1","24h",2,0.5,38.26,38,38.65,0.005
"PISHKUN DIKE 1","24h",5,0.2,53.12,52.89,53.38,0.003
"PISHKUN DIKE 1","24h",10,0.1,63.24,62.57,63.79,0.006
"PISHKUN DIKE 1","24h",25,0.04,76.31,74.71,77.49,0.011
"PISHKUN DIKE 1","24h",50,0.02,86.22,83.78,87.93,0.015
"PISHKUN DIKE 1","24h",100,0.01,96.29,92.89,98.71,0.019
"PISHKUN DIKE 1","24h",200,0.005,106.56,102,109.8,0.023
"PISHKUN DIKE 1","24h",500,0.002,120.55,114.32,125.1,0.028
"PISHKUN DIKE 1","24h",1000,0.001,131.47,123.74,137.11,0.032
"PISHKUN DIKE 1","24h",2000,5e-04,142.72,133.48,149.55,0.035
"PISHKUN DIKE 1","24h",5000,2e-04,158.13,146.58,166.67,0.04
"PISHKUN DIKE 1","24h",10000,1e-04,170.21,156.72,180.07,0.043
"PISHKUN DIKE 1","72h",2,0.5,51.08,50.73,51.61,0.006
"PISHKUN DIKE 1","72h",5,0.2,71.53,71.26,71.94,0.003
"PISHKUN DIKE 1","72h",10,0.1,86.01,85.15,86.65,0.005
"PISHKUN DIKE 1","72h",25,0.04,105.43,103.03,107.07,0.012
"PISHKUN DIKE 1","72h",50,0.02,120.7,116.81,123.36,0.017
"PISHKUN DIKE 1","72h",100,0.01,136.64,130.83,140.7,0.023
"PISHKUN DIKE 1","72h",200,0.005,153.32,145.19,159.07,0.029
"PISHKUN DIKE 1","72h",500,0.002,176.62,164.78,185.02,0.038
"PISHKUN DIKE 1","72h",1000,0.001,195.26,179.93,206.13,0.044
"PISHKUN DIKE 1","72h",2000,5e-04,214.83,195.62,228.72,0.051
"PISHKUN DIKE 1","72h",5000,2e-04,242.22,216.88,260.5,0.06
"PISHKUN DIKE 1","72h",10000,1e-04,264.15,233.52,286.53,0.067
"GUERNSEY","24h",2,0.5,38.31,38.01,38.83,0.007
"GUERNSEY","24h",5,0.2,51.94,51.69,52.3,0.004
"GUERNSEY","24h",10,0.1,61.58,60.79,62.15,0.007
"GUERNSEY","24h",25,0.04,75.21,73.18,76.51,0.014
"GUERNSEY","24h",50,0.02,86.7,83.4,88.86,0.02
"GUERNSEY","24h",100,0.01,99.5,94.42,102.65,0.027
"GUERNSEY","24h",200,0.005,113.87,106.6,118.33,0.034
"GUERNSEY","24h",500,0.002,135.65,124.55,142.47,0.044
"GUERNSEY","24h",1000,0.001,154.57,139.73,163.91,0.051
"GUERNSEY","24h",2000,5e-04,175.91,156.46,188.31,0.059
"GUERNSEY","24h",5000,2e-04,208.36,181.11,225.78,0.07
"GUERNSEY","24h",10000,1e-04,236.58,201.97,258.72,0.078
"GUERNSEY","72h",2,0.5,47.78,47.48,48.23,0.005
"GUERNSEY","72h",5,0.2,66.22,65.85,66.59,0.003
"GUERNSEY","72h",10,0.1,78.22,77.34,78.9,0.006
"GUERNSEY","72h",25,0.04,93.15,91.19,94.66,0.011
"GUERNSEY","72h",50,0.02,104.07,101.1,106.28,0.016
"GUERNSEY","72h",100,0.01,114.78,110.4,117.94,0.021
"GUERNSEY","72h",200,0.005,125.31,119.37,129.56,0.026
"GUERNSEY","72h",500,0.002,139.01,130.85,145.01,0.032
"GUERNSEY","72h",1000,0.001,149.21,139.21,156.78,0.037
"GUERNSEY","72h",2000,5e-04,159.29,147.33,168.4,0.043
"GUERNSEY","72h",5000,2e-04,172.42,157.53,183.82,0.049
"GUERNSEY","72h",10000,1e-04,182.21,164.93,195.87,0.055
"DAVIS CREEK","24h",2,0.5,61.82,61.39,62.45,0.005
"DAVIS CREEK","24h",5,0.2,83.25,82.87,83.76,0.003
"DAVIS CREEK","24h",10,0.1,98.17,97.17,99,0.006
"DAVIS CREEK","24h",25,0.04,117.88,115.21,119.61,0.012
"DAVIS CREEK","24h",50,0.02,133.15,128.7,136.14,0.018
"DAVIS CREEK","24h",100,0.01,148.89,142.34,153.32,0.024
"DAVIS CREEK","24h",200,0.005,165.16,156.08,171.57,0.03
"DAVIS CREEK","24h",500,0.002,187.56,174.35,197.34,0.039
"DAVIS CREEK","24h",1000,0.001,205.23,188.21,217.94,0.046
"DAVIS CREEK","24h",2000,5e-04,223.55,202.37,239.59,0.053
"DAVIS CREEK","24h",5000,2e-04,248.83,221.46,270.03,0.062
"DAVIS CREEK","24h",10000,1e-04,268.78,235.82,294.52,0.07
"DAVIS CREEK","72h",2,0.5,74.9,74.45,75.5,0.004
"DAVIS CREEK","72h",5,0.2,99.05,98.54,99.53,0.003
"DAVIS CREEK","72h",10,0.1,114.91,113.82,115.8,0.005
"DAVIS CREEK","72h",25,0.04,134.82,132.12,136.81,0.011
"DAVIS CREEK","72h",50,0.02,149.5,145.28,152.47,0.015
"DAVIS CREEK","72h",100,0.01,163.98,157.93,168.36,0.02
"DAVIS CREEK","72h",200,0.005,178.33,170.08,184.4,0.025
"DAVIS CREEK","72h",500,0.002,197.13,185.71,205.57,0.031
"DAVIS CREEK","72h",1000,0.001,211.25,197.25,222.13,0.036
"DAVIS CREEK","72h",2000,5e-04,225.29,208.38,238.85,0.042
"DAVIS CREEK","72h",5000,2e-04,243.72,222.73,261.09,0.049
"DAVIS CREEK","72h",10000,1e-04,257.57,233.21,278.14,0.054
"DEERFIELD","24h",2,0.5,44.89,44.61,45.31,0.005
"DEERFIELD","24h",5,0.2,62.29,62.04,62.64,0.003
"DEERFIELD","24h",10,0.1,74.47,73.75,75.02,0.005
"DEERFIELD","24h",25,0.04,90.63,88.8,91.88,0.011
"DEERFIELD","24h",50,0.02,103.22,100.17,105.27,0.016
"DEERFIELD","24h",100,0.01,116.24,111.78,119.27,0.021
"DEERFIELD","24h",200,0.005,129.75,123.47,134.04,0.027
"DEERFIELD","24h",500,0.002,148.44,139.28,154.85,0.034
"DEERFIELD","24h",1000,0.001,163.25,151.57,171.69,0.04
"DEERFIELD","24h",2000,5e-04,178.66,164.1,189.16,0.046
"DEERFIELD","24h",5000,2e-04,200.02,180.92,214.1,0.054
"DEERFIELD","24h",10000,1e-04,216.96,193.93,234.23,0.06
"DEERFIELD","72h",2,0.5,56.09,55.77,56.57,0.005
"DEERFIELD","72h",5,0.2,77.26,76.92,77.69,0.003
"DEERFIELD","72h",10,0.1,91.5,90.66,92.22,0.005
"DEERFIELD","72h",25,0.04,109.76,107.7,111.32,0.01
"DEERFIELD","72h",50,0.02,123.5,120.23,125.97,0.015
"DEERFIELD","72h",100,0.01,137.3,132.44,140.67,0.019
"DEERFIELD","72h",200,0.005,151.22,144.74,155.77,0.024
"DEERFIELD","72h",500,0.002,169.83,160.52,176.55,0.031
"DEERFIELD","72h",1000,0.001,184.1,172.36,192.81,0.036
"DEERFIELD","72h",2000,5e-04,198.52,184.1,209.22,0.041
"DEERFIELD","72h",5000,2e-04,217.86,199.37,231.62,0.048
"DEERFIELD","72h",10000,1e-04,232.68,210.76,248.97,0.053
"BOCA","24h",2,0.5,78.36,77.84,79.18,0.006
"BOCA","24h",5,0.2,107.16,106.72,107.72,0.003
"BOCA","24h",10,0.1,127.47,126.12,128.47,0.006
"BOCA","24h",25,0.04,154.65,151.06,157.03,0.012
"BOCA","24h",50,0.02,175.97,170.27,179.87,0.018
"BOCA","24h",100,0.01,198.15,189.55,204.03,0.024
"BOCA","24h",200,0.005,221.32,209.09,229.47,0.031
"BOCA","24h",500,0.002,253.6,235.48,266.12,0.039
"BOCA","24h",1000,0.001,279.36,256.3,295.58,0.046
"BOCA","24h",2000,5e-04,306.35,277.23,326.92,0.053
"BOCA","24h",5000,2e-04,344,305.7,371.67,0.063
"BOCA","24h",10000,1e-04,374.08,328,407.94,0.07
"BOCA","72h",2,0.5,124.17,123.32,125.75,0.007
"BOCA","72h",5,0.2,175.72,174.95,176.81,0.003
"BOCA","72h",10,0.1,212.37,210.08,214.08,0.006
"BOCA","72h",25,0.04,261.76,255.6,265.96,0.013
"BOCA","72h",50,0.02,300.77,290.04,307.24,0.019
"BOCA","72h",100,0.01,341.6,325.33,351.29,0.026
"BOCA","72h",200,0.005,384.49,361.46,398.35,0.032
"BOCA","72h",500,0.002,444.66,409.94,465.33,0.042
"BOCA","72h",1000,0.001,493,447.59,520.04,0.049
"BOCA","72h",2000,5e-04,543.93,486.14,578.4,0.056
"BOCA","72h",5000,2e-04,615.49,538.53,661.64,0.066
"BOCA","72h",10000,1e-04,673.02,579.28,729.17,0.074
"COMO","24h",2,0.5,29.37,29.21,29.6,0.004
"COMO","24h",5,0.2,38.73,38.54,38.94,0.003
"COMO","24h",10,0.1,44.83,44.37,45.16,0.006
"COMO","24h",25,0.04,52.41,51.39,53.14,0.011
"COMO","24h",50,0.02,57.96,56.37,59.07,0.015
"COMO","24h",100,0.01,63.4,61.08,64.96,0.02
"COMO","24h",200,0.005,68.75,65.6,70.89,0.025
"COMO","24h",500,0.002,75.71,71.44,78.71,0.031
"COMO","24h",1000,0.001,80.9,75.67,84.71,0.037
"COMO","24h",2000,5e-04,86.01,79.84,90.74,0.042
"COMO","24h",5000,2e-04,92.69,85.12,98.62,0.049
"COMO","24h",10000,1e-04,97.66,88.87,104.58,0.054
"COMO","72h",2,0.5,50.05,49.82,50.48,0.005
"COMO","72h",5,0.2,63,62.73,63.34,0.003
"COMO","72h",10,0.1,71.83,71.1,72.34,0.006
"COMO","72h",25,0.04,83.94,82.2,85.02,0.011
"COMO","72h",50,0.02,93.86,91.03,95.7,0.015
"COMO","72h",100,0.01,104.65,100.52,107.12,0.021
"COMO","72h",200,0.005,116.47,110.75,120.01,0.026
"COMO","72h",500,0.002,133.91,125.48,138.93,0.034
"COMO","72h",1000,0.001,148.65,137.68,155.18,0.04
"COMO","72h",2000,5e-04,164.89,150.61,173.25,0.046
"COMO","72h",5000,2e-04,188.91,169.55,200.28,0.055
"COMO","72h",10000,1e-04,209.25,185.28,223.56,0.062
"BOR STEINAKER","24h",2,0.5,26.43,26.27,26.75,0.007
"BOR STEINAKER","24h",5,0.2,35.07,34.96,35.28,0.003
"BOR STEINAKER","24h",10,0.1,41.46,41.04,41.8,0.006
"BOR STEINAKER","24h",25,0.04,50.85,49.62,51.66,0.013
"BOR STEINAKER","24h",50,0.02,59.05,56.94,60.37,0.02
"BOR STEINAKER","24h",100,0.01,68.48,65.13,70.37,0.027
"BOR STEINAKER","24h",200,0.005,79.36,74.36,82.11,0.034
"BOR STEINAKER","24h",500,0.002,96.44,88.56,100.65,0.045
"BOR STEINAKER","24h",1000,0.001,111.79,101.11,117.7,0.053
"BOR STEINAKER","24h",2000,5e-04,129.61,115.26,137.57,0.062
"BOR STEINAKER","24h",5000,2e-04,157.67,137.1,169.55,0.074
"BOR STEINAKER","24h",10000,1e-04,182.9,156.17,198.7,0.083
"BOR STEINAKER","72h",2,0.5,34.34,34.15,34.72,0.006
"BOR STEINAKER","72h",5,0.2,45.53,45.35,45.77,0.003
"BOR STEINAKER","72h",10,0.1,53.57,53,54.02,0.006
"BOR STEINAKER","72h",25,0.04,65.09,63.59,66,0.012
"BOR STEINAKER","72h",50,0.02,74.94,72.48,76.43,0.018
"BOR STEINAKER","72h",100,0.01,86.03,82.28,88.33,0.024
"BOR STEINAKER","72h",200,0.005,98.6,93.11,101.9,0.031
"BOR STEINAKER","72h",500,0.002,117.9,109.37,123.01,0.04
"BOR STEINAKER","72h",1000,0.001,134.86,123.57,141.63,0.047
"BOR STEINAKER","72h",2000,5e-04,154.2,139.22,162.86,0.055
"BOR STEINAKER","72h",5000,2e-04,183.97,163.05,195.78,0.065
"BOR STEINAKER","72h",10000,1e-04,210.19,183.39,225.35,0.073
"VEGA","24h",2,0.5,25.96,25.82,26.25,0.006
"VEGA","24h",5,0.2,33.57,33.44,33.76,0.003
"VEGA","24h",10,0.1,39.02,38.62,39.36,0.006
"VEGA","24h",25,0.04,46.81,45.7,47.54,0.013
"VEGA","24h",50,0.02,53.44,51.58,54.59,0.018
"VEGA","24h",100,0.01,60.89,58.07,62.57,0.025
"VEGA","24h",200,0.005,69.31,65.21,71.75,0.031
"VEGA","24h",500,0.002,82.21,75.87,85.99,0.041
"VEGA","24h",1000,0.001,93.52,84.98,98.34,0.048
"VEGA","24h",2000,5e-04,106.37,95.13,112.48,0.056
"VEGA","24h",5000,2e-04,126.1,110.23,134.44,0.067
"VEGA","24h",10000,1e-04,143.42,123.14,154.17,0.075
"VEGA","72h",2,0.5,33.14,32.93,33.5,0.006
"VEGA","72h",5,0.2,42.89,42.74,43.13,0.003
"VEGA","72h",10,0.1,49.96,49.44,50.39,0.006
"VEGA","72h",25,0.04,60.15,58.71,61.12,0.013
"VEGA","72h",50,0.02,68.91,66.48,70.49,0.019
"VEGA","72h",100,0.01,78.83,75.11,81.11,0.025
"VEGA","72h",200,0.005,90.13,84.81,93.52,0.032
"VEGA","72h",500,0.002,107.57,99.37,112.91,0.042
"VEGA","72h",1000,0.001,123,112.01,130.17,0.05
"VEGA","72h",2000,5e-04,140.67,126.08,150.3,0.058
"VEGA","72h",5000,2e-04,168.03,147.27,182.12,0.069
"VEGA","72h",10000,1e-04,192.26,165.68,210.18,0.077
"WILLOW CREEK BOR MT - DIKE 5","24h",2,0.5,37.14,36.93,37.46,0.005
"WILLOW CREEK BOR MT - DIKE 5","24h",5,0.2,51.14,50.93,51.39,0.003
"WILLOW CREEK BOR MT - DIKE 5","24h",10,0.1,60.81,60.28,61.24,0.005
"WILLOW CREEK BOR MT - DIKE 5","24h",25,0.04,73.51,72.15,74.5,0.01
"WILLOW CREEK BOR MT - DIKE 5","24h",50,0.02,83.3,81.05,84.85,0.015
"WILLOW CREEK BOR MT - DIKE 5","24h",100,0.01,93.32,90.03,95.66,0.02
"WILLOW CREEK BOR MT - DIKE 5","24h",200,0.005,103.63,99.03,106.81,0.025
"WILLOW CREEK BOR MT - DIKE 5","24h",500,0.002,117.74,111,122.34,0.032
"WILLOW CREEK BOR MT - DIKE 5","24h",1000,0.001,128.81,120.2,134.74,0.037
"WILLOW CREEK BOR MT - DIKE 5","24h",2000,5e-04,140.22,129.52,147.67,0.043
"WILLOW CREEK BOR MT - DIKE 5","24h",5000,2e-04,155.87,142.01,165.69,0.05
"WILLOW CREEK BOR MT - DIKE 5","24h",10000,1e-04,168.15,151.52,180.03,0.056
"WILLOW CREEK BOR MT - DIKE 5","72h",2,0.5,51.41,51.09,51.89,0.005
"WILLOW CREEK BOR MT - DIKE 5","72h",5,0.2,71.24,70.97,71.62,0.003
"WILLOW CREEK BOR MT - DIKE 5","72h",10,0.1,85.04,84.21,85.71,0.005
"WILLOW CREEK BOR MT - DIKE 5","72h",25,0.04,103.28,101.27,104.8,0.011
"WILLOW CREEK BOR MT - DIKE 5","72h",50,0.02,117.42,114.08,119.92,0.016
"WILLOW CREEK BOR MT - DIKE 5","72h",100,0.01,131.98,126.95,135.49,0.021
"WILLOW CREEK BOR MT - DIKE 5","72h",200,0.005,147.03,140.07,151.94,0.026
"WILLOW CREEK BOR MT - DIKE 5","72h",500,0.002,167.76,157.65,174.85,0.034
"WILLOW CREEK BOR MT - DIKE 5","72h",1000,0.001,184.11,170.95,193.4,0.04
"WILLOW CREEK BOR MT - DIKE 5","72h",2000,5e-04,201.06,184.56,212.64,0.046
"WILLOW CREEK BOR MT - DIKE 5","72h",5000,2e-04,224.45,202.54,239.53,0.054
"WILLOW CREEK BOR MT - DIKE 5","72h",10000,1e-04,242.9,216.33,261.03,0.06
"BULLY CREEK","24h",2,0.5,25.9,25.76,26.11,0.005
"BULLY CREEK","24h",5,0.2,34.22,34.1,34.38,0.003
"BULLY CREEK","24h",10,0.1,40.04,39.71,40.31,0.005
"BULLY CREEK","24h",25,0.04,47.79,46.87,48.46,0.011
"BULLY CREEK","24h",50,0.02,53.82,52.34,54.9,0.016
"BULLY CREEK","24h",100,0.01,60.07,57.82,61.69,0.021
"BULLY CREEK","24h",200,0.005,66.55,63.33,68.85,0.027
"BULLY CREEK","24h",500,0.002,75.53,70.97,78.9,0.035
"BULLY CREEK","24h",1000,0.001,82.65,76.81,86.98,0.041
"BULLY CREEK","24h",2000,5e-04,90.07,82.74,95.6,0.048
"BULLY CREEK","24h",5000,2e-04,100.37,90.62,107.72,0.056
"BULLY CREEK","24h",10000,1e-04,108.53,96.79,117.5,0.063
"BULLY CREEK","72h",2,0.5,37.44,37.27,37.68,0.003
"BULLY CREEK","72h",5,0.2,49.02,48.81,49.19,0.002
"BULLY CREEK","72h",10,0.1,56.34,55.86,56.7,0.005
"BULLY CREEK","72h",25,0.04,65.16,64.25,65.87,0.008
"BULLY CREEK","72h",50,0.02,71.43,70.17,72.42,0.01
"BULLY CREEK","72h",100,0.01,77.46,75.81,78.77,0.012
"BULLY CREEK","72h",200,0.005,83.31,81.32,84.94,0.014
"BULLY CREEK","72h",500,0.002,90.83,88.29,92.88,0.016
"BULLY CREEK","72h",1000,0.001,96.4,93.42,98.76,0.017
"BULLY CREEK","72h",2000,5e-04,101.87,98.45,104.55,0.018
"BULLY CREEK","72h",5000,2e-04,108.98,104.97,112.06,0.02
"BULLY CREEK","72h",10000,1e-04,114.29,109.83,117.66,0.021
"DICKINSON DAM","24h",2,0.5,44.72,44.46,45.06,0.004
"DICKINSON DAM","24h",5,0.2,61.35,61.09,61.67,0.003
"DICKINSON DAM","24h",10,0.1,72.76,72.13,73.26,0.005
"DICKINSON DAM","24h",25,0.04,87.64,86.09,88.74,0.01
"DICKINSON DAM","24h",50,0.02,99.03,96.59,100.88,0.014
"DICKINSON DAM","24h",100,0.01,110.63,107.08,113.33,0.019
"DICKINSON DAM","24h",200,0.005,122.5,117.61,126.42,0.024
"DICKINSON DAM","24h",500,0.002,138.63,131.65,144.43,0.03
"DICKINSON DAM","24h",1000,0.001,151.2,142.18,158.51,0.035
"DICKINSON DAM","24h",2000,5e-04,164.09,152.9,173.36,0.04
"DICKINSON DAM","24h",5000,2e-04,181.65,167.01,194.01,0.047
"DICKINSON DAM","24h",10000,1e-04,195.34,177.87,210.23,0.053
"DICKINSON DAM","72h",2,0.5,54.72,54.42,55.15,0.004
"DICKINSON DAM","72h",5,0.2,74.59,74.28,74.95,0.003
"DICKINSON DAM","72h",10,0.1,87.76,86.98,88.37,0.005
"DICKINSON DAM","72h",25,0.04,104.41,102.69,105.76,0.01
"DICKINSON DAM","72h",50,0.02,116.77,114.08,118.87,0.014
"DICKINSON DAM","72h",100,0.01,129.05,125.09,132.23,0.018
"DICKINSON DAM","72h",200,0.005,141.29,135.85,145.72,0.022
"DICKINSON DAM","72h",500,0.002,157.45,149.69,163.55,0.028
"DICKINSON DAM","72h",1000,0.001,169.67,159.79,177.42,0.033
"DICKINSON DAM","72h",2000,5e-04,181.9,169.73,191.5,0.037
"DICKINSON DAM","72h",5000,2e-04,198.08,182.6,210.46,0.044
"DICKINSON DAM","72h",10000,1e-04,210.32,192.21,224.99,0.048
"MEEKS CABIN","24h",2,0.5,34.38,34.19,34.74,0.006
"MEEKS CABIN","24h",5,0.2,44.39,44.23,44.64,0.003
"MEEKS CABIN","24h",10,0.1,51.62,51.08,52.05,0.006
"MEEKS CABIN","24h",25,0.04,62.02,60.56,63,0.012
"MEEKS CABIN","24h",50,0.02,70.93,68.56,72.45,0.018
"MEEKS CABIN","24h",100,0.01,81,77.31,83.25,0.024
"MEEKS CABIN","24h",200,0.005,92.44,87.18,95.52,0.031
"MEEKS CABIN","24h",500,0.002,110.07,102.04,114.99,0.041
"MEEKS CABIN","24h",1000,0.001,125.62,114.69,132.38,0.048
"MEEKS CABIN","24h",2000,5e-04,143.38,128.86,152.2,0.056
"MEEKS CABIN","24h",5000,2e-04,170.83,150.2,183.44,0.067
"MEEKS CABIN","24h",10000,1e-04,195.07,168.74,211.65,0.075
"MEEKS CABIN","72h",2,0.5,45.63,45.38,46.08,0.005
"MEEKS CABIN","72h",5,0.2,59.3,59.06,59.63,0.003
"MEEKS CABIN","72h",10,0.1,68.93,68.22,69.46,0.006
"MEEKS CABIN","72h",25,0.04,82.5,80.66,83.69,0.012
"MEEKS CABIN","72h",50,0.02,93.89,90.99,95.78,0.017
"MEEKS CABIN","72h",100,0.01,106.56,102.16,109.31,0.022
"MEEKS CABIN","72h",200,0.005,120.73,114.44,124.6,0.028
"MEEKS CABIN","72h",500,0.002,142.15,132.64,147.91,0.037
"MEEKS CABIN","72h",1000,0.001,160.69,148.23,168.29,0.043
"MEEKS CABIN","72h",2000,5e-04,181.54,165.15,191.56,0.05
"MEEKS CABIN","72h",5000,2e-04,213.15,190.21,227.25,0.06
"MEEKS CABIN","72h",10000,1e-04,240.55,211.46,258.55,0.067
"BUMPING LAKE DAM","24h",2,0.5,88.99,88.52,90.14,0.007
"BUMPING LAKE DAM","24h",5,0.2,115.93,115.49,116.66,0.003
"BUMPING LAKE DAM","24h",10,0.1,135.56,133.89,136.74,0.006
"BUMPING LAKE DAM","24h",25,0.04,164.03,159.53,166.51,0.014
"BUMPING LAKE DAM","24h",50,0.02,188.59,181.06,192.55,0.021
"BUMPING LAKE DAM","24h",100,0.01,216.52,204.88,222.24,0.028
"BUMPING LAKE DAM","24h",200,0.005,248.45,231.61,256.44,0.036
"BUMPING LAKE DAM","24h",500,0.002,297.98,272.18,310.03,0.047
"BUMPING LAKE DAM","24h",1000,0.001,341.97,306.71,358.36,0.055
"BUMPING LAKE DAM","24h",2000,5e-04,392.54,345.45,414.02,0.064
"BUMPING LAKE DAM","24h",5000,2e-04,471.21,403.59,501.75,0.076
"BUMPING LAKE DAM","24h",10000,1e-04,541.16,454.1,580.56,0.086
"BUMPING LAKE DAM","72h",2,0.5,144.82,144.11,146.3,0.006
"BUMPING LAKE DAM","72h",5,0.2,186.32,185.64,187.35,0.003
"BUMPING LAKE DAM","72h",10,0.1,215.77,213.57,217.38,0.006
"BUMPING LAKE DAM","72h",25,0.04,257.56,251.85,260.8,0.012
"BUMPING LAKE DAM","72h",50,0.02,292.9,283.34,298.05,0.018
"BUMPING LAKE DAM","72h",100,0.01,332.39,317.91,339.63,0.024
"BUMPING LAKE DAM","72h",200,0.005,376.79,356.02,387.22,0.031
"BUMPING LAKE DAM","72h",500,0.002,444.32,412.51,460.04,0.04
"BUMPING LAKE DAM","72h",1000,0.001,503.14,460.92,524.32,0.047
"BUMPING LAKE DAM","72h",2000,5e-04,569.64,514.19,598.25,0.055
"BUMPING LAKE DAM","72h",5000,2e-04,671.07,593.49,712.65,0.065
"BUMPING LAKE DAM","72h",10000,1e-04,759.54,660.81,814.28,0.074
"PILOT BUTTE","24h",2,0.5,29.71,29.5,30.03,0.006
"PILOT BUTTE","24h",5,0.2,40.98,40.76,41.22,0.003
"PILOT BUTTE","24h",10,0.1,48.53,47.98,48.93,0.006
"PILOT BUTTE","24h",25,0.04,58.17,56.85,59.12,0.012
"PILOT BUTTE","24h",50,0.02,65.39,63.24,66.89,0.018
"PILOT BUTTE","24h",100,0.01,72.61,69.52,74.85,0.023
"PILOT BUTTE","24h",200,0.005,79.87,75.64,82.87,0.029
"PILOT BUTTE","24h",500,0.002,89.54,83.52,93.93,0.036
"PILOT BUTTE","24h",1000,0.001,96.92,89.37,102.53,0.042
"PILOT BUTTE","24h",2000,5e-04,104.36,95.05,111.23,0.048
"PILOT BUTTE","24h",5000,2e-04,114.29,102.38,122.98,0.056
"PILOT BUTTE","24h",10000,1e-04,121.87,107.84,132.22,0.062
"PILOT BUTTE","72h",2,0.5,37.57,37.3,37.97,0.006
"PILOT BUTTE","72h",5,0.2,52.45,52.17,52.79,0.004
"PILOT BUTTE","72h",10,0.1,62.41,61.71,63,0.006
"PILOT BUTTE","72h",25,0.04,75.12,73.41,76.34,0.013
"PILOT BUTTE","72h",50,0.02,84.64,81.88,86.71,0.018
"PILOT BUTTE","72h",100,0.01,94.16,90.17,97.06,0.023
"PILOT BUTTE","72h",200,0.005,103.73,98.38,107.64,0.029
"PILOT BUTTE","72h",500,0.002,116.47,108.8,122.02,0.037
"PILOT BUTTE","72h",1000,0.001,126.19,116.51,133.32,0.043
"PILOT BUTTE","72h",2000,5e-04,135.98,124.03,144.72,0.049
"PILOT BUTTE","72h",5000,2e-04,149.04,133.88,160.09,0.057
"PILOT BUTTE","72h",10000,1e-04,159.01,141.21,172.25,0.063
"UPPER STILLWATER","24h",2,0.5,33.33,33.11,33.75,0.007
"UPPER STILLWATER","24h",5,0.2,43.44,43.28,43.71,0.003
"UPPER STILLWATER","24h",10,0.1,50.82,50.22,51.27,0.006
"UPPER STILLWATER","24h",25,0.04,61.53,59.95,62.49,0.014
"UPPER STILLWATER","24h",50,0.02,70.79,68.16,72.44,0.021
"UPPER STILLWATER","24h",100,0.01,81.34,77.17,83.84,0.028
"UPPER STILLWATER","24h",200,0.005,93.41,87.21,97.26,0.035
"UPPER STILLWATER","24h",500,0.002,112.17,102.49,117.97,0.046
"UPPER STILLWATER","24h",1000,0.001,128.86,115.86,136.85,0.055
"UPPER STILLWATER","24h",2000,5e-04,148.07,130.65,158.75,0.064
"UPPER STILLWATER","24h",5000,2e-04,178,153.03,193.15,0.076
"UPPER STILLWATER","24h",10000,1e-04,204.65,172.55,224.3,0.085
"UPPER STILLWATER","72h",2,0.5,44.94,44.65,45.45,0.006
"UPPER STILLWATER","72h",5,0.2,58.16,57.93,58.47,0.003
"UPPER STILLWATER","72h",10,0.1,67.57,66.82,68.19,0.006
"UPPER STILLWATER","72h",25,0.04,80.97,78.99,82.27,0.013
"UPPER STILLWATER","72h",50,0.02,92.33,89.1,94.35,0.019
"UPPER STILLWATER","72h",100,0.01,105.04,100.13,108.08,0.026
"UPPER STILLWATER","72h",200,0.005,119.38,112.29,124.03,0.032
"UPPER STILLWATER","72h",500,0.002,141.23,130.48,148.26,0.042
"UPPER STILLWATER","72h",1000,0.001,160.31,145.92,169.78,0.05
"UPPER STILLWATER","72h",2000,5e-04,181.93,162.85,194.62,0.058
"UPPER STILLWATER","72h",5000,2e-04,214.98,188.18,232.85,0.069
"UPPER STILLWATER","72h",10000,1e-04,243.89,209.6,266.69,0.078
"RED FLEET","24h",2,0.5,26.3,26.16,26.61,0.006
"RED FLEET","24h",5,0.2,34.72,34.61,34.94,0.003
"RED FLEET","24h",10,0.1,40.89,40.47,41.21,0.006
"RED FLEET","24h",25,0.04,49.85,48.69,50.55,0.013
"RED FLEET","24h",50,0.02,57.61,55.64,58.71,0.019
"RED FLEET","24h",100,0.01,66.45,63.34,68.13,0.025
"RED FLEET","24h",200,0.005,76.59,72.08,78.99,0.032
"RED FLEET","24h",500,0.002,92.36,85.17,96.04,0.042
"RED FLEET","24h",1000,0.001,106.4,96.59,111.45,0.05
"RED FLEET","24h",2000,5e-04,122.59,109.54,129.3,0.058
"RED FLEET","24h",5000,2e-04,147.84,129,157.3,0.069
"RED FLEET","24h",10000,1e-04,170.36,145.9,182.49,0.077
"RED FLEET","72h",2,0.5,33.85,33.67,34.15,0.005
"RED FLEET","72h",5,0.2,45.93,45.74,46.17,0.003
"RED FLEET","72h",10,0.1,54.18,53.69,54.55,0.005
"RED FLEET","72h",25,0.04,64.89,63.66,65.72,0.01
"RED FLEET","72h",50,0.02,73.06,71.05,74.34,0.015
"RED FLEET","72h",100,0.01,81.35,78.29,83.28,0.02
"RED FLEET","72h",200,0.005,89.81,85.59,92.48,0.025
"RED FLEET","72h",500,0.002,101.27,95.15,105.21,0.032
"RED FLEET","72h",1000,0.001,110.16,102.44,115.13,0.037
"RED FLEET","72h",2000,5e-04,119.26,109.74,125.6,0.043
"RED FLEET","72h",5000,2e-04,131.6,119.32,139.97,0.05
"RED FLEET","72h",10000,1e-04,141.18,126.5,151.29,0.056
"BOR RED FLEET","24h",2,0.5,26.3,26.16,26.61,0.006
"BOR RED FLEET","24h",5,0.2,34.72,34.61,34.93,0.003
"BOR RED FLEET","24h",10,0.1,40.89,40.47,41.21,0.006
"BOR RED FLEET","24h",25,0.04,49.85,48.7,50.56,0.013
"BOR RED FLEET","24h",50,0.02,57.61,55.65,58.73,0.019
"BOR RED FLEET","24h",100,0.01,66.45,63.36,68.13,0.025
"BOR RED FLEET","24h",200,0.005,76.59,72.11,78.99,0.032
"BOR RED FLEET","24h",500,0.002,92.36,85.15,96,0.042
"BOR RED FLEET","24h",1000,0.001,106.4,96.59,111.38,0.05
"BOR RED FLEET","24h",2000,5e-04,122.59,109.49,129.19,0.058
"BOR RED FLEET","24h",5000,2e-04,147.84,129.19,157.15,0.069
"BOR RED FLEET","24h",10000,1e-04,170.36,146.09,182.27,0.077
"BOR RED FLEET","72h",2,0.5,33.85,33.67,34.14,0.005
"BOR RED FLEET","72h",5,0.2,45.93,45.74,46.18,0.003
"BOR RED FLEET","72h",10,0.1,54.18,53.69,54.55,0.005
"BOR RED FLEET","72h",25,0.04,64.89,63.64,65.72,0.01
"BOR RED FLEET","72h",50,0.02,73.06,71.01,74.38,0.015
"BOR RED FLEET","72h",100,0.01,81.35,78.33,83.25,0.02
"BOR RED FLEET","72h",200,0.005,89.81,85.62,92.45,0.025
"BOR RED FLEET","72h",500,0.002,101.27,95.27,105.16,0.032
"BOR RED FLEET","72h",1000,0.001,110.16,102.6,115.19,0.037
"BOR RED FLEET","72h",2000,5e-04,119.26,109.94,125.58,0.043
"BOR RED FLEET","72h",5000,2e-04,131.6,119.59,139.9,0.05
"BOR RED FLEET","72h",10000,1e-04,141.18,126.8,151.19,0.056
"FOUR MILE LAKE DAM (USBR)","24h",2,0.5,51.3,51.02,51.79,0.005
"FOUR MILE LAKE DAM (USBR)","24h",5,0.2,68.88,68.59,69.25,0.003
"FOUR MILE LAKE DAM (USBR)","24h",10,0.1,81.12,80.39,81.67,0.005
"FOUR MILE LAKE DAM (USBR)","24h",25,0.04,97.31,95.38,98.52,0.011
"FOUR MILE LAKE DAM (USBR)","24h",50,0.02,109.87,106.62,111.79,0.016
"FOUR MILE LAKE DAM (USBR)","24h",100,0.01,122.81,117.85,125.84,0.022
"FOUR MILE LAKE DAM (USBR)","24h",200,0.005,136.2,129.19,140.64,0.028
"FOUR MILE LAKE DAM (USBR)","24h",500,0.002,154.65,144.33,160.99,0.036
"FOUR MILE LAKE DAM (USBR)","24h",1000,0.001,169.21,155.96,177.44,0.042
"FOUR MILE LAKE DAM (USBR)","24h",2000,5e-04,184.32,167.68,194.74,0.048
"FOUR MILE LAKE DAM (USBR)","24h",5000,2e-04,205.17,183.31,219.31,0.057
"FOUR MILE LAKE DAM (USBR)","24h",10000,1e-04,221.65,195.33,239.15,0.064
"FOUR MILE LAKE DAM (USBR)","72h",2,0.5,81.56,81.12,82.32,0.005
"FOUR MILE LAKE DAM (USBR)","72h",5,0.2,108.57,108.04,109.2,0.003
"FOUR MILE LAKE DAM (USBR)","72h",10,0.1,126.64,125.39,127.64,0.006
"FOUR MILE LAKE DAM (USBR)","72h",25,0.04,149.68,146.61,151.78,0.011
"FOUR MILE LAKE DAM (USBR)","72h",50,0.02,166.92,162.11,170.2,0.016
"FOUR MILE LAKE DAM (USBR)","72h",100,0.01,184.17,176.82,189.02,0.021
"FOUR MILE LAKE DAM (USBR)","72h",200,0.005,201.48,191.26,208.07,0.027
"FOUR MILE LAKE DAM (USBR)","72h",500,0.002,224.52,209.98,233.77,0.034
"FOUR MILE LAKE DAM (USBR)","72h",1000,0.001,242.09,223.87,253.54,0.04
"FOUR MILE LAKE DAM (USBR)","72h",2000,5e-04,259.78,237.51,273.99,0.045
"FOUR MILE LAKE DAM (USBR)","72h",5000,2e-04,283.37,255.08,302.26,0.053
"FOUR MILE LAKE DAM (USBR)","72h",10000,1e-04,301.36,268.12,323.7,0.059
"CRYSTAL","24h",2,0.5,25.85,25.69,26.13,0.006
"CRYSTAL","24h",5,0.2,33.55,33.43,33.74,0.003
"CRYSTAL","24h",10,0.1,39.12,38.69,39.41,0.006
"CRYSTAL","24h",25,0.04,47.16,46.04,47.86,0.012
"CRYSTAL","24h",50,0.02,54.06,52.16,55.19,0.018
"CRYSTAL","24h",100,0.01,61.87,58.97,63.48,0.025
"CRYSTAL","24h",200,0.005,70.76,66.6,73.18,0.031
"CRYSTAL","24h",500,0.002,84.49,77.96,88.37,0.041
"CRYSTAL","24h",1000,0.001,96.62,87.89,101.85,0.048
"CRYSTAL","24h",2000,5e-04,110.5,98.96,117.61,0.056
"CRYSTAL","24h",5000,2e-04,132,115.7,142.35,0.067
"CRYSTAL","24h",10000,1e-04,151.02,130.08,164.36,0.075
"CRYSTAL","72h",2,0.5,33.22,33.05,33.48,0.004
"CRYSTAL","72h",5,0.2,43.57,43.4,43.77,0.003
"CRYSTAL","72h",10,0.1,50.53,50.08,50.9,0.005
"CRYSTAL","72h",25,0.04,59.44,58.34,60.26,0.01
"CRYSTAL","72h",50,0.02,66.15,64.35,67.46,0.015
"CRYSTAL","72h",100,0.01,72.88,70.26,74.78,0.02
"CRYSTAL","72h",200,0.005,79.66,76.09,82.23,0.025
"CRYSTAL","72h",500,0.002,88.73,83.72,92.36,0.032
"CRYSTAL","72h",1000,0.001,95.67,89.41,100.21,0.038
"CRYSTAL","72h",2000,5e-04,102.69,94.99,108.28,0.044
"CRYSTAL","72h",5000,2e-04,112.09,102.27,119.26,0.051
"CRYSTAL","72h",10000,1e-04,119.3,107.66,127.8,0.057
"BLACK CANYON DIVERSION","24h",2,0.5,31.68,31.52,31.93,0.004
"BLACK CANYON DIVERSION","24h",5,0.2,41.36,41.2,41.56,0.003
"BLACK CANYON DIVERSION","24h",10,0.1,48.11,47.7,48.46,0.005
"BLACK CANYON DIVERSION","24h",25,0.04,57.06,55.96,57.91,0.01
"BLACK CANYON DIVERSION","24h",50,0.02,64,62.25,65.34,0.015
"BLACK CANYON DIVERSION","24h",100,0.01,71.17,68.47,73.19,0.02
"BLACK CANYON DIVERSION","24h",200,0.005,78.59,74.87,81.3,0.026
"BLACK CANYON DIVERSION","24h",500,0.002,88.82,83.34,92.61,0.034
"BLACK CANYON DIVERSION","24h",1000,0.001,96.91,89.88,101.76,0.04
"BLACK CANYON DIVERSION","24h",2000,5e-04,105.32,96.56,111.39,0.046
"BLACK CANYON DIVERSION","24h",5000,2e-04,116.93,105.44,124.94,0.054
"BLACK CANYON DIVERSION","24h",10000,1e-04,126.12,112.38,135.92,0.061
"BLACK CANYON DIVERSION","72h",2,0.5,50.44,50.22,50.75,0.003
"BLACK CANYON DIVERSION","72h",5,0.2,65.11,64.86,65.38,0.002
"BLACK CANYON DIVERSION","72h",10,0.1,74.84,74.23,75.3,0.004
"BLACK CANYON DIVERSION","72h",25,0.04,87.15,85.81,88.19,0.009
"BLACK CANYON DIVERSION","72h",50,0.02,96.3,94.2,97.9,0.012
"BLACK CANYON DIVERSION","72h",100,0.01,105.4,102.37,107.69,0.016
"BLACK CANYON DIVERSION","72h",200,0.005,114.47,110.32,117.67,0.02
"BLACK CANYON DIVERSION","72h",500,0.002,126.45,120.66,130.91,0.026
"BLACK CANYON DIVERSION","72h",1000,0.001,135.52,128.34,141.19,0.031
"BLACK CANYON DIVERSION","72h",2000,5e-04,144.6,135.8,151.66,0.035
"BLACK CANYON DIVERSION","72h",5000,2e-04,156.62,145.43,165.77,0.041
"BLACK CANYON DIVERSION","72h",10000,1e-04,165.73,152.55,176.54,0.046
"PROSSER CREEK","24h",2,0.5,79.17,78.67,80.01,0.005
"PROSSER CREEK","24h",5,0.2,108.18,107.73,108.8,0.003
"PROSSER CREEK","24h",10,0.1,128.59,127.37,129.56,0.006
"PROSSER CREEK","24h",25,0.04,155.83,152.43,158.15,0.012
"PROSSER CREEK","24h",50,0.02,177.15,171.38,180.91,0.017
"PROSSER CREEK","24h",100,0.01,199.3,190.54,204.71,0.023
"PROSSER CREEK","24h",200,0.005,222.38,210.23,230.22,0.03
"PROSSER CREEK","24h",500,0.002,254.46,236.34,266.27,0.038
"PROSSER CREEK","24h",1000,0.001,280,256.47,295.62,0.045
"PROSSER CREEK","24h",2000,5e-04,306.71,277.05,326.7,0.052
"PROSSER CREEK","24h",5000,2e-04,343.9,305.26,370.42,0.061
"PROSSER CREEK","24h",10000,1e-04,373.53,326.83,405.78,0.068
"PROSSER CREEK","72h",2,0.5,125.35,124.46,126.87,0.006
"PROSSER CREEK","72h",5,0.2,177.34,176.52,178.47,0.003
"PROSSER CREEK","72h",10,0.1,214.33,211.97,216.15,0.006
"PROSSER CREEK","72h",25,0.04,264.21,257.91,268.68,0.013
"PROSSER CREEK","72h",50,0.02,303.62,292.63,310.5,0.019
"PROSSER CREEK","72h",100,0.01,344.9,328.08,355.11,0.025
"PROSSER CREEK","72h",200,0.005,388.27,365,402.82,0.032
"PROSSER CREEK","72h",500,0.002,449.15,415.54,470.72,0.041
"PROSSER CREEK","72h",1000,0.001,498.08,454.43,526.76,0.048
"PROSSER CREEK","72h",2000,5e-04,549.66,493.69,585.33,0.056
"PROSSER CREEK","72h",5000,2e-04,622.17,548.81,671.49,0.066
"PROSSER CREEK","72h",10000,1e-04,680.5,590.84,741.48,0.073
"UNITY","24h",2,0.5,30,29.85,30.3,0.006
"UNITY","24h",5,0.2,38.53,38.42,38.73,0.003
"UNITY","24h",10,0.1,44.79,44.34,45.14,0.006
"UNITY","24h",25,0.04,53.94,52.73,54.67,0.012
"UNITY","24h",50,0.02,61.87,59.85,63.04,0.018
"UNITY","24h",100,0.01,70.93,67.79,72.57,0.025
"UNITY","24h",200,0.005,81.35,76.74,83.87,0.032
"UNITY","24h",500,0.002,97.59,90.38,101.4,0.042
"UNITY","24h",1000,0.001,112.1,102.32,117.31,0.05
"UNITY","24h",2000,5e-04,128.85,115.81,135.85,0.058
"UNITY","24h",5000,2e-04,155.06,136.21,165.2,0.069
"UNITY","24h",10000,1e-04,178.5,154,191.63,0.078
"UNITY","72h",2,0.5,41.13,40.93,41.41,0.004
"UNITY","72h",5,0.2,53.05,52.85,53.29,0.003
"UNITY","72h",10,0.1,61.11,60.61,61.5,0.005
"UNITY","72h",25,0.04,71.46,70.29,72.34,0.009
"UNITY","72h",50,0.02,79.28,77.36,80.61,0.013
"UNITY","72h",100,0.01,87.15,84.33,89.11,0.018
"UNITY","72h",200,0.005,95.11,91.23,97.81,0.023
"UNITY","72h",500,0.002,105.8,100.29,109.71,0.029
"UNITY","72h",1000,0.001,114.01,107.12,119.16,0.034
"UNITY","72h",2000,5e-04,122.33,113.75,128.92,0.039
"UNITY","72h",5000,2e-04,133.52,122.46,142.03,0.046
"UNITY","72h",10000,1e-04,142.13,129.09,152.1,0.052
"BOR LOST CREEK (MORGAN)","24h",2,0.5,41.53,41.32,41.86,0.004
"BOR LOST CREEK (MORGAN)","24h",5,0.2,53.68,53.47,53.95,0.003
"BOR LOST CREEK (MORGAN)","24h",10,0.1,61.83,61.29,62.27,0.005
"BOR LOST CREEK (MORGAN)","24h",25,0.04,72.26,70.88,73.27,0.01
"BOR LOST CREEK (MORGAN)","24h",50,0.02,80.09,77.93,81.63,0.015
"BOR LOST CREEK (MORGAN)","24h",100,0.01,87.95,84.71,90.18,0.02
"BOR LOST CREEK (MORGAN)","24h",200,0.005,95.85,91.41,98.9,0.025
"BOR LOST CREEK (MORGAN)","24h",500,0.002,106.4,100.22,110.84,0.032
"BOR LOST CREEK (MORGAN)","24h",1000,0.001,114.47,106.74,120.12,0.037
"BOR LOST CREEK (MORGAN)","24h",2000,5e-04,122.62,113.1,129.54,0.043
"BOR LOST CREEK (MORGAN)","24h",5000,2e-04,133.52,121.36,142.57,0.05
"BOR LOST CREEK (MORGAN)","24h",10000,1e-04,141.85,127.49,152.64,0.056
"BOR LOST CREEK (MORGAN)","72h",2,0.5,56.29,55.99,56.71,0.004
"BOR LOST CREEK (MORGAN)","72h",5,0.2,73.02,72.68,73.36,0.003
"BOR LOST CREEK (MORGAN)","72h",10,0.1,83.74,82.98,84.29,0.005
"BOR LOST CREEK (MORGAN)","72h",25,0.04,96.88,95.2,98.1,0.01
"BOR LOST CREEK (MORGAN)","72h",50,0.02,106.35,103.66,108.27,0.014
"BOR LOST CREEK (MORGAN)","72h",100,0.01,115.52,111.71,118.38,0.018
"BOR LOST CREEK (MORGAN)","72h",200,0.005,124.44,119.37,128.32,0.022
"BOR LOST CREEK (MORGAN)","72h",500,0.002,135.88,128.92,141.34,0.028
"BOR LOST CREEK (MORGAN)","72h",1000,0.001,144.28,135.7,151.1,0.033
"BOR LOST CREEK (MORGAN)","72h",2000,5e-04,152.48,142.15,160.77,0.037
"BOR LOST CREEK (MORGAN)","72h",5000,2e-04,163.02,150.22,173.45,0.044
"BOR LOST CREEK (MORGAN)","72h",10000,1e-04,170.76,155.99,182.95,0.048
"THIEF VALLEY RES.","24h",2,0.5,35.65,35.48,35.93,0.004
"THIEF VALLEY RES.","24h",5,0.2,46.32,46.15,46.55,0.003
"THIEF VALLEY RES.","24h",10,0.1,53.8,53.32,54.17,0.005
"THIEF VALLEY RES.","24h",25,0.04,63.74,62.49,64.57,0.01
"THIEF VALLEY RES.","24h",50,0.02,71.5,69.43,72.78,0.015
"THIEF VALLEY RES.","24h",100,0.01,79.52,76.51,81.41,0.02
"THIEF VALLEY RES.","24h",200,0.005,87.86,83.64,90.55,0.026
"THIEF VALLEY RES.","24h",500,0.002,99.41,93.3,103.27,0.034
"THIEF VALLEY RES.","24h",1000,0.001,108.58,100.59,113.52,0.04
"THIEF VALLEY RES.","24h",2000,5e-04,118.13,108.17,124.31,0.046
"THIEF VALLEY RES.","24h",5000,2e-04,131.37,118.47,139.5,0.055
"THIEF VALLEY RES.","24h",10000,1e-04,141.89,126.4,151.89,0.061
"THIEF VALLEY RES.","72h",2,0.5,50.47,50.25,50.85,0.004
"THIEF VALLEY RES.","72h",5,0.2,64.86,64.62,65.13,0.002
"THIEF VALLEY RES.","72h",10,0.1,74.82,74.17,75.29,0.005
"THIEF VALLEY RES.","72h",25,0.04,87.94,86.35,89.02,0.01
"THIEF VALLEY RES.","72h",50,0.02,98.07,95.51,99.79,0.014
"THIEF VALLEY RES.","72h",100,0.01,108.47,104.61,110.98,0.019
"THIEF VALLEY RES.","72h",200,0.005,119.18,113.76,122.75,0.025
"THIEF VALLEY RES.","72h",500,0.002,133.87,125.97,139.08,0.032
"THIEF VALLEY RES.","72h",1000,0.001,145.42,135.31,152.01,0.038
"THIEF VALLEY RES.","72h",2000,5e-04,157.35,144.74,165.66,0.043
"THIEF VALLEY RES.","72h",5000,2e-04,173.75,157.36,184.89,0.051
"THIEF VALLEY RES.","72h",10000,1e-04,186.65,167.07,200.25,0.058
"KESWICK","24h",2,0.5,80.33,79.88,81.1,0.005
"KESWICK","24h",5,0.2,103.87,103.39,104.41,0.003
"KESWICK","24h",10,0.1,120.37,119.19,121.31,0.006
"KESWICK","24h",25,0.04,143.54,140.49,145.69,0.012
"KESWICK","24h",50,0.02,162.94,158.01,166.36,0.017
"KESWICK","24h",100,0.01,184.44,176.99,189.61,0.022
"KESWICK","24h",200,0.005,208.42,197.64,215.64,0.028
"KESWICK","24h",500,0.002,244.54,228.21,255.08,0.037
"KESWICK","24h",1000,0.001,275.72,253.87,289.51,0.043
"KESWICK","24h",2000,5e-04,310.67,282.11,328.68,0.05
"KESWICK","24h",5000,2e-04,363.5,324.11,388.53,0.06
"KESWICK","24h",10000,1e-04,409.15,360.13,441.11,0.067
"KESWICK","72h",2,0.5,131.83,131.04,133.36,0.006
"KESWICK","72h",5,0.2,175.19,174.39,176.3,0.003
"KESWICK","72h",10,0.1,205.7,203.31,207.47,0.006
"KESWICK","72h",25,0.04,248.65,242.74,252.68,0.013
"KESWICK","72h",50,0.02,284.72,275.26,291.33,0.018
"KESWICK","72h",100,0.01,324.79,310.49,334.54,0.024
"KESWICK","72h",200,0.005,369.58,349.27,382.56,0.03
"KESWICK","72h",500,0.002,437.25,405.15,457.41,0.039
"KESWICK","72h",1000,0.001,495.8,452.4,521.5,0.046
"KESWICK","72h",2000,5e-04,561.61,505.4,595.32,0.053
"KESWICK","72h",5000,2e-04,661.32,583.99,707.36,0.063
"KESWICK","72h",10000,1e-04,747.71,650.58,805.32,0.071
"HYATT","24h",2,0.5,54.7,54.4,55.17,0.005
"HYATT","24h",5,0.2,73.5,73.2,73.89,0.003
"HYATT","24h",10,0.1,86.38,85.6,87.02,0.005
"HYATT","24h",25,0.04,103.14,101.11,104.51,0.011
"HYATT","24h",50,0.02,115.95,112.58,118.15,0.016
"HYATT","24h",100,0.01,128.98,124.07,132.22,0.021
"HYATT","24h",200,0.005,142.29,135.58,146.72,0.026
"HYATT","24h",500,0.002,160.36,150.64,166.91,0.034
"HYATT","24h",1000,0.001,174.41,162.02,182.85,0.04
"HYATT","24h",2000,5e-04,188.81,173.52,199.54,0.046
"HYATT","24h",5000,2e-04,208.39,188.64,222.68,0.054
"HYATT","24h",10000,1e-04,223.63,200.09,240.84,0.06
"HYATT","72h",2,0.5,93.74,93.22,94.53,0.005
"HYATT","72h",5,0.2,124.89,124.27,125.56,0.003
"HYATT","72h",10,0.1,145.11,143.58,146.28,0.006
"HYATT","72h",25,0.04,170.2,166.74,172.72,0.011
"HYATT","72h",50,0.02,188.49,183.12,192.23,0.016
"HYATT","72h",100,0.01,206.38,198.89,211.66,0.02
"HYATT","72h",200,0.005,223.94,214.04,231.02,0.025
"HYATT","72h",500,0.002,246.72,232.99,256.81,0.032
"HYATT","72h",1000,0.001,263.64,246.55,276.33,0.037
"HYATT","72h",2000,5e-04,280.31,259.53,295.85,0.042
"HYATT","72h",5000,2e-04,301.96,275.97,321.15,0.048
"HYATT","72h",10000,1e-04,318.07,288.2,340.22,0.054
"CRAWFORD","24h",2,0.5,25.59,25.45,25.78,0.004
"CRAWFORD","24h",5,0.2,33.83,33.68,33.99,0.003
"CRAWFORD","24h",10,0.1,39.42,39.07,39.69,0.005
"CRAWFORD","24h",25,0.04,46.63,45.77,47.29,0.01
"CRAWFORD","24h",50,0.02,52.09,50.72,53.14,0.015
"CRAWFORD","24h",100,0.01,57.61,55.63,59.13,0.019
"CRAWFORD","24h",200,0.005,63.21,60.48,65.3,0.024
"CRAWFORD","24h",500,0.002,70.75,66.88,73.77,0.031
"CRAWFORD","24h",1000,0.001,76.56,71.68,80.41,0.037
"CRAWFORD","24h",2000,5e-04,82.47,76.43,87.27,0.042
"CRAWFORD","24h",5000,2e-04,90.45,82.64,96.67,0.05
"CRAWFORD","24h",10000,1e-04,96.6,87.28,104.08,0.055
"CRAWFORD","72h",2,0.5,32.81,32.64,33.06,0.004
"CRAWFORD","72h",5,0.2,43.3,43.13,43.49,0.003
"CRAWFORD","72h",10,0.1,50.46,50.01,50.8,0.005
"CRAWFORD","72h",25,0.04,59.73,58.66,60.55,0.01
"CRAWFORD","72h",50,0.02,66.79,65.05,67.99,0.014
"CRAWFORD","72h",100,0.01,73.96,71.39,75.7,0.019
"CRAWFORD","72h",200,0.005,81.25,77.81,83.8,0.024
"CRAWFORD","72h",500,0.002,91.11,86.06,94.87,0.031
"CRAWFORD","72h",1000,0.001,98.75,92.39,103.57,0.036
"CRAWFORD","72h",2000,5e-04,106.55,98.69,112.57,0.042
"CRAWFORD","72h",5000,2e-04,117.12,106.96,124.97,0.049
"CRAWFORD","72h",10000,1e-04,125.32,113.29,134.74,0.055
"PAONIA","24h",2,0.5,25.49,25.34,25.77,0.006
"PAONIA","24h",5,0.2,32.96,32.81,33.14,0.003
"PAONIA","24h",10,0.1,38.26,37.86,38.59,0.006
"PAONIA","24h",25,0.04,45.78,44.72,46.52,0.012
"PAONIA","24h",50,0.02,52.14,50.39,53.29,0.018
"PAONIA","24h",100,0.01,59.25,56.6,60.96,0.024
"PAONIA","24h",200,0.005,67.24,63.41,69.7,0.031
"PAONIA","24h",500,0.002,79.39,73.49,83.1,0.04
"PAONIA","24h",1000,0.001,89.97,82.05,94.95,0.047
"PAONIA","24h",2000,5e-04,101.94,91.66,108.44,0.055
"PAONIA","24h",5000,2e-04,120.19,105.64,129.21,0.065
"PAONIA","24h",10000,1e-04,136.11,117.62,147.79,0.074
"PAONIA","72h",2,0.5,33.07,32.87,33.39,0.005
"PAONIA","72h",5,0.2,42.64,42.47,42.85,0.003
"PAONIA","72h",10,0.1,49.45,48.95,49.87,0.006
"PAONIA","72h",25,0.04,59.15,57.81,60.02,0.012
"PAONIA","72h",50,0.02,67.37,65.16,68.81,0.017
"PAONIA","72h",100,0.01,76.58,73.23,78.84,0.023
"PAONIA","72h",200,0.005,86.95,82.15,90.24,0.03
"PAONIA","72h",500,0.002,102.77,95.45,107.53,0.039
"PAONIA","72h",1000,0.001,116.59,106.81,122.96,0.046
"PAONIA","72h",2000,5e-04,132.24,119.46,140.51,0.053
"PAONIA","72h",5000,2e-04,156.17,138.41,167.92,0.063
"PAONIA","72h",10000,1e-04,177.09,154.63,192.2,0.071
"ANCHOR","24h",2,0.5,29.54,29.34,29.83,0.005
"ANCHOR","24h",5,0.2,41.23,41.02,41.45,0.003
"ANCHOR","24h",10,0.1,49.12,48.62,49.53,0.006
"ANCHOR","24h",25,0.04,59.26,58.04,60.17,0.012
"ANCHOR","24h",50,0.02,66.91,64.92,68.39,0.017
"ANCHOR","24h",100,0.01,74.61,71.69,76.75,0.022
"ANCHOR","24h",200,0.005,82.4,78.29,85.38,0.027
"ANCHOR","24h",500,0.002,92.84,87.03,97.02,0.035
"ANCHOR","24h",1000,0.001,100.86,93.61,106.17,0.041
"ANCHOR","24h",2000,5e-04,108.99,100.02,115.58,0.046
"ANCHOR","24h",5000,2e-04,119.91,108.42,128.42,0.054
"ANCHOR","24h",10000,1e-04,128.31,114.81,138.47,0.06
"ANCHOR","72h",2,0.5,37.43,37.15,37.8,0.005
"ANCHOR","72h",5,0.2,52.65,52.38,52.94,0.003
"ANCHOR","72h",10,0.1,62.71,62.08,63.22,0.006
"ANCHOR","72h",25,0.04,75.41,73.88,76.66,0.011
"ANCHOR","72h",50,0.02,84.82,82.41,86.79,0.016
"ANCHOR","72h",100,0.01,94.14,90.67,97.03,0.021
"ANCHOR","72h",200,0.005,103.42,98.66,107.37,0.026
"ANCHOR","72h",500,0.002,115.65,108.89,121.11,0.033
"ANCHOR","72h",1000,0.001,124.87,116.42,131.7,0.038
"ANCHOR","72h",2000,5e-04,134.09,123.66,142.62,0.044
"ANCHOR","72h",5000,2e-04,146.25,132.93,157.25,0.051
"ANCHOR","72h",10000,1e-04,155.43,139.72,168.39,0.056
"AVALON","24h",2,0.5,49.13,48.75,49.81,0.007
"AVALON","24h",5,0.2,71.56,71.19,72.03,0.004
"AVALON","24h",10,0.1,87.17,86.15,88.03,0.007
"AVALON","24h",25,0.04,107.78,104.96,109.58,0.014
"AVALON","24h",50,0.02,123.75,119.11,126.63,0.02
"AVALON","24h",100,0.01,140.19,133.36,144.44,0.026
"AVALON","24h",200,0.005,157.18,147.49,163.09,0.033
"AVALON","24h",500,0.002,180.56,166.5,189.14,0.041
"AVALON","24h",1000,0.001,198.99,180.84,209.98,0.048
"AVALON","24h",2000,5e-04,218.09,195.19,232.06,0.055
"AVALON","24h",5000,2e-04,244.43,214.44,263.26,0.065
"AVALON","24h",10000,1e-04,265.2,229.48,287.86,0.072
"AVALON","72h",2,0.5,58.91,58.38,59.88,0.009
"AVALON","72h",5,0.2,88.39,87.98,89.06,0.004
"AVALON","72h",10,0.1,110.14,108.8,111.08,0.006
"AVALON","72h",25,0.04,140.44,136.49,142.82,0.015
"AVALON","72h",50,0.02,165.15,158.15,169.14,0.022
"AVALON","72h",100,0.01,191.74,180.78,198.2,0.03
"AVALON","72h",200,0.005,220.44,204.62,229.6,0.038
"AVALON","72h",500,0.002,262,238,275.79,0.049
"AVALON","72h",1000,0.001,296.46,264.91,314.62,0.057
"AVALON","72h",2000,5e-04,333.76,293.27,357.46,0.066
"AVALON","72h",5000,2e-04,387.85,333.03,419.96,0.077
"AVALON","72h",10000,1e-04,432.72,364.67,473.51,0.086
"HYATT RESERVOIR","24h",2,0.5,54.7,54.4,55.17,0.005
"HYATT RESERVOIR","24h",5,0.2,73.5,73.2,73.89,0.003
"HYATT RESERVOIR","24h",10,0.1,86.38,85.6,87.02,0.005
"HYATT RESERVOIR","24h",25,0.04,103.14,101.11,104.51,0.011
"HYATT RESERVOIR","24h",50,0.02,115.95,112.58,118.15,0.016
"HYATT RESERVOIR","24h",100,0.01,128.98,124.07,132.22,0.021
"HYATT RESERVOIR","24h",200,0.005,142.29,135.58,146.72,0.026
"HYATT RESERVOIR","24h",500,0.002,160.36,150.64,166.91,0.034
"HYATT RESERVOIR","24h",1000,0.001,174.41,162.02,182.85,0.04
"HYATT RESERVOIR","24h",2000,5e-04,188.81,173.52,199.54,0.046
"HYATT RESERVOIR","24h",5000,2e-04,208.39,188.64,222.68,0.054
"HYATT RESERVOIR","24h",10000,1e-04,223.63,200.09,240.84,0.06
"HYATT RESERVOIR","72h",2,0.5,93.74,93.22,94.53,0.005
"HYATT RESERVOIR","72h",5,0.2,124.89,124.27,125.56,0.003
"HYATT RESERVOIR","72h",10,0.1,145.11,143.58,146.28,0.006
"HYATT RESERVOIR","72h",25,0.04,170.2,166.74,172.72,0.011
"HYATT RESERVOIR","72h",50,0.02,188.49,183.12,192.23,0.016
"HYATT RESERVOIR","72h",100,0.01,206.38,198.89,211.66,0.02
"HYATT RESERVOIR","72h",200,0.005,223.94,214.04,231.02,0.025
"HYATT RESERVOIR","72h",500,0.002,246.72,232.99,256.81,0.032
"HYATT RESERVOIR","72h",1000,0.001,263.64,246.55,276.33,0.037
"HYATT RESERVOIR","72h",2000,5e-04,280.31,259.53,295.85,0.042
"HYATT RESERVOIR","72h",5000,2e-04,301.96,275.97,321.15,0.048
"HYATT RESERVOIR","72h",10000,1e-04,318.07,288.2,340.22,0.054
"CC CRAGIN","24h",2,0.5,51.87,51.61,52.46,0.006
"CC CRAGIN","24h",5,0.2,69,68.79,69.4,0.003
"CC CRAGIN","24h",10,0.1,81.47,80.68,82.12,0.006
"CC CRAGIN","24h",25,0.04,99.53,97.33,100.89,0.012
"CC CRAGIN","24h",50,0.02,115.09,111.28,117.16,0.018
"CC CRAGIN","24h",100,0.01,132.77,126.8,135.86,0.024
"CC CRAGIN","24h",200,0.005,152.97,144.08,157.43,0.031
"CC CRAGIN","24h",500,0.002,184.27,170.68,191.01,0.04
"CC CRAGIN","24h",1000,0.001,212.04,193.48,221.03,0.047
"CC CRAGIN","24h",2000,5e-04,243.93,219.26,255.73,0.055
"CC CRAGIN","24h",5000,2e-04,293.5,258.34,310.07,0.065
"CC CRAGIN","24h",10000,1e-04,337.53,292.35,358.73,0.073
"CC CRAGIN","72h",2,0.5,68.64,68.23,69.28,0.005
"CC CRAGIN","72h",5,0.2,94.06,93.67,94.56,0.003
"CC CRAGIN","72h",10,0.1,111.37,110.42,112.21,0.005
"CC CRAGIN","72h",25,0.04,133.82,131.33,135.75,0.01
"CC CRAGIN","72h",50,0.02,150.88,146.56,153.9,0.015
"CC CRAGIN","72h",100,0.01,168.19,161.64,172.69,0.02
"CC CRAGIN","72h",200,0.005,185.79,176.78,192.01,0.025
"CC CRAGIN","72h",500,0.002,209.59,196.81,218.52,0.033
"CC CRAGIN","72h",1000,0.001,228.02,211.9,239.45,0.038
"CC CRAGIN","72h",2000,5e-04,246.82,226.77,260.95,0.044
"CC CRAGIN","72h",5000,2e-04,272.29,246.31,290.47,0.051
"CC CRAGIN","72h",10000,1e-04,292.03,260.99,313.83,0.057
"HYRUM","24h",2,0.5,38.81,38.62,39.12,0.004
"HYRUM","24h",5,0.2,50.89,50.71,51.13,0.003
"HYRUM","24h",10,0.1,59.28,58.78,59.67,0.005
"HYRUM","24h",25,0.04,70.32,69.02,71.29,0.01
"HYRUM","24h",50,0.02,78.86,76.7,80.33,0.015
"HYRUM","24h",100,0.01,87.63,84.45,89.78,0.02
"HYRUM","24h",200,0.005,96.68,92.15,99.65,0.026
"HYRUM","24h",500,0.002,109.11,102.48,113.34,0.033
"HYRUM","24h",1000,0.001,118.88,110.35,124.31,0.039
"HYRUM","24h",2000,5e-04,129,118.45,135.79,0.045
"HYRUM","24h",5000,2e-04,142.9,128.98,151.77,0.053
"HYRUM","24h",10000,1e-04,153.85,137.27,164.52,0.06
"HYRUM","72h",2,0.5,53.96,53.69,54.34,0.004
"HYRUM","72h",5,0.2,70.43,70.18,70.74,0.002
"HYRUM","72h",10,0.1,81.54,80.89,82.07,0.005
"HYRUM","72h",25,0.04,95.79,94.26,97.01,0.009
"HYRUM","72h",50,0.02,106.53,104.03,108.53,0.014
"HYRUM","72h",100,0.01,117.33,113.62,120.21,0.018
"HYRUM","72h",200,0.005,128.24,123.04,132.21,0.023
"HYRUM","72h",500,0.002,142.85,135.38,148.59,0.03
"HYRUM","72h",1000,0.001,154.06,144.62,161.37,0.035
"HYRUM","72h",2000,5e-04,165.42,153.77,174.45,0.04
"HYRUM","72h",5000,2e-04,180.66,165.99,192.43,0.048
"HYRUM","72h",10000,1e-04,192.36,175,206.44,0.053
"SHADOW MOUNTAIN","24h",2,0.5,38.41,38.01,39.2,0.011
"SHADOW MOUNTAIN","24h",5,0.2,51.97,51.77,52.49,0.005
"SHADOW MOUNTAIN","24h",10,0.1,62.62,61.7,63.4,0.009
"SHADOW MOUNTAIN","24h",25,0.04,79.07,76.07,80.95,0.021
"SHADOW MOUNTAIN","24h",50,0.02,94.11,88.71,97.25,0.031
"SHADOW MOUNTAIN","24h",100,0.01,112.08,103.37,116.98,0.043
"SHADOW MOUNTAIN","24h",200,0.005,133.64,120.44,141.15,0.056
"SHADOW MOUNTAIN","24h",500,0.002,169.06,147.26,181.08,0.073
"SHADOW MOUNTAIN","24h",1000,0.001,202.31,171.51,219.26,0.086
"SHADOW MOUNTAIN","24h",2000,5e-04,242.42,199.82,265.8,0.1
"SHADOW MOUNTAIN","24h",5000,2e-04,308.45,245.31,342.34,0.119
"SHADOW MOUNTAIN","24h",10000,1e-04,370.52,286.76,415.8,0.133
"SHADOW MOUNTAIN","72h",2,0.5,50.07,49.52,51.41,0.014
"SHADOW MOUNTAIN","72h",5,0.2,69.19,68.98,69.99,0.006
"SHADOW MOUNTAIN","72h",10,0.1,84.69,83.44,85.88,0.009
"SHADOW MOUNTAIN","72h",25,0.04,109.27,104.62,111.97,0.023
"SHADOW MOUNTAIN","72h",50,0.02,132.33,123.53,136.67,0.035
"SHADOW MOUNTAIN","72h",100,0.01,160.46,145.62,167.32,0.048
"SHADOW MOUNTAIN","72h",200,0.005,194.95,171.55,205.67,0.062
"SHADOW MOUNTAIN","72h",500,0.002,252.97,213.42,270.74,0.081
"SHADOW MOUNTAIN","72h",1000,0.001,308.77,252.12,334.13,0.096
"SHADOW MOUNTAIN","72h",2000,5e-04,377.5,297.74,413.05,0.111
"SHADOW MOUNTAIN","72h",5000,2e-04,493.42,372.25,548.98,0.131
"SHADOW MOUNTAIN","72h",10000,1e-04,605.01,441.88,681.97,0.147
"SALMON LAKE","24h",2,0.5,46.54,46.3,46.99,0.005
"SALMON LAKE","24h",5,0.2,62.01,61.74,62.35,0.003
"SALMON LAKE","24h",10,0.1,72.65,71.89,73.17,0.006
"SALMON LAKE","24h",25,0.04,86.57,84.66,87.79,0.012
"SALMON LAKE","24h",50,0.02,97.25,94.07,99.17,0.017
"SALMON LAKE","24h",100,0.01,108.16,103.36,110.98,0.023
"SALMON LAKE","24h",200,0.005,119.34,112.75,123.18,0.029
"SALMON LAKE","24h",500,0.002,134.59,125.14,140.02,0.037
"SALMON LAKE","24h",1000,0.001,146.5,134.55,153.34,0.044
"SALMON LAKE","24h",2000,5e-04,158.75,144.05,167.21,0.05
"SALMON LAKE","24h",5000,2e-04,175.48,156.66,186.52,0.059
"SALMON LAKE","24h",10000,1e-04,188.56,166.25,202,0.066
"SALMON LAKE","72h",2,0.5,66,65.63,66.6,0.005
"SALMON LAKE","72h",5,0.2,87.41,87.04,87.88,0.003
"SALMON LAKE","72h",10,0.1,101.96,101.03,102.76,0.005
"SALMON LAKE","72h",25,0.04,120.78,118.31,122.51,0.011
"SALMON LAKE","72h",50,0.02,135.06,131.09,137.82,0.016
"SALMON LAKE","72h",100,0.01,149.51,143.74,153.72,0.021
"SALMON LAKE","72h",200,0.005,164.19,156.13,169.91,0.027
"SALMON LAKE","72h",500,0.002,184,172.12,191.99,0.034
"SALMON LAKE","72h",1000,0.001,199.3,184.13,209.48,0.04
"SALMON LAKE","72h",2000,5e-04,214.89,196.22,227.63,0.046
"SALMON LAKE","72h",5000,2e-04,235.96,212.17,252.38,0.054
"SALMON LAKE","72h",10000,1e-04,252.26,224.06,271.7,0.061
"CURRANT CREEK","24h",2,0.5,34.09,33.9,34.45,0.006
"CURRANT CREEK","24h",5,0.2,43.57,43.39,43.79,0.003
"CURRANT CREEK","24h",10,0.1,50.33,49.74,50.76,0.006
"CURRANT CREEK","24h",25,0.04,59.96,58.47,60.89,0.013
"CURRANT CREEK","24h",50,0.02,68.14,65.75,69.63,0.018
"CURRANT CREEK","24h",100,0.01,77.3,73.72,79.55,0.025
"CURRANT CREEK","24h",200,0.005,87.64,82.58,90.87,0.031
"CURRANT CREEK","24h",500,0.002,103.42,95.44,108.35,0.041
"CURRANT CREEK","24h",1000,0.001,117.22,106.44,123.77,0.049
"CURRANT CREEK","24h",2000,5e-04,132.87,118.67,141.43,0.056
"CURRANT CREEK","24h",5000,2e-04,156.82,137.18,168.78,0.067
"CURRANT CREEK","24h",10000,1e-04,177.79,152.96,192.99,0.076
"CURRANT CREEK","72h",2,0.5,46.5,46.27,46.99,0.005
"CURRANT CREEK","72h",5,0.2,59.68,59.45,60,0.003
"CURRANT CREEK","72h",10,0.1,69.13,68.39,69.7,0.006
"CURRANT CREEK","72h",25,0.04,82.67,80.71,83.79,0.012
"CURRANT CREEK","72h",50,0.02,94.21,90.89,95.9,0.018
"CURRANT CREEK","72h",100,0.01,107.19,102.13,109.76,0.024
"CURRANT CREEK","72h",200,0.005,121.9,114.62,125.55,0.031
"CURRANT CREEK","72h",500,0.002,144.45,133.38,149.93,0.04
"CURRANT CREEK","72h",1000,0.001,164.25,149.45,171.81,0.047
"CURRANT CREEK","72h",2000,5e-04,186.78,167.32,196.73,0.055
"CURRANT CREEK","72h",5000,2e-04,221.44,194.32,235.57,0.066
"CURRANT CREEK","72h",10000,1e-04,251.9,217.2,269.98,0.074
"CONCONULLY","24h",2,0.5,48.2,47.93,48.69,0.005
"CONCONULLY","24h",5,0.2,64.28,64.01,64.64,0.003
"CONCONULLY","24h",10,0.1,75.3,74.48,75.93,0.006
"CONCONULLY","24h",25,0.04,89.64,87.61,90.91,0.012
"CONCONULLY","24h",50,0.02,100.6,97.21,102.72,0.018
"CONCONULLY","24h",100,0.01,111.76,106.86,114.83,0.024
"CONCONULLY","24h",200,0.005,123.16,116.27,127.4,0.03
"CONCONULLY","24h",500,0.002,138.64,128.67,144.66,0.038
"CONCONULLY","24h",1000,0.001,150.68,138.07,158.22,0.044
"CONCONULLY","24h",2000,5e-04,163.02,147.49,172.25,0.051
"CONCONULLY","24h",5000,2e-04,179.81,159.76,191.76,0.06
"CONCONULLY","24h",10000,1e-04,192.88,169.03,207.28,0.067
"CONCONULLY","72h",2,0.5,68.15,67.81,68.74,0.005
"CONCONULLY","72h",5,0.2,90.36,90.01,90.82,0.003
"CONCONULLY","72h",10,0.1,105.37,104.41,106.12,0.005
"CONCONULLY","72h",25,0.04,124.71,122.18,126.29,0.011
"CONCONULLY","72h",50,0.02,139.32,135.22,141.85,0.016
"CONCONULLY","72h",100,0.01,154.05,148.12,157.79,0.021
"CONCONULLY","72h",200,0.005,168.96,160.76,174.03,0.026
"CONCONULLY","72h",500,0.002,188.98,177.3,196.23,0.033
"CONCONULLY","72h",1000,0.001,204.39,189.84,213.6,0.039
"CONCONULLY","72h",2000,5e-04,220.03,202.05,231.56,0.045
"CONCONULLY","72h",5000,2e-04,241.08,217.96,255.98,0.053
"CONCONULLY","72h",10000,1e-04,257.28,230,275.09,0.059
"GRASSY LAKE","24h",2,0.5,32.65,32.5,32.91,0.004
"GRASSY LAKE","24h",5,0.2,41.89,41.72,42.1,0.003
"GRASSY LAKE","24h",10,0.1,48.2,47.77,48.54,0.005
"GRASSY LAKE","24h",25,0.04,56.41,55.31,57.13,0.011
"GRASSY LAKE","24h",50,0.02,62.67,60.91,63.83,0.016
"GRASSY LAKE","24h",100,0.01,69.03,66.41,70.66,0.021
"GRASSY LAKE","24h",200,0.005,75.52,71.92,77.74,0.026
"GRASSY LAKE","24h",500,0.002,84.32,79.14,87.53,0.034
"GRASSY LAKE","24h",1000,0.001,91.15,84.65,95.3,0.04
"GRASSY LAKE","24h",2000,5e-04,98.14,90.09,103.36,0.046
"GRASSY LAKE","24h",5000,2e-04,107.63,97.26,114.47,0.054
"GRASSY LAKE","24h",10000,1e-04,115.01,102.83,123.26,0.06
"GRASSY LAKE","72h",2,0.5,49.4,49.2,49.75,0.004
"GRASSY LAKE","72h",5,0.2,63.09,62.85,63.37,0.002
"GRASSY LAKE","72h",10,0.1,72.38,71.79,72.85,0.005
"GRASSY LAKE","72h",25,0.04,84.38,82.9,85.38,0.01
"GRASSY LAKE","72h",50,0.02,93.47,91.11,95.01,0.014
"GRASSY LAKE","72h",100,0.01,102.67,99.23,104.86,0.018
"GRASSY LAKE","72h",200,0.005,111.99,107.26,115.04,0.023
"GRASSY LAKE","72h",500,0.002,124.56,117.71,129.05,0.03
"GRASSY LAKE","72h",1000,0.001,134.26,125.6,139.92,0.035
"GRASSY LAKE","72h",2000,5e-04,144.13,133.47,151.05,0.04
"GRASSY LAKE","72h",5000,2e-04,157.46,143.83,166.44,0.047
"GRASSY LAKE","72h",10000,1e-04,167.75,151.7,178.45,0.053
"WASCO DAM","24h",2,0.5,72.01,71.58,72.69,0.005
"WASCO DAM","24h",5,0.2,95.05,94.62,95.57,0.003
"WASCO DAM","24h",10,0.1,110.87,109.83,111.79,0.006
"WASCO DAM","24h",25,0.04,131.52,128.7,133.54,0.012
"WASCO DAM","24h",50,0.02,147.33,142.71,150.54,0.017
"WASCO DAM","24h",100,0.01,163.46,156.7,168.06,0.023
"WASCO DAM","24h",200,0.005,179.97,170.5,186.35,0.029
"WASCO DAM","24h",500,0.002,202.43,188.51,211.8,0.037
"WASCO DAM","24h",1000,0.001,219.94,202.14,232.26,0.043
"WASCO DAM","24h",2000,5e-04,237.92,216.16,253.42,0.05
"WASCO DAM","24h",5000,2e-04,262.43,234.16,282.95,0.059
"WASCO DAM","24h",10000,1e-04,281.56,247.76,306.51,0.065
"WASCO DAM","72h",2,0.5,120.39,119.69,121.73,0.006
"WASCO DAM","72h",5,0.2,153.69,153.04,154.58,0.003
"WASCO DAM","72h",10,0.1,177.55,175.48,178.98,0.006
"WASCO DAM","72h",25,0.04,211.65,206.6,214.98,0.013
"WASCO DAM","72h",50,0.02,240.69,232.26,246.04,0.019
"WASCO DAM","72h",100,0.01,273.33,260.34,281.43,0.026
"WASCO DAM","72h",200,0.005,310.26,291.26,321.99,0.033
"WASCO DAM","72h",500,0.002,366.79,337.18,384.61,0.043
"WASCO DAM","72h",1000,0.001,416.38,376.32,439.5,0.051
"WASCO DAM","72h",2000,5e-04,472.75,419.78,502.54,0.06
"WASCO DAM","72h",5000,2e-04,559.33,484.72,602.36,0.071
"WASCO DAM","72h",10000,1e-04,635.35,541.12,689.83,0.08
"FOURMILE LAKE","24h",2,0.5,51.3,51.02,51.79,0.005
"FOURMILE LAKE","24h",5,0.2,68.88,68.59,69.25,0.003
"FOURMILE LAKE","24h",10,0.1,81.12,80.39,81.67,0.005
"FOURMILE LAKE","24h",25,0.04,97.31,95.38,98.52,0.011
"FOURMILE LAKE","24h",50,0.02,109.87,106.62,111.79,0.016
"FOURMILE LAKE","24h",100,0.01,122.81,117.85,125.84,0.022
"FOURMILE LAKE","24h",200,0.005,136.2,129.19,140.64,0.028
"FOURMILE LAKE","24h",500,0.002,154.65,144.33,160.99,0.036
"FOURMILE LAKE","24h",1000,0.001,169.21,155.96,177.44,0.042
"FOURMILE LAKE","24h",2000,5e-04,184.32,167.68,194.74,0.048
"FOURMILE LAKE","24h",5000,2e-04,205.17,183.31,219.31,0.057
"FOURMILE LAKE","24h",10000,1e-04,221.65,195.33,239.15,0.064
"FOURMILE LAKE","72h",2,0.5,81.56,81.12,82.32,0.005
"FOURMILE LAKE","72h",5,0.2,108.57,108.04,109.2,0.003
"FOURMILE LAKE","72h",10,0.1,126.64,125.39,127.64,0.006
"FOURMILE LAKE","72h",25,0.04,149.68,146.61,151.78,0.011
"FOURMILE LAKE","72h",50,0.02,166.92,162.11,170.2,0.016
"FOURMILE LAKE","72h",100,0.01,184.17,176.82,189.02,0.021
"FOURMILE LAKE","72h",200,0.005,201.48,191.26,208.07,0.027
"FOURMILE LAKE","72h",500,0.002,224.52,209.98,233.77,0.034
"FOURMILE LAKE","72h",1000,0.001,242.09,223.87,253.54,0.04
"FOURMILE LAKE","72h",2000,5e-04,259.78,237.51,273.99,0.045
"FOURMILE LAKE","72h",5000,2e-04,283.37,255.08,302.26,0.053
"FOURMILE LAKE","72h",10000,1e-04,301.36,268.12,323.7,0.059
"SILVER JACK","24h",2,0.5,30.17,30,30.41,0.004
"SILVER JACK","24h",5,0.2,39.62,39.45,39.83,0.003
"SILVER JACK","24h",10,0.1,45.94,45.51,46.27,0.005
"SILVER JACK","24h",25,0.04,53.99,52.95,54.73,0.01
"SILVER JACK","24h",50,0.02,60.02,58.4,61.18,0.015
"SILVER JACK","24h",100,0.01,66.04,63.76,67.73,0.02
"SILVER JACK","24h",200,0.005,72.09,68.9,74.53,0.025
"SILVER JACK","24h",500,0.002,80.13,75.5,83.61,0.031
"SILVER JACK","24h",1000,0.001,86.26,80.42,90.7,0.037
"SILVER JACK","24h",2000,5e-04,92.43,85.31,97.93,0.042
"SILVER JACK","24h",5000,2e-04,100.65,91.56,107.63,0.049
"SILVER JACK","24h",10000,1e-04,106.91,96.16,115.29,0.055
"SILVER JACK","72h",2,0.5,39.96,39.75,40.25,0.004
"SILVER JACK","72h",5,0.2,52.16,51.94,52.41,0.003
"SILVER JACK","72h",10,0.1,60.17,59.65,60.59,0.005
"SILVER JACK","72h",25,0.04,70.22,68.98,71.16,0.01
"SILVER JACK","72h",50,0.02,77.63,75.63,79.1,0.014
"SILVER JACK","72h",100,0.01,84.94,82.14,86.99,0.018
"SILVER JACK","72h",200,0.005,92.19,88.4,95,0.023
"SILVER JACK","72h",500,0.002,101.68,96.37,105.76,0.029
"SILVER JACK","72h",1000,0.001,108.81,102.22,114,0.034
"SILVER JACK","72h",2000,5e-04,115.9,107.88,122.33,0.039
"SILVER JACK","72h",5000,2e-04,125.21,115.18,133.47,0.045
"SILVER JACK","72h",10000,1e-04,132.2,120.5,141.97,0.05
"MANN CREEK","24h",2,0.5,32.8,32.66,33.04,0.004
"MANN CREEK","24h",5,0.2,42.64,42.49,42.83,0.002
"MANN CREEK","24h",10,0.1,49.48,49.07,49.78,0.004
"MANN CREEK","24h",25,0.04,58.51,57.46,59.17,0.009
"MANN CREEK","24h",50,0.02,65.51,63.78,66.58,0.014
"MANN CREEK","24h",100,0.01,72.71,70.16,74.29,0.019
"MANN CREEK","24h",200,0.005,80.16,76.59,82.38,0.024
"MANN CREEK","24h",500,0.002,90.41,85.25,93.71,0.031
"MANN CREEK","24h",1000,0.001,98.49,91.92,102.78,0.036
"MANN CREEK","24h",2000,5e-04,106.87,98.67,112.18,0.042
"MANN CREEK","24h",5000,2e-04,118.42,107.7,125.42,0.049
"MANN CREEK","24h",10000,1e-04,127.53,114.69,136.11,0.055
"MANN CREEK","72h",2,0.5,49.02,48.8,49.33,0.003
"MANN CREEK","72h",5,0.2,63.09,62.85,63.33,0.002
"MANN CREEK","72h",10,0.1,72.49,71.94,72.91,0.004
"MANN CREEK","72h",25,0.04,84.47,83.14,85.47,0.009
"MANN CREEK","72h",50,0.02,93.43,91.31,94.97,0.012
"MANN CREEK","72h",100,0.01,102.38,99.31,104.7,0.016
"MANN CREEK","72h",200,0.005,111.37,107.18,114.53,0.021
"MANN CREEK","72h",500,0.002,123.32,117.42,127.82,0.027
"MANN CREEK","72h",1000,0.001,132.42,124.98,138.16,0.031
"MANN CREEK","72h",2000,5e-04,141.58,132.49,148.72,0.036
"MANN CREEK","72h",5000,2e-04,153.79,142.28,163.03,0.042
"MANN CREEK","72h",10000,1e-04,163.1,149.56,174.08,0.047
"LAKE ALICE NO. 1","24h",2,0.5,42.27,42.01,42.64,0.005
"LAKE ALICE NO. 1","24h",5,0.2,57.96,57.69,58.27,0.003
"LAKE ALICE NO. 1","24h",10,0.1,68.38,67.66,68.91,0.006
"LAKE ALICE NO. 1","24h",25,0.04,81.58,79.92,82.8,0.011
"LAKE ALICE NO. 1","24h",50,0.02,91.4,88.84,93.29,0.016
"LAKE ALICE NO. 1","24h",100,0.01,101.17,97.47,103.87,0.021
"LAKE ALICE NO. 1","24h",200,0.005,110.93,105.87,114.58,0.026
"LAKE ALICE NO. 1","24h",500,0.002,123.84,116.67,129.1,0.032
"LAKE ALICE NO. 1","24h",1000,0.001,133.63,124.69,140.29,0.038
"LAKE ALICE NO. 1","24h",2000,5e-04,143.43,132.72,151.67,0.043
"LAKE ALICE NO. 1","24h",5000,2e-04,156.42,142.85,167.02,0.05
"LAKE ALICE NO. 1","24h",10000,1e-04,166.27,150.24,178.78,0.055
"LAKE ALICE NO. 1","72h",2,0.5,52.24,51.91,52.67,0.005
"LAKE ALICE NO. 1","72h",5,0.2,71.07,70.71,71.44,0.003
"LAKE ALICE NO. 1","72h",10,0.1,83.14,82.32,83.8,0.006
"LAKE ALICE NO. 1","72h",25,0.04,97.97,96.14,99.41,0.01
"LAKE ALICE NO. 1","72h",50,0.02,108.67,105.83,110.88,0.015
"LAKE ALICE NO. 1","72h",100,0.01,119.04,115.09,122.21,0.019
"LAKE ALICE NO. 1","72h",200,0.005,129.14,123.77,133.39,0.023
"LAKE ALICE NO. 1","72h",500,0.002,142.09,134.81,148.15,0.029
"LAKE ALICE NO. 1","72h",1000,0.001,151.63,142.78,159.21,0.034
"LAKE ALICE NO. 1","72h",2000,5e-04,160.94,150.29,170.14,0.039
"LAKE ALICE NO. 1","72h",5000,2e-04,172.91,159.61,184.59,0.045
"LAKE ALICE NO. 1","72h",10000,1e-04,181.72,166.25,195.45,0.049
"NORTH SCOOTENEY DIKE","24h",2,0.5,37.79,37.6,38.18,0.006
"NORTH SCOOTENEY DIKE","24h",5,0.2,48.43,48.29,48.69,0.003
"NORTH SCOOTENEY DIKE","24h",10,0.1,56.24,55.66,56.69,0.006
"NORTH SCOOTENEY DIKE","24h",25,0.04,67.63,66.09,68.63,0.012
"NORTH SCOOTENEY DIKE","24h",50,0.02,77.51,74.92,79.11,0.018
"NORTH SCOOTENEY DIKE","24h",100,0.01,88.79,84.79,91.1,0.025
"NORTH SCOOTENEY DIKE","24h",200,0.005,101.76,95.92,105.13,0.032
"NORTH SCOOTENEY DIKE","24h",500,0.002,121.97,112.91,127.28,0.041
"NORTH SCOOTENEY DIKE","24h",1000,0.001,140.03,127.44,147.15,0.049
"NORTH SCOOTENEY DIKE","24h",2000,5e-04,160.87,143.98,170.29,0.057
"NORTH SCOOTENEY DIKE","24h",5000,2e-04,193.48,169.53,207.15,0.069
"NORTH SCOOTENEY DIKE","24h",10000,1e-04,222.63,191.66,240.7,0.077
"NORTH SCOOTENEY DIKE","72h",2,0.5,53.16,52.92,53.6,0.004
"NORTH SCOOTENEY DIKE","72h",5,0.2,66.42,66.18,66.72,0.003
"NORTH SCOOTENEY DIKE","72h",10,0.1,75.68,74.98,76.25,0.005
"NORTH SCOOTENEY DIKE","72h",25,0.04,88.66,86.99,89.85,0.01
"NORTH SCOOTENEY DIKE","72h",50,0.02,99.5,96.74,101.36,0.015
"NORTH SCOOTENEY DIKE","72h",100,0.01,111.49,107.31,114.29,0.021
"NORTH SCOOTENEY DIKE","72h",200,0.005,124.83,119.02,128.8,0.026
"NORTH SCOOTENEY DIKE","72h",500,0.002,144.89,136.07,150.98,0.034
"NORTH SCOOTENEY DIKE","72h",1000,0.001,162.17,150.42,170.06,0.041
"NORTH SCOOTENEY DIKE","72h",2000,5e-04,181.51,166.21,191.68,0.048
"NORTH SCOOTENEY DIKE","72h",5000,2e-04,210.66,189.26,224.72,0.057
"NORTH SCOOTENEY DIKE","72h",10000,1e-04,235.79,208.75,253.16,0.064
"SCOOTENEY RESERVOIR OUTLET DAM","24h",2,0.5,36.51,36.33,36.91,0.006
"SCOOTENEY RESERVOIR OUTLET DAM","24h",5,0.2,46.68,46.54,46.93,0.003
"SCOOTENEY RESERVOIR OUTLET DAM","24h",10,0.1,54.14,53.6,54.56,0.006
"SCOOTENEY RESERVOIR OUTLET DAM","24h",25,0.04,65.02,63.54,65.9,0.012
"SCOOTENEY RESERVOIR OUTLET DAM","24h",50,0.02,74.46,71.99,75.85,0.018
"SCOOTENEY RESERVOIR OUTLET DAM","24h",100,0.01,85.24,81.28,87.27,0.025
"SCOOTENEY RESERVOIR OUTLET DAM","24h",200,0.005,97.63,91.71,100.64,0.032
"SCOOTENEY RESERVOIR OUTLET DAM","24h",500,0.002,116.95,107.7,121.7,0.041
"SCOOTENEY RESERVOIR OUTLET DAM","24h",1000,0.001,134.19,121.66,140.42,0.049
"SCOOTENEY RESERVOIR OUTLET DAM","24h",2000,5e-04,154.11,137.45,162.53,0.057
"SCOOTENEY RESERVOIR OUTLET DAM","24h",5000,2e-04,185.25,161.18,197.57,0.068
"SCOOTENEY RESERVOIR OUTLET DAM","24h",10000,1e-04,213.09,181.66,229.22,0.077
"SCOOTENEY RESERVOIR OUTLET DAM","72h",2,0.5,50.56,50.31,50.98,0.004
"SCOOTENEY RESERVOIR OUTLET DAM","72h",5,0.2,63.12,62.9,63.43,0.003
"SCOOTENEY RESERVOIR OUTLET DAM","72h",10,0.1,71.94,71.28,72.5,0.005
"SCOOTENEY RESERVOIR OUTLET DAM","72h",25,0.04,84.34,82.65,85.53,0.011
"SCOOTENEY RESERVOIR OUTLET DAM","72h",50,0.02,94.74,91.96,96.53,0.016
"SCOOTENEY RESERVOIR OUTLET DAM","72h",100,0.01,106.28,102.16,109.04,0.021
"SCOOTENEY RESERVOIR OUTLET DAM","72h",200,0.005,119.16,113.32,122.91,0.027
"SCOOTENEY RESERVOIR OUTLET DAM","72h",500,0.002,138.6,129.78,144.26,0.036
"SCOOTENEY RESERVOIR OUTLET DAM","72h",1000,0.001,155.4,143.78,162.99,0.042
"SCOOTENEY RESERVOIR OUTLET DAM","72h",2000,5e-04,174.27,159.13,184.23,0.049
"SCOOTENEY RESERVOIR OUTLET DAM","72h",5000,2e-04,202.81,181.93,216.88,0.059
"SCOOTENEY RESERVOIR OUTLET DAM","72h",10000,1e-04,227.5,201.15,245.65,0.066
"SCOOTENEY DIKE 1","24h",2,0.5,36.77,36.59,37.17,0.006
"SCOOTENEY DIKE 1","24h",5,0.2,47.07,46.93,47.32,0.003
"SCOOTENEY DIKE 1","24h",10,0.1,54.63,54.08,55.04,0.005
"SCOOTENEY DIKE 1","24h",25,0.04,65.66,64.18,66.57,0.012
"SCOOTENEY DIKE 1","24h",50,0.02,75.22,72.6,76.63,0.018
"SCOOTENEY DIKE 1","24h",100,0.01,86.15,82.08,88.25,0.025
"SCOOTENEY DIKE 1","24h",200,0.005,98.7,92.75,101.75,0.032
"SCOOTENEY DIKE 1","24h",500,0.002,118.28,108.92,123.14,0.041
"SCOOTENEY DIKE 1","24h",1000,0.001,135.75,123.07,142.31,0.049
"SCOOTENEY DIKE 1","24h",2000,5e-04,155.94,139.15,164.61,0.058
"SCOOTENEY DIKE 1","24h",5000,2e-04,187.5,163.56,199.82,0.069
"SCOOTENEY DIKE 1","24h",10000,1e-04,215.72,184.62,231.59,0.077
"SCOOTENEY DIKE 1","72h",2,0.5,50.56,50.32,50.98,0.004
"SCOOTENEY DIKE 1","72h",5,0.2,63.12,62.9,63.43,0.003
"SCOOTENEY DIKE 1","72h",10,0.1,71.94,71.28,72.5,0.005
"SCOOTENEY DIKE 1","72h",25,0.04,84.34,82.67,85.49,0.011
"SCOOTENEY DIKE 1","72h",50,0.02,94.74,91.97,96.52,0.016
"SCOOTENEY DIKE 1","72h",100,0.01,106.28,102.17,108.91,0.021
"SCOOTENEY DIKE 1","72h",200,0.005,119.16,113.34,122.87,0.027
"SCOOTENEY DIKE 1","72h",500,0.002,138.6,129.81,144.19,0.036
"SCOOTENEY DIKE 1","72h",1000,0.001,155.4,143.8,162.98,0.042
"SCOOTENEY DIKE 1","72h",2000,5e-04,174.27,159.19,184.18,0.049
"SCOOTENEY DIKE 1","72h",5000,2e-04,202.81,181.81,216.65,0.059
"SCOOTENEY DIKE 1","72h",10000,1e-04,227.5,200.86,245.08,0.066
"LEWISTON","24h",2,0.5,75.22,74.79,75.92,0.005
"LEWISTON","24h",5,0.2,96.83,96.38,97.35,0.003
"LEWISTON","24h",10,0.1,111.82,110.64,112.71,0.006
"LEWISTON","24h",25,0.04,132.66,129.8,134.66,0.012
"LEWISTON","24h",50,0.02,149.95,145.33,153.15,0.017
"LEWISTON","24h",100,0.01,168.98,162.15,173.38,0.022
"LEWISTON","24h",200,0.005,190.05,180.26,196.25,0.028
"LEWISTON","24h",500,0.002,221.53,207.08,230.89,0.036
"LEWISTON","24h",1000,0.001,248.47,229.47,261.37,0.043
"LEWISTON","24h",2000,5e-04,278.47,253.97,295.21,0.05
"LEWISTON","24h",5000,2e-04,323.41,289.93,346.4,0.059
"LEWISTON","24h",10000,1e-04,361.93,320.09,391.14,0.066
"LEWISTON","72h",2,0.5,120.89,120.16,121.86,0.004
"LEWISTON","72h",5,0.2,163.53,162.71,164.35,0.003
"LEWISTON","72h",10,0.1,191.29,189.44,192.75,0.005
"LEWISTON","72h",25,0.04,225.82,221.74,228.86,0.01
"LEWISTON","72h",50,0.02,251.05,244.74,255.51,0.014
"LEWISTON","72h",100,0.01,275.79,266.74,282.38,0.019
"LEWISTON","72h",200,0.005,300.12,287.97,309.3,0.023
"LEWISTON","72h",500,0.002,331.75,314.59,344.69,0.029
"LEWISTON","72h",1000,0.001,355.31,333.97,372.05,0.034
"LEWISTON","72h",2000,5e-04,378.57,352.93,399.56,0.039
"LEWISTON","72h",5000,2e-04,408.86,376.98,435.79,0.045
"LEWISTON","72h",10000,1e-04,431.44,394,462.98,0.05
"WILLOW CREEK","24h",2,0.5,37.48,37.07,38.31,0.012
"WILLOW CREEK","24h",5,0.2,50.56,50.36,51.09,0.005
"WILLOW CREEK","24h",10,0.1,60.93,60.05,61.8,0.009
"WILLOW CREEK","24h",25,0.04,77.07,74.05,79.24,0.022
"WILLOW CREEK","24h",50,0.02,91.96,86.48,95.46,0.034
"WILLOW CREEK","24h",100,0.01,109.86,100.9,115.26,0.046
"WILLOW CREEK","24h",200,0.005,131.5,117.69,139.16,0.06
"WILLOW CREEK","24h",500,0.002,167.3,144.52,180.06,0.079
"WILLOW CREEK","24h",1000,0.001,201.16,168.7,219.12,0.093
"WILLOW CREEK","24h",2000,5e-04,242.29,196.88,267,0.108
"WILLOW CREEK","24h",5000,2e-04,310.52,241.78,347.55,0.128
"WILLOW CREEK","24h",10000,1e-04,375.14,282.74,424.84,0.143
"WILLOW CREEK","72h",2,0.5,49.02,48.5,50.34,0.014
"WILLOW CREEK","72h",5,0.2,67.63,67.46,68.49,0.007
"WILLOW CREEK","72h",10,0.1,82.82,81.48,84.02,0.009
"WILLOW CREEK","72h",25,0.04,107.06,102.27,109.71,0.024
"WILLOW CREEK","72h",50,0.02,129.92,120.94,134.34,0.037
"WILLOW CREEK","72h",100,0.01,157.93,142.93,164.68,0.051
"WILLOW CREEK","72h",200,0.005,192.43,169.03,202.66,0.066
"WILLOW CREEK","72h",500,0.002,250.78,211.16,267.7,0.086
"WILLOW CREEK","72h",1000,0.001,307.18,250.38,331.12,0.102
"WILLOW CREEK","72h",2000,5e-04,376.96,296.43,410.94,0.118
"WILLOW CREEK","72h",5000,2e-04,495.29,371.23,548.48,0.139
"WILLOW CREEK","72h",10000,1e-04,609.78,440.28,682.75,0.154
"SPECTACLE LAKE DIKE","24h",2,0.5,41.3,41.09,41.68,0.005
"SPECTACLE LAKE DIKE","24h",5,0.2,54.32,54.08,54.59,0.003
"SPECTACLE LAKE DIKE","24h",10,0.1,63.26,62.65,63.73,0.006
"SPECTACLE LAKE DIKE","24h",25,0.04,74.91,73.24,75.89,0.012
"SPECTACLE LAKE DIKE","24h",50,0.02,83.83,81.09,85.33,0.017
"SPECTACLE LAKE DIKE","24h",100,0.01,92.91,88.91,95.13,0.023
"SPECTACLE LAKE DIKE","24h",200,0.005,102.2,96.74,105.23,0.029
"SPECTACLE LAKE DIKE","24h",500,0.002,114.84,107.09,119.27,0.037
"SPECTACLE LAKE DIKE","24h",1000,0.001,124.68,114.82,130.37,0.043
"SPECTACLE LAKE DIKE","24h",2000,5e-04,134.77,122.51,141.94,0.05
"SPECTACLE LAKE DIKE","24h",5000,2e-04,148.52,132.65,158.12,0.058
"SPECTACLE LAKE DIKE","24h",10000,1e-04,159.24,140.31,170.87,0.065
"SPECTACLE LAKE DIKE","72h",2,0.5,59.7,59.38,60.22,0.005
"SPECTACLE LAKE DIKE","72h",5,0.2,78.61,78.27,79.02,0.003
"SPECTACLE LAKE DIKE","72h",10,0.1,91.52,90.66,92.2,0.005
"SPECTACLE LAKE DIKE","72h",25,0.04,108.29,106.17,109.74,0.011
"SPECTACLE LAKE DIKE","72h",50,0.02,121.07,117.52,123.47,0.016
"SPECTACLE LAKE DIKE","72h",100,0.01,134.05,128.84,137.67,0.021
"SPECTACLE LAKE DIKE","72h",200,0.005,147.28,140.07,152.29,0.027
"SPECTACLE LAKE DIKE","72h",500,0.002,165.2,154.82,172.13,0.034
"SPECTACLE LAKE DIKE","72h",1000,0.001,179.1,165.72,187.9,0.04
"SPECTACLE LAKE DIKE","72h",2000,5e-04,193.32,176.62,204.56,0.046
"SPECTACLE LAKE DIKE","72h",5000,2e-04,212.61,191.26,227.4,0.054
"SPECTACLE LAKE DIKE","72h",10000,1e-04,227.59,202.37,245.42,0.06
"BOR STATELINE SUMMIT CO.","24h",2,0.5,29.13,28.96,29.43,0.006
"BOR STATELINE SUMMIT CO.","24h",5,0.2,37.97,37.83,38.19,0.003
"BOR STATELINE SUMMIT CO.","24h",10,0.1,44.35,43.9,44.72,0.006
"BOR STATELINE SUMMIT CO.","24h",25,0.04,53.53,52.34,54.28,0.012
"BOR STATELINE SUMMIT CO.","24h",50,0.02,61.39,59.33,62.65,0.018
"BOR STATELINE SUMMIT CO.","24h",100,0.01,70.26,67.11,72.18,0.024
"BOR STATELINE SUMMIT CO.","24h",200,0.005,80.34,75.7,82.97,0.031
"BOR STATELINE SUMMIT CO.","24h",500,0.002,95.86,88.85,99.78,0.04
"BOR STATELINE SUMMIT CO.","24h",1000,0.001,109.55,100.15,114.63,0.047
"BOR STATELINE SUMMIT CO.","24h",2000,5e-04,125.18,112.82,132.17,0.055
"BOR STATELINE SUMMIT CO.","24h",5000,2e-04,149.31,131.76,159.54,0.065
"BOR STATELINE SUMMIT CO.","24h",10000,1e-04,170.6,147.93,183.69,0.073
"BOR STATELINE SUMMIT CO.","72h",2,0.5,39.09,38.87,39.48,0.005
"BOR STATELINE SUMMIT CO.","72h",5,0.2,51.21,51.02,51.48,0.003
"BOR STATELINE SUMMIT CO.","72h",10,0.1,59.81,59.23,60.3,0.006
"BOR STATELINE SUMMIT CO.","72h",25,0.04,72.01,70.49,73.05,0.011
"BOR STATELINE SUMMIT CO.","72h",50,0.02,82.31,79.84,83.91,0.016
"BOR STATELINE SUMMIT CO.","72h",100,0.01,93.82,90.14,96.22,0.022
"BOR STATELINE SUMMIT CO.","72h",200,0.005,106.76,101.36,110.13,0.028
"BOR STATELINE SUMMIT CO.","72h",500,0.002,126.42,118.18,131.47,0.036
"BOR STATELINE SUMMIT CO.","72h",1000,0.001,143.53,132.5,150.34,0.043
"BOR STATELINE SUMMIT CO.","72h",2000,5e-04,162.87,148.5,171.87,0.049
"BOR STATELINE SUMMIT CO.","72h",5000,2e-04,192.36,172.19,205.09,0.059
"BOR STATELINE SUMMIT CO.","72h",10000,1e-04,218.06,192.29,234.26,0.066
"SENATOR WASH","24h",2,0.5,39.5,38.23,40.95,0.022
"SENATOR WASH","24h",5,0.2,60.51,59.46,61.6,0.011
"SENATOR WASH","24h",10,0.1,75.34,72.7,77.79,0.02
"SENATOR WASH","24h",25,0.04,94.99,88.68,100.65,0.038
"SENATOR WASH","24h",50,0.02,110.24,100.1,118.87,0.051
"SENATOR WASH","24h",100,0.01,125.96,112.17,138.21,0.064
"SENATOR WASH","24h",200,0.005,142.26,124.02,159.04,0.076
"SENATOR WASH","24h",500,0.002,164.8,139.58,189.14,0.091
"SENATOR WASH","24h",1000,0.001,182.67,151.89,213.08,0.102
"SENATOR WASH","24h",2000,5e-04,201.28,164.17,238.4,0.113
"SENATOR WASH","24h",5000,2e-04,227.11,181.15,274.62,0.126
"SENATOR WASH","24h",10000,1e-04,247.61,194.23,304.05,0.136
"SENATOR WASH","72h",2,0.5,52.21,50.6,54.13,0.021
"SENATOR WASH","72h",5,0.2,79.86,78.37,81.58,0.012
"SENATOR WASH","72h",10,0.1,99.63,96.47,102.63,0.019
"SENATOR WASH","72h",25,0.04,126.39,117.83,133.71,0.038
"SENATOR WASH","72h",50,0.02,147.62,133.1,159.53,0.054
"SENATOR WASH","72h",100,0.01,169.93,148.93,188.19,0.072
"SENATOR WASH","72h",200,0.005,193.46,164.29,220.44,0.089
"SENATOR WASH","72h",500,0.002,226.62,184.22,268.19,0.114
"SENATOR WASH","72h",1000,0.001,253.37,199.76,309.22,0.134
"SENATOR WASH","72h",2000,5e-04,281.67,215.36,354.67,0.154
"SENATOR WASH","72h",5000,2e-04,321.61,235.3,421.93,0.181
"SENATOR WASH","72h",10000,1e-04,353.86,250.75,479.23,0.203
"LAKE ALICE LOWER DAM (NO 1 1-2)","24h",2,0.5,42.49,42.21,42.89,0.005
"LAKE ALICE LOWER DAM (NO 1 1-2)","24h",5,0.2,58.14,57.86,58.45,0.003
"LAKE ALICE LOWER DAM (NO 1 1-2)","24h",10,0.1,68.47,67.82,69.05,0.006
"LAKE ALICE LOWER DAM (NO 1 1-2)","24h",25,0.04,81.51,79.9,82.82,0.011
"LAKE ALICE LOWER DAM (NO 1 1-2)","24h",50,0.02,91.16,88.52,93.3,0.016
"LAKE ALICE LOWER DAM (NO 1 1-2)","24h",100,0.01,100.72,96.89,103.87,0.02
"LAKE ALICE LOWER DAM (NO 1 1-2)","24h",200,0.005,110.24,105.03,114.55,0.025
"LAKE ALICE LOWER DAM (NO 1 1-2)","24h",500,0.002,122.77,115.58,128.81,0.032
"LAKE ALICE LOWER DAM (NO 1 1-2)","24h",1000,0.001,132.22,123.21,139.66,0.037
"LAKE ALICE LOWER DAM (NO 1 1-2)","24h",2000,5e-04,141.65,130.6,150.56,0.043
"LAKE ALICE LOWER DAM (NO 1 1-2)","24h",5000,2e-04,154.1,140.16,165.6,0.05
"LAKE ALICE LOWER DAM (NO 1 1-2)","24h",10000,1e-04,163.5,147.19,177.21,0.055
"LAKE ALICE LOWER DAM (NO 1 1-2)","72h",2,0.5,52.51,52.16,52.95,0.004
"LAKE ALICE LOWER DAM (NO 1 1-2)","72h",5,0.2,71.31,70.96,71.68,0.003
"LAKE ALICE LOWER DAM (NO 1 1-2)","72h",10,0.1,83.32,82.52,84,0.005
"LAKE ALICE LOWER DAM (NO 1 1-2)","72h",25,0.04,98.02,96.21,99.5,0.01
"LAKE ALICE LOWER DAM (NO 1 1-2)","72h",50,0.02,108.59,105.72,110.93,0.015
"LAKE ALICE LOWER DAM (NO 1 1-2)","72h",100,0.01,118.81,114.62,122.13,0.019
"LAKE ALICE LOWER DAM (NO 1 1-2)","72h",200,0.005,128.72,123.2,133.28,0.023
"LAKE ALICE LOWER DAM (NO 1 1-2)","72h",500,0.002,141.41,133.85,147.85,0.029
"LAKE ALICE LOWER DAM (NO 1 1-2)","72h",1000,0.001,150.72,141.37,158.65,0.034
"LAKE ALICE LOWER DAM (NO 1 1-2)","72h",2000,5e-04,159.78,148.55,169.28,0.038
"LAKE ALICE LOWER DAM (NO 1 1-2)","72h",5000,2e-04,171.39,157.61,183.29,0.045
"LAKE ALICE LOWER DAM (NO 1 1-2)","72h",10000,1e-04,179.92,164.04,193.84,0.049
"LITTLE PANOCHE DETENTION","24h",2,0.5,81.88,81.28,82.8,0.006
"LITTLE PANOCHE DETENTION","24h",5,0.2,110.89,110.31,111.62,0.004
"LITTLE PANOCHE DETENTION","24h",10,0.1,130.99,129.5,132.21,0.007
"LITTLE PANOCHE DETENTION","24h",25,0.04,157.47,153.56,160.28,0.013
"LITTLE PANOCHE DETENTION","24h",50,0.02,177.91,171.44,182.37,0.019
"LITTLE PANOCHE DETENTION","24h",100,0.01,198.9,189.45,205.65,0.026
"LITTLE PANOCHE DETENTION","24h",200,0.005,220.53,207.33,229.97,0.032
"LITTLE PANOCHE DETENTION","24h",500,0.002,250.22,230.87,263.89,0.041
"LITTLE PANOCHE DETENTION","24h",1000,0.001,273.54,248.97,291.04,0.049
"LITTLE PANOCHE DETENTION","24h",2000,5e-04,297.66,267.09,319.58,0.056
"LITTLE PANOCHE DETENTION","24h",5000,2e-04,330.8,290.74,359.76,0.066
"LITTLE PANOCHE DETENTION","24h",10000,1e-04,356.87,308.67,392.24,0.073
"LITTLE PANOCHE DETENTION","72h",2,0.5,126.57,125.37,128.8,0.009
"LITTLE PANOCHE DETENTION","72h",5,0.2,174.14,173.33,175.54,0.004
"LITTLE PANOCHE DETENTION","72h",10,0.1,209.6,206.68,211.96,0.008
"LITTLE PANOCHE DETENTION","72h",25,0.04,262.02,253.56,267.41,0.017
"LITTLE PANOCHE DETENTION","72h",50,0.02,308.05,293.05,317.08,0.025
"LITTLE PANOCHE DETENTION","72h",100,0.01,361.18,338.18,375.5,0.034
"LITTLE PANOCHE DETENTION","72h",200,0.005,422.84,388.56,443.79,0.043
"LITTLE PANOCHE DETENTION","72h",500,0.002,520.15,466.21,552.19,0.055
"LITTLE PANOCHE DETENTION","72h",1000,0.001,608.05,533.72,652.43,0.065
"LITTLE PANOCHE DETENTION","72h",2000,5e-04,710.6,610.14,770.05,0.075
"LITTLE PANOCHE DETENTION","72h",5000,2e-04,872.88,727.69,959.35,0.088
"LITTLE PANOCHE DETENTION","72h",10000,1e-04,1019.65,831.43,1133.08,0.099
"EDEN DIKE 1","24h",2,0.5,26.73,26.55,27.01,0.006
"EDEN DIKE 1","24h",5,0.2,36.61,36.42,36.82,0.003
"EDEN DIKE 1","24h",10,0.1,43.3,42.85,43.67,0.006
"EDEN DIKE 1","24h",25,0.04,51.94,50.83,52.73,0.012
"EDEN DIKE 1","24h",50,0.02,58.48,56.7,59.74,0.018
"EDEN DIKE 1","24h",100,0.01,65.08,62.43,66.93,0.023
"EDEN DIKE 1","24h",200,0.005,71.77,68.08,74.41,0.029
"EDEN DIKE 1","24h",500,0.002,80.78,75.43,84.62,0.037
"EDEN DIKE 1","24h",1000,0.001,87.73,80.88,92.57,0.043
"EDEN DIKE 1","24h",2000,5e-04,94.79,86.3,100.8,0.049
"EDEN DIKE 1","24h",5000,2e-04,104.3,93.35,112.06,0.058
"EDEN DIKE 1","24h",10000,1e-04,111.65,98.66,120.87,0.064
"EDEN DIKE 1","72h",2,0.5,35.14,34.88,35.64,0.007
"EDEN DIKE 1","72h",5,0.2,47.34,47.11,47.67,0.004
"EDEN DIKE 1","72h",10,0.1,56,55.32,56.55,0.007
"EDEN DIKE 1","72h",25,0.04,68.29,66.5,69.46,0.014
"EDEN DIKE 1","72h",50,0.02,78.67,75.71,80.56,0.021
"EDEN DIKE 1","72h",100,0.01,90.28,85.64,93.09,0.028
"EDEN DIKE 1","72h",200,0.005,103.33,96.49,107.38,0.035
"EDEN DIKE 1","72h",500,0.002,123.17,112.59,129.4,0.045
"EDEN DIKE 1","72h",1000,0.001,140.46,126.36,148.99,0.053
"EDEN DIKE 1","72h",2000,5e-04,159.99,141.57,171.36,0.062
"EDEN DIKE 1","72h",5000,2e-04,189.79,163.94,205.5,0.073
"EDEN DIKE 1","72h",10000,1e-04,215.78,182.61,235.57,0.082
"SAN JUSTO","24h",2,0.5,75.81,74.85,77.12,0.01
"SAN JUSTO","24h",5,0.2,100.18,99.35,101.19,0.006
"SAN JUSTO","24h",10,0.1,117.54,115.34,119.45,0.011
"SAN JUSTO","24h",25,0.04,142.21,137.08,146.6,0.021
"SAN JUSTO","24h",50,0.02,163.12,155.06,170.28,0.03
"SAN JUSTO","24h",100,0.01,186.53,174.04,197.15,0.04
"SAN JUSTO","24h",200,0.005,212.89,195.15,228.27,0.05
"SAN JUSTO","24h",500,0.002,253.08,225.35,277.43,0.065
"SAN JUSTO","24h",1000,0.001,288.15,251.46,320.49,0.077
"SAN JUSTO","24h",2000,5e-04,327.88,279.85,370.09,0.089
"SAN JUSTO","24h",5000,2e-04,388.59,321.02,447.91,0.105
"SAN JUSTO","24h",10000,1e-04,441.66,356.19,516.55,0.118
"SAN JUSTO","72h",2,0.5,114.38,112.6,116.59,0.011
"SAN JUSTO","72h",5,0.2,154.86,153.52,156.54,0.006
"SAN JUSTO","72h",10,0.1,183.82,180.25,187.06,0.011
"SAN JUSTO","72h",25,0.04,225.16,216.44,232.65,0.022
"SAN JUSTO","72h",50,0.02,260.31,246.26,272.32,0.032
"SAN JUSTO","72h",100,0.01,299.78,278.16,319.06,0.043
"SAN JUSTO","72h",200,0.005,344.39,313.51,372.39,0.054
"SAN JUSTO","72h",500,0.002,412.61,364.97,456.79,0.07
"SAN JUSTO","72h",1000,0.001,472.36,408.43,532.03,0.083
"SAN JUSTO","72h",2000,5e-04,540.23,455.63,619.73,0.096
"SAN JUSTO","72h",5000,2e-04,644.34,526,758.81,0.114
"SAN JUSTO","72h",10000,1e-04,735.65,585.52,884.73,0.128
"MT. ELBERT FOREBAY","24h",2,0.5,31.13,30.92,31.47,0.006
"MT. ELBERT FOREBAY","24h",5,0.2,40.48,40.32,40.71,0.003
"MT. ELBERT FOREBAY","24h",10,0.1,47.21,46.69,47.61,0.006
"MT. ELBERT FOREBAY","24h",25,0.04,56.86,55.51,57.81,0.013
"MT. ELBERT FOREBAY","24h",50,0.02,65.11,62.82,66.6,0.019
"MT. ELBERT FOREBAY","24h",100,0.01,74.4,70.92,76.65,0.026
"MT. ELBERT FOREBAY","24h",200,0.005,84.93,79.85,88.3,0.033
"MT. ELBERT FOREBAY","24h",500,0.002,101.1,93.34,106.36,0.043
"MT. ELBERT FOREBAY","24h",1000,0.001,115.33,104.87,122.47,0.051
"MT. ELBERT FOREBAY","24h",2000,5e-04,131.55,117.64,140.83,0.059
"MT. ELBERT FOREBAY","24h",5000,2e-04,156.53,136.98,169.93,0.07
"MT. ELBERT FOREBAY","24h",10000,1e-04,178.53,153.6,195.96,0.079
"MT. ELBERT FOREBAY","72h",2,0.5,40.15,39.91,40.54,0.005
"MT. ELBERT FOREBAY","72h",5,0.2,53.47,53.21,53.75,0.003
"MT. ELBERT FOREBAY","72h",10,0.1,62.67,62,63.15,0.006
"MT. ELBERT FOREBAY","72h",25,0.04,74.75,73.11,75.9,0.012
"MT. ELBERT FOREBAY","72h",50,0.02,84.06,81.37,85.83,0.017
"MT. ELBERT FOREBAY","72h",100,0.01,93.59,89.58,96.07,0.023
"MT. ELBERT FOREBAY","72h",200,0.005,103.39,97.86,106.86,0.029
"MT. ELBERT FOREBAY","72h",500,0.002,116.81,108.85,121.96,0.038
"MT. ELBERT FOREBAY","72h",1000,0.001,127.32,117.04,134.04,0.044
"MT. ELBERT FOREBAY","72h",2000,5e-04,138.16,125.33,146.44,0.051
"MT. ELBERT FOREBAY","72h",5000,2e-04,153.03,136.32,164,0.06
"MT. ELBERT FOREBAY","72h",10000,1e-04,164.69,144.82,177.9,0.067
"REACH 11 DETENTION DIKE 4","24h",2,0.5,51.83,51.52,52.36,0.005
"REACH 11 DETENTION DIKE 4","24h",5,0.2,68.59,68.34,68.96,0.003
"REACH 11 DETENTION DIKE 4","24h",10,0.1,80.58,79.77,81.23,0.005
"REACH 11 DETENTION DIKE 4","24h",25,0.04,97.67,95.64,99.14,0.011
"REACH 11 DETENTION DIKE 4","24h",50,0.02,112.2,108.88,114.4,0.016
"REACH 11 DETENTION DIKE 4","24h",100,0.01,128.51,123.3,131.83,0.022
"REACH 11 DETENTION DIKE 4","24h",200,0.005,146.93,139.42,151.7,0.028
"REACH 11 DETENTION DIKE 4","24h",500,0.002,175.09,163.32,182.35,0.036
"REACH 11 DETENTION DIKE 4","24h",1000,0.001,199.73,183.89,209.57,0.043
"REACH 11 DETENTION DIKE 4","24h",2000,5e-04,227.71,206.97,240.98,0.05
"REACH 11 DETENTION DIKE 4","24h",5000,2e-04,270.61,241.5,289.58,0.059
"REACH 11 DETENTION DIKE 4","24h",10000,1e-04,308.21,271.14,332.22,0.066
"REACH 11 DETENTION DIKE 4","72h",2,0.5,69.28,68.84,69.91,0.005
"REACH 11 DETENTION DIKE 4","72h",5,0.2,96.26,95.9,96.77,0.003
"REACH 11 DETENTION DIKE 4","72h",10,0.1,115.08,114.04,115.86,0.005
"REACH 11 DETENTION DIKE 4","72h",25,0.04,140,137.25,141.85,0.011
"REACH 11 DETENTION DIKE 4","72h",50,0.02,159.34,154.92,162.4,0.015
"REACH 11 DETENTION DIKE 4","72h",100,0.01,179.3,172.81,183.91,0.021
"REACH 11 DETENTION DIKE 4","72h",200,0.005,199.96,191.08,206.61,0.026
"REACH 11 DETENTION DIKE 4","72h",500,0.002,228.45,215.42,238.48,0.033
"REACH 11 DETENTION DIKE 4","72h",1000,0.001,250.97,233.93,264,0.039
"REACH 11 DETENTION DIKE 4","72h",2000,5e-04,274.35,252.58,290.87,0.045
"REACH 11 DETENTION DIKE 4","72h",5000,2e-04,306.66,277.97,328.57,0.053
"REACH 11 DETENTION DIKE 4","72h",10000,1e-04,332.2,297.56,358.86,0.059
"HELENA VALLEY","24h",2,0.5,32.56,32.36,32.88,0.005
"HELENA VALLEY","24h",5,0.2,44.53,44.33,44.75,0.003
"HELENA VALLEY","24h",10,0.1,52.66,52.09,53.07,0.006
"HELENA VALLEY","24h",25,0.04,63.15,61.86,64.01,0.011
"HELENA VALLEY","24h",50,0.02,71.09,69.08,72.39,0.015
"HELENA VALLEY","24h",100,0.01,79.14,76.35,80.98,0.02
"HELENA VALLEY","24h",200,0.005,87.36,83.67,89.81,0.023
"HELENA VALLEY","24h",500,0.002,98.53,93.49,101.98,0.028
"HELENA VALLEY","24h",1000,0.001,107.24,101.06,111.46,0.032
"HELENA VALLEY","24h",2000,5e-04,116.21,108.73,121.26,0.036
"HELENA VALLEY","24h",5000,2e-04,128.48,119.15,134.81,0.04
"HELENA VALLEY","24h",10000,1e-04,138.1,127.23,145.5,0.044
"HELENA VALLEY","72h",2,0.5,44.16,43.91,44.57,0.005
"HELENA VALLEY","72h",5,0.2,59.59,59.3,59.93,0.003
"HELENA VALLEY","72h",10,0.1,70.08,69.31,70.64,0.006
"HELENA VALLEY","72h",25,0.04,83.65,81.78,84.83,0.012
"HELENA VALLEY","72h",50,0.02,93.96,90.95,95.76,0.017
"HELENA VALLEY","72h",100,0.01,104.39,100,107.02,0.022
"HELENA VALLEY","72h",200,0.005,114.98,108.96,118.68,0.028
"HELENA VALLEY","72h",500,0.002,129.28,120.7,134.54,0.036
"HELENA VALLEY","72h",1000,0.001,140.33,129.59,147.03,0.042
"HELENA VALLEY","72h",2000,5e-04,151.59,138.54,159.92,0.048
"HELENA VALLEY","72h",5000,2e-04,166.81,150.25,177.58,0.056
"HELENA VALLEY","72h",10000,1e-04,178.59,159.04,191.58,0.062
"SODA LAKE DIKE","24h",2,0.5,50.4,50.1,50.91,0.005
"SODA LAKE DIKE","24h",5,0.2,66.97,66.67,67.34,0.003
"SODA LAKE DIKE","24h",10,0.1,78.49,77.68,79.14,0.006
"SODA LAKE DIKE","24h",25,0.04,93.72,91.64,95.13,0.012
"SODA LAKE DIKE","24h",50,0.02,105.51,102.1,107.76,0.018
"SODA LAKE DIKE","24h",100,0.01,117.65,112.54,120.81,0.024
"SODA LAKE DIKE","24h",200,0.005,130.2,123,134.66,0.03
"SODA LAKE DIKE","24h",500,0.002,147.46,136.71,154.14,0.039
"SODA LAKE DIKE","24h",1000,0.001,161.07,147.32,169.64,0.045
"SODA LAKE DIKE","24h",2000,5e-04,175.18,157.95,185.92,0.052
"SODA LAKE DIKE","24h",5000,2e-04,194.63,172.24,209.06,0.062
"SODA LAKE DIKE","24h",10000,1e-04,209.97,183.02,227.67,0.069
"SODA LAKE DIKE","72h",2,0.5,74.68,74.28,75.29,0.004
"SODA LAKE DIKE","72h",5,0.2,97.56,97.15,98.03,0.003
"SODA LAKE DIKE","72h",10,0.1,112.95,111.89,113.71,0.005
"SODA LAKE DIKE","72h",25,0.04,132.69,130.01,134.43,0.011
"SODA LAKE DIKE","72h",50,0.02,147.55,143.27,150.33,0.015
"SODA LAKE DIKE","72h",100,0.01,162.47,156.23,166.53,0.02
"SODA LAKE DIKE","72h",200,0.005,177.52,169.16,183.29,0.026
"SODA LAKE DIKE","72h",500,0.002,197.66,185.67,206.18,0.033
"SODA LAKE DIKE","72h",1000,0.001,213.1,198.21,223.92,0.038
"SODA LAKE DIKE","72h",2000,5e-04,228.71,210.54,242.09,0.044
"SODA LAKE DIKE","72h",5000,2e-04,249.64,226.48,266.96,0.052
"SODA LAKE DIKE","72h",10000,1e-04,265.7,238.49,286.42,0.058
"JACKSON GULCH","24h",2,0.5,31.63,31.46,31.92,0.005
"JACKSON GULCH","24h",5,0.2,42.41,42.23,42.62,0.003
"JACKSON GULCH","24h",10,0.1,49.83,49.38,50.16,0.005
"JACKSON GULCH","24h",25,0.04,59.54,58.33,60.29,0.011
"JACKSON GULCH","24h",50,0.02,66.99,64.91,68.18,0.016
"JACKSON GULCH","24h",100,0.01,74.61,71.63,76.36,0.021
"JACKSON GULCH","24h",200,0.005,82.41,78.31,84.91,0.027
"JACKSON GULCH","24h",500,0.002,93.06,87.06,96.68,0.034
"JACKSON GULCH","24h",1000,0.001,101.37,93.67,106.07,0.04
"JACKSON GULCH","24h",2000,5e-04,109.93,100.31,115.88,0.046
"JACKSON GULCH","24h",5000,2e-04,121.62,109.23,129.44,0.054
"JACKSON GULCH","24h",10000,1e-04,130.75,116.05,140.24,0.061
"JACKSON GULCH","72h",2,0.5,41.42,41.17,41.8,0.005
"JACKSON GULCH","72h",5,0.2,53.54,53.32,53.82,0.003
"JACKSON GULCH","72h",10,0.1,62.01,61.41,62.51,0.006
"JACKSON GULCH","72h",25,0.04,73.86,72.3,74.93,0.011
"JACKSON GULCH","72h",50,0.02,83.75,81.24,85.39,0.016
"JACKSON GULCH","72h",100,0.01,94.68,90.9,97.08,0.021
"JACKSON GULCH","72h",200,0.005,106.85,101.45,110.41,0.027
"JACKSON GULCH","72h",500,0.002,125.12,117,130.59,0.035
"JACKSON GULCH","72h",1000,0.001,140.84,130.19,148.27,0.041
"JACKSON GULCH","72h",2000,5e-04,158.43,144.7,168.14,0.048
"JACKSON GULCH","72h",5000,2e-04,184.93,165.92,198.66,0.057
"JACKSON GULCH","72h",10000,1e-04,207.76,183.62,224.9,0.064
"FISH LAKE","24h",2,0.5,52.69,52.39,53.16,0.005
"FISH LAKE","24h",5,0.2,70.76,70.46,71.13,0.003
"FISH LAKE","24h",10,0.1,83.16,82.36,83.78,0.005
"FISH LAKE","24h",25,0.04,99.36,97.32,100.7,0.011
"FISH LAKE","24h",50,0.02,111.78,108.39,113.99,0.016
"FISH LAKE","24h",100,0.01,124.44,119.49,127.58,0.021
"FISH LAKE","24h",200,0.005,137.4,130.46,141.99,0.027
"FISH LAKE","24h",500,0.002,155.05,145.31,161.81,0.034
"FISH LAKE","24h",1000,0.001,168.81,156.5,177.41,0.04
"FISH LAKE","24h",2000,5e-04,182.94,167.73,193.81,0.046
"FISH LAKE","24h",5000,2e-04,202.21,182.67,216.23,0.054
"FISH LAKE","24h",10000,1e-04,217.26,193.97,233.97,0.06
"FISH LAKE","72h",2,0.5,85.95,85.42,86.73,0.005
"FISH LAKE","72h",5,0.2,114.57,114,115.27,0.003
"FISH LAKE","72h",10,0.1,133.52,132.12,134.61,0.006
"FISH LAKE","72h",25,0.04,157.47,154.27,159.8,0.011
"FISH LAKE","72h",50,0.02,175.25,170.06,179.04,0.016
"FISH LAKE","72h",100,0.01,192.89,185.32,198.54,0.021
"FISH LAKE","72h",200,0.005,210.48,200.07,218.21,0.026
"FISH LAKE","72h",500,0.002,233.69,219.54,244.59,0.033
"FISH LAKE","72h",1000,0.001,251.23,233.54,264.77,0.039
"FISH LAKE","72h",2000,5e-04,268.77,247.09,285.41,0.044
"FISH LAKE","72h",5000,2e-04,291.96,264.43,313.2,0.052
"FISH LAKE","72h",10000,1e-04,309.51,277.17,334.62,0.057
"NIMBUS","24h",2,0.5,97.7,97.27,98.49,0.004
"NIMBUS","24h",5,0.2,131.8,131.34,132.42,0.003
"NIMBUS","24h",10,0.1,155.47,154.22,156.41,0.004
"NIMBUS","24h",25,0.04,186.69,183.47,188.61,0.009
"NIMBUS","24h",50,0.02,210.83,205.61,213.92,0.014
"NIMBUS","24h",100,0.01,235.66,227.69,240.29,0.019
"NIMBUS","24h",200,0.005,261.27,249.89,267.8,0.023
"NIMBUS","24h",500,0.002,296.47,279.63,306.12,0.03
"NIMBUS","24h",1000,0.001,324.18,302.48,336.69,0.036
"NIMBUS","24h",2000,5e-04,352.86,325.88,369.19,0.041
"NIMBUS","24h",5000,2e-04,392.33,356.89,413.94,0.048
"NIMBUS","24h",10000,1e-04,423.42,380.93,449.29,0.054
"NIMBUS","72h",2,0.5,161.45,160.64,162.87,0.005
"NIMBUS","72h",5,0.2,225.3,224.41,226.48,0.003
"NIMBUS","72h",10,0.1,269.74,267.4,271.68,0.005
"NIMBUS","72h",25,0.04,328.48,322.33,332.81,0.01
"NIMBUS","72h",50,0.02,374,363.88,380.64,0.015
"NIMBUS","72h",100,0.01,420.89,405.82,431,0.02
"NIMBUS","72h",200,0.005,469.38,448.03,482.87,0.025
"NIMBUS","72h",500,0.002,536.14,505.37,554.98,0.032
"NIMBUS","72h",1000,0.001,588.8,549.44,612.38,0.038
"NIMBUS","72h",2000,5e-04,643.41,594.39,672.97,0.043
"NIMBUS","72h",5000,2e-04,718.74,655.18,758.7,0.051
"NIMBUS","72h",10000,1e-04,778.21,701.5,827.66,0.057
"BOR CAUSEY","24h",2,0.5,41.07,40.87,41.39,0.004
"BOR CAUSEY","24h",5,0.2,53.61,53.41,53.87,0.003
"BOR CAUSEY","24h",10,0.1,62.14,61.61,62.55,0.005
"BOR CAUSEY","24h",25,0.04,73.17,71.75,74.06,0.01
"BOR CAUSEY","24h",50,0.02,81.55,79.3,82.99,0.015
"BOR CAUSEY","24h",100,0.01,90.02,86.64,92.12,0.02
"BOR CAUSEY","24h",200,0.005,98.64,93.99,101.57,0.025
"BOR CAUSEY","24h",500,0.002,110.26,103.57,114.47,0.033
"BOR CAUSEY","24h",1000,0.001,119.24,110.76,124.62,0.038
"BOR CAUSEY","24h",2000,5e-04,128.4,117.94,135.12,0.044
"BOR CAUSEY","24h",5000,2e-04,140.78,127.61,149.44,0.052
"BOR CAUSEY","24h",10000,1e-04,150.35,134.82,160.8,0.058
"BOR CAUSEY","72h",2,0.5,55.94,55.65,56.39,0.005
"BOR CAUSEY","72h",5,0.2,70.94,70.67,71.31,0.003
"BOR CAUSEY","72h",10,0.1,81.37,80.63,81.96,0.005
"BOR CAUSEY","72h",25,0.04,95.92,94.08,97.15,0.011
"BOR CAUSEY","72h",50,0.02,108.02,105.12,110.02,0.015
"BOR CAUSEY","72h",100,0.01,121.37,116.99,124.4,0.021
"BOR CAUSEY","72h",200,0.005,136.17,129.81,140.48,0.026
"BOR CAUSEY","72h",500,0.002,158.34,148.79,164.56,0.034
"BOR CAUSEY","72h",1000,0.001,177.35,164.64,185.71,0.041
"BOR CAUSEY","72h",2000,5e-04,198.56,182.04,209.59,0.047
"BOR CAUSEY","72h",5000,2e-04,230.42,207.9,245.89,0.056
"BOR CAUSEY","72h",10000,1e-04,257.78,229.71,277.14,0.063
"WARREN H. BROCK DIKES","24h",2,0.5,50.24,49.63,51.2,0.01
"WARREN H. BROCK DIKES","24h",5,0.2,72.43,71.84,73.22,0.006
"WARREN H. BROCK DIKES","24h",10,0.1,88.34,86.81,89.54,0.01
"WARREN H. BROCK DIKES","24h",25,0.04,109.93,105.87,112.75,0.02
"WARREN H. BROCK DIKES","24h",50,0.02,127.1,120.28,131.78,0.029
"WARREN H. BROCK DIKES","24h",100,0.01,145.17,135.02,152.65,0.039
"WARREN H. BROCK DIKES","24h",200,0.005,164.27,149.66,174.77,0.049
"WARREN H. BROCK DIKES","24h",500,0.002,191.24,169.39,206.46,0.064
"WARREN H. BROCK DIKES","24h",1000,0.001,213.06,184.91,232.86,0.075
"WARREN H. BROCK DIKES","24h",2000,5e-04,236.17,200.69,261.4,0.086
"WARREN H. BROCK DIKES","24h",5000,2e-04,268.87,222.03,302.99,0.101
"WARREN H. BROCK DIKES","24h",10000,1e-04,295.33,238.57,337.12,0.113
"WARREN H. BROCK DIKES","72h",2,0.5,66.65,65.66,68.19,0.013
"WARREN H. BROCK DIKES","72h",5,0.2,99.95,99.23,101.23,0.007
"WARREN H. BROCK DIKES","72h",10,0.1,124.85,122.71,126.61,0.01
"WARREN H. BROCK DIKES","72h",25,0.04,159.94,153.3,164.41,0.021
"WARREN H. BROCK DIKES","72h",50,0.02,188.9,177.63,196.6,0.032
"WARREN H. BROCK DIKES","72h",100,0.01,220.36,203.02,232.91,0.043
"WARREN H. BROCK DIKES","72h",200,0.005,254.65,229.72,272.81,0.054
"WARREN H. BROCK DIKES","72h",500,0.002,304.87,266.9,331.68,0.07
"WARREN H. BROCK DIKES","72h",1000,0.001,346.97,295.88,382.21,0.082
"WARREN H. BROCK DIKES","72h",2000,5e-04,393,327.38,440.01,0.095
"WARREN H. BROCK DIKES","72h",5000,2e-04,460.49,370.8,527.42,0.112
"WARREN H. BROCK DIKES","72h",10000,1e-04,517.12,405.88,601.99,0.125
"EAGLE LAKE DAM","24h",2,0.5,39.56,39.36,39.95,0.005
"EAGLE LAKE DAM","24h",5,0.2,50.74,50.58,51.02,0.003
"EAGLE LAKE DAM","24h",10,0.1,58.9,58.33,59.35,0.005
"EAGLE LAKE DAM","24h",25,0.04,70.74,69.26,71.76,0.012
"EAGLE LAKE DAM","24h",50,0.02,80.97,78.52,82.59,0.018
"EAGLE LAKE DAM","24h",100,0.01,92.62,88.75,95.07,0.024
"EAGLE LAKE DAM","24h",200,0.005,105.95,100.28,109.43,0.031
"EAGLE LAKE DAM","24h",500,0.002,126.66,117.65,131.99,0.04
"EAGLE LAKE DAM","24h",1000,0.001,145.07,132.8,152.22,0.048
"EAGLE LAKE DAM","24h",2000,5e-04,166.26,149.78,175.8,0.056
"EAGLE LAKE DAM","24h",5000,2e-04,199.26,175.99,212.62,0.067
"EAGLE LAKE DAM","24h",10000,1e-04,228.64,198.74,245.92,0.075
"EAGLE LAKE DAM","72h",2,0.5,56.13,55.81,56.61,0.005
"EAGLE LAKE DAM","72h",5,0.2,70.44,70.18,70.79,0.003
"EAGLE LAKE DAM","72h",10,0.1,80.5,79.72,81.13,0.005
"EAGLE LAKE DAM","72h",25,0.04,94.65,92.75,96.07,0.011
"EAGLE LAKE DAM","72h",50,0.02,106.51,103.4,108.82,0.016
"EAGLE LAKE DAM","72h",100,0.01,119.69,114.89,123.12,0.022
"EAGLE LAKE DAM","72h",200,0.005,134.4,127.5,139.33,0.027
"EAGLE LAKE DAM","72h",500,0.002,156.61,146.48,164.09,0.036
"EAGLE LAKE DAM","72h",1000,0.001,175.81,162.24,185.78,0.043
"EAGLE LAKE DAM","72h",2000,5e-04,197.37,179.79,210.75,0.05
"EAGLE LAKE DAM","72h",5000,2e-04,230.01,205.4,248.69,0.059
"EAGLE LAKE DAM","72h",10000,1e-04,258.27,227.11,281.81,0.067
"FRUITGROWERS","24h",2,0.5,25.66,25.5,25.94,0.006
"FRUITGROWERS","24h",5,0.2,33.31,33.18,33.49,0.003
"FRUITGROWERS","24h",10,0.1,38.84,38.44,39.14,0.006
"FRUITGROWERS","24h",25,0.04,46.83,45.76,47.54,0.013
"FRUITGROWERS","24h",50,0.02,53.68,51.87,54.84,0.018
"FRUITGROWERS","24h",100,0.01,61.44,58.55,63.19,0.025
"FRUITGROWERS","24h",200,0.005,70.29,66.09,72.86,0.032
"FRUITGROWERS","24h",500,0.002,83.93,77.48,88,0.042
"FRUITGROWERS","24h",1000,0.001,96,87.32,101.43,0.049
"FRUITGROWERS","24h",2000,5e-04,109.81,98.38,117.07,0.057
"FRUITGROWERS","24h",5000,2e-04,131.2,115.11,141.61,0.068
"FRUITGROWERS","24h",10000,1e-04,150.13,129.59,163.57,0.077
"FRUITGROWERS","72h",2,0.5,33.14,32.93,33.47,0.006
"FRUITGROWERS","72h",5,0.2,42.73,42.56,42.95,0.003
"FRUITGROWERS","72h",10,0.1,49.6,49.1,49.97,0.006
"FRUITGROWERS","72h",25,0.04,59.42,58.1,60.34,0.012
"FRUITGROWERS","72h",50,0.02,67.78,65.52,69.29,0.018
"FRUITGROWERS","72h",100,0.01,77.19,73.72,79.51,0.024
"FRUITGROWERS","72h",200,0.005,87.82,82.79,91.15,0.031
"FRUITGROWERS","72h",500,0.002,104.11,96.42,109.14,0.04
"FRUITGROWERS","72h",1000,0.001,118.39,108,125.27,0.047
"FRUITGROWERS","72h",2000,5e-04,134.64,121.16,143.82,0.055
"FRUITGROWERS","72h",5000,2e-04,159.59,140.95,172.74,0.066
"FRUITGROWERS","72h",10000,1e-04,181.49,157.68,198.42,0.074
"HAYSTACK","24h",2,0.5,54.97,54.67,55.44,0.004
"HAYSTACK","24h",5,0.2,73.11,72.81,73.5,0.003
"HAYSTACK","24h",10,0.1,85.51,84.77,86.17,0.005
"HAYSTACK","24h",25,0.04,101.64,99.68,103.09,0.01
"HAYSTACK","24h",50,0.02,113.95,110.78,116.13,0.015
"HAYSTACK","24h",100,0.01,126.47,121.78,129.57,0.02
"HAYSTACK","24h",200,0.005,139.24,132.69,143.64,0.025
"HAYSTACK","24h",500,0.002,156.56,146.88,162.99,0.033
"HAYSTACK","24h",1000,0.001,170.02,157.75,178.32,0.038
"HAYSTACK","24h",2000,5e-04,183.8,168.56,194.29,0.044
"HAYSTACK","24h",5000,2e-04,202.52,182.98,216.35,0.052
"HAYSTACK","24h",10000,1e-04,217.07,193.85,233.8,0.058
"HAYSTACK","72h",2,0.5,73.25,72.85,73.95,0.005
"HAYSTACK","72h",5,0.2,97.27,96.83,97.77,0.003
"HAYSTACK","72h",10,0.1,113.77,112.64,114.64,0.006
"HAYSTACK","72h",25,0.04,135.32,132.27,137.21,0.012
"HAYSTACK","72h",50,0.02,151.84,146.85,154.88,0.017
"HAYSTACK","72h",100,0.01,168.69,161.36,173.02,0.023
"HAYSTACK","72h",200,0.005,185.94,175.76,192.12,0.029
"HAYSTACK","72h",500,0.002,209.43,194.76,218.26,0.037
"HAYSTACK","72h",1000,0.001,227.75,209.14,238.95,0.044
"HAYSTACK","72h",2000,5e-04,246.57,223.77,261.13,0.05
"HAYSTACK","72h",5000,2e-04,272.24,243.08,291.3,0.059
"HAYSTACK","72h",10000,1e-04,292.27,257.78,315.51,0.066
"UPPER SAN MARCOS RIVER WS NRCS SITE 5 DAM","24h",2,0.5,85.03,83.27,87.76,0.018
"UPPER SAN MARCOS RIVER WS NRCS SITE 5 DAM","24h",5,0.2,117.11,115.62,119.04,0.009
"UPPER SAN MARCOS RIVER WS NRCS SITE 5 DAM","24h",10,0.1,140.85,136.78,144.06,0.016
"UPPER SAN MARCOS RIVER WS NRCS SITE 5 DAM","24h",25,0.04,175.75,165.32,183.58,0.034
"UPPER SAN MARCOS RIVER WS NRCS SITE 5 DAM","24h",50,0.02,206.25,188.28,218.99,0.049
"UPPER SAN MARCOS RIVER WS NRCS SITE 5 DAM","24h",100,0.01,241.28,213.61,262.01,0.065
"UPPER SAN MARCOS RIVER WS NRCS SITE 5 DAM","24h",200,0.005,281.76,242.28,312.69,0.082
"UPPER SAN MARCOS RIVER WS NRCS SITE 5 DAM","24h",500,0.002,345.31,284.24,393.26,0.105
"UPPER SAN MARCOS RIVER WS NRCS SITE 5 DAM","24h",1000,0.001,402.44,319.79,468.18,0.124
"UPPER SAN MARCOS RIVER WS NRCS SITE 5 DAM","24h",2000,5e-04,468.78,358.53,560.12,0.143
"UPPER SAN MARCOS RIVER WS NRCS SITE 5 DAM","24h",5000,2e-04,573.24,416.75,710.3,0.17
"UPPER SAN MARCOS RIVER WS NRCS SITE 5 DAM","24h",10000,1e-04,667.24,466.66,850.46,0.19
"UPPER SAN MARCOS RIVER WS NRCS SITE 5 DAM","72h",2,0.5,101.05,98.77,104.61,0.019
"UPPER SAN MARCOS RIVER WS NRCS SITE 5 DAM","72h",5,0.2,142.93,141.03,145.53,0.01
"UPPER SAN MARCOS RIVER WS NRCS SITE 5 DAM","72h",10,0.1,174.11,168.84,178.12,0.017
"UPPER SAN MARCOS RIVER WS NRCS SITE 5 DAM","72h",25,0.04,220.12,206.44,230.18,0.035
"UPPER SAN MARCOS RIVER WS NRCS SITE 5 DAM","72h",50,0.02,260.49,236.97,276.87,0.05
"UPPER SAN MARCOS RIVER WS NRCS SITE 5 DAM","72h",100,0.01,307.02,270.44,334.1,0.067
"UPPER SAN MARCOS RIVER WS NRCS SITE 5 DAM","72h",200,0.005,360.98,308.53,401.1,0.084
"UPPER SAN MARCOS RIVER WS NRCS SITE 5 DAM","72h",500,0.002,446.03,364.95,508.79,0.108
"UPPER SAN MARCOS RIVER WS NRCS SITE 5 DAM","72h",1000,0.001,522.77,412.76,610.78,0.127
"UPPER SAN MARCOS RIVER WS NRCS SITE 5 DAM","72h",2000,5e-04,612.2,464.9,732.52,0.147
"UPPER SAN MARCOS RIVER WS NRCS SITE 5 DAM","72h",5000,2e-04,753.56,542.64,934.94,0.174
"UPPER SAN MARCOS RIVER WS NRCS SITE 5 DAM","72h",10000,1e-04,881.25,610.74,1124.56,0.194
"SPRING CREEK DEBRIS","24h",2,0.5,76.83,76.41,77.64,0.005
"SPRING CREEK DEBRIS","24h",5,0.2,99.15,98.74,99.68,0.003
"SPRING CREEK DEBRIS","24h",10,0.1,114.71,113.49,115.67,0.006
"SPRING CREEK DEBRIS","24h",25,0.04,136.43,133.38,138.6,0.012
"SPRING CREEK DEBRIS","24h",50,0.02,154.54,149.67,157.96,0.017
"SPRING CREEK DEBRIS","24h",100,0.01,174.53,167.16,179.43,0.023
"SPRING CREEK DEBRIS","24h",200,0.005,196.74,186.22,203.5,0.029
"SPRING CREEK DEBRIS","24h",500,0.002,230.04,213.94,239.92,0.038
"SPRING CREEK DEBRIS","24h",1000,0.001,258.66,237.44,271.56,0.044
"SPRING CREEK DEBRIS","24h",2000,5e-04,290.62,263,307.04,0.051
"SPRING CREEK DEBRIS","24h",5000,2e-04,338.7,300.44,361.9,0.061
"SPRING CREEK DEBRIS","24h",10000,1e-04,380.06,331.68,409.16,0.069
"SPRING CREEK DEBRIS","72h",2,0.5,126.78,126,127.94,0.005
"SPRING CREEK DEBRIS","72h",5,0.2,172.95,172.08,173.87,0.003
"SPRING CREEK DEBRIS","72h",10,0.1,203.45,201.41,205,0.006
"SPRING CREEK DEBRIS","72h",25,0.04,241.9,237.06,245.31,0.011
"SPRING CREEK DEBRIS","72h",50,0.02,270.36,262.63,275.75,0.016
"SPRING CREEK DEBRIS","72h",100,0.01,298.57,287.41,306.64,0.02
"SPRING CREEK DEBRIS","72h",200,0.005,326.61,311.49,337.92,0.025
"SPRING CREEK DEBRIS","72h",500,0.002,363.54,342.23,379.37,0.032
"SPRING CREEK DEBRIS","72h",1000,0.001,391.39,364.65,411.07,0.037
"SPRING CREEK DEBRIS","72h",2000,5e-04,419.18,386.84,443.32,0.043
"SPRING CREEK DEBRIS","72h",5000,2e-04,455.83,415.35,487.99,0.05
"SPRING CREEK DEBRIS","72h",10000,1e-04,483.49,435.59,522.33,0.055
"LAKE CAMEAHWAIT","24h",2,0.5,30.43,30.23,30.72,0.005
"LAKE CAMEAHWAIT","24h",5,0.2,42.2,41.98,42.46,0.004
"LAKE CAMEAHWAIT","24h",10,0.1,50.03,49.47,50.47,0.006
"LAKE CAMEAHWAIT","24h",25,0.04,59.94,58.68,60.89,0.012
"LAKE CAMEAHWAIT","24h",50,0.02,67.33,65.37,68.8,0.017
"LAKE CAMEAHWAIT","24h",100,0.01,74.67,71.79,76.85,0.022
"LAKE CAMEAHWAIT","24h",200,0.005,82.02,78.21,84.96,0.027
"LAKE CAMEAHWAIT","24h",500,0.002,91.73,86.37,95.9,0.034
"LAKE CAMEAHWAIT","24h",1000,0.001,99.1,92.42,104.36,0.04
"LAKE CAMEAHWAIT","24h",2000,5e-04,106.49,98.34,113,0.045
"LAKE CAMEAHWAIT","24h",5000,2e-04,116.28,105.83,124.62,0.053
"LAKE CAMEAHWAIT","24h",10000,1e-04,123.71,111.35,133.6,0.058
"LAKE CAMEAHWAIT","72h",2,0.5,37.63,37.35,37.99,0.005
"LAKE CAMEAHWAIT","72h",5,0.2,52.68,52.37,53,0.004
"LAKE CAMEAHWAIT","72h",10,0.1,62.48,61.78,63.09,0.006
"LAKE CAMEAHWAIT","72h",25,0.04,74.69,73.19,75.85,0.012
"LAKE CAMEAHWAIT","72h",50,0.02,83.61,81.27,85.47,0.017
"LAKE CAMEAHWAIT","72h",100,0.01,92.37,89.04,95.03,0.021
"LAKE CAMEAHWAIT","72h",200,0.005,100.99,96.42,104.69,0.027
"LAKE CAMEAHWAIT","72h",500,0.002,112.2,105.76,117.51,0.033
"LAKE CAMEAHWAIT","72h",1000,0.001,120.56,112.57,127.36,0.039
"LAKE CAMEAHWAIT","72h",2000,5e-04,128.82,119.13,137.06,0.044
"LAKE CAMEAHWAIT","72h",5000,2e-04,139.58,127.47,150.02,0.051
"LAKE CAMEAHWAIT","72h",10000,1e-04,147.61,133.54,159.66,0.056
"BOR NEWTON","24h",2,0.5,37.3,37.13,37.61,0.004
"BOR NEWTON","24h",5,0.2,48.9,48.71,49.14,0.003
"BOR NEWTON","24h",10,0.1,56.98,56.48,57.33,0.005
"BOR NEWTON","24h",25,0.04,67.66,66.36,68.51,0.01
"BOR NEWTON","24h",50,0.02,75.94,73.76,77.33,0.015
"BOR NEWTON","24h",100,0.01,84.47,81.23,86.41,0.02
"BOR NEWTON","24h",200,0.005,93.3,88.74,95.99,0.026
"BOR NEWTON","24h",500,0.002,105.46,98.95,109.33,0.033
"BOR NEWTON","24h",1000,0.001,115.06,106.62,120.09,0.039
"BOR NEWTON","24h",2000,5e-04,125.02,114.54,131.35,0.045
"BOR NEWTON","24h",5000,2e-04,138.76,125.27,147.14,0.053
"BOR NEWTON","24h",10000,1e-04,149.61,133.51,159.8,0.06
"BOR NEWTON","72h",2,0.5,52.21,51.94,52.59,0.004
"BOR NEWTON","72h",5,0.2,68.18,67.94,68.5,0.003
"BOR NEWTON","72h",10,0.1,79.1,78.46,79.64,0.005
"BOR NEWTON","72h",25,0.04,93.3,91.77,94.49,0.01
"BOR NEWTON","72h",50,0.02,104.14,101.67,106.07,0.014
"BOR NEWTON","72h",100,0.01,115.16,111.47,117.97,0.019
"BOR NEWTON","72h",200,0.005,126.4,121.24,130.44,0.024
"BOR NEWTON","72h",500,0.002,141.65,134.08,147.63,0.031
"BOR NEWTON","72h",1000,0.001,153.5,143.81,161.16,0.036
"BOR NEWTON","72h",2000,5e-04,165.63,153.59,175.36,0.042
"BOR NEWTON","72h",5000,2e-04,182.1,166.52,194.88,0.05
"BOR NEWTON","72h",10000,1e-04,194.91,176.48,210.3,0.056
"PEC 66.0 HYDRO POWER PLANT","24h",2,0.5,39.32,39.1,39.76,0.006
"PEC 66.0 HYDRO POWER PLANT","24h",5,0.2,50.8,50.64,51.08,0.003
"PEC 66.0 HYDRO POWER PLANT","24h",10,0.1,59.25,58.64,59.73,0.006
"PEC 66.0 HYDRO POWER PLANT","24h",25,0.04,71.62,69.87,72.66,0.013
"PEC 66.0 HYDRO POWER PLANT","24h",50,0.02,82.37,79.41,84.03,0.019
"PEC 66.0 HYDRO POWER PLANT","24h",100,0.01,94.68,90.15,97.25,0.026
"PEC 66.0 HYDRO POWER PLANT","24h",200,0.005,108.85,102.13,112.61,0.033
"PEC 66.0 HYDRO POWER PLANT","24h",500,0.002,131,120.68,136.91,0.044
"PEC 66.0 HYDRO POWER PLANT","24h",1000,0.001,150.82,136.77,158.87,0.052
"PEC 66.0 HYDRO POWER PLANT","24h",2000,5e-04,173.77,154.76,184.27,0.06
"PEC 66.0 HYDRO POWER PLANT","24h",5000,2e-04,209.73,182.6,224.94,0.072
"PEC 66.0 HYDRO POWER PLANT","24h",10000,1e-04,241.96,206.46,261.82,0.081
"PEC 66.0 HYDRO POWER PLANT","72h",2,0.5,55.92,55.66,56.32,0.004
"PEC 66.0 HYDRO POWER PLANT","72h",5,0.2,72.32,72.03,72.69,0.003
"PEC 66.0 HYDRO POWER PLANT","72h",10,0.1,83.46,82.74,84.03,0.005
"PEC 66.0 HYDRO POWER PLANT","72h",25,0.04,97.87,95.95,99.05,0.01
"PEC 66.0 HYDRO POWER PLANT","72h",50,0.02,108.8,105.85,110.69,0.014
"PEC 66.0 HYDRO POWER PLANT","72h",100,0.01,119.87,115.57,122.65,0.019
"PEC 66.0 HYDRO POWER PLANT","72h",200,0.005,131.11,125.26,135.02,0.024
"PEC 66.0 HYDRO POWER PLANT","72h",500,0.002,146.28,138.05,151.92,0.031
"PEC 66.0 HYDRO POWER PLANT","72h",1000,0.001,157.99,147.75,165.17,0.036
"PEC 66.0 HYDRO POWER PLANT","72h",2000,5e-04,169.93,157.34,178.79,0.042
"PEC 66.0 HYDRO POWER PLANT","72h",5000,2e-04,186.07,170.09,197.56,0.049
"PEC 66.0 HYDRO POWER PLANT","72h",10000,1e-04,198.55,179.38,212.28,0.055
"BOR HUNTINGTON NORTH","24h",2,0.5,29.31,29.14,29.68,0.007
"BOR HUNTINGTON NORTH","24h",5,0.2,38.46,38.32,38.68,0.003
"BOR HUNTINGTON NORTH","24h",10,0.1,45.17,44.67,45.55,0.006
"BOR HUNTINGTON NORTH","24h",25,0.04,54.95,53.57,55.79,0.014
"BOR HUNTINGTON NORTH","24h",50,0.02,63.44,61.09,64.8,0.02
"BOR HUNTINGTON NORTH","24h",100,0.01,73.13,69.53,75.2,0.027
"BOR HUNTINGTON NORTH","24h",200,0.005,84.26,78.95,87.09,0.035
"BOR HUNTINGTON NORTH","24h",500,0.002,101.61,93.21,106.2,0.046
"BOR HUNTINGTON NORTH","24h",1000,0.001,117.09,105.7,123.3,0.054
"BOR HUNTINGTON NORTH","24h",2000,5e-04,134.97,119.59,143.18,0.063
"BOR HUNTINGTON NORTH","24h",5000,2e-04,162.93,140.74,174.62,0.074
"BOR HUNTINGTON NORTH","24h",10000,1e-04,187.91,159.41,202.86,0.084
"BOR HUNTINGTON NORTH","72h",2,0.5,39.39,39.15,39.84,0.006
"BOR HUNTINGTON NORTH","72h",5,0.2,51.59,51.39,51.87,0.003
"BOR HUNTINGTON NORTH","72h",10,0.1,60.45,59.82,60.92,0.006
"BOR HUNTINGTON NORTH","72h",25,0.04,73.27,71.6,74.35,0.013
"BOR HUNTINGTON NORTH","72h",50,0.02,84.3,81.39,85.97,0.019
"BOR HUNTINGTON NORTH","72h",100,0.01,96.81,92.22,99.32,0.025
"BOR HUNTINGTON NORTH","72h",200,0.005,111.09,104.41,114.82,0.032
"BOR HUNTINGTON NORTH","72h",500,0.002,133.19,122.83,139.16,0.042
"BOR HUNTINGTON NORTH","72h",1000,0.001,152.78,138.78,160.75,0.05
"BOR HUNTINGTON NORTH","72h",2000,5e-04,175.24,156.71,186.12,0.058
"BOR HUNTINGTON NORTH","72h",5000,2e-04,210.11,183.89,225.7,0.069
"BOR HUNTINGTON NORTH","72h",10000,1e-04,241.04,207.44,261.39,0.078
"AGATE DAM","24h",2,0.5,54.42,54.12,54.93,0.005
"AGATE DAM","24h",5,0.2,73.08,72.8,73.47,0.003
"AGATE DAM","24h",10,0.1,86.02,85.19,86.6,0.005
"AGATE DAM","24h",25,0.04,103.07,100.9,104.45,0.011
"AGATE DAM","24h",50,0.02,116.25,112.65,118.6,0.016
"AGATE DAM","24h",100,0.01,129.78,124.42,132.96,0.022
"AGATE DAM","24h",200,0.005,143.74,136.24,148.19,0.027
"AGATE DAM","24h",500,0.002,162.91,152.11,169.65,0.035
"AGATE DAM","24h",1000,0.001,177.98,164.24,186.84,0.041
"AGATE DAM","24h",2000,5e-04,193.57,176.39,204.65,0.048
"AGATE DAM","24h",5000,2e-04,215.02,192.6,229.61,0.056
"AGATE DAM","24h",10000,1e-04,231.89,204.95,249.43,0.062
"AGATE DAM","72h",2,0.5,89,88.48,89.83,0.005
"AGATE DAM","72h",5,0.2,118.59,118.01,119.24,0.003
"AGATE DAM","72h",10,0.1,138.21,136.83,139.4,0.006
"AGATE DAM","72h",25,0.04,163.02,159.76,165.44,0.011
"AGATE DAM","72h",50,0.02,181.44,176.3,185.23,0.016
"AGATE DAM","72h",100,0.01,199.75,192.04,205.29,0.021
"AGATE DAM","72h",200,0.005,218,207.31,225.55,0.027
"AGATE DAM","72h",500,0.002,242.11,227.26,252.82,0.034
"AGATE DAM","72h",1000,0.001,260.35,241.74,273.8,0.04
"AGATE DAM","72h",2000,5e-04,278.61,255.55,295.11,0.045
"AGATE DAM","72h",5000,2e-04,302.75,273.22,324.14,0.053
"AGATE DAM","72h",10000,1e-04,321.04,286.24,346.62,0.059
"EASTON DIVERSION","24h",2,0.5,81.42,80.98,82.2,0.005
"EASTON DIVERSION","24h",5,0.2,109.39,108.95,110,0.003
"EASTON DIVERSION","24h",10,0.1,129.06,127.77,130.11,0.005
"EASTON DIVERSION","24h",25,0.04,155.3,151.97,157.44,0.012
"EASTON DIVERSION","24h",50,0.02,175.83,170.32,179.3,0.018
"EASTON DIVERSION","24h",100,0.01,197.14,188.79,202.27,0.024
"EASTON DIVERSION","24h",200,0.005,219.35,207.78,226.74,0.03
"EASTON DIVERSION","24h",500,0.002,250.2,233.42,260.49,0.039
"EASTON DIVERSION","24h",1000,0.001,274.75,252.97,288.36,0.045
"EASTON DIVERSION","24h",2000,5e-04,300.41,272.86,318.07,0.052
"EASTON DIVERSION","24h",5000,2e-04,336.12,299.51,360.24,0.062
"EASTON DIVERSION","24h",10000,1e-04,364.56,320.51,393.96,0.069
"EASTON DIVERSION","72h",2,0.5,133.08,132.41,134.49,0.006
"EASTON DIVERSION","72h",5,0.2,171.69,171.09,172.66,0.003
"EASTON DIVERSION","72h",10,0.1,199.26,197.12,200.9,0.006
"EASTON DIVERSION","72h",25,0.04,238.57,232.73,241.91,0.012
"EASTON DIVERSION","72h",50,0.02,271.94,262.22,276.89,0.018
"EASTON DIVERSION","72h",100,0.01,309.38,295.07,317.11,0.024
"EASTON DIVERSION","72h",200,0.005,351.63,331.07,363.06,0.031
"EASTON DIVERSION","72h",500,0.002,416.16,384.67,433.06,0.04
"EASTON DIVERSION","72h",1000,0.001,472.62,430.29,495.46,0.048
"EASTON DIVERSION","72h",2000,5e-04,536.67,481.38,566.51,0.056
"EASTON DIVERSION","72h",5000,2e-04,634.78,557.51,675.51,0.066
"EASTON DIVERSION","72h",10000,1e-04,720.72,622.65,771.71,0.074
"KORTES","24h",2,0.5,30.88,30.64,31.41,0.009
"KORTES","24h",5,0.2,42.45,42.29,42.76,0.004
"KORTES","24h",10,0.1,51.17,50.55,51.69,0.007
"KORTES","24h",25,0.04,64.18,62.28,65.25,0.016
"KORTES","24h",50,0.02,75.71,72.34,77.47,0.024
"KORTES","24h",100,0.01,89.11,83.81,91.82,0.033
"KORTES","24h",200,0.005,104.78,96.73,108.98,0.042
"KORTES","24h",500,0.002,129.73,116.6,136.49,0.054
"KORTES","24h",1000,0.001,152.45,134.15,161.64,0.064
"KORTES","24h",2000,5e-04,179.16,154.22,191.39,0.074
"KORTES","24h",5000,2e-04,221.77,185.38,239.55,0.088
"KORTES","24h",10000,1e-04,260.64,213.26,283.83,0.099
"KORTES","72h",2,0.5,38.87,38.6,39.38,0.007
"KORTES","72h",5,0.2,54.68,54.43,55.05,0.004
"KORTES","72h",10,0.1,65.78,65.04,66.33,0.006
"KORTES","72h",25,0.04,80.57,78.58,81.75,0.014
"KORTES","72h",50,0.02,92.13,88.7,94.13,0.02
"KORTES","72h",100,0.01,104.11,98.81,107.04,0.027
"KORTES","72h",200,0.005,116.58,109.21,120.73,0.034
"KORTES","72h",500,0.002,133.89,123.02,140.26,0.043
"KORTES","72h",1000,0.001,147.64,133.53,155.98,0.051
"KORTES","72h",2000,5e-04,162,144.28,172.65,0.058
"KORTES","72h",5000,2e-04,181.96,158.7,196.24,0.068
"KORTES","72h",10000,1e-04,197.84,169.74,215.33,0.076
"BOR WASHINGTON LAKE","24h",2,0.5,37.57,37.38,37.93,0.005
"BOR WASHINGTON LAKE","24h",5,0.2,47.48,47.29,47.71,0.003
"BOR WASHINGTON LAKE","24h",10,0.1,54.41,53.88,54.82,0.006
"BOR WASHINGTON LAKE","24h",25,0.04,64.13,62.73,65.02,0.012
"BOR WASHINGTON LAKE","24h",50,0.02,72.25,69.94,73.7,0.017
"BOR WASHINGTON LAKE","24h",100,0.01,81.23,77.75,83.36,0.023
"BOR WASHINGTON LAKE","24h",200,0.005,91.24,86.29,94.25,0.029
"BOR WASHINGTON LAKE","24h",500,0.002,106.3,98.79,110.78,0.037
"BOR WASHINGTON LAKE","24h",1000,0.001,119.28,109.27,125.13,0.044
"BOR WASHINGTON LAKE","24h",2000,5e-04,133.81,120.76,141.4,0.052
"BOR WASHINGTON LAKE","24h",5000,2e-04,155.73,137.53,166.47,0.062
"BOR WASHINGTON LAKE","24h",10000,1e-04,174.65,151.75,188.2,0.069
"BOR WASHINGTON LAKE","72h",2,0.5,51,50.75,51.45,0.005
"BOR WASHINGTON LAKE","72h",5,0.2,64.09,63.8,64.42,0.003
"BOR WASHINGTON LAKE","72h",10,0.1,73.13,72.34,73.72,0.006
"BOR WASHINGTON LAKE","72h",25,0.04,85.67,83.88,86.99,0.011
"BOR WASHINGTON LAKE","72h",50,0.02,96.06,93.1,97.89,0.016
"BOR WASHINGTON LAKE","72h",100,0.01,107.45,103.05,110.21,0.022
"BOR WASHINGTON LAKE","72h",200,0.005,120.04,113.77,123.9,0.027
"BOR WASHINGTON LAKE","72h",500,0.002,138.8,129.54,144.58,0.035
"BOR WASHINGTON LAKE","72h",1000,0.001,154.81,142.57,162.44,0.042
"BOR WASHINGTON LAKE","72h",2000,5e-04,172.59,156.69,182.45,0.049
"BOR WASHINGTON LAKE","72h",5000,2e-04,199.17,177.37,212.73,0.058
"BOR WASHINGTON LAKE","72h",10000,1e-04,221.89,194.85,238.66,0.065
"RED BLUFF DIVERSION","24h",2,0.5,96.03,95.57,96.7,0.004
"RED BLUFF DIVERSION","24h",5,0.2,126.04,125.57,126.55,0.002
"RED BLUFF DIVERSION","24h",10,0.1,145.92,144.7,146.87,0.005
"RED BLUFF DIVERSION","24h",25,0.04,171.05,168.13,173.16,0.009
"RED BLUFF DIVERSION","24h",50,0.02,189.7,185.01,193.03,0.013
"RED BLUFF DIVERSION","24h",100,0.01,208.22,201.4,212.89,0.017
"RED BLUFF DIVERSION","24h",200,0.005,226.69,217.43,233.28,0.022
"RED BLUFF DIVERSION","24h",500,0.002,251.06,238.24,260.47,0.027
"RED BLUFF DIVERSION","24h",1000,0.001,269.48,253.45,281.16,0.032
"RED BLUFF DIVERSION","24h",2000,5e-04,287.91,268.44,302.13,0.037
"RED BLUFF DIVERSION","24h",5000,2e-04,312.28,287.8,330.34,0.043
"RED BLUFF DIVERSION","24h",10000,1e-04,330.72,302.12,352,0.048
"RED BLUFF DIVERSION","72h",2,0.5,158.5,157.66,159.79,0.004
"RED BLUFF DIVERSION","72h",5,0.2,215.67,214.79,216.76,0.003
"RED BLUFF DIVERSION","72h",10,0.1,254.03,251.83,255.74,0.005
"RED BLUFF DIVERSION","72h",25,0.04,303.06,297.64,306.8,0.01
"RED BLUFF DIVERSION","72h",50,0.02,339.86,330.85,345.94,0.014
"RED BLUFF DIVERSION","72h",100,0.01,376.75,363.7,385.7,0.018
"RED BLUFF DIVERSION","72h",200,0.005,413.86,395.97,425.98,0.023
"RED BLUFF DIVERSION","72h",500,0.002,463.37,438.01,480.45,0.029
"RED BLUFF DIVERSION","72h",1000,0.001,501.21,469.26,523,0.034
"RED BLUFF DIVERSION","72h",2000,5e-04,539.4,500.49,566.66,0.039
"RED BLUFF DIVERSION","72h",5000,2e-04,590.46,541.12,625.24,0.045
"RED BLUFF DIVERSION","72h",10000,1e-04,629.51,571.17,670.08,0.05
"PATTERSON LAKE DAM","24h",2,0.5,59.92,59.57,60.47,0.005
"PATTERSON LAKE DAM","24h",5,0.2,80.62,80.23,80.99,0.003
"PATTERSON LAKE DAM","24h",10,0.1,93.97,92.91,94.81,0.006
"PATTERSON LAKE DAM","24h",25,0.04,110.24,108.12,111.67,0.011
"PATTERSON LAKE DAM","24h",50,0.02,121.9,118.88,123.8,0.014
"PATTERSON LAKE DAM","24h",100,0.01,133.17,129.25,135.59,0.016
"PATTERSON LAKE DAM","24h",200,0.005,144.16,139.31,147.23,0.018
"PATTERSON LAKE DAM","24h",500,0.002,158.34,152.23,162.3,0.021
"PATTERSON LAKE DAM","24h",1000,0.001,168.87,161.78,173.45,0.023
"PATTERSON LAKE DAM","24h",2000,5e-04,179.24,171.15,184.55,0.025
"PATTERSON LAKE DAM","24h",5000,2e-04,192.77,183.37,199.01,0.026
"PATTERSON LAKE DAM","24h",10000,1e-04,202.89,192.46,209.78,0.028
"PATTERSON LAKE DAM","72h",2,0.5,87.99,87.55,88.7,0.004
"PATTERSON LAKE DAM","72h",5,0.2,115.93,115.47,116.54,0.003
"PATTERSON LAKE DAM","72h",10,0.1,134.65,133.43,135.59,0.005
"PATTERSON LAKE DAM","72h",25,0.04,158.58,155.61,160.67,0.01
"PATTERSON LAKE DAM","72h",50,0.02,176.52,171.78,179.81,0.015
"PATTERSON LAKE DAM","72h",100,0.01,194.49,187.66,199.08,0.02
"PATTERSON LAKE DAM","72h",200,0.005,212.56,203.24,218.97,0.025
"PATTERSON LAKE DAM","72h",500,0.002,236.65,223.23,245.87,0.032
"PATTERSON LAKE DAM","72h",1000,0.001,255.05,238.09,266.66,0.038
"PATTERSON LAKE DAM","72h",2000,5e-04,273.61,252.56,288.12,0.043
"PATTERSON LAKE DAM","72h",5000,2e-04,298.39,271.73,317.41,0.051
"PATTERSON LAKE DAM","72h",10000,1e-04,317.34,285.79,340.27,0.057
"RESERVOIR A","24h",2,0.5,41.38,41.16,41.76,0.005
"RESERVOIR A","24h",5,0.2,51.98,51.81,52.23,0.003
"RESERVOIR A","24h",10,0.1,59.61,59.03,60.03,0.005
"RESERVOIR A","24h",25,0.04,70.56,69.08,71.58,0.011
"RESERVOIR A","24h",50,0.02,79.92,77.49,81.53,0.017
"RESERVOIR A","24h",100,0.01,90.48,86.69,92.95,0.023
"RESERVOIR A","24h",200,0.005,102.46,96.95,106,0.029
"RESERVOIR A","24h",500,0.002,120.88,112.35,126.4,0.038
"RESERVOIR A","24h",1000,0.001,137.1,125.58,144.53,0.046
"RESERVOIR A","24h",2000,5e-04,155.6,140.42,165.43,0.053
"RESERVOIR A","24h",5000,2e-04,184.12,162.64,198.04,0.064
"RESERVOIR A","24h",10000,1e-04,209.26,181.82,227.12,0.072
"RESERVOIR A","72h",2,0.5,61.67,61.38,62.16,0.004
"RESERVOIR A","72h",5,0.2,76.86,76.6,77.19,0.002
"RESERVOIR A","72h",10,0.1,87.51,86.74,88.15,0.005
"RESERVOIR A","72h",25,0.04,102.45,100.43,103.83,0.01
"RESERVOIR A","72h",50,0.02,114.96,111.84,117.16,0.015
"RESERVOIR A","72h",100,0.01,128.82,124.08,132.15,0.02
"RESERVOIR A","72h",200,0.005,144.28,137.46,149.02,0.026
"RESERVOIR A","72h",500,0.002,167.57,157.22,174.48,0.034
"RESERVOIR A","72h",1000,0.001,187.66,173.94,196.64,0.04
"RESERVOIR A","72h",2000,5e-04,210.19,192.32,222.04,0.047
"RESERVOIR A","72h",5000,2e-04,244.22,219.52,260.92,0.056
"RESERVOIR A","72h",10000,1e-04,273.63,242.55,294.85,0.063
"CLEAR CREEK DAM","24h",2,0.5,82.98,82.51,83.78,0.005
"CLEAR CREEK DAM","24h",5,0.2,111.62,111.13,112.29,0.003
"CLEAR CREEK DAM","24h",10,0.1,131.65,130.28,132.67,0.006
"CLEAR CREEK DAM","24h",25,0.04,158.23,154.76,160.31,0.012
"CLEAR CREEK DAM","24h",50,0.02,178.91,173.14,182.3,0.018
"CLEAR CREEK DAM","24h",100,0.01,200.29,191.7,205.3,0.024
"CLEAR CREEK DAM","24h",200,0.005,222.47,210.46,229.61,0.03
"CLEAR CREEK DAM","24h",500,0.002,253.14,235.6,263.95,0.039
"CLEAR CREEK DAM","24h",1000,0.001,277.42,255.12,291.58,0.046
"CLEAR CREEK DAM","24h",2000,5e-04,302.69,274.94,320.42,0.052
"CLEAR CREEK DAM","24h",5000,2e-04,337.69,301.28,360.92,0.062
"CLEAR CREEK DAM","24h",10000,1e-04,365.42,321.34,393.43,0.069
"CLEAR CREEK DAM","72h",2,0.5,138.8,138.09,140.27,0.006
"CLEAR CREEK DAM","72h",5,0.2,178.88,178.21,179.95,0.003
"CLEAR CREEK DAM","72h",10,0.1,207.45,205.36,209.23,0.006
"CLEAR CREEK DAM","72h",25,0.04,248.12,242.47,251.38,0.012
"CLEAR CREEK DAM","72h",50,0.02,282.62,273.16,287.75,0.018
"CLEAR CREEK DAM","72h",100,0.01,321.26,306.64,329.36,0.024
"CLEAR CREEK DAM","72h",200,0.005,364.83,344.05,376.59,0.031
"CLEAR CREEK DAM","72h",500,0.002,431.29,399.56,449.98,0.04
"CLEAR CREEK DAM","72h",1000,0.001,489.36,446.73,513.95,0.048
"CLEAR CREEK DAM","72h",2000,5e-04,555.17,498.89,587,0.056
"CLEAR CREEK DAM","72h",5000,2e-04,655.85,576.74,699.64,0.066
"CLEAR CREEK DAM","72h",10000,1e-04,743.93,643.27,798.26,0.074
"WAPATO LAKE DAM","24h",2,0.5,68.16,67.77,68.75,0.005
"WAPATO LAKE DAM","24h",5,0.2,90.94,90.59,91.46,0.003
"WAPATO LAKE DAM","24h",10,0.1,106.49,105.43,107.25,0.005
"WAPATO LAKE DAM","24h",25,0.04,126.69,124.12,128.44,0.011
"WAPATO LAKE DAM","24h",50,0.02,142.08,137.97,145.02,0.016
"WAPATO LAKE DAM","24h",100,0.01,157.72,151.7,162.03,0.021
"WAPATO LAKE DAM","24h",200,0.005,173.66,165.42,179.63,0.027
"WAPATO LAKE DAM","24h",500,0.002,195.24,183.31,203.95,0.034
"WAPATO LAKE DAM","24h",1000,0.001,212,196.94,223.05,0.04
"WAPATO LAKE DAM","24h",2000,5e-04,229.12,210.41,242.93,0.046
"WAPATO LAKE DAM","24h",5000,2e-04,252.37,228.26,270.4,0.055
"WAPATO LAKE DAM","24h",10000,1e-04,270.41,241.54,292.28,0.061
"WAPATO LAKE DAM","72h",2,0.5,107.74,107.21,108.58,0.004
"WAPATO LAKE DAM","72h",5,0.2,142.22,141.63,142.9,0.003
"WAPATO LAKE DAM","72h",10,0.1,165.39,163.89,166.5,0.005
"WAPATO LAKE DAM","72h",25,0.04,195.06,191.46,197.43,0.01
"WAPATO LAKE DAM","72h",50,0.02,217.37,211.67,221.2,0.014
"WAPATO LAKE DAM","72h",100,0.01,239.77,231.53,245.42,0.019
"WAPATO LAKE DAM","72h",200,0.005,262.34,250.81,270.1,0.024
"WAPATO LAKE DAM","72h",500,0.002,292.5,276.12,303.59,0.03
"WAPATO LAKE DAM","72h",1000,0.001,315.59,294.92,329.88,0.036
"WAPATO LAKE DAM","72h",2000,5e-04,338.93,313.33,356.36,0.041
"WAPATO LAKE DAM","72h",5000,2e-04,370.18,338.02,392.74,0.048
"WAPATO LAKE DAM","72h",10000,1e-04,394.13,356.54,421.04,0.053
"CONTRA LOMA","24h",2,0.5,97.01,96.44,98.06,0.005
"CONTRA LOMA","24h",5,0.2,130.17,129.61,130.87,0.003
"CONTRA LOMA","24h",10,0.1,153.3,151.64,154.49,0.006
"CONTRA LOMA","24h",25,0.04,183.95,179.51,186.81,0.012
"CONTRA LOMA","24h",50,0.02,207.75,200.45,212.04,0.018
"CONTRA LOMA","24h",100,0.01,232.32,221.48,238.62,0.024
"CONTRA LOMA","24h",200,0.005,257.77,242.61,266.34,0.031
"CONTRA LOMA","24h",500,0.002,292.89,270.56,305.98,0.039
"CONTRA LOMA","24h",1000,0.001,320.65,291.92,337.63,0.046
"CONTRA LOMA","24h",2000,5e-04,349.49,313.52,370.98,0.053
"CONTRA LOMA","24h",5000,2e-04,389.36,343.12,417.87,0.062
"CONTRA LOMA","24h",10000,1e-04,420.9,365.34,455.58,0.07
"CONTRA LOMA","72h",2,0.5,154.64,153.41,156.79,0.007
"CONTRA LOMA","72h",5,0.2,216.9,215.84,218.42,0.004
"CONTRA LOMA","72h",10,0.1,261.64,258.48,263.92,0.007
"CONTRA LOMA","72h",25,0.04,322.51,313.31,328.37,0.015
"CONTRA LOMA","72h",50,0.02,371.02,355.23,380.88,0.021
"CONTRA LOMA","72h",100,0.01,422.21,398.05,436.89,0.029
"CONTRA LOMA","72h",200,0.005,476.4,442.96,497.25,0.036
"CONTRA LOMA","72h",500,0.002,553.11,503.28,583.9,0.047
"CONTRA LOMA","72h",1000,0.001,615.29,551.03,655.33,0.055
"CONTRA LOMA","72h",2000,5e-04,681.31,600.39,732.95,0.064
"CONTRA LOMA","72h",5000,2e-04,774.93,668.17,844.35,0.075
"CONTRA LOMA","72h",10000,1e-04,850.86,721.21,937.9,0.084
"SOLDIERS MEADOW","24h",2,0.5,41.73,41.55,42.12,0.005
"SOLDIERS MEADOW","24h",5,0.2,52.32,52.16,52.57,0.003
"SOLDIERS MEADOW","24h",10,0.1,60.02,59.47,60.45,0.005
"SOLDIERS MEADOW","24h",25,0.04,71.16,69.74,72.11,0.011
"SOLDIERS MEADOW","24h",50,0.02,80.77,78.34,82.25,0.017
"SOLDIERS MEADOW","24h",100,0.01,91.67,87.91,93.84,0.023
"SOLDIERS MEADOW","24h",200,0.005,104.12,98.48,107.16,0.029
"SOLDIERS MEADOW","24h",500,0.002,123.41,114.67,128.1,0.039
"SOLDIERS MEADOW","24h",1000,0.001,140.51,128.73,146.79,0.046
"SOLDIERS MEADOW","24h",2000,5e-04,160.15,144.51,168.33,0.054
"SOLDIERS MEADOW","24h",5000,2e-04,190.65,167.89,202.4,0.065
"SOLDIERS MEADOW","24h",10000,1e-04,217.73,188.19,232.82,0.073
"SOLDIERS MEADOW","72h",2,0.5,62.42,62.16,62.94,0.004
"SOLDIERS MEADOW","72h",5,0.2,77.92,77.67,78.27,0.002
"SOLDIERS MEADOW","72h",10,0.1,88.95,88.13,89.58,0.005
"SOLDIERS MEADOW","72h",25,0.04,104.63,102.58,106,0.01
"SOLDIERS MEADOW","72h",50,0.02,117.91,114.5,120.05,0.015
"SOLDIERS MEADOW","72h",100,0.01,132.77,127.55,135.89,0.021
"SOLDIERS MEADOW","72h",200,0.005,149.51,142,153.96,0.027
"SOLDIERS MEADOW","72h",500,0.002,175,163.55,181.64,0.035
"SOLDIERS MEADOW","72h",1000,0.001,197.25,182.07,205.97,0.041
"SOLDIERS MEADOW","72h",2000,5e-04,222.44,202.42,233.75,0.048
"SOLDIERS MEADOW","72h",5000,2e-04,260.93,232.73,276.62,0.058
"SOLDIERS MEADOW","72h",10000,1e-04,294.55,259.02,314.41,0.065
"OLYMPUS","24h",2,0.5,40.54,40.02,41.5,0.012
"OLYMPUS","24h",5,0.2,56.2,55.69,56.9,0.007
"OLYMPUS","24h",10,0.1,67.75,66.4,68.82,0.011
"OLYMPUS","24h",25,0.04,83.84,80,86.23,0.024
"OLYMPUS","24h",50,0.02,96.96,90.34,101.08,0.036
"OLYMPUS","24h",100,0.01,111.07,100.83,117.31,0.049
"OLYMPUS","24h",200,0.005,126.3,111.56,135.27,0.063
"OLYMPUS","24h",500,0.002,148.35,125.92,162.54,0.081
"OLYMPUS","24h",1000,0.001,166.63,137.22,185.7,0.096
"OLYMPUS","24h",2000,5e-04,186.41,148.85,211.68,0.11
"OLYMPUS","24h",5000,2e-04,215.09,163.93,250.26,0.13
"OLYMPUS","24h",10000,1e-04,238.89,176.09,283.15,0.145
"OLYMPUS","72h",2,0.5,54.25,53.46,55.54,0.013
"OLYMPUS","72h",5,0.2,76.83,76.15,77.87,0.007
"OLYMPUS","72h",10,0.1,93.58,91.81,95.13,0.011
"OLYMPUS","72h",25,0.04,117.07,111.8,120.43,0.024
"OLYMPUS","72h",50,0.02,136.33,127.27,141.98,0.036
"OLYMPUS","72h",100,0.01,157.15,143.53,166.51,0.049
"OLYMPUS","72h",200,0.005,179.74,159.71,193.54,0.063
"OLYMPUS","72h",500,0.002,212.62,181.59,234.12,0.082
"OLYMPUS","72h",1000,0.001,240.02,199.24,268.94,0.096
"OLYMPUS","72h",2000,5e-04,269.84,216.92,307.66,0.112
"OLYMPUS","72h",5000,2e-04,313.31,240.95,365.78,0.132
"OLYMPUS","72h",10000,1e-04,349.56,260.5,416.41,0.148
"ANTILON LAKE DAM","24h",2,0.5,69.8,69.43,70.37,0.005
"ANTILON LAKE DAM","24h",5,0.2,92.74,92.34,93.22,0.003
"ANTILON LAKE DAM","24h",10,0.1,108.41,107.37,109.14,0.005
"ANTILON LAKE DAM","24h",25,0.04,128.79,126.21,130.56,0.011
"ANTILON LAKE DAM","24h",50,0.02,144.34,140.18,147.15,0.015
"ANTILON LAKE DAM","24h",100,0.01,160.15,153.91,164.15,0.021
"ANTILON LAKE DAM","24h",200,0.005,176.27,167.68,181.81,0.026
"ANTILON LAKE DAM","24h",500,0.002,198.13,185.96,206.34,0.033
"ANTILON LAKE DAM","24h",1000,0.001,215.11,200,225.53,0.039
"ANTILON LAKE DAM","24h",2000,5e-04,232.48,214.04,245.16,0.045
"ANTILON LAKE DAM","24h",5000,2e-04,256.07,232.6,272.58,0.053
"ANTILON LAKE DAM","24h",10000,1e-04,274.41,246.69,294.23,0.059
"ANTILON LAKE DAM","72h",2,0.5,106.54,106.04,107.37,0.004
"ANTILON LAKE DAM","72h",5,0.2,140.56,139.96,141.3,0.003
"ANTILON LAKE DAM","72h",10,0.1,163.48,161.97,164.65,0.005
"ANTILON LAKE DAM","72h",25,0.04,192.91,189.34,195.34,0.01
"ANTILON LAKE DAM","72h",50,0.02,215.08,209.37,218.86,0.015
"ANTILON LAKE DAM","72h",100,0.01,237.37,229.05,242.66,0.019
"ANTILON LAKE DAM","72h",200,0.005,259.88,248.4,267.19,0.024
"ANTILON LAKE DAM","72h",500,0.002,290.01,273.95,300.75,0.031
"ANTILON LAKE DAM","72h",1000,0.001,313.14,292.77,326.69,0.036
"ANTILON LAKE DAM","72h",2000,5e-04,336.55,311.44,353.12,0.042
"ANTILON LAKE DAM","72h",5000,2e-04,367.96,335.64,389.03,0.049
"ANTILON LAKE DAM","72h",10000,1e-04,392.08,353.96,416.95,0.054
"NAMBE FALLS","24h",2,0.5,35.43,35.2,35.71,0.004
"NAMBE FALLS","24h",5,0.2,47.28,47.06,47.52,0.003
"NAMBE FALLS","24h",10,0.1,55.04,54.55,55.45,0.005
"NAMBE FALLS","24h",25,0.04,64.74,63.56,65.66,0.01
"NAMBE FALLS","24h",50,0.02,71.87,69.99,73.33,0.015
"NAMBE FALLS","24h",100,0.01,78.88,76.19,81.06,0.019
"NAMBE FALLS","24h",200,0.005,85.82,82.25,88.78,0.024
"NAMBE FALLS","24h",500,0.002,94.87,89.89,99.14,0.031
"NAMBE FALLS","24h",1000,0.001,101.65,95.45,107.04,0.036
"NAMBE FALLS","24h",2000,5e-04,108.37,100.83,115.04,0.041
"NAMBE FALLS","24h",5000,2e-04,117.17,107.68,125.71,0.047
"NAMBE FALLS","24h",10000,1e-04,123.75,112.63,133.83,0.053
"NAMBE FALLS","72h",2,0.5,45.62,45.31,46.13,0.006
"NAMBE FALLS","72h",5,0.2,60.07,59.77,60.42,0.003
"NAMBE FALLS","72h",10,0.1,70.18,69.42,70.8,0.006
"NAMBE FALLS","72h",25,0.04,84.37,82.49,85.81,0.013
"NAMBE FALLS","72h",50,0.02,96.23,93.1,98.47,0.018
"NAMBE FALLS","72h",100,0.01,109.37,104.53,112.67,0.024
"NAMBE FALLS","72h",200,0.005,124.01,117.15,128.65,0.03
"NAMBE FALLS","72h",500,0.002,146.04,135.47,153.06,0.039
"NAMBE FALLS","72h",1000,0.001,165.03,150.89,174.49,0.046
"NAMBE FALLS","72h",2000,5e-04,186.3,167.78,198.41,0.053
"NAMBE FALLS","72h",5000,2e-04,218.41,192.8,235.58,0.063
"NAMBE FALLS","72h",10000,1e-04,246.14,213.88,267.78,0.071
"SEMLER DAM","24h",2,0.5,60.78,60.43,61.34,0.005
"SEMLER DAM","24h",5,0.2,81.76,81.39,82.17,0.003
"SEMLER DAM","24h",10,0.1,96.27,95.26,96.97,0.006
"SEMLER DAM","24h",25,0.04,115.32,112.89,116.94,0.012
"SEMLER DAM","24h",50,0.02,130,126.03,132.78,0.017
"SEMLER DAM","24h",100,0.01,145.04,139.14,149.07,0.022
"SEMLER DAM","24h",200,0.005,160.52,152.44,166.05,0.028
"SEMLER DAM","24h",500,0.002,181.71,170.01,189.65,0.036
"SEMLER DAM","24h",1000,0.001,198.33,183.5,208.56,0.042
"SEMLER DAM","24h",2000,5e-04,215.47,196.98,228.34,0.048
"SEMLER DAM","24h",5000,2e-04,238.99,214.93,256.29,0.057
"SEMLER DAM","24h",10000,1e-04,257.44,228.72,278.55,0.064
"SEMLER DAM","72h",2,0.5,73.55,73.14,74.15,0.004
"SEMLER DAM","72h",5,0.2,97.97,97.5,98.48,0.003
"SEMLER DAM","72h",10,0.1,114.31,113.24,115.22,0.005
"SEMLER DAM","72h",25,0.04,135.15,132.5,137.16,0.011
"SEMLER DAM","72h",50,0.02,150.76,146.53,153.98,0.015
"SEMLER DAM","72h",100,0.01,166.36,160.3,171.01,0.02
"SEMLER DAM","72h",200,0.005,182.04,173.71,188.27,0.025
"SEMLER DAM","72h",500,0.002,202.9,191.11,211.65,0.032
"SEMLER DAM","72h",1000,0.001,218.81,204.18,229.74,0.038
"SEMLER DAM","72h",2000,5e-04,234.84,216.95,248.36,0.043
"SEMLER DAM","72h",5000,2e-04,256.22,233.71,273.9,0.051
"SEMLER DAM","72h",10000,1e-04,272.53,246.12,293.6,0.056
"DERBY DIVERSION","24h",2,0.5,52.45,52.1,53.05,0.006
"DERBY DIVERSION","24h",5,0.2,72.91,72.59,73.34,0.003
"DERBY DIVERSION","24h",10,0.1,87.16,86.19,87.92,0.006
"DERBY DIVERSION","24h",25,0.04,106.04,103.55,107.74,0.013
"DERBY DIVERSION","24h",50,0.02,120.69,116.57,123.47,0.019
"DERBY DIVERSION","24h",100,0.01,135.8,129.69,139.89,0.025
"DERBY DIVERSION","24h",200,0.005,151.44,142.96,157.12,0.031
"DERBY DIVERSION","24h",500,0.002,173.01,160.48,181.22,0.04
"DERBY DIVERSION","24h",1000,0.001,190.05,173.97,200.72,0.047
"DERBY DIVERSION","24h",2000,5e-04,207.75,187.54,221.1,0.054
"DERBY DIVERSION","24h",5000,2e-04,232.19,205.68,249.99,0.063
"DERBY DIVERSION","24h",10000,1e-04,251.5,219.57,272.85,0.071
"DERBY DIVERSION","72h",2,0.5,80.26,79.66,81.24,0.007
"DERBY DIVERSION","72h",5,0.2,114.35,113.8,115.1,0.004
"DERBY DIVERSION","72h",10,0.1,138.28,136.73,139.46,0.006
"DERBY DIVERSION","72h",25,0.04,170.16,165.98,172.95,0.013
"DERBY DIVERSION","72h",50,0.02,195.06,187.95,199.5,0.019
"DERBY DIVERSION","72h",100,0.01,220.87,210.3,227.56,0.026
"DERBY DIVERSION","72h",200,0.005,247.73,232.87,257.15,0.032
"DERBY DIVERSION","72h",500,0.002,284.99,263.39,299.08,0.041
"DERBY DIVERSION","72h",1000,0.001,314.59,286.99,332.85,0.048
"DERBY DIVERSION","72h",2000,5e-04,345.49,311.28,368.56,0.055
"DERBY DIVERSION","72h",5000,2e-04,388.43,343.66,418.86,0.065
"DERBY DIVERSION","72h",10000,1e-04,422.58,368.68,459.7,0.072
"FUNKS","24h",2,0.5,101.44,100.97,102.18,0.004
"FUNKS","24h",5,0.2,135.02,134.52,135.65,0.003
"FUNKS","24h",10,0.1,157.89,156.56,158.87,0.005
"FUNKS","24h",25,0.04,187.53,184.4,189.81,0.009
"FUNKS","24h",50,0.02,210.08,204.98,213.5,0.013
"FUNKS","24h",100,0.01,232.95,225.31,238.05,0.018
"FUNKS","24h",200,0.005,256.21,245.69,263.24,0.023
"FUNKS","24h",500,0.002,287.66,272.66,297.63,0.029
"FUNKS","24h",1000,0.001,312.02,293.06,324.95,0.034
"FUNKS","24h",2000,5e-04,336.89,313.38,353.17,0.039
"FUNKS","24h",5000,2e-04,370.56,340.19,391.94,0.046
"FUNKS","24h",10000,1e-04,396.65,360.3,422.03,0.052
"FUNKS","72h",2,0.5,168.44,167.46,170,0.005
"FUNKS","72h",5,0.2,233.44,232.43,234.64,0.003
"FUNKS","72h",10,0.1,278.8,276.42,280.73,0.005
"FUNKS","72h",25,0.04,338.89,332.61,343.3,0.01
"FUNKS","72h",50,0.02,385.57,374.97,392.65,0.015
"FUNKS","72h",100,0.01,433.76,417.45,444.53,0.02
"FUNKS","72h",200,0.005,483.68,460.67,498.95,0.026
"FUNKS","72h",500,0.002,552.59,519.01,575.17,0.033
"FUNKS","72h",1000,0.001,607.05,563.96,636.34,0.039
"FUNKS","72h",2000,5e-04,663.65,609.55,701.28,0.045
"FUNKS","72h",5000,2e-04,741.91,671.19,792.57,0.053
"FUNKS","72h",10000,1e-04,803.82,718.61,865.49,0.059
"LOST RIVER DIVERSION","24h",2,0.5,48.28,47.99,48.71,0.005
"LOST RIVER DIVERSION","24h",5,0.2,64.62,64.34,64.97,0.003
"LOST RIVER DIVERSION","24h",10,0.1,75.86,75.12,76.41,0.005
"LOST RIVER DIVERSION","24h",25,0.04,90.57,88.75,91.86,0.011
"LOST RIVER DIVERSION","24h",50,0.02,101.85,98.93,103.92,0.016
"LOST RIVER DIVERSION","24h",100,0.01,113.37,108.92,116.41,0.021
"LOST RIVER DIVERSION","24h",200,0.005,125.18,118.91,129.45,0.027
"LOST RIVER DIVERSION","24h",500,0.002,141.28,132.31,147.64,0.035
"LOST RIVER DIVERSION","24h",1000,0.001,153.86,142.56,162.04,0.041
"LOST RIVER DIVERSION","24h",2000,5e-04,166.79,152.73,176.85,0.047
"LOST RIVER DIVERSION","24h",5000,2e-04,184.45,166.21,197.66,0.055
"LOST RIVER DIVERSION","24h",10000,1e-04,198.25,176.3,214.2,0.061
"LOST RIVER DIVERSION","72h",2,0.5,78.08,77.62,78.79,0.005
"LOST RIVER DIVERSION","72h",5,0.2,104.17,103.7,104.74,0.003
"LOST RIVER DIVERSION","72h",10,0.1,121.6,120.37,122.52,0.006
"LOST RIVER DIVERSION","72h",25,0.04,143.8,140.75,145.86,0.011
"LOST RIVER DIVERSION","72h",50,0.02,160.41,155.45,163.67,0.016
"LOST RIVER DIVERSION","72h",100,0.01,177,169.73,181.77,0.021
"LOST RIVER DIVERSION","72h",200,0.005,193.64,183.82,200.2,0.027
"LOST RIVER DIVERSION","72h",500,0.002,215.77,201.85,225.07,0.034
"LOST RIVER DIVERSION","72h",1000,0.001,232.62,215.43,244.67,0.04
"LOST RIVER DIVERSION","72h",2000,5e-04,249.59,228.79,264.46,0.045
"LOST RIVER DIVERSION","72h",5000,2e-04,272.18,245.91,291.59,0.053
"LOST RIVER DIVERSION","72h",10000,1e-04,289.4,258.6,312.32,0.059
"RATTLESNAKE","24h",2,0.5,40.1,39.5,41.21,0.015
"RATTLESNAKE","24h",5,0.2,54.06,53.63,54.81,0.007
"RATTLESNAKE","24h",10,0.1,64.65,63.25,65.82,0.013
"RATTLESNAKE","24h",25,0.04,80.54,76.33,83.18,0.028
"RATTLESNAKE","24h",50,0.02,94.69,87.39,99.17,0.042
"RATTLESNAKE","24h",100,0.01,111.2,99.76,118.26,0.057
"RATTLESNAKE","24h",200,0.005,130.6,113.74,141.28,0.072
"RATTLESNAKE","24h",500,0.002,161.61,134.99,178.92,0.094
"RATTLESNAKE","24h",1000,0.001,190,153.15,213.88,0.111
"RATTLESNAKE","24h",2000,5e-04,223.5,173.78,256.95,0.128
"RATTLESNAKE","24h",5000,2e-04,277.22,204.65,327.76,0.152
"RATTLESNAKE","24h",10000,1e-04,326.45,231.63,393.66,0.169
"RATTLESNAKE","72h",2,0.5,53.19,52.38,54.41,0.013
"RATTLESNAKE","72h",5,0.2,75.48,74.7,76.31,0.006
"RATTLESNAKE","72h",10,0.1,91.23,89.25,92.95,0.013
"RATTLESNAKE","72h",25,0.04,112.11,107.09,115.86,0.025
"RATTLESNAKE","72h",50,0.02,128.31,120.44,133.83,0.034
"RATTLESNAKE","72h",100,0.01,145.03,133.81,152.93,0.043
"RATTLESNAKE","72h",200,0.005,162.37,147.68,172.8,0.052
"RATTLESNAKE","72h",500,0.002,186.35,166.22,200.97,0.063
"RATTLESNAKE","72h",1000,0.001,205.36,180.47,223.76,0.071
"RATTLESNAKE","72h",2000,5e-04,225.18,195.09,248.03,0.079
"RATTLESNAKE","72h",5000,2e-04,252.68,214.72,281.85,0.089
"RATTLESNAKE","72h",10000,1e-04,274.52,230.03,308.8,0.096
"TRIAL LAKE","24h",2,0.5,38.18,37.95,38.53,0.005
"TRIAL LAKE","24h",5,0.2,48.18,47.98,48.42,0.003
"TRIAL LAKE","24h",10,0.1,55.18,54.58,55.61,0.006
"TRIAL LAKE","24h",25,0.04,64.97,63.59,65.97,0.012
"TRIAL LAKE","24h",50,0.02,73.16,70.9,74.75,0.017
"TRIAL LAKE","24h",100,0.01,82.21,78.77,84.62,0.023
"TRIAL LAKE","24h",200,0.005,92.28,87.38,95.78,0.029
"TRIAL LAKE","24h",500,0.002,107.42,99.9,112.79,0.038
"TRIAL LAKE","24h",1000,0.001,120.45,110.61,127.44,0.045
"TRIAL LAKE","24h",2000,5e-04,135.04,122.39,143.99,0.053
"TRIAL LAKE","24h",5000,2e-04,157.04,139.58,169.64,0.063
"TRIAL LAKE","24h",10000,1e-04,176,153.95,192.09,0.071
"TRIAL LAKE","72h",2,0.5,51.01,50.75,51.46,0.005
"TRIAL LAKE","72h",5,0.2,64.71,64.45,65.05,0.003
"TRIAL LAKE","72h",10,0.1,74.26,73.5,74.84,0.006
"TRIAL LAKE","72h",25,0.04,87.61,85.83,88.88,0.011
"TRIAL LAKE","72h",50,0.02,98.74,95.79,100.69,0.016
"TRIAL LAKE","72h",100,0.01,111.03,106.62,113.79,0.021
"TRIAL LAKE","72h",200,0.005,124.68,118.5,128.54,0.027
"TRIAL LAKE","72h",500,0.002,145.17,135.77,150.85,0.035
"TRIAL LAKE","72h",1000,0.001,162.78,150.36,170.53,0.042
"TRIAL LAKE","72h",2000,5e-04,182.45,166.2,192.85,0.049
"TRIAL LAKE","72h",5000,2e-04,212.05,189.57,226.34,0.058
"TRIAL LAKE","72h",10000,1e-04,237.53,209.51,255.54,0.065
"WILLWOOD DIVERSION","24h",2,0.5,31.58,31.35,31.9,0.006
"WILLWOOD DIVERSION","24h",5,0.2,44.1,43.91,44.36,0.003
"WILLWOOD DIVERSION","24h",10,0.1,52.99,52.44,53.43,0.006
"WILLWOOD DIVERSION","24h",25,0.04,64.95,63.53,65.99,0.012
"WILLWOOD DIVERSION","24h",50,0.02,74.37,72.02,76.06,0.018
"WILLWOOD DIVERSION","24h",100,0.01,84.22,80.76,86.74,0.023
"WILLWOOD DIVERSION","24h",200,0.005,94.55,89.65,98.01,0.03
"WILLWOOD DIVERSION","24h",500,0.002,109.02,101.81,114.45,0.038
"WILLWOOD DIVERSION","24h",1000,0.001,120.62,111.27,127.94,0.045
"WILLWOOD DIVERSION","24h",2000,5e-04,132.82,120.9,142.09,0.051
"WILLWOOD DIVERSION","24h",5000,2e-04,149.94,134.12,162.19,0.061
"WILLWOOD DIVERSION","24h",10000,1e-04,163.68,144.46,178.68,0.068
"WILLWOOD DIVERSION","72h",2,0.5,40.9,40.63,41.33,0.006
"WILLWOOD DIVERSION","72h",5,0.2,57.43,57.15,57.75,0.003
"WILLWOOD DIVERSION","72h",10,0.1,68.93,68.23,69.47,0.006
"WILLWOOD DIVERSION","72h",25,0.04,84.14,82.27,85.36,0.012
"WILLWOOD DIVERSION","72h",50,0.02,95.94,92.93,98,0.017
"WILLWOOD DIVERSION","72h",100,0.01,108.09,103.61,111.14,0.023
"WILLWOOD DIVERSION","72h",200,0.005,120.66,114.52,124.87,0.029
"WILLWOOD DIVERSION","72h",500,0.002,137.98,128.9,144.1,0.037
"WILLWOOD DIVERSION","72h",1000,0.001,151.64,140.01,159.63,0.043
"WILLWOOD DIVERSION","72h",2000,5e-04,165.81,151.31,176.05,0.049
"WILLWOOD DIVERSION","72h",5000,2e-04,185.37,166.48,198.97,0.058
"WILLWOOD DIVERSION","72h",10000,1e-04,200.81,177.97,217.29,0.064
"SAND MESA NO. 1","24h",2,0.5,30.53,30.34,30.85,0.006
"SAND MESA NO. 1","24h",5,0.2,42.48,42.25,42.73,0.003
"SAND MESA NO. 1","24h",10,0.1,50.46,49.91,50.88,0.006
"SAND MESA NO. 1","24h",25,0.04,60.6,59.27,61.56,0.012
"SAND MESA NO. 1","24h",50,0.02,68.17,66.06,69.62,0.017
"SAND MESA NO. 1","24h",100,0.01,75.72,72.62,77.78,0.022
"SAND MESA NO. 1","24h",200,0.005,83.29,79.05,86.07,0.028
"SAND MESA NO. 1","24h",500,0.002,93.35,87.33,97.21,0.035
"SAND MESA NO. 1","24h",1000,0.001,100.99,93.41,105.93,0.041
"SAND MESA NO. 1","24h",2000,5e-04,108.67,99.43,114.84,0.047
"SAND MESA NO. 1","24h",5000,2e-04,118.89,107.16,126.96,0.054
"SAND MESA NO. 1","24h",10000,1e-04,126.67,112.91,136.22,0.06
"SAND MESA NO. 1","72h",2,0.5,38.57,38.3,38.98,0.006
"SAND MESA NO. 1","72h",5,0.2,54.15,53.83,54.47,0.004
"SAND MESA NO. 1","72h",10,0.1,64.28,63.52,64.86,0.006
"SAND MESA NO. 1","72h",25,0.04,76.88,75.14,78.09,0.012
"SAND MESA NO. 1","72h",50,0.02,86.08,83.39,87.93,0.017
"SAND MESA NO. 1","72h",100,0.01,95.1,91.29,97.81,0.022
"SAND MESA NO. 1","72h",200,0.005,103.97,98.75,107.8,0.027
"SAND MESA NO. 1","72h",500,0.002,115.49,108.21,120.72,0.034
"SAND MESA NO. 1","72h",1000,0.001,124.06,114.96,130.51,0.039
"SAND MESA NO. 1","72h",2000,5e-04,132.53,121.63,140.32,0.044
"SAND MESA NO. 1","72h",5000,2e-04,143.54,129.77,153.39,0.051
"SAND MESA NO. 1","72h",10000,1e-04,151.75,135.78,163.37,0.057
"MERKLE DAM","24h",2,0.5,47.4,46.99,47.99,0.007
"MERKLE DAM","24h",5,0.2,60.29,59.87,60.76,0.005
"MERKLE DAM","24h",10,0.1,68.81,67.71,69.68,0.009
"MERKLE DAM","24h",25,0.04,79.59,77.24,81.42,0.017
"MERKLE DAM","24h",50,0.02,87.62,83.99,90.42,0.023
"MERKLE DAM","24h",100,0.01,95.66,90.65,99.6,0.029
"MERKLE DAM","24h",200,0.005,103.77,97.18,108.91,0.035
"MERKLE DAM","24h",500,0.002,114.66,105.76,121.64,0.043
"MERKLE DAM","24h",1000,0.001,123.07,112.38,131.63,0.049
"MERKLE DAM","24h",2000,5e-04,131.65,118.9,141.83,0.055
"MERKLE DAM","24h",5000,2e-04,143.27,127.69,155.82,0.062
"MERKLE DAM","24h",10000,1e-04,152.3,134.29,166.76,0.068
"MERKLE DAM","72h",2,0.5,52.93,52.49,53.5,0.006
"MERKLE DAM","72h",5,0.2,66.91,66.44,67.37,0.004
"MERKLE DAM","72h",10,0.1,75.67,74.51,76.61,0.009
"MERKLE DAM","72h",25,0.04,86.17,83.93,88.02,0.015
"MERKLE DAM","72h",50,0.02,93.61,90.48,96.16,0.019
"MERKLE DAM","72h",100,0.01,100.75,96.7,104.09,0.023
"MERKLE DAM","72h",200,0.005,107.66,102.66,111.82,0.026
"MERKLE DAM","72h",500,0.002,116.52,110.22,121.76,0.031
"MERKLE DAM","72h",1000,0.001,123.07,115.82,129.14,0.034
"MERKLE DAM","72h",2000,5e-04,129.5,121.26,136.39,0.036
"MERKLE DAM","72h",5000,2e-04,137.85,128.21,145.81,0.04
"MERKLE DAM","72h",10000,1e-04,144.07,133.33,152.85,0.042
"GRAY REEF","24h",2,0.5,31.91,31.7,32.47,0.009
"GRAY REEF","24h",5,0.2,44.07,43.93,44.43,0.004
"GRAY REEF","24h",10,0.1,53.16,52.43,53.69,0.007
"GRAY REEF","24h",25,0.04,66.6,64.49,67.72,0.016
"GRAY REEF","24h",50,0.02,78.42,74.78,80.17,0.024
"GRAY REEF","24h",100,0.01,92.07,86.28,94.46,0.032
"GRAY REEF","24h",200,0.005,107.93,99.18,111.42,0.041
"GRAY REEF","24h",500,0.002,132.99,119.13,138.51,0.053
"GRAY REEF","24h",1000,0.001,155.65,136.59,163.38,0.063
"GRAY REEF","24h",2000,5e-04,182.1,156.47,192.46,0.073
"GRAY REEF","24h",5000,2e-04,224.02,187.05,238.79,0.086
"GRAY REEF","24h",10000,1e-04,261.97,213.93,280.99,0.096
"GRAY REEF","72h",2,0.5,40.14,39.85,40.68,0.007
"GRAY REEF","72h",5,0.2,57.08,56.77,57.44,0.004
"GRAY REEF","72h",10,0.1,68.81,68,69.39,0.006
"GRAY REEF","72h",25,0.04,84.27,82.01,85.55,0.013
"GRAY REEF","72h",50,0.02,96.2,92.49,98.33,0.019
"GRAY REEF","72h",100,0.01,108.45,102.87,111.62,0.026
"GRAY REEF","72h",200,0.005,121.08,113.36,125.55,0.032
"GRAY REEF","72h",500,0.002,138.41,126.99,144.99,0.041
"GRAY REEF","72h",1000,0.001,152.02,137.43,160.39,0.048
"GRAY REEF","72h",2000,5e-04,166.1,147.93,176.55,0.055
"GRAY REEF","72h",5000,2e-04,185.44,162.13,199.17,0.065
"GRAY REEF","72h",10000,1e-04,200.66,172.99,217.43,0.072
"LAGUNA DIVERSION","24h",2,0.5,39.82,38.6,41.32,0.021
"LAGUNA DIVERSION","24h",5,0.2,60.81,59.79,61.92,0.01
"LAGUNA DIVERSION","24h",10,0.1,75.4,72.65,77.64,0.02
"LAGUNA DIVERSION","24h",25,0.04,94.5,88.53,99.88,0.037
"LAGUNA DIVERSION","24h",50,0.02,109.18,100,117.52,0.049
"LAGUNA DIVERSION","24h",100,0.01,124.2,111.34,135.84,0.061
"LAGUNA DIVERSION","24h",200,0.005,139.68,122.42,155.31,0.073
"LAGUNA DIVERSION","24h",500,0.002,160.92,136.72,182.95,0.087
"LAGUNA DIVERSION","24h",1000,0.001,177.64,148.09,205.48,0.098
"LAGUNA DIVERSION","24h",2000,5e-04,194.98,159.47,229.47,0.108
"LAGUNA DIVERSION","24h",5000,2e-04,218.89,174.71,263.27,0.121
"LAGUNA DIVERSION","24h",10000,1e-04,237.77,186.12,289.86,0.131
"LAGUNA DIVERSION","72h",2,0.5,53.34,51.78,55.35,0.021
"LAGUNA DIVERSION","72h",5,0.2,81.7,80.17,83.48,0.012
"LAGUNA DIVERSION","72h",10,0.1,101.54,97.96,104.47,0.019
"LAGUNA DIVERSION","72h",25,0.04,127.88,119.56,134.84,0.037
"LAGUNA DIVERSION","72h",50,0.02,148.39,135.16,160.27,0.052
"LAGUNA DIVERSION","72h",100,0.01,169.6,149.49,187.07,0.068
"LAGUNA DIVERSION","72h",200,0.005,191.61,163.35,216.84,0.085
"LAGUNA DIVERSION","72h",500,0.002,222.06,181.02,260.97,0.108
"LAGUNA DIVERSION","72h",1000,0.001,246.19,194.17,298.65,0.126
"LAGUNA DIVERSION","72h",2000,5e-04,271.3,207.77,337.6,0.144
"LAGUNA DIVERSION","72h",5000,2e-04,306.09,223.74,396.16,0.169
"LAGUNA DIVERSION","72h",10000,1e-04,333.67,236.51,446.06,0.189
"UPPER SALT CREEK STRUCTURE 3 DAM","24h",2,0.5,47.4,46.99,47.99,0.007
"UPPER SALT CREEK STRUCTURE 3 DAM","24h",5,0.2,60.29,59.87,60.76,0.005
"UPPER SALT CREEK STRUCTURE 3 DAM","24h",10,0.1,68.81,67.71,69.68,0.009
"UPPER SALT CREEK STRUCTURE 3 DAM","24h",25,0.04,79.59,77.24,81.42,0.017
"UPPER SALT CREEK STRUCTURE 3 DAM","24h",50,0.02,87.62,83.99,90.42,0.023
"UPPER SALT CREEK STRUCTURE 3 DAM","24h",100,0.01,95.66,90.65,99.6,0.029
"UPPER SALT CREEK STRUCTURE 3 DAM","24h",200,0.005,103.77,97.18,108.91,0.035
"UPPER SALT CREEK STRUCTURE 3 DAM","24h",500,0.002,114.66,105.76,121.64,0.043
"UPPER SALT CREEK STRUCTURE 3 DAM","24h",1000,0.001,123.07,112.38,131.63,0.049
"UPPER SALT CREEK STRUCTURE 3 DAM","24h",2000,5e-04,131.65,118.9,141.83,0.055
"UPPER SALT CREEK STRUCTURE 3 DAM","24h",5000,2e-04,143.27,127.69,155.82,0.062
"UPPER SALT CREEK STRUCTURE 3 DAM","24h",10000,1e-04,152.3,134.29,166.76,0.068
"UPPER SALT CREEK STRUCTURE 3 DAM","72h",2,0.5,52.93,52.49,53.5,0.006
"UPPER SALT CREEK STRUCTURE 3 DAM","72h",5,0.2,66.91,66.44,67.37,0.004
"UPPER SALT CREEK STRUCTURE 3 DAM","72h",10,0.1,75.67,74.51,76.61,0.009
"UPPER SALT CREEK STRUCTURE 3 DAM","72h",25,0.04,86.17,83.93,88.02,0.015
"UPPER SALT CREEK STRUCTURE 3 DAM","72h",50,0.02,93.61,90.48,96.16,0.019
"UPPER SALT CREEK STRUCTURE 3 DAM","72h",100,0.01,100.75,96.7,104.09,0.023
"UPPER SALT CREEK STRUCTURE 3 DAM","72h",200,0.005,107.66,102.66,111.82,0.026
"UPPER SALT CREEK STRUCTURE 3 DAM","72h",500,0.002,116.52,110.22,121.76,0.031
"UPPER SALT CREEK STRUCTURE 3 DAM","72h",1000,0.001,123.07,115.82,129.14,0.034
"UPPER SALT CREEK STRUCTURE 3 DAM","72h",2000,5e-04,129.5,121.26,136.39,0.036
"UPPER SALT CREEK STRUCTURE 3 DAM","72h",5000,2e-04,137.85,128.21,145.81,0.04
"UPPER SALT CREEK STRUCTURE 3 DAM","72h",10000,1e-04,144.07,133.33,152.85,0.042
"LOWER GOOSE LAKE DAM","24h",2,0.5,49.36,49.1,49.8,0.005
"LOWER GOOSE LAKE DAM","24h",5,0.2,65.01,64.74,65.34,0.003
"LOWER GOOSE LAKE DAM","24h",10,0.1,75.84,75.15,76.41,0.005
"LOWER GOOSE LAKE DAM","24h",25,0.04,90.09,88.34,91.33,0.011
"LOWER GOOSE LAKE DAM","24h",50,0.02,101.07,98.1,103.08,0.016
"LOWER GOOSE LAKE DAM","24h",100,0.01,112.34,107.79,115.23,0.021
"LOWER GOOSE LAKE DAM","24h",200,0.005,123.93,117.53,127.93,0.027
"LOWER GOOSE LAKE DAM","24h",500,0.002,139.83,130.7,145.62,0.035
"LOWER GOOSE LAKE DAM","24h",1000,0.001,152.3,140.58,159.76,0.041
"LOWER GOOSE LAKE DAM","24h",2000,5e-04,165.19,150.45,174.55,0.047
"LOWER GOOSE LAKE DAM","24h",5000,2e-04,182.87,163.64,195.18,0.055
"LOWER GOOSE LAKE DAM","24h",10000,1e-04,196.76,173.76,211.72,0.062
"LOWER GOOSE LAKE DAM","72h",2,0.5,79.49,79.06,80.24,0.005
"LOWER GOOSE LAKE DAM","72h",5,0.2,104.39,103.91,104.94,0.003
"LOWER GOOSE LAKE DAM","72h",10,0.1,121.27,120.09,122.19,0.006
"LOWER GOOSE LAKE DAM","72h",25,0.04,143.07,139.97,145.05,0.011
"LOWER GOOSE LAKE DAM","72h",50,0.02,159.59,154.51,162.74,0.016
"LOWER GOOSE LAKE DAM","72h",100,0.01,176.27,168.9,180.87,0.022
"LOWER GOOSE LAKE DAM","72h",200,0.005,193.19,182.97,199.54,0.027
"LOWER GOOSE LAKE DAM","72h",500,0.002,215.98,201.41,225.03,0.035
"LOWER GOOSE LAKE DAM","72h",1000,0.001,233.56,215.02,245.14,0.041
"LOWER GOOSE LAKE DAM","72h",2000,5e-04,251.44,228.45,266.18,0.047
"LOWER GOOSE LAKE DAM","72h",5000,2e-04,275.57,246.19,294.7,0.055
"LOWER GOOSE LAKE DAM","72h",10000,1e-04,294.19,259.58,317.09,0.062
"FLATIRON","24h",2,0.5,40.13,39.43,41.27,0.015
"FLATIRON","24h",5,0.2,53.91,53.46,54.65,0.007
"FLATIRON","24h",10,0.1,64.29,62.89,65.54,0.013
"FLATIRON","24h",25,0.04,79.78,75.74,82.87,0.029
"FLATIRON","24h",50,0.02,93.5,86.34,98.95,0.042
"FLATIRON","24h",100,0.01,109.45,98.05,117.89,0.057
"FLATIRON","24h",200,0.005,128.11,111.31,140.92,0.073
"FLATIRON","24h",500,0.002,157.79,131.04,178.1,0.095
"FLATIRON","24h",1000,0.001,184.83,147.89,212.33,0.113
"FLATIRON","24h",2000,5e-04,216.61,166.79,254.28,0.13
"FLATIRON","24h",5000,2e-04,267.31,195.3,322.16,0.154
"FLATIRON","24h",10000,1e-04,313.56,219.91,385.46,0.173
"FLATIRON","72h",2,0.5,53.21,52.31,54.39,0.012
"FLATIRON","72h",5,0.2,74.98,74.24,75.86,0.007
"FLATIRON","72h",10,0.1,90.13,88.08,91.87,0.013
"FLATIRON","72h",25,0.04,109.99,105.2,113.63,0.024
"FLATIRON","72h",50,0.02,125.25,117.98,130.84,0.033
"FLATIRON","72h",100,0.01,140.89,130.77,149.12,0.042
"FLATIRON","72h",200,0.005,157,143.08,168.35,0.05
"FLATIRON","72h",500,0.002,179.13,160.46,195.29,0.061
"FLATIRON","72h",1000,0.001,196.57,173.66,217.06,0.069
"FLATIRON","72h",2000,5e-04,214.65,187.14,239.64,0.077
"FLATIRON","72h",5000,2e-04,239.6,205.32,271.19,0.086
"FLATIRON","72h",10000,1e-04,259.3,219.11,296.22,0.093
"SAN JACINTO","24h",2,0.5,80.25,79.65,81.45,0.008
"SAN JACINTO","24h",5,0.2,117.85,117.32,118.68,0.004
"SAN JACINTO","24h",10,0.1,144.83,143.05,146,0.006
"SAN JACINTO","24h",25,0.04,181.52,176.55,184.34,0.014
"SAN JACINTO","24h",50,0.02,210.73,202.4,215.21,0.021
"SAN JACINTO","24h",100,0.01,241.52,228.91,248.38,0.028
"SAN JACINTO","24h",200,0.005,274.1,256.12,284.01,0.036
"SAN JACINTO","24h",500,0.002,320.17,293,334.91,0.046
"SAN JACINTO","24h",1000,0.001,357.49,321.97,377.24,0.053
"SAN JACINTO","24h",2000,5e-04,397.08,351.47,422.41,0.061
"SAN JACINTO","24h",5000,2e-04,453.16,391.8,486.88,0.072
"SAN JACINTO","24h",10000,1e-04,498.61,423.54,540.52,0.08
"SAN JACINTO","72h",2,0.5,108.62,107.53,110.52,0.009
"SAN JACINTO","72h",5,0.2,169.88,169.17,170.98,0.003
"SAN JACINTO","72h",10,0.1,214.46,211.72,216.43,0.007
"SAN JACINTO","72h",25,0.04,274.86,267.31,279.6,0.015
"SAN JACINTO","72h",50,0.02,322.59,310.11,330.17,0.021
"SAN JACINTO","72h",100,0.01,372.52,354.5,383.38,0.026
"SAN JACINTO","72h",200,0.005,424.94,400.17,439.71,0.031
"SAN JACINTO","72h",500,0.002,498.4,464.03,519.44,0.038
"SAN JACINTO","72h",1000,0.001,557.36,514.38,583.87,0.043
"SAN JACINTO","72h",2000,5e-04,619.42,566.28,652.39,0.047
"SAN JACINTO","72h",5000,2e-04,706.47,638.54,749.42,0.053
"SAN JACINTO","72h",10000,1e-04,776.3,695.73,827.82,0.057
"BOR LOST LAKE","24h",2,0.5,37.33,37.15,37.7,0.005
"BOR LOST LAKE","24h",5,0.2,47.39,47.21,47.64,0.003
"BOR LOST LAKE","24h",10,0.1,54.48,53.91,54.92,0.006
"BOR LOST LAKE","24h",25,0.04,64.47,63.03,65.43,0.012
"BOR LOST LAKE","24h",50,0.02,72.88,70.46,74.26,0.018
"BOR LOST LAKE","24h",100,0.01,82.22,78.58,84.31,0.024
"BOR LOST LAKE","24h",200,0.005,92.68,87.44,95.63,0.03
"BOR LOST LAKE","24h",500,0.002,108.5,100.53,112.78,0.039
"BOR LOST LAKE","24h",1000,0.001,122.2,111.69,127.94,0.046
"BOR LOST LAKE","24h",2000,5e-04,137.61,123.75,145.17,0.054
"BOR LOST LAKE","24h",5000,2e-04,161,141.67,171.31,0.064
"BOR LOST LAKE","24h",10000,1e-04,181.28,156.81,194.43,0.072
"BOR LOST LAKE","72h",2,0.5,50.76,50.5,51.27,0.005
"BOR LOST LAKE","72h",5,0.2,64.48,64.22,64.81,0.003
"BOR LOST LAKE","72h",10,0.1,74.06,73.28,74.65,0.006
"BOR LOST LAKE","72h",25,0.04,87.47,85.55,88.72,0.012
"BOR LOST LAKE","72h",50,0.02,98.67,95.46,100.6,0.017
"BOR LOST LAKE","72h",100,0.01,111.05,106.19,113.85,0.023
"BOR LOST LAKE","72h",200,0.005,124.82,117.9,128.8,0.029
"BOR LOST LAKE","72h",500,0.002,145.53,135.21,151.59,0.038
"BOR LOST LAKE","72h",1000,0.001,163.34,149.73,171.45,0.045
"BOR LOST LAKE","72h",2000,5e-04,183.27,165.51,193.92,0.052
"BOR LOST LAKE","72h",5000,2e-04,213.31,188.9,228.19,0.062
"BOR LOST LAKE","72h",10000,1e-04,239.2,208.45,258.06,0.07
"WESTSIDE DETEN DK 3","24h",2,0.5,72.82,72.22,73.93,0.008
"WESTSIDE DETEN DK 3","24h",5,0.2,107.34,106.8,107.95,0.003
"WESTSIDE DETEN DK 3","24h",10,0.1,131.67,129.93,132.95,0.007
"WESTSIDE DETEN DK 3","24h",25,0.04,163.88,159.54,166.57,0.014
"WESTSIDE DETEN DK 3","24h",50,0.02,188.84,181.96,192.92,0.02
"WESTSIDE DETEN DK 3","24h",100,0.01,214.57,204.75,220.17,0.025
"WESTSIDE DETEN DK 3","24h",200,0.005,241.22,227.82,248.84,0.03
"WESTSIDE DETEN DK 3","24h",500,0.002,278.04,259.52,288.72,0.036
"WESTSIDE DETEN DK 3","24h",1000,0.001,307.21,284.09,320.75,0.04
"WESTSIDE DETEN DK 3","24h",2000,5e-04,337.59,309.37,354.16,0.045
"WESTSIDE DETEN DK 3","24h",5000,2e-04,379.71,343.97,400.75,0.05
"WESTSIDE DETEN DK 3","24h",10000,1e-04,413.14,371.09,437.76,0.054
"WESTSIDE DETEN DK 3","72h",2,0.5,99.45,98.6,101.35,0.01
"WESTSIDE DETEN DK 3","72h",5,0.2,154.09,153.43,155.12,0.004
"WESTSIDE DETEN DK 3","72h",10,0.1,194.34,191.64,196.15,0.007
"WESTSIDE DETEN DK 3","72h",25,0.04,249.34,241.87,253.32,0.015
"WESTSIDE DETEN DK 3","72h",50,0.02,293.13,281.02,299.49,0.021
"WESTSIDE DETEN DK 3","72h",100,0.01,339.19,321.28,348.12,0.027
"WESTSIDE DETEN DK 3","72h",200,0.005,387.79,363.56,399.8,0.033
"WESTSIDE DETEN DK 3","72h",500,0.002,456.26,421.39,473.42,0.039
"WESTSIDE DETEN DK 3","72h",1000,0.001,511.49,467.26,532.8,0.044
"WESTSIDE DETEN DK 3","72h",2000,5e-04,569.85,515.16,596.07,0.049
"WESTSIDE DETEN DK 3","72h",5000,2e-04,652.07,581.87,686.11,0.055
"WESTSIDE DETEN DK 3","72h",10000,1e-04,718.31,635.02,759.09,0.06
"FRENCH CANYON DAM","24h",2,0.5,79.8,79.38,80.6,0.005
"FRENCH CANYON DAM","24h",5,0.2,107.13,106.67,107.71,0.003
"FRENCH CANYON DAM","24h",10,0.1,126.2,124.93,127.14,0.005
"FRENCH CANYON DAM","24h",25,0.04,151.48,148.22,153.54,0.012
"FRENCH CANYON DAM","24h",50,0.02,171.11,165.76,174.37,0.017
"FRENCH CANYON DAM","24h",100,0.01,191.37,183.37,196.24,0.023
"FRENCH CANYON DAM","24h",200,0.005,212.37,201.09,219.25,0.029
"FRENCH CANYON DAM","24h",500,0.002,241.34,224.8,251.14,0.038
"FRENCH CANYON DAM","24h",1000,0.001,264.25,242.59,276.72,0.044
"FRENCH CANYON DAM","24h",2000,5e-04,288.06,260.68,303.59,0.051
"FRENCH CANYON DAM","24h",5000,2e-04,320.97,285.25,341.41,0.06
"FRENCH CANYON DAM","24h",10000,1e-04,347.01,304.16,371.78,0.067
"FRENCH CANYON DAM","72h",2,0.5,129.07,128.44,130.52,0.006
"FRENCH CANYON DAM","72h",5,0.2,167.02,166.46,168.05,0.003
"FRENCH CANYON DAM","72h",10,0.1,194.18,192.09,195.73,0.006
"FRENCH CANYON DAM","72h",25,0.04,232.96,227.28,236.37,0.012
"FRENCH CANYON DAM","72h",50,0.02,265.95,256.57,270.93,0.018
"FRENCH CANYON DAM","72h",100,0.01,303,288.32,310.14,0.024
"FRENCH CANYON DAM","72h",200,0.005,344.88,323.26,355.13,0.031
"FRENCH CANYON DAM","72h",500,0.002,408.95,375.89,424.7,0.041
"FRENCH CANYON DAM","72h",1000,0.001,465.08,420.93,486.25,0.048
"FRENCH CANYON DAM","72h",2000,5e-04,528.85,471.06,556.73,0.056
"FRENCH CANYON DAM","72h",5000,2e-04,626.7,546.12,665.63,0.067
"FRENCH CANYON DAM","72h",10000,1e-04,712.55,610.4,760.67,0.075
"LAKE ALICE NO. 2","24h",2,0.5,42.63,42.34,43.01,0.005
"LAKE ALICE NO. 2","24h",5,0.2,58.35,58.04,58.68,0.003
"LAKE ALICE NO. 2","24h",10,0.1,68.79,68.14,69.29,0.005
"LAKE ALICE NO. 2","24h",25,0.04,82.01,80.41,83.16,0.01
"LAKE ALICE NO. 2","24h",50,0.02,91.84,89.35,93.76,0.015
"LAKE ALICE NO. 2","24h",100,0.01,101.62,97.9,104.41,0.019
"LAKE ALICE NO. 2","24h",200,0.005,111.39,106.32,115.21,0.024
"LAKE ALICE NO. 2","24h",500,0.002,124.3,117.17,129.85,0.031
"LAKE ALICE NO. 2","24h",1000,0.001,134.09,125.25,141.21,0.036
"LAKE ALICE NO. 2","24h",2000,5e-04,143.89,133.18,152.82,0.041
"LAKE ALICE NO. 2","24h",5000,2e-04,156.87,143.39,168.38,0.048
"LAKE ALICE NO. 2","24h",10000,1e-04,166.72,150.64,180.33,0.053
"LAKE ALICE NO. 2","72h",2,0.5,52.71,52.4,53.13,0.004
"LAKE ALICE NO. 2","72h",5,0.2,71.59,71.21,72,0.003
"LAKE ALICE NO. 2","72h",10,0.1,83.66,82.91,84.29,0.005
"LAKE ALICE NO. 2","72h",25,0.04,98.46,96.69,99.85,0.01
"LAKE ALICE NO. 2","72h",50,0.02,109.12,106.33,111.26,0.014
"LAKE ALICE NO. 2","72h",100,0.01,119.43,115.5,122.53,0.018
"LAKE ALICE NO. 2","72h",200,0.005,129.45,124.24,133.62,0.022
"LAKE ALICE NO. 2","72h",500,0.002,142.29,135.13,148.12,0.028
"LAKE ALICE NO. 2","72h",1000,0.001,151.71,142.98,158.91,0.032
"LAKE ALICE NO. 2","72h",2000,5e-04,160.9,150.5,169.58,0.036
"LAKE ALICE NO. 2","72h",5000,2e-04,172.69,159.74,183.5,0.042
"LAKE ALICE NO. 2","72h",10000,1e-04,181.35,166.42,193.9,0.046
"MARYS LAKE DIKE NO. 1","24h",2,0.5,40.57,40.01,41.71,0.015
"MARYS LAKE DIKE NO. 1","24h",5,0.2,55.04,54.67,55.79,0.007
"MARYS LAKE DIKE NO. 1","24h",10,0.1,66.09,64.62,67.35,0.012
"MARYS LAKE DIKE NO. 1","24h",25,0.04,82.75,78.05,85.58,0.027
"MARYS LAKE DIKE NO. 1","24h",50,0.02,97.66,89.72,102.29,0.041
"MARYS LAKE DIKE NO. 1","24h",100,0.01,115.14,102.84,122.3,0.055
"MARYS LAKE DIKE NO. 1","24h",200,0.005,135.75,117.96,146.23,0.07
"MARYS LAKE DIKE NO. 1","24h",500,0.002,168.86,139.87,185.36,0.091
"MARYS LAKE DIKE NO. 1","24h",1000,0.001,199.3,160.15,221.78,0.107
"MARYS LAKE DIKE NO. 1","24h",2000,5e-04,235.37,183.25,265.71,0.124
"MARYS LAKE DIKE NO. 1","24h",5000,2e-04,293.49,216.62,337.75,0.146
"MARYS LAKE DIKE NO. 1","24h",10000,1e-04,347,245.89,405.22,0.163
"MARYS LAKE DIKE NO. 1","72h",2,0.5,52.27,51.54,53.45,0.012
"MARYS LAKE DIKE NO. 1","72h",5,0.2,74.36,73.72,75.08,0.006
"MARYS LAKE DIKE NO. 1","72h",10,0.1,90.37,88.46,91.85,0.012
"MARYS LAKE DIKE NO. 1","72h",25,0.04,111.99,107.13,115.25,0.023
"MARYS LAKE DIKE NO. 1","72h",50,0.02,129.02,121.51,134.06,0.032
"MARYS LAKE DIKE NO. 1","72h",100,0.01,146.8,135.87,154.12,0.04
"MARYS LAKE DIKE NO. 1","72h",200,0.005,165.43,150.56,175.4,0.049
"MARYS LAKE DIKE NO. 1","72h",500,0.002,191.48,170.37,205.41,0.059
"MARYS LAKE DIKE NO. 1","72h",1000,0.001,212.36,186.02,230.17,0.067
"MARYS LAKE DIKE NO. 1","72h",2000,5e-04,234.29,202.12,256.52,0.074
"MARYS LAKE DIKE NO. 1","72h",5000,2e-04,265,224.33,293.91,0.084
"MARYS LAKE DIKE NO. 1","72h",10000,1e-04,289.6,241.96,324.23,0.091
"UPPER SALT CREEK STRUCTURE 2 DAM","24h",2,0.5,47.4,46.99,47.99,0.007
"UPPER SALT CREEK STRUCTURE 2 DAM","24h",5,0.2,60.29,59.87,60.76,0.005
"UPPER SALT CREEK STRUCTURE 2 DAM","24h",10,0.1,68.81,67.71,69.68,0.009
"UPPER SALT CREEK STRUCTURE 2 DAM","24h",25,0.04,79.59,77.24,81.42,0.017
"UPPER SALT CREEK STRUCTURE 2 DAM","24h",50,0.02,87.62,83.99,90.42,0.023
"UPPER SALT CREEK STRUCTURE 2 DAM","24h",100,0.01,95.66,90.65,99.6,0.029
"UPPER SALT CREEK STRUCTURE 2 DAM","24h",200,0.005,103.77,97.18,108.91,0.035
"UPPER SALT CREEK STRUCTURE 2 DAM","24h",500,0.002,114.66,105.76,121.64,0.043
"UPPER SALT CREEK STRUCTURE 2 DAM","24h",1000,0.001,123.07,112.38,131.63,0.049
"UPPER SALT CREEK STRUCTURE 2 DAM","24h",2000,5e-04,131.65,118.9,141.83,0.055
"UPPER SALT CREEK STRUCTURE 2 DAM","24h",5000,2e-04,143.27,127.69,155.82,0.062
"UPPER SALT CREEK STRUCTURE 2 DAM","24h",10000,1e-04,152.3,134.29,166.76,0.068
"UPPER SALT CREEK STRUCTURE 2 DAM","72h",2,0.5,52.93,52.49,53.5,0.006
"UPPER SALT CREEK STRUCTURE 2 DAM","72h",5,0.2,66.91,66.44,67.37,0.004
"UPPER SALT CREEK STRUCTURE 2 DAM","72h",10,0.1,75.67,74.51,76.61,0.009
"UPPER SALT CREEK STRUCTURE 2 DAM","72h",25,0.04,86.17,83.93,88.02,0.015
"UPPER SALT CREEK STRUCTURE 2 DAM","72h",50,0.02,93.61,90.48,96.16,0.019
"UPPER SALT CREEK STRUCTURE 2 DAM","72h",100,0.01,100.75,96.7,104.09,0.023
"UPPER SALT CREEK STRUCTURE 2 DAM","72h",200,0.005,107.66,102.66,111.82,0.026
"UPPER SALT CREEK STRUCTURE 2 DAM","72h",500,0.002,116.52,110.22,121.76,0.031
"UPPER SALT CREEK STRUCTURE 2 DAM","72h",1000,0.001,123.07,115.82,129.14,0.034
"UPPER SALT CREEK STRUCTURE 2 DAM","72h",2000,5e-04,129.5,121.26,136.39,0.036
"UPPER SALT CREEK STRUCTURE 2 DAM","72h",5000,2e-04,137.85,128.21,145.81,0.04
"UPPER SALT CREEK STRUCTURE 2 DAM","72h",10000,1e-04,144.07,133.33,152.85,0.042
"LAURO","24h",2,0.5,69.12,68.42,70.22,0.008
"LAURO","24h",5,0.2,104.47,103.84,105.15,0.004
"LAURO","24h",10,0.1,128.6,126.79,130.05,0.008
"LAURO","24h",25,0.04,159.76,155.62,162.91,0.015
"LAURO","24h",50,0.02,183.44,176.95,188.2,0.02
"LAURO","24h",100,0.01,207.48,198.19,214.06,0.025
"LAURO","24h",200,0.005,232.04,219.44,240.56,0.03
"LAURO","24h",500,0.002,265.48,247.91,277.02,0.035
"LAURO","24h",1000,0.001,291.62,270.03,306.17,0.04
"LAURO","24h",2000,5e-04,318.55,292.61,336.11,0.044
"LAURO","24h",5000,2e-04,355.45,323.19,377.6,0.049
"LAURO","24h",10000,1e-04,384.4,346.92,410.51,0.053
"LAURO","72h",2,0.5,89.82,88.7,91.37,0.01
"LAURO","72h",5,0.2,145.16,144.26,146.15,0.004
"LAURO","72h",10,0.1,182.48,179.75,184.79,0.009
"LAURO","72h",25,0.04,229.08,223.34,233.47,0.014
"LAURO","72h",50,0.02,263.03,254.91,269.21,0.018
"LAURO","72h",100,0.01,296.23,285.32,304.28,0.021
"LAURO","72h",200,0.005,328.86,315.15,338.96,0.024
"LAURO","72h",500,0.002,371.31,353.65,384.23,0.027
"LAURO","72h",1000,0.001,403.02,382.38,418.11,0.028
"LAURO","72h",2000,5e-04,434.44,410.85,451.59,0.03
"LAURO","72h",5000,2e-04,475.62,448.08,495.67,0.032
"LAURO","72h",10000,1e-04,506.53,475.98,528.88,0.033
"SAND MESA NO. 2","24h",2,0.5,30.34,30.12,30.65,0.005
"SAND MESA NO. 2","24h",5,0.2,42.15,41.93,42.43,0.004
"SAND MESA NO. 2","24h",10,0.1,50,49.45,50.45,0.006
"SAND MESA NO. 2","24h",25,0.04,59.96,58.66,60.98,0.012
"SAND MESA NO. 2","24h",50,0.02,67.37,65.33,68.92,0.017
"SAND MESA NO. 2","24h",100,0.01,74.75,71.77,76.97,0.022
"SAND MESA NO. 2","24h",200,0.005,82.13,78.07,85.22,0.028
"SAND MESA NO. 2","24h",500,0.002,91.9,86.21,96.32,0.035
"SAND MESA NO. 2","24h",1000,0.001,99.3,92.13,104.95,0.041
"SAND MESA NO. 2","24h",2000,5e-04,106.73,97.91,113.76,0.047
"SAND MESA NO. 2","24h",5000,2e-04,116.58,105.28,125.67,0.054
"SAND MESA NO. 2","24h",10000,1e-04,124.06,110.74,134.84,0.06
"SAND MESA NO. 2","72h",2,0.5,37.51,37.23,37.93,0.006
"SAND MESA NO. 2","72h",5,0.2,52.81,52.52,53.15,0.004
"SAND MESA NO. 2","72h",10,0.1,62.77,62.09,63.4,0.006
"SAND MESA NO. 2","72h",25,0.04,75.17,73.53,76.41,0.012
"SAND MESA NO. 2","72h",50,0.02,84.22,81.54,86.22,0.017
"SAND MESA NO. 2","72h",100,0.01,93.1,89.12,96.04,0.022
"SAND MESA NO. 2","72h",200,0.005,101.83,96.43,105.69,0.027
"SAND MESA NO. 2","72h",500,0.002,113.18,105.62,118.47,0.034
"SAND MESA NO. 2","72h",1000,0.001,121.64,112.34,128.39,0.04
"SAND MESA NO. 2","72h",2000,5e-04,129.99,118.8,138.28,0.045
"SAND MESA NO. 2","72h",5000,2e-04,140.86,126.94,151.41,0.052
"SAND MESA NO. 2","72h",10000,1e-04,148.97,132.75,161.33,0.057
"UPPER SALT CREEK STRUCTURE 4 DAM","24h",2,0.5,47.4,46.99,47.99,0.007
"UPPER SALT CREEK STRUCTURE 4 DAM","24h",5,0.2,60.29,59.87,60.76,0.005
"UPPER SALT CREEK STRUCTURE 4 DAM","24h",10,0.1,68.81,67.71,69.68,0.009
"UPPER SALT CREEK STRUCTURE 4 DAM","24h",25,0.04,79.59,77.24,81.42,0.017
"UPPER SALT CREEK STRUCTURE 4 DAM","24h",50,0.02,87.62,83.99,90.42,0.023
"UPPER SALT CREEK STRUCTURE 4 DAM","24h",100,0.01,95.66,90.65,99.6,0.029
"UPPER SALT CREEK STRUCTURE 4 DAM","24h",200,0.005,103.77,97.18,108.91,0.035
"UPPER SALT CREEK STRUCTURE 4 DAM","24h",500,0.002,114.66,105.76,121.64,0.043
"UPPER SALT CREEK STRUCTURE 4 DAM","24h",1000,0.001,123.07,112.38,131.63,0.049
"UPPER SALT CREEK STRUCTURE 4 DAM","24h",2000,5e-04,131.65,118.9,141.83,0.055
"UPPER SALT CREEK STRUCTURE 4 DAM","24h",5000,2e-04,143.27,127.69,155.82,0.062
"UPPER SALT CREEK STRUCTURE 4 DAM","24h",10000,1e-04,152.3,134.29,166.76,0.068
"UPPER SALT CREEK STRUCTURE 4 DAM","72h",2,0.5,52.93,52.49,53.5,0.006
"UPPER SALT CREEK STRUCTURE 4 DAM","72h",5,0.2,66.91,66.44,67.37,0.004
"UPPER SALT CREEK STRUCTURE 4 DAM","72h",10,0.1,75.67,74.51,76.61,0.009
"UPPER SALT CREEK STRUCTURE 4 DAM","72h",25,0.04,86.17,83.93,88.02,0.015
"UPPER SALT CREEK STRUCTURE 4 DAM","72h",50,0.02,93.61,90.48,96.16,0.019
"UPPER SALT CREEK STRUCTURE 4 DAM","72h",100,0.01,100.75,96.7,104.09,0.023
"UPPER SALT CREEK STRUCTURE 4 DAM","72h",200,0.005,107.66,102.66,111.82,0.026
"UPPER SALT CREEK STRUCTURE 4 DAM","72h",500,0.002,116.52,110.22,121.76,0.031
"UPPER SALT CREEK STRUCTURE 4 DAM","72h",1000,0.001,123.07,115.82,129.14,0.034
"UPPER SALT CREEK STRUCTURE 4 DAM","72h",2000,5e-04,129.5,121.26,136.39,0.036
"UPPER SALT CREEK STRUCTURE 4 DAM","72h",5000,2e-04,137.85,128.21,145.81,0.04
"UPPER SALT CREEK STRUCTURE 4 DAM","72h",10000,1e-04,144.07,133.33,152.85,0.042
"DEAVER","24h",2,0.5,33.67,33.46,34,0.005
"DEAVER","24h",5,0.2,47.27,47.06,47.53,0.003
"DEAVER","24h",10,0.1,56.84,56.31,57.28,0.005
"DEAVER","24h",25,0.04,69.61,68.24,70.53,0.011
"DEAVER","24h",50,0.02,79.62,77.29,81.18,0.016
"DEAVER","24h",100,0.01,90.01,86.5,92.28,0.022
"DEAVER","24h",200,0.005,100.84,95.87,104.2,0.027
"DEAVER","24h",500,0.002,115.91,108.62,120.87,0.035
"DEAVER","24h",1000,0.001,127.9,118.52,134.4,0.041
"DEAVER","24h",2000,5e-04,140.45,128.61,148.63,0.048
"DEAVER","24h",5000,2e-04,157.92,142.46,168.89,0.056
"DEAVER","24h",10000,1e-04,171.85,153.23,185.34,0.063
"DEAVER","72h",2,0.5,43.19,42.92,43.62,0.005
"DEAVER","72h",5,0.2,60.67,60.42,61,0.003
"DEAVER","72h",10,0.1,72.79,72.12,73.32,0.005
"DEAVER","72h",25,0.04,88.73,86.97,89.98,0.011
"DEAVER","72h",50,0.02,101.04,98.16,103.02,0.015
"DEAVER","72h",100,0.01,113.68,109.39,116.64,0.02
"DEAVER","72h",200,0.005,126.7,120.63,130.87,0.026
"DEAVER","72h",500,0.002,144.56,135.54,150.71,0.033
"DEAVER","72h",1000,0.001,158.6,146.94,166.53,0.038
"DEAVER","72h",2000,5e-04,173.1,158.61,183.22,0.044
"DEAVER","72h",5000,2e-04,193.03,174.33,206.29,0.052
"DEAVER","72h",10000,1e-04,208.7,186.33,224.75,0.058
"PUTAH DIV","24h",2,0.5,108.51,107.93,109.48,0.005
"PUTAH DIV","24h",5,0.2,145.94,145.38,146.63,0.003
"PUTAH DIV","24h",10,0.1,171.82,170.31,173.01,0.005
"PUTAH DIV","24h",25,0.04,205.82,201.89,208.47,0.011
"PUTAH DIV","24h",50,0.02,232.02,225.58,236.29,0.015
"PUTAH DIV","24h",100,0.01,258.87,249.14,265.11,0.02
"PUTAH DIV","24h",200,0.005,286.5,272.83,295.5,0.026
"PUTAH DIV","24h",500,0.002,324.34,303.98,337.35,0.033
"PUTAH DIV","24h",1000,0.001,354.01,327.93,370.72,0.039
"PUTAH DIV","24h",2000,5e-04,384.63,352.21,406.02,0.045
"PUTAH DIV","24h",5000,2e-04,426.63,384.7,454.24,0.053
"PUTAH DIV","24h",10000,1e-04,459.6,408.97,492.74,0.059
"PUTAH DIV","72h",2,0.5,177.66,176.5,179.54,0.006
"PUTAH DIV","72h",5,0.2,249.92,248.89,251.11,0.003
"PUTAH DIV","72h",10,0.1,299.89,296.49,302.26,0.006
"PUTAH DIV","72h",25,0.04,365.09,357.36,370.04,0.011
"PUTAH DIV","72h",50,0.02,415.01,403.02,422.69,0.015
"PUTAH DIV","72h",100,0.01,466.02,449.34,476.89,0.019
"PUTAH DIV","72h",200,0.005,518.43,496.13,532.95,0.023
"PUTAH DIV","72h",500,0.002,590.22,559.58,610.25,0.028
"PUTAH DIV","72h",1000,0.001,646.63,609.02,671.72,0.032
"PUTAH DIV","72h",2000,5e-04,705.01,659.77,735.5,0.035
"PUTAH DIV","72h",5000,2e-04,785.39,728.48,823.26,0.04
"PUTAH DIV","72h",10000,1e-04,848.75,782.22,893.34,0.043
"SUMMER FALLS HYDRO POWER PLANT","24h",2,0.5,53.03,52.75,53.47,0.005
"SUMMER FALLS HYDRO POWER PLANT","24h",5,0.2,69.74,69.46,70.08,0.003
"SUMMER FALLS HYDRO POWER PLANT","24h",10,0.1,81.32,80.53,81.9,0.005
"SUMMER FALLS HYDRO POWER PLANT","24h",25,0.04,96.55,94.59,98.02,0.011
"SUMMER FALLS HYDRO POWER PLANT","24h",50,0.02,108.31,105.12,110.51,0.016
"SUMMER FALLS HYDRO POWER PLANT","24h",100,0.01,120.38,115.66,123.56,0.022
"SUMMER FALLS HYDRO POWER PLANT","24h",200,0.005,132.81,126.26,137.24,0.028
"SUMMER FALLS HYDRO POWER PLANT","24h",500,0.002,149.87,140.59,156.23,0.036
"SUMMER FALLS HYDRO POWER PLANT","24h",1000,0.001,163.26,151.34,171.49,0.042
"SUMMER FALLS HYDRO POWER PLANT","24h",2000,5e-04,177.11,162.36,187.41,0.048
"SUMMER FALLS HYDRO POWER PLANT","24h",5000,2e-04,196.13,177.11,209.63,0.057
"SUMMER FALLS HYDRO POWER PLANT","24h",10000,1e-04,211.08,188.41,227.42,0.064
"SUMMER FALLS HYDRO POWER PLANT","72h",2,0.5,84.88,84.45,85.51,0.004
"SUMMER FALLS HYDRO POWER PLANT","72h",5,0.2,111.21,110.69,111.76,0.003
"SUMMER FALLS HYDRO POWER PLANT","72h",10,0.1,128.87,127.61,129.83,0.005
"SUMMER FALLS HYDRO POWER PLANT","72h",25,0.04,151.45,148.6,153.57,0.01
"SUMMER FALLS HYDRO POWER PLANT","72h",50,0.02,168.39,163.95,171.59,0.015
"SUMMER FALLS HYDRO POWER PLANT","72h",100,0.01,185.38,178.65,189.85,0.02
"SUMMER FALLS HYDRO POWER PLANT","72h",200,0.005,202.46,193.35,208.66,0.025
"SUMMER FALLS HYDRO POWER PLANT","72h",500,0.002,225.25,212.67,233.97,0.032
"SUMMER FALLS HYDRO POWER PLANT","72h",1000,0.001,242.66,227.02,253.71,0.037
"SUMMER FALLS HYDRO POWER PLANT","72h",2000,5e-04,260.24,241.28,274.1,0.042
"SUMMER FALLS HYDRO POWER PLANT","72h",5000,2e-04,283.73,259.55,301.71,0.05
"SUMMER FALLS HYDRO POWER PLANT","72h",10000,1e-04,301.7,273.4,323.19,0.055
"GRANITE REEF DIVERSION","24h",2,0.5,52.08,51.8,52.61,0.005
"GRANITE REEF DIVERSION","24h",5,0.2,68.72,68.44,69.1,0.003
"GRANITE REEF DIVERSION","24h",10,0.1,80.46,79.62,81.08,0.006
"GRANITE REEF DIVERSION","24h",25,0.04,97.03,94.96,98.36,0.011
"GRANITE REEF DIVERSION","24h",50,0.02,110.98,107.66,113.1,0.016
"GRANITE REEF DIVERSION","24h",100,0.01,126.52,121.3,129.62,0.022
"GRANITE REEF DIVERSION","24h",200,0.005,143.92,136.47,148.3,0.028
"GRANITE REEF DIVERSION","24h",500,0.002,170.27,158.94,176.86,0.036
"GRANITE REEF DIVERSION","24h",1000,0.001,193.12,178.16,201.86,0.042
"GRANITE REEF DIVERSION","24h",2000,5e-04,218.86,199.46,230.41,0.049
"GRANITE REEF DIVERSION","24h",5000,2e-04,257.95,231.02,274.04,0.058
"GRANITE REEF DIVERSION","24h",10000,1e-04,291.9,257.51,312.62,0.066
"GRANITE REEF DIVERSION","72h",2,0.5,68.94,68.53,69.61,0.005
"GRANITE REEF DIVERSION","72h",5,0.2,95.69,95.31,96.22,0.003
"GRANITE REEF DIVERSION","72h",10,0.1,114.3,113.27,115.11,0.005
"GRANITE REEF DIVERSION","72h",25,0.04,138.87,136.1,140.79,0.011
"GRANITE REEF DIVERSION","72h",50,0.02,157.9,153.28,160.99,0.016
"GRANITE REEF DIVERSION","72h",100,0.01,177.49,170.54,181.9,0.021
"GRANITE REEF DIVERSION","72h",200,0.005,197.74,187.97,204.08,0.026
"GRANITE REEF DIVERSION","72h",500,0.002,225.59,211.14,234.79,0.034
"GRANITE REEF DIVERSION","72h",1000,0.001,247.55,229.13,259.49,0.04
"GRANITE REEF DIVERSION","72h",2000,5e-04,270.31,247.39,285.29,0.046
"GRANITE REEF DIVERSION","72h",5000,2e-04,301.67,271.81,321.64,0.054
"GRANITE REEF DIVERSION","72h",10000,1e-04,326.41,290.84,350.77,0.06
"FRENCH CANYON","24h",2,0.5,79.8,79.37,80.58,0.005
"FRENCH CANYON","24h",5,0.2,107.13,106.67,107.71,0.003
"FRENCH CANYON","24h",10,0.1,126.2,124.93,127.14,0.005
"FRENCH CANYON","24h",25,0.04,151.48,148.22,153.5,0.012
"FRENCH CANYON","24h",50,0.02,171.11,165.88,174.45,0.017
"FRENCH CANYON","24h",100,0.01,191.37,183.47,196.24,0.023
"FRENCH CANYON","24h",200,0.005,212.37,201.44,219.17,0.029
"FRENCH CANYON","24h",500,0.002,241.34,225.15,251.19,0.038
"FRENCH CANYON","24h",1000,0.001,264.25,243.07,276.95,0.044
"FRENCH CANYON","24h",2000,5e-04,288.06,261.31,304.06,0.051
"FRENCH CANYON","24h",5000,2e-04,320.97,285.96,342.11,0.06
"FRENCH CANYON","24h",10000,1e-04,347.01,304.9,372.78,0.067
"FRENCH CANYON","72h",2,0.5,129.07,128.43,130.52,0.006
"FRENCH CANYON","72h",5,0.2,167.02,166.44,168.06,0.003
"FRENCH CANYON","72h",10,0.1,194.18,192.07,195.72,0.006
"FRENCH CANYON","72h",25,0.04,232.96,227.25,236.29,0.012
"FRENCH CANYON","72h",50,0.02,265.95,256.6,270.91,0.018
"FRENCH CANYON","72h",100,0.01,303,288.66,310.19,0.024
"FRENCH CANYON","72h",200,0.005,344.88,323.4,355.18,0.031
"FRENCH CANYON","72h",500,0.002,408.95,376.14,424.66,0.041
"FRENCH CANYON","72h",1000,0.001,465.08,421.39,486.82,0.048
"FRENCH CANYON","72h",2000,5e-04,528.85,471.94,557.16,0.056
"FRENCH CANYON","72h",5000,2e-04,626.7,547.66,665.93,0.066
"FRENCH CANYON","72h",10000,1e-04,712.55,612.06,762.72,0.075
"GLEN ANNE","24h",2,0.5,68.53,67.77,69.61,0.009
"GLEN ANNE","24h",5,0.2,103.64,103.03,104.36,0.004
"GLEN ANNE","24h",10,0.1,127.66,125.73,129.12,0.008
"GLEN ANNE","24h",25,0.04,158.75,154.22,162.01,0.016
"GLEN ANNE","24h",50,0.02,182.4,175.5,187.44,0.021
"GLEN ANNE","24h",100,0.01,206.44,196.66,213.43,0.026
"GLEN ANNE","24h",200,0.005,231.03,218.18,240.3,0.031
"GLEN ANNE","24h",500,0.002,264.54,246.97,277.71,0.038
"GLEN ANNE","24h",1000,0.001,290.77,269.17,306.88,0.042
"GLEN ANNE","24h",2000,5e-04,317.81,291.86,337.12,0.047
"GLEN ANNE","24h",5000,2e-04,354.89,323.03,379.18,0.052
"GLEN ANNE","24h",10000,1e-04,384.01,346.86,412.69,0.056
"GLEN ANNE","72h",2,0.5,88.74,87.67,90.33,0.01
"GLEN ANNE","72h",5,0.2,143.19,142.27,144.11,0.004
"GLEN ANNE","72h",10,0.1,179.87,177.03,182.04,0.009
"GLEN ANNE","72h",25,0.04,225.63,219.69,230.13,0.015
"GLEN ANNE","72h",50,0.02,258.97,250.45,265.36,0.019
"GLEN ANNE","72h",100,0.01,291.55,280.08,299.95,0.022
"GLEN ANNE","72h",200,0.005,323.57,309.15,333.86,0.024
"GLEN ANNE","72h",500,0.002,365.22,346.78,377.97,0.027
"GLEN ANNE","72h",1000,0.001,396.33,374.64,411.19,0.029
"GLEN ANNE","72h",2000,5e-04,427.15,402.16,444.04,0.031
"GLEN ANNE","72h",5000,2e-04,467.53,438.2,487.13,0.033
"GLEN ANNE","72h",10000,1e-04,497.85,465.56,519.52,0.034
"WEST SIDE DETENTION DIKE NO. 2","24h",2,0.5,72.82,72.25,73.96,0.008
"WEST SIDE DETENTION DIKE NO. 2","24h",5,0.2,107.34,106.81,107.93,0.003
"WEST SIDE DETENTION DIKE NO. 2","24h",10,0.1,131.67,129.95,132.96,0.007
"WEST SIDE DETENTION DIKE NO. 2","24h",25,0.04,163.88,159.58,166.49,0.014
"WEST SIDE DETENTION DIKE NO. 2","24h",50,0.02,188.84,181.96,192.71,0.02
"WEST SIDE DETENTION DIKE NO. 2","24h",100,0.01,214.57,204.7,219.9,0.025
"WEST SIDE DETENTION DIKE NO. 2","24h",200,0.005,241.22,227.95,248.24,0.03
"WEST SIDE DETENTION DIKE NO. 2","24h",500,0.002,278.04,259.28,288,0.036
"WEST SIDE DETENTION DIKE NO. 2","24h",1000,0.001,307.21,283.8,319.63,0.04
"WEST SIDE DETENTION DIKE NO. 2","24h",2000,5e-04,337.59,308.95,353.11,0.045
"WEST SIDE DETENTION DIKE NO. 2","24h",5000,2e-04,379.71,343.36,399.63,0.05
"WEST SIDE DETENTION DIKE NO. 2","24h",10000,1e-04,413.14,370.32,436.54,0.054
"WEST SIDE DETENTION DIKE NO. 2","72h",2,0.5,99.45,98.6,101.36,0.01
"WEST SIDE DETENTION DIKE NO. 2","72h",5,0.2,154.09,153.43,155.13,0.004
"WEST SIDE DETENTION DIKE NO. 2","72h",10,0.1,194.34,191.63,196.16,0.007
"WEST SIDE DETENTION DIKE NO. 2","72h",25,0.04,249.34,241.9,253.16,0.015
"WEST SIDE DETENTION DIKE NO. 2","72h",50,0.02,293.13,280.75,298.98,0.021
"WEST SIDE DETENTION DIKE NO. 2","72h",100,0.01,339.19,321.18,347.79,0.027
"WEST SIDE DETENTION DIKE NO. 2","72h",200,0.005,387.79,363.11,399.4,0.033
"WEST SIDE DETENTION DIKE NO. 2","72h",500,0.002,456.26,420.97,472.69,0.039
"WEST SIDE DETENTION DIKE NO. 2","72h",1000,0.001,511.49,466.93,532.46,0.044
"WEST SIDE DETENTION DIKE NO. 2","72h",2000,5e-04,569.85,514.87,596.08,0.049
"WEST SIDE DETENTION DIKE NO. 2","72h",5000,2e-04,652.07,581.61,686.22,0.055
"WEST SIDE DETENTION DIKE NO. 2","72h",10000,1e-04,718.31,634.69,759.26,0.06
"MIDDLE COTTONWOOD","24h",2,0.5,30.78,30.58,31.1,0.005
"MIDDLE COTTONWOOD","24h",5,0.2,42.64,42.41,42.9,0.003
"MIDDLE COTTONWOOD","24h",10,0.1,50.53,49.98,50.94,0.006
"MIDDLE COTTONWOOD","24h",25,0.04,60.52,59.21,61.44,0.012
"MIDDLE COTTONWOOD","24h",50,0.02,67.96,65.83,69.47,0.017
"MIDDLE COTTONWOOD","24h",100,0.01,75.36,72.21,77.47,0.022
"MIDDLE COTTONWOOD","24h",200,0.005,82.76,78.45,85.66,0.027
"MIDDLE COTTONWOOD","24h",500,0.002,92.54,86.47,96.64,0.035
"MIDDLE COTTONWOOD","24h",1000,0.001,99.97,92.38,105.14,0.04
"MIDDLE COTTONWOOD","24h",2000,5e-04,107.41,98.17,113.85,0.046
"MIDDLE COTTONWOOD","24h",5000,2e-04,117.27,105.62,125.61,0.054
"MIDDLE COTTONWOOD","24h",10000,1e-04,124.75,111.11,134.75,0.06
"MIDDLE COTTONWOOD","72h",2,0.5,38.41,38.14,38.83,0.006
"MIDDLE COTTONWOOD","72h",5,0.2,53.75,53.42,54.1,0.004
"MIDDLE COTTONWOOD","72h",10,0.1,63.71,62.99,64.29,0.006
"MIDDLE COTTONWOOD","72h",25,0.04,76.08,74.39,77.34,0.012
"MIDDLE COTTONWOOD","72h",50,0.02,85.1,82.34,87.05,0.017
"MIDDLE COTTONWOOD","72h",100,0.01,93.92,89.94,96.68,0.022
"MIDDLE COTTONWOOD","72h",200,0.005,102.59,97.11,106.24,0.028
"MIDDLE COTTONWOOD","72h",500,0.002,113.83,106.41,118.9,0.035
"MIDDLE COTTONWOOD","72h",1000,0.001,122.18,113.08,128.5,0.04
"MIDDLE COTTONWOOD","72h",2000,5e-04,130.42,119.35,138.23,0.046
"MIDDLE COTTONWOOD","72h",5000,2e-04,141.12,127.44,151.05,0.053
"MIDDLE COTTONWOOD","72h",10000,1e-04,149.08,133.2,160.63,0.058
"ANITA","24h",2,0.5,36.06,35.82,36.4,0.005
"ANITA","24h",5,0.2,51.09,50.91,51.32,0.002
"ANITA","24h",10,0.1,61.6,61.03,62.01,0.005
"ANITA","24h",25,0.04,75.4,74.03,76.36,0.01
"ANITA","24h",50,0.02,86.04,83.89,87.56,0.014
"ANITA","24h",100,0.01,96.96,93.9,99.15,0.018
"ANITA","24h",200,0.005,108.22,104.1,111.13,0.021
"ANITA","24h",500,0.002,123.72,117.98,127.83,0.026
"ANITA","24h",1000,0.001,135.95,128.84,141.09,0.029
"ANITA","24h",2000,5e-04,148.64,140.02,154.86,0.033
"ANITA","24h",5000,2e-04,166.19,155.3,174.03,0.037
"ANITA","24h",10000,1e-04,180.07,167.27,189.41,0.04
"ANITA","72h",2,0.5,46.2,45.91,46.63,0.005
"ANITA","72h",5,0.2,65.04,64.78,65.37,0.003
"ANITA","72h",10,0.1,78.18,77.46,78.75,0.005
"ANITA","72h",25,0.04,95.57,93.78,96.88,0.01
"ANITA","72h",50,0.02,109.07,106.09,111.22,0.015
"ANITA","72h",100,0.01,123,118.57,126.23,0.02
"ANITA","72h",200,0.005,137.42,131.04,141.83,0.025
"ANITA","72h",500,0.002,157.3,147.96,163.97,0.032
"ANITA","72h",1000,0.001,173.01,161.03,181.53,0.038
"ANITA","72h",2000,5e-04,189.33,174.32,200.14,0.044
"ANITA","72h",5000,2e-04,211.86,192.26,226.25,0.051
"ANITA","72h",10000,1e-04,229.68,206.11,247.22,0.057
"WETLANDS NO. 6","24h",2,0.5,33.41,33.2,33.75,0.005
"WETLANDS NO. 6","24h",5,0.2,47.01,46.83,47.26,0.003
"WETLANDS NO. 6","24h",10,0.1,56.59,56.08,56.99,0.005
"WETLANDS NO. 6","24h",25,0.04,69.4,67.91,70.36,0.011
"WETLANDS NO. 6","24h",50,0.02,79.43,76.98,81.12,0.016
"WETLANDS NO. 6","24h",100,0.01,89.85,86.12,92.26,0.022
"WETLANDS NO. 6","24h",200,0.005,100.73,95.55,104.19,0.027
"WETLANDS NO. 6","24h",500,0.002,115.86,108.29,120.91,0.035
"WETLANDS NO. 6","24h",1000,0.001,127.92,118.27,134.55,0.041
"WETLANDS NO. 6","24h",2000,5e-04,140.53,128.36,148.83,0.047
"WETLANDS NO. 6","24h",5000,2e-04,158.12,142.03,169.3,0.055
"WETLANDS NO. 6","24h",10000,1e-04,172.14,152.77,185.82,0.062
"WETLANDS NO. 6","72h",2,0.5,42.5,42.23,42.92,0.005
"WETLANDS NO. 6","72h",5,0.2,60.12,59.85,60.4,0.003
"WETLANDS NO. 6","72h",10,0.1,71.98,71.3,72.52,0.006
"WETLANDS NO. 6","72h",25,0.04,87.16,85.53,88.35,0.01
"WETLANDS NO. 6","72h",50,0.02,98.6,96.08,100.39,0.014
"WETLANDS NO. 6","72h",100,0.01,110.15,106.57,112.69,0.018
"WETLANDS NO. 6","72h",200,0.005,121.88,117.06,125.27,0.021
"WETLANDS NO. 6","72h",500,0.002,137.77,131.13,142.42,0.026
"WETLANDS NO. 6","72h",1000,0.001,150.12,141.99,155.87,0.029
"WETLANDS NO. 6","72h",2000,5e-04,162.79,153.03,169.62,0.032
"WETLANDS NO. 6","72h",5000,2e-04,180.06,167.95,188.48,0.036
"WETLANDS NO. 6","72h",10000,1e-04,193.55,179.51,203.27,0.039
"PERCHA DIVERSION","24h",2,0.5,36.63,36.4,36.98,0.005
"PERCHA DIVERSION","24h",5,0.2,50.94,50.68,51.2,0.003
"PERCHA DIVERSION","24h",10,0.1,60.55,59.92,61.05,0.006
"PERCHA DIVERSION","24h",25,0.04,72.86,71.29,73.98,0.011
"PERCHA DIVERSION","24h",50,0.02,82.11,79.62,83.9,0.016
"PERCHA DIVERSION","24h",100,0.01,91.39,87.79,94,0.021
"PERCHA DIVERSION","24h",200,0.005,100.74,95.95,104.17,0.027
"PERCHA DIVERSION","24h",500,0.002,113.23,106.33,118.06,0.034
"PERCHA DIVERSION","24h",1000,0.001,122.78,114.07,128.97,0.039
"PERCHA DIVERSION","24h",2000,5e-04,132.44,121.88,140.12,0.045
"PERCHA DIVERSION","24h",5000,2e-04,145.37,131.9,155.44,0.052
"PERCHA DIVERSION","24h",10000,1e-04,155.27,139.29,167.38,0.058
"PERCHA DIVERSION","72h",2,0.5,46.73,46.41,47.13,0.005
"PERCHA DIVERSION","72h",5,0.2,64.47,64.12,64.85,0.004
"PERCHA DIVERSION","72h",10,0.1,75.88,75.09,76.53,0.006
"PERCHA DIVERSION","72h",25,0.04,89.93,88.19,91.43,0.011
"PERCHA DIVERSION","72h",50,0.02,100.09,97.38,102.32,0.015
"PERCHA DIVERSION","72h",100,0.01,109.96,106.07,113.1,0.02
"PERCHA DIVERSION","72h",200,0.005,119.58,114.4,124.04,0.025
"PERCHA DIVERSION","72h",500,0.002,131.97,124.71,138.18,0.031
"PERCHA DIVERSION","72h",1000,0.001,141.1,132.2,148.76,0.036
"PERCHA DIVERSION","72h",2000,5e-04,150.04,139.34,159.21,0.041
"PERCHA DIVERSION","72h",5000,2e-04,161.56,148.46,172.89,0.047
"PERCHA DIVERSION","72h",10000,1e-04,170.06,155.05,183.19,0.052
"MALONE DIVERSION DAM","24h",2,0.5,40.09,39.86,40.6,0.007
"MALONE DIVERSION DAM","24h",5,0.2,52.39,52.21,52.71,0.003
"MALONE DIVERSION DAM","24h",10,0.1,61.44,60.74,61.94,0.006
"MALONE DIVERSION DAM","24h",25,0.04,74.69,72.72,75.88,0.014
"MALONE DIVERSION DAM","24h",50,0.02,86.22,82.79,88.08,0.02
"MALONE DIVERSION DAM","24h",100,0.01,99.43,94.19,102.17,0.028
"MALONE DIVERSION DAM","24h",200,0.005,114.63,106.94,118.64,0.035
"MALONE DIVERSION DAM","24h",500,0.002,138.42,126.25,144.6,0.046
"MALONE DIVERSION DAM","24h",1000,0.001,159.72,143.16,168.13,0.055
"MALONE DIVERSION DAM","24h",2000,5e-04,184.37,162.13,195.7,0.064
"MALONE DIVERSION DAM","24h",5000,2e-04,223.05,191.43,239.32,0.076
"MALONE DIVERSION DAM","24h",10000,1e-04,257.71,217.15,278.61,0.086
"MALONE DIVERSION DAM","72h",2,0.5,60.86,60.5,61.69,0.007
"MALONE DIVERSION DAM","72h",5,0.2,80.52,80.25,81.03,0.003
"MALONE DIVERSION DAM","72h",10,0.1,95,93.89,95.78,0.006
"MALONE DIVERSION DAM","72h",25,0.04,116.2,113.02,117.94,0.014
"MALONE DIVERSION DAM","72h",50,0.02,134.66,129.21,137.48,0.021
"MALONE DIVERSION DAM","72h",100,0.01,155.79,147.29,160.01,0.028
"MALONE DIVERSION DAM","72h",200,0.005,180.14,167.72,186.33,0.036
"MALONE DIVERSION DAM","72h",500,0.002,218.22,198.64,227.65,0.047
"MALONE DIVERSION DAM","72h",1000,0.001,252.33,225.85,265.01,0.056
"MALONE DIVERSION DAM","72h",2000,5e-04,291.82,256.54,309.24,0.065
"MALONE DIVERSION DAM","72h",5000,2e-04,353.78,303.02,380.27,0.077
"MALONE DIVERSION DAM","72h",10000,1e-04,409.34,343.37,444.21,0.086
"UPPER WHEELER SADDLE DAM","24h",2,0.5,77.33,76.93,78.08,0.005
"UPPER WHEELER SADDLE DAM","24h",5,0.2,103.78,103.36,104.33,0.003
"UPPER WHEELER SADDLE DAM","24h",10,0.1,122.27,121.09,123.1,0.005
"UPPER WHEELER SADDLE DAM","24h",25,0.04,146.81,143.73,148.75,0.011
"UPPER WHEELER SADDLE DAM","24h",50,0.02,165.91,160.68,168.98,0.017
"UPPER WHEELER SADDLE DAM","24h",100,0.01,185.65,177.76,190.36,0.023
"UPPER WHEELER SADDLE DAM","24h",200,0.005,206.13,195.17,212.45,0.029
"UPPER WHEELER SADDLE DAM","24h",500,0.002,234.44,218.28,243.98,0.037
"UPPER WHEELER SADDLE DAM","24h",1000,0.001,256.85,236.16,268.92,0.043
"UPPER WHEELER SADDLE DAM","24h",2000,5e-04,280.17,254.26,295.48,0.05
"UPPER WHEELER SADDLE DAM","24h",5000,2e-04,312.47,278.43,332.92,0.059
"UPPER WHEELER SADDLE DAM","24h",10000,1e-04,338.07,297.05,363.38,0.066
"UPPER WHEELER SADDLE DAM","72h",2,0.5,126.97,126.34,127.97,0.004
"UPPER WHEELER SADDLE DAM","72h",5,0.2,167.47,166.77,168.33,0.003
"UPPER WHEELER SADDLE DAM","72h",10,0.1,194.65,192.85,196.02,0.005
"UPPER WHEELER SADDLE DAM","72h",25,0.04,229.41,224.88,232.34,0.011
"UPPER WHEELER SADDLE DAM","72h",50,0.02,255.5,248.3,260.35,0.015
"UPPER WHEELER SADDLE DAM","72h",100,0.01,281.65,271.11,288.39,0.02
"UPPER WHEELER SADDLE DAM","72h",200,0.005,307.97,293.54,317.17,0.025
"UPPER WHEELER SADDLE DAM","72h",500,0.002,343.08,323.14,355.8,0.033
"UPPER WHEELER SADDLE DAM","72h",1000,0.001,369.93,344.77,386.39,0.038
"UPPER WHEELER SADDLE DAM","72h",2000,5e-04,397.03,366.64,417.74,0.044
"UPPER WHEELER SADDLE DAM","72h",5000,2e-04,433.26,395.19,460.4,0.052
"UPPER WHEELER SADDLE DAM","72h",10000,1e-04,460.98,415.96,493.13,0.057
"ANDERSON-ROSE DIV.","24h",2,0.5,46.9,46.61,47.47,0.007
"ANDERSON-ROSE DIV.","24h",5,0.2,61.44,61.23,61.82,0.003
"ANDERSON-ROSE DIV.","24h",10,0.1,72.04,71.24,72.6,0.006
"ANDERSON-ROSE DIV.","24h",25,0.04,87.45,85.28,88.79,0.013
"ANDERSON-ROSE DIV.","24h",50,0.02,100.76,97.05,102.9,0.02
"ANDERSON-ROSE DIV.","24h",100,0.01,115.9,110.3,119.15,0.027
"ANDERSON-ROSE DIV.","24h",200,0.005,133.25,125.03,137.91,0.034
"ANDERSON-ROSE DIV.","24h",500,0.002,160.18,147.36,167.72,0.045
"ANDERSON-ROSE DIV.","24h",1000,0.001,184.14,166.42,194.2,0.053
"ANDERSON-ROSE DIV.","24h",2000,5e-04,211.71,187.94,225.26,0.062
"ANDERSON-ROSE DIV.","24h",5000,2e-04,254.65,220.63,273.76,0.074
"ANDERSON-ROSE DIV.","24h",10000,1e-04,292.89,248.99,317.37,0.083
"ANDERSON-ROSE DIV.","72h",2,0.5,74.95,74.51,75.88,0.006
"ANDERSON-ROSE DIV.","72h",5,0.2,97.97,97.55,98.57,0.003
"ANDERSON-ROSE DIV.","72h",10,0.1,114.58,113.27,115.58,0.006
"ANDERSON-ROSE DIV.","72h",25,0.04,138.49,135.07,140.65,0.014
"ANDERSON-ROSE DIV.","72h",50,0.02,158.97,153.16,162.34,0.02
"ANDERSON-ROSE DIV.","72h",100,0.01,182.11,172.78,187.1,0.027
"ANDERSON-ROSE DIV.","72h",200,0.005,208.42,195.23,215.44,0.034
"ANDERSON-ROSE DIV.","72h",500,0.002,248.94,228.41,259.63,0.044
"ANDERSON-ROSE DIV.","72h",1000,0.001,284.67,256.91,299.41,0.052
"ANDERSON-ROSE DIV.","72h",2000,5e-04,325.51,288.74,345.31,0.06
"ANDERSON-ROSE DIV.","72h",5000,2e-04,388.6,336.49,416.34,0.072
"ANDERSON-ROSE DIV.","72h",10000,1e-04,444.31,377.34,480.34,0.08
"WB5 WASTEWAY DETENTION DAM","24h",2,0.5,40.49,40.28,40.83,0.005
"WB5 WASTEWAY DETENTION DAM","24h",5,0.2,53.11,52.9,53.39,0.003
"WB5 WASTEWAY DETENTION DAM","24h",10,0.1,61.92,61.34,62.36,0.005
"WB5 WASTEWAY DETENTION DAM","24h",25,0.04,73.58,72.13,74.61,0.011
"WB5 WASTEWAY DETENTION DAM","24h",50,0.02,82.64,80.2,84.29,0.016
"WB5 WASTEWAY DETENTION DAM","24h",100,0.01,92,88.29,94.38,0.022
"WB5 WASTEWAY DETENTION DAM","24h",200,0.005,101.69,96.49,104.99,0.027
"WB5 WASTEWAY DETENTION DAM","24h",500,0.002,115.06,107.51,119.75,0.035
"WB5 WASTEWAY DETENTION DAM","24h",1000,0.001,125.63,116.09,131.86,0.042
"WB5 WASTEWAY DETENTION DAM","24h",2000,5e-04,136.61,124.67,144.48,0.048
"WB5 WASTEWAY DETENTION DAM","24h",5000,2e-04,151.79,136.23,162.16,0.057
"WB5 WASTEWAY DETENTION DAM","24h",10000,1e-04,163.8,145.2,176.35,0.063
"WB5 WASTEWAY DETENTION DAM","72h",2,0.5,59.52,59.2,60.09,0.005
"WB5 WASTEWAY DETENTION DAM","72h",5,0.2,74.9,74.59,75.3,0.003
"WB5 WASTEWAY DETENTION DAM","72h",10,0.1,85.8,84.84,86.5,0.006
"WB5 WASTEWAY DETENTION DAM","72h",25,0.04,101.22,98.89,102.77,0.013
"WB5 WASTEWAY DETENTION DAM","72h",50,0.02,114.24,110.39,116.62,0.018
"WB5 WASTEWAY DETENTION DAM","72h",100,0.01,128.76,123.01,132.25,0.025
"WB5 WASTEWAY DETENTION DAM","72h",200,0.005,145.07,136.85,149.9,0.031
"WB5 WASTEWAY DETENTION DAM","72h",500,0.002,169.83,157.28,177.76,0.041
"WB5 WASTEWAY DETENTION DAM","72h",1000,0.001,191.36,174.65,201.75,0.048
"WB5 WASTEWAY DETENTION DAM","72h",2000,5e-04,215.66,193.86,229.45,0.056
"WB5 WASTEWAY DETENTION DAM","72h",5000,2e-04,252.66,222.43,272.08,0.067
"WB5 WASTEWAY DETENTION DAM","72h",10000,1e-04,284.88,246.73,309.55,0.076
"WIND RIVER DIVERSION","24h",2,0.5,29.79,29.6,30.09,0.006
"WIND RIVER DIVERSION","24h",5,0.2,41.05,40.83,41.28,0.004
"WIND RIVER DIVERSION","24h",10,0.1,48.52,47.99,48.93,0.006
"WIND RIVER DIVERSION","24h",25,0.04,57.96,56.69,58.82,0.012
"WIND RIVER DIVERSION","24h",50,0.02,64.98,62.99,66.35,0.017
"WIND RIVER DIVERSION","24h",100,0.01,71.95,69.06,74,0.023
"WIND RIVER DIVERSION","24h",200,0.005,78.9,75.1,81.67,0.028
"WIND RIVER DIVERSION","24h",500,0.002,88.08,82.73,92.11,0.036
"WIND RIVER DIVERSION","24h",1000,0.001,95.03,88.27,99.99,0.042
"WIND RIVER DIVERSION","24h",2000,5e-04,101.98,93.63,108.08,0.047
"WIND RIVER DIVERSION","24h",5000,2e-04,111.18,100.48,119.06,0.055
"WIND RIVER DIVERSION","24h",10000,1e-04,118.15,105.57,127.52,0.061
"WIND RIVER DIVERSION","72h",2,0.5,38.44,38.16,38.99,0.007
"WIND RIVER DIVERSION","72h",5,0.2,52.2,51.95,52.56,0.004
"WIND RIVER DIVERSION","72h",10,0.1,61.98,61.23,62.57,0.007
"WIND RIVER DIVERSION","72h",25,0.04,75.87,73.85,77.2,0.015
"WIND RIVER DIVERSION","72h",50,0.02,87.63,84.23,89.79,0.021
"WIND RIVER DIVERSION","72h",100,0.01,100.78,95.65,103.98,0.028
"WIND RIVER DIVERSION","72h",200,0.005,115.59,108.01,120.19,0.035
"WIND RIVER DIVERSION","72h",500,0.002,138.13,126.75,145.04,0.045
"WIND RIVER DIVERSION","72h",1000,0.001,157.78,142.5,166.86,0.053
"WIND RIVER DIVERSION","72h",2000,5e-04,180.01,159.91,191.94,0.061
"WIND RIVER DIVERSION","72h",5000,2e-04,213.97,185.79,230.92,0.072
"WIND RIVER DIVERSION","72h",10000,1e-04,243.62,207.68,265.56,0.081
"KEENE CREEK DIVERSION","24h",2,0.5,55.26,54.95,55.77,0.005
"KEENE CREEK DIVERSION","24h",5,0.2,74.33,74.02,74.73,0.003
"KEENE CREEK DIVERSION","24h",10,0.1,87.42,86.55,88.03,0.006
"KEENE CREEK DIVERSION","24h",25,0.04,104.49,102.38,105.88,0.011
"KEENE CREEK DIVERSION","24h",50,0.02,117.57,114.1,120,0.017
"KEENE CREEK DIVERSION","24h",100,0.01,130.89,125.79,134.37,0.022
"KEENE CREEK DIVERSION","24h",200,0.005,144.53,137.41,149.32,0.028
"KEENE CREEK DIVERSION","24h",500,0.002,163.07,152.77,169.87,0.036
"KEENE CREEK DIVERSION","24h",1000,0.001,177.53,164.4,186.27,0.042
"KEENE CREEK DIVERSION","24h",2000,5e-04,192.36,175.94,203.27,0.048
"KEENE CREEK DIVERSION","24h",5000,2e-04,212.58,191.24,226.77,0.056
"KEENE CREEK DIVERSION","24h",10000,1e-04,228.34,202.83,245.35,0.063
"KEENE CREEK DIVERSION","72h",2,0.5,89.95,89.42,90.8,0.005
"KEENE CREEK DIVERSION","72h",5,0.2,120.42,119.82,121.15,0.003
"KEENE CREEK DIVERSION","72h",10,0.1,140.3,138.83,141.48,0.006
"KEENE CREEK DIVERSION","72h",25,0.04,165.11,161.7,167.49,0.011
"KEENE CREEK DIVERSION","72h",50,0.02,183.28,177.64,186.99,0.016
"KEENE CREEK DIVERSION","72h",100,0.01,201.13,193.15,206.4,0.021
"KEENE CREEK DIVERSION","72h",200,0.005,218.73,208.02,225.99,0.026
"KEENE CREEK DIVERSION","72h",500,0.002,241.66,226.63,251.85,0.033
"KEENE CREEK DIVERSION","72h",1000,0.001,258.78,240.25,271.58,0.039
"KEENE CREEK DIVERSION","72h",2000,5e-04,275.72,253.27,291.59,0.044
"KEENE CREEK DIVERSION","72h",5000,2e-04,297.84,269.53,317.8,0.052
"KEENE CREEK DIVERSION","72h",10000,1e-04,314.36,281.57,337.41,0.057
"PROSSER DIVERSION","24h",2,0.5,50.67,50.39,51.32,0.007
"PROSSER DIVERSION","24h",5,0.2,66.3,66.11,66.69,0.003
"PROSSER DIVERSION","24h",10,0.1,77.95,77.14,78.58,0.006
"PROSSER DIVERSION","24h",25,0.04,95.18,92.75,96.45,0.013
"PROSSER DIVERSION","24h",50,0.02,110.32,106.15,112.36,0.02
"PROSSER DIVERSION","24h",100,0.01,127.79,121.09,130.91,0.027
"PROSSER DIVERSION","24h",200,0.005,148.08,138.13,152.65,0.035
"PROSSER DIVERSION","24h",500,0.002,180.1,164.34,187.44,0.046
"PROSSER DIVERSION","24h",1000,0.001,209.03,187.42,219.31,0.055
"PROSSER DIVERSION","24h",2000,5e-04,242.79,213.76,256.58,0.064
"PROSSER DIVERSION","24h",5000,2e-04,296.24,254.25,315.9,0.076
"PROSSER DIVERSION","24h",10000,1e-04,344.58,289.24,370.01,0.086
"PROSSER DIVERSION","72h",2,0.5,79.34,78.9,80.23,0.006
"PROSSER DIVERSION","72h",5,0.2,102.06,101.72,102.64,0.003
"PROSSER DIVERSION","72h",10,0.1,118.39,117.06,119.32,0.006
"PROSSER DIVERSION","72h",25,0.04,141.81,138.38,143.75,0.012
"PROSSER DIVERSION","72h",50,0.02,161.81,156,164.81,0.018
"PROSSER DIVERSION","72h",100,0.01,184.34,175.33,188.93,0.025
"PROSSER DIVERSION","72h",200,0.005,209.89,196.86,216.56,0.031
"PROSSER DIVERSION","72h",500,0.002,249.13,229.1,259.75,0.041
"PROSSER DIVERSION","72h",1000,0.001,283.63,256.83,298.1,0.049
"PROSSER DIVERSION","72h",2000,5e-04,322.95,287.54,342.24,0.057
"PROSSER DIVERSION","72h",5000,2e-04,383.51,333.6,411.07,0.067
"PROSSER DIVERSION","72h",10000,1e-04,436.84,373.12,472.23,0.076
"PETERSON AREA-OCEAN LAKE HABITAT UNIT","24h",2,0.5,30.55,30.32,30.89,0.006
"PETERSON AREA-OCEAN LAKE HABITAT UNIT","24h",5,0.2,42.36,42.13,42.61,0.004
"PETERSON AREA-OCEAN LAKE HABITAT UNIT","24h",10,0.1,50.18,49.61,50.65,0.006
"PETERSON AREA-OCEAN LAKE HABITAT UNIT","24h",25,0.04,60.07,58.66,61.04,0.012
"PETERSON AREA-OCEAN LAKE HABITAT UNIT","24h",50,0.02,67.41,65.21,68.95,0.017
"PETERSON AREA-OCEAN LAKE HABITAT UNIT","24h",100,0.01,74.7,71.55,76.98,0.023
"PETERSON AREA-OCEAN LAKE HABITAT UNIT","24h",200,0.005,81.96,77.68,84.97,0.028
"PETERSON AREA-OCEAN LAKE HABITAT UNIT","24h",500,0.002,91.55,85.37,95.95,0.036
"PETERSON AREA-OCEAN LAKE HABITAT UNIT","24h",1000,0.001,98.8,91.05,104.52,0.041
"PETERSON AREA-OCEAN LAKE HABITAT UNIT","24h",2000,5e-04,106.05,96.62,113.17,0.047
"PETERSON AREA-OCEAN LAKE HABITAT UNIT","24h",5000,2e-04,115.63,103.74,124.78,0.055
"PETERSON AREA-OCEAN LAKE HABITAT UNIT","24h",10000,1e-04,122.88,109.01,133.73,0.061
"PETERSON AREA-OCEAN LAKE HABITAT UNIT","72h",2,0.5,38.42,38.15,38.85,0.006
"PETERSON AREA-OCEAN LAKE HABITAT UNIT","72h",5,0.2,53.66,53.32,54,0.004
"PETERSON AREA-OCEAN LAKE HABITAT UNIT","72h",10,0.1,63.61,62.86,64.24,0.007
"PETERSON AREA-OCEAN LAKE HABITAT UNIT","72h",25,0.04,76.02,74.24,77.19,0.013
"PETERSON AREA-OCEAN LAKE HABITAT UNIT","72h",50,0.02,85.11,82.25,86.92,0.018
"PETERSON AREA-OCEAN LAKE HABITAT UNIT","72h",100,0.01,94.03,89.9,96.68,0.023
"PETERSON AREA-OCEAN LAKE HABITAT UNIT","72h",200,0.005,102.83,97.3,106.48,0.028
"PETERSON AREA-OCEAN LAKE HABITAT UNIT","72h",500,0.002,114.3,106.61,119.6,0.035
"PETERSON AREA-OCEAN LAKE HABITAT UNIT","72h",1000,0.001,122.86,113.32,129.55,0.041
"PETERSON AREA-OCEAN LAKE HABITAT UNIT","72h",2000,5e-04,131.33,119.9,139.44,0.047
"PETERSON AREA-OCEAN LAKE HABITAT UNIT","72h",5000,2e-04,142.39,128.18,152.64,0.054
"PETERSON AREA-OCEAN LAKE HABITAT UNIT","72h",10000,1e-04,150.65,134.19,162.73,0.06
"MARTINEZ","24h",2,0.5,96.2,95.5,97.27,0.006
"MARTINEZ","24h",5,0.2,129.07,128.32,129.91,0.004
"MARTINEZ","24h",10,0.1,151.78,150.14,153.24,0.006
"MARTINEZ","24h",25,0.04,181.6,177.16,184.79,0.013
"MARTINEZ","24h",50,0.02,204.57,197.14,209.59,0.019
"MARTINEZ","24h",100,0.01,228.1,217.12,235.59,0.026
"MARTINEZ","24h",200,0.005,252.3,237.11,262.89,0.033
"MARTINEZ","24h",500,0.002,285.41,263.5,301.22,0.042
"MARTINEZ","24h",1000,0.001,311.37,283.3,331.69,0.049
"MARTINEZ","24h",2000,5e-04,338.14,302.85,363.36,0.057
"MARTINEZ","24h",5000,2e-04,374.84,329.57,408.62,0.067
"MARTINEZ","24h",10000,1e-04,403.63,349.49,445.43,0.075
"MARTINEZ","72h",2,0.5,152.81,151.54,154.83,0.007
"MARTINEZ","72h",5,0.2,213.02,211.73,214.54,0.004
"MARTINEZ","72h",10,0.1,255.34,252.16,257.91,0.007
"MARTINEZ","72h",25,0.04,311.79,302.92,317.8,0.015
"MARTINEZ","72h",50,0.02,355.92,341.55,365.48,0.021
"MARTINEZ","72h",100,0.01,401.72,380.44,415.6,0.028
"MARTINEZ","72h",200,0.005,449.43,419.49,468.82,0.036
"MARTINEZ","72h",500,0.002,515.69,472.54,545.14,0.046
"MARTINEZ","72h",1000,0.001,568.39,512.5,607.42,0.054
"MARTINEZ","72h",2000,5e-04,623.46,552.98,672.25,0.061
"MARTINEZ","72h",5000,2e-04,700.06,607.72,765.32,0.072
"MARTINEZ","72h",10000,1e-04,761.05,648.23,840.11,0.08
"PEC 22.7 HYDRO POWER PLANT","24h",2,0.5,40.89,40.69,41.24,0.004
"PEC 22.7 HYDRO POWER PLANT","24h",5,0.2,53.5,53.29,53.8,0.003
"PEC 22.7 HYDRO POWER PLANT","24h",10,0.1,62.24,61.71,62.69,0.005
"PEC 22.7 HYDRO POWER PLANT","24h",25,0.04,73.75,72.29,74.73,0.01
"PEC 22.7 HYDRO POWER PLANT","24h",50,0.02,82.64,80.17,84.15,0.015
"PEC 22.7 HYDRO POWER PLANT","24h",100,0.01,91.76,88.09,94,0.02
"PEC 22.7 HYDRO POWER PLANT","24h",200,0.005,101.16,96.1,104.3,0.026
"PEC 22.7 HYDRO POWER PLANT","24h",500,0.002,114.07,106.77,118.67,0.033
"PEC 22.7 HYDRO POWER PLANT","24h",1000,0.001,124.21,114.96,130.24,0.039
"PEC 22.7 HYDRO POWER PLANT","24h",2000,5e-04,134.69,123.2,142.4,0.045
"PEC 22.7 HYDRO POWER PLANT","24h",5000,2e-04,149.1,134.14,159.32,0.053
"PEC 22.7 HYDRO POWER PLANT","24h",10000,1e-04,160.43,142.56,172.78,0.059
"PEC 22.7 HYDRO POWER PLANT","72h",2,0.5,57.84,57.57,58.32,0.004
"PEC 22.7 HYDRO POWER PLANT","72h",5,0.2,72.52,72.24,72.88,0.003
"PEC 22.7 HYDRO POWER PLANT","72h",10,0.1,82.79,81.96,83.42,0.005
"PEC 22.7 HYDRO POWER PLANT","72h",25,0.04,97.19,95.31,98.5,0.011
"PEC 22.7 HYDRO POWER PLANT","72h",50,0.02,109.22,106.11,111.26,0.015
"PEC 22.7 HYDRO POWER PLANT","72h",100,0.01,122.54,117.93,125.42,0.021
"PEC 22.7 HYDRO POWER PLANT","72h",200,0.005,137.37,130.78,141.61,0.026
"PEC 22.7 HYDRO POWER PLANT","72h",500,0.002,159.68,149.71,166.01,0.034
"PEC 22.7 HYDRO POWER PLANT","72h",1000,0.001,178.91,165.68,187.11,0.041
"PEC 22.7 HYDRO POWER PLANT","72h",2000,5e-04,200.43,183.23,210.97,0.048
"PEC 22.7 HYDRO POWER PLANT","72h",5000,2e-04,232.91,209.18,247.78,0.057
"PEC 22.7 HYDRO POWER PLANT","72h",10000,1e-04,260.93,231.1,279.94,0.064
"THREE MILES FALLS (DIV.)","24h",2,0.5,35.09,34.91,35.52,0.006
"THREE MILES FALLS (DIV.)","24h",5,0.2,45.27,45.14,45.56,0.003
"THREE MILES FALLS (DIV.)","24h",10,0.1,52.85,52.26,53.3,0.006
"THREE MILES FALLS (DIV.)","24h",25,0.04,64.03,62.38,64.97,0.014
"THREE MILES FALLS (DIV.)","24h",50,0.02,73.83,70.99,75.32,0.02
"THREE MILES FALLS (DIV.)","24h",100,0.01,85.13,80.68,87.39,0.028
"THREE MILES FALLS (DIV.)","24h",200,0.005,98.22,91.59,101.5,0.036
"THREE MILES FALLS (DIV.)","24h",500,0.002,118.86,108.26,124.13,0.047
"THREE MILES FALLS (DIV.)","24h",1000,0.001,137.47,122.95,144.25,0.056
"THREE MILES FALLS (DIV.)","24h",2000,5e-04,159.15,139.61,168.02,0.065
"THREE MILES FALLS (DIV.)","24h",5000,2e-04,193.41,165.48,206.04,0.077
"THREE MILES FALLS (DIV.)","24h",10000,1e-04,224.35,188.2,240.66,0.087
"THREE MILES FALLS (DIV.)","72h",2,0.5,49.91,49.66,50.31,0.004
"THREE MILES FALLS (DIV.)","72h",5,0.2,64.78,64.51,65.09,0.003
"THREE MILES FALLS (DIV.)","72h",10,0.1,74.98,74.3,75.48,0.005
"THREE MILES FALLS (DIV.)","72h",25,0.04,88.27,86.54,89.45,0.011
"THREE MILES FALLS (DIV.)","72h",50,0.02,98.45,95.58,100.38,0.015
"THREE MILES FALLS (DIV.)","72h",100,0.01,108.81,104.6,111.68,0.021
"THREE MILES FALLS (DIV.)","72h",200,0.005,119.41,113.67,123.34,0.026
"THREE MILES FALLS (DIV.)","72h",500,0.002,133.82,125.6,139.45,0.034
"THREE MILES FALLS (DIV.)","72h",1000,0.001,145.04,134.64,152.17,0.04
"THREE MILES FALLS (DIV.)","72h",2000,5e-04,156.56,143.63,165.37,0.046
"THREE MILES FALLS (DIV.)","72h",5000,2e-04,172.24,155.51,183.96,0.054
"THREE MILES FALLS (DIV.)","72h",10000,1e-04,184.46,164.49,198.6,0.06
"BARRETTS DIVERSION","24h",2,0.5,29.86,29.7,30.13,0.005
"BARRETTS DIVERSION","24h",5,0.2,38.58,38.43,38.78,0.003
"BARRETTS DIVERSION","24h",10,0.1,44.69,44.27,45.04,0.005
"BARRETTS DIVERSION","24h",25,0.04,53.25,52.15,53.98,0.011
"BARRETTS DIVERSION","24h",50,0.02,60.42,58.65,61.57,0.015
"BARRETTS DIVERSION","24h",100,0.01,68.36,65.7,70.07,0.02
"BARRETTS DIVERSION","24h",200,0.005,77.2,73.43,79.64,0.026
"BARRETTS DIVERSION","24h",500,0.002,90.52,84.82,94.25,0.033
"BARRETTS DIVERSION","24h",1000,0.001,102.01,94.46,106.95,0.04
"BARRETTS DIVERSION","24h",2000,5e-04,114.88,105.08,121.42,0.046
"BARRETTS DIVERSION","24h",5000,2e-04,134.31,120.72,143.31,0.054
"BARRETTS DIVERSION","24h",10000,1e-04,151.09,133.88,162.61,0.061
"BARRETTS DIVERSION","72h",2,0.5,41.21,41,41.46,0.003
"BARRETTS DIVERSION","72h",5,0.2,53.27,53.03,53.48,0.003
"BARRETTS DIVERSION","72h",10,0.1,60.63,60.13,61.03,0.005
"BARRETTS DIVERSION","72h",25,0.04,69.41,68.4,70.21,0.008
"BARRETTS DIVERSION","72h",50,0.02,75.64,74.16,76.83,0.011
"BARRETTS DIVERSION","72h",100,0.01,81.65,79.66,83.31,0.014
"BARRETTS DIVERSION","72h",200,0.005,87.51,85.04,89.65,0.017
"BARRETTS DIVERSION","72h",500,0.002,95.12,91.88,97.94,0.02
"BARRETTS DIVERSION","72h",1000,0.001,100.8,96.91,104.14,0.022
"BARRETTS DIVERSION","72h",2000,5e-04,106.44,101.87,110.35,0.025
"BARRETTS DIVERSION","72h",5000,2e-04,113.86,108.34,118.64,0.028
"BARRETTS DIVERSION","72h",10000,1e-04,119.48,113.2,124.99,0.03
"CHERRY LAKE WDA-3 DIKE 3","24h",2,0.5,47.7,47.43,48.17,0.005
"CHERRY LAKE WDA-3 DIKE 3","24h",5,0.2,65.06,64.76,65.42,0.003
"CHERRY LAKE WDA-3 DIKE 3","24h",10,0.1,76.91,76.11,77.5,0.006
"CHERRY LAKE WDA-3 DIKE 3","24h",25,0.04,92.3,90.33,93.5,0.011
"CHERRY LAKE WDA-3 DIKE 3","24h",50,0.02,104.03,100.85,106.1,0.016
"CHERRY LAKE WDA-3 DIKE 3","24h",100,0.01,115.94,111.23,118.91,0.021
"CHERRY LAKE WDA-3 DIKE 3","24h",200,0.005,128.08,121.54,132.13,0.027
"CHERRY LAKE WDA-3 DIKE 3","24h",500,0.002,144.52,135.14,150.6,0.034
"CHERRY LAKE WDA-3 DIKE 3","24h",1000,0.001,157.27,145.38,164.9,0.04
"CHERRY LAKE WDA-3 DIKE 3","24h",2000,5e-04,170.31,155.5,179.68,0.046
"CHERRY LAKE WDA-3 DIKE 3","24h",5000,2e-04,188.01,168.98,200.2,0.053
"CHERRY LAKE WDA-3 DIKE 3","24h",10000,1e-04,201.75,179.34,216.39,0.06
"CHERRY LAKE WDA-3 DIKE 3","72h",2,0.5,56.94,56.63,57.48,0.005
"CHERRY LAKE WDA-3 DIKE 3","72h",5,0.2,77.11,76.75,77.52,0.003
"CHERRY LAKE WDA-3 DIKE 3","72h",10,0.1,90.75,89.82,91.44,0.006
"CHERRY LAKE WDA-3 DIKE 3","72h",25,0.04,108.35,106.09,109.75,0.011
"CHERRY LAKE WDA-3 DIKE 3","72h",50,0.02,121.66,118.07,124.03,0.016
"CHERRY LAKE WDA-3 DIKE 3","72h",100,0.01,135.09,129.78,138.52,0.021
"CHERRY LAKE WDA-3 DIKE 3","72h",200,0.005,148.7,141.38,153.29,0.026
"CHERRY LAKE WDA-3 DIKE 3","72h",500,0.002,167,156.56,173.83,0.033
"CHERRY LAKE WDA-3 DIKE 3","72h",1000,0.001,181.09,167.9,189.61,0.039
"CHERRY LAKE WDA-3 DIKE 3","72h",2000,5e-04,195.41,179.02,205.91,0.044
"CHERRY LAKE WDA-3 DIKE 3","72h",5000,2e-04,214.7,193.72,228.3,0.052
"CHERRY LAKE WDA-3 DIKE 3","72h",10000,1e-04,229.58,204.98,245.84,0.057
"MIDDLEMIST","24h",2,0.5,44.94,44.55,45.66,0.008
"MIDDLEMIST","24h",5,0.2,60.52,60.23,60.96,0.004
"MIDDLEMIST","24h",10,0.1,71.81,70.83,72.61,0.008
"MIDDLEMIST","24h",25,0.04,88.08,85.38,89.8,0.016
"MIDDLEMIST","24h",50,0.02,102.06,97.5,104.95,0.024
"MIDDLEMIST","24h",100,0.01,117.88,110.96,122.43,0.032
"MIDDLEMIST","24h",200,0.005,135.9,125.59,142.41,0.04
"MIDDLEMIST","24h",500,0.002,163.72,147.71,173.94,0.052
"MIDDLEMIST","24h",1000,0.001,188.32,166.93,202.03,0.061
"MIDDLEMIST","24h",2000,5e-04,216.48,188.01,234.56,0.071
"MIDDLEMIST","24h",5000,2e-04,260.08,219.61,285.62,0.084
"MIDDLEMIST","24h",10000,1e-04,298.68,246.99,331.87,0.094
"MIDDLEMIST","72h",2,0.5,54.38,53.93,55.13,0.007
"MIDDLEMIST","72h",5,0.2,72.17,71.79,72.64,0.004
"MIDDLEMIST","72h",10,0.1,84.73,83.62,85.62,0.007
"MIDDLEMIST","72h",25,0.04,102.47,99.59,104.37,0.015
"MIDDLEMIST","72h",50,0.02,117.41,112.52,120.61,0.022
"MIDDLEMIST","72h",100,0.01,134.05,126.83,138.98,0.029
"MIDDLEMIST","72h",200,0.005,152.7,142.08,159.74,0.036
"MIDDLEMIST","72h",500,0.002,180.95,165.02,191.65,0.047
"MIDDLEMIST","72h",1000,0.001,205.46,184.48,219.73,0.055
"MIDDLEMIST","72h",2000,5e-04,233.07,205.45,251.75,0.064
"MIDDLEMIST","72h",5000,2e-04,275.03,236.37,301.64,0.076
"MIDDLEMIST","72h",10000,1e-04,311.48,262.63,345.23,0.085
"BRICK FLAT PIT CONTAINMENT","24h",2,0.5,75.4,75.02,76.15,0.005
"BRICK FLAT PIT CONTAINMENT","24h",5,0.2,97.33,96.91,97.85,0.003
"BRICK FLAT PIT CONTAINMENT","24h",10,0.1,112.62,111.46,113.54,0.006
"BRICK FLAT PIT CONTAINMENT","24h",25,0.04,133.97,131.12,135.82,0.012
"BRICK FLAT PIT CONTAINMENT","24h",50,0.02,151.77,146.98,154.64,0.017
"BRICK FLAT PIT CONTAINMENT","24h",100,0.01,171.42,164.09,175.59,0.022
"BRICK FLAT PIT CONTAINMENT","24h",200,0.005,193.25,182.79,199.18,0.028
"BRICK FLAT PIT CONTAINMENT","24h",500,0.002,225.99,210.32,234.72,0.037
"BRICK FLAT PIT CONTAINMENT","24h",1000,0.001,254.12,233.1,265.59,0.043
"BRICK FLAT PIT CONTAINMENT","24h",2000,5e-04,285.54,258.28,300.4,0.05
"BRICK FLAT PIT CONTAINMENT","24h",5000,2e-04,332.82,295.03,353.49,0.06
"BRICK FLAT PIT CONTAINMENT","24h",10000,1e-04,373.49,326.45,399.43,0.067
"BRICK FLAT PIT CONTAINMENT","72h",2,0.5,125.97,125.29,127.02,0.004
"BRICK FLAT PIT CONTAINMENT","72h",5,0.2,170.5,169.68,171.35,0.003
"BRICK FLAT PIT CONTAINMENT","72h",10,0.1,199.53,197.61,200.9,0.005
"BRICK FLAT PIT CONTAINMENT","72h",25,0.04,235.69,231.23,238.72,0.01
"BRICK FLAT PIT CONTAINMENT","72h",50,0.02,262.14,255.18,266.9,0.014
"BRICK FLAT PIT CONTAINMENT","72h",100,0.01,288.1,278.22,294.96,0.019
"BRICK FLAT PIT CONTAINMENT","72h",200,0.005,313.66,300.38,322.88,0.023
"BRICK FLAT PIT CONTAINMENT","72h",500,0.002,346.93,328.17,360.01,0.029
"BRICK FLAT PIT CONTAINMENT","72h",1000,0.001,371.74,348.33,388.19,0.034
"BRICK FLAT PIT CONTAINMENT","72h",2000,5e-04,396.26,367.81,416.43,0.039
"BRICK FLAT PIT CONTAINMENT","72h",5000,2e-04,428.23,392.8,453.53,0.045
"BRICK FLAT PIT CONTAINMENT","72h",10000,1e-04,452.08,410.89,481.9,0.05
"PIPESTONE WILD DEV POND 1","24h",2,0.5,49.6,49.1,50.26,0.007
"PIPESTONE WILD DEV POND 1","24h",5,0.2,68.15,67.68,68.69,0.005
"PIPESTONE WILD DEV POND 1","24h",10,0.1,80.61,79.3,81.71,0.009
"PIPESTONE WILD DEV POND 1","24h",25,0.04,96.53,93.75,98.81,0.016
"PIPESTONE WILD DEV POND 1","24h",50,0.02,108.5,104.27,111.75,0.021
"PIPESTONE WILD DEV POND 1","24h",100,0.01,120.57,114.74,125.1,0.027
"PIPESTONE WILD DEV POND 1","24h",200,0.005,132.83,125.17,138.76,0.032
"PIPESTONE WILD DEV POND 1","24h",500,0.002,149.4,139.31,157.82,0.039
"PIPESTONE WILD DEV POND 1","24h",1000,0.001,162.26,149.97,172.57,0.044
"PIPESTONE WILD DEV POND 1","24h",2000,5e-04,175.45,160.69,187.89,0.049
"PIPESTONE WILD DEV POND 1","24h",5000,2e-04,193.42,175.16,209.13,0.055
"PIPESTONE WILD DEV POND 1","24h",10000,1e-04,207.44,186.13,225.42,0.06
"PIPESTONE WILD DEV POND 1","72h",2,0.5,58.65,58.04,59.42,0.007
"PIPESTONE WILD DEV POND 1","72h",5,0.2,79.25,78.68,79.89,0.005
"PIPESTONE WILD DEV POND 1","72h",10,0.1,93.04,91.69,94.2,0.008
"PIPESTONE WILD DEV POND 1","72h",25,0.04,110.6,107.3,113.31,0.016
"PIPESTONE WILD DEV POND 1","72h",50,0.02,123.75,118.64,128.05,0.023
"PIPESTONE WILD DEV POND 1","72h",100,0.01,136.9,129.47,143.13,0.03
"PIPESTONE WILD DEV POND 1","72h",200,0.005,150.09,139.86,158.62,0.038
"PIPESTONE WILD DEV POND 1","72h",500,0.002,167.65,153.3,180.16,0.049
"PIPESTONE WILD DEV POND 1","72h",1000,0.001,181.03,162.96,197.2,0.057
"PIPESTONE WILD DEV POND 1","72h",2000,5e-04,194.51,172.58,214.8,0.065
"PIPESTONE WILD DEV POND 1","72h",5000,2e-04,212.47,185,238.4,0.076
"PIPESTONE WILD DEV POND 1","72h",10000,1e-04,226.17,193.69,256.78,0.085
"UPPER COTTONWOOD","24h",2,0.5,30.44,30.25,30.76,0.005
"UPPER COTTONWOOD","24h",5,0.2,41.85,41.62,42.07,0.003
"UPPER COTTONWOOD","24h",10,0.1,49.36,48.85,49.74,0.006
"UPPER COTTONWOOD","24h",25,0.04,58.82,57.54,59.61,0.012
"UPPER COTTONWOOD","24h",50,0.02,65.81,63.76,67.12,0.016
"UPPER COTTONWOOD","24h",100,0.01,72.72,69.71,74.67,0.022
"UPPER COTTONWOOD","24h",200,0.005,79.59,75.49,82.33,0.027
"UPPER COTTONWOOD","24h",500,0.002,88.61,82.86,92.54,0.034
"UPPER COTTONWOOD","24h",1000,0.001,95.41,88.18,100.3,0.039
"UPPER COTTONWOOD","24h",2000,5e-04,102.18,93.48,108.05,0.045
"UPPER COTTONWOOD","24h",5000,2e-04,111.09,100.16,118.62,0.052
"UPPER COTTONWOOD","24h",10000,1e-04,117.8,105.05,126.63,0.058
"UPPER COTTONWOOD","72h",2,0.5,38.52,38.22,38.91,0.006
"UPPER COTTONWOOD","72h",5,0.2,53.91,53.59,54.25,0.004
"UPPER COTTONWOOD","72h",10,0.1,63.98,63.29,64.55,0.006
"UPPER COTTONWOOD","72h",25,0.04,76.58,74.91,77.83,0.012
"UPPER COTTONWOOD","72h",50,0.02,85.82,83.22,87.88,0.017
"UPPER COTTONWOOD","72h",100,0.01,94.92,91.18,97.98,0.022
"UPPER COTTONWOOD","72h",200,0.005,103.91,98.86,107.98,0.028
"UPPER COTTONWOOD","72h",500,0.002,115.65,108.65,121.35,0.035
"UPPER COTTONWOOD","72h",1000,0.001,124.43,115.76,131.72,0.04
"UPPER COTTONWOOD","72h",2000,5e-04,133.14,122.62,142.18,0.046
"UPPER COTTONWOOD","72h",5000,2e-04,144.53,131.25,155.86,0.053
"UPPER COTTONWOOD","72h",10000,1e-04,153.06,137.61,166.54,0.059
"LEASBURG DIVERSION","24h",2,0.5,34.28,34.02,34.66,0.006
"LEASBURG DIVERSION","24h",5,0.2,48.71,48.46,48.96,0.003
"LEASBURG DIVERSION","24h",10,0.1,58.46,57.8,58.96,0.006
"LEASBURG DIVERSION","24h",25,0.04,70.97,69.49,72.12,0.012
"LEASBURG DIVERSION","24h",50,0.02,80.41,78.07,82.12,0.016
"LEASBURG DIVERSION","24h",100,0.01,89.94,86.67,92.33,0.02
"LEASBURG DIVERSION","24h",200,0.005,99.65,95.34,102.8,0.024
"LEASBURG DIVERSION","24h",500,0.002,112.8,106.87,117.09,0.029
"LEASBURG DIVERSION","24h",1000,0.001,123.03,115.74,128.3,0.033
"LEASBURG DIVERSION","24h",2000,5e-04,133.54,124.76,139.87,0.036
"LEASBURG DIVERSION","24h",5000,2e-04,147.89,136.94,155.79,0.041
"LEASBURG DIVERSION","24h",10000,1e-04,159.11,146.32,168.4,0.044
"LEASBURG DIVERSION","72h",2,0.5,42.51,42.21,42.96,0.006
"LEASBURG DIVERSION","72h",5,0.2,60.44,60.13,60.82,0.003
"LEASBURG DIVERSION","72h",10,0.1,72.53,71.73,73.19,0.006
"LEASBURG DIVERSION","72h",25,0.04,88.05,86.06,89.52,0.012
"LEASBURG DIVERSION","72h",50,0.02,99.74,96.63,102.11,0.017
"LEASBURG DIVERSION","72h",100,0.01,111.5,106.94,114.87,0.022
"LEASBURG DIVERSION","72h",200,0.005,123.37,117.05,127.84,0.028
"LEASBURG DIVERSION","72h",500,0.002,139.28,130.37,145.66,0.035
"LEASBURG DIVERSION","72h",1000,0.001,151.48,140.41,159.62,0.041
"LEASBURG DIVERSION","72h",2000,5e-04,163.84,150.28,174.06,0.047
"LEASBURG DIVERSION","72h",5000,2e-04,180.43,163,193.74,0.054
"LEASBURG DIVERSION","72h",10000,1e-04,193.16,172.46,209.11,0.06
"PEC 1973 POWER PLANT","24h",2,0.5,35.63,35.47,35.98,0.005
"PEC 1973 POWER PLANT","24h",5,0.2,45.7,45.58,45.95,0.003
"PEC 1973 POWER PLANT","24h",10,0.1,53.1,52.61,53.5,0.005
"PEC 1973 POWER PLANT","24h",25,0.04,63.9,62.54,64.74,0.011
"PEC 1973 POWER PLANT","24h",50,0.02,73.27,71,74.56,0.017
"PEC 1973 POWER PLANT","24h",100,0.01,83.97,80.5,85.93,0.023
"PEC 1973 POWER PLANT","24h",200,0.005,96.28,91.14,99.15,0.03
"PEC 1973 POWER PLANT","24h",500,0.002,115.48,107.3,119.86,0.039
"PEC 1973 POWER PLANT","24h",1000,0.001,132.64,121.42,138.53,0.046
"PEC 1973 POWER PLANT","24h",2000,5e-04,152.45,137.55,160.04,0.054
"PEC 1973 POWER PLANT","24h",5000,2e-04,183.46,162.29,194.49,0.065
"PEC 1973 POWER PLANT","24h",10000,1e-04,211.2,183.74,225.32,0.073
"PEC 1973 POWER PLANT","72h",2,0.5,48.99,48.76,49.3,0.003
"PEC 1973 POWER PLANT","72h",5,0.2,62.77,62.53,63.03,0.002
"PEC 1973 POWER PLANT","72h",10,0.1,71.94,71.38,72.38,0.004
"PEC 1973 POWER PLANT","72h",25,0.04,83.57,82.24,84.57,0.009
"PEC 1973 POWER PLANT","72h",50,0.02,92.24,90.06,93.86,0.013
"PEC 1973 POWER PLANT","72h",100,0.01,100.88,97.72,103.34,0.017
"PEC 1973 POWER PLANT","72h",200,0.005,109.52,105.25,112.95,0.021
"PEC 1973 POWER PLANT","72h",500,0.002,120.97,114.92,125.77,0.027
"PEC 1973 POWER PLANT","72h",1000,0.001,129.66,122.08,135.66,0.032
"PEC 1973 POWER PLANT","72h",2000,5e-04,138.38,129.18,145.72,0.037
"PEC 1973 POWER PLANT","72h",5000,2e-04,149.95,138.35,159.43,0.043
"PEC 1973 POWER PLANT","72h",10000,1e-04,158.74,145.12,170.19,0.048
"INDIAN HILLS WDA S.1130.4","24h",2,0.5,48.02,47.62,48.59,0.006
"INDIAN HILLS WDA S.1130.4","24h",5,0.2,65.96,65.54,66.44,0.004
"INDIAN HILLS WDA S.1130.4","24h",10,0.1,78.25,77.28,79.1,0.007
"INDIAN HILLS WDA S.1130.4","24h",25,0.04,94.29,91.93,96.15,0.014
"INDIAN HILLS WDA S.1130.4","24h",50,0.02,106.56,102.75,109.51,0.021
"INDIAN HILLS WDA S.1130.4","24h",100,0.01,119.06,113.42,123.55,0.027
"INDIAN HILLS WDA S.1130.4","24h",200,0.005,131.85,123.79,137.96,0.034
"INDIAN HILLS WDA S.1130.4","24h",500,0.002,149.23,137.78,158.29,0.044
"INDIAN HILLS WDA S.1130.4","24h",1000,0.001,162.77,148.19,174.22,0.051
"INDIAN HILLS WDA S.1130.4","24h",2000,5e-04,176.65,158.64,190.74,0.059
"INDIAN HILLS WDA S.1130.4","24h",5000,2e-04,195.56,172.26,213.97,0.069
"INDIAN HILLS WDA S.1130.4","24h",10000,1e-04,210.31,182.52,232.48,0.077
"INDIAN HILLS WDA S.1130.4","72h",2,0.5,58.16,57.67,58.79,0.006
"INDIAN HILLS WDA S.1130.4","72h",5,0.2,78.75,78.22,79.31,0.004
"INDIAN HILLS WDA S.1130.4","72h",10,0.1,92.45,91.27,93.54,0.007
"INDIAN HILLS WDA S.1130.4","72h",25,0.04,109.86,107.06,112.07,0.014
"INDIAN HILLS WDA S.1130.4","72h",50,0.02,122.84,118.52,126.48,0.02
"INDIAN HILLS WDA S.1130.4","72h",100,0.01,135.77,129.68,141.24,0.026
"INDIAN HILLS WDA S.1130.4","72h",200,0.005,148.71,140.38,156.31,0.033
"INDIAN HILLS WDA S.1130.4","72h",500,0.002,165.87,154.2,176.24,0.042
"INDIAN HILLS WDA S.1130.4","72h",1000,0.001,178.9,164.33,191.88,0.048
"INDIAN HILLS WDA S.1130.4","72h",2000,5e-04,191.98,174.34,207.87,0.055
"INDIAN HILLS WDA S.1130.4","72h",5000,2e-04,209.34,186.71,229.56,0.065
"INDIAN HILLS WDA S.1130.4","72h",10000,1e-04,222.54,196.2,246.41,0.072
"TERMINAL","24h",2,0.5,103.14,102.45,104.24,0.006
"TERMINAL","24h",5,0.2,138.73,138.08,139.55,0.003
"TERMINAL","24h",10,0.1,163.51,161.76,164.8,0.006
"TERMINAL","24h",25,0.04,196.26,191.47,199.35,0.013
"TERMINAL","24h",50,0.02,221.64,213.82,226.67,0.018
"TERMINAL","24h",100,0.01,247.8,236.3,255.42,0.025
"TERMINAL","24h",200,0.005,274.84,258.64,285.55,0.031
"TERMINAL","24h",500,0.002,312.07,288.49,327.88,0.04
"TERMINAL","24h",1000,0.001,341.45,311.37,361.64,0.047
"TERMINAL","24h",2000,5e-04,371.91,334.62,397.07,0.054
"TERMINAL","24h",5000,2e-04,413.93,365.65,447.01,0.064
"TERMINAL","24h",10000,1e-04,447.11,389.42,487.86,0.071
"TERMINAL","72h",2,0.5,165.84,164.56,167.89,0.006
"TERMINAL","72h",5,0.2,231.82,230.56,233.42,0.004
"TERMINAL","72h",10,0.1,278.65,275.39,281.27,0.007
"TERMINAL","72h",25,0.04,341.65,333.09,347.95,0.014
"TERMINAL","72h",50,0.02,391.33,376.79,401.52,0.02
"TERMINAL","72h",100,0.01,443.26,421.26,458.56,0.026
"TERMINAL","72h",200,0.005,497.73,467.37,519.3,0.033
"TERMINAL","72h",500,0.002,574.02,528.41,605.22,0.043
"TERMINAL","72h",1000,0.001,635.21,576.16,675.89,0.05
"TERMINAL","72h",2000,5e-04,699.6,625.39,750.49,0.058
"TERMINAL","72h",5000,2e-04,789.92,691.49,857.84,0.068
"TERMINAL","72h",10000,1e-04,862.42,743.58,946.68,0.076
"RAINBOW DIVERSION","24h",2,0.5,107.33,106.78,108.15,0.004
"RAINBOW DIVERSION","24h",5,0.2,141.69,141.06,142.34,0.003
"RAINBOW DIVERSION","24h",10,0.1,164.56,163.09,165.64,0.005
"RAINBOW DIVERSION","24h",25,0.04,193.61,190.11,196.13,0.01
"RAINBOW DIVERSION","24h",50,0.02,215.27,209.75,219.3,0.014
"RAINBOW DIVERSION","24h",100,0.01,236.86,228.76,242.67,0.019
"RAINBOW DIVERSION","24h",200,0.005,258.45,247.52,266.4,0.023
"RAINBOW DIVERSION","24h",500,0.002,287.08,271.63,298.08,0.03
"RAINBOW DIVERSION","24h",1000,0.001,308.82,289.51,322.92,0.035
"RAINBOW DIVERSION","24h",2000,5e-04,330.64,306.96,347.98,0.04
"RAINBOW DIVERSION","24h",5000,2e-04,359.62,329.53,381.79,0.047
"RAINBOW DIVERSION","24h",10000,1e-04,381.64,346.28,408.04,0.052
"RAINBOW DIVERSION","72h",2,0.5,179.86,178.75,181.61,0.005
"RAINBOW DIVERSION","72h",5,0.2,247.85,246.77,249.18,0.003
"RAINBOW DIVERSION","72h",10,0.1,295.13,292.1,297.64,0.006
"RAINBOW DIVERSION","72h",25,0.04,357.58,349.95,362.98,0.012
"RAINBOW DIVERSION","72h",50,0.02,405.94,393.26,414.89,0.017
"RAINBOW DIVERSION","72h",100,0.01,455.73,437.07,468.78,0.023
"RAINBOW DIVERSION","72h",200,0.005,507.18,481.6,524.67,0.029
"RAINBOW DIVERSION","72h",500,0.002,577.98,541.15,603.22,0.037
"RAINBOW DIVERSION","72h",1000,0.001,633.78,586.41,666.66,0.043
"RAINBOW DIVERSION","72h",2000,5e-04,691.62,632.25,732.8,0.049
"RAINBOW DIVERSION","72h",5000,2e-04,771.35,693.74,824.66,0.058
"RAINBOW DIVERSION","72h",10000,1e-04,834.23,741.35,899.39,0.064
"SAINT MARYS DIVERSION DAM","24h",2,0.5,46.2,45.87,46.88,0.008
"SAINT MARYS DIVERSION DAM","24h",5,0.2,61.65,61.36,62.08,0.004
"SAINT MARYS DIVERSION DAM","24h",10,0.1,72.87,71.91,73.58,0.007
"SAINT MARYS DIVERSION DAM","24h",25,0.04,89.08,86.48,90.58,0.015
"SAINT MARYS DIVERSION DAM","24h",50,0.02,103.04,98.63,105.42,0.023
"SAINT MARYS DIVERSION DAM","24h",100,0.01,118.86,112.04,122.55,0.03
"SAINT MARYS DIVERSION DAM","24h",200,0.005,136.91,126.89,142.38,0.038
"SAINT MARYS DIVERSION DAM","24h",500,0.002,164.82,149.52,173.29,0.049
"SAINT MARYS DIVERSION DAM","24h",1000,0.001,189.55,168.98,201.01,0.058
"SAINT MARYS DIVERSION DAM","24h",2000,5e-04,217.91,190.27,233.09,0.067
"SAINT MARYS DIVERSION DAM","24h",5000,2e-04,261.9,222.36,283.11,0.08
"SAINT MARYS DIVERSION DAM","24h",10000,1e-04,300.91,250.34,328.3,0.089
"SAINT MARYS DIVERSION DAM","72h",2,0.5,65.58,65.04,66.45,0.007
"SAINT MARYS DIVERSION DAM","72h",5,0.2,91.26,90.71,91.91,0.004
"SAINT MARYS DIVERSION DAM","72h",10,0.1,109.1,107.72,110.19,0.007
"SAINT MARYS DIVERSION DAM","72h",25,0.04,132.64,129.04,135.11,0.015
"SAINT MARYS DIVERSION DAM","72h",50,0.02,150.86,144.8,154.91,0.022
"SAINT MARYS DIVERSION DAM","72h",100,0.01,169.6,160.72,175.79,0.029
"SAINT MARYS DIVERSION DAM","72h",200,0.005,188.95,176.47,197.75,0.036
"SAINT MARYS DIVERSION DAM","72h",500,0.002,215.55,197.36,228.11,0.046
"SAINT MARYS DIVERSION DAM","72h",1000,0.001,236.51,213.32,252.47,0.054
"SAINT MARYS DIVERSION DAM","72h",2000,5e-04,258.21,229.26,278.46,0.062
"SAINT MARYS DIVERSION DAM","72h",5000,2e-04,288.1,250.38,315.48,0.073
"SAINT MARYS DIVERSION DAM","72h",10000,1e-04,311.65,266.45,345.32,0.081
"AMERICAN DIVERSION","24h",2,0.5,33.9,33.61,34.35,0.007
"AMERICAN DIVERSION","24h",5,0.2,48.49,48.23,48.8,0.004
"AMERICAN DIVERSION","24h",10,0.1,58.32,57.57,58.86,0.007
"AMERICAN DIVERSION","24h",25,0.04,70.89,69.17,72.06,0.013
"AMERICAN DIVERSION","24h",50,0.02,80.37,77.64,82.2,0.018
"AMERICAN DIVERSION","24h",100,0.01,89.93,86.04,92.48,0.023
"AMERICAN DIVERSION","24h",200,0.005,99.64,94.49,103.01,0.027
"AMERICAN DIVERSION","24h",500,0.002,112.79,105.79,117.39,0.033
"AMERICAN DIVERSION","24h",1000,0.001,123.01,114.48,128.68,0.037
"AMERICAN DIVERSION","24h",2000,5e-04,133.49,123.28,140.36,0.041
"AMERICAN DIVERSION","24h",5000,2e-04,147.78,135.11,156.46,0.046
"AMERICAN DIVERSION","24h",10000,1e-04,158.95,144.23,169.13,0.05
"AMERICAN DIVERSION","72h",2,0.5,41.15,40.8,41.76,0.008
"AMERICAN DIVERSION","72h",5,0.2,59.89,59.56,60.41,0.004
"AMERICAN DIVERSION","72h",10,0.1,73.08,72.18,73.88,0.007
"AMERICAN DIVERSION","72h",25,0.04,90.7,88.14,92.29,0.015
"AMERICAN DIVERSION","72h",50,0.02,104.48,100.23,107.13,0.022
"AMERICAN DIVERSION","72h",100,0.01,118.8,112.4,122.79,0.03
"AMERICAN DIVERSION","72h",200,0.005,133.72,124.81,139.34,0.037
"AMERICAN DIVERSION","72h",500,0.002,154.47,141.18,162.57,0.048
"AMERICAN DIVERSION","72h",1000,0.001,171,154.07,181.51,0.056
"AMERICAN DIVERSION","72h",2000,5e-04,188.27,166.84,201.9,0.064
"AMERICAN DIVERSION","72h",5000,2e-04,212.33,184,230.66,0.075
"AMERICAN DIVERSION","72h",10000,1e-04,231.51,197.19,253.85,0.084
"ROZA DIVERSION DAM","24h",2,0.5,77.25,76.82,78.03,0.005
"ROZA DIVERSION DAM","24h",5,0.2,103.86,103.44,104.45,0.003
"ROZA DIVERSION DAM","24h",10,0.1,122.55,121.33,123.47,0.006
"ROZA DIVERSION DAM","24h",25,0.04,147.48,144.06,149.51,0.012
"ROZA DIVERSION DAM","24h",50,0.02,166.97,161.45,170.2,0.018
"ROZA DIVERSION DAM","24h",100,0.01,187.2,178.94,192.07,0.023
"ROZA DIVERSION DAM","24h",200,0.005,208.26,196.75,215.3,0.03
"ROZA DIVERSION DAM","24h",500,0.002,237.5,220.7,247.72,0.038
"ROZA DIVERSION DAM","24h",1000,0.001,260.76,239.11,273.77,0.045
"ROZA DIVERSION DAM","24h",2000,5e-04,285.06,257.73,301.46,0.052
"ROZA DIVERSION DAM","24h",5000,2e-04,318.85,283.2,340.69,0.061
"ROZA DIVERSION DAM","24h",10000,1e-04,345.75,302.73,372.37,0.068
"ROZA DIVERSION DAM","72h",2,0.5,127.24,126.44,128.64,0.006
"ROZA DIVERSION DAM","72h",5,0.2,164.79,164.17,165.71,0.003
"ROZA DIVERSION DAM","72h",10,0.1,191.7,189.7,193.38,0.006
"ROZA DIVERSION DAM","72h",25,0.04,230.17,224.85,233.71,0.013
"ROZA DIVERSION DAM","72h",50,0.02,262.93,254,268.43,0.019
"ROZA DIVERSION DAM","72h",100,0.01,299.76,286.04,308.05,0.025
"ROZA DIVERSION DAM","72h",200,0.005,341.43,321.3,353,0.032
"ROZA DIVERSION DAM","72h",500,0.002,405.24,374.15,423.82,0.042
"ROZA DIVERSION DAM","72h",1000,0.001,461.21,419.52,487.06,0.049
"ROZA DIVERSION DAM","72h",2000,5e-04,524.85,470.42,558.99,0.057
"ROZA DIVERSION DAM","72h",5000,2e-04,622.61,545.7,671.82,0.068
"ROZA DIVERSION DAM","72h",10000,1e-04,708.46,610.41,770.68,0.077
"LITTLE HELL CREEK DIVERSION","24h",2,0.5,40.49,39.91,41.36,0.012
"LITTLE HELL CREEK DIVERSION","24h",5,0.2,56.16,55.65,56.87,0.007
"LITTLE HELL CREEK DIVERSION","24h",10,0.1,67.62,66.33,68.71,0.011
"LITTLE HELL CREEK DIVERSION","24h",25,0.04,83.46,79.88,85.78,0.024
"LITTLE HELL CREEK DIVERSION","24h",50,0.02,96.28,90.23,100.52,0.036
"LITTLE HELL CREEK DIVERSION","24h",100,0.01,109.98,100.81,116.76,0.049
"LITTLE HELL CREEK DIVERSION","24h",200,0.005,124.67,111.44,134.91,0.062
"LITTLE HELL CREEK DIVERSION","24h",500,0.002,145.78,125.73,160.86,0.08
"LITTLE HELL CREEK DIVERSION","24h",1000,0.001,163.15,136.86,182.99,0.094
"LITTLE HELL CREEK DIVERSION","24h",2000,5e-04,181.83,148.09,207.27,0.109
"LITTLE HELL CREEK DIVERSION","24h",5000,2e-04,208.71,163.28,243.3,0.129
"LITTLE HELL CREEK DIVERSION","24h",10000,1e-04,230.85,175.13,273.94,0.144
"LITTLE HELL CREEK DIVERSION","72h",2,0.5,53.99,53.23,55.26,0.013
"LITTLE HELL CREEK DIVERSION","72h",5,0.2,76.41,75.72,77.4,0.007
"LITTLE HELL CREEK DIVERSION","72h",10,0.1,92.88,91.04,94.31,0.011
"LITTLE HELL CREEK DIVERSION","72h",25,0.04,115.76,110.77,119.17,0.024
"LITTLE HELL CREEK DIVERSION","72h",50,0.02,134.35,125.92,140.23,0.036
"LITTLE HELL CREEK DIVERSION","72h",100,0.01,154.3,141.13,163.44,0.049
"LITTLE HELL CREEK DIVERSION","72h",200,0.005,175.77,156.57,189.11,0.062
"LITTLE HELL CREEK DIVERSION","72h",500,0.002,206.76,177.32,226.89,0.081
"LITTLE HELL CREEK DIVERSION","72h",1000,0.001,232.36,193.43,258.73,0.095
"LITTLE HELL CREEK DIVERSION","72h",2000,5e-04,260,209.9,294.21,0.11
"LITTLE HELL CREEK DIVERSION","72h",5000,2e-04,299.95,232.52,348.29,0.13
"LITTLE HELL CREEK DIVERSION","72h",10000,1e-04,332.99,250.65,392.44,0.145
"GRAND PRAIRIE IRRIGATION POND DAM","24h",2,0.5,47.4,46.99,47.99,0.007
"GRAND PRAIRIE IRRIGATION POND DAM","24h",5,0.2,60.29,59.87,60.76,0.005
"GRAND PRAIRIE IRRIGATION POND DAM","24h",10,0.1,68.81,67.71,69.68,0.009
"GRAND PRAIRIE IRRIGATION POND DAM","24h",25,0.04,79.59,77.24,81.42,0.017
"GRAND PRAIRIE IRRIGATION POND DAM","24h",50,0.02,87.62,83.99,90.42,0.023
"GRAND PRAIRIE IRRIGATION POND DAM","24h",100,0.01,95.66,90.65,99.6,0.029
"GRAND PRAIRIE IRRIGATION POND DAM","24h",200,0.005,103.77,97.18,108.91,0.035
"GRAND PRAIRIE IRRIGATION POND DAM","24h",500,0.002,114.66,105.76,121.64,0.043
"GRAND PRAIRIE IRRIGATION POND DAM","24h",1000,0.001,123.07,112.38,131.63,0.049
"GRAND PRAIRIE IRRIGATION POND DAM","24h",2000,5e-04,131.65,118.9,141.83,0.055
"GRAND PRAIRIE IRRIGATION POND DAM","24h",5000,2e-04,143.27,127.69,155.82,0.062
"GRAND PRAIRIE IRRIGATION POND DAM","24h",10000,1e-04,152.3,134.29,166.76,0.068
"GRAND PRAIRIE IRRIGATION POND DAM","72h",2,0.5,52.93,52.49,53.5,0.006
"GRAND PRAIRIE IRRIGATION POND DAM","72h",5,0.2,66.91,66.44,67.37,0.004
"GRAND PRAIRIE IRRIGATION POND DAM","72h",10,0.1,75.67,74.51,76.61,0.009
"GRAND PRAIRIE IRRIGATION POND DAM","72h",25,0.04,86.17,83.93,88.02,0.015
"GRAND PRAIRIE IRRIGATION POND DAM","72h",50,0.02,93.61,90.48,96.16,0.019
"GRAND PRAIRIE IRRIGATION POND DAM","72h",100,0.01,100.75,96.7,104.09,0.023
"GRAND PRAIRIE IRRIGATION POND DAM","72h",200,0.005,107.66,102.66,111.82,0.026
"GRAND PRAIRIE IRRIGATION POND DAM","72h",500,0.002,116.52,110.22,121.76,0.031
"GRAND PRAIRIE IRRIGATION POND DAM","72h",1000,0.001,123.07,115.82,129.14,0.034
"GRAND PRAIRIE IRRIGATION POND DAM","72h",2000,5e-04,129.5,121.26,136.39,0.036
"GRAND PRAIRIE IRRIGATION POND DAM","72h",5000,2e-04,137.85,128.21,145.81,0.04
"GRAND PRAIRIE IRRIGATION POND DAM","72h",10000,1e-04,144.07,133.33,152.85,0.042
"POTTERS POND NO 1 (EAST)","24h",2,0.5,30.3,30.1,30.7,0.007
"POTTERS POND NO 1 (EAST)","24h",5,0.2,39.6,39.47,39.85,0.003
"POTTERS POND NO 1 (EAST)","24h",10,0.1,46.45,45.89,46.84,0.007
"POTTERS POND NO 1 (EAST)","24h",25,0.04,56.45,54.86,57.4,0.015
"POTTERS POND NO 1 (EAST)","24h",50,0.02,65.15,62.42,66.69,0.022
"POTTERS POND NO 1 (EAST)","24h",100,0.01,75.1,70.84,77.4,0.03
"POTTERS POND NO 1 (EAST)","24h",200,0.005,86.56,80.4,89.99,0.038
"POTTERS POND NO 1 (EAST)","24h",500,0.002,104.46,94.81,109.7,0.05
"POTTERS POND NO 1 (EAST)","24h",1000,0.001,120.48,107.37,127.61,0.059
"POTTERS POND NO 1 (EAST)","24h",2000,5e-04,139,121.66,148.54,0.068
"POTTERS POND NO 1 (EAST)","24h",5000,2e-04,168.04,143.48,181.71,0.081
"POTTERS POND NO 1 (EAST)","24h",10000,1e-04,194.05,162.48,211.78,0.091
"POTTERS POND NO 1 (EAST)","72h",2,0.5,39.8,39.56,40.29,0.006
"POTTERS POND NO 1 (EAST)","72h",5,0.2,52.03,51.84,52.33,0.003
"POTTERS POND NO 1 (EAST)","72h",10,0.1,61,60.35,61.54,0.006
"POTTERS POND NO 1 (EAST)","72h",25,0.04,74.09,72.25,75.22,0.013
"POTTERS POND NO 1 (EAST)","72h",50,0.02,85.45,82.27,87.32,0.02
"POTTERS POND NO 1 (EAST)","72h",100,0.01,98.43,93.42,101.07,0.027
"POTTERS POND NO 1 (EAST)","72h",200,0.005,113.34,105.99,117.33,0.034
"POTTERS POND NO 1 (EAST)","72h",500,0.002,136.6,124.88,142.84,0.045
"POTTERS POND NO 1 (EAST)","72h",1000,0.001,157.36,141.34,165.8,0.053
"POTTERS POND NO 1 (EAST)","72h",2000,5e-04,181.34,160.04,192.56,0.062
"POTTERS POND NO 1 (EAST)","72h",5000,2e-04,218.85,188.5,235.02,0.073
"POTTERS POND NO 1 (EAST)","72h",10000,1e-04,252.39,213.38,273.58,0.082
"INDIAN HILLS WDA S.850.4","24h",2,0.5,48.02,47.62,48.59,0.006
"INDIAN HILLS WDA S.850.4","24h",5,0.2,65.96,65.54,66.44,0.004
"INDIAN HILLS WDA S.850.4","24h",10,0.1,78.25,77.28,79.1,0.007
"INDIAN HILLS WDA S.850.4","24h",25,0.04,94.29,91.93,96.15,0.014
"INDIAN HILLS WDA S.850.4","24h",50,0.02,106.56,102.75,109.51,0.021
"INDIAN HILLS WDA S.850.4","24h",100,0.01,119.06,113.42,123.55,0.027
"INDIAN HILLS WDA S.850.4","24h",200,0.005,131.85,123.79,137.96,0.034
"INDIAN HILLS WDA S.850.4","24h",500,0.002,149.23,137.78,158.29,0.044
"INDIAN HILLS WDA S.850.4","24h",1000,0.001,162.77,148.19,174.22,0.051
"INDIAN HILLS WDA S.850.4","24h",2000,5e-04,176.65,158.64,190.74,0.059
"INDIAN HILLS WDA S.850.4","24h",5000,2e-04,195.56,172.26,213.97,0.069
"INDIAN HILLS WDA S.850.4","24h",10000,1e-04,210.31,182.52,232.48,0.077
"INDIAN HILLS WDA S.850.4","72h",2,0.5,58.16,57.67,58.79,0.006
"INDIAN HILLS WDA S.850.4","72h",5,0.2,78.75,78.22,79.31,0.004
"INDIAN HILLS WDA S.850.4","72h",10,0.1,92.45,91.27,93.54,0.007
"INDIAN HILLS WDA S.850.4","72h",25,0.04,109.86,107.06,112.07,0.014
"INDIAN HILLS WDA S.850.4","72h",50,0.02,122.84,118.52,126.48,0.02
"INDIAN HILLS WDA S.850.4","72h",100,0.01,135.77,129.68,141.24,0.026
"INDIAN HILLS WDA S.850.4","72h",200,0.005,148.71,140.38,156.31,0.033
"INDIAN HILLS WDA S.850.4","72h",500,0.002,165.87,154.2,176.24,0.042
"INDIAN HILLS WDA S.850.4","72h",1000,0.001,178.9,164.33,191.88,0.048
"INDIAN HILLS WDA S.850.4","72h",2000,5e-04,191.98,174.34,207.87,0.055
"INDIAN HILLS WDA S.850.4","72h",5000,2e-04,209.34,186.71,229.56,0.065
"INDIAN HILLS WDA S.850.4","72h",10000,1e-04,222.54,196.2,246.41,0.072
"CHERRY LAKE WDA-2 DIKE 2","24h",2,0.5,47.7,47.42,48.16,0.005
"CHERRY LAKE WDA-2 DIKE 2","24h",5,0.2,65.06,64.76,65.42,0.003
"CHERRY LAKE WDA-2 DIKE 2","24h",10,0.1,76.91,76.11,77.49,0.006
"CHERRY LAKE WDA-2 DIKE 2","24h",25,0.04,92.3,90.34,93.56,0.011
"CHERRY LAKE WDA-2 DIKE 2","24h",50,0.02,104.03,100.9,106.1,0.016
"CHERRY LAKE WDA-2 DIKE 2","24h",100,0.01,115.94,111.24,118.98,0.021
"CHERRY LAKE WDA-2 DIKE 2","24h",200,0.005,128.08,121.53,132.29,0.027
"CHERRY LAKE WDA-2 DIKE 2","24h",500,0.002,144.52,135.04,150.77,0.034
"CHERRY LAKE WDA-2 DIKE 2","24h",1000,0.001,157.27,145.4,165.09,0.04
"CHERRY LAKE WDA-2 DIKE 2","24h",2000,5e-04,170.31,155.82,179.83,0.046
"CHERRY LAKE WDA-2 DIKE 2","24h",5000,2e-04,188.01,169.4,200.02,0.053
"CHERRY LAKE WDA-2 DIKE 2","24h",10000,1e-04,201.75,179.69,215.99,0.059
"CHERRY LAKE WDA-2 DIKE 2","72h",2,0.5,56.94,56.63,57.46,0.005
"CHERRY LAKE WDA-2 DIKE 2","72h",5,0.2,77.11,76.75,77.53,0.003
"CHERRY LAKE WDA-2 DIKE 2","72h",10,0.1,90.75,89.82,91.43,0.006
"CHERRY LAKE WDA-2 DIKE 2","72h",25,0.04,108.35,106.11,109.82,0.011
"CHERRY LAKE WDA-2 DIKE 2","72h",50,0.02,121.66,118.12,124.04,0.016
"CHERRY LAKE WDA-2 DIKE 2","72h",100,0.01,135.09,129.79,138.6,0.021
"CHERRY LAKE WDA-2 DIKE 2","72h",200,0.005,148.7,141.35,153.46,0.026
"CHERRY LAKE WDA-2 DIKE 2","72h",500,0.002,167,156.42,173.98,0.033
"CHERRY LAKE WDA-2 DIKE 2","72h",1000,0.001,181.09,167.87,189.81,0.038
"CHERRY LAKE WDA-2 DIKE 2","72h",2000,5e-04,195.41,179.35,205.94,0.044
"CHERRY LAKE WDA-2 DIKE 2","72h",5000,2e-04,214.7,194.25,228.05,0.052
"CHERRY LAKE WDA-2 DIKE 2","72h",10000,1e-04,229.58,205.48,245.47,0.057
"KOENIG WILD DEV. AREA #023","24h",2,0.5,47.93,47.58,48.45,0.006
"KOENIG WILD DEV. AREA #023","24h",5,0.2,65.85,65.52,66.18,0.003
"KOENIG WILD DEV. AREA #023","24h",10,0.1,77.89,76.96,78.56,0.007
"KOENIG WILD DEV. AREA #023","24h",25,0.04,93.3,91.22,94.81,0.012
"KOENIG WILD DEV. AREA #023","24h",50,0.02,104.89,101.71,107.16,0.017
"KOENIG WILD DEV. AREA #023","24h",100,0.01,116.59,112.08,119.76,0.021
"KOENIG WILD DEV. AREA #023","24h",200,0.005,128.46,122.6,132.68,0.025
"KOENIG WILD DEV. AREA #023","24h",500,0.002,144.53,136.6,150.32,0.03
"KOENIG WILD DEV. AREA #023","24h",1000,0.001,157.02,147.28,164.1,0.034
"KOENIG WILD DEV. AREA #023","24h",2000,5e-04,169.82,158.06,178.26,0.038
"KOENIG WILD DEV. AREA #023","24h",5000,2e-04,187.27,172.72,197.88,0.042
"KOENIG WILD DEV. AREA #023","24h",10000,1e-04,200.89,184.17,213.36,0.046
"KOENIG WILD DEV. AREA #023","72h",2,0.5,57.18,56.8,57.74,0.005
"KOENIG WILD DEV. AREA #023","72h",5,0.2,77.4,76.99,77.83,0.003
"KOENIG WILD DEV. AREA #023","72h",10,0.1,91.06,90.1,91.81,0.006
"KOENIG WILD DEV. AREA #023","72h",25,0.04,108.65,106.32,110.33,0.012
"KOENIG WILD DEV. AREA #023","72h",50,0.02,121.93,118.14,124.63,0.017
"KOENIG WILD DEV. AREA #023","72h",100,0.01,135.32,129.75,139.3,0.022
"KOENIG WILD DEV. AREA #023","72h",200,0.005,148.87,141.15,154.38,0.028
"KOENIG WILD DEV. AREA #023","72h",500,0.002,167.06,155.96,175.16,0.036
"KOENIG WILD DEV. AREA #023","72h",1000,0.001,181.06,167.28,191.41,0.042
"KOENIG WILD DEV. AREA #023","72h",2000,5e-04,195.26,178.29,208.31,0.048
"KOENIG WILD DEV. AREA #023","72h",5000,2e-04,214.37,192.77,231.56,0.056
"KOENIG WILD DEV. AREA #023","72h",10000,1e-04,229.08,203.42,249.67,0.062
"MESILLA DIVERSION","24h",2,0.5,34.2,33.94,34.62,0.007
"MESILLA DIVERSION","24h",5,0.2,48.74,48.48,49.01,0.003
"MESILLA DIVERSION","24h",10,0.1,58.49,57.75,59.02,0.007
"MESILLA DIVERSION","24h",25,0.04,70.91,69.21,72.11,0.013
"MESILLA DIVERSION","24h",50,0.02,80.25,77.62,82.05,0.018
"MESILLA DIVERSION","24h",100,0.01,89.64,85.98,92.09,0.022
"MESILLA DIVERSION","24h",200,0.005,99.17,94.35,102.34,0.026
"MESILLA DIVERSION","24h",500,0.002,112.05,105.51,116.37,0.031
"MESILLA DIVERSION","24h",1000,0.001,122.03,114,127.37,0.035
"MESILLA DIVERSION","24h",2000,5e-04,132.26,122.64,138.72,0.039
"MESILLA DIVERSION","24h",5000,2e-04,146.18,134.36,154.24,0.044
"MESILLA DIVERSION","24h",10000,1e-04,157.03,143.34,166.2,0.047
"MESILLA DIVERSION","72h",2,0.5,41.73,41.37,42.27,0.007
"MESILLA DIVERSION","72h",5,0.2,60.05,59.74,60.45,0.004
"MESILLA DIVERSION","72h",10,0.1,72.72,71.81,73.36,0.007
"MESILLA DIVERSION","72h",25,0.04,89.38,87.09,90.94,0.014
"MESILLA DIVERSION","72h",50,0.02,102.21,98.44,104.71,0.02
"MESILLA DIVERSION","72h",100,0.01,115.37,109.83,119.19,0.026
"MESILLA DIVERSION","72h",200,0.005,128.91,121.14,134.42,0.032
"MESILLA DIVERSION","72h",500,0.002,147.45,136.11,155.47,0.041
"MESILLA DIVERSION","72h",1000,0.001,162,147.5,172.36,0.048
"MESILLA DIVERSION","72h",2000,5e-04,177.01,159.12,189.97,0.055
"MESILLA DIVERSION","72h",5000,2e-04,197.61,174.64,214.72,0.065
"MESILLA DIVERSION","72h",10000,1e-04,213.78,186.23,234.69,0.072
"ORTEGA","24h",2,0.5,65.63,65.04,66.62,0.008
"ORTEGA","24h",5,0.2,98.6,98.04,99.23,0.004
"ORTEGA","24h",10,0.1,121.18,119.53,122.43,0.008
"ORTEGA","24h",25,0.04,150.44,146.65,153.17,0.014
"ORTEGA","24h",50,0.02,172.71,166.72,176.83,0.019
"ORTEGA","24h",100,0.01,195.37,186.86,201.13,0.024
"ORTEGA","24h",200,0.005,218.56,207.14,225.93,0.029
"ORTEGA","24h",500,0.002,250.19,234.57,260.42,0.034
"ORTEGA","24h",1000,0.001,274.94,255.56,287.65,0.039
"ORTEGA","24h",2000,5e-04,300.48,277.14,315.75,0.043
"ORTEGA","24h",5000,2e-04,335.52,306.35,354.47,0.048
"ORTEGA","24h",10000,1e-04,363.06,329,385.21,0.052
"ORTEGA","72h",2,0.5,89.23,88.26,90.87,0.009
"ORTEGA","72h",5,0.2,144.05,143.19,144.94,0.004
"ORTEGA","72h",10,0.1,181.1,178.32,183.12,0.008
"ORTEGA","72h",25,0.04,227.4,221.41,231.43,0.014
"ORTEGA","72h",50,0.02,261.18,252.58,266.83,0.018
"ORTEGA","72h",100,0.01,294.22,282.67,301.6,0.021
"ORTEGA","72h",200,0.005,326.71,312.28,335.78,0.023
"ORTEGA","72h",500,0.002,368.99,350.68,380.37,0.026
"ORTEGA","72h",1000,0.001,400.58,379.29,413.77,0.028
"ORTEGA","72h",2000,5e-04,431.9,407.58,446.93,0.03
"ORTEGA","72h",5000,2e-04,472.94,444.67,490.67,0.032
"ORTEGA","72h",10000,1e-04,503.76,472.5,523.49,0.033
"KOENIG WILD DEV. AREA #008","24h",2,0.5,47.93,47.59,48.45,0.006
"KOENIG WILD DEV. AREA #008","24h",5,0.2,65.85,65.52,66.18,0.003
"KOENIG WILD DEV. AREA #008","24h",10,0.1,77.89,76.96,78.55,0.007
"KOENIG WILD DEV. AREA #008","24h",25,0.04,93.3,91.22,94.81,0.012
"KOENIG WILD DEV. AREA #008","24h",50,0.02,104.89,101.7,107.25,0.017
"KOENIG WILD DEV. AREA #008","24h",100,0.01,116.59,112.12,119.73,0.021
"KOENIG WILD DEV. AREA #008","24h",200,0.005,128.46,122.66,132.65,0.025
"KOENIG WILD DEV. AREA #008","24h",500,0.002,144.53,136.54,150.27,0.03
"KOENIG WILD DEV. AREA #008","24h",1000,0.001,157.02,147.29,164.07,0.034
"KOENIG WILD DEV. AREA #008","24h",2000,5e-04,169.82,158.06,178.32,0.038
"KOENIG WILD DEV. AREA #008","24h",5000,2e-04,187.27,172.57,197.88,0.043
"KOENIG WILD DEV. AREA #008","24h",10000,1e-04,200.89,183.83,213.27,0.046
"KOENIG WILD DEV. AREA #008","72h",2,0.5,57.18,56.8,57.75,0.005
"KOENIG WILD DEV. AREA #008","72h",5,0.2,77.4,77,77.84,0.003
"KOENIG WILD DEV. AREA #008","72h",10,0.1,91.06,90.09,91.81,0.006
"KOENIG WILD DEV. AREA #008","72h",25,0.04,108.65,106.32,110.33,0.012
"KOENIG WILD DEV. AREA #008","72h",50,0.02,121.93,118.13,124.74,0.017
"KOENIG WILD DEV. AREA #008","72h",100,0.01,135.32,129.75,139.29,0.023
"KOENIG WILD DEV. AREA #008","72h",200,0.005,148.87,141.16,154.38,0.028
"KOENIG WILD DEV. AREA #008","72h",500,0.002,167.06,156.07,175.09,0.036
"KOENIG WILD DEV. AREA #008","72h",1000,0.001,181.06,166.89,191.34,0.042
"KOENIG WILD DEV. AREA #008","72h",2000,5e-04,195.26,177.9,208.08,0.048
"KOENIG WILD DEV. AREA #008","72h",5000,2e-04,214.37,192.39,231.13,0.056
"KOENIG WILD DEV. AREA #008","72h",10000,1e-04,229.08,203.34,249.2,0.063
"EBC 4.6 HYDRO POWER PLANT","24h",2,0.5,36.19,35.99,36.55,0.006
"EBC 4.6 HYDRO POWER PLANT","24h",5,0.2,46.66,46.51,46.89,0.003
"EBC 4.6 HYDRO POWER PLANT","24h",10,0.1,54.37,53.85,54.8,0.005
"EBC 4.6 HYDRO POWER PLANT","24h",25,0.04,65.63,64.2,66.6,0.012
"EBC 4.6 HYDRO POWER PLANT","24h",50,0.02,75.42,73.01,77,0.018
"EBC 4.6 HYDRO POWER PLANT","24h",100,0.01,86.62,82.9,88.98,0.024
"EBC 4.6 HYDRO POWER PLANT","24h",200,0.005,99.5,94.04,102.91,0.031
"EBC 4.6 HYDRO POWER PLANT","24h",500,0.002,119.62,110.98,124.93,0.041
"EBC 4.6 HYDRO POWER PLANT","24h",1000,0.001,137.62,125.83,144.87,0.049
"EBC 4.6 HYDRO POWER PLANT","24h",2000,5e-04,158.43,142.66,168.05,0.057
"EBC 4.6 HYDRO POWER PLANT","24h",5000,2e-04,191.04,168.4,204.62,0.068
"EBC 4.6 HYDRO POWER PLANT","24h",10000,1e-04,220.23,190.83,237.72,0.076
"EBC 4.6 HYDRO POWER PLANT","72h",2,0.5,49.43,49.2,49.74,0.004
"EBC 4.6 HYDRO POWER PLANT","72h",5,0.2,63.62,63.37,63.92,0.003
"EBC 4.6 HYDRO POWER PLANT","72h",10,0.1,73.14,72.54,73.63,0.005
"EBC 4.6 HYDRO POWER PLANT","72h",25,0.04,85.33,84,86.43,0.009
"EBC 4.6 HYDRO POWER PLANT","72h",50,0.02,94.49,92.41,96.13,0.013
"EBC 4.6 HYDRO POWER PLANT","72h",100,0.01,103.68,100.51,106.08,0.018
"EBC 4.6 HYDRO POWER PLANT","72h",200,0.005,112.92,108.54,116.31,0.022
"EBC 4.6 HYDRO POWER PLANT","72h",500,0.002,125.27,119.19,130.06,0.028
"EBC 4.6 HYDRO POWER PLANT","72h",1000,0.001,134.72,127.06,140.81,0.033
"EBC 4.6 HYDRO POWER PLANT","72h",2000,5e-04,144.26,134.8,151.77,0.038
"EBC 4.6 HYDRO POWER PLANT","72h",5000,2e-04,157.02,145,166.82,0.045
"EBC 4.6 HYDRO POWER PLANT","72h",10000,1e-04,166.79,152.62,178.43,0.05
"CARPINTERIA","24h",2,0.5,67.16,66.51,68.16,0.008
"CARPINTERIA","24h",5,0.2,101.07,100.53,101.68,0.004
"CARPINTERIA","24h",10,0.1,124.3,122.65,125.56,0.007
"CARPINTERIA","24h",25,0.04,154.4,150.51,157.26,0.014
"CARPINTERIA","24h",50,0.02,177.31,171.06,181.71,0.019
"CARPINTERIA","24h",100,0.01,200.62,191.76,206.97,0.024
"CARPINTERIA","24h",200,0.005,224.47,212.74,232.6,0.028
"CARPINTERIA","24h",500,0.002,257.01,241.02,267.78,0.034
"CARPINTERIA","24h",1000,0.001,282.48,262.75,295.84,0.038
"CARPINTERIA","24h",2000,5e-04,308.75,284.93,325.17,0.042
"CARPINTERIA","24h",5000,2e-04,344.8,315.02,365.35,0.047
"CARPINTERIA","24h",10000,1e-04,373.12,338.51,397.31,0.051
"CARPINTERIA","72h",2,0.5,89.96,88.88,91.61,0.009
"CARPINTERIA","72h",5,0.2,145.66,144.85,146.46,0.003
"CARPINTERIA","72h",10,0.1,183.46,180.86,185.51,0.008
"CARPINTERIA","72h",25,0.04,230.81,224.84,235.1,0.014
"CARPINTERIA","72h",50,0.02,265.4,256.65,271.35,0.017
"CARPINTERIA","72h",100,0.01,299.26,287.85,306.85,0.02
"CARPINTERIA","72h",200,0.005,332.58,318.23,342.17,0.023
"CARPINTERIA","72h",500,0.002,375.98,357.62,388.41,0.026
"CARPINTERIA","72h",1000,0.001,408.42,386.98,423.05,0.028
"CARPINTERIA","72h",2000,5e-04,440.59,416.02,457.23,0.029
"CARPINTERIA","72h",5000,2e-04,482.77,453.98,502.02,0.031
"CARPINTERIA","72h",10000,1e-04,514.45,482.44,535.86,0.032
"ANOLA","24h",2,0.5,67.02,66.45,67.98,0.007
"ANOLA","24h",5,0.2,100.84,100.36,101.47,0.003
"ANOLA","24h",10,0.1,124.13,122.59,125.3,0.007
"ANOLA","24h",25,0.04,154.43,150.62,157.09,0.013
"ANOLA","24h",50,0.02,177.58,171.69,181.64,0.018
"ANOLA","24h",100,0.01,201.19,192.9,206.94,0.022
"ANOLA","24h",200,0.005,225.4,214.09,232.95,0.027
"ANOLA","24h",500,0.002,258.52,243.04,268.72,0.032
"ANOLA","24h",1000,0.001,284.5,265.26,296.93,0.036
"ANOLA","24h",2000,5e-04,311.35,287.98,326.23,0.04
"ANOLA","24h",5000,2e-04,348.26,319.33,366.82,0.044
"ANOLA","24h",10000,1e-04,377.32,343.51,399.07,0.048
"ANOLA","72h",2,0.5,88.82,87.85,90.34,0.009
"ANOLA","72h",5,0.2,143.55,142.74,144.27,0.003
"ANOLA","72h",10,0.1,180.71,178.11,182.68,0.008
"ANOLA","72h",25,0.04,227.27,221.73,231.29,0.013
"ANOLA","72h",50,0.02,261.29,253.21,266.89,0.017
"ANOLA","72h",100,0.01,294.59,284.05,301.9,0.02
"ANOLA","72h",200,0.005,327.37,314.33,336.46,0.022
"ANOLA","72h",500,0.002,370.06,353.51,381.59,0.025
"ANOLA","72h",1000,0.001,401.97,382.6,415.39,0.027
"ANOLA","72h",2000,5e-04,433.62,411.51,448.96,0.028
"ANOLA","72h",5000,2e-04,475.12,449.17,493.01,0.03
"ANOLA","72h",10000,1e-04,506.29,477.41,526.13,0.031
