"site","site_id","duration","return_period_yr","depth_circular_mm","depth_cluster_mm","band_pct","band_source"
"AGATE DAM","OR00422","24h",2,46.48,46.48,0,"identical_fallback"
"AGATE DAM","OR00422","24h",5,62.41,62.41,0,"identical_fallback"
"AGATE DAM","OR00422","24h",10,73.46,73.46,0,"identical_fallback"
"AGATE DAM","OR00422","24h",25,88.02,88.02,0,"identical_fallback"
"AGATE DAM","OR00422","24h",50,99.28,99.28,0,"identical_fallback"
"AGATE DAM","OR00422","24h",100,110.84,110.84,0,"identical_fallback"
"AGATE DAM","OR00422","24h",200,122.76,122.76,0,"identical_fallback"
"AGATE DAM","OR00422","24h",500,139.13,139.13,0,"identical_fallback"
"AGATE DAM","OR00422","24h",1000,152,152,0,"identical_fallback"
"AGATE DAM","OR00422","24h",2000,165.31,165.31,0,"identical_fallback"
"AGATE DAM","OR00422","24h",5000,183.63,183.63,0,"identical_fallback"
"AGATE DAM","OR00422","24h",10000,198.04,198.04,0,"identical_fallback"
"AGATE DAM","OR00422","72h",2,77.31,77.31,0,"identical_fallback"
"AGATE DAM","OR00422","72h",5,103.01,103.01,0,"identical_fallback"
"AGATE DAM","OR00422","72h",10,120.04,120.04,0,"identical_fallback"
"AGATE DAM","OR00422","72h",25,141.59,141.59,0,"identical_fallback"
"AGATE DAM","OR00422","72h",50,157.59,157.59,0,"identical_fallback"
"AGATE DAM","OR00422","72h",100,173.49,173.49,0,"identical_fallback"
"AGATE DAM","OR00422","72h",200,189.35,189.35,0,"identical_fallback"
"AGATE DAM","OR00422","72h",500,210.29,210.29,0,"identical_fallback"
"AGATE DAM","OR00422","72h",1000,226.14,226.14,0,"identical_fallback"
"AGATE DAM","OR00422","72h",2000,241.99,241.99,0,"identical_fallback"
"AGATE DAM","OR00422","72h",5000,262.96,262.96,0,"identical_fallback"
"AGATE DAM","OR00422","72h",10000,278.84,278.84,0,"identical_fallback"
"AGENCY VALLEY","OR00589","24h",2,24.51,32.61,24.84,"two_method"
"AGENCY VALLEY","OR00589","24h",5,32.59,41.31,21.11,"two_method"
"AGENCY VALLEY","OR00589","24h",10,38.31,47.63,19.57,"two_method"
"AGENCY VALLEY","OR00589","24h",25,45.99,56.76,18.97,"two_method"
"AGENCY VALLEY","OR00589","24h",50,52.03,64.62,19.48,"two_method"
"AGENCY VALLEY","OR00589","24h",100,58.34,73.53,20.66,"two_method"
"AGENCY VALLEY","OR00589","24h",200,64.94,83.71,22.42,"two_method"
"AGENCY VALLEY","OR00589","24h",500,74.16,99.45,25.43,"two_method"
"AGENCY VALLEY","OR00589","24h",1000,81.54,113.4,28.1,"two_method"
"AGENCY VALLEY","OR00589","24h",2000,89.29,129.39,30.99,"two_method"
"AGENCY VALLEY","OR00589","24h",5000,100.14,154.22,35.07,"two_method"
"AGENCY VALLEY","OR00589","24h",10000,108.83,176.24,38.25,"two_method"
"AGENCY VALLEY","OR00589","72h",2,32.91,44.86,26.64,"two_method"
"AGENCY VALLEY","OR00589","72h",5,42.98,57.67,25.47,"two_method"
"AGENCY VALLEY","OR00589","72h",10,49.66,66.4,25.21,"two_method"
"AGENCY VALLEY","OR00589","72h",25,58.12,77.72,25.22,"two_method"
"AGENCY VALLEY","OR00589","72h",50,64.4,86.32,25.39,"two_method"
"AGENCY VALLEY","OR00589","72h",100,70.64,95.05,25.68,"two_method"
"AGENCY VALLEY","OR00589","72h",200,76.87,103.93,26.04,"two_method"
"AGENCY VALLEY","OR00589","72h",500,85.11,115.93,26.59,"two_method"
"AGENCY VALLEY","OR00589","72h",1000,91.34,125.23,27.06,"two_method"
"AGENCY VALLEY","OR00589","72h",2000,97.58,134.71,27.56,"two_method"
"AGENCY VALLEY","OR00589","72h",5000,105.84,147.56,28.27,"two_method"
"AGENCY VALLEY","OR00589","72h",10000,112.1,157.52,28.83,"two_method"
"ALCOVA","WY01290","24h",2,31.17,32.24,3.32,"two_method"
"ALCOVA","WY01290","24h",5,44.18,45.87,3.68,"two_method"
"ALCOVA","WY01290","24h",10,53.43,55.56,3.83,"two_method"
"ALCOVA","WY01290","24h",25,65.89,68.61,3.96,"two_method"
"ALCOVA","WY01290","24h",50,75.73,78.91,4.03,"two_method"
"ALCOVA","WY01290","24h",100,86.03,89.7,4.09,"two_method"
"ALCOVA","WY01290","24h",200,96.84,101.02,4.14,"two_method"
"ALCOVA","WY01290","24h",500,112.01,116.9,4.18,"two_method"
"ALCOVA","WY01290","24h",1000,124.18,129.66,4.23,"two_method"
"ALCOVA","WY01290","24h",2000,137.01,143.1,4.26,"two_method"
"ALCOVA","WY01290","24h",5000,155.03,161.97,4.28,"two_method"
"ALCOVA","WY01290","24h",10000,169.51,177.15,4.31,"two_method"
"ALCOVA","WY01290","72h",2,38.8,40.18,3.43,"two_method"
"ALCOVA","WY01290","72h",5,55.07,57.18,3.69,"two_method"
"ALCOVA","WY01290","72h",10,66.3,68.79,3.62,"two_method"
"ALCOVA","WY01290","72h",25,81.05,83.89,3.39,"two_method"
"ALCOVA","WY01290","72h",50,92.42,95.4,3.12,"two_method"
"ALCOVA","WY01290","72h",100,104.06,107.1,2.84,"two_method"
"ALCOVA","WY01290","72h",200,116.02,119.03,2.53,"two_method"
"ALCOVA","WY01290","72h",500,132.4,135.2,2.07,"two_method"
"ALCOVA","WY01290","72h",1000,145.24,147.75,1.7,"two_method"
"ALCOVA","WY01290","72h",2000,158.48,160.59,1.31,"two_method"
"ALCOVA","WY01290","72h",5000,176.63,178.03,0.79,"two_method"
"ALCOVA","WY01290","72h",10000,190.87,191.57,0.37,"two_method"
"AMERICAN DIVERSION","NM82924","24h",2,33.49,33.26,0.69,"two_method"
"AMERICAN DIVERSION","NM82924","24h",5,47.91,48.4,1.01,"two_method"
"AMERICAN DIVERSION","NM82924","24h",10,57.62,58.98,2.31,"two_method"
"AMERICAN DIVERSION","NM82924","24h",25,70.04,72.87,3.88,"two_method"
"AMERICAN DIVERSION","NM82924","24h",50,79.4,83.58,5,"two_method"
"AMERICAN DIVERSION","NM82924","24h",100,88.85,94.58,6.06,"two_method"
"AMERICAN DIVERSION","NM82924","24h",200,98.45,105.92,7.05,"two_method"
"AMERICAN DIVERSION","NM82924","24h",500,111.44,121.52,8.29,"two_method"
"AMERICAN DIVERSION","NM82924","24h",1000,121.53,133.84,9.2,"two_method"
"AMERICAN DIVERSION","NM82924","24h",2000,131.89,146.62,10.05,"two_method"
"AMERICAN DIVERSION","NM82924","24h",5000,146.02,164.29,11.12,"two_method"
"AMERICAN DIVERSION","NM82924","24h",10000,157.05,178.26,11.9,"two_method"
"AMERICAN DIVERSION","NM82924","72h",2,40.88,40.71,0.42,"two_method"
"AMERICAN DIVERSION","NM82924","72h",5,59.5,59.09,0.69,"two_method"
"AMERICAN DIVERSION","NM82924","72h",10,72.6,72.13,0.65,"two_method"
"AMERICAN DIVERSION","NM82924","72h",25,90.1,89.69,0.46,"two_method"
"AMERICAN DIVERSION","NM82924","72h",50,103.79,103.54,0.24,"two_method"
"AMERICAN DIVERSION","NM82924","72h",100,118.02,118.02,0,"two_method"
"AMERICAN DIVERSION","NM82924","72h",200,132.84,133.22,0.29,"two_method"
"AMERICAN DIVERSION","NM82924","72h",500,153.46,154.5,0.67,"two_method"
"AMERICAN DIVERSION","NM82924","72h",1000,169.87,171.57,0.99,"two_method"
"AMERICAN DIVERSION","NM82924","72h",2000,187.04,189.54,1.32,"two_method"
"AMERICAN DIVERSION","NM82924","72h",5000,210.94,214.76,1.78,"two_method"
"AMERICAN DIVERSION","NM82924","72h",10000,229.98,235,2.14,"two_method"
"ANCHOR","WY01298","24h",2,32.5,36.59,11.18,"two_method"
"ANCHOR","WY01298","24h",5,45.36,51.54,11.99,"two_method"
"ANCHOR","WY01298","24h",10,54.04,61.7,12.41,"two_method"
"ANCHOR","WY01298","24h",25,65.2,74.84,12.88,"two_method"
"ANCHOR","WY01298","24h",50,73.62,84.8,13.18,"two_method"
"ANCHOR","WY01298","24h",100,82.09,94.88,13.48,"two_method"
"ANCHOR","WY01298","24h",200,90.66,105.12,13.76,"two_method"
"ANCHOR","WY01298","24h",500,102.14,118.92,14.11,"two_method"
"ANCHOR","WY01298","24h",1000,110.97,129.58,14.36,"two_method"
"ANCHOR","WY01298","24h",2000,119.92,140.44,14.61,"two_method"
"ANCHOR","WY01298","24h",5000,131.94,155.12,14.94,"two_method"
"ANCHOR","WY01298","24h",10000,141.18,166.46,15.19,"two_method"
"ANCHOR","WY01298","72h",2,42.36,48.53,12.71,"two_method"
"ANCHOR","WY01298","72h",5,59.59,68.97,13.6,"two_method"
"ANCHOR","WY01298","72h",10,70.98,82.37,13.83,"two_method"
"ANCHOR","WY01298","72h",25,85.35,99.19,13.95,"two_method"
"ANCHOR","WY01298","72h",50,96,111.66,14.02,"two_method"
"ANCHOR","WY01298","72h",100,106.56,124.09,14.13,"two_method"
"ANCHOR","WY01298","72h",200,117.06,136.58,14.29,"two_method"
"ANCHOR","WY01298","72h",500,130.9,153.3,14.61,"two_method"
"ANCHOR","WY01298","72h",1000,141.34,166.15,14.93,"two_method"
"ANCHOR","WY01298","72h",2000,151.77,179.22,15.32,"two_method"
"ANCHOR","WY01298","72h",5000,165.53,196.88,15.92,"two_method"
"ANCHOR","WY01298","72h",10000,175.93,210.55,16.44,"two_method"
"ANDERSON-ROSE DIV.","OR00585","24h",2,46.76,28.59,38.86,"two_method"
"ANDERSON-ROSE DIV.","OR00585","24h",5,61.25,38.41,37.29,"two_method"
"ANDERSON-ROSE DIV.","OR00585","24h",10,71.82,45.34,36.87,"two_method"
"ANDERSON-ROSE DIV.","OR00585","24h",25,87.18,54.64,37.33,"two_method"
"ANDERSON-ROSE DIV.","OR00585","24h",50,100.45,61.94,38.34,"two_method"
"ANDERSON-ROSE DIV.","OR00585","24h",100,115.55,69.54,39.82,"two_method"
"ANDERSON-ROSE DIV.","OR00585","24h",200,132.84,77.49,41.67,"two_method"
"ANDERSON-ROSE DIV.","OR00585","24h",500,159.69,88.59,44.52,"two_method"
"ANDERSON-ROSE DIV.","OR00585","24h",1000,183.57,97.45,46.91,"two_method"
"ANDERSON-ROSE DIV.","OR00585","24h",2000,211.06,106.74,49.43,"two_method"
"ANDERSON-ROSE DIV.","OR00585","24h",5000,253.87,119.73,52.84,"two_method"
"ANDERSON-ROSE DIV.","OR00585","24h",10000,291.99,130.12,55.44,"two_method"
"ANDERSON-ROSE DIV.","OR00585","72h",2,75.02,41.9,44.15,"two_method"
"ANDERSON-ROSE DIV.","OR00585","72h",5,98.06,56.53,42.35,"two_method"
"ANDERSON-ROSE DIV.","OR00585","72h",10,114.69,67.55,41.1,"two_method"
"ANDERSON-ROSE DIV.","OR00585","72h",25,138.62,83.97,39.42,"two_method"
"ANDERSON-ROSE DIV.","OR00585","72h",50,159.12,98.49,38.1,"two_method"
"ANDERSON-ROSE DIV.","OR00585","72h",100,182.28,115.37,36.71,"two_method"
"ANDERSON-ROSE DIV.","OR00585","72h",200,208.61,135.08,35.25,"two_method"
"ANDERSON-ROSE DIV.","OR00585","72h",500,249.17,166.41,33.21,"two_method"
"ANDERSON-ROSE DIV.","OR00585","72h",1000,284.94,194.92,31.59,"two_method"
"ANDERSON-ROSE DIV.","OR00585","72h",2000,325.82,228.39,29.9,"two_method"
"ANDERSON-ROSE DIV.","OR00585","72h",5000,388.96,281.74,27.57,"two_method"
"ANDERSON-ROSE DIV.","OR00585","72h",10000,444.73,330.35,25.72,"two_method"
"ANDERSON RANCH","ID00279","24h",2,33.08,35.49,6.79,"two_method"
"ANDERSON RANCH","ID00279","24h",5,43.55,45.4,4.07,"two_method"
"ANDERSON RANCH","ID00279","24h",10,50.64,52.02,2.65,"two_method"
"ANDERSON RANCH","ID00279","24h",25,59.77,60.47,1.16,"two_method"
"ANDERSON RANCH","ID00279","24h",50,66.69,66.79,0.15,"two_method"
"ANDERSON RANCH","ID00279","24h",100,73.67,73.11,0.76,"two_method"
"ANDERSON RANCH","ID00279","24h",200,80.74,79.45,1.6,"two_method"
"ANDERSON RANCH","ID00279","24h",500,90.24,87.88,2.62,"two_method"
"ANDERSON RANCH","ID00279","24h",1000,97.56,94.31,3.33,"two_method"
"ANDERSON RANCH","ID00279","24h",2000,105,100.78,4.02,"two_method"
"ANDERSON RANCH","ID00279","24h",5000,115.03,109.4,4.89,"two_method"
"ANDERSON RANCH","ID00279","24h",10000,122.76,115.98,5.52,"two_method"
"ANDERSON RANCH","ID00279","72h",2,49.93,49.41,1.04,"two_method"
"ANDERSON RANCH","ID00279","72h",5,65.84,65.04,1.22,"two_method"
"ANDERSON RANCH","ID00279","72h",10,76.52,75.68,1.1,"two_method"
"ANDERSON RANCH","ID00279","72h",25,90.19,89.45,0.82,"two_method"
"ANDERSON RANCH","ID00279","72h",50,100.45,99.92,0.53,"two_method"
"ANDERSON RANCH","ID00279","72h",100,110.75,110.52,0.21,"two_method"
"ANDERSON RANCH","ID00279","72h",200,121.11,121.3,0.16,"two_method"
"ANDERSON RANCH","ID00279","72h",500,134.95,135.86,0.67,"two_method"
"ANDERSON RANCH","ID00279","72h",1000,145.53,147.12,1.08,"two_method"
"ANDERSON RANCH","ID00279","72h",2000,156.22,158.61,1.51,"two_method"
"ANDERSON RANCH","ID00279","72h",5000,170.52,174.16,2.09,"two_method"
"ANDERSON RANCH","ID00279","72h",10000,181.47,186.2,2.54,"two_method"
"ANITA","MT00567","24h",2,34.8,35.62,2.3,"two_method"
"ANITA","MT00567","24h",5,49.31,50.55,2.45,"two_method"
"ANITA","MT00567","24h",10,59.45,60.95,2.46,"two_method"
"ANITA","MT00567","24h",25,72.77,74.57,2.41,"two_method"
"ANITA","MT00567","24h",50,83.04,85.04,2.35,"two_method"
"ANITA","MT00567","24h",100,93.57,95.78,2.31,"two_method"
"ANITA","MT00567","24h",200,104.44,106.83,2.24,"two_method"
"ANITA","MT00567","24h",500,119.4,122.02,2.15,"two_method"
"ANITA","MT00567","24h",1000,131.2,133.99,2.08,"two_method"
"ANITA","MT00567","24h",2000,143.46,146.4,2.01,"two_method"
"ANITA","MT00567","24h",5000,160.39,163.53,1.92,"two_method"
"ANITA","MT00567","24h",10000,173.78,177.06,1.85,"two_method"
"ANITA","MT00567","72h",2,44.61,45.93,2.87,"two_method"
"ANITA","MT00567","72h",5,62.81,64.89,3.21,"two_method"
"ANITA","MT00567","72h",10,75.49,78.25,3.53,"two_method"
"ANITA","MT00567","72h",25,92.29,96.09,3.95,"two_method"
"ANITA","MT00567","72h",50,105.32,110.07,4.32,"two_method"
"ANITA","MT00567","72h",100,118.77,124.6,4.68,"two_method"
"ANITA","MT00567","72h",200,132.7,139.76,5.05,"two_method"
"ANITA","MT00567","72h",500,151.9,160.85,5.56,"two_method"
"ANITA","MT00567","72h",1000,167.07,177.66,5.96,"two_method"
"ANITA","MT00567","72h",2000,182.82,195.25,6.37,"two_method"
"ANITA","MT00567","72h",5000,204.58,219.77,6.91,"two_method"
"ANITA","MT00567","72h",10000,221.79,239.32,7.32,"two_method"
"ANOLA","CA00732","24h",2,49.84,49.84,0,"identical_fallback"
"ANOLA","CA00732","24h",5,74.99,74.99,0,"identical_fallback"
"ANOLA","CA00732","24h",10,92.32,92.32,0,"identical_fallback"
"ANOLA","CA00732","24h",25,114.85,114.85,0,"identical_fallback"
"ANOLA","CA00732","24h",50,132.07,132.07,0,"identical_fallback"
"ANOLA","CA00732","24h",100,149.63,149.63,0,"identical_fallback"
"ANOLA","CA00732","24h",200,167.63,167.63,0,"identical_fallback"
"ANOLA","CA00732","24h",500,192.26,192.26,0,"identical_fallback"
"ANOLA","CA00732","24h",1000,211.58,211.58,0,"identical_fallback"
"ANOLA","CA00732","24h",2000,231.55,231.55,0,"identical_fallback"
"ANOLA","CA00732","24h",5000,259,259,0,"identical_fallback"
"ANOLA","CA00732","24h",10000,280.61,280.61,0,"identical_fallback"
"ANOLA","CA00732","72h",2,61.5,61.5,0,"identical_fallback"
"ANOLA","CA00732","72h",5,99.39,99.39,0,"identical_fallback"
"ANOLA","CA00732","72h",10,125.12,125.12,0,"identical_fallback"
"ANOLA","CA00732","72h",25,157.36,157.36,0,"identical_fallback"
"ANOLA","CA00732","72h",50,180.91,180.91,0,"identical_fallback"
"ANOLA","CA00732","72h",100,203.98,203.98,0,"identical_fallback"
"ANOLA","CA00732","72h",200,226.67,226.67,0,"identical_fallback"
"ANOLA","CA00732","72h",500,256.23,256.23,0,"identical_fallback"
"ANOLA","CA00732","72h",1000,278.32,278.32,0,"identical_fallback"
"ANOLA","CA00732","72h",2000,300.24,300.24,0,"identical_fallback"
"ANOLA","CA00732","72h",5000,328.97,328.97,0,"identical_fallback"
"ANOLA","CA00732","72h",10000,350.55,350.55,0,"identical_fallback"
"ANTILON LAKE DAM","WA00081","24h",2,66.62,48.67,26.94,"two_method"
"ANTILON LAKE DAM","WA00081","24h",5,88.51,63.07,28.74,"two_method"
"ANTILON LAKE DAM","WA00081","24h",10,103.48,73.17,29.29,"two_method"
"ANTILON LAKE DAM","WA00081","24h",25,122.93,86.61,29.55,"two_method"
"ANTILON LAKE DAM","WA00081","24h",50,137.77,97.11,29.51,"two_method"
"ANTILON LAKE DAM","WA00081","24h",100,152.86,107.98,29.36,"two_method"
"ANTILON LAKE DAM","WA00081","24h",200,168.25,119.3,29.09,"two_method"
"ANTILON LAKE DAM","WA00081","24h",500,189.11,134.99,28.62,"two_method"
"ANTILON LAKE DAM","WA00081","24h",1000,205.31,147.45,28.18,"two_method"
"ANTILON LAKE DAM","WA00081","24h",2000,221.89,160.45,27.69,"two_method"
"ANTILON LAKE DAM","WA00081","24h",5000,244.42,178.51,26.97,"two_method"
"ANTILON LAKE DAM","WA00081","24h",10000,261.92,192.87,26.36,"two_method"
"ANTILON LAKE DAM","WA00081","72h",2,100.88,106.07,4.89,"two_method"
"ANTILON LAKE DAM","WA00081","72h",5,133.09,134.77,1.25,"two_method"
"ANTILON LAKE DAM","WA00081","72h",10,154.79,153.74,0.68,"two_method"
"ANTILON LAKE DAM","WA00081","72h",25,182.66,177.69,2.72,"two_method"
"ANTILON LAKE DAM","WA00081","72h",50,203.65,195.43,4.04,"two_method"
"ANTILON LAKE DAM","WA00081","72h",100,224.75,213.02,5.22,"two_method"
"ANTILON LAKE DAM","WA00081","72h",200,246.06,230.54,6.31,"two_method"
"ANTILON LAKE DAM","WA00081","72h",500,274.6,253.62,7.64,"two_method"
"ANTILON LAKE DAM","WA00081","72h",1000,296.49,271.04,8.58,"two_method"
"ANTILON LAKE DAM","WA00081","72h",2000,318.66,288.43,9.49,"two_method"
"ANTILON LAKE DAM","WA00081","72h",5000,348.4,311.4,10.62,"two_method"
"ANTILON LAKE DAM","WA00081","72h",10000,371.24,328.76,11.44,"two_method"
"ARTHUR R. BOWMAN","OR00579","24h",2,32.96,78.25,57.88,"two_method"
"ARTHUR R. BOWMAN","OR00579","24h",5,45.09,103.48,56.43,"two_method"
"ARTHUR R. BOWMAN","OR00579","24h",10,53.44,120.47,55.64,"two_method"
"ARTHUR R. BOWMAN","OR00579","24h",25,64.31,142.26,54.79,"two_method"
"ARTHUR R. BOWMAN","OR00579","24h",50,72.62,158.66,54.23,"two_method"
"ARTHUR R. BOWMAN","OR00579","24h",100,81.09,175.16,53.71,"two_method"
"ARTHUR R. BOWMAN","OR00579","24h",200,89.78,191.79,53.19,"two_method"
"ARTHUR R. BOWMAN","OR00579","24h",500,101.66,214.06,52.51,"two_method"
"ARTHUR R. BOWMAN","OR00579","24h",1000,110.99,231.14,51.98,"two_method"
"ARTHUR R. BOWMAN","OR00579","24h",2000,120.62,248.42,51.45,"two_method"
"ARTHUR R. BOWMAN","OR00579","24h",5000,133.87,271.6,50.71,"two_method"
"ARTHUR R. BOWMAN","OR00579","24h",10000,144.3,289.38,50.13,"two_method"
"ARTHUR R. BOWMAN","OR00579","72h",2,44.66,115.94,61.48,"two_method"
"ARTHUR R. BOWMAN","OR00579","72h",5,59.41,149.04,60.14,"two_method"
"ARTHUR R. BOWMAN","OR00579","72h",10,70.47,172.8,59.22,"two_method"
"ARTHUR R. BOWMAN","OR00579","72h",25,86.89,206.8,57.98,"two_method"
"ARTHUR R. BOWMAN","OR00579","72h",50,101.38,235.79,57,"two_method"
"ARTHUR R. BOWMAN","OR00579","72h",100,118.15,268.42,55.98,"two_method"
"ARTHUR R. BOWMAN","OR00579","72h",200,137.7,305.35,54.9,"two_method"
"ARTHUR R. BOWMAN","OR00579","72h",500,168.68,361.99,53.4,"two_method"
"ARTHUR R. BOWMAN","OR00579","72h",1000,196.78,411.71,52.2,"two_method"
"ARTHUR R. BOWMAN","OR00579","72h",2000,229.68,468.3,50.95,"two_method"
"ARTHUR R. BOWMAN","OR00579","72h",5000,281.96,555.32,49.23,"two_method"
"ARTHUR R. BOWMAN","OR00579","72h",10000,329.45,631.83,47.86,"two_method"
"AVALON","NM00132","24h",2,48.55,46.74,3.73,"two_method"
"AVALON","NM00132","24h",5,70.72,68.37,3.32,"two_method"
"AVALON","NM00132","24h",10,86.15,83.27,3.34,"two_method"
"AVALON","NM00132","24h",25,106.52,102.82,3.47,"two_method"
"AVALON","NM00132","24h",50,122.3,117.85,3.64,"two_method"
"AVALON","NM00132","24h",100,138.55,133.22,3.85,"two_method"
"AVALON","NM00132","24h",200,155.34,149.01,4.07,"two_method"
"AVALON","NM00132","24h",500,178.44,170.58,4.4,"two_method"
"AVALON","NM00132","24h",1000,196.66,187.46,4.68,"two_method"
"AVALON","NM00132","24h",2000,215.54,204.84,4.96,"two_method"
"AVALON","NM00132","24h",5000,241.56,228.64,5.35,"two_method"
"AVALON","NM00132","24h",10000,262.1,247.28,5.65,"two_method"
"AVALON","NM00132","72h",2,56.76,54.96,3.17,"two_method"
"AVALON","NM00132","72h",5,85.17,84.21,1.13,"two_method"
"AVALON","NM00132","72h",10,106.13,104.97,1.09,"two_method"
"AVALON","NM00132","72h",25,135.32,132.55,2.05,"two_method"
"AVALON","NM00132","72h",50,159.14,154.01,3.22,"two_method"
"AVALON","NM00132","72h",100,184.76,176.19,4.64,"two_method"
"AVALON","NM00132","72h",200,212.42,199.23,6.21,"two_method"
"AVALON","NM00132","72h",500,252.47,231.14,8.45,"two_method"
"AVALON","NM00132","72h",1000,285.67,256.48,10.22,"two_method"
"AVALON","NM00132","72h",2000,321.61,282.93,12.03,"two_method"
"AVALON","NM00132","72h",5000,373.73,319.68,14.46,"two_method"
"AVALON","NM00132","72h",10000,416.97,348.91,16.32,"two_method"
"B. F. SISK","CA10183","24h",2,67.55,67.55,0,"identical_fallback"
"B. F. SISK","CA10183","24h",5,91.18,91.18,0,"identical_fallback"
"B. F. SISK","CA10183","24h",10,107.73,107.73,0,"identical_fallback"
"B. F. SISK","CA10183","24h",25,129.74,129.74,0,"identical_fallback"
"B. F. SISK","CA10183","24h",50,146.89,146.89,0,"identical_fallback"
"B. F. SISK","CA10183","24h",100,164.65,164.65,0,"identical_fallback"
"B. F. SISK","CA10183","24h",200,183.1,183.1,0,"identical_fallback"
"B. F. SISK","CA10183","24h",500,208.64,208.64,0,"identical_fallback"
"B. F. SISK","CA10183","24h",1000,228.91,228.91,0,"identical_fallback"
"B. F. SISK","CA10183","24h",2000,250.03,250.03,0,"identical_fallback"
"B. F. SISK","CA10183","24h",5000,279.32,279.32,0,"identical_fallback"
"B. F. SISK","CA10183","24h",10000,302.57,302.57,0,"identical_fallback"
"B. F. SISK","CA10183","72h",2,103.62,103.62,0,"identical_fallback"
"B. F. SISK","CA10183","72h",5,145.96,145.96,0,"identical_fallback"
"B. F. SISK","CA10183","72h",10,176.19,176.19,0,"identical_fallback"
"B. F. SISK","CA10183","72h",25,217.1,217.1,0,"identical_fallback"
"B. F. SISK","CA10183","72h",50,249.53,249.53,0,"identical_fallback"
"B. F. SISK","CA10183","72h",100,283.59,283.59,0,"identical_fallback"
"B. F. SISK","CA10183","72h",200,319.49,319.49,0,"identical_fallback"
"B. F. SISK","CA10183","72h",500,370.03,370.03,0,"identical_fallback"
"B. F. SISK","CA10183","72h",1000,410.79,410.79,0,"identical_fallback"
"B. F. SISK","CA10183","72h",2000,453.87,453.87,0,"identical_fallback"
"B. F. SISK","CA10183","72h",5000,514.64,514.64,0,"identical_fallback"
"B. F. SISK","CA10183","72h",10000,563.67,563.67,0,"identical_fallback"
"BARRETTS DIVERSION","MT82919","24h",2,27.51,31.52,12.72,"two_method"
"BARRETTS DIVERSION","MT82919","24h",5,35.54,42.26,15.9,"two_method"
"BARRETTS DIVERSION","MT82919","24h",10,41.17,49.52,16.86,"two_method"
"BARRETTS DIVERSION","MT82919","24h",25,49.06,58.87,16.66,"two_method"
"BARRETTS DIVERSION","MT82919","24h",50,55.66,65.94,15.59,"two_method"
"BARRETTS DIVERSION","MT82919","24h",100,62.97,73.06,13.81,"two_method"
"BARRETTS DIVERSION","MT82919","24h",200,71.12,80.26,11.39,"two_method"
"BARRETTS DIVERSION","MT82919","24h",500,83.39,89.94,7.28,"two_method"
"BARRETTS DIVERSION","MT82919","24h",1000,93.97,97.38,3.5,"two_method"
"BARRETTS DIVERSION","MT82919","24h",2000,105.83,104.94,0.84,"two_method"
"BARRETTS DIVERSION","MT82919","24h",5000,123.73,115.11,6.97,"two_method"
"BARRETTS DIVERSION","MT82919","24h",10000,139.19,122.94,11.67,"two_method"
"BARRETTS DIVERSION","MT82919","72h",2,36.72,42.76,14.13,"two_method"
"BARRETTS DIVERSION","MT82919","72h",5,47.47,57.04,16.78,"two_method"
"BARRETTS DIVERSION","MT82919","72h",10,54.03,66.58,18.85,"two_method"
"BARRETTS DIVERSION","MT82919","72h",25,61.85,78.72,21.43,"two_method"
"BARRETTS DIVERSION","MT82919","72h",50,67.4,87.79,23.23,"two_method"
"BARRETTS DIVERSION","MT82919","72h",100,72.76,96.85,24.87,"two_method"
"BARRETTS DIVERSION","MT82919","72h",200,77.98,105.93,26.39,"two_method"
"BARRETTS DIVERSION","MT82919","72h",500,84.76,117.99,28.16,"two_method"
"BARRETTS DIVERSION","MT82919","72h",1000,89.82,127.18,29.38,"two_method"
"BARRETTS DIVERSION","MT82919","72h",2000,94.85,136.41,30.47,"two_method"
"BARRETTS DIVERSION","MT82919","72h",5000,101.47,148.71,31.77,"two_method"
"BARRETTS DIVERSION","MT82919","72h",10000,106.47,158.07,32.64,"two_method"
"BARTLETT","AZ10308","24h",2,43.15,42.75,0.93,"two_method"
"BARTLETT","AZ10308","24h",5,58.41,59.71,2.18,"two_method"
"BARTLETT","AZ10308","24h",10,68.64,70.24,2.28,"two_method"
"BARTLETT","AZ10308","24h",25,81.7,82.79,1.32,"two_method"
"BARTLETT","AZ10308","24h",50,91.49,91.64,0.16,"two_method"
"BARTLETT","AZ10308","24h",100,101.29,100.12,1.16,"two_method"
"BARTLETT","AZ10308","24h",200,111.15,108.31,2.56,"two_method"
"BARTLETT","AZ10308","24h",500,124.28,118.79,4.42,"two_method"
"BARTLETT","AZ10308","24h",1000,134.31,126.51,5.81,"two_method"
"BARTLETT","AZ10308","24h",2000,144.42,134.09,7.15,"two_method"
"BARTLETT","AZ10308","24h",5000,157.91,143.93,8.85,"two_method"
"BARTLETT","AZ10308","24h",10000,168.23,151.24,10.1,"two_method"
"BARTLETT","AZ10308","72h",2,55.89,52.07,6.83,"two_method"
"BARTLETT","AZ10308","72h",5,77.55,76.45,1.42,"two_method"
"BARTLETT","AZ10308","72h",10,92.62,94.2,1.68,"two_method"
"BARTLETT","AZ10308","72h",25,112.53,118.63,5.14,"two_method"
"BARTLETT","AZ10308","72h",50,127.97,138.33,7.49,"two_method"
"BARTLETT","AZ10308","72h",100,143.87,159.31,9.69,"two_method"
"BARTLETT","AZ10308","72h",200,160.3,181.74,11.8,"two_method"
"BARTLETT","AZ10308","72h",500,182.93,213.85,14.46,"two_method"
"BARTLETT","AZ10308","72h",1000,200.77,240.17,16.41,"two_method"
"BARTLETT","AZ10308","72h",2000,219.28,268.38,18.29,"two_method"
"BARTLETT","AZ10308","72h",5000,244.8,308.83,20.73,"two_method"
"BARTLETT","AZ10308","72h",10000,264.94,342.01,22.53,"two_method"
"BIG SANDY","WY01387","24h",2,25.95,23.54,9.29,"two_method"
"BIG SANDY","WY01387","24h",5,35.8,31.1,13.13,"two_method"
"BIG SANDY","WY01387","24h",10,42.42,36.57,13.79,"two_method"
"BIG SANDY","WY01387","24h",25,50.89,44.42,12.71,"two_method"
"BIG SANDY","WY01387","24h",50,57.26,51.15,10.67,"two_method"
"BIG SANDY","WY01387","24h",100,63.64,58.76,7.67,"two_method"
"BIG SANDY","WY01387","24h",200,70.07,67.4,3.81,"two_method"
"BIG SANDY","WY01387","24h",500,78.66,80.7,2.53,"two_method"
"BIG SANDY","WY01387","24h",1000,85.24,92.44,7.79,"two_method"
"BIG SANDY","WY01387","24h",2000,91.88,105.84,13.19,"two_method"
"BIG SANDY","WY01387","24h",5000,100.77,126.54,20.37,"two_method"
"BIG SANDY","WY01387","24h",10000,107.57,144.82,25.72,"two_method"
"BIG SANDY","WY01387","72h",2,37.47,31.89,14.89,"two_method"
"BIG SANDY","WY01387","72h",5,49.75,42.02,15.54,"two_method"
"BIG SANDY","WY01387","72h",10,58.51,49.4,15.57,"two_method"
"BIG SANDY","WY01387","72h",25,70.99,60.11,15.33,"two_method"
"BIG SANDY","WY01387","72h",50,81.59,69.35,15,"two_method"
"BIG SANDY","WY01387","72h",100,93.48,79.85,14.58,"two_method"
"BIG SANDY","WY01387","72h",200,106.89,91.87,14.05,"two_method"
"BIG SANDY","WY01387","72h",500,127.37,110.53,13.22,"two_method"
"BIG SANDY","WY01387","72h",1000,145.28,127.1,12.51,"two_method"
"BIG SANDY","WY01387","72h",2000,165.6,146.15,11.75,"two_method"
"BIG SANDY","WY01387","72h",5000,196.71,175.8,10.63,"two_method"
"BIG SANDY","WY01387","72h",10000,223.96,202.17,9.73,"two_method"
"BLACK CANYON DIVERSION","ID00282","24h",2,26.55,27.72,4.22,"two_method"
"BLACK CANYON DIVERSION","ID00282","24h",5,34.67,36.6,5.27,"two_method"
"BLACK CANYON DIVERSION","ID00282","24h",10,40.33,42.77,5.7,"two_method"
"BLACK CANYON DIVERSION","ID00282","24h",25,47.82,50.92,6.09,"two_method"
"BLACK CANYON DIVERSION","ID00282","24h",50,53.64,57.24,6.29,"two_method"
"BLACK CANYON DIVERSION","ID00282","24h",100,59.65,63.75,6.43,"two_method"
"BLACK CANYON DIVERSION","ID00282","24h",200,65.87,70.48,6.54,"two_method"
"BLACK CANYON DIVERSION","ID00282","24h",500,74.45,79.74,6.63,"two_method"
"BLACK CANYON DIVERSION","ID00282","24h",1000,81.23,87.04,6.68,"two_method"
"BLACK CANYON DIVERSION","ID00282","24h",2000,88.27,94.61,6.7,"two_method"
"BLACK CANYON DIVERSION","ID00282","24h",5000,98,105.05,6.71,"two_method"
"BLACK CANYON DIVERSION","ID00282","24h",10000,105.7,113.29,6.7,"two_method"
"BLACK CANYON DIVERSION","ID00282","72h",2,35.9,37.84,5.13,"two_method"
"BLACK CANYON DIVERSION","ID00282","72h",5,46.35,49.11,5.62,"two_method"
"BLACK CANYON DIVERSION","ID00282","72h",10,53.27,56.5,5.72,"two_method"
"BLACK CANYON DIVERSION","ID00282","72h",25,62.04,65.76,5.66,"two_method"
"BLACK CANYON DIVERSION","ID00282","72h",50,68.55,72.57,5.54,"two_method"
"BLACK CANYON DIVERSION","ID00282","72h",100,75.02,79.28,5.37,"two_method"
"BLACK CANYON DIVERSION","ID00282","72h",200,81.48,85.92,5.17,"two_method"
"BLACK CANYON DIVERSION","ID00282","72h",500,90.01,94.61,4.86,"two_method"
"BLACK CANYON DIVERSION","ID00282","72h",1000,96.46,101.13,4.62,"two_method"
"BLACK CANYON DIVERSION","ID00282","72h",2000,102.93,107.59,4.33,"two_method"
"BLACK CANYON DIVERSION","ID00282","72h",5000,111.48,116.07,3.95,"two_method"
"BLACK CANYON DIVERSION","ID00282","72h",10000,117.96,122.43,3.65,"two_method"
"BLUE MESA","CO01675","24h",2,30.61,29.84,2.52,"two_method"
"BLUE MESA","CO01675","24h",5,39.42,38.92,1.27,"two_method"
"BLUE MESA","CO01675","24h",10,45.64,45.34,0.66,"two_method"
"BLUE MESA","CO01675","24h",25,54.43,54.43,0,"two_method"
"BLUE MESA","CO01675","24h",50,61.82,62.09,0.43,"two_method"
"BLUE MESA","CO01675","24h",100,70.06,70.64,0.82,"two_method"
"BLUE MESA","CO01675","24h",200,79.29,80.22,1.16,"two_method"
"BLUE MESA","CO01675","24h",500,93.27,94.77,1.58,"two_method"
"BLUE MESA","CO01675","24h",1000,105.39,107.4,1.87,"two_method"
"BLUE MESA","CO01675","24h",2000,119.06,121.66,2.14,"two_method"
"BLUE MESA","CO01675","24h",5000,139.81,143.35,2.47,"two_method"
"BLUE MESA","CO01675","24h",10000,157.84,162.22,2.7,"two_method"
"BLUE MESA","CO01675","72h",2,41.72,39.53,5.25,"two_method"
"BLUE MESA","CO01675","72h",5,54.76,52.58,3.98,"two_method"
"BLUE MESA","CO01675","72h",10,63.31,60.93,3.76,"two_method"
"BLUE MESA","CO01675","72h",25,73.99,71.18,3.8,"two_method"
"BLUE MESA","CO01675","72h",50,81.84,78.57,4,"two_method"
"BLUE MESA","CO01675","72h",100,89.57,85.72,4.3,"two_method"
"BLUE MESA","CO01675","72h",200,97.21,92.68,4.66,"two_method"
"BLUE MESA","CO01675","72h",500,107.19,101.6,5.22,"two_method"
"BLUE MESA","CO01675","72h",1000,114.66,108.16,5.67,"two_method"
"BLUE MESA","CO01675","72h",2000,122.07,114.55,6.16,"two_method"
"BLUE MESA","CO01675","72h",5000,131.78,122.77,6.84,"two_method"
"BLUE MESA","CO01675","72h",10000,139.05,128.82,7.36,"two_method"
"BOCA","CA10135","24h",2,78.48,68.68,12.49,"two_method"
"BOCA","CA10135","24h",5,107.31,94.51,11.93,"two_method"
"BOCA","CA10135","24h",10,127.65,112.14,12.15,"two_method"
"BOCA","CA10135","24h",25,154.87,135.02,12.82,"two_method"
"BOCA","CA10135","24h",50,176.22,152.46,13.48,"two_method"
"BOCA","CA10135","24h",100,198.44,170.17,14.25,"two_method"
"BOCA","CA10135","24h",200,221.64,188.21,15.08,"two_method"
"BOCA","CA10135","24h",500,253.97,212.63,16.28,"two_method"
"BOCA","CA10135","24h",1000,279.77,231.58,17.22,"two_method"
"BOCA","CA10135","24h",2000,306.79,250.94,18.2,"two_method"
"BOCA","CA10135","24h",5000,344.5,277.21,19.53,"two_method"
"BOCA","CA10135","24h",10000,374.62,297.6,20.56,"two_method"
"BOCA","CA10135","72h",2,124.75,115.02,7.8,"two_method"
"BOCA","CA10135","72h",5,176.54,165.06,6.5,"two_method"
"BOCA","CA10135","72h",10,213.36,200.26,6.14,"two_method"
"BOCA","CA10135","72h",25,262.98,247.22,5.99,"two_method"
"BOCA","CA10135","72h",50,302.17,283.96,6.03,"two_method"
"BOCA","CA10135","72h",100,343.2,322.11,6.15,"two_method"
"BOCA","CA10135","72h",200,386.29,361.86,6.32,"two_method"
"BOCA","CA10135","72h",500,446.74,417.1,6.63,"two_method"
"BOCA","CA10135","72h",1000,495.3,461.06,6.91,"two_method"
"BOCA","CA10135","72h",2000,546.47,507.01,7.22,"two_method"
"BOCA","CA10135","72h",5000,618.36,570.97,7.66,"two_method"
"BOCA","CA10135","72h",10000,676.16,621.92,8.02,"two_method"
"BONNY","CO01300","24h",2,52.25,51.63,1.19,"two_method"
"BONNY","CO01300","24h",5,72.1,71.16,1.3,"two_method"
"BONNY","CO01300","24h",10,85.77,84.55,1.42,"two_method"
"BONNY","CO01300","24h",25,103.67,102.01,1.6,"two_method"
"BONNY","CO01300","24h",50,117.4,115.37,1.73,"two_method"
"BONNY","CO01300","24h",100,131.44,128.98,1.87,"two_method"
"BONNY","CO01300","24h",200,145.84,142.89,2.02,"two_method"
"BONNY","CO01300","24h",500,165.49,161.8,2.23,"two_method"
"BONNY","CO01300","24h",1000,180.84,176.52,2.39,"two_method"
"BONNY","CO01300","24h",2000,196.64,191.62,2.55,"two_method"
"BONNY","CO01300","24h",5000,218.23,212.19,2.77,"two_method"
"BONNY","CO01300","24h",10000,235.12,228.21,2.94,"two_method"
"BONNY","CO01300","72h",2,62.36,62.32,0.06,"two_method"
"BONNY","CO01300","72h",5,85,85.15,0.18,"two_method"
"BONNY","CO01300","72h",10,99.77,100.28,0.51,"two_method"
"BONNY","CO01300","72h",25,118.17,119.39,1.02,"two_method"
"BONNY","CO01300","72h",50,131.65,133.57,1.44,"two_method"
"BONNY","CO01300","72h",100,144.88,147.66,1.88,"two_method"
"BONNY","CO01300","72h",200,157.91,161.69,2.34,"two_method"
"BONNY","CO01300","72h",500,174.88,180.22,2.96,"two_method"
"BONNY","CO01300","72h",1000,187.55,194.22,3.43,"two_method"
"BONNY","CO01300","72h",2000,200.07,208.23,3.92,"two_method"
"BONNY","CO01300","72h",5000,216.41,226.74,4.56,"two_method"
"BONNY","CO01300","72h",10000,228.61,240.75,5.04,"two_method"
"BOR ARTHUR V WATKINS","UT10112","24h",2,34.25,33.72,1.55,"two_method"
"BOR ARTHUR V WATKINS","UT10112","24h",5,44.39,44.37,0.05,"two_method"
"BOR ARTHUR V WATKINS","UT10112","24h",10,51.34,51.83,0.95,"two_method"
"BOR ARTHUR V WATKINS","UT10112","24h",25,60.4,61.75,2.19,"two_method"
"BOR ARTHUR V WATKINS","UT10112","24h",50,67.33,69.47,3.08,"two_method"
"BOR ARTHUR V WATKINS","UT10112","24h",100,74.39,77.46,3.96,"two_method"
"BOR ARTHUR V WATKINS","UT10112","24h",200,81.61,85.76,4.84,"two_method"
"BOR ARTHUR V WATKINS","UT10112","24h",500,91.43,97.24,5.97,"two_method"
"BOR ARTHUR V WATKINS","UT10112","24h",1000,99.07,106.35,6.85,"two_method"
"BOR ARTHUR V WATKINS","UT10112","24h",2000,106.91,115.83,7.7,"two_method"
"BOR ARTHUR V WATKINS","UT10112","24h",5000,117.58,128.97,8.83,"two_method"
"BOR ARTHUR V WATKINS","UT10112","24h",10000,125.9,139.4,9.68,"two_method"
"BOR ARTHUR V WATKINS","UT10112","72h",2,45.05,43.86,2.64,"two_method"
"BOR ARTHUR V WATKINS","UT10112","72h",5,57.16,55.72,2.52,"two_method"
"BOR ARTHUR V WATKINS","UT10112","72h",10,65.69,64.35,2.04,"two_method"
"BOR ARTHUR V WATKINS","UT10112","72h",25,77.74,76.84,1.16,"two_method"
"BOR ARTHUR V WATKINS","UT10112","72h",50,87.86,87.59,0.31,"two_method"
"BOR ARTHUR V WATKINS","UT10112","72h",100,99.13,99.81,0.68,"two_method"
"BOR ARTHUR V WATKINS","UT10112","72h",200,111.74,113.76,1.78,"two_method"
"BOR ARTHUR V WATKINS","UT10112","72h",500,130.81,135.36,3.36,"two_method"
"BOR ARTHUR V WATKINS","UT10112","72h",1000,147.34,154.52,4.65,"two_method"
"BOR ARTHUR V WATKINS","UT10112","72h",2000,165.95,176.52,5.99,"two_method"
"BOR ARTHUR V WATKINS","UT10112","72h",5000,194.18,210.69,7.84,"two_method"
"BOR ARTHUR V WATKINS","UT10112","72h",10000,218.67,241.03,9.28,"two_method"
"BOR CAUSEY","UT10116","24h",2,42.89,16.61,61.27,"two_method"
"BOR CAUSEY","UT10116","24h",5,56,22.16,60.43,"two_method"
"BOR CAUSEY","UT10116","24h",10,64.9,26.07,59.83,"two_method"
"BOR CAUSEY","UT10116","24h",25,76.43,31.3,59.05,"two_method"
"BOR CAUSEY","UT10116","24h",50,85.17,35.39,58.45,"two_method"
"BOR CAUSEY","UT10116","24h",100,94.03,39.65,57.83,"two_method"
"BOR CAUSEY","UT10116","24h",200,103.03,44.09,57.21,"two_method"
"BOR CAUSEY","UT10116","24h",500,115.17,50.28,56.34,"two_method"
"BOR CAUSEY","UT10116","24h",1000,124.55,55.2,55.68,"two_method"
"BOR CAUSEY","UT10116","24h",2000,134.11,60.36,54.99,"two_method"
"BOR CAUSEY","UT10116","24h",5000,147.04,67.55,54.06,"two_method"
"BOR CAUSEY","UT10116","24h",10000,157.04,73.28,53.34,"two_method"
"BOR CAUSEY","UT10116","72h",2,59.46,23.7,60.14,"two_method"
"BOR CAUSEY","UT10116","72h",5,75.41,30.93,58.98,"two_method"
"BOR CAUSEY","UT10116","72h",10,86.49,35.96,58.42,"two_method"
"BOR CAUSEY","UT10116","72h",25,101.96,42.98,57.85,"two_method"
"BOR CAUSEY","UT10116","72h",50,114.82,48.82,57.48,"two_method"
"BOR CAUSEY","UT10116","72h",100,129.01,55.27,57.16,"two_method"
"BOR CAUSEY","UT10116","72h",200,144.74,62.42,56.87,"two_method"
"BOR CAUSEY","UT10116","72h",500,168.31,73.14,56.54,"two_method"
"BOR CAUSEY","UT10116","72h",1000,188.52,82.35,56.32,"two_method"
"BOR CAUSEY","UT10116","72h",2000,211.06,92.61,56.12,"two_method"
"BOR CAUSEY","UT10116","72h",5000,244.92,108.05,55.88,"two_method"
"BOR CAUSEY","UT10116","72h",10000,274.01,121.31,55.73,"two_method"
"BOR DEER CREEK","UT10117","24h",2,38.36,15.02,60.84,"two_method"
"BOR DEER CREEK","UT10117","24h",5,49.34,20.19,59.08,"two_method"
"BOR DEER CREEK","UT10117","24h",10,56.54,23.8,57.91,"two_method"
"BOR DEER CREEK","UT10117","24h",25,65.56,28.58,56.41,"two_method"
"BOR DEER CREEK","UT10117","24h",50,72.19,32.28,55.28,"two_method"
"BOR DEER CREEK","UT10117","24h",100,78.73,36.1,54.15,"two_method"
"BOR DEER CREEK","UT10117","24h",200,85.19,40.05,52.99,"two_method"
"BOR DEER CREEK","UT10117","24h",500,93.65,45.5,51.41,"two_method"
"BOR DEER CREEK","UT10117","24h",1000,100,49.8,50.2,"two_method"
"BOR DEER CREEK","UT10117","24h",2000,106.29,54.26,48.95,"two_method"
"BOR DEER CREEK","UT10117","24h",5000,114.54,60.43,47.24,"two_method"
"BOR DEER CREEK","UT10117","24h",10000,120.73,65.3,45.91,"two_method"
"BOR DEER CREEK","UT10117","72h",2,52.44,17.03,67.52,"two_method"
"BOR DEER CREEK","UT10117","72h",5,66.55,22.22,66.61,"two_method"
"BOR DEER CREEK","UT10117","72h",10,76.59,25.84,66.26,"two_method"
"BOR DEER CREEK","UT10117","72h",25,90.88,30.88,66.02,"two_method"
"BOR DEER CREEK","UT10117","72h",50,102.99,35.08,65.94,"two_method"
"BOR DEER CREEK","UT10117","72h",100,116.55,39.71,65.93,"two_method"
"BOR DEER CREEK","UT10117","72h",200,131.82,44.86,65.97,"two_method"
"BOR DEER CREEK","UT10117","72h",500,155.1,52.56,66.11,"two_method"
"BOR DEER CREEK","UT10117","72h",1000,175.43,59.17,66.27,"two_method"
"BOR DEER CREEK","UT10117","72h",2000,198.45,66.55,66.47,"two_method"
"BOR DEER CREEK","UT10117","72h",5000,233.64,77.64,66.77,"two_method"
"BOR DEER CREEK","UT10117","72h",10000,264.4,87.17,67.03,"two_method"
"BOR HUNTINGTON NORTH","UT10122","24h",2,28.5,24.88,12.7,"two_method"
"BOR HUNTINGTON NORTH","UT10122","24h",5,37.4,33.13,11.42,"two_method"
"BOR HUNTINGTON NORTH","UT10122","24h",10,43.92,39.31,10.5,"two_method"
"BOR HUNTINGTON NORTH","UT10122","24h",25,53.44,48.48,9.28,"two_method"
"BOR HUNTINGTON NORTH","UT10122","24h",50,61.69,56.56,8.32,"two_method"
"BOR HUNTINGTON NORTH","UT10122","24h",100,71.11,65.91,7.31,"two_method"
"BOR HUNTINGTON NORTH","UT10122","24h",200,81.93,76.8,6.26,"two_method"
"BOR HUNTINGTON NORTH","UT10122","24h",500,98.8,94.05,4.81,"two_method"
"BOR HUNTINGTON NORTH","UT10122","24h",1000,113.86,109.68,3.67,"two_method"
"BOR HUNTINGTON NORTH","UT10122","24h",2000,131.25,127.97,2.5,"two_method"
"BOR HUNTINGTON NORTH","UT10122","24h",5000,158.43,157.02,0.89,"two_method"
"BOR HUNTINGTON NORTH","UT10122","24h",10000,182.72,183.38,0.36,"two_method"
"BOR HUNTINGTON NORTH","UT10122","72h",2,37.37,31.22,16.46,"two_method"
"BOR HUNTINGTON NORTH","UT10122","72h",5,48.95,42.39,13.4,"two_method"
"BOR HUNTINGTON NORTH","UT10122","72h",10,57.35,50.11,12.62,"two_method"
"BOR HUNTINGTON NORTH","UT10122","72h",25,69.51,60.24,13.34,"two_method"
"BOR HUNTINGTON NORTH","UT10122","72h",50,79.98,68.05,14.92,"two_method"
"BOR HUNTINGTON NORTH","UT10122","72h",100,91.85,76.06,17.19,"two_method"
"BOR HUNTINGTON NORTH","UT10122","72h",200,105.4,84.29,20.03,"two_method"
"BOR HUNTINGTON NORTH","UT10122","72h",500,126.37,95.56,24.38,"two_method"
"BOR HUNTINGTON NORTH","UT10122","72h",1000,144.95,104.4,27.98,"two_method"
"BOR HUNTINGTON NORTH","UT10122","72h",2000,166.27,113.52,31.73,"two_method"
"BOR HUNTINGTON NORTH","UT10122","72h",5000,199.35,126.02,36.78,"two_method"
"BOR HUNTINGTON NORTH","UT10122","72h",10000,228.7,135.83,40.61,"two_method"
"BOR JORDANELLE","UT10204","24h",2,40.27,27.13,32.63,"two_method"
"BOR JORDANELLE","UT10204","24h",5,50.66,36.49,27.97,"two_method"
"BOR JORDANELLE","UT10204","24h",10,57.88,43.01,25.69,"two_method"
"BOR JORDANELLE","UT10204","24h",25,67.95,51.63,24.02,"two_method"
"BOR JORDANELLE","UT10204","24h",50,76.34,58.32,23.6,"two_method"
"BOR JORDANELLE","UT10204","24h",100,85.57,65.22,23.78,"two_method"
"BOR JORDANELLE","UT10204","24h",200,95.82,72.36,24.48,"two_method"
"BOR JORDANELLE","UT10204","24h",500,111.17,82.21,26.05,"two_method"
"BOR JORDANELLE","UT10204","24h",1000,124.34,89.98,27.63,"two_method"
"BOR JORDANELLE","UT10204","24h",2000,139.03,98.04,29.48,"two_method"
"BOR JORDANELLE","UT10204","24h",5000,161.08,109.18,32.22,"two_method"
"BOR JORDANELLE","UT10204","24h",10000,180.03,117.98,34.47,"two_method"
"BOR JORDANELLE","UT10204","72h",2,55.48,34.65,37.55,"two_method"
"BOR JORDANELLE","UT10204","72h",5,69.81,45.22,35.22,"two_method"
"BOR JORDANELLE","UT10204","72h",10,79.77,52.58,34.09,"two_method"
"BOR JORDANELLE","UT10204","72h",25,93.66,62.85,32.9,"two_method"
"BOR JORDANELLE","UT10204","72h",50,105.22,71.39,32.15,"two_method"
"BOR JORDANELLE","UT10204","72h",100,117.96,80.82,31.49,"two_method"
"BOR JORDANELLE","UT10204","72h",200,132.09,91.28,30.9,"two_method"
"BOR JORDANELLE","UT10204","72h",500,153.25,106.96,30.21,"two_method"
"BOR JORDANELLE","UT10204","72h",1000,171.4,120.41,29.75,"two_method"
"BOR JORDANELLE","UT10204","72h",2000,191.64,135.43,29.33,"two_method"
"BOR JORDANELLE","UT10204","72h",5000,222.05,158,28.84,"two_method"
"BOR JORDANELLE","UT10204","72h",10000,248.16,177.4,28.51,"two_method"
"BOR LOST CREEK (MORGAN)","UT10125","24h",2,43.09,24.12,44.02,"two_method"
"BOR LOST CREEK (MORGAN)","UT10125","24h",5,55.69,32.18,42.22,"two_method"
"BOR LOST CREEK (MORGAN)","UT10125","24h",10,64.14,37.86,40.97,"two_method"
"BOR LOST CREEK (MORGAN)","UT10125","24h",25,74.96,45.45,39.37,"two_method"
"BOR LOST CREEK (MORGAN)","UT10125","24h",50,83.09,51.4,38.14,"two_method"
"BOR LOST CREEK (MORGAN)","UT10125","24h",100,91.23,57.58,36.88,"two_method"
"BOR LOST CREEK (MORGAN)","UT10125","24h",200,99.43,64.03,35.6,"two_method"
"BOR LOST CREEK (MORGAN)","UT10125","24h",500,110.38,73.01,33.86,"two_method"
"BOR LOST CREEK (MORGAN)","UT10125","24h",1000,118.75,80.17,32.49,"two_method"
"BOR LOST CREEK (MORGAN)","UT10125","24h",2000,127.2,87.66,31.08,"two_method"
"BOR LOST CREEK (MORGAN)","UT10125","24h",5000,138.5,98.09,29.18,"two_method"
"BOR LOST CREEK (MORGAN)","UT10125","24h",10000,147.15,106.42,27.68,"two_method"
"BOR LOST CREEK (MORGAN)","UT10125","72h",2,59.26,33.07,44.2,"two_method"
"BOR LOST CREEK (MORGAN)","UT10125","72h",5,76.88,43.15,43.87,"two_method"
"BOR LOST CREEK (MORGAN)","UT10125","72h",10,88.16,50.17,43.09,"two_method"
"BOR LOST CREEK (MORGAN)","UT10125","72h",25,102,59.97,41.21,"two_method"
"BOR LOST CREEK (MORGAN)","UT10125","72h",50,111.97,68.12,39.16,"two_method"
"BOR LOST CREEK (MORGAN)","UT10125","72h",100,121.63,77.12,36.59,"two_method"
"BOR LOST CREEK (MORGAN)","UT10125","72h",200,131.02,87.1,33.52,"two_method"
"BOR LOST CREEK (MORGAN)","UT10125","72h",500,143.06,102.06,28.66,"two_method"
"BOR LOST CREEK (MORGAN)","UT10125","72h",1000,151.91,114.9,24.36,"two_method"
"BOR LOST CREEK (MORGAN)","UT10125","72h",2000,160.54,129.23,19.5,"two_method"
"BOR LOST CREEK (MORGAN)","UT10125","72h",5000,171.63,150.76,12.16,"two_method"
"BOR LOST CREEK (MORGAN)","UT10125","72h",10000,179.79,169.27,5.85,"two_method"
"BOR LOST LAKE","UT00184","24h",2,49.35,49.35,0,"identical_fallback"
"BOR LOST LAKE","UT00184","24h",5,62.65,62.65,0,"identical_fallback"
"BOR LOST LAKE","UT00184","24h",10,72.02,72.02,0,"identical_fallback"
"BOR LOST LAKE","UT00184","24h",25,85.24,85.24,0,"identical_fallback"
"BOR LOST LAKE","UT00184","24h",50,96.35,96.35,0,"identical_fallback"
"BOR LOST LAKE","UT00184","24h",100,108.7,108.7,0,"identical_fallback"
"BOR LOST LAKE","UT00184","24h",200,122.53,122.53,0,"identical_fallback"
"BOR LOST LAKE","UT00184","24h",500,143.44,143.44,0,"identical_fallback"
"BOR LOST LAKE","UT00184","24h",1000,161.56,161.56,0,"identical_fallback"
"BOR LOST LAKE","UT00184","24h",2000,181.94,181.94,0,"identical_fallback"
"BOR LOST LAKE","UT00184","24h",5000,212.85,212.85,0,"identical_fallback"
"BOR LOST LAKE","UT00184","24h",10000,239.67,239.67,0,"identical_fallback"
"BOR LOST LAKE","UT00184","72h",2,73.77,73.77,0,"identical_fallback"
"BOR LOST LAKE","UT00184","72h",5,93.7,93.7,0,"identical_fallback"
"BOR LOST LAKE","UT00184","72h",10,107.62,107.62,0,"identical_fallback"
"BOR LOST LAKE","UT00184","72h",25,127.11,127.11,0,"identical_fallback"
"BOR LOST LAKE","UT00184","72h",50,143.38,143.38,0,"identical_fallback"
"BOR LOST LAKE","UT00184","72h",100,161.37,161.37,0,"identical_fallback"
"BOR LOST LAKE","UT00184","72h",200,181.39,181.39,0,"identical_fallback"
"BOR LOST LAKE","UT00184","72h",500,211.47,211.47,0,"identical_fallback"
"BOR LOST LAKE","UT00184","72h",1000,237.36,237.36,0,"identical_fallback"
"BOR LOST LAKE","UT00184","72h",2000,266.33,266.33,0,"identical_fallback"
"BOR LOST LAKE","UT00184","72h",5000,309.98,309.98,0,"identical_fallback"
"BOR LOST LAKE","UT00184","72h",10000,347.6,347.6,0,"identical_fallback"
"BOR NEWTON","UT10129","24h",2,33.69,30.23,10.27,"two_method"
"BOR NEWTON","UT10129","24h",5,44.17,39.81,9.87,"two_method"
"BOR NEWTON","UT10129","24h",10,51.47,46.54,9.58,"two_method"
"BOR NEWTON","UT10129","24h",25,61.11,55.53,9.13,"two_method"
"BOR NEWTON","UT10129","24h",50,68.6,62.56,8.8,"two_method"
"BOR NEWTON","UT10129","24h",100,76.3,69.85,8.45,"two_method"
"BOR NEWTON","UT10129","24h",200,84.28,77.45,8.1,"two_method"
"BOR NEWTON","UT10129","24h",500,95.26,88.01,7.61,"two_method"
"BOR NEWTON","UT10129","24h",1000,103.93,96.41,7.24,"two_method"
"BOR NEWTON","UT10129","24h",2000,112.93,105.18,6.86,"two_method"
"BOR NEWTON","UT10129","24h",5000,125.34,117.39,6.34,"two_method"
"BOR NEWTON","UT10129","24h",10000,135.14,127.11,5.94,"two_method"
"BOR NEWTON","UT10129","72h",2,45.36,39.53,12.85,"two_method"
"BOR NEWTON","UT10129","72h",5,59.23,50.31,15.06,"two_method"
"BOR NEWTON","UT10129","72h",10,68.71,58.17,15.34,"two_method"
"BOR NEWTON","UT10129","72h",25,81.05,69.57,14.16,"two_method"
"BOR NEWTON","UT10129","72h",50,90.47,79.4,12.24,"two_method"
"BOR NEWTON","UT10129","72h",100,100.04,90.58,9.46,"two_method"
"BOR NEWTON","UT10129","72h",200,109.81,103.37,5.86,"two_method"
"BOR NEWTON","UT10129","72h",500,123.06,123.21,0.12,"two_method"
"BOR NEWTON","UT10129","72h",1000,133.35,140.82,5.3,"two_method"
"BOR NEWTON","UT10129","72h",2000,143.88,161.08,10.68,"two_method"
"BOR NEWTON","UT10129","72h",5000,158.2,192.58,17.85,"two_method"
"BOR NEWTON","UT10129","72h",10000,169.33,220.6,23.24,"two_method"
"BOR PINEVIEW","UT10132","24h",2,42.9,35.73,16.71,"two_method"
"BOR PINEVIEW","UT10132","24h",5,55.49,45.73,17.59,"two_method"
"BOR PINEVIEW","UT10132","24h",10,63.99,52.28,18.3,"two_method"
"BOR PINEVIEW","UT10132","24h",25,74.95,60.45,19.35,"two_method"
"BOR PINEVIEW","UT10132","24h",50,83.22,66.45,20.15,"two_method"
"BOR PINEVIEW","UT10132","24h",100,91.56,72.36,20.97,"two_method"
"BOR PINEVIEW","UT10132","24h",200,99.99,78.18,21.81,"two_method"
"BOR PINEVIEW","UT10132","24h",500,111.32,85.79,22.93,"two_method"
"BOR PINEVIEW","UT10132","24h",1000,120.03,91.48,23.79,"two_method"
"BOR PINEVIEW","UT10132","24h",2000,128.87,97.12,24.64,"two_method"
"BOR PINEVIEW","UT10132","24h",5000,140.77,104.49,25.77,"two_method"
"BOR PINEVIEW","UT10132","24h",10000,149.92,110.01,26.62,"two_method"
"BOR PINEVIEW","UT10132","72h",2,60.55,50.55,16.52,"two_method"
"BOR PINEVIEW","UT10132","72h",5,76.61,64.01,16.45,"two_method"
"BOR PINEVIEW","UT10132","72h",10,87.8,73.5,16.29,"two_method"
"BOR PINEVIEW","UT10132","72h",25,103.44,86.88,16.01,"two_method"
"BOR PINEVIEW","UT10132","72h",50,116.48,98.12,15.76,"two_method"
"BOR PINEVIEW","UT10132","72h",100,130.88,110.63,15.47,"two_method"
"BOR PINEVIEW","UT10132","72h",200,146.88,124.63,15.15,"two_method"
"BOR PINEVIEW","UT10132","72h",500,170.88,145.79,14.68,"two_method"
"BOR PINEVIEW","UT10132","72h",1000,191.52,164.13,14.3,"two_method"
"BOR PINEVIEW","UT10132","72h",2000,214.57,184.76,13.89,"two_method"
"BOR PINEVIEW","UT10132","72h",5000,249.26,216.06,13.32,"two_method"
"BOR PINEVIEW","UT10132","72h",10000,279.11,243.21,12.86,"two_method"
"BOR RED FLEET","UT10155","24h",2,24.42,24.41,0.04,"two_method"
"BOR RED FLEET","UT10155","24h",5,32.24,32.51,0.83,"two_method"
"BOR RED FLEET","UT10155","24h",10,37.96,38.57,1.58,"two_method"
"BOR RED FLEET","UT10155","24h",25,46.28,47.57,2.71,"two_method"
"BOR RED FLEET","UT10155","24h",50,53.49,55.5,3.62,"two_method"
"BOR RED FLEET","UT10155","24h",100,61.7,64.68,4.61,"two_method"
"BOR RED FLEET","UT10155","24h",200,71.11,75.36,5.64,"two_method"
"BOR RED FLEET","UT10155","24h",500,85.75,92.29,7.09,"two_method"
"BOR RED FLEET","UT10155","24h",1000,98.79,107.62,8.2,"two_method"
"BOR RED FLEET","UT10155","24h",2000,113.82,125.57,9.36,"two_method"
"BOR RED FLEET","UT10155","24h",5000,137.26,154.07,10.91,"two_method"
"BOR RED FLEET","UT10155","24h",10000,158.17,179.94,12.1,"two_method"
"BOR RED FLEET","UT10155","72h",2,30.5,30.5,0,"two_method"
"BOR RED FLEET","UT10155","72h",5,41.39,41.41,0.05,"two_method"
"BOR RED FLEET","UT10155","72h",10,48.82,48.94,0.25,"two_method"
"BOR RED FLEET","UT10155","72h",25,58.47,58.85,0.65,"two_method"
"BOR RED FLEET","UT10155","72h",50,65.83,66.48,0.98,"two_method"
"BOR RED FLEET","UT10155","72h",100,73.31,74.29,1.32,"two_method"
"BOR RED FLEET","UT10155","72h",200,80.93,82.34,1.71,"two_method"
"BOR RED FLEET","UT10155","72h",500,91.26,93.34,2.23,"two_method"
"BOR RED FLEET","UT10155","72h",1000,99.27,101.98,2.66,"two_method"
"BOR RED FLEET","UT10155","72h",2000,107.46,110.88,3.08,"two_method"
"BOR RED FLEET","UT10155","72h",5000,118.58,123.09,3.66,"two_method"
"BOR RED FLEET","UT10155","72h",10000,127.22,132.68,4.12,"two_method"
"BOR SOLDIER CREEK","UT10135","24h",2,36.28,42.2,14.03,"two_method"
"BOR SOLDIER CREEK","UT10135","24h",5,47.55,54.46,12.69,"two_method"
"BOR SOLDIER CREEK","UT10135","24h",10,55.06,63.32,13.04,"two_method"
"BOR SOLDIER CREEK","UT10135","24h",25,64.59,76.08,15.1,"two_method"
"BOR SOLDIER CREEK","UT10135","24h",50,71.7,87.02,17.61,"two_method"
"BOR SOLDIER CREEK","UT10135","24h",100,78.79,99.39,20.73,"two_method"
"BOR SOLDIER CREEK","UT10135","24h",200,85.88,113.46,24.31,"two_method"
"BOR SOLDIER CREEK","UT10135","24h",500,95.29,135.15,29.49,"two_method"
"BOR SOLDIER CREEK","UT10135","24h",1000,102.43,154.3,33.62,"two_method"
"BOR SOLDIER CREEK","UT10135","24h",2000,109.6,176.2,37.8,"two_method"
"BOR SOLDIER CREEK","UT10135","24h",5000,119.12,210.05,43.29,"two_method"
"BOR SOLDIER CREEK","UT10135","24h",10000,126.36,239.98,47.35,"two_method"
"BOR SOLDIER CREEK","UT10135","72h",2,52.29,59.55,12.19,"two_method"
"BOR SOLDIER CREEK","UT10135","72h",5,67.74,76.36,11.29,"two_method"
"BOR SOLDIER CREEK","UT10135","72h",10,78.94,88.2,10.5,"two_method"
"BOR SOLDIER CREEK","UT10135","72h",25,95.1,104.9,9.34,"two_method"
"BOR SOLDIER CREEK","UT10135","72h",50,109,118.94,8.36,"two_method"
"BOR SOLDIER CREEK","UT10135","72h",100,124.74,134.56,7.3,"two_method"
"BOR SOLDIER CREEK","UT10135","72h",200,142.68,152.03,6.15,"two_method"
"BOR SOLDIER CREEK","UT10135","72h",500,170.41,178.46,4.51,"two_method"
"BOR SOLDIER CREEK","UT10135","72h",1000,194.94,201.35,3.18,"two_method"
"BOR SOLDIER CREEK","UT10135","72h",2000,223.04,227.11,1.79,"two_method"
"BOR SOLDIER CREEK","UT10135","72h",5000,266.58,266.19,0.15,"two_method"
"BOR SOLDIER CREEK","UT10135","72h",10000,305.16,300.09,1.66,"two_method"
"BOR STATELINE SUMMIT CO.","UT10156","24h",2,43.77,43.77,0,"identical_fallback"
"BOR STATELINE SUMMIT CO.","UT10156","24h",5,57.06,57.06,0,"identical_fallback"
"BOR STATELINE SUMMIT CO.","UT10156","24h",10,66.65,66.65,0,"identical_fallback"
"BOR STATELINE SUMMIT CO.","UT10156","24h",25,80.44,80.44,0,"identical_fallback"
"BOR STATELINE SUMMIT CO.","UT10156","24h",50,92.24,92.24,0,"identical_fallback"
"BOR STATELINE SUMMIT CO.","UT10156","24h",100,105.58,105.58,0,"identical_fallback"
"BOR STATELINE SUMMIT CO.","UT10156","24h",200,120.73,120.73,0,"identical_fallback"
"BOR STATELINE SUMMIT CO.","UT10156","24h",500,144.05,144.05,0,"identical_fallback"
"BOR STATELINE SUMMIT CO.","UT10156","24h",1000,164.61,164.61,0,"identical_fallback"
"BOR STATELINE SUMMIT CO.","UT10156","24h",2000,188.1,188.1,0,"identical_fallback"
"BOR STATELINE SUMMIT CO.","UT10156","24h",5000,224.36,224.36,0,"identical_fallback"
"BOR STATELINE SUMMIT CO.","UT10156","24h",10000,256.36,256.36,0,"identical_fallback"
"BOR STATELINE SUMMIT CO.","UT10156","72h",2,62.81,62.81,0,"identical_fallback"
"BOR STATELINE SUMMIT CO.","UT10156","72h",5,82.29,82.29,0,"identical_fallback"
"BOR STATELINE SUMMIT CO.","UT10156","72h",10,96.11,96.11,0,"identical_fallback"
"BOR STATELINE SUMMIT CO.","UT10156","72h",25,115.7,115.7,0,"identical_fallback"
"BOR STATELINE SUMMIT CO.","UT10156","72h",50,132.26,132.26,0,"identical_fallback"
"BOR STATELINE SUMMIT CO.","UT10156","72h",100,150.75,150.75,0,"identical_fallback"
"BOR STATELINE SUMMIT CO.","UT10156","72h",200,171.53,171.53,0,"identical_fallback"
"BOR STATELINE SUMMIT CO.","UT10156","72h",500,203.12,203.12,0,"identical_fallback"
"BOR STATELINE SUMMIT CO.","UT10156","72h",1000,230.62,230.62,0,"identical_fallback"
"BOR STATELINE SUMMIT CO.","UT10156","72h",2000,261.7,261.7,0,"identical_fallback"
"BOR STATELINE SUMMIT CO.","UT10156","72h",5000,309.07,309.07,0,"identical_fallback"
"BOR STATELINE SUMMIT CO.","UT10156","72h",10000,350.37,350.37,0,"identical_fallback"
"BOR STEINAKER","UT10113","24h",2,23.77,24.1,1.37,"two_method"
"BOR STEINAKER","UT10113","24h",5,31.54,32.1,1.74,"two_method"
"BOR STEINAKER","UT10113","24h",10,37.29,38.09,2.1,"two_method"
"BOR STEINAKER","UT10113","24h",25,45.73,46.97,2.64,"two_method"
"BOR STEINAKER","UT10113","24h",50,53.11,54.8,3.08,"two_method"
"BOR STEINAKER","UT10113","24h",100,61.58,63.87,3.59,"two_method"
"BOR STEINAKER","UT10113","24h",200,71.37,74.42,4.1,"two_method"
"BOR STEINAKER","UT10113","24h",500,86.73,91.13,4.83,"two_method"
"BOR STEINAKER","UT10113","24h",1000,100.54,106.28,5.4,"two_method"
"BOR STEINAKER","UT10113","24h",2000,116.56,124,6,"two_method"
"BOR STEINAKER","UT10113","24h",5000,141.79,152.14,6.8,"two_method"
"BOR STEINAKER","UT10113","24h",10000,164.49,177.68,7.42,"two_method"
"BOR STEINAKER","UT10113","72h",2,29.44,30.02,1.93,"two_method"
"BOR STEINAKER","UT10113","72h",5,39.03,40.76,4.24,"two_method"
"BOR STEINAKER","UT10113","72h",10,45.92,48.18,4.69,"two_method"
"BOR STEINAKER","UT10113","72h",25,55.8,57.93,3.68,"two_method"
"BOR STEINAKER","UT10113","72h",50,64.24,65.44,1.83,"two_method"
"BOR STEINAKER","UT10113","72h",100,73.75,73.14,0.83,"two_method"
"BOR STEINAKER","UT10113","72h",200,84.52,81.06,4.09,"two_method"
"BOR STEINAKER","UT10113","72h",500,101.07,91.9,9.07,"two_method"
"BOR STEINAKER","UT10113","72h",1000,115.61,100.39,13.16,"two_method"
"BOR STEINAKER","UT10113","72h",2000,132.19,109.16,17.42,"two_method"
"BOR STEINAKER","UT10113","72h",5000,157.71,121.18,23.16,"two_method"
"BOR STEINAKER","UT10113","72h",10000,180.18,130.62,27.51,"two_method"
"BOR WANSHIP","UT10131","24h",2,41.39,18.14,56.17,"two_method"
"BOR WANSHIP","UT10131","24h",5,52.1,24.2,53.55,"two_method"
"BOR WANSHIP","UT10131","24h",10,59.61,28.47,52.24,"two_method"
"BOR WANSHIP","UT10131","24h",25,70.16,34.18,51.28,"two_method"
"BOR WANSHIP","UT10131","24h",50,79,38.65,51.08,"two_method"
"BOR WANSHIP","UT10131","24h",100,88.81,43.3,51.24,"two_method"
"BOR WANSHIP","UT10131","24h",200,99.75,48.15,51.73,"two_method"
"BOR WANSHIP","UT10131","24h",500,116.25,54.9,52.77,"two_method"
"BOR WANSHIP","UT10131","24h",1000,130.49,60.28,53.8,"two_method"
"BOR WANSHIP","UT10131","24h",2000,146.47,65.91,55,"two_method"
"BOR WANSHIP","UT10131","24h",5000,170.64,73.76,56.77,"two_method"
"BOR WANSHIP","UT10131","24h",10000,191.54,80.02,58.22,"two_method"
"BOR WANSHIP","UT10131","72h",2,55.84,25.6,54.15,"two_method"
"BOR WANSHIP","UT10131","72h",5,70.14,33.41,52.37,"two_method"
"BOR WANSHIP","UT10131","72h",10,80.02,38.85,51.45,"two_method"
"BOR WANSHIP","UT10131","72h",25,93.71,46.43,50.45,"two_method"
"BOR WANSHIP","UT10131","72h",50,105.05,52.75,49.79,"two_method"
"BOR WANSHIP","UT10131","72h",100,117.5,59.71,49.18,"two_method"
"BOR WANSHIP","UT10131","72h",200,131.25,67.44,48.62,"two_method"
"BOR WANSHIP","UT10131","72h",500,151.73,79.02,47.92,"two_method"
"BOR WANSHIP","UT10131","72h",1000,169.21,88.97,47.42,"two_method"
"BOR WANSHIP","UT10131","72h",2000,188.63,100.06,46.95,"two_method"
"BOR WANSHIP","UT10131","72h",5000,217.66,116.74,46.37,"two_method"
"BOR WANSHIP","UT10131","72h",10000,242.46,131.07,45.94,"two_method"
"BOR WASHINGTON LAKE","UT00315","24h",2,51.24,51.24,0,"identical_fallback"
"BOR WASHINGTON LAKE","UT00315","24h",5,64.74,64.74,0,"identical_fallback"
"BOR WASHINGTON LAKE","UT00315","24h",10,74.19,74.19,0,"identical_fallback"
"BOR WASHINGTON LAKE","UT00315","24h",25,87.44,87.44,0,"identical_fallback"
"BOR WASHINGTON LAKE","UT00315","24h",50,98.51,98.51,0,"identical_fallback"
"BOR WASHINGTON LAKE","UT00315","24h",100,110.77,110.77,0,"identical_fallback"
"BOR WASHINGTON LAKE","UT00315","24h",200,124.42,124.42,0,"identical_fallback"
"BOR WASHINGTON LAKE","UT00315","24h",500,144.95,144.95,0,"identical_fallback"
"BOR WASHINGTON LAKE","UT00315","24h",1000,162.65,162.65,0,"identical_fallback"
"BOR WASHINGTON LAKE","UT00315","24h",2000,182.46,182.46,0,"identical_fallback"
"BOR WASHINGTON LAKE","UT00315","24h",5000,212.36,212.36,0,"identical_fallback"
"BOR WASHINGTON LAKE","UT00315","24h",10000,238.15,238.15,0,"identical_fallback"
"BOR WASHINGTON LAKE","UT00315","72h",2,70.16,70.16,0,"identical_fallback"
"BOR WASHINGTON LAKE","UT00315","72h",5,88.17,88.17,0,"identical_fallback"
"BOR WASHINGTON LAKE","UT00315","72h",10,100.62,100.62,0,"identical_fallback"
"BOR WASHINGTON LAKE","UT00315","72h",25,117.87,117.87,0,"identical_fallback"
"BOR WASHINGTON LAKE","UT00315","72h",50,132.15,132.15,0,"identical_fallback"
"BOR WASHINGTON LAKE","UT00315","72h",100,147.83,147.83,0,"identical_fallback"
"BOR WASHINGTON LAKE","UT00315","72h",200,165.15,165.15,0,"identical_fallback"
"BOR WASHINGTON LAKE","UT00315","72h",500,190.96,190.96,0,"identical_fallback"
"BOR WASHINGTON LAKE","UT00315","72h",1000,212.98,212.98,0,"identical_fallback"
"BOR WASHINGTON LAKE","UT00315","72h",2000,237.45,237.45,0,"identical_fallback"
"BOR WASHINGTON LAKE","UT00315","72h",5000,274.02,274.02,0,"identical_fallback"
"BOR WASHINGTON LAKE","UT00315","72h",10000,305.28,305.28,0,"identical_fallback"
"BOX BUTTE","NE01069","24h",2,43.21,44.81,3.57,"two_method"
"BOX BUTTE","NE01069","24h",5,59.22,61.24,3.3,"two_method"
"BOX BUTTE","NE01069","24h",10,69.97,72.69,3.74,"two_method"
"BOX BUTTE","NE01069","24h",25,83.73,87.83,4.67,"two_method"
"BOX BUTTE","NE01069","24h",50,94.06,99.58,5.54,"two_method"
"BOX BUTTE","NE01069","24h",100,104.42,111.68,6.5,"two_method"
"BOX BUTTE","NE01069","24h",200,114.85,124.21,7.54,"two_method"
"BOX BUTTE","NE01069","24h",500,128.77,141.47,8.98,"two_method"
"BOX BUTTE","NE01069","24h",1000,139.42,155.1,10.11,"two_method"
"BOX BUTTE","NE01069","24h",2000,150.17,169.24,11.27,"two_method"
"BOX BUTTE","NE01069","24h",5000,164.56,188.76,12.82,"two_method"
"BOX BUTTE","NE01069","24h",10000,175.57,204.18,14.01,"two_method"
"BOX BUTTE","NE01069","72h",2,53.12,54.75,2.98,"two_method"
"BOX BUTTE","NE01069","72h",5,71.92,73.63,2.32,"two_method"
"BOX BUTTE","NE01069","72h",10,83.92,86.12,2.55,"two_method"
"BOX BUTTE","NE01069","72h",25,98.59,101.89,3.24,"two_method"
"BOX BUTTE","NE01069","72h",50,109.13,113.59,3.93,"two_method"
"BOX BUTTE","NE01069","72h",100,119.31,125.19,4.7,"two_method"
"BOX BUTTE","NE01069","72h",200,129.19,136.75,5.53,"two_method"
"BOX BUTTE","NE01069","72h",500,141.81,151.98,6.69,"two_method"
"BOX BUTTE","NE01069","72h",1000,151.05,163.49,7.61,"two_method"
"BOX BUTTE","NE01069","72h",2000,160.04,174.99,8.54,"two_method"
"BOX BUTTE","NE01069","72h",5000,171.57,190.19,9.79,"two_method"
"BOX BUTTE","NE01069","72h",10000,180.01,201.67,10.74,"two_method"
"BOYSEN","WY01299","24h",2,29.35,32.29,9.1,"two_method"
"BOYSEN","WY01299","24h",5,41,45.48,9.85,"two_method"
"BOYSEN","WY01299","24h",10,48.81,54.45,10.36,"two_method"
"BOYSEN","WY01299","24h",25,58.8,66.04,10.96,"two_method"
"BOYSEN","WY01299","24h",50,66.29,74.83,11.41,"two_method"
"BOYSEN","WY01299","24h",100,73.79,83.72,11.86,"two_method"
"BOYSEN","WY01299","24h",200,81.34,92.76,12.31,"two_method"
"BOYSEN","WY01299","24h",500,91.41,104.94,12.89,"two_method"
"BOYSEN","WY01299","24h",1000,99.11,114.34,13.32,"two_method"
"BOYSEN","WY01299","24h",2000,106.87,123.93,13.77,"two_method"
"BOYSEN","WY01299","24h",5000,117.24,136.88,14.35,"two_method"
"BOYSEN","WY01299","24h",10000,125.17,146.89,14.79,"two_method"
"BOYSEN","WY01299","72h",2,35.87,40.12,10.59,"two_method"
"BOYSEN","WY01299","72h",5,50.66,57.02,11.15,"two_method"
"BOYSEN","WY01299","72h",10,60.34,68.1,11.4,"two_method"
"BOYSEN","WY01299","72h",25,72.43,82,11.67,"two_method"
"BOYSEN","WY01299","72h",50,81.31,92.31,11.92,"two_method"
"BOYSEN","WY01299","72h",100,90.03,102.59,12.24,"two_method"
"BOYSEN","WY01299","72h",200,98.65,112.92,12.64,"two_method"
"BOYSEN","WY01299","72h",500,109.9,126.74,13.29,"two_method"
"BOYSEN","WY01299","72h",1000,118.31,137.37,13.87,"two_method"
"BOYSEN","WY01299","72h",2000,126.64,148.18,14.54,"two_method"
"BOYSEN","WY01299","72h",5000,137.54,162.77,15.5,"two_method"
"BOYSEN","WY01299","72h",10000,145.69,174.07,16.3,"two_method"
"BRADBURY","CA10136","24h",2,57.47,3.07,94.66,"two_method"
"BRADBURY","CA10136","24h",5,86.57,4.08,95.29,"two_method"
"BRADBURY","CA10136","24h",10,106.6,4.79,95.51,"two_method"
"BRADBURY","CA10136","24h",25,132.64,5.8,95.63,"two_method"
"BRADBURY","CA10136","24h",50,152.53,6.64,95.65,"two_method"
"BRADBURY","CA10136","24h",100,172.8,7.58,95.61,"two_method"
"BRADBURY","CA10136","24h",200,193.59,8.62,95.55,"two_method"
"BRADBURY","CA10136","24h",500,222.02,10.21,95.4,"two_method"
"BRADBURY","CA10136","24h",1000,244.31,11.57,95.26,"two_method"
"BRADBURY","CA10136","24h",2000,267.34,13.11,95.1,"two_method"
"BRADBURY","CA10136","24h",5000,299,15.44,94.84,"two_method"
"BRADBURY","CA10136","24h",10000,323.92,17.46,94.61,"two_method"
"BRADBURY","CA10136","72h",2,71.78,59.89,16.56,"two_method"
"BRADBURY","CA10136","72h",5,115.97,86.47,25.44,"two_method"
"BRADBURY","CA10136","72h",10,145.91,106.03,27.33,"two_method"
"BRADBURY","CA10136","72h",25,183.38,134.64,26.58,"two_method"
"BRADBURY","CA10136","72h",50,210.74,159.52,24.3,"two_method"
"BRADBURY","CA10136","72h",100,237.51,187.99,20.85,"two_method"
"BRADBURY","CA10136","72h",200,263.85,220.76,16.33,"two_method"
"BRADBURY","CA10136","72h",500,298.14,271.98,8.77,"two_method"
"BRADBURY","CA10136","72h",1000,323.77,317.82,1.84,"two_method"
"BRADBURY","CA10136","72h",2000,349.18,370.84,5.84,"two_method"
"BRADBURY","CA10136","72h",5000,382.49,453.96,15.74,"two_method"
"BRADBURY","CA10136","72h",10000,407.51,528.43,22.88,"two_method"
"BRANTLEY","NM00500","24h",2,48.04,47.31,1.52,"two_method"
"BRANTLEY","NM00500","24h",5,70.27,69.2,1.52,"two_method"
"BRANTLEY","NM00500","24h",10,85.82,84.29,1.78,"two_method"
"BRANTLEY","NM00500","24h",25,106.49,104.07,2.27,"two_method"
"BRANTLEY","NM00500","24h",50,122.58,119.28,2.69,"two_method"
"BRANTLEY","NM00500","24h",100,139.24,134.84,3.16,"two_method"
"BRANTLEY","NM00500","24h",200,156.53,150.82,3.65,"two_method"
"BRANTLEY","NM00500","24h",500,180.45,172.65,4.32,"two_method"
"BRANTLEY","NM00500","24h",1000,199.41,189.74,4.85,"two_method"
"BRANTLEY","NM00500","24h",2000,219.16,207.34,5.39,"two_method"
"BRANTLEY","NM00500","24h",5000,246.53,231.42,6.13,"two_method"
"BRANTLEY","NM00500","24h",10000,268.24,250.29,6.69,"two_method"
"BRANTLEY","NM00500","72h",2,56.85,55.81,1.83,"two_method"
"BRANTLEY","NM00500","72h",5,85.82,85.53,0.34,"two_method"
"BRANTLEY","NM00500","72h",10,107.19,106.6,0.55,"two_method"
"BRANTLEY","NM00500","72h",25,136.96,134.62,1.71,"two_method"
"BRANTLEY","NM00500","72h",50,161.24,156.41,3,"two_method"
"BRANTLEY","NM00500","72h",100,187.36,178.94,4.49,"two_method"
"BRANTLEY","NM00500","72h",200,215.56,202.33,6.14,"two_method"
"BRANTLEY","NM00500","72h",500,256.38,234.75,8.44,"two_method"
"BRANTLEY","NM00500","72h",1000,290.21,260.48,10.24,"two_method"
"BRANTLEY","NM00500","72h",2000,326.84,287.34,12.09,"two_method"
"BRANTLEY","NM00500","72h",5000,379.96,324.67,14.55,"two_method"
"BRANTLEY","NM00500","72h",10000,424.01,354.35,16.43,"two_method"
"BRICK FLAT PIT CONTAINMENT","CA01397","24h",2,77.83,71.41,8.25,"two_method"
"BRICK FLAT PIT CONTAINMENT","CA01397","24h",5,100.48,94.24,6.21,"two_method"
"BRICK FLAT PIT CONTAINMENT","CA01397","24h",10,116.26,109.29,6,"two_method"
"BRICK FLAT PIT CONTAINMENT","CA01397","24h",25,138.31,128.25,7.27,"two_method"
"BRICK FLAT PIT CONTAINMENT","CA01397","24h",50,156.68,142.26,9.2,"two_method"
"BRICK FLAT PIT CONTAINMENT","CA01397","24h",100,176.97,156.13,11.78,"two_method"
"BRICK FLAT PIT CONTAINMENT","CA01397","24h",200,199.5,169.91,14.83,"two_method"
"BRICK FLAT PIT CONTAINMENT","CA01397","24h",500,233.3,188.02,19.41,"two_method"
"BRICK FLAT PIT CONTAINMENT","CA01397","24h",1000,262.34,201.67,23.13,"two_method"
"BRICK FLAT PIT CONTAINMENT","CA01397","24h",2000,294.78,215.27,26.97,"two_method"
"BRICK FLAT PIT CONTAINMENT","CA01397","24h",5000,343.58,233.18,32.13,"two_method"
"BRICK FLAT PIT CONTAINMENT","CA01397","24h",10000,385.57,246.69,36.02,"two_method"
"BRICK FLAT PIT CONTAINMENT","CA01397","72h",2,128.31,119.02,7.24,"two_method"
"BRICK FLAT PIT CONTAINMENT","CA01397","72h",5,173.67,159.1,8.39,"two_method"
"BRICK FLAT PIT CONTAINMENT","CA01397","72h",10,203.23,184.5,9.22,"two_method"
"BRICK FLAT PIT CONTAINMENT","CA01397","72h",25,240.06,215.34,10.3,"two_method"
"BRICK FLAT PIT CONTAINMENT","CA01397","72h",50,267,237.35,11.1,"two_method"
"BRICK FLAT PIT CONTAINMENT","CA01397","72h",100,293.44,258.5,11.91,"two_method"
"BRICK FLAT PIT CONTAINMENT","CA01397","72h",200,319.47,278.9,12.7,"two_method"
"BRICK FLAT PIT CONTAINMENT","CA01397","72h",500,353.36,304.81,13.74,"two_method"
"BRICK FLAT PIT CONTAINMENT","CA01397","72h",1000,378.63,323.68,14.51,"two_method"
"BRICK FLAT PIT CONTAINMENT","CA01397","72h",2000,403.6,341.93,15.28,"two_method"
"BRICK FLAT PIT CONTAINMENT","CA01397","72h",5000,436.17,365.17,16.28,"two_method"
"BRICK FLAT PIT CONTAINMENT","CA01397","72h",10000,460.47,382.1,17.02,"two_method"
"BUFFALO BILL","WY01300","24h",2,34.74,32.45,6.59,"two_method"
"BUFFALO BILL","WY01300","24h",5,48.39,41.35,14.55,"two_method"
"BUFFALO BILL","WY01300","24h",10,58.03,47.3,18.49,"two_method"
"BUFFALO BILL","WY01300","24h",25,70.94,54.89,22.62,"two_method"
"BUFFALO BILL","WY01300","24h",50,81.07,60.57,25.29,"two_method"
"BUFFALO BILL","WY01300","24h",100,91.63,66.25,27.7,"two_method"
"BUFFALO BILL","WY01300","24h",200,102.67,71.95,29.92,"two_method"
"BUFFALO BILL","WY01300","24h",500,118.06,79.53,32.64,"two_method"
"BUFFALO BILL","WY01300","24h",1000,130.35,85.32,34.55,"two_method"
"BUFFALO BILL","WY01300","24h",2000,143.24,91.14,36.37,"two_method"
"BUFFALO BILL","WY01300","24h",5000,161.25,98.9,38.67,"two_method"
"BUFFALO BILL","WY01300","24h",10000,175.64,104.83,40.32,"two_method"
"BUFFALO BILL","WY01300","72h",2,51.88,47.15,9.12,"two_method"
"BUFFALO BILL","WY01300","72h",5,72.58,60.12,17.17,"two_method"
"BUFFALO BILL","WY01300","72h",10,86.96,68.95,20.71,"two_method"
"BUFFALO BILL","WY01300","72h",25,105.93,80.39,24.11,"two_method"
"BUFFALO BILL","WY01300","72h",50,120.62,89.07,26.16,"two_method"
"BUFFALO BILL","WY01300","72h",100,135.74,97.87,27.9,"two_method"
"BUFFALO BILL","WY01300","72h",200,151.35,106.82,29.42,"two_method"
"BUFFALO BILL","WY01300","72h",500,172.82,118.9,31.2,"two_method"
"BUFFALO BILL","WY01300","72h",1000,189.72,128.25,32.4,"two_method"
"BUFFALO BILL","WY01300","72h",2000,207.24,137.78,33.52,"two_method"
"BUFFALO BILL","WY01300","72h",5000,231.37,150.67,34.88,"two_method"
"BUFFALO BILL","WY01300","72h",10000,250.39,160.66,35.84,"two_method"
"BULL LAKE","WY01378","24h",2,29.66,35.13,15.57,"two_method"
"BULL LAKE","WY01378","24h",5,40.89,49.6,17.56,"two_method"
"BULL LAKE","WY01378","24h",10,48.36,59.27,18.41,"two_method"
"BULL LAKE","WY01378","24h",25,57.84,71.57,19.18,"two_method"
"BULL LAKE","WY01378","24h",50,64.91,80.79,19.66,"two_method"
"BULL LAKE","WY01378","24h",100,71.94,90.07,20.13,"two_method"
"BULL LAKE","WY01378","24h",200,78.98,99.46,20.59,"two_method"
"BULL LAKE","WY01378","24h",500,88.31,112.13,21.24,"two_method"
"BULL LAKE","WY01378","24h",1000,95.39,121.95,21.78,"two_method"
"BULL LAKE","WY01378","24h",2000,102.49,131.99,22.35,"two_method"
"BULL LAKE","WY01378","24h",5000,111.92,145.65,23.16,"two_method"
"BULL LAKE","WY01378","24h",10000,119.08,156.29,23.81,"two_method"
"BULL LAKE","WY01378","72h",2,37.74,45.79,17.58,"two_method"
"BULL LAKE","WY01378","72h",5,52.65,64.94,18.93,"two_method"
"BULL LAKE","WY01378","72h",10,62.61,77.53,19.24,"two_method"
"BULL LAKE","WY01378","72h",25,75.31,93.35,19.33,"two_method"
"BULL LAKE","WY01378","72h",50,84.81,105.09,19.3,"two_method"
"BULL LAKE","WY01378","72h",100,94.31,116.81,19.26,"two_method"
"BULL LAKE","WY01378","72h",200,103.85,128.6,19.25,"two_method"
"BULL LAKE","WY01378","72h",500,116.53,144.39,19.29,"two_method"
"BULL LAKE","WY01378","72h",1000,126.19,156.54,19.39,"two_method"
"BULL LAKE","WY01378","72h",2000,135.92,168.9,19.53,"two_method"
"BULL LAKE","WY01378","72h",5000,148.89,185.61,19.78,"two_method"
"BULL LAKE","WY01378","72h",10000,158.77,198.55,20.04,"two_method"
"BULLY CREEK","OR00578","24h",2,23.01,25.71,10.5,"two_method"
"BULLY CREEK","OR00578","24h",5,30.4,33.93,10.4,"two_method"
"BULLY CREEK","OR00578","24h",10,35.58,39.66,10.29,"two_method"
"BULLY CREEK","OR00578","24h",25,42.46,47.22,10.08,"two_method"
"BULLY CREEK","OR00578","24h",50,47.82,53.08,9.91,"two_method"
"BULLY CREEK","OR00578","24h",100,53.37,59.11,9.71,"two_method"
"BULLY CREEK","OR00578","24h",200,59.13,65.35,9.52,"two_method"
"BULLY CREEK","OR00578","24h",500,67.11,73.94,9.24,"two_method"
"BULLY CREEK","OR00578","24h",1000,73.44,80.71,9.01,"two_method"
"BULLY CREEK","OR00578","24h",2000,80.03,87.73,8.78,"two_method"
"BULLY CREEK","OR00578","24h",5000,89.17,97.41,8.46,"two_method"
"BULLY CREEK","OR00578","24h",10000,96.43,105.05,8.21,"two_method"
"BULLY CREEK","OR00578","72h",2,29.9,34.27,12.75,"two_method"
"BULLY CREEK","OR00578","72h",5,39.14,44.48,12.01,"two_method"
"BULLY CREEK","OR00578","72h",10,44.99,51.17,12.08,"two_method"
"BULLY CREEK","OR00578","72h",25,52.03,59.55,12.63,"two_method"
"BULLY CREEK","OR00578","72h",50,57.04,65.72,13.21,"two_method"
"BULLY CREEK","OR00578","72h",100,61.86,71.8,13.84,"two_method"
"BULLY CREEK","OR00578","72h",200,66.53,77.81,14.5,"two_method"
"BULLY CREEK","OR00578","72h",500,72.53,85.68,15.35,"two_method"
"BULLY CREEK","OR00578","72h",1000,76.97,91.58,15.95,"two_method"
"BULLY CREEK","OR00578","72h",2000,81.34,97.44,16.52,"two_method"
"BULLY CREEK","OR00578","72h",5000,87.02,105.11,17.21,"two_method"
"BULLY CREEK","OR00578","72h",10000,91.26,110.87,17.69,"two_method"
"BUMPING LAKE DAM","WA00263","24h",2,89.03,93.56,4.84,"two_method"
"BUMPING LAKE DAM","WA00263","24h",5,115.99,123.1,5.78,"two_method"
"BUMPING LAKE DAM","WA00263","24h",10,135.63,144.96,6.44,"two_method"
"BUMPING LAKE DAM","WA00263","24h",25,164.11,177.06,7.31,"two_method"
"BUMPING LAKE DAM","WA00263","24h",50,188.68,205.08,8,"two_method"
"BUMPING LAKE DAM","WA00263","24h",100,216.62,237.26,8.7,"two_method"
"BUMPING LAKE DAM","WA00263","24h",200,248.57,274.44,9.43,"two_method"
"BUMPING LAKE DAM","WA00263","24h",500,298.13,332.76,10.41,"two_method"
"BUMPING LAKE DAM","WA00263","24h",1000,342.14,385.15,11.17,"two_method"
"BUMPING LAKE DAM","WA00263","24h",2000,392.73,445.97,11.94,"two_method"
"BUMPING LAKE DAM","WA00263","24h",5000,471.44,541.68,12.97,"two_method"
"BUMPING LAKE DAM","WA00263","24h",10000,541.43,627.75,13.75,"two_method"
"BUMPING LAKE DAM","WA00263","72h",2,144.81,149.31,3.01,"two_method"
"BUMPING LAKE DAM","WA00263","72h",5,186.3,193.61,3.78,"two_method"
"BUMPING LAKE DAM","WA00263","72h",10,215.76,225.77,4.43,"two_method"
"BUMPING LAKE DAM","WA00263","72h",25,257.55,272.24,5.4,"two_method"
"BUMPING LAKE DAM","WA00263","72h",50,292.88,312.21,6.19,"two_method"
"BUMPING LAKE DAM","WA00263","72h",100,332.37,357.53,7.04,"two_method"
"BUMPING LAKE DAM","WA00263","72h",200,376.76,409.22,7.93,"two_method"
"BUMPING LAKE DAM","WA00263","72h",500,444.29,489.17,9.17,"two_method"
"BUMPING LAKE DAM","WA00263","72h",1000,503.11,559.96,10.15,"two_method"
"BUMPING LAKE DAM","WA00263","72h",2000,569.6,641.12,11.16,"two_method"
"BUMPING LAKE DAM","WA00263","72h",5000,671.03,767.01,12.51,"two_method"
"BUMPING LAKE DAM","WA00263","72h",10000,759.49,878.62,13.56,"two_method"
"CABALLO","NM00131","24h",2,34.11,33.25,2.52,"two_method"
"CABALLO","NM00131","24h",5,47.44,47.48,0.08,"two_method"
"CABALLO","NM00131","24h",10,56.39,57.6,2.1,"two_method"
"CABALLO","NM00131","24h",25,67.85,71.23,4.75,"two_method"
"CABALLO","NM00131","24h",50,76.47,81.99,6.73,"two_method"
"CABALLO","NM00131","24h",100,85.11,93.25,8.73,"two_method"
"CABALLO","NM00131","24h",200,93.82,105.07,10.71,"two_method"
"CABALLO","NM00131","24h",500,105.45,121.64,13.31,"two_method"
"CABALLO","NM00131","24h",1000,114.35,134.95,15.26,"two_method"
"CABALLO","NM00131","24h",2000,123.34,148.97,17.2,"two_method"
"CABALLO","NM00131","24h",5000,135.38,168.66,19.73,"two_method"
"CABALLO","NM00131","24h",10000,144.6,184.49,21.62,"two_method"
"CABALLO","NM00131","72h",2,42.07,40.8,3.02,"two_method"
"CABALLO","NM00131","72h",5,58.04,58.14,0.17,"two_method"
"CABALLO","NM00131","72h",10,68.31,70.03,2.46,"two_method"
"CABALLO","NM00131","72h",25,80.96,85.53,5.34,"two_method"
"CABALLO","NM00131","72h",50,90.11,97.39,7.48,"two_method"
"CABALLO","NM00131","72h",100,98.99,109.46,9.57,"two_method"
"CABALLO","NM00131","72h",200,107.66,121.8,11.61,"two_method"
"CABALLO","NM00131","72h",500,118.81,138.58,14.27,"two_method"
"CABALLO","NM00131","72h",1000,127.03,151.64,16.23,"two_method"
"CABALLO","NM00131","72h",2000,135.07,165.03,18.15,"two_method"
"CABALLO","NM00131","72h",5000,145.45,183.27,20.64,"two_method"
"CABALLO","NM00131","72h",10000,153.1,197.48,22.47,"two_method"
"CARPINTERIA","CA10138","24h",2,41.58,41.58,0,"identical_fallback"
"CARPINTERIA","CA10138","24h",5,62.58,62.58,0,"identical_fallback"
"CARPINTERIA","CA10138","24h",10,76.97,76.97,0,"identical_fallback"
"CARPINTERIA","CA10138","24h",25,95.6,95.6,0,"identical_fallback"
"CARPINTERIA","CA10138","24h",50,109.79,109.79,0,"identical_fallback"
"CARPINTERIA","CA10138","24h",100,124.22,124.22,0,"identical_fallback"
"CARPINTERIA","CA10138","24h",200,138.99,138.99,0,"identical_fallback"
"CARPINTERIA","CA10138","24h",500,159.14,159.14,0,"identical_fallback"
"CARPINTERIA","CA10138","24h",1000,174.9,174.9,0,"identical_fallback"
"CARPINTERIA","CA10138","24h",2000,191.17,191.17,0,"identical_fallback"
"CARPINTERIA","CA10138","24h",5000,213.49,213.49,0,"identical_fallback"
"CARPINTERIA","CA10138","24h",10000,231.03,231.03,0,"identical_fallback"
"CARPINTERIA","CA10138","72h",2,51.99,51.99,0,"identical_fallback"
"CARPINTERIA","CA10138","72h",5,84.18,84.18,0,"identical_fallback"
"CARPINTERIA","CA10138","72h",10,106.03,106.03,0,"identical_fallback"
"CARPINTERIA","CA10138","72h",25,133.4,133.4,0,"identical_fallback"
"CARPINTERIA","CA10138","72h",50,153.39,153.39,0,"identical_fallback"
"CARPINTERIA","CA10138","72h",100,172.96,172.96,0,"identical_fallback"
"CARPINTERIA","CA10138","72h",200,192.22,192.22,0,"identical_fallback"
"CARPINTERIA","CA10138","72h",500,217.3,217.3,0,"identical_fallback"
"CARPINTERIA","CA10138","72h",1000,236.05,236.05,0,"identical_fallback"
"CARPINTERIA","CA10138","72h",2000,254.65,254.65,0,"identical_fallback"
"CARPINTERIA","CA10138","72h",5000,279.02,279.02,0,"identical_fallback"
"CARPINTERIA","CA10138","72h",10000,297.34,297.34,0,"identical_fallback"
"CARTER LAKE DAM NO. 1","CO01650","24h",2,40.09,45.44,11.77,"two_method"
"CARTER LAKE DAM NO. 1","CO01650","24h",5,54.41,61.27,11.2,"two_method"
"CARTER LAKE DAM NO. 1","CO01650","24h",10,65.38,73.33,10.84,"two_method"
"CARTER LAKE DAM NO. 1","CO01650","24h",25,81.98,91.47,10.37,"two_method"
"CARTER LAKE DAM NO. 1","CO01650","24h",50,96.87,107.67,10.03,"two_method"
"CARTER LAKE DAM NO. 1","CO01650","24h",100,114.38,126.64,9.68,"two_method"
"CARTER LAKE DAM NO. 1","CO01650","24h",200,135.07,148.97,9.33,"two_method"
"CARTER LAKE DAM NO. 1","CO01650","24h",500,168.41,184.79,8.86,"two_method"
"CARTER LAKE DAM NO. 1","CO01650","24h",1000,199.16,217.67,8.5,"two_method"
"CARTER LAKE DAM NO. 1","CO01650","24h",2000,235.67,256.57,8.15,"two_method"
"CARTER LAKE DAM NO. 1","CO01650","24h",5000,294.67,319.13,7.66,"two_method"
"CARTER LAKE DAM NO. 1","CO01650","24h",10000,349.13,376.63,7.3,"two_method"
"CARTER LAKE DAM NO. 1","CO01650","72h",2,53.23,58.86,9.57,"two_method"
"CARTER LAKE DAM NO. 1","CO01650","72h",5,75.58,80.19,5.75,"two_method"
"CARTER LAKE DAM NO. 1","CO01650","72h",10,91.18,96.06,5.08,"two_method"
"CARTER LAKE DAM NO. 1","CO01650","72h",25,111.7,119.48,6.51,"two_method"
"CARTER LAKE DAM NO. 1","CO01650","72h",50,127.51,140.02,8.93,"two_method"
"CARTER LAKE DAM NO. 1","CO01650","72h",100,143.73,163.69,12.19,"two_method"
"CARTER LAKE DAM NO. 1","CO01650","72h",200,160.48,191.14,16.04,"two_method"
"CARTER LAKE DAM NO. 1","CO01650","72h",500,183.51,234.39,21.71,"two_method"
"CARTER LAKE DAM NO. 1","CO01650","72h",1000,201.69,273.41,26.23,"two_method"
"CARTER LAKE DAM NO. 1","CO01650","72h",2000,220.56,318.87,30.83,"two_method"
"CARTER LAKE DAM NO. 1","CO01650","72h",5000,246.64,390.72,36.88,"two_method"
"CARTER LAKE DAM NO. 1","CO01650","72h",10000,267.27,455.62,41.34,"two_method"
"CASITAS","CA10139","24h",2,53.11,53.11,0,"identical_fallback"
"CASITAS","CA10139","24h",5,79.91,79.91,0,"identical_fallback"
"CASITAS","CA10139","24h",10,98.29,98.29,0,"identical_fallback"
"CASITAS","CA10139","24h",25,122.13,122.13,0,"identical_fallback"
"CASITAS","CA10139","24h",50,140.3,140.3,0,"identical_fallback"
"CASITAS","CA10139","24h",100,158.8,158.8,0,"identical_fallback"
"CASITAS","CA10139","24h",200,177.74,177.74,0,"identical_fallback"
"CASITAS","CA10139","24h",500,203.58,203.58,0,"identical_fallback"
"CASITAS","CA10139","24h",1000,223.83,223.83,0,"identical_fallback"
"CASITAS","CA10139","24h",2000,244.73,244.73,0,"identical_fallback"
"CASITAS","CA10139","24h",5000,273.41,273.41,0,"identical_fallback"
"CASITAS","CA10139","24h",10000,295.96,295.96,0,"identical_fallback"
"CASITAS","CA10139","72h",2,68.45,68.45,0,"identical_fallback"
"CASITAS","CA10139","72h",5,110.53,110.53,0,"identical_fallback"
"CASITAS","CA10139","72h",10,139.07,139.07,0,"identical_fallback"
"CASITAS","CA10139","72h",25,174.79,174.79,0,"identical_fallback"
"CASITAS","CA10139","72h",50,200.88,200.88,0,"identical_fallback"
"CASITAS","CA10139","72h",100,226.41,226.41,0,"identical_fallback"
"CASITAS","CA10139","72h",200,251.53,251.53,0,"identical_fallback"
"CASITAS","CA10139","72h",500,284.24,284.24,0,"identical_fallback"
"CASITAS","CA10139","72h",1000,308.69,308.69,0,"identical_fallback"
"CASITAS","CA10139","72h",2000,332.94,332.94,0,"identical_fallback"
"CASITAS","CA10139","72h",5000,364.72,364.72,0,"identical_fallback"
"CASITAS","CA10139","72h",10000,388.6,388.6,0,"identical_fallback"
"CC CRAGIN","AZ00021","24h",2,55.66,51.17,8.07,"two_method"
"CC CRAGIN","AZ00021","24h",5,74.05,67.61,8.7,"two_method"
"CC CRAGIN","AZ00021","24h",10,87.43,79.32,9.28,"two_method"
"CC CRAGIN","AZ00021","24h",25,106.81,95.98,10.14,"two_method"
"CC CRAGIN","AZ00021","24h",50,123.51,110.09,10.87,"two_method"
"CC CRAGIN","AZ00021","24h",100,142.49,125.9,11.64,"two_method"
"CC CRAGIN","AZ00021","24h",200,164.16,143.72,12.45,"two_method"
"CC CRAGIN","AZ00021","24h",500,197.75,170.87,13.59,"two_method"
"CC CRAGIN","AZ00021","24h",1000,227.56,194.58,14.49,"two_method"
"CC CRAGIN","AZ00021","24h",2000,261.78,221.44,15.41,"two_method"
"CC CRAGIN","AZ00021","24h",5000,314.97,262.5,16.66,"two_method"
"CC CRAGIN","AZ00021","24h",10000,362.22,298.4,17.62,"two_method"
"CC CRAGIN","AZ00021","72h",2,73.76,67.64,8.3,"two_method"
"CC CRAGIN","AZ00021","72h",5,101.08,89.63,11.33,"two_method"
"CC CRAGIN","AZ00021","72h",10,119.68,105.35,11.97,"two_method"
"CC CRAGIN","AZ00021","72h",25,143.8,127.79,11.13,"two_method"
"CC CRAGIN","AZ00021","72h",50,162.14,146.87,9.42,"two_method"
"CC CRAGIN","AZ00021","72h",100,180.73,168.29,6.88,"two_method"
"CC CRAGIN","AZ00021","72h",200,199.65,192.49,3.59,"two_method"
"CC CRAGIN","AZ00021","72h",500,225.22,229.49,1.86,"two_method"
"CC CRAGIN","AZ00021","72h",1000,245.02,261.9,6.45,"two_method"
"CC CRAGIN","AZ00021","72h",2000,265.23,298.7,11.21,"two_method"
"CC CRAGIN","AZ00021","72h",5000,292.6,355.15,17.61,"two_method"
"CC CRAGIN","AZ00021","72h",10000,313.81,404.65,22.45,"two_method"
"CEDAR BLUFF","KS00019","24h",2,61.96,61.9,0.1,"two_method"
"CEDAR BLUFF","KS00019","24h",5,85.24,82.97,2.66,"two_method"
"CEDAR BLUFF","KS00019","24h",10,101.66,98.58,3.03,"two_method"
"CEDAR BLUFF","KS00019","24h",25,123.61,121.56,1.66,"two_method"
"CEDAR BLUFF","KS00019","24h",50,140.82,141.65,0.59,"two_method"
"CEDAR BLUFF","KS00019","24h",100,158.73,164.75,3.65,"two_method"
"CEDAR BLUFF","KS00019","24h",200,177.42,191.47,7.34,"two_method"
"CEDAR BLUFF","KS00019","24h",500,203.45,233.47,12.86,"two_method"
"CEDAR BLUFF","KS00019","24h",1000,224.21,271.24,17.34,"two_method"
"CEDAR BLUFF","KS00019","24h",2000,245.95,315.16,21.96,"two_method"
"CEDAR BLUFF","KS00019","24h",5000,276.28,384.36,28.12,"two_method"
"CEDAR BLUFF","KS00019","24h",10000,300.49,446.7,32.73,"two_method"
"CEDAR BLUFF","KS00019","72h",2,74.02,73.23,1.07,"two_method"
"CEDAR BLUFF","KS00019","72h",5,99.86,98.03,1.83,"two_method"
"CEDAR BLUFF","KS00019","72h",10,117.04,114.18,2.44,"two_method"
"CEDAR BLUFF","KS00019","72h",25,138.81,134.26,3.28,"two_method"
"CEDAR BLUFF","KS00019","72h",50,155.02,148.93,3.93,"two_method"
"CEDAR BLUFF","KS00019","72h",100,171.16,163.31,4.59,"two_method"
"CEDAR BLUFF","KS00019","72h",200,187.28,177.45,5.25,"two_method"
"CEDAR BLUFF","KS00019","72h",500,208.62,195.83,6.13,"two_method"
"CEDAR BLUFF","KS00019","72h",1000,224.8,209.52,6.8,"two_method"
"CEDAR BLUFF","KS00019","72h",2000,241.02,223.04,7.46,"two_method"
"CEDAR BLUFF","KS00019","72h",5000,262.53,240.63,8.34,"two_method"
"CEDAR BLUFF","KS00019","72h",10000,278.85,253.74,9,"two_method"
"CHENEY","KS00017","24h",2,65.15,65.15,0,"identical_fallback"
"CHENEY","KS00017","24h",5,87.38,87.38,0,"identical_fallback"
"CHENEY","KS00017","24h",10,104.27,104.27,0,"identical_fallback"
"CHENEY","KS00017","24h",25,129.64,129.64,0,"identical_fallback"
"CHENEY","KS00017","24h",50,152.26,152.26,0,"identical_fallback"
"CHENEY","KS00017","24h",100,178.7,178.7,0,"identical_fallback"
"CHENEY","KS00017","24h",200,209.78,209.78,0,"identical_fallback"
"CHENEY","KS00017","24h",500,259.54,259.54,0,"identical_fallback"
"CHENEY","KS00017","24h",1000,305.14,305.14,0,"identical_fallback"
"CHENEY","KS00017","24h",2000,359,359,0,"identical_fallback"
"CHENEY","KS00017","24h",5000,445.48,445.48,0,"identical_fallback"
"CHENEY","KS00017","24h",10000,524.82,524.82,0,"identical_fallback"
"CHENEY","KS00017","72h",2,79.25,79.25,0,"identical_fallback"
"CHENEY","KS00017","72h",5,106.76,106.76,0,"identical_fallback"
"CHENEY","KS00017","72h",10,124.92,124.92,0,"identical_fallback"
"CHENEY","KS00017","72h",25,147.8,147.8,0,"identical_fallback"
"CHENEY","KS00017","72h",50,164.73,164.73,0,"identical_fallback"
"CHENEY","KS00017","72h",100,181.49,181.49,0,"identical_fallback"
"CHENEY","KS00017","72h",200,198.14,198.14,0,"identical_fallback"
"CHENEY","KS00017","72h",500,220.06,220.06,0,"identical_fallback"
"CHENEY","KS00017","72h",1000,236.58,236.58,0,"identical_fallback"
"CHENEY","KS00017","72h",2000,253.05,253.05,0,"identical_fallback"
"CHENEY","KS00017","72h",5000,274.76,274.76,0,"identical_fallback"
"CHENEY","KS00017","72h",10000,291.13,291.13,0,"identical_fallback"
"CHERRY LAKE WDA-2 DIKE 2","ND00576","24h",2,50.71,51.52,1.57,"two_method"
"CHERRY LAKE WDA-2 DIKE 2","ND00576","24h",5,69.16,71.04,2.65,"two_method"
"CHERRY LAKE WDA-2 DIKE 2","ND00576","24h",10,81.76,83.68,2.29,"two_method"
"CHERRY LAKE WDA-2 DIKE 2","ND00576","24h",25,98.12,99.11,1,"two_method"
"CHERRY LAKE WDA-2 DIKE 2","ND00576","24h",50,110.58,110.18,0.36,"two_method"
"CHERRY LAKE WDA-2 DIKE 2","ND00576","24h",100,123.24,120.91,1.89,"two_method"
"CHERRY LAKE WDA-2 DIKE 2","ND00576","24h",200,136.15,131.36,3.52,"two_method"
"CHERRY LAKE WDA-2 DIKE 2","ND00576","24h",500,153.63,144.87,5.7,"two_method"
"CHERRY LAKE WDA-2 DIKE 2","ND00576","24h",1000,167.18,154.89,7.35,"two_method"
"CHERRY LAKE WDA-2 DIKE 2","ND00576","24h",2000,181.05,164.79,8.98,"two_method"
"CHERRY LAKE WDA-2 DIKE 2","ND00576","24h",5000,199.86,177.69,11.09,"two_method"
"CHERRY LAKE WDA-2 DIKE 2","ND00576","24h",10000,214.46,187.34,12.65,"two_method"
"CHERRY LAKE WDA-2 DIKE 2","ND00576","72h",2,58.42,59.32,1.52,"two_method"
"CHERRY LAKE WDA-2 DIKE 2","ND00576","72h",5,79.11,79.96,1.06,"two_method"
"CHERRY LAKE WDA-2 DIKE 2","ND00576","72h",10,93.11,93.76,0.69,"two_method"
"CHERRY LAKE WDA-2 DIKE 2","ND00576","72h",25,111.16,111.33,0.15,"two_method"
"CHERRY LAKE WDA-2 DIKE 2","ND00576","72h",50,124.82,124.48,0.27,"two_method"
"CHERRY LAKE WDA-2 DIKE 2","ND00576","72h",100,138.6,137.62,0.71,"two_method"
"CHERRY LAKE WDA-2 DIKE 2","ND00576","72h",200,152.56,150.8,1.15,"two_method"
"CHERRY LAKE WDA-2 DIKE 2","ND00576","72h",500,171.33,168.33,1.75,"two_method"
"CHERRY LAKE WDA-2 DIKE 2","ND00576","72h",1000,185.79,181.69,2.21,"two_method"
"CHERRY LAKE WDA-2 DIKE 2","ND00576","72h",2000,200.49,195.13,2.67,"two_method"
"CHERRY LAKE WDA-2 DIKE 2","ND00576","72h",5000,220.28,213.04,3.29,"two_method"
"CHERRY LAKE WDA-2 DIKE 2","ND00576","72h",10000,235.54,226.7,3.75,"two_method"
"CHERRY LAKE WDA-3 DIKE 3","ND00577","24h",2,50.81,51.67,1.66,"two_method"
"CHERRY LAKE WDA-3 DIKE 3","ND00577","24h",5,69.3,71.23,2.71,"two_method"
"CHERRY LAKE WDA-3 DIKE 3","ND00577","24h",10,81.93,83.91,2.36,"two_method"
"CHERRY LAKE WDA-3 DIKE 3","ND00577","24h",25,98.32,99.38,1.07,"two_method"
"CHERRY LAKE WDA-3 DIKE 3","ND00577","24h",50,110.82,110.48,0.31,"two_method"
"CHERRY LAKE WDA-3 DIKE 3","ND00577","24h",100,123.5,121.24,1.83,"two_method"
"CHERRY LAKE WDA-3 DIKE 3","ND00577","24h",200,136.43,131.72,3.45,"two_method"
"CHERRY LAKE WDA-3 DIKE 3","ND00577","24h",500,153.95,145.26,5.64,"two_method"
"CHERRY LAKE WDA-3 DIKE 3","ND00577","24h",1000,167.53,155.32,7.29,"two_method"
"CHERRY LAKE WDA-3 DIKE 3","ND00577","24h",2000,181.43,165.24,8.92,"two_method"
"CHERRY LAKE WDA-3 DIKE 3","ND00577","24h",5000,200.27,178.18,11.03,"two_method"
"CHERRY LAKE WDA-3 DIKE 3","ND00577","24h",10000,214.91,187.86,12.59,"two_method"
"CHERRY LAKE WDA-3 DIKE 3","ND00577","72h",2,58.48,59.4,1.55,"two_method"
"CHERRY LAKE WDA-3 DIKE 3","ND00577","72h",5,79.18,80.07,1.11,"two_method"
"CHERRY LAKE WDA-3 DIKE 3","ND00577","72h",10,93.19,93.88,0.73,"two_method"
"CHERRY LAKE WDA-3 DIKE 3","ND00577","72h",25,111.26,111.48,0.2,"two_method"
"CHERRY LAKE WDA-3 DIKE 3","ND00577","72h",50,124.93,124.65,0.22,"two_method"
"CHERRY LAKE WDA-3 DIKE 3","ND00577","72h",100,138.72,137.8,0.66,"two_method"
"CHERRY LAKE WDA-3 DIKE 3","ND00577","72h",200,152.7,151.01,1.11,"two_method"
"CHERRY LAKE WDA-3 DIKE 3","ND00577","72h",500,171.49,168.56,1.71,"two_method"
"CHERRY LAKE WDA-3 DIKE 3","ND00577","72h",1000,185.96,181.94,2.16,"two_method"
"CHERRY LAKE WDA-3 DIKE 3","ND00577","72h",2000,200.67,195.4,2.63,"two_method"
"CHERRY LAKE WDA-3 DIKE 3","ND00577","72h",5000,220.48,213.33,3.24,"two_method"
"CHERRY LAKE WDA-3 DIKE 3","ND00577","72h",10000,235.75,227.01,3.71,"two_method"
"CLARK CANYON","MT00569","24h",2,28.06,32.16,12.75,"two_method"
"CLARK CANYON","MT00569","24h",5,36.28,43.12,15.86,"two_method"
"CLARK CANYON","MT00569","24h",10,42.06,50.53,16.76,"two_method"
"CLARK CANYON","MT00569","24h",25,50.2,60.07,16.43,"two_method"
"CLARK CANYON","MT00569","24h",50,57.03,67.28,15.23,"two_method"
"CLARK CANYON","MT00569","24h",100,64.61,74.55,13.33,"two_method"
"CLARK CANYON","MT00569","24h",200,73.09,81.9,10.76,"two_method"
"CLARK CANYON","MT00569","24h",500,85.89,91.77,6.41,"two_method"
"CLARK CANYON","MT00569","24h",1000,96.96,99.37,2.43,"two_method"
"CLARK CANYON","MT00569","24h",2000,109.39,107.08,2.11,"two_method"
"CLARK CANYON","MT00569","24h",5000,128.23,117.45,8.41,"two_method"
"CLARK CANYON","MT00569","24h",10000,144.55,125.44,13.22,"two_method"
"CLARK CANYON","MT00569","72h",2,36.73,44,16.52,"two_method"
"CLARK CANYON","MT00569","72h",5,47.74,58.7,18.67,"two_method"
"CLARK CANYON","MT00569","72h",10,54.53,68.51,20.41,"two_method"
"CLARK CANYON","MT00569","72h",25,62.69,81,22.6,"two_method"
"CLARK CANYON","MT00569","72h",50,68.51,90.33,24.16,"two_method"
"CLARK CANYON","MT00569","72h",100,74.16,99.65,25.58,"two_method"
"CLARK CANYON","MT00569","72h",200,79.69,109,26.89,"two_method"
"CLARK CANYON","MT00569","72h",500,86.9,121.42,28.43,"two_method"
"CLARK CANYON","MT00569","72h",1000,92.31,130.87,29.46,"two_method"
"CLARK CANYON","MT00569","72h",2000,97.69,140.37,30.41,"two_method"
"CLARK CANYON","MT00569","72h",5000,104.81,153.02,31.51,"two_method"
"CLARK CANYON","MT00569","72h",10000,110.21,162.66,32.25,"two_method"
"CLE ELUM DAM","WA00274","24h",2,76.4,64.99,14.93,"two_method"
"CLE ELUM DAM","WA00274","24h",5,102.64,89.84,12.47,"two_method"
"CLE ELUM DAM","WA00274","24h",10,121.08,106.8,11.79,"two_method"
"CLE ELUM DAM","WA00274","24h",25,145.67,128.09,12.07,"two_method"
"CLE ELUM DAM","WA00274","24h",50,164.9,143.67,12.87,"two_method"
"CLE ELUM DAM","WA00274","24h",100,184.85,158.94,14.02,"two_method"
"CLE ELUM DAM","WA00274","24h",200,205.64,173.98,15.4,"two_method"
"CLE ELUM DAM","WA00274","24h",500,234.5,193.59,17.45,"two_method"
"CLE ELUM DAM","WA00274","24h",1000,257.47,208.25,19.12,"two_method"
"CLE ELUM DAM","WA00274","24h",2000,281.46,222.8,20.84,"two_method"
"CLE ELUM DAM","WA00274","24h",5000,314.83,241.89,23.17,"two_method"
"CLE ELUM DAM","WA00274","24h",10000,341.4,256.23,24.95,"two_method"
"CLE ELUM DAM","WA00274","72h",2,131.08,102.78,21.59,"two_method"
"CLE ELUM DAM","WA00274","72h",5,169.09,137.73,18.55,"two_method"
"CLE ELUM DAM","WA00274","72h",10,196.2,159.47,18.72,"two_method"
"CLE ELUM DAM","WA00274","72h",25,234.83,185.41,21.05,"two_method"
"CLE ELUM DAM","WA00274","72h",50,267.62,203.73,23.87,"two_method"
"CLE ELUM DAM","WA00274","72h",100,304.38,221.27,27.3,"two_method"
"CLE ELUM DAM","WA00274","72h",200,345.85,238.23,31.12,"two_method"
"CLE ELUM DAM","WA00274","72h",500,409.16,259.95,36.47,"two_method"
"CLE ELUM DAM","WA00274","72h",1000,464.51,275.96,40.59,"two_method"
"CLE ELUM DAM","WA00274","72h",2000,527.28,291.68,44.68,"two_method"
"CLE ELUM DAM","WA00274","72h",5000,623.39,312.07,49.94,"two_method"
"CLE ELUM DAM","WA00274","72h",10000,707.53,327.25,53.75,"two_method"
"CLEAR CREEK DAM","WA00264","24h",2,82.09,90.22,9.01,"two_method"
"CLEAR CREEK DAM","WA00264","24h",5,110.43,118.7,6.97,"two_method"
"CLEAR CREEK DAM","WA00264","24h",10,130.24,139.78,6.83,"two_method"
"CLEAR CREEK DAM","WA00264","24h",25,156.54,170.73,8.31,"two_method"
"CLEAR CREEK DAM","WA00264","24h",50,177,197.75,10.49,"two_method"
"CLEAR CREEK DAM","WA00264","24h",100,198.15,228.79,13.39,"two_method"
"CLEAR CREEK DAM","WA00264","24h",200,220.1,264.63,16.83,"two_method"
"CLEAR CREEK DAM","WA00264","24h",500,250.44,320.87,21.95,"two_method"
"CLEAR CREEK DAM","WA00264","24h",1000,274.46,371.39,26.1,"two_method"
"CLEAR CREEK DAM","WA00264","24h",2000,299.46,430.04,30.36,"two_method"
"CLEAR CREEK DAM","WA00264","24h",5000,334.08,522.32,36.04,"two_method"
"CLEAR CREEK DAM","WA00264","24h",10000,361.52,605.32,40.28,"two_method"
"CLEAR CREEK DAM","WA00264","72h",2,137.24,144.98,5.34,"two_method"
"CLEAR CREEK DAM","WA00264","72h",5,176.87,188,5.92,"two_method"
"CLEAR CREEK DAM","WA00264","72h",10,205.12,219.22,6.43,"two_method"
"CLEAR CREEK DAM","WA00264","72h",25,245.33,264.34,7.19,"two_method"
"CLEAR CREEK DAM","WA00264","72h",50,279.44,303.15,7.82,"two_method"
"CLEAR CREEK DAM","WA00264","72h",100,317.65,347.16,8.5,"two_method"
"CLEAR CREEK DAM","WA00264","72h",200,360.73,397.35,9.22,"two_method"
"CLEAR CREEK DAM","WA00264","72h",500,426.45,474.98,10.22,"two_method"
"CLEAR CREEK DAM","WA00264","72h",1000,483.86,543.71,11.01,"two_method"
"CLEAR CREEK DAM","WA00264","72h",2000,548.93,622.52,11.82,"two_method"
"CLEAR CREEK DAM","WA00264","72h",5000,648.48,744.75,12.93,"two_method"
"CLEAR CREEK DAM","WA00264","72h",10000,735.56,853.12,13.78,"two_method"
"CLEAR LAKE DIKE 1","CA10141","24h",2,43.28,30.62,29.25,"two_method"
"CLEAR LAKE DIKE 1","CA10141","24h",5,56.43,41.13,27.11,"two_method"
"CLEAR LAKE DIKE 1","CA10141","24h",10,66.03,48.56,26.46,"two_method"
"CLEAR LAKE DIKE 1","CA10141","24h",25,79.99,58.51,26.85,"two_method"
"CLEAR LAKE DIKE 1","CA10141","24h",50,92.06,66.32,27.96,"two_method"
"CLEAR LAKE DIKE 1","CA10141","24h",100,105.79,74.47,29.61,"two_method"
"CLEAR LAKE DIKE 1","CA10141","24h",200,121.53,82.98,31.72,"two_method"
"CLEAR LAKE DIKE 1","CA10141","24h",500,145.98,94.86,35.02,"two_method"
"CLEAR LAKE DIKE 1","CA10141","24h",1000,167.73,104.35,37.79,"two_method"
"CLEAR LAKE DIKE 1","CA10141","24h",2000,192.78,114.3,40.71,"two_method"
"CLEAR LAKE DIKE 1","CA10141","24h",5000,231.81,128.21,44.69,"two_method"
"CLEAR LAKE DIKE 1","CA10141","24h",10000,266.58,139.33,47.73,"two_method"
"CLEAR LAKE DIKE 1","CA10141","72h",2,64.74,44.17,31.77,"two_method"
"CLEAR LAKE DIKE 1","CA10141","72h",5,86.09,60.1,30.19,"two_method"
"CLEAR LAKE DIKE 1","CA10141","72h",10,101.81,72.2,29.08,"two_method"
"CLEAR LAKE DIKE 1","CA10141","72h",25,124.84,90.37,27.61,"two_method"
"CLEAR LAKE DIKE 1","CA10141","72h",50,144.87,106.56,26.44,"two_method"
"CLEAR LAKE DIKE 1","CA10141","72h",100,167.82,125.47,25.24,"two_method"
"CLEAR LAKE DIKE 1","CA10141","72h",200,194.26,147.69,23.97,"two_method"
"CLEAR LAKE DIKE 1","CA10141","72h",500,235.62,183.25,22.23,"two_method"
"CLEAR LAKE DIKE 1","CA10141","72h",1000,272.67,215.82,20.85,"two_method"
"CLEAR LAKE DIKE 1","CA10141","72h",2000,315.56,254.28,19.42,"two_method"
"CLEAR LAKE DIKE 1","CA10141","72h",5000,382.85,316,17.46,"two_method"
"CLEAR LAKE DIKE 1","CA10141","72h",10000,443.18,372.6,15.93,"two_method"
"COLD SPRINGS RES. (USBR)","OR00590","24h",2,23.51,23.51,0,"identical_fallback"
"COLD SPRINGS RES. (USBR)","OR00590","24h",5,30.88,30.88,0,"identical_fallback"
"COLD SPRINGS RES. (USBR)","OR00590","24h",10,36.09,36.09,0,"identical_fallback"
"COLD SPRINGS RES. (USBR)","OR00590","24h",25,43.09,43.09,0,"identical_fallback"
"COLD SPRINGS RES. (USBR)","OR00590","24h",50,48.58,48.58,0,"identical_fallback"
"COLD SPRINGS RES. (USBR)","OR00590","24h",100,54.31,54.31,0,"identical_fallback"
"COLD SPRINGS RES. (USBR)","OR00590","24h",200,60.31,60.31,0,"identical_fallback"
"COLD SPRINGS RES. (USBR)","OR00590","24h",500,68.68,68.68,0,"identical_fallback"
"COLD SPRINGS RES. (USBR)","OR00590","24h",1000,75.37,75.37,0,"identical_fallback"
"COLD SPRINGS RES. (USBR)","OR00590","24h",2000,82.4,82.4,0,"identical_fallback"
"COLD SPRINGS RES. (USBR)","OR00590","24h",5000,92.22,92.22,0,"identical_fallback"
"COLD SPRINGS RES. (USBR)","OR00590","24h",10000,100.09,100.09,0,"identical_fallback"
"COLD SPRINGS RES. (USBR)","OR00590","72h",2,27.27,27.27,0,"identical_fallback"
"COLD SPRINGS RES. (USBR)","OR00590","72h",5,35.21,35.21,0,"identical_fallback"
"COLD SPRINGS RES. (USBR)","OR00590","72h",10,40.66,40.66,0,"identical_fallback"
"COLD SPRINGS RES. (USBR)","OR00590","72h",25,47.78,47.78,0,"identical_fallback"
"COLD SPRINGS RES. (USBR)","OR00590","72h",50,53.23,53.23,0,"identical_fallback"
"COLD SPRINGS RES. (USBR)","OR00590","72h",100,58.79,58.79,0,"identical_fallback"
"COLD SPRINGS RES. (USBR)","OR00590","72h",200,64.48,64.48,0,"identical_fallback"
"COLD SPRINGS RES. (USBR)","OR00590","72h",500,72.22,72.22,0,"identical_fallback"
"COLD SPRINGS RES. (USBR)","OR00590","72h",1000,78.25,78.25,0,"identical_fallback"
"COLD SPRINGS RES. (USBR)","OR00590","72h",2000,84.45,84.45,0,"identical_fallback"
"COLD SPRINGS RES. (USBR)","OR00590","72h",5000,92.9,92.9,0,"identical_fallback"
"COLD SPRINGS RES. (USBR)","OR00590","72h",10000,99.49,99.49,0,"identical_fallback"
"COMO","MT00564","24h",2,28.43,29.39,3.27,"two_method"
"COMO","MT00564","24h",5,37.5,39.65,5.42,"two_method"
"COMO","MT00564","24h",10,43.4,46.55,6.77,"two_method"
"COMO","MT00564","24h",25,50.75,55.39,8.38,"two_method"
"COMO","MT00564","24h",50,56.12,62.05,9.56,"two_method"
"COMO","MT00564","24h",100,61.38,68.77,10.75,"two_method"
"COMO","MT00564","24h",200,66.57,75.59,11.93,"two_method"
"COMO","MT00564","24h",500,73.3,84.83,13.59,"two_method"
"COMO","MT00564","24h",1000,78.32,92.02,14.89,"two_method"
"COMO","MT00564","24h",2000,83.28,99.38,16.2,"two_method"
"COMO","MT00564","24h",5000,89.74,109.43,17.99,"two_method"
"COMO","MT00564","24h",10000,94.56,117.28,19.37,"two_method"
"COMO","MT00564","72h",2,44.84,38.87,13.31,"two_method"
"COMO","MT00564","72h",5,56.44,51.63,8.52,"two_method"
"COMO","MT00564","72h",10,64.34,60.07,6.64,"two_method"
"COMO","MT00564","72h",25,75.19,70.73,5.93,"two_method"
"COMO","MT00564","72h",50,84.07,78.64,6.46,"two_method"
"COMO","MT00564","72h",100,93.74,86.49,7.73,"two_method"
"COMO","MT00564","72h",200,104.33,94.31,9.6,"two_method"
"COMO","MT00564","72h",500,119.96,104.62,12.79,"two_method"
"COMO","MT00564","72h",1000,133.16,112.41,15.58,"two_method"
"COMO","MT00564","72h",2000,147.71,120.19,18.63,"two_method"
"COMO","MT00564","72h",5000,169.23,130.48,22.9,"two_method"
"COMO","MT00564","72h",10000,187.44,138.25,26.24,"two_method"
"CONCONULLY","WA00259","24h",2,41.62,42.26,1.51,"two_method"
"CONCONULLY","WA00259","24h",5,55.51,54.51,1.8,"two_method"
"CONCONULLY","WA00259","24h",10,65.02,63.1,2.95,"two_method"
"CONCONULLY","WA00259","24h",25,77.4,74.52,3.72,"two_method"
"CONCONULLY","WA00259","24h",50,86.87,83.42,3.97,"two_method"
"CONCONULLY","WA00259","24h",100,96.5,92.63,4.01,"two_method"
"CONCONULLY","WA00259","24h",200,106.35,102.21,3.89,"two_method"
"CONCONULLY","WA00259","24h",500,119.71,115.46,3.55,"two_method"
"CONCONULLY","WA00259","24h",1000,130.11,125.98,3.17,"two_method"
"CONCONULLY","WA00259","24h",2000,140.77,136.94,2.72,"two_method"
"CONCONULLY","WA00259","24h",5000,155.26,152.15,2,"two_method"
"CONCONULLY","WA00259","24h",10000,166.55,164.22,1.4,"two_method"
"CONCONULLY","WA00259","72h",2,56.6,67.77,16.48,"two_method"
"CONCONULLY","WA00259","72h",5,75.05,85.37,12.09,"two_method"
"CONCONULLY","WA00259","72h",10,87.52,96.86,9.64,"two_method"
"CONCONULLY","WA00259","72h",25,103.58,111.2,6.85,"two_method"
"CONCONULLY","WA00259","72h",50,115.72,121.7,4.91,"two_method"
"CONCONULLY","WA00259","72h",100,127.95,132.02,3.08,"two_method"
"CONCONULLY","WA00259","72h",200,140.34,142.2,1.31,"two_method"
"CONCONULLY","WA00259","72h",500,156.97,155.46,0.96,"two_method"
"CONCONULLY","WA00259","72h",1000,169.76,165.37,2.59,"two_method"
"CONCONULLY","WA00259","72h",2000,182.76,175.17,4.15,"two_method"
"CONCONULLY","WA00259","72h",5000,200.24,187.98,6.12,"two_method"
"CONCONULLY","WA00259","72h",10000,213.7,197.54,7.56,"two_method"
"CONTRA LOMA","CA10143","24h",2,83.32,83.32,0,"identical_fallback"
"CONTRA LOMA","CA10143","24h",5,111.81,111.81,0,"identical_fallback"
"CONTRA LOMA","CA10143","24h",10,131.68,131.68,0,"identical_fallback"
"CONTRA LOMA","CA10143","24h",25,158,158,0,"identical_fallback"
"CONTRA LOMA","CA10143","24h",50,178.45,178.45,0,"identical_fallback"
"CONTRA LOMA","CA10143","24h",100,199.55,199.55,0,"identical_fallback"
"CONTRA LOMA","CA10143","24h",200,221.41,221.41,0,"identical_fallback"
"CONTRA LOMA","CA10143","24h",500,251.58,251.58,0,"identical_fallback"
"CONTRA LOMA","CA10143","24h",1000,275.42,275.42,0,"identical_fallback"
"CONTRA LOMA","CA10143","24h",2000,300.2,300.2,0,"identical_fallback"
"CONTRA LOMA","CA10143","24h",5000,334.44,334.44,0,"identical_fallback"
"CONTRA LOMA","CA10143","24h",10000,361.53,361.53,0,"identical_fallback"
"CONTRA LOMA","CA10143","72h",2,134.74,134.74,0,"identical_fallback"
"CONTRA LOMA","CA10143","72h",5,188.98,188.98,0,"identical_fallback"
"CONTRA LOMA","CA10143","72h",10,227.96,227.96,0,"identical_fallback"
"CONTRA LOMA","CA10143","72h",25,280.99,280.99,0,"identical_fallback"
"CONTRA LOMA","CA10143","72h",50,323.26,323.26,0,"identical_fallback"
"CONTRA LOMA","CA10143","72h",100,367.86,367.86,0,"identical_fallback"
"CONTRA LOMA","CA10143","72h",200,415.07,415.07,0,"identical_fallback"
"CONTRA LOMA","CA10143","72h",500,481.9,481.9,0,"identical_fallback"
"CONTRA LOMA","CA10143","72h",1000,536.08,536.08,0,"identical_fallback"
"CONTRA LOMA","CA10143","72h",2000,593.6,593.6,0,"identical_fallback"
"CONTRA LOMA","CA10143","72h",5000,675.16,675.16,0,"identical_fallback"
"CONTRA LOMA","CA10143","72h",10000,741.33,741.33,0,"identical_fallback"
"CRANE PRAIRIE","OR00279","24h",2,62.07,70.97,12.54,"two_method"
"CRANE PRAIRIE","OR00279","24h",5,81.79,92.14,11.23,"two_method"
"CRANE PRAIRIE","OR00279","24h",10,94.96,106.46,10.8,"two_method"
"CRANE PRAIRIE","OR00279","24h",25,111.72,124.88,10.54,"two_method"
"CRANE PRAIRIE","OR00279","24h",50,124.27,138.81,10.47,"two_method"
"CRANE PRAIRIE","OR00279","24h",100,136.9,152.84,10.43,"two_method"
"CRANE PRAIRIE","OR00279","24h",200,149.69,167.05,10.39,"two_method"
"CRANE PRAIRIE","OR00279","24h",500,166.94,186.12,10.31,"two_method"
"CRANE PRAIRIE","OR00279","24h",1000,180.3,200.8,10.21,"two_method"
"CRANE PRAIRIE","OR00279","24h",2000,193.97,215.7,10.07,"two_method"
"CRANE PRAIRIE","OR00279","24h",5000,212.55,235.75,9.84,"two_method"
"CRANE PRAIRIE","OR00279","24h",10000,227.03,251.19,9.62,"two_method"
"CRANE PRAIRIE","OR00279","72h",2,111.08,128.02,13.23,"two_method"
"CRANE PRAIRIE","OR00279","72h",5,139.46,159.39,12.5,"two_method"
"CRANE PRAIRIE","OR00279","72h",10,159.45,180.63,11.73,"two_method"
"CRANE PRAIRIE","OR00279","72h",25,187.63,209.57,10.47,"two_method"
"CRANE PRAIRIE","OR00279","72h",50,211.32,233.15,9.36,"two_method"
"CRANE PRAIRIE","OR00279","72h",100,237.66,258.69,8.13,"two_method"
"CRANE PRAIRIE","OR00279","72h",200,267.13,286.53,6.77,"two_method"
"CRANE PRAIRIE","OR00279","72h",500,311.69,327.38,4.79,"two_method"
"CRANE PRAIRIE","OR00279","72h",1000,350.29,361.72,3.16,"two_method"
"CRANE PRAIRIE","OR00279","72h",2000,393.71,399.37,1.42,"two_method"
"CRANE PRAIRIE","OR00279","72h",5000,459.56,454.78,1.04,"two_method"
"CRANE PRAIRIE","OR00279","72h",10000,516.68,501.43,2.95,"two_method"
"CRAWFORD","CO00556","24h",2,25.91,25.44,1.81,"two_method"
"CRAWFORD","CO00556","24h",5,34.26,33.22,3.04,"two_method"
"CRAWFORD","CO00556","24h",10,39.91,38.29,4.06,"two_method"
"CRAWFORD","CO00556","24h",25,47.22,44.61,5.53,"two_method"
"CRAWFORD","CO00556","24h",50,52.75,49.24,6.65,"two_method"
"CRAWFORD","CO00556","24h",100,58.34,53.78,7.82,"two_method"
"CRAWFORD","CO00556","24h",200,64.01,58.25,9,"two_method"
"CRAWFORD","CO00556","24h",500,71.64,64.08,10.55,"two_method"
"CRAWFORD","CO00556","24h",1000,77.52,68.43,11.73,"two_method"
"CRAWFORD","CO00556","24h",2000,83.51,72.72,12.92,"two_method"
"CRAWFORD","CO00556","24h",5000,91.58,78.33,14.47,"two_method"
"CRAWFORD","CO00556","24h",10000,97.82,82.52,15.64,"two_method"
"CRAWFORD","CO00556","72h",2,33.71,31.07,7.83,"two_method"
"CRAWFORD","CO00556","72h",5,44.49,40.58,8.79,"two_method"
"CRAWFORD","CO00556","72h",10,51.84,46.99,9.36,"two_method"
"CRAWFORD","CO00556","72h",25,61.37,55.22,10.02,"two_method"
"CRAWFORD","CO00556","72h",50,68.63,61.41,10.52,"two_method"
"CRAWFORD","CO00556","72h",100,75.99,67.65,10.98,"two_method"
"CRAWFORD","CO00556","72h",200,83.48,73.94,11.43,"two_method"
"CRAWFORD","CO00556","72h",500,93.61,82.37,12.01,"two_method"
"CRAWFORD","CO00556","72h",1000,101.46,88.83,12.45,"two_method"
"CRAWFORD","CO00556","72h",2000,109.48,95.38,12.88,"two_method"
"CRAWFORD","CO00556","72h",5000,120.34,104.16,13.45,"two_method"
"CRAWFORD","CO00556","72h",10000,128.76,110.91,13.86,"two_method"
"CRYSTAL","CO00387","24h",2,28.68,32.47,11.67,"two_method"
"CRYSTAL","CO00387","24h",5,37.22,42.34,12.09,"two_method"
"CRYSTAL","CO00387","24h",10,43.4,49.33,12.02,"two_method"
"CRYSTAL","CO00387","24h",25,52.31,59.22,11.67,"two_method"
"CRYSTAL","CO00387","24h",50,59.97,67.56,11.23,"two_method"
"CRYSTAL","CO00387","24h",100,68.63,76.86,10.71,"two_method"
"CRYSTAL","CO00387","24h",200,78.49,87.29,10.08,"two_method"
"CRYSTAL","CO00387","24h",500,93.72,103.12,9.12,"two_method"
"CRYSTAL","CO00387","24h",1000,107.17,116.87,8.3,"two_method"
"CRYSTAL","CO00387","24h",2000,122.58,132.38,7.4,"two_method"
"CRYSTAL","CO00387","24h",5000,146.42,155.98,6.13,"two_method"
"CRYSTAL","CO00387","24h",10000,167.52,176.51,5.09,"two_method"
"CRYSTAL","CO00387","72h",2,38.66,44.37,12.87,"two_method"
"CRYSTAL","CO00387","72h",5,50.71,59.01,14.07,"two_method"
"CRYSTAL","CO00387","72h",10,58.8,68.39,14.02,"two_method"
"CRYSTAL","CO00387","72h",25,69.18,79.89,13.41,"two_method"
"CRYSTAL","CO00387","72h",50,76.98,88.18,12.7,"two_method"
"CRYSTAL","CO00387","72h",100,84.82,96.21,11.84,"two_method"
"CRYSTAL","CO00387","72h",200,92.71,104.02,10.87,"two_method"
"CRYSTAL","CO00387","72h",500,103.26,114.03,9.44,"two_method"
"CRYSTAL","CO00387","72h",1000,111.34,121.39,8.28,"two_method"
"CRYSTAL","CO00387","72h",2000,119.51,128.57,7.05,"two_method"
"CRYSTAL","CO00387","72h",5000,130.45,137.79,5.33,"two_method"
"CRYSTAL","CO00387","72h",10000,138.83,144.58,3.98,"two_method"
"CURRANT CREEK","UT10149","24h",2,37.27,45.23,17.6,"two_method"
"CURRANT CREEK","UT10149","24h",5,47.63,58.36,18.39,"two_method"
"CURRANT CREEK","UT10149","24h",10,55.02,67.86,18.92,"two_method"
"CURRANT CREEK","UT10149","24h",25,65.54,81.53,19.61,"two_method"
"CURRANT CREEK","UT10149","24h",50,74.48,93.26,20.14,"two_method"
"CURRANT CREEK","UT10149","24h",100,84.5,106.51,20.66,"two_method"
"CURRANT CREEK","UT10149","24h",200,95.8,121.59,21.21,"two_method"
"CURRANT CREEK","UT10149","24h",500,113.05,144.84,21.95,"two_method"
"CURRANT CREEK","UT10149","24h",1000,128.14,165.36,22.51,"two_method"
"CURRANT CREEK","UT10149","24h",2000,145.24,188.83,23.08,"two_method"
"CURRANT CREEK","UT10149","24h",5000,171.43,225.11,23.85,"two_method"
"CURRANT CREEK","UT10149","24h",10000,194.35,257.18,24.43,"two_method"
"CURRANT CREEK","UT10149","72h",2,53.74,67.39,20.26,"two_method"
"CURRANT CREEK","UT10149","72h",5,68.97,86.41,20.18,"two_method"
"CURRANT CREEK","UT10149","72h",10,79.89,99.81,19.96,"two_method"
"CURRANT CREEK","UT10149","72h",25,95.53,118.71,19.53,"two_method"
"CURRANT CREEK","UT10149","72h",50,108.87,134.6,19.12,"two_method"
"CURRANT CREEK","UT10149","72h",100,123.88,152.27,18.64,"two_method"
"CURRANT CREEK","UT10149","72h",200,140.87,172.04,18.12,"two_method"
"CURRANT CREEK","UT10149","72h",500,166.93,201.94,17.34,"two_method"
"CURRANT CREEK","UT10149","72h",1000,189.81,227.85,16.7,"two_method"
"CURRANT CREEK","UT10149","72h",2000,215.86,257,16.01,"two_method"
"CURRANT CREEK","UT10149","72h",5000,255.9,301.22,15.05,"two_method"
"CURRANT CREEK","UT10149","72h",10000,291.12,339.58,14.27,"two_method"
"DAVIS BOR","AZ10309","24h",2,15.11,15.11,0,"identical_fallback"
"DAVIS BOR","AZ10309","24h",5,21.07,21.07,0,"identical_fallback"
"DAVIS BOR","AZ10309","24h",10,25.44,25.44,0,"identical_fallback"
"DAVIS BOR","AZ10309","24h",25,31.78,31.78,0,"identical_fallback"
"DAVIS BOR","AZ10309","24h",50,37.28,37.28,0,"identical_fallback"
"DAVIS BOR","AZ10309","24h",100,43.54,43.54,0,"identical_fallback"
"DAVIS BOR","AZ10309","24h",200,50.72,50.72,0,"identical_fallback"
"DAVIS BOR","AZ10309","24h",500,61.9,61.9,0,"identical_fallback"
"DAVIS BOR","AZ10309","24h",1000,71.86,71.86,0,"identical_fallback"
"DAVIS BOR","AZ10309","24h",2000,83.33,83.33,0,"identical_fallback"
"DAVIS BOR","AZ10309","24h",5000,101.24,101.24,0,"identical_fallback"
"DAVIS BOR","AZ10309","24h",10000,117.21,117.21,0,"identical_fallback"
"DAVIS BOR","AZ10309","72h",2,15.55,15.55,0,"identical_fallback"
"DAVIS BOR","AZ10309","72h",5,22.49,22.49,0,"identical_fallback"
"DAVIS BOR","AZ10309","72h",10,27.22,27.22,0,"identical_fallback"
"DAVIS BOR","AZ10309","72h",25,33.37,33.37,0,"identical_fallback"
"DAVIS BOR","AZ10309","72h",50,38.06,38.06,0,"identical_fallback"
"DAVIS BOR","AZ10309","72h",100,42.82,42.82,0,"identical_fallback"
"DAVIS BOR","AZ10309","72h",200,47.66,47.66,0,"identical_fallback"
"DAVIS BOR","AZ10309","72h",500,54.23,54.23,0,"identical_fallback"
"DAVIS BOR","AZ10309","72h",1000,59.32,59.32,0,"identical_fallback"
"DAVIS BOR","AZ10309","72h",2000,64.53,64.53,0,"identical_fallback"
"DAVIS BOR","AZ10309","72h",5000,71.59,71.59,0,"identical_fallback"
"DAVIS BOR","AZ10309","72h",10000,77.08,77.08,0,"identical_fallback"
"DAVIS CREEK","NE02342","24h",2,62.71,62.66,0.08,"two_method"
"DAVIS CREEK","NE02342","24h",5,84.45,83.77,0.81,"two_method"
"DAVIS CREEK","NE02342","24h",10,99.57,98.48,1.09,"two_method"
"DAVIS CREEK","NE02342","24h",25,119.57,117.95,1.35,"two_method"
"DAVIS CREEK","NE02342","24h",50,135.06,133.06,1.48,"two_method"
"DAVIS CREEK","NE02342","24h",100,151.03,148.65,1.58,"two_method"
"DAVIS CREEK","NE02342","24h",200,167.53,164.78,1.64,"two_method"
"DAVIS CREEK","NE02342","24h",500,190.25,187.02,1.7,"two_method"
"DAVIS CREEK","NE02342","24h",1000,208.17,204.59,1.72,"two_method"
"DAVIS CREEK","NE02342","24h",2000,226.76,222.83,1.73,"two_method"
"DAVIS CREEK","NE02342","24h",5000,252.4,248.02,1.74,"two_method"
"DAVIS CREEK","NE02342","24h",10000,272.63,267.93,1.72,"two_method"
"DAVIS CREEK","NE02342","72h",2,75.31,75.19,0.16,"two_method"
"DAVIS CREEK","NE02342","72h",5,99.59,98.71,0.88,"two_method"
"DAVIS CREEK","NE02342","72h",10,115.54,114.18,1.18,"two_method"
"DAVIS CREEK","NE02342","72h",25,135.56,133.6,1.45,"two_method"
"DAVIS CREEK","NE02342","72h",50,150.31,147.93,1.58,"two_method"
"DAVIS CREEK","NE02342","72h",100,164.87,162.08,1.69,"two_method"
"DAVIS CREEK","NE02342","72h",200,179.3,176.11,1.78,"two_method"
"DAVIS CREEK","NE02342","72h",500,198.21,194.51,1.87,"two_method"
"DAVIS CREEK","NE02342","72h",1000,212.4,208.34,1.91,"two_method"
"DAVIS CREEK","NE02342","72h",2000,226.52,222.09,1.96,"two_method"
"DAVIS CREEK","NE02342","72h",5000,245.05,240.17,1.99,"two_method"
"DAVIS CREEK","NE02342","72h",10000,258.97,253.77,2.01,"two_method"
"DEAVER","WY01379","24h",2,32.43,30.12,7.12,"two_method"
"DEAVER","WY01379","24h",5,45.53,41.92,7.93,"two_method"
"DEAVER","WY01379","24h",10,54.74,50.16,8.37,"two_method"
"DEAVER","WY01379","24h",25,67.05,61.05,8.95,"two_method"
"DEAVER","WY01379","24h",50,76.68,69.5,9.36,"two_method"
"DEAVER","WY01379","24h",100,86.69,78.22,9.77,"two_method"
"DEAVER","WY01379","24h",200,97.13,87.25,10.17,"two_method"
"DEAVER","WY01379","24h",500,111.64,99.69,10.7,"two_method"
"DEAVER","WY01379","24h",1000,123.19,109.52,11.1,"two_method"
"DEAVER","WY01379","24h",2000,135.28,119.72,11.5,"two_method"
"DEAVER","WY01379","24h",5000,152.11,133.82,12.02,"two_method"
"DEAVER","WY01379","24h",10000,165.52,144.96,12.42,"two_method"
"DEAVER","WY01379","72h",2,40.63,37.58,7.51,"two_method"
"DEAVER","WY01379","72h",5,57.09,52.51,8.02,"two_method"
"DEAVER","WY01379","72h",10,68.48,62.73,8.4,"two_method"
"DEAVER","WY01379","72h",25,83.49,76.05,8.91,"two_method"
"DEAVER","WY01379","72h",50,95.07,86.23,9.3,"two_method"
"DEAVER","WY01379","72h",100,106.96,96.59,9.7,"two_method"
"DEAVER","WY01379","72h",200,119.21,107.18,10.09,"two_method"
"DEAVER","WY01379","72h",500,136.02,121.55,10.64,"two_method"
"DEAVER","WY01379","72h",1000,149.22,132.74,11.04,"two_method"
"DEAVER","WY01379","72h",2000,162.86,144.21,11.45,"two_method"
"DEAVER","WY01379","72h",5000,181.61,159.81,12,"two_method"
"DEAVER","WY01379","72h",10000,196.36,171.96,12.43,"two_method"
"DEER FLAT UPPER","ID00276","24h",2,22.96,25.38,9.54,"two_method"
"DEER FLAT UPPER","ID00276","24h",5,30.37,33.5,9.34,"two_method"
"DEER FLAT UPPER","ID00276","24h",10,35.5,39.15,9.32,"two_method"
"DEER FLAT UPPER","ID00276","24h",25,42.23,46.61,9.4,"two_method"
"DEER FLAT UPPER","ID00276","24h",50,47.42,52.4,9.5,"two_method"
"DEER FLAT UPPER","ID00276","24h",100,52.75,58.35,9.6,"two_method"
"DEER FLAT UPPER","ID00276","24h",200,58.23,64.51,9.73,"two_method"
"DEER FLAT UPPER","ID00276","24h",500,65.73,72.99,9.95,"two_method"
"DEER FLAT UPPER","ID00276","24h",1000,71.61,79.67,10.12,"two_method"
"DEER FLAT UPPER","ID00276","24h",2000,77.69,86.6,10.29,"two_method"
"DEER FLAT UPPER","ID00276","24h",5000,86.02,96.16,10.54,"two_method"
"DEER FLAT UPPER","ID00276","24h",10000,92.57,103.7,10.73,"two_method"
"DEER FLAT UPPER","ID00276","72h",2,30.48,33.68,9.5,"two_method"
"DEER FLAT UPPER","ID00276","72h",5,39.59,43.72,9.45,"two_method"
"DEER FLAT UPPER","ID00276","72h",10,45.5,50.29,9.52,"two_method"
"DEER FLAT UPPER","ID00276","72h",25,52.81,58.54,9.79,"two_method"
"DEER FLAT UPPER","ID00276","72h",50,58.13,64.6,10.02,"two_method"
"DEER FLAT UPPER","ID00276","72h",100,63.34,70.57,10.25,"two_method"
"DEER FLAT UPPER","ID00276","72h",200,68.43,76.48,10.53,"two_method"
"DEER FLAT UPPER","ID00276","72h",500,75.04,84.22,10.9,"two_method"
"DEER FLAT UPPER","ID00276","72h",1000,79.94,90.02,11.2,"two_method"
"DEER FLAT UPPER","ID00276","72h",2000,84.76,95.77,11.5,"two_method"
"DEER FLAT UPPER","ID00276","72h",5000,91.01,103.32,11.91,"two_method"
"DEER FLAT UPPER","ID00276","72h",10000,95.65,108.98,12.23,"two_method"
"DEERFIELD","SD01138","24h",2,44.62,43.78,1.88,"two_method"
"DEERFIELD","SD01138","24h",5,61.92,58.19,6.02,"two_method"
"DEERFIELD","SD01138","24h",10,74.03,68.45,7.54,"two_method"
"DEERFIELD","SD01138","24h",25,90.1,83.05,7.82,"two_method"
"DEERFIELD","SD01138","24h",50,102.61,95.43,7,"two_method"
"DEERFIELD","SD01138","24h",100,115.55,109.28,5.43,"two_method"
"DEERFIELD","SD01138","24h",200,128.99,124.89,3.18,"two_method"
"DEERFIELD","SD01138","24h",500,147.56,148.68,0.75,"two_method"
"DEERFIELD","SD01138","24h",1000,162.28,169.45,4.23,"two_method"
"DEERFIELD","SD01138","24h",2000,177.61,192.98,7.96,"two_method"
"DEERFIELD","SD01138","24h",5000,198.84,228.95,13.15,"two_method"
"DEERFIELD","SD01138","24h",10000,215.68,260.39,17.17,"two_method"
"DEERFIELD","SD01138","72h",2,56.57,58.16,2.73,"two_method"
"DEERFIELD","SD01138","72h",5,77.92,78.51,0.75,"two_method"
"DEERFIELD","SD01138","72h",10,92.28,92.85,0.61,"two_method"
"DEERFIELD","SD01138","72h",25,110.7,113.06,2.09,"two_method"
"DEERFIELD","SD01138","72h",50,124.55,130.03,4.21,"two_method"
"DEERFIELD","SD01138","72h",100,138.47,148.91,7.01,"two_method"
"DEERFIELD","SD01138","72h",200,152.51,170.02,10.3,"two_method"
"DEERFIELD","SD01138","72h",500,171.28,201.95,15.19,"two_method"
"DEERFIELD","SD01138","72h",1000,185.66,229.59,19.13,"two_method"
"DEERFIELD","SD01138","72h",2000,200.21,260.68,23.2,"two_method"
"DEERFIELD","SD01138","72h",5000,219.71,307.82,28.62,"two_method"
"DEERFIELD","SD01138","72h",10000,234.66,348.7,32.7,"two_method"
"DERBY DIVERSION","NV10121","24h",2,40.34,52.2,22.72,"two_method"
"DERBY DIVERSION","NV10121","24h",5,56.06,73.48,23.71,"two_method"
"DERBY DIVERSION","NV10121","24h",10,67.03,88.52,24.28,"two_method"
"DERBY DIVERSION","NV10121","24h",25,81.54,108.67,24.97,"two_method"
"DERBY DIVERSION","NV10121","24h",50,92.81,124.5,25.45,"two_method"
"DERBY DIVERSION","NV10121","24h",100,104.43,140.98,25.93,"two_method"
"DERBY DIVERSION","NV10121","24h",200,116.46,158.22,26.39,"two_method"
"DERBY DIVERSION","NV10121","24h",500,133.04,182.26,27.01,"two_method"
"DERBY DIVERSION","NV10121","24h",1000,146.15,201.47,27.46,"two_method"
"DERBY DIVERSION","NV10121","24h",2000,159.75,221.61,27.91,"two_method"
"DERBY DIVERSION","NV10121","24h",5000,178.55,249.76,28.51,"two_method"
"DERBY DIVERSION","NV10121","24h",10000,193.4,272.26,28.96,"two_method"
"DERBY DIVERSION","NV10121","72h",2,55.08,77.09,28.55,"two_method"
"DERBY DIVERSION","NV10121","72h",5,78.47,111.06,29.34,"two_method"
"DERBY DIVERSION","NV10121","72h",10,94.89,135.39,29.91,"two_method"
"DERBY DIVERSION","NV10121","72h",25,116.76,168.39,30.66,"two_method"
"DERBY DIVERSION","NV10121","72h",50,133.85,194.63,31.23,"two_method"
"DERBY DIVERSION","NV10121","72h",100,151.56,222.25,31.81,"two_method"
"DERBY DIVERSION","NV10121","72h",200,169.99,251.41,32.39,"two_method"
"DERBY DIVERSION","NV10121","72h",500,195.56,292.59,33.16,"two_method"
"DERBY DIVERSION","NV10121","72h",1000,215.87,325.88,33.76,"two_method"
"DERBY DIVERSION","NV10121","72h",2000,237.08,361.15,34.35,"two_method"
"DERBY DIVERSION","NV10121","72h",5000,266.54,411.01,35.15,"two_method"
"DERBY DIVERSION","NV10121","72h",10000,289.97,451.36,35.76,"two_method"
"DICKINSON DAM","ND00148","24h",2,45.13,44.17,2.13,"two_method"
"DICKINSON DAM","ND00148","24h",5,61.92,60.27,2.66,"two_method"
"DICKINSON DAM","ND00148","24h",10,73.44,70.94,3.4,"two_method"
"DICKINSON DAM","ND00148","24h",25,88.46,84.45,4.53,"two_method"
"DICKINSON DAM","ND00148","24h",50,99.95,94.53,5.42,"two_method"
"DICKINSON DAM","ND00148","24h",100,111.66,104.63,6.3,"two_method"
"DICKINSON DAM","ND00148","24h",200,123.64,114.83,7.13,"two_method"
"DICKINSON DAM","ND00148","24h",500,139.92,128.55,8.13,"two_method"
"DICKINSON DAM","ND00148","24h",1000,152.61,139.14,8.83,"two_method"
"DICKINSON DAM","ND00148","24h",2000,165.62,149.95,9.46,"two_method"
"DICKINSON DAM","ND00148","24h",5000,183.35,164.61,10.22,"two_method"
"DICKINSON DAM","ND00148","24h",10000,197.16,176,10.73,"two_method"
"DICKINSON DAM","ND00148","72h",2,55.03,53.55,2.69,"two_method"
"DICKINSON DAM","ND00148","72h",5,75,73.68,1.76,"two_method"
"DICKINSON DAM","ND00148","72h",10,88.24,87.12,1.27,"two_method"
"DICKINSON DAM","ND00148","72h",25,104.99,104.22,0.73,"two_method"
"DICKINSON DAM","ND00148","72h",50,117.42,117.04,0.32,"two_method"
"DICKINSON DAM","ND00148","72h",100,129.76,129.93,0.13,"two_method"
"DICKINSON DAM","ND00148","72h",200,142.07,142.98,0.64,"two_method"
"DICKINSON DAM","ND00148","72h",500,158.32,160.58,1.41,"two_method"
"DICKINSON DAM","ND00148","72h",1000,170.62,174.22,2.07,"two_method"
"DICKINSON DAM","ND00148","72h",2000,182.91,188.17,2.8,"two_method"
"DICKINSON DAM","ND00148","72h",5000,199.18,207.14,3.84,"two_method"
"DICKINSON DAM","ND00148","72h",10000,211.49,221.92,4.7,"two_method"
"DRY FALLS DAM & POWERPLANT","WA00261","24h",2,34.88,34.88,0,"identical_fallback"
"DRY FALLS DAM & POWERPLANT","WA00261","24h",5,45.64,45.64,0,"identical_fallback"
"DRY FALLS DAM & POWERPLANT","WA00261","24h",10,53.03,53.03,0,"identical_fallback"
"DRY FALLS DAM & POWERPLANT","WA00261","24h",25,62.66,62.66,0,"identical_fallback"
"DRY FALLS DAM & POWERPLANT","WA00261","24h",50,70.04,70.04,0,"identical_fallback"
"DRY FALLS DAM & POWERPLANT","WA00261","24h",100,77.55,77.55,0,"identical_fallback"
"DRY FALLS DAM & POWERPLANT","WA00261","24h",200,85.24,85.24,0,"identical_fallback"
"DRY FALLS DAM & POWERPLANT","WA00261","24h",500,95.7,95.7,0,"identical_fallback"
"DRY FALLS DAM & POWERPLANT","WA00261","24h",1000,103.85,103.85,0,"identical_fallback"
"DRY FALLS DAM & POWERPLANT","WA00261","24h",2000,112.21,112.21,0,"identical_fallback"
"DRY FALLS DAM & POWERPLANT","WA00261","24h",5000,123.61,123.61,0,"identical_fallback"
"DRY FALLS DAM & POWERPLANT","WA00261","24h",10000,132.49,132.49,0,"identical_fallback"
"DRY FALLS DAM & POWERPLANT","WA00261","72h",2,56.04,56.04,0,"identical_fallback"
"DRY FALLS DAM & POWERPLANT","WA00261","72h",5,73.53,73.53,0,"identical_fallback"
"DRY FALLS DAM & POWERPLANT","WA00261","72h",10,85.19,85.19,0,"identical_fallback"
"DRY FALLS DAM & POWERPLANT","WA00261","72h",25,99.99,99.99,0,"identical_fallback"
"DRY FALLS DAM & POWERPLANT","WA00261","72h",50,111.03,111.03,0,"identical_fallback"
"DRY FALLS DAM & POWERPLANT","WA00261","72h",100,122.05,122.05,0,"identical_fallback"
"DRY FALLS DAM & POWERPLANT","WA00261","72h",200,133.07,133.07,0,"identical_fallback"
"DRY FALLS DAM & POWERPLANT","WA00261","72h",500,147.68,147.68,0,"identical_fallback"
"DRY FALLS DAM & POWERPLANT","WA00261","72h",1000,158.78,158.78,0,"identical_fallback"
"DRY FALLS DAM & POWERPLANT","WA00261","72h",2000,169.93,169.93,0,"identical_fallback"
"DRY FALLS DAM & POWERPLANT","WA00261","72h",5000,184.74,184.74,0,"identical_fallback"
"DRY FALLS DAM & POWERPLANT","WA00261","72h",10000,196.01,196.01,0,"identical_fallback"
"EAGLE LAKE DAM","WA00537","24h",2,24,24,0,"identical_fallback"
"EAGLE LAKE DAM","WA00537","24h",5,30.78,30.78,0,"identical_fallback"
"EAGLE LAKE DAM","WA00537","24h",10,35.72,35.72,0,"identical_fallback"
"EAGLE LAKE DAM","WA00537","24h",25,42.91,42.91,0,"identical_fallback"
"EAGLE LAKE DAM","WA00537","24h",50,49.11,49.11,0,"identical_fallback"
"EAGLE LAKE DAM","WA00537","24h",100,56.18,56.18,0,"identical_fallback"
"EAGLE LAKE DAM","WA00537","24h",200,64.27,64.27,0,"identical_fallback"
"EAGLE LAKE DAM","WA00537","24h",500,76.82,76.82,0,"identical_fallback"
"EAGLE LAKE DAM","WA00537","24h",1000,87.99,87.99,0,"identical_fallback"
"EAGLE LAKE DAM","WA00537","24h",2000,100.84,100.84,0,"identical_fallback"
"EAGLE LAKE DAM","WA00537","24h",5000,120.86,120.86,0,"identical_fallback"
"EAGLE LAKE DAM","WA00537","24h",10000,138.68,138.68,0,"identical_fallback"
"EAGLE LAKE DAM","WA00537","72h",2,26.2,26.2,0,"identical_fallback"
"EAGLE LAKE DAM","WA00537","72h",5,32.88,32.88,0,"identical_fallback"
"EAGLE LAKE DAM","WA00537","72h",10,37.57,37.57,0,"identical_fallback"
"EAGLE LAKE DAM","WA00537","72h",25,44.17,44.17,0,"identical_fallback"
"EAGLE LAKE DAM","WA00537","72h",50,49.71,49.71,0,"identical_fallback"
"EAGLE LAKE DAM","WA00537","72h",100,55.86,55.86,0,"identical_fallback"
"EAGLE LAKE DAM","WA00537","72h",200,62.73,62.73,0,"identical_fallback"
"EAGLE LAKE DAM","WA00537","72h",500,73.09,73.09,0,"identical_fallback"
"EAGLE LAKE DAM","WA00537","72h",1000,82.05,82.05,0,"identical_fallback"
"EAGLE LAKE DAM","WA00537","72h",2000,92.12,92.12,0,"identical_fallback"
"EAGLE LAKE DAM","WA00537","72h",5000,107.35,107.35,0,"identical_fallback"
"EAGLE LAKE DAM","WA00537","72h",10000,120.54,120.54,0,"identical_fallback"
"EAST CANYON","UT10119","24h",2,42.13,16.73,60.29,"two_method"
"EAST CANYON","UT10119","24h",5,52.82,22.33,57.72,"two_method"
"EAST CANYON","UT10119","24h",10,60.33,26.27,56.46,"two_method"
"EAST CANYON","UT10119","24h",25,70.9,31.54,55.51,"two_method"
"EAST CANYON","UT10119","24h",50,79.76,35.67,55.28,"two_method"
"EAST CANYON","UT10119","24h",100,89.61,39.96,55.41,"two_method"
"EAST CANYON","UT10119","24h",200,100.6,44.43,55.83,"two_method"
"EAST CANYON","UT10119","24h",500,117.21,50.66,56.78,"two_method"
"EAST CANYON","UT10119","24h",1000,131.56,55.63,57.72,"two_method"
"EAST CANYON","UT10119","24h",2000,147.68,60.82,58.82,"two_method"
"EAST CANYON","UT10119","24h",5000,172.09,68.07,60.45,"two_method"
"EAST CANYON","UT10119","24h",10000,193.23,73.84,61.79,"two_method"
"EAST CANYON","UT10119","72h",2,58.25,23.86,59.04,"two_method"
"EAST CANYON","UT10119","72h",5,73.15,31.13,57.44,"two_method"
"EAST CANYON","UT10119","72h",10,83.48,36.2,56.64,"two_method"
"EAST CANYON","UT10119","72h",25,97.86,43.27,55.78,"two_method"
"EAST CANYON","UT10119","72h",50,109.79,49.15,55.23,"two_method"
"EAST CANYON","UT10119","72h",100,122.92,55.64,54.73,"two_method"
"EAST CANYON","UT10119","72h",200,137.47,62.84,54.29,"two_method"
"EAST CANYON","UT10119","72h",500,159.2,73.63,53.75,"two_method"
"EAST CANYON","UT10119","72h",1000,177.8,82.9,53.37,"two_method"
"EAST CANYON","UT10119","72h",2000,198.52,93.24,53.03,"two_method"
"EAST CANYON","UT10119","72h",5000,229.56,108.77,52.62,"two_method"
"EAST CANYON","UT10119","72h",10000,256.17,122.13,52.32,"two_method"
"EAST PARK DAM","CA10145","24h",2,97.79,97.79,0,"identical_fallback"
"EAST PARK DAM","CA10145","24h",5,129.13,129.13,0,"identical_fallback"
"EAST PARK DAM","CA10145","24h",10,149.97,149.97,0,"identical_fallback"
"EAST PARK DAM","CA10145","24h",25,176.43,176.43,0,"identical_fallback"
"EAST PARK DAM","CA10145","24h",50,196.14,196.14,0,"identical_fallback"
"EAST PARK DAM","CA10145","24h",100,215.78,215.78,0,"identical_fallback"
"EAST PARK DAM","CA10145","24h",200,235.42,235.42,0,"identical_fallback"
"EAST PARK DAM","CA10145","24h",500,261.44,261.44,0,"identical_fallback"
"EAST PARK DAM","CA10145","24h",1000,281.19,281.19,0,"identical_fallback"
"EAST PARK DAM","CA10145","24h",2000,301,301,0,"identical_fallback"
"EAST PARK DAM","CA10145","24h",5000,327.29,327.29,0,"identical_fallback"
"EAST PARK DAM","CA10145","24h",10000,347.26,347.26,0,"identical_fallback"
"EAST PARK DAM","CA10145","72h",2,155.46,155.46,0,"identical_fallback"
"EAST PARK DAM","CA10145","72h",5,214.75,214.75,0,"identical_fallback"
"EAST PARK DAM","CA10145","72h",10,256.14,256.14,0,"identical_fallback"
"EAST PARK DAM","CA10145","72h",25,311,311,0,"identical_fallback"
"EAST PARK DAM","CA10145","72h",50,353.63,353.63,0,"identical_fallback"
"EAST PARK DAM","CA10145","72h",100,397.65,397.65,0,"identical_fallback"
"EAST PARK DAM","CA10145","72h",200,443.25,443.25,0,"identical_fallback"
"EAST PARK DAM","CA10145","72h",500,506.22,506.22,0,"identical_fallback"
"EAST PARK DAM","CA10145","72h",1000,556.01,556.01,0,"identical_fallback"
"EAST PARK DAM","CA10145","72h",2000,607.76,607.76,0,"identical_fallback"
"EAST PARK DAM","CA10145","72h",5000,679.33,679.33,0,"identical_fallback"
"EAST PARK DAM","CA10145","72h",10000,735.97,735.97,0,"identical_fallback"
"EASTON DIVERSION","WA00276","24h",2,80.53,75.22,6.59,"two_method"
"EASTON DIVERSION","WA00276","24h",5,108.2,103.99,3.89,"two_method"
"EASTON DIVERSION","WA00276","24h",10,127.66,123.61,3.17,"two_method"
"EASTON DIVERSION","WA00276","24h",25,153.62,148.26,3.49,"two_method"
"EASTON DIVERSION","WA00276","24h",50,173.92,166.29,4.39,"two_method"
"EASTON DIVERSION","WA00276","24h",100,195,183.97,5.66,"two_method"
"EASTON DIVERSION","WA00276","24h",200,216.96,201.38,7.18,"two_method"
"EASTON DIVERSION","WA00276","24h",500,247.48,224.07,9.46,"two_method"
"EASTON DIVERSION","WA00276","24h",1000,271.76,241.04,11.3,"two_method"
"EASTON DIVERSION","WA00276","24h",2000,297.14,257.88,13.21,"two_method"
"EASTON DIVERSION","WA00276","24h",5000,332.47,279.98,15.79,"two_method"
"EASTON DIVERSION","WA00276","24h",10000,360.6,296.58,17.75,"two_method"
"EASTON DIVERSION","WA00276","72h",2,132.58,124,6.47,"two_method"
"EASTON DIVERSION","WA00276","72h",5,171.06,166.16,2.86,"two_method"
"EASTON DIVERSION","WA00276","72h",10,198.52,192.39,3.09,"two_method"
"EASTON DIVERSION","WA00276","72h",25,237.68,223.69,5.89,"two_method"
"EASTON DIVERSION","WA00276","72h",50,270.93,245.79,9.28,"two_method"
"EASTON DIVERSION","WA00276","72h",100,308.23,266.96,13.39,"two_method"
"EASTON DIVERSION","WA00276","72h",200,350.32,287.42,17.96,"two_method"
"EASTON DIVERSION","WA00276","72h",500,414.61,313.62,24.36,"two_method"
"EASTON DIVERSION","WA00276","72h",1000,470.86,332.94,29.29,"two_method"
"EASTON DIVERSION","WA00276","72h",2000,534.67,351.89,34.19,"two_method"
"EASTON DIVERSION","WA00276","72h",5000,632.42,376.49,40.47,"two_method"
"EASTON DIVERSION","WA00276","72h",10000,718.04,394.81,45.02,"two_method"
"EBC 4.6 HYDRO POWER PLANT","WA00458","24h",2,25.19,25.19,0,"identical_fallback"
"EBC 4.6 HYDRO POWER PLANT","WA00458","24h",5,32.49,32.49,0,"identical_fallback"
"EBC 4.6 HYDRO POWER PLANT","WA00458","24h",10,37.85,37.85,0,"identical_fallback"
"EBC 4.6 HYDRO POWER PLANT","WA00458","24h",25,45.7,45.7,0,"identical_fallback"
"EBC 4.6 HYDRO POWER PLANT","WA00458","24h",50,52.51,52.51,0,"identical_fallback"
"EBC 4.6 HYDRO POWER PLANT","WA00458","24h",100,60.31,60.31,0,"identical_fallback"
"EBC 4.6 HYDRO POWER PLANT","WA00458","24h",200,69.27,69.27,0,"identical_fallback"
"EBC 4.6 HYDRO POWER PLANT","WA00458","24h",500,83.29,83.29,0,"identical_fallback"
"EBC 4.6 HYDRO POWER PLANT","WA00458","24h",1000,95.82,95.82,0,"identical_fallback"
"EBC 4.6 HYDRO POWER PLANT","WA00458","24h",2000,110.31,110.31,0,"identical_fallback"
"EBC 4.6 HYDRO POWER PLANT","WA00458","24h",5000,133.01,133.01,0,"identical_fallback"
"EBC 4.6 HYDRO POWER PLANT","WA00458","24h",10000,153.34,153.34,0,"identical_fallback"
"EBC 4.6 HYDRO POWER PLANT","WA00458","72h",2,28.84,28.84,0,"identical_fallback"
"EBC 4.6 HYDRO POWER PLANT","WA00458","72h",5,37.12,37.12,0,"identical_fallback"
"EBC 4.6 HYDRO POWER PLANT","WA00458","72h",10,42.68,42.68,0,"identical_fallback"
"EBC 4.6 HYDRO POWER PLANT","WA00458","72h",25,49.8,49.8,0,"identical_fallback"
"EBC 4.6 HYDRO POWER PLANT","WA00458","72h",50,55.14,55.14,0,"identical_fallback"
"EBC 4.6 HYDRO POWER PLANT","WA00458","72h",100,60.5,60.5,0,"identical_fallback"
"EBC 4.6 HYDRO POWER PLANT","WA00458","72h",200,65.9,65.9,0,"identical_fallback"
"EBC 4.6 HYDRO POWER PLANT","WA00458","72h",500,73.1,73.1,0,"identical_fallback"
"EBC 4.6 HYDRO POWER PLANT","WA00458","72h",1000,78.62,78.62,0,"identical_fallback"
"EBC 4.6 HYDRO POWER PLANT","WA00458","72h",2000,84.18,84.18,0,"identical_fallback"
"EBC 4.6 HYDRO POWER PLANT","WA00458","72h",5000,91.63,91.63,0,"identical_fallback"
"EBC 4.6 HYDRO POWER PLANT","WA00458","72h",10000,97.33,97.33,0,"identical_fallback"
"ECHO","UT10120","24h",2,39.69,35.4,10.81,"two_method"
"ECHO","UT10120","24h",5,50.11,45.51,9.18,"two_method"
"ECHO","UT10120","24h",10,57.52,52.13,9.37,"two_method"
"ECHO","UT10120","24h",25,68.02,60.42,11.17,"two_method"
"ECHO","UT10120","24h",50,76.91,66.51,13.52,"two_method"
"ECHO","UT10120","24h",100,86.84,72.51,16.5,"two_method"
"ECHO","UT10120","24h",200,98.02,78.43,19.99,"two_method"
"ECHO","UT10120","24h",500,115.02,86.18,25.07,"two_method"
"ECHO","UT10120","24h",1000,129.84,91.99,29.15,"two_method"
"ECHO","UT10120","24h",2000,146.59,97.74,33.32,"two_method"
"ECHO","UT10120","24h",5000,172.15,105.28,38.84,"two_method"
"ECHO","UT10120","24h",10000,194.46,110.93,42.95,"two_method"
"ECHO","UT10120","72h",2,54.22,51.87,4.33,"two_method"
"ECHO","UT10120","72h",5,68.28,65.66,3.84,"two_method"
"ECHO","UT10120","72h",10,78.07,75.36,3.47,"two_method"
"ECHO","UT10120","72h",25,91.75,89.01,2.99,"two_method"
"ECHO","UT10120","72h",50,103.13,100.47,2.58,"two_method"
"ECHO","UT10120","72h",100,115.7,113.2,2.16,"two_method"
"ECHO","UT10120","72h",200,129.65,127.42,1.72,"two_method"
"ECHO","UT10120","72h",500,150.57,148.9,1.11,"two_method"
"ECHO","UT10120","72h",1000,168.53,167.48,0.62,"two_method"
"ECHO","UT10120","72h",2000,188.59,188.35,0.13,"two_method"
"ECHO","UT10120","72h",5000,218.74,219.96,0.55,"two_method"
"ECHO","UT10120","72h",10000,244.66,247.35,1.09,"two_method"
"EDEN DIKE 1","WY01388","24h",2,26.01,23.22,10.73,"two_method"
"EDEN DIKE 1","WY01388","24h",5,35.62,31.3,12.13,"two_method"
"EDEN DIKE 1","WY01388","24h",10,42.13,36.82,12.6,"two_method"
"EDEN DIKE 1","WY01388","24h",25,50.54,44,12.94,"two_method"
"EDEN DIKE 1","WY01388","24h",50,56.9,49.48,13.04,"two_method"
"EDEN DIKE 1","WY01388","24h",100,63.32,55.05,13.06,"two_method"
"EDEN DIKE 1","WY01388","24h",200,69.84,60.74,13.03,"two_method"
"EDEN DIKE 1","WY01388","24h",500,78.6,68.45,12.91,"two_method"
"EDEN DIKE 1","WY01388","24h",1000,85.36,74.44,12.79,"two_method"
"EDEN DIKE 1","WY01388","24h",2000,92.23,80.58,12.63,"two_method"
"EDEN DIKE 1","WY01388","24h",5000,101.49,88.91,12.4,"two_method"
"EDEN DIKE 1","WY01388","24h",10000,108.63,95.39,12.19,"two_method"
"EDEN DIKE 1","WY01388","72h",2,35.01,29.72,15.11,"two_method"
"EDEN DIKE 1","WY01388","72h",5,47.17,39.67,15.9,"two_method"
"EDEN DIKE 1","WY01388","72h",10,55.8,46.92,15.91,"two_method"
"EDEN DIKE 1","WY01388","72h",25,68.04,57.42,15.61,"two_method"
"EDEN DIKE 1","WY01388","72h",50,78.38,66.48,15.18,"two_method"
"EDEN DIKE 1","WY01388","72h",100,89.94,76.78,14.63,"two_method"
"EDEN DIKE 1","WY01388","72h",200,102.94,88.56,13.97,"two_method"
"EDEN DIKE 1","WY01388","72h",500,122.71,106.81,12.96,"two_method"
"EDEN DIKE 1","WY01388","72h",1000,139.93,123.02,12.08,"two_method"
"EDEN DIKE 1","WY01388","72h",2000,159.4,141.65,11.14,"two_method"
"EDEN DIKE 1","WY01388","72h",5000,189.08,170.62,9.76,"two_method"
"EDEN DIKE 1","WY01388","72h",10000,214.98,196.37,8.66,"two_method"
"EL VADO","NM10008","24h",2,31.45,37.34,15.77,"two_method"
"EL VADO","NM10008","24h",5,42.16,50.2,16.02,"two_method"
"EL VADO","NM10008","24h",10,49.37,58.72,15.92,"two_method"
"EL VADO","NM10008","24h",25,58.61,69.52,15.69,"two_method"
"EL VADO","NM10008","24h",50,65.55,77.54,15.46,"two_method"
"EL VADO","NM10008","24h",100,72.53,85.52,15.19,"two_method"
"EL VADO","NM10008","24h",200,79.56,93.48,14.89,"two_method"
"EL VADO","NM10008","24h",500,88.96,104.01,14.47,"two_method"
"EL VADO","NM10008","24h",1000,96.17,111.97,14.11,"two_method"
"EL VADO","NM10008","24h",2000,103.45,119.95,13.76,"two_method"
"EL VADO","NM10008","24h",5000,113.21,130.51,13.26,"two_method"
"EL VADO","NM10008","24h",10000,120.69,138.51,12.87,"two_method"
"EL VADO","NM10008","72h",2,41.34,47.16,12.34,"two_method"
"EL VADO","NM10008","72h",5,54.87,63.79,13.98,"two_method"
"EL VADO","NM10008","72h",10,63.71,74.85,14.88,"two_method"
"EL VADO","NM10008","72h",25,74.72,88.91,15.96,"two_method"
"EL VADO","NM10008","72h",50,82.78,99.38,16.7,"two_method"
"EL VADO","NM10008","72h",100,90.7,109.81,17.4,"two_method"
"EL VADO","NM10008","72h",200,98.5,120.25,18.09,"two_method"
"EL VADO","NM10008","72h",500,108.66,134.09,18.96,"two_method"
"EL VADO","NM10008","72h",1000,116.25,144.59,19.6,"two_method"
"EL VADO","NM10008","72h",2000,123.75,155.14,20.23,"two_method"
"EL VADO","NM10008","72h",5000,133.54,169.13,21.04,"two_method"
"EL VADO","NM10008","72h",10000,140.85,179.76,21.65,"two_method"
"ELEPHANT BUTTE","NM00129","24h",2,33.94,33.2,2.18,"two_method"
"ELEPHANT BUTTE","NM00129","24h",5,47.19,47.32,0.27,"two_method"
"ELEPHANT BUTTE","NM00129","24h",10,56.27,57.27,1.75,"two_method"
"ELEPHANT BUTTE","NM00129","24h",25,68.1,70.55,3.47,"two_method"
"ELEPHANT BUTTE","NM00129","24h",50,77.14,80.94,4.69,"two_method"
"ELEPHANT BUTTE","NM00129","24h",100,86.35,91.74,5.88,"two_method"
"ELEPHANT BUTTE","NM00129","24h",200,95.76,103,7.03,"two_method"
"ELEPHANT BUTTE","NM00129","24h",500,108.54,118.65,8.52,"two_method"
"ELEPHANT BUTTE","NM00129","24h",1000,118.49,131.12,9.63,"two_method"
"ELEPHANT BUTTE","NM00129","24h",2000,128.68,144.16,10.74,"two_method"
"ELEPHANT BUTTE","NM00129","24h",5000,142.55,162.32,12.18,"two_method"
"ELEPHANT BUTTE","NM00129","24h",10000,153.36,176.79,13.25,"two_method"
"ELEPHANT BUTTE","NM00129","72h",2,41.35,40.47,2.13,"two_method"
"ELEPHANT BUTTE","NM00129","72h",5,57.17,57.72,0.95,"two_method"
"ELEPHANT BUTTE","NM00129","72h",10,67.63,69.48,2.66,"two_method"
"ELEPHANT BUTTE","NM00129","72h",25,80.85,84.73,4.58,"two_method"
"ELEPHANT BUTTE","NM00129","72h",50,90.66,96.32,5.88,"two_method"
"ELEPHANT BUTTE","NM00129","72h",100,100.39,108.08,7.12,"two_method"
"ELEPHANT BUTTE","NM00129","72h",200,110.08,120.05,8.3,"two_method"
"ELEPHANT BUTTE","NM00129","72h",500,122.86,136.23,9.81,"two_method"
"ELEPHANT BUTTE","NM00129","72h",1000,132.52,148.76,10.92,"two_method"
"ELEPHANT BUTTE","NM00129","72h",2000,142.17,161.55,12,"two_method"
"ELEPHANT BUTTE","NM00129","72h",5000,154.93,178.88,13.39,"two_method"
"ELEPHANT BUTTE","NM00129","72h",10000,164.57,192.31,14.42,"two_method"
"EMIGRANT","OR00581","24h",2,51.45,73.58,30.08,"two_method"
"EMIGRANT","OR00581","24h",5,69.22,97.1,28.71,"two_method"
"EMIGRANT","OR00581","24h",10,81.56,112.61,27.57,"two_method"
"EMIGRANT","OR00581","24h",25,97.83,132.14,25.96,"two_method"
"EMIGRANT","OR00581","24h",50,110.43,146.57,24.66,"two_method"
"EMIGRANT","OR00581","24h",100,123.38,160.86,23.3,"two_method"
"EMIGRANT","OR00581","24h",200,136.75,175.06,21.88,"two_method"
"EMIGRANT","OR00581","24h",500,155.13,193.72,19.92,"two_method"
"EMIGRANT","OR00581","24h",1000,169.59,207.78,18.38,"two_method"
"EMIGRANT","OR00581","24h",2000,184.57,221.79,16.78,"two_method"
"EMIGRANT","OR00581","24h",5000,205.2,240.25,14.59,"two_method"
"EMIGRANT","OR00581","24h",10000,221.45,254.17,12.87,"two_method"
"EMIGRANT","OR00581","72h",2,106.34,127.32,16.48,"two_method"
"EMIGRANT","OR00581","72h",5,141.64,170.2,16.78,"two_method"
"EMIGRANT","OR00581","72h",10,164.5,197.37,16.65,"two_method"
"EMIGRANT","OR00581","72h",25,192.79,230.36,16.31,"two_method"
"EMIGRANT","OR00581","72h",50,213.38,253.91,15.96,"two_method"
"EMIGRANT","OR00581","72h",100,233.47,276.53,15.57,"two_method"
"EMIGRANT","OR00581","72h",200,253.16,298.35,15.15,"two_method"
"EMIGRANT","OR00581","72h",500,278.65,326.07,14.54,"two_method"
"EMIGRANT","OR00581","72h",1000,297.54,346.25,14.07,"two_method"
"EMIGRANT","OR00581","72h",2000,316.12,365.78,13.58,"two_method"
"EMIGRANT","OR00581","72h",5000,340.2,390.64,12.91,"two_method"
"EMIGRANT","OR00581","72h",10000,358.08,408.75,12.4,"two_method"
"ENDERS DAM","NE01070","24h",2,54.42,53.11,2.41,"two_method"
"ENDERS DAM","NE01070","24h",5,74.61,71.38,4.33,"two_method"
"ENDERS DAM","NE01070","24h",10,88.81,84.93,4.37,"two_method"
"ENDERS DAM","NE01070","24h",25,107.76,104.87,2.68,"two_method"
"ENDERS DAM","NE01070","24h",50,122.58,122.31,0.22,"two_method"
"ENDERS DAM","NE01070","24h",100,137.97,142.36,3.08,"two_method"
"ENDERS DAM","NE01070","24h",200,154,165.55,6.98,"two_method"
"ENDERS DAM","NE01070","24h",500,176.29,202,12.73,"two_method"
"ENDERS DAM","NE01070","24h",1000,194.02,234.79,17.36,"two_method"
"ENDERS DAM","NE01070","24h",2000,212.56,272.9,22.11,"two_method"
"ENDERS DAM","NE01070","24h",5000,238.36,332.98,28.42,"two_method"
"ENDERS DAM","NE01070","24h",10000,258.91,387.09,33.11,"two_method"
"ENDERS DAM","NE01070","72h",2,65.9,65.05,1.29,"two_method"
"ENDERS DAM","NE01070","72h",5,89.02,85.96,3.44,"two_method"
"ENDERS DAM","NE01070","72h",10,104.25,100.81,3.3,"two_method"
"ENDERS DAM","NE01070","72h",25,123.39,121.88,1.22,"two_method"
"ENDERS DAM","NE01070","72h",50,137.52,139.7,1.56,"two_method"
"ENDERS DAM","NE01070","72h",100,151.5,159.62,5.09,"two_method"
"ENDERS DAM","NE01070","72h",200,165.36,182.02,9.15,"two_method"
"ENDERS DAM","NE01070","72h",500,183.58,216.09,15.04,"two_method"
"ENDERS DAM","NE01070","72h",1000,197.28,245.77,19.73,"two_method"
"ENDERS DAM","NE01070","72h",2000,210.92,279.34,24.49,"two_method"
"ENDERS DAM","NE01070","72h",5000,228.87,330.54,30.76,"two_method"
"ENDERS DAM","NE01070","72h",10000,242.38,375.21,35.4,"two_method"
"FISH LAKE","OR00021","24h",2,54.18,68.52,20.93,"two_method"
"FISH LAKE","OR00021","24h",5,72.76,89.95,19.11,"two_method"
"FISH LAKE","OR00021","24h",10,85.52,104.54,18.19,"two_method"
"FISH LAKE","OR00021","24h",25,102.18,123.47,17.24,"two_method"
"FISH LAKE","OR00021","24h",50,114.94,137.86,16.63,"two_method"
"FISH LAKE","OR00021","24h",100,127.96,152.46,16.07,"two_method"
"FISH LAKE","OR00021","24h",200,141.29,167.31,15.55,"two_method"
"FISH LAKE","OR00021","24h",500,159.44,187.39,14.92,"two_method"
"FISH LAKE","OR00021","24h",1000,173.59,202.94,14.46,"two_method"
"FISH LAKE","OR00021","24h",2000,188.12,218.82,14.03,"two_method"
"FISH LAKE","OR00021","24h",5000,207.94,240.32,13.47,"two_method"
"FISH LAKE","OR00021","24h",10000,223.41,256.99,13.07,"two_method"
"FISH LAKE","OR00021","72h",2,88.55,110.25,19.68,"two_method"
"FISH LAKE","OR00021","72h",5,118.03,139.74,15.54,"two_method"
"FISH LAKE","OR00021","72h",10,137.56,160.33,14.2,"two_method"
"FISH LAKE","OR00021","72h",25,162.24,189.14,14.22,"two_method"
"FISH LAKE","OR00021","72h",50,180.55,213.18,15.31,"two_method"
"FISH LAKE","OR00021","72h",100,198.73,239.75,17.11,"two_method"
"FISH LAKE","OR00021","72h",200,216.85,269.3,19.48,"two_method"
"FISH LAKE","OR00021","72h",500,240.76,313.68,23.25,"two_method"
"FISH LAKE","OR00021","72h",1000,258.83,351.86,26.44,"two_method"
"FISH LAKE","OR00021","72h",2000,276.91,394.56,29.82,"two_method"
"FISH LAKE","OR00021","72h",5000,300.8,458.87,34.45,"two_method"
"FISH LAKE","OR00021","72h",10000,318.88,514.27,37.99,"two_method"
"FLAMING GORGE","UT10121","24h",2,25.12,26.4,4.85,"two_method"
"FLAMING GORGE","UT10121","24h",5,33.43,34.79,3.91,"two_method"
"FLAMING GORGE","UT10121","24h",10,39.54,40.76,2.99,"two_method"
"FLAMING GORGE","UT10121","24h",25,48.49,48.8,0.64,"two_method"
"FLAMING GORGE","UT10121","24h",50,56.27,55.14,2.01,"two_method"
"FLAMING GORGE","UT10121","24h",100,65.19,61.78,5.23,"two_method"
"FLAMING GORGE","UT10121","24h",200,75.45,68.76,8.87,"two_method"
"FLAMING GORGE","UT10121","24h",500,91.5,78.54,14.16,"two_method"
"FLAMING GORGE","UT10121","24h",1000,105.86,86.39,18.39,"two_method"
"FLAMING GORGE","UT10121","24h",2000,122.49,94.66,22.72,"two_method"
"FLAMING GORGE","UT10121","24h",5000,148.56,106.27,28.47,"two_method"
"FLAMING GORGE","UT10121","24h",10000,171.93,115.61,32.76,"two_method"
"FLAMING GORGE","UT10121","72h",2,32.05,34,5.74,"two_method"
"FLAMING GORGE","UT10121","72h",5,43.78,45.29,3.33,"two_method"
"FLAMING GORGE","UT10121","72h",10,51.8,53.33,2.87,"two_method"
"FLAMING GORGE","UT10121","72h",25,62.24,64.2,3.05,"two_method"
"FLAMING GORGE","UT10121","72h",50,70.21,72.8,3.56,"two_method"
"FLAMING GORGE","UT10121","72h",100,78.32,81.83,4.29,"two_method"
"FLAMING GORGE","UT10121","72h",200,86.6,91.33,5.18,"two_method"
"FLAMING GORGE","UT10121","72h",500,97.83,104.69,6.55,"two_method"
"FLAMING GORGE","UT10121","72h",1000,106.55,115.45,7.71,"two_method"
"FLAMING GORGE","UT10121","72h",2000,115.49,126.81,8.93,"two_method"
"FLAMING GORGE","UT10121","72h",5000,127.64,142.81,10.62,"two_method"
"FLAMING GORGE","UT10121","72h",10000,137.09,155.7,11.95,"two_method"
"FLATIRON","CO01654","24h",2,40.1,45.76,12.37,"two_method"
"FLATIRON","CO01654","24h",5,53.86,61.69,12.69,"two_method"
"FLATIRON","CO01654","24h",10,64.23,73.83,13,"two_method"
"FLATIRON","CO01654","24h",25,79.71,92.09,13.44,"two_method"
"FLATIRON","CO01654","24h",50,93.42,108.41,13.83,"two_method"
"FLATIRON","CO01654","24h",100,109.36,127.51,14.23,"two_method"
"FLATIRON","CO01654","24h",200,128,149.99,14.66,"two_method"
"FLATIRON","CO01654","24h",500,157.66,186.05,15.26,"two_method"
"FLATIRON","CO01654","24h",1000,184.68,219.16,15.73,"two_method"
"FLATIRON","CO01654","24h",2000,216.42,258.32,16.22,"two_method"
"FLATIRON","CO01654","24h",5000,267.09,321.31,16.87,"two_method"
"FLATIRON","CO01654","24h",10000,313.29,379.2,17.38,"two_method"
"FLATIRON","CO01654","72h",2,53.39,59.3,9.97,"two_method"
"FLATIRON","CO01654","72h",5,75.23,80.78,6.87,"two_method"
"FLATIRON","CO01654","72h",10,90.42,96.77,6.56,"two_method"
"FLATIRON","CO01654","72h",25,110.34,120.36,8.33,"two_method"
"FLATIRON","CO01654","72h",50,125.66,141.05,10.91,"two_method"
"FLATIRON","CO01654","72h",100,141.35,164.9,14.28,"two_method"
"FLATIRON","CO01654","72h",200,157.51,192.54,18.19,"two_method"
"FLATIRON","CO01654","72h",500,179.71,236.12,23.89,"two_method"
"FLATIRON","CO01654","72h",1000,197.2,275.42,28.4,"two_method"
"FLATIRON","CO01654","72h",2000,215.34,321.22,32.96,"two_method"
"FLATIRON","CO01654","72h",5000,240.37,393.6,38.93,"two_method"
"FLATIRON","CO01654","72h",10000,260.14,458.97,43.32,"two_method"
"FOLSOM RIGHT WING","CA10148","24h",2,116.53,116.53,0,"identical_fallback"
"FOLSOM RIGHT WING","CA10148","24h",5,156.96,156.96,0,"identical_fallback"
"FOLSOM RIGHT WING","CA10148","24h",10,184.96,184.96,0,"identical_fallback"
"FOLSOM RIGHT WING","CA10148","24h",25,221.81,221.81,0,"identical_fallback"
"FOLSOM RIGHT WING","CA10148","24h",50,250.25,250.25,0,"identical_fallback"
"FOLSOM RIGHT WING","CA10148","24h",100,279.45,279.45,0,"identical_fallback"
"FOLSOM RIGHT WING","CA10148","24h",200,309.52,309.52,0,"identical_fallback"
"FOLSOM RIGHT WING","CA10148","24h",500,350.76,350.76,0,"identical_fallback"
"FOLSOM RIGHT WING","CA10148","24h",1000,383.16,383.16,0,"identical_fallback"
"FOLSOM RIGHT WING","CA10148","24h",2000,416.64,416.64,0,"identical_fallback"
"FOLSOM RIGHT WING","CA10148","24h",5000,462.63,462.63,0,"identical_fallback"
"FOLSOM RIGHT WING","CA10148","24h",10000,498.79,498.79,0,"identical_fallback"
"FOLSOM RIGHT WING","CA10148","72h",2,184.87,184.87,0,"identical_fallback"
"FOLSOM RIGHT WING","CA10148","72h",5,257.79,257.79,0,"identical_fallback"
"FOLSOM RIGHT WING","CA10148","72h",10,308.49,308.49,0,"identical_fallback"
"FOLSOM RIGHT WING","CA10148","72h",25,375.44,375.44,0,"identical_fallback"
"FOLSOM RIGHT WING","CA10148","72h",50,427.3,427.3,0,"identical_fallback"
"FOLSOM RIGHT WING","CA10148","72h",100,480.68,480.68,0,"identical_fallback"
"FOLSOM RIGHT WING","CA10148","72h",200,535.83,535.83,0,"identical_fallback"
"FOLSOM RIGHT WING","CA10148","72h",500,611.72,611.72,0,"identical_fallback"
"FOLSOM RIGHT WING","CA10148","72h",1000,671.53,671.53,0,"identical_fallback"
"FOLSOM RIGHT WING","CA10148","72h",2000,733.52,733.52,0,"identical_fallback"
"FOLSOM RIGHT WING","CA10148","72h",5000,818.96,818.96,0,"identical_fallback"
"FOLSOM RIGHT WING","CA10148","72h",10000,886.35,886.35,0,"identical_fallback"
"FONTENELLE","WY01389","24h",2,25.19,22.4,11.08,"two_method"
"FONTENELLE","WY01389","24h",5,33.69,29.53,12.35,"two_method"
"FONTENELLE","WY01389","24h",10,39.58,34.67,12.41,"two_method"
"FONTENELLE","WY01389","24h",25,47.32,42.06,11.12,"two_method"
"FONTENELLE","WY01389","24h",50,53.29,48.38,9.21,"two_method"
"FONTENELLE","WY01389","24h",100,59.41,55.53,6.53,"two_method"
"FONTENELLE","WY01389","24h",200,65.72,63.65,3.15,"two_method"
"FONTENELLE","WY01389","24h",500,74.36,76.14,2.34,"two_method"
"FONTENELLE","WY01389","24h",1000,81.14,87.16,6.91,"two_method"
"FONTENELLE","WY01389","24h",2000,88.14,99.75,11.64,"two_method"
"FONTENELLE","WY01389","24h",5000,97.75,119.17,17.97,"two_method"
"FONTENELLE","WY01389","24h",10000,105.3,136.32,22.76,"two_method"
"FONTENELLE","WY01389","72h",2,33.76,28.89,14.43,"two_method"
"FONTENELLE","WY01389","72h",5,43.88,38.01,13.38,"two_method"
"FONTENELLE","WY01389","72h",10,51.13,44.63,12.71,"two_method"
"FONTENELLE","WY01389","72h",25,61.49,54.18,11.89,"two_method"
"FONTENELLE","WY01389","72h",50,70.32,62.39,11.28,"two_method"
"FONTENELLE","WY01389","72h",100,80.23,71.7,10.63,"two_method"
"FONTENELLE","WY01389","72h",200,91.45,82.3,10.01,"two_method"
"FONTENELLE","WY01389","72h",500,108.62,98.69,9.14,"two_method"
"FONTENELLE","WY01389","72h",1000,123.67,113.19,8.47,"two_method"
"FONTENELLE","WY01389","72h",2000,140.79,129.81,7.8,"two_method"
"FONTENELLE","WY01389","72h",5000,167.08,155.56,6.89,"two_method"
"FONTENELLE","WY01389","72h",10000,190.16,178.38,6.19,"two_method"
"FOUR MILE LAKE DAM (USBR)","OR00022","24h",2,56.91,73.76,22.84,"two_method"
"FOUR MILE LAKE DAM (USBR)","OR00022","24h",5,76.41,96.83,21.09,"two_method"
"FOUR MILE LAKE DAM (USBR)","OR00022","24h",10,89.99,112.54,20.04,"two_method"
"FOUR MILE LAKE DAM (USBR)","OR00022","24h",25,107.95,132.91,18.78,"two_method"
"FOUR MILE LAKE DAM (USBR)","OR00022","24h",50,121.88,148.41,17.88,"two_method"
"FOUR MILE LAKE DAM (USBR)","OR00022","24h",100,136.24,164.12,16.99,"two_method"
"FOUR MILE LAKE DAM (USBR)","OR00022","24h",200,151.09,180.11,16.11,"two_method"
"FOUR MILE LAKE DAM (USBR)","OR00022","24h",500,171.56,201.72,14.95,"two_method"
"FOUR MILE LAKE DAM (USBR)","OR00022","24h",1000,187.71,218.47,14.08,"two_method"
"FOUR MILE LAKE DAM (USBR)","OR00022","24h",2000,204.48,235.56,13.19,"two_method"
"FOUR MILE LAKE DAM (USBR)","OR00022","24h",5000,227.61,258.7,12.02,"two_method"
"FOUR MILE LAKE DAM (USBR)","OR00022","24h",10000,245.88,276.64,11.12,"two_method"
"FOUR MILE LAKE DAM (USBR)","OR00022","72h",2,90.83,120.26,24.47,"two_method"
"FOUR MILE LAKE DAM (USBR)","OR00022","72h",5,120.92,152.43,20.67,"two_method"
"FOUR MILE LAKE DAM (USBR)","OR00022","72h",10,141.05,174.89,19.35,"two_method"
"FOUR MILE LAKE DAM (USBR)","OR00022","72h",25,166.71,206.32,19.2,"two_method"
"FOUR MILE LAKE DAM (USBR)","OR00022","72h",50,185.91,232.54,20.05,"two_method"
"FOUR MILE LAKE DAM (USBR)","OR00022","72h",100,205.12,261.52,21.57,"two_method"
"FOUR MILE LAKE DAM (USBR)","OR00022","72h",200,224.4,293.76,23.61,"two_method"
"FOUR MILE LAKE DAM (USBR)","OR00022","72h",500,250.07,342.17,26.92,"two_method"
"FOUR MILE LAKE DAM (USBR)","OR00022","72h",1000,269.63,383.82,29.75,"two_method"
"FOUR MILE LAKE DAM (USBR)","OR00022","72h",2000,289.34,430.39,32.77,"two_method"
"FOUR MILE LAKE DAM (USBR)","OR00022","72h",5000,315.61,500.55,36.95,"two_method"
"FOUR MILE LAKE DAM (USBR)","OR00022","72h",10000,335.65,560.98,40.17,"two_method"
"FOURMILE LAKE","OR10011","24h",2,56.91,73.76,22.84,"two_method"
"FOURMILE LAKE","OR10011","24h",5,76.41,96.83,21.09,"two_method"
"FOURMILE LAKE","OR10011","24h",10,89.99,112.54,20.04,"two_method"
"FOURMILE LAKE","OR10011","24h",25,107.95,132.91,18.78,"two_method"
"FOURMILE LAKE","OR10011","24h",50,121.88,148.41,17.88,"two_method"
"FOURMILE LAKE","OR10011","24h",100,136.24,164.12,16.99,"two_method"
"FOURMILE LAKE","OR10011","24h",200,151.09,180.11,16.11,"two_method"
"FOURMILE LAKE","OR10011","24h",500,171.56,201.72,14.95,"two_method"
"FOURMILE LAKE","OR10011","24h",1000,187.71,218.47,14.08,"two_method"
"FOURMILE LAKE","OR10011","24h",2000,204.48,235.56,13.19,"two_method"
"FOURMILE LAKE","OR10011","24h",5000,227.61,258.7,12.02,"two_method"
"FOURMILE LAKE","OR10011","24h",10000,245.88,276.64,11.12,"two_method"
"FOURMILE LAKE","OR10011","72h",2,90.83,120.26,24.47,"two_method"
"FOURMILE LAKE","OR10011","72h",5,120.92,152.43,20.67,"two_method"
"FOURMILE LAKE","OR10011","72h",10,141.05,174.89,19.35,"two_method"
"FOURMILE LAKE","OR10011","72h",25,166.71,206.32,19.2,"two_method"
"FOURMILE LAKE","OR10011","72h",50,185.91,232.54,20.05,"two_method"
"FOURMILE LAKE","OR10011","72h",100,205.12,261.52,21.57,"two_method"
"FOURMILE LAKE","OR10011","72h",200,224.4,293.76,23.61,"two_method"
"FOURMILE LAKE","OR10011","72h",500,250.07,342.17,26.92,"two_method"
"FOURMILE LAKE","OR10011","72h",1000,269.63,383.82,29.75,"two_method"
"FOURMILE LAKE","OR10011","72h",2000,289.34,430.39,32.77,"two_method"
"FOURMILE LAKE","OR10011","72h",5000,315.61,500.55,36.95,"two_method"
"FOURMILE LAKE","OR10011","72h",10000,335.65,560.98,40.17,"two_method"
"FRENCH CANYON","WA82901","24h",2,75.56,67.31,10.92,"two_method"
"FRENCH CANYON","WA82901","24h",5,101.44,91.54,9.76,"two_method"
"FRENCH CANYON","WA82901","24h",10,119.5,108.11,9.53,"two_method"
"FRENCH CANYON","WA82901","24h",25,143.43,128.94,10.1,"two_method"
"FRENCH CANYON","WA82901","24h",50,162.02,144.21,10.99,"two_method"
"FRENCH CANYON","WA82901","24h",100,181.21,159.18,12.16,"two_method"
"FRENCH CANYON","WA82901","24h",200,201.09,173.92,13.51,"two_method"
"FRENCH CANYON","WA82901","24h",500,228.53,193.16,15.48,"two_method"
"FRENCH CANYON","WA82901","24h",1000,250.22,207.55,17.05,"two_method"
"FRENCH CANYON","WA82901","24h",2000,272.76,221.83,18.67,"two_method"
"FRENCH CANYON","WA82901","24h",5000,303.92,240.57,20.84,"two_method"
"FRENCH CANYON","WA82901","24h",10000,328.58,254.65,22.5,"two_method"
"FRENCH CANYON","WA82901","72h",2,119.52,82.22,31.21,"two_method"
"FRENCH CANYON","WA82901","72h",5,154.66,110.18,28.76,"two_method"
"FRENCH CANYON","WA82901","72h",10,179.81,127.57,29.05,"two_method"
"FRENCH CANYON","WA82901","72h",25,215.72,148.33,31.24,"two_method"
"FRENCH CANYON","WA82901","72h",50,246.27,162.98,33.82,"two_method"
"FRENCH CANYON","WA82901","72h",100,280.58,177.02,36.91,"two_method"
"FRENCH CANYON","WA82901","72h",200,319.36,190.59,40.32,"two_method"
"FRENCH CANYON","WA82901","72h",500,378.69,207.96,45.08,"two_method"
"FRENCH CANYON","WA82901","72h",1000,430.67,220.77,48.74,"two_method"
"FRENCH CANYON","WA82901","72h",2000,489.72,233.34,52.35,"two_method"
"FRENCH CANYON","WA82901","72h",5000,580.33,249.65,56.98,"two_method"
"FRENCH CANYON","WA82901","72h",10000,659.83,261.8,60.32,"two_method"
"FRENCH CANYON DAM","WA00433","24h",2,75.56,67.31,10.92,"two_method"
"FRENCH CANYON DAM","WA00433","24h",5,101.44,91.54,9.76,"two_method"
"FRENCH CANYON DAM","WA00433","24h",10,119.5,108.11,9.53,"two_method"
"FRENCH CANYON DAM","WA00433","24h",25,143.43,128.94,10.1,"two_method"
"FRENCH CANYON DAM","WA00433","24h",50,162.02,144.21,10.99,"two_method"
"FRENCH CANYON DAM","WA00433","24h",100,181.21,159.18,12.16,"two_method"
"FRENCH CANYON DAM","WA00433","24h",200,201.09,173.92,13.51,"two_method"
"FRENCH CANYON DAM","WA00433","24h",500,228.53,193.16,15.48,"two_method"
"FRENCH CANYON DAM","WA00433","24h",1000,250.22,207.55,17.05,"two_method"
"FRENCH CANYON DAM","WA00433","24h",2000,272.76,221.83,18.67,"two_method"
"FRENCH CANYON DAM","WA00433","24h",5000,303.92,240.57,20.84,"two_method"
"FRENCH CANYON DAM","WA00433","24h",10000,328.58,254.65,22.5,"two_method"
"FRENCH CANYON DAM","WA00433","72h",2,119.52,82.22,31.21,"two_method"
"FRENCH CANYON DAM","WA00433","72h",5,154.66,110.18,28.76,"two_method"
"FRENCH CANYON DAM","WA00433","72h",10,179.81,127.57,29.05,"two_method"
"FRENCH CANYON DAM","WA00433","72h",25,215.72,148.33,31.24,"two_method"
"FRENCH CANYON DAM","WA00433","72h",50,246.27,162.98,33.82,"two_method"
"FRENCH CANYON DAM","WA00433","72h",100,280.58,177.02,36.91,"two_method"
"FRENCH CANYON DAM","WA00433","72h",200,319.36,190.59,40.32,"two_method"
"FRENCH CANYON DAM","WA00433","72h",500,378.69,207.96,45.08,"two_method"
"FRENCH CANYON DAM","WA00433","72h",1000,430.67,220.77,48.74,"two_method"
"FRENCH CANYON DAM","WA00433","72h",2000,489.72,233.34,52.35,"two_method"
"FRENCH CANYON DAM","WA00433","72h",5000,580.33,249.65,56.98,"two_method"
"FRENCH CANYON DAM","WA00433","72h",10000,659.83,261.8,60.32,"two_method"
"FRUITGROWERS","CO01683","24h",2,24.94,24.95,0.04,"two_method"
"FRUITGROWERS","CO01683","24h",5,32.37,32.57,0.61,"two_method"
"FRUITGROWERS","CO01683","24h",10,37.75,37.55,0.53,"two_method"
"FRUITGROWERS","CO01683","24h",25,45.52,43.75,3.89,"two_method"
"FRUITGROWERS","CO01683","24h",50,52.18,48.28,7.47,"two_method"
"FRUITGROWERS","CO01683","24h",100,59.73,52.74,11.7,"two_method"
"FRUITGROWERS","CO01683","24h",200,68.32,57.12,16.39,"two_method"
"FRUITGROWERS","CO01683","24h",500,81.59,62.84,22.98,"two_method"
"FRUITGROWERS","CO01683","24h",1000,93.31,67.1,28.09,"two_method"
"FRUITGROWERS","CO01683","24h",2000,106.74,71.31,33.19,"two_method"
"FRUITGROWERS","CO01683","24h",5000,127.53,76.81,39.77,"two_method"
"FRUITGROWERS","CO01683","24h",10000,145.93,80.92,44.55,"two_method"
"FRUITGROWERS","CO01683","72h",2,31.9,33.12,3.68,"two_method"
"FRUITGROWERS","CO01683","72h",5,41.14,43.25,4.88,"two_method"
"FRUITGROWERS","CO01683","72h",10,47.75,50.08,4.65,"two_method"
"FRUITGROWERS","CO01683","72h",25,57.2,58.85,2.8,"two_method"
"FRUITGROWERS","CO01683","72h",50,65.26,65.46,0.31,"two_method"
"FRUITGROWERS","CO01683","72h",100,74.31,72.1,2.97,"two_method"
"FRUITGROWERS","CO01683","72h",200,84.55,78.8,6.8,"two_method"
"FRUITGROWERS","CO01683","72h",500,100.23,87.79,12.41,"two_method"
"FRUITGROWERS","CO01683","72h",1000,113.98,94.68,16.93,"two_method"
"FRUITGROWERS","CO01683","72h",2000,129.62,101.65,21.58,"two_method"
"FRUITGROWERS","CO01683","72h",5000,153.63,111.02,27.74,"two_method"
"FRUITGROWERS","CO01683","72h",10000,174.73,118.21,32.35,"two_method"
"FUNKS","CA10245","24h",2,108.49,108.49,0,"identical_fallback"
"FUNKS","CA10245","24h",5,144.39,144.39,0,"identical_fallback"
"FUNKS","CA10245","24h",10,168.85,168.85,0,"identical_fallback"
"FUNKS","CA10245","24h",25,200.56,200.56,0,"identical_fallback"
"FUNKS","CA10245","24h",50,224.68,224.68,0,"identical_fallback"
"FUNKS","CA10245","24h",100,249.13,249.13,0,"identical_fallback"
"FUNKS","CA10245","24h",200,274.01,274.01,0,"identical_fallback"
"FUNKS","CA10245","24h",500,307.65,307.65,0,"identical_fallback"
"FUNKS","CA10245","24h",1000,333.7,333.7,0,"identical_fallback"
"FUNKS","CA10245","24h",2000,360.29,360.29,0,"identical_fallback"
"FUNKS","CA10245","24h",5000,396.3,396.3,0,"identical_fallback"
"FUNKS","CA10245","24h",10000,424.21,424.21,0,"identical_fallback"
"FUNKS","CA10245","72h",2,173.23,173.23,0,"identical_fallback"
"FUNKS","CA10245","72h",5,240.08,240.08,0,"identical_fallback"
"FUNKS","CA10245","72h",10,286.73,286.73,0,"identical_fallback"
"FUNKS","CA10245","72h",25,348.53,348.53,0,"identical_fallback"
"FUNKS","CA10245","72h",50,396.54,396.54,0,"identical_fallback"
"FUNKS","CA10245","72h",100,446.1,446.1,0,"identical_fallback"
"FUNKS","CA10245","72h",200,497.44,497.44,0,"identical_fallback"
"FUNKS","CA10245","72h",500,568.3,568.3,0,"identical_fallback"
"FUNKS","CA10245","72h",1000,624.32,624.32,0,"identical_fallback"
"FUNKS","CA10245","72h",2000,682.53,682.53,0,"identical_fallback"
"FUNKS","CA10245","72h",5000,763.01,763.01,0,"identical_fallback"
"FUNKS","CA10245","72h",10000,826.68,826.68,0,"identical_fallback"
"GERBER RESERVOR","OR00584","24h",2,40,32.49,18.77,"two_method"
"GERBER RESERVOR","OR00584","24h",5,52.88,43.65,17.45,"two_method"
"GERBER RESERVOR","OR00584","24h",10,62.6,51.53,17.68,"two_method"
"GERBER RESERVOR","OR00584","24h",25,77.14,62.09,19.51,"two_method"
"GERBER RESERVOR","OR00584","24h",50,90.03,70.39,21.81,"two_method"
"GERBER RESERVOR","OR00584","24h",100,105.05,79.03,24.77,"two_method"
"GERBER RESERVOR","OR00584","24h",200,122.62,88.06,28.18,"two_method"
"GERBER RESERVOR","OR00584","24h",500,150.63,100.67,33.17,"two_method"
"GERBER RESERVOR","OR00584","24h",1000,176.18,110.74,37.14,"two_method"
"GERBER RESERVOR","OR00584","24h",2000,206.23,121.3,41.18,"two_method"
"GERBER RESERVOR","OR00584","24h",5000,254.27,136.06,46.49,"two_method"
"GERBER RESERVOR","OR00584","24h",10000,298.14,147.87,50.4,"two_method"
"GERBER RESERVOR","OR00584","72h",2,56.86,46.2,18.75,"two_method"
"GERBER RESERVOR","OR00584","72h",5,75.76,62.34,17.71,"two_method"
"GERBER RESERVOR","OR00584","72h",10,89.87,74.49,17.11,"two_method"
"GERBER RESERVOR","OR00584","72h",25,110.74,92.59,16.39,"two_method"
"GERBER RESERVOR","OR00584","72h",50,129.1,108.61,15.87,"two_method"
"GERBER RESERVOR","OR00584","72h",100,150.3,127.21,15.36,"two_method"
"GERBER RESERVOR","OR00584","72h",200,174.93,148.95,14.85,"two_method"
"GERBER RESERVOR","OR00584","72h",500,213.84,183.5,14.19,"two_method"
"GERBER RESERVOR","OR00584","72h",1000,249.03,214.94,13.69,"two_method"
"GERBER RESERVOR","OR00584","72h",2000,290.11,251.84,13.19,"two_method"
"GERBER RESERVOR","OR00584","72h",5000,355.19,310.67,12.53,"two_method"
"GERBER RESERVOR","OR00584","72h",10000,414.12,364.27,12.04,"two_method"
"GLEN ANNE","CA10156","24h",2,45.73,44.06,3.65,"two_method"
"GLEN ANNE","CA10156","24h",5,69.17,58.63,15.24,"two_method"
"GLEN ANNE","CA10156","24h",10,85.19,68.88,19.15,"two_method"
"GLEN ANNE","CA10156","24h",25,105.94,83.31,21.36,"two_method"
"GLEN ANNE","CA10156","24h",50,121.72,95.42,21.61,"two_method"
"GLEN ANNE","CA10156","24h",100,137.77,108.88,20.97,"two_method"
"GLEN ANNE","CA10156","24h",200,154.17,123.92,19.62,"two_method"
"GLEN ANNE","CA10156","24h",500,176.54,146.63,16.94,"two_method"
"GLEN ANNE","CA10156","24h",1000,194.04,166.28,14.31,"two_method"
"GLEN ANNE","CA10156","24h",2000,212.09,188.37,11.18,"two_method"
"GLEN ANNE","CA10156","24h",5000,236.83,221.82,6.34,"two_method"
"GLEN ANNE","CA10156","24h",10000,256.27,250.8,2.13,"two_method"
"GLEN ANNE","CA10156","72h",2,49.47,56.73,12.8,"two_method"
"GLEN ANNE","CA10156","72h",5,79.83,81.9,2.53,"two_method"
"GLEN ANNE","CA10156","72h",10,100.27,100.43,0.16,"two_method"
"GLEN ANNE","CA10156","72h",25,125.78,127.53,1.37,"two_method"
"GLEN ANNE","CA10156","72h",50,144.37,151.09,4.45,"two_method"
"GLEN ANNE","CA10156","72h",100,162.54,178.06,8.72,"two_method"
"GLEN ANNE","CA10156","72h",200,180.39,209.1,13.73,"two_method"
"GLEN ANNE","CA10156","72h",500,203.61,257.62,20.96,"two_method"
"GLEN ANNE","CA10156","72h",1000,220.95,301.03,26.6,"two_method"
"GLEN ANNE","CA10156","72h",2000,238.13,351.26,32.21,"two_method"
"GLEN ANNE","CA10156","72h",5000,260.64,429.98,39.38,"two_method"
"GLEN ANNE","CA10156","72h",10000,277.54,500.52,44.55,"two_method"
"GLEN CANYON","AZ10307","24h",2,24.03,29.3,17.99,"two_method"
"GLEN CANYON","AZ10307","24h",5,33.27,40.12,17.07,"two_method"
"GLEN CANYON","AZ10307","24h",10,39.8,47.6,16.39,"two_method"
"GLEN CANYON","AZ10307","24h",25,48.54,57.42,15.46,"two_method"
"GLEN CANYON","AZ10307","24h",50,55.41,64.98,14.73,"two_method"
"GLEN CANYON","AZ10307","24h",100,62.56,72.72,13.97,"two_method"
"GLEN CANYON","AZ10307","24h",200,70.04,80.69,13.2,"two_method"
"GLEN CANYON","AZ10307","24h",500,80.46,91.59,12.15,"two_method"
"GLEN CANYON","AZ10307","24h",1000,88.79,100.14,11.33,"two_method"
"GLEN CANYON","AZ10307","24h",2000,97.53,108.95,10.48,"two_method"
"GLEN CANYON","AZ10307","24h",5000,109.72,121.04,9.35,"two_method"
"GLEN CANYON","AZ10307","24h",10000,119.48,130.52,8.46,"two_method"
"GLEN CANYON","AZ10307","72h",2,28.91,35.79,19.22,"two_method"
"GLEN CANYON","AZ10307","72h",5,39.45,48.42,18.53,"two_method"
"GLEN CANYON","AZ10307","72h",10,47.41,57.62,17.72,"two_method"
"GLEN CANYON","AZ10307","72h",25,59.32,70.97,16.42,"two_method"
"GLEN CANYON","AZ10307","72h",50,69.89,82.48,15.26,"two_method"
"GLEN CANYON","AZ10307","72h",100,82.2,95.57,13.99,"two_method"
"GLEN CANYON","AZ10307","72h",200,96.61,110.54,12.6,"two_method"
"GLEN CANYON","AZ10307","72h",500,119.59,133.77,10.6,"two_method"
"GLEN CANYON","AZ10307","72h",1000,140.55,154.39,8.96,"two_method"
"GLEN CANYON","AZ10307","72h",2000,165.23,178.1,7.23,"two_method"
"GLEN CANYON","AZ10307","72h",5000,204.68,214.99,4.8,"two_method"
"GLEN CANYON","AZ10307","72h",10000,240.72,247.79,2.85,"two_method"
"GLEN ELDER","KS00021","24h",2,69.41,69.41,0,"identical_fallback"
"GLEN ELDER","KS00021","24h",5,95,95,0,"identical_fallback"
"GLEN ELDER","KS00021","24h",10,113.11,113.11,0,"identical_fallback"
"GLEN ELDER","KS00021","24h",25,137.43,137.43,0,"identical_fallback"
"GLEN ELDER","KS00021","24h",50,156.56,156.56,0,"identical_fallback"
"GLEN ELDER","KS00021","24h",100,176.53,176.53,0,"identical_fallback"
"GLEN ELDER","KS00021","24h",200,197.43,197.43,0,"identical_fallback"
"GLEN ELDER","KS00021","24h",500,226.65,226.65,0,"identical_fallback"
"GLEN ELDER","KS00021","24h",1000,250.04,250.04,0,"identical_fallback"
"GLEN ELDER","KS00021","24h",2000,274.6,274.6,0,"identical_fallback"
"GLEN ELDER","KS00021","24h",5000,308.99,308.99,0,"identical_fallback"
"GLEN ELDER","KS00021","24h",10000,336.53,336.53,0,"identical_fallback"
"GLEN ELDER","KS00021","72h",2,83.65,83.65,0,"identical_fallback"
"GLEN ELDER","KS00021","72h",5,111.59,111.59,0,"identical_fallback"
"GLEN ELDER","KS00021","72h",10,130.02,130.02,0,"identical_fallback"
"GLEN ELDER","KS00021","72h",25,153.25,153.25,0,"identical_fallback"
"GLEN ELDER","KS00021","72h",50,170.43,170.43,0,"identical_fallback"
"GLEN ELDER","KS00021","72h",100,187.44,187.44,0,"identical_fallback"
"GLEN ELDER","KS00021","72h",200,204.35,204.35,0,"identical_fallback"
"GLEN ELDER","KS00021","72h",500,226.6,226.6,0,"identical_fallback"
"GLEN ELDER","KS00021","72h",1000,243.36,243.36,0,"identical_fallback"
"GLEN ELDER","KS00021","72h",2000,260.08,260.08,0,"identical_fallback"
"GLEN ELDER","KS00021","72h",5000,282.12,282.12,0,"identical_fallback"
"GLEN ELDER","KS00021","72h",10000,298.74,298.74,0,"identical_fallback"
"GLENDO DIKE NO. 2","WY01486","24h",2,37.35,41.37,9.72,"two_method"
"GLENDO DIKE NO. 2","WY01486","24h",5,50.97,57.1,10.74,"two_method"
"GLENDO DIKE NO. 2","WY01486","24h",10,60.86,67.2,9.43,"two_method"
"GLENDO DIKE NO. 2","WY01486","24h",25,75.17,79.6,5.57,"two_method"
"GLENDO DIKE NO. 2","WY01486","24h",50,87.49,88.56,1.21,"two_method"
"GLENDO DIKE NO. 2","WY01486","24h",100,101.47,97.25,4.16,"two_method"
"GLENDO DIKE NO. 2","WY01486","24h",200,117.42,105.7,9.98,"two_method"
"GLENDO DIKE NO. 2","WY01486","24h",500,142.12,116.57,17.98,"two_method"
"GLENDO DIKE NO. 2","WY01486","24h",1000,164,124.57,24.04,"two_method"
"GLENDO DIKE NO. 2","WY01486","24h",2000,189.11,132.38,30,"two_method"
"GLENDO DIKE NO. 2","WY01486","24h",5000,228.09,142.44,37.55,"two_method"
"GLENDO DIKE NO. 2","WY01486","24h",10000,262.67,149.85,42.95,"two_method"
"GLENDO DIKE NO. 2","WY01486","72h",2,46.29,50.38,8.12,"two_method"
"GLENDO DIKE NO. 2","WY01486","72h",5,63.11,69.22,8.83,"two_method"
"GLENDO DIKE NO. 2","WY01486","72h",10,75.26,81.1,7.2,"two_method"
"GLENDO DIKE NO. 2","WY01486","72h",25,92.73,95.49,2.89,"two_method"
"GLENDO DIKE NO. 2","WY01486","72h",50,107.69,105.72,1.83,"two_method"
"GLENDO DIKE NO. 2","WY01486","72h",100,124.6,115.52,7.29,"two_method"
"GLENDO DIKE NO. 2","WY01486","72h",200,143.81,124.94,13.12,"two_method"
"GLENDO DIKE NO. 2","WY01486","72h",500,173.41,136.88,21.07,"two_method"
"GLENDO DIKE NO. 2","WY01486","72h",1000,199.51,145.53,27.06,"two_method"
"GLENDO DIKE NO. 2","WY01486","72h",2000,229.33,153.88,32.9,"two_method"
"GLENDO DIKE NO. 2","WY01486","72h",5000,275.39,164.48,40.27,"two_method"
"GLENDO DIKE NO. 2","WY01486","72h",10000,316.07,172.18,45.52,"two_method"
"GLENDO DIKE NO. 3","WY01487","24h",2,37.69,41.44,9.05,"two_method"
"GLENDO DIKE NO. 3","WY01487","24h",5,51.31,57.19,10.28,"two_method"
"GLENDO DIKE NO. 3","WY01487","24h",10,61.12,67.3,9.18,"two_method"
"GLENDO DIKE NO. 3","WY01487","24h",25,75.19,79.72,5.68,"two_method"
"GLENDO DIKE NO. 3","WY01487","24h",50,87.21,88.69,1.67,"two_method"
"GLENDO DIKE NO. 3","WY01487","24h",100,100.77,97.39,3.35,"two_method"
"GLENDO DIKE NO. 3","WY01487","24h",200,116.15,105.86,8.86,"two_method"
"GLENDO DIKE NO. 3","WY01487","24h",500,139.78,116.74,16.48,"two_method"
"GLENDO DIKE NO. 3","WY01487","24h",1000,160.58,124.75,22.31,"two_method"
"GLENDO DIKE NO. 3","WY01487","24h",2000,184.3,132.58,28.06,"two_method"
"GLENDO DIKE NO. 3","WY01487","24h",5000,220.86,142.65,35.41,"two_method"
"GLENDO DIKE NO. 3","WY01487","24h",10000,253.07,150.07,40.7,"two_method"
"GLENDO DIKE NO. 3","WY01487","72h",2,46.64,50.47,7.59,"two_method"
"GLENDO DIKE NO. 3","WY01487","72h",5,63.33,69.09,8.34,"two_method"
"GLENDO DIKE NO. 3","WY01487","72h",10,75.21,80.84,6.96,"two_method"
"GLENDO DIKE NO. 3","WY01487","72h",25,92.1,95.04,3.09,"two_method"
"GLENDO DIKE NO. 3","WY01487","72h",50,106.41,105.14,1.19,"two_method"
"GLENDO DIKE NO. 3","WY01487","72h",100,122.44,114.81,6.23,"two_method"
"GLENDO DIKE NO. 3","WY01487","72h",200,140.49,124.1,11.67,"two_method"
"GLENDO DIKE NO. 3","WY01487","72h",500,168.01,135.87,19.13,"two_method"
"GLENDO DIKE NO. 3","WY01487","72h",1000,192.02,144.4,24.8,"two_method"
"GLENDO DIKE NO. 3","WY01487","72h",2000,219.22,152.63,30.38,"two_method"
"GLENDO DIKE NO. 3","WY01487","72h",5000,260.8,163.06,37.48,"two_method"
"GLENDO DIKE NO. 3","WY01487","72h",10000,297.14,170.63,42.58,"two_method"
"GRANBY","CO01656","24h",2,30.44,30.96,1.68,"two_method"
"GRANBY","CO01656","24h",5,41.25,40.93,0.78,"two_method"
"GRANBY","CO01656","24h",10,49.77,48.05,3.46,"two_method"
"GRANBY","CO01656","24h",25,62.97,57.72,8.34,"two_method"
"GRANBY","CO01656","24h",50,75.08,65.39,12.91,"two_method"
"GRANBY","CO01656","24h",100,89.58,73.46,18,"two_method"
"GRANBY","CO01656","24h",200,107.04,81.98,23.41,"two_method"
"GRANBY","CO01656","24h",500,135.77,93.99,30.77,"two_method"
"GRANBY","CO01656","24h",1000,162.83,103.7,36.31,"two_method"
"GRANBY","CO01656","24h",2000,195.55,113.97,41.72,"two_method"
"GRANBY","CO01656","24h",5000,249.57,128.48,48.52,"two_method"
"GRANBY","CO01656","24h",10000,300.49,140.21,53.34,"two_method"
"GRANBY","CO01656","72h",2,39.89,42.35,5.81,"two_method"
"GRANBY","CO01656","72h",5,55.21,54.48,1.32,"two_method"
"GRANBY","CO01656","72h",10,67.65,63.48,6.16,"two_method"
"GRANBY","CO01656","72h",25,87.41,76.7,12.25,"two_method"
"GRANBY","CO01656","72h",50,105.98,88.27,16.71,"two_method"
"GRANBY","CO01656","72h",100,128.65,101.56,21.06,"two_method"
"GRANBY","CO01656","72h",200,156.49,116.94,25.27,"two_method"
"GRANBY","CO01656","72h",500,203.39,141.1,30.63,"two_method"
"GRANBY","CO01656","72h",1000,248.55,162.83,34.49,"two_method"
"GRANBY","CO01656","72h",2000,304.24,188.09,38.18,"two_method"
"GRANBY","CO01656","72h",5000,398.31,227.9,42.78,"two_method"
"GRANBY","CO01656","72h",10000,489,263.74,46.07,"two_method"
"GRAND COULEE","WA00262","24h",2,22.46,22.46,0,"identical_fallback"
"GRAND COULEE","WA00262","24h",5,29.33,29.33,0,"identical_fallback"
"GRAND COULEE","WA00262","24h",10,34.08,34.08,0,"identical_fallback"
"GRAND COULEE","WA00262","24h",25,40.31,40.31,0,"identical_fallback"
"GRAND COULEE","WA00262","24h",50,45.11,45.11,0,"identical_fallback"
"GRAND COULEE","WA00262","24h",100,50.03,50.03,0,"identical_fallback"
"GRAND COULEE","WA00262","24h",200,55.09,55.09,0,"identical_fallback"
"GRAND COULEE","WA00262","24h",500,62.01,62.01,0,"identical_fallback"
"GRAND COULEE","WA00262","24h",1000,67.44,67.44,0,"identical_fallback"
"GRAND COULEE","WA00262","24h",2000,73.04,73.04,0,"identical_fallback"
"GRAND COULEE","WA00262","24h",5000,80.72,80.72,0,"identical_fallback"
"GRAND COULEE","WA00262","24h",10000,86.74,86.74,0,"identical_fallback"
"GRAND COULEE","WA00262","72h",2,28.44,28.44,0,"identical_fallback"
"GRAND COULEE","WA00262","72h",5,36.25,36.25,0,"identical_fallback"
"GRAND COULEE","WA00262","72h",10,41.83,41.83,0,"identical_fallback"
"GRAND COULEE","WA00262","72h",25,49.77,49.77,0,"identical_fallback"
"GRAND COULEE","WA00262","72h",50,56.52,56.52,0,"identical_fallback"
"GRAND COULEE","WA00262","72h",100,64.09,64.09,0,"identical_fallback"
"GRAND COULEE","WA00262","72h",200,72.63,72.63,0,"identical_fallback"
"GRAND COULEE","WA00262","72h",500,85.67,85.67,0,"identical_fallback"
"GRAND COULEE","WA00262","72h",1000,97.08,97.08,0,"identical_fallback"
"GRAND COULEE","WA00262","72h",2000,110.02,110.02,0,"identical_fallback"
"GRAND COULEE","WA00262","72h",5000,129.85,129.85,0,"identical_fallback"
"GRAND COULEE","WA00262","72h",10000,147.21,147.21,0,"identical_fallback"
"GRANITE REEF DIVERSION","AZ10316","24h",2,39.47,37.26,5.6,"two_method"
"GRANITE REEF DIVERSION","AZ10316","24h",5,52.08,52.04,0.08,"two_method"
"GRANITE REEF DIVERSION","AZ10316","24h",10,60.98,61.21,0.38,"two_method"
"GRANITE REEF DIVERSION","AZ10316","24h",25,73.54,72.15,1.89,"two_method"
"GRANITE REEF DIVERSION","AZ10316","24h",50,84.12,79.87,5.05,"two_method"
"GRANITE REEF DIVERSION","AZ10316","24h",100,95.89,87.25,9.01,"two_method"
"GRANITE REEF DIVERSION","AZ10316","24h",200,109.08,94.39,13.47,"two_method"
"GRANITE REEF DIVERSION","AZ10316","24h",500,129.05,103.53,19.78,"two_method"
"GRANITE REEF DIVERSION","AZ10316","24h",1000,146.37,110.26,24.67,"two_method"
"GRANITE REEF DIVERSION","AZ10316","24h",2000,165.87,116.87,29.54,"two_method"
"GRANITE REEF DIVERSION","AZ10316","24h",5000,195.5,125.44,35.84,"two_method"
"GRANITE REEF DIVERSION","AZ10316","24h",10000,221.23,131.81,40.42,"two_method"
"GRANITE REEF DIVERSION","AZ10316","72h",2,48.99,56.37,13.09,"two_method"
"GRANITE REEF DIVERSION","AZ10316","72h",5,68,82.77,17.84,"two_method"
"GRANITE REEF DIVERSION","AZ10316","72h",10,81.22,101.98,20.36,"two_method"
"GRANITE REEF DIVERSION","AZ10316","72h",25,98.68,128.43,23.16,"two_method"
"GRANITE REEF DIVERSION","AZ10316","72h",50,112.21,149.76,25.07,"two_method"
"GRANITE REEF DIVERSION","AZ10316","72h",100,126.13,172.48,26.87,"two_method"
"GRANITE REEF DIVERSION","AZ10316","72h",200,140.52,196.76,28.58,"two_method"
"GRANITE REEF DIVERSION","AZ10316","72h",500,160.31,231.52,30.76,"two_method"
"GRANITE REEF DIVERSION","AZ10316","72h",1000,175.91,260.01,32.34,"two_method"
"GRANITE REEF DIVERSION","AZ10316","72h",2000,192.09,290.56,33.89,"two_method"
"GRANITE REEF DIVERSION","AZ10316","72h",5000,214.38,334.35,35.88,"two_method"
"GRANITE REEF DIVERSION","AZ10316","72h",10000,231.96,370.28,37.36,"two_method"
"GRASSY LAKE","WY01384","24h",2,34.08,33.76,0.94,"two_method"
"GRASSY LAKE","WY01384","24h",5,43.72,43.35,0.85,"two_method"
"GRASSY LAKE","WY01384","24h",10,50.31,49.85,0.91,"two_method"
"GRASSY LAKE","WY01384","24h",25,58.88,58.23,1.1,"two_method"
"GRASSY LAKE","WY01384","24h",50,65.41,64.57,1.28,"two_method"
"GRASSY LAKE","WY01384","24h",100,72.05,70.97,1.5,"two_method"
"GRASSY LAKE","WY01384","24h",200,78.83,77.45,1.75,"two_method"
"GRASSY LAKE","WY01384","24h",500,88.01,86.17,2.09,"two_method"
"GRASSY LAKE","WY01384","24h",1000,95.14,92.9,2.35,"two_method"
"GRASSY LAKE","WY01384","24h",2000,102.44,99.73,2.65,"two_method"
"GRASSY LAKE","WY01384","24h",5000,112.34,108.93,3.04,"two_method"
"GRASSY LAKE","WY01384","24h",10000,120.04,116.03,3.34,"two_method"
"GRASSY LAKE","WY01384","72h",2,53.55,51.89,3.1,"two_method"
"GRASSY LAKE","WY01384","72h",5,68.38,64.76,5.29,"two_method"
"GRASSY LAKE","WY01384","72h",10,78.45,73.89,5.81,"two_method"
"GRASSY LAKE","WY01384","72h",25,91.45,86.84,5.04,"two_method"
"GRASSY LAKE","WY01384","72h",50,101.31,97.78,3.48,"two_method"
"GRASSY LAKE","WY01384","72h",100,111.27,110.02,1.12,"two_method"
"GRASSY LAKE","WY01384","72h",200,121.38,123.77,1.93,"two_method"
"GRASSY LAKE","WY01384","72h",500,135,144.68,6.69,"two_method"
"GRASSY LAKE","WY01384","72h",1000,145.52,162.89,10.66,"two_method"
"GRASSY LAKE","WY01384","72h",2000,156.22,183.47,14.85,"two_method"
"GRASSY LAKE","WY01384","72h",5000,170.66,214.86,20.57,"two_method"
"GRASSY LAKE","WY01384","72h",10000,181.82,242.24,24.94,"two_method"
"GRAY REEF","WY01292","24h",2,31.19,32.22,3.2,"two_method"
"GRAY REEF","WY01292","24h",5,43.08,45.84,6.02,"two_method"
"GRAY REEF","WY01292","24h",10,51.96,55.52,6.41,"two_method"
"GRAY REEF","WY01292","24h",25,65.1,68.56,5.05,"two_method"
"GRAY REEF","WY01292","24h",50,76.65,78.85,2.79,"two_method"
"GRAY REEF","WY01292","24h",100,90,89.63,0.41,"two_method"
"GRAY REEF","WY01292","24h",200,105.5,100.95,4.31,"two_method"
"GRAY REEF","WY01292","24h",500,130,116.82,10.14,"two_method"
"GRAY REEF","WY01292","24h",1000,152.14,129.57,14.84,"two_method"
"GRAY REEF","WY01292","24h",2000,178.01,143,19.67,"two_method"
"GRAY REEF","WY01292","24h",5000,218.98,161.86,26.08,"two_method"
"GRAY REEF","WY01292","24h",10000,256.08,177.02,30.87,"two_method"
"GRAY REEF","WY01292","72h",2,38.58,40.18,3.98,"two_method"
"GRAY REEF","WY01292","72h",5,54.86,57.15,4.01,"two_method"
"GRAY REEF","WY01292","72h",10,66.14,68.71,3.74,"two_method"
"GRAY REEF","WY01292","72h",25,81,83.69,3.21,"two_method"
"GRAY REEF","WY01292","72h",50,92.47,95.09,2.76,"two_method"
"GRAY REEF","WY01292","72h",100,104.25,106.63,2.23,"two_method"
"GRAY REEF","WY01292","72h",200,116.38,118.38,1.69,"two_method"
"GRAY REEF","WY01292","72h",500,133.04,134.26,0.91,"two_method"
"GRAY REEF","WY01292","72h",1000,146.13,146.55,0.29,"two_method"
"GRAY REEF","WY01292","72h",2000,159.66,159.1,0.35,"two_method"
"GRAY REEF","WY01292","72h",5000,178.25,176.08,1.22,"two_method"
"GRAY REEF","WY01292","72h",10000,192.88,189.25,1.88,"two_method"
"GREEN MOUNTAIN","CO01658","24h",2,29.93,30.91,3.17,"two_method"
"GREEN MOUNTAIN","CO01658","24h",5,39.59,40.86,3.11,"two_method"
"GREEN MOUNTAIN","CO01658","24h",10,46.94,47.98,2.17,"two_method"
"GREEN MOUNTAIN","CO01658","24h",25,57.97,57.62,0.6,"two_method"
"GREEN MOUNTAIN","CO01658","24h",50,67.82,65.28,3.75,"two_method"
"GREEN MOUNTAIN","CO01658","24h",100,79.33,73.34,7.55,"two_method"
"GREEN MOUNTAIN","CO01658","24h",200,92.86,81.84,11.87,"two_method"
"GREEN MOUNTAIN","CO01658","24h",500,114.53,93.84,18.07,"two_method"
"GREEN MOUNTAIN","CO01658","24h",1000,134.4,103.53,22.97,"two_method"
"GREEN MOUNTAIN","CO01658","24h",2000,157.87,113.78,27.93,"two_method"
"GREEN MOUNTAIN","CO01658","24h",5000,195.57,128.27,34.41,"two_method"
"GREEN MOUNTAIN","CO01658","24h",10000,230.16,139.98,39.18,"two_method"
"GREEN MOUNTAIN","CO01658","72h",2,39.9,42.49,6.1,"two_method"
"GREEN MOUNTAIN","CO01658","72h",5,54.37,54.65,0.51,"two_method"
"GREEN MOUNTAIN","CO01658","72h",10,66.01,63.67,3.54,"two_method"
"GREEN MOUNTAIN","CO01658","72h",25,84.36,76.94,8.8,"two_method"
"GREEN MOUNTAIN","CO01658","72h",50,101.47,88.54,12.74,"two_method"
"GREEN MOUNTAIN","CO01658","72h",100,122.24,101.88,16.66,"two_method"
"GREEN MOUNTAIN","CO01658","72h",200,147.57,117.3,20.51,"two_method"
"GREEN MOUNTAIN","CO01658","72h",500,189.95,141.54,25.49,"two_method"
"GREEN MOUNTAIN","CO01658","72h",1000,230.47,163.34,29.13,"two_method"
"GREEN MOUNTAIN","CO01658","72h",2000,280.14,188.68,32.65,"two_method"
"GREEN MOUNTAIN","CO01658","72h",5000,363.42,228.61,37.09,"two_method"
"GREEN MOUNTAIN","CO01658","72h",10000,443.15,264.56,40.3,"two_method"
"GUERNSEY","WY01293","24h",2,39.2,40.98,4.34,"two_method"
"GUERNSEY","WY01293","24h",5,53.15,56.55,6.01,"two_method"
"GUERNSEY","WY01293","24h",10,63.01,66.55,5.32,"two_method"
"GUERNSEY","WY01293","24h",25,76.96,78.84,2.38,"two_method"
"GUERNSEY","WY01293","24h",50,88.72,87.71,1.14,"two_method"
"GUERNSEY","WY01293","24h",100,101.82,96.31,5.41,"two_method"
"GUERNSEY","WY01293","24h",200,116.52,104.69,10.15,"two_method"
"GUERNSEY","WY01293","24h",500,138.81,115.45,16.83,"two_method"
"GUERNSEY","WY01293","24h",1000,158.17,123.37,22,"two_method"
"GUERNSEY","WY01293","24h",2000,180,131.11,27.16,"two_method"
"GUERNSEY","WY01293","24h",5000,213.21,141.07,33.84,"two_method"
"GUERNSEY","WY01293","24h",10000,242.09,148.41,38.7,"two_method"
"GUERNSEY","WY01293","72h",2,48.36,50.25,3.76,"two_method"
"GUERNSEY","WY01293","72h",5,67.01,69.04,2.94,"two_method"
"GUERNSEY","WY01293","72h",10,79.16,80.89,2.14,"two_method"
"GUERNSEY","WY01293","72h",25,94.28,95.24,1.01,"two_method"
"GUERNSEY","WY01293","72h",50,105.33,105.45,0.11,"two_method"
"GUERNSEY","WY01293","72h",100,116.16,115.22,0.81,"two_method"
"GUERNSEY","WY01293","72h",200,126.82,124.62,1.73,"two_method"
"GUERNSEY","WY01293","72h",500,140.69,136.52,2.96,"two_method"
"GUERNSEY","WY01293","72h",1000,151.01,145.16,3.87,"two_method"
"GUERNSEY","WY01293","72h",2000,161.21,153.49,4.79,"two_method"
"GUERNSEY","WY01293","72h",5000,174.5,164.06,5.98,"two_method"
"GUERNSEY","WY01293","72h",10000,184.4,171.73,6.87,"two_method"
"HAYSTACK","OR00287","24h",2,44.92,40.03,10.89,"two_method"
"HAYSTACK","OR00287","24h",5,59.74,54.3,9.11,"two_method"
"HAYSTACK","OR00287","24h",10,69.87,64.39,7.84,"two_method"
"HAYSTACK","OR00287","24h",25,83.05,77.77,6.36,"two_method"
"HAYSTACK","OR00287","24h",50,93.11,88.15,5.33,"two_method"
"HAYSTACK","OR00287","24h",100,103.34,98.86,4.34,"two_method"
"HAYSTACK","OR00287","24h",200,113.78,109.96,3.36,"two_method"
"HAYSTACK","OR00287","24h",500,127.93,125.33,2.03,"two_method"
"HAYSTACK","OR00287","24h",1000,138.93,137.51,1.02,"two_method"
"HAYSTACK","OR00287","24h",2000,150.19,150.2,0.01,"two_method"
"HAYSTACK","OR00287","24h",5000,165.48,167.82,1.39,"two_method"
"HAYSTACK","OR00287","24h",10000,177.38,181.81,2.44,"two_method"
"HAYSTACK","OR00287","72h",2,64.2,75.93,15.45,"two_method"
"HAYSTACK","OR00287","72h",5,85.26,100.9,15.5,"two_method"
"HAYSTACK","OR00287","72h",10,99.72,118.15,15.6,"two_method"
"HAYSTACK","OR00287","72h",25,118.61,140.82,15.77,"two_method"
"HAYSTACK","OR00287","72h",50,133.09,158.27,15.91,"two_method"
"HAYSTACK","OR00287","72h",100,147.86,176.16,16.06,"two_method"
"HAYSTACK","OR00287","72h",200,162.98,194.56,16.23,"two_method"
"HAYSTACK","OR00287","72h",500,183.56,219.75,16.47,"two_method"
"HAYSTACK","OR00287","72h",1000,199.62,239.5,16.65,"two_method"
"HAYSTACK","OR00287","72h",2000,216.12,259.87,16.84,"two_method"
"HAYSTACK","OR00287","72h",5000,238.62,287.8,17.09,"two_method"
"HAYSTACK","OR00287","72h",10000,256.18,309.72,17.29,"two_method"
"HEART BUTTE","ND00149","24h",2,49.45,48.59,1.74,"two_method"
"HEART BUTTE","ND00149","24h",5,67.51,67,0.76,"two_method"
"HEART BUTTE","ND00149","24h",10,79.81,78.91,1.13,"two_method"
"HEART BUTTE","ND00149","24h",25,95.75,93.47,2.38,"two_method"
"HEART BUTTE","ND00149","24h",50,107.86,103.91,3.66,"two_method"
"HEART BUTTE","ND00149","24h",100,120.14,114.02,5.09,"two_method"
"HEART BUTTE","ND00149","24h",200,132.63,123.88,6.6,"two_method"
"HEART BUTTE","ND00149","24h",500,149.51,136.62,8.62,"two_method"
"HEART BUTTE","ND00149","24h",1000,162.57,146.08,10.14,"two_method"
"HEART BUTTE","ND00149","24h",2000,175.91,155.41,11.65,"two_method"
"HEART BUTTE","ND00149","24h",5000,193.96,167.58,13.6,"two_method"
"HEART BUTTE","ND00149","24h",10000,207.94,176.68,15.03,"two_method"
"HEART BUTTE","ND00149","72h",2,58.42,57.65,1.32,"two_method"
"HEART BUTTE","ND00149","72h",5,79.17,77.71,1.84,"two_method"
"HEART BUTTE","ND00149","72h",10,93.02,91.11,2.05,"two_method"
"HEART BUTTE","ND00149","72h",25,110.65,108.19,2.22,"two_method"
"HEART BUTTE","ND00149","72h",50,123.82,120.97,2.3,"two_method"
"HEART BUTTE","ND00149","72h",100,136.98,133.74,2.37,"two_method"
"HEART BUTTE","ND00149","72h",200,150.17,146.55,2.41,"two_method"
"HEART BUTTE","ND00149","72h",500,167.69,163.59,2.44,"two_method"
"HEART BUTTE","ND00149","72h",1000,181.03,176.57,2.46,"two_method"
"HEART BUTTE","ND00149","72h",2000,194.44,189.63,2.47,"two_method"
"HEART BUTTE","ND00149","72h",5000,212.29,207.04,2.47,"two_method"
"HEART BUTTE","ND00149","72h",10000,225.89,220.31,2.47,"two_method"
"HELENA VALLEY","MT00743","24h",2,30.33,33.31,8.95,"two_method"
"HELENA VALLEY","MT00743","24h",5,41.47,46.26,10.35,"two_method"
"HELENA VALLEY","MT00743","24h",10,49.05,55.08,10.95,"two_method"
"HELENA VALLEY","MT00743","24h",25,58.82,66.43,11.46,"two_method"
"HELENA VALLEY","MT00743","24h",50,66.22,75.04,11.75,"two_method"
"HELENA VALLEY","MT00743","24h",100,73.72,83.77,12,"two_method"
"HELENA VALLEY","MT00743","24h",200,81.37,92.68,12.2,"two_method"
"HELENA VALLEY","MT00743","24h",500,91.77,104.78,12.42,"two_method"
"HELENA VALLEY","MT00743","24h",1000,99.89,114.23,12.55,"two_method"
"HELENA VALLEY","MT00743","24h",2000,108.25,123.96,12.67,"two_method"
"HELENA VALLEY","MT00743","24h",5000,119.68,137.27,12.81,"two_method"
"HELENA VALLEY","MT00743","24h",10000,128.63,147.7,12.91,"two_method"
"HELENA VALLEY","MT00743","72h",2,38.25,44.91,14.83,"two_method"
"HELENA VALLEY","MT00743","72h",5,51.62,62.65,17.61,"two_method"
"HELENA VALLEY","MT00743","72h",10,60.71,74.88,18.92,"two_method"
"HELENA VALLEY","MT00743","72h",25,72.46,90.89,20.28,"two_method"
"HELENA VALLEY","MT00743","72h",50,81.39,103.2,21.13,"two_method"
"HELENA VALLEY","MT00743","72h",100,90.42,115.78,21.9,"two_method"
"HELENA VALLEY","MT00743","72h",200,99.6,128.68,22.6,"two_method"
"HELENA VALLEY","MT00743","72h",500,111.98,146.31,23.46,"two_method"
"HELENA VALLEY","MT00743","72h",1000,121.55,160.09,24.07,"two_method"
"HELENA VALLEY","MT00743","72h",2000,131.31,174.27,24.65,"two_method"
"HELENA VALLEY","MT00743","72h",5000,144.49,193.67,25.39,"two_method"
"HELENA VALLEY","MT00743","72h",10000,154.69,208.85,25.93,"two_method"
"HERON","NM00122","24h",2,31.94,22.54,29.43,"two_method"
"HERON","NM00122","24h",5,42.78,29.84,30.25,"two_method"
"HERON","NM00122","24h",10,49.91,35.06,29.75,"two_method"
"HERON","NM00122","24h",25,58.88,42.49,27.84,"two_method"
"HERON","NM00122","24h",50,65.53,48.81,25.52,"two_method"
"HERON","NM00122","24h",100,72.18,55.89,22.57,"two_method"
"HERON","NM00122","24h",200,78.87,63.88,19.01,"two_method"
"HERON","NM00122","24h",500,87.82,76.1,13.35,"two_method"
"HERON","NM00122","24h",1000,94.72,86.78,8.38,"two_method"
"HERON","NM00122","24h",2000,101.74,98.9,2.79,"two_method"
"HERON","NM00122","24h",5000,111.22,117.48,5.33,"two_method"
"HERON","NM00122","24h",10000,118.58,133.75,11.34,"two_method"
"HERON","NM00122","72h",2,42.43,29.25,31.06,"two_method"
"HERON","NM00122","72h",5,56,39.52,29.43,"two_method"
"HERON","NM00122","72h",10,64.73,45.81,29.23,"two_method"
"HERON","NM00122","72h",25,75.48,53.25,29.45,"two_method"
"HERON","NM00122","72h",50,83.26,58.47,29.77,"two_method"
"HERON","NM00122","72h",100,90.83,63.45,30.14,"two_method"
"HERON","NM00122","72h",200,98.21,68.24,30.52,"two_method"
"HERON","NM00122","72h",500,107.71,74.35,30.97,"two_method"
"HERON","NM00122","72h",1000,114.72,78.84,31.28,"two_method"
"HERON","NM00122","72h",2000,121.58,83.24,31.53,"two_method"
"HERON","NM00122","72h",5000,130.44,88.93,31.82,"two_method"
"HERON","NM00122","72h",10000,136.98,93.16,31.99,"two_method"
"HOOVER","NV10122","24h",2,15.49,26.94,42.5,"two_method"
"HOOVER","NV10122","24h",5,22.09,38.39,42.46,"two_method"
"HOOVER","NV10122","24h",10,26.94,46.32,41.84,"two_method"
"HOOVER","NV10122","24h",25,34,57.33,40.69,"two_method"
"HOOVER","NV10122","24h",50,40.14,66.46,39.6,"two_method"
"HOOVER","NV10122","24h",100,47.14,76.49,38.37,"two_method"
"HOOVER","NV10122","24h",200,55.18,87.58,36.99,"two_method"
"HOOVER","NV10122","24h",500,67.73,104.14,34.96,"two_method"
"HOOVER","NV10122","24h",1000,78.93,118.29,33.27,"two_method"
"HOOVER","NV10122","24h",2000,91.87,134.02,31.45,"two_method"
"HOOVER","NV10122","24h",5000,112.1,157.57,28.86,"two_method"
"HOOVER","NV10122","24h",10000,130.18,177.72,26.75,"two_method"
"HOOVER","NV10122","72h",2,16.74,31.69,47.18,"two_method"
"HOOVER","NV10122","72h",5,23.96,45.35,47.17,"two_method"
"HOOVER","NV10122","72h",10,29.1,54.71,46.81,"two_method"
"HOOVER","NV10122","72h",25,36.43,67.62,46.13,"two_method"
"HOOVER","NV10122","72h",50,42.64,78.24,45.5,"two_method"
"HOOVER","NV10122","72h",100,49.61,89.84,44.78,"two_method"
"HOOVER","NV10122","72h",200,57.47,102.6,43.99,"two_method"
"HOOVER","NV10122","72h",500,69.45,121.49,42.83,"two_method"
"HOOVER","NV10122","72h",1000,79.93,137.53,41.88,"two_method"
"HOOVER","NV10122","72h",2000,91.81,155.26,40.87,"two_method"
"HOOVER","NV10122","72h",5000,109.98,181.62,39.44,"two_method"
"HOOVER","NV10122","72h",10000,125.89,204.02,38.3,"two_method"
"HORSE MESA","AZ10311","24h",2,45.77,46.13,0.78,"two_method"
"HORSE MESA","AZ10311","24h",5,60.4,63.28,4.55,"two_method"
"HORSE MESA","AZ10311","24h",10,70.81,75.03,5.62,"two_method"
"HORSE MESA","AZ10311","24h",25,85.61,90.35,5.25,"two_method"
"HORSE MESA","AZ10311","24h",50,98.15,102.07,3.84,"two_method"
"HORSE MESA","AZ10311","24h",100,112.19,114,1.59,"two_method"
"HORSE MESA","AZ10311","24h",200,128,126.19,1.41,"two_method"
"HORSE MESA","AZ10311","24h",500,152.1,142.76,6.14,"two_method"
"HORSE MESA","AZ10311","24h",1000,173.13,155.66,10.09,"two_method"
"HORSE MESA","AZ10311","24h",2000,196.94,168.89,14.24,"two_method"
"HORSE MESA","AZ10311","24h",5000,233.33,186.89,19.9,"two_method"
"HORSE MESA","AZ10311","24h",10000,265.14,200.92,24.22,"two_method"
"HORSE MESA","AZ10311","72h",2,59.94,60.42,0.79,"two_method"
"HORSE MESA","AZ10311","72h",5,83.17,85.15,2.33,"two_method"
"HORSE MESA","AZ10311","72h",10,99.35,101.82,2.43,"two_method"
"HORSE MESA","AZ10311","72h",25,120.76,123.18,1.96,"two_method"
"HORSE MESA","AZ10311","72h",50,137.37,139.29,1.38,"two_method"
"HORSE MESA","AZ10311","72h",100,154.49,155.56,0.69,"two_method"
"HORSE MESA","AZ10311","72h",200,172.2,172.1,0.06,"two_method"
"HORSE MESA","AZ10311","72h",500,196.61,194.5,1.07,"two_method"
"HORSE MESA","AZ10311","72h",1000,215.88,211.93,1.83,"two_method"
"HORSE MESA","AZ10311","72h",2000,235.88,229.82,2.57,"two_method"
"HORSE MESA","AZ10311","72h",5000,263.48,254.22,3.51,"two_method"
"HORSE MESA","AZ10311","72h",10000,285.29,273.29,4.21,"two_method"
"HORSESHOE","AZ10310","24h",2,42.98,41.75,2.86,"two_method"
"HORSESHOE","AZ10310","24h",5,58.3,60.13,3.04,"two_method"
"HORSESHOE","AZ10310","24h",10,68.67,72.54,5.33,"two_method"
"HORSESHOE","AZ10310","24h",25,82.05,88.48,7.27,"two_method"
"HORSESHOE","AZ10310","24h",50,92.17,100.51,8.3,"two_method"
"HORSESHOE","AZ10310","24h",100,102.39,112.68,9.13,"two_method"
"HORSESHOE","AZ10310","24h",200,112.75,125.05,9.84,"two_method"
"HORSESHOE","AZ10310","24h",500,126.68,141.84,10.69,"two_method"
"HORSESHOE","AZ10310","24h",1000,137.42,154.91,11.29,"two_method"
"HORSESHOE","AZ10310","24h",2000,148.33,168.33,11.88,"two_method"
"HORSESHOE","AZ10310","24h",5000,163.04,186.66,12.65,"two_method"
"HORSESHOE","AZ10310","24h",10000,174.39,200.99,13.23,"two_method"
"HORSESHOE","AZ10310","72h",2,54.73,51.34,6.19,"two_method"
"HORSESHOE","AZ10310","72h",5,75.93,75.38,0.72,"two_method"
"HORSESHOE","AZ10310","72h",10,90.75,92.87,2.28,"two_method"
"HORSESHOE","AZ10310","72h",25,110.42,116.96,5.59,"two_method"
"HORSESHOE","AZ10310","72h",50,125.72,136.38,7.82,"two_method"
"HORSESHOE","AZ10310","72h",100,141.55,157.07,9.88,"two_method"
"HORSESHOE","AZ10310","72h",200,157.96,179.19,11.85,"two_method"
"HORSESHOE","AZ10310","72h",500,180.65,210.84,14.32,"two_method"
"HORSESHOE","AZ10310","72h",1000,198.62,236.79,16.12,"two_method"
"HORSESHOE","AZ10310","72h",2000,217.32,264.61,17.87,"two_method"
"HORSESHOE","AZ10310","72h",5000,243.22,304.49,20.12,"two_method"
"HORSESHOE","AZ10310","72h",10000,263.74,337.2,21.79,"two_method"
"HORSETOOTH","CO01659","24h",2,43.24,41.77,3.4,"two_method"
"HORSETOOTH","CO01659","24h",5,59.93,56.71,5.37,"two_method"
"HORSETOOTH","CO01659","24h",10,71.01,66.43,6.45,"two_method"
"HORSETOOTH","CO01659","24h",25,84.75,78.31,7.6,"two_method"
"HORSETOOTH","CO01659","24h",50,94.7,86.86,8.28,"two_method"
"HORSETOOTH","CO01659","24h",100,104.41,95.14,8.88,"two_method"
"HORSETOOTH","CO01659","24h",200,113.91,103.22,9.38,"two_method"
"HORSETOOTH","CO01659","24h",500,126.26,113.67,9.97,"two_method"
"HORSETOOTH","CO01659","24h",1000,135.45,121.43,10.35,"two_method"
"HORSETOOTH","CO01659","24h",2000,144.56,129.09,10.7,"two_method"
"HORSETOOTH","CO01659","24h",5000,156.47,139.09,11.11,"two_method"
"HORSETOOTH","CO01659","24h",10000,165.4,146.57,11.38,"two_method"
"HORSETOOTH","CO01659","72h",2,56.76,56.46,0.53,"two_method"
"HORSETOOTH","CO01659","72h",5,80.62,79.35,1.58,"two_method"
"HORSETOOTH","CO01659","72h",10,96.47,94.34,2.21,"two_method"
"HORSETOOTH","CO01659","72h",25,116.1,112.76,2.88,"two_method"
"HORSETOOTH","CO01659","72h",50,130.33,126.04,3.29,"two_method"
"HORSETOOTH","CO01659","72h",100,144.19,138.92,3.65,"two_method"
"HORSETOOTH","CO01659","72h",200,157.78,151.52,3.97,"two_method"
"HORSETOOTH","CO01659","72h",500,175.41,167.83,4.32,"two_method"
"HORSETOOTH","CO01659","72h",1000,188.55,179.95,4.56,"two_method"
"HORSETOOTH","CO01659","72h",2000,201.55,191.93,4.77,"two_method"
"HORSETOOTH","CO01659","72h",5000,218.57,207.58,5.03,"two_method"
"HORSETOOTH","CO01659","72h",10000,231.32,219.29,5.2,"two_method"
"HOWARD PRAIRIE","OR00580","24h",2,54.74,68.2,19.74,"two_method"
"HOWARD PRAIRIE","OR00580","24h",5,73.62,89.53,17.77,"two_method"
"HOWARD PRAIRIE","OR00580","24h",10,86.61,104.06,16.77,"two_method"
"HOWARD PRAIRIE","OR00580","24h",25,103.62,122.89,15.68,"two_method"
"HOWARD PRAIRIE","OR00580","24h",50,116.68,137.22,14.97,"two_method"
"HOWARD PRAIRIE","OR00580","24h",100,130.02,151.75,14.32,"two_method"
"HOWARD PRAIRIE","OR00580","24h",200,143.7,166.53,13.71,"two_method"
"HOWARD PRAIRIE","OR00580","24h",500,162.36,186.52,12.95,"two_method"
"HOWARD PRAIRIE","OR00580","24h",1000,176.94,201.99,12.4,"two_method"
"HOWARD PRAIRIE","OR00580","24h",2000,191.94,217.8,11.87,"two_method"
"HOWARD PRAIRIE","OR00580","24h",5000,212.44,239.2,11.19,"two_method"
"HOWARD PRAIRIE","OR00580","24h",10000,228.47,255.79,10.68,"two_method"
"HOWARD PRAIRIE","OR00580","72h",2,90.56,109.64,17.4,"two_method"
"HOWARD PRAIRIE","OR00580","72h",5,120.6,138.97,13.22,"two_method"
"HOWARD PRAIRIE","OR00580","72h",10,140.17,159.44,12.09,"two_method"
"HOWARD PRAIRIE","OR00580","72h",25,164.53,188.09,12.53,"two_method"
"HOWARD PRAIRIE","OR00580","72h",50,182.34,211.99,13.99,"two_method"
"HOWARD PRAIRIE","OR00580","72h",100,199.81,238.42,16.19,"two_method"
"HOWARD PRAIRIE","OR00580","72h",200,217,267.81,18.97,"two_method"
"HOWARD PRAIRIE","OR00580","72h",500,239.37,311.94,23.26,"two_method"
"HOWARD PRAIRIE","OR00580","72h",1000,256.04,349.91,26.83,"two_method"
"HOWARD PRAIRIE","OR00580","72h",2000,272.5,392.37,30.55,"two_method"
"HOWARD PRAIRIE","OR00580","72h",5000,293.96,456.33,35.58,"two_method"
"HOWARD PRAIRIE","OR00580","72h",10000,309.96,511.42,39.39,"two_method"
"HUNGRY HORSE","MT00565","24h",2,43.82,45.62,3.95,"two_method"
"HUNGRY HORSE","MT00565","24h",5,57,63.52,10.26,"two_method"
"HUNGRY HORSE","MT00565","24h",10,66.42,76.16,12.79,"two_method"
"HUNGRY HORSE","MT00565","24h",25,79.86,93.08,14.2,"two_method"
"HUNGRY HORSE","MT00565","24h",50,91.27,106.37,14.2,"two_method"
"HUNGRY HORSE","MT00565","24h",100,104.08,120.2,13.41,"two_method"
"HUNGRY HORSE","MT00565","24h",200,118.55,134.66,11.96,"two_method"
"HUNGRY HORSE","MT00565","24h",500,140.65,154.82,9.15,"two_method"
"HUNGRY HORSE","MT00565","24h",1000,159.99,170.92,6.39,"two_method"
"HUNGRY HORSE","MT00565","24h",2000,181.95,187.8,3.12,"two_method"
"HUNGRY HORSE","MT00565","24h",5000,215.61,211.37,1.97,"two_method"
"HUNGRY HORSE","MT00565","24h",10000,245.1,230.21,6.08,"two_method"
"HUNGRY HORSE","MT00565","72h",2,61.07,61.13,0.1,"two_method"
"HUNGRY HORSE","MT00565","72h",5,81.32,87.28,6.83,"two_method"
"HUNGRY HORSE","MT00565","72h",10,95.39,105.24,9.36,"two_method"
"HUNGRY HORSE","MT00565","72h",25,113.95,128.55,11.36,"two_method"
"HUNGRY HORSE","MT00565","72h",50,128.32,146.33,12.31,"two_method"
"HUNGRY HORSE","MT00565","72h",100,143.09,164.44,12.98,"two_method"
"HUNGRY HORSE","MT00565","72h",200,158.34,182.99,13.47,"two_method"
"HUNGRY HORSE","MT00565","72h",500,179.3,208.32,13.93,"two_method"
"HUNGRY HORSE","MT00565","72h",1000,195.81,228.17,14.18,"two_method"
"HUNGRY HORSE","MT00565","72h",2000,212.91,248.67,14.38,"two_method"
"HUNGRY HORSE","MT00565","72h",5000,236.45,276.82,14.58,"two_method"
"HUNGRY HORSE","MT00565","72h",10000,255,298.95,14.7,"two_method"
"HYATT","OR10013","24h",2,56.4,70.88,20.43,"two_method"
"HYATT","OR10013","24h",5,75.79,93.05,18.55,"two_method"
"HYATT","OR10013","24h",10,89.06,108.15,17.65,"two_method"
"HYATT","OR10013","24h",25,106.35,127.72,16.73,"two_method"
"HYATT","OR10013","24h",50,119.55,142.61,16.17,"two_method"
"HYATT","OR10013","24h",100,132.99,157.71,15.67,"two_method"
"HYATT","OR10013","24h",200,146.71,173.08,15.24,"two_method"
"HYATT","OR10013","24h",500,165.34,193.85,14.71,"two_method"
"HYATT","OR10013","24h",1000,179.83,209.94,14.34,"two_method"
"HYATT","OR10013","24h",2000,194.67,226.36,14,"two_method"
"HYATT","OR10013","24h",5000,214.86,248.6,13.57,"two_method"
"HYATT","OR10013","24h",10000,230.58,265.84,13.26,"two_method"
"HYATT","OR10013","72h",2,87.55,117.61,25.56,"two_method"
"HYATT","OR10013","72h",5,116.65,148.24,21.31,"two_method"
"HYATT","OR10013","72h",10,135.53,169.48,20.03,"two_method"
"HYATT","OR10013","72h",25,158.97,199.03,20.13,"two_method"
"HYATT","OR10013","72h",50,176.05,223.57,21.26,"two_method"
"HYATT","OR10013","72h",100,192.76,250.56,23.07,"two_method"
"HYATT","OR10013","72h",200,209.16,280.45,25.42,"two_method"
"HYATT","OR10013","72h",500,230.43,325.12,29.12,"two_method"
"HYATT","OR10013","72h",1000,246.23,363.35,32.23,"two_method"
"HYATT","OR10013","72h",2000,261.8,405.92,35.5,"two_method"
"HYATT","OR10013","72h",5000,282.03,469.72,39.96,"two_method"
"HYATT","OR10013","72h",10000,297.07,524.41,43.35,"two_method"
"HYATT RESERVOIR","OR00591","24h",2,56.4,70.88,20.43,"two_method"
"HYATT RESERVOIR","OR00591","24h",5,75.79,93.05,18.55,"two_method"
"HYATT RESERVOIR","OR00591","24h",10,89.06,108.15,17.65,"two_method"
"HYATT RESERVOIR","OR00591","24h",25,106.35,127.72,16.73,"two_method"
"HYATT RESERVOIR","OR00591","24h",50,119.55,142.61,16.17,"two_method"
"HYATT RESERVOIR","OR00591","24h",100,132.99,157.71,15.67,"two_method"
"HYATT RESERVOIR","OR00591","24h",200,146.71,173.08,15.24,"two_method"
"HYATT RESERVOIR","OR00591","24h",500,165.34,193.85,14.71,"two_method"
"HYATT RESERVOIR","OR00591","24h",1000,179.83,209.94,14.34,"two_method"
"HYATT RESERVOIR","OR00591","24h",2000,194.67,226.36,14,"two_method"
"HYATT RESERVOIR","OR00591","24h",5000,214.86,248.6,13.57,"two_method"
"HYATT RESERVOIR","OR00591","24h",10000,230.58,265.84,13.26,"two_method"
"HYATT RESERVOIR","OR00591","72h",2,87.55,117.61,25.56,"two_method"
"HYATT RESERVOIR","OR00591","72h",5,116.65,148.24,21.31,"two_method"
"HYATT RESERVOIR","OR00591","72h",10,135.53,169.48,20.03,"two_method"
"HYATT RESERVOIR","OR00591","72h",25,158.97,199.03,20.13,"two_method"
"HYATT RESERVOIR","OR00591","72h",50,176.05,223.57,21.26,"two_method"
"HYATT RESERVOIR","OR00591","72h",100,192.76,250.56,23.07,"two_method"
"HYATT RESERVOIR","OR00591","72h",200,209.16,280.45,25.42,"two_method"
"HYATT RESERVOIR","OR00591","72h",500,230.43,325.12,29.12,"two_method"
"HYATT RESERVOIR","OR00591","72h",1000,246.23,363.35,32.23,"two_method"
"HYATT RESERVOIR","OR00591","72h",2000,261.8,405.92,35.5,"two_method"
"HYATT RESERVOIR","OR00591","72h",5000,282.03,469.72,39.96,"two_method"
"HYATT RESERVOIR","OR00591","72h",10000,297.07,524.41,43.35,"two_method"
"HYRUM","UT10123","24h",2,35.57,30.36,14.65,"two_method"
"HYRUM","UT10123","24h",5,46.65,39.98,14.3,"two_method"
"HYRUM","UT10123","24h",10,54.33,46.73,13.99,"two_method"
"HYRUM","UT10123","24h",25,64.46,55.74,13.53,"two_method"
"HYRUM","UT10123","24h",50,72.29,62.77,13.17,"two_method"
"HYRUM","UT10123","24h",100,80.33,70.07,12.77,"two_method"
"HYRUM","UT10123","24h",200,88.62,77.67,12.36,"two_method"
"HYRUM","UT10123","24h",500,100.01,88.22,11.79,"two_method"
"HYRUM","UT10123","24h",1000,108.97,96.61,11.34,"two_method"
"HYRUM","UT10123","24h",2000,118.24,105.37,10.88,"two_method"
"HYRUM","UT10123","24h",5000,130.99,117.55,10.26,"two_method"
"HYRUM","UT10123","24h",10000,141.03,127.24,9.78,"two_method"
"HYRUM","UT10123","72h",2,47.9,39.73,17.06,"two_method"
"HYRUM","UT10123","72h",5,62.52,50.57,19.11,"two_method"
"HYRUM","UT10123","72h",10,72.37,58.48,19.19,"two_method"
"HYRUM","UT10123","72h",25,85.03,69.96,17.72,"two_method"
"HYRUM","UT10123","72h",50,94.56,79.88,15.52,"two_method"
"HYRUM","UT10123","72h",100,104.15,91.17,12.46,"two_method"
"HYRUM","UT10123","72h",200,113.83,104.09,8.56,"two_method"
"HYRUM","UT10123","72h",500,126.8,124.15,2.09,"two_method"
"HYRUM","UT10123","72h",1000,136.75,141.98,3.68,"two_method"
"HYRUM","UT10123","72h",2000,146.83,162.5,9.64,"two_method"
"HYRUM","UT10123","72h",5000,160.36,194.45,17.53,"two_method"
"HYRUM","UT10123","72h",10000,170.75,222.89,23.39,"two_method"
"IMPERIAL DIVERSION","CA10159","24h",2,35.67,35.67,0,"identical_fallback"
"IMPERIAL DIVERSION","CA10159","24h",5,54.64,54.64,0,"identical_fallback"
"IMPERIAL DIVERSION","CA10159","24h",10,68.03,68.03,0,"identical_fallback"
"IMPERIAL DIVERSION","CA10159","24h",25,85.77,85.77,0,"identical_fallback"
"IMPERIAL DIVERSION","CA10159","24h",50,99.54,99.54,0,"identical_fallback"
"IMPERIAL DIVERSION","CA10159","24h",100,113.74,113.74,0,"identical_fallback"
"IMPERIAL DIVERSION","CA10159","24h",200,128.46,128.46,0,"identical_fallback"
"IMPERIAL DIVERSION","CA10159","24h",500,148.81,148.81,0,"identical_fallback"
"IMPERIAL DIVERSION","CA10159","24h",1000,164.94,164.94,0,"identical_fallback"
"IMPERIAL DIVERSION","CA10159","24h",2000,181.75,181.75,0,"identical_fallback"
"IMPERIAL DIVERSION","CA10159","24h",5000,205.07,205.07,0,"identical_fallback"
"IMPERIAL DIVERSION","CA10159","24h",10000,223.59,223.59,0,"identical_fallback"
"IMPERIAL DIVERSION","CA10159","72h",2,33.42,33.42,0,"identical_fallback"
"IMPERIAL DIVERSION","CA10159","72h",5,51.12,51.12,0,"identical_fallback"
"IMPERIAL DIVERSION","CA10159","72h",10,63.78,63.78,0,"identical_fallback"
"IMPERIAL DIVERSION","CA10159","72h",25,80.91,80.91,0,"identical_fallback"
"IMPERIAL DIVERSION","CA10159","72h",50,94.5,94.5,0,"identical_fallback"
"IMPERIAL DIVERSION","CA10159","72h",100,108.78,108.78,0,"identical_fallback"
"IMPERIAL DIVERSION","CA10159","72h",200,123.84,123.84,0,"identical_fallback"
"IMPERIAL DIVERSION","CA10159","72h",500,145.07,145.07,0,"identical_fallback"
"IMPERIAL DIVERSION","CA10159","72h",1000,162.19,162.19,0,"identical_fallback"
"IMPERIAL DIVERSION","CA10159","72h",2000,180.31,180.31,0,"identical_fallback"
"IMPERIAL DIVERSION","CA10159","72h",5000,205.87,205.87,0,"identical_fallback"
"IMPERIAL DIVERSION","CA10159","72h",10000,226.52,226.52,0,"identical_fallback"
"INDIAN HILLS WDA S.1130.4","ND00438","24h",2,49.83,48.33,3.01,"two_method"
"INDIAN HILLS WDA S.1130.4","ND00438","24h",5,68.44,66.85,2.32,"two_method"
"INDIAN HILLS WDA S.1130.4","ND00438","24h",10,81.21,79.23,2.44,"two_method"
"INDIAN HILLS WDA S.1130.4","ND00438","24h",25,97.85,95.01,2.9,"two_method"
"INDIAN HILLS WDA S.1130.4","ND00438","24h",50,110.58,106.85,3.37,"two_method"
"INDIAN HILLS WDA S.1130.4","ND00438","24h",100,123.56,118.76,3.88,"two_method"
"INDIAN HILLS WDA S.1130.4","ND00438","24h",200,136.82,130.82,4.39,"two_method"
"INDIAN HILLS WDA S.1130.4","ND00438","24h",500,154.86,147.11,5,"two_method"
"INDIAN HILLS WDA S.1130.4","ND00438","24h",1000,168.91,159.74,5.43,"two_method"
"INDIAN HILLS WDA S.1130.4","ND00438","24h",2000,183.32,172.67,5.81,"two_method"
"INDIAN HILLS WDA S.1130.4","ND00438","24h",5000,202.94,190.25,6.25,"two_method"
"INDIAN HILLS WDA S.1130.4","ND00438","24h",10000,218.24,203.96,6.54,"two_method"
"INDIAN HILLS WDA S.1130.4","ND00438","72h",2,59.76,56.77,5,"two_method"
"INDIAN HILLS WDA S.1130.4","ND00438","72h",5,80.91,76.92,4.93,"two_method"
"INDIAN HILLS WDA S.1130.4","ND00438","72h",10,94.99,90.38,4.85,"two_method"
"INDIAN HILLS WDA S.1130.4","ND00438","72h",25,112.88,107.53,4.74,"two_method"
"INDIAN HILLS WDA S.1130.4","ND00438","72h",50,126.21,120.34,4.65,"two_method"
"INDIAN HILLS WDA S.1130.4","ND00438","72h",100,139.5,133.15,4.55,"two_method"
"INDIAN HILLS WDA S.1130.4","ND00438","72h",200,152.8,145.99,4.46,"two_method"
"INDIAN HILLS WDA S.1130.4","ND00438","72h",500,170.43,163.07,4.32,"two_method"
"INDIAN HILLS WDA S.1130.4","ND00438","72h",1000,183.81,176.07,4.21,"two_method"
"INDIAN HILLS WDA S.1130.4","ND00438","72h",2000,197.25,189.15,4.11,"two_method"
"INDIAN HILLS WDA S.1130.4","ND00438","72h",5000,215.1,206.57,3.97,"two_method"
"INDIAN HILLS WDA S.1130.4","ND00438","72h",10000,228.66,219.84,3.86,"two_method"
"INDIAN HILLS WDA S.850.4","ND00546","24h",2,49.83,48.33,3.01,"two_method"
"INDIAN HILLS WDA S.850.4","ND00546","24h",5,68.44,66.85,2.32,"two_method"
"INDIAN HILLS WDA S.850.4","ND00546","24h",10,81.21,79.23,2.44,"two_method"
"INDIAN HILLS WDA S.850.4","ND00546","24h",25,97.85,95.01,2.9,"two_method"
"INDIAN HILLS WDA S.850.4","ND00546","24h",50,110.58,106.85,3.37,"two_method"
"INDIAN HILLS WDA S.850.4","ND00546","24h",100,123.56,118.76,3.88,"two_method"
"INDIAN HILLS WDA S.850.4","ND00546","24h",200,136.82,130.82,4.39,"two_method"
"INDIAN HILLS WDA S.850.4","ND00546","24h",500,154.86,147.11,5,"two_method"
"INDIAN HILLS WDA S.850.4","ND00546","24h",1000,168.91,159.74,5.43,"two_method"
"INDIAN HILLS WDA S.850.4","ND00546","24h",2000,183.32,172.67,5.81,"two_method"
"INDIAN HILLS WDA S.850.4","ND00546","24h",5000,202.94,190.25,6.25,"two_method"
"INDIAN HILLS WDA S.850.4","ND00546","24h",10000,218.24,203.96,6.54,"two_method"
"INDIAN HILLS WDA S.850.4","ND00546","72h",2,59.76,56.77,5,"two_method"
"INDIAN HILLS WDA S.850.4","ND00546","72h",5,80.91,76.92,4.93,"two_method"
"INDIAN HILLS WDA S.850.4","ND00546","72h",10,94.99,90.38,4.85,"two_method"
"INDIAN HILLS WDA S.850.4","ND00546","72h",25,112.88,107.53,4.74,"two_method"
"INDIAN HILLS WDA S.850.4","ND00546","72h",50,126.21,120.34,4.65,"two_method"
"INDIAN HILLS WDA S.850.4","ND00546","72h",100,139.5,133.15,4.55,"two_method"
"INDIAN HILLS WDA S.850.4","ND00546","72h",200,152.8,145.99,4.46,"two_method"
"INDIAN HILLS WDA S.850.4","ND00546","72h",500,170.43,163.07,4.32,"two_method"
"INDIAN HILLS WDA S.850.4","ND00546","72h",1000,183.81,176.07,4.21,"two_method"
"INDIAN HILLS WDA S.850.4","ND00546","72h",2000,197.25,189.15,4.11,"two_method"
"INDIAN HILLS WDA S.850.4","ND00546","72h",5000,215.1,206.57,3.97,"two_method"
"INDIAN HILLS WDA S.850.4","ND00546","72h",10000,228.66,219.84,3.86,"two_method"
"ISLAND PARK","ID00272","24h",2,30.9,30.03,2.82,"two_method"
"ISLAND PARK","ID00272","24h",5,40.17,38.29,4.68,"two_method"
"ISLAND PARK","ID00272","24h",10,46.49,43.82,5.74,"two_method"
"ISLAND PARK","ID00272","24h",25,54.68,50.9,6.91,"two_method"
"ISLAND PARK","ID00272","24h",50,60.91,56.21,7.72,"two_method"
"ISLAND PARK","ID00272","24h",100,67.23,61.53,8.48,"two_method"
"ISLAND PARK","ID00272","24h",200,73.66,66.88,9.2,"two_method"
"ISLAND PARK","ID00272","24h",500,82.35,74.02,10.12,"two_method"
"ISLAND PARK","ID00272","24h",1000,89.09,79.47,10.8,"two_method"
"ISLAND PARK","ID00272","24h",2000,95.96,84.97,11.45,"two_method"
"ISLAND PARK","ID00272","24h",5000,105.28,92.33,12.3,"two_method"
"ISLAND PARK","ID00272","24h",10000,112.5,97.95,12.93,"two_method"
"ISLAND PARK","ID00272","72h",2,44.13,42.67,3.31,"two_method"
"ISLAND PARK","ID00272","72h",5,56.65,53.39,5.75,"two_method"
"ISLAND PARK","ID00272","72h",10,65.09,61.03,6.24,"two_method"
"ISLAND PARK","ID00272","72h",25,75.92,71.92,5.27,"two_method"
"ISLAND PARK","ID00272","72h",50,84.08,81.16,3.47,"two_method"
"ISLAND PARK","ID00272","72h",100,92.29,91.51,0.85,"two_method"
"ISLAND PARK","ID00272","72h",200,100.58,103.19,2.53,"two_method"
"ISLAND PARK","ID00272","72h",500,111.68,121.02,7.72,"two_method"
"ISLAND PARK","ID00272","72h",1000,120.2,136.6,12.01,"two_method"
"ISLAND PARK","ID00272","72h",2000,128.82,154.27,16.5,"two_method"
"ISLAND PARK","ID00272","72h",5000,140.4,181.32,22.57,"two_method"
"ISLAND PARK","ID00272","72h",10000,149.28,205,27.18,"two_method"
"JACKSON GULCH","CO01685","24h",2,39.11,35.32,9.69,"two_method"
"JACKSON GULCH","CO01685","24h",5,52.45,47.08,10.24,"two_method"
"JACKSON GULCH","CO01685","24h",10,61.63,55.25,10.35,"two_method"
"JACKSON GULCH","CO01685","24h",25,73.64,66.03,10.33,"two_method"
"JACKSON GULCH","CO01685","24h",50,82.85,74.37,10.24,"two_method"
"JACKSON GULCH","CO01685","24h",100,92.27,82.95,10.1,"two_method"
"JACKSON GULCH","CO01685","24h",200,101.92,91.8,9.93,"two_method"
"JACKSON GULCH","CO01685","24h",500,115.09,103.98,9.65,"two_method"
"JACKSON GULCH","CO01685","24h",1000,125.37,113.56,9.42,"two_method"
"JACKSON GULCH","CO01685","24h",2000,135.95,123.48,9.17,"two_method"
"JACKSON GULCH","CO01685","24h",5000,150.41,137.14,8.82,"two_method"
"JACKSON GULCH","CO01685","24h",10000,161.71,147.91,8.53,"two_method"
"JACKSON GULCH","CO01685","72h",2,53.62,49.4,7.87,"two_method"
"JACKSON GULCH","CO01685","72h",5,69.32,63.46,8.45,"two_method"
"JACKSON GULCH","CO01685","72h",10,80.28,73.32,8.67,"two_method"
"JACKSON GULCH","CO01685","72h",25,95.62,87.18,8.83,"two_method"
"JACKSON GULCH","CO01685","72h",50,108.43,98.79,8.89,"two_method"
"JACKSON GULCH","CO01685","72h",100,122.58,111.67,8.9,"two_method"
"JACKSON GULCH","CO01685","72h",200,138.33,126.04,8.88,"two_method"
"JACKSON GULCH","CO01685","72h",500,161.99,147.71,8.82,"two_method"
"JACKSON GULCH","CO01685","72h",1000,182.34,166.42,8.73,"two_method"
"JACKSON GULCH","CO01685","72h",2000,205.11,187.42,8.62,"two_method"
"JACKSON GULCH","CO01685","72h",5000,239.42,219.17,8.46,"two_method"
"JACKSON GULCH","CO01685","72h",10000,268.98,246.63,8.31,"two_method"
"JACKSON LAKE","WY01385","24h",2,33.41,33.45,0.12,"two_method"
"JACKSON LAKE","WY01385","24h",5,42.32,42.69,0.87,"two_method"
"JACKSON LAKE","WY01385","24h",10,48.22,48.91,1.41,"two_method"
"JACKSON LAKE","WY01385","24h",25,55.69,56.89,2.11,"two_method"
"JACKSON LAKE","WY01385","24h",50,61.23,62.89,2.64,"two_method"
"JACKSON LAKE","WY01385","24h",100,66.73,68.92,3.18,"two_method"
"JACKSON LAKE","WY01385","24h",200,72.21,74.99,3.71,"two_method"
"JACKSON LAKE","WY01385","24h",500,79.45,83.12,4.42,"two_method"
"JACKSON LAKE","WY01385","24h",1000,84.93,89.35,4.95,"two_method"
"JACKSON LAKE","WY01385","24h",2000,90.41,95.65,5.48,"two_method"
"JACKSON LAKE","WY01385","24h",5000,97.65,104.1,6.2,"two_method"
"JACKSON LAKE","WY01385","24h",10000,103.13,110.57,6.73,"two_method"
"JACKSON LAKE","WY01385","72h",2,49,49.3,0.61,"two_method"
"JACKSON LAKE","WY01385","72h",5,61.3,61.52,0.36,"two_method"
"JACKSON LAKE","WY01385","72h",10,70.25,70.21,0.06,"two_method"
"JACKSON LAKE","WY01385","72h",25,83.22,82.56,0.79,"two_method"
"JACKSON LAKE","WY01385","72h",50,94.4,93.01,1.47,"two_method"
"JACKSON LAKE","WY01385","72h",100,107.09,104.71,2.22,"two_method"
"JACKSON LAKE","WY01385","72h",200,121.59,117.87,3.06,"two_method"
"JACKSON LAKE","WY01385","72h",500,144.07,137.92,4.27,"two_method"
"JACKSON LAKE","WY01385","72h",1000,164.01,155.4,5.25,"two_method"
"JACKSON LAKE","WY01385","72h",2000,186.91,175.18,6.28,"two_method"
"JACKSON LAKE","WY01385","72h",5000,222.5,205.4,7.69,"two_method"
"JACKSON LAKE","WY01385","72h",10000,254.11,231.79,8.78,"two_method"
"JAMESTOWN DAM","ND00151","24h",2,53.01,16.22,69.4,"two_method"
"JAMESTOWN DAM","ND00151","24h",5,74.44,22.43,69.87,"two_method"
"JAMESTOWN DAM","ND00151","24h",10,88.47,26.58,69.96,"two_method"
"JAMESTOWN DAM","ND00151","24h",25,105.7,31.88,69.84,"two_method"
"JAMESTOWN DAM","ND00151","24h",50,118.12,35.85,69.65,"two_method"
"JAMESTOWN DAM","ND00151","24h",100,130.17,39.84,69.39,"two_method"
"JAMESTOWN DAM","ND00151","24h",200,141.95,43.89,69.08,"two_method"
"JAMESTOWN DAM","ND00151","24h",500,157.2,49.36,68.6,"two_method"
"JAMESTOWN DAM","ND00151","24h",1000,168.54,53.6,68.2,"two_method"
"JAMESTOWN DAM","ND00151","24h",2000,179.74,57.93,67.77,"two_method"
"JAMESTOWN DAM","ND00151","24h",5000,194.37,63.83,67.16,"two_method"
"JAMESTOWN DAM","ND00151","24h",10000,205.32,68.43,66.67,"two_method"
"JAMESTOWN DAM","ND00151","72h",2,48.81,28.08,42.47,"two_method"
"JAMESTOWN DAM","ND00151","72h",5,66.57,38.05,42.84,"two_method"
"JAMESTOWN DAM","ND00151","72h",10,78.71,44.71,43.2,"two_method"
"JAMESTOWN DAM","ND00151","72h",25,94.49,53.19,43.71,"two_method"
"JAMESTOWN DAM","ND00151","72h",50,106.52,59.53,44.11,"two_method"
"JAMESTOWN DAM","ND00151","72h",100,118.76,65.87,44.54,"two_method"
"JAMESTOWN DAM","ND00151","72h",200,131.23,72.22,44.97,"two_method"
"JAMESTOWN DAM","ND00151","72h",500,148.14,80.67,45.54,"two_method"
"JAMESTOWN DAM","ND00151","72h",1000,161.28,87.1,45.99,"two_method"
"JAMESTOWN DAM","ND00151","72h",2000,174.71,93.57,46.44,"two_method"
"JAMESTOWN DAM","ND00151","72h",5000,192.96,102.18,47.05,"two_method"
"JAMESTOWN DAM","ND00151","72h",10000,207.14,108.75,47.5,"two_method"
"JOES VALLEY","UT10124","24h",2,30.93,54.42,43.16,"two_method"
"JOES VALLEY","UT10124","24h",5,40.33,73.18,44.89,"two_method"
"JOES VALLEY","UT10124","24h",10,47.18,86.26,45.3,"two_method"
"JOES VALLEY","UT10124","24h",25,57.09,103.56,44.87,"two_method"
"JOES VALLEY","UT10124","24h",50,65.64,116.98,43.89,"two_method"
"JOES VALLEY","UT10124","24h",100,75.36,130.82,42.39,"two_method"
"JOES VALLEY","UT10124","24h",200,86.46,145.14,40.43,"two_method"
"JOES VALLEY","UT10124","24h",500,103.66,164.88,37.13,"two_method"
"JOES VALLEY","UT10124","24h",1000,118.92,180.46,34.1,"two_method"
"JOES VALLEY","UT10124","24h",2000,136.46,196.64,30.6,"two_method"
"JOES VALLEY","UT10124","24h",5000,163.72,218.98,25.24,"two_method"
"JOES VALLEY","UT10124","24h",10000,187.94,236.62,20.57,"two_method"
"JOES VALLEY","UT10124","72h",2,42.58,74.35,42.73,"two_method"
"JOES VALLEY","UT10124","72h",5,55.97,97.03,42.32,"two_method"
"JOES VALLEY","UT10124","72h",10,65.79,112.81,41.68,"two_method"
"JOES VALLEY","UT10124","72h",25,80.1,134.83,40.59,"two_method"
"JOES VALLEY","UT10124","72h",50,92.5,153.17,39.61,"two_method"
"JOES VALLEY","UT10124","72h",100,106.65,173.39,38.49,"two_method"
"JOES VALLEY","UT10124","72h",200,122.9,195.84,37.24,"two_method"
"JOES VALLEY","UT10124","72h",500,148.22,229.48,35.41,"two_method"
"JOES VALLEY","UT10124","72h",1000,170.81,258.35,33.88,"two_method"
"JOES VALLEY","UT10124","72h",2000,196.87,290.57,32.25,"two_method"
"JOES VALLEY","UT10124","72h",5000,237.59,338.99,29.91,"two_method"
"JOES VALLEY","UT10124","72h",10000,273.97,380.6,28.02,"two_method"
"KACHESS DAM","WA00260","24h",2,79.69,72.34,9.22,"two_method"
"KACHESS DAM","WA00260","24h",5,107.13,100.01,6.65,"two_method"
"KACHESS DAM","WA00260","24h",10,126.33,118.88,5.9,"two_method"
"KACHESS DAM","WA00260","24h",25,151.84,142.58,6.1,"two_method"
"KACHESS DAM","WA00260","24h",50,171.69,159.93,6.85,"two_method"
"KACHESS DAM","WA00260","24h",100,192.23,176.93,7.96,"two_method"
"KACHESS DAM","WA00260","24h",200,213.55,193.67,9.31,"two_method"
"KACHESS DAM","WA00260","24h",500,243.05,215.5,11.34,"two_method"
"KACHESS DAM","WA00260","24h",1000,266.42,231.82,12.99,"two_method"
"KACHESS DAM","WA00260","24h",2000,290.76,248.02,14.7,"two_method"
"KACHESS DAM","WA00260","24h",5000,324.48,269.26,17.02,"two_method"
"KACHESS DAM","WA00260","24h",10000,351.22,285.23,18.79,"two_method"
"KACHESS DAM","WA00260","72h",2,131.19,118.03,10.03,"two_method"
"KACHESS DAM","WA00260","72h",5,169.22,158.16,6.54,"two_method"
"KACHESS DAM","WA00260","72h",10,196.36,183.13,6.74,"two_method"
"KACHESS DAM","WA00260","72h",25,235.02,212.92,9.4,"two_method"
"KACHESS DAM","WA00260","72h",50,267.83,233.96,12.65,"two_method"
"KACHESS DAM","WA00260","72h",100,304.63,254.11,16.58,"two_method"
"KACHESS DAM","WA00260","72h",200,346.13,273.58,20.96,"two_method"
"KACHESS DAM","WA00260","72h",500,409.49,298.53,27.1,"two_method"
"KACHESS DAM","WA00260","72h",1000,464.88,316.91,31.83,"two_method"
"KACHESS DAM","WA00260","72h",2000,527.7,334.96,36.52,"two_method"
"KACHESS DAM","WA00260","72h",5000,623.89,358.37,42.56,"two_method"
"KACHESS DAM","WA00260","72h",10000,708.1,375.81,46.93,"two_method"
"KEECHELUS DAM","WA00265","24h",2,80.28,84.24,4.7,"two_method"
"KEECHELUS DAM","WA00265","24h",5,107.78,110.83,2.75,"two_method"
"KEECHELUS DAM","WA00265","24h",10,127.06,130.51,2.64,"two_method"
"KEECHELUS DAM","WA00265","24h",25,152.69,159.41,4.22,"two_method"
"KEECHELUS DAM","WA00265","24h",50,172.69,184.65,6.48,"two_method"
"KEECHELUS DAM","WA00265","24h",100,193.39,213.62,9.47,"two_method"
"KEECHELUS DAM","WA00265","24h",200,214.9,247.09,13.03,"two_method"
"KEECHELUS DAM","WA00265","24h",500,244.71,299.6,18.32,"two_method"
"KEECHELUS DAM","WA00265","24h",1000,268.36,346.77,22.61,"two_method"
"KEECHELUS DAM","WA00265","24h",2000,293.01,401.53,27.03,"two_method"
"KEECHELUS DAM","WA00265","24h",5000,327.22,487.7,32.91,"two_method"
"KEECHELUS DAM","WA00265","24h",10000,354.38,565.2,37.3,"two_method"
"KEECHELUS DAM","WA00265","72h",2,131.35,137.23,4.28,"two_method"
"KEECHELUS DAM","WA00265","72h",5,169.43,177.95,4.79,"two_method"
"KEECHELUS DAM","WA00265","72h",10,196.6,207.5,5.25,"two_method"
"KEECHELUS DAM","WA00265","72h",25,235.31,250.21,5.95,"two_method"
"KEECHELUS DAM","WA00265","72h",50,268.17,286.95,6.54,"two_method"
"KEECHELUS DAM","WA00265","72h",100,305.01,328.6,7.18,"two_method"
"KEECHELUS DAM","WA00265","72h",200,346.56,376.11,7.86,"two_method"
"KEECHELUS DAM","WA00265","72h",500,410,449.59,8.81,"two_method"
"KEECHELUS DAM","WA00265","72h",1000,465.46,514.65,9.56,"two_method"
"KEECHELUS DAM","WA00265","72h",2000,528.36,589.25,10.33,"two_method"
"KEECHELUS DAM","WA00265","72h",5000,624.67,704.95,11.39,"two_method"
"KEECHELUS DAM","WA00265","72h",10000,708.98,807.53,12.2,"two_method"
"KEENE CREEK DIVERSION","OR00031","24h",2,56.2,68.11,17.49,"two_method"
"KEENE CREEK DIVERSION","OR00031","24h",5,75.6,89.41,15.45,"two_method"
"KEENE CREEK DIVERSION","OR00031","24h",10,88.91,103.92,14.44,"two_method"
"KEENE CREEK DIVERSION","OR00031","24h",25,106.27,122.73,13.41,"two_method"
"KEENE CREEK DIVERSION","OR00031","24h",50,119.57,137.04,12.75,"two_method"
"KEENE CREEK DIVERSION","OR00031","24h",100,133.12,151.54,12.16,"two_method"
"KEENE CREEK DIVERSION","OR00031","24h",200,146.99,166.31,11.62,"two_method"
"KEENE CREEK DIVERSION","OR00031","24h",500,165.85,186.27,10.96,"two_method"
"KEENE CREEK DIVERSION","OR00031","24h",1000,180.55,201.72,10.49,"two_method"
"KEENE CREEK DIVERSION","OR00031","24h",2000,195.64,217.5,10.05,"two_method"
"KEENE CREEK DIVERSION","OR00031","24h",5000,216.2,238.88,9.49,"two_method"
"KEENE CREEK DIVERSION","OR00031","24h",10000,232.23,255.44,9.09,"two_method"
"KEENE CREEK DIVERSION","OR00031","72h",2,89.54,115.22,22.29,"two_method"
"KEENE CREEK DIVERSION","OR00031","72h",5,119.86,145.23,17.47,"two_method"
"KEENE CREEK DIVERSION","OR00031","72h",10,139.65,166.04,15.89,"two_method"
"KEENE CREEK DIVERSION","OR00031","72h",25,164.34,194.99,15.72,"two_method"
"KEENE CREEK DIVERSION","OR00031","72h",50,182.43,219.02,16.71,"two_method"
"KEENE CREEK DIVERSION","OR00031","72h",100,200.2,245.47,18.44,"two_method"
"KEENE CREEK DIVERSION","OR00031","72h",200,217.71,274.76,20.76,"two_method"
"KEENE CREEK DIVERSION","OR00031","72h",500,240.54,318.51,24.48,"two_method"
"KEENE CREEK DIVERSION","OR00031","72h",1000,257.58,355.97,27.64,"two_method"
"KEENE CREEK DIVERSION","OR00031","72h",2000,274.44,397.68,30.99,"two_method"
"KEENE CREEK DIVERSION","OR00031","72h",5000,296.45,460.18,35.58,"two_method"
"KEENE CREEK DIVERSION","OR00031","72h",10000,312.9,513.76,39.1,"two_method"
"KESWICK","CA10160","24h",2,78.9,78.9,0,"identical_fallback"
"KESWICK","CA10160","24h",5,102.02,102.02,0,"identical_fallback"
"KESWICK","CA10160","24h",10,118.23,118.23,0,"identical_fallback"
"KESWICK","CA10160","24h",25,140.99,140.99,0,"identical_fallback"
"KESWICK","CA10160","24h",50,160.04,160.04,0,"identical_fallback"
"KESWICK","CA10160","24h",100,181.16,181.16,0,"identical_fallback"
"KESWICK","CA10160","24h",200,204.71,204.71,0,"identical_fallback"
"KESWICK","CA10160","24h",500,240.2,240.2,0,"identical_fallback"
"KESWICK","CA10160","24h",1000,270.82,270.82,0,"identical_fallback"
"KESWICK","CA10160","24h",2000,305.15,305.15,0,"identical_fallback"
"KESWICK","CA10160","24h",5000,357.04,357.04,0,"identical_fallback"
"KESWICK","CA10160","24h",10000,401.88,401.88,0,"identical_fallback"
"KESWICK","CA10160","72h",2,128.33,128.33,0,"identical_fallback"
"KESWICK","CA10160","72h",5,170.54,170.54,0,"identical_fallback"
"KESWICK","CA10160","72h",10,200.24,200.24,0,"identical_fallback"
"KESWICK","CA10160","72h",25,242.06,242.06,0,"identical_fallback"
"KESWICK","CA10160","72h",50,277.17,277.17,0,"identical_fallback"
"KESWICK","CA10160","72h",100,316.17,316.17,0,"identical_fallback"
"KESWICK","CA10160","72h",200,359.78,359.78,0,"identical_fallback"
"KESWICK","CA10160","72h",500,425.65,425.65,0,"identical_fallback"
"KESWICK","CA10160","72h",1000,482.64,482.64,0,"identical_fallback"
"KESWICK","CA10160","72h",2000,546.7,546.7,0,"identical_fallback"
"KESWICK","CA10160","72h",5000,643.77,643.77,0,"identical_fallback"
"KESWICK","CA10160","72h",10000,727.87,727.87,0,"identical_fallback"
"KEYHOLE","WY01380","24h",2,42.67,39.77,6.8,"two_method"
"KEYHOLE","WY01380","24h",5,59.28,55.13,7,"two_method"
"KEYHOLE","WY01380","24h",10,70.49,65.56,6.99,"two_method"
"KEYHOLE","WY01380","24h",25,84.85,78.99,6.91,"two_method"
"KEYHOLE","WY01380","24h",50,95.7,89.16,6.83,"two_method"
"KEYHOLE","WY01380","24h",100,106.66,99.46,6.75,"two_method"
"KEYHOLE","WY01380","24h",200,117.8,109.96,6.66,"two_method"
"KEYHOLE","WY01380","24h",500,132.9,124.23,6.52,"two_method"
"KEYHOLE","WY01380","24h",1000,144.65,135.36,6.42,"two_method"
"KEYHOLE","WY01380","24h",2000,156.72,146.81,6.32,"two_method"
"KEYHOLE","WY01380","24h",5000,173.19,162.47,6.19,"two_method"
"KEYHOLE","WY01380","24h",10000,186.06,174.73,6.09,"two_method"
"KEYHOLE","WY01380","72h",2,52.88,48.15,8.94,"two_method"
"KEYHOLE","WY01380","72h",5,73,65.81,9.85,"two_method"
"KEYHOLE","WY01380","72h",10,86.58,77.57,10.41,"two_method"
"KEYHOLE","WY01380","72h",25,104.03,92.49,11.09,"two_method"
"KEYHOLE","WY01380","72h",50,117.18,103.61,11.58,"two_method"
"KEYHOLE","WY01380","72h",100,130.42,114.7,12.05,"two_method"
"KEYHOLE","WY01380","72h",200,143.79,125.79,12.52,"two_method"
"KEYHOLE","WY01380","72h",500,161.72,140.48,13.13,"two_method"
"KEYHOLE","WY01380","72h",1000,175.49,151.64,13.59,"two_method"
"KEYHOLE","WY01380","72h",2000,189.44,162.83,14.05,"two_method"
"KEYHOLE","WY01380","72h",5000,208.17,177.7,14.64,"two_method"
"KEYHOLE","WY01380","72h",10000,222.57,189,15.08,"two_method"
"KIRWIN","KS00022","24h",2,68.37,69.07,1.01,"two_method"
"KIRWIN","KS00022","24h",5,93.47,92.57,0.96,"two_method"
"KIRWIN","KS00022","24h",10,111.07,109.99,0.97,"two_method"
"KIRWIN","KS00022","24h",25,134.47,135.62,0.85,"two_method"
"KIRWIN","KS00022","24h",50,152.73,158.04,3.36,"two_method"
"KIRWIN","KS00022","24h",100,171.64,183.82,6.63,"two_method"
"KIRWIN","KS00022","24h",200,191.29,213.63,10.46,"two_method"
"KIRWIN","KS00022","24h",500,218.52,260.48,16.11,"two_method"
"KIRWIN","KS00022","24h",1000,240.13,302.63,20.65,"two_method"
"KIRWIN","KS00022","24h",2000,262.67,351.62,25.3,"two_method"
"KIRWIN","KS00022","24h",5000,293.94,428.84,31.46,"two_method"
"KIRWIN","KS00022","24h",10000,318.78,498.39,36.04,"two_method"
"KIRWIN","KS00022","72h",2,81.03,84.86,4.51,"two_method"
"KIRWIN","KS00022","72h",5,108.12,113.6,4.82,"two_method"
"KIRWIN","KS00022","72h",10,125.92,132.31,4.83,"two_method"
"KIRWIN","KS00022","72h",25,148.26,155.58,4.7,"two_method"
"KIRWIN","KS00022","72h",50,164.73,172.58,4.55,"two_method"
"KIRWIN","KS00022","72h",100,180.99,189.24,4.36,"two_method"
"KIRWIN","KS00022","72h",200,197.09,205.63,4.15,"two_method"
"KIRWIN","KS00022","72h",500,218.21,226.94,3.85,"two_method"
"KIRWIN","KS00022","72h",1000,234.06,242.8,3.6,"two_method"
"KIRWIN","KS00022","72h",2000,249.82,258.46,3.34,"two_method"
"KIRWIN","KS00022","72h",5000,270.52,278.85,2.99,"two_method"
"KIRWIN","KS00022","72h",10000,286.08,294.04,2.71,"two_method"
"KOENIG WILD DEV. AREA #008","ND00476","24h",2,51.18,51.74,1.08,"two_method"
"KOENIG WILD DEV. AREA #008","ND00476","24h",5,70.31,71.33,1.43,"two_method"
"KOENIG WILD DEV. AREA #008","ND00476","24h",10,83.17,84.02,1.01,"two_method"
"KOENIG WILD DEV. AREA #008","ND00476","24h",25,99.61,99.51,0.1,"two_method"
"KOENIG WILD DEV. AREA #008","ND00476","24h",50,111.99,110.64,1.21,"two_method"
"KOENIG WILD DEV. AREA #008","ND00476","24h",100,124.48,121.4,2.47,"two_method"
"KOENIG WILD DEV. AREA #008","ND00476","24h",200,137.16,131.9,3.83,"two_method"
"KOENIG WILD DEV. AREA #008","ND00476","24h",500,154.32,145.46,5.74,"two_method"
"KOENIG WILD DEV. AREA #008","ND00476","24h",1000,167.65,155.53,7.23,"two_method"
"KOENIG WILD DEV. AREA #008","ND00476","24h",2000,181.32,165.46,8.75,"two_method"
"KOENIG WILD DEV. AREA #008","ND00476","24h",5000,199.95,178.42,10.77,"two_method"
"KOENIG WILD DEV. AREA #008","ND00476","24h",10000,214.5,188.11,12.3,"two_method"
"KOENIG WILD DEV. AREA #008","ND00476","72h",2,58.77,59.44,1.13,"two_method"
"KOENIG WILD DEV. AREA #008","ND00476","72h",5,79.54,80.13,0.74,"two_method"
"KOENIG WILD DEV. AREA #008","ND00476","72h",10,93.58,93.95,0.39,"two_method"
"KOENIG WILD DEV. AREA #008","ND00476","72h",25,111.65,111.56,0.08,"two_method"
"KOENIG WILD DEV. AREA #008","ND00476","72h",50,125.3,124.73,0.45,"two_method"
"KOENIG WILD DEV. AREA #008","ND00476","72h",100,139.06,137.9,0.83,"two_method"
"KOENIG WILD DEV. AREA #008","ND00476","72h",200,152.99,151.11,1.23,"two_method"
"KOENIG WILD DEV. AREA #008","ND00476","72h",500,171.68,168.68,1.75,"two_method"
"KOENIG WILD DEV. AREA #008","ND00476","72h",1000,186.06,182.06,2.15,"two_method"
"KOENIG WILD DEV. AREA #008","ND00476","72h",2000,200.66,195.53,2.56,"two_method"
"KOENIG WILD DEV. AREA #008","ND00476","72h",5000,220.3,213.48,3.1,"two_method"
"KOENIG WILD DEV. AREA #008","ND00476","72h",10000,235.41,227.16,3.5,"two_method"
"KOENIG WILD DEV. AREA #023","ND00477","24h",2,51.18,51.74,1.08,"two_method"
"KOENIG WILD DEV. AREA #023","ND00477","24h",5,70.31,71.33,1.43,"two_method"
"KOENIG WILD DEV. AREA #023","ND00477","24h",10,83.17,84.02,1.01,"two_method"
"KOENIG WILD DEV. AREA #023","ND00477","24h",25,99.61,99.51,0.1,"two_method"
"KOENIG WILD DEV. AREA #023","ND00477","24h",50,111.99,110.64,1.21,"two_method"
"KOENIG WILD DEV. AREA #023","ND00477","24h",100,124.48,121.4,2.47,"two_method"
"KOENIG WILD DEV. AREA #023","ND00477","24h",200,137.16,131.9,3.83,"two_method"
"KOENIG WILD DEV. AREA #023","ND00477","24h",500,154.32,145.46,5.74,"two_method"
"KOENIG WILD DEV. AREA #023","ND00477","24h",1000,167.65,155.53,7.23,"two_method"
"KOENIG WILD DEV. AREA #023","ND00477","24h",2000,181.32,165.46,8.75,"two_method"
"KOENIG WILD DEV. AREA #023","ND00477","24h",5000,199.95,178.42,10.77,"two_method"
"KOENIG WILD DEV. AREA #023","ND00477","24h",10000,214.5,188.11,12.3,"two_method"
"KOENIG WILD DEV. AREA #023","ND00477","72h",2,58.77,59.44,1.13,"two_method"
"KOENIG WILD DEV. AREA #023","ND00477","72h",5,79.54,80.13,0.74,"two_method"
"KOENIG WILD DEV. AREA #023","ND00477","72h",10,93.58,93.95,0.39,"two_method"
"KOENIG WILD DEV. AREA #023","ND00477","72h",25,111.65,111.56,0.08,"two_method"
"KOENIG WILD DEV. AREA #023","ND00477","72h",50,125.3,124.73,0.45,"two_method"
"KOENIG WILD DEV. AREA #023","ND00477","72h",100,139.06,137.9,0.83,"two_method"
"KOENIG WILD DEV. AREA #023","ND00477","72h",200,152.99,151.11,1.23,"two_method"
"KOENIG WILD DEV. AREA #023","ND00477","72h",500,171.68,168.68,1.75,"two_method"
"KOENIG WILD DEV. AREA #023","ND00477","72h",1000,186.06,182.06,2.15,"two_method"
"KOENIG WILD DEV. AREA #023","ND00477","72h",2000,200.66,195.53,2.56,"two_method"
"KOENIG WILD DEV. AREA #023","ND00477","72h",5000,220.3,213.48,3.1,"two_method"
"KOENIG WILD DEV. AREA #023","ND00477","72h",10000,235.41,227.16,3.5,"two_method"
"KORTES","WY01294","24h",2,30.93,32.92,6.04,"two_method"
"KORTES","WY01294","24h",5,42.52,46.84,9.22,"two_method"
"KORTES","WY01294","24h",10,51.25,56.73,9.66,"two_method"
"KORTES","WY01294","24h",25,64.29,70.05,8.22,"two_method"
"KORTES","WY01294","24h",50,75.83,80.58,5.89,"two_method"
"KORTES","WY01294","24h",100,89.26,91.59,2.54,"two_method"
"KORTES","WY01294","24h",200,104.96,103.15,1.72,"two_method"
"KORTES","WY01294","24h",500,129.95,119.37,8.14,"two_method"
"KORTES","WY01294","24h",1000,152.71,132.4,13.3,"two_method"
"KORTES","WY01294","24h",2000,179.46,146.12,18.58,"two_method"
"KORTES","WY01294","24h",5000,222.15,165.39,25.55,"two_method"
"KORTES","WY01294","24h",10000,261.08,180.88,30.72,"two_method"
"KORTES","WY01294","72h",2,39.26,41.53,5.47,"two_method"
"KORTES","WY01294","72h",5,55.22,59.11,6.58,"two_method"
"KORTES","WY01294","72h",10,66.43,71.11,6.58,"two_method"
"KORTES","WY01294","72h",25,81.37,86.72,6.17,"two_method"
"KORTES","WY01294","72h",50,93.04,98.62,5.66,"two_method"
"KORTES","WY01294","72h",100,105.14,110.72,5.04,"two_method"
"KORTES","WY01294","72h",200,117.74,123.05,4.32,"two_method"
"KORTES","WY01294","72h",500,135.21,139.76,3.26,"two_method"
"KORTES","WY01294","72h",1000,149.11,152.74,2.38,"two_method"
"KORTES","WY01294","72h",2000,163.61,166.02,1.45,"two_method"
"KORTES","WY01294","72h",5000,183.77,184.04,0.15,"two_method"
"KORTES","WY01294","72h",10000,199.8,198.05,0.88,"two_method"
"LAGUNA DIVERSION","AZ10315","24h",2,36.04,36.04,0,"identical_fallback"
"LAGUNA DIVERSION","AZ10315","24h",5,55.04,55.04,0,"identical_fallback"
"LAGUNA DIVERSION","AZ10315","24h",10,68.24,68.24,0,"identical_fallback"
"LAGUNA DIVERSION","AZ10315","24h",25,85.53,85.53,0,"identical_fallback"
"LAGUNA DIVERSION","AZ10315","24h",50,98.81,98.81,0,"identical_fallback"
"LAGUNA DIVERSION","AZ10315","24h",100,112.41,112.41,0,"identical_fallback"
"LAGUNA DIVERSION","AZ10315","24h",200,126.41,126.41,0,"identical_fallback"
"LAGUNA DIVERSION","AZ10315","24h",500,145.64,145.64,0,"identical_fallback"
"LAGUNA DIVERSION","AZ10315","24h",1000,160.77,160.77,0,"identical_fallback"
"LAGUNA DIVERSION","AZ10315","24h",2000,176.47,176.47,0,"identical_fallback"
"LAGUNA DIVERSION","AZ10315","24h",5000,198.11,198.11,0,"identical_fallback"
"LAGUNA DIVERSION","AZ10315","24h",10000,215.2,215.2,0,"identical_fallback"
"LAGUNA DIVERSION","AZ10315","72h",2,33.47,33.47,0,"identical_fallback"
"LAGUNA DIVERSION","AZ10315","72h",5,51.27,51.27,0,"identical_fallback"
"LAGUNA DIVERSION","AZ10315","72h",10,63.72,63.72,0,"identical_fallback"
"LAGUNA DIVERSION","AZ10315","72h",25,80.25,80.25,0,"identical_fallback"
"LAGUNA DIVERSION","AZ10315","72h",50,93.13,93.13,0,"identical_fallback"
"LAGUNA DIVERSION","AZ10315","72h",100,106.44,106.44,0,"identical_fallback"
"LAGUNA DIVERSION","AZ10315","72h",200,120.25,120.25,0,"identical_fallback"
"LAGUNA DIVERSION","AZ10315","72h",500,139.36,139.36,0,"identical_fallback"
"LAGUNA DIVERSION","AZ10315","72h",1000,154.5,154.5,0,"identical_fallback"
"LAGUNA DIVERSION","AZ10315","72h",2000,170.26,170.26,0,"identical_fallback"
"LAGUNA DIVERSION","AZ10315","72h",5000,192.1,192.1,0,"identical_fallback"
"LAGUNA DIVERSION","AZ10315","72h",10000,209.41,209.41,0,"identical_fallback"
"LAKE ALICE LOWER DAM (NO 1 1-2)","NE01071","24h",2,42.48,40.33,5.06,"two_method"
"LAKE ALICE LOWER DAM (NO 1 1-2)","NE01071","24h",5,58.11,55.66,4.22,"two_method"
"LAKE ALICE LOWER DAM (NO 1 1-2)","NE01071","24h",10,68.44,65.5,4.3,"two_method"
"LAKE ALICE LOWER DAM (NO 1 1-2)","NE01071","24h",25,81.47,77.59,4.76,"two_method"
"LAKE ALICE LOWER DAM (NO 1 1-2)","NE01071","24h",50,91.12,86.32,5.27,"two_method"
"LAKE ALICE LOWER DAM (NO 1 1-2)","NE01071","24h",100,100.68,94.79,5.85,"two_method"
"LAKE ALICE LOWER DAM (NO 1 1-2)","NE01071","24h",200,110.19,103.03,6.5,"two_method"
"LAKE ALICE LOWER DAM (NO 1 1-2)","NE01071","24h",500,122.72,113.62,7.42,"two_method"
"LAKE ALICE LOWER DAM (NO 1 1-2)","NE01071","24h",1000,132.16,121.42,8.13,"two_method"
"LAKE ALICE LOWER DAM (NO 1 1-2)","NE01071","24h",2000,141.6,129.04,8.87,"two_method"
"LAKE ALICE LOWER DAM (NO 1 1-2)","NE01071","24h",5000,154.04,138.84,9.87,"two_method"
"LAKE ALICE LOWER DAM (NO 1 1-2)","NE01071","24h",10000,163.43,146.06,10.63,"two_method"
"LAKE ALICE LOWER DAM (NO 1 1-2)","NE01071","72h",2,52.5,50.04,4.69,"two_method"
"LAKE ALICE LOWER DAM (NO 1 1-2)","NE01071","72h",5,71.29,68.75,3.56,"two_method"
"LAKE ALICE LOWER DAM (NO 1 1-2)","NE01071","72h",10,83.31,80.55,3.31,"two_method"
"LAKE ALICE LOWER DAM (NO 1 1-2)","NE01071","72h",25,98,94.84,3.22,"two_method"
"LAKE ALICE LOWER DAM (NO 1 1-2)","NE01071","72h",50,108.57,105,3.29,"two_method"
"LAKE ALICE LOWER DAM (NO 1 1-2)","NE01071","72h",100,118.79,114.74,3.41,"two_method"
"LAKE ALICE LOWER DAM (NO 1 1-2)","NE01071","72h",200,128.7,124.1,3.57,"two_method"
"LAKE ALICE LOWER DAM (NO 1 1-2)","NE01071","72h",500,141.39,135.95,3.85,"two_method"
"LAKE ALICE LOWER DAM (NO 1 1-2)","NE01071","72h",1000,150.69,144.55,4.07,"two_method"
"LAKE ALICE LOWER DAM (NO 1 1-2)","NE01071","72h",2000,159.75,152.84,4.33,"two_method"
"LAKE ALICE LOWER DAM (NO 1 1-2)","NE01071","72h",5000,171.36,163.37,4.66,"two_method"
"LAKE ALICE LOWER DAM (NO 1 1-2)","NE01071","72h",10000,179.89,171.01,4.94,"two_method"
"LAKE ALICE NO. 1","NE01072","24h",2,42.27,40.13,5.06,"two_method"
"LAKE ALICE NO. 1","NE01072","24h",5,57.96,55.39,4.43,"two_method"
"LAKE ALICE NO. 1","NE01072","24h",10,68.38,65.18,4.68,"two_method"
"LAKE ALICE NO. 1","NE01072","24h",25,81.59,77.21,5.37,"two_method"
"LAKE ALICE NO. 1","NE01072","24h",50,91.41,85.89,6.04,"two_method"
"LAKE ALICE NO. 1","NE01072","24h",100,101.19,94.32,6.79,"two_method"
"LAKE ALICE NO. 1","NE01072","24h",200,110.95,102.52,7.6,"two_method"
"LAKE ALICE NO. 1","NE01072","24h",500,123.86,113.06,8.72,"two_method"
"LAKE ALICE NO. 1","NE01072","24h",1000,133.64,120.82,9.59,"two_method"
"LAKE ALICE NO. 1","NE01072","24h",2000,143.45,128.4,10.49,"two_method"
"LAKE ALICE NO. 1","NE01072","24h",5000,156.44,138.16,11.68,"two_method"
"LAKE ALICE NO. 1","NE01072","24h",10000,166.29,145.34,12.6,"two_method"
"LAKE ALICE NO. 1","NE01072","72h",2,52.24,49.98,4.33,"two_method"
"LAKE ALICE NO. 1","NE01072","72h",5,71.07,68.66,3.39,"two_method"
"LAKE ALICE NO. 1","NE01072","72h",10,83.14,80.45,3.24,"two_method"
"LAKE ALICE NO. 1","NE01072","72h",25,97.97,94.72,3.32,"two_method"
"LAKE ALICE NO. 1","NE01072","72h",50,108.67,104.87,3.5,"two_method"
"LAKE ALICE NO. 1","NE01072","72h",100,119.04,114.59,3.74,"two_method"
"LAKE ALICE NO. 1","NE01072","72h",200,129.13,123.94,4.02,"two_method"
"LAKE ALICE NO. 1","NE01072","72h",500,142.09,135.77,4.45,"two_method"
"LAKE ALICE NO. 1","NE01072","72h",1000,151.62,144.36,4.79,"two_method"
"LAKE ALICE NO. 1","NE01072","72h",2000,160.93,152.64,5.15,"two_method"
"LAKE ALICE NO. 1","NE01072","72h",5000,172.9,163.16,5.63,"two_method"
"LAKE ALICE NO. 1","NE01072","72h",10000,181.72,170.79,6.01,"two_method"
"LAKE ALICE NO. 2","NE03277","24h",2,42.87,40.03,6.62,"two_method"
"LAKE ALICE NO. 2","NE03277","24h",5,58.68,55.25,5.85,"two_method"
"LAKE ALICE NO. 2","NE03277","24h",10,69.18,65.02,6.01,"two_method"
"LAKE ALICE NO. 2","NE03277","24h",25,82.47,77.03,6.6,"two_method"
"LAKE ALICE NO. 2","NE03277","24h",50,92.36,85.69,7.22,"two_method"
"LAKE ALICE NO. 2","NE03277","24h",100,102.2,94.1,7.93,"two_method"
"LAKE ALICE NO. 2","NE03277","24h",200,112.02,102.28,8.69,"two_method"
"LAKE ALICE NO. 2","NE03277","24h",500,125.01,112.8,9.77,"two_method"
"LAKE ALICE NO. 2","NE03277","24h",1000,134.85,120.53,10.62,"two_method"
"LAKE ALICE NO. 2","NE03277","24h",2000,144.71,128.1,11.48,"two_method"
"LAKE ALICE NO. 2","NE03277","24h",5000,157.76,137.83,12.63,"two_method"
"LAKE ALICE NO. 2","NE03277","24h",10000,167.67,145,13.52,"two_method"
"LAKE ALICE NO. 2","NE03277","72h",2,52.92,49.94,5.63,"two_method"
"LAKE ALICE NO. 2","NE03277","72h",5,71.88,68.62,4.54,"two_method"
"LAKE ALICE NO. 2","NE03277","72h",10,84.01,80.4,4.3,"two_method"
"LAKE ALICE NO. 2","NE03277","72h",25,98.87,94.66,4.26,"two_method"
"LAKE ALICE NO. 2","NE03277","72h",50,109.57,104.8,4.35,"two_method"
"LAKE ALICE NO. 2","NE03277","72h",100,119.92,114.52,4.5,"two_method"
"LAKE ALICE NO. 2","NE03277","72h",200,129.98,123.86,4.71,"two_method"
"LAKE ALICE NO. 2","NE03277","72h",500,142.87,135.69,5.03,"two_method"
"LAKE ALICE NO. 2","NE03277","72h",1000,152.33,144.27,5.29,"two_method"
"LAKE ALICE NO. 2","NE03277","72h",2000,161.56,152.55,5.58,"two_method"
"LAKE ALICE NO. 2","NE03277","72h",5000,173.4,163.06,5.96,"two_method"
"LAKE ALICE NO. 2","NE03277","72h",10000,182.1,170.68,6.27,"two_method"
"LAKE CAMEAHWAIT","WY01302","24h",2,29.09,31.7,8.23,"two_method"
"LAKE CAMEAHWAIT","WY01302","24h",5,40.34,44.65,9.65,"two_method"
"LAKE CAMEAHWAIT","WY01302","24h",10,47.81,53.45,10.55,"two_method"
"LAKE CAMEAHWAIT","WY01302","24h",25,57.29,64.83,11.63,"two_method"
"LAKE CAMEAHWAIT","WY01302","24h",50,64.35,73.46,12.4,"two_method"
"LAKE CAMEAHWAIT","WY01302","24h",100,71.37,82.2,13.18,"two_method"
"LAKE CAMEAHWAIT","WY01302","24h",200,78.38,91.07,13.93,"two_method"
"LAKE CAMEAHWAIT","WY01302","24h",500,87.67,103.02,14.9,"two_method"
"LAKE CAMEAHWAIT","WY01302","24h",1000,94.71,112.26,15.63,"two_method"
"LAKE CAMEAHWAIT","WY01302","24h",2000,101.77,121.67,16.36,"two_method"
"LAKE CAMEAHWAIT","WY01302","24h",5000,111.13,134.38,17.3,"two_method"
"LAKE CAMEAHWAIT","WY01302","24h",10000,118.23,144.21,18.02,"two_method"
"LAKE CAMEAHWAIT","WY01302","72h",2,34.99,38.97,10.21,"two_method"
"LAKE CAMEAHWAIT","WY01302","72h",5,48.98,55.38,11.56,"two_method"
"LAKE CAMEAHWAIT","WY01302","72h",10,58.09,66.15,12.18,"two_method"
"LAKE CAMEAHWAIT","WY01302","72h",25,69.44,79.65,12.82,"two_method"
"LAKE CAMEAHWAIT","WY01302","72h",50,77.74,89.67,13.3,"two_method"
"LAKE CAMEAHWAIT","WY01302","72h",100,85.88,99.65,13.82,"two_method"
"LAKE CAMEAHWAIT","WY01302","72h",200,93.89,109.69,14.4,"two_method"
"LAKE CAMEAHWAIT","WY01302","72h",500,104.32,123.11,15.26,"two_method"
"LAKE CAMEAHWAIT","WY01302","72h",1000,112.09,133.43,15.99,"two_method"
"LAKE CAMEAHWAIT","WY01302","72h",2000,119.77,143.93,16.79,"two_method"
"LAKE CAMEAHWAIT","WY01302","72h",5000,129.77,158.11,17.92,"two_method"
"LAKE CAMEAHWAIT","WY01302","72h",10000,137.24,169.08,18.83,"two_method"
"LAKE TAHOE","CA10162","24h",2,77.72,81.52,4.66,"two_method"
"LAKE TAHOE","CA10162","24h",5,106.39,112.18,5.16,"two_method"
"LAKE TAHOE","CA10162","24h",10,126.53,133.1,4.94,"two_method"
"LAKE TAHOE","CA10162","24h",25,153.38,160.27,4.3,"two_method"
"LAKE TAHOE","CA10162","24h",50,174.36,180.97,3.65,"two_method"
"LAKE TAHOE","CA10162","24h",100,196.12,201.98,2.9,"two_method"
"LAKE TAHOE","CA10162","24h",200,218.78,223.39,2.06,"two_method"
"LAKE TAHOE","CA10162","24h",500,250.24,252.39,0.85,"two_method"
"LAKE TAHOE","CA10162","24h",1000,275.25,274.87,0.14,"two_method"
"LAKE TAHOE","CA10162","24h",2000,301.37,297.86,1.16,"two_method"
"LAKE TAHOE","CA10162","24h",5000,337.69,329.04,2.56,"two_method"
"LAKE TAHOE","CA10162","24h",10000,366.59,353.24,3.64,"two_method"
"LAKE TAHOE","CA10162","72h",2,123.55,120.14,2.76,"two_method"
"LAKE TAHOE","CA10162","72h",5,175.11,172.42,1.54,"two_method"
"LAKE TAHOE","CA10162","72h",10,211.66,209.18,1.17,"two_method"
"LAKE TAHOE","CA10162","72h",25,260.81,258.24,0.99,"two_method"
"LAKE TAHOE","CA10162","72h",50,299.53,296.61,0.97,"two_method"
"LAKE TAHOE","CA10162","72h",100,339.99,336.46,1.04,"two_method"
"LAKE TAHOE","CA10162","72h",200,382.4,377.98,1.16,"two_method"
"LAKE TAHOE","CA10162","72h",500,441.75,435.68,1.37,"two_method"
"LAKE TAHOE","CA10162","72h",1000,489.32,481.6,1.58,"two_method"
"LAKE TAHOE","CA10162","72h",2000,539.34,529.6,1.81,"two_method"
"LAKE TAHOE","CA10162","72h",5000,609.46,596.41,2.14,"two_method"
"LAKE TAHOE","CA10162","72h",10000,665.7,649.63,2.41,"two_method"
"LAURO","CA10164","24h",2,44.92,15.26,66.03,"two_method"
"LAURO","CA10164","24h",5,67.9,20.31,70.09,"two_method"
"LAURO","CA10164","24h",10,83.58,23.86,71.45,"two_method"
"LAURO","CA10164","24h",25,103.83,28.85,72.21,"two_method"
"LAURO","CA10164","24h",50,119.22,33.05,72.28,"two_method"
"LAURO","CA10164","24h",100,134.84,37.71,72.03,"two_method"
"LAURO","CA10164","24h",200,150.81,42.92,71.54,"two_method"
"LAURO","CA10164","24h",500,172.54,50.78,70.57,"two_method"
"LAURO","CA10164","24h",1000,189.53,57.59,69.61,"two_method"
"LAURO","CA10164","24h",2000,207.03,65.24,68.49,"two_method"
"LAURO","CA10164","24h",5000,231.01,76.83,66.74,"two_method"
"LAURO","CA10164","24h",10000,249.83,86.86,65.23,"two_method"
"LAURO","CA10164","72h",2,50.21,65.26,23.06,"two_method"
"LAURO","CA10164","72h",5,81.14,94.23,13.89,"two_method"
"LAURO","CA10164","72h",10,102,115.55,11.73,"two_method"
"LAURO","CA10164","72h",25,128.04,146.72,12.73,"two_method"
"LAURO","CA10164","72h",50,147.02,173.83,15.42,"two_method"
"LAURO","CA10164","72h",100,165.58,204.86,19.17,"two_method"
"LAURO","CA10164","72h",200,183.82,240.57,23.59,"two_method"
"LAURO","CA10164","72h",500,207.55,296.39,29.97,"two_method"
"LAURO","CA10164","72h",1000,225.27,346.33,34.96,"two_method"
"LAURO","CA10164","72h",2000,242.83,404.12,39.91,"two_method"
"LAURO","CA10164","72h",5000,265.85,494.69,46.26,"two_method"
"LAURO","CA10164","72h",10000,283.13,575.84,50.83,"two_method"
"LEASBURG DIVERSION","NM00007","24h",2,33.48,33.44,0.12,"two_method"
"LEASBURG DIVERSION","NM00007","24h",5,47.59,48.12,1.1,"two_method"
"LEASBURG DIVERSION","NM00007","24h",10,57.11,58.19,1.86,"two_method"
"LEASBURG DIVERSION","NM00007","24h",25,69.32,71.25,2.71,"two_method"
"LEASBURG DIVERSION","NM00007","24h",50,78.54,81.2,3.28,"two_method"
"LEASBURG DIVERSION","NM00007","24h",100,87.86,91.33,3.8,"two_method"
"LEASBURG DIVERSION","NM00007","24h",200,97.34,101.7,4.29,"two_method"
"LEASBURG DIVERSION","NM00007","24h",500,110.18,115.85,4.89,"two_method"
"LEASBURG DIVERSION","NM00007","24h",1000,120.18,126.94,5.33,"two_method"
"LEASBURG DIVERSION","NM00007","24h",2000,130.45,138.37,5.72,"two_method"
"LEASBURG DIVERSION","NM00007","24h",5000,144.46,154.08,6.24,"two_method"
"LEASBURG DIVERSION","NM00007","24h",10000,155.42,166.42,6.61,"two_method"
"LEASBURG DIVERSION","NM00007","72h",2,40.84,41.11,0.66,"two_method"
"LEASBURG DIVERSION","NM00007","72h",5,58.06,58.91,1.44,"two_method"
"LEASBURG DIVERSION","NM00007","72h",10,69.67,71.05,1.94,"two_method"
"LEASBURG DIVERSION","NM00007","72h",25,84.58,86.81,2.57,"two_method"
"LEASBURG DIVERSION","NM00007","72h",50,95.81,98.81,3.04,"two_method"
"LEASBURG DIVERSION","NM00007","72h",100,107.11,110.98,3.49,"two_method"
"LEASBURG DIVERSION","NM00007","72h",200,118.51,123.39,3.95,"two_method"
"LEASBURG DIVERSION","NM00007","72h",500,133.79,140.18,4.56,"two_method"
"LEASBURG DIVERSION","NM00007","72h",1000,145.51,153.2,5.02,"two_method"
"LEASBURG DIVERSION","NM00007","72h",2000,157.39,166.51,5.48,"two_method"
"LEASBURG DIVERSION","NM00007","72h",5000,173.32,184.55,6.09,"two_method"
"LEASBURG DIVERSION","NM00007","72h",10000,185.55,198.54,6.54,"two_method"
"LEMON","CO01688","24h",2,44.18,44.18,0,"identical_fallback"
"LEMON","CO01688","24h",5,58.4,58.4,0,"identical_fallback"
"LEMON","CO01688","24h",10,67.84,67.84,0,"identical_fallback"
"LEMON","CO01688","24h",25,79.8,79.8,0,"identical_fallback"
"LEMON","CO01688","24h",50,88.71,88.71,0,"identical_fallback"
"LEMON","CO01688","24h",100,97.57,97.57,0,"identical_fallback"
"LEMON","CO01688","24h",200,106.42,106.42,0,"identical_fallback"
"LEMON","CO01688","24h",500,118.12,118.12,0,"identical_fallback"
"LEMON","CO01688","24h",1000,127,127,0,"identical_fallback"
"LEMON","CO01688","24h",2000,135.89,135.89,0,"identical_fallback"
"LEMON","CO01688","24h",5000,147.67,147.67,0,"identical_fallback"
"LEMON","CO01688","24h",10000,156.61,156.61,0,"identical_fallback"
"LEMON","CO01688","72h",2,62.37,62.37,0,"identical_fallback"
"LEMON","CO01688","72h",5,79.25,79.25,0,"identical_fallback"
"LEMON","CO01688","72h",10,90.77,90.77,0,"identical_fallback"
"LEMON","CO01688","72h",25,106.58,106.58,0,"identical_fallback"
"LEMON","CO01688","72h",50,119.55,119.55,0,"identical_fallback"
"LEMON","CO01688","72h",100,133.67,133.67,0,"identical_fallback"
"LEMON","CO01688","72h",200,149.14,149.14,0,"identical_fallback"
"LEMON","CO01688","72h",500,172,172,0,"identical_fallback"
"LEMON","CO01688","72h",1000,191.33,191.33,0,"identical_fallback"
"LEMON","CO01688","72h",2000,212.64,212.64,0,"identical_fallback"
"LEMON","CO01688","72h",5000,244.2,244.2,0,"identical_fallback"
"LEMON","CO01688","72h",10000,270.93,270.93,0,"identical_fallback"
"LEWISTON","CA10165","24h",2,78.82,74.15,5.92,"two_method"
"LEWISTON","CA10165","24h",5,101.47,97.86,3.56,"two_method"
"LEWISTON","CA10165","24h",10,117.17,113.49,3.14,"two_method"
"LEWISTON","CA10165","24h",25,139.01,133.17,4.2,"two_method"
"LEWISTON","CA10165","24h",50,157.13,147.72,5.99,"two_method"
"LEWISTON","CA10165","24h",100,177.07,162.12,8.44,"two_method"
"LEWISTON","CA10165","24h",200,199.15,176.42,11.41,"two_method"
"LEWISTON","CA10165","24h",500,232.14,195.23,15.9,"two_method"
"LEWISTON","CA10165","24h",1000,260.37,209.4,19.58,"two_method"
"LEWISTON","CA10165","24h",2000,291.8,223.53,23.4,"two_method"
"LEWISTON","CA10165","24h",5000,338.89,242.13,28.55,"two_method"
"LEWISTON","CA10165","24h",10000,379.26,256.15,32.46,"two_method"
"LEWISTON","CA10165","72h",2,129.46,129.53,0.05,"two_method"
"LEWISTON","CA10165","72h",5,175.13,173.15,1.13,"two_method"
"LEWISTON","CA10165","72h",10,204.85,200.78,1.99,"two_method"
"LEWISTON","CA10165","72h",25,241.83,234.34,3.1,"two_method"
"LEWISTON","CA10165","72h",50,268.86,258.3,3.93,"two_method"
"LEWISTON","CA10165","72h",100,295.35,281.31,4.75,"two_method"
"LEWISTON","CA10165","72h",200,321.4,303.51,5.57,"two_method"
"LEWISTON","CA10165","72h",500,355.28,331.71,6.63,"two_method"
"LEWISTON","CA10165","72h",1000,380.51,352.24,7.43,"two_method"
"LEWISTON","CA10165","72h",2000,405.42,372.11,8.22,"two_method"
"LEWISTON","CA10165","72h",5000,437.86,397.4,9.24,"two_method"
"LEWISTON","CA10165","72h",10000,462.04,415.82,10,"two_method"
"LITTLE HELL CREEK DIVERSION","CO82913","24h",2,40.82,40.42,0.98,"two_method"
"LITTLE HELL CREEK DIVERSION","CO82913","24h",5,56.63,53.88,4.86,"two_method"
"LITTLE HELL CREEK DIVERSION","CO82913","24h",10,68.18,63.96,6.19,"two_method"
"LITTLE HELL CREEK DIVERSION","CO82913","24h",25,84.15,78.9,6.24,"two_method"
"LITTLE HELL CREEK DIVERSION","CO82913","24h",50,97.07,92.06,5.16,"two_method"
"LITTLE HELL CREEK DIVERSION","CO82913","24h",100,110.88,107.29,3.24,"two_method"
"LITTLE HELL CREEK DIVERSION","CO82913","24h",200,125.7,125,0.56,"two_method"
"LITTLE HELL CREEK DIVERSION","CO82913","24h",500,146.98,153.04,3.96,"two_method"
"LITTLE HELL CREEK DIVERSION","CO82913","24h",1000,164.5,178.43,7.81,"two_method"
"LITTLE HELL CREEK DIVERSION","CO82913","24h",2000,183.33,208.13,11.92,"two_method"
"LITTLE HELL CREEK DIVERSION","CO82913","24h",5000,210.44,255.26,17.56,"two_method"
"LITTLE HELL CREEK DIVERSION","CO82913","24h",10000,232.75,298,21.9,"two_method"
"LITTLE HELL CREEK DIVERSION","CO82913","72h",2,56.53,50.55,10.58,"two_method"
"LITTLE HELL CREEK DIVERSION","CO82913","72h",5,80.01,68.45,14.45,"two_method"
"LITTLE HELL CREEK DIVERSION","CO82913","72h",10,97.25,82.44,15.23,"two_method"
"LITTLE HELL CREEK DIVERSION","CO82913","72h",25,121.21,103.97,14.22,"two_method"
"LITTLE HELL CREEK DIVERSION","CO82913","72h",50,140.67,123.59,12.14,"two_method"
"LITTLE HELL CREEK DIVERSION","CO82913","72h",100,161.56,146.95,9.04,"two_method"
"LITTLE HELL CREEK DIVERSION","CO82913","72h",200,184.05,174.92,4.96,"two_method"
"LITTLE HELL CREEK DIVERSION","CO82913","72h",500,216.49,220.69,1.9,"two_method"
"LITTLE HELL CREEK DIVERSION","CO82913","72h",1000,243.3,263.52,7.67,"two_method"
"LITTLE HELL CREEK DIVERSION","CO82913","72h",2000,272.24,315.04,13.59,"two_method"
"LITTLE HELL CREEK DIVERSION","CO82913","72h",5000,314.08,399.56,21.39,"two_method"
"LITTLE HELL CREEK DIVERSION","CO82913","72h",10000,348.67,478.75,27.17,"two_method"
"LITTLE PANOCHE DETENTION","CA10166","24h",2,66.33,66.33,0,"identical_fallback"
"LITTLE PANOCHE DETENTION","CA10166","24h",5,89.83,89.83,0,"identical_fallback"
"LITTLE PANOCHE DETENTION","CA10166","24h",10,106.12,106.12,0,"identical_fallback"
"LITTLE PANOCHE DETENTION","CA10166","24h",25,127.57,127.57,0,"identical_fallback"
"LITTLE PANOCHE DETENTION","CA10166","24h",50,144.13,144.13,0,"identical_fallback"
"LITTLE PANOCHE DETENTION","CA10166","24h",100,161.14,161.14,0,"identical_fallback"
"LITTLE PANOCHE DETENTION","CA10166","24h",200,178.66,178.66,0,"identical_fallback"
"LITTLE PANOCHE DETENTION","CA10166","24h",500,202.71,202.71,0,"identical_fallback"
"LITTLE PANOCHE DETENTION","CA10166","24h",1000,221.61,221.61,0,"identical_fallback"
"LITTLE PANOCHE DETENTION","CA10166","24h",2000,241.14,241.14,0,"identical_fallback"
"LITTLE PANOCHE DETENTION","CA10166","24h",5000,267.99,267.99,0,"identical_fallback"
"LITTLE PANOCHE DETENTION","CA10166","24h",10000,289.11,289.11,0,"identical_fallback"
"LITTLE PANOCHE DETENTION","CA10166","72h",2,98.66,98.66,0,"identical_fallback"
"LITTLE PANOCHE DETENTION","CA10166","72h",5,135.75,135.75,0,"identical_fallback"
"LITTLE PANOCHE DETENTION","CA10166","72h",10,163.39,163.39,0,"identical_fallback"
"LITTLE PANOCHE DETENTION","CA10166","72h",25,204.25,204.25,0,"identical_fallback"
"LITTLE PANOCHE DETENTION","CA10166","72h",50,240.13,240.13,0,"identical_fallback"
"LITTLE PANOCHE DETENTION","CA10166","72h",100,281.55,281.55,0,"identical_fallback"
"LITTLE PANOCHE DETENTION","CA10166","72h",200,329.61,329.61,0,"identical_fallback"
"LITTLE PANOCHE DETENTION","CA10166","72h",500,405.47,405.47,0,"identical_fallback"
"LITTLE PANOCHE DETENTION","CA10166","72h",1000,473.99,473.99,0,"identical_fallback"
"LITTLE PANOCHE DETENTION","CA10166","72h",2000,553.93,553.93,0,"identical_fallback"
"LITTLE PANOCHE DETENTION","CA10166","72h",5000,680.43,680.43,0,"identical_fallback"
"LITTLE PANOCHE DETENTION","CA10166","72h",10000,794.84,794.84,0,"identical_fallback"
"LOS BANOS CREEK DETENTION DAM","CA10167","24h",2,67.68,67.68,0,"identical_fallback"
"LOS BANOS CREEK DETENTION DAM","CA10167","24h",5,91.35,91.35,0,"identical_fallback"
"LOS BANOS CREEK DETENTION DAM","CA10167","24h",10,107.94,107.94,0,"identical_fallback"
"LOS BANOS CREEK DETENTION DAM","CA10167","24h",25,129.98,129.98,0,"identical_fallback"
"LOS BANOS CREEK DETENTION DAM","CA10167","24h",50,147.17,147.17,0,"identical_fallback"
"LOS BANOS CREEK DETENTION DAM","CA10167","24h",100,164.96,164.96,0,"identical_fallback"
"LOS BANOS CREEK DETENTION DAM","CA10167","24h",200,183.45,183.45,0,"identical_fallback"
"LOS BANOS CREEK DETENTION DAM","CA10167","24h",500,209.04,209.04,0,"identical_fallback"
"LOS BANOS CREEK DETENTION DAM","CA10167","24h",1000,229.35,229.35,0,"identical_fallback"
"LOS BANOS CREEK DETENTION DAM","CA10167","24h",2000,250.5,250.5,0,"identical_fallback"
"LOS BANOS CREEK DETENTION DAM","CA10167","24h",5000,279.85,279.85,0,"identical_fallback"
"LOS BANOS CREEK DETENTION DAM","CA10167","24h",10000,303.15,303.15,0,"identical_fallback"
"LOS BANOS CREEK DETENTION DAM","CA10167","72h",2,103.83,103.83,0,"identical_fallback"
"LOS BANOS CREEK DETENTION DAM","CA10167","72h",5,146.25,146.25,0,"identical_fallback"
"LOS BANOS CREEK DETENTION DAM","CA10167","72h",10,176.55,176.55,0,"identical_fallback"
"LOS BANOS CREEK DETENTION DAM","CA10167","72h",25,217.54,217.54,0,"identical_fallback"
"LOS BANOS CREEK DETENTION DAM","CA10167","72h",50,250.04,250.04,0,"identical_fallback"
"LOS BANOS CREEK DETENTION DAM","CA10167","72h",100,284.17,284.17,0,"identical_fallback"
"LOS BANOS CREEK DETENTION DAM","CA10167","72h",200,320.14,320.14,0,"identical_fallback"
"LOS BANOS CREEK DETENTION DAM","CA10167","72h",500,370.78,370.78,0,"identical_fallback"
"LOS BANOS CREEK DETENTION DAM","CA10167","72h",1000,411.62,411.62,0,"identical_fallback"
"LOS BANOS CREEK DETENTION DAM","CA10167","72h",2000,454.8,454.8,0,"identical_fallback"
"LOS BANOS CREEK DETENTION DAM","CA10167","72h",5000,515.68,515.68,0,"identical_fallback"
"LOS BANOS CREEK DETENTION DAM","CA10167","72h",10000,564.82,564.82,0,"identical_fallback"
"LOST RIVER DIVERSION","OR00586","24h",2,48.34,28.69,40.65,"two_method"
"LOST RIVER DIVERSION","OR00586","24h",5,64.7,38.54,40.43,"two_method"
"LOST RIVER DIVERSION","OR00586","24h",10,75.96,45.5,40.1,"two_method"
"LOST RIVER DIVERSION","OR00586","24h",25,90.68,54.83,39.53,"two_method"
"LOST RIVER DIVERSION","OR00586","24h",50,101.98,62.15,39.06,"two_method"
"LOST RIVER DIVERSION","OR00586","24h",100,113.51,69.78,38.53,"two_method"
"LOST RIVER DIVERSION","OR00586","24h",200,125.34,77.76,37.96,"two_method"
"LOST RIVER DIVERSION","OR00586","24h",500,141.46,88.89,37.16,"two_method"
"LOST RIVER DIVERSION","OR00586","24h",1000,154.05,97.79,36.52,"two_method"
"LOST RIVER DIVERSION","OR00586","24h",2000,167,107.12,35.86,"two_method"
"LOST RIVER DIVERSION","OR00586","24h",5000,184.68,120.15,34.94,"two_method"
"LOST RIVER DIVERSION","OR00586","24h",10000,198.49,130.57,34.22,"two_method"
"LOST RIVER DIVERSION","OR00586","72h",2,78.83,42.01,46.71,"two_method"
"LOST RIVER DIVERSION","OR00586","72h",5,105.17,56.68,46.11,"two_method"
"LOST RIVER DIVERSION","OR00586","72h",10,122.77,67.73,44.83,"two_method"
"LOST RIVER DIVERSION","OR00586","72h",25,145.19,84.19,42.01,"two_method"
"LOST RIVER DIVERSION","OR00586","72h",50,161.96,98.75,39.03,"two_method"
"LOST RIVER DIVERSION","OR00586","72h",100,178.71,115.67,35.28,"two_method"
"LOST RIVER DIVERSION","OR00586","72h",200,195.51,135.43,30.73,"two_method"
"LOST RIVER DIVERSION","OR00586","72h",500,217.86,166.85,23.41,"two_method"
"LOST RIVER DIVERSION","OR00586","72h",1000,234.87,195.43,16.79,"two_method"
"LOST RIVER DIVERSION","OR00586","72h",2000,252,228.99,9.13,"two_method"
"LOST RIVER DIVERSION","OR00586","72h",5000,274.81,282.48,2.72,"two_method"
"LOST RIVER DIVERSION","OR00586","72h",10000,292.19,331.21,11.78,"two_method"
"LOWER GOOSE LAKE DAM","WA00315","24h",2,33.93,33.93,0,"identical_fallback"
"LOWER GOOSE LAKE DAM","WA00315","24h",5,44.69,44.69,0,"identical_fallback"
"LOWER GOOSE LAKE DAM","WA00315","24h",10,52.14,52.14,0,"identical_fallback"
"LOWER GOOSE LAKE DAM","WA00315","24h",25,61.93,61.93,0,"identical_fallback"
"LOWER GOOSE LAKE DAM","WA00315","24h",50,69.48,69.48,0,"identical_fallback"
"LOWER GOOSE LAKE DAM","WA00315","24h",100,77.23,77.23,0,"identical_fallback"
"LOWER GOOSE LAKE DAM","WA00315","24h",200,85.2,85.2,0,"identical_fallback"
"LOWER GOOSE LAKE DAM","WA00315","24h",500,96.13,96.13,0,"identical_fallback"
"LOWER GOOSE LAKE DAM","WA00315","24h",1000,104.7,104.7,0,"identical_fallback"
"LOWER GOOSE LAKE DAM","WA00315","24h",2000,113.56,113.56,0,"identical_fallback"
"LOWER GOOSE LAKE DAM","WA00315","24h",5000,125.72,125.72,0,"identical_fallback"
"LOWER GOOSE LAKE DAM","WA00315","24h",10000,135.26,135.26,0,"identical_fallback"
"LOWER GOOSE LAKE DAM","WA00315","72h",2,48.89,48.89,0,"identical_fallback"
"LOWER GOOSE LAKE DAM","WA00315","72h",5,64.21,64.21,0,"identical_fallback"
"LOWER GOOSE LAKE DAM","WA00315","72h",10,74.59,74.59,0,"identical_fallback"
"LOWER GOOSE LAKE DAM","WA00315","72h",25,88,88,0,"identical_fallback"
"LOWER GOOSE LAKE DAM","WA00315","72h",50,98.15,98.15,0,"identical_fallback"
"LOWER GOOSE LAKE DAM","WA00315","72h",100,108.42,108.42,0,"identical_fallback"
"LOWER GOOSE LAKE DAM","WA00315","72h",200,118.82,118.82,0,"identical_fallback"
"LOWER GOOSE LAKE DAM","WA00315","72h",500,132.84,132.84,0,"identical_fallback"
"LOWER GOOSE LAKE DAM","WA00315","72h",1000,143.65,143.65,0,"identical_fallback"
"LOWER GOOSE LAKE DAM","WA00315","72h",2000,154.65,154.65,0,"identical_fallback"
"LOWER GOOSE LAKE DAM","WA00315","72h",5000,169.49,169.49,0,"identical_fallback"
"LOWER GOOSE LAKE DAM","WA00315","72h",10000,180.94,180.94,0,"identical_fallback"
"MALONE DIVERSION DAM","OR00587","24h",2,37.54,30.04,19.98,"two_method"
"MALONE DIVERSION DAM","OR00587","24h",5,49.05,40.35,17.74,"two_method"
"MALONE DIVERSION DAM","OR00587","24h",10,57.52,47.63,17.19,"two_method"
"MALONE DIVERSION DAM","OR00587","24h",25,69.93,57.4,17.92,"two_method"
"MALONE DIVERSION DAM","OR00587","24h",50,80.72,65.07,19.39,"two_method"
"MALONE DIVERSION DAM","OR00587","24h",100,93.09,73.05,21.53,"two_method"
"MALONE DIVERSION DAM","OR00587","24h",200,107.32,81.41,24.14,"two_method"
"MALONE DIVERSION DAM","OR00587","24h",500,129.59,93.06,28.19,"two_method"
"MALONE DIVERSION DAM","OR00587","24h",1000,149.53,102.37,31.54,"two_method"
"MALONE DIVERSION DAM","OR00587","24h",2000,172.62,112.13,35.04,"two_method"
"MALONE DIVERSION DAM","OR00587","24h",5000,208.82,125.78,39.77,"two_method"
"MALONE DIVERSION DAM","OR00587","24h",10000,241.28,136.69,43.35,"two_method"
"MALONE DIVERSION DAM","OR00587","72h",2,58.3,43.49,25.4,"two_method"
"MALONE DIVERSION DAM","OR00587","72h",5,77.13,58.68,23.92,"two_method"
"MALONE DIVERSION DAM","OR00587","72h",10,91,70.12,22.95,"two_method"
"MALONE DIVERSION DAM","OR00587","72h",25,111.31,87.16,21.7,"two_method"
"MALONE DIVERSION DAM","OR00587","72h",50,128.99,102.24,20.74,"two_method"
"MALONE DIVERSION DAM","OR00587","72h",100,149.23,119.75,19.75,"two_method"
"MALONE DIVERSION DAM","OR00587","72h",200,172.55,140.21,18.74,"two_method"
"MALONE DIVERSION DAM","OR00587","72h",500,209.04,172.74,17.37,"two_method"
"MALONE DIVERSION DAM","OR00587","72h",1000,241.71,202.33,16.29,"two_method"
"MALONE DIVERSION DAM","OR00587","72h",2000,279.54,237.07,15.19,"two_method"
"MALONE DIVERSION DAM","OR00587","72h",5000,338.89,292.45,13.7,"two_method"
"MALONE DIVERSION DAM","OR00587","72h",10000,392.11,342.91,12.55,"two_method"
"MANN CREEK","ID00285","24h",2,26.98,28.88,6.58,"two_method"
"MANN CREEK","ID00285","24h",5,35.07,38.12,8,"two_method"
"MANN CREEK","ID00285","24h",10,40.7,44.55,8.64,"two_method"
"MANN CREEK","ID00285","24h",25,48.13,53.05,9.27,"two_method"
"MANN CREEK","ID00285","24h",50,53.88,59.63,9.64,"two_method"
"MANN CREEK","ID00285","24h",100,59.81,66.41,9.94,"two_method"
"MANN CREEK","ID00285","24h",200,65.94,73.42,10.19,"two_method"
"MANN CREEK","ID00285","24h",500,74.37,83.06,10.46,"two_method"
"MANN CREEK","ID00285","24h",1000,81.01,90.67,10.65,"two_method"
"MANN CREEK","ID00285","24h",2000,87.91,98.56,10.81,"two_method"
"MANN CREEK","ID00285","24h",5000,97.41,109.43,10.98,"two_method"
"MANN CREEK","ID00285","24h",10000,104.9,118.01,11.11,"two_method"
"MANN CREEK","ID00285","72h",2,37.59,40.4,6.96,"two_method"
"MANN CREEK","ID00285","72h",5,48.38,52.3,7.5,"two_method"
"MANN CREEK","ID00285","72h",10,55.59,60.09,7.49,"two_method"
"MANN CREEK","ID00285","72h",25,64.78,69.82,7.22,"two_method"
"MANN CREEK","ID00285","72h",50,71.65,76.96,6.9,"two_method"
"MANN CREEK","ID00285","72h",100,78.52,83.98,6.5,"two_method"
"MANN CREEK","ID00285","72h",200,85.41,90.91,6.05,"two_method"
"MANN CREEK","ID00285","72h",500,94.57,99.96,5.39,"two_method"
"MANN CREEK","ID00285","72h",1000,101.55,106.73,4.85,"two_method"
"MANN CREEK","ID00285","72h",2000,108.58,113.44,4.28,"two_method"
"MANN CREEK","ID00285","72h",5000,117.94,122.21,3.49,"two_method"
"MANN CREEK","ID00285","72h",10000,125.08,128.77,2.87,"two_method"
"MARTINEZ","CA10168","24h",2,89.81,89.81,0,"identical_fallback"
"MARTINEZ","CA10168","24h",5,120.5,120.5,0,"identical_fallback"
"MARTINEZ","CA10168","24h",10,141.7,141.7,0,"identical_fallback"
"MARTINEZ","CA10168","24h",25,169.54,169.54,0,"identical_fallback"
"MARTINEZ","CA10168","24h",50,190.98,190.98,0,"identical_fallback"
"MARTINEZ","CA10168","24h",100,212.94,212.94,0,"identical_fallback"
"MARTINEZ","CA10168","24h",200,235.53,235.53,0,"identical_fallback"
"MARTINEZ","CA10168","24h",500,266.45,266.45,0,"identical_fallback"
"MARTINEZ","CA10168","24h",1000,290.68,290.68,0,"identical_fallback"
"MARTINEZ","CA10168","24h",2000,315.67,315.67,0,"identical_fallback"
"MARTINEZ","CA10168","24h",5000,349.93,349.93,0,"identical_fallback"
"MARTINEZ","CA10168","24h",10000,376.81,376.81,0,"identical_fallback"
"MARTINEZ","CA10168","72h",2,131.65,131.65,0,"identical_fallback"
"MARTINEZ","CA10168","72h",5,183.52,183.52,0,"identical_fallback"
"MARTINEZ","CA10168","72h",10,219.98,219.98,0,"identical_fallback"
"MARTINEZ","CA10168","72h",25,268.61,268.61,0,"identical_fallback"
"MARTINEZ","CA10168","72h",50,306.63,306.63,0,"identical_fallback"
"MARTINEZ","CA10168","72h",100,346.09,346.09,0,"identical_fallback"
"MARTINEZ","CA10168","72h",200,387.18,387.18,0,"identical_fallback"
"MARTINEZ","CA10168","72h",500,444.26,444.26,0,"identical_fallback"
"MARTINEZ","CA10168","72h",1000,489.67,489.67,0,"identical_fallback"
"MARTINEZ","CA10168","72h",2000,537.11,537.11,0,"identical_fallback"
"MARTINEZ","CA10168","72h",5000,603.11,603.11,0,"identical_fallback"
"MARTINEZ","CA10168","72h",10000,655.65,655.65,0,"identical_fallback"
"MARYS LAKE DIKE NO. 1","CO01660","24h",2,41.32,31.01,24.95,"two_method"
"MARYS LAKE DIKE NO. 1","CO01660","24h",5,56.06,40.98,26.9,"two_method"
"MARYS LAKE DIKE NO. 1","CO01660","24h",10,67.31,48.12,28.51,"two_method"
"MARYS LAKE DIKE NO. 1","CO01660","24h",25,84.28,57.8,31.42,"two_method"
"MARYS LAKE DIKE NO. 1","CO01660","24h",50,99.46,65.48,34.16,"two_method"
"MARYS LAKE DIKE NO. 1","CO01660","24h",100,117.26,73.56,37.27,"two_method"
"MARYS LAKE DIKE NO. 1","CO01660","24h",200,138.24,82.09,40.62,"two_method"
"MARYS LAKE DIKE NO. 1","CO01660","24h",500,171.97,94.12,45.27,"two_method"
"MARYS LAKE DIKE NO. 1","CO01660","24h",1000,202.97,103.84,48.84,"two_method"
"MARYS LAKE DIKE NO. 1","CO01660","24h",2000,239.7,114.12,52.39,"two_method"
"MARYS LAKE DIKE NO. 1","CO01660","24h",5000,298.89,128.66,56.95,"two_method"
"MARYS LAKE DIKE NO. 1","CO01660","24h",10000,353.38,140.4,60.27,"two_method"
"MARYS LAKE DIKE NO. 1","CO01660","72h",2,51.79,42.25,18.42,"two_method"
"MARYS LAKE DIKE NO. 1","CO01660","72h",5,73.68,54.35,26.24,"two_method"
"MARYS LAKE DIKE NO. 1","CO01660","72h",10,89.55,63.31,29.3,"two_method"
"MARYS LAKE DIKE NO. 1","CO01660","72h",25,110.96,76.51,31.05,"two_method"
"MARYS LAKE DIKE NO. 1","CO01660","72h",50,127.84,88.04,31.13,"two_method"
"MARYS LAKE DIKE NO. 1","CO01660","72h",100,145.46,101.3,30.36,"two_method"
"MARYS LAKE DIKE NO. 1","CO01660","72h",200,163.92,116.64,28.84,"two_method"
"MARYS LAKE DIKE NO. 1","CO01660","72h",500,189.73,140.74,25.82,"two_method"
"MARYS LAKE DIKE NO. 1","CO01660","72h",1000,210.41,162.42,22.81,"two_method"
"MARYS LAKE DIKE NO. 1","CO01660","72h",2000,232.14,187.61,19.18,"two_method"
"MARYS LAKE DIKE NO. 1","CO01660","72h",5000,262.58,227.31,13.43,"two_method"
"MARYS LAKE DIKE NO. 1","CO01660","72h",10000,286.95,263.07,8.32,"two_method"
"MASON DAM","OR00577","24h",2,33.6,31.28,6.9,"two_method"
"MASON DAM","OR00577","24h",5,43.05,40.29,6.41,"two_method"
"MASON DAM","OR00577","24h",10,50,46.4,7.2,"two_method"
"MASON DAM","OR00577","24h",25,60.15,54.29,9.74,"two_method"
"MASON DAM","OR00577","24h",50,68.97,60.27,12.61,"two_method"
"MASON DAM","OR00577","24h",100,79.06,66.31,16.13,"two_method"
"MASON DAM","OR00577","24h",200,90.67,72.43,20.12,"two_method"
"MASON DAM","OR00577","24h",500,108.79,80.68,25.84,"two_method"
"MASON DAM","OR00577","24h",1000,125,87.04,30.37,"two_method"
"MASON DAM","OR00577","24h",2000,143.74,93.52,34.94,"two_method"
"MASON DAM","OR00577","24h",5000,173.09,102.25,40.93,"two_method"
"MASON DAM","OR00577","24h",10000,199.36,109,45.33,"two_method"
"MASON DAM","OR00577","72h",2,48.15,43.47,9.72,"two_method"
"MASON DAM","OR00577","72h",5,62.02,55.18,11.03,"two_method"
"MASON DAM","OR00577","72h",10,71.53,63.21,11.63,"two_method"
"MASON DAM","OR00577","72h",25,83.92,73.68,12.2,"two_method"
"MASON DAM","OR00577","72h",50,93.4,81.69,12.54,"two_method"
"MASON DAM","OR00577","72h",100,103.05,89.84,12.82,"two_method"
"MASON DAM","OR00577","72h",200,112.93,98.18,13.06,"two_method"
"MASON DAM","OR00577","72h",500,126.34,109.52,13.31,"two_method"
"MASON DAM","OR00577","72h",1000,136.79,118.34,13.49,"two_method"
"MASON DAM","OR00577","72h",2000,147.51,127.39,13.64,"two_method"
"MASON DAM","OR00577","72h",5000,162.09,139.72,13.8,"two_method"
"MASON DAM","OR00577","72h",10000,173.46,149.32,13.92,"two_method"
"MCPHEE","CO02707","24h",2,37.37,34.28,8.27,"two_method"
"MCPHEE","CO02707","24h",5,49.73,45.72,8.06,"two_method"
"MCPHEE","CO02707","24h",10,58.13,53.72,7.59,"two_method"
"MCPHEE","CO02707","24h",25,69.01,64.32,6.8,"two_method"
"MCPHEE","CO02707","24h",50,77.27,72.57,6.08,"two_method"
"MCPHEE","CO02707","24h",100,85.64,81.1,5.3,"two_method"
"MCPHEE","CO02707","24h",200,94.14,89.94,4.46,"two_method"
"MCPHEE","CO02707","24h",500,105.62,102.15,3.29,"two_method"
"MCPHEE","CO02707","24h",1000,114.49,111.82,2.33,"two_method"
"MCPHEE","CO02707","24h",2000,123.54,121.88,1.34,"two_method"
"MCPHEE","CO02707","24h",5000,135.77,135.8,0.02,"two_method"
"MCPHEE","CO02707","24h",10000,145.24,146.83,1.08,"two_method"
"MCPHEE","CO02707","72h",2,50.2,47.47,5.44,"two_method"
"MCPHEE","CO02707","72h",5,64.81,60.98,5.91,"two_method"
"MCPHEE","CO02707","72h",10,75.05,70.45,6.13,"two_method"
"MCPHEE","CO02707","72h",25,89.44,83.77,6.34,"two_method"
"MCPHEE","CO02707","72h",50,101.49,94.93,6.46,"two_method"
"MCPHEE","CO02707","72h",100,114.85,107.31,6.57,"two_method"
"MCPHEE","CO02707","72h",200,129.75,121.12,6.65,"two_method"
"MCPHEE","CO02707","72h",500,152.22,141.94,6.75,"two_method"
"MCPHEE","CO02707","72h",1000,171.6,159.92,6.81,"two_method"
"MCPHEE","CO02707","72h",2000,193.35,180.1,6.85,"two_method"
"MCPHEE","CO02707","72h",5000,226.23,210.61,6.9,"two_method"
"MCPHEE","CO02707","72h",10000,254.64,237,6.93,"two_method"
"MEDICINE CREEK","NE01073","24h",2,60.77,61.81,1.68,"two_method"
"MEDICINE CREEK","NE01073","24h",5,82.78,84.12,1.59,"two_method"
"MEDICINE CREEK","NE01073","24h",10,98.19,99.73,1.54,"two_method"
"MEDICINE CREEK","NE01073","24h",25,118.65,120.45,1.49,"two_method"
"MEDICINE CREEK","NE01073","24h",50,134.59,136.59,1.46,"two_method"
"MEDICINE CREEK","NE01073","24h",100,151.08,153.27,1.43,"two_method"
"MEDICINE CREEK","NE01073","24h",200,168.21,170.59,1.4,"two_method"
"MEDICINE CREEK","NE01073","24h",500,191.9,194.54,1.36,"two_method"
"MEDICINE CREEK","NE01073","24h",1000,210.68,213.52,1.33,"two_method"
"MEDICINE CREEK","NE01073","24h",2000,230.23,233.27,1.3,"two_method"
"MEDICINE CREEK","NE01073","24h",5000,257.34,260.64,1.27,"two_method"
"MEDICINE CREEK","NE01073","24h",10000,278.84,282.34,1.24,"two_method"
"MEDICINE CREEK","NE01073","72h",2,72.4,74.03,2.2,"two_method"
"MEDICINE CREEK","NE01073","72h",5,97.36,99.35,2,"two_method"
"MEDICINE CREEK","NE01073","72h",10,114.1,116.44,2.01,"two_method"
"MEDICINE CREEK","NE01073","72h",25,135.49,138.39,2.1,"two_method"
"MEDICINE CREEK","NE01073","72h",50,151.53,154.95,2.21,"two_method"
"MEDICINE CREEK","NE01073","72h",100,167.61,171.62,2.34,"two_method"
"MEDICINE CREEK","NE01073","72h",200,183.79,188.46,2.48,"two_method"
"MEDICINE CREEK","NE01073","72h",500,205.36,211.04,2.69,"two_method"
"MEDICINE CREEK","NE01073","72h",1000,221.85,228.38,2.86,"two_method"
"MEDICINE CREEK","NE01073","72h",2000,238.48,245.96,3.04,"two_method"
"MEDICINE CREEK","NE01073","72h",5000,260.71,269.56,3.28,"two_method"
"MEDICINE CREEK","NE01073","72h",10000,277.71,287.71,3.48,"two_method"
"MEEKS CABIN","WY01390","24h",2,46.72,46.72,0,"identical_fallback"
"MEEKS CABIN","WY01390","24h",5,60.32,60.32,0,"identical_fallback"
"MEEKS CABIN","WY01390","24h",10,70.14,70.14,0,"identical_fallback"
"MEEKS CABIN","WY01390","24h",25,84.27,84.27,0,"identical_fallback"
"MEEKS CABIN","WY01390","24h",50,96.37,96.37,0,"identical_fallback"
"MEEKS CABIN","WY01390","24h",100,110.05,110.05,0,"identical_fallback"
"MEEKS CABIN","WY01390","24h",200,125.6,125.6,0,"identical_fallback"
"MEEKS CABIN","WY01390","24h",500,149.55,149.55,0,"identical_fallback"
"MEEKS CABIN","WY01390","24h",1000,170.67,170.67,0,"identical_fallback"
"MEEKS CABIN","WY01390","24h",2000,194.81,194.81,0,"identical_fallback"
"MEEKS CABIN","WY01390","24h",5000,232.11,232.11,0,"identical_fallback"
"MEEKS CABIN","WY01390","24h",10000,265.04,265.04,0,"identical_fallback"
"MEEKS CABIN","WY01390","72h",2,64.37,64.37,0,"identical_fallback"
"MEEKS CABIN","WY01390","72h",5,83.66,83.66,0,"identical_fallback"
"MEEKS CABIN","WY01390","72h",10,97.24,97.24,0,"identical_fallback"
"MEEKS CABIN","WY01390","72h",25,116.38,116.38,0,"identical_fallback"
"MEEKS CABIN","WY01390","72h",50,132.46,132.46,0,"identical_fallback"
"MEEKS CABIN","WY01390","72h",100,150.34,150.34,0,"identical_fallback"
"MEEKS CABIN","WY01390","72h",200,170.33,170.33,0,"identical_fallback"
"MEEKS CABIN","WY01390","72h",500,200.54,200.54,0,"identical_fallback"
"MEEKS CABIN","WY01390","72h",1000,226.7,226.7,0,"identical_fallback"
"MEEKS CABIN","WY01390","72h",2000,256.11,256.11,0,"identical_fallback"
"MEEKS CABIN","WY01390","72h",5000,300.71,300.71,0,"identical_fallback"
"MEEKS CABIN","WY01390","72h",10000,339.37,339.37,0,"identical_fallback"
"MERRITT DAM","NE01074","24h",2,52.85,55.69,5.1,"two_method"
"MERRITT DAM","NE01074","24h",5,71.98,75.96,5.24,"two_method"
"MERRITT DAM","NE01074","24h",10,84.94,89.78,5.39,"two_method"
"MERRITT DAM","NE01074","24h",25,101.66,107.69,5.6,"two_method"
"MERRITT DAM","NE01074","24h",50,114.33,121.32,5.76,"two_method"
"MERRITT DAM","NE01074","24h",100,127.12,135.14,5.93,"two_method"
"MERRITT DAM","NE01074","24h",200,140.08,149.21,6.12,"two_method"
"MERRITT DAM","NE01074","24h",500,157.53,168.23,6.36,"two_method"
"MERRITT DAM","NE01074","24h",1000,170.98,182.96,6.55,"two_method"
"MERRITT DAM","NE01074","24h",2000,184.66,198.01,6.74,"two_method"
"MERRITT DAM","NE01074","24h",5000,203.1,218.39,7,"two_method"
"MERRITT DAM","NE01074","24h",10000,217.33,234.2,7.2,"two_method"
"MERRITT DAM","NE01074","72h",2,63.86,67.13,4.87,"two_method"
"MERRITT DAM","NE01074","72h",5,85.74,91.61,6.41,"two_method"
"MERRITT DAM","NE01074","72h",10,100.21,108.42,7.57,"two_method"
"MERRITT DAM","NE01074","72h",25,118.48,130.37,9.12,"two_method"
"MERRITT DAM","NE01074","72h",50,132.01,147.18,10.31,"two_method"
"MERRITT DAM","NE01074","72h",100,145.43,164.32,11.5,"two_method"
"MERRITT DAM","NE01074","72h",200,158.79,181.87,12.69,"two_method"
"MERRITT DAM","NE01074","72h",500,176.39,205.75,14.27,"two_method"
"MERRITT DAM","NE01074","72h",1000,189.68,224.37,15.46,"two_method"
"MERRITT DAM","NE01074","72h",2000,202.96,243.49,16.65,"two_method"
"MERRITT DAM","NE01074","72h",5000,220.48,269.56,18.21,"two_method"
"MERRITT DAM","NE01074","72h",10000,233.72,289.9,19.38,"two_method"
"MESILLA DIVERSION","NM00008","24h",2,33.31,33.58,0.8,"two_method"
"MESILLA DIVERSION","NM00008","24h",5,47.47,48.41,1.94,"two_method"
"MESILLA DIVERSION","NM00008","24h",10,56.97,58.68,2.91,"two_method"
"MESILLA DIVERSION","NM00008","24h",25,69.07,72.08,4.18,"two_method"
"MESILLA DIVERSION","NM00008","24h",50,78.16,82.36,5.1,"two_method"
"MESILLA DIVERSION","NM00008","24h",100,87.31,92.85,5.97,"two_method"
"MESILLA DIVERSION","NM00008","24h",200,96.59,103.65,6.81,"two_method"
"MESILLA DIVERSION","NM00008","24h",500,109.13,118.44,7.86,"two_method"
"MESILLA DIVERSION","NM00008","24h",1000,118.86,130.06,8.61,"two_method"
"MESILLA DIVERSION","NM00008","24h",2000,128.82,142.1,9.35,"two_method"
"MESILLA DIVERSION","NM00008","24h",5000,142.38,158.68,10.27,"two_method"
"MESILLA DIVERSION","NM00008","24h",10000,152.95,171.75,10.95,"two_method"
"MESILLA DIVERSION","NM00008","72h",2,40.63,40.98,0.85,"two_method"
"MESILLA DIVERSION","NM00008","72h",5,58.47,59.1,1.07,"two_method"
"MESILLA DIVERSION","NM00008","72h",10,70.81,71.79,1.37,"two_method"
"MESILLA DIVERSION","NM00008","72h",25,87.02,88.69,1.88,"two_method"
"MESILLA DIVERSION","NM00008","72h",50,99.51,101.88,2.33,"two_method"
"MESILLA DIVERSION","NM00008","72h",100,112.33,115.54,2.78,"two_method"
"MESILLA DIVERSION","NM00008","72h",200,125.51,129.74,3.26,"two_method"
"MESILLA DIVERSION","NM00008","72h",500,143.56,149.42,3.92,"two_method"
"MESILLA DIVERSION","NM00008","72h",1000,157.72,165.04,4.44,"two_method"
"MESILLA DIVERSION","NM00008","72h",2000,172.34,181.33,4.96,"two_method"
"MESILLA DIVERSION","NM00008","72h",5000,192.4,203.95,5.66,"two_method"
"MESILLA DIVERSION","NM00008","72h",10000,208.14,221.91,6.21,"two_method"
"MIDDLE COTTONWOOD","WY01288","24h",2,29.49,32.11,8.16,"two_method"
"MIDDLE COTTONWOOD","WY01288","24h",5,40.85,45.24,9.7,"two_method"
"MIDDLE COTTONWOOD","WY01288","24h",10,48.4,54.15,10.62,"two_method"
"MIDDLE COTTONWOOD","WY01288","24h",25,57.97,65.68,11.74,"two_method"
"MIDDLE COTTONWOOD","WY01288","24h",50,65.1,74.43,12.54,"two_method"
"MIDDLE COTTONWOOD","WY01288","24h",100,72.19,83.27,13.31,"two_method"
"MIDDLE COTTONWOOD","WY01288","24h",200,79.28,92.26,14.07,"two_method"
"MIDDLE COTTONWOOD","WY01288","24h",500,88.65,104.37,15.06,"two_method"
"MIDDLE COTTONWOOD","WY01288","24h",1000,95.76,113.73,15.8,"two_method"
"MIDDLE COTTONWOOD","WY01288","24h",2000,102.89,123.26,16.53,"two_method"
"MIDDLE COTTONWOOD","WY01288","24h",5000,112.34,136.14,17.48,"two_method"
"MIDDLE COTTONWOOD","WY01288","24h",10000,119.51,146.1,18.2,"two_method"
"MIDDLE COTTONWOOD","WY01288","72h",2,35.64,39.78,10.41,"two_method"
"MIDDLE COTTONWOOD","WY01288","72h",5,49.88,56.54,11.78,"two_method"
"MIDDLE COTTONWOOD","WY01288","72h",10,59.13,67.52,12.43,"two_method"
"MIDDLE COTTONWOOD","WY01288","72h",25,70.6,81.31,13.17,"two_method"
"MIDDLE COTTONWOOD","WY01288","72h",50,78.97,91.53,13.72,"two_method"
"MIDDLE COTTONWOOD","WY01288","72h",100,87.16,101.72,14.31,"two_method"
"MIDDLE COTTONWOOD","WY01288","72h",200,95.2,111.97,14.98,"two_method"
"MIDDLE COTTONWOOD","WY01288","72h",500,105.63,125.67,15.95,"two_method"
"MIDDLE COTTONWOOD","WY01288","72h",1000,113.38,136.21,16.76,"two_method"
"MIDDLE COTTONWOOD","WY01288","72h",2000,121.02,146.92,17.63,"two_method"
"MIDDLE COTTONWOOD","WY01288","72h",5000,130.96,161.4,18.86,"two_method"
"MIDDLE COTTONWOOD","WY01288","72h",10000,138.34,172.6,19.85,"two_method"
"MIDDLEMIST","CO02317","24h",2,44.94,41.59,7.45,"two_method"
"MIDDLEMIST","CO02317","24h",5,60.52,58.47,3.39,"two_method"
"MIDDLEMIST","CO02317","24h",10,71.81,70.26,2.16,"two_method"
"MIDDLEMIST","CO02317","24h",25,88.08,85.91,2.46,"two_method"
"MIDDLEMIST","CO02317","24h",50,102.06,98.08,3.9,"two_method"
"MIDDLEMIST","CO02317","24h",100,117.88,110.65,6.13,"two_method"
"MIDDLEMIST","CO02317","24h",200,135.9,123.69,8.98,"two_method"
"MIDDLEMIST","CO02317","24h",500,163.72,141.71,13.44,"two_method"
"MIDDLEMIST","CO02317","24h",1000,188.32,155.98,17.17,"two_method"
"MIDDLEMIST","CO02317","24h",2000,216.48,170.82,21.09,"two_method"
"MIDDLEMIST","CO02317","24h",5000,260.08,191.35,26.43,"two_method"
"MIDDLEMIST","CO02317","24h",10000,298.68,207.62,30.49,"two_method"
"MIDDLEMIST","CO02317","72h",2,54.38,49.49,8.99,"two_method"
"MIDDLEMIST","CO02317","72h",5,72.16,69.42,3.8,"two_method"
"MIDDLEMIST","CO02317","72h",10,84.72,83.19,1.81,"two_method"
"MIDDLEMIST","CO02317","72h",25,102.47,101.27,1.17,"two_method"
"MIDDLEMIST","CO02317","72h",50,117.41,115.19,1.89,"two_method"
"MIDDLEMIST","CO02317","72h",100,134.05,129.45,3.43,"two_method"
"MIDDLEMIST","CO02317","72h",200,152.69,144.11,5.62,"two_method"
"MIDDLEMIST","CO02317","72h",500,180.94,164.17,9.27,"two_method"
"MIDDLEMIST","CO02317","72h",1000,205.45,179.89,12.44,"two_method"
"MIDDLEMIST","CO02317","72h",2000,233.06,196.1,15.86,"two_method"
"MIDDLEMIST","CO02317","72h",5000,275.01,218.32,20.61,"two_method"
"MIDDLEMIST","CO02317","72h",10000,311.47,235.74,24.31,"two_method"
"MINATARE","NE01075","24h",2,43.42,39.95,7.99,"two_method"
"MINATARE","NE01075","24h",5,59.06,55.13,6.65,"two_method"
"MINATARE","NE01075","24h",10,69.38,64.88,6.49,"two_method"
"MINATARE","NE01075","24h",25,82.4,76.86,6.72,"two_method"
"MINATARE","NE01075","24h",50,92.03,85.51,7.08,"two_method"
"MINATARE","NE01075","24h",100,101.57,93.89,7.56,"two_method"
"MINATARE","NE01075","24h",200,111.05,102.06,8.1,"two_method"
"MINATARE","NE01075","24h",500,123.53,112.55,8.89,"two_method"
"MINATARE","NE01075","24h",1000,132.94,120.27,9.53,"two_method"
"MINATARE","NE01075","24h",2000,142.33,127.82,10.19,"two_method"
"MINATARE","NE01075","24h",5000,154.71,137.53,11.1,"two_method"
"MINATARE","NE01075","24h",10000,164.05,144.68,11.81,"two_method"
"MINATARE","NE01075","72h",2,53.54,49.92,6.76,"two_method"
"MINATARE","NE01075","72h",5,72.25,68.58,5.08,"two_method"
"MINATARE","NE01075","72h",10,84.13,80.36,4.48,"two_method"
"MINATARE","NE01075","72h",25,98.58,94.61,4.03,"two_method"
"MINATARE","NE01075","72h",50,108.92,104.74,3.84,"two_method"
"MINATARE","NE01075","72h",100,118.86,114.45,3.71,"two_method"
"MINATARE","NE01075","72h",200,128.46,123.79,3.64,"two_method"
"MINATARE","NE01075","72h",500,140.68,135.61,3.6,"two_method"
"MINATARE","NE01075","72h",1000,149.59,144.19,3.61,"two_method"
"MINATARE","NE01075","72h",2000,158.22,152.46,3.64,"two_method"
"MINATARE","NE01075","72h",5000,169.24,162.96,3.71,"two_method"
"MINATARE","NE01075","72h",10000,177.27,170.59,3.77,"two_method"
"MINIDOKA SOUTH DIKE","ID00275","24h",2,23.19,23.62,1.82,"two_method"
"MINIDOKA SOUTH DIKE","ID00275","24h",5,31,31.93,2.91,"two_method"
"MINIDOKA SOUTH DIKE","ID00275","24h",10,36.34,37.73,3.68,"two_method"
"MINIDOKA SOUTH DIKE","ID00275","24h",25,43.32,45.42,4.62,"two_method"
"MINIDOKA SOUTH DIKE","ID00275","24h",50,48.65,51.4,5.35,"two_method"
"MINIDOKA SOUTH DIKE","ID00275","24h",100,54.08,57.57,6.06,"two_method"
"MINIDOKA SOUTH DIKE","ID00275","24h",200,59.64,63.96,6.75,"two_method"
"MINIDOKA SOUTH DIKE","ID00275","24h",500,67.19,72.8,7.71,"two_method"
"MINIDOKA SOUTH DIKE","ID00275","24h",1000,73.06,79.78,8.42,"two_method"
"MINIDOKA SOUTH DIKE","ID00275","24h",2000,79.09,87.04,9.13,"two_method"
"MINIDOKA SOUTH DIKE","ID00275","24h",5000,87.3,97.09,10.08,"two_method"
"MINIDOKA SOUTH DIKE","ID00275","24h",10000,93.69,105.04,10.81,"two_method"
"MINIDOKA SOUTH DIKE","ID00275","72h",2,29.92,32.36,7.54,"two_method"
"MINIDOKA SOUTH DIKE","ID00275","72h",5,40.23,43.64,7.81,"two_method"
"MINIDOKA SOUTH DIKE","ID00275","72h",10,47.08,51.26,8.15,"two_method"
"MINIDOKA SOUTH DIKE","ID00275","72h",25,55.75,61.06,8.7,"two_method"
"MINIDOKA SOUTH DIKE","ID00275","72h",50,62.23,68.45,9.09,"two_method"
"MINIDOKA SOUTH DIKE","ID00275","72h",100,68.72,75.89,9.45,"two_method"
"MINIDOKA SOUTH DIKE","ID00275","72h",200,75.28,83.42,9.76,"two_method"
"MINIDOKA SOUTH DIKE","ID00275","72h",500,84.1,93.51,10.06,"two_method"
"MINIDOKA SOUTH DIKE","ID00275","72h",1000,90.92,101.27,10.22,"two_method"
"MINIDOKA SOUTH DIKE","ID00275","72h",2000,97.89,109.13,10.3,"two_method"
"MINIDOKA SOUTH DIKE","ID00275","72h",5000,107.33,119.7,10.33,"two_method"
"MINIDOKA SOUTH DIKE","ID00275","72h",10000,114.67,127.83,10.29,"two_method"
"MONTICELLO","CA10170","24h",2,94.03,94.03,0,"identical_fallback"
"MONTICELLO","CA10170","24h",5,126.1,126.1,0,"identical_fallback"
"MONTICELLO","CA10170","24h",10,148.23,148.23,0,"identical_fallback"
"MONTICELLO","CA10170","24h",25,177.25,177.25,0,"identical_fallback"
"MONTICELLO","CA10170","24h",50,199.56,199.56,0,"identical_fallback"
"MONTICELLO","CA10170","24h",100,222.4,222.4,0,"identical_fallback"
"MONTICELLO","CA10170","24h",200,245.86,245.86,0,"identical_fallback"
"MONTICELLO","CA10170","24h",500,277.92,277.92,0,"identical_fallback"
"MONTICELLO","CA10170","24h",1000,303.02,303.02,0,"identical_fallback"
"MONTICELLO","CA10170","24h",2000,328.89,328.89,0,"identical_fallback"
"MONTICELLO","CA10170","24h",5000,364.3,364.3,0,"identical_fallback"
"MONTICELLO","CA10170","24h",10000,392.04,392.04,0,"identical_fallback"
"MONTICELLO","CA10170","72h",2,141.02,141.02,0,"identical_fallback"
"MONTICELLO","CA10170","72h",5,198.78,198.78,0,"identical_fallback"
"MONTICELLO","CA10170","72h",10,239.02,239.02,0,"identical_fallback"
"MONTICELLO","CA10170","72h",25,291.8,291.8,0,"identical_fallback"
"MONTICELLO","CA10170","72h",50,332.41,332.41,0,"identical_fallback"
"MONTICELLO","CA10170","72h",100,374.04,374.04,0,"identical_fallback"
"MONTICELLO","CA10170","72h",200,416.94,416.94,0,"identical_fallback"
"MONTICELLO","CA10170","72h",500,475.91,475.91,0,"identical_fallback"
"MONTICELLO","CA10170","72h",1000,522.39,522.39,0,"identical_fallback"
"MONTICELLO","CA10170","72h",2000,570.61,570.61,0,"identical_fallback"
"MONTICELLO","CA10170","72h",5000,637.18,637.18,0,"identical_fallback"
"MONTICELLO","CA10170","72h",10000,689.78,689.78,0,"identical_fallback"
"MOON LAKE","UT10128","24h",2,37.55,37.55,0,"identical_fallback"
"MOON LAKE","UT10128","24h",5,49.51,49.51,0,"identical_fallback"
"MOON LAKE","UT10128","24h",10,58.18,58.18,0,"identical_fallback"
"MOON LAKE","UT10128","24h",25,70.71,70.71,0,"identical_fallback"
"MOON LAKE","UT10128","24h",50,81.49,81.49,0,"identical_fallback"
"MOON LAKE","UT10128","24h",100,93.7,93.7,0,"identical_fallback"
"MOON LAKE","UT10128","24h",200,107.63,107.63,0,"identical_fallback"
"MOON LAKE","UT10128","24h",500,129.17,129.17,0,"identical_fallback"
"MOON LAKE","UT10128","24h",1000,148.24,148.24,0,"identical_fallback"
"MOON LAKE","UT10128","24h",2000,170.1,170.1,0,"identical_fallback"
"MOON LAKE","UT10128","24h",5000,203.99,203.99,0,"identical_fallback"
"MOON LAKE","UT10128","24h",10000,234.03,234.03,0,"identical_fallback"
"MOON LAKE","UT10128","72h",2,53.87,53.87,0,"identical_fallback"
"MOON LAKE","UT10128","72h",5,70.93,70.93,0,"identical_fallback"
"MOON LAKE","UT10128","72h",10,83.16,83.16,0,"identical_fallback"
"MOON LAKE","UT10128","72h",25,100.64,100.64,0,"identical_fallback"
"MOON LAKE","UT10128","72h",50,115.54,115.54,0,"identical_fallback"
"MOON LAKE","UT10128","72h",100,132.3,132.3,0,"identical_fallback"
"MOON LAKE","UT10128","72h",200,151.26,151.26,0,"identical_fallback"
"MOON LAKE","UT10128","72h",500,180.32,180.32,0,"identical_fallback"
"MOON LAKE","UT10128","72h",1000,205.81,205.81,0,"identical_fallback"
"MOON LAKE","UT10128","72h",2000,234.81,234.81,0,"identical_fallback"
"MOON LAKE","UT10128","72h",5000,279.37,279.37,0,"identical_fallback"
"MOON LAKE","UT10128","72h",10000,318.52,318.52,0,"identical_fallback"
"MORMON FLAT","AZ10313","24h",2,42.77,42.97,0.47,"two_method"
"MORMON FLAT","AZ10313","24h",5,56.33,60.02,6.15,"two_method"
"MORMON FLAT","AZ10313","24h",10,65.92,70.6,6.63,"two_method"
"MORMON FLAT","AZ10313","24h",25,79.49,83.22,4.48,"two_method"
"MORMON FLAT","AZ10313","24h",50,90.93,92.12,1.29,"two_method"
"MORMON FLAT","AZ10313","24h",100,103.68,100.64,2.93,"two_method"
"MORMON FLAT","AZ10313","24h",200,117.98,108.87,7.72,"two_method"
"MORMON FLAT","AZ10313","24h",500,139.68,119.41,14.51,"two_method"
"MORMON FLAT","AZ10313","24h",1000,158.52,127.18,19.77,"two_method"
"MORMON FLAT","AZ10313","24h",2000,179.78,134.8,25.02,"two_method"
"MORMON FLAT","AZ10313","24h",5000,212.11,144.68,31.79,"two_method"
"MORMON FLAT","AZ10313","24h",10000,240.23,152.04,36.71,"two_method"
"MORMON FLAT","AZ10313","72h",2,54.26,51.89,4.37,"two_method"
"MORMON FLAT","AZ10313","72h",5,75.15,76.19,1.37,"two_method"
"MORMON FLAT","AZ10313","72h",10,89.66,93.88,4.5,"two_method"
"MORMON FLAT","AZ10313","72h",25,108.8,118.23,7.98,"two_method"
"MORMON FLAT","AZ10313","72h",50,123.6,137.86,10.34,"two_method"
"MORMON FLAT","AZ10313","72h",100,138.83,158.77,12.56,"two_method"
"MORMON FLAT","AZ10313","72h",200,154.55,181.13,14.67,"two_method"
"MORMON FLAT","AZ10313","72h",500,176.15,213.13,17.35,"two_method"
"MORMON FLAT","AZ10313","72h",1000,193.15,239.36,19.31,"two_method"
"MORMON FLAT","AZ10313","72h",2000,210.75,267.48,21.21,"two_method"
"MORMON FLAT","AZ10313","72h",5000,234.99,307.79,23.65,"two_method"
"MORMON FLAT","AZ10313","72h",10000,254.09,340.86,25.46,"two_method"
"MORROW POINT","CO01689","24h",2,30.83,27.79,9.86,"two_method"
"MORROW POINT","CO01689","24h",5,39.96,36.25,9.28,"two_method"
"MORROW POINT","CO01689","24h",10,46.53,42.23,9.24,"two_method"
"MORROW POINT","CO01689","24h",25,55.95,50.7,9.38,"two_method"
"MORROW POINT","CO01689","24h",50,64,57.84,9.62,"two_method"
"MORROW POINT","CO01689","24h",100,73.07,65.8,9.95,"two_method"
"MORROW POINT","CO01689","24h",200,83.36,74.73,10.35,"two_method"
"MORROW POINT","CO01689","24h",500,99.17,88.27,10.99,"two_method"
"MORROW POINT","CO01689","24h",1000,113.07,100.04,11.52,"two_method"
"MORROW POINT","CO01689","24h",2000,128.92,113.32,12.1,"two_method"
"MORROW POINT","CO01689","24h",5000,153.34,133.53,12.92,"two_method"
"MORROW POINT","CO01689","24h",10000,174.85,151.1,13.58,"two_method"
"MORROW POINT","CO01689","72h",2,42.23,35.77,15.3,"two_method"
"MORROW POINT","CO01689","72h",5,55.28,47.57,13.95,"two_method"
"MORROW POINT","CO01689","72h",10,63.9,55.14,13.71,"two_method"
"MORROW POINT","CO01689","72h",25,74.79,64.41,13.88,"two_method"
"MORROW POINT","CO01689","72h",50,82.85,71.09,14.19,"two_method"
"MORROW POINT","CO01689","72h",100,90.85,77.57,14.62,"two_method"
"MORROW POINT","CO01689","72h",200,98.81,83.86,15.13,"two_method"
"MORROW POINT","CO01689","72h",500,109.29,91.94,15.88,"two_method"
"MORROW POINT","CO01689","72h",1000,117.21,97.87,16.5,"two_method"
"MORROW POINT","CO01689","72h",2000,125.11,103.66,17.14,"two_method"
"MORROW POINT","CO01689","72h",5000,135.55,111.09,18.05,"two_method"
"MORROW POINT","CO01689","72h",10000,143.43,116.56,18.73,"two_method"
"MOSES LAKE SOUTH DAM","WA00128","24h",2,39.43,39.43,0,"identical_fallback"
"MOSES LAKE SOUTH DAM","WA00128","24h",5,51.82,51.82,0,"identical_fallback"
"MOSES LAKE SOUTH DAM","WA00128","24h",10,60.36,60.36,0,"identical_fallback"
"MOSES LAKE SOUTH DAM","WA00128","24h",25,71.53,71.53,0,"identical_fallback"
"MOSES LAKE SOUTH DAM","WA00128","24h",50,80.11,80.11,0,"identical_fallback"
"MOSES LAKE SOUTH DAM","WA00128","24h",100,88.87,88.87,0,"identical_fallback"
"MOSES LAKE SOUTH DAM","WA00128","24h",200,97.86,97.86,0,"identical_fallback"
"MOSES LAKE SOUTH DAM","WA00128","24h",500,110.13,110.13,0,"identical_fallback"
"MOSES LAKE SOUTH DAM","WA00128","24h",1000,119.72,119.72,0,"identical_fallback"
"MOSES LAKE SOUTH DAM","WA00128","24h",2000,129.58,129.58,0,"identical_fallback"
"MOSES LAKE SOUTH DAM","WA00128","24h",5000,143.06,143.06,0,"identical_fallback"
"MOSES LAKE SOUTH DAM","WA00128","24h",10000,153.6,153.6,0,"identical_fallback"
"MOSES LAKE SOUTH DAM","WA00128","72h",2,58.08,58.08,0,"identical_fallback"
"MOSES LAKE SOUTH DAM","WA00128","72h",5,75.9,75.9,0,"identical_fallback"
"MOSES LAKE SOUTH DAM","WA00128","72h",10,87.82,87.82,0,"identical_fallback"
"MOSES LAKE SOUTH DAM","WA00128","72h",25,103,103,0,"identical_fallback"
"MOSES LAKE SOUTH DAM","WA00128","72h",50,114.36,114.36,0,"identical_fallback"
"MOSES LAKE SOUTH DAM","WA00128","72h",100,125.72,125.72,0,"identical_fallback"
"MOSES LAKE SOUTH DAM","WA00128","72h",200,137.11,137.11,0,"identical_fallback"
"MOSES LAKE SOUTH DAM","WA00128","72h",500,152.27,152.27,0,"identical_fallback"
"MOSES LAKE SOUTH DAM","WA00128","72h",1000,163.82,163.82,0,"identical_fallback"
"MOSES LAKE SOUTH DAM","WA00128","72h",2000,175.46,175.46,0,"identical_fallback"
"MOSES LAKE SOUTH DAM","WA00128","72h",5000,190.95,190.95,0,"identical_fallback"
"MOSES LAKE SOUTH DAM","WA00128","72h",10000,202.77,202.77,0,"identical_fallback"
"MT. ELBERT FOREBAY","CO00446","24h",2,32.7,32.7,0,"identical_fallback"
"MT. ELBERT FOREBAY","CO00446","24h",5,42.52,42.52,0,"identical_fallback"
"MT. ELBERT FOREBAY","CO00446","24h",10,49.59,49.59,0,"identical_fallback"
"MT. ELBERT FOREBAY","CO00446","24h",25,59.73,59.73,0,"identical_fallback"
"MT. ELBERT FOREBAY","CO00446","24h",50,68.39,68.39,0,"identical_fallback"
"MT. ELBERT FOREBAY","CO00446","24h",100,78.14,78.14,0,"identical_fallback"
"MT. ELBERT FOREBAY","CO00446","24h",200,89.21,89.21,0,"identical_fallback"
"MT. ELBERT FOREBAY","CO00446","24h",500,106.2,106.2,0,"identical_fallback"
"MT. ELBERT FOREBAY","CO00446","24h",1000,121.14,121.14,0,"identical_fallback"
"MT. ELBERT FOREBAY","CO00446","24h",2000,138.18,138.18,0,"identical_fallback"
"MT. ELBERT FOREBAY","CO00446","24h",5000,164.42,164.42,0,"identical_fallback"
"MT. ELBERT FOREBAY","CO00446","24h",10000,187.52,187.52,0,"identical_fallback"
"MT. ELBERT FOREBAY","CO00446","72h",2,42.71,42.71,0,"identical_fallback"
"MT. ELBERT FOREBAY","CO00446","72h",5,56.88,56.88,0,"identical_fallback"
"MT. ELBERT FOREBAY","CO00446","72h",10,66.67,66.67,0,"identical_fallback"
"MT. ELBERT FOREBAY","CO00446","72h",25,79.52,79.52,0,"identical_fallback"
"MT. ELBERT FOREBAY","CO00446","72h",50,89.42,89.42,0,"identical_fallback"
"MT. ELBERT FOREBAY","CO00446","72h",100,99.56,99.56,0,"identical_fallback"
"MT. ELBERT FOREBAY","CO00446","72h",200,109.99,109.99,0,"identical_fallback"
"MT. ELBERT FOREBAY","CO00446","72h",500,124.26,124.26,0,"identical_fallback"
"MT. ELBERT FOREBAY","CO00446","72h",1000,135.44,135.44,0,"identical_fallback"
"MT. ELBERT FOREBAY","CO00446","72h",2000,146.98,146.98,0,"identical_fallback"
"MT. ELBERT FOREBAY","CO00446","72h",5000,162.79,162.79,0,"identical_fallback"
"MT. ELBERT FOREBAY","CO00446","72h",10000,175.2,175.2,0,"identical_fallback"
"NAMBE FALLS","NM00412","24h",2,35.66,37.24,4.24,"two_method"
"NAMBE FALLS","NM00412","24h",5,47.59,50.17,5.14,"two_method"
"NAMBE FALLS","NM00412","24h",10,55.4,58.72,5.65,"two_method"
"NAMBE FALLS","NM00412","24h",25,65.17,69.51,6.24,"two_method"
"NAMBE FALLS","NM00412","24h",50,72.35,77.51,6.66,"two_method"
"NAMBE FALLS","NM00412","24h",100,79.41,85.44,7.06,"two_method"
"NAMBE FALLS","NM00412","24h",200,86.39,93.35,7.46,"two_method"
"NAMBE FALLS","NM00412","24h",500,95.5,103.76,7.96,"two_method"
"NAMBE FALLS","NM00412","24h",1000,102.33,111.62,8.32,"two_method"
"NAMBE FALLS","NM00412","24h",2000,109.09,119.48,8.7,"two_method"
"NAMBE FALLS","NM00412","24h",5000,117.95,129.85,9.16,"two_method"
"NAMBE FALLS","NM00412","24h",10000,124.58,137.69,9.52,"two_method"
"NAMBE FALLS","NM00412","72h",2,46.38,46.99,1.3,"two_method"
"NAMBE FALLS","NM00412","72h",5,61.07,63.58,3.95,"two_method"
"NAMBE FALLS","NM00412","72h",10,71.36,74.6,4.34,"two_method"
"NAMBE FALLS","NM00412","72h",25,85.78,88.57,3.15,"two_method"
"NAMBE FALLS","NM00412","72h",50,97.85,98.96,1.12,"two_method"
"NAMBE FALLS","NM00412","72h",100,111.21,109.31,1.71,"two_method"
"NAMBE FALLS","NM00412","72h",200,126.09,119.65,5.11,"two_method"
"NAMBE FALLS","NM00412","72h",500,148.49,133.32,10.22,"two_method"
"NAMBE FALLS","NM00412","72h",1000,167.8,143.69,14.37,"two_method"
"NAMBE FALLS","NM00412","72h",2000,189.43,154.08,18.66,"two_method"
"NAMBE FALLS","NM00412","72h",5000,222.08,167.86,24.41,"two_method"
"NAMBE FALLS","NM00412","72h",10000,250.27,178.31,28.75,"two_method"
"NAVAJO","NM00120","24h",2,28.48,29.17,2.37,"two_method"
"NAVAJO","NM00120","24h",5,38.19,38.66,1.22,"two_method"
"NAVAJO","NM00120","24h",10,44.71,45.16,1,"two_method"
"NAVAJO","NM00120","24h",25,53.06,53.61,1.03,"two_method"
"NAVAJO","NM00120","24h",50,59.34,60.06,1.2,"two_method"
"NAVAJO","NM00120","24h",100,65.64,66.62,1.47,"two_method"
"NAVAJO","NM00120","24h",200,71.99,73.32,1.81,"two_method"
"NAVAJO","NM00120","24h",500,80.47,82.41,2.35,"two_method"
"NAVAJO","NM00120","24h",1000,86.96,89.47,2.81,"two_method"
"NAVAJO","NM00120","24h",2000,93.52,96.7,3.29,"two_method"
"NAVAJO","NM00120","24h",5000,102.31,106.53,3.96,"two_method"
"NAVAJO","NM00120","24h",10000,109.03,114.17,4.5,"two_method"
"NAVAJO","NM00120","72h",2,37.06,36.68,1.03,"two_method"
"NAVAJO","NM00120","72h",5,47.52,47.01,1.07,"two_method"
"NAVAJO","NM00120","72h",10,54.69,54.19,0.91,"two_method"
"NAVAJO","NM00120","72h",25,64.6,64.2,0.62,"two_method"
"NAVAJO","NM00120","72h",50,72.75,72.52,0.32,"two_method"
"NAVAJO","NM00120","72h",100,81.67,81.69,0.02,"two_method"
"NAVAJO","NM00120","72h",200,91.49,91.85,0.39,"two_method"
"NAVAJO","NM00120","72h",500,106.04,107.07,0.96,"two_method"
"NAVAJO","NM00120","72h",1000,118.41,120.12,1.42,"two_method"
"NAVAJO","NM00120","72h",2000,132.09,134.66,1.91,"two_method"
"NAVAJO","NM00120","72h",5000,152.45,156.5,2.59,"two_method"
"NAVAJO","NM00120","72h",10000,169.77,175.24,3.12,"two_method"
"NELSON DIKE DA","MT00574","24h",2,35.23,36.93,4.6,"two_method"
"NELSON DIKE DA","MT00574","24h",5,50.45,52.61,4.11,"two_method"
"NELSON DIKE DA","MT00574","24h",10,61.27,63.86,4.06,"two_method"
"NELSON DIKE DA","MT00574","24h",25,75.84,79.16,4.19,"two_method"
"NELSON DIKE DA","MT00574","24h",50,87.34,91.33,4.37,"two_method"
"NELSON DIKE DA","MT00574","24h",100,99.38,104.17,4.6,"two_method"
"NELSON DIKE DA","MT00574","24h",200,112.02,117.75,4.87,"two_method"
"NELSON DIKE DA","MT00574","24h",500,129.73,136.95,5.27,"two_method"
"NELSON DIKE DA","MT00574","24h",1000,143.95,152.5,5.61,"two_method"
"NELSON DIKE DA","MT00574","24h",2000,158.93,169,5.96,"two_method"
"NELSON DIKE DA","MT00574","24h",5000,179.97,192.36,6.44,"two_method"
"NELSON DIKE DA","MT00574","24h",10000,196.87,211.3,6.83,"two_method"
"NELSON DIKE DA","MT00574","72h",2,43.15,46.3,6.8,"two_method"
"NELSON DIKE DA","MT00574","72h",5,61.76,66.14,6.62,"two_method"
"NELSON DIKE DA","MT00574","72h",10,74.85,80.21,6.68,"two_method"
"NELSON DIKE DA","MT00574","72h",25,92.32,99.13,6.87,"two_method"
"NELSON DIKE DA","MT00574","72h",50,105.98,114.03,7.06,"two_method"
"NELSON DIKE DA","MT00574","72h",100,120.17,129.61,7.28,"two_method"
"NELSON DIKE DA","MT00574","72h",200,134.95,145.95,7.54,"two_method"
"NELSON DIKE DA","MT00574","72h",500,155.49,168.81,7.89,"two_method"
"NELSON DIKE DA","MT00574","72h",1000,171.84,187.13,8.17,"two_method"
"NELSON DIKE DA","MT00574","72h",2000,188.92,206.41,8.47,"two_method"
"NELSON DIKE DA","MT00574","72h",5000,212.7,233.43,8.88,"two_method"
"NELSON DIKE DA","MT00574","72h",10000,231.64,255.11,9.2,"two_method"
"NEW MELONES","CA10246","24h",2,84.64,84.64,0,"identical_fallback"
"NEW MELONES","CA10246","24h",5,115.38,115.38,0,"identical_fallback"
"NEW MELONES","CA10246","24h",10,136.97,136.97,0,"identical_fallback"
"NEW MELONES","CA10246","24h",25,165.75,165.75,0,"identical_fallback"
"NEW MELONES","CA10246","24h",50,188.22,188.22,0,"identical_fallback"
"NEW MELONES","CA10246","24h",100,211.53,211.53,0,"identical_fallback"
"NEW MELONES","CA10246","24h",200,235.8,235.8,0,"identical_fallback"
"NEW MELONES","CA10246","24h",500,269.47,269.47,0,"identical_fallback"
"NEW MELONES","CA10246","24h",1000,296.23,296.23,0,"identical_fallback"
"NEW MELONES","CA10246","24h",2000,324.18,324.18,0,"identical_fallback"
"NEW MELONES","CA10246","24h",5000,363.02,363.02,0,"identical_fallback"
"NEW MELONES","CA10246","24h",10000,393.92,393.92,0,"identical_fallback"
"NEW MELONES","CA10246","72h",2,132.46,132.46,0,"identical_fallback"
"NEW MELONES","CA10246","72h",5,188.06,188.06,0,"identical_fallback"
"NEW MELONES","CA10246","72h",10,227.48,227.48,0,"identical_fallback"
"NEW MELONES","CA10246","72h",25,280.48,280.48,0,"identical_fallback"
"NEW MELONES","CA10246","72h",50,322.24,322.24,0,"identical_fallback"
"NEW MELONES","CA10246","72h",100,365.87,365.87,0,"identical_fallback"
"NEW MELONES","CA10246","72h",200,411.6,411.6,0,"identical_fallback"
"NEW MELONES","CA10246","72h",500,475.61,475.61,0,"identical_fallback"
"NEW MELONES","CA10246","72h",1000,526.9,526.9,0,"identical_fallback"
"NEW MELONES","CA10246","72h",2000,580.84,580.84,0,"identical_fallback"
"NEW MELONES","CA10246","72h",5000,656.45,656.45,0,"identical_fallback"
"NEW MELONES","CA10246","72h",10000,717.1,717.1,0,"identical_fallback"
"NEW WADDELL","AZ82929","24h",2,39.24,39.73,1.23,"two_method"
"NEW WADDELL","AZ82929","24h",5,53.58,57.22,6.36,"two_method"
"NEW WADDELL","AZ82929","24h",10,63.46,69.03,8.07,"two_method"
"NEW WADDELL","AZ82929","24h",25,76.4,84.19,9.25,"two_method"
"NEW WADDELL","AZ82929","24h",50,86.34,95.64,9.72,"two_method"
"NEW WADDELL","AZ82929","24h",100,96.51,107.22,9.99,"two_method"
"NEW WADDELL","AZ82929","24h",200,106.94,119,10.13,"two_method"
"NEW WADDELL","AZ82929","24h",500,121.18,134.97,10.22,"two_method"
"NEW WADDELL","AZ82929","24h",1000,132.31,147.41,10.24,"two_method"
"NEW WADDELL","AZ82929","24h",2000,143.77,160.18,10.24,"two_method"
"NEW WADDELL","AZ82929","24h",5000,159.45,177.62,10.23,"two_method"
"NEW WADDELL","AZ82929","24h",10000,171.71,191.26,10.22,"two_method"
"NEW WADDELL","AZ82929","72h",2,49.72,58.22,14.6,"two_method"
"NEW WADDELL","AZ82929","72h",5,69.19,82.62,16.26,"two_method"
"NEW WADDELL","AZ82929","72h",10,82.71,99.95,17.25,"two_method"
"NEW WADDELL","AZ82929","72h",25,100.55,123.29,18.44,"two_method"
"NEW WADDELL","AZ82929","72h",50,114.35,141.7,19.3,"two_method"
"NEW WADDELL","AZ82929","72h",100,128.56,160.97,20.13,"two_method"
"NEW WADDELL","AZ82929","72h",200,143.22,181.19,20.96,"two_method"
"NEW WADDELL","AZ82929","72h",500,163.38,209.53,22.03,"two_method"
"NEW WADDELL","AZ82929","72h",1000,179.26,232.28,22.83,"two_method"
"NEW WADDELL","AZ82929","72h",2000,195.7,256.23,23.62,"two_method"
"NEW WADDELL","AZ82929","72h",5000,218.34,289.86,24.67,"two_method"
"NEW WADDELL","AZ82929","72h",10000,236.19,316.87,25.46,"two_method"
"NIMBUS","CA10174","24h",2,113.89,113.89,0,"identical_fallback"
"NIMBUS","CA10174","24h",5,153.65,153.65,0,"identical_fallback"
"NIMBUS","CA10174","24h",10,181.25,181.25,0,"identical_fallback"
"NIMBUS","CA10174","24h",25,217.64,217.64,0,"identical_fallback"
"NIMBUS","CA10174","24h",50,245.79,245.79,0,"identical_fallback"
"NIMBUS","CA10174","24h",100,274.73,274.73,0,"identical_fallback"
"NIMBUS","CA10174","24h",200,304.59,304.59,0,"identical_fallback"
"NIMBUS","CA10174","24h",500,345.63,345.63,0,"identical_fallback"
"NIMBUS","CA10174","24h",1000,377.93,377.93,0,"identical_fallback"
"NIMBUS","CA10174","24h",2000,411.36,411.36,0,"identical_fallback"
"NIMBUS","CA10174","24h",5000,457.38,457.38,0,"identical_fallback"
"NIMBUS","CA10174","24h",10000,493.62,493.62,0,"identical_fallback"
"NIMBUS","CA10174","72h",2,178.49,178.49,0,"identical_fallback"
"NIMBUS","CA10174","72h",5,249.07,249.07,0,"identical_fallback"
"NIMBUS","CA10174","72h",10,298.2,298.2,0,"identical_fallback"
"NIMBUS","CA10174","72h",25,363.13,363.13,0,"identical_fallback"
"NIMBUS","CA10174","72h",50,413.46,413.46,0,"identical_fallback"
"NIMBUS","CA10174","72h",100,465.3,465.3,0,"identical_fallback"
"NIMBUS","CA10174","72h",200,518.9,518.9,0,"identical_fallback"
"NIMBUS","CA10174","72h",500,592.71,592.71,0,"identical_fallback"
"NIMBUS","CA10174","72h",1000,650.93,650.93,0,"identical_fallback"
"NIMBUS","CA10174","72h",2000,711.3,711.3,0,"identical_fallback"
"NIMBUS","CA10174","72h",5000,794.58,794.58,0,"identical_fallback"
"NIMBUS","CA10174","72h",10000,860.31,860.31,0,"identical_fallback"
"NORTH","WA00266","24h",2,27.48,13.24,51.82,"two_method"
"NORTH","WA00266","24h",5,35.92,17.19,52.14,"two_method"
"NORTH","WA00266","24h",10,41.75,19.96,52.19,"two_method"
"NORTH","WA00266","24h",25,49.42,23.66,52.12,"two_method"
"NORTH","WA00266","24h",50,55.32,26.55,52.01,"two_method"
"NORTH","WA00266","24h",100,61.38,29.56,51.84,"two_method"
"NORTH","WA00266","24h",200,67.62,32.69,51.66,"two_method"
"NORTH","WA00266","24h",500,76.15,37.05,51.35,"two_method"
"NORTH","WA00266","24h",1000,82.85,40.52,51.09,"two_method"
"NORTH","WA00266","24h",2000,89.77,44.14,50.83,"two_method"
"NORTH","WA00266","24h",5000,99.25,49.19,50.44,"two_method"
"NORTH","WA00266","24h",10000,106.7,53.2,50.14,"two_method"
"NORTH","WA00266","72h",2,36.59,43.25,15.4,"two_method"
"NORTH","WA00266","72h",5,46.83,54.48,14.04,"two_method"
"NORTH","WA00266","72h",10,54.19,61.81,12.33,"two_method"
"NORTH","WA00266","72h",25,64.76,70.95,8.72,"two_method"
"NORTH","WA00266","72h",50,73.78,77.66,5,"two_method"
"NORTH","WA00266","72h",100,83.95,84.24,0.34,"two_method"
"NORTH","WA00266","72h",200,95.48,90.74,4.96,"two_method"
"NORTH","WA00266","72h",500,113.2,99.2,12.37,"two_method"
"NORTH","WA00266","72h",1000,128.78,105.52,18.06,"two_method"
"NORTH","WA00266","72h",2000,146.54,111.78,23.72,"two_method"
"NORTH","WA00266","72h",5000,173.9,119.95,31.02,"two_method"
"NORTH","WA00266","72h",10000,198,126.05,36.34,"two_method"
"NORTH SCOOTENEY DIKE","WA00267","24h",2,24.57,24.57,0,"identical_fallback"
"NORTH SCOOTENEY DIKE","WA00267","24h",5,31.49,31.49,0,"identical_fallback"
"NORTH SCOOTENEY DIKE","WA00267","24h",10,36.56,36.56,0,"identical_fallback"
"NORTH SCOOTENEY DIKE","WA00267","24h",25,43.96,43.96,0,"identical_fallback"
"NORTH SCOOTENEY DIKE","WA00267","24h",50,50.39,50.39,0,"identical_fallback"
"NORTH SCOOTENEY DIKE","WA00267","24h",100,57.72,57.72,0,"identical_fallback"
"NORTH SCOOTENEY DIKE","WA00267","24h",200,66.15,66.15,0,"identical_fallback"
"NORTH SCOOTENEY DIKE","WA00267","24h",500,79.3,79.3,0,"identical_fallback"
"NORTH SCOOTENEY DIKE","WA00267","24h",1000,91.03,91.03,0,"identical_fallback"
"NORTH SCOOTENEY DIKE","WA00267","24h",2000,104.58,104.58,0,"identical_fallback"
"NORTH SCOOTENEY DIKE","WA00267","24h",5000,125.78,125.78,0,"identical_fallback"
"NORTH SCOOTENEY DIKE","WA00267","24h",10000,144.73,144.73,0,"identical_fallback"
"NORTH SCOOTENEY DIKE","WA00267","72h",2,26.61,26.61,0,"identical_fallback"
"NORTH SCOOTENEY DIKE","WA00267","72h",5,33.25,33.25,0,"identical_fallback"
"NORTH SCOOTENEY DIKE","WA00267","72h",10,37.88,37.88,0,"identical_fallback"
"NORTH SCOOTENEY DIKE","WA00267","72h",25,44.38,44.38,0,"identical_fallback"
"NORTH SCOOTENEY DIKE","WA00267","72h",50,49.8,49.8,0,"identical_fallback"
"NORTH SCOOTENEY DIKE","WA00267","72h",100,55.81,55.81,0,"identical_fallback"
"NORTH SCOOTENEY DIKE","WA00267","72h",200,62.49,62.49,0,"identical_fallback"
"NORTH SCOOTENEY DIKE","WA00267","72h",500,72.53,72.53,0,"identical_fallback"
"NORTH SCOOTENEY DIKE","WA00267","72h",1000,81.18,81.18,0,"identical_fallback"
"NORTH SCOOTENEY DIKE","WA00267","72h",2000,90.86,90.86,0,"identical_fallback"
"NORTH SCOOTENEY DIKE","WA00267","72h",5000,105.45,105.45,0,"identical_fallback"
"NORTH SCOOTENEY DIKE","WA00267","72h",10000,118.03,118.03,0,"identical_fallback"
"NORTON","KS00024","24h",2,61.55,63.54,3.13,"two_method"
"NORTON","KS00024","24h",5,83.96,86.48,2.91,"two_method"
"NORTON","KS00024","24h",10,99.66,102.52,2.79,"two_method"
"NORTON","KS00024","24h",25,120.55,123.83,2.65,"two_method"
"NORTON","KS00024","24h",50,136.84,140.42,2.55,"two_method"
"NORTON","KS00024","24h",100,153.7,157.57,2.46,"two_method"
"NORTON","KS00024","24h",200,171.22,175.37,2.37,"two_method"
"NORTON","KS00024","24h",500,195.5,200,2.25,"two_method"
"NORTON","KS00024","24h",1000,214.76,219.5,2.16,"two_method"
"NORTON","KS00024","24h",2000,234.83,239.81,2.08,"two_method"
"NORTON","KS00024","24h",5000,262.68,267.94,1.96,"two_method"
"NORTON","KS00024","24h",10000,284.79,290.25,1.88,"two_method"
"NORTON","KS00024","72h",2,73.14,75.25,2.8,"two_method"
"NORTON","KS00024","72h",5,97.57,100.99,3.39,"two_method"
"NORTON","KS00024","72h",10,113.64,118.36,3.99,"two_method"
"NORTON","KS00024","72h",25,133.85,140.68,4.85,"two_method"
"NORTON","KS00024","72h",50,148.76,157.51,5.56,"two_method"
"NORTON","KS00024","72h",100,163.49,174.45,6.28,"two_method"
"NORTON","KS00024","72h",200,178.11,191.57,7.03,"two_method"
"NORTON","KS00024","72h",500,197.3,214.52,8.03,"two_method"
"NORTON","KS00024","72h",1000,211.72,232.15,8.8,"two_method"
"NORTON","KS00024","72h",2000,226.08,250.01,9.57,"two_method"
"NORTON","KS00024","72h",5000,244.96,274.01,10.6,"two_method"
"NORTON","KS00024","72h",10000,259.16,292.45,11.38,"two_method"
"OCHOCO","OR00098","24h",2,35.15,80.9,56.55,"two_method"
"OCHOCO","OR00098","24h",5,47.75,106.33,55.09,"two_method"
"OCHOCO","OR00098","24h",10,56.42,123.31,54.25,"two_method"
"OCHOCO","OR00098","24h",25,67.69,144.93,53.29,"two_method"
"OCHOCO","OR00098","24h",50,76.29,161.09,52.64,"two_method"
"OCHOCO","OR00098","24h",100,85.06,177.23,52.01,"two_method"
"OCHOCO","OR00098","24h",200,94.05,193.42,51.38,"two_method"
"OCHOCO","OR00098","24h",500,106.34,214.93,50.52,"two_method"
"OCHOCO","OR00098","24h",1000,115.98,231.31,49.86,"two_method"
"OCHOCO","OR00098","24h",2000,125.93,247.78,49.18,"two_method"
"OCHOCO","OR00098","24h",5000,139.62,269.72,48.24,"two_method"
"OCHOCO","OR00098","24h",10000,150.39,286.43,47.5,"two_method"
"OCHOCO","OR00098","72h",2,52.45,125.91,58.34,"two_method"
"OCHOCO","OR00098","72h",5,70.43,160.97,56.25,"two_method"
"OCHOCO","OR00098","72h",10,83.15,185.87,55.26,"two_method"
"OCHOCO","OR00098","72h",25,100.23,221.18,54.68,"two_method"
"OCHOCO","OR00098","72h",50,113.66,251.04,54.72,"two_method"
"OCHOCO","OR00098","72h",100,127.67,284.41,55.11,"two_method"
"OCHOCO","OR00098","72h",200,142.33,321.93,55.79,"two_method"
"OCHOCO","OR00098","72h",500,162.82,378.99,57.04,"two_method"
"OCHOCO","OR00098","72h",1000,179.22,428.69,58.19,"two_method"
"OCHOCO","OR00098","72h",2000,196.44,484.88,59.49,"two_method"
"OCHOCO","OR00098","72h",5000,220.53,570.59,61.35,"two_method"
"OCHOCO","OR00098","72h",10000,239.82,645.35,62.84,"two_method"
"OLYMPUS","CO01662","24h",2,40.89,38.49,5.87,"two_method"
"OLYMPUS","CO01662","24h",5,56.69,51.31,9.49,"two_method"
"OLYMPUS","CO01662","24h",10,68.34,60.9,10.89,"two_method"
"OLYMPUS","CO01662","24h",25,84.56,75.13,11.15,"two_method"
"OLYMPUS","CO01662","24h",50,97.79,87.66,10.36,"two_method"
"OLYMPUS","CO01662","24h",100,112.03,102.16,8.81,"two_method"
"OLYMPUS","CO01662","24h",200,127.39,119.03,6.56,"two_method"
"OLYMPUS","CO01662","24h",500,149.63,145.72,2.61,"two_method"
"OLYMPUS","CO01662","24h",1000,168.07,169.9,1.08,"two_method"
"OLYMPUS","CO01662","24h",2000,188.02,198.18,5.13,"two_method"
"OLYMPUS","CO01662","24h",5000,216.95,243.06,10.74,"two_method"
"OLYMPUS","CO01662","24h",10000,240.95,283.76,15.09,"two_method"
"OLYMPUS","CO01662","72h",2,57.28,52.23,8.82,"two_method"
"OLYMPUS","CO01662","72h",5,81.11,70.73,12.8,"two_method"
"OLYMPUS","CO01662","72h",10,98.8,85.19,13.78,"two_method"
"OLYMPUS","CO01662","72h",25,123.6,107.43,13.08,"two_method"
"OLYMPUS","CO01662","72h",50,143.94,127.7,11.28,"two_method"
"OLYMPUS","CO01662","72h",100,165.92,151.84,8.49,"two_method"
"OLYMPUS","CO01662","72h",200,189.76,180.75,4.75,"two_method"
"OLYMPUS","CO01662","72h",500,224.48,228.04,1.56,"two_method"
"OLYMPUS","CO01662","72h",1000,253.42,272.29,6.93,"two_method"
"OLYMPUS","CO01662","72h",2000,284.89,325.53,12.48,"two_method"
"OLYMPUS","CO01662","72h",5000,330.78,412.86,19.88,"two_method"
"OLYMPUS","CO01662","72h",10000,369.07,494.68,25.39,"two_method"
"ONEILL FOREBAY DIKE","CA10171","24h",2,66.95,66.95,0,"identical_fallback"
"ONEILL FOREBAY DIKE","CA10171","24h",5,90.25,90.25,0,"identical_fallback"
"ONEILL FOREBAY DIKE","CA10171","24h",10,106.57,106.57,0,"identical_fallback"
"ONEILL FOREBAY DIKE","CA10171","24h",25,128.24,128.24,0,"identical_fallback"
"ONEILL FOREBAY DIKE","CA10171","24h",50,145.12,145.12,0,"identical_fallback"
"ONEILL FOREBAY DIKE","CA10171","24h",100,162.59,162.59,0,"identical_fallback"
"ONEILL FOREBAY DIKE","CA10171","24h",200,180.72,180.72,0,"identical_fallback"
"ONEILL FOREBAY DIKE","CA10171","24h",500,205.81,205.81,0,"identical_fallback"
"ONEILL FOREBAY DIKE","CA10171","24h",1000,225.7,225.7,0,"identical_fallback"
"ONEILL FOREBAY DIKE","CA10171","24h",2000,246.41,246.41,0,"identical_fallback"
"ONEILL FOREBAY DIKE","CA10171","24h",5000,275.12,275.12,0,"identical_fallback"
"ONEILL FOREBAY DIKE","CA10171","24h",10000,297.89,297.89,0,"identical_fallback"
"ONEILL FOREBAY DIKE","CA10171","72h",2,102.57,102.57,0,"identical_fallback"
"ONEILL FOREBAY DIKE","CA10171","72h",5,144.61,144.61,0,"identical_fallback"
"ONEILL FOREBAY DIKE","CA10171","72h",10,174.69,174.69,0,"identical_fallback"
"ONEILL FOREBAY DIKE","CA10171","72h",25,215.49,215.49,0,"identical_fallback"
"ONEILL FOREBAY DIKE","CA10171","72h",50,247.89,247.89,0,"identical_fallback"
"ONEILL FOREBAY DIKE","CA10171","72h",100,281.98,281.98,0,"identical_fallback"
"ONEILL FOREBAY DIKE","CA10171","72h",200,317.97,317.97,0,"identical_fallback"
"ONEILL FOREBAY DIKE","CA10171","72h",500,368.73,368.73,0,"identical_fallback"
"ONEILL FOREBAY DIKE","CA10171","72h",1000,409.75,409.75,0,"identical_fallback"
"ONEILL FOREBAY DIKE","CA10171","72h",2000,453.18,453.18,0,"identical_fallback"
"ONEILL FOREBAY DIKE","CA10171","72h",5000,514.55,514.55,0,"identical_fallback"
"ONEILL FOREBAY DIKE","CA10171","72h",10000,564.17,564.17,0,"identical_fallback"
"ORTEGA","CA10176","24h",2,41.37,41.37,0,"identical_fallback"
"ORTEGA","CA10176","24h",5,62.16,62.16,0,"identical_fallback"
"ORTEGA","CA10176","24h",10,76.39,76.39,0,"identical_fallback"
"ORTEGA","CA10176","24h",25,94.84,94.84,0,"identical_fallback"
"ORTEGA","CA10176","24h",50,108.88,108.88,0,"identical_fallback"
"ORTEGA","CA10176","24h",100,123.16,123.16,0,"identical_fallback"
"ORTEGA","CA10176","24h",200,137.78,137.78,0,"identical_fallback"
"ORTEGA","CA10176","24h",500,157.72,157.72,0,"identical_fallback"
"ORTEGA","CA10176","24h",1000,173.33,173.33,0,"identical_fallback"
"ORTEGA","CA10176","24h",2000,189.43,189.43,0,"identical_fallback"
"ORTEGA","CA10176","24h",5000,211.52,211.52,0,"identical_fallback"
"ORTEGA","CA10176","24h",10000,228.87,228.87,0,"identical_fallback"
"ORTEGA","CA10176","72h",2,54.46,54.46,0,"identical_fallback"
"ORTEGA","CA10176","72h",5,87.91,87.91,0,"identical_fallback"
"ORTEGA","CA10176","72h",10,110.52,110.52,0,"identical_fallback"
"ORTEGA","CA10176","72h",25,138.78,138.78,0,"identical_fallback"
"ORTEGA","CA10176","72h",50,159.39,159.39,0,"identical_fallback"
"ORTEGA","CA10176","72h",100,179.56,179.56,0,"identical_fallback"
"ORTEGA","CA10176","72h",200,199.38,199.38,0,"identical_fallback"
"ORTEGA","CA10176","72h",500,225.18,225.18,0,"identical_fallback"
"ORTEGA","CA10176","72h",1000,244.46,244.46,0,"identical_fallback"
"ORTEGA","CA10176","72h",2000,263.57,263.57,0,"identical_fallback"
"ORTEGA","CA10176","72h",5000,288.62,288.62,0,"identical_fallback"
"ORTEGA","CA10176","72h",10000,307.43,307.43,0,"identical_fallback"
"OSULLIVAN","WA00268","24h",2,36.76,36.76,0,"identical_fallback"
"OSULLIVAN","WA00268","24h",5,48.33,48.33,0,"identical_fallback"
"OSULLIVAN","WA00268","24h",10,56.29,56.29,0,"identical_fallback"
"OSULLIVAN","WA00268","24h",25,66.71,66.71,0,"identical_fallback"
"OSULLIVAN","WA00268","24h",50,74.71,74.71,0,"identical_fallback"
"OSULLIVAN","WA00268","24h",100,82.88,82.88,0,"identical_fallback"
"OSULLIVAN","WA00268","24h",200,91.26,91.26,0,"identical_fallback"
"OSULLIVAN","WA00268","24h",500,102.69,102.69,0,"identical_fallback"
"OSULLIVAN","WA00268","24h",1000,111.62,111.62,0,"identical_fallback"
"OSULLIVAN","WA00268","24h",2000,120.81,120.81,0,"identical_fallback"
"OSULLIVAN","WA00268","24h",5000,133.36,133.36,0,"identical_fallback"
"OSULLIVAN","WA00268","24h",10000,143.17,143.17,0,"identical_fallback"
"OSULLIVAN","WA00268","72h",2,53.09,53.09,0,"identical_fallback"
"OSULLIVAN","WA00268","72h",5,69.41,69.41,0,"identical_fallback"
"OSULLIVAN","WA00268","72h",10,80.39,80.39,0,"identical_fallback"
"OSULLIVAN","WA00268","72h",25,94.48,94.48,0,"identical_fallback"
"OSULLIVAN","WA00268","72h",50,105.09,105.09,0,"identical_fallback"
"OSULLIVAN","WA00268","72h",100,115.75,115.75,0,"identical_fallback"
"OSULLIVAN","WA00268","72h",200,126.5,126.5,0,"identical_fallback"
"OSULLIVAN","WA00268","72h",500,140.89,140.89,0,"identical_fallback"
"OSULLIVAN","WA00268","72h",1000,151.92,151.92,0,"identical_fallback"
"OSULLIVAN","WA00268","72h",2000,163.09,163.09,0,"identical_fallback"
"OSULLIVAN","WA00268","72h",5000,178.06,178.06,0,"identical_fallback"
"OSULLIVAN","WA00268","72h",10000,189.54,189.54,0,"identical_fallback"
"OWYHEE","OR00582","24h",2,24.91,30.5,18.33,"two_method"
"OWYHEE","OR00582","24h",5,32.98,40.26,18.08,"two_method"
"OWYHEE","OR00582","24h",10,38.55,47.05,18.07,"two_method"
"OWYHEE","OR00582","24h",25,45.87,56.02,18.12,"two_method"
"OWYHEE","OR00582","24h",50,51.51,62.97,18.2,"two_method"
"OWYHEE","OR00582","24h",100,57.28,70.13,18.32,"two_method"
"OWYHEE","OR00582","24h",200,63.21,77.53,18.47,"two_method"
"OWYHEE","OR00582","24h",500,71.33,87.72,18.68,"two_method"
"OWYHEE","OR00582","24h",1000,77.7,95.75,18.85,"two_method"
"OWYHEE","OR00582","24h",2000,84.26,104.08,19.04,"two_method"
"OWYHEE","OR00582","24h",5000,93.26,115.57,19.3,"two_method"
"OWYHEE","OR00582","24h",10000,100.31,124.63,19.51,"two_method"
"OWYHEE","OR00582","72h",2,33.86,42.76,20.81,"two_method"
"OWYHEE","OR00582","72h",5,44.2,55.5,20.36,"two_method"
"OWYHEE","OR00582","72h",10,50.91,63.85,20.27,"two_method"
"OWYHEE","OR00582","72h",25,59.23,74.31,20.29,"two_method"
"OWYHEE","OR00582","72h",50,65.3,82.01,20.38,"two_method"
"OWYHEE","OR00582","72h",100,71.23,89.59,20.49,"two_method"
"OWYHEE","OR00582","72h",200,77.06,97.09,20.63,"two_method"
"OWYHEE","OR00582","72h",500,84.61,106.91,20.86,"two_method"
"OWYHEE","OR00582","72h",1000,90.22,114.27,21.05,"two_method"
"OWYHEE","OR00582","72h",2000,95.75,121.58,21.25,"two_method"
"OWYHEE","OR00582","72h",5000,102.93,131.16,21.52,"two_method"
"OWYHEE","OR00582","72h",10000,108.27,138.34,21.74,"two_method"
"PACTOLA DIKE #2","SD01139","24h",2,45.28,43.59,3.73,"two_method"
"PACTOLA DIKE #2","SD01139","24h",5,62.71,60.42,3.65,"two_method"
"PACTOLA DIKE #2","SD01139","24h",10,74.87,71.85,4.03,"two_method"
"PACTOLA DIKE #2","SD01139","24h",25,90.96,86.57,4.83,"two_method"
"PACTOLA DIKE #2","SD01139","24h",50,103.45,97.71,5.55,"two_method"
"PACTOLA DIKE #2","SD01139","24h",100,116.34,109,6.31,"two_method"
"PACTOLA DIKE #2","SD01139","24h",200,129.68,120.51,7.07,"two_method"
"PACTOLA DIKE #2","SD01139","24h",500,148.08,136.15,8.06,"two_method"
"PACTOLA DIKE #2","SD01139","24h",1000,162.61,148.35,8.77,"two_method"
"PACTOLA DIKE #2","SD01139","24h",2000,177.71,160.89,9.46,"two_method"
"PACTOLA DIKE #2","SD01139","24h",5000,198.56,178.05,10.33,"two_method"
"PACTOLA DIKE #2","SD01139","24h",10000,215.05,191.5,10.95,"two_method"
"PACTOLA DIKE #2","SD01139","72h",2,57.03,53.41,6.35,"two_method"
"PACTOLA DIKE #2","SD01139","72h",5,78.64,73,7.17,"two_method"
"PACTOLA DIKE #2","SD01139","72h",10,93.25,86.04,7.73,"two_method"
"PACTOLA DIKE #2","SD01139","72h",25,112.06,102.59,8.45,"two_method"
"PACTOLA DIKE #2","SD01139","72h",50,126.27,114.93,8.98,"two_method"
"PACTOLA DIKE #2","SD01139","72h",100,140.59,127.22,9.51,"two_method"
"PACTOLA DIKE #2","SD01139","72h",200,155.08,139.52,10.03,"two_method"
"PACTOLA DIKE #2","SD01139","72h",500,174.54,155.82,10.73,"two_method"
"PACTOLA DIKE #2","SD01139","72h",1000,189.51,168.2,11.24,"two_method"
"PACTOLA DIKE #2","SD01139","72h",2000,204.7,180.61,11.77,"two_method"
"PACTOLA DIKE #2","SD01139","72h",5000,225.15,197.1,12.46,"two_method"
"PACTOLA DIKE #2","SD01139","72h",10000,240.89,209.63,12.98,"two_method"
"PAONIA","CO01691","24h",2,26.24,35.89,26.89,"two_method"
"PAONIA","CO01691","24h",5,33.93,47.74,28.93,"two_method"
"PAONIA","CO01691","24h",10,39.38,55.85,29.49,"two_method"
"PAONIA","CO01691","24h",25,47.12,66.42,29.06,"two_method"
"PAONIA","CO01691","24h",50,53.67,74.49,27.95,"two_method"
"PAONIA","CO01691","24h",100,60.98,82.71,26.27,"two_method"
"PAONIA","CO01691","24h",200,69.21,91.11,24.04,"two_method"
"PAONIA","CO01691","24h",500,81.71,102.52,20.3,"two_method"
"PAONIA","CO01691","24h",1000,92.61,111.4,16.87,"two_method"
"PAONIA","CO01691","24h",2000,104.93,120.49,12.91,"two_method"
"PAONIA","CO01691","24h",5000,123.71,132.87,6.89,"two_method"
"PAONIA","CO01691","24h",10000,140.1,142.5,1.68,"two_method"
"PAONIA","CO01691","72h",2,34.7,47.5,26.95,"two_method"
"PAONIA","CO01691","72h",5,44.74,62.84,28.8,"two_method"
"PAONIA","CO01691","72h",10,51.89,73.24,29.15,"two_method"
"PAONIA","CO01691","72h",25,62.07,86.65,28.37,"two_method"
"PAONIA","CO01691","72h",50,70.7,96.8,26.96,"two_method"
"PAONIA","CO01691","72h",100,80.36,107.05,24.93,"two_method"
"PAONIA","CO01691","72h",200,91.25,117.43,22.29,"two_method"
"PAONIA","CO01691","72h",500,107.85,131.4,17.92,"two_method"
"PAONIA","CO01691","72h",1000,122.35,142.17,13.94,"two_method"
"PAONIA","CO01691","72h",2000,138.77,153.12,9.37,"two_method"
"PAONIA","CO01691","72h",5000,163.88,167.88,2.38,"two_method"
"PAONIA","CO01691","72h",10000,185.84,179.26,3.54,"two_method"
"PARKER","AZ10312","24h",2,32.05,32.05,0,"identical_fallback"
"PARKER","AZ10312","24h",5,44.02,44.02,0,"identical_fallback"
"PARKER","AZ10312","24h",10,52.34,52.34,0,"identical_fallback"
"PARKER","AZ10312","24h",25,63.32,63.32,0,"identical_fallback"
"PARKER","AZ10312","24h",50,71.81,71.81,0,"identical_fallback"
"PARKER","AZ10312","24h",100,80.55,80.55,0,"identical_fallback"
"PARKER","AZ10312","24h",200,89.58,89.58,0,"identical_fallback"
"PARKER","AZ10312","24h",500,101.99,101.99,0,"identical_fallback"
"PARKER","AZ10312","24h",1000,111.76,111.76,0,"identical_fallback"
"PARKER","AZ10312","24h",2000,121.89,121.89,0,"identical_fallback"
"PARKER","AZ10312","24h",5000,135.83,135.83,0,"identical_fallback"
"PARKER","AZ10312","24h",10000,146.82,146.82,0,"identical_fallback"
"PARKER","AZ10312","72h",2,39.86,39.86,0,"identical_fallback"
"PARKER","AZ10312","72h",5,54.15,54.15,0,"identical_fallback"
"PARKER","AZ10312","72h",10,64.64,64.64,0,"identical_fallback"
"PARKER","AZ10312","72h",25,79.93,79.93,0,"identical_fallback"
"PARKER","AZ10312","72h",50,93.19,93.19,0,"identical_fallback"
"PARKER","AZ10312","72h",100,108.33,108.33,0,"identical_fallback"
"PARKER","AZ10312","72h",200,125.72,125.72,0,"identical_fallback"
"PARKER","AZ10312","72h",500,152.83,152.83,0,"identical_fallback"
"PARKER","AZ10312","72h",1000,177.03,177.03,0,"identical_fallback"
"PARKER","AZ10312","72h",2000,204.96,204.96,0,"identical_fallback"
"PARKER","AZ10312","72h",5000,248.63,248.63,0,"identical_fallback"
"PARKER","AZ10312","72h",10000,287.66,287.66,0,"identical_fallback"
"PATTERSON LAKE DAM","WA00073","24h",2,53.88,27.34,49.26,"two_method"
"PATTERSON LAKE DAM","WA00073","24h",5,72.5,36.24,50.01,"two_method"
"PATTERSON LAKE DAM","WA00073","24h",10,84.5,42.57,49.62,"two_method"
"PATTERSON LAKE DAM","WA00073","24h",25,99.13,51.11,48.44,"two_method"
"PATTERSON LAKE DAM","WA00073","24h",50,109.62,57.85,47.23,"two_method"
"PATTERSON LAKE DAM","WA00073","24h",100,119.76,64.91,45.8,"two_method"
"PATTERSON LAKE DAM","WA00073","24h",200,129.64,72.32,44.21,"two_method"
"PATTERSON LAKE DAM","WA00073","24h",500,142.4,82.73,41.9,"two_method"
"PATTERSON LAKE DAM","WA00073","24h",1000,151.86,91.09,40.02,"two_method"
"PATTERSON LAKE DAM","WA00073","24h",2000,161.19,99.9,38.02,"two_method"
"PATTERSON LAKE DAM","WA00073","24h",5000,173.36,112.28,35.23,"two_method"
"PATTERSON LAKE DAM","WA00073","24h",10000,182.45,122.24,33,"two_method"
"PATTERSON LAKE DAM","WA00073","72h",2,76.97,36.23,52.93,"two_method"
"PATTERSON LAKE DAM","WA00073","72h",5,101.4,46.63,54.01,"two_method"
"PATTERSON LAKE DAM","WA00073","72h",10,117.78,54.33,53.87,"two_method"
"PATTERSON LAKE DAM","WA00073","72h",25,138.7,65.67,52.65,"two_method"
"PATTERSON LAKE DAM","WA00073","72h",50,154.39,75.58,51.05,"two_method"
"PATTERSON LAKE DAM","WA00073","72h",100,170.11,86.98,48.87,"two_method"
"PATTERSON LAKE DAM","WA00073","72h",200,185.92,100.16,46.13,"two_method"
"PATTERSON LAKE DAM","WA00073","72h",500,206.99,120.87,41.61,"two_method"
"PATTERSON LAKE DAM","WA00073","72h",1000,223.08,139.5,37.47,"two_method"
"PATTERSON LAKE DAM","WA00073","72h",2000,239.32,161.15,32.66,"two_method"
"PATTERSON LAKE DAM","WA00073","72h",5000,261,195.26,25.19,"two_method"
"PATTERSON LAKE DAM","WA00073","72h",10000,277.57,225.98,18.59,"two_method"
"PEC 1973 POWER PLANT","WA00482","24h",2,23.44,23.44,0,"identical_fallback"
"PEC 1973 POWER PLANT","WA00482","24h",5,30.07,30.07,0,"identical_fallback"
"PEC 1973 POWER PLANT","WA00482","24h",10,34.93,34.93,0,"identical_fallback"
"PEC 1973 POWER PLANT","WA00482","24h",25,42.04,42.04,0,"identical_fallback"
"PEC 1973 POWER PLANT","WA00482","24h",50,48.2,48.2,0,"identical_fallback"
"PEC 1973 POWER PLANT","WA00482","24h",100,55.25,55.25,0,"identical_fallback"
"PEC 1973 POWER PLANT","WA00482","24h",200,63.34,63.34,0,"identical_fallback"
"PEC 1973 POWER PLANT","WA00482","24h",500,75.98,75.98,0,"identical_fallback"
"PEC 1973 POWER PLANT","WA00482","24h",1000,87.26,87.26,0,"identical_fallback"
"PEC 1973 POWER PLANT","WA00482","24h",2000,100.3,100.3,0,"identical_fallback"
"PEC 1973 POWER PLANT","WA00482","24h",5000,120.7,120.7,0,"identical_fallback"
"PEC 1973 POWER PLANT","WA00482","24h",10000,138.95,138.95,0,"identical_fallback"
"PEC 1973 POWER PLANT","WA00482","72h",2,27.47,27.47,0,"identical_fallback"
"PEC 1973 POWER PLANT","WA00482","72h",5,35.2,35.2,0,"identical_fallback"
"PEC 1973 POWER PLANT","WA00482","72h",10,40.34,40.34,0,"identical_fallback"
"PEC 1973 POWER PLANT","WA00482","72h",25,46.87,46.87,0,"identical_fallback"
"PEC 1973 POWER PLANT","WA00482","72h",50,51.73,51.73,0,"identical_fallback"
"PEC 1973 POWER PLANT","WA00482","72h",100,56.58,56.58,0,"identical_fallback"
"PEC 1973 POWER PLANT","WA00482","72h",200,61.42,61.42,0,"identical_fallback"
"PEC 1973 POWER PLANT","WA00482","72h",500,67.84,67.84,0,"identical_fallback"
"PEC 1973 POWER PLANT","WA00482","72h",1000,72.71,72.71,0,"identical_fallback"
"PEC 1973 POWER PLANT","WA00482","72h",2000,77.6,77.6,0,"identical_fallback"
"PEC 1973 POWER PLANT","WA00482","72h",5000,84.09,84.09,0,"identical_fallback"
"PEC 1973 POWER PLANT","WA00482","72h",10000,89.02,89.02,0,"identical_fallback"
"PEC 22.7 HYDRO POWER PLANT","WA00244","24h",2,27.03,27.03,0,"identical_fallback"
"PEC 22.7 HYDRO POWER PLANT","WA00244","24h",5,35.37,35.37,0,"identical_fallback"
"PEC 22.7 HYDRO POWER PLANT","WA00244","24h",10,41.15,41.15,0,"identical_fallback"
"PEC 22.7 HYDRO POWER PLANT","WA00244","24h",25,48.75,48.75,0,"identical_fallback"
"PEC 22.7 HYDRO POWER PLANT","WA00244","24h",50,54.63,54.63,0,"identical_fallback"
"PEC 22.7 HYDRO POWER PLANT","WA00244","24h",100,60.66,60.66,0,"identical_fallback"
"PEC 22.7 HYDRO POWER PLANT","WA00244","24h",200,66.88,66.88,0,"identical_fallback"
"PEC 22.7 HYDRO POWER PLANT","WA00244","24h",500,75.41,75.41,0,"identical_fallback"
"PEC 22.7 HYDRO POWER PLANT","WA00244","24h",1000,82.11,82.11,0,"identical_fallback"
"PEC 22.7 HYDRO POWER PLANT","WA00244","24h",2000,89.04,89.04,0,"identical_fallback"
"PEC 22.7 HYDRO POWER PLANT","WA00244","24h",5000,98.57,98.57,0,"identical_fallback"
"PEC 22.7 HYDRO POWER PLANT","WA00244","24h",10000,106.06,106.06,0,"identical_fallback"
"PEC 22.7 HYDRO POWER PLANT","WA00244","72h",2,30.32,30.32,0,"identical_fallback"
"PEC 22.7 HYDRO POWER PLANT","WA00244","72h",5,38.02,38.02,0,"identical_fallback"
"PEC 22.7 HYDRO POWER PLANT","WA00244","72h",10,43.4,43.4,0,"identical_fallback"
"PEC 22.7 HYDRO POWER PLANT","WA00244","72h",25,50.95,50.95,0,"identical_fallback"
"PEC 22.7 HYDRO POWER PLANT","WA00244","72h",50,57.26,57.26,0,"identical_fallback"
"PEC 22.7 HYDRO POWER PLANT","WA00244","72h",100,64.24,64.24,0,"identical_fallback"
"PEC 22.7 HYDRO POWER PLANT","WA00244","72h",200,72.02,72.02,0,"identical_fallback"
"PEC 22.7 HYDRO POWER PLANT","WA00244","72h",500,83.71,83.71,0,"identical_fallback"
"PEC 22.7 HYDRO POWER PLANT","WA00244","72h",1000,93.79,93.79,0,"identical_fallback"
"PEC 22.7 HYDRO POWER PLANT","WA00244","72h",2000,105.08,105.08,0,"identical_fallback"
"PEC 22.7 HYDRO POWER PLANT","WA00244","72h",5000,122.1,122.1,0,"identical_fallback"
"PEC 22.7 HYDRO POWER PLANT","WA00244","72h",10000,136.79,136.79,0,"identical_fallback"
"PEC 66.0 HYDRO POWER PLANT","WA00346","24h",2,24.49,24.49,0,"identical_fallback"
"PEC 66.0 HYDRO POWER PLANT","WA00346","24h",5,31.64,31.64,0,"identical_fallback"
"PEC 66.0 HYDRO POWER PLANT","WA00346","24h",10,36.91,36.91,0,"identical_fallback"
"PEC 66.0 HYDRO POWER PLANT","WA00346","24h",25,44.61,44.61,0,"identical_fallback"
"PEC 66.0 HYDRO POWER PLANT","WA00346","24h",50,51.3,51.3,0,"identical_fallback"
"PEC 66.0 HYDRO POWER PLANT","WA00346","24h",100,58.97,58.97,0,"identical_fallback"
"PEC 66.0 HYDRO POWER PLANT","WA00346","24h",200,67.8,67.8,0,"identical_fallback"
"PEC 66.0 HYDRO POWER PLANT","WA00346","24h",500,81.59,81.59,0,"identical_fallback"
"PEC 66.0 HYDRO POWER PLANT","WA00346","24h",1000,93.94,93.94,0,"identical_fallback"
"PEC 66.0 HYDRO POWER PLANT","WA00346","24h",2000,108.23,108.23,0,"identical_fallback"
"PEC 66.0 HYDRO POWER PLANT","WA00346","24h",5000,130.63,130.63,0,"identical_fallback"
"PEC 66.0 HYDRO POWER PLANT","WA00346","24h",10000,150.7,150.7,0,"identical_fallback"
"PEC 66.0 HYDRO POWER PLANT","WA00346","72h",2,28.23,28.23,0,"identical_fallback"
"PEC 66.0 HYDRO POWER PLANT","WA00346","72h",5,36.5,36.5,0,"identical_fallback"
"PEC 66.0 HYDRO POWER PLANT","WA00346","72h",10,42.13,42.13,0,"identical_fallback"
"PEC 66.0 HYDRO POWER PLANT","WA00346","72h",25,49.4,49.4,0,"identical_fallback"
"PEC 66.0 HYDRO POWER PLANT","WA00346","72h",50,54.92,54.92,0,"identical_fallback"
"PEC 66.0 HYDRO POWER PLANT","WA00346","72h",100,60.51,60.51,0,"identical_fallback"
"PEC 66.0 HYDRO POWER PLANT","WA00346","72h",200,66.18,66.18,0,"identical_fallback"
"PEC 66.0 HYDRO POWER PLANT","WA00346","72h",500,73.84,73.84,0,"identical_fallback"
"PEC 66.0 HYDRO POWER PLANT","WA00346","72h",1000,79.75,79.75,0,"identical_fallback"
"PEC 66.0 HYDRO POWER PLANT","WA00346","72h",2000,85.78,85.78,0,"identical_fallback"
"PEC 66.0 HYDRO POWER PLANT","WA00346","72h",5000,93.92,93.92,0,"identical_fallback"
"PEC 66.0 HYDRO POWER PLANT","WA00346","72h",10000,100.22,100.22,0,"identical_fallback"
"PERCHA DIVERSION","NM00009","24h",2,34,33.25,2.21,"two_method"
"PERCHA DIVERSION","NM00009","24h",5,47.29,47.49,0.42,"two_method"
"PERCHA DIVERSION","NM00009","24h",10,56.21,57.61,2.43,"two_method"
"PERCHA DIVERSION","NM00009","24h",25,67.64,71.24,5.05,"two_method"
"PERCHA DIVERSION","NM00009","24h",50,76.23,82,7.04,"two_method"
"PERCHA DIVERSION","NM00009","24h",100,84.84,93.26,9.03,"two_method"
"PERCHA DIVERSION","NM00009","24h",200,93.52,105.09,11.01,"two_method"
"PERCHA DIVERSION","NM00009","24h",500,105.12,121.67,13.6,"two_method"
"PERCHA DIVERSION","NM00009","24h",1000,113.99,134.98,15.55,"two_method"
"PERCHA DIVERSION","NM00009","24h",2000,122.96,149,17.48,"two_method"
"PERCHA DIVERSION","NM00009","24h",5000,134.95,168.7,20.01,"two_method"
"PERCHA DIVERSION","NM00009","24h",10000,144.15,184.52,21.88,"two_method"
"PERCHA DIVERSION","NM00009","72h",2,41.85,40.83,2.44,"two_method"
"PERCHA DIVERSION","NM00009","72h",5,57.74,58.18,0.76,"two_method"
"PERCHA DIVERSION","NM00009","72h",10,67.96,70.08,3.03,"two_method"
"PERCHA DIVERSION","NM00009","72h",25,80.54,85.59,5.9,"two_method"
"PERCHA DIVERSION","NM00009","72h",50,89.64,97.45,8.01,"two_method"
"PERCHA DIVERSION","NM00009","72h",100,98.48,109.53,10.09,"two_method"
"PERCHA DIVERSION","NM00009","72h",200,107.1,121.88,12.13,"two_method"
"PERCHA DIVERSION","NM00009","72h",500,118.19,138.67,14.77,"two_method"
"PERCHA DIVERSION","NM00009","72h",1000,126.37,151.74,16.72,"two_method"
"PERCHA DIVERSION","NM00009","72h",2000,134.38,165.15,18.63,"two_method"
"PERCHA DIVERSION","NM00009","72h",5000,144.7,183.39,21.1,"two_method"
"PERCHA DIVERSION","NM00009","72h",10000,152.31,197.61,22.92,"two_method"
"PETERSON AREA-OCEAN LAKE HABITAT UNIT","WY02121","24h",2,30.15,32.98,8.58,"two_method"
"PETERSON AREA-OCEAN LAKE HABITAT UNIT","WY02121","24h",5,41.81,46.56,10.2,"two_method"
"PETERSON AREA-OCEAN LAKE HABITAT UNIT","WY02121","24h",10,49.53,55.63,10.97,"two_method"
"PETERSON AREA-OCEAN LAKE HABITAT UNIT","WY02121","24h",25,59.29,67.18,11.74,"two_method"
"PETERSON AREA-OCEAN LAKE HABITAT UNIT","WY02121","24h",50,66.53,75.84,12.28,"two_method"
"PETERSON AREA-OCEAN LAKE HABITAT UNIT","WY02121","24h",100,73.72,84.54,12.8,"two_method"
"PETERSON AREA-OCEAN LAKE HABITAT UNIT","WY02121","24h",200,80.89,93.36,13.36,"two_method"
"PETERSON AREA-OCEAN LAKE HABITAT UNIT","WY02121","24h",500,90.35,105.25,14.16,"two_method"
"PETERSON AREA-OCEAN LAKE HABITAT UNIT","WY02121","24h",1000,97.5,114.47,14.82,"two_method"
"PETERSON AREA-OCEAN LAKE HABITAT UNIT","WY02121","24h",2000,104.66,123.9,15.53,"two_method"
"PETERSON AREA-OCEAN LAKE HABITAT UNIT","WY02121","24h",5000,114.12,136.72,16.53,"two_method"
"PETERSON AREA-OCEAN LAKE HABITAT UNIT","WY02121","24h",10000,121.28,146.7,17.33,"two_method"
"PETERSON AREA-OCEAN LAKE HABITAT UNIT","WY02121","72h",2,36.45,41.53,12.23,"two_method"
"PETERSON AREA-OCEAN LAKE HABITAT UNIT","WY02121","72h",5,50.91,58.9,13.57,"two_method"
"PETERSON AREA-OCEAN LAKE HABITAT UNIT","WY02121","72h",10,60.35,70.32,14.18,"two_method"
"PETERSON AREA-OCEAN LAKE HABITAT UNIT","WY02121","72h",25,72.12,84.67,14.82,"two_method"
"PETERSON AREA-OCEAN LAKE HABITAT UNIT","WY02121","72h",50,80.74,95.32,15.3,"two_method"
"PETERSON AREA-OCEAN LAKE HABITAT UNIT","WY02121","72h",100,89.21,105.95,15.8,"two_method"
"PETERSON AREA-OCEAN LAKE HABITAT UNIT","WY02121","72h",200,97.56,116.64,16.36,"two_method"
"PETERSON AREA-OCEAN LAKE HABITAT UNIT","WY02121","72h",500,108.44,130.96,17.2,"two_method"
"PETERSON AREA-OCEAN LAKE HABITAT UNIT","WY02121","72h",1000,116.56,141.98,17.9,"two_method"
"PETERSON AREA-OCEAN LAKE HABITAT UNIT","WY02121","72h",2000,124.6,153.19,18.66,"two_method"
"PETERSON AREA-OCEAN LAKE HABITAT UNIT","WY02121","72h",5000,135.09,168.34,19.75,"two_method"
"PETERSON AREA-OCEAN LAKE HABITAT UNIT","WY02121","72h",10000,142.92,180.08,20.64,"two_method"
"PILOT BUTTE","WY01381","24h",2,29.65,33.3,10.96,"two_method"
"PILOT BUTTE","WY01381","24h",5,40.9,46.83,12.66,"two_method"
"PILOT BUTTE","WY01381","24h",10,48.43,55.83,13.25,"two_method"
"PILOT BUTTE","WY01381","24h",25,58.05,67.24,13.67,"two_method"
"PILOT BUTTE","WY01381","24h",50,65.25,75.78,13.9,"two_method"
"PILOT BUTTE","WY01381","24h",100,72.46,84.35,14.1,"two_method"
"PILOT BUTTE","WY01381","24h",200,79.71,93.01,14.3,"two_method"
"PILOT BUTTE","WY01381","24h",500,89.36,104.67,14.63,"two_method"
"PILOT BUTTE","WY01381","24h",1000,96.72,113.69,14.93,"two_method"
"PILOT BUTTE","WY01381","24h",2000,104.15,122.91,15.26,"two_method"
"PILOT BUTTE","WY01381","24h",5000,114.05,135.42,15.78,"two_method"
"PILOT BUTTE","WY01381","24h",10000,121.61,145.16,16.22,"two_method"
"PILOT BUTTE","WY01381","72h",2,36.64,42.18,13.13,"two_method"
"PILOT BUTTE","WY01381","72h",5,51.15,59.83,14.51,"two_method"
"PILOT BUTTE","WY01381","72h",10,60.86,71.42,14.79,"two_method"
"PILOT BUTTE","WY01381","72h",25,73.25,86,14.83,"two_method"
"PILOT BUTTE","WY01381","72h",50,82.53,96.82,14.76,"two_method"
"PILOT BUTTE","WY01381","72h",100,91.82,107.61,14.67,"two_method"
"PILOT BUTTE","WY01381","72h",200,101.15,118.47,14.62,"two_method"
"PILOT BUTTE","WY01381","72h",500,113.57,133.02,14.62,"two_method"
"PILOT BUTTE","WY01381","72h",1000,123.05,144.21,14.67,"two_method"
"PILOT BUTTE","WY01381","72h",2000,132.6,155.6,14.78,"two_method"
"PILOT BUTTE","WY01381","72h",5000,145.33,170.99,15.01,"two_method"
"PILOT BUTTE","WY01381","72h",10000,155.06,182.91,15.23,"two_method"
"PINTO DAM","WA00269","24h",2,34.23,34.23,0,"identical_fallback"
"PINTO DAM","WA00269","24h",5,45.35,45.35,0,"identical_fallback"
"PINTO DAM","WA00269","24h",10,53.12,53.12,0,"identical_fallback"
"PINTO DAM","WA00269","24h",25,63.43,63.43,0,"identical_fallback"
"PINTO DAM","WA00269","24h",50,71.44,71.44,0,"identical_fallback"
"PINTO DAM","WA00269","24h",100,79.71,79.71,0,"identical_fallback"
"PINTO DAM","WA00269","24h",200,88.29,88.29,0,"identical_fallback"
"PINTO DAM","WA00269","24h",500,100.14,100.14,0,"identical_fallback"
"PINTO DAM","WA00269","24h",1000,109.51,109.51,0,"identical_fallback"
"PINTO DAM","WA00269","24h",2000,119.25,119.25,0,"identical_fallback"
"PINTO DAM","WA00269","24h",5000,132.74,132.74,0,"identical_fallback"
"PINTO DAM","WA00269","24h",10000,143.41,143.41,0,"identical_fallback"
"PINTO DAM","WA00269","72h",2,45.76,45.76,0,"identical_fallback"
"PINTO DAM","WA00269","72h",5,59.94,59.94,0,"identical_fallback"
"PINTO DAM","WA00269","72h",10,69.48,69.48,0,"identical_fallback"
"PINTO DAM","WA00269","72h",25,81.72,81.72,0,"identical_fallback"
"PINTO DAM","WA00269","72h",50,90.93,90.93,0,"identical_fallback"
"PINTO DAM","WA00269","72h",100,100.18,100.18,0,"identical_fallback"
"PINTO DAM","WA00269","72h",200,109.52,109.52,0,"identical_fallback"
"PINTO DAM","WA00269","72h",500,122.01,122.01,0,"identical_fallback"
"PINTO DAM","WA00269","72h",1000,131.58,131.58,0,"identical_fallback"
"PINTO DAM","WA00269","72h",2000,141.27,141.27,0,"identical_fallback"
"PINTO DAM","WA00269","72h",5000,154.25,154.25,0,"identical_fallback"
"PINTO DAM","WA00269","72h",10000,164.21,164.21,0,"identical_fallback"
"PIPESTONE WILD DEV POND 1","ND00442","24h",2,54.91,41.54,24.35,"two_method"
"PIPESTONE WILD DEV POND 1","ND00442","24h",5,75.45,57.45,23.86,"two_method"
"PIPESTONE WILD DEV POND 1","ND00442","24h",10,89.24,68.1,23.69,"two_method"
"PIPESTONE WILD DEV POND 1","ND00442","24h",25,106.86,81.65,23.59,"two_method"
"PIPESTONE WILD DEV POND 1","ND00442","24h",50,120.12,91.83,23.55,"two_method"
"PIPESTONE WILD DEV POND 1","ND00442","24h",100,133.48,102.06,23.54,"two_method"
"PIPESTONE WILD DEV POND 1","ND00442","24h",200,147.05,112.44,23.54,"two_method"
"PIPESTONE WILD DEV POND 1","ND00442","24h",500,165.39,126.44,23.55,"two_method"
"PIPESTONE WILD DEV POND 1","ND00442","24h",1000,179.64,137.29,23.57,"two_method"
"PIPESTONE WILD DEV POND 1","ND00442","24h",2000,194.24,148.4,23.6,"two_method"
"PIPESTONE WILD DEV POND 1","ND00442","24h",5000,214.13,163.51,23.64,"two_method"
"PIPESTONE WILD DEV POND 1","ND00442","24h",10000,229.66,175.29,23.67,"two_method"
"PIPESTONE WILD DEV POND 1","ND00442","72h",2,62.69,50.7,19.13,"two_method"
"PIPESTONE WILD DEV POND 1","ND00442","72h",5,84.71,68.7,18.9,"two_method"
"PIPESTONE WILD DEV POND 1","ND00442","72h",10,99.44,80.72,18.83,"two_method"
"PIPESTONE WILD DEV POND 1","ND00442","72h",25,118.22,96.03,18.77,"two_method"
"PIPESTONE WILD DEV POND 1","ND00442","72h",50,132.28,107.48,18.75,"two_method"
"PIPESTONE WILD DEV POND 1","ND00442","72h",100,146.33,118.92,18.73,"two_method"
"PIPESTONE WILD DEV POND 1","ND00442","72h",200,160.43,130.39,18.72,"two_method"
"PIPESTONE WILD DEV POND 1","ND00442","72h",500,179.2,145.64,18.73,"two_method"
"PIPESTONE WILD DEV POND 1","ND00442","72h",1000,193.5,157.25,18.73,"two_method"
"PIPESTONE WILD DEV POND 1","ND00442","72h",2000,207.91,168.93,18.75,"two_method"
"PIPESTONE WILD DEV POND 1","ND00442","72h",5000,227.1,184.49,18.76,"two_method"
"PIPESTONE WILD DEV POND 1","ND00442","72h",10000,241.75,196.34,18.78,"two_method"
"PISHKUN DIKE 1","MT00575","24h",2,38.73,28.43,26.59,"two_method"
"PISHKUN DIKE 1","MT00575","24h",5,53.77,39.56,26.43,"two_method"
"PISHKUN DIKE 1","MT00575","24h",10,64.01,47.15,26.34,"two_method"
"PISHKUN DIKE 1","MT00575","24h",25,77.24,56.97,26.24,"two_method"
"PISHKUN DIKE 1","MT00575","24h",50,87.28,64.42,26.19,"two_method"
"PISHKUN DIKE 1","MT00575","24h",100,97.47,71.99,26.14,"two_method"
"PISHKUN DIKE 1","MT00575","24h",200,107.87,79.73,26.09,"two_method"
"PISHKUN DIKE 1","MT00575","24h",500,122.03,90.26,26.03,"two_method"
"PISHKUN DIKE 1","MT00575","24h",1000,133.08,98.49,25.99,"two_method"
"PISHKUN DIKE 1","MT00575","24h",2000,144.47,106.97,25.96,"two_method"
"PISHKUN DIKE 1","MT00575","24h",5000,160.06,118.6,25.9,"two_method"
"PISHKUN DIKE 1","MT00575","24h",10000,172.3,127.72,25.87,"two_method"
"PISHKUN DIKE 1","MT00575","72h",2,52.34,43.53,16.83,"two_method"
"PISHKUN DIKE 1","MT00575","72h",5,73.3,60.73,17.15,"two_method"
"PISHKUN DIKE 1","MT00575","72h",10,88.13,72.58,17.64,"two_method"
"PISHKUN DIKE 1","MT00575","72h",25,108.04,88.1,18.46,"two_method"
"PISHKUN DIKE 1","MT00575","72h",50,123.69,100.03,19.13,"two_method"
"PISHKUN DIKE 1","MT00575","72h",100,140.02,112.22,19.85,"two_method"
"PISHKUN DIKE 1","MT00575","72h",200,157.11,124.73,20.61,"two_method"
"PISHKUN DIKE 1","MT00575","72h",500,180.98,141.81,21.64,"two_method"
"PISHKUN DIKE 1","MT00575","72h",1000,200.09,155.17,22.45,"two_method"
"PISHKUN DIKE 1","MT00575","72h",2000,220.15,168.92,23.27,"two_method"
"PISHKUN DIKE 1","MT00575","72h",5000,248.21,187.72,24.37,"two_method"
"PISHKUN DIKE 1","MT00575","72h",10000,270.69,202.44,25.21,"two_method"
"PLATORO","CO01671","24h",2,25.84,25.84,0,"identical_fallback"
"PLATORO","CO01671","24h",5,34.49,34.49,0,"identical_fallback"
"PLATORO","CO01671","24h",10,40.24,40.24,0,"identical_fallback"
"PLATORO","CO01671","24h",25,47.55,47.55,0,"identical_fallback"
"PLATORO","CO01671","24h",50,52.99,52.99,0,"identical_fallback"
"PLATORO","CO01671","24h",100,58.41,58.41,0,"identical_fallback"
"PLATORO","CO01671","24h",200,63.84,63.84,0,"identical_fallback"
"PLATORO","CO01671","24h",500,71.03,71.03,0,"identical_fallback"
"PLATORO","CO01671","24h",1000,76.49,76.49,0,"identical_fallback"
"PLATORO","CO01671","24h",2000,81.96,81.96,0,"identical_fallback"
"PLATORO","CO01671","24h",5000,89.23,89.23,0,"identical_fallback"
"PLATORO","CO01671","24h",10000,94.75,94.75,0,"identical_fallback"
"PLATORO","CO01671","72h",2,39.81,39.81,0,"identical_fallback"
"PLATORO","CO01671","72h",5,52.52,52.52,0,"identical_fallback"
"PLATORO","CO01671","72h",10,60.6,60.6,0,"identical_fallback"
"PLATORO","CO01671","72h",25,70.45,70.45,0,"identical_fallback"
"PLATORO","CO01671","72h",50,77.51,77.51,0,"identical_fallback"
"PLATORO","CO01671","72h",100,84.31,84.31,0,"identical_fallback"
"PLATORO","CO01671","72h",200,90.89,90.89,0,"identical_fallback"
"PLATORO","CO01671","72h",500,99.28,99.28,0,"identical_fallback"
"PLATORO","CO01671","72h",1000,105.41,105.41,0,"identical_fallback"
"PLATORO","CO01671","72h",2000,111.36,111.36,0,"identical_fallback"
"PLATORO","CO01671","72h",5000,118.95,118.95,0,"identical_fallback"
"PLATORO","CO01671","72h",10000,124.51,124.51,0,"identical_fallback"
"POTTERS POND NO 1 (EAST)","UT10144","24h",2,35.85,49.44,27.49,"two_method"
"POTTERS POND NO 1 (EAST)","UT10144","24h",5,46.86,63.8,26.55,"two_method"
"POTTERS POND NO 1 (EAST)","UT10144","24h",10,54.95,74.18,25.92,"two_method"
"POTTERS POND NO 1 (EAST)","UT10144","24h",25,66.79,89.12,25.06,"two_method"
"POTTERS POND NO 1 (EAST)","UT10144","24h",50,77.08,101.94,24.39,"two_method"
"POTTERS POND NO 1 (EAST)","UT10144","24h",100,88.86,116.43,23.68,"two_method"
"POTTERS POND NO 1 (EAST)","UT10144","24h",200,102.41,132.91,22.95,"two_method"
"POTTERS POND NO 1 (EAST)","UT10144","24h",500,123.59,158.33,21.94,"two_method"
"POTTERS POND NO 1 (EAST)","UT10144","24h",1000,142.54,180.76,21.14,"two_method"
"POTTERS POND NO 1 (EAST)","UT10144","24h",2000,164.46,206.41,20.32,"two_method"
"POTTERS POND NO 1 (EAST)","UT10144","24h",5000,198.82,246.08,19.21,"two_method"
"POTTERS POND NO 1 (EAST)","UT10144","24h",10000,229.59,281.13,18.33,"two_method"
"POTTERS POND NO 1 (EAST)","UT10144","72h",2,52.33,78.3,33.17,"two_method"
"POTTERS POND NO 1 (EAST)","UT10144","72h",5,68.41,100.4,31.86,"two_method"
"POTTERS POND NO 1 (EAST)","UT10144","72h",10,80.21,115.97,30.84,"two_method"
"POTTERS POND NO 1 (EAST)","UT10144","72h",25,97.42,137.93,29.37,"two_method"
"POTTERS POND NO 1 (EAST)","UT10144","72h",50,112.36,156.38,28.15,"two_method"
"POTTERS POND NO 1 (EAST)","UT10144","72h",100,129.42,176.91,26.84,"two_method"
"POTTERS POND NO 1 (EAST)","UT10144","72h",200,149.02,199.89,25.45,"two_method"
"POTTERS POND NO 1 (EAST)","UT10144","72h",500,179.6,234.63,23.45,"two_method"
"POTTERS POND NO 1 (EAST)","UT10144","72h",1000,206.9,264.74,21.85,"two_method"
"POTTERS POND NO 1 (EAST)","UT10144","72h",2000,238.43,298.6,20.15,"two_method"
"POTTERS POND NO 1 (EAST)","UT10144","72h",5000,287.75,349.98,17.78,"two_method"
"POTTERS POND NO 1 (EAST)","UT10144","72h",10000,331.85,394.55,15.89,"two_method"
"PROSSER CREEK","CA10179","24h",2,78.98,70.08,11.27,"two_method"
"PROSSER CREEK","CA10179","24h",5,107.91,96.44,10.63,"two_method"
"PROSSER CREEK","CA10179","24h",10,128.27,114.43,10.79,"two_method"
"PROSSER CREEK","CA10179","24h",25,155.44,137.78,11.36,"two_method"
"PROSSER CREEK","CA10179","24h",50,176.71,155.58,11.96,"two_method"
"PROSSER CREEK","CA10179","24h",100,198.8,173.64,12.66,"two_method"
"PROSSER CREEK","CA10179","24h",200,221.82,192.05,13.42,"two_method"
"PROSSER CREEK","CA10179","24h",500,253.82,216.98,14.51,"two_method"
"PROSSER CREEK","CA10179","24h",1000,279.3,236.31,15.39,"two_method"
"PROSSER CREEK","CA10179","24h",2000,305.94,256.07,16.3,"two_method"
"PROSSER CREEK","CA10179","24h",5000,343.04,282.87,17.54,"two_method"
"PROSSER CREEK","CA10179","24h",10000,372.59,303.68,18.49,"two_method"
"PROSSER CREEK","CA10179","72h",2,125.5,115.58,7.9,"two_method"
"PROSSER CREEK","CA10179","72h",5,177.55,165.86,6.58,"two_method"
"PROSSER CREEK","CA10179","72h",10,214.58,201.23,6.22,"two_method"
"PROSSER CREEK","CA10179","72h",25,264.52,248.43,6.08,"two_method"
"PROSSER CREEK","CA10179","72h",50,303.98,285.34,6.13,"two_method"
"PROSSER CREEK","CA10179","72h",100,345.3,323.68,6.26,"two_method"
"PROSSER CREEK","CA10179","72h",200,388.73,363.62,6.46,"two_method"
"PROSSER CREEK","CA10179","72h",500,449.68,419.13,6.79,"two_method"
"PROSSER CREEK","CA10179","72h",1000,498.67,463.31,7.09,"two_method"
"PROSSER CREEK","CA10179","72h",2000,550.31,509.48,7.42,"two_method"
"PROSSER CREEK","CA10179","72h",5000,622.91,573.75,7.89,"two_method"
"PROSSER CREEK","CA10179","72h",10000,681.3,624.94,8.27,"two_method"
"PROSSER DIVERSION","WA01378","24h",2,31.45,31.45,0,"identical_fallback"
"PROSSER DIVERSION","WA01378","24h",5,41.15,41.15,0,"identical_fallback"
"PROSSER DIVERSION","WA01378","24h",10,48.38,48.38,0,"identical_fallback"
"PROSSER DIVERSION","WA01378","24h",25,59.08,59.08,0,"identical_fallback"
"PROSSER DIVERSION","WA01378","24h",50,68.47,68.47,0,"identical_fallback"
"PROSSER DIVERSION","WA01378","24h",100,79.32,79.32,0,"identical_fallback"
"PROSSER DIVERSION","WA01378","24h",200,91.91,91.91,0,"identical_fallback"
"PROSSER DIVERSION","WA01378","24h",500,111.78,111.78,0,"identical_fallback"
"PROSSER DIVERSION","WA01378","24h",1000,129.74,129.74,0,"identical_fallback"
"PROSSER DIVERSION","WA01378","24h",2000,150.69,150.69,0,"identical_fallback"
"PROSSER DIVERSION","WA01378","24h",5000,183.87,183.87,0,"identical_fallback"
"PROSSER DIVERSION","WA01378","24h",10000,213.87,213.87,0,"identical_fallback"
"PROSSER DIVERSION","WA01378","72h",2,42.58,42.58,0,"identical_fallback"
"PROSSER DIVERSION","WA01378","72h",5,54.77,54.77,0,"identical_fallback"
"PROSSER DIVERSION","WA01378","72h",10,63.53,63.53,0,"identical_fallback"
"PROSSER DIVERSION","WA01378","72h",25,76.1,76.1,0,"identical_fallback"
"PROSSER DIVERSION","WA01378","72h",50,86.83,86.83,0,"identical_fallback"
"PROSSER DIVERSION","WA01378","72h",100,98.92,98.92,0,"identical_fallback"
"PROSSER DIVERSION","WA01378","72h",200,112.63,112.63,0,"identical_fallback"
"PROSSER DIVERSION","WA01378","72h",500,133.69,133.69,0,"identical_fallback"
"PROSSER DIVERSION","WA01378","72h",1000,152.2,152.2,0,"identical_fallback"
"PROSSER DIVERSION","WA01378","72h",2000,173.3,173.3,0,"identical_fallback"
"PROSSER DIVERSION","WA01378","72h",5000,205.8,205.8,0,"identical_fallback"
"PROSSER DIVERSION","WA01378","72h",10000,234.42,234.42,0,"identical_fallback"
"PUEBLO","CO00299","24h",2,41.27,39.89,3.34,"two_method"
"PUEBLO","CO00299","24h",5,58.11,56.08,3.49,"two_method"
"PUEBLO","CO00299","24h",10,69.76,67.4,3.38,"two_method"
"PUEBLO","CO00299","24h",25,85.07,82.4,3.14,"two_method"
"PUEBLO","CO00299","24h",50,96.88,94.08,2.89,"two_method"
"PUEBLO","CO00299","24h",100,109,106.14,2.62,"two_method"
"PUEBLO","CO00299","24h",200,121.46,118.65,2.31,"two_method"
"PUEBLO","CO00299","24h",500,138.55,135.94,1.88,"two_method"
"PUEBLO","CO00299","24h",1000,151.95,149.62,1.53,"two_method"
"PUEBLO","CO00299","24h",2000,165.79,163.85,1.17,"two_method"
"PUEBLO","CO00299","24h",5000,184.79,183.55,0.67,"two_method"
"PUEBLO","CO00299","24h",10000,199.71,199.16,0.28,"two_method"
"PUEBLO","CO00299","72h",2,48.23,47.51,1.49,"two_method"
"PUEBLO","CO00299","72h",5,67.94,66.64,1.91,"two_method"
"PUEBLO","CO00299","72h",10,81.7,79.86,2.25,"two_method"
"PUEBLO","CO00299","72h",25,99.93,97.22,2.71,"two_method"
"PUEBLO","CO00299","72h",50,114.1,110.58,3.09,"two_method"
"PUEBLO","CO00299","72h",100,128.72,124.27,3.46,"two_method"
"PUEBLO","CO00299","72h",200,143.87,138.34,3.84,"two_method"
"PUEBLO","CO00299","72h",500,164.78,157.6,4.36,"two_method"
"PUEBLO","CO00299","72h",1000,181.31,172.69,4.75,"two_method"
"PUEBLO","CO00299","72h",2000,198.5,188.25,5.16,"two_method"
"PUEBLO","CO00299","72h",5000,222.25,209.58,5.7,"two_method"
"PUEBLO","CO00299","72h",10000,241.05,226.31,6.11,"two_method"
"PUTAH DIV","CA10180","24h",2,104.39,104.39,0,"identical_fallback"
"PUTAH DIV","CA10180","24h",5,140.4,140.4,0,"identical_fallback"
"PUTAH DIV","CA10180","24h",10,165.3,165.3,0,"identical_fallback"
"PUTAH DIV","CA10180","24h",25,198,198,0,"identical_fallback"
"PUTAH DIV","CA10180","24h",50,223.21,223.21,0,"identical_fallback"
"PUTAH DIV","CA10180","24h",100,249.05,249.05,0,"identical_fallback"
"PUTAH DIV","CA10180","24h",200,275.63,275.63,0,"identical_fallback"
"PUTAH DIV","CA10180","24h",500,312.03,312.03,0,"identical_fallback"
"PUTAH DIV","CA10180","24h",1000,340.57,340.57,0,"identical_fallback"
"PUTAH DIV","CA10180","24h",2000,370.03,370.03,0,"identical_fallback"
"PUTAH DIV","CA10180","24h",5000,410.44,410.44,0,"identical_fallback"
"PUTAH DIV","CA10180","24h",10000,442.15,442.15,0,"identical_fallback"
"PUTAH DIV","CA10180","72h",2,164.18,164.18,0,"identical_fallback"
"PUTAH DIV","CA10180","72h",5,230.96,230.96,0,"identical_fallback"
"PUTAH DIV","CA10180","72h",10,277.14,277.14,0,"identical_fallback"
"PUTAH DIV","CA10180","72h",25,337.39,337.39,0,"identical_fallback"
"PUTAH DIV","CA10180","72h",50,383.53,383.53,0,"identical_fallback"
"PUTAH DIV","CA10180","72h",100,430.67,430.67,0,"identical_fallback"
"PUTAH DIV","CA10180","72h",200,479.1,479.1,0,"identical_fallback"
"PUTAH DIV","CA10180","72h",500,545.44,545.44,0,"identical_fallback"
"PUTAH DIV","CA10180","72h",1000,597.58,597.58,0,"identical_fallback"
"PUTAH DIV","CA10180","72h",2000,651.53,651.53,0,"identical_fallback"
"PUTAH DIV","CA10180","72h",5000,725.81,725.81,0,"identical_fallback"
"PUTAH DIV","CA10180","72h",10000,784.36,784.36,0,"identical_fallback"
"RAINBOW DIVERSION","CA10359","24h",2,101.66,101.66,0,"identical_fallback"
"RAINBOW DIVERSION","CA10359","24h",5,134.2,134.2,0,"identical_fallback"
"RAINBOW DIVERSION","CA10359","24h",10,155.87,155.87,0,"identical_fallback"
"RAINBOW DIVERSION","CA10359","24h",25,183.39,183.39,0,"identical_fallback"
"RAINBOW DIVERSION","CA10359","24h",50,203.9,203.9,0,"identical_fallback"
"RAINBOW DIVERSION","CA10359","24h",100,224.34,224.34,0,"identical_fallback"
"RAINBOW DIVERSION","CA10359","24h",200,244.8,244.8,0,"identical_fallback"
"RAINBOW DIVERSION","CA10359","24h",500,271.91,271.91,0,"identical_fallback"
"RAINBOW DIVERSION","CA10359","24h",1000,292.5,292.5,0,"identical_fallback"
"RAINBOW DIVERSION","CA10359","24h",2000,313.17,313.17,0,"identical_fallback"
"RAINBOW DIVERSION","CA10359","24h",5000,340.62,340.62,0,"identical_fallback"
"RAINBOW DIVERSION","CA10359","24h",10000,361.48,361.48,0,"identical_fallback"
"RAINBOW DIVERSION","CA10359","72h",2,169.52,169.52,0,"identical_fallback"
"RAINBOW DIVERSION","CA10359","72h",5,233.6,233.6,0,"identical_fallback"
"RAINBOW DIVERSION","CA10359","72h",10,278.15,278.15,0,"identical_fallback"
"RAINBOW DIVERSION","CA10359","72h",25,337.01,337.01,0,"identical_fallback"
"RAINBOW DIVERSION","CA10359","72h",50,382.59,382.59,0,"identical_fallback"
"RAINBOW DIVERSION","CA10359","72h",100,429.52,429.52,0,"identical_fallback"
"RAINBOW DIVERSION","CA10359","72h",200,478.01,478.01,0,"identical_fallback"
"RAINBOW DIVERSION","CA10359","72h",500,544.73,544.73,0,"identical_fallback"
"RAINBOW DIVERSION","CA10359","72h",1000,597.32,597.32,0,"identical_fallback"
"RAINBOW DIVERSION","CA10359","72h",2000,651.84,651.84,0,"identical_fallback"
"RAINBOW DIVERSION","CA10359","72h",5000,726.97,726.97,0,"identical_fallback"
"RAINBOW DIVERSION","CA10359","72h",10000,786.25,786.25,0,"identical_fallback"
"RATTLESNAKE","CO01663","24h",2,39.56,39.79,0.58,"two_method"
"RATTLESNAKE","CO01663","24h",5,53.32,54.23,1.68,"two_method"
"RATTLESNAKE","CO01663","24h",10,63.77,64.87,1.7,"two_method"
"RATTLESNAKE","CO01663","24h",25,79.44,80.46,1.27,"two_method"
"RATTLESNAKE","CO01663","24h",50,93.4,94.04,0.68,"two_method"
"RATTLESNAKE","CO01663","24h",100,109.69,109.6,0.08,"two_method"
"RATTLESNAKE","CO01663","24h",200,128.82,127.52,1.01,"two_method"
"RATTLESNAKE","CO01663","24h",500,159.42,155.57,2.42,"two_method"
"RATTLESNAKE","CO01663","24h",1000,187.42,180.7,3.59,"two_method"
"RATTLESNAKE","CO01663","24h",2000,220.46,209.82,4.83,"two_method"
"RATTLESNAKE","CO01663","24h",5000,273.45,255.5,6.56,"two_method"
"RATTLESNAKE","CO01663","24h",10000,322.01,296.49,7.93,"two_method"
"RATTLESNAKE","CO01663","72h",2,54.48,52.96,2.79,"two_method"
"RATTLESNAKE","CO01663","72h",5,77.31,73.07,5.48,"two_method"
"RATTLESNAKE","CO01663","72h",10,93.44,87.83,6,"two_method"
"RATTLESNAKE","CO01663","72h",25,114.83,109.36,4.76,"two_method"
"RATTLESNAKE","CO01663","72h",50,131.42,128.04,2.57,"two_method"
"RATTLESNAKE","CO01663","72h",100,148.55,149.38,0.56,"two_method"
"RATTLESNAKE","CO01663","72h",200,166.31,173.9,4.36,"two_method"
"RATTLESNAKE","CO01663","72h",500,190.87,212.14,10.03,"two_method"
"RATTLESNAKE","CO01663","72h",1000,210.35,246.28,14.59,"two_method"
"RATTLESNAKE","CO01663","72h",2000,230.65,285.71,19.27,"two_method"
"RATTLESNAKE","CO01663","72h",5000,258.81,347.37,25.49,"two_method"
"RATTLESNAKE","CO01663","72h",10000,281.18,402.51,30.14,"two_method"
"REACH 11 DETENTION DIKE 4","AZ82914","24h",2,39.13,37.52,4.11,"two_method"
"REACH 11 DETENTION DIKE 4","AZ82914","24h",5,51.79,52.4,1.16,"two_method"
"REACH 11 DETENTION DIKE 4","AZ82914","24h",10,60.84,61.64,1.3,"two_method"
"REACH 11 DETENTION DIKE 4","AZ82914","24h",25,73.75,72.66,1.48,"two_method"
"REACH 11 DETENTION DIKE 4","AZ82914","24h",50,84.72,80.43,5.06,"two_method"
"REACH 11 DETENTION DIKE 4","AZ82914","24h",100,97.04,87.87,9.45,"two_method"
"REACH 11 DETENTION DIKE 4","AZ82914","24h",200,110.94,95.05,14.32,"two_method"
"REACH 11 DETENTION DIKE 4","AZ82914","24h",500,132.2,104.25,21.14,"two_method"
"REACH 11 DETENTION DIKE 4","AZ82914","24h",1000,150.81,111.03,26.38,"two_method"
"REACH 11 DETENTION DIKE 4","AZ82914","24h",2000,171.93,117.69,31.55,"two_method"
"REACH 11 DETENTION DIKE 4","AZ82914","24h",5000,204.32,126.32,38.18,"two_method"
"REACH 11 DETENTION DIKE 4","AZ82914","24h",10000,232.71,132.74,42.96,"two_method"
"REACH 11 DETENTION DIKE 4","AZ82914","72h",2,47.83,56.17,14.85,"two_method"
"REACH 11 DETENTION DIKE 4","AZ82914","72h",5,66.47,82.47,19.4,"two_method"
"REACH 11 DETENTION DIKE 4","AZ82914","72h",10,79.46,101.61,21.8,"two_method"
"REACH 11 DETENTION DIKE 4","AZ82914","72h",25,96.66,127.97,24.47,"two_method"
"REACH 11 DETENTION DIKE 4","AZ82914","72h",50,110.02,149.21,26.26,"two_method"
"REACH 11 DETENTION DIKE 4","AZ82914","72h",100,123.8,171.85,27.96,"two_method"
"REACH 11 DETENTION DIKE 4","AZ82914","72h",200,138.06,196.05,29.58,"two_method"
"REACH 11 DETENTION DIKE 4","AZ82914","72h",500,157.74,230.68,31.62,"two_method"
"REACH 11 DETENTION DIKE 4","AZ82914","72h",1000,173.29,259.07,33.11,"two_method"
"REACH 11 DETENTION DIKE 4","AZ82914","72h",2000,189.43,289.5,34.57,"two_method"
"REACH 11 DETENTION DIKE 4","AZ82914","72h",5000,211.74,333.14,36.44,"two_method"
"REACH 11 DETENTION DIKE 4","AZ82914","72h",10000,229.37,368.93,37.83,"two_method"
"RED BLUFF DIVERSION","CA10181","24h",2,95.75,95.75,0,"identical_fallback"
"RED BLUFF DIVERSION","CA10181","24h",5,125.67,125.67,0,"identical_fallback"
"RED BLUFF DIVERSION","CA10181","24h",10,145.49,145.49,0,"identical_fallback"
"RED BLUFF DIVERSION","CA10181","24h",25,170.55,170.55,0,"identical_fallback"
"RED BLUFF DIVERSION","CA10181","24h",50,189.15,189.15,0,"identical_fallback"
"RED BLUFF DIVERSION","CA10181","24h",100,207.62,207.62,0,"identical_fallback"
"RED BLUFF DIVERSION","CA10181","24h",200,226.03,226.03,0,"identical_fallback"
"RED BLUFF DIVERSION","CA10181","24h",500,250.33,250.33,0,"identical_fallback"
"RED BLUFF DIVERSION","CA10181","24h",1000,268.7,268.7,0,"identical_fallback"
"RED BLUFF DIVERSION","CA10181","24h",2000,287.08,287.08,0,"identical_fallback"
"RED BLUFF DIVERSION","CA10181","24h",5000,311.37,311.37,0,"identical_fallback"
"RED BLUFF DIVERSION","CA10181","24h",10000,329.76,329.76,0,"identical_fallback"
"RED BLUFF DIVERSION","CA10181","72h",2,153.57,153.57,0,"identical_fallback"
"RED BLUFF DIVERSION","CA10181","72h",5,208.97,208.97,0,"identical_fallback"
"RED BLUFF DIVERSION","CA10181","72h",10,246.13,246.13,0,"identical_fallback"
"RED BLUFF DIVERSION","CA10181","72h",25,293.64,293.64,0,"identical_fallback"
"RED BLUFF DIVERSION","CA10181","72h",50,329.3,329.3,0,"identical_fallback"
"RED BLUFF DIVERSION","CA10181","72h",100,365.04,365.04,0,"identical_fallback"
"RED BLUFF DIVERSION","CA10181","72h",200,400.99,400.99,0,"identical_fallback"
"RED BLUFF DIVERSION","CA10181","72h",500,448.96,448.96,0,"identical_fallback"
"RED BLUFF DIVERSION","CA10181","72h",1000,485.63,485.63,0,"identical_fallback"
"RED BLUFF DIVERSION","CA10181","72h",2000,522.64,522.64,0,"identical_fallback"
"RED BLUFF DIVERSION","CA10181","72h",5000,572.1,572.1,0,"identical_fallback"
"RED BLUFF DIVERSION","CA10181","72h",10000,609.94,609.94,0,"identical_fallback"
"RED FLEET","UT82901","24h",2,24.42,24.41,0.04,"two_method"
"RED FLEET","UT82901","24h",5,32.24,32.51,0.83,"two_method"
"RED FLEET","UT82901","24h",10,37.96,38.57,1.58,"two_method"
"RED FLEET","UT82901","24h",25,46.28,47.57,2.71,"two_method"
"RED FLEET","UT82901","24h",50,53.49,55.5,3.62,"two_method"
"RED FLEET","UT82901","24h",100,61.7,64.68,4.61,"two_method"
"RED FLEET","UT82901","24h",200,71.11,75.36,5.64,"two_method"
"RED FLEET","UT82901","24h",500,85.75,92.29,7.09,"two_method"
"RED FLEET","UT82901","24h",1000,98.79,107.62,8.2,"two_method"
"RED FLEET","UT82901","24h",2000,113.82,125.57,9.36,"two_method"
"RED FLEET","UT82901","24h",5000,137.26,154.07,10.91,"two_method"
"RED FLEET","UT82901","24h",10000,158.17,179.94,12.1,"two_method"
"RED FLEET","UT82901","72h",2,30.5,30.5,0,"two_method"
"RED FLEET","UT82901","72h",5,41.39,41.41,0.05,"two_method"
"RED FLEET","UT82901","72h",10,48.82,48.94,0.25,"two_method"
"RED FLEET","UT82901","72h",25,58.47,58.85,0.65,"two_method"
"RED FLEET","UT82901","72h",50,65.83,66.48,0.98,"two_method"
"RED FLEET","UT82901","72h",100,73.31,74.29,1.32,"two_method"
"RED FLEET","UT82901","72h",200,80.93,82.34,1.71,"two_method"
"RED FLEET","UT82901","72h",500,91.26,93.34,2.23,"two_method"
"RED FLEET","UT82901","72h",1000,99.27,101.98,2.66,"two_method"
"RED FLEET","UT82901","72h",2000,107.46,110.88,3.08,"two_method"
"RED FLEET","UT82901","72h",5000,118.58,123.09,3.66,"two_method"
"RED FLEET","UT82901","72h",10000,127.22,132.68,4.12,"two_method"
"RED WILLOW","NE01076","24h",2,58.52,58.52,0,"two_method"
"RED WILLOW","NE01076","24h",5,80.13,80.39,0.32,"two_method"
"RED WILLOW","NE01076","24h",10,95.13,95.74,0.64,"two_method"
"RED WILLOW","NE01076","24h",25,114.91,116.18,1.09,"two_method"
"RED WILLOW","NE01076","24h",50,130.21,132.14,1.46,"two_method"
"RED WILLOW","NE01076","24h",100,145.95,148.68,1.84,"two_method"
"RED WILLOW","NE01076","24h",200,162.18,165.89,2.24,"two_method"
"RED WILLOW","NE01076","24h",500,184.48,189.75,2.78,"two_method"
"RED WILLOW","NE01076","24h",1000,202.04,208.71,3.2,"two_method"
"RED WILLOW","NE01076","24h",2000,220.21,228.49,3.62,"two_method"
"RED WILLOW","NE01076","24h",5000,245.23,255.97,4.2,"two_method"
"RED WILLOW","NE01076","24h",10000,264.93,277.82,4.64,"two_method"
"RED WILLOW","NE01076","72h",2,69.85,69.44,0.59,"two_method"
"RED WILLOW","NE01076","72h",5,94.08,93.4,0.72,"two_method"
"RED WILLOW","NE01076","72h",10,110.07,109.23,0.76,"two_method"
"RED WILLOW","NE01076","72h",25,130.2,129.19,0.78,"two_method"
"RED WILLOW","NE01076","72h",50,145.09,143.97,0.77,"two_method"
"RED WILLOW","NE01076","72h",100,159.83,158.62,0.76,"two_method"
"RED WILLOW","NE01076","72h",200,174.48,173.19,0.74,"two_method"
"RED WILLOW","NE01076","72h",500,193.74,192.38,0.7,"two_method"
"RED WILLOW","NE01076","72h",1000,208.26,206.86,0.67,"two_method"
"RED WILLOW","NE01076","72h",2000,222.73,221.31,0.64,"two_method"
"RED WILLOW","NE01076","72h",5000,241.79,240.37,0.59,"two_method"
"RED WILLOW","NE01076","72h",10000,256.17,254.76,0.55,"two_method"
"RESERVOIR A","ID00261","24h",2,30.54,40.29,24.2,"two_method"
"RESERVOIR A","ID00261","24h",5,38.35,52.17,26.49,"two_method"
"RESERVOIR A","ID00261","24h",10,43.98,61.02,27.93,"two_method"
"RESERVOIR A","ID00261","24h",25,52.06,74.11,29.75,"two_method"
"RESERVOIR A","ID00261","24h",50,58.97,85.6,31.11,"two_method"
"RESERVOIR A","ID00261","24h",100,66.77,98.86,32.46,"two_method"
"RESERVOIR A","ID00261","24h",200,75.61,114.26,33.83,"two_method"
"RESERVOIR A","ID00261","24h",500,89.2,138.56,35.62,"two_method"
"RESERVOIR A","ID00261","24h",1000,101.17,160.5,36.97,"two_method"
"RESERVOIR A","ID00261","24h",2000,114.82,186.11,38.31,"two_method"
"RESERVOIR A","ID00261","24h",5000,135.86,226.63,40.05,"two_method"
"RESERVOIR A","ID00261","24h",10000,154.41,263.28,41.35,"two_method"
"RESERVOIR A","ID00261","72h",2,38.76,57.63,32.74,"two_method"
"RESERVOIR A","ID00261","72h",5,48.31,76.25,36.64,"two_method"
"RESERVOIR A","ID00261","72h",10,55,90.31,39.1,"two_method"
"RESERVOIR A","ID00261","72h",25,64.39,111.32,42.16,"two_method"
"RESERVOIR A","ID00261","72h",50,72.25,129.97,44.41,"two_method"
"RESERVOIR A","ID00261","72h",100,80.97,151.68,46.62,"two_method"
"RESERVOIR A","ID00261","72h",200,90.68,177.1,48.8,"two_method"
"RESERVOIR A","ID00261","72h",500,105.32,217.61,51.6,"two_method"
"RESERVOIR A","ID00261","72h",1000,117.95,254.57,53.67,"two_method"
"RESERVOIR A","ID00261","72h",2000,132.1,298.05,55.68,"two_method"
"RESERVOIR A","ID00261","72h",5000,153.49,367.56,58.24,"two_method"
"RESERVOIR A","ID00261","72h",10000,171.98,431.04,60.1,"two_method"
"RIDGWAY","CO02706","24h",2,31.68,35.45,10.63,"two_method"
"RIDGWAY","CO02706","24h",5,41.59,47.15,11.79,"two_method"
"RIDGWAY","CO02706","24h",10,48.27,55.16,12.49,"two_method"
"RIDGWAY","CO02706","24h",25,56.84,65.6,13.35,"two_method"
"RIDGWAY","CO02706","24h",50,63.31,73.58,13.96,"two_method"
"RIDGWAY","CO02706","24h",100,69.81,81.7,14.55,"two_method"
"RIDGWAY","CO02706","24h",200,76.37,89.99,15.14,"two_method"
"RIDGWAY","CO02706","24h",500,85.17,101.26,15.89,"two_method"
"RIDGWAY","CO02706","24h",1000,91.91,110.03,16.47,"two_method"
"RIDGWAY","CO02706","24h",2000,98.75,119.01,17.02,"two_method"
"RIDGWAY","CO02706","24h",5000,107.93,131.24,17.76,"two_method"
"RIDGWAY","CO02706","24h",10000,114.97,140.76,18.32,"two_method"
"RIDGWAY","CO02706","72h",2,42.45,46.78,9.26,"two_method"
"RIDGWAY","CO02706","72h",5,54.31,61.89,12.25,"two_method"
"RIDGWAY","CO02706","72h",10,62.68,72.13,13.1,"two_method"
"RIDGWAY","CO02706","72h",25,74.49,85.34,12.71,"two_method"
"RIDGWAY","CO02706","72h",50,84.43,95.33,11.43,"two_method"
"RIDGWAY","CO02706","72h",100,95.49,105.43,9.43,"two_method"
"RIDGWAY","CO02706","72h",200,107.88,115.65,6.72,"two_method"
"RIDGWAY","CO02706","72h",500,126.63,129.42,2.16,"two_method"
"RIDGWAY","CO02706","72h",1000,142.88,140.02,2,"two_method"
"RIDGWAY","CO02706","72h",2000,161.18,150.8,6.44,"two_method"
"RIDGWAY","CO02706","72h",5000,188.97,165.34,12.5,"two_method"
"RIDGWAY","CO02706","72h",10000,213.09,176.55,17.15,"two_method"
"RIRIE","ID00344","24h",2,26.14,27.21,3.93,"two_method"
"RIRIE","ID00344","24h",5,34.07,36.12,5.68,"two_method"
"RIRIE","ID00344","24h",10,39.46,42.08,6.23,"two_method"
"RIRIE","ID00344","24h",25,46.44,49.68,6.52,"two_method"
"RIRIE","ID00344","24h",50,51.74,55.38,6.57,"two_method"
"RIRIE","ID00344","24h",100,57.1,61.08,6.52,"two_method"
"RIRIE","ID00344","24h",200,62.56,66.8,6.35,"two_method"
"RIRIE","ID00344","24h",500,69.92,74.42,6.05,"two_method"
"RIRIE","ID00344","24h",1000,75.61,80.24,5.77,"two_method"
"RIRIE","ID00344","24h",2000,81.42,86.1,5.44,"two_method"
"RIRIE","ID00344","24h",5000,89.27,93.91,4.94,"two_method"
"RIRIE","ID00344","24h",10000,95.34,99.88,4.55,"two_method"
"RIRIE","ID00344","72h",2,34.48,36.14,4.59,"two_method"
"RIRIE","ID00344","72h",5,44.43,47.85,7.15,"two_method"
"RIRIE","ID00344","72h",10,51.04,55.37,7.82,"two_method"
"RIRIE","ID00344","72h",25,59.42,64.65,8.09,"two_method"
"RIRIE","ID00344","72h",50,65.66,71.44,8.09,"two_method"
"RIRIE","ID00344","72h",100,71.87,78.14,8.02,"two_method"
"RIRIE","ID00344","72h",200,78.08,84.82,7.95,"two_method"
"RIRIE","ID00344","72h",500,86.29,93.67,7.88,"two_method"
"RIRIE","ID00344","72h",1000,92.52,100.41,7.86,"two_method"
"RIRIE","ID00344","72h",2000,98.76,107.22,7.89,"two_method"
"RIRIE","ID00344","72h",5000,107.04,116.34,7.99,"two_method"
"RIRIE","ID00344","72h",10000,113.32,123.35,8.13,"two_method"
"ROZA DIVERSION DAM","WA00275","24h",2,70.71,67.05,5.18,"two_method"
"ROZA DIVERSION DAM","WA00275","24h",5,95.07,91.18,4.09,"two_method"
"ROZA DIVERSION DAM","WA00275","24h",10,112.18,107.68,4.01,"two_method"
"ROZA DIVERSION DAM","WA00275","24h",25,135.01,128.44,4.87,"two_method"
"ROZA DIVERSION DAM","WA00275","24h",50,152.85,143.64,6.03,"two_method"
"ROZA DIVERSION DAM","WA00275","24h",100,171.36,158.55,7.48,"two_method"
"ROZA DIVERSION DAM","WA00275","24h",200,190.64,173.24,9.13,"two_method"
"ROZA DIVERSION DAM","WA00275","24h",500,217.41,192.4,11.5,"two_method"
"ROZA DIVERSION DAM","WA00275","24h",1000,238.7,206.73,13.39,"two_method"
"ROZA DIVERSION DAM","WA00275","24h",2000,260.94,220.96,15.32,"two_method"
"ROZA DIVERSION DAM","WA00275","24h",5000,291.87,239.63,17.9,"two_method"
"ROZA DIVERSION DAM","WA00275","24h",10000,316.5,253.66,19.85,"two_method"
"ROZA DIVERSION DAM","WA00275","72h",2,117.27,76.59,34.69,"two_method"
"ROZA DIVERSION DAM","WA00275","72h",5,151.88,102.63,32.43,"two_method"
"ROZA DIVERSION DAM","WA00275","72h",10,176.68,118.83,32.74,"two_method"
"ROZA DIVERSION DAM","WA00275","72h",25,212.14,138.16,34.87,"two_method"
"ROZA DIVERSION DAM","WA00275","72h",50,242.33,151.81,37.35,"two_method"
"ROZA DIVERSION DAM","WA00275","72h",100,276.28,164.89,40.32,"two_method"
"ROZA DIVERSION DAM","WA00275","72h",200,314.68,177.52,43.59,"two_method"
"ROZA DIVERSION DAM","WA00275","72h",500,373.49,193.71,48.14,"two_method"
"ROZA DIVERSION DAM","WA00275","72h",1000,425.08,205.64,51.62,"two_method"
"ROZA DIVERSION DAM","WA00275","72h",2000,483.73,217.35,55.07,"two_method"
"ROZA DIVERSION DAM","WA00275","72h",5000,573.83,232.54,59.48,"two_method"
"ROZA DIVERSION DAM","WA00275","72h",10000,652.96,243.85,62.65,"two_method"
"RUEDI","CO01664","24h",2,29.01,30.97,6.33,"two_method"
"RUEDI","CO01664","24h",5,37.58,40.93,8.18,"two_method"
"RUEDI","CO01664","24h",10,43.76,48.06,8.95,"two_method"
"RUEDI","CO01664","24h",25,52.65,57.73,8.8,"two_method"
"RUEDI","CO01664","24h",50,60.25,65.4,7.87,"two_method"
"RUEDI","CO01664","24h",100,68.84,73.48,6.31,"two_method"
"RUEDI","CO01664","24h",200,78.6,82,4.15,"two_method"
"RUEDI","CO01664","24h",500,93.62,94.01,0.41,"two_method"
"RUEDI","CO01664","24h",1000,106.86,103.72,2.94,"two_method"
"RUEDI","CO01664","24h",2000,121.98,113.99,6.55,"two_method"
"RUEDI","CO01664","24h",5000,145.31,128.51,11.56,"two_method"
"RUEDI","CO01664","24h",10000,165.91,140.24,15.47,"two_method"
"RUEDI","CO01664","72h",2,37.72,42.34,10.91,"two_method"
"RUEDI","CO01664","72h",5,48.49,54.46,10.96,"two_method"
"RUEDI","CO01664","72h",10,56.29,63.45,11.28,"two_method"
"RUEDI","CO01664","72h",25,67.55,76.67,11.9,"two_method"
"RUEDI","CO01664","72h",50,77.22,88.23,12.48,"two_method"
"RUEDI","CO01664","72h",100,88.18,101.52,13.14,"two_method"
"RUEDI","CO01664","72h",200,100.66,116.89,13.88,"two_method"
"RUEDI","CO01664","72h",500,119.94,141.05,14.97,"two_method"
"RUEDI","CO01664","72h",1000,136.98,162.77,15.84,"two_method"
"RUEDI","CO01664","72h",2000,156.51,188.02,16.76,"two_method"
"RUEDI","CO01664","72h",5000,186.75,227.81,18.02,"two_method"
"RUEDI","CO01664","72h",10000,213.53,263.64,19.01,"two_method"
"RYE PATCH","NV10124","24h",2,22.41,20.8,7.18,"two_method"
"RYE PATCH","NV10124","24h",5,30.9,29.09,5.86,"two_method"
"RYE PATCH","NV10124","24h",10,36.71,34.88,4.99,"two_method"
"RYE PATCH","NV10124","24h",25,44.29,42.56,3.91,"two_method"
"RYE PATCH","NV10124","24h",50,50.08,48.54,3.08,"two_method"
"RYE PATCH","NV10124","24h",100,55.98,54.7,2.29,"two_method"
"RYE PATCH","NV10124","24h",200,62,61.1,1.45,"two_method"
"RYE PATCH","NV10124","24h",500,70.19,69.93,0.37,"two_method"
"RYE PATCH","NV10124","24h",1000,76.56,76.91,0.46,"two_method"
"RYE PATCH","NV10124","24h",2000,83.09,84.17,1.28,"two_method"
"RYE PATCH","NV10124","24h",5000,91.98,94.22,2.38,"two_method"
"RYE PATCH","NV10124","24h",10000,98.91,102.18,3.2,"two_method"
"RYE PATCH","NV10124","72h",2,28.17,24.9,11.61,"two_method"
"RYE PATCH","NV10124","72h",5,38.89,34.83,10.44,"two_method"
"RYE PATCH","NV10124","72h",10,46.03,41.45,9.95,"two_method"
"RYE PATCH","NV10124","72h",25,55.1,49.84,9.55,"two_method"
"RYE PATCH","NV10124","72h",50,61.87,56.1,9.33,"two_method"
"RYE PATCH","NV10124","72h",100,68.62,62.34,9.15,"two_method"
"RYE PATCH","NV10124","72h",200,75.37,68.58,9.01,"two_method"
"RYE PATCH","NV10124","72h",500,84.32,76.85,8.86,"two_method"
"RYE PATCH","NV10124","72h",1000,91.13,83.12,8.79,"two_method"
"RYE PATCH","NV10124","72h",2000,97.96,89.43,8.71,"two_method"
"RYE PATCH","NV10124","72h",5000,107.03,97.79,8.63,"two_method"
"RYE PATCH","NV10124","72h",10000,113.93,104.15,8.58,"two_method"
"SAINT MARYS DIVERSION DAM","MT82932","24h",2,49.69,48.88,1.63,"two_method"
"SAINT MARYS DIVERSION DAM","MT82932","24h",5,66.31,68.06,2.57,"two_method"
"SAINT MARYS DIVERSION DAM","MT82932","24h",10,78.37,81.6,3.96,"two_method"
"SAINT MARYS DIVERSION DAM","MT82932","24h",25,95.81,99.73,3.93,"two_method"
"SAINT MARYS DIVERSION DAM","MT82932","24h",50,110.82,113.97,2.76,"two_method"
"SAINT MARYS DIVERSION DAM","MT82932","24h",100,127.84,128.79,0.74,"two_method"
"SAINT MARYS DIVERSION DAM","MT82932","24h",200,147.25,144.29,2.01,"two_method"
"SAINT MARYS DIVERSION DAM","MT82932","24h",500,177.28,165.89,6.42,"two_method"
"SAINT MARYS DIVERSION DAM","MT82932","24h",1000,203.87,183.14,10.17,"two_method"
"SAINT MARYS DIVERSION DAM","MT82932","24h",2000,234.37,201.22,14.14,"two_method"
"SAINT MARYS DIVERSION DAM","MT82932","24h",5000,281.68,226.48,19.6,"two_method"
"SAINT MARYS DIVERSION DAM","MT82932","24h",10000,323.64,246.66,23.79,"two_method"
"SAINT MARYS DIVERSION DAM","MT82932","72h",2,69.23,66.23,4.33,"two_method"
"SAINT MARYS DIVERSION DAM","MT82932","72h",5,96.34,94.15,2.27,"two_method"
"SAINT MARYS DIVERSION DAM","MT82932","72h",10,115.17,113.31,1.62,"two_method"
"SAINT MARYS DIVERSION DAM","MT82932","72h",25,140.02,138.19,1.31,"two_method"
"SAINT MARYS DIVERSION DAM","MT82932","72h",50,159.25,157.15,1.32,"two_method"
"SAINT MARYS DIVERSION DAM","MT82932","72h",100,179.04,176.46,1.44,"two_method"
"SAINT MARYS DIVERSION DAM","MT82932","72h",200,199.46,196.24,1.61,"two_method"
"SAINT MARYS DIVERSION DAM","MT82932","72h",500,227.55,223.25,1.89,"two_method"
"SAINT MARYS DIVERSION DAM","MT82932","72h",1000,249.67,244.41,2.11,"two_method"
"SAINT MARYS DIVERSION DAM","MT82932","72h",2000,272.58,266.26,2.32,"two_method"
"SAINT MARYS DIVERSION DAM","MT82932","72h",5000,304.13,296.25,2.59,"two_method"
"SAINT MARYS DIVERSION DAM","MT82932","72h",10000,329,319.84,2.78,"two_method"
"SALMON LAKE","WA00291","24h",2,42.47,27.81,34.52,"two_method"
"SALMON LAKE","WA00291","24h",5,56.58,37.13,34.38,"two_method"
"SALMON LAKE","WA00291","24h",10,66.29,43.87,33.82,"two_method"
"SALMON LAKE","WA00291","24h",25,78.99,53.09,32.79,"two_method"
"SALMON LAKE","WA00291","24h",50,88.73,60.48,31.84,"two_method"
"SALMON LAKE","WA00291","24h",100,98.69,68.31,30.78,"two_method"
"SALMON LAKE","WA00291","24h",200,108.89,76.64,29.62,"two_method"
"SALMON LAKE","WA00291","24h",500,122.81,88.49,27.95,"two_method"
"SALMON LAKE","WA00291","24h",1000,133.68,98.15,26.58,"two_method"
"SALMON LAKE","WA00291","24h",2000,144.85,108.46,25.12,"two_method"
"SALMON LAKE","WA00291","24h",5000,160.12,123.14,23.1,"two_method"
"SALMON LAKE","WA00291","24h",10000,172.05,135.12,21.46,"two_method"
"SALMON LAKE","WA00291","72h",2,59.22,37.15,37.27,"two_method"
"SALMON LAKE","WA00291","72h",5,78.43,47.82,39.03,"two_method"
"SALMON LAKE","WA00291","72h",10,91.48,55.72,39.09,"two_method"
"SALMON LAKE","WA00291","72h",25,108.36,67.35,37.85,"two_method"
"SALMON LAKE","WA00291","72h",50,121.18,77.51,36.04,"two_method"
"SALMON LAKE","WA00291","72h",100,134.15,89.2,33.51,"two_method"
"SALMON LAKE","WA00291","72h",200,147.32,102.72,30.27,"two_method"
"SALMON LAKE","WA00291","72h",500,165.08,123.96,24.91,"two_method"
"SALMON LAKE","WA00291","72h",1000,178.81,143.06,19.99,"two_method"
"SALMON LAKE","WA00291","72h",2000,192.8,165.26,14.28,"two_method"
"SALMON LAKE","WA00291","72h",5000,211.71,200.25,5.41,"two_method"
"SALMON LAKE","WA00291","72h",10000,226.33,231.76,2.34,"two_method"
"SAN JACINTO","CA10182","24h",2,53.28,53.28,0,"identical_fallback"
"SAN JACINTO","CA10182","24h",5,78.25,78.25,0,"identical_fallback"
"SAN JACINTO","CA10182","24h",10,96.16,96.16,0,"identical_fallback"
"SAN JACINTO","CA10182","24h",25,120.52,120.52,0,"identical_fallback"
"SAN JACINTO","CA10182","24h",50,139.91,139.91,0,"identical_fallback"
"SAN JACINTO","CA10182","24h",100,160.36,160.36,0,"identical_fallback"
"SAN JACINTO","CA10182","24h",200,181.99,181.99,0,"identical_fallback"
"SAN JACINTO","CA10182","24h",500,212.58,212.58,0,"identical_fallback"
"SAN JACINTO","CA10182","24h",1000,237.35,237.35,0,"identical_fallback"
"SAN JACINTO","CA10182","24h",2000,263.64,263.64,0,"identical_fallback"
"SAN JACINTO","CA10182","24h",5000,300.88,300.88,0,"identical_fallback"
"SAN JACINTO","CA10182","24h",10000,331.05,331.05,0,"identical_fallback"
"SAN JACINTO","CA10182","72h",2,68.25,68.25,0,"identical_fallback"
"SAN JACINTO","CA10182","72h",5,106.74,106.74,0,"identical_fallback"
"SAN JACINTO","CA10182","72h",10,134.75,134.75,0,"identical_fallback"
"SAN JACINTO","CA10182","72h",25,172.7,172.7,0,"identical_fallback"
"SAN JACINTO","CA10182","72h",50,202.69,202.69,0,"identical_fallback"
"SAN JACINTO","CA10182","72h",100,234.07,234.07,0,"identical_fallback"
"SAN JACINTO","CA10182","72h",200,267,267,0,"identical_fallback"
"SAN JACINTO","CA10182","72h",500,313.16,313.16,0,"identical_fallback"
"SAN JACINTO","CA10182","72h",1000,350.2,350.2,0,"identical_fallback"
"SAN JACINTO","CA10182","72h",2000,389.19,389.19,0,"identical_fallback"
"SAN JACINTO","CA10182","72h",5000,443.89,443.89,0,"identical_fallback"
"SAN JACINTO","CA10182","72h",10000,487.77,487.77,0,"identical_fallback"
"SAN JUSTO","CA10323","24h",2,83.57,83.57,0,"identical_fallback"
"SAN JUSTO","CA10323","24h",5,110.44,110.44,0,"identical_fallback"
"SAN JUSTO","CA10323","24h",10,129.57,129.57,0,"identical_fallback"
"SAN JUSTO","CA10323","24h",25,156.77,156.77,0,"identical_fallback"
"SAN JUSTO","CA10323","24h",50,179.82,179.82,0,"identical_fallback"
"SAN JUSTO","CA10323","24h",100,205.63,205.63,0,"identical_fallback"
"SAN JUSTO","CA10323","24h",200,234.69,234.69,0,"identical_fallback"
"SAN JUSTO","CA10323","24h",500,278.99,278.99,0,"identical_fallback"
"SAN JUSTO","CA10323","24h",1000,317.66,317.66,0,"identical_fallback"
"SAN JUSTO","CA10323","24h",2000,361.45,361.45,0,"identical_fallback"
"SAN JUSTO","CA10323","24h",5000,428.39,428.39,0,"identical_fallback"
"SAN JUSTO","CA10323","24h",10000,486.89,486.89,0,"identical_fallback"
"SAN JUSTO","CA10323","72h",2,126.03,126.03,0,"identical_fallback"
"SAN JUSTO","CA10323","72h",5,170.63,170.63,0,"identical_fallback"
"SAN JUSTO","CA10323","72h",10,202.53,202.53,0,"identical_fallback"
"SAN JUSTO","CA10323","72h",25,248.08,248.08,0,"identical_fallback"
"SAN JUSTO","CA10323","72h",50,286.81,286.81,0,"identical_fallback"
"SAN JUSTO","CA10323","72h",100,330.31,330.31,0,"identical_fallback"
"SAN JUSTO","CA10323","72h",200,379.45,379.45,0,"identical_fallback"
"SAN JUSTO","CA10323","72h",500,454.61,454.61,0,"identical_fallback"
"SAN JUSTO","CA10323","72h",1000,520.45,520.45,0,"identical_fallback"
"SAN JUSTO","CA10323","72h",2000,595.23,595.23,0,"identical_fallback"
"SAN JUSTO","CA10323","72h",5000,709.94,709.94,0,"identical_fallback"
"SAN JUSTO","CA10323","72h",10000,810.55,810.55,0,"identical_fallback"
"SAND MESA NO. 1","WY00916","24h",2,28.96,31.61,8.38,"two_method"
"SAND MESA NO. 1","WY00916","24h",5,40.3,44.53,9.5,"two_method"
"SAND MESA NO. 1","WY00916","24h",10,47.86,53.31,10.22,"two_method"
"SAND MESA NO. 1","WY00916","24h",25,57.48,64.65,11.09,"two_method"
"SAND MESA NO. 1","WY00916","24h",50,64.67,73.26,11.73,"two_method"
"SAND MESA NO. 1","WY00916","24h",100,71.84,81.97,12.36,"two_method"
"SAND MESA NO. 1","WY00916","24h",200,79.02,90.82,12.99,"two_method"
"SAND MESA NO. 1","WY00916","24h",500,88.55,102.74,13.81,"two_method"
"SAND MESA NO. 1","WY00916","24h",1000,95.8,111.95,14.43,"two_method"
"SAND MESA NO. 1","WY00916","24h",2000,103.09,121.34,15.04,"two_method"
"SAND MESA NO. 1","WY00916","24h",5000,112.79,134.01,15.83,"two_method"
"SAND MESA NO. 1","WY00916","24h",10000,120.17,143.81,16.44,"two_method"
"SAND MESA NO. 1","WY00916","72h",2,35.05,38.8,9.66,"two_method"
"SAND MESA NO. 1","WY00916","72h",5,49.21,55.14,10.75,"two_method"
"SAND MESA NO. 1","WY00916","72h",10,58.42,65.86,11.3,"two_method"
"SAND MESA NO. 1","WY00916","72h",25,69.88,79.31,11.89,"two_method"
"SAND MESA NO. 1","WY00916","72h",50,78.24,89.28,12.37,"two_method"
"SAND MESA NO. 1","WY00916","72h",100,86.44,99.22,12.88,"two_method"
"SAND MESA NO. 1","WY00916","72h",200,94.5,109.21,13.47,"two_method"
"SAND MESA NO. 1","WY00916","72h",500,104.97,122.57,14.36,"two_method"
"SAND MESA NO. 1","WY00916","72h",1000,112.76,132.85,15.12,"two_method"
"SAND MESA NO. 1","WY00916","72h",2000,120.46,143.3,15.94,"two_method"
"SAND MESA NO. 1","WY00916","72h",5000,130.47,157.42,17.12,"two_method"
"SAND MESA NO. 1","WY00916","72h",10000,137.93,168.35,18.07,"two_method"
"SAND MESA NO. 2","WY01498","24h",2,28.48,31.48,9.53,"two_method"
"SAND MESA NO. 2","WY01498","24h",5,39.57,44.34,10.76,"two_method"
"SAND MESA NO. 2","WY01498","24h",10,46.94,53.08,11.57,"two_method"
"SAND MESA NO. 2","WY01498","24h",25,56.29,64.38,12.57,"two_method"
"SAND MESA NO. 2","WY01498","24h",50,63.25,72.95,13.3,"two_method"
"SAND MESA NO. 2","WY01498","24h",100,70.18,81.62,14.02,"two_method"
"SAND MESA NO. 2","WY01498","24h",200,77.1,90.43,14.74,"two_method"
"SAND MESA NO. 2","WY01498","24h",500,86.27,102.3,15.67,"two_method"
"SAND MESA NO. 2","WY01498","24h",1000,93.23,111.48,16.37,"two_method"
"SAND MESA NO. 2","WY01498","24h",2000,100.2,120.82,17.07,"two_method"
"SAND MESA NO. 2","WY01498","24h",5000,109.45,133.44,17.98,"two_method"
"SAND MESA NO. 2","WY01498","24h",10000,116.47,143.2,18.67,"two_method"
"SAND MESA NO. 2","WY01498","72h",2,34.12,38.54,11.47,"two_method"
"SAND MESA NO. 2","WY01498","72h",5,48.04,54.77,12.29,"two_method"
"SAND MESA NO. 2","WY01498","72h",10,57.1,65.41,12.7,"two_method"
"SAND MESA NO. 2","WY01498","72h",25,68.37,78.77,13.2,"two_method"
"SAND MESA NO. 2","WY01498","72h",50,76.6,88.67,13.61,"two_method"
"SAND MESA NO. 2","WY01498","72h",100,84.68,98.54,14.07,"two_method"
"SAND MESA NO. 2","WY01498","72h",200,92.62,108.47,14.61,"two_method"
"SAND MESA NO. 2","WY01498","72h",500,102.95,121.74,15.43,"two_method"
"SAND MESA NO. 2","WY01498","72h",1000,110.64,131.95,16.15,"two_method"
"SAND MESA NO. 2","WY01498","72h",2000,118.23,142.33,16.93,"two_method"
"SAND MESA NO. 2","WY01498","72h",5000,128.12,156.35,18.06,"two_method"
"SAND MESA NO. 2","WY01498","72h",10000,135.49,167.2,18.97,"two_method"
"SANFORD","TX00023","24h",2,61.08,60.92,0.26,"two_method"
"SANFORD","TX00023","24h",5,84.02,81.76,2.69,"two_method"
"SANFORD","TX00023","24h",10,99.86,97.14,2.72,"two_method"
"SANFORD","TX00023","24h",25,120.64,119.66,0.81,"two_method"
"SANFORD","TX00023","24h",50,136.63,139.28,1.9,"two_method"
"SANFORD","TX00023","24h",100,153.01,161.77,5.42,"two_method"
"SANFORD","TX00023","24h",200,169.83,187.69,9.52,"two_method"
"SANFORD","TX00023","24h",500,192.84,228.27,15.52,"two_method"
"SANFORD","TX00023","24h",1000,210.87,264.64,20.32,"two_method"
"SANFORD","TX00023","24h",2000,229.45,306.79,25.21,"two_method"
"SANFORD","TX00023","24h",5000,254.9,372.95,31.65,"two_method"
"SANFORD","TX00023","24h",10000,274.85,432.33,36.43,"two_method"
"SANFORD","TX00023","72h",2,74.98,74.93,0.07,"two_method"
"SANFORD","TX00023","72h",5,102.66,102.18,0.47,"two_method"
"SANFORD","TX00023","72h",10,121.2,120.86,0.28,"two_method"
"SANFORD","TX00023","72h",25,144.86,145.19,0.23,"two_method"
"SANFORD","TX00023","72h",50,162.59,163.8,0.74,"two_method"
"SANFORD","TX00023","72h",100,180.33,182.74,1.32,"two_method"
"SANFORD","TX00023","72h",200,198.16,202.1,1.95,"two_method"
"SANFORD","TX00023","72h",500,221.9,228.41,2.85,"two_method"
"SANFORD","TX00023","72h",1000,240.02,248.88,3.56,"two_method"
"SANFORD","TX00023","72h",2000,258.28,269.87,4.29,"two_method"
"SANFORD","TX00023","72h",5000,282.65,298.43,5.29,"two_method"
"SANFORD","TX00023","72h",10000,301.27,320.68,6.05,"two_method"
"SCOFIELD","UT10133","24h",2,36.9,45.8,19.43,"two_method"
"SCOFIELD","UT10133","24h",5,48.22,59.1,18.41,"two_method"
"SCOFIELD","UT10133","24h",10,56.54,68.72,17.72,"two_method"
"SCOFIELD","UT10133","24h",25,68.68,82.56,16.81,"two_method"
"SCOFIELD","UT10133","24h",50,79.22,94.44,16.12,"two_method"
"SCOFIELD","UT10133","24h",100,91.27,107.86,15.38,"two_method"
"SCOFIELD","UT10133","24h",200,105.12,123.13,14.63,"two_method"
"SCOFIELD","UT10133","24h",500,126.74,146.67,13.59,"two_method"
"SCOFIELD","UT10133","24h",1000,146.06,167.46,12.78,"two_method"
"SCOFIELD","UT10133","24h",2000,168.38,191.22,11.94,"two_method"
"SCOFIELD","UT10133","24h",5000,203.31,227.96,10.81,"two_method"
"SCOFIELD","UT10133","24h",10000,234.55,260.44,9.94,"two_method"
"SCOFIELD","UT10133","72h",2,54.05,68.87,21.52,"two_method"
"SCOFIELD","UT10133","72h",5,70.27,88.31,20.43,"two_method"
"SCOFIELD","UT10133","72h",10,82.03,102.01,19.59,"two_method"
"SCOFIELD","UT10133","72h",25,99.01,121.32,18.39,"two_method"
"SCOFIELD","UT10133","72h",50,113.59,137.56,17.43,"two_method"
"SCOFIELD","UT10133","72h",100,130.11,155.62,16.39,"two_method"
"SCOFIELD","UT10133","72h",200,148.93,175.82,15.29,"two_method"
"SCOFIELD","UT10133","72h",500,178.01,206.39,13.75,"two_method"
"SCOFIELD","UT10133","72h",1000,203.72,232.87,12.52,"two_method"
"SCOFIELD","UT10133","72h",2000,233.18,262.66,11.22,"two_method"
"SCOFIELD","UT10133","72h",5000,278.81,307.85,9.43,"two_method"
"SCOFIELD","UT10133","72h",10000,319.22,347.06,8.02,"two_method"
"SCOOTENEY DIKE 1","WA82908","24h",2,25.77,25.77,0,"identical_fallback"
"SCOOTENEY DIKE 1","WA82908","24h",5,32.99,32.99,0,"identical_fallback"
"SCOOTENEY DIKE 1","WA82908","24h",10,38.29,38.29,0,"identical_fallback"
"SCOOTENEY DIKE 1","WA82908","24h",25,46.01,46.01,0,"identical_fallback"
"SCOOTENEY DIKE 1","WA82908","24h",50,52.72,52.72,0,"identical_fallback"
"SCOOTENEY DIKE 1","WA82908","24h",100,60.37,60.37,0,"identical_fallback"
"SCOOTENEY DIKE 1","WA82908","24h",200,69.17,69.17,0,"identical_fallback"
"SCOOTENEY DIKE 1","WA82908","24h",500,82.89,82.89,0,"identical_fallback"
"SCOOTENEY DIKE 1","WA82908","24h",1000,95.14,95.14,0,"identical_fallback"
"SCOOTENEY DIKE 1","WA82908","24h",2000,109.28,109.28,0,"identical_fallback"
"SCOOTENEY DIKE 1","WA82908","24h",5000,131.4,131.4,0,"identical_fallback"
"SCOOTENEY DIKE 1","WA82908","24h",10000,151.17,151.17,0,"identical_fallback"
"SCOOTENEY DIKE 1","WA82908","72h",2,28.25,28.25,0,"identical_fallback"
"SCOOTENEY DIKE 1","WA82908","72h",5,35.27,35.27,0,"identical_fallback"
"SCOOTENEY DIKE 1","WA82908","72h",10,40.19,40.19,0,"identical_fallback"
"SCOOTENEY DIKE 1","WA82908","72h",25,47.12,47.12,0,"identical_fallback"
"SCOOTENEY DIKE 1","WA82908","72h",50,52.93,52.93,0,"identical_fallback"
"SCOOTENEY DIKE 1","WA82908","72h",100,59.38,59.38,0,"identical_fallback"
"SCOOTENEY DIKE 1","WA82908","72h",200,66.58,66.58,0,"identical_fallback"
"SCOOTENEY DIKE 1","WA82908","72h",500,77.44,77.44,0,"identical_fallback"
"SCOOTENEY DIKE 1","WA82908","72h",1000,86.82,86.82,0,"identical_fallback"
"SCOOTENEY DIKE 1","WA82908","72h",2000,97.36,97.36,0,"identical_fallback"
"SCOOTENEY DIKE 1","WA82908","72h",5000,113.31,113.31,0,"identical_fallback"
"SCOOTENEY DIKE 1","WA82908","72h",10000,127.11,127.11,0,"identical_fallback"
"SCOOTENEY RESERVOIR OUTLET DAM","WA00566","24h",2,25.22,25.22,0,"identical_fallback"
"SCOOTENEY RESERVOIR OUTLET DAM","WA00566","24h",5,32.25,32.25,0,"identical_fallback"
"SCOOTENEY RESERVOIR OUTLET DAM","WA00566","24h",10,37.4,37.4,0,"identical_fallback"
"SCOOTENEY RESERVOIR OUTLET DAM","WA00566","24h",25,44.92,44.92,0,"identical_fallback"
"SCOOTENEY RESERVOIR OUTLET DAM","WA00566","24h",50,51.44,51.44,0,"identical_fallback"
"SCOOTENEY RESERVOIR OUTLET DAM","WA00566","24h",100,58.89,58.89,0,"identical_fallback"
"SCOOTENEY RESERVOIR OUTLET DAM","WA00566","24h",200,67.45,67.45,0,"identical_fallback"
"SCOOTENEY RESERVOIR OUTLET DAM","WA00566","24h",500,80.79,80.79,0,"identical_fallback"
"SCOOTENEY RESERVOIR OUTLET DAM","WA00566","24h",1000,92.71,92.71,0,"identical_fallback"
"SCOOTENEY RESERVOIR OUTLET DAM","WA00566","24h",2000,106.47,106.47,0,"identical_fallback"
"SCOOTENEY RESERVOIR OUTLET DAM","WA00566","24h",5000,127.98,127.98,0,"identical_fallback"
"SCOOTENEY RESERVOIR OUTLET DAM","WA00566","24h",10000,147.22,147.22,0,"identical_fallback"
"SCOOTENEY RESERVOIR OUTLET DAM","WA00566","72h",2,27.93,27.93,0,"identical_fallback"
"SCOOTENEY RESERVOIR OUTLET DAM","WA00566","72h",5,34.87,34.87,0,"identical_fallback"
"SCOOTENEY RESERVOIR OUTLET DAM","WA00566","72h",10,39.74,39.74,0,"identical_fallback"
"SCOOTENEY RESERVOIR OUTLET DAM","WA00566","72h",25,46.59,46.59,0,"identical_fallback"
"SCOOTENEY RESERVOIR OUTLET DAM","WA00566","72h",50,52.34,52.34,0,"identical_fallback"
"SCOOTENEY RESERVOIR OUTLET DAM","WA00566","72h",100,58.71,58.71,0,"identical_fallback"
"SCOOTENEY RESERVOIR OUTLET DAM","WA00566","72h",200,65.83,65.83,0,"identical_fallback"
"SCOOTENEY RESERVOIR OUTLET DAM","WA00566","72h",500,76.57,76.57,0,"identical_fallback"
"SCOOTENEY RESERVOIR OUTLET DAM","WA00566","72h",1000,85.85,85.85,0,"identical_fallback"
"SCOOTENEY RESERVOIR OUTLET DAM","WA00566","72h",2000,96.27,96.27,0,"identical_fallback"
"SCOOTENEY RESERVOIR OUTLET DAM","WA00566","72h",5000,112.03,112.03,0,"identical_fallback"
"SCOOTENEY RESERVOIR OUTLET DAM","WA00566","72h",10000,125.68,125.68,0,"identical_fallback"
"SEMINOE","WY01297","24h",2,30.97,32.97,6.07,"two_method"
"SEMINOE","WY01297","24h",5,42.56,46.91,9.27,"two_method"
"SEMINOE","WY01297","24h",10,51.31,56.82,9.7,"two_method"
"SEMINOE","WY01297","24h",25,64.36,70.16,8.27,"two_method"
"SEMINOE","WY01297","24h",50,75.92,80.7,5.92,"two_method"
"SEMINOE","WY01297","24h",100,89.36,91.73,2.58,"two_method"
"SEMINOE","WY01297","24h",200,105.07,103.32,1.67,"two_method"
"SEMINOE","WY01297","24h",500,130.09,119.56,8.09,"two_method"
"SEMINOE","WY01297","24h",1000,152.87,132.61,13.25,"two_method"
"SEMINOE","WY01297","24h",2000,179.65,146.35,18.54,"two_method"
"SEMINOE","WY01297","24h",5000,222.39,165.65,25.51,"two_method"
"SEMINOE","WY01297","24h",10000,261.36,181.17,30.68,"two_method"
"SEMINOE","WY01297","72h",2,39.81,41.64,4.39,"two_method"
"SEMINOE","WY01297","72h",5,56.04,59.26,5.43,"two_method"
"SEMINOE","WY01297","72h",10,67.45,71.29,5.39,"two_method"
"SEMINOE","WY01297","72h",25,82.67,86.94,4.91,"two_method"
"SEMINOE","WY01297","72h",50,94.57,98.87,4.35,"two_method"
"SEMINOE","WY01297","72h",100,106.93,110.99,3.66,"two_method"
"SEMINOE","WY01297","72h",200,119.81,123.36,2.88,"two_method"
"SEMINOE","WY01297","72h",500,137.69,140.11,1.73,"two_method"
"SEMINOE","WY01297","72h",1000,151.93,153.12,0.78,"two_method"
"SEMINOE","WY01297","72h",2000,166.8,166.43,0.22,"two_method"
"SEMINOE","WY01297","72h",5000,187.5,184.5,1.6,"two_method"
"SEMINOE","WY01297","72h",10000,203.98,198.54,2.67,"two_method"
"SEMLER DAM","NE00732","24h",2,60.14,54.57,9.26,"two_method"
"SEMLER DAM","NE00732","24h",5,80.9,72.61,10.25,"two_method"
"SEMLER DAM","NE00732","24h",10,95.25,85.02,10.74,"two_method"
"SEMLER DAM","NE00732","24h",25,114.11,101.27,11.25,"two_method"
"SEMLER DAM","NE00732","24h",50,128.63,113.74,11.58,"two_method"
"SEMLER DAM","NE00732","24h",100,143.52,126.49,11.87,"two_method"
"SEMLER DAM","NE00732","24h",200,158.84,139.57,12.13,"two_method"
"SEMLER DAM","NE00732","24h",500,179.8,157.41,12.45,"two_method"
"SEMLER DAM","NE00732","24h",1000,196.24,171.35,12.68,"two_method"
"SEMLER DAM","NE00732","24h",2000,213.21,185.69,12.91,"two_method"
"SEMLER DAM","NE00732","24h",5000,236.48,205.29,13.19,"two_method"
"SEMLER DAM","NE00732","24h",10000,254.74,220.63,13.39,"two_method"
"SEMLER DAM","NE00732","72h",2,73.22,67.54,7.76,"two_method"
"SEMLER DAM","NE00732","72h",5,97.53,88.66,9.09,"two_method"
"SEMLER DAM","NE00732","72h",10,113.8,102.56,9.88,"two_method"
"SEMLER DAM","NE00732","72h",25,134.54,120.01,10.8,"two_method"
"SEMLER DAM","NE00732","72h",50,150.08,132.88,11.46,"two_method"
"SEMLER DAM","NE00732","72h",100,165.61,145.59,12.09,"two_method"
"SEMLER DAM","NE00732","72h",200,181.22,158.19,12.71,"two_method"
"SEMLER DAM","NE00732","72h",500,201.99,174.72,13.5,"two_method"
"SEMLER DAM","NE00732","72h",1000,217.83,187.14,14.09,"two_method"
"SEMLER DAM","NE00732","72h",2000,233.78,199.49,14.67,"two_method"
"SEMLER DAM","NE00732","72h",5000,255.06,215.73,15.42,"two_method"
"SEMLER DAM","NE00732","72h",10000,271.3,227.94,15.98,"two_method"
"SENATOR WASH","CA10185","24h",2,35.67,35.67,0,"identical_fallback"
"SENATOR WASH","CA10185","24h",5,54.64,54.64,0,"identical_fallback"
"SENATOR WASH","CA10185","24h",10,68.03,68.03,0,"identical_fallback"
"SENATOR WASH","CA10185","24h",25,85.77,85.77,0,"identical_fallback"
"SENATOR WASH","CA10185","24h",50,99.54,99.54,0,"identical_fallback"
"SENATOR WASH","CA10185","24h",100,113.74,113.74,0,"identical_fallback"
"SENATOR WASH","CA10185","24h",200,128.46,128.46,0,"identical_fallback"
"SENATOR WASH","CA10185","24h",500,148.81,148.81,0,"identical_fallback"
"SENATOR WASH","CA10185","24h",1000,164.94,164.94,0,"identical_fallback"
"SENATOR WASH","CA10185","24h",2000,181.75,181.75,0,"identical_fallback"
"SENATOR WASH","CA10185","24h",5000,205.07,205.07,0,"identical_fallback"
"SENATOR WASH","CA10185","24h",10000,223.59,223.59,0,"identical_fallback"
"SENATOR WASH","CA10185","72h",2,33.42,33.42,0,"identical_fallback"
"SENATOR WASH","CA10185","72h",5,51.12,51.12,0,"identical_fallback"
"SENATOR WASH","CA10185","72h",10,63.78,63.78,0,"identical_fallback"
"SENATOR WASH","CA10185","72h",25,80.91,80.91,0,"identical_fallback"
"SENATOR WASH","CA10185","72h",50,94.5,94.5,0,"identical_fallback"
"SENATOR WASH","CA10185","72h",100,108.78,108.78,0,"identical_fallback"
"SENATOR WASH","CA10185","72h",200,123.84,123.84,0,"identical_fallback"
"SENATOR WASH","CA10185","72h",500,145.07,145.07,0,"identical_fallback"
"SENATOR WASH","CA10185","72h",1000,162.19,162.19,0,"identical_fallback"
"SENATOR WASH","CA10185","72h",2000,180.31,180.31,0,"identical_fallback"
"SENATOR WASH","CA10185","72h",5000,205.87,205.87,0,"identical_fallback"
"SENATOR WASH","CA10185","72h",10000,226.52,226.52,0,"identical_fallback"
"SHADEHILL DIKE NO. 2","SD01141","24h",2,48.63,49.08,0.92,"two_method"
"SHADEHILL DIKE NO. 2","SD01141","24h",5,66.79,67.64,1.26,"two_method"
"SHADEHILL DIKE NO. 2","SD01141","24h",10,79.07,80.34,1.58,"two_method"
"SHADEHILL DIKE NO. 2","SD01141","24h",25,94.89,96.87,2.04,"two_method"
"SHADEHILL DIKE NO. 2","SD01141","24h",50,106.85,109.49,2.41,"two_method"
"SHADEHILL DIKE NO. 2","SD01141","24h",100,118.91,122.33,2.8,"two_method"
"SHADEHILL DIKE NO. 2","SD01141","24h",200,131.11,135.43,3.19,"two_method"
"SHADEHILL DIKE NO. 2","SD01141","24h",500,147.51,153.22,3.73,"two_method"
"SHADEHILL DIKE NO. 2","SD01141","24h",1000,160.13,167.04,4.14,"two_method"
"SHADEHILL DIKE NO. 2","SD01141","24h",2000,172.95,181.2,4.55,"two_method"
"SHADEHILL DIKE NO. 2","SD01141","24h",5000,190.2,200.45,5.11,"two_method"
"SHADEHILL DIKE NO. 2","SD01141","24h",10000,203.48,215.42,5.54,"two_method"
"SHADEHILL DIKE NO. 2","SD01141","72h",2,58.33,58.29,0.07,"two_method"
"SHADEHILL DIKE NO. 2","SD01141","72h",5,79.2,79.18,0.03,"two_method"
"SHADEHILL DIKE NO. 2","SD01141","72h",10,92.89,92.92,0.03,"two_method"
"SHADEHILL DIKE NO. 2","SD01141","72h",25,110.03,110.18,0.14,"two_method"
"SHADEHILL DIKE NO. 2","SD01141","72h",50,122.63,122.92,0.24,"two_method"
"SHADEHILL DIKE NO. 2","SD01141","72h",100,135.05,135.51,0.34,"two_method"
"SHADEHILL DIKE NO. 2","SD01141","72h",200,147.34,147.99,0.44,"two_method"
"SHADEHILL DIKE NO. 2","SD01141","72h",500,163.41,164.37,0.58,"two_method"
"SHADEHILL DIKE NO. 2","SD01141","72h",1000,175.46,176.68,0.69,"two_method"
"SHADEHILL DIKE NO. 2","SD01141","72h",2000,187.41,188.93,0.8,"two_method"
"SHADEHILL DIKE NO. 2","SD01141","72h",5000,203.08,205.04,0.96,"two_method"
"SHADEHILL DIKE NO. 2","SD01141","72h",10000,214.83,217.16,1.07,"two_method"
"SHADOW MOUNTAIN","CO01666","24h",2,29.76,30.92,3.75,"two_method"
"SHADOW MOUNTAIN","CO01666","24h",5,40.28,40.86,1.42,"two_method"
"SHADOW MOUNTAIN","CO01666","24h",10,48.53,47.98,1.13,"two_method"
"SHADOW MOUNTAIN","CO01666","24h",25,61.27,57.63,5.94,"two_method"
"SHADOW MOUNTAIN","CO01666","24h",50,72.93,65.29,10.48,"two_method"
"SHADOW MOUNTAIN","CO01666","24h",100,86.85,73.35,15.54,"two_method"
"SHADOW MOUNTAIN","CO01666","24h",200,103.56,81.86,20.95,"two_method"
"SHADOW MOUNTAIN","CO01666","24h",500,131.01,93.85,28.36,"two_method"
"SHADOW MOUNTAIN","CO01666","24h",1000,156.77,103.54,33.95,"two_method"
"SHADOW MOUNTAIN","CO01666","24h",2000,187.86,113.8,39.42,"two_method"
"SHADOW MOUNTAIN","CO01666","24h",5000,239.02,128.29,46.33,"two_method"
"SHADOW MOUNTAIN","CO01666","24h",10000,287.12,140,51.24,"two_method"
"SHADOW MOUNTAIN","CO01666","72h",2,38.97,42.47,8.24,"two_method"
"SHADOW MOUNTAIN","CO01666","72h",5,53.84,54.64,1.46,"two_method"
"SHADOW MOUNTAIN","CO01666","72h",10,65.9,63.66,3.4,"two_method"
"SHADOW MOUNTAIN","CO01666","72h",25,85.04,76.92,9.55,"two_method"
"SHADOW MOUNTAIN","CO01666","72h",50,102.98,88.52,14.04,"two_method"
"SHADOW MOUNTAIN","CO01666","72h",100,124.87,101.85,18.44,"two_method"
"SHADOW MOUNTAIN","CO01666","72h",200,151.7,117.27,22.7,"two_method"
"SHADOW MOUNTAIN","CO01666","72h",500,196.86,141.5,28.12,"two_method"
"SHADOW MOUNTAIN","CO01666","72h",1000,240.28,163.3,32.04,"two_method"
"SHADOW MOUNTAIN","CO01666","72h",2000,293.76,188.63,35.79,"two_method"
"SHADOW MOUNTAIN","CO01666","72h",5000,383.97,228.54,40.48,"two_method"
"SHADOW MOUNTAIN","CO01666","72h",10000,470.82,264.49,43.82,"two_method"
"SHASTA","CA10186","24h",2,82.81,84.47,1.97,"two_method"
"SHASTA","CA10186","24h",5,107.19,111.23,3.63,"two_method"
"SHASTA","CA10186","24h",10,124.25,128.83,3.56,"two_method"
"SHASTA","CA10186","24h",25,148.17,150.94,1.84,"two_method"
"SHASTA","CA10186","24h",50,168.16,167.25,0.54,"two_method"
"SHASTA","CA10186","24h",100,190.31,183.36,3.65,"two_method"
"SHASTA","CA10186","24h",200,214.97,199.33,7.28,"two_method"
"SHASTA","CA10186","24h",500,252.09,220.29,12.61,"two_method"
"SHASTA","CA10186","24h",1000,284.08,236.05,16.91,"two_method"
"SHASTA","CA10186","24h",2000,319.92,251.72,21.32,"two_method"
"SHASTA","CA10186","24h",5000,374,272.32,27.19,"two_method"
"SHASTA","CA10186","24h",10000,420.67,287.82,31.58,"two_method"
"SHASTA","CA10186","72h",2,129.08,150.03,13.96,"two_method"
"SHASTA","CA10186","72h",5,175.33,200.55,12.58,"two_method"
"SHASTA","CA10186","72h",10,205.64,232.56,11.58,"two_method"
"SHASTA","CA10186","72h",25,243.59,271.43,10.26,"two_method"
"SHASTA","CA10186","72h",50,271.49,299.18,9.26,"two_method"
"SHASTA","CA10186","72h",100,298.97,325.84,8.25,"two_method"
"SHASTA","CA10186","72h",200,326.14,351.54,7.23,"two_method"
"SHASTA","CA10186","72h",500,361.68,384.21,5.86,"two_method"
"SHASTA","CA10186","72h",1000,388.3,407.99,4.83,"two_method"
"SHASTA","CA10186","72h",2000,414.71,431,3.78,"two_method"
"SHASTA","CA10186","72h",5000,449.31,460.29,2.39,"two_method"
"SHASTA","CA10186","72h",10000,475.26,481.63,1.32,"two_method"
"SILVER JACK","CO01693","24h",2,35.65,35.65,0,"identical_fallback"
"SILVER JACK","CO01693","24h",5,46.83,46.83,0,"identical_fallback"
"SILVER JACK","CO01693","24h",10,54.3,54.3,0,"identical_fallback"
"SILVER JACK","CO01693","24h",25,63.81,63.81,0,"identical_fallback"
"SILVER JACK","CO01693","24h",50,70.94,70.94,0,"identical_fallback"
"SILVER JACK","CO01693","24h",100,78.06,78.06,0,"identical_fallback"
"SILVER JACK","CO01693","24h",200,85.2,85.2,0,"identical_fallback"
"SILVER JACK","CO01693","24h",500,94.7,94.7,0,"identical_fallback"
"SILVER JACK","CO01693","24h",1000,101.94,101.94,0,"identical_fallback"
"SILVER JACK","CO01693","24h",2000,109.23,109.23,0,"identical_fallback"
"SILVER JACK","CO01693","24h",5000,118.95,118.95,0,"identical_fallback"
"SILVER JACK","CO01693","24h",10000,126.36,126.36,0,"identical_fallback"
"SILVER JACK","CO01693","72h",2,52.17,52.17,0,"identical_fallback"
"SILVER JACK","CO01693","72h",5,68.08,68.08,0,"identical_fallback"
"SILVER JACK","CO01693","72h",10,78.54,78.54,0,"identical_fallback"
"SILVER JACK","CO01693","72h",25,91.67,91.67,0,"identical_fallback"
"SILVER JACK","CO01693","72h",50,101.34,101.34,0,"identical_fallback"
"SILVER JACK","CO01693","72h",100,110.88,110.88,0,"identical_fallback"
"SILVER JACK","CO01693","72h",200,120.34,120.34,0,"identical_fallback"
"SILVER JACK","CO01693","72h",500,132.73,132.73,0,"identical_fallback"
"SILVER JACK","CO01693","72h",1000,142.04,142.04,0,"identical_fallback"
"SILVER JACK","CO01693","72h",2000,151.29,151.29,0,"identical_fallback"
"SILVER JACK","CO01693","72h",5000,163.44,163.44,0,"identical_fallback"
"SILVER JACK","CO01693","72h",10000,172.57,172.57,0,"identical_fallback"
"SODA LAKE DIKE","WA00271","24h",2,36.01,36.01,0,"identical_fallback"
"SODA LAKE DIKE","WA00271","24h",5,47.85,47.85,0,"identical_fallback"
"SODA LAKE DIKE","WA00271","24h",10,56.09,56.09,0,"identical_fallback"
"SODA LAKE DIKE","WA00271","24h",25,66.97,66.97,0,"identical_fallback"
"SODA LAKE DIKE","WA00271","24h",50,75.39,75.39,0,"identical_fallback"
"SODA LAKE DIKE","WA00271","24h",100,84.07,84.07,0,"identical_fallback"
"SODA LAKE DIKE","WA00271","24h",200,93.03,93.03,0,"identical_fallback"
"SODA LAKE DIKE","WA00271","24h",500,105.37,105.37,0,"identical_fallback"
"SODA LAKE DIKE","WA00271","24h",1000,115.09,115.09,0,"identical_fallback"
"SODA LAKE DIKE","WA00271","24h",2000,125.17,125.17,0,"identical_fallback"
"SODA LAKE DIKE","WA00271","24h",5000,139.07,139.07,0,"identical_fallback"
"SODA LAKE DIKE","WA00271","24h",10000,150.03,150.03,0,"identical_fallback"
"SODA LAKE DIKE","WA00271","72h",2,43.57,43.57,0,"identical_fallback"
"SODA LAKE DIKE","WA00271","72h",5,56.92,56.92,0,"identical_fallback"
"SODA LAKE DIKE","WA00271","72h",10,65.9,65.9,0,"identical_fallback"
"SODA LAKE DIKE","WA00271","72h",25,77.41,77.41,0,"identical_fallback"
"SODA LAKE DIKE","WA00271","72h",50,86.08,86.08,0,"identical_fallback"
"SODA LAKE DIKE","WA00271","72h",100,94.79,94.79,0,"identical_fallback"
"SODA LAKE DIKE","WA00271","72h",200,103.57,103.57,0,"identical_fallback"
"SODA LAKE DIKE","WA00271","72h",500,115.32,115.32,0,"identical_fallback"
"SODA LAKE DIKE","WA00271","72h",1000,124.32,124.32,0,"identical_fallback"
"SODA LAKE DIKE","WA00271","72h",2000,133.43,133.43,0,"identical_fallback"
"SODA LAKE DIKE","WA00271","72h",5000,145.64,145.64,0,"identical_fallback"
"SODA LAKE DIKE","WA00271","72h",10000,155.01,155.01,0,"identical_fallback"
"SOLDIERS MEADOW","ID10002","24h",2,44.65,36.09,19.17,"two_method"
"SOLDIERS MEADOW","ID10002","24h",5,55.98,45.78,18.22,"two_method"
"SOLDIERS MEADOW","ID10002","24h",10,64.22,52.81,17.77,"two_method"
"SOLDIERS MEADOW","ID10002","24h",25,76.14,62.98,17.28,"two_method"
"SOLDIERS MEADOW","ID10002","24h",50,86.42,71.73,17,"two_method"
"SOLDIERS MEADOW","ID10002","24h",100,98.09,81.65,16.76,"two_method"
"SOLDIERS MEADOW","ID10002","24h",200,111.41,92.96,16.56,"two_method"
"SOLDIERS MEADOW","ID10002","24h",500,132.05,110.46,16.35,"two_method"
"SOLDIERS MEADOW","ID10002","24h",1000,150.35,125.95,16.23,"two_method"
"SOLDIERS MEADOW","ID10002","24h",2000,171.36,143.72,16.13,"two_method"
"SOLDIERS MEADOW","ID10002","24h",5000,204,171.28,16.04,"two_method"
"SOLDIERS MEADOW","ID10002","24h",10000,232.98,195.71,16,"two_method"
"SOLDIERS MEADOW","ID10002","72h",2,68.07,50.09,26.41,"two_method"
"SOLDIERS MEADOW","ID10002","72h",5,84.97,64.39,24.22,"two_method"
"SOLDIERS MEADOW","ID10002","72h",10,97,74.14,23.57,"two_method"
"SOLDIERS MEADOW","ID10002","72h",25,114.1,86.77,23.95,"two_method"
"SOLDIERS MEADOW","ID10002","72h",50,128.58,96.38,25.04,"two_method"
"SOLDIERS MEADOW","ID10002","72h",100,144.79,106.13,26.7,"two_method"
"SOLDIERS MEADOW","ID10002","72h",200,163.04,116.04,28.83,"two_method"
"SOLDIERS MEADOW","ID10002","72h",500,190.85,129.44,32.18,"two_method"
"SOLDIERS MEADOW","ID10002","72h",1000,215.11,139.82,35,"two_method"
"SOLDIERS MEADOW","ID10002","72h",2000,242.58,150.41,38,"two_method"
"SOLDIERS MEADOW","ID10002","72h",5000,284.55,164.76,42.1,"two_method"
"SOLDIERS MEADOW","ID10002","72h",10000,321.22,175.88,45.25,"two_method"
"SPECTACLE LAKE DIKE","WA00272","24h",2,25.48,25.48,0,"identical_fallback"
"SPECTACLE LAKE DIKE","WA00272","24h",5,33.51,33.51,0,"identical_fallback"
"SPECTACLE LAKE DIKE","WA00272","24h",10,39.02,39.02,0,"identical_fallback"
"SPECTACLE LAKE DIKE","WA00272","24h",25,46.21,46.21,0,"identical_fallback"
"SPECTACLE LAKE DIKE","WA00272","24h",50,51.71,51.71,0,"identical_fallback"
"SPECTACLE LAKE DIKE","WA00272","24h",100,57.32,57.32,0,"identical_fallback"
"SPECTACLE LAKE DIKE","WA00272","24h",200,63.05,63.05,0,"identical_fallback"
"SPECTACLE LAKE DIKE","WA00272","24h",500,70.84,70.84,0,"identical_fallback"
"SPECTACLE LAKE DIKE","WA00272","24h",1000,76.91,76.91,0,"identical_fallback"
"SPECTACLE LAKE DIKE","WA00272","24h",2000,83.14,83.14,0,"identical_fallback"
"SPECTACLE LAKE DIKE","WA00272","24h",5000,91.62,91.62,0,"identical_fallback"
"SPECTACLE LAKE DIKE","WA00272","24h",10000,98.24,98.24,0,"identical_fallback"
"SPECTACLE LAKE DIKE","WA00272","72h",2,36.53,36.53,0,"identical_fallback"
"SPECTACLE LAKE DIKE","WA00272","72h",5,48.1,48.1,0,"identical_fallback"
"SPECTACLE LAKE DIKE","WA00272","72h",10,55.99,55.99,0,"identical_fallback"
"SPECTACLE LAKE DIKE","WA00272","72h",25,66.26,66.26,0,"identical_fallback"
"SPECTACLE LAKE DIKE","WA00272","72h",50,74.07,74.07,0,"identical_fallback"
"SPECTACLE LAKE DIKE","WA00272","72h",100,82.02,82.02,0,"identical_fallback"
"SPECTACLE LAKE DIKE","WA00272","72h",200,90.11,90.11,0,"identical_fallback"
"SPECTACLE LAKE DIKE","WA00272","72h",500,101.07,101.07,0,"identical_fallback"
"SPECTACLE LAKE DIKE","WA00272","72h",1000,109.58,109.58,0,"identical_fallback"
"SPECTACLE LAKE DIKE","WA00272","72h",2000,118.28,118.28,0,"identical_fallback"
"SPECTACLE LAKE DIKE","WA00272","72h",5000,130.08,130.08,0,"identical_fallback"
"SPECTACLE LAKE DIKE","WA00272","72h",10000,139.25,139.25,0,"identical_fallback"
"SPRING CREEK DEBRIS","CA10190","24h",2,82.22,82.22,0,"identical_fallback"
"SPRING CREEK DEBRIS","CA10190","24h",5,106.11,106.11,0,"identical_fallback"
"SPRING CREEK DEBRIS","CA10190","24h",10,122.75,122.75,0,"identical_fallback"
"SPRING CREEK DEBRIS","CA10190","24h",25,146,146,0,"identical_fallback"
"SPRING CREEK DEBRIS","CA10190","24h",50,165.38,165.38,0,"identical_fallback"
"SPRING CREEK DEBRIS","CA10190","24h",100,186.77,186.77,0,"identical_fallback"
"SPRING CREEK DEBRIS","CA10190","24h",200,210.53,210.53,0,"identical_fallback"
"SPRING CREEK DEBRIS","CA10190","24h",500,246.17,246.17,0,"identical_fallback"
"SPRING CREEK DEBRIS","CA10190","24h",1000,276.79,276.79,0,"identical_fallback"
"SPRING CREEK DEBRIS","CA10190","24h",2000,311,311,0,"identical_fallback"
"SPRING CREEK DEBRIS","CA10190","24h",5000,362.45,362.45,0,"identical_fallback"
"SPRING CREEK DEBRIS","CA10190","24h",10000,406.71,406.71,0,"identical_fallback"
"SPRING CREEK DEBRIS","CA10190","72h",2,123.95,123.95,0,"identical_fallback"
"SPRING CREEK DEBRIS","CA10190","72h",5,169.09,169.09,0,"identical_fallback"
"SPRING CREEK DEBRIS","CA10190","72h",10,198.91,198.91,0,"identical_fallback"
"SPRING CREEK DEBRIS","CA10190","72h",25,236.5,236.5,0,"identical_fallback"
"SPRING CREEK DEBRIS","CA10190","72h",50,264.33,264.33,0,"identical_fallback"
"SPRING CREEK DEBRIS","CA10190","72h",100,291.9,291.9,0,"identical_fallback"
"SPRING CREEK DEBRIS","CA10190","72h",200,319.32,319.32,0,"identical_fallback"
"SPRING CREEK DEBRIS","CA10190","72h",500,355.42,355.42,0,"identical_fallback"
"SPRING CREEK DEBRIS","CA10190","72h",1000,382.65,382.65,0,"identical_fallback"
"SPRING CREEK DEBRIS","CA10190","72h",2000,409.82,409.82,0,"identical_fallback"
"SPRING CREEK DEBRIS","CA10190","72h",5000,445.65,445.65,0,"identical_fallback"
"SPRING CREEK DEBRIS","CA10190","72h",10000,472.7,472.7,0,"identical_fallback"
"STAMPEDE","CA10192","24h",2,76.54,70.85,7.43,"two_method"
"STAMPEDE","CA10192","24h",5,104.94,97.49,7.1,"two_method"
"STAMPEDE","CA10192","24h",10,125.08,115.68,7.52,"two_method"
"STAMPEDE","CA10192","24h",25,152.16,139.29,8.46,"two_method"
"STAMPEDE","CA10192","24h",50,173.48,157.28,9.34,"two_method"
"STAMPEDE","CA10192","24h",100,195.76,175.54,10.33,"two_method"
"STAMPEDE","CA10192","24h",200,219.12,194.15,11.4,"two_method"
"STAMPEDE","CA10192","24h",500,251.79,219.35,12.88,"two_method"
"STAMPEDE","CA10192","24h",1000,277.98,238.89,14.06,"two_method"
"STAMPEDE","CA10192","24h",2000,305.52,258.87,15.27,"two_method"
"STAMPEDE","CA10192","24h",5000,344.11,285.96,16.9,"two_method"
"STAMPEDE","CA10192","24h",10000,375.06,307,18.15,"two_method"
"STAMPEDE","CA10192","72h",2,120.95,115.88,4.19,"two_method"
"STAMPEDE","CA10192","72h",5,171.43,166.3,2.99,"two_method"
"STAMPEDE","CA10192","72h",10,207.5,201.76,2.77,"two_method"
"STAMPEDE","CA10192","72h",25,256.34,249.08,2.83,"two_method"
"STAMPEDE","CA10192","72h",50,295.08,286.1,3.04,"two_method"
"STAMPEDE","CA10192","72h",100,335.78,324.53,3.35,"two_method"
"STAMPEDE","CA10192","72h",200,378.7,364.58,3.73,"two_method"
"STAMPEDE","CA10192","72h",500,439.15,420.24,4.31,"two_method"
"STAMPEDE","CA10192","72h",1000,487.93,464.53,4.8,"two_method"
"STAMPEDE","CA10192","72h",2000,539.51,510.83,5.32,"two_method"
"STAMPEDE","CA10192","72h",5000,612.3,575.27,6.05,"two_method"
"STAMPEDE","CA10192","72h",10000,671.06,626.6,6.63,"two_method"
"STARVATION","UT10136","24h",2,28.37,24.59,13.32,"two_method"
"STARVATION","UT10136","24h",5,37.17,32.75,11.89,"two_method"
"STARVATION","UT10136","24h",10,43.58,38.85,10.85,"two_method"
"STARVATION","UT10136","24h",25,52.86,47.92,9.35,"two_method"
"STARVATION","UT10136","24h",50,60.86,55.91,8.13,"two_method"
"STARVATION","UT10136","24h",100,69.94,65.15,6.85,"two_method"
"STARVATION","UT10136","24h",200,80.32,75.92,5.48,"two_method"
"STARVATION","UT10136","24h",500,96.41,92.96,3.58,"two_method"
"STARVATION","UT10136","24h",1000,110.69,108.42,2.05,"two_method"
"STARVATION","UT10136","24h",2000,127.08,126.5,0.46,"two_method"
"STARVATION","UT10136","24h",5000,152.56,155.21,1.71,"two_method"
"STARVATION","UT10136","24h",10000,175.2,181.26,3.34,"two_method"
"STARVATION","UT10136","72h",2,38.31,30.78,19.66,"two_method"
"STARVATION","UT10136","72h",5,51.22,41.78,18.43,"two_method"
"STARVATION","UT10136","72h",10,59.97,49.39,17.64,"two_method"
"STARVATION","UT10136","72h",25,71.29,59.38,16.71,"two_method"
"STARVATION","UT10136","72h",50,79.86,67.08,16,"two_method"
"STARVATION","UT10136","72h",100,88.53,74.97,15.32,"two_method"
"STARVATION","UT10136","72h",200,97.32,83.09,14.62,"two_method"
"STARVATION","UT10136","72h",500,109.16,94.2,13.7,"two_method"
"STARVATION","UT10136","72h",1000,118.31,102.91,13.02,"two_method"
"STARVATION","UT10136","72h",2000,127.61,111.89,12.32,"two_method"
"STARVATION","UT10136","72h",5000,140.17,124.22,11.38,"two_method"
"STARVATION","UT10136","72h",10000,149.87,133.89,10.66,"two_method"
"STEWART MOUNTAIN","AZ10318","24h",2,42.05,41.07,2.33,"two_method"
"STEWART MOUNTAIN","AZ10318","24h",5,55.39,57.36,3.43,"two_method"
"STEWART MOUNTAIN","AZ10318","24h",10,64.82,67.47,3.93,"two_method"
"STEWART MOUNTAIN","AZ10318","24h",25,78.16,79.53,1.72,"two_method"
"STEWART MOUNTAIN","AZ10318","24h",50,89.41,88.04,1.53,"two_method"
"STEWART MOUNTAIN","AZ10318","24h",100,101.95,96.18,5.66,"two_method"
"STEWART MOUNTAIN","AZ10318","24h",200,116.01,104.05,10.31,"two_method"
"STEWART MOUNTAIN","AZ10318","24h",500,137.34,114.12,16.91,"two_method"
"STEWART MOUNTAIN","AZ10318","24h",1000,155.86,121.54,22.02,"two_method"
"STEWART MOUNTAIN","AZ10318","24h",2000,176.75,128.82,27.12,"two_method"
"STEWART MOUNTAIN","AZ10318","24h",5000,208.53,138.27,33.69,"two_method"
"STEWART MOUNTAIN","AZ10318","24h",10000,236.17,145.3,38.48,"two_method"
"STEWART MOUNTAIN","AZ10318","72h",2,54,53.38,1.15,"two_method"
"STEWART MOUNTAIN","AZ10318","72h",5,74.87,78.38,4.48,"two_method"
"STEWART MOUNTAIN","AZ10318","72h",10,89.42,96.58,7.41,"two_method"
"STEWART MOUNTAIN","AZ10318","72h",25,108.66,121.63,10.66,"two_method"
"STEWART MOUNTAIN","AZ10318","72h",50,123.6,141.83,12.85,"two_method"
"STEWART MOUNTAIN","AZ10318","72h",100,138.99,163.34,14.91,"two_method"
"STEWART MOUNTAIN","AZ10318","72h",200,154.93,186.34,16.86,"two_method"
"STEWART MOUNTAIN","AZ10318","72h",500,176.89,219.26,19.32,"two_method"
"STEWART MOUNTAIN","AZ10318","72h",1000,194.24,246.24,21.12,"two_method"
"STEWART MOUNTAIN","AZ10318","72h",2000,212.24,275.17,22.87,"two_method"
"STEWART MOUNTAIN","AZ10318","72h",5000,237.1,316.64,25.12,"two_method"
"STEWART MOUNTAIN","AZ10318","72h",10000,256.74,350.66,26.78,"two_method"
"STONY GORGE","CA10194","24h",2,92.48,92.48,0,"identical_fallback"
"STONY GORGE","CA10194","24h",5,122.16,122.16,0,"identical_fallback"
"STONY GORGE","CA10194","24h",10,141.94,141.94,0,"identical_fallback"
"STONY GORGE","CA10194","24h",25,167.09,167.09,0,"identical_fallback"
"STONY GORGE","CA10194","24h",50,185.86,185.86,0,"identical_fallback"
"STONY GORGE","CA10194","24h",100,204.59,204.59,0,"identical_fallback"
"STONY GORGE","CA10194","24h",200,223.35,223.35,0,"identical_fallback"
"STONY GORGE","CA10194","24h",500,248.24,248.24,0,"identical_fallback"
"STONY GORGE","CA10194","24h",1000,267.16,267.16,0,"identical_fallback"
"STONY GORGE","CA10194","24h",2000,286.18,286.18,0,"identical_fallback"
"STONY GORGE","CA10194","24h",5000,311.45,311.45,0,"identical_fallback"
"STONY GORGE","CA10194","24h",10000,330.68,330.68,0,"identical_fallback"
"STONY GORGE","CA10194","72h",2,152.11,152.11,0,"identical_fallback"
"STONY GORGE","CA10194","72h",5,208.87,208.87,0,"identical_fallback"
"STONY GORGE","CA10194","72h",10,248.21,248.21,0,"identical_fallback"
"STONY GORGE","CA10194","72h",25,300.01,300.01,0,"identical_fallback"
"STONY GORGE","CA10194","72h",50,340.03,340.03,0,"identical_fallback"
"STONY GORGE","CA10194","72h",100,381.13,381.13,0,"identical_fallback"
"STONY GORGE","CA10194","72h",200,423.49,423.49,0,"identical_fallback"
"STONY GORGE","CA10194","72h",500,481.63,481.63,0,"identical_fallback"
"STONY GORGE","CA10194","72h",1000,527.33,527.33,0,"identical_fallback"
"STONY GORGE","CA10194","72h",2000,574.59,574.59,0,"identical_fallback"
"STONY GORGE","CA10194","72h",5000,639.55,639.55,0,"identical_fallback"
"STONY GORGE","CA10194","72h",10000,690.65,690.65,0,"identical_fallback"
"SUGARLOAF","CO01669","24h",2,32.14,32.14,0,"identical_fallback"
"SUGARLOAF","CO01669","24h",5,41.85,41.85,0,"identical_fallback"
"SUGARLOAF","CO01669","24h",10,48.89,48.89,0,"identical_fallback"
"SUGARLOAF","CO01669","24h",25,59.06,59.06,0,"identical_fallback"
"SUGARLOAF","CO01669","24h",50,67.82,67.82,0,"identical_fallback"
"SUGARLOAF","CO01669","24h",100,77.74,77.74,0,"identical_fallback"
"SUGARLOAF","CO01669","24h",200,89.05,89.05,0,"identical_fallback"
"SUGARLOAF","CO01669","24h",500,106.55,106.55,0,"identical_fallback"
"SUGARLOAF","CO01669","24h",1000,122.04,122.04,0,"identical_fallback"
"SUGARLOAF","CO01669","24h",2000,139.8,139.8,0,"identical_fallback"
"SUGARLOAF","CO01669","24h",5000,167.34,167.34,0,"identical_fallback"
"SUGARLOAF","CO01669","24h",10000,191.75,191.75,0,"identical_fallback"
"SUGARLOAF","CO01669","72h",2,42.17,42.17,0,"identical_fallback"
"SUGARLOAF","CO01669","72h",5,54.95,54.95,0,"identical_fallback"
"SUGARLOAF","CO01669","72h",10,64.32,64.32,0,"identical_fallback"
"SUGARLOAF","CO01669","72h",25,78,78,0,"identical_fallback"
"SUGARLOAF","CO01669","72h",50,89.86,89.86,0,"identical_fallback"
"SUGARLOAF","CO01669","72h",100,103.41,103.41,0,"identical_fallback"
"SUGARLOAF","CO01669","72h",200,118.98,118.98,0,"identical_fallback"
"SUGARLOAF","CO01669","72h",500,143.26,143.26,0,"identical_fallback"
"SUGARLOAF","CO01669","72h",1000,164.94,164.94,0,"identical_fallback"
"SUGARLOAF","CO01669","72h",2000,189.97,189.97,0,"identical_fallback"
"SUGARLOAF","CO01669","72h",5000,229.11,229.11,0,"identical_fallback"
"SUGARLOAF","CO01669","72h",10000,264.11,264.11,0,"identical_fallback"
"SUMMER FALLS HYDRO POWER PLANT","WA01374","24h",2,34.64,34.64,0,"identical_fallback"
"SUMMER FALLS HYDRO POWER PLANT","WA01374","24h",5,45.56,45.56,0,"identical_fallback"
"SUMMER FALLS HYDRO POWER PLANT","WA01374","24h",10,53.12,53.12,0,"identical_fallback"
"SUMMER FALLS HYDRO POWER PLANT","WA01374","24h",25,63.07,63.07,0,"identical_fallback"
"SUMMER FALLS HYDRO POWER PLANT","WA01374","24h",50,70.75,70.75,0,"identical_fallback"
"SUMMER FALLS HYDRO POWER PLANT","WA01374","24h",100,78.64,78.64,0,"identical_fallback"
"SUMMER FALLS HYDRO POWER PLANT","WA01374","24h",200,86.76,86.76,0,"identical_fallback"
"SUMMER FALLS HYDRO POWER PLANT","WA01374","24h",500,97.9,97.9,0,"identical_fallback"
"SUMMER FALLS HYDRO POWER PLANT","WA01374","24h",1000,106.65,106.65,0,"identical_fallback"
"SUMMER FALLS HYDRO POWER PLANT","WA01374","24h",2000,115.7,115.7,0,"identical_fallback"
"SUMMER FALLS HYDRO POWER PLANT","WA01374","24h",5000,128.12,128.12,0,"identical_fallback"
"SUMMER FALLS HYDRO POWER PLANT","WA01374","24h",10000,137.89,137.89,0,"identical_fallback"
"SUMMER FALLS HYDRO POWER PLANT","WA01374","72h",2,52.99,52.99,0,"identical_fallback"
"SUMMER FALLS HYDRO POWER PLANT","WA01374","72h",5,69.43,69.43,0,"identical_fallback"
"SUMMER FALLS HYDRO POWER PLANT","WA01374","72h",10,80.46,80.46,0,"identical_fallback"
"SUMMER FALLS HYDRO POWER PLANT","WA01374","72h",25,94.56,94.56,0,"identical_fallback"
"SUMMER FALLS HYDRO POWER PLANT","WA01374","72h",50,105.14,105.14,0,"identical_fallback"
"SUMMER FALLS HYDRO POWER PLANT","WA01374","72h",100,115.74,115.74,0,"identical_fallback"
"SUMMER FALLS HYDRO POWER PLANT","WA01374","72h",200,126.41,126.41,0,"identical_fallback"
"SUMMER FALLS HYDRO POWER PLANT","WA01374","72h",500,140.64,140.64,0,"identical_fallback"
"SUMMER FALLS HYDRO POWER PLANT","WA01374","72h",1000,151.51,151.51,0,"identical_fallback"
"SUMMER FALLS HYDRO POWER PLANT","WA01374","72h",2000,162.48,162.48,0,"identical_fallback"
"SUMMER FALLS HYDRO POWER PLANT","WA01374","72h",5000,177.15,177.15,0,"identical_fallback"
"SUMMER FALLS HYDRO POWER PLANT","WA01374","72h",10000,188.37,188.37,0,"identical_fallback"
"SUMNER","NM00130","24h",2,49.84,49.66,0.36,"two_method"
"SUMNER","NM00130","24h",5,70.4,70.13,0.38,"two_method"
"SUMNER","NM00130","24h",10,84.87,84.52,0.41,"two_method"
"SUMNER","NM00130","24h",25,104.2,103.7,0.48,"two_method"
"SUMNER","NM00130","24h",50,119.33,118.7,0.53,"two_method"
"SUMNER","NM00130","24h",100,135.04,134.26,0.58,"two_method"
"SUMNER","NM00130","24h",200,151.43,150.46,0.64,"two_method"
"SUMNER","NM00130","24h",500,174.23,172.96,0.73,"two_method"
"SUMNER","NM00130","24h",1000,192.38,190.85,0.8,"two_method"
"SUMNER","NM00130","24h",2000,211.37,209.53,0.87,"two_method"
"SUMNER","NM00130","24h",5000,237.81,235.52,0.96,"two_method"
"SUMNER","NM00130","24h",10000,258.89,256.2,1.04,"two_method"
"SUMNER","NM00130","72h",2,59.5,59.4,0.17,"two_method"
"SUMNER","NM00130","72h",5,85.38,85.32,0.07,"two_method"
"SUMNER","NM00130","72h",10,104.18,104.25,0.07,"two_method"
"SUMNER","NM00130","72h",25,130.01,130.38,0.28,"two_method"
"SUMNER","NM00130","72h",50,150.8,151.52,0.48,"two_method"
"SUMNER","NM00130","72h",100,172.91,174.08,0.67,"two_method"
"SUMNER","NM00130","72h",200,196.51,198.26,0.88,"two_method"
"SUMNER","NM00130","72h",500,230.24,232.97,1.17,"two_method"
"SUMNER","NM00130","72h",1000,257.83,261.5,1.4,"two_method"
"SUMNER","NM00130","72h",2000,287.37,292.17,1.64,"two_method"
"SUMNER","NM00130","72h",5000,329.64,336.25,1.97,"two_method"
"SUMNER","NM00130","72h",10000,364.25,372.51,2.22,"two_method"
"TAYLOR PARK","CO00151","24h",2,31.69,31.69,0,"identical_fallback"
"TAYLOR PARK","CO00151","24h",5,40.99,40.99,0,"identical_fallback"
"TAYLOR PARK","CO00151","24h",10,47.57,47.57,0,"identical_fallback"
"TAYLOR PARK","CO00151","24h",25,56.88,56.88,0,"identical_fallback"
"TAYLOR PARK","CO00151","24h",50,64.72,64.72,0,"identical_fallback"
"TAYLOR PARK","CO00151","24h",100,73.47,73.47,0,"identical_fallback"
"TAYLOR PARK","CO00151","24h",200,83.28,83.28,0,"identical_fallback"
"TAYLOR PARK","CO00151","24h",500,98.16,98.16,0,"identical_fallback"
"TAYLOR PARK","CO00151","24h",1000,111.08,111.08,0,"identical_fallback"
"TAYLOR PARK","CO00151","24h",2000,125.66,125.66,0,"identical_fallback"
"TAYLOR PARK","CO00151","24h",5000,147.82,147.82,0,"identical_fallback"
"TAYLOR PARK","CO00151","24h",10000,167.1,167.1,0,"identical_fallback"
"TAYLOR PARK","CO00151","72h",2,43.34,43.34,0,"identical_fallback"
"TAYLOR PARK","CO00151","72h",5,55.71,55.71,0,"identical_fallback"
"TAYLOR PARK","CO00151","72h",10,64.43,64.43,0,"identical_fallback"
"TAYLOR PARK","CO00151","72h",25,76.72,76.72,0,"identical_fallback"
"TAYLOR PARK","CO00151","72h",50,87.05,87.05,0,"identical_fallback"
"TAYLOR PARK","CO00151","72h",100,98.53,98.53,0,"identical_fallback"
"TAYLOR PARK","CO00151","72h",200,111.38,111.38,0,"identical_fallback"
"TAYLOR PARK","CO00151","72h",500,130.8,130.8,0,"identical_fallback"
"TAYLOR PARK","CO00151","72h",1000,147.63,147.63,0,"identical_fallback"
"TAYLOR PARK","CO00151","72h",2000,166.55,166.55,0,"identical_fallback"
"TAYLOR PARK","CO00151","72h",5000,195.26,195.26,0,"identical_fallback"
"TAYLOR PARK","CO00151","72h",10000,220.15,220.15,0,"identical_fallback"
"TERMINAL","CA10195","24h",2,76.41,76.41,0,"identical_fallback"
"TERMINAL","CA10195","24h",5,102.78,102.78,0,"identical_fallback"
"TERMINAL","CA10195","24h",10,121.14,121.14,0,"identical_fallback"
"TERMINAL","CA10195","24h",25,145.4,145.4,0,"identical_fallback"
"TERMINAL","CA10195","24h",50,164.21,164.21,0,"identical_fallback"
"TERMINAL","CA10195","24h",100,183.58,183.58,0,"identical_fallback"
"TERMINAL","CA10195","24h",200,203.61,203.61,0,"identical_fallback"
"TERMINAL","CA10195","24h",500,231.2,231.2,0,"identical_fallback"
"TERMINAL","CA10195","24h",1000,252.96,252.96,0,"identical_fallback"
"TERMINAL","CA10195","24h",2000,275.53,275.53,0,"identical_fallback"
"TERMINAL","CA10195","24h",5000,306.67,306.67,0,"identical_fallback"
"TERMINAL","CA10195","24h",10000,331.25,331.25,0,"identical_fallback"
"TERMINAL","CA10195","72h",2,113.06,113.06,0,"identical_fallback"
"TERMINAL","CA10195","72h",5,158.03,158.03,0,"identical_fallback"
"TERMINAL","CA10195","72h",10,189.96,189.96,0,"identical_fallback"
"TERMINAL","CA10195","72h",25,232.9,232.9,0,"identical_fallback"
"TERMINAL","CA10195","72h",50,266.77,266.77,0,"identical_fallback"
"TERMINAL","CA10195","72h",100,302.17,302.17,0,"identical_fallback"
"TERMINAL","CA10195","72h",200,339.31,339.31,0,"identical_fallback"
"TERMINAL","CA10195","72h",500,391.31,391.31,0,"identical_fallback"
"TERMINAL","CA10195","72h",1000,433.03,433.03,0,"identical_fallback"
"TERMINAL","CA10195","72h",2000,476.92,476.92,0,"identical_fallback"
"TERMINAL","CA10195","72h",5000,538.49,538.49,0,"identical_fallback"
"TERMINAL","CA10195","72h",10000,587.92,587.92,0,"identical_fallback"
"THEODORE ROOSEVELT","AZ10317","24h",2,45.73,46.13,0.87,"two_method"
"THEODORE ROOSEVELT","AZ10317","24h",5,60.44,63.28,4.49,"two_method"
"THEODORE ROOSEVELT","AZ10317","24h",10,70.93,75.03,5.46,"two_method"
"THEODORE ROOSEVELT","AZ10317","24h",25,85.86,90.35,4.97,"two_method"
"THEODORE ROOSEVELT","AZ10317","24h",50,98.52,102.07,3.48,"two_method"
"THEODORE ROOSEVELT","AZ10317","24h",100,112.7,114,1.14,"two_method"
"THEODORE ROOSEVELT","AZ10317","24h",200,128.69,126.19,1.94,"two_method"
"THEODORE ROOSEVELT","AZ10317","24h",500,153.08,142.76,6.74,"two_method"
"THEODORE ROOSEVELT","AZ10317","24h",1000,174.38,155.66,10.74,"two_method"
"THEODORE ROOSEVELT","AZ10317","24h",2000,198.53,168.89,14.93,"two_method"
"THEODORE ROOSEVELT","AZ10317","24h",5000,235.46,186.89,20.63,"two_method"
"THEODORE ROOSEVELT","AZ10317","24h",10000,267.77,200.92,24.97,"two_method"
"THEODORE ROOSEVELT","AZ10317","72h",2,60.29,60.36,0.12,"two_method"
"THEODORE ROOSEVELT","AZ10317","72h",5,83.58,85.05,1.73,"two_method"
"THEODORE ROOSEVELT","AZ10317","72h",10,99.81,101.71,1.87,"two_method"
"THEODORE ROOSEVELT","AZ10317","72h",25,121.29,123.04,1.42,"two_method"
"THEODORE ROOSEVELT","AZ10317","72h",50,137.96,139.13,0.84,"two_method"
"THEODORE ROOSEVELT","AZ10317","72h",100,155.15,155.39,0.15,"two_method"
"THEODORE ROOSEVELT","AZ10317","72h",200,172.94,171.91,0.6,"two_method"
"THEODORE ROOSEVELT","AZ10317","72h",500,197.47,194.29,1.61,"two_method"
"THEODORE ROOSEVELT","AZ10317","72h",1000,216.85,211.7,2.37,"two_method"
"THEODORE ROOSEVELT","AZ10317","72h",2000,236.96,229.57,3.12,"two_method"
"THEODORE ROOSEVELT","AZ10317","72h",5000,264.74,253.94,4.08,"two_method"
"THEODORE ROOSEVELT","AZ10317","72h",10000,286.7,272.99,4.78,"two_method"
"THIEF VALLEY RES.","OR00592","24h",2,32.48,31.64,2.59,"two_method"
"THIEF VALLEY RES.","OR00592","24h",5,42.2,40.12,4.93,"two_method"
"THIEF VALLEY RES.","OR00592","24h",10,49.01,46.3,5.53,"two_method"
"THIEF VALLEY RES.","OR00592","24h",25,58.07,55.24,4.87,"two_method"
"THIEF VALLEY RES.","OR00592","24h",50,65.14,62.96,3.35,"two_method"
"THIEF VALLEY RES.","OR00592","24h",100,72.45,71.72,1.01,"two_method"
"THIEF VALLEY RES.","OR00592","24h",200,80.05,81.74,2.07,"two_method"
"THIEF VALLEY RES.","OR00592","24h",500,90.57,97.26,6.88,"two_method"
"THIEF VALLEY RES.","OR00592","24h",1000,98.92,111.04,10.91,"two_method"
"THIEF VALLEY RES.","OR00592","24h",2000,107.62,126.87,15.17,"two_method"
"THIEF VALLEY RES.","OR00592","24h",5000,119.69,151.48,20.99,"two_method"
"THIEF VALLEY RES.","OR00592","24h",10000,129.27,173.35,25.43,"two_method"
"THIEF VALLEY RES.","OR00592","72h",2,44.82,44.05,1.72,"two_method"
"THIEF VALLEY RES.","OR00592","72h",5,57.6,56.63,1.68,"two_method"
"THIEF VALLEY RES.","OR00592","72h",10,66.45,65.2,1.88,"two_method"
"THIEF VALLEY RES.","OR00592","72h",25,78.1,76.31,2.29,"two_method"
"THIEF VALLEY RES.","OR00592","72h",50,87.09,84.76,2.68,"two_method"
"THIEF VALLEY RES.","OR00592","72h",100,96.33,93.33,3.11,"two_method"
"THIEF VALLEY RES.","OR00592","72h",200,105.84,102.05,3.58,"two_method"
"THIEF VALLEY RES.","OR00592","72h",500,118.89,113.83,4.26,"two_method"
"THIEF VALLEY RES.","OR00592","72h",1000,129.15,122.96,4.79,"two_method"
"THIEF VALLEY RES.","OR00592","72h",2000,139.75,132.28,5.35,"two_method"
"THIEF VALLEY RES.","OR00592","72h",5000,154.31,144.89,6.1,"two_method"
"THIEF VALLEY RES.","OR00592","72h",10000,165.76,154.67,6.69,"two_method"
"THREE MILES FALLS (DIV.)","OR00588","24h",2,25.79,25.79,0,"identical_fallback"
"THREE MILES FALLS (DIV.)","OR00588","24h",5,33.27,33.27,0,"identical_fallback"
"THREE MILES FALLS (DIV.)","OR00588","24h",10,38.84,38.84,0,"identical_fallback"
"THREE MILES FALLS (DIV.)","OR00588","24h",25,47.05,47.05,0,"identical_fallback"
"THREE MILES FALLS (DIV.)","OR00588","24h",50,54.26,54.26,0,"identical_fallback"
"THREE MILES FALLS (DIV.)","OR00588","24h",100,62.56,62.56,0,"identical_fallback"
"THREE MILES FALLS (DIV.)","OR00588","24h",200,72.18,72.18,0,"identical_fallback"
"THREE MILES FALLS (DIV.)","OR00588","24h",500,87.35,87.35,0,"identical_fallback"
"THREE MILES FALLS (DIV.)","OR00588","24h",1000,101.03,101.03,0,"identical_fallback"
"THREE MILES FALLS (DIV.)","OR00588","24h",2000,116.96,116.96,0,"identical_fallback"
"THREE MILES FALLS (DIV.)","OR00588","24h",5000,142.14,142.14,0,"identical_fallback"
"THREE MILES FALLS (DIV.)","OR00588","24h",10000,164.88,164.88,0,"identical_fallback"
"THREE MILES FALLS (DIV.)","OR00588","72h",2,30.84,30.84,0,"identical_fallback"
"THREE MILES FALLS (DIV.)","OR00588","72h",5,40.03,40.03,0,"identical_fallback"
"THREE MILES FALLS (DIV.)","OR00588","72h",10,46.32,46.32,0,"identical_fallback"
"THREE MILES FALLS (DIV.)","OR00588","72h",25,54.54,54.54,0,"identical_fallback"
"THREE MILES FALLS (DIV.)","OR00588","72h",50,60.83,60.83,0,"identical_fallback"
"THREE MILES FALLS (DIV.)","OR00588","72h",100,67.23,67.23,0,"identical_fallback"
"THREE MILES FALLS (DIV.)","OR00588","72h",200,73.78,73.78,0,"identical_fallback"
"THREE MILES FALLS (DIV.)","OR00588","72h",500,82.68,82.68,0,"identical_fallback"
"THREE MILES FALLS (DIV.)","OR00588","72h",1000,89.62,89.62,0,"identical_fallback"
"THREE MILES FALLS (DIV.)","OR00588","72h",2000,96.73,96.73,0,"identical_fallback"
"THREE MILES FALLS (DIV.)","OR00588","72h",5000,106.42,106.42,0,"identical_fallback"
"THREE MILES FALLS (DIV.)","OR00588","72h",10000,113.97,113.97,0,"identical_fallback"
"TIBER","MT00579","24h",2,33.21,32.86,1.05,"two_method"
"TIBER","MT00579","24h",5,47.04,46.63,0.87,"two_method"
"TIBER","MT00579","24h",10,56.61,56.27,0.6,"two_method"
"TIBER","MT00579","24h",25,69.1,69.09,0.01,"two_method"
"TIBER","MT00579","24h",50,78.66,79.08,0.53,"two_method"
"TIBER","MT00579","24h",100,88.44,89.42,1.1,"two_method"
"TIBER","MT00579","24h",200,98.49,100.16,1.67,"two_method"
"TIBER","MT00579","24h",500,112.26,115.03,2.41,"two_method"
"TIBER","MT00579","24h",1000,123.08,126.82,2.95,"two_method"
"TIBER","MT00579","24h",2000,134.28,139.11,3.47,"two_method"
"TIBER","MT00579","24h",5000,149.71,156.16,4.13,"two_method"
"TIBER","MT00579","24h",10000,161.87,169.69,4.61,"two_method"
"TIBER","MT00579","72h",2,42.57,41.56,2.37,"two_method"
"TIBER","MT00579","72h",5,60.25,60.55,0.5,"two_method"
"TIBER","MT00579","72h",10,72.18,73.78,2.17,"two_method"
"TIBER","MT00579","72h",25,87.45,91.15,4.06,"two_method"
"TIBER","MT00579","72h",50,98.96,104.51,5.31,"two_method"
"TIBER","MT00579","72h",100,110.59,118.21,6.45,"two_method"
"TIBER","MT00579","72h",200,122.4,132.34,7.51,"two_method"
"TIBER","MT00579","72h",500,138.4,151.75,8.8,"two_method"
"TIBER","MT00579","72h",1000,150.85,167.06,9.7,"two_method"
"TIBER","MT00579","72h",2000,163.62,182.94,10.56,"two_method"
"TIBER","MT00579","72h",5000,181.04,204.86,11.63,"two_method"
"TIBER","MT00579","72h",10000,194.66,222.19,12.39,"two_method"
"TIETON DAM","WA00273","24h",2,81.84,90.11,9.18,"two_method"
"TIETON DAM","WA00273","24h",5,110.03,118.56,7.19,"two_method"
"TIETON DAM","WA00273","24h",10,129.67,139.61,7.12,"two_method"
"TIETON DAM","WA00273","24h",25,155.67,170.52,8.71,"two_method"
"TIETON DAM","WA00273","24h",50,175.85,197.51,10.97,"two_method"
"TIETON DAM","WA00273","24h",100,196.66,228.51,13.94,"two_method"
"TIETON DAM","WA00273","24h",200,218.2,264.31,17.45,"two_method"
"TIETON DAM","WA00273","24h",500,247.89,320.48,22.65,"two_method"
"TIETON DAM","WA00273","24h",1000,271.34,370.94,26.85,"two_method"
"TIETON DAM","WA00273","24h",2000,295.69,429.52,31.16,"two_method"
"TIETON DAM","WA00273","24h",5000,329.31,521.69,36.88,"two_method"
"TIETON DAM","WA00273","24h",10000,355.89,604.59,41.14,"two_method"
"TIETON DAM","WA00273","72h",2,137.07,144.84,5.36,"two_method"
"TIETON DAM","WA00273","72h",5,176.98,187.81,5.77,"two_method"
"TIETON DAM","WA00273","72h",10,205.48,219,6.17,"two_method"
"TIETON DAM","WA00273","72h",25,246.1,264.08,6.81,"two_method"
"TIETON DAM","WA00273","72h",50,280.61,302.85,7.34,"two_method"
"TIETON DAM","WA00273","72h",100,319.32,346.82,7.93,"two_method"
"TIETON DAM","WA00273","72h",200,363,396.96,8.56,"two_method"
"TIETON DAM","WA00273","72h",500,429.74,474.51,9.43,"two_method"
"TIETON DAM","WA00273","72h",1000,488.12,543.18,10.14,"two_method"
"TIETON DAM","WA00273","72h",2000,554.36,621.92,10.86,"two_method"
"TIETON DAM","WA00273","72h",5000,655.85,744.03,11.85,"two_method"
"TIETON DAM","WA00273","72h",10000,744.75,852.29,12.62,"two_method"
"TRENTON DAM","NE01078","24h",2,57.49,56.89,1.04,"two_method"
"TRENTON DAM","NE01078","24h",5,79.19,77.95,1.57,"two_method"
"TRENTON DAM","NE01078","24h",10,94.37,92.72,1.75,"two_method"
"TRENTON DAM","NE01078","24h",25,114.54,112.38,1.89,"two_method"
"TRENTON DAM","NE01078","24h",50,130.26,127.71,1.96,"two_method"
"TRENTON DAM","NE01078","24h",100,146.52,143.61,1.99,"two_method"
"TRENTON DAM","NE01078","24h",200,163.4,160.13,2,"two_method"
"TRENTON DAM","NE01078","24h",500,186.76,183.04,1.99,"two_method"
"TRENTON DAM","NE01078","24h",1000,205.28,201.22,1.98,"two_method"
"TRENTON DAM","NE01078","24h",2000,224.56,220.19,1.95,"two_method"
"TRENTON DAM","NE01078","24h",5000,251.29,246.53,1.89,"two_method"
"TRENTON DAM","NE01078","24h",10000,272.5,267.46,1.85,"two_method"
"TRENTON DAM","NE01078","72h",2,68.73,68.61,0.17,"two_method"
"TRENTON DAM","NE01078","72h",5,93.33,92.52,0.87,"two_method"
"TRENTON DAM","NE01078","72h",10,109.82,108.37,1.32,"two_method"
"TRENTON DAM","NE01078","72h",25,130.88,128.43,1.87,"two_method"
"TRENTON DAM","NE01078","72h",50,146.68,143.33,2.28,"two_method"
"TRENTON DAM","NE01078","72h",100,162.51,158.14,2.69,"two_method"
"TRENTON DAM","NE01078","72h",200,178.42,172.91,3.09,"two_method"
"TRENTON DAM","NE01078","72h",500,199.63,192.42,3.61,"two_method"
"TRENTON DAM","NE01078","72h",1000,215.84,207.18,4.01,"two_method"
"TRENTON DAM","NE01078","72h",2000,232.18,221.96,4.4,"two_method"
"TRENTON DAM","NE01078","72h",5000,254.01,241.52,4.92,"two_method"
"TRENTON DAM","NE01078","72h",10000,270.7,256.33,5.31,"two_method"
"TRIAL LAKE","UT00301","24h",2,52.23,52.23,0,"identical_fallback"
"TRIAL LAKE","UT00301","24h",5,65.92,65.92,0,"identical_fallback"
"TRIAL LAKE","UT00301","24h",10,75.49,75.49,0,"identical_fallback"
"TRIAL LAKE","UT00301","24h",25,88.89,88.89,0,"identical_fallback"
"TRIAL LAKE","UT00301","24h",50,100.08,100.08,0,"identical_fallback"
"TRIAL LAKE","UT00301","24h",100,112.46,112.46,0,"identical_fallback"
"TRIAL LAKE","UT00301","24h",200,126.24,126.24,0,"identical_fallback"
"TRIAL LAKE","UT00301","24h",500,146.95,146.95,0,"identical_fallback"
"TRIAL LAKE","UT00301","24h",1000,164.78,164.78,0,"identical_fallback"
"TRIAL LAKE","UT00301","24h",2000,184.74,184.74,0,"identical_fallback"
"TRIAL LAKE","UT00301","24h",5000,214.83,214.83,0,"identical_fallback"
"TRIAL LAKE","UT00301","24h",10000,240.77,240.77,0,"identical_fallback"
"TRIAL LAKE","UT00301","72h",2,73.79,73.79,0,"identical_fallback"
"TRIAL LAKE","UT00301","72h",5,93.61,93.61,0,"identical_fallback"
"TRIAL LAKE","UT00301","72h",10,107.43,107.43,0,"identical_fallback"
"TRIAL LAKE","UT00301","72h",25,126.74,126.74,0,"identical_fallback"
"TRIAL LAKE","UT00301","72h",50,142.83,142.83,0,"identical_fallback"
"TRIAL LAKE","UT00301","72h",100,160.61,160.61,0,"identical_fallback"
"TRIAL LAKE","UT00301","72h",200,180.36,180.36,0,"identical_fallback"
"TRIAL LAKE","UT00301","72h",500,210,210,0,"identical_fallback"
"TRIAL LAKE","UT00301","72h",1000,235.47,235.47,0,"identical_fallback"
"TRIAL LAKE","UT00301","72h",2000,263.93,263.93,0,"identical_fallback"
"TRIAL LAKE","UT00301","72h",5000,306.75,306.75,0,"identical_fallback"
"TRIAL LAKE","UT00301","72h",10000,343.6,343.6,0,"identical_fallback"
"TRINITY","CA10196","24h",2,76.2,71.94,5.59,"two_method"
"TRINITY","CA10196","24h",5,100.39,94.94,5.43,"two_method"
"TRINITY","CA10196","24h",10,116.06,110.11,5.13,"two_method"
"TRINITY","CA10196","24h",25,135.5,129.2,4.65,"two_method"
"TRINITY","CA10196","24h",50,149.65,143.32,4.23,"two_method"
"TRINITY","CA10196","24h",100,163.47,157.29,3.78,"two_method"
"TRINITY","CA10196","24h",200,177.03,171.17,3.31,"two_method"
"TRINITY","CA10196","24h",500,194.6,189.42,2.66,"two_method"
"TRINITY","CA10196","24h",1000,207.64,203.16,2.16,"two_method"
"TRINITY","CA10196","24h",2000,220.47,216.87,1.63,"two_method"
"TRINITY","CA10196","24h",5000,237.12,234.92,0.93,"two_method"
"TRINITY","CA10196","24h",10000,249.49,248.52,0.39,"two_method"
"TRINITY","CA10196","72h",2,125.48,121.06,3.52,"two_method"
"TRINITY","CA10196","72h",5,169.13,161.82,4.32,"two_method"
"TRINITY","CA10196","72h",10,197.36,187.65,4.92,"two_method"
"TRINITY","CA10196","72h",25,232.27,219.02,5.7,"two_method"
"TRINITY","CA10196","72h",50,257.63,241.41,6.3,"two_method"
"TRINITY","CA10196","72h",100,282.37,262.92,6.89,"two_method"
"TRINITY","CA10196","72h",200,306.6,283.66,7.48,"two_method"
"TRINITY","CA10196","72h",500,337.92,310.02,8.26,"two_method"
"TRINITY","CA10196","72h",1000,361.11,329.21,8.83,"two_method"
"TRINITY","CA10196","72h",2000,383.9,347.77,9.41,"two_method"
"TRINITY","CA10196","72h",5000,413.42,371.41,10.16,"two_method"
"TRINITY","CA10196","72h",10000,435.3,388.63,10.72,"two_method"
"TWIN BUTTES","TX00022","24h",2,74.47,67.02,10,"two_method"
"TWIN BUTTES","TX00022","24h",5,105.05,94.61,9.94,"two_method"
"TWIN BUTTES","TX00022","24h",10,127.38,114.58,10.05,"two_method"
"TWIN BUTTES","TX00022","24h",25,158.24,141.93,10.31,"two_method"
"TWIN BUTTES","TX00022","24h",50,183.21,163.88,10.55,"two_method"
"TWIN BUTTES","TX00022","24h",100,209.87,187.16,10.82,"two_method"
"TWIN BUTTES","TX00022","24h",200,238.46,211.95,11.12,"two_method"
"TWIN BUTTES","TX00022","24h",500,279.51,247.26,11.54,"two_method"
"TWIN BUTTES","TX00022","24h",1000,313.27,276.06,11.88,"two_method"
"TWIN BUTTES","TX00022","24h",2000,349.57,306.81,12.23,"two_method"
"TWIN BUTTES","TX00022","24h",5000,401.78,350.7,12.71,"two_method"
"TWIN BUTTES","TX00022","24h",10000,444.74,386.52,13.09,"two_method"
"TWIN BUTTES","TX00022","72h",2,90.55,80.19,11.44,"two_method"
"TWIN BUTTES","TX00022","72h",5,128.2,115.77,9.7,"two_method"
"TWIN BUTTES","TX00022","72h",10,154.88,139.41,9.99,"two_method"
"TWIN BUTTES","TX00022","72h",25,190.73,168.7,11.55,"two_method"
"TWIN BUTTES","TX00022","72h",50,218.97,189.92,13.27,"two_method"
"TWIN BUTTES","TX00022","72h",100,248.46,210.61,15.23,"two_method"
"TWIN BUTTES","TX00022","72h",200,279.37,230.88,17.36,"two_method"
"TWIN BUTTES","TX00022","72h",500,322.6,257.19,20.28,"two_method"
"TWIN BUTTES","TX00022","72h",1000,357.24,276.8,22.52,"two_method"
"TWIN BUTTES","TX00022","72h",2000,393.65,296.21,24.75,"two_method"
"TWIN BUTTES","TX00022","72h",5000,444.67,321.6,27.68,"two_method"
"TWIN BUTTES","TX00022","72h",10000,485.58,340.63,29.85,"two_method"
"TWIN LAKES","CO02045","24h",2,30.02,30.02,0,"identical_fallback"
"TWIN LAKES","CO02045","24h",5,39.2,39.2,0,"identical_fallback"
"TWIN LAKES","CO02045","24h",10,45.85,45.85,0,"identical_fallback"
"TWIN LAKES","CO02045","24h",25,55.45,55.45,0,"identical_fallback"
"TWIN LAKES","CO02045","24h",50,63.69,63.69,0,"identical_fallback"
"TWIN LAKES","CO02045","24h",100,73.03,73.03,0,"identical_fallback"
"TWIN LAKES","CO02045","24h",200,83.66,83.66,0,"identical_fallback"
"TWIN LAKES","CO02045","24h",500,100.09,100.09,0,"identical_fallback"
"TWIN LAKES","CO02045","24h",1000,114.62,114.62,0,"identical_fallback"
"TWIN LAKES","CO02045","24h",2000,131.25,131.25,0,"identical_fallback"
"TWIN LAKES","CO02045","24h",5000,157.02,157.02,0,"identical_fallback"
"TWIN LAKES","CO02045","24h",10000,179.84,179.84,0,"identical_fallback"
"TWIN LAKES","CO02045","72h",2,40.4,40.4,0,"identical_fallback"
"TWIN LAKES","CO02045","72h",5,54.01,54.01,0,"identical_fallback"
"TWIN LAKES","CO02045","72h",10,63.43,63.43,0,"identical_fallback"
"TWIN LAKES","CO02045","72h",25,75.84,75.84,0,"identical_fallback"
"TWIN LAKES","CO02045","72h",50,85.41,85.41,0,"identical_fallback"
"TWIN LAKES","CO02045","72h",100,95.24,95.24,0,"identical_fallback"
"TWIN LAKES","CO02045","72h",200,105.36,105.36,0,"identical_fallback"
"TWIN LAKES","CO02045","72h",500,119.25,119.25,0,"identical_fallback"
"TWIN LAKES","CO02045","72h",1000,130.16,130.16,0,"identical_fallback"
"TWIN LAKES","CO02045","72h",2000,141.43,141.43,0,"identical_fallback"
"TWIN LAKES","CO02045","72h",5000,156.92,156.92,0,"identical_fallback"
"TWIN LAKES","CO02045","72h",10000,169.09,169.09,0,"identical_fallback"
"TWITCHELL","CA10197","24h",2,59.81,58.89,1.54,"two_method"
"TWITCHELL","CA10197","24h",5,90.16,81.23,9.9,"two_method"
"TWITCHELL","CA10197","24h",10,111.09,97.44,12.29,"two_method"
"TWITCHELL","CA10197","24h",25,138.35,120.88,12.63,"two_method"
"TWITCHELL","CA10197","24h",50,159.19,141.03,11.41,"two_method"
"TWITCHELL","CA10197","24h",100,180.47,163.89,9.19,"two_method"
"TWITCHELL","CA10197","24h",200,202.3,189.96,6.1,"two_method"
"TWITCHELL","CA10197","24h",500,232.17,230.28,0.81,"two_method"
"TWITCHELL","CA10197","24h",1000,255.63,265.98,3.89,"two_method"
"TWITCHELL","CA10197","24h",2000,279.88,306.91,8.81,"two_method"
"TWITCHELL","CA10197","24h",5000,313.23,370.4,15.43,"two_method"
"TWITCHELL","CA10197","24h",10000,339.5,426.69,20.43,"two_method"
"TWITCHELL","CA10197","72h",2,78.18,61.76,21,"two_method"
"TWITCHELL","CA10197","72h",5,122.9,89.17,27.45,"two_method"
"TWITCHELL","CA10197","72h",10,155.06,109.34,29.49,"two_method"
"TWITCHELL","CA10197","72h",25,198.27,138.84,29.97,"two_method"
"TWITCHELL","CA10197","72h",50,232.16,164.49,29.15,"two_method"
"TWITCHELL","CA10197","72h",100,267.43,193.85,27.51,"two_method"
"TWITCHELL","CA10197","72h",200,304.27,227.64,25.18,"two_method"
"TWITCHELL","CA10197","72h",500,355.63,280.46,21.14,"two_method"
"TWITCHELL","CA10197","72h",1000,396.65,327.73,17.38,"two_method"
"TWITCHELL","CA10197","72h",2000,439.67,382.41,13.02,"two_method"
"TWITCHELL","CA10197","72h",5000,499.74,468.12,6.33,"two_method"
"TWITCHELL","CA10197","72h",10000,547.74,544.91,0.52,"two_method"
"UNITY","OR00593","24h",2,31.21,34.35,9.14,"two_method"
"UNITY","OR00593","24h",5,40.09,43.58,8.01,"two_method"
"UNITY","OR00593","24h",10,46.61,50.28,7.3,"two_method"
"UNITY","OR00593","24h",25,56.12,59.96,6.4,"two_method"
"UNITY","OR00593","24h",50,64.37,68.29,5.74,"two_method"
"UNITY","OR00593","24h",100,73.8,77.73,5.06,"two_method"
"UNITY","OR00593","24h",200,84.64,88.5,4.36,"two_method"
"UNITY","OR00593","24h",500,101.54,105.16,3.44,"two_method"
"UNITY","OR00593","24h",1000,116.63,119.91,2.74,"two_method"
"UNITY","OR00593","24h",2000,134.06,136.83,2.02,"two_method"
"UNITY","OR00593","24h",5000,161.34,163.06,1.05,"two_method"
"UNITY","OR00593","24h",10000,185.72,186.32,0.32,"two_method"
"UNITY","OR00593","72h",2,44.1,47.41,6.98,"two_method"
"UNITY","OR00593","72h",5,56.89,60.96,6.68,"two_method"
"UNITY","OR00593","72h",10,65.52,70.18,6.64,"two_method"
"UNITY","OR00593","72h",25,76.63,82.14,6.71,"two_method"
"UNITY","OR00593","72h",50,85.01,91.24,6.83,"two_method"
"UNITY","OR00593","72h",100,93.46,100.46,6.97,"two_method"
"UNITY","OR00593","72h",200,101.99,109.85,7.16,"two_method"
"UNITY","OR00593","72h",500,113.45,122.53,7.41,"two_method"
"UNITY","OR00593","72h",1000,122.25,132.36,7.64,"two_method"
"UNITY","OR00593","72h",2000,131.18,142.38,7.87,"two_method"
"UNITY","OR00593","72h",5000,143.18,155.97,8.2,"two_method"
"UNITY","OR00593","72h",10000,152.41,166.49,8.46,"two_method"
"UPPER COTTONWOOD","WY01301","24h",2,29.79,32.22,7.54,"two_method"
"UPPER COTTONWOOD","WY01301","24h",5,40.95,45.39,9.78,"two_method"
"UPPER COTTONWOOD","WY01301","24h",10,48.3,54.33,11.1,"two_method"
"UPPER COTTONWOOD","WY01301","24h",25,57.56,65.9,12.66,"two_method"
"UPPER COTTONWOOD","WY01301","24h",50,64.39,74.67,13.77,"two_method"
"UPPER COTTONWOOD","WY01301","24h",100,71.16,83.55,14.83,"two_method"
"UPPER COTTONWOOD","WY01301","24h",200,77.88,92.56,15.86,"two_method"
"UPPER COTTONWOOD","WY01301","24h",500,86.71,104.72,17.2,"two_method"
"UPPER COTTONWOOD","WY01301","24h",1000,93.35,114.11,18.19,"two_method"
"UPPER COTTONWOOD","WY01301","24h",2000,99.98,123.67,19.16,"two_method"
"UPPER COTTONWOOD","WY01301","24h",5000,108.7,136.59,20.42,"two_method"
"UPPER COTTONWOOD","WY01301","24h",10000,115.27,146.58,21.36,"two_method"
"UPPER COTTONWOOD","WY01301","72h",2,35.94,39.99,10.13,"two_method"
"UPPER COTTONWOOD","WY01301","72h",5,50.31,56.83,11.47,"two_method"
"UPPER COTTONWOOD","WY01301","72h",10,59.71,67.87,12.02,"two_method"
"UPPER COTTONWOOD","WY01301","72h",25,71.46,81.73,12.57,"two_method"
"UPPER COTTONWOOD","WY01301","72h",50,80.09,92.01,12.96,"two_method"
"UPPER COTTONWOOD","WY01301","72h",100,88.58,102.26,13.38,"two_method"
"UPPER COTTONWOOD","WY01301","72h",200,96.96,112.55,13.85,"two_method"
"UPPER COTTONWOOD","WY01301","72h",500,107.92,126.33,14.57,"two_method"
"UPPER COTTONWOOD","WY01301","72h",1000,116.11,136.92,15.2,"two_method"
"UPPER COTTONWOOD","WY01301","72h",2000,124.24,147.69,15.88,"two_method"
"UPPER COTTONWOOD","WY01301","72h",5000,134.86,162.24,16.88,"two_method"
"UPPER COTTONWOOD","WY01301","72h",10000,142.82,173.5,17.68,"two_method"
"UPPER KLAMATH LAKE","OR00557","24h",2,47.55,29.32,38.34,"two_method"
"UPPER KLAMATH LAKE","OR00557","24h",5,63.69,39.39,38.15,"two_method"
"UPPER KLAMATH LAKE","OR00557","24h",10,74.8,46.5,37.83,"two_method"
"UPPER KLAMATH LAKE","OR00557","24h",25,89.34,56.03,37.28,"two_method"
"UPPER KLAMATH LAKE","OR00557","24h",50,100.49,63.52,36.79,"two_method"
"UPPER KLAMATH LAKE","OR00557","24h",100,111.89,71.32,36.26,"two_method"
"UPPER KLAMATH LAKE","OR00557","24h",200,123.58,79.47,35.69,"two_method"
"UPPER KLAMATH LAKE","OR00557","24h",500,139.52,90.85,34.88,"two_method"
"UPPER KLAMATH LAKE","OR00557","24h",1000,151.98,99.94,34.24,"two_method"
"UPPER KLAMATH LAKE","OR00557","24h",2000,164.79,109.47,33.57,"two_method"
"UPPER KLAMATH LAKE","OR00557","24h",5000,182.29,122.79,32.64,"two_method"
"UPPER KLAMATH LAKE","OR00557","24h",10000,195.97,133.44,31.91,"two_method"
"UPPER KLAMATH LAKE","OR00557","72h",2,75.99,42.7,43.81,"two_method"
"UPPER KLAMATH LAKE","OR00557","72h",5,101.25,57.62,43.09,"two_method"
"UPPER KLAMATH LAKE","OR00557","72h",10,118.07,68.85,41.69,"two_method"
"UPPER KLAMATH LAKE","OR00557","72h",25,139.43,85.58,38.62,"two_method"
"UPPER KLAMATH LAKE","OR00557","72h",50,155.35,100.39,35.38,"two_method"
"UPPER KLAMATH LAKE","OR00557","72h",100,171.23,117.58,31.33,"two_method"
"UPPER KLAMATH LAKE","OR00557","72h",200,187.12,137.67,26.43,"two_method"
"UPPER KLAMATH LAKE","OR00557","72h",500,208.18,169.61,18.53,"two_method"
"UPPER KLAMATH LAKE","OR00557","72h",1000,224.18,198.67,11.38,"two_method"
"UPPER KLAMATH LAKE","OR00557","72h",2000,240.24,232.78,3.11,"two_method"
"UPPER KLAMATH LAKE","OR00557","72h",5000,261.56,287.16,8.91,"two_method"
"UPPER KLAMATH LAKE","OR00557","72h",10000,277.78,336.7,17.5,"two_method"
"UPPER SAN MARCOS RIVER WS NRCS SITE 5 DAM","TX07247","24h",2,117.09,117.09,0,"identical_fallback"
"UPPER SAN MARCOS RIVER WS NRCS SITE 5 DAM","TX07247","24h",5,161.26,161.26,0,"identical_fallback"
"UPPER SAN MARCOS RIVER WS NRCS SITE 5 DAM","TX07247","24h",10,193.96,193.96,0,"identical_fallback"
"UPPER SAN MARCOS RIVER WS NRCS SITE 5 DAM","TX07247","24h",25,242.02,242.02,0,"identical_fallback"
"UPPER SAN MARCOS RIVER WS NRCS SITE 5 DAM","TX07247","24h",50,284,284,0,"identical_fallback"
"UPPER SAN MARCOS RIVER WS NRCS SITE 5 DAM","TX07247","24h",100,332.24,332.24,0,"identical_fallback"
"UPPER SAN MARCOS RIVER WS NRCS SITE 5 DAM","TX07247","24h",200,387.98,387.98,0,"identical_fallback"
"UPPER SAN MARCOS RIVER WS NRCS SITE 5 DAM","TX07247","24h",500,475.5,475.5,0,"identical_fallback"
"UPPER SAN MARCOS RIVER WS NRCS SITE 5 DAM","TX07247","24h",1000,554.16,554.16,0,"identical_fallback"
"UPPER SAN MARCOS RIVER WS NRCS SITE 5 DAM","TX07247","24h",2000,645.52,645.52,0,"identical_fallback"
"UPPER SAN MARCOS RIVER WS NRCS SITE 5 DAM","TX07247","24h",5000,789.36,789.36,0,"identical_fallback"
"UPPER SAN MARCOS RIVER WS NRCS SITE 5 DAM","TX07247","24h",10000,918.79,918.79,0,"identical_fallback"
"UPPER SAN MARCOS RIVER WS NRCS SITE 5 DAM","TX07247","72h",2,129.35,129.35,0,"identical_fallback"
"UPPER SAN MARCOS RIVER WS NRCS SITE 5 DAM","TX07247","72h",5,182.97,182.97,0,"identical_fallback"
"UPPER SAN MARCOS RIVER WS NRCS SITE 5 DAM","TX07247","72h",10,222.88,222.88,0,"identical_fallback"
"UPPER SAN MARCOS RIVER WS NRCS SITE 5 DAM","TX07247","72h",25,281.79,281.79,0,"identical_fallback"
"UPPER SAN MARCOS RIVER WS NRCS SITE 5 DAM","TX07247","72h",50,333.47,333.47,0,"identical_fallback"
"UPPER SAN MARCOS RIVER WS NRCS SITE 5 DAM","TX07247","72h",100,393.04,393.04,0,"identical_fallback"
"UPPER SAN MARCOS RIVER WS NRCS SITE 5 DAM","TX07247","72h",200,462.11,462.11,0,"identical_fallback"
"UPPER SAN MARCOS RIVER WS NRCS SITE 5 DAM","TX07247","72h",500,570.99,570.99,0,"identical_fallback"
"UPPER SAN MARCOS RIVER WS NRCS SITE 5 DAM","TX07247","72h",1000,669.23,669.23,0,"identical_fallback"
"UPPER SAN MARCOS RIVER WS NRCS SITE 5 DAM","TX07247","72h",2000,783.71,783.71,0,"identical_fallback"
"UPPER SAN MARCOS RIVER WS NRCS SITE 5 DAM","TX07247","72h",5000,964.67,964.67,0,"identical_fallback"
"UPPER SAN MARCOS RIVER WS NRCS SITE 5 DAM","TX07247","72h",10000,1128.14,1128.14,0,"identical_fallback"
"UPPER STILLWATER","UT00608","24h",2,40.68,40.68,0,"identical_fallback"
"UPPER STILLWATER","UT00608","24h",5,53,53,0,"identical_fallback"
"UPPER STILLWATER","UT00608","24h",10,62.01,62.01,0,"identical_fallback"
"UPPER STILLWATER","UT00608","24h",25,75.08,75.08,0,"identical_fallback"
"UPPER STILLWATER","UT00608","24h",50,86.38,86.38,0,"identical_fallback"
"UPPER STILLWATER","UT00608","24h",100,99.25,99.25,0,"identical_fallback"
"UPPER STILLWATER","UT00608","24h",200,113.98,113.98,0,"identical_fallback"
"UPPER STILLWATER","UT00608","24h",500,136.88,136.88,0,"identical_fallback"
"UPPER STILLWATER","UT00608","24h",1000,157.24,157.24,0,"identical_fallback"
"UPPER STILLWATER","UT00608","24h",2000,180.68,180.68,0,"identical_fallback"
"UPPER STILLWATER","UT00608","24h",5000,217.2,217.2,0,"identical_fallback"
"UPPER STILLWATER","UT00608","24h",10000,249.72,249.72,0,"identical_fallback"
"UPPER STILLWATER","UT00608","72h",2,56.48,56.48,0,"identical_fallback"
"UPPER STILLWATER","UT00608","72h",5,73.09,73.09,0,"identical_fallback"
"UPPER STILLWATER","UT00608","72h",10,84.92,84.92,0,"identical_fallback"
"UPPER STILLWATER","UT00608","72h",25,101.76,101.76,0,"identical_fallback"
"UPPER STILLWATER","UT00608","72h",50,116.03,116.03,0,"identical_fallback"
"UPPER STILLWATER","UT00608","72h",100,132.01,132.01,0,"identical_fallback"
"UPPER STILLWATER","UT00608","72h",200,150.03,150.03,0,"identical_fallback"
"UPPER STILLWATER","UT00608","72h",500,177.49,177.49,0,"identical_fallback"
"UPPER STILLWATER","UT00608","72h",1000,201.47,201.47,0,"identical_fallback"
"UPPER STILLWATER","UT00608","72h",2000,228.63,228.63,0,"identical_fallback"
"UPPER STILLWATER","UT00608","72h",5000,270.18,270.18,0,"identical_fallback"
"UPPER STILLWATER","UT00608","72h",10000,306.5,306.5,0,"identical_fallback"
"UPPER WHEELER SADDLE DAM","WA00629","24h",2,78.77,95.79,17.77,"two_method"
"UPPER WHEELER SADDLE DAM","WA00629","24h",5,105.72,126.03,16.12,"two_method"
"UPPER WHEELER SADDLE DAM","WA00629","24h",10,124.55,148.41,16.08,"two_method"
"UPPER WHEELER SADDLE DAM","WA00629","24h",25,149.55,181.27,17.5,"two_method"
"UPPER WHEELER SADDLE DAM","WA00629","24h",50,169,209.97,19.51,"two_method"
"UPPER WHEELER SADDLE DAM","WA00629","24h",100,189.11,242.92,22.15,"two_method"
"UPPER WHEELER SADDLE DAM","WA00629","24h",200,209.97,280.97,25.27,"two_method"
"UPPER WHEELER SADDLE DAM","WA00629","24h",500,238.81,340.69,29.9,"two_method"
"UPPER WHEELER SADDLE DAM","WA00629","24h",1000,261.64,394.33,33.65,"two_method"
"UPPER WHEELER SADDLE DAM","WA00629","24h",2000,285.4,456.6,37.49,"two_method"
"UPPER WHEELER SADDLE DAM","WA00629","24h",5000,318.3,554.58,42.61,"two_method"
"UPPER WHEELER SADDLE DAM","WA00629","24h",10000,344.37,642.71,46.42,"two_method"
"UPPER WHEELER SADDLE DAM","WA00629","72h",2,128.5,152.2,15.57,"two_method"
"UPPER WHEELER SADDLE DAM","WA00629","72h",5,169.49,197.36,14.12,"two_method"
"UPPER WHEELER SADDLE DAM","WA00629","72h",10,197,230.13,14.4,"two_method"
"UPPER WHEELER SADDLE DAM","WA00629","72h",25,232.17,277.5,16.34,"two_method"
"UPPER WHEELER SADDLE DAM","WA00629","72h",50,258.58,318.25,18.75,"two_method"
"UPPER WHEELER SADDLE DAM","WA00629","72h",100,285.04,364.44,21.79,"two_method"
"UPPER WHEELER SADDLE DAM","WA00629","72h",200,311.68,417.14,25.28,"two_method"
"UPPER WHEELER SADDLE DAM","WA00629","72h",500,347.22,498.63,30.37,"two_method"
"UPPER WHEELER SADDLE DAM","WA00629","72h",1000,374.39,570.79,34.41,"two_method"
"UPPER WHEELER SADDLE DAM","WA00629","72h",2000,401.82,653.52,38.51,"two_method"
"UPPER WHEELER SADDLE DAM","WA00629","72h",5000,438.48,781.84,43.92,"two_method"
"UPPER WHEELER SADDLE DAM","WA00629","72h",10000,466.53,895.61,47.91,"two_method"
"VALLECITO","CO01695","24h",2,37.69,35.63,5.47,"two_method"
"VALLECITO","CO01695","24h",5,50.1,46.96,6.27,"two_method"
"VALLECITO","CO01695","24h",10,58.47,54.6,6.62,"two_method"
"VALLECITO","CO01695","24h",25,69.22,64.41,6.95,"two_method"
"VALLECITO","CO01695","24h",50,77.33,71.79,7.16,"two_method"
"VALLECITO","CO01695","24h",100,85.48,79.23,7.31,"two_method"
"VALLECITO","CO01695","24h",200,93.72,86.73,7.46,"two_method"
"VALLECITO","CO01695","24h",500,104.75,96.78,7.61,"two_method"
"VALLECITO","CO01695","24h",1000,113.23,104.49,7.72,"two_method"
"VALLECITO","CO01695","24h",2000,121.81,112.31,7.8,"two_method"
"VALLECITO","CO01695","24h",5000,133.33,122.79,7.91,"two_method"
"VALLECITO","CO01695","24h",10000,142.19,130.84,7.98,"two_method"
"VALLECITO","CO01695","72h",2,53.78,48.72,9.41,"two_method"
"VALLECITO","CO01695","72h",5,68.54,63.8,6.92,"two_method"
"VALLECITO","CO01695","72h",10,78.67,73.56,6.5,"two_method"
"VALLECITO","CO01695","72h",25,92.67,85.63,7.6,"two_method"
"VALLECITO","CO01695","72h",50,104.2,94.41,9.4,"two_method"
"VALLECITO","CO01695","72h",100,116.81,102.97,11.85,"two_method"
"VALLECITO","CO01695","72h",200,130.69,111.36,14.79,"two_method"
"VALLECITO","CO01695","72h",500,151.29,122.2,19.23,"two_method"
"VALLECITO","CO01695","72h",1000,168.8,130.24,22.84,"two_method"
"VALLECITO","CO01695","72h",2000,188.17,138.13,26.59,"two_method"
"VALLECITO","CO01695","72h",5000,217.01,148.36,31.63,"two_method"
"VALLECITO","CO01695","72h",10000,241.56,155.95,35.44,"two_method"
"VEGA","CO01697","24h",2,29.77,31.01,4,"two_method"
"VEGA","CO01697","24h",5,38.5,40.99,6.07,"two_method"
"VEGA","CO01697","24h",10,44.75,48.13,7.02,"two_method"
"VEGA","CO01697","24h",25,53.69,57.8,7.11,"two_method"
"VEGA","CO01697","24h",50,61.29,65.49,6.41,"two_method"
"VEGA","CO01697","24h",100,69.84,73.57,5.07,"two_method"
"VEGA","CO01697","24h",200,79.5,82.1,3.17,"two_method"
"VEGA","CO01697","24h",500,94.29,94.13,0.17,"two_method"
"VEGA","CO01697","24h",1000,107.26,103.85,3.18,"two_method"
"VEGA","CO01697","24h",2000,122,114.14,6.44,"two_method"
"VEGA","CO01697","24h",5000,144.63,128.68,11.03,"two_method"
"VEGA","CO01697","24h",10000,164.49,140.42,14.63,"two_method"
"VEGA","CO01697","72h",2,40.51,42.23,4.07,"two_method"
"VEGA","CO01697","72h",5,52.43,54.33,3.5,"two_method"
"VEGA","CO01697","72h",10,61.07,63.3,3.52,"two_method"
"VEGA","CO01697","72h",25,73.53,76.49,3.87,"two_method"
"VEGA","CO01697","72h",50,84.23,88.02,4.31,"two_method"
"VEGA","CO01697","72h",100,96.35,101.28,4.87,"two_method"
"VEGA","CO01697","72h",200,110.16,116.61,5.53,"two_method"
"VEGA","CO01697","72h",500,131.49,140.7,6.55,"two_method"
"VEGA","CO01697","72h",1000,150.34,162.37,7.41,"two_method"
"VEGA","CO01697","72h",2000,171.94,187.56,8.33,"two_method"
"VEGA","CO01697","72h",5000,205.39,227.25,9.62,"two_method"
"VEGA","CO01697","72h",10000,235,262.99,10.64,"two_method"
"VIRGINIA SMITH DAM","NE02287","24h",2,60.46,57.57,4.78,"two_method"
"VIRGINIA SMITH DAM","NE02287","24h",5,81.14,76.96,5.15,"two_method"
"VIRGINIA SMITH DAM","NE02287","24h",10,95.39,90.48,5.15,"two_method"
"VIRGINIA SMITH DAM","NE02287","24h",25,114.07,108.37,5,"two_method"
"VIRGINIA SMITH DAM","NE02287","24h",50,128.42,122.25,4.8,"two_method"
"VIRGINIA SMITH DAM","NE02287","24h",100,143.11,136.57,4.57,"two_method"
"VIRGINIA SMITH DAM","NE02287","24h",200,158.19,151.4,4.29,"two_method"
"VIRGINIA SMITH DAM","NE02287","24h",500,178.79,171.83,3.89,"two_method"
"VIRGINIA SMITH DAM","NE02287","24h",1000,194.91,187.97,3.56,"two_method"
"VIRGINIA SMITH DAM","NE02287","24h",2000,211.51,204.73,3.21,"two_method"
"VIRGINIA SMITH DAM","NE02287","24h",5000,234.22,227.88,2.71,"two_method"
"VIRGINIA SMITH DAM","NE02287","24h",10000,252.01,246.17,2.32,"two_method"
"VIRGINIA SMITH DAM","NE02287","72h",2,73.08,70.53,3.49,"two_method"
"VIRGINIA SMITH DAM","NE02287","72h",5,96.99,92.59,4.54,"two_method"
"VIRGINIA SMITH DAM","NE02287","72h",10,113.02,107.1,5.24,"two_method"
"VIRGINIA SMITH DAM","NE02287","72h",25,133.5,125.32,6.13,"two_method"
"VIRGINIA SMITH DAM","NE02287","72h",50,148.87,138.75,6.8,"two_method"
"VIRGINIA SMITH DAM","NE02287","72h",100,164.26,152.03,7.45,"two_method"
"VIRGINIA SMITH DAM","NE02287","72h",200,179.74,165.18,8.1,"two_method"
"VIRGINIA SMITH DAM","NE02287","72h",500,200.38,182.45,8.95,"two_method"
"VIRGINIA SMITH DAM","NE02287","72h",1000,216.15,195.42,9.59,"two_method"
"VIRGINIA SMITH DAM","NE02287","72h",2000,232.06,208.32,10.23,"two_method"
"VIRGINIA SMITH DAM","NE02287","72h",5000,253.31,225.27,11.07,"two_method"
"VIRGINIA SMITH DAM","NE02287","72h",10000,269.56,238.03,11.7,"two_method"
"WAPATO LAKE DAM","WA00321","24h",2,56.38,56.38,0,"identical_fallback"
"WAPATO LAKE DAM","WA00321","24h",5,75.22,75.22,0,"identical_fallback"
"WAPATO LAKE DAM","WA00321","24h",10,88.09,88.09,0,"identical_fallback"
"WAPATO LAKE DAM","WA00321","24h",25,104.8,104.8,0,"identical_fallback"
"WAPATO LAKE DAM","WA00321","24h",50,117.53,117.53,0,"identical_fallback"
"WAPATO LAKE DAM","WA00321","24h",100,130.47,130.47,0,"identical_fallback"
"WAPATO LAKE DAM","WA00321","24h",200,143.65,143.65,0,"identical_fallback"
"WAPATO LAKE DAM","WA00321","24h",500,161.51,161.51,0,"identical_fallback"
"WAPATO LAKE DAM","WA00321","24h",1000,175.36,175.36,0,"identical_fallback"
"WAPATO LAKE DAM","WA00321","24h",2000,189.53,189.53,0,"identical_fallback"
"WAPATO LAKE DAM","WA00321","24h",5000,208.76,208.76,0,"identical_fallback"
"WAPATO LAKE DAM","WA00321","24h",10000,223.69,223.69,0,"identical_fallback"
"WAPATO LAKE DAM","WA00321","72h",2,90.41,90.41,0,"identical_fallback"
"WAPATO LAKE DAM","WA00321","72h",5,119.34,119.34,0,"identical_fallback"
"WAPATO LAKE DAM","WA00321","72h",10,138.78,138.78,0,"identical_fallback"
"WAPATO LAKE DAM","WA00321","72h",25,163.69,163.69,0,"identical_fallback"
"WAPATO LAKE DAM","WA00321","72h",50,182.41,182.41,0,"identical_fallback"
"WAPATO LAKE DAM","WA00321","72h",100,201.2,201.2,0,"identical_fallback"
"WAPATO LAKE DAM","WA00321","72h",200,220.14,220.14,0,"identical_fallback"
"WAPATO LAKE DAM","WA00321","72h",500,245.45,245.45,0,"identical_fallback"
"WAPATO LAKE DAM","WA00321","72h",1000,264.83,264.83,0,"identical_fallback"
"WAPATO LAKE DAM","WA00321","72h",2000,284.41,284.41,0,"identical_fallback"
"WAPATO LAKE DAM","WA00321","72h",5000,310.64,310.64,0,"identical_fallback"
"WAPATO LAKE DAM","WA00321","72h",10000,330.73,330.73,0,"identical_fallback"
"WARM SPRINGS RES. (USBR)","OR00082","24h",2,23.66,32.78,27.82,"two_method"
"WARM SPRINGS RES. (USBR)","OR00082","24h",5,31.52,41.58,24.19,"two_method"
"WARM SPRINGS RES. (USBR)","OR00082","24h",10,37.04,47.97,22.79,"two_method"
"WARM SPRINGS RES. (USBR)","OR00082","24h",25,44.38,57.21,22.43,"two_method"
"WARM SPRINGS RES. (USBR)","OR00082","24h",50,50.11,65.15,23.09,"two_method"
"WARM SPRINGS RES. (USBR)","OR00082","24h",100,56.05,74.16,24.42,"two_method"
"WARM SPRINGS RES. (USBR)","OR00082","24h",200,62.23,84.44,26.3,"two_method"
"WARM SPRINGS RES. (USBR)","OR00082","24h",500,70.79,100.33,29.44,"two_method"
"WARM SPRINGS RES. (USBR)","OR00082","24h",1000,77.59,114.4,32.18,"two_method"
"WARM SPRINGS RES. (USBR)","OR00082","24h",2000,84.68,130.54,35.13,"two_method"
"WARM SPRINGS RES. (USBR)","OR00082","24h",5000,94.53,155.57,39.24,"two_method"
"WARM SPRINGS RES. (USBR)","OR00082","24h",10000,102.36,177.77,42.42,"two_method"
"WARM SPRINGS RES. (USBR)","OR00082","72h",2,31.31,44.98,30.39,"two_method"
"WARM SPRINGS RES. (USBR)","OR00082","72h",5,40.94,57.83,29.21,"two_method"
"WARM SPRINGS RES. (USBR)","OR00082","72h",10,47.23,66.58,29.06,"two_method"
"WARM SPRINGS RES. (USBR)","OR00082","72h",25,55.09,77.92,29.3,"two_method"
"WARM SPRINGS RES. (USBR)","OR00082","72h",50,60.85,86.55,29.69,"two_method"
"WARM SPRINGS RES. (USBR)","OR00082","72h",100,66.52,95.3,30.2,"two_method"
"WARM SPRINGS RES. (USBR)","OR00082","72h",200,72.11,104.2,30.8,"two_method"
"WARM SPRINGS RES. (USBR)","OR00082","72h",500,79.4,116.24,31.69,"two_method"
"WARM SPRINGS RES. (USBR)","OR00082","72h",1000,84.86,125.56,32.41,"two_method"
"WARM SPRINGS RES. (USBR)","OR00082","72h",2000,90.26,135.07,33.18,"two_method"
"WARM SPRINGS RES. (USBR)","OR00082","72h",5000,97.32,147.95,34.22,"two_method"
"WARM SPRINGS RES. (USBR)","OR00082","72h",10000,102.6,157.94,35.04,"two_method"
"WARREN H. BROCK DIKES","CA10362","24h",2,21.89,21.89,0,"identical_fallback"
"WARREN H. BROCK DIKES","CA10362","24h",5,31.56,31.56,0,"identical_fallback"
"WARREN H. BROCK DIKES","CA10362","24h",10,38.49,38.49,0,"identical_fallback"
"WARREN H. BROCK DIKES","CA10362","24h",25,47.9,47.9,0,"identical_fallback"
"WARREN H. BROCK DIKES","CA10362","24h",50,55.38,55.38,0,"identical_fallback"
"WARREN H. BROCK DIKES","CA10362","24h",100,63.26,63.26,0,"identical_fallback"
"WARREN H. BROCK DIKES","CA10362","24h",200,71.58,71.58,0,"identical_fallback"
"WARREN H. BROCK DIKES","CA10362","24h",500,83.33,83.33,0,"identical_fallback"
"WARREN H. BROCK DIKES","CA10362","24h",1000,92.84,92.84,0,"identical_fallback"
"WARREN H. BROCK DIKES","CA10362","24h",2000,102.91,102.91,0,"identical_fallback"
"WARREN H. BROCK DIKES","CA10362","24h",5000,117.15,117.15,0,"identical_fallback"
"WARREN H. BROCK DIKES","CA10362","24h",10000,128.68,128.68,0,"identical_fallback"
"WARREN H. BROCK DIKES","CA10362","72h",2,25.64,25.64,0,"identical_fallback"
"WARREN H. BROCK DIKES","CA10362","72h",5,38.45,38.45,0,"identical_fallback"
"WARREN H. BROCK DIKES","CA10362","72h",10,48.03,48.03,0,"identical_fallback"
"WARREN H. BROCK DIKES","CA10362","72h",25,61.53,61.53,0,"identical_fallback"
"WARREN H. BROCK DIKES","CA10362","72h",50,72.67,72.67,0,"identical_fallback"
"WARREN H. BROCK DIKES","CA10362","72h",100,84.77,84.77,0,"identical_fallback"
"WARREN H. BROCK DIKES","CA10362","72h",200,97.96,97.96,0,"identical_fallback"
"WARREN H. BROCK DIKES","CA10362","72h",500,117.28,117.28,0,"identical_fallback"
"WARREN H. BROCK DIKES","CA10362","72h",1000,133.47,133.47,0,"identical_fallback"
"WARREN H. BROCK DIKES","CA10362","72h",2000,151.18,151.18,0,"identical_fallback"
"WARREN H. BROCK DIKES","CA10362","72h",5000,177.14,177.14,0,"identical_fallback"
"WARREN H. BROCK DIKES","CA10362","72h",10000,198.93,198.93,0,"identical_fallback"
"WASCO DAM","OR00326","24h",2,79.14,82.06,3.56,"two_method"
"WASCO DAM","OR00326","24h",5,104.46,107.83,3.13,"two_method"
"WASCO DAM","OR00326","24h",10,121.85,125.28,2.74,"two_method"
"WASCO DAM","OR00326","24h",25,144.54,147.78,2.19,"two_method"
"WASCO DAM","OR00326","24h",50,161.92,164.8,1.75,"two_method"
"WASCO DAM","OR00326","24h",100,179.64,181.97,1.28,"two_method"
"WASCO DAM","OR00326","24h",200,197.78,199.38,0.8,"two_method"
"WASCO DAM","OR00326","24h",500,222.47,222.78,0.14,"two_method"
"WASCO DAM","OR00326","24h",1000,241.72,240.81,0.38,"two_method"
"WASCO DAM","OR00326","24h",2000,261.48,259.13,0.9,"two_method"
"WASCO DAM","OR00326","24h",5000,288.41,283.82,1.59,"two_method"
"WASCO DAM","OR00326","24h",10000,309.43,302.85,2.13,"two_method"
"WASCO DAM","OR00326","72h",2,135.31,106.94,20.97,"two_method"
"WASCO DAM","OR00326","72h",5,172.74,138.53,19.8,"two_method"
"WASCO DAM","OR00326","72h",10,199.56,161.59,19.03,"two_method"
"WASCO DAM","OR00326","72h",25,237.89,195.08,18,"two_method"
"WASCO DAM","OR00326","72h",50,270.53,224.02,17.19,"two_method"
"WASCO DAM","OR00326","72h",100,307.22,256.95,16.36,"two_method"
"WASCO DAM","OR00326","72h",200,348.72,294.66,15.5,"two_method"
"WASCO DAM","OR00326","72h",500,412.26,353.23,14.32,"two_method"
"WASCO DAM","OR00326","72h",1000,467.99,405.32,13.39,"two_method"
"WASCO DAM","OR00326","72h",2000,531.36,465.27,12.44,"two_method"
"WASCO DAM","OR00326","72h",5000,628.67,558.64,11.14,"two_method"
"WASCO DAM","OR00326","72h",10000,714.12,641.79,10.13,"two_method"
"WB5 WASTEWAY DETENTION DAM","WA00553","24h",2,27.37,27.37,0,"identical_fallback"
"WB5 WASTEWAY DETENTION DAM","WA00553","24h",5,35.9,35.9,0,"identical_fallback"
"WB5 WASTEWAY DETENTION DAM","WA00553","24h",10,41.85,41.85,0,"identical_fallback"
"WB5 WASTEWAY DETENTION DAM","WA00553","24h",25,49.74,49.74,0,"identical_fallback"
"WB5 WASTEWAY DETENTION DAM","WA00553","24h",50,55.86,55.86,0,"identical_fallback"
"WB5 WASTEWAY DETENTION DAM","WA00553","24h",100,62.19,62.19,0,"identical_fallback"
"WB5 WASTEWAY DETENTION DAM","WA00553","24h",200,68.73,68.73,0,"identical_fallback"
"WB5 WASTEWAY DETENTION DAM","WA00553","24h",500,77.77,77.77,0,"identical_fallback"
"WB5 WASTEWAY DETENTION DAM","WA00553","24h",1000,84.92,84.92,0,"identical_fallback"
"WB5 WASTEWAY DETENTION DAM","WA00553","24h",2000,92.34,92.34,0,"identical_fallback"
"WB5 WASTEWAY DETENTION DAM","WA00553","24h",5000,102.6,102.6,0,"identical_fallback"
"WB5 WASTEWAY DETENTION DAM","WA00553","24h",10000,110.72,110.72,0,"identical_fallback"
"WB5 WASTEWAY DETENTION DAM","WA00553","72h",2,31.7,31.7,0,"identical_fallback"
"WB5 WASTEWAY DETENTION DAM","WA00553","72h",5,39.89,39.89,0,"identical_fallback"
"WB5 WASTEWAY DETENTION DAM","WA00553","72h",10,45.7,45.7,0,"identical_fallback"
"WB5 WASTEWAY DETENTION DAM","WA00553","72h",25,53.91,53.91,0,"identical_fallback"
"WB5 WASTEWAY DETENTION DAM","WA00553","72h",50,60.84,60.84,0,"identical_fallback"
"WB5 WASTEWAY DETENTION DAM","WA00553","72h",100,68.58,68.58,0,"identical_fallback"
"WB5 WASTEWAY DETENTION DAM","WA00553","72h",200,77.27,77.27,0,"identical_fallback"
"WB5 WASTEWAY DETENTION DAM","WA00553","72h",500,90.45,90.45,0,"identical_fallback"
"WB5 WASTEWAY DETENTION DAM","WA00553","72h",1000,101.92,101.92,0,"identical_fallback"
"WB5 WASTEWAY DETENTION DAM","WA00553","72h",2000,114.86,114.86,0,"identical_fallback"
"WB5 WASTEWAY DETENTION DAM","WA00553","72h",5000,134.57,134.57,0,"identical_fallback"
"WB5 WASTEWAY DETENTION DAM","WA00553","72h",10000,151.73,151.73,0,"identical_fallback"
"WEBSTER","KS00025","24h",2,64.53,65.99,2.21,"two_method"
"WEBSTER","KS00025","24h",5,88.55,88.44,0.12,"two_method"
"WEBSTER","KS00025","24h",10,105.74,105.09,0.61,"two_method"
"WEBSTER","KS00025","24h",25,129.06,129.58,0.4,"two_method"
"WEBSTER","KS00025","24h",50,147.58,151,2.26,"two_method"
"WEBSTER","KS00025","24h",100,167.07,175.63,4.87,"two_method"
"WEBSTER","KS00025","24h",200,187.64,204.11,8.07,"two_method"
"WEBSTER","KS00025","24h",500,216.67,248.87,12.94,"two_method"
"WEBSTER","KS00025","24h",1000,240.13,289.14,16.95,"two_method"
"WEBSTER","KS00025","24h",2000,264.97,335.96,21.13,"two_method"
"WEBSTER","KS00025","24h",5000,300.07,409.73,26.76,"two_method"
"WEBSTER","KS00025","24h",10000,328.45,476.18,31.02,"two_method"
"WEBSTER","KS00025","72h",2,77.57,79.86,2.87,"two_method"
"WEBSTER","KS00025","72h",5,103.73,106.92,2.98,"two_method"
"WEBSTER","KS00025","72h",10,121.11,124.52,2.74,"two_method"
"WEBSTER","KS00025","72h",25,143.13,146.42,2.25,"two_method"
"WEBSTER","KS00025","72h",50,159.52,162.42,1.79,"two_method"
"WEBSTER","KS00025","72h",100,175.82,178.1,1.28,"two_method"
"WEBSTER","KS00025","72h",200,192.11,193.53,0.73,"two_method"
"WEBSTER","KS00025","72h",500,213.66,213.57,0.04,"two_method"
"WEBSTER","KS00025","72h",1000,230,228.5,0.65,"two_method"
"WEBSTER","KS00025","72h",2000,246.37,243.24,1.27,"two_method"
"WEBSTER","KS00025","72h",5000,268.06,262.43,2.1,"two_method"
"WEBSTER","KS00025","72h",10000,284.52,276.73,2.74,"two_method"
"WEST SIDE DETENTION DIKE NO. 2","CA10199","24h",2,26.92,26.92,0,"identical_fallback"
"WEST SIDE DETENTION DIKE NO. 2","CA10199","24h",5,39.68,39.68,0,"identical_fallback"
"WEST SIDE DETENTION DIKE NO. 2","CA10199","24h",10,48.67,48.67,0,"identical_fallback"
"WEST SIDE DETENTION DIKE NO. 2","CA10199","24h",25,60.58,60.58,0,"identical_fallback"
"WEST SIDE DETENTION DIKE NO. 2","CA10199","24h",50,69.8,69.8,0,"identical_fallback"
"WEST SIDE DETENTION DIKE NO. 2","CA10199","24h",100,79.31,79.31,0,"identical_fallback"
"WEST SIDE DETENTION DIKE NO. 2","CA10199","24h",200,89.16,89.16,0,"identical_fallback"
"WEST SIDE DETENTION DIKE NO. 2","CA10199","24h",500,102.77,102.77,0,"identical_fallback"
"WEST SIDE DETENTION DIKE NO. 2","CA10199","24h",1000,113.56,113.56,0,"identical_fallback"
"WEST SIDE DETENTION DIKE NO. 2","CA10199","24h",2000,124.79,124.79,0,"identical_fallback"
"WEST SIDE DETENTION DIKE NO. 2","CA10199","24h",5000,140.35,140.35,0,"identical_fallback"
"WEST SIDE DETENTION DIKE NO. 2","CA10199","24h",10000,152.71,152.71,0,"identical_fallback"
"WEST SIDE DETENTION DIKE NO. 2","CA10199","72h",2,30.99,30.99,0,"identical_fallback"
"WEST SIDE DETENTION DIKE NO. 2","CA10199","72h",5,48.01,48.01,0,"identical_fallback"
"WEST SIDE DETENTION DIKE NO. 2","CA10199","72h",10,60.56,60.56,0,"identical_fallback"
"WEST SIDE DETENTION DIKE NO. 2","CA10199","72h",25,77.69,77.69,0,"identical_fallback"
"WEST SIDE DETENTION DIKE NO. 2","CA10199","72h",50,91.34,91.34,0,"identical_fallback"
"WEST SIDE DETENTION DIKE NO. 2","CA10199","72h",100,105.69,105.69,0,"identical_fallback"
"WEST SIDE DETENTION DIKE NO. 2","CA10199","72h",200,120.83,120.83,0,"identical_fallback"
"WEST SIDE DETENTION DIKE NO. 2","CA10199","72h",500,142.17,142.17,0,"identical_fallback"
"WEST SIDE DETENTION DIKE NO. 2","CA10199","72h",1000,159.38,159.38,0,"identical_fallback"
"WEST SIDE DETENTION DIKE NO. 2","CA10199","72h",2000,177.57,177.57,0,"identical_fallback"
"WEST SIDE DETENTION DIKE NO. 2","CA10199","72h",5000,203.19,203.19,0,"identical_fallback"
"WEST SIDE DETENTION DIKE NO. 2","CA10199","72h",10000,223.82,223.82,0,"identical_fallback"
"WESTSIDE DETEN DK 3","CA10200","24h",2,26.92,26.92,0,"identical_fallback"
"WESTSIDE DETEN DK 3","CA10200","24h",5,39.68,39.68,0,"identical_fallback"
"WESTSIDE DETEN DK 3","CA10200","24h",10,48.67,48.67,0,"identical_fallback"
"WESTSIDE DETEN DK 3","CA10200","24h",25,60.58,60.58,0,"identical_fallback"
"WESTSIDE DETEN DK 3","CA10200","24h",50,69.8,69.8,0,"identical_fallback"
"WESTSIDE DETEN DK 3","CA10200","24h",100,79.31,79.31,0,"identical_fallback"
"WESTSIDE DETEN DK 3","CA10200","24h",200,89.16,89.16,0,"identical_fallback"
"WESTSIDE DETEN DK 3","CA10200","24h",500,102.77,102.77,0,"identical_fallback"
"WESTSIDE DETEN DK 3","CA10200","24h",1000,113.56,113.56,0,"identical_fallback"
"WESTSIDE DETEN DK 3","CA10200","24h",2000,124.79,124.79,0,"identical_fallback"
"WESTSIDE DETEN DK 3","CA10200","24h",5000,140.35,140.35,0,"identical_fallback"
"WESTSIDE DETEN DK 3","CA10200","24h",10000,152.71,152.71,0,"identical_fallback"
"WESTSIDE DETEN DK 3","CA10200","72h",2,30.99,30.99,0,"identical_fallback"
"WESTSIDE DETEN DK 3","CA10200","72h",5,48.01,48.01,0,"identical_fallback"
"WESTSIDE DETEN DK 3","CA10200","72h",10,60.56,60.56,0,"identical_fallback"
"WESTSIDE DETEN DK 3","CA10200","72h",25,77.69,77.69,0,"identical_fallback"
"WESTSIDE DETEN DK 3","CA10200","72h",50,91.34,91.34,0,"identical_fallback"
"WESTSIDE DETEN DK 3","CA10200","72h",100,105.69,105.69,0,"identical_fallback"
"WESTSIDE DETEN DK 3","CA10200","72h",200,120.83,120.83,0,"identical_fallback"
"WESTSIDE DETEN DK 3","CA10200","72h",500,142.17,142.17,0,"identical_fallback"
"WESTSIDE DETEN DK 3","CA10200","72h",1000,159.38,159.38,0,"identical_fallback"
"WESTSIDE DETEN DK 3","CA10200","72h",2000,177.57,177.57,0,"identical_fallback"
"WESTSIDE DETEN DK 3","CA10200","72h",5000,203.19,203.19,0,"identical_fallback"
"WESTSIDE DETEN DK 3","CA10200","72h",10000,223.82,223.82,0,"identical_fallback"
"WETLANDS NO. 6","WY02102","24h",2,31.22,30.23,3.17,"two_method"
"WETLANDS NO. 6","WY02102","24h",5,43.93,42.09,4.19,"two_method"
"WETLANDS NO. 6","WY02102","24h",10,52.89,50.35,4.8,"two_method"
"WETLANDS NO. 6","WY02102","24h",25,64.85,61.28,5.51,"two_method"
"WETLANDS NO. 6","WY02102","24h",50,74.22,69.77,6,"two_method"
"WETLANDS NO. 6","WY02102","24h",100,83.96,78.52,6.48,"two_method"
"WETLANDS NO. 6","WY02102","24h",200,94.12,87.58,6.95,"two_method"
"WETLANDS NO. 6","WY02102","24h",500,108.26,100.07,7.57,"two_method"
"WETLANDS NO. 6","WY02102","24h",1000,119.53,109.94,8.02,"two_method"
"WETLANDS NO. 6","WY02102","24h",2000,131.32,120.18,8.48,"two_method"
"WETLANDS NO. 6","WY02102","24h",5000,147.75,134.33,9.08,"two_method"
"WETLANDS NO. 6","WY02102","24h",10000,160.86,145.51,9.54,"two_method"
"WETLANDS NO. 6","WY02102","72h",2,38.62,37.4,3.16,"two_method"
"WETLANDS NO. 6","WY02102","72h",5,54.63,52.33,4.21,"two_method"
"WETLANDS NO. 6","WY02102","72h",10,65.41,62.58,4.33,"two_method"
"WETLANDS NO. 6","WY02102","72h",25,79.21,75.97,4.09,"two_method"
"WETLANDS NO. 6","WY02102","72h",50,89.61,86.21,3.79,"two_method"
"WETLANDS NO. 6","WY02102","72h",100,100.1,96.66,3.44,"two_method"
"WETLANDS NO. 6","WY02102","72h",200,110.76,107.36,3.07,"two_method"
"WETLANDS NO. 6","WY02102","72h",500,125.2,121.91,2.63,"two_method"
"WETLANDS NO. 6","WY02102","72h",1000,136.42,133.26,2.32,"two_method"
"WETLANDS NO. 6","WY02102","72h",2000,147.93,144.91,2.04,"two_method"
"WETLANDS NO. 6","WY02102","72h",5000,163.63,160.78,1.74,"two_method"
"WETLANDS NO. 6","WY02102","72h",10000,175.9,173.17,1.55,"two_method"
"WHISKEYTOWN","CA10204","24h",2,82.19,82.17,0.02,"two_method"
"WHISKEYTOWN","CA10204","24h",5,106.01,108.2,2.02,"two_method"
"WHISKEYTOWN","CA10204","24h",10,122.66,125.32,2.12,"two_method"
"WHISKEYTOWN","CA10204","24h",25,145.98,146.82,0.57,"two_method"
"WHISKEYTOWN","CA10204","24h",50,165.47,162.69,1.68,"two_method"
"WHISKEYTOWN","CA10204","24h",100,187.02,178.36,4.63,"two_method"
"WHISKEYTOWN","CA10204","24h",200,211.01,193.9,8.11,"two_method"
"WHISKEYTOWN","CA10204","24h",500,247.07,214.29,13.27,"two_method"
"WHISKEYTOWN","CA10204","24h",1000,278.13,229.61,17.45,"two_method"
"WHISKEYTOWN","CA10204","24h",2000,312.89,244.86,21.74,"two_method"
"WHISKEYTOWN","CA10204","24h",5000,365.3,264.9,27.48,"two_method"
"WHISKEYTOWN","CA10204","24h",10000,410.5,279.97,31.8,"two_method"
"WHISKEYTOWN","CA10204","72h",2,130.72,144.1,9.29,"two_method"
"WHISKEYTOWN","CA10204","72h",5,177.94,192.62,7.62,"two_method"
"WHISKEYTOWN","CA10204","72h",10,208.87,223.37,6.49,"two_method"
"WHISKEYTOWN","CA10204","72h",25,247.59,260.7,5.03,"two_method"
"WHISKEYTOWN","CA10204","72h",50,276.05,287.35,3.93,"two_method"
"WHISKEYTOWN","CA10204","72h",100,304.08,312.96,2.84,"two_method"
"WHISKEYTOWN","CA10204","72h",200,331.8,337.65,1.73,"two_method"
"WHISKEYTOWN","CA10204","72h",500,368.03,369.03,0.27,"two_method"
"WHISKEYTOWN","CA10204","72h",1000,395.17,391.86,0.84,"two_method"
"WHISKEYTOWN","CA10204","72h",2000,422.09,413.97,1.92,"two_method"
"WHISKEYTOWN","CA10204","72h",5000,457.35,442.1,3.33,"two_method"
"WHISKEYTOWN","CA10204","72h",10000,483.78,462.6,4.38,"two_method"
"WICKIUP","OR10022","24h",2,61.4,72.04,14.77,"two_method"
"WICKIUP","OR10022","24h",5,80.91,93.53,13.49,"two_method"
"WICKIUP","OR10022","24h",10,93.93,108.05,13.07,"two_method"
"WICKIUP","OR10022","24h",25,110.5,126.76,12.83,"two_method"
"WICKIUP","OR10022","24h",50,122.93,140.89,12.75,"two_method"
"WICKIUP","OR10022","24h",100,135.42,155.13,12.71,"two_method"
"WICKIUP","OR10022","24h",200,148.06,169.55,12.67,"two_method"
"WICKIUP","OR10022","24h",500,165.12,188.91,12.59,"two_method"
"WICKIUP","OR10022","24h",1000,178.34,203.81,12.5,"two_method"
"WICKIUP","OR10022","24h",2000,191.86,218.93,12.36,"two_method"
"WICKIUP","OR10022","24h",5000,210.25,239.28,12.13,"two_method"
"WICKIUP","OR10022","24h",10000,224.56,254.95,11.92,"two_method"
"WICKIUP","OR10022","72h",2,119.77,136.53,12.28,"two_method"
"WICKIUP","OR10022","72h",5,149.25,169.99,12.2,"two_method"
"WICKIUP","OR10022","72h",10,169.74,192.63,11.88,"two_method"
"WICKIUP","OR10022","72h",25,198.32,223.51,11.27,"two_method"
"WICKIUP","OR10022","72h",50,222.09,248.65,10.68,"two_method"
"WICKIUP","OR10022","72h",100,248.3,275.89,10,"two_method"
"WICKIUP","OR10022","72h",200,277.37,305.58,9.23,"two_method"
"WICKIUP","OR10022","72h",500,320.91,349.15,8.09,"two_method"
"WICKIUP","OR10022","72h",1000,358.25,385.77,7.13,"two_method"
"WICKIUP","OR10022","72h",2000,399.9,425.92,6.11,"two_method"
"WICKIUP","OR10022","72h",5000,462.46,485.01,4.65,"two_method"
"WICKIUP","OR10022","72h",10000,516.19,534.76,3.47,"two_method"
"WICKIUP RESERVOIR (USBR)","OR00276","24h",2,61.41,72.03,14.74,"two_method"
"WICKIUP RESERVOIR (USBR)","OR00276","24h",5,80.92,93.51,13.46,"two_method"
"WICKIUP RESERVOIR (USBR)","OR00276","24h",10,93.94,108.03,13.04,"two_method"
"WICKIUP RESERVOIR (USBR)","OR00276","24h",25,110.52,126.73,12.79,"two_method"
"WICKIUP RESERVOIR (USBR)","OR00276","24h",50,122.94,140.86,12.72,"two_method"
"WICKIUP RESERVOIR (USBR)","OR00276","24h",100,135.43,155.11,12.69,"two_method"
"WICKIUP RESERVOIR (USBR)","OR00276","24h",200,148.08,169.52,12.65,"two_method"
"WICKIUP RESERVOIR (USBR)","OR00276","24h",500,165.14,188.88,12.57,"two_method"
"WICKIUP RESERVOIR (USBR)","OR00276","24h",1000,178.36,203.78,12.47,"two_method"
"WICKIUP RESERVOIR (USBR)","OR00276","24h",2000,191.88,218.9,12.34,"two_method"
"WICKIUP RESERVOIR (USBR)","OR00276","24h",5000,210.27,239.24,12.11,"two_method"
"WICKIUP RESERVOIR (USBR)","OR00276","24h",10000,224.59,254.91,11.89,"two_method"
"WICKIUP RESERVOIR (USBR)","OR00276","72h",2,105.47,136.44,22.7,"two_method"
"WICKIUP RESERVOIR (USBR)","OR00276","72h",5,133.37,169.88,21.49,"two_method"
"WICKIUP RESERVOIR (USBR)","OR00276","72h",10,153.22,192.5,20.41,"two_method"
"WICKIUP RESERVOIR (USBR)","OR00276","72h",25,181.41,223.35,18.78,"two_method"
"WICKIUP RESERVOIR (USBR)","OR00276","72h",50,205.28,248.48,17.39,"two_method"
"WICKIUP RESERVOIR (USBR)","OR00276","72h",100,231.99,275.7,15.85,"two_method"
"WICKIUP RESERVOIR (USBR)","OR00276","72h",200,262.05,305.38,14.19,"two_method"
"WICKIUP RESERVOIR (USBR)","OR00276","72h",500,307.83,348.91,11.77,"two_method"
"WICKIUP RESERVOIR (USBR)","OR00276","72h",1000,347.76,385.51,9.79,"two_method"
"WICKIUP RESERVOIR (USBR)","OR00276","72h",2000,392.95,425.63,7.68,"two_method"
"WICKIUP RESERVOIR (USBR)","OR00276","72h",5000,461.98,484.68,4.68,"two_method"
"WICKIUP RESERVOIR (USBR)","OR00276","72h",10000,522.26,534.4,2.27,"two_method"
"WILLOW CREEK","CO01670","24h",2,30.4,30.97,1.84,"two_method"
"WILLOW CREEK","CO01670","24h",5,41,40.93,0.17,"two_method"
"WILLOW CREEK","CO01670","24h",10,49.41,48.06,2.73,"two_method"
"WILLOW CREEK","CO01670","24h",25,62.5,57.72,7.65,"two_method"
"WILLOW CREEK","CO01670","24h",50,74.57,65.4,12.3,"two_method"
"WILLOW CREEK","CO01670","24h",100,89.09,73.47,17.53,"two_method"
"WILLOW CREEK","CO01670","24h",200,106.63,81.99,23.11,"two_method"
"WILLOW CREEK","CO01670","24h",500,135.66,94,30.71,"two_method"
"WILLOW CREEK","CO01670","24h",1000,163.13,103.71,36.42,"two_method"
"WILLOW CREEK","CO01670","24h",2000,196.48,113.98,41.99,"two_method"
"WILLOW CREEK","CO01670","24h",5000,251.81,128.5,48.97,"two_method"
"WILLOW CREEK","CO01670","24h",10000,304.21,140.23,53.9,"two_method"
"WILLOW CREEK","CO01670","72h",2,39.69,42.34,6.26,"two_method"
"WILLOW CREEK","CO01670","72h",5,54.76,54.47,0.53,"two_method"
"WILLOW CREEK","CO01670","72h",10,67.06,63.46,5.37,"two_method"
"WILLOW CREEK","CO01670","72h",25,86.68,76.69,11.53,"two_method"
"WILLOW CREEK","CO01670","72h",50,105.19,88.25,16.1,"two_method"
"WILLOW CREEK","CO01670","72h",100,127.87,101.54,20.59,"two_method"
"WILLOW CREEK","CO01670","72h",200,155.8,116.91,24.96,"two_method"
"WILLOW CREEK","CO01670","72h",500,203.04,141.07,30.52,"two_method"
"WILLOW CREEK","CO01670","72h",1000,248.71,162.8,34.54,"two_method"
"WILLOW CREEK","CO01670","72h",2000,305.21,188.05,38.39,"two_method"
"WILLOW CREEK","CO01670","72h",5000,401.01,227.85,43.18,"two_method"
"WILLOW CREEK","CO01670","72h",10000,493.71,263.68,46.59,"two_method"
"WILLOW CREEK BOR MT - DIKE 5","MT00577","24h",2,36.04,30.72,14.76,"two_method"
"WILLOW CREEK BOR MT - DIKE 5","MT00577","24h",5,49.62,42.74,13.87,"two_method"
"WILLOW CREEK BOR MT - DIKE 5","MT00577","24h",10,59,50.95,13.64,"two_method"
"WILLOW CREEK BOR MT - DIKE 5","MT00577","24h",25,71.33,61.55,13.71,"two_method"
"WILLOW CREEK BOR MT - DIKE 5","MT00577","24h",50,80.82,69.6,13.88,"two_method"
"WILLOW CREEK BOR MT - DIKE 5","MT00577","24h",100,90.55,77.78,14.1,"two_method"
"WILLOW CREEK BOR MT - DIKE 5","MT00577","24h",200,100.55,86.14,14.33,"two_method"
"WILLOW CREEK BOR MT - DIKE 5","MT00577","24h",500,114.25,97.52,14.64,"two_method"
"WILLOW CREEK BOR MT - DIKE 5","MT00577","24h",1000,124.98,106.41,14.86,"two_method"
"WILLOW CREEK BOR MT - DIKE 5","MT00577","24h",2000,136.06,115.57,15.06,"two_method"
"WILLOW CREEK BOR MT - DIKE 5","MT00577","24h",5000,151.24,128.13,15.28,"two_method"
"WILLOW CREEK BOR MT - DIKE 5","MT00577","24h",10000,163.15,137.98,15.43,"two_method"
"WILLOW CREEK BOR MT - DIKE 5","MT00577","72h",2,48.95,44.17,9.77,"two_method"
"WILLOW CREEK BOR MT - DIKE 5","MT00577","72h",5,67.83,61.62,9.16,"two_method"
"WILLOW CREEK BOR MT - DIKE 5","MT00577","72h",10,80.97,73.65,9.04,"two_method"
"WILLOW CREEK BOR MT - DIKE 5","MT00577","72h",25,98.34,89.4,9.09,"two_method"
"WILLOW CREEK BOR MT - DIKE 5","MT00577","72h",50,111.8,101.5,9.21,"two_method"
"WILLOW CREEK BOR MT - DIKE 5","MT00577","72h",100,125.67,113.87,9.39,"two_method"
"WILLOW CREEK BOR MT - DIKE 5","MT00577","72h",200,140,126.57,9.59,"two_method"
"WILLOW CREEK BOR MT - DIKE 5","MT00577","72h",500,159.74,143.9,9.92,"two_method"
"WILLOW CREEK BOR MT - DIKE 5","MT00577","72h",1000,175.3,157.45,10.18,"two_method"
"WILLOW CREEK BOR MT - DIKE 5","MT00577","72h",2000,191.45,171.4,10.47,"two_method"
"WILLOW CREEK BOR MT - DIKE 5","MT00577","72h",5000,213.71,190.48,10.87,"two_method"
"WILLOW CREEK BOR MT - DIKE 5","MT00577","72h",10000,231.28,205.41,11.19,"two_method"
"WILLWOOD DIVERSION","WY01382","24h",2,30.4,30.05,1.15,"two_method"
"WILLWOOD DIVERSION","WY01382","24h",5,42.47,41.84,1.48,"two_method"
"WILLWOOD DIVERSION","WY01382","24h",10,51.02,50.05,1.9,"two_method"
"WILLWOOD DIVERSION","WY01382","24h",25,62.54,60.92,2.59,"two_method"
"WILLWOOD DIVERSION","WY01382","24h",50,71.61,69.36,3.14,"two_method"
"WILLWOOD DIVERSION","WY01382","24h",100,81.1,78.06,3.75,"two_method"
"WILLWOOD DIVERSION","WY01382","24h",200,91.04,87.07,4.36,"two_method"
"WILLWOOD DIVERSION","WY01382","24h",500,104.97,99.49,5.22,"two_method"
"WILLWOOD DIVERSION","WY01382","24h",1000,116.14,109.29,5.9,"two_method"
"WILLWOOD DIVERSION","WY01382","24h",2000,127.89,119.48,6.58,"two_method"
"WILLWOOD DIVERSION","WY01382","24h",5000,144.37,133.54,7.5,"two_method"
"WILLWOOD DIVERSION","WY01382","24h",10000,157.6,144.66,8.21,"two_method"
"WILLWOOD DIVERSION","WY01382","72h",2,38.85,37.63,3.14,"two_method"
"WILLWOOD DIVERSION","WY01382","72h",5,54.54,52.57,3.61,"two_method"
"WILLWOOD DIVERSION","WY01382","72h",10,65.47,62.81,4.06,"two_method"
"WILLWOOD DIVERSION","WY01382","72h",25,79.91,76.14,4.72,"two_method"
"WILLWOOD DIVERSION","WY01382","72h",50,91.12,86.33,5.26,"two_method"
"WILLWOOD DIVERSION","WY01382","72h",100,102.66,96.71,5.8,"two_method"
"WILLWOOD DIVERSION","WY01382","72h",200,114.6,107.31,6.36,"two_method"
"WILLWOOD DIVERSION","WY01382","72h",500,131.04,121.7,7.13,"two_method"
"WILLWOOD DIVERSION","WY01382","72h",1000,144.01,132.91,7.71,"two_method"
"WILLWOOD DIVERSION","WY01382","72h",2000,157.47,144.39,8.31,"two_method"
"WILLWOOD DIVERSION","WY01382","72h",5000,176.04,160.01,9.11,"two_method"
"WILLWOOD DIVERSION","WY01382","72h",10000,190.71,172.17,9.72,"two_method"
"WIND RIVER DIVERSION","WY01383","24h",2,29.94,34.35,12.84,"two_method"
"WIND RIVER DIVERSION","WY01383","24h",5,41.26,48.49,14.91,"two_method"
"WIND RIVER DIVERSION","WY01383","24h",10,48.76,57.94,15.84,"two_method"
"WIND RIVER DIVERSION","WY01383","24h",25,58.25,69.97,16.75,"two_method"
"WIND RIVER DIVERSION","WY01383","24h",50,65.31,78.98,17.31,"two_method"
"WIND RIVER DIVERSION","WY01383","24h",100,72.31,88.05,17.88,"two_method"
"WIND RIVER DIVERSION","WY01383","24h",200,79.3,97.23,18.44,"two_method"
"WIND RIVER DIVERSION","WY01383","24h",500,88.53,109.62,19.24,"two_method"
"WIND RIVER DIVERSION","WY01383","24h",1000,95.51,119.22,19.89,"two_method"
"WIND RIVER DIVERSION","WY01383","24h",2000,102.5,129.04,20.57,"two_method"
"WIND RIVER DIVERSION","WY01383","24h",5000,111.74,142.39,21.53,"two_method"
"WIND RIVER DIVERSION","WY01383","24h",10000,118.74,152.79,22.29,"two_method"
"WIND RIVER DIVERSION","WY01383","72h",2,38.24,44.23,13.54,"two_method"
"WIND RIVER DIVERSION","WY01383","72h",5,51.93,62.74,17.23,"two_method"
"WIND RIVER DIVERSION","WY01383","72h",10,61.66,74.9,17.68,"two_method"
"WIND RIVER DIVERSION","WY01383","72h",25,75.48,90.18,16.3,"two_method"
"WIND RIVER DIVERSION","WY01383","72h",50,87.18,101.53,14.13,"two_method"
"WIND RIVER DIVERSION","WY01383","72h",100,100.26,112.85,11.16,"two_method"
"WIND RIVER DIVERSION","WY01383","72h",200,114.99,124.24,7.45,"two_method"
"WIND RIVER DIVERSION","WY01383","72h",500,137.41,139.49,1.49,"two_method"
"WIND RIVER DIVERSION","WY01383","72h",1000,156.96,151.22,3.66,"two_method"
"WIND RIVER DIVERSION","WY01383","72h",2000,179.08,163.17,8.88,"two_method"
"WIND RIVER DIVERSION","WY01383","72h",5000,212.86,179.31,15.76,"two_method"
"WIND RIVER DIVERSION","WY01383","72h",10000,242.35,191.81,20.85,"two_method"
