facility_id,flag,severity,detail
CA01230,ddf_missing,FAIL,ok in ledger but no DDF rows (by site_id)
AL01417,synthetic_cloud_unauditable,WARN,completed pre-fix in the cloud-sandbox environment (initial 453 cohort) whose data/synthetic/ was never committed; the synthetic-fallback audit cannot be applied retroactively (purge-commit known gap)
AL01420,synthetic_cloud_unauditable,WARN,completed pre-fix in the cloud-sandbox environment (initial 453 cohort) whose data/synthetic/ was never committed; the synthetic-fallback audit cannot be applied retroactively (purge-commit known gap)
AL01425,synthetic_cloud_unauditable,WARN,completed pre-fix in the cloud-sandbox environment (initial 453 cohort) whose data/synthetic/ was never committed; the synthetic-fallback audit cannot be applied retroactively (purge-commit known gap)
AL01427,synthetic_cloud_unauditable,WARN,completed pre-fix in the cloud-sandbox environment (initial 453 cohort) whose data/synthetic/ was never committed; the synthetic-fallback audit cannot be applied retroactively (purge-commit known gap)
AL01432,synthetic_cloud_unauditable,WARN,completed pre-fix in the cloud-sandbox environment (initial 453 cohort) whose data/synthetic/ was never committed; the synthetic-fallback audit cannot be applied retroactively (purge-commit known gap)
AL01435,synthetic_cloud_unauditable,WARN,completed pre-fix in the cloud-sandbox environment (initial 453 cohort) whose data/synthetic/ was never committed; the synthetic-fallback audit cannot be applied retroactively (purge-commit known gap)
AL07702,synthetic_cloud_unauditable,WARN,completed pre-fix in the cloud-sandbox environment (initial 453 cohort) whose data/synthetic/ was never committed; the synthetic-fallback audit cannot be applied retroactively (purge-commit known gap)
AL83001,synthetic_cloud_unauditable,WARN,completed pre-fix in the cloud-sandbox environment (initial 453 cohort) whose data/synthetic/ was never committed; the synthetic-fallback audit cannot be applied retroactively (purge-commit known gap)
AR00150,synthetic_cloud_unauditable,WARN,completed pre-fix in the cloud-sandbox environment (initial 453 cohort) whose data/synthetic/ was never committed; the synthetic-fallback audit cannot be applied retroactively (purge-commit known gap)
AR00158,synthetic_cloud_unauditable,WARN,completed pre-fix in the cloud-sandbox environment (initial 453 cohort) whose data/synthetic/ was never committed; the synthetic-fallback audit cannot be applied retroactively (purge-commit known gap)
AR00159,synthetic_cloud_unauditable,WARN,completed pre-fix in the cloud-sandbox environment (initial 453 cohort) whose data/synthetic/ was never committed; the synthetic-fallback audit cannot be applied retroactively (purge-commit known gap)
AR00160,synthetic_cloud_unauditable,WARN,completed pre-fix in the cloud-sandbox environment (initial 453 cohort) whose data/synthetic/ was never committed; the synthetic-fallback audit cannot be applied retroactively (purge-commit known gap)
AR00162,synthetic_cloud_unauditable,WARN,completed pre-fix in the cloud-sandbox environment (initial 453 cohort) whose data/synthetic/ was never committed; the synthetic-fallback audit cannot be applied retroactively (purge-commit known gap)
AR00174,synthetic_cloud_unauditable,WARN,completed pre-fix in the cloud-sandbox environment (initial 453 cohort) whose data/synthetic/ was never committed; the synthetic-fallback audit cannot be applied retroactively (purge-commit known gap)
AZ10002,synthetic_cloud_unauditable,WARN,completed pre-fix in the cloud-sandbox environment (initial 453 cohort) whose data/synthetic/ was never committed; the synthetic-fallback audit cannot be applied retroactively (purge-commit known gap)
AZ10008,synthetic_cloud_unauditable,WARN,completed pre-fix in the cloud-sandbox environment (initial 453 cohort) whose data/synthetic/ was never committed; the synthetic-fallback audit cannot be applied retroactively (purge-commit known gap)
AZ10307,synthetic_cloud_unauditable,WARN,completed pre-fix in the cloud-sandbox environment (initial 453 cohort) whose data/synthetic/ was never committed; the synthetic-fallback audit cannot be applied retroactively (purge-commit known gap)
AZ10309,synthetic_cloud_unauditable,WARN,completed pre-fix in the cloud-sandbox environment (initial 453 cohort) whose data/synthetic/ was never committed; the synthetic-fallback audit cannot be applied retroactively (purge-commit known gap)
AZ10317,synthetic_cloud_unauditable,WARN,completed pre-fix in the cloud-sandbox environment (initial 453 cohort) whose data/synthetic/ was never committed; the synthetic-fallback audit cannot be applied retroactively (purge-commit known gap)
AZ10436,synthetic_cloud_unauditable,WARN,completed pre-fix in the cloud-sandbox environment (initial 453 cohort) whose data/synthetic/ was never committed; the synthetic-fallback audit cannot be applied retroactively (purge-commit known gap)
AZ82203,synthetic_cloud_unauditable,WARN,completed pre-fix in the cloud-sandbox environment (initial 453 cohort) whose data/synthetic/ was never committed; the synthetic-fallback audit cannot be applied retroactively (purge-commit known gap)
AZ82929,synthetic_cloud_unauditable,WARN,completed pre-fix in the cloud-sandbox environment (initial 453 cohort) whose data/synthetic/ was never committed; the synthetic-fallback audit cannot be applied retroactively (purge-commit known gap)
CA00035,synthetic_cloud_unauditable,WARN,completed pre-fix in the cloud-sandbox environment (initial 453 cohort) whose data/synthetic/ was never committed; the synthetic-fallback audit cannot be applied retroactively (purge-commit known gap)
CA00044,synthetic_cloud_unauditable,WARN,completed pre-fix in the cloud-sandbox environment (initial 453 cohort) whose data/synthetic/ was never committed; the synthetic-fallback audit cannot be applied retroactively (purge-commit known gap)
CA00123,synthetic_cloud_unauditable,WARN,completed pre-fix in the cloud-sandbox environment (initial 453 cohort) whose data/synthetic/ was never committed; the synthetic-fallback audit cannot be applied retroactively (purge-commit known gap)
CA00125,synthetic_cloud_unauditable,WARN,completed pre-fix in the cloud-sandbox environment (initial 453 cohort) whose data/synthetic/ was never committed; the synthetic-fallback audit cannot be applied retroactively (purge-commit known gap)
CA00173,synthetic_cloud_unauditable,WARN,completed pre-fix in the cloud-sandbox environment (initial 453 cohort) whose data/synthetic/ was never committed; the synthetic-fallback audit cannot be applied retroactively (purge-commit known gap)
CA00240,synthetic_cloud_unauditable,WARN,completed pre-fix in the cloud-sandbox environment (initial 453 cohort) whose data/synthetic/ was never committed; the synthetic-fallback audit cannot be applied retroactively (purge-commit known gap)
CA00281,synthetic_cloud_unauditable,WARN,completed pre-fix in the cloud-sandbox environment (initial 453 cohort) whose data/synthetic/ was never committed; the synthetic-fallback audit cannot be applied retroactively (purge-commit known gap)
CA00327,synthetic_cloud_unauditable,WARN,completed pre-fix in the cloud-sandbox environment (initial 453 cohort) whose data/synthetic/ was never committed; the synthetic-fallback audit cannot be applied retroactively (purge-commit known gap)
CA00812,synthetic_cloud_unauditable,WARN,completed pre-fix in the cloud-sandbox environment (initial 453 cohort) whose data/synthetic/ was never committed; the synthetic-fallback audit cannot be applied retroactively (purge-commit known gap)
CA00813,synthetic_cloud_unauditable,WARN,completed pre-fix in the cloud-sandbox environment (initial 453 cohort) whose data/synthetic/ was never committed; the synthetic-fallback audit cannot be applied retroactively (purge-commit known gap)
CA00863,synthetic_cloud_unauditable,WARN,completed pre-fix in the cloud-sandbox environment (initial 453 cohort) whose data/synthetic/ was never committed; the synthetic-fallback audit cannot be applied retroactively (purge-commit known gap)
CA00911,synthetic_cloud_unauditable,WARN,completed pre-fix in the cloud-sandbox environment (initial 453 cohort) whose data/synthetic/ was never committed; the synthetic-fallback audit cannot be applied retroactively (purge-commit known gap)
CA01107,synthetic_cloud_unauditable,WARN,completed pre-fix in the cloud-sandbox environment (initial 453 cohort) whose data/synthetic/ was never committed; the synthetic-fallback audit cannot be applied retroactively (purge-commit known gap)
CA01410,synthetic_cloud_unauditable,WARN,completed pre-fix in the cloud-sandbox environment (initial 453 cohort) whose data/synthetic/ was never committed; the synthetic-fallback audit cannot be applied retroactively (purge-commit known gap)
CA10022,synthetic_cloud_unauditable,WARN,completed pre-fix in the cloud-sandbox environment (initial 453 cohort) whose data/synthetic/ was never committed; the synthetic-fallback audit cannot be applied retroactively (purge-commit known gap)
CA10106,synthetic_cloud_unauditable,WARN,completed pre-fix in the cloud-sandbox environment (initial 453 cohort) whose data/synthetic/ was never committed; the synthetic-fallback audit cannot be applied retroactively (purge-commit known gap)
CA10109,synthetic_cloud_unauditable,WARN,completed pre-fix in the cloud-sandbox environment (initial 453 cohort) whose data/synthetic/ was never committed; the synthetic-fallback audit cannot be applied retroactively (purge-commit known gap)
CA10112,synthetic_cloud_unauditable,WARN,completed pre-fix in the cloud-sandbox environment (initial 453 cohort) whose data/synthetic/ was never committed; the synthetic-fallback audit cannot be applied retroactively (purge-commit known gap)
CA10139,synthetic_cloud_unauditable,WARN,completed pre-fix in the cloud-sandbox environment (initial 453 cohort) whose data/synthetic/ was never committed; the synthetic-fallback audit cannot be applied retroactively (purge-commit known gap)
CA10141,synthetic_cloud_unauditable,WARN,completed pre-fix in the cloud-sandbox environment (initial 453 cohort) whose data/synthetic/ was never committed; the synthetic-fallback audit cannot be applied retroactively (purge-commit known gap)
CA10148,synthetic_cloud_unauditable,WARN,completed pre-fix in the cloud-sandbox environment (initial 453 cohort) whose data/synthetic/ was never committed; the synthetic-fallback audit cannot be applied retroactively (purge-commit known gap)
CA10154,synthetic_cloud_unauditable,WARN,completed pre-fix in the cloud-sandbox environment (initial 453 cohort) whose data/synthetic/ was never committed; the synthetic-fallback audit cannot be applied retroactively (purge-commit known gap)
CA10162,synthetic_cloud_unauditable,WARN,completed pre-fix in the cloud-sandbox environment (initial 453 cohort) whose data/synthetic/ was never committed; the synthetic-fallback audit cannot be applied retroactively (purge-commit known gap)
CA10170,synthetic_cloud_unauditable,WARN,completed pre-fix in the cloud-sandbox environment (initial 453 cohort) whose data/synthetic/ was never committed; the synthetic-fallback audit cannot be applied retroactively (purge-commit known gap)
CA10183,synthetic_cloud_unauditable,WARN,completed pre-fix in the cloud-sandbox environment (initial 453 cohort) whose data/synthetic/ was never committed; the synthetic-fallback audit cannot be applied retroactively (purge-commit known gap)
CA10186,synthetic_cloud_unauditable,WARN,completed pre-fix in the cloud-sandbox environment (initial 453 cohort) whose data/synthetic/ was never committed; the synthetic-fallback audit cannot be applied retroactively (purge-commit known gap)
CA10196,synthetic_cloud_unauditable,WARN,completed pre-fix in the cloud-sandbox environment (initial 453 cohort) whose data/synthetic/ was never committed; the synthetic-fallback audit cannot be applied retroactively (purge-commit known gap)
CA10197,synthetic_cloud_unauditable,WARN,completed pre-fix in the cloud-sandbox environment (initial 453 cohort) whose data/synthetic/ was never committed; the synthetic-fallback audit cannot be applied retroactively (purge-commit known gap)
CA10246,synthetic_cloud_unauditable,WARN,completed pre-fix in the cloud-sandbox environment (initial 453 cohort) whose data/synthetic/ was never committed; the synthetic-fallback audit cannot be applied retroactively (purge-commit known gap)
CO00299,synthetic_cloud_unauditable,WARN,completed pre-fix in the cloud-sandbox environment (initial 453 cohort) whose data/synthetic/ was never committed; the synthetic-fallback audit cannot be applied retroactively (purge-commit known gap)
CO00875,synthetic_cloud_unauditable,WARN,completed pre-fix in the cloud-sandbox environment (initial 453 cohort) whose data/synthetic/ was never committed; the synthetic-fallback audit cannot be applied retroactively (purge-commit known gap)
CO01281,synthetic_cloud_unauditable,WARN,completed pre-fix in the cloud-sandbox environment (initial 453 cohort) whose data/synthetic/ was never committed; the synthetic-fallback audit cannot be applied retroactively (purge-commit known gap)
CO01283,synthetic_cloud_unauditable,WARN,completed pre-fix in the cloud-sandbox environment (initial 453 cohort) whose data/synthetic/ was never committed; the synthetic-fallback audit cannot be applied retroactively (purge-commit known gap)
CO01300,synthetic_cloud_unauditable,WARN,completed pre-fix in the cloud-sandbox environment (initial 453 cohort) whose data/synthetic/ was never committed; the synthetic-fallback audit cannot be applied retroactively (purge-commit known gap)
CO01656,synthetic_cloud_unauditable,WARN,completed pre-fix in the cloud-sandbox environment (initial 453 cohort) whose data/synthetic/ was never committed; the synthetic-fallback audit cannot be applied retroactively (purge-commit known gap)
CO01675,synthetic_cloud_unauditable,WARN,completed pre-fix in the cloud-sandbox environment (initial 453 cohort) whose data/synthetic/ was never committed; the synthetic-fallback audit cannot be applied retroactively (purge-commit known gap)
CO01688,synthetic_cloud_unauditable,WARN,completed pre-fix in the cloud-sandbox environment (initial 453 cohort) whose data/synthetic/ was never committed; the synthetic-fallback audit cannot be applied retroactively (purge-commit known gap)
CO02707,synthetic_cloud_unauditable,WARN,completed pre-fix in the cloud-sandbox environment (initial 453 cohort) whose data/synthetic/ was never committed; the synthetic-fallback audit cannot be applied retroactively (purge-commit known gap)
FL00271,synthetic_cloud_unauditable,WARN,completed pre-fix in the cloud-sandbox environment (initial 453 cohort) whose data/synthetic/ was never committed; the synthetic-fallback audit cannot be applied retroactively (purge-commit known gap)
FL00291,synthetic_cloud_unauditable,WARN,completed pre-fix in the cloud-sandbox environment (initial 453 cohort) whose data/synthetic/ was never committed; the synthetic-fallback audit cannot be applied retroactively (purge-commit known gap)
FL00292,synthetic_cloud_unauditable,WARN,completed pre-fix in the cloud-sandbox environment (initial 453 cohort) whose data/synthetic/ was never committed; the synthetic-fallback audit cannot be applied retroactively (purge-commit known gap)
FL00297,synthetic_cloud_unauditable,WARN,completed pre-fix in the cloud-sandbox environment (initial 453 cohort) whose data/synthetic/ was never committed; the synthetic-fallback audit cannot be applied retroactively (purge-commit known gap)
FL00299,synthetic_cloud_unauditable,WARN,completed pre-fix in the cloud-sandbox environment (initial 453 cohort) whose data/synthetic/ was never committed; the synthetic-fallback audit cannot be applied retroactively (purge-commit known gap)
FL00300,synthetic_cloud_unauditable,WARN,completed pre-fix in the cloud-sandbox environment (initial 453 cohort) whose data/synthetic/ was never committed; the synthetic-fallback audit cannot be applied retroactively (purge-commit known gap)
FL00301,synthetic_cloud_unauditable,WARN,completed pre-fix in the cloud-sandbox environment (initial 453 cohort) whose data/synthetic/ was never committed; the synthetic-fallback audit cannot be applied retroactively (purge-commit known gap)
FL00302,synthetic_cloud_unauditable,WARN,completed pre-fix in the cloud-sandbox environment (initial 453 cohort) whose data/synthetic/ was never committed; the synthetic-fallback audit cannot be applied retroactively (purge-commit known gap)
FL00312,synthetic_cloud_unauditable,WARN,completed pre-fix in the cloud-sandbox environment (initial 453 cohort) whose data/synthetic/ was never committed; the synthetic-fallback audit cannot be applied retroactively (purge-commit known gap)
FL00324,synthetic_cloud_unauditable,WARN,completed pre-fix in the cloud-sandbox environment (initial 453 cohort) whose data/synthetic/ was never committed; the synthetic-fallback audit cannot be applied retroactively (purge-commit known gap)
FL00327,synthetic_cloud_unauditable,WARN,completed pre-fix in the cloud-sandbox environment (initial 453 cohort) whose data/synthetic/ was never committed; the synthetic-fallback audit cannot be applied retroactively (purge-commit known gap)
FL00334,synthetic_cloud_unauditable,WARN,completed pre-fix in the cloud-sandbox environment (initial 453 cohort) whose data/synthetic/ was never committed; the synthetic-fallback audit cannot be applied retroactively (purge-commit known gap)
FL00338,synthetic_cloud_unauditable,WARN,completed pre-fix in the cloud-sandbox environment (initial 453 cohort) whose data/synthetic/ was never committed; the synthetic-fallback audit cannot be applied retroactively (purge-commit known gap)
FL00343,synthetic_cloud_unauditable,WARN,completed pre-fix in the cloud-sandbox environment (initial 453 cohort) whose data/synthetic/ was never committed; the synthetic-fallback audit cannot be applied retroactively (purge-commit known gap)
FL00345,synthetic_cloud_unauditable,WARN,completed pre-fix in the cloud-sandbox environment (initial 453 cohort) whose data/synthetic/ was never committed; the synthetic-fallback audit cannot be applied retroactively (purge-commit known gap)
FL00350,synthetic_cloud_unauditable,WARN,completed pre-fix in the cloud-sandbox environment (initial 453 cohort) whose data/synthetic/ was never committed; the synthetic-fallback audit cannot be applied retroactively (purge-commit known gap)
FL00384,synthetic_cloud_unauditable,WARN,completed pre-fix in the cloud-sandbox environment (initial 453 cohort) whose data/synthetic/ was never committed; the synthetic-fallback audit cannot be applied retroactively (purge-commit known gap)
FL00426,synthetic_cloud_unauditable,WARN,completed pre-fix in the cloud-sandbox environment (initial 453 cohort) whose data/synthetic/ was never committed; the synthetic-fallback audit cannot be applied retroactively (purge-commit known gap)
FL00435,synthetic_cloud_unauditable,WARN,completed pre-fix in the cloud-sandbox environment (initial 453 cohort) whose data/synthetic/ was never committed; the synthetic-fallback audit cannot be applied retroactively (purge-commit known gap)
FL00678,synthetic_cloud_unauditable,WARN,completed pre-fix in the cloud-sandbox environment (initial 453 cohort) whose data/synthetic/ was never committed; the synthetic-fallback audit cannot be applied retroactively (purge-commit known gap)
FL00681,synthetic_cloud_unauditable,WARN,completed pre-fix in the cloud-sandbox environment (initial 453 cohort) whose data/synthetic/ was never committed; the synthetic-fallback audit cannot be applied retroactively (purge-commit known gap)
FL00683,synthetic_cloud_unauditable,WARN,completed pre-fix in the cloud-sandbox environment (initial 453 cohort) whose data/synthetic/ was never committed; the synthetic-fallback audit cannot be applied retroactively (purge-commit known gap)
FL00693,synthetic_cloud_unauditable,WARN,completed pre-fix in the cloud-sandbox environment (initial 453 cohort) whose data/synthetic/ was never committed; the synthetic-fallback audit cannot be applied retroactively (purge-commit known gap)
FL11067,synthetic_cloud_unauditable,WARN,completed pre-fix in the cloud-sandbox environment (initial 453 cohort) whose data/synthetic/ was never committed; the synthetic-fallback audit cannot be applied retroactively (purge-commit known gap)
FL36001,synthetic_cloud_unauditable,WARN,completed pre-fix in the cloud-sandbox environment (initial 453 cohort) whose data/synthetic/ was never committed; the synthetic-fallback audit cannot be applied retroactively (purge-commit known gap)
FL36005,synthetic_cloud_unauditable,WARN,completed pre-fix in the cloud-sandbox environment (initial 453 cohort) whose data/synthetic/ was never committed; the synthetic-fallback audit cannot be applied retroactively (purge-commit known gap)
FL36006,synthetic_cloud_unauditable,WARN,completed pre-fix in the cloud-sandbox environment (initial 453 cohort) whose data/synthetic/ was never committed; the synthetic-fallback audit cannot be applied retroactively (purge-commit known gap)
FL36007,synthetic_cloud_unauditable,WARN,completed pre-fix in the cloud-sandbox environment (initial 453 cohort) whose data/synthetic/ was never committed; the synthetic-fallback audit cannot be applied retroactively (purge-commit known gap)
FL36008,synthetic_cloud_unauditable,WARN,completed pre-fix in the cloud-sandbox environment (initial 453 cohort) whose data/synthetic/ was never committed; the synthetic-fallback audit cannot be applied retroactively (purge-commit known gap)
FL36010,synthetic_cloud_unauditable,WARN,completed pre-fix in the cloud-sandbox environment (initial 453 cohort) whose data/synthetic/ was never committed; the synthetic-fallback audit cannot be applied retroactively (purge-commit known gap)
FL36016,synthetic_cloud_unauditable,WARN,completed pre-fix in the cloud-sandbox environment (initial 453 cohort) whose data/synthetic/ was never committed; the synthetic-fallback audit cannot be applied retroactively (purge-commit known gap)
FL36017,synthetic_cloud_unauditable,WARN,completed pre-fix in the cloud-sandbox environment (initial 453 cohort) whose data/synthetic/ was never committed; the synthetic-fallback audit cannot be applied retroactively (purge-commit known gap)
FL36018,synthetic_cloud_unauditable,WARN,completed pre-fix in the cloud-sandbox environment (initial 453 cohort) whose data/synthetic/ was never committed; the synthetic-fallback audit cannot be applied retroactively (purge-commit known gap)
FL36019,synthetic_cloud_unauditable,WARN,completed pre-fix in the cloud-sandbox environment (initial 453 cohort) whose data/synthetic/ was never committed; the synthetic-fallback audit cannot be applied retroactively (purge-commit known gap)
GA00820,synthetic_cloud_unauditable,WARN,completed pre-fix in the cloud-sandbox environment (initial 453 cohort) whose data/synthetic/ was never committed; the synthetic-fallback audit cannot be applied retroactively (purge-commit known gap)
GA00821,synthetic_cloud_unauditable,WARN,completed pre-fix in the cloud-sandbox environment (initial 453 cohort) whose data/synthetic/ was never committed; the synthetic-fallback audit cannot be applied retroactively (purge-commit known gap)
GA00824,synthetic_cloud_unauditable,WARN,completed pre-fix in the cloud-sandbox environment (initial 453 cohort) whose data/synthetic/ was never committed; the synthetic-fallback audit cannot be applied retroactively (purge-commit known gap)
GA00836,synthetic_cloud_unauditable,WARN,completed pre-fix in the cloud-sandbox environment (initial 453 cohort) whose data/synthetic/ was never committed; the synthetic-fallback audit cannot be applied retroactively (purge-commit known gap)
GA01701,synthetic_cloud_unauditable,WARN,completed pre-fix in the cloud-sandbox environment (initial 453 cohort) whose data/synthetic/ was never committed; the synthetic-fallback audit cannot be applied retroactively (purge-commit known gap)
GA01702,synthetic_cloud_unauditable,WARN,completed pre-fix in the cloud-sandbox environment (initial 453 cohort) whose data/synthetic/ was never committed; the synthetic-fallback audit cannot be applied retroactively (purge-commit known gap)
GA01705,synthetic_cloud_unauditable,WARN,completed pre-fix in the cloud-sandbox environment (initial 453 cohort) whose data/synthetic/ was never committed; the synthetic-fallback audit cannot be applied retroactively (purge-commit known gap)
GA03742,synthetic_cloud_unauditable,WARN,completed pre-fix in the cloud-sandbox environment (initial 453 cohort) whose data/synthetic/ was never committed; the synthetic-fallback audit cannot be applied retroactively (purge-commit known gap)
IA00012,synthetic_cloud_unauditable,WARN,completed pre-fix in the cloud-sandbox environment (initial 453 cohort) whose data/synthetic/ was never committed; the synthetic-fallback audit cannot be applied retroactively (purge-commit known gap)
IA00016,synthetic_cloud_unauditable,WARN,completed pre-fix in the cloud-sandbox environment (initial 453 cohort) whose data/synthetic/ was never committed; the synthetic-fallback audit cannot be applied retroactively (purge-commit known gap)
IA00017,synthetic_cloud_unauditable,WARN,completed pre-fix in the cloud-sandbox environment (initial 453 cohort) whose data/synthetic/ was never committed; the synthetic-fallback audit cannot be applied retroactively (purge-commit known gap)
ID00056,synthetic_cloud_unauditable,WARN,completed pre-fix in the cloud-sandbox environment (initial 453 cohort) whose data/synthetic/ was never committed; the synthetic-fallback audit cannot be applied retroactively (purge-commit known gap)
ID00204,synthetic_cloud_unauditable,WARN,completed pre-fix in the cloud-sandbox environment (initial 453 cohort) whose data/synthetic/ was never committed; the synthetic-fallback audit cannot be applied retroactively (purge-commit known gap)
ID00244,synthetic_cloud_unauditable,WARN,completed pre-fix in the cloud-sandbox environment (initial 453 cohort) whose data/synthetic/ was never committed; the synthetic-fallback audit cannot be applied retroactively (purge-commit known gap)
ID00273,synthetic_cloud_unauditable,WARN,completed pre-fix in the cloud-sandbox environment (initial 453 cohort) whose data/synthetic/ was never committed; the synthetic-fallback audit cannot be applied retroactively (purge-commit known gap)
ID00274,synthetic_cloud_unauditable,WARN,completed pre-fix in the cloud-sandbox environment (initial 453 cohort) whose data/synthetic/ was never committed; the synthetic-fallback audit cannot be applied retroactively (purge-commit known gap)
ID00279,synthetic_cloud_unauditable,WARN,completed pre-fix in the cloud-sandbox environment (initial 453 cohort) whose data/synthetic/ was never committed; the synthetic-fallback audit cannot be applied retroactively (purge-commit known gap)
ID00283,synthetic_cloud_unauditable,WARN,completed pre-fix in the cloud-sandbox environment (initial 453 cohort) whose data/synthetic/ was never committed; the synthetic-fallback audit cannot be applied retroactively (purge-commit known gap)
ID00287,synthetic_cloud_unauditable,WARN,completed pre-fix in the cloud-sandbox environment (initial 453 cohort) whose data/synthetic/ was never committed; the synthetic-fallback audit cannot be applied retroactively (purge-commit known gap)
ID00288,synthetic_cloud_unauditable,WARN,completed pre-fix in the cloud-sandbox environment (initial 453 cohort) whose data/synthetic/ was never committed; the synthetic-fallback audit cannot be applied retroactively (purge-commit known gap)
ID00319,synthetic_cloud_unauditable,WARN,completed pre-fix in the cloud-sandbox environment (initial 453 cohort) whose data/synthetic/ was never committed; the synthetic-fallback audit cannot be applied retroactively (purge-commit known gap)
ID00448,synthetic_cloud_unauditable,WARN,completed pre-fix in the cloud-sandbox environment (initial 453 cohort) whose data/synthetic/ was never committed; the synthetic-fallback audit cannot be applied retroactively (purge-commit known gap)
IL00113,synthetic_cloud_unauditable,WARN,completed pre-fix in the cloud-sandbox environment (initial 453 cohort) whose data/synthetic/ was never committed; the synthetic-fallback audit cannot be applied retroactively (purge-commit known gap)
IL00117,synthetic_cloud_unauditable,WARN,completed pre-fix in the cloud-sandbox environment (initial 453 cohort) whose data/synthetic/ was never committed; the synthetic-fallback audit cannot be applied retroactively (purge-commit known gap)
IL00118,synthetic_cloud_unauditable,WARN,completed pre-fix in the cloud-sandbox environment (initial 453 cohort) whose data/synthetic/ was never committed; the synthetic-fallback audit cannot be applied retroactively (purge-commit known gap)
IL01238,synthetic_cloud_unauditable,WARN,completed pre-fix in the cloud-sandbox environment (initial 453 cohort) whose data/synthetic/ was never committed; the synthetic-fallback audit cannot be applied retroactively (purge-commit known gap)
IL50499,synthetic_cloud_unauditable,WARN,completed pre-fix in the cloud-sandbox environment (initial 453 cohort) whose data/synthetic/ was never committed; the synthetic-fallback audit cannot be applied retroactively (purge-commit known gap)
IL55094,synthetic_cloud_unauditable,WARN,completed pre-fix in the cloud-sandbox environment (initial 453 cohort) whose data/synthetic/ was never committed; the synthetic-fallback audit cannot be applied retroactively (purge-commit known gap)
IN03001,synthetic_cloud_unauditable,WARN,completed pre-fix in the cloud-sandbox environment (initial 453 cohort) whose data/synthetic/ was never committed; the synthetic-fallback audit cannot be applied retroactively (purge-commit known gap)
IN03004,synthetic_cloud_unauditable,WARN,completed pre-fix in the cloud-sandbox environment (initial 453 cohort) whose data/synthetic/ was never committed; the synthetic-fallback audit cannot be applied retroactively (purge-commit known gap)
IN03018,synthetic_cloud_unauditable,WARN,completed pre-fix in the cloud-sandbox environment (initial 453 cohort) whose data/synthetic/ was never committed; the synthetic-fallback audit cannot be applied retroactively (purge-commit known gap)
KS00001,synthetic_cloud_unauditable,WARN,completed pre-fix in the cloud-sandbox environment (initial 453 cohort) whose data/synthetic/ was never committed; the synthetic-fallback audit cannot be applied retroactively (purge-commit known gap)
KS00002,synthetic_cloud_unauditable,WARN,completed pre-fix in the cloud-sandbox environment (initial 453 cohort) whose data/synthetic/ was never committed; the synthetic-fallback audit cannot be applied retroactively (purge-commit known gap)
KS00004,synthetic_cloud_unauditable,WARN,completed pre-fix in the cloud-sandbox environment (initial 453 cohort) whose data/synthetic/ was never committed; the synthetic-fallback audit cannot be applied retroactively (purge-commit known gap)
KS00005,synthetic_cloud_unauditable,WARN,completed pre-fix in the cloud-sandbox environment (initial 453 cohort) whose data/synthetic/ was never committed; the synthetic-fallback audit cannot be applied retroactively (purge-commit known gap)
KS00007,synthetic_cloud_unauditable,WARN,completed pre-fix in the cloud-sandbox environment (initial 453 cohort) whose data/synthetic/ was never committed; the synthetic-fallback audit cannot be applied retroactively (purge-commit known gap)
KS00008,synthetic_cloud_unauditable,WARN,completed pre-fix in the cloud-sandbox environment (initial 453 cohort) whose data/synthetic/ was never committed; the synthetic-fallback audit cannot be applied retroactively (purge-commit known gap)
KS00009,synthetic_cloud_unauditable,WARN,completed pre-fix in the cloud-sandbox environment (initial 453 cohort) whose data/synthetic/ was never committed; the synthetic-fallback audit cannot be applied retroactively (purge-commit known gap)
KS00011,synthetic_cloud_unauditable,WARN,completed pre-fix in the cloud-sandbox environment (initial 453 cohort) whose data/synthetic/ was never committed; the synthetic-fallback audit cannot be applied retroactively (purge-commit known gap)
KS00012,synthetic_cloud_unauditable,WARN,completed pre-fix in the cloud-sandbox environment (initial 453 cohort) whose data/synthetic/ was never committed; the synthetic-fallback audit cannot be applied retroactively (purge-commit known gap)
KS00013,synthetic_cloud_unauditable,WARN,completed pre-fix in the cloud-sandbox environment (initial 453 cohort) whose data/synthetic/ was never committed; the synthetic-fallback audit cannot be applied retroactively (purge-commit known gap)
KS00017,synthetic_cloud_unauditable,WARN,completed pre-fix in the cloud-sandbox environment (initial 453 cohort) whose data/synthetic/ was never committed; the synthetic-fallback audit cannot be applied retroactively (purge-commit known gap)
KS00019,synthetic_cloud_unauditable,WARN,completed pre-fix in the cloud-sandbox environment (initial 453 cohort) whose data/synthetic/ was never committed; the synthetic-fallback audit cannot be applied retroactively (purge-commit known gap)
KS00021,synthetic_cloud_unauditable,WARN,completed pre-fix in the cloud-sandbox environment (initial 453 cohort) whose data/synthetic/ was never committed; the synthetic-fallback audit cannot be applied retroactively (purge-commit known gap)
KS00022,synthetic_cloud_unauditable,WARN,completed pre-fix in the cloud-sandbox environment (initial 453 cohort) whose data/synthetic/ was never committed; the synthetic-fallback audit cannot be applied retroactively (purge-commit known gap)
KS00025,synthetic_cloud_unauditable,WARN,completed pre-fix in the cloud-sandbox environment (initial 453 cohort) whose data/synthetic/ was never committed; the synthetic-fallback audit cannot be applied retroactively (purge-commit known gap)
KS00026,synthetic_cloud_unauditable,WARN,completed pre-fix in the cloud-sandbox environment (initial 453 cohort) whose data/synthetic/ was never committed; the synthetic-fallback audit cannot be applied retroactively (purge-commit known gap)
KY00051,synthetic_cloud_unauditable,WARN,completed pre-fix in the cloud-sandbox environment (initial 453 cohort) whose data/synthetic/ was never committed; the synthetic-fallback audit cannot be applied retroactively (purge-commit known gap)
KY03001,synthetic_cloud_unauditable,WARN,completed pre-fix in the cloud-sandbox environment (initial 453 cohort) whose data/synthetic/ was never committed; the synthetic-fallback audit cannot be applied retroactively (purge-commit known gap)
KY03011,synthetic_cloud_unauditable,WARN,completed pre-fix in the cloud-sandbox environment (initial 453 cohort) whose data/synthetic/ was never committed; the synthetic-fallback audit cannot be applied retroactively (purge-commit known gap)
KY03012,synthetic_cloud_unauditable,WARN,completed pre-fix in the cloud-sandbox environment (initial 453 cohort) whose data/synthetic/ was never committed; the synthetic-fallback audit cannot be applied retroactively (purge-commit known gap)
KY03032,synthetic_cloud_unauditable,WARN,completed pre-fix in the cloud-sandbox environment (initial 453 cohort) whose data/synthetic/ was never committed; the synthetic-fallback audit cannot be applied retroactively (purge-commit known gap)
KY03033,synthetic_cloud_unauditable,WARN,completed pre-fix in the cloud-sandbox environment (initial 453 cohort) whose data/synthetic/ was never committed; the synthetic-fallback audit cannot be applied retroactively (purge-commit known gap)
KY03034,synthetic_cloud_unauditable,WARN,completed pre-fix in the cloud-sandbox environment (initial 453 cohort) whose data/synthetic/ was never committed; the synthetic-fallback audit cannot be applied retroactively (purge-commit known gap)
KY03041,synthetic_cloud_unauditable,WARN,completed pre-fix in the cloud-sandbox environment (initial 453 cohort) whose data/synthetic/ was never committed; the synthetic-fallback audit cannot be applied retroactively (purge-commit known gap)
KY03042,synthetic_cloud_unauditable,WARN,completed pre-fix in the cloud-sandbox environment (initial 453 cohort) whose data/synthetic/ was never committed; the synthetic-fallback audit cannot be applied retroactively (purge-commit known gap)
KY03058,synthetic_cloud_unauditable,WARN,completed pre-fix in the cloud-sandbox environment (initial 453 cohort) whose data/synthetic/ was never committed; the synthetic-fallback audit cannot be applied retroactively (purge-commit known gap)
KY03059,synthetic_cloud_unauditable,WARN,completed pre-fix in the cloud-sandbox environment (initial 453 cohort) whose data/synthetic/ was never committed; the synthetic-fallback audit cannot be applied retroactively (purge-commit known gap)
KY03060,synthetic_cloud_unauditable,WARN,completed pre-fix in the cloud-sandbox environment (initial 453 cohort) whose data/synthetic/ was never committed; the synthetic-fallback audit cannot be applied retroactively (purge-commit known gap)
KY15701,synthetic_cloud_unauditable,WARN,completed pre-fix in the cloud-sandbox environment (initial 453 cohort) whose data/synthetic/ was never committed; the synthetic-fallback audit cannot be applied retroactively (purge-commit known gap)
LA00002,synthetic_cloud_unauditable,WARN,completed pre-fix in the cloud-sandbox environment (initial 453 cohort) whose data/synthetic/ was never committed; the synthetic-fallback audit cannot be applied retroactively (purge-commit known gap)
LA00030,synthetic_cloud_unauditable,WARN,completed pre-fix in the cloud-sandbox environment (initial 453 cohort) whose data/synthetic/ was never committed; the synthetic-fallback audit cannot be applied retroactively (purge-commit known gap)
LA00179,synthetic_cloud_unauditable,WARN,completed pre-fix in the cloud-sandbox environment (initial 453 cohort) whose data/synthetic/ was never committed; the synthetic-fallback audit cannot be applied retroactively (purge-commit known gap)
LA00181,synthetic_cloud_unauditable,WARN,completed pre-fix in the cloud-sandbox environment (initial 453 cohort) whose data/synthetic/ was never committed; the synthetic-fallback audit cannot be applied retroactively (purge-commit known gap)
LA00386,synthetic_cloud_unauditable,WARN,completed pre-fix in the cloud-sandbox environment (initial 453 cohort) whose data/synthetic/ was never committed; the synthetic-fallback audit cannot be applied retroactively (purge-commit known gap)
MD00097,synthetic_cloud_unauditable,WARN,completed pre-fix in the cloud-sandbox environment (initial 453 cohort) whose data/synthetic/ was never committed; the synthetic-fallback audit cannot be applied retroactively (purge-commit known gap)
ME00091,synthetic_cloud_unauditable,WARN,completed pre-fix in the cloud-sandbox environment (initial 453 cohort) whose data/synthetic/ was never committed; the synthetic-fallback audit cannot be applied retroactively (purge-commit known gap)
MI00650,synthetic_cloud_unauditable,WARN,completed pre-fix in the cloud-sandbox environment (initial 453 cohort) whose data/synthetic/ was never committed; the synthetic-fallback audit cannot be applied retroactively (purge-commit known gap)
MN00076,synthetic_cloud_unauditable,WARN,completed pre-fix in the cloud-sandbox environment (initial 453 cohort) whose data/synthetic/ was never committed; the synthetic-fallback audit cannot be applied retroactively (purge-commit known gap)
MN00209,synthetic_cloud_unauditable,WARN,completed pre-fix in the cloud-sandbox environment (initial 453 cohort) whose data/synthetic/ was never committed; the synthetic-fallback audit cannot be applied retroactively (purge-commit known gap)
MN00573,synthetic_cloud_unauditable,WARN,completed pre-fix in the cloud-sandbox environment (initial 453 cohort) whose data/synthetic/ was never committed; the synthetic-fallback audit cannot be applied retroactively (purge-commit known gap)
MN00585,synthetic_cloud_unauditable,WARN,completed pre-fix in the cloud-sandbox environment (initial 453 cohort) whose data/synthetic/ was never committed; the synthetic-fallback audit cannot be applied retroactively (purge-commit known gap)
MN00586,synthetic_cloud_unauditable,WARN,completed pre-fix in the cloud-sandbox environment (initial 453 cohort) whose data/synthetic/ was never committed; the synthetic-fallback audit cannot be applied retroactively (purge-commit known gap)
MN00594,synthetic_cloud_unauditable,WARN,completed pre-fix in the cloud-sandbox environment (initial 453 cohort) whose data/synthetic/ was never committed; the synthetic-fallback audit cannot be applied retroactively (purge-commit known gap)
MN00595,synthetic_cloud_unauditable,WARN,completed pre-fix in the cloud-sandbox environment (initial 453 cohort) whose data/synthetic/ was never committed; the synthetic-fallback audit cannot be applied retroactively (purge-commit known gap)
MN00653,synthetic_cloud_unauditable,WARN,completed pre-fix in the cloud-sandbox environment (initial 453 cohort) whose data/synthetic/ was never committed; the synthetic-fallback audit cannot be applied retroactively (purge-commit known gap)
MO20725,synthetic_cloud_unauditable,WARN,completed pre-fix in the cloud-sandbox environment (initial 453 cohort) whose data/synthetic/ was never committed; the synthetic-fallback audit cannot be applied retroactively (purge-commit known gap)
MO30014,synthetic_cloud_unauditable,WARN,completed pre-fix in the cloud-sandbox environment (initial 453 cohort) whose data/synthetic/ was never committed; the synthetic-fallback audit cannot be applied retroactively (purge-commit known gap)
MO30200,synthetic_cloud_unauditable,WARN,completed pre-fix in the cloud-sandbox environment (initial 453 cohort) whose data/synthetic/ was never committed; the synthetic-fallback audit cannot be applied retroactively (purge-commit known gap)
MO30201,synthetic_cloud_unauditable,WARN,completed pre-fix in the cloud-sandbox environment (initial 453 cohort) whose data/synthetic/ was never committed; the synthetic-fallback audit cannot be applied retroactively (purge-commit known gap)
MO30202,synthetic_cloud_unauditable,WARN,completed pre-fix in the cloud-sandbox environment (initial 453 cohort) whose data/synthetic/ was never committed; the synthetic-fallback audit cannot be applied retroactively (purge-commit known gap)
MO30203,synthetic_cloud_unauditable,WARN,completed pre-fix in the cloud-sandbox environment (initial 453 cohort) whose data/synthetic/ was never committed; the synthetic-fallback audit cannot be applied retroactively (purge-commit known gap)
MO30204,synthetic_cloud_unauditable,WARN,completed pre-fix in the cloud-sandbox environment (initial 453 cohort) whose data/synthetic/ was never committed; the synthetic-fallback audit cannot be applied retroactively (purge-commit known gap)
MO82201,synthetic_cloud_unauditable,WARN,completed pre-fix in the cloud-sandbox environment (initial 453 cohort) whose data/synthetic/ was never committed; the synthetic-fallback audit cannot be applied retroactively (purge-commit known gap)
MS01493,synthetic_cloud_unauditable,WARN,completed pre-fix in the cloud-sandbox environment (initial 453 cohort) whose data/synthetic/ was never committed; the synthetic-fallback audit cannot be applied retroactively (purge-commit known gap)
MS01494,synthetic_cloud_unauditable,WARN,completed pre-fix in the cloud-sandbox environment (initial 453 cohort) whose data/synthetic/ was never committed; the synthetic-fallback audit cannot be applied retroactively (purge-commit known gap)
MS01495,synthetic_cloud_unauditable,WARN,completed pre-fix in the cloud-sandbox environment (initial 453 cohort) whose data/synthetic/ was never committed; the synthetic-fallback audit cannot be applied retroactively (purge-commit known gap)
MS01496,synthetic_cloud_unauditable,WARN,completed pre-fix in the cloud-sandbox environment (initial 453 cohort) whose data/synthetic/ was never committed; the synthetic-fallback audit cannot be applied retroactively (purge-commit known gap)
MS02716,synthetic_cloud_unauditable,WARN,completed pre-fix in the cloud-sandbox environment (initial 453 cohort) whose data/synthetic/ was never committed; the synthetic-fallback audit cannot be applied retroactively (purge-commit known gap)
MT00025,synthetic_cloud_unauditable,WARN,completed pre-fix in the cloud-sandbox environment (initial 453 cohort) whose data/synthetic/ was never committed; the synthetic-fallback audit cannot be applied retroactively (purge-commit known gap)
MT00134,synthetic_cloud_unauditable,WARN,completed pre-fix in the cloud-sandbox environment (initial 453 cohort) whose data/synthetic/ was never committed; the synthetic-fallback audit cannot be applied retroactively (purge-commit known gap)
MT00223,synthetic_cloud_unauditable,WARN,completed pre-fix in the cloud-sandbox environment (initial 453 cohort) whose data/synthetic/ was never committed; the synthetic-fallback audit cannot be applied retroactively (purge-commit known gap)
MT00226,synthetic_cloud_unauditable,WARN,completed pre-fix in the cloud-sandbox environment (initial 453 cohort) whose data/synthetic/ was never committed; the synthetic-fallback audit cannot be applied retroactively (purge-commit known gap)
MT00559,synthetic_cloud_unauditable,WARN,completed pre-fix in the cloud-sandbox environment (initial 453 cohort) whose data/synthetic/ was never committed; the synthetic-fallback audit cannot be applied retroactively (purge-commit known gap)
MT00565,synthetic_cloud_unauditable,WARN,completed pre-fix in the cloud-sandbox environment (initial 453 cohort) whose data/synthetic/ was never committed; the synthetic-fallback audit cannot be applied retroactively (purge-commit known gap)
MT00568,synthetic_cloud_unauditable,WARN,completed pre-fix in the cloud-sandbox environment (initial 453 cohort) whose data/synthetic/ was never committed; the synthetic-fallback audit cannot be applied retroactively (purge-commit known gap)
MT00569,synthetic_cloud_unauditable,WARN,completed pre-fix in the cloud-sandbox environment (initial 453 cohort) whose data/synthetic/ was never committed; the synthetic-fallback audit cannot be applied retroactively (purge-commit known gap)
MT00579,synthetic_cloud_unauditable,WARN,completed pre-fix in the cloud-sandbox environment (initial 453 cohort) whose data/synthetic/ was never committed; the synthetic-fallback audit cannot be applied retroactively (purge-commit known gap)
MT00652,synthetic_cloud_unauditable,WARN,completed pre-fix in the cloud-sandbox environment (initial 453 cohort) whose data/synthetic/ was never committed; the synthetic-fallback audit cannot be applied retroactively (purge-commit known gap)
NC00132,synthetic_cloud_unauditable,WARN,completed pre-fix in the cloud-sandbox environment (initial 453 cohort) whose data/synthetic/ was never committed; the synthetic-fallback audit cannot be applied retroactively (purge-commit known gap)
NC00141,synthetic_cloud_unauditable,WARN,completed pre-fix in the cloud-sandbox environment (initial 453 cohort) whose data/synthetic/ was never committed; the synthetic-fallback audit cannot be applied retroactively (purge-commit known gap)
NC00298,synthetic_cloud_unauditable,WARN,completed pre-fix in the cloud-sandbox environment (initial 453 cohort) whose data/synthetic/ was never committed; the synthetic-fallback audit cannot be applied retroactively (purge-commit known gap)
NC00300,synthetic_cloud_unauditable,WARN,completed pre-fix in the cloud-sandbox environment (initial 453 cohort) whose data/synthetic/ was never committed; the synthetic-fallback audit cannot be applied retroactively (purge-commit known gap)
NC00375,synthetic_cloud_unauditable,WARN,completed pre-fix in the cloud-sandbox environment (initial 453 cohort) whose data/synthetic/ was never committed; the synthetic-fallback audit cannot be applied retroactively (purge-commit known gap)
NC00388,synthetic_cloud_unauditable,WARN,completed pre-fix in the cloud-sandbox environment (initial 453 cohort) whose data/synthetic/ was never committed; the synthetic-fallback audit cannot be applied retroactively (purge-commit known gap)
NC00391,synthetic_cloud_unauditable,WARN,completed pre-fix in the cloud-sandbox environment (initial 453 cohort) whose data/synthetic/ was never committed; the synthetic-fallback audit cannot be applied retroactively (purge-commit known gap)
NC00419,synthetic_cloud_unauditable,WARN,completed pre-fix in the cloud-sandbox environment (initial 453 cohort) whose data/synthetic/ was never committed; the synthetic-fallback audit cannot be applied retroactively (purge-commit known gap)
NC00826,synthetic_cloud_unauditable,WARN,completed pre-fix in the cloud-sandbox environment (initial 453 cohort) whose data/synthetic/ was never committed; the synthetic-fallback audit cannot be applied retroactively (purge-commit known gap)
NC01713,synthetic_cloud_unauditable,WARN,completed pre-fix in the cloud-sandbox environment (initial 453 cohort) whose data/synthetic/ was never committed; the synthetic-fallback audit cannot be applied retroactively (purge-commit known gap)
ND00145,synthetic_cloud_unauditable,WARN,completed pre-fix in the cloud-sandbox environment (initial 453 cohort) whose data/synthetic/ was never committed; the synthetic-fallback audit cannot be applied retroactively (purge-commit known gap)
ND00151,synthetic_cloud_unauditable,WARN,completed pre-fix in the cloud-sandbox environment (initial 453 cohort) whose data/synthetic/ was never committed; the synthetic-fallback audit cannot be applied retroactively (purge-commit known gap)
NE01048,synthetic_cloud_unauditable,WARN,completed pre-fix in the cloud-sandbox environment (initial 453 cohort) whose data/synthetic/ was never committed; the synthetic-fallback audit cannot be applied retroactively (purge-commit known gap)
NE01066,synthetic_cloud_unauditable,WARN,completed pre-fix in the cloud-sandbox environment (initial 453 cohort) whose data/synthetic/ was never committed; the synthetic-fallback audit cannot be applied retroactively (purge-commit known gap)
NE01078,synthetic_cloud_unauditable,WARN,completed pre-fix in the cloud-sandbox environment (initial 453 cohort) whose data/synthetic/ was never committed; the synthetic-fallback audit cannot be applied retroactively (purge-commit known gap)
NE05050,synthetic_cloud_unauditable,WARN,completed pre-fix in the cloud-sandbox environment (initial 453 cohort) whose data/synthetic/ was never committed; the synthetic-fallback audit cannot be applied retroactively (purge-commit known gap)
NM00001,synthetic_cloud_unauditable,WARN,completed pre-fix in the cloud-sandbox environment (initial 453 cohort) whose data/synthetic/ was never committed; the synthetic-fallback audit cannot be applied retroactively (purge-commit known gap)
NM00006,synthetic_cloud_unauditable,WARN,completed pre-fix in the cloud-sandbox environment (initial 453 cohort) whose data/synthetic/ was never committed; the synthetic-fallback audit cannot be applied retroactively (purge-commit known gap)
NM00120,synthetic_cloud_unauditable,WARN,completed pre-fix in the cloud-sandbox environment (initial 453 cohort) whose data/synthetic/ was never committed; the synthetic-fallback audit cannot be applied retroactively (purge-commit known gap)
NM00122,synthetic_cloud_unauditable,WARN,completed pre-fix in the cloud-sandbox environment (initial 453 cohort) whose data/synthetic/ was never committed; the synthetic-fallback audit cannot be applied retroactively (purge-commit known gap)
NM00129,synthetic_cloud_unauditable,WARN,completed pre-fix in the cloud-sandbox environment (initial 453 cohort) whose data/synthetic/ was never committed; the synthetic-fallback audit cannot be applied retroactively (purge-commit known gap)
NM00131,synthetic_cloud_unauditable,WARN,completed pre-fix in the cloud-sandbox environment (initial 453 cohort) whose data/synthetic/ was never committed; the synthetic-fallback audit cannot be applied retroactively (purge-commit known gap)
NM00158,synthetic_cloud_unauditable,WARN,completed pre-fix in the cloud-sandbox environment (initial 453 cohort) whose data/synthetic/ was never committed; the synthetic-fallback audit cannot be applied retroactively (purge-commit known gap)
NM00293,synthetic_cloud_unauditable,WARN,completed pre-fix in the cloud-sandbox environment (initial 453 cohort) whose data/synthetic/ was never committed; the synthetic-fallback audit cannot be applied retroactively (purge-commit known gap)
NM00404,synthetic_cloud_unauditable,WARN,completed pre-fix in the cloud-sandbox environment (initial 453 cohort) whose data/synthetic/ was never committed; the synthetic-fallback audit cannot be applied retroactively (purge-commit known gap)
NM00500,synthetic_cloud_unauditable,WARN,completed pre-fix in the cloud-sandbox environment (initial 453 cohort) whose data/synthetic/ was never committed; the synthetic-fallback audit cannot be applied retroactively (purge-commit known gap)
NV10122,synthetic_cloud_unauditable,WARN,completed pre-fix in the cloud-sandbox environment (initial 453 cohort) whose data/synthetic/ was never committed; the synthetic-fallback audit cannot be applied retroactively (purge-commit known gap)
NY00146,synthetic_cloud_unauditable,WARN,completed pre-fix in the cloud-sandbox environment (initial 453 cohort) whose data/synthetic/ was never committed; the synthetic-fallback audit cannot be applied retroactively (purge-commit known gap)
NY00361,synthetic_cloud_unauditable,WARN,completed pre-fix in the cloud-sandbox environment (initial 453 cohort) whose data/synthetic/ was never committed; the synthetic-fallback audit cannot be applied retroactively (purge-commit known gap)
NY00416,synthetic_cloud_unauditable,WARN,completed pre-fix in the cloud-sandbox environment (initial 453 cohort) whose data/synthetic/ was never committed; the synthetic-fallback audit cannot be applied retroactively (purge-commit known gap)
NY00468,synthetic_cloud_unauditable,WARN,completed pre-fix in the cloud-sandbox environment (initial 453 cohort) whose data/synthetic/ was never committed; the synthetic-fallback audit cannot be applied retroactively (purge-commit known gap)
NY00709,synthetic_cloud_unauditable,WARN,completed pre-fix in the cloud-sandbox environment (initial 453 cohort) whose data/synthetic/ was never committed; the synthetic-fallback audit cannot be applied retroactively (purge-commit known gap)
OH00016,synthetic_cloud_unauditable,WARN,completed pre-fix in the cloud-sandbox environment (initial 453 cohort) whose data/synthetic/ was never committed; the synthetic-fallback audit cannot be applied retroactively (purge-commit known gap)
OH00426,synthetic_cloud_unauditable,WARN,completed pre-fix in the cloud-sandbox environment (initial 453 cohort) whose data/synthetic/ was never committed; the synthetic-fallback audit cannot be applied retroactively (purge-commit known gap)
OH00427,synthetic_cloud_unauditable,WARN,completed pre-fix in the cloud-sandbox environment (initial 453 cohort) whose data/synthetic/ was never committed; the synthetic-fallback audit cannot be applied retroactively (purge-commit known gap)
OH00431,synthetic_cloud_unauditable,WARN,completed pre-fix in the cloud-sandbox environment (initial 453 cohort) whose data/synthetic/ was never committed; the synthetic-fallback audit cannot be applied retroactively (purge-commit known gap)
OH00929,synthetic_cloud_unauditable,WARN,completed pre-fix in the cloud-sandbox environment (initial 453 cohort) whose data/synthetic/ was never committed; the synthetic-fallback audit cannot be applied retroactively (purge-commit known gap)
OK02502,synthetic_cloud_unauditable,WARN,completed pre-fix in the cloud-sandbox environment (initial 453 cohort) whose data/synthetic/ was never committed; the synthetic-fallback audit cannot be applied retroactively (purge-commit known gap)
OK02503,synthetic_cloud_unauditable,WARN,completed pre-fix in the cloud-sandbox environment (initial 453 cohort) whose data/synthetic/ was never committed; the synthetic-fallback audit cannot be applied retroactively (purge-commit known gap)
OK02504,synthetic_cloud_unauditable,WARN,completed pre-fix in the cloud-sandbox environment (initial 453 cohort) whose data/synthetic/ was never committed; the synthetic-fallback audit cannot be applied retroactively (purge-commit known gap)
OK10301,synthetic_cloud_unauditable,WARN,completed pre-fix in the cloud-sandbox environment (initial 453 cohort) whose data/synthetic/ was never committed; the synthetic-fallback audit cannot be applied retroactively (purge-commit known gap)
OK10309,synthetic_cloud_unauditable,WARN,completed pre-fix in the cloud-sandbox environment (initial 453 cohort) whose data/synthetic/ was never committed; the synthetic-fallback audit cannot be applied retroactively (purge-commit known gap)
OK10310,synthetic_cloud_unauditable,WARN,completed pre-fix in the cloud-sandbox environment (initial 453 cohort) whose data/synthetic/ was never committed; the synthetic-fallback audit cannot be applied retroactively (purge-commit known gap)
OK10312,synthetic_cloud_unauditable,WARN,completed pre-fix in the cloud-sandbox environment (initial 453 cohort) whose data/synthetic/ was never committed; the synthetic-fallback audit cannot be applied retroactively (purge-commit known gap)
OK10316,synthetic_cloud_unauditable,WARN,completed pre-fix in the cloud-sandbox environment (initial 453 cohort) whose data/synthetic/ was never committed; the synthetic-fallback audit cannot be applied retroactively (purge-commit known gap)
OK10317,synthetic_cloud_unauditable,WARN,completed pre-fix in the cloud-sandbox environment (initial 453 cohort) whose data/synthetic/ was never committed; the synthetic-fallback audit cannot be applied retroactively (purge-commit known gap)
OK10319,synthetic_cloud_unauditable,WARN,completed pre-fix in the cloud-sandbox environment (initial 453 cohort) whose data/synthetic/ was never committed; the synthetic-fallback audit cannot be applied retroactively (purge-commit known gap)
OK11103,synthetic_cloud_unauditable,WARN,completed pre-fix in the cloud-sandbox environment (initial 453 cohort) whose data/synthetic/ was never committed; the synthetic-fallback audit cannot be applied retroactively (purge-commit known gap)
OK20509,synthetic_cloud_unauditable,WARN,completed pre-fix in the cloud-sandbox environment (initial 453 cohort) whose data/synthetic/ was never committed; the synthetic-fallback audit cannot be applied retroactively (purge-commit known gap)
OK20510,synthetic_cloud_unauditable,WARN,completed pre-fix in the cloud-sandbox environment (initial 453 cohort) whose data/synthetic/ was never committed; the synthetic-fallback audit cannot be applied retroactively (purge-commit known gap)
OK21489,synthetic_cloud_unauditable,WARN,completed pre-fix in the cloud-sandbox environment (initial 453 cohort) whose data/synthetic/ was never committed; the synthetic-fallback audit cannot be applied retroactively (purge-commit known gap)
OK22200,synthetic_cloud_unauditable,WARN,completed pre-fix in the cloud-sandbox environment (initial 453 cohort) whose data/synthetic/ was never committed; the synthetic-fallback audit cannot be applied retroactively (purge-commit known gap)
OK22203,synthetic_cloud_unauditable,WARN,completed pre-fix in the cloud-sandbox environment (initial 453 cohort) whose data/synthetic/ was never committed; the synthetic-fallback audit cannot be applied retroactively (purge-commit known gap)
OR00001,synthetic_cloud_unauditable,WARN,completed pre-fix in the cloud-sandbox environment (initial 453 cohort) whose data/synthetic/ was never committed; the synthetic-fallback audit cannot be applied retroactively (purge-commit known gap)
OR00002,synthetic_cloud_unauditable,WARN,completed pre-fix in the cloud-sandbox environment (initial 453 cohort) whose data/synthetic/ was never committed; the synthetic-fallback audit cannot be applied retroactively (purge-commit known gap)
OR00004,synthetic_cloud_unauditable,WARN,completed pre-fix in the cloud-sandbox environment (initial 453 cohort) whose data/synthetic/ was never committed; the synthetic-fallback audit cannot be applied retroactively (purge-commit known gap)
OR00009,synthetic_cloud_unauditable,WARN,completed pre-fix in the cloud-sandbox environment (initial 453 cohort) whose data/synthetic/ was never committed; the synthetic-fallback audit cannot be applied retroactively (purge-commit known gap)
OR00010,synthetic_cloud_unauditable,WARN,completed pre-fix in the cloud-sandbox environment (initial 453 cohort) whose data/synthetic/ was never committed; the synthetic-fallback audit cannot be applied retroactively (purge-commit known gap)
OR00011,synthetic_cloud_unauditable,WARN,completed pre-fix in the cloud-sandbox environment (initial 453 cohort) whose data/synthetic/ was never committed; the synthetic-fallback audit cannot be applied retroactively (purge-commit known gap)
OR00014,synthetic_cloud_unauditable,WARN,completed pre-fix in the cloud-sandbox environment (initial 453 cohort) whose data/synthetic/ was never committed; the synthetic-fallback audit cannot be applied retroactively (purge-commit known gap)
OR00549,synthetic_cloud_unauditable,WARN,completed pre-fix in the cloud-sandbox environment (initial 453 cohort) whose data/synthetic/ was never committed; the synthetic-fallback audit cannot be applied retroactively (purge-commit known gap)
OR00557,synthetic_cloud_unauditable,WARN,completed pre-fix in the cloud-sandbox environment (initial 453 cohort) whose data/synthetic/ was never committed; the synthetic-fallback audit cannot be applied retroactively (purge-commit known gap)
OR00581,synthetic_cloud_unauditable,WARN,completed pre-fix in the cloud-sandbox environment (initial 453 cohort) whose data/synthetic/ was never committed; the synthetic-fallback audit cannot be applied retroactively (purge-commit known gap)
OR00582,synthetic_cloud_unauditable,WARN,completed pre-fix in the cloud-sandbox environment (initial 453 cohort) whose data/synthetic/ was never committed; the synthetic-fallback audit cannot be applied retroactively (purge-commit known gap)
OR00612,synthetic_cloud_unauditable,WARN,completed pre-fix in the cloud-sandbox environment (initial 453 cohort) whose data/synthetic/ was never committed; the synthetic-fallback audit cannot be applied retroactively (purge-commit known gap)
OR00704,synthetic_cloud_unauditable,WARN,completed pre-fix in the cloud-sandbox environment (initial 453 cohort) whose data/synthetic/ was never committed; the synthetic-fallback audit cannot be applied retroactively (purge-commit known gap)
PA00004,synthetic_cloud_unauditable,WARN,completed pre-fix in the cloud-sandbox environment (initial 453 cohort) whose data/synthetic/ was never committed; the synthetic-fallback audit cannot be applied retroactively (purge-commit known gap)
PA00101,synthetic_cloud_unauditable,WARN,completed pre-fix in the cloud-sandbox environment (initial 453 cohort) whose data/synthetic/ was never committed; the synthetic-fallback audit cannot be applied retroactively (purge-commit known gap)
PA00105,synthetic_cloud_unauditable,WARN,completed pre-fix in the cloud-sandbox environment (initial 453 cohort) whose data/synthetic/ was never committed; the synthetic-fallback audit cannot be applied retroactively (purge-commit known gap)
PA00109,synthetic_cloud_unauditable,WARN,completed pre-fix in the cloud-sandbox environment (initial 453 cohort) whose data/synthetic/ was never committed; the synthetic-fallback audit cannot be applied retroactively (purge-commit known gap)
PA00111,synthetic_cloud_unauditable,WARN,completed pre-fix in the cloud-sandbox environment (initial 453 cohort) whose data/synthetic/ was never committed; the synthetic-fallback audit cannot be applied retroactively (purge-commit known gap)
SC00529,synthetic_cloud_unauditable,WARN,completed pre-fix in the cloud-sandbox environment (initial 453 cohort) whose data/synthetic/ was never committed; the synthetic-fallback audit cannot be applied retroactively (purge-commit known gap)
SC00706,synthetic_cloud_unauditable,WARN,completed pre-fix in the cloud-sandbox environment (initial 453 cohort) whose data/synthetic/ was never committed; the synthetic-fallback audit cannot be applied retroactively (purge-commit known gap)
SC00732,synthetic_cloud_unauditable,WARN,completed pre-fix in the cloud-sandbox environment (initial 453 cohort) whose data/synthetic/ was never committed; the synthetic-fallback audit cannot be applied retroactively (purge-commit known gap)
SC01065,synthetic_cloud_unauditable,WARN,completed pre-fix in the cloud-sandbox environment (initial 453 cohort) whose data/synthetic/ was never committed; the synthetic-fallback audit cannot be applied retroactively (purge-commit known gap)
SC01076,synthetic_cloud_unauditable,WARN,completed pre-fix in the cloud-sandbox environment (initial 453 cohort) whose data/synthetic/ was never committed; the synthetic-fallback audit cannot be applied retroactively (purge-commit known gap)
SC82201,synthetic_cloud_unauditable,WARN,completed pre-fix in the cloud-sandbox environment (initial 453 cohort) whose data/synthetic/ was never committed; the synthetic-fallback audit cannot be applied retroactively (purge-commit known gap)
SC83025,synthetic_cloud_unauditable,WARN,completed pre-fix in the cloud-sandbox environment (initial 453 cohort) whose data/synthetic/ was never committed; the synthetic-fallback audit cannot be applied retroactively (purge-commit known gap)
SD01092,synthetic_cloud_unauditable,WARN,completed pre-fix in the cloud-sandbox environment (initial 453 cohort) whose data/synthetic/ was never committed; the synthetic-fallback audit cannot be applied retroactively (purge-commit known gap)
SD01093,synthetic_cloud_unauditable,WARN,completed pre-fix in the cloud-sandbox environment (initial 453 cohort) whose data/synthetic/ was never committed; the synthetic-fallback audit cannot be applied retroactively (purge-commit known gap)
SD01094,synthetic_cloud_unauditable,WARN,completed pre-fix in the cloud-sandbox environment (initial 453 cohort) whose data/synthetic/ was never committed; the synthetic-fallback audit cannot be applied retroactively (purge-commit known gap)
SD01140,synthetic_cloud_unauditable,WARN,completed pre-fix in the cloud-sandbox environment (initial 453 cohort) whose data/synthetic/ was never committed; the synthetic-fallback audit cannot be applied retroactively (purge-commit known gap)
SD01141,synthetic_cloud_unauditable,WARN,completed pre-fix in the cloud-sandbox environment (initial 453 cohort) whose data/synthetic/ was never committed; the synthetic-fallback audit cannot be applied retroactively (purge-commit known gap)
TN01903,synthetic_cloud_unauditable,WARN,completed pre-fix in the cloud-sandbox environment (initial 453 cohort) whose data/synthetic/ was never committed; the synthetic-fallback audit cannot be applied retroactively (purge-commit known gap)
TN05102,synthetic_cloud_unauditable,WARN,completed pre-fix in the cloud-sandbox environment (initial 453 cohort) whose data/synthetic/ was never committed; the synthetic-fallback audit cannot be applied retroactively (purge-commit known gap)
TN06504,synthetic_cloud_unauditable,WARN,completed pre-fix in the cloud-sandbox environment (initial 453 cohort) whose data/synthetic/ was never committed; the synthetic-fallback audit cannot be applied retroactively (purge-commit known gap)
TN07101,synthetic_cloud_unauditable,WARN,completed pre-fix in the cloud-sandbox environment (initial 453 cohort) whose data/synthetic/ was never committed; the synthetic-fallback audit cannot be applied retroactively (purge-commit known gap)
TN08903,synthetic_cloud_unauditable,WARN,completed pre-fix in the cloud-sandbox environment (initial 453 cohort) whose data/synthetic/ was never committed; the synthetic-fallback audit cannot be applied retroactively (purge-commit known gap)
TN10501,synthetic_cloud_unauditable,WARN,completed pre-fix in the cloud-sandbox environment (initial 453 cohort) whose data/synthetic/ was never committed; the synthetic-fallback audit cannot be applied retroactively (purge-commit known gap)
TN10506,synthetic_cloud_unauditable,WARN,completed pre-fix in the cloud-sandbox environment (initial 453 cohort) whose data/synthetic/ was never committed; the synthetic-fallback audit cannot be applied retroactively (purge-commit known gap)
TN12102,synthetic_cloud_unauditable,WARN,completed pre-fix in the cloud-sandbox environment (initial 453 cohort) whose data/synthetic/ was never committed; the synthetic-fallback audit cannot be applied retroactively (purge-commit known gap)
TN15501,synthetic_cloud_unauditable,WARN,completed pre-fix in the cloud-sandbox environment (initial 453 cohort) whose data/synthetic/ was never committed; the synthetic-fallback audit cannot be applied retroactively (purge-commit known gap)
TN16305,synthetic_cloud_unauditable,WARN,completed pre-fix in the cloud-sandbox environment (initial 453 cohort) whose data/synthetic/ was never committed; the synthetic-fallback audit cannot be applied retroactively (purge-commit known gap)
TX00001,synthetic_cloud_unauditable,WARN,completed pre-fix in the cloud-sandbox environment (initial 453 cohort) whose data/synthetic/ was never committed; the synthetic-fallback audit cannot be applied retroactively (purge-commit known gap)
TX00002,synthetic_cloud_unauditable,WARN,completed pre-fix in the cloud-sandbox environment (initial 453 cohort) whose data/synthetic/ was never committed; the synthetic-fallback audit cannot be applied retroactively (purge-commit known gap)
TX00003,synthetic_cloud_unauditable,WARN,completed pre-fix in the cloud-sandbox environment (initial 453 cohort) whose data/synthetic/ was never committed; the synthetic-fallback audit cannot be applied retroactively (purge-commit known gap)
TX00004,synthetic_cloud_unauditable,WARN,completed pre-fix in the cloud-sandbox environment (initial 453 cohort) whose data/synthetic/ was never committed; the synthetic-fallback audit cannot be applied retroactively (purge-commit known gap)
TX00005,synthetic_cloud_unauditable,WARN,completed pre-fix in the cloud-sandbox environment (initial 453 cohort) whose data/synthetic/ was never committed; the synthetic-fallback audit cannot be applied retroactively (purge-commit known gap)
TX00007,synthetic_cloud_unauditable,WARN,completed pre-fix in the cloud-sandbox environment (initial 453 cohort) whose data/synthetic/ was never committed; the synthetic-fallback audit cannot be applied retroactively (purge-commit known gap)
TX00008,synthetic_cloud_unauditable,WARN,completed pre-fix in the cloud-sandbox environment (initial 453 cohort) whose data/synthetic/ was never committed; the synthetic-fallback audit cannot be applied retroactively (purge-commit known gap)
TX00009,synthetic_cloud_unauditable,WARN,completed pre-fix in the cloud-sandbox environment (initial 453 cohort) whose data/synthetic/ was never committed; the synthetic-fallback audit cannot be applied retroactively (purge-commit known gap)
TX00010,synthetic_cloud_unauditable,WARN,completed pre-fix in the cloud-sandbox environment (initial 453 cohort) whose data/synthetic/ was never committed; the synthetic-fallback audit cannot be applied retroactively (purge-commit known gap)
TX00011,synthetic_cloud_unauditable,WARN,completed pre-fix in the cloud-sandbox environment (initial 453 cohort) whose data/synthetic/ was never committed; the synthetic-fallback audit cannot be applied retroactively (purge-commit known gap)
TX00012,synthetic_cloud_unauditable,WARN,completed pre-fix in the cloud-sandbox environment (initial 453 cohort) whose data/synthetic/ was never committed; the synthetic-fallback audit cannot be applied retroactively (purge-commit known gap)
TX00013,synthetic_cloud_unauditable,WARN,completed pre-fix in the cloud-sandbox environment (initial 453 cohort) whose data/synthetic/ was never committed; the synthetic-fallback audit cannot be applied retroactively (purge-commit known gap)
TX00014,synthetic_cloud_unauditable,WARN,completed pre-fix in the cloud-sandbox environment (initial 453 cohort) whose data/synthetic/ was never committed; the synthetic-fallback audit cannot be applied retroactively (purge-commit known gap)
TX00016,synthetic_cloud_unauditable,WARN,completed pre-fix in the cloud-sandbox environment (initial 453 cohort) whose data/synthetic/ was never committed; the synthetic-fallback audit cannot be applied retroactively (purge-commit known gap)
TX00017,synthetic_cloud_unauditable,WARN,completed pre-fix in the cloud-sandbox environment (initial 453 cohort) whose data/synthetic/ was never committed; the synthetic-fallback audit cannot be applied retroactively (purge-commit known gap)
TX00020,synthetic_cloud_unauditable,WARN,completed pre-fix in the cloud-sandbox environment (initial 453 cohort) whose data/synthetic/ was never committed; the synthetic-fallback audit cannot be applied retroactively (purge-commit known gap)
TX00022,synthetic_cloud_unauditable,WARN,completed pre-fix in the cloud-sandbox environment (initial 453 cohort) whose data/synthetic/ was never committed; the synthetic-fallback audit cannot be applied retroactively (purge-commit known gap)
TX00023,synthetic_cloud_unauditable,WARN,completed pre-fix in the cloud-sandbox environment (initial 453 cohort) whose data/synthetic/ was never committed; the synthetic-fallback audit cannot be applied retroactively (purge-commit known gap)
TX00024,synthetic_cloud_unauditable,WARN,completed pre-fix in the cloud-sandbox environment (initial 453 cohort) whose data/synthetic/ was never committed; the synthetic-fallback audit cannot be applied retroactively (purge-commit known gap)
TX00097,synthetic_cloud_unauditable,WARN,completed pre-fix in the cloud-sandbox environment (initial 453 cohort) whose data/synthetic/ was never committed; the synthetic-fallback audit cannot be applied retroactively (purge-commit known gap)
TX00170,synthetic_cloud_unauditable,WARN,completed pre-fix in the cloud-sandbox environment (initial 453 cohort) whose data/synthetic/ was never committed; the synthetic-fallback audit cannot be applied retroactively (purge-commit known gap)
TX00237,synthetic_cloud_unauditable,WARN,completed pre-fix in the cloud-sandbox environment (initial 453 cohort) whose data/synthetic/ was never committed; the synthetic-fallback audit cannot be applied retroactively (purge-commit known gap)
TX00491,synthetic_cloud_unauditable,WARN,completed pre-fix in the cloud-sandbox environment (initial 453 cohort) whose data/synthetic/ was never committed; the synthetic-fallback audit cannot be applied retroactively (purge-commit known gap)
TX00779,synthetic_cloud_unauditable,WARN,completed pre-fix in the cloud-sandbox environment (initial 453 cohort) whose data/synthetic/ was never committed; the synthetic-fallback audit cannot be applied retroactively (purge-commit known gap)
TX00837,synthetic_cloud_unauditable,WARN,completed pre-fix in the cloud-sandbox environment (initial 453 cohort) whose data/synthetic/ was never committed; the synthetic-fallback audit cannot be applied retroactively (purge-commit known gap)
TX00989,synthetic_cloud_unauditable,WARN,completed pre-fix in the cloud-sandbox environment (initial 453 cohort) whose data/synthetic/ was never committed; the synthetic-fallback audit cannot be applied retroactively (purge-commit known gap)
TX01087,synthetic_cloud_unauditable,WARN,completed pre-fix in the cloud-sandbox environment (initial 453 cohort) whose data/synthetic/ was never committed; the synthetic-fallback audit cannot be applied retroactively (purge-commit known gap)
TX01496,synthetic_cloud_unauditable,WARN,completed pre-fix in the cloud-sandbox environment (initial 453 cohort) whose data/synthetic/ was never committed; the synthetic-fallback audit cannot be applied retroactively (purge-commit known gap)
TX01787,synthetic_cloud_unauditable,WARN,completed pre-fix in the cloud-sandbox environment (initial 453 cohort) whose data/synthetic/ was never committed; the synthetic-fallback audit cannot be applied retroactively (purge-commit known gap)
TX02296,synthetic_cloud_unauditable,WARN,completed pre-fix in the cloud-sandbox environment (initial 453 cohort) whose data/synthetic/ was never committed; the synthetic-fallback audit cannot be applied retroactively (purge-commit known gap)
TX02312,synthetic_cloud_unauditable,WARN,completed pre-fix in the cloud-sandbox environment (initial 453 cohort) whose data/synthetic/ was never committed; the synthetic-fallback audit cannot be applied retroactively (purge-commit known gap)
TX02789,synthetic_cloud_unauditable,WARN,completed pre-fix in the cloud-sandbox environment (initial 453 cohort) whose data/synthetic/ was never committed; the synthetic-fallback audit cannot be applied retroactively (purge-commit known gap)
TX02883,synthetic_cloud_unauditable,WARN,completed pre-fix in the cloud-sandbox environment (initial 453 cohort) whose data/synthetic/ was never committed; the synthetic-fallback audit cannot be applied retroactively (purge-commit known gap)
TX03416,synthetic_cloud_unauditable,WARN,completed pre-fix in the cloud-sandbox environment (initial 453 cohort) whose data/synthetic/ was never committed; the synthetic-fallback audit cannot be applied retroactively (purge-commit known gap)
TX03517,synthetic_cloud_unauditable,WARN,completed pre-fix in the cloud-sandbox environment (initial 453 cohort) whose data/synthetic/ was never committed; the synthetic-fallback audit cannot be applied retroactively (purge-commit known gap)
TX03639,synthetic_cloud_unauditable,WARN,completed pre-fix in the cloud-sandbox environment (initial 453 cohort) whose data/synthetic/ was never committed; the synthetic-fallback audit cannot be applied retroactively (purge-commit known gap)
TX03823,synthetic_cloud_unauditable,WARN,completed pre-fix in the cloud-sandbox environment (initial 453 cohort) whose data/synthetic/ was never committed; the synthetic-fallback audit cannot be applied retroactively (purge-commit known gap)
TX03849,synthetic_cloud_unauditable,WARN,completed pre-fix in the cloud-sandbox environment (initial 453 cohort) whose data/synthetic/ was never committed; the synthetic-fallback audit cannot be applied retroactively (purge-commit known gap)
TX03895,synthetic_cloud_unauditable,WARN,completed pre-fix in the cloud-sandbox environment (initial 453 cohort) whose data/synthetic/ was never committed; the synthetic-fallback audit cannot be applied retroactively (purge-commit known gap)
TX04138,synthetic_cloud_unauditable,WARN,completed pre-fix in the cloud-sandbox environment (initial 453 cohort) whose data/synthetic/ was never committed; the synthetic-fallback audit cannot be applied retroactively (purge-commit known gap)
TX04358,synthetic_cloud_unauditable,WARN,completed pre-fix in the cloud-sandbox environment (initial 453 cohort) whose data/synthetic/ was never committed; the synthetic-fallback audit cannot be applied retroactively (purge-commit known gap)
TX04388,synthetic_cloud_unauditable,WARN,completed pre-fix in the cloud-sandbox environment (initial 453 cohort) whose data/synthetic/ was never committed; the synthetic-fallback audit cannot be applied retroactively (purge-commit known gap)
TX04425,synthetic_cloud_unauditable,WARN,completed pre-fix in the cloud-sandbox environment (initial 453 cohort) whose data/synthetic/ was never committed; the synthetic-fallback audit cannot be applied retroactively (purge-commit known gap)
TX04455,synthetic_cloud_unauditable,WARN,completed pre-fix in the cloud-sandbox environment (initial 453 cohort) whose data/synthetic/ was never committed; the synthetic-fallback audit cannot be applied retroactively (purge-commit known gap)
TX04779,synthetic_cloud_unauditable,WARN,completed pre-fix in the cloud-sandbox environment (initial 453 cohort) whose data/synthetic/ was never committed; the synthetic-fallback audit cannot be applied retroactively (purge-commit known gap)
TX06316,synthetic_cloud_unauditable,WARN,completed pre-fix in the cloud-sandbox environment (initial 453 cohort) whose data/synthetic/ was never committed; the synthetic-fallback audit cannot be applied retroactively (purge-commit known gap)
TX06386,synthetic_cloud_unauditable,WARN,completed pre-fix in the cloud-sandbox environment (initial 453 cohort) whose data/synthetic/ was never committed; the synthetic-fallback audit cannot be applied retroactively (purge-commit known gap)
TX06464,synthetic_cloud_unauditable,WARN,completed pre-fix in the cloud-sandbox environment (initial 453 cohort) whose data/synthetic/ was never committed; the synthetic-fallback audit cannot be applied retroactively (purge-commit known gap)
TX08004,synthetic_cloud_unauditable,WARN,completed pre-fix in the cloud-sandbox environment (initial 453 cohort) whose data/synthetic/ was never committed; the synthetic-fallback audit cannot be applied retroactively (purge-commit known gap)
TX08005,synthetic_cloud_unauditable,WARN,completed pre-fix in the cloud-sandbox environment (initial 453 cohort) whose data/synthetic/ was never committed; the synthetic-fallback audit cannot be applied retroactively (purge-commit known gap)
TX08007,synthetic_cloud_unauditable,WARN,completed pre-fix in the cloud-sandbox environment (initial 453 cohort) whose data/synthetic/ was never committed; the synthetic-fallback audit cannot be applied retroactively (purge-commit known gap)
TX08008,synthetic_cloud_unauditable,WARN,completed pre-fix in the cloud-sandbox environment (initial 453 cohort) whose data/synthetic/ was never committed; the synthetic-fallback audit cannot be applied retroactively (purge-commit known gap)
UT00272,synthetic_cloud_unauditable,WARN,completed pre-fix in the cloud-sandbox environment (initial 453 cohort) whose data/synthetic/ was never committed; the synthetic-fallback audit cannot be applied retroactively (purge-commit known gap)
UT00673,synthetic_cloud_unauditable,WARN,completed pre-fix in the cloud-sandbox environment (initial 453 cohort) whose data/synthetic/ was never committed; the synthetic-fallback audit cannot be applied retroactively (purge-commit known gap)
UT10121,synthetic_cloud_unauditable,WARN,completed pre-fix in the cloud-sandbox environment (initial 453 cohort) whose data/synthetic/ was never committed; the synthetic-fallback audit cannot be applied retroactively (purge-commit known gap)
UT10135,synthetic_cloud_unauditable,WARN,completed pre-fix in the cloud-sandbox environment (initial 453 cohort) whose data/synthetic/ was never committed; the synthetic-fallback audit cannot be applied retroactively (purge-commit known gap)
UT10204,synthetic_cloud_unauditable,WARN,completed pre-fix in the cloud-sandbox environment (initial 453 cohort) whose data/synthetic/ was never committed; the synthetic-fallback audit cannot be applied retroactively (purge-commit known gap)
VA00501,synthetic_cloud_unauditable,WARN,completed pre-fix in the cloud-sandbox environment (initial 453 cohort) whose data/synthetic/ was never committed; the synthetic-fallback audit cannot be applied retroactively (purge-commit known gap)
VA01902,synthetic_cloud_unauditable,WARN,completed pre-fix in the cloud-sandbox environment (initial 453 cohort) whose data/synthetic/ was never committed; the synthetic-fallback audit cannot be applied retroactively (purge-commit known gap)
VA08901,synthetic_cloud_unauditable,WARN,completed pre-fix in the cloud-sandbox environment (initial 453 cohort) whose data/synthetic/ was never committed; the synthetic-fallback audit cannot be applied retroactively (purge-commit known gap)
VA17702,synthetic_cloud_unauditable,WARN,completed pre-fix in the cloud-sandbox environment (initial 453 cohort) whose data/synthetic/ was never committed; the synthetic-fallback audit cannot be applied retroactively (purge-commit known gap)
VA83005,synthetic_cloud_unauditable,WARN,completed pre-fix in the cloud-sandbox environment (initial 453 cohort) whose data/synthetic/ was never committed; the synthetic-fallback audit cannot be applied retroactively (purge-commit known gap)
WA00004,synthetic_cloud_unauditable,WARN,completed pre-fix in the cloud-sandbox environment (initial 453 cohort) whose data/synthetic/ was never committed; the synthetic-fallback audit cannot be applied retroactively (purge-commit known gap)
WA00085,synthetic_cloud_unauditable,WARN,completed pre-fix in the cloud-sandbox environment (initial 453 cohort) whose data/synthetic/ was never committed; the synthetic-fallback audit cannot be applied retroactively (purge-commit known gap)
WA00086,synthetic_cloud_unauditable,WARN,completed pre-fix in the cloud-sandbox environment (initial 453 cohort) whose data/synthetic/ was never committed; the synthetic-fallback audit cannot be applied retroactively (purge-commit known gap)
WA00098,synthetic_cloud_unauditable,WARN,completed pre-fix in the cloud-sandbox environment (initial 453 cohort) whose data/synthetic/ was never committed; the synthetic-fallback audit cannot be applied retroactively (purge-commit known gap)
WA00135,synthetic_cloud_unauditable,WARN,completed pre-fix in the cloud-sandbox environment (initial 453 cohort) whose data/synthetic/ was never committed; the synthetic-fallback audit cannot be applied retroactively (purge-commit known gap)
WA00145,synthetic_cloud_unauditable,WARN,completed pre-fix in the cloud-sandbox environment (initial 453 cohort) whose data/synthetic/ was never committed; the synthetic-fallback audit cannot be applied retroactively (purge-commit known gap)
WA00147,synthetic_cloud_unauditable,WARN,completed pre-fix in the cloud-sandbox environment (initial 453 cohort) whose data/synthetic/ was never committed; the synthetic-fallback audit cannot be applied retroactively (purge-commit known gap)
WA00148,synthetic_cloud_unauditable,WARN,completed pre-fix in the cloud-sandbox environment (initial 453 cohort) whose data/synthetic/ was never committed; the synthetic-fallback audit cannot be applied retroactively (purge-commit known gap)
WA00149,synthetic_cloud_unauditable,WARN,completed pre-fix in the cloud-sandbox environment (initial 453 cohort) whose data/synthetic/ was never committed; the synthetic-fallback audit cannot be applied retroactively (purge-commit known gap)
WA00151,synthetic_cloud_unauditable,WARN,completed pre-fix in the cloud-sandbox environment (initial 453 cohort) whose data/synthetic/ was never committed; the synthetic-fallback audit cannot be applied retroactively (purge-commit known gap)
WA00169,synthetic_cloud_unauditable,WARN,completed pre-fix in the cloud-sandbox environment (initial 453 cohort) whose data/synthetic/ was never committed; the synthetic-fallback audit cannot be applied retroactively (purge-commit known gap)
WA00173,synthetic_cloud_unauditable,WARN,completed pre-fix in the cloud-sandbox environment (initial 453 cohort) whose data/synthetic/ was never committed; the synthetic-fallback audit cannot be applied retroactively (purge-commit known gap)
WA00174,synthetic_cloud_unauditable,WARN,completed pre-fix in the cloud-sandbox environment (initial 453 cohort) whose data/synthetic/ was never committed; the synthetic-fallback audit cannot be applied retroactively (purge-commit known gap)
WA00261,synthetic_cloud_unauditable,WARN,completed pre-fix in the cloud-sandbox environment (initial 453 cohort) whose data/synthetic/ was never committed; the synthetic-fallback audit cannot be applied retroactively (purge-commit known gap)
WA00262,synthetic_cloud_unauditable,WARN,completed pre-fix in the cloud-sandbox environment (initial 453 cohort) whose data/synthetic/ was never committed; the synthetic-fallback audit cannot be applied retroactively (purge-commit known gap)
WA00266,synthetic_cloud_unauditable,WARN,completed pre-fix in the cloud-sandbox environment (initial 453 cohort) whose data/synthetic/ was never committed; the synthetic-fallback audit cannot be applied retroactively (purge-commit known gap)
WA00268,synthetic_cloud_unauditable,WARN,completed pre-fix in the cloud-sandbox environment (initial 453 cohort) whose data/synthetic/ was never committed; the synthetic-fallback audit cannot be applied retroactively (purge-commit known gap)
WA00270,synthetic_cloud_unauditable,WARN,completed pre-fix in the cloud-sandbox environment (initial 453 cohort) whose data/synthetic/ was never committed; the synthetic-fallback audit cannot be applied retroactively (purge-commit known gap)
WA00274,synthetic_cloud_unauditable,WARN,completed pre-fix in the cloud-sandbox environment (initial 453 cohort) whose data/synthetic/ was never committed; the synthetic-fallback audit cannot be applied retroactively (purge-commit known gap)
WA00299,synthetic_cloud_unauditable,WARN,completed pre-fix in the cloud-sandbox environment (initial 453 cohort) whose data/synthetic/ was never committed; the synthetic-fallback audit cannot be applied retroactively (purge-commit known gap)
WA00301,synthetic_cloud_unauditable,WARN,completed pre-fix in the cloud-sandbox environment (initial 453 cohort) whose data/synthetic/ was never committed; the synthetic-fallback audit cannot be applied retroactively (purge-commit known gap)
WA00331,synthetic_cloud_unauditable,WARN,completed pre-fix in the cloud-sandbox environment (initial 453 cohort) whose data/synthetic/ was never committed; the synthetic-fallback audit cannot be applied retroactively (purge-commit known gap)
WA00347,synthetic_cloud_unauditable,WARN,completed pre-fix in the cloud-sandbox environment (initial 453 cohort) whose data/synthetic/ was never committed; the synthetic-fallback audit cannot be applied retroactively (purge-commit known gap)
WA00604,synthetic_cloud_unauditable,WARN,completed pre-fix in the cloud-sandbox environment (initial 453 cohort) whose data/synthetic/ was never committed; the synthetic-fallback audit cannot be applied retroactively (purge-commit known gap)
WA83070,synthetic_cloud_unauditable,WARN,completed pre-fix in the cloud-sandbox environment (initial 453 cohort) whose data/synthetic/ was never committed; the synthetic-fallback audit cannot be applied retroactively (purge-commit known gap)
WI00647,synthetic_cloud_unauditable,WARN,completed pre-fix in the cloud-sandbox environment (initial 453 cohort) whose data/synthetic/ was never committed; the synthetic-fallback audit cannot be applied retroactively (purge-commit known gap)
WI00727,synthetic_cloud_unauditable,WARN,completed pre-fix in the cloud-sandbox environment (initial 453 cohort) whose data/synthetic/ was never committed; the synthetic-fallback audit cannot be applied retroactively (purge-commit known gap)
WI00733,synthetic_cloud_unauditable,WARN,completed pre-fix in the cloud-sandbox environment (initial 453 cohort) whose data/synthetic/ was never committed; the synthetic-fallback audit cannot be applied retroactively (purge-commit known gap)
WI00740,synthetic_cloud_unauditable,WARN,completed pre-fix in the cloud-sandbox environment (initial 453 cohort) whose data/synthetic/ was never committed; the synthetic-fallback audit cannot be applied retroactively (purge-commit known gap)
WI00814,synthetic_cloud_unauditable,WARN,completed pre-fix in the cloud-sandbox environment (initial 453 cohort) whose data/synthetic/ was never committed; the synthetic-fallback audit cannot be applied retroactively (purge-commit known gap)
WV05302,synthetic_cloud_unauditable,WARN,completed pre-fix in the cloud-sandbox environment (initial 453 cohort) whose data/synthetic/ was never committed; the synthetic-fallback audit cannot be applied retroactively (purge-commit known gap)
WV06702,synthetic_cloud_unauditable,WARN,completed pre-fix in the cloud-sandbox environment (initial 453 cohort) whose data/synthetic/ was never committed; the synthetic-fallback audit cannot be applied retroactively (purge-commit known gap)
WV08902,synthetic_cloud_unauditable,WARN,completed pre-fix in the cloud-sandbox environment (initial 453 cohort) whose data/synthetic/ was never committed; the synthetic-fallback audit cannot be applied retroactively (purge-commit known gap)
WV09101,synthetic_cloud_unauditable,WARN,completed pre-fix in the cloud-sandbox environment (initial 453 cohort) whose data/synthetic/ was never committed; the synthetic-fallback audit cannot be applied retroactively (purge-commit known gap)
WY01291,synthetic_cloud_unauditable,WARN,completed pre-fix in the cloud-sandbox environment (initial 453 cohort) whose data/synthetic/ was never committed; the synthetic-fallback audit cannot be applied retroactively (purge-commit known gap)
WY01295,synthetic_cloud_unauditable,WARN,completed pre-fix in the cloud-sandbox environment (initial 453 cohort) whose data/synthetic/ was never committed; the synthetic-fallback audit cannot be applied retroactively (purge-commit known gap)
WY01296,synthetic_cloud_unauditable,WARN,completed pre-fix in the cloud-sandbox environment (initial 453 cohort) whose data/synthetic/ was never committed; the synthetic-fallback audit cannot be applied retroactively (purge-commit known gap)
WY01297,synthetic_cloud_unauditable,WARN,completed pre-fix in the cloud-sandbox environment (initial 453 cohort) whose data/synthetic/ was never committed; the synthetic-fallback audit cannot be applied retroactively (purge-commit known gap)
WY01299,synthetic_cloud_unauditable,WARN,completed pre-fix in the cloud-sandbox environment (initial 453 cohort) whose data/synthetic/ was never committed; the synthetic-fallback audit cannot be applied retroactively (purge-commit known gap)
WY01300,synthetic_cloud_unauditable,WARN,completed pre-fix in the cloud-sandbox environment (initial 453 cohort) whose data/synthetic/ was never committed; the synthetic-fallback audit cannot be applied retroactively (purge-commit known gap)
WY01380,synthetic_cloud_unauditable,WARN,completed pre-fix in the cloud-sandbox environment (initial 453 cohort) whose data/synthetic/ was never committed; the synthetic-fallback audit cannot be applied retroactively (purge-commit known gap)
WY01385,synthetic_cloud_unauditable,WARN,completed pre-fix in the cloud-sandbox environment (initial 453 cohort) whose data/synthetic/ was never committed; the synthetic-fallback audit cannot be applied retroactively (purge-commit known gap)
WY01389,synthetic_cloud_unauditable,WARN,completed pre-fix in the cloud-sandbox environment (initial 453 cohort) whose data/synthetic/ was never committed; the synthetic-fallback audit cannot be applied retroactively (purge-commit known gap)
WY01485,synthetic_cloud_unauditable,WARN,completed pre-fix in the cloud-sandbox environment (initial 453 cohort) whose data/synthetic/ was never committed; the synthetic-fallback audit cannot be applied retroactively (purge-commit known gap)
WY01486,synthetic_cloud_unauditable,WARN,completed pre-fix in the cloud-sandbox environment (initial 453 cohort) whose data/synthetic/ was never committed; the synthetic-fallback audit cannot be applied retroactively (purge-commit known gap)
WY01487,synthetic_cloud_unauditable,WARN,completed pre-fix in the cloud-sandbox environment (initial 453 cohort) whose data/synthetic/ was never committed; the synthetic-fallback audit cannot be applied retroactively (purge-commit known gap)
AK00085,synthetic_prefix_audited_clean,INFO,completed pre-fix in the local session; audited against data/synthetic/ and clean
AR00081,synthetic_prefix_audited_clean,INFO,completed pre-fix in the local session; audited against data/synthetic/ and clean
AR00157,synthetic_prefix_audited_clean,INFO,completed pre-fix in the local session; audited against data/synthetic/ and clean
AR00164,synthetic_prefix_audited_clean,INFO,completed pre-fix in the local session; audited against data/synthetic/ and clean
AR00446,synthetic_prefix_audited_clean,INFO,completed pre-fix in the local session; audited against data/synthetic/ and clean
AR00534,synthetic_prefix_audited_clean,INFO,completed pre-fix in the local session; audited against data/synthetic/ and clean
AZ10308,synthetic_prefix_audited_clean,INFO,completed pre-fix in the local session; audited against data/synthetic/ and clean
AZ10310,synthetic_prefix_audited_clean,INFO,completed pre-fix in the local session; audited against data/synthetic/ and clean
AZ10311,synthetic_prefix_audited_clean,INFO,completed pre-fix in the local session; audited against data/synthetic/ and clean
AZ10312,synthetic_prefix_audited_clean,INFO,completed pre-fix in the local session; audited against data/synthetic/ and clean
CA00052,synthetic_prefix_audited_clean,INFO,completed pre-fix in the local session; audited against data/synthetic/ and clean
CA00054,synthetic_prefix_audited_clean,INFO,completed pre-fix in the local session; audited against data/synthetic/ and clean
CA00090,synthetic_prefix_audited_clean,INFO,completed pre-fix in the local session; audited against data/synthetic/ and clean
CA00111,synthetic_prefix_audited_clean,INFO,completed pre-fix in the local session; audited against data/synthetic/ and clean
CA00113,synthetic_prefix_audited_clean,INFO,completed pre-fix in the local session; audited against data/synthetic/ and clean
CA00164,synthetic_prefix_audited_clean,INFO,completed pre-fix in the local session; audited against data/synthetic/ and clean
CA00212,synthetic_prefix_audited_clean,INFO,completed pre-fix in the local session; audited against data/synthetic/ and clean
CA00227,synthetic_prefix_audited_clean,INFO,completed pre-fix in the local session; audited against data/synthetic/ and clean
CA00283,synthetic_prefix_audited_clean,INFO,completed pre-fix in the local session; audited against data/synthetic/ and clean
CA00382,synthetic_prefix_audited_clean,INFO,completed pre-fix in the local session; audited against data/synthetic/ and clean
CA00412,synthetic_prefix_audited_clean,INFO,completed pre-fix in the local session; audited against data/synthetic/ and clean
CA00425,synthetic_prefix_audited_clean,INFO,completed pre-fix in the local session; audited against data/synthetic/ and clean
CA00437,synthetic_prefix_audited_clean,INFO,completed pre-fix in the local session; audited against data/synthetic/ and clean
CA00441,synthetic_prefix_audited_clean,INFO,completed pre-fix in the local session; audited against data/synthetic/ and clean
CA00717,synthetic_prefix_audited_clean,INFO,completed pre-fix in the local session; audited against data/synthetic/ and clean
CA00816,synthetic_prefix_audited_clean,INFO,completed pre-fix in the local session; audited against data/synthetic/ and clean
CA00856,synthetic_prefix_audited_clean,INFO,completed pre-fix in the local session; audited against data/synthetic/ and clean
CA00857,synthetic_prefix_audited_clean,INFO,completed pre-fix in the local session; audited against data/synthetic/ and clean
CA01224,synthetic_prefix_audited_clean,INFO,completed pre-fix in the local session; audited against data/synthetic/ and clean
CA01396,synthetic_prefix_audited_clean,INFO,completed pre-fix in the local session; audited against data/synthetic/ and clean
CA01530,synthetic_prefix_audited_clean,INFO,completed pre-fix in the local session; audited against data/synthetic/ and clean
CA10021,synthetic_prefix_audited_clean,INFO,completed pre-fix in the local session; audited against data/synthetic/ and clean
CA10102,synthetic_prefix_audited_clean,INFO,completed pre-fix in the local session; audited against data/synthetic/ and clean
CA10114,synthetic_prefix_audited_clean,INFO,completed pre-fix in the local session; audited against data/synthetic/ and clean
CA10136,synthetic_prefix_audited_clean,INFO,completed pre-fix in the local session; audited against data/synthetic/ and clean
CA10159,synthetic_prefix_audited_clean,INFO,completed pre-fix in the local session; audited against data/synthetic/ and clean
CA10192,synthetic_prefix_audited_clean,INFO,completed pre-fix in the local session; audited against data/synthetic/ and clean
CA10201,synthetic_prefix_audited_clean,INFO,completed pre-fix in the local session; audited against data/synthetic/ and clean
CA10204,synthetic_prefix_audited_clean,INFO,completed pre-fix in the local session; audited against data/synthetic/ and clean
CA10243,synthetic_prefix_audited_clean,INFO,completed pre-fix in the local session; audited against data/synthetic/ and clean
CO00050,synthetic_prefix_audited_clean,INFO,completed pre-fix in the local session; audited against data/synthetic/ and clean
CO00790,synthetic_prefix_audited_clean,INFO,completed pre-fix in the local session; audited against data/synthetic/ and clean
CO01280,synthetic_prefix_audited_clean,INFO,completed pre-fix in the local session; audited against data/synthetic/ and clean
CO01658,synthetic_prefix_audited_clean,INFO,completed pre-fix in the local session; audited against data/synthetic/ and clean
CO01659,synthetic_prefix_audited_clean,INFO,completed pre-fix in the local session; audited against data/synthetic/ and clean
CO01669,synthetic_prefix_audited_clean,INFO,completed pre-fix in the local session; audited against data/synthetic/ and clean
CO01695,synthetic_prefix_audited_clean,INFO,completed pre-fix in the local session; audited against data/synthetic/ and clean
CO02045,synthetic_prefix_audited_clean,INFO,completed pre-fix in the local session; audited against data/synthetic/ and clean
CO02886,synthetic_prefix_audited_clean,INFO,completed pre-fix in the local session; audited against data/synthetic/ and clean
GA11101,synthetic_prefix_audited_clean,INFO,completed pre-fix in the local session; audited against data/synthetic/ and clean
GA29101,synthetic_prefix_audited_clean,INFO,completed pre-fix in the local session; audited against data/synthetic/ and clean
ID00039,synthetic_prefix_audited_clean,INFO,completed pre-fix in the local session; audited against data/synthetic/ and clean
ID00044,synthetic_prefix_audited_clean,INFO,completed pre-fix in the local session; audited against data/synthetic/ and clean
ID00054,synthetic_prefix_audited_clean,INFO,completed pre-fix in the local session; audited against data/synthetic/ and clean
ID00055,synthetic_prefix_audited_clean,INFO,completed pre-fix in the local session; audited against data/synthetic/ and clean
ID00220,synthetic_prefix_audited_clean,INFO,completed pre-fix in the local session; audited against data/synthetic/ and clean
ID00272,synthetic_prefix_audited_clean,INFO,completed pre-fix in the local session; audited against data/synthetic/ and clean
ID00276,synthetic_prefix_audited_clean,INFO,completed pre-fix in the local session; audited against data/synthetic/ and clean
ID00278,synthetic_prefix_audited_clean,INFO,completed pre-fix in the local session; audited against data/synthetic/ and clean
ID00280,synthetic_prefix_audited_clean,INFO,completed pre-fix in the local session; audited against data/synthetic/ and clean
ID00284,synthetic_prefix_audited_clean,INFO,completed pre-fix in the local session; audited against data/synthetic/ and clean
ID00318,synthetic_prefix_audited_clean,INFO,completed pre-fix in the local session; audited against data/synthetic/ and clean
ID83001,synthetic_prefix_audited_clean,INFO,completed pre-fix in the local session; audited against data/synthetic/ and clean
ID83002,synthetic_prefix_audited_clean,INFO,completed pre-fix in the local session; audited against data/synthetic/ and clean
ID83065,synthetic_prefix_audited_clean,INFO,completed pre-fix in the local session; audited against data/synthetic/ and clean
KS00023,synthetic_prefix_audited_clean,INFO,completed pre-fix in the local session; audited against data/synthetic/ and clean
KS00024,synthetic_prefix_audited_clean,INFO,completed pre-fix in the local session; audited against data/synthetic/ and clean
KY03027,synthetic_prefix_audited_clean,INFO,completed pre-fix in the local session; audited against data/synthetic/ and clean
KY03028,synthetic_prefix_audited_clean,INFO,completed pre-fix in the local session; audited against data/synthetic/ and clean
MD00004,synthetic_prefix_audited_clean,INFO,completed pre-fix in the local session; audited against data/synthetic/ and clean
MT00560,synthetic_prefix_audited_clean,INFO,completed pre-fix in the local session; audited against data/synthetic/ and clean
MT00570,synthetic_prefix_audited_clean,INFO,completed pre-fix in the local session; audited against data/synthetic/ and clean
NC00392,synthetic_prefix_audited_clean,INFO,completed pre-fix in the local session; audited against data/synthetic/ and clean
NC00549,synthetic_prefix_audited_clean,INFO,completed pre-fix in the local session; audited against data/synthetic/ and clean
ND00146,synthetic_prefix_audited_clean,INFO,completed pre-fix in the local session; audited against data/synthetic/ and clean
ND00147,synthetic_prefix_audited_clean,INFO,completed pre-fix in the local session; audited against data/synthetic/ and clean
ND00332,synthetic_prefix_audited_clean,INFO,completed pre-fix in the local session; audited against data/synthetic/ and clean
NE01073,synthetic_prefix_audited_clean,INFO,completed pre-fix in the local session; audited against data/synthetic/ and clean
NE01076,synthetic_prefix_audited_clean,INFO,completed pre-fix in the local session; audited against data/synthetic/ and clean
NE02287,synthetic_prefix_audited_clean,INFO,completed pre-fix in the local session; audited against data/synthetic/ and clean
NM00002,synthetic_prefix_audited_clean,INFO,completed pre-fix in the local session; audited against data/synthetic/ and clean
NM00003,synthetic_prefix_audited_clean,INFO,completed pre-fix in the local session; audited against data/synthetic/ and clean
NM00004,synthetic_prefix_audited_clean,INFO,completed pre-fix in the local session; audited against data/synthetic/ and clean
NM00130,synthetic_prefix_audited_clean,INFO,completed pre-fix in the local session; audited against data/synthetic/ and clean
NM00505,synthetic_prefix_audited_clean,INFO,completed pre-fix in the local session; audited against data/synthetic/ and clean
NM10008,synthetic_prefix_audited_clean,INFO,completed pre-fix in the local session; audited against data/synthetic/ and clean
NV10124,synthetic_prefix_audited_clean,INFO,completed pre-fix in the local session; audited against data/synthetic/ and clean
NY00390,synthetic_prefix_audited_clean,INFO,completed pre-fix in the local session; audited against data/synthetic/ and clean
NY01055,synthetic_prefix_audited_clean,INFO,completed pre-fix in the local session; audited against data/synthetic/ and clean
OK00452,synthetic_prefix_audited_clean,INFO,completed pre-fix in the local session; audited against data/synthetic/ and clean
OK02500,synthetic_prefix_audited_clean,INFO,completed pre-fix in the local session; audited against data/synthetic/ and clean
OK20502,synthetic_prefix_audited_clean,INFO,completed pre-fix in the local session; audited against data/synthetic/ and clean
OR00015,synthetic_prefix_audited_clean,INFO,completed pre-fix in the local session; audited against data/synthetic/ and clean
OR00082,synthetic_prefix_audited_clean,INFO,completed pre-fix in the local session; audited against data/synthetic/ and clean
OR00250,synthetic_prefix_audited_clean,INFO,completed pre-fix in the local session; audited against data/synthetic/ and clean
OR00276,synthetic_prefix_audited_clean,INFO,completed pre-fix in the local session; audited against data/synthetic/ and clean
OR00579,synthetic_prefix_audited_clean,INFO,completed pre-fix in the local session; audited against data/synthetic/ and clean
OR00619,synthetic_prefix_audited_clean,INFO,completed pre-fix in the local session; audited against data/synthetic/ and clean
OR10022,synthetic_prefix_audited_clean,INFO,completed pre-fix in the local session; audited against data/synthetic/ and clean
PA00003,synthetic_prefix_audited_clean,INFO,completed pre-fix in the local session; audited against data/synthetic/ and clean
PA00005,synthetic_prefix_audited_clean,INFO,completed pre-fix in the local session; audited against data/synthetic/ and clean
PA00110,synthetic_prefix_audited_clean,INFO,completed pre-fix in the local session; audited against data/synthetic/ and clean
PA01132,synthetic_prefix_audited_clean,INFO,completed pre-fix in the local session; audited against data/synthetic/ and clean
PA01133,synthetic_prefix_audited_clean,INFO,completed pre-fix in the local session; audited against data/synthetic/ and clean
PA01134,synthetic_prefix_audited_clean,INFO,completed pre-fix in the local session; audited against data/synthetic/ and clean
SC00109,synthetic_prefix_audited_clean,INFO,completed pre-fix in the local session; audited against data/synthetic/ and clean
SC00685,synthetic_prefix_audited_clean,INFO,completed pre-fix in the local session; audited against data/synthetic/ and clean
SD01099,synthetic_prefix_audited_clean,INFO,completed pre-fix in the local session; audited against data/synthetic/ and clean
SD01100,synthetic_prefix_audited_clean,INFO,completed pre-fix in the local session; audited against data/synthetic/ and clean
SD01139,synthetic_prefix_audited_clean,INFO,completed pre-fix in the local session; audited against data/synthetic/ and clean
TN10502,synthetic_prefix_audited_clean,INFO,completed pre-fix in the local session; audited against data/synthetic/ and clean
TN16306,synthetic_prefix_audited_clean,INFO,completed pre-fix in the local session; audited against data/synthetic/ and clean
TX00986,synthetic_prefix_audited_clean,INFO,completed pre-fix in the local session; audited against data/synthetic/ and clean
TX01011,synthetic_prefix_audited_clean,INFO,completed pre-fix in the local session; audited against data/synthetic/ and clean
TX01659,synthetic_prefix_audited_clean,INFO,completed pre-fix in the local session; audited against data/synthetic/ and clean
TX02483,synthetic_prefix_audited_clean,INFO,completed pre-fix in the local session; audited against data/synthetic/ and clean
TX03778,synthetic_prefix_audited_clean,INFO,completed pre-fix in the local session; audited against data/synthetic/ and clean
TX03845,synthetic_prefix_audited_clean,INFO,completed pre-fix in the local session; audited against data/synthetic/ and clean
TX06028,synthetic_prefix_audited_clean,INFO,completed pre-fix in the local session; audited against data/synthetic/ and clean
TX06400,synthetic_prefix_audited_clean,INFO,completed pre-fix in the local session; audited against data/synthetic/ and clean
UT00249,synthetic_prefix_audited_clean,INFO,completed pre-fix in the local session; audited against data/synthetic/ and clean
UT10112,synthetic_prefix_audited_clean,INFO,completed pre-fix in the local session; audited against data/synthetic/ and clean
UT10117,synthetic_prefix_audited_clean,INFO,completed pre-fix in the local session; audited against data/synthetic/ and clean
UT10136,synthetic_prefix_audited_clean,INFO,completed pre-fix in the local session; audited against data/synthetic/ and clean
VA05101,synthetic_prefix_audited_clean,INFO,completed pre-fix in the local session; audited against data/synthetic/ and clean
VA15502,synthetic_prefix_audited_clean,INFO,completed pre-fix in the local session; audited against data/synthetic/ and clean
WA00088,synthetic_prefix_audited_clean,INFO,completed pre-fix in the local session; audited against data/synthetic/ and clean
WA00152,synthetic_prefix_audited_clean,INFO,completed pre-fix in the local session; audited against data/synthetic/ and clean
WA00172,synthetic_prefix_audited_clean,INFO,completed pre-fix in the local session; audited against data/synthetic/ and clean
WA00208,synthetic_prefix_audited_clean,INFO,completed pre-fix in the local session; audited against data/synthetic/ and clean
WA00255,synthetic_prefix_audited_clean,INFO,completed pre-fix in the local session; audited against data/synthetic/ and clean
WA00257,synthetic_prefix_audited_clean,INFO,completed pre-fix in the local session; audited against data/synthetic/ and clean
WA00260,synthetic_prefix_audited_clean,INFO,completed pre-fix in the local session; audited against data/synthetic/ and clean
WA00265,synthetic_prefix_audited_clean,INFO,completed pre-fix in the local session; audited against data/synthetic/ and clean
WA00273,synthetic_prefix_audited_clean,INFO,completed pre-fix in the local session; audited against data/synthetic/ and clean
WA00298,synthetic_prefix_audited_clean,INFO,completed pre-fix in the local session; audited against data/synthetic/ and clean
WA83069,synthetic_prefix_audited_clean,INFO,completed pre-fix in the local session; audited against data/synthetic/ and clean
WV00701,synthetic_prefix_audited_clean,INFO,completed pre-fix in the local session; audited against data/synthetic/ and clean
WV04114,synthetic_prefix_audited_clean,INFO,completed pre-fix in the local session; audited against data/synthetic/ and clean
WV05301,synthetic_prefix_audited_clean,INFO,completed pre-fix in the local session; audited against data/synthetic/ and clean
WV07301,synthetic_prefix_audited_clean,INFO,completed pre-fix in the local session; audited against data/synthetic/ and clean
WV10702,synthetic_prefix_audited_clean,INFO,completed pre-fix in the local session; audited against data/synthetic/ and clean
WV10924,synthetic_prefix_audited_clean,INFO,completed pre-fix in the local session; audited against data/synthetic/ and clean
WY00005,synthetic_prefix_audited_clean,INFO,completed pre-fix in the local session; audited against data/synthetic/ and clean
WY00292,synthetic_prefix_audited_clean,INFO,completed pre-fix in the local session; audited against data/synthetic/ and clean
WY00456,synthetic_prefix_audited_clean,INFO,completed pre-fix in the local session; audited against data/synthetic/ and clean
WY01290,synthetic_prefix_audited_clean,INFO,completed pre-fix in the local session; audited against data/synthetic/ and clean
WY01378,synthetic_prefix_audited_clean,INFO,completed pre-fix in the local session; audited against data/synthetic/ and clean
WY01496,synthetic_prefix_audited_clean,INFO,completed pre-fix in the local session; audited against data/synthetic/ and clean
WY02302,synthetic_prefix_audited_clean,INFO,completed pre-fix in the local session; audited against data/synthetic/ and clean
WY02303,synthetic_prefix_audited_clean,INFO,completed pre-fix in the local session; audited against data/synthetic/ and clean
AK00002,synthetic_purged_rerun_ok,INFO,one of the 99 purged facilities; re-attempted post-fix and now ok
AL00017,synthetic_purged_rerun_ok,INFO,one of the 99 purged facilities; re-attempted post-fix and now ok
AL01137,synthetic_purged_rerun_ok,INFO,one of the 99 purged facilities; re-attempted post-fix and now ok
AL01418,synthetic_purged_rerun_ok,INFO,one of the 99 purged facilities; re-attempted post-fix and now ok
AL01419,synthetic_purged_rerun_ok,INFO,one of the 99 purged facilities; re-attempted post-fix and now ok
AL01423,synthetic_purged_rerun_ok,INFO,one of the 99 purged facilities; re-attempted post-fix and now ok
AL01424,synthetic_purged_rerun_ok,INFO,one of the 99 purged facilities; re-attempted post-fix and now ok
AL01430,synthetic_purged_rerun_ok,INFO,one of the 99 purged facilities; re-attempted post-fix and now ok
AL01431,synthetic_purged_rerun_ok,INFO,one of the 99 purged facilities; re-attempted post-fix and now ok
AL01434,synthetic_purged_rerun_ok,INFO,one of the 99 purged facilities; re-attempted post-fix and now ok
AL05902,synthetic_purged_rerun_ok,INFO,one of the 99 purged facilities; re-attempted post-fix and now ok
AR00872,synthetic_purged_rerun_ok,INFO,one of the 99 purged facilities; re-attempted post-fix and now ok
FL00108,synthetic_purged_rerun_ok,INFO,one of the 99 purged facilities; re-attempted post-fix and now ok
FL00145,synthetic_purged_rerun_ok,INFO,one of the 99 purged facilities; re-attempted post-fix and now ok
FL00265,synthetic_purged_rerun_ok,INFO,one of the 99 purged facilities; re-attempted post-fix and now ok
FL00268,synthetic_purged_rerun_ok,INFO,one of the 99 purged facilities; re-attempted post-fix and now ok
FL00352,synthetic_purged_rerun_ok,INFO,one of the 99 purged facilities; re-attempted post-fix and now ok
FL00353,synthetic_purged_rerun_ok,INFO,one of the 99 purged facilities; re-attempted post-fix and now ok
FL25001,synthetic_purged_rerun_ok,INFO,one of the 99 purged facilities; re-attempted post-fix and now ok
FL36003,synthetic_purged_rerun_ok,INFO,one of the 99 purged facilities; re-attempted post-fix and now ok
FL36012,synthetic_purged_rerun_ok,INFO,one of the 99 purged facilities; re-attempted post-fix and now ok
FL36013,synthetic_purged_rerun_ok,INFO,one of the 99 purged facilities; re-attempted post-fix and now ok
FL36020,synthetic_purged_rerun_ok,INFO,one of the 99 purged facilities; re-attempted post-fix and now ok
FL74001,synthetic_purged_rerun_ok,INFO,one of the 99 purged facilities; re-attempted post-fix and now ok
GA00830,synthetic_purged_rerun_ok,INFO,one of the 99 purged facilities; re-attempted post-fix and now ok
GA00831,synthetic_purged_rerun_ok,INFO,one of the 99 purged facilities; re-attempted post-fix and now ok
GA10014,synthetic_purged_rerun_ok,INFO,one of the 99 purged facilities; re-attempted post-fix and now ok
IA00003,synthetic_purged_rerun_ok,INFO,one of the 99 purged facilities; re-attempted post-fix and now ok
IA00005,synthetic_purged_rerun_ok,INFO,one of the 99 purged facilities; re-attempted post-fix and now ok
IA04014,synthetic_purged_rerun_ok,INFO,one of the 99 purged facilities; re-attempted post-fix and now ok
IL00083,synthetic_purged_rerun_ok,INFO,one of the 99 purged facilities; re-attempted post-fix and now ok
IL01014,synthetic_purged_rerun_ok,INFO,one of the 99 purged facilities; re-attempted post-fix and now ok
IL50077,synthetic_purged_rerun_ok,INFO,one of the 99 purged facilities; re-attempted post-fix and now ok
IN03002,synthetic_purged_rerun_ok,INFO,one of the 99 purged facilities; re-attempted post-fix and now ok
IN03005,synthetic_purged_rerun_ok,INFO,one of the 99 purged facilities; re-attempted post-fix and now ok
IN03006,synthetic_purged_rerun_ok,INFO,one of the 99 purged facilities; re-attempted post-fix and now ok
KS00003,synthetic_purged_rerun_ok,INFO,one of the 99 purged facilities; re-attempted post-fix and now ok
KS00010,synthetic_purged_rerun_ok,INFO,one of the 99 purged facilities; re-attempted post-fix and now ok
KS00027,synthetic_purged_rerun_ok,INFO,one of the 99 purged facilities; re-attempted post-fix and now ok
KS82201,synthetic_purged_rerun_ok,INFO,one of the 99 purged facilities; re-attempted post-fix and now ok
KY00316,synthetic_purged_rerun_ok,INFO,one of the 99 purged facilities; re-attempted post-fix and now ok
LA00004,synthetic_purged_rerun_ok,INFO,one of the 99 purged facilities; re-attempted post-fix and now ok
LA00011,synthetic_purged_rerun_ok,INFO,one of the 99 purged facilities; re-attempted post-fix and now ok
LA00015,synthetic_purged_rerun_ok,INFO,one of the 99 purged facilities; re-attempted post-fix and now ok
LA00016,synthetic_purged_rerun_ok,INFO,one of the 99 purged facilities; re-attempted post-fix and now ok
LA00018,synthetic_purged_rerun_ok,INFO,one of the 99 purged facilities; re-attempted post-fix and now ok
LA00174,synthetic_purged_rerun_ok,INFO,one of the 99 purged facilities; re-attempted post-fix and now ok
LA00175,synthetic_purged_rerun_ok,INFO,one of the 99 purged facilities; re-attempted post-fix and now ok
LA00176,synthetic_purged_rerun_ok,INFO,one of the 99 purged facilities; re-attempted post-fix and now ok
LA00177,synthetic_purged_rerun_ok,INFO,one of the 99 purged facilities; re-attempted post-fix and now ok
LA00178,synthetic_purged_rerun_ok,INFO,one of the 99 purged facilities; re-attempted post-fix and now ok
LA00180,synthetic_purged_rerun_ok,INFO,one of the 99 purged facilities; re-attempted post-fix and now ok
LA00346,synthetic_purged_rerun_ok,INFO,one of the 99 purged facilities; re-attempted post-fix and now ok
MD00002,synthetic_purged_rerun_ok,INFO,one of the 99 purged facilities; re-attempted post-fix and now ok
ME00133,synthetic_purged_rerun_ok,INFO,one of the 99 purged facilities; re-attempted post-fix and now ok
ME00264,synthetic_purged_rerun_ok,INFO,one of the 99 purged facilities; re-attempted post-fix and now ok
MI00028,synthetic_purged_rerun_ok,INFO,one of the 99 purged facilities; re-attempted post-fix and now ok
MI00171,synthetic_purged_rerun_ok,INFO,one of the 99 purged facilities; re-attempted post-fix and now ok
MN00046,synthetic_purged_rerun_ok,INFO,one of the 99 purged facilities; re-attempted post-fix and now ok
MN00169,synthetic_purged_rerun_ok,INFO,one of the 99 purged facilities; re-attempted post-fix and now ok
MN00173,synthetic_purged_rerun_ok,INFO,one of the 99 purged facilities; re-attempted post-fix and now ok
MN00181,synthetic_purged_rerun_ok,INFO,one of the 99 purged facilities; re-attempted post-fix and now ok
MN00576,synthetic_purged_rerun_ok,INFO,one of the 99 purged facilities; re-attempted post-fix and now ok
MN00582,synthetic_purged_rerun_ok,INFO,one of the 99 purged facilities; re-attempted post-fix and now ok
MN00588,synthetic_purged_rerun_ok,INFO,one of the 99 purged facilities; re-attempted post-fix and now ok
MO10134,synthetic_purged_rerun_ok,INFO,one of the 99 purged facilities; re-attempted post-fix and now ok
MO10301,synthetic_purged_rerun_ok,INFO,one of the 99 purged facilities; re-attempted post-fix and now ok
MO12084,synthetic_purged_rerun_ok,INFO,one of the 99 purged facilities; re-attempted post-fix and now ok
MS03605,synthetic_purged_rerun_ok,INFO,one of the 99 purged facilities; re-attempted post-fix and now ok
OH00002,synthetic_purged_rerun_ok,INFO,one of the 99 purged facilities; re-attempted post-fix and now ok
OH00004,synthetic_purged_rerun_ok,INFO,one of the 99 purged facilities; re-attempted post-fix and now ok
OH00007,synthetic_purged_rerun_ok,INFO,one of the 99 purged facilities; re-attempted post-fix and now ok
OH00017,synthetic_purged_rerun_ok,INFO,one of the 99 purged facilities; re-attempted post-fix and now ok
OH00391,synthetic_purged_rerun_ok,INFO,one of the 99 purged facilities; re-attempted post-fix and now ok
OH00425,synthetic_purged_rerun_ok,INFO,one of the 99 purged facilities; re-attempted post-fix and now ok
OH00580,synthetic_purged_rerun_ok,INFO,one of the 99 purged facilities; re-attempted post-fix and now ok
OH00737,synthetic_purged_rerun_ok,INFO,one of the 99 purged facilities; re-attempted post-fix and now ok
OH00927,synthetic_purged_rerun_ok,INFO,one of the 99 purged facilities; re-attempted post-fix and now ok
OH00931,synthetic_purged_rerun_ok,INFO,one of the 99 purged facilities; re-attempted post-fix and now ok
OK02501,synthetic_purged_rerun_ok,INFO,one of the 99 purged facilities; re-attempted post-fix and now ok
OK02580,synthetic_purged_rerun_ok,INFO,one of the 99 purged facilities; re-attempted post-fix and now ok
OK10039,synthetic_purged_rerun_ok,INFO,one of the 99 purged facilities; re-attempted post-fix and now ok
OK22178,synthetic_purged_rerun_ok,INFO,one of the 99 purged facilities; re-attempted post-fix and now ok
TX00015,synthetic_purged_rerun_ok,INFO,one of the 99 purged facilities; re-attempted post-fix and now ok
TX00018,synthetic_purged_rerun_ok,INFO,one of the 99 purged facilities; re-attempted post-fix and now ok
TX00019,synthetic_purged_rerun_ok,INFO,one of the 99 purged facilities; re-attempted post-fix and now ok
TX03288,synthetic_purged_rerun_ok,INFO,one of the 99 purged facilities; re-attempted post-fix and now ok
TX03547,synthetic_purged_rerun_ok,INFO,one of the 99 purged facilities; re-attempted post-fix and now ok
TX03956,synthetic_purged_rerun_ok,INFO,one of the 99 purged facilities; re-attempted post-fix and now ok
TX05792,synthetic_purged_rerun_ok,INFO,one of the 99 purged facilities; re-attempted post-fix and now ok
WI00029,synthetic_purged_rerun_ok,INFO,one of the 99 purged facilities; re-attempted post-fix and now ok
WI00041,synthetic_purged_rerun_ok,INFO,one of the 99 purged facilities; re-attempted post-fix and now ok
WI00621,synthetic_purged_rerun_ok,INFO,one of the 99 purged facilities; re-attempted post-fix and now ok
WI00724,synthetic_purged_rerun_ok,INFO,one of the 99 purged facilities; re-attempted post-fix and now ok
WI00753,synthetic_purged_rerun_ok,INFO,one of the 99 purged facilities; re-attempted post-fix and now ok
WI00767,synthetic_purged_rerun_ok,INFO,one of the 99 purged facilities; re-attempted post-fix and now ok
WI00797,synthetic_purged_rerun_ok,INFO,one of the 99 purged facilities; re-attempted post-fix and now ok
WI00802,synthetic_purged_rerun_ok,INFO,one of the 99 purged facilities; re-attempted post-fix and now ok
WI00803,synthetic_purged_rerun_ok,INFO,one of the 99 purged facilities; re-attempted post-fix and now ok
AK00001,narrow_elevation_band,WARN,succeeded before 603224c3 with candidate stations restricted to 600-2600 m elevation; region composition differs from the rest of the fleet (~4-5% depth shift seen at Como)
AK00085,narrow_elevation_band,WARN,succeeded before 603224c3 with candidate stations restricted to 600-2600 m elevation; region composition differs from the rest of the fleet (~4-5% depth shift seen at Como)
AL01417,narrow_elevation_band,WARN,succeeded before 603224c3 with candidate stations restricted to 600-2600 m elevation; region composition differs from the rest of the fleet (~4-5% depth shift seen at Como)
AL01420,narrow_elevation_band,WARN,succeeded before 603224c3 with candidate stations restricted to 600-2600 m elevation; region composition differs from the rest of the fleet (~4-5% depth shift seen at Como)
AL01425,narrow_elevation_band,WARN,succeeded before 603224c3 with candidate stations restricted to 600-2600 m elevation; region composition differs from the rest of the fleet (~4-5% depth shift seen at Como)
AL01427,narrow_elevation_band,WARN,succeeded before 603224c3 with candidate stations restricted to 600-2600 m elevation; region composition differs from the rest of the fleet (~4-5% depth shift seen at Como)
AL01432,narrow_elevation_band,WARN,succeeded before 603224c3 with candidate stations restricted to 600-2600 m elevation; region composition differs from the rest of the fleet (~4-5% depth shift seen at Como)
AL01435,narrow_elevation_band,WARN,succeeded before 603224c3 with candidate stations restricted to 600-2600 m elevation; region composition differs from the rest of the fleet (~4-5% depth shift seen at Como)
AL07702,narrow_elevation_band,WARN,succeeded before 603224c3 with candidate stations restricted to 600-2600 m elevation; region composition differs from the rest of the fleet (~4-5% depth shift seen at Como)
AL83001,narrow_elevation_band,WARN,succeeded before 603224c3 with candidate stations restricted to 600-2600 m elevation; region composition differs from the rest of the fleet (~4-5% depth shift seen at Como)
AR00081,narrow_elevation_band,WARN,succeeded before 603224c3 with candidate stations restricted to 600-2600 m elevation; region composition differs from the rest of the fleet (~4-5% depth shift seen at Como)
AR00150,narrow_elevation_band,WARN,succeeded before 603224c3 with candidate stations restricted to 600-2600 m elevation; region composition differs from the rest of the fleet (~4-5% depth shift seen at Como)
AR00157,narrow_elevation_band,WARN,succeeded before 603224c3 with candidate stations restricted to 600-2600 m elevation; region composition differs from the rest of the fleet (~4-5% depth shift seen at Como)
AR00158,narrow_elevation_band,WARN,succeeded before 603224c3 with candidate stations restricted to 600-2600 m elevation; region composition differs from the rest of the fleet (~4-5% depth shift seen at Como)
AR00159,narrow_elevation_band,WARN,succeeded before 603224c3 with candidate stations restricted to 600-2600 m elevation; region composition differs from the rest of the fleet (~4-5% depth shift seen at Como)
AR00160,narrow_elevation_band,WARN,succeeded before 603224c3 with candidate stations restricted to 600-2600 m elevation; region composition differs from the rest of the fleet (~4-5% depth shift seen at Como)
AR00162,narrow_elevation_band,WARN,succeeded before 603224c3 with candidate stations restricted to 600-2600 m elevation; region composition differs from the rest of the fleet (~4-5% depth shift seen at Como)
AR00164,narrow_elevation_band,WARN,succeeded before 603224c3 with candidate stations restricted to 600-2600 m elevation; region composition differs from the rest of the fleet (~4-5% depth shift seen at Como)
AR00174,narrow_elevation_band,WARN,succeeded before 603224c3 with candidate stations restricted to 600-2600 m elevation; region composition differs from the rest of the fleet (~4-5% depth shift seen at Como)
AR00446,narrow_elevation_band,WARN,succeeded before 603224c3 with candidate stations restricted to 600-2600 m elevation; region composition differs from the rest of the fleet (~4-5% depth shift seen at Como)
AR00534,narrow_elevation_band,WARN,succeeded before 603224c3 with candidate stations restricted to 600-2600 m elevation; region composition differs from the rest of the fleet (~4-5% depth shift seen at Como)
AZ00202,narrow_elevation_band,WARN,succeeded before 603224c3 with candidate stations restricted to 600-2600 m elevation; region composition differs from the rest of the fleet (~4-5% depth shift seen at Como)
AZ10002,narrow_elevation_band,WARN,succeeded before 603224c3 with candidate stations restricted to 600-2600 m elevation; region composition differs from the rest of the fleet (~4-5% depth shift seen at Como)
AZ10007,narrow_elevation_band,WARN,succeeded before 603224c3 with candidate stations restricted to 600-2600 m elevation; region composition differs from the rest of the fleet (~4-5% depth shift seen at Como)
AZ10008,narrow_elevation_band,WARN,succeeded before 603224c3 with candidate stations restricted to 600-2600 m elevation; region composition differs from the rest of the fleet (~4-5% depth shift seen at Como)
AZ10307,narrow_elevation_band,WARN,succeeded before 603224c3 with candidate stations restricted to 600-2600 m elevation; region composition differs from the rest of the fleet (~4-5% depth shift seen at Como)
AZ10308,narrow_elevation_band,WARN,succeeded before 603224c3 with candidate stations restricted to 600-2600 m elevation; region composition differs from the rest of the fleet (~4-5% depth shift seen at Como)
AZ10309,narrow_elevation_band,WARN,succeeded before 603224c3 with candidate stations restricted to 600-2600 m elevation; region composition differs from the rest of the fleet (~4-5% depth shift seen at Como)
AZ10310,narrow_elevation_band,WARN,succeeded before 603224c3 with candidate stations restricted to 600-2600 m elevation; region composition differs from the rest of the fleet (~4-5% depth shift seen at Como)
AZ10311,narrow_elevation_band,WARN,succeeded before 603224c3 with candidate stations restricted to 600-2600 m elevation; region composition differs from the rest of the fleet (~4-5% depth shift seen at Como)
AZ10312,narrow_elevation_band,WARN,succeeded before 603224c3 with candidate stations restricted to 600-2600 m elevation; region composition differs from the rest of the fleet (~4-5% depth shift seen at Como)
AZ10317,narrow_elevation_band,WARN,succeeded before 603224c3 with candidate stations restricted to 600-2600 m elevation; region composition differs from the rest of the fleet (~4-5% depth shift seen at Como)
AZ10436,narrow_elevation_band,WARN,succeeded before 603224c3 with candidate stations restricted to 600-2600 m elevation; region composition differs from the rest of the fleet (~4-5% depth shift seen at Como)
AZ82203,narrow_elevation_band,WARN,succeeded before 603224c3 with candidate stations restricted to 600-2600 m elevation; region composition differs from the rest of the fleet (~4-5% depth shift seen at Como)
AZ82929,narrow_elevation_band,WARN,succeeded before 603224c3 with candidate stations restricted to 600-2600 m elevation; region composition differs from the rest of the fleet (~4-5% depth shift seen at Como)
CA00035,narrow_elevation_band,WARN,succeeded before 603224c3 with candidate stations restricted to 600-2600 m elevation; region composition differs from the rest of the fleet (~4-5% depth shift seen at Como)
CA00039,narrow_elevation_band,WARN,succeeded before 603224c3 with candidate stations restricted to 600-2600 m elevation; region composition differs from the rest of the fleet (~4-5% depth shift seen at Como)
CA00043,narrow_elevation_band,WARN,succeeded before 603224c3 with candidate stations restricted to 600-2600 m elevation; region composition differs from the rest of the fleet (~4-5% depth shift seen at Como)
CA00044,narrow_elevation_band,WARN,succeeded before 603224c3 with candidate stations restricted to 600-2600 m elevation; region composition differs from the rest of the fleet (~4-5% depth shift seen at Como)
CA00052,narrow_elevation_band,WARN,succeeded before 603224c3 with candidate stations restricted to 600-2600 m elevation; region composition differs from the rest of the fleet (~4-5% depth shift seen at Como)
CA00054,narrow_elevation_band,WARN,succeeded before 603224c3 with candidate stations restricted to 600-2600 m elevation; region composition differs from the rest of the fleet (~4-5% depth shift seen at Como)
CA00090,narrow_elevation_band,WARN,succeeded before 603224c3 with candidate stations restricted to 600-2600 m elevation; region composition differs from the rest of the fleet (~4-5% depth shift seen at Como)
CA00111,narrow_elevation_band,WARN,succeeded before 603224c3 with candidate stations restricted to 600-2600 m elevation; region composition differs from the rest of the fleet (~4-5% depth shift seen at Como)
CA00113,narrow_elevation_band,WARN,succeeded before 603224c3 with candidate stations restricted to 600-2600 m elevation; region composition differs from the rest of the fleet (~4-5% depth shift seen at Como)
CA00123,narrow_elevation_band,WARN,succeeded before 603224c3 with candidate stations restricted to 600-2600 m elevation; region composition differs from the rest of the fleet (~4-5% depth shift seen at Como)
CA00125,narrow_elevation_band,WARN,succeeded before 603224c3 with candidate stations restricted to 600-2600 m elevation; region composition differs from the rest of the fleet (~4-5% depth shift seen at Como)
CA00126,narrow_elevation_band,WARN,succeeded before 603224c3 with candidate stations restricted to 600-2600 m elevation; region composition differs from the rest of the fleet (~4-5% depth shift seen at Como)
CA00164,narrow_elevation_band,WARN,succeeded before 603224c3 with candidate stations restricted to 600-2600 m elevation; region composition differs from the rest of the fleet (~4-5% depth shift seen at Como)
CA00173,narrow_elevation_band,WARN,succeeded before 603224c3 with candidate stations restricted to 600-2600 m elevation; region composition differs from the rest of the fleet (~4-5% depth shift seen at Como)
CA00212,narrow_elevation_band,WARN,succeeded before 603224c3 with candidate stations restricted to 600-2600 m elevation; region composition differs from the rest of the fleet (~4-5% depth shift seen at Como)
CA00227,narrow_elevation_band,WARN,succeeded before 603224c3 with candidate stations restricted to 600-2600 m elevation; region composition differs from the rest of the fleet (~4-5% depth shift seen at Como)
CA00233,narrow_elevation_band,WARN,succeeded before 603224c3 with candidate stations restricted to 600-2600 m elevation; region composition differs from the rest of the fleet (~4-5% depth shift seen at Como)
CA00240,narrow_elevation_band,WARN,succeeded before 603224c3 with candidate stations restricted to 600-2600 m elevation; region composition differs from the rest of the fleet (~4-5% depth shift seen at Como)
CA00263,narrow_elevation_band,WARN,succeeded before 603224c3 with candidate stations restricted to 600-2600 m elevation; region composition differs from the rest of the fleet (~4-5% depth shift seen at Como)
CA00269,narrow_elevation_band,WARN,succeeded before 603224c3 with candidate stations restricted to 600-2600 m elevation; region composition differs from the rest of the fleet (~4-5% depth shift seen at Como)
CA00281,narrow_elevation_band,WARN,succeeded before 603224c3 with candidate stations restricted to 600-2600 m elevation; region composition differs from the rest of the fleet (~4-5% depth shift seen at Como)
CA00283,narrow_elevation_band,WARN,succeeded before 603224c3 with candidate stations restricted to 600-2600 m elevation; region composition differs from the rest of the fleet (~4-5% depth shift seen at Como)
CA00284,narrow_elevation_band,WARN,succeeded before 603224c3 with candidate stations restricted to 600-2600 m elevation; region composition differs from the rest of the fleet (~4-5% depth shift seen at Como)
CA00294,narrow_elevation_band,WARN,succeeded before 603224c3 with candidate stations restricted to 600-2600 m elevation; region composition differs from the rest of the fleet (~4-5% depth shift seen at Como)
CA00327,narrow_elevation_band,WARN,succeeded before 603224c3 with candidate stations restricted to 600-2600 m elevation; region composition differs from the rest of the fleet (~4-5% depth shift seen at Como)
CA00332,narrow_elevation_band,WARN,succeeded before 603224c3 with candidate stations restricted to 600-2600 m elevation; region composition differs from the rest of the fleet (~4-5% depth shift seen at Como)
CA00382,narrow_elevation_band,WARN,succeeded before 603224c3 with candidate stations restricted to 600-2600 m elevation; region composition differs from the rest of the fleet (~4-5% depth shift seen at Como)
CA00411,narrow_elevation_band,WARN,succeeded before 603224c3 with candidate stations restricted to 600-2600 m elevation; region composition differs from the rest of the fleet (~4-5% depth shift seen at Como)
CA00412,narrow_elevation_band,WARN,succeeded before 603224c3 with candidate stations restricted to 600-2600 m elevation; region composition differs from the rest of the fleet (~4-5% depth shift seen at Como)
CA00425,narrow_elevation_band,WARN,succeeded before 603224c3 with candidate stations restricted to 600-2600 m elevation; region composition differs from the rest of the fleet (~4-5% depth shift seen at Como)
CA00434,narrow_elevation_band,WARN,succeeded before 603224c3 with candidate stations restricted to 600-2600 m elevation; region composition differs from the rest of the fleet (~4-5% depth shift seen at Como)
CA00437,narrow_elevation_band,WARN,succeeded before 603224c3 with candidate stations restricted to 600-2600 m elevation; region composition differs from the rest of the fleet (~4-5% depth shift seen at Como)
CA00441,narrow_elevation_band,WARN,succeeded before 603224c3 with candidate stations restricted to 600-2600 m elevation; region composition differs from the rest of the fleet (~4-5% depth shift seen at Como)
CA00443,narrow_elevation_band,WARN,succeeded before 603224c3 with candidate stations restricted to 600-2600 m elevation; region composition differs from the rest of the fleet (~4-5% depth shift seen at Como)
CA00717,narrow_elevation_band,WARN,succeeded before 603224c3 with candidate stations restricted to 600-2600 m elevation; region composition differs from the rest of the fleet (~4-5% depth shift seen at Como)
CA00757,narrow_elevation_band,WARN,succeeded before 603224c3 with candidate stations restricted to 600-2600 m elevation; region composition differs from the rest of the fleet (~4-5% depth shift seen at Como)
CA00812,narrow_elevation_band,WARN,succeeded before 603224c3 with candidate stations restricted to 600-2600 m elevation; region composition differs from the rest of the fleet (~4-5% depth shift seen at Como)
CA00813,narrow_elevation_band,WARN,succeeded before 603224c3 with candidate stations restricted to 600-2600 m elevation; region composition differs from the rest of the fleet (~4-5% depth shift seen at Como)
CA00816,narrow_elevation_band,WARN,succeeded before 603224c3 with candidate stations restricted to 600-2600 m elevation; region composition differs from the rest of the fleet (~4-5% depth shift seen at Como)
CA00856,narrow_elevation_band,WARN,succeeded before 603224c3 with candidate stations restricted to 600-2600 m elevation; region composition differs from the rest of the fleet (~4-5% depth shift seen at Como)
CA00857,narrow_elevation_band,WARN,succeeded before 603224c3 with candidate stations restricted to 600-2600 m elevation; region composition differs from the rest of the fleet (~4-5% depth shift seen at Como)
CA00863,narrow_elevation_band,WARN,succeeded before 603224c3 with candidate stations restricted to 600-2600 m elevation; region composition differs from the rest of the fleet (~4-5% depth shift seen at Como)
CA00911,narrow_elevation_band,WARN,succeeded before 603224c3 with candidate stations restricted to 600-2600 m elevation; region composition differs from the rest of the fleet (~4-5% depth shift seen at Como)
CA01107,narrow_elevation_band,WARN,succeeded before 603224c3 with candidate stations restricted to 600-2600 m elevation; region composition differs from the rest of the fleet (~4-5% depth shift seen at Como)
CA01224,narrow_elevation_band,WARN,succeeded before 603224c3 with candidate stations restricted to 600-2600 m elevation; region composition differs from the rest of the fleet (~4-5% depth shift seen at Como)
CA01396,narrow_elevation_band,WARN,succeeded before 603224c3 with candidate stations restricted to 600-2600 m elevation; region composition differs from the rest of the fleet (~4-5% depth shift seen at Como)
CA01410,narrow_elevation_band,WARN,succeeded before 603224c3 with candidate stations restricted to 600-2600 m elevation; region composition differs from the rest of the fleet (~4-5% depth shift seen at Como)
CA01530,narrow_elevation_band,WARN,succeeded before 603224c3 with candidate stations restricted to 600-2600 m elevation; region composition differs from the rest of the fleet (~4-5% depth shift seen at Como)
CA10021,narrow_elevation_band,WARN,succeeded before 603224c3 with candidate stations restricted to 600-2600 m elevation; region composition differs from the rest of the fleet (~4-5% depth shift seen at Como)
CA10022,narrow_elevation_band,WARN,succeeded before 603224c3 with candidate stations restricted to 600-2600 m elevation; region composition differs from the rest of the fleet (~4-5% depth shift seen at Como)
CA10102,narrow_elevation_band,WARN,succeeded before 603224c3 with candidate stations restricted to 600-2600 m elevation; region composition differs from the rest of the fleet (~4-5% depth shift seen at Como)
CA10106,narrow_elevation_band,WARN,succeeded before 603224c3 with candidate stations restricted to 600-2600 m elevation; region composition differs from the rest of the fleet (~4-5% depth shift seen at Como)
CA10109,narrow_elevation_band,WARN,succeeded before 603224c3 with candidate stations restricted to 600-2600 m elevation; region composition differs from the rest of the fleet (~4-5% depth shift seen at Como)
CA10112,narrow_elevation_band,WARN,succeeded before 603224c3 with candidate stations restricted to 600-2600 m elevation; region composition differs from the rest of the fleet (~4-5% depth shift seen at Como)
CA10114,narrow_elevation_band,WARN,succeeded before 603224c3 with candidate stations restricted to 600-2600 m elevation; region composition differs from the rest of the fleet (~4-5% depth shift seen at Como)
CA10136,narrow_elevation_band,WARN,succeeded before 603224c3 with candidate stations restricted to 600-2600 m elevation; region composition differs from the rest of the fleet (~4-5% depth shift seen at Como)
CA10139,narrow_elevation_band,WARN,succeeded before 603224c3 with candidate stations restricted to 600-2600 m elevation; region composition differs from the rest of the fleet (~4-5% depth shift seen at Como)
CA10141,narrow_elevation_band,WARN,succeeded before 603224c3 with candidate stations restricted to 600-2600 m elevation; region composition differs from the rest of the fleet (~4-5% depth shift seen at Como)
CA10148,narrow_elevation_band,WARN,succeeded before 603224c3 with candidate stations restricted to 600-2600 m elevation; region composition differs from the rest of the fleet (~4-5% depth shift seen at Como)
CA10154,narrow_elevation_band,WARN,succeeded before 603224c3 with candidate stations restricted to 600-2600 m elevation; region composition differs from the rest of the fleet (~4-5% depth shift seen at Como)
CA10159,narrow_elevation_band,WARN,succeeded before 603224c3 with candidate stations restricted to 600-2600 m elevation; region composition differs from the rest of the fleet (~4-5% depth shift seen at Como)
CA10162,narrow_elevation_band,WARN,succeeded before 603224c3 with candidate stations restricted to 600-2600 m elevation; region composition differs from the rest of the fleet (~4-5% depth shift seen at Como)
CA10170,narrow_elevation_band,WARN,succeeded before 603224c3 with candidate stations restricted to 600-2600 m elevation; region composition differs from the rest of the fleet (~4-5% depth shift seen at Como)
CA10183,narrow_elevation_band,WARN,succeeded before 603224c3 with candidate stations restricted to 600-2600 m elevation; region composition differs from the rest of the fleet (~4-5% depth shift seen at Como)
CA10186,narrow_elevation_band,WARN,succeeded before 603224c3 with candidate stations restricted to 600-2600 m elevation; region composition differs from the rest of the fleet (~4-5% depth shift seen at Como)
CA10192,narrow_elevation_band,WARN,succeeded before 603224c3 with candidate stations restricted to 600-2600 m elevation; region composition differs from the rest of the fleet (~4-5% depth shift seen at Como)
CA10196,narrow_elevation_band,WARN,succeeded before 603224c3 with candidate stations restricted to 600-2600 m elevation; region composition differs from the rest of the fleet (~4-5% depth shift seen at Como)
CA10197,narrow_elevation_band,WARN,succeeded before 603224c3 with candidate stations restricted to 600-2600 m elevation; region composition differs from the rest of the fleet (~4-5% depth shift seen at Como)
CA10201,narrow_elevation_band,WARN,succeeded before 603224c3 with candidate stations restricted to 600-2600 m elevation; region composition differs from the rest of the fleet (~4-5% depth shift seen at Como)
CA10204,narrow_elevation_band,WARN,succeeded before 603224c3 with candidate stations restricted to 600-2600 m elevation; region composition differs from the rest of the fleet (~4-5% depth shift seen at Como)
CA10243,narrow_elevation_band,WARN,succeeded before 603224c3 with candidate stations restricted to 600-2600 m elevation; region composition differs from the rest of the fleet (~4-5% depth shift seen at Como)
CA10244,narrow_elevation_band,WARN,succeeded before 603224c3 with candidate stations restricted to 600-2600 m elevation; region composition differs from the rest of the fleet (~4-5% depth shift seen at Como)
CA10246,narrow_elevation_band,WARN,succeeded before 603224c3 with candidate stations restricted to 600-2600 m elevation; region composition differs from the rest of the fleet (~4-5% depth shift seen at Como)
CO00050,narrow_elevation_band,WARN,succeeded before 603224c3 with candidate stations restricted to 600-2600 m elevation; region composition differs from the rest of the fleet (~4-5% depth shift seen at Como)
CO00112,narrow_elevation_band,WARN,succeeded before 603224c3 with candidate stations restricted to 600-2600 m elevation; region composition differs from the rest of the fleet (~4-5% depth shift seen at Como)
CO00151,narrow_elevation_band,WARN,succeeded before 603224c3 with candidate stations restricted to 600-2600 m elevation; region composition differs from the rest of the fleet (~4-5% depth shift seen at Como)
CO00299,narrow_elevation_band,WARN,succeeded before 603224c3 with candidate stations restricted to 600-2600 m elevation; region composition differs from the rest of the fleet (~4-5% depth shift seen at Como)
CO00351,narrow_elevation_band,WARN,succeeded before 603224c3 with candidate stations restricted to 600-2600 m elevation; region composition differs from the rest of the fleet (~4-5% depth shift seen at Como)
CO00359,narrow_elevation_band,WARN,succeeded before 603224c3 with candidate stations restricted to 600-2600 m elevation; region composition differs from the rest of the fleet (~4-5% depth shift seen at Como)
CO00384,narrow_elevation_band,WARN,succeeded before 603224c3 with candidate stations restricted to 600-2600 m elevation; region composition differs from the rest of the fleet (~4-5% depth shift seen at Como)
CO00717,narrow_elevation_band,WARN,succeeded before 603224c3 with candidate stations restricted to 600-2600 m elevation; region composition differs from the rest of the fleet (~4-5% depth shift seen at Como)
CO00790,narrow_elevation_band,WARN,succeeded before 603224c3 with candidate stations restricted to 600-2600 m elevation; region composition differs from the rest of the fleet (~4-5% depth shift seen at Como)
CO00875,narrow_elevation_band,WARN,succeeded before 603224c3 with candidate stations restricted to 600-2600 m elevation; region composition differs from the rest of the fleet (~4-5% depth shift seen at Como)
CO01280,narrow_elevation_band,WARN,succeeded before 603224c3 with candidate stations restricted to 600-2600 m elevation; region composition differs from the rest of the fleet (~4-5% depth shift seen at Como)
CO01281,narrow_elevation_band,WARN,succeeded before 603224c3 with candidate stations restricted to 600-2600 m elevation; region composition differs from the rest of the fleet (~4-5% depth shift seen at Como)
CO01283,narrow_elevation_band,WARN,succeeded before 603224c3 with candidate stations restricted to 600-2600 m elevation; region composition differs from the rest of the fleet (~4-5% depth shift seen at Como)
CO01300,narrow_elevation_band,WARN,succeeded before 603224c3 with candidate stations restricted to 600-2600 m elevation; region composition differs from the rest of the fleet (~4-5% depth shift seen at Como)
CO01650,narrow_elevation_band,WARN,succeeded before 603224c3 with candidate stations restricted to 600-2600 m elevation; region composition differs from the rest of the fleet (~4-5% depth shift seen at Como)
CO01656,narrow_elevation_band,WARN,succeeded before 603224c3 with candidate stations restricted to 600-2600 m elevation; region composition differs from the rest of the fleet (~4-5% depth shift seen at Como)
CO01658,narrow_elevation_band,WARN,succeeded before 603224c3 with candidate stations restricted to 600-2600 m elevation; region composition differs from the rest of the fleet (~4-5% depth shift seen at Como)
CO01659,narrow_elevation_band,WARN,succeeded before 603224c3 with candidate stations restricted to 600-2600 m elevation; region composition differs from the rest of the fleet (~4-5% depth shift seen at Como)
CO01664,narrow_elevation_band,WARN,succeeded before 603224c3 with candidate stations restricted to 600-2600 m elevation; region composition differs from the rest of the fleet (~4-5% depth shift seen at Como)
CO01669,narrow_elevation_band,WARN,succeeded before 603224c3 with candidate stations restricted to 600-2600 m elevation; region composition differs from the rest of the fleet (~4-5% depth shift seen at Como)
CO01675,narrow_elevation_band,WARN,succeeded before 603224c3 with candidate stations restricted to 600-2600 m elevation; region composition differs from the rest of the fleet (~4-5% depth shift seen at Como)
CO01688,narrow_elevation_band,WARN,succeeded before 603224c3 with candidate stations restricted to 600-2600 m elevation; region composition differs from the rest of the fleet (~4-5% depth shift seen at Como)
CO01689,narrow_elevation_band,WARN,succeeded before 603224c3 with candidate stations restricted to 600-2600 m elevation; region composition differs from the rest of the fleet (~4-5% depth shift seen at Como)
CO01695,narrow_elevation_band,WARN,succeeded before 603224c3 with candidate stations restricted to 600-2600 m elevation; region composition differs from the rest of the fleet (~4-5% depth shift seen at Como)
CO02045,narrow_elevation_band,WARN,succeeded before 603224c3 with candidate stations restricted to 600-2600 m elevation; region composition differs from the rest of the fleet (~4-5% depth shift seen at Como)
CO02706,narrow_elevation_band,WARN,succeeded before 603224c3 with candidate stations restricted to 600-2600 m elevation; region composition differs from the rest of the fleet (~4-5% depth shift seen at Como)
CO02707,narrow_elevation_band,WARN,succeeded before 603224c3 with candidate stations restricted to 600-2600 m elevation; region composition differs from the rest of the fleet (~4-5% depth shift seen at Como)
CO02886,narrow_elevation_band,WARN,succeeded before 603224c3 with candidate stations restricted to 600-2600 m elevation; region composition differs from the rest of the fleet (~4-5% depth shift seen at Como)
FL00271,narrow_elevation_band,WARN,succeeded before 603224c3 with candidate stations restricted to 600-2600 m elevation; region composition differs from the rest of the fleet (~4-5% depth shift seen at Como)
FL00291,narrow_elevation_band,WARN,succeeded before 603224c3 with candidate stations restricted to 600-2600 m elevation; region composition differs from the rest of the fleet (~4-5% depth shift seen at Como)
FL00292,narrow_elevation_band,WARN,succeeded before 603224c3 with candidate stations restricted to 600-2600 m elevation; region composition differs from the rest of the fleet (~4-5% depth shift seen at Como)
FL00297,narrow_elevation_band,WARN,succeeded before 603224c3 with candidate stations restricted to 600-2600 m elevation; region composition differs from the rest of the fleet (~4-5% depth shift seen at Como)
FL00299,narrow_elevation_band,WARN,succeeded before 603224c3 with candidate stations restricted to 600-2600 m elevation; region composition differs from the rest of the fleet (~4-5% depth shift seen at Como)
FL00300,narrow_elevation_band,WARN,succeeded before 603224c3 with candidate stations restricted to 600-2600 m elevation; region composition differs from the rest of the fleet (~4-5% depth shift seen at Como)
FL00301,narrow_elevation_band,WARN,succeeded before 603224c3 with candidate stations restricted to 600-2600 m elevation; region composition differs from the rest of the fleet (~4-5% depth shift seen at Como)
FL00302,narrow_elevation_band,WARN,succeeded before 603224c3 with candidate stations restricted to 600-2600 m elevation; region composition differs from the rest of the fleet (~4-5% depth shift seen at Como)
FL00312,narrow_elevation_band,WARN,succeeded before 603224c3 with candidate stations restricted to 600-2600 m elevation; region composition differs from the rest of the fleet (~4-5% depth shift seen at Como)
FL00324,narrow_elevation_band,WARN,succeeded before 603224c3 with candidate stations restricted to 600-2600 m elevation; region composition differs from the rest of the fleet (~4-5% depth shift seen at Como)
FL00327,narrow_elevation_band,WARN,succeeded before 603224c3 with candidate stations restricted to 600-2600 m elevation; region composition differs from the rest of the fleet (~4-5% depth shift seen at Como)
FL00334,narrow_elevation_band,WARN,succeeded before 603224c3 with candidate stations restricted to 600-2600 m elevation; region composition differs from the rest of the fleet (~4-5% depth shift seen at Como)
FL00338,narrow_elevation_band,WARN,succeeded before 603224c3 with candidate stations restricted to 600-2600 m elevation; region composition differs from the rest of the fleet (~4-5% depth shift seen at Como)
FL00343,narrow_elevation_band,WARN,succeeded before 603224c3 with candidate stations restricted to 600-2600 m elevation; region composition differs from the rest of the fleet (~4-5% depth shift seen at Como)
FL00345,narrow_elevation_band,WARN,succeeded before 603224c3 with candidate stations restricted to 600-2600 m elevation; region composition differs from the rest of the fleet (~4-5% depth shift seen at Como)
FL00350,narrow_elevation_band,WARN,succeeded before 603224c3 with candidate stations restricted to 600-2600 m elevation; region composition differs from the rest of the fleet (~4-5% depth shift seen at Como)
FL00384,narrow_elevation_band,WARN,succeeded before 603224c3 with candidate stations restricted to 600-2600 m elevation; region composition differs from the rest of the fleet (~4-5% depth shift seen at Como)
FL00426,narrow_elevation_band,WARN,succeeded before 603224c3 with candidate stations restricted to 600-2600 m elevation; region composition differs from the rest of the fleet (~4-5% depth shift seen at Como)
FL00435,narrow_elevation_band,WARN,succeeded before 603224c3 with candidate stations restricted to 600-2600 m elevation; region composition differs from the rest of the fleet (~4-5% depth shift seen at Como)
FL00678,narrow_elevation_band,WARN,succeeded before 603224c3 with candidate stations restricted to 600-2600 m elevation; region composition differs from the rest of the fleet (~4-5% depth shift seen at Como)
FL00681,narrow_elevation_band,WARN,succeeded before 603224c3 with candidate stations restricted to 600-2600 m elevation; region composition differs from the rest of the fleet (~4-5% depth shift seen at Como)
FL00683,narrow_elevation_band,WARN,succeeded before 603224c3 with candidate stations restricted to 600-2600 m elevation; region composition differs from the rest of the fleet (~4-5% depth shift seen at Como)
FL00693,narrow_elevation_band,WARN,succeeded before 603224c3 with candidate stations restricted to 600-2600 m elevation; region composition differs from the rest of the fleet (~4-5% depth shift seen at Como)
FL11067,narrow_elevation_band,WARN,succeeded before 603224c3 with candidate stations restricted to 600-2600 m elevation; region composition differs from the rest of the fleet (~4-5% depth shift seen at Como)
FL36001,narrow_elevation_band,WARN,succeeded before 603224c3 with candidate stations restricted to 600-2600 m elevation; region composition differs from the rest of the fleet (~4-5% depth shift seen at Como)
FL36005,narrow_elevation_band,WARN,succeeded before 603224c3 with candidate stations restricted to 600-2600 m elevation; region composition differs from the rest of the fleet (~4-5% depth shift seen at Como)
FL36006,narrow_elevation_band,WARN,succeeded before 603224c3 with candidate stations restricted to 600-2600 m elevation; region composition differs from the rest of the fleet (~4-5% depth shift seen at Como)
FL36007,narrow_elevation_band,WARN,succeeded before 603224c3 with candidate stations restricted to 600-2600 m elevation; region composition differs from the rest of the fleet (~4-5% depth shift seen at Como)
FL36008,narrow_elevation_band,WARN,succeeded before 603224c3 with candidate stations restricted to 600-2600 m elevation; region composition differs from the rest of the fleet (~4-5% depth shift seen at Como)
FL36010,narrow_elevation_band,WARN,succeeded before 603224c3 with candidate stations restricted to 600-2600 m elevation; region composition differs from the rest of the fleet (~4-5% depth shift seen at Como)
FL36016,narrow_elevation_band,WARN,succeeded before 603224c3 with candidate stations restricted to 600-2600 m elevation; region composition differs from the rest of the fleet (~4-5% depth shift seen at Como)
FL36017,narrow_elevation_band,WARN,succeeded before 603224c3 with candidate stations restricted to 600-2600 m elevation; region composition differs from the rest of the fleet (~4-5% depth shift seen at Como)
FL36018,narrow_elevation_band,WARN,succeeded before 603224c3 with candidate stations restricted to 600-2600 m elevation; region composition differs from the rest of the fleet (~4-5% depth shift seen at Como)
FL36019,narrow_elevation_band,WARN,succeeded before 603224c3 with candidate stations restricted to 600-2600 m elevation; region composition differs from the rest of the fleet (~4-5% depth shift seen at Como)
GA00820,narrow_elevation_band,WARN,succeeded before 603224c3 with candidate stations restricted to 600-2600 m elevation; region composition differs from the rest of the fleet (~4-5% depth shift seen at Como)
GA00821,narrow_elevation_band,WARN,succeeded before 603224c3 with candidate stations restricted to 600-2600 m elevation; region composition differs from the rest of the fleet (~4-5% depth shift seen at Como)
GA00824,narrow_elevation_band,WARN,succeeded before 603224c3 with candidate stations restricted to 600-2600 m elevation; region composition differs from the rest of the fleet (~4-5% depth shift seen at Como)
GA00836,narrow_elevation_band,WARN,succeeded before 603224c3 with candidate stations restricted to 600-2600 m elevation; region composition differs from the rest of the fleet (~4-5% depth shift seen at Como)
GA00847,narrow_elevation_band,WARN,succeeded before 603224c3 with candidate stations restricted to 600-2600 m elevation; region composition differs from the rest of the fleet (~4-5% depth shift seen at Como)
GA01701,narrow_elevation_band,WARN,succeeded before 603224c3 with candidate stations restricted to 600-2600 m elevation; region composition differs from the rest of the fleet (~4-5% depth shift seen at Como)
GA01702,narrow_elevation_band,WARN,succeeded before 603224c3 with candidate stations restricted to 600-2600 m elevation; region composition differs from the rest of the fleet (~4-5% depth shift seen at Como)
GA01705,narrow_elevation_band,WARN,succeeded before 603224c3 with candidate stations restricted to 600-2600 m elevation; region composition differs from the rest of the fleet (~4-5% depth shift seen at Como)
GA03742,narrow_elevation_band,WARN,succeeded before 603224c3 with candidate stations restricted to 600-2600 m elevation; region composition differs from the rest of the fleet (~4-5% depth shift seen at Como)
GA11101,narrow_elevation_band,WARN,succeeded before 603224c3 with candidate stations restricted to 600-2600 m elevation; region composition differs from the rest of the fleet (~4-5% depth shift seen at Como)
GA29101,narrow_elevation_band,WARN,succeeded before 603224c3 with candidate stations restricted to 600-2600 m elevation; region composition differs from the rest of the fleet (~4-5% depth shift seen at Como)
IA00012,narrow_elevation_band,WARN,succeeded before 603224c3 with candidate stations restricted to 600-2600 m elevation; region composition differs from the rest of the fleet (~4-5% depth shift seen at Como)
IA00016,narrow_elevation_band,WARN,succeeded before 603224c3 with candidate stations restricted to 600-2600 m elevation; region composition differs from the rest of the fleet (~4-5% depth shift seen at Como)
IA00017,narrow_elevation_band,WARN,succeeded before 603224c3 with candidate stations restricted to 600-2600 m elevation; region composition differs from the rest of the fleet (~4-5% depth shift seen at Como)
ID00039,narrow_elevation_band,WARN,succeeded before 603224c3 with candidate stations restricted to 600-2600 m elevation; region composition differs from the rest of the fleet (~4-5% depth shift seen at Como)
ID00044,narrow_elevation_band,WARN,succeeded before 603224c3 with candidate stations restricted to 600-2600 m elevation; region composition differs from the rest of the fleet (~4-5% depth shift seen at Como)
ID00054,narrow_elevation_band,WARN,succeeded before 603224c3 with candidate stations restricted to 600-2600 m elevation; region composition differs from the rest of the fleet (~4-5% depth shift seen at Como)
ID00055,narrow_elevation_band,WARN,succeeded before 603224c3 with candidate stations restricted to 600-2600 m elevation; region composition differs from the rest of the fleet (~4-5% depth shift seen at Como)
ID00056,narrow_elevation_band,WARN,succeeded before 603224c3 with candidate stations restricted to 600-2600 m elevation; region composition differs from the rest of the fleet (~4-5% depth shift seen at Como)
ID00204,narrow_elevation_band,WARN,succeeded before 603224c3 with candidate stations restricted to 600-2600 m elevation; region composition differs from the rest of the fleet (~4-5% depth shift seen at Como)
ID00220,narrow_elevation_band,WARN,succeeded before 603224c3 with candidate stations restricted to 600-2600 m elevation; region composition differs from the rest of the fleet (~4-5% depth shift seen at Como)
ID00222,narrow_elevation_band,WARN,succeeded before 603224c3 with candidate stations restricted to 600-2600 m elevation; region composition differs from the rest of the fleet (~4-5% depth shift seen at Como)
ID00244,narrow_elevation_band,WARN,succeeded before 603224c3 with candidate stations restricted to 600-2600 m elevation; region composition differs from the rest of the fleet (~4-5% depth shift seen at Como)
ID00266,narrow_elevation_band,WARN,succeeded before 603224c3 with candidate stations restricted to 600-2600 m elevation; region composition differs from the rest of the fleet (~4-5% depth shift seen at Como)
ID00272,narrow_elevation_band,WARN,succeeded before 603224c3 with candidate stations restricted to 600-2600 m elevation; region composition differs from the rest of the fleet (~4-5% depth shift seen at Como)
ID00273,narrow_elevation_band,WARN,succeeded before 603224c3 with candidate stations restricted to 600-2600 m elevation; region composition differs from the rest of the fleet (~4-5% depth shift seen at Como)
ID00274,narrow_elevation_band,WARN,succeeded before 603224c3 with candidate stations restricted to 600-2600 m elevation; region composition differs from the rest of the fleet (~4-5% depth shift seen at Como)
ID00275,narrow_elevation_band,WARN,succeeded before 603224c3 with candidate stations restricted to 600-2600 m elevation; region composition differs from the rest of the fleet (~4-5% depth shift seen at Como)
ID00276,narrow_elevation_band,WARN,succeeded before 603224c3 with candidate stations restricted to 600-2600 m elevation; region composition differs from the rest of the fleet (~4-5% depth shift seen at Como)
ID00278,narrow_elevation_band,WARN,succeeded before 603224c3 with candidate stations restricted to 600-2600 m elevation; region composition differs from the rest of the fleet (~4-5% depth shift seen at Como)
ID00279,narrow_elevation_band,WARN,succeeded before 603224c3 with candidate stations restricted to 600-2600 m elevation; region composition differs from the rest of the fleet (~4-5% depth shift seen at Como)
ID00280,narrow_elevation_band,WARN,succeeded before 603224c3 with candidate stations restricted to 600-2600 m elevation; region composition differs from the rest of the fleet (~4-5% depth shift seen at Como)
ID00283,narrow_elevation_band,WARN,succeeded before 603224c3 with candidate stations restricted to 600-2600 m elevation; region composition differs from the rest of the fleet (~4-5% depth shift seen at Como)
ID00284,narrow_elevation_band,WARN,succeeded before 603224c3 with candidate stations restricted to 600-2600 m elevation; region composition differs from the rest of the fleet (~4-5% depth shift seen at Como)
ID00287,narrow_elevation_band,WARN,succeeded before 603224c3 with candidate stations restricted to 600-2600 m elevation; region composition differs from the rest of the fleet (~4-5% depth shift seen at Como)
ID00288,narrow_elevation_band,WARN,succeeded before 603224c3 with candidate stations restricted to 600-2600 m elevation; region composition differs from the rest of the fleet (~4-5% depth shift seen at Como)
ID00318,narrow_elevation_band,WARN,succeeded before 603224c3 with candidate stations restricted to 600-2600 m elevation; region composition differs from the rest of the fleet (~4-5% depth shift seen at Como)
ID00319,narrow_elevation_band,WARN,succeeded before 603224c3 with candidate stations restricted to 600-2600 m elevation; region composition differs from the rest of the fleet (~4-5% depth shift seen at Como)
ID00344,narrow_elevation_band,WARN,succeeded before 603224c3 with candidate stations restricted to 600-2600 m elevation; region composition differs from the rest of the fleet (~4-5% depth shift seen at Como)
ID00448,narrow_elevation_band,WARN,succeeded before 603224c3 with candidate stations restricted to 600-2600 m elevation; region composition differs from the rest of the fleet (~4-5% depth shift seen at Como)
ID83001,narrow_elevation_band,WARN,succeeded before 603224c3 with candidate stations restricted to 600-2600 m elevation; region composition differs from the rest of the fleet (~4-5% depth shift seen at Como)
ID83002,narrow_elevation_band,WARN,succeeded before 603224c3 with candidate stations restricted to 600-2600 m elevation; region composition differs from the rest of the fleet (~4-5% depth shift seen at Como)
ID83065,narrow_elevation_band,WARN,succeeded before 603224c3 with candidate stations restricted to 600-2600 m elevation; region composition differs from the rest of the fleet (~4-5% depth shift seen at Como)
IL00113,narrow_elevation_band,WARN,succeeded before 603224c3 with candidate stations restricted to 600-2600 m elevation; region composition differs from the rest of the fleet (~4-5% depth shift seen at Como)
IL00117,narrow_elevation_band,WARN,succeeded before 603224c3 with candidate stations restricted to 600-2600 m elevation; region composition differs from the rest of the fleet (~4-5% depth shift seen at Como)
IL00118,narrow_elevation_band,WARN,succeeded before 603224c3 with candidate stations restricted to 600-2600 m elevation; region composition differs from the rest of the fleet (~4-5% depth shift seen at Como)
IL01238,narrow_elevation_band,WARN,succeeded before 603224c3 with candidate stations restricted to 600-2600 m elevation; region composition differs from the rest of the fleet (~4-5% depth shift seen at Como)
IL50499,narrow_elevation_band,WARN,succeeded before 603224c3 with candidate stations restricted to 600-2600 m elevation; region composition differs from the rest of the fleet (~4-5% depth shift seen at Como)
IL55094,narrow_elevation_band,WARN,succeeded before 603224c3 with candidate stations restricted to 600-2600 m elevation; region composition differs from the rest of the fleet (~4-5% depth shift seen at Como)
IN03001,narrow_elevation_band,WARN,succeeded before 603224c3 with candidate stations restricted to 600-2600 m elevation; region composition differs from the rest of the fleet (~4-5% depth shift seen at Como)
IN03004,narrow_elevation_band,WARN,succeeded before 603224c3 with candidate stations restricted to 600-2600 m elevation; region composition differs from the rest of the fleet (~4-5% depth shift seen at Como)
IN03018,narrow_elevation_band,WARN,succeeded before 603224c3 with candidate stations restricted to 600-2600 m elevation; region composition differs from the rest of the fleet (~4-5% depth shift seen at Como)
KS00001,narrow_elevation_band,WARN,succeeded before 603224c3 with candidate stations restricted to 600-2600 m elevation; region composition differs from the rest of the fleet (~4-5% depth shift seen at Como)
KS00002,narrow_elevation_band,WARN,succeeded before 603224c3 with candidate stations restricted to 600-2600 m elevation; region composition differs from the rest of the fleet (~4-5% depth shift seen at Como)
KS00004,narrow_elevation_band,WARN,succeeded before 603224c3 with candidate stations restricted to 600-2600 m elevation; region composition differs from the rest of the fleet (~4-5% depth shift seen at Como)
KS00005,narrow_elevation_band,WARN,succeeded before 603224c3 with candidate stations restricted to 600-2600 m elevation; region composition differs from the rest of the fleet (~4-5% depth shift seen at Como)
KS00007,narrow_elevation_band,WARN,succeeded before 603224c3 with candidate stations restricted to 600-2600 m elevation; region composition differs from the rest of the fleet (~4-5% depth shift seen at Como)
KS00008,narrow_elevation_band,WARN,succeeded before 603224c3 with candidate stations restricted to 600-2600 m elevation; region composition differs from the rest of the fleet (~4-5% depth shift seen at Como)
KS00009,narrow_elevation_band,WARN,succeeded before 603224c3 with candidate stations restricted to 600-2600 m elevation; region composition differs from the rest of the fleet (~4-5% depth shift seen at Como)
KS00011,narrow_elevation_band,WARN,succeeded before 603224c3 with candidate stations restricted to 600-2600 m elevation; region composition differs from the rest of the fleet (~4-5% depth shift seen at Como)
KS00012,narrow_elevation_band,WARN,succeeded before 603224c3 with candidate stations restricted to 600-2600 m elevation; region composition differs from the rest of the fleet (~4-5% depth shift seen at Como)
KS00013,narrow_elevation_band,WARN,succeeded before 603224c3 with candidate stations restricted to 600-2600 m elevation; region composition differs from the rest of the fleet (~4-5% depth shift seen at Como)
KS00017,narrow_elevation_band,WARN,succeeded before 603224c3 with candidate stations restricted to 600-2600 m elevation; region composition differs from the rest of the fleet (~4-5% depth shift seen at Como)
KS00019,narrow_elevation_band,WARN,succeeded before 603224c3 with candidate stations restricted to 600-2600 m elevation; region composition differs from the rest of the fleet (~4-5% depth shift seen at Como)
KS00021,narrow_elevation_band,WARN,succeeded before 603224c3 with candidate stations restricted to 600-2600 m elevation; region composition differs from the rest of the fleet (~4-5% depth shift seen at Como)
KS00022,narrow_elevation_band,WARN,succeeded before 603224c3 with candidate stations restricted to 600-2600 m elevation; region composition differs from the rest of the fleet (~4-5% depth shift seen at Como)
KS00023,narrow_elevation_band,WARN,succeeded before 603224c3 with candidate stations restricted to 600-2600 m elevation; region composition differs from the rest of the fleet (~4-5% depth shift seen at Como)
KS00024,narrow_elevation_band,WARN,succeeded before 603224c3 with candidate stations restricted to 600-2600 m elevation; region composition differs from the rest of the fleet (~4-5% depth shift seen at Como)
KS00025,narrow_elevation_band,WARN,succeeded before 603224c3 with candidate stations restricted to 600-2600 m elevation; region composition differs from the rest of the fleet (~4-5% depth shift seen at Como)
KS00026,narrow_elevation_band,WARN,succeeded before 603224c3 with candidate stations restricted to 600-2600 m elevation; region composition differs from the rest of the fleet (~4-5% depth shift seen at Como)
KY00051,narrow_elevation_band,WARN,succeeded before 603224c3 with candidate stations restricted to 600-2600 m elevation; region composition differs from the rest of the fleet (~4-5% depth shift seen at Como)
KY03001,narrow_elevation_band,WARN,succeeded before 603224c3 with candidate stations restricted to 600-2600 m elevation; region composition differs from the rest of the fleet (~4-5% depth shift seen at Como)
KY03011,narrow_elevation_band,WARN,succeeded before 603224c3 with candidate stations restricted to 600-2600 m elevation; region composition differs from the rest of the fleet (~4-5% depth shift seen at Como)
KY03012,narrow_elevation_band,WARN,succeeded before 603224c3 with candidate stations restricted to 600-2600 m elevation; region composition differs from the rest of the fleet (~4-5% depth shift seen at Como)
KY03027,narrow_elevation_band,WARN,succeeded before 603224c3 with candidate stations restricted to 600-2600 m elevation; region composition differs from the rest of the fleet (~4-5% depth shift seen at Como)
KY03028,narrow_elevation_band,WARN,succeeded before 603224c3 with candidate stations restricted to 600-2600 m elevation; region composition differs from the rest of the fleet (~4-5% depth shift seen at Como)
KY03029,narrow_elevation_band,WARN,succeeded before 603224c3 with candidate stations restricted to 600-2600 m elevation; region composition differs from the rest of the fleet (~4-5% depth shift seen at Como)
KY03030,narrow_elevation_band,WARN,succeeded before 603224c3 with candidate stations restricted to 600-2600 m elevation; region composition differs from the rest of the fleet (~4-5% depth shift seen at Como)
KY03032,narrow_elevation_band,WARN,succeeded before 603224c3 with candidate stations restricted to 600-2600 m elevation; region composition differs from the rest of the fleet (~4-5% depth shift seen at Como)
KY03033,narrow_elevation_band,WARN,succeeded before 603224c3 with candidate stations restricted to 600-2600 m elevation; region composition differs from the rest of the fleet (~4-5% depth shift seen at Como)
KY03034,narrow_elevation_band,WARN,succeeded before 603224c3 with candidate stations restricted to 600-2600 m elevation; region composition differs from the rest of the fleet (~4-5% depth shift seen at Como)
KY03041,narrow_elevation_band,WARN,succeeded before 603224c3 with candidate stations restricted to 600-2600 m elevation; region composition differs from the rest of the fleet (~4-5% depth shift seen at Como)
KY03042,narrow_elevation_band,WARN,succeeded before 603224c3 with candidate stations restricted to 600-2600 m elevation; region composition differs from the rest of the fleet (~4-5% depth shift seen at Como)
KY03058,narrow_elevation_band,WARN,succeeded before 603224c3 with candidate stations restricted to 600-2600 m elevation; region composition differs from the rest of the fleet (~4-5% depth shift seen at Como)
KY03059,narrow_elevation_band,WARN,succeeded before 603224c3 with candidate stations restricted to 600-2600 m elevation; region composition differs from the rest of the fleet (~4-5% depth shift seen at Como)
KY03060,narrow_elevation_band,WARN,succeeded before 603224c3 with candidate stations restricted to 600-2600 m elevation; region composition differs from the rest of the fleet (~4-5% depth shift seen at Como)
KY15701,narrow_elevation_band,WARN,succeeded before 603224c3 with candidate stations restricted to 600-2600 m elevation; region composition differs from the rest of the fleet (~4-5% depth shift seen at Como)
LA00002,narrow_elevation_band,WARN,succeeded before 603224c3 with candidate stations restricted to 600-2600 m elevation; region composition differs from the rest of the fleet (~4-5% depth shift seen at Como)
LA00030,narrow_elevation_band,WARN,succeeded before 603224c3 with candidate stations restricted to 600-2600 m elevation; region composition differs from the rest of the fleet (~4-5% depth shift seen at Como)
LA00179,narrow_elevation_band,WARN,succeeded before 603224c3 with candidate stations restricted to 600-2600 m elevation; region composition differs from the rest of the fleet (~4-5% depth shift seen at Como)
LA00181,narrow_elevation_band,WARN,succeeded before 603224c3 with candidate stations restricted to 600-2600 m elevation; region composition differs from the rest of the fleet (~4-5% depth shift seen at Como)
LA00386,narrow_elevation_band,WARN,succeeded before 603224c3 with candidate stations restricted to 600-2600 m elevation; region composition differs from the rest of the fleet (~4-5% depth shift seen at Como)
MD00004,narrow_elevation_band,WARN,succeeded before 603224c3 with candidate stations restricted to 600-2600 m elevation; region composition differs from the rest of the fleet (~4-5% depth shift seen at Como)
MD00069,narrow_elevation_band,WARN,succeeded before 603224c3 with candidate stations restricted to 600-2600 m elevation; region composition differs from the rest of the fleet (~4-5% depth shift seen at Como)
MD00078,narrow_elevation_band,WARN,succeeded before 603224c3 with candidate stations restricted to 600-2600 m elevation; region composition differs from the rest of the fleet (~4-5% depth shift seen at Como)
MD00097,narrow_elevation_band,WARN,succeeded before 603224c3 with candidate stations restricted to 600-2600 m elevation; region composition differs from the rest of the fleet (~4-5% depth shift seen at Como)
ME00091,narrow_elevation_band,WARN,succeeded before 603224c3 with candidate stations restricted to 600-2600 m elevation; region composition differs from the rest of the fleet (~4-5% depth shift seen at Como)
MI00650,narrow_elevation_band,WARN,succeeded before 603224c3 with candidate stations restricted to 600-2600 m elevation; region composition differs from the rest of the fleet (~4-5% depth shift seen at Como)
MN00076,narrow_elevation_band,WARN,succeeded before 603224c3 with candidate stations restricted to 600-2600 m elevation; region composition differs from the rest of the fleet (~4-5% depth shift seen at Como)
MN00209,narrow_elevation_band,WARN,succeeded before 603224c3 with candidate stations restricted to 600-2600 m elevation; region composition differs from the rest of the fleet (~4-5% depth shift seen at Como)
MN00573,narrow_elevation_band,WARN,succeeded before 603224c3 with candidate stations restricted to 600-2600 m elevation; region composition differs from the rest of the fleet (~4-5% depth shift seen at Como)
MN00585,narrow_elevation_band,WARN,succeeded before 603224c3 with candidate stations restricted to 600-2600 m elevation; region composition differs from the rest of the fleet (~4-5% depth shift seen at Como)
MN00586,narrow_elevation_band,WARN,succeeded before 603224c3 with candidate stations restricted to 600-2600 m elevation; region composition differs from the rest of the fleet (~4-5% depth shift seen at Como)
MN00594,narrow_elevation_band,WARN,succeeded before 603224c3 with candidate stations restricted to 600-2600 m elevation; region composition differs from the rest of the fleet (~4-5% depth shift seen at Como)
MN00595,narrow_elevation_band,WARN,succeeded before 603224c3 with candidate stations restricted to 600-2600 m elevation; region composition differs from the rest of the fleet (~4-5% depth shift seen at Como)
MN00653,narrow_elevation_band,WARN,succeeded before 603224c3 with candidate stations restricted to 600-2600 m elevation; region composition differs from the rest of the fleet (~4-5% depth shift seen at Como)
MO20725,narrow_elevation_band,WARN,succeeded before 603224c3 with candidate stations restricted to 600-2600 m elevation; region composition differs from the rest of the fleet (~4-5% depth shift seen at Como)
MO30014,narrow_elevation_band,WARN,succeeded before 603224c3 with candidate stations restricted to 600-2600 m elevation; region composition differs from the rest of the fleet (~4-5% depth shift seen at Como)
MO30200,narrow_elevation_band,WARN,succeeded before 603224c3 with candidate stations restricted to 600-2600 m elevation; region composition differs from the rest of the fleet (~4-5% depth shift seen at Como)
MO30201,narrow_elevation_band,WARN,succeeded before 603224c3 with candidate stations restricted to 600-2600 m elevation; region composition differs from the rest of the fleet (~4-5% depth shift seen at Como)
MO30202,narrow_elevation_band,WARN,succeeded before 603224c3 with candidate stations restricted to 600-2600 m elevation; region composition differs from the rest of the fleet (~4-5% depth shift seen at Como)
MO30203,narrow_elevation_band,WARN,succeeded before 603224c3 with candidate stations restricted to 600-2600 m elevation; region composition differs from the rest of the fleet (~4-5% depth shift seen at Como)
MO30204,narrow_elevation_band,WARN,succeeded before 603224c3 with candidate stations restricted to 600-2600 m elevation; region composition differs from the rest of the fleet (~4-5% depth shift seen at Como)
MO82201,narrow_elevation_band,WARN,succeeded before 603224c3 with candidate stations restricted to 600-2600 m elevation; region composition differs from the rest of the fleet (~4-5% depth shift seen at Como)
MS01493,narrow_elevation_band,WARN,succeeded before 603224c3 with candidate stations restricted to 600-2600 m elevation; region composition differs from the rest of the fleet (~4-5% depth shift seen at Como)
MS01494,narrow_elevation_band,WARN,succeeded before 603224c3 with candidate stations restricted to 600-2600 m elevation; region composition differs from the rest of the fleet (~4-5% depth shift seen at Como)
MS01495,narrow_elevation_band,WARN,succeeded before 603224c3 with candidate stations restricted to 600-2600 m elevation; region composition differs from the rest of the fleet (~4-5% depth shift seen at Como)
MS01496,narrow_elevation_band,WARN,succeeded before 603224c3 with candidate stations restricted to 600-2600 m elevation; region composition differs from the rest of the fleet (~4-5% depth shift seen at Como)
MS02716,narrow_elevation_band,WARN,succeeded before 603224c3 with candidate stations restricted to 600-2600 m elevation; region composition differs from the rest of the fleet (~4-5% depth shift seen at Como)
MT00002,narrow_elevation_band,WARN,succeeded before 603224c3 with candidate stations restricted to 600-2600 m elevation; region composition differs from the rest of the fleet (~4-5% depth shift seen at Como)
MT00011,narrow_elevation_band,WARN,succeeded before 603224c3 with candidate stations restricted to 600-2600 m elevation; region composition differs from the rest of the fleet (~4-5% depth shift seen at Como)
MT00025,narrow_elevation_band,WARN,succeeded before 603224c3 with candidate stations restricted to 600-2600 m elevation; region composition differs from the rest of the fleet (~4-5% depth shift seen at Como)
MT00134,narrow_elevation_band,WARN,succeeded before 603224c3 with candidate stations restricted to 600-2600 m elevation; region composition differs from the rest of the fleet (~4-5% depth shift seen at Como)
MT00223,narrow_elevation_band,WARN,succeeded before 603224c3 with candidate stations restricted to 600-2600 m elevation; region composition differs from the rest of the fleet (~4-5% depth shift seen at Como)
MT00226,narrow_elevation_band,WARN,succeeded before 603224c3 with candidate stations restricted to 600-2600 m elevation; region composition differs from the rest of the fleet (~4-5% depth shift seen at Como)
MT00559,narrow_elevation_band,WARN,succeeded before 603224c3 with candidate stations restricted to 600-2600 m elevation; region composition differs from the rest of the fleet (~4-5% depth shift seen at Como)
MT00560,narrow_elevation_band,WARN,succeeded before 603224c3 with candidate stations restricted to 600-2600 m elevation; region composition differs from the rest of the fleet (~4-5% depth shift seen at Como)
MT00565,narrow_elevation_band,WARN,succeeded before 603224c3 with candidate stations restricted to 600-2600 m elevation; region composition differs from the rest of the fleet (~4-5% depth shift seen at Como)
MT00568,narrow_elevation_band,WARN,succeeded before 603224c3 with candidate stations restricted to 600-2600 m elevation; region composition differs from the rest of the fleet (~4-5% depth shift seen at Como)
MT00569,narrow_elevation_band,WARN,succeeded before 603224c3 with candidate stations restricted to 600-2600 m elevation; region composition differs from the rest of the fleet (~4-5% depth shift seen at Como)
MT00570,narrow_elevation_band,WARN,succeeded before 603224c3 with candidate stations restricted to 600-2600 m elevation; region composition differs from the rest of the fleet (~4-5% depth shift seen at Como)
MT00571,narrow_elevation_band,WARN,succeeded before 603224c3 with candidate stations restricted to 600-2600 m elevation; region composition differs from the rest of the fleet (~4-5% depth shift seen at Como)
MT00572,narrow_elevation_band,WARN,succeeded before 603224c3 with candidate stations restricted to 600-2600 m elevation; region composition differs from the rest of the fleet (~4-5% depth shift seen at Como)
MT00579,narrow_elevation_band,WARN,succeeded before 603224c3 with candidate stations restricted to 600-2600 m elevation; region composition differs from the rest of the fleet (~4-5% depth shift seen at Como)
MT00652,narrow_elevation_band,WARN,succeeded before 603224c3 with candidate stations restricted to 600-2600 m elevation; region composition differs from the rest of the fleet (~4-5% depth shift seen at Como)
MT00905,narrow_elevation_band,WARN,succeeded before 603224c3 with candidate stations restricted to 600-2600 m elevation; region composition differs from the rest of the fleet (~4-5% depth shift seen at Como)
MT01125,narrow_elevation_band,WARN,succeeded before 603224c3 with candidate stations restricted to 600-2600 m elevation; region composition differs from the rest of the fleet (~4-5% depth shift seen at Como)
MT01356,narrow_elevation_band,WARN,succeeded before 603224c3 with candidate stations restricted to 600-2600 m elevation; region composition differs from the rest of the fleet (~4-5% depth shift seen at Como)
MT01484,narrow_elevation_band,WARN,succeeded before 603224c3 with candidate stations restricted to 600-2600 m elevation; region composition differs from the rest of the fleet (~4-5% depth shift seen at Como)
NC00132,narrow_elevation_band,WARN,succeeded before 603224c3 with candidate stations restricted to 600-2600 m elevation; region composition differs from the rest of the fleet (~4-5% depth shift seen at Como)
NC00141,narrow_elevation_band,WARN,succeeded before 603224c3 with candidate stations restricted to 600-2600 m elevation; region composition differs from the rest of the fleet (~4-5% depth shift seen at Como)
NC00298,narrow_elevation_band,WARN,succeeded before 603224c3 with candidate stations restricted to 600-2600 m elevation; region composition differs from the rest of the fleet (~4-5% depth shift seen at Como)
NC00300,narrow_elevation_band,WARN,succeeded before 603224c3 with candidate stations restricted to 600-2600 m elevation; region composition differs from the rest of the fleet (~4-5% depth shift seen at Como)
NC00329,narrow_elevation_band,WARN,succeeded before 603224c3 with candidate stations restricted to 600-2600 m elevation; region composition differs from the rest of the fleet (~4-5% depth shift seen at Como)
NC00371,narrow_elevation_band,WARN,succeeded before 603224c3 with candidate stations restricted to 600-2600 m elevation; region composition differs from the rest of the fleet (~4-5% depth shift seen at Como)
NC00375,narrow_elevation_band,WARN,succeeded before 603224c3 with candidate stations restricted to 600-2600 m elevation; region composition differs from the rest of the fleet (~4-5% depth shift seen at Como)
NC00388,narrow_elevation_band,WARN,succeeded before 603224c3 with candidate stations restricted to 600-2600 m elevation; region composition differs from the rest of the fleet (~4-5% depth shift seen at Como)
NC00391,narrow_elevation_band,WARN,succeeded before 603224c3 with candidate stations restricted to 600-2600 m elevation; region composition differs from the rest of the fleet (~4-5% depth shift seen at Como)
NC00392,narrow_elevation_band,WARN,succeeded before 603224c3 with candidate stations restricted to 600-2600 m elevation; region composition differs from the rest of the fleet (~4-5% depth shift seen at Como)
NC00419,narrow_elevation_band,WARN,succeeded before 603224c3 with candidate stations restricted to 600-2600 m elevation; region composition differs from the rest of the fleet (~4-5% depth shift seen at Como)
NC00549,narrow_elevation_band,WARN,succeeded before 603224c3 with candidate stations restricted to 600-2600 m elevation; region composition differs from the rest of the fleet (~4-5% depth shift seen at Como)
NC00826,narrow_elevation_band,WARN,succeeded before 603224c3 with candidate stations restricted to 600-2600 m elevation; region composition differs from the rest of the fleet (~4-5% depth shift seen at Como)
NC01713,narrow_elevation_band,WARN,succeeded before 603224c3 with candidate stations restricted to 600-2600 m elevation; region composition differs from the rest of the fleet (~4-5% depth shift seen at Como)
ND00145,narrow_elevation_band,WARN,succeeded before 603224c3 with candidate stations restricted to 600-2600 m elevation; region composition differs from the rest of the fleet (~4-5% depth shift seen at Como)
ND00146,narrow_elevation_band,WARN,succeeded before 603224c3 with candidate stations restricted to 600-2600 m elevation; region composition differs from the rest of the fleet (~4-5% depth shift seen at Como)
ND00147,narrow_elevation_band,WARN,succeeded before 603224c3 with candidate stations restricted to 600-2600 m elevation; region composition differs from the rest of the fleet (~4-5% depth shift seen at Como)
ND00151,narrow_elevation_band,WARN,succeeded before 603224c3 with candidate stations restricted to 600-2600 m elevation; region composition differs from the rest of the fleet (~4-5% depth shift seen at Como)
ND00332,narrow_elevation_band,WARN,succeeded before 603224c3 with candidate stations restricted to 600-2600 m elevation; region composition differs from the rest of the fleet (~4-5% depth shift seen at Como)
ND00990,narrow_elevation_band,WARN,succeeded before 603224c3 with candidate stations restricted to 600-2600 m elevation; region composition differs from the rest of the fleet (~4-5% depth shift seen at Como)
NE01048,narrow_elevation_band,WARN,succeeded before 603224c3 with candidate stations restricted to 600-2600 m elevation; region composition differs from the rest of the fleet (~4-5% depth shift seen at Como)
NE01063,narrow_elevation_band,WARN,succeeded before 603224c3 with candidate stations restricted to 600-2600 m elevation; region composition differs from the rest of the fleet (~4-5% depth shift seen at Como)
NE01066,narrow_elevation_band,WARN,succeeded before 603224c3 with candidate stations restricted to 600-2600 m elevation; region composition differs from the rest of the fleet (~4-5% depth shift seen at Como)
NE01070,narrow_elevation_band,WARN,succeeded before 603224c3 with candidate stations restricted to 600-2600 m elevation; region composition differs from the rest of the fleet (~4-5% depth shift seen at Como)
NE01073,narrow_elevation_band,WARN,succeeded before 603224c3 with candidate stations restricted to 600-2600 m elevation; region composition differs from the rest of the fleet (~4-5% depth shift seen at Como)
NE01076,narrow_elevation_band,WARN,succeeded before 603224c3 with candidate stations restricted to 600-2600 m elevation; region composition differs from the rest of the fleet (~4-5% depth shift seen at Como)
NE01077,narrow_elevation_band,WARN,succeeded before 603224c3 with candidate stations restricted to 600-2600 m elevation; region composition differs from the rest of the fleet (~4-5% depth shift seen at Como)
NE01078,narrow_elevation_band,WARN,succeeded before 603224c3 with candidate stations restricted to 600-2600 m elevation; region composition differs from the rest of the fleet (~4-5% depth shift seen at Como)
NE02287,narrow_elevation_band,WARN,succeeded before 603224c3 with candidate stations restricted to 600-2600 m elevation; region composition differs from the rest of the fleet (~4-5% depth shift seen at Como)
NE05050,narrow_elevation_band,WARN,succeeded before 603224c3 with candidate stations restricted to 600-2600 m elevation; region composition differs from the rest of the fleet (~4-5% depth shift seen at Como)
NM00001,narrow_elevation_band,WARN,succeeded before 603224c3 with candidate stations restricted to 600-2600 m elevation; region composition differs from the rest of the fleet (~4-5% depth shift seen at Como)
NM00002,narrow_elevation_band,WARN,succeeded before 603224c3 with candidate stations restricted to 600-2600 m elevation; region composition differs from the rest of the fleet (~4-5% depth shift seen at Como)
NM00003,narrow_elevation_band,WARN,succeeded before 603224c3 with candidate stations restricted to 600-2600 m elevation; region composition differs from the rest of the fleet (~4-5% depth shift seen at Como)
NM00004,narrow_elevation_band,WARN,succeeded before 603224c3 with candidate stations restricted to 600-2600 m elevation; region composition differs from the rest of the fleet (~4-5% depth shift seen at Como)
NM00006,narrow_elevation_band,WARN,succeeded before 603224c3 with candidate stations restricted to 600-2600 m elevation; region composition differs from the rest of the fleet (~4-5% depth shift seen at Como)
NM00120,narrow_elevation_band,WARN,succeeded before 603224c3 with candidate stations restricted to 600-2600 m elevation; region composition differs from the rest of the fleet (~4-5% depth shift seen at Como)
NM00122,narrow_elevation_band,WARN,succeeded before 603224c3 with candidate stations restricted to 600-2600 m elevation; region composition differs from the rest of the fleet (~4-5% depth shift seen at Como)
NM00129,narrow_elevation_band,WARN,succeeded before 603224c3 with candidate stations restricted to 600-2600 m elevation; region composition differs from the rest of the fleet (~4-5% depth shift seen at Como)
NM00130,narrow_elevation_band,WARN,succeeded before 603224c3 with candidate stations restricted to 600-2600 m elevation; region composition differs from the rest of the fleet (~4-5% depth shift seen at Como)
NM00131,narrow_elevation_band,WARN,succeeded before 603224c3 with candidate stations restricted to 600-2600 m elevation; region composition differs from the rest of the fleet (~4-5% depth shift seen at Como)
NM00158,narrow_elevation_band,WARN,succeeded before 603224c3 with candidate stations restricted to 600-2600 m elevation; region composition differs from the rest of the fleet (~4-5% depth shift seen at Como)
NM00293,narrow_elevation_band,WARN,succeeded before 603224c3 with candidate stations restricted to 600-2600 m elevation; region composition differs from the rest of the fleet (~4-5% depth shift seen at Como)
NM00351,narrow_elevation_band,WARN,succeeded before 603224c3 with candidate stations restricted to 600-2600 m elevation; region composition differs from the rest of the fleet (~4-5% depth shift seen at Como)
NM00404,narrow_elevation_band,WARN,succeeded before 603224c3 with candidate stations restricted to 600-2600 m elevation; region composition differs from the rest of the fleet (~4-5% depth shift seen at Como)
NM00500,narrow_elevation_band,WARN,succeeded before 603224c3 with candidate stations restricted to 600-2600 m elevation; region composition differs from the rest of the fleet (~4-5% depth shift seen at Como)
NM00505,narrow_elevation_band,WARN,succeeded before 603224c3 with candidate stations restricted to 600-2600 m elevation; region composition differs from the rest of the fleet (~4-5% depth shift seen at Como)
NM10008,narrow_elevation_band,WARN,succeeded before 603224c3 with candidate stations restricted to 600-2600 m elevation; region composition differs from the rest of the fleet (~4-5% depth shift seen at Como)
NV10119,narrow_elevation_band,WARN,succeeded before 603224c3 with candidate stations restricted to 600-2600 m elevation; region composition differs from the rest of the fleet (~4-5% depth shift seen at Como)
NV10122,narrow_elevation_band,WARN,succeeded before 603224c3 with candidate stations restricted to 600-2600 m elevation; region composition differs from the rest of the fleet (~4-5% depth shift seen at Como)
NV10124,narrow_elevation_band,WARN,succeeded before 603224c3 with candidate stations restricted to 600-2600 m elevation; region composition differs from the rest of the fleet (~4-5% depth shift seen at Como)
NY00146,narrow_elevation_band,WARN,succeeded before 603224c3 with candidate stations restricted to 600-2600 m elevation; region composition differs from the rest of the fleet (~4-5% depth shift seen at Como)
NY00176,narrow_elevation_band,WARN,succeeded before 603224c3 with candidate stations restricted to 600-2600 m elevation; region composition differs from the rest of the fleet (~4-5% depth shift seen at Como)
NY00361,narrow_elevation_band,WARN,succeeded before 603224c3 with candidate stations restricted to 600-2600 m elevation; region composition differs from the rest of the fleet (~4-5% depth shift seen at Como)
NY00390,narrow_elevation_band,WARN,succeeded before 603224c3 with candidate stations restricted to 600-2600 m elevation; region composition differs from the rest of the fleet (~4-5% depth shift seen at Como)
NY00414,narrow_elevation_band,WARN,succeeded before 603224c3 with candidate stations restricted to 600-2600 m elevation; region composition differs from the rest of the fleet (~4-5% depth shift seen at Como)
NY00416,narrow_elevation_band,WARN,succeeded before 603224c3 with candidate stations restricted to 600-2600 m elevation; region composition differs from the rest of the fleet (~4-5% depth shift seen at Como)
NY00468,narrow_elevation_band,WARN,succeeded before 603224c3 with candidate stations restricted to 600-2600 m elevation; region composition differs from the rest of the fleet (~4-5% depth shift seen at Como)
NY00709,narrow_elevation_band,WARN,succeeded before 603224c3 with candidate stations restricted to 600-2600 m elevation; region composition differs from the rest of the fleet (~4-5% depth shift seen at Como)
NY00712,narrow_elevation_band,WARN,succeeded before 603224c3 with candidate stations restricted to 600-2600 m elevation; region composition differs from the rest of the fleet (~4-5% depth shift seen at Como)
NY00750,narrow_elevation_band,WARN,succeeded before 603224c3 with candidate stations restricted to 600-2600 m elevation; region composition differs from the rest of the fleet (~4-5% depth shift seen at Como)
NY01055,narrow_elevation_band,WARN,succeeded before 603224c3 with candidate stations restricted to 600-2600 m elevation; region composition differs from the rest of the fleet (~4-5% depth shift seen at Como)
OH00016,narrow_elevation_band,WARN,succeeded before 603224c3 with candidate stations restricted to 600-2600 m elevation; region composition differs from the rest of the fleet (~4-5% depth shift seen at Como)
OH00426,narrow_elevation_band,WARN,succeeded before 603224c3 with candidate stations restricted to 600-2600 m elevation; region composition differs from the rest of the fleet (~4-5% depth shift seen at Como)
OH00427,narrow_elevation_band,WARN,succeeded before 603224c3 with candidate stations restricted to 600-2600 m elevation; region composition differs from the rest of the fleet (~4-5% depth shift seen at Como)
OH00431,narrow_elevation_band,WARN,succeeded before 603224c3 with candidate stations restricted to 600-2600 m elevation; region composition differs from the rest of the fleet (~4-5% depth shift seen at Como)
OH00929,narrow_elevation_band,WARN,succeeded before 603224c3 with candidate stations restricted to 600-2600 m elevation; region composition differs from the rest of the fleet (~4-5% depth shift seen at Como)
OK00452,narrow_elevation_band,WARN,succeeded before 603224c3 with candidate stations restricted to 600-2600 m elevation; region composition differs from the rest of the fleet (~4-5% depth shift seen at Como)
OK02500,narrow_elevation_band,WARN,succeeded before 603224c3 with candidate stations restricted to 600-2600 m elevation; region composition differs from the rest of the fleet (~4-5% depth shift seen at Como)
OK02502,narrow_elevation_band,WARN,succeeded before 603224c3 with candidate stations restricted to 600-2600 m elevation; region composition differs from the rest of the fleet (~4-5% depth shift seen at Como)
OK02503,narrow_elevation_band,WARN,succeeded before 603224c3 with candidate stations restricted to 600-2600 m elevation; region composition differs from the rest of the fleet (~4-5% depth shift seen at Como)
OK02504,narrow_elevation_band,WARN,succeeded before 603224c3 with candidate stations restricted to 600-2600 m elevation; region composition differs from the rest of the fleet (~4-5% depth shift seen at Como)
OK10301,narrow_elevation_band,WARN,succeeded before 603224c3 with candidate stations restricted to 600-2600 m elevation; region composition differs from the rest of the fleet (~4-5% depth shift seen at Como)
OK10309,narrow_elevation_band,WARN,succeeded before 603224c3 with candidate stations restricted to 600-2600 m elevation; region composition differs from the rest of the fleet (~4-5% depth shift seen at Como)
OK10310,narrow_elevation_band,WARN,succeeded before 603224c3 with candidate stations restricted to 600-2600 m elevation; region composition differs from the rest of the fleet (~4-5% depth shift seen at Como)
OK10312,narrow_elevation_band,WARN,succeeded before 603224c3 with candidate stations restricted to 600-2600 m elevation; region composition differs from the rest of the fleet (~4-5% depth shift seen at Como)
OK10316,narrow_elevation_band,WARN,succeeded before 603224c3 with candidate stations restricted to 600-2600 m elevation; region composition differs from the rest of the fleet (~4-5% depth shift seen at Como)
OK10317,narrow_elevation_band,WARN,succeeded before 603224c3 with candidate stations restricted to 600-2600 m elevation; region composition differs from the rest of the fleet (~4-5% depth shift seen at Como)
OK10318,narrow_elevation_band,WARN,succeeded before 603224c3 with candidate stations restricted to 600-2600 m elevation; region composition differs from the rest of the fleet (~4-5% depth shift seen at Como)
OK10319,narrow_elevation_band,WARN,succeeded before 603224c3 with candidate stations restricted to 600-2600 m elevation; region composition differs from the rest of the fleet (~4-5% depth shift seen at Como)
OK11103,narrow_elevation_band,WARN,succeeded before 603224c3 with candidate stations restricted to 600-2600 m elevation; region composition differs from the rest of the fleet (~4-5% depth shift seen at Como)
OK20502,narrow_elevation_band,WARN,succeeded before 603224c3 with candidate stations restricted to 600-2600 m elevation; region composition differs from the rest of the fleet (~4-5% depth shift seen at Como)
OK20509,narrow_elevation_band,WARN,succeeded before 603224c3 with candidate stations restricted to 600-2600 m elevation; region composition differs from the rest of the fleet (~4-5% depth shift seen at Como)
OK20510,narrow_elevation_band,WARN,succeeded before 603224c3 with candidate stations restricted to 600-2600 m elevation; region composition differs from the rest of the fleet (~4-5% depth shift seen at Como)
OK21489,narrow_elevation_band,WARN,succeeded before 603224c3 with candidate stations restricted to 600-2600 m elevation; region composition differs from the rest of the fleet (~4-5% depth shift seen at Como)
OK22200,narrow_elevation_band,WARN,succeeded before 603224c3 with candidate stations restricted to 600-2600 m elevation; region composition differs from the rest of the fleet (~4-5% depth shift seen at Como)
OK22203,narrow_elevation_band,WARN,succeeded before 603224c3 with candidate stations restricted to 600-2600 m elevation; region composition differs from the rest of the fleet (~4-5% depth shift seen at Como)
OR00001,narrow_elevation_band,WARN,succeeded before 603224c3 with candidate stations restricted to 600-2600 m elevation; region composition differs from the rest of the fleet (~4-5% depth shift seen at Como)
OR00002,narrow_elevation_band,WARN,succeeded before 603224c3 with candidate stations restricted to 600-2600 m elevation; region composition differs from the rest of the fleet (~4-5% depth shift seen at Como)
OR00004,narrow_elevation_band,WARN,succeeded before 603224c3 with candidate stations restricted to 600-2600 m elevation; region composition differs from the rest of the fleet (~4-5% depth shift seen at Como)
OR00007,narrow_elevation_band,WARN,succeeded before 603224c3 with candidate stations restricted to 600-2600 m elevation; region composition differs from the rest of the fleet (~4-5% depth shift seen at Como)
OR00008,narrow_elevation_band,WARN,succeeded before 603224c3 with candidate stations restricted to 600-2600 m elevation; region composition differs from the rest of the fleet (~4-5% depth shift seen at Como)
OR00009,narrow_elevation_band,WARN,succeeded before 603224c3 with candidate stations restricted to 600-2600 m elevation; region composition differs from the rest of the fleet (~4-5% depth shift seen at Como)
OR00010,narrow_elevation_band,WARN,succeeded before 603224c3 with candidate stations restricted to 600-2600 m elevation; region composition differs from the rest of the fleet (~4-5% depth shift seen at Como)
OR00011,narrow_elevation_band,WARN,succeeded before 603224c3 with candidate stations restricted to 600-2600 m elevation; region composition differs from the rest of the fleet (~4-5% depth shift seen at Como)
OR00014,narrow_elevation_band,WARN,succeeded before 603224c3 with candidate stations restricted to 600-2600 m elevation; region composition differs from the rest of the fleet (~4-5% depth shift seen at Como)
OR00015,narrow_elevation_band,WARN,succeeded before 603224c3 with candidate stations restricted to 600-2600 m elevation; region composition differs from the rest of the fleet (~4-5% depth shift seen at Como)
OR00016,narrow_elevation_band,WARN,succeeded before 603224c3 with candidate stations restricted to 600-2600 m elevation; region composition differs from the rest of the fleet (~4-5% depth shift seen at Como)
OR00082,narrow_elevation_band,WARN,succeeded before 603224c3 with candidate stations restricted to 600-2600 m elevation; region composition differs from the rest of the fleet (~4-5% depth shift seen at Como)
OR00250,narrow_elevation_band,WARN,succeeded before 603224c3 with candidate stations restricted to 600-2600 m elevation; region composition differs from the rest of the fleet (~4-5% depth shift seen at Como)
OR00276,narrow_elevation_band,WARN,succeeded before 603224c3 with candidate stations restricted to 600-2600 m elevation; region composition differs from the rest of the fleet (~4-5% depth shift seen at Como)
OR00381,narrow_elevation_band,WARN,succeeded before 603224c3 with candidate stations restricted to 600-2600 m elevation; region composition differs from the rest of the fleet (~4-5% depth shift seen at Como)
OR00549,narrow_elevation_band,WARN,succeeded before 603224c3 with candidate stations restricted to 600-2600 m elevation; region composition differs from the rest of the fleet (~4-5% depth shift seen at Como)
OR00557,narrow_elevation_band,WARN,succeeded before 603224c3 with candidate stations restricted to 600-2600 m elevation; region composition differs from the rest of the fleet (~4-5% depth shift seen at Como)
OR00577,narrow_elevation_band,WARN,succeeded before 603224c3 with candidate stations restricted to 600-2600 m elevation; region composition differs from the rest of the fleet (~4-5% depth shift seen at Como)
OR00579,narrow_elevation_band,WARN,succeeded before 603224c3 with candidate stations restricted to 600-2600 m elevation; region composition differs from the rest of the fleet (~4-5% depth shift seen at Como)
OR00581,narrow_elevation_band,WARN,succeeded before 603224c3 with candidate stations restricted to 600-2600 m elevation; region composition differs from the rest of the fleet (~4-5% depth shift seen at Como)
OR00582,narrow_elevation_band,WARN,succeeded before 603224c3 with candidate stations restricted to 600-2600 m elevation; region composition differs from the rest of the fleet (~4-5% depth shift seen at Como)
OR00584,narrow_elevation_band,WARN,succeeded before 603224c3 with candidate stations restricted to 600-2600 m elevation; region composition differs from the rest of the fleet (~4-5% depth shift seen at Como)
OR00612,narrow_elevation_band,WARN,succeeded before 603224c3 with candidate stations restricted to 600-2600 m elevation; region composition differs from the rest of the fleet (~4-5% depth shift seen at Como)
OR00619,narrow_elevation_band,WARN,succeeded before 603224c3 with candidate stations restricted to 600-2600 m elevation; region composition differs from the rest of the fleet (~4-5% depth shift seen at Como)
OR00624,narrow_elevation_band,WARN,succeeded before 603224c3 with candidate stations restricted to 600-2600 m elevation; region composition differs from the rest of the fleet (~4-5% depth shift seen at Como)
OR00704,narrow_elevation_band,WARN,succeeded before 603224c3 with candidate stations restricted to 600-2600 m elevation; region composition differs from the rest of the fleet (~4-5% depth shift seen at Como)
OR00748,narrow_elevation_band,WARN,succeeded before 603224c3 with candidate stations restricted to 600-2600 m elevation; region composition differs from the rest of the fleet (~4-5% depth shift seen at Como)
OR10022,narrow_elevation_band,WARN,succeeded before 603224c3 with candidate stations restricted to 600-2600 m elevation; region composition differs from the rest of the fleet (~4-5% depth shift seen at Como)
OR83046,narrow_elevation_band,WARN,succeeded before 603224c3 with candidate stations restricted to 600-2600 m elevation; region composition differs from the rest of the fleet (~4-5% depth shift seen at Como)
PA00002,narrow_elevation_band,WARN,succeeded before 603224c3 with candidate stations restricted to 600-2600 m elevation; region composition differs from the rest of the fleet (~4-5% depth shift seen at Como)
PA00003,narrow_elevation_band,WARN,succeeded before 603224c3 with candidate stations restricted to 600-2600 m elevation; region composition differs from the rest of the fleet (~4-5% depth shift seen at Como)
PA00004,narrow_elevation_band,WARN,succeeded before 603224c3 with candidate stations restricted to 600-2600 m elevation; region composition differs from the rest of the fleet (~4-5% depth shift seen at Como)
PA00005,narrow_elevation_band,WARN,succeeded before 603224c3 with candidate stations restricted to 600-2600 m elevation; region composition differs from the rest of the fleet (~4-5% depth shift seen at Como)
PA00101,narrow_elevation_band,WARN,succeeded before 603224c3 with candidate stations restricted to 600-2600 m elevation; region composition differs from the rest of the fleet (~4-5% depth shift seen at Como)
PA00102,narrow_elevation_band,WARN,succeeded before 603224c3 with candidate stations restricted to 600-2600 m elevation; region composition differs from the rest of the fleet (~4-5% depth shift seen at Como)
PA00103,narrow_elevation_band,WARN,succeeded before 603224c3 with candidate stations restricted to 600-2600 m elevation; region composition differs from the rest of the fleet (~4-5% depth shift seen at Como)
PA00104,narrow_elevation_band,WARN,succeeded before 603224c3 with candidate stations restricted to 600-2600 m elevation; region composition differs from the rest of the fleet (~4-5% depth shift seen at Como)
PA00105,narrow_elevation_band,WARN,succeeded before 603224c3 with candidate stations restricted to 600-2600 m elevation; region composition differs from the rest of the fleet (~4-5% depth shift seen at Como)
PA00106,narrow_elevation_band,WARN,succeeded before 603224c3 with candidate stations restricted to 600-2600 m elevation; region composition differs from the rest of the fleet (~4-5% depth shift seen at Como)
PA00107,narrow_elevation_band,WARN,succeeded before 603224c3 with candidate stations restricted to 600-2600 m elevation; region composition differs from the rest of the fleet (~4-5% depth shift seen at Como)
PA00109,narrow_elevation_band,WARN,succeeded before 603224c3 with candidate stations restricted to 600-2600 m elevation; region composition differs from the rest of the fleet (~4-5% depth shift seen at Como)
PA00110,narrow_elevation_band,WARN,succeeded before 603224c3 with candidate stations restricted to 600-2600 m elevation; region composition differs from the rest of the fleet (~4-5% depth shift seen at Como)
PA00111,narrow_elevation_band,WARN,succeeded before 603224c3 with candidate stations restricted to 600-2600 m elevation; region composition differs from the rest of the fleet (~4-5% depth shift seen at Como)
PA00273,narrow_elevation_band,WARN,succeeded before 603224c3 with candidate stations restricted to 600-2600 m elevation; region composition differs from the rest of the fleet (~4-5% depth shift seen at Como)
PA00914,narrow_elevation_band,WARN,succeeded before 603224c3 with candidate stations restricted to 600-2600 m elevation; region composition differs from the rest of the fleet (~4-5% depth shift seen at Como)
PA01132,narrow_elevation_band,WARN,succeeded before 603224c3 with candidate stations restricted to 600-2600 m elevation; region composition differs from the rest of the fleet (~4-5% depth shift seen at Como)
PA01133,narrow_elevation_band,WARN,succeeded before 603224c3 with candidate stations restricted to 600-2600 m elevation; region composition differs from the rest of the fleet (~4-5% depth shift seen at Como)
PA01134,narrow_elevation_band,WARN,succeeded before 603224c3 with candidate stations restricted to 600-2600 m elevation; region composition differs from the rest of the fleet (~4-5% depth shift seen at Como)
SC00025,narrow_elevation_band,WARN,succeeded before 603224c3 with candidate stations restricted to 600-2600 m elevation; region composition differs from the rest of the fleet (~4-5% depth shift seen at Como)
SC00109,narrow_elevation_band,WARN,succeeded before 603224c3 with candidate stations restricted to 600-2600 m elevation; region composition differs from the rest of the fleet (~4-5% depth shift seen at Como)
SC00529,narrow_elevation_band,WARN,succeeded before 603224c3 with candidate stations restricted to 600-2600 m elevation; region composition differs from the rest of the fleet (~4-5% depth shift seen at Como)
SC00685,narrow_elevation_band,WARN,succeeded before 603224c3 with candidate stations restricted to 600-2600 m elevation; region composition differs from the rest of the fleet (~4-5% depth shift seen at Como)
SC00706,narrow_elevation_band,WARN,succeeded before 603224c3 with candidate stations restricted to 600-2600 m elevation; region composition differs from the rest of the fleet (~4-5% depth shift seen at Como)
SC00732,narrow_elevation_band,WARN,succeeded before 603224c3 with candidate stations restricted to 600-2600 m elevation; region composition differs from the rest of the fleet (~4-5% depth shift seen at Como)
SC01065,narrow_elevation_band,WARN,succeeded before 603224c3 with candidate stations restricted to 600-2600 m elevation; region composition differs from the rest of the fleet (~4-5% depth shift seen at Como)
SC01076,narrow_elevation_band,WARN,succeeded before 603224c3 with candidate stations restricted to 600-2600 m elevation; region composition differs from the rest of the fleet (~4-5% depth shift seen at Como)
SC82201,narrow_elevation_band,WARN,succeeded before 603224c3 with candidate stations restricted to 600-2600 m elevation; region composition differs from the rest of the fleet (~4-5% depth shift seen at Como)
SC83025,narrow_elevation_band,WARN,succeeded before 603224c3 with candidate stations restricted to 600-2600 m elevation; region composition differs from the rest of the fleet (~4-5% depth shift seen at Como)
SD01092,narrow_elevation_band,WARN,succeeded before 603224c3 with candidate stations restricted to 600-2600 m elevation; region composition differs from the rest of the fleet (~4-5% depth shift seen at Como)
SD01093,narrow_elevation_band,WARN,succeeded before 603224c3 with candidate stations restricted to 600-2600 m elevation; region composition differs from the rest of the fleet (~4-5% depth shift seen at Como)
SD01094,narrow_elevation_band,WARN,succeeded before 603224c3 with candidate stations restricted to 600-2600 m elevation; region composition differs from the rest of the fleet (~4-5% depth shift seen at Como)
SD01099,narrow_elevation_band,WARN,succeeded before 603224c3 with candidate stations restricted to 600-2600 m elevation; region composition differs from the rest of the fleet (~4-5% depth shift seen at Como)
SD01100,narrow_elevation_band,WARN,succeeded before 603224c3 with candidate stations restricted to 600-2600 m elevation; region composition differs from the rest of the fleet (~4-5% depth shift seen at Como)
SD01139,narrow_elevation_band,WARN,succeeded before 603224c3 with candidate stations restricted to 600-2600 m elevation; region composition differs from the rest of the fleet (~4-5% depth shift seen at Como)
SD01140,narrow_elevation_band,WARN,succeeded before 603224c3 with candidate stations restricted to 600-2600 m elevation; region composition differs from the rest of the fleet (~4-5% depth shift seen at Como)
SD01141,narrow_elevation_band,WARN,succeeded before 603224c3 with candidate stations restricted to 600-2600 m elevation; region composition differs from the rest of the fleet (~4-5% depth shift seen at Como)
TN01903,narrow_elevation_band,WARN,succeeded before 603224c3 with candidate stations restricted to 600-2600 m elevation; region composition differs from the rest of the fleet (~4-5% depth shift seen at Como)
TN05102,narrow_elevation_band,WARN,succeeded before 603224c3 with candidate stations restricted to 600-2600 m elevation; region composition differs from the rest of the fleet (~4-5% depth shift seen at Como)
TN06504,narrow_elevation_band,WARN,succeeded before 603224c3 with candidate stations restricted to 600-2600 m elevation; region composition differs from the rest of the fleet (~4-5% depth shift seen at Como)
TN07101,narrow_elevation_band,WARN,succeeded before 603224c3 with candidate stations restricted to 600-2600 m elevation; region composition differs from the rest of the fleet (~4-5% depth shift seen at Como)
TN08903,narrow_elevation_band,WARN,succeeded before 603224c3 with candidate stations restricted to 600-2600 m elevation; region composition differs from the rest of the fleet (~4-5% depth shift seen at Como)
TN10501,narrow_elevation_band,WARN,succeeded before 603224c3 with candidate stations restricted to 600-2600 m elevation; region composition differs from the rest of the fleet (~4-5% depth shift seen at Como)
TN10502,narrow_elevation_band,WARN,succeeded before 603224c3 with candidate stations restricted to 600-2600 m elevation; region composition differs from the rest of the fleet (~4-5% depth shift seen at Como)
TN10506,narrow_elevation_band,WARN,succeeded before 603224c3 with candidate stations restricted to 600-2600 m elevation; region composition differs from the rest of the fleet (~4-5% depth shift seen at Como)
TN12102,narrow_elevation_band,WARN,succeeded before 603224c3 with candidate stations restricted to 600-2600 m elevation; region composition differs from the rest of the fleet (~4-5% depth shift seen at Como)
TN15501,narrow_elevation_band,WARN,succeeded before 603224c3 with candidate stations restricted to 600-2600 m elevation; region composition differs from the rest of the fleet (~4-5% depth shift seen at Como)
TN16305,narrow_elevation_band,WARN,succeeded before 603224c3 with candidate stations restricted to 600-2600 m elevation; region composition differs from the rest of the fleet (~4-5% depth shift seen at Como)
TN16306,narrow_elevation_band,WARN,succeeded before 603224c3 with candidate stations restricted to 600-2600 m elevation; region composition differs from the rest of the fleet (~4-5% depth shift seen at Como)
TX00001,narrow_elevation_band,WARN,succeeded before 603224c3 with candidate stations restricted to 600-2600 m elevation; region composition differs from the rest of the fleet (~4-5% depth shift seen at Como)
TX00002,narrow_elevation_band,WARN,succeeded before 603224c3 with candidate stations restricted to 600-2600 m elevation; region composition differs from the rest of the fleet (~4-5% depth shift seen at Como)
TX00003,narrow_elevation_band,WARN,succeeded before 603224c3 with candidate stations restricted to 600-2600 m elevation; region composition differs from the rest of the fleet (~4-5% depth shift seen at Como)
TX00004,narrow_elevation_band,WARN,succeeded before 603224c3 with candidate stations restricted to 600-2600 m elevation; region composition differs from the rest of the fleet (~4-5% depth shift seen at Como)
TX00005,narrow_elevation_band,WARN,succeeded before 603224c3 with candidate stations restricted to 600-2600 m elevation; region composition differs from the rest of the fleet (~4-5% depth shift seen at Como)
TX00007,narrow_elevation_band,WARN,succeeded before 603224c3 with candidate stations restricted to 600-2600 m elevation; region composition differs from the rest of the fleet (~4-5% depth shift seen at Como)
TX00008,narrow_elevation_band,WARN,succeeded before 603224c3 with candidate stations restricted to 600-2600 m elevation; region composition differs from the rest of the fleet (~4-5% depth shift seen at Como)
TX00009,narrow_elevation_band,WARN,succeeded before 603224c3 with candidate stations restricted to 600-2600 m elevation; region composition differs from the rest of the fleet (~4-5% depth shift seen at Como)
TX00010,narrow_elevation_band,WARN,succeeded before 603224c3 with candidate stations restricted to 600-2600 m elevation; region composition differs from the rest of the fleet (~4-5% depth shift seen at Como)
TX00011,narrow_elevation_band,WARN,succeeded before 603224c3 with candidate stations restricted to 600-2600 m elevation; region composition differs from the rest of the fleet (~4-5% depth shift seen at Como)
TX00012,narrow_elevation_band,WARN,succeeded before 603224c3 with candidate stations restricted to 600-2600 m elevation; region composition differs from the rest of the fleet (~4-5% depth shift seen at Como)
TX00013,narrow_elevation_band,WARN,succeeded before 603224c3 with candidate stations restricted to 600-2600 m elevation; region composition differs from the rest of the fleet (~4-5% depth shift seen at Como)
TX00014,narrow_elevation_band,WARN,succeeded before 603224c3 with candidate stations restricted to 600-2600 m elevation; region composition differs from the rest of the fleet (~4-5% depth shift seen at Como)
TX00016,narrow_elevation_band,WARN,succeeded before 603224c3 with candidate stations restricted to 600-2600 m elevation; region composition differs from the rest of the fleet (~4-5% depth shift seen at Como)
TX00017,narrow_elevation_band,WARN,succeeded before 603224c3 with candidate stations restricted to 600-2600 m elevation; region composition differs from the rest of the fleet (~4-5% depth shift seen at Como)
TX00020,narrow_elevation_band,WARN,succeeded before 603224c3 with candidate stations restricted to 600-2600 m elevation; region composition differs from the rest of the fleet (~4-5% depth shift seen at Como)
TX00022,narrow_elevation_band,WARN,succeeded before 603224c3 with candidate stations restricted to 600-2600 m elevation; region composition differs from the rest of the fleet (~4-5% depth shift seen at Como)
TX00023,narrow_elevation_band,WARN,succeeded before 603224c3 with candidate stations restricted to 600-2600 m elevation; region composition differs from the rest of the fleet (~4-5% depth shift seen at Como)
TX00024,narrow_elevation_band,WARN,succeeded before 603224c3 with candidate stations restricted to 600-2600 m elevation; region composition differs from the rest of the fleet (~4-5% depth shift seen at Como)
TX00097,narrow_elevation_band,WARN,succeeded before 603224c3 with candidate stations restricted to 600-2600 m elevation; region composition differs from the rest of the fleet (~4-5% depth shift seen at Como)
TX00170,narrow_elevation_band,WARN,succeeded before 603224c3 with candidate stations restricted to 600-2600 m elevation; region composition differs from the rest of the fleet (~4-5% depth shift seen at Como)
TX00237,narrow_elevation_band,WARN,succeeded before 603224c3 with candidate stations restricted to 600-2600 m elevation; region composition differs from the rest of the fleet (~4-5% depth shift seen at Como)
TX00491,narrow_elevation_band,WARN,succeeded before 603224c3 with candidate stations restricted to 600-2600 m elevation; region composition differs from the rest of the fleet (~4-5% depth shift seen at Como)
TX00779,narrow_elevation_band,WARN,succeeded before 603224c3 with candidate stations restricted to 600-2600 m elevation; region composition differs from the rest of the fleet (~4-5% depth shift seen at Como)
TX00837,narrow_elevation_band,WARN,succeeded before 603224c3 with candidate stations restricted to 600-2600 m elevation; region composition differs from the rest of the fleet (~4-5% depth shift seen at Como)
TX00986,narrow_elevation_band,WARN,succeeded before 603224c3 with candidate stations restricted to 600-2600 m elevation; region composition differs from the rest of the fleet (~4-5% depth shift seen at Como)
TX00989,narrow_elevation_band,WARN,succeeded before 603224c3 with candidate stations restricted to 600-2600 m elevation; region composition differs from the rest of the fleet (~4-5% depth shift seen at Como)
TX01011,narrow_elevation_band,WARN,succeeded before 603224c3 with candidate stations restricted to 600-2600 m elevation; region composition differs from the rest of the fleet (~4-5% depth shift seen at Como)
TX01029,narrow_elevation_band,WARN,succeeded before 603224c3 with candidate stations restricted to 600-2600 m elevation; region composition differs from the rest of the fleet (~4-5% depth shift seen at Como)
TX01086,narrow_elevation_band,WARN,succeeded before 603224c3 with candidate stations restricted to 600-2600 m elevation; region composition differs from the rest of the fleet (~4-5% depth shift seen at Como)
TX01087,narrow_elevation_band,WARN,succeeded before 603224c3 with candidate stations restricted to 600-2600 m elevation; region composition differs from the rest of the fleet (~4-5% depth shift seen at Como)
TX01448,narrow_elevation_band,WARN,succeeded before 603224c3 with candidate stations restricted to 600-2600 m elevation; region composition differs from the rest of the fleet (~4-5% depth shift seen at Como)
TX01496,narrow_elevation_band,WARN,succeeded before 603224c3 with candidate stations restricted to 600-2600 m elevation; region composition differs from the rest of the fleet (~4-5% depth shift seen at Como)
TX01659,narrow_elevation_band,WARN,succeeded before 603224c3 with candidate stations restricted to 600-2600 m elevation; region composition differs from the rest of the fleet (~4-5% depth shift seen at Como)
TX01691,narrow_elevation_band,WARN,succeeded before 603224c3 with candidate stations restricted to 600-2600 m elevation; region composition differs from the rest of the fleet (~4-5% depth shift seen at Como)
TX01693,narrow_elevation_band,WARN,succeeded before 603224c3 with candidate stations restricted to 600-2600 m elevation; region composition differs from the rest of the fleet (~4-5% depth shift seen at Como)
TX01787,narrow_elevation_band,WARN,succeeded before 603224c3 with candidate stations restricted to 600-2600 m elevation; region composition differs from the rest of the fleet (~4-5% depth shift seen at Como)
TX02152,narrow_elevation_band,WARN,succeeded before 603224c3 with candidate stations restricted to 600-2600 m elevation; region composition differs from the rest of the fleet (~4-5% depth shift seen at Como)
TX02296,narrow_elevation_band,WARN,succeeded before 603224c3 with candidate stations restricted to 600-2600 m elevation; region composition differs from the rest of the fleet (~4-5% depth shift seen at Como)
TX02312,narrow_elevation_band,WARN,succeeded before 603224c3 with candidate stations restricted to 600-2600 m elevation; region composition differs from the rest of the fleet (~4-5% depth shift seen at Como)
TX02483,narrow_elevation_band,WARN,succeeded before 603224c3 with candidate stations restricted to 600-2600 m elevation; region composition differs from the rest of the fleet (~4-5% depth shift seen at Como)
TX02789,narrow_elevation_band,WARN,succeeded before 603224c3 with candidate stations restricted to 600-2600 m elevation; region composition differs from the rest of the fleet (~4-5% depth shift seen at Como)
TX02883,narrow_elevation_band,WARN,succeeded before 603224c3 with candidate stations restricted to 600-2600 m elevation; region composition differs from the rest of the fleet (~4-5% depth shift seen at Como)
TX03416,narrow_elevation_band,WARN,succeeded before 603224c3 with candidate stations restricted to 600-2600 m elevation; region composition differs from the rest of the fleet (~4-5% depth shift seen at Como)
TX03517,narrow_elevation_band,WARN,succeeded before 603224c3 with candidate stations restricted to 600-2600 m elevation; region composition differs from the rest of the fleet (~4-5% depth shift seen at Como)
TX03639,narrow_elevation_band,WARN,succeeded before 603224c3 with candidate stations restricted to 600-2600 m elevation; region composition differs from the rest of the fleet (~4-5% depth shift seen at Como)
TX03698,narrow_elevation_band,WARN,succeeded before 603224c3 with candidate stations restricted to 600-2600 m elevation; region composition differs from the rest of the fleet (~4-5% depth shift seen at Como)
TX03778,narrow_elevation_band,WARN,succeeded before 603224c3 with candidate stations restricted to 600-2600 m elevation; region composition differs from the rest of the fleet (~4-5% depth shift seen at Como)
TX03823,narrow_elevation_band,WARN,succeeded before 603224c3 with candidate stations restricted to 600-2600 m elevation; region composition differs from the rest of the fleet (~4-5% depth shift seen at Como)
TX03845,narrow_elevation_band,WARN,succeeded before 603224c3 with candidate stations restricted to 600-2600 m elevation; region composition differs from the rest of the fleet (~4-5% depth shift seen at Como)
TX03849,narrow_elevation_band,WARN,succeeded before 603224c3 with candidate stations restricted to 600-2600 m elevation; region composition differs from the rest of the fleet (~4-5% depth shift seen at Como)
TX03895,narrow_elevation_band,WARN,succeeded before 603224c3 with candidate stations restricted to 600-2600 m elevation; region composition differs from the rest of the fleet (~4-5% depth shift seen at Como)
TX03945,narrow_elevation_band,WARN,succeeded before 603224c3 with candidate stations restricted to 600-2600 m elevation; region composition differs from the rest of the fleet (~4-5% depth shift seen at Como)
TX04138,narrow_elevation_band,WARN,succeeded before 603224c3 with candidate stations restricted to 600-2600 m elevation; region composition differs from the rest of the fleet (~4-5% depth shift seen at Como)
TX04358,narrow_elevation_band,WARN,succeeded before 603224c3 with candidate stations restricted to 600-2600 m elevation; region composition differs from the rest of the fleet (~4-5% depth shift seen at Como)
TX04388,narrow_elevation_band,WARN,succeeded before 603224c3 with candidate stations restricted to 600-2600 m elevation; region composition differs from the rest of the fleet (~4-5% depth shift seen at Como)
TX04425,narrow_elevation_band,WARN,succeeded before 603224c3 with candidate stations restricted to 600-2600 m elevation; region composition differs from the rest of the fleet (~4-5% depth shift seen at Como)
TX04455,narrow_elevation_band,WARN,succeeded before 603224c3 with candidate stations restricted to 600-2600 m elevation; region composition differs from the rest of the fleet (~4-5% depth shift seen at Como)
TX04779,narrow_elevation_band,WARN,succeeded before 603224c3 with candidate stations restricted to 600-2600 m elevation; region composition differs from the rest of the fleet (~4-5% depth shift seen at Como)
TX05996,narrow_elevation_band,WARN,succeeded before 603224c3 with candidate stations restricted to 600-2600 m elevation; region composition differs from the rest of the fleet (~4-5% depth shift seen at Como)
TX06028,narrow_elevation_band,WARN,succeeded before 603224c3 with candidate stations restricted to 600-2600 m elevation; region composition differs from the rest of the fleet (~4-5% depth shift seen at Como)
TX06316,narrow_elevation_band,WARN,succeeded before 603224c3 with candidate stations restricted to 600-2600 m elevation; region composition differs from the rest of the fleet (~4-5% depth shift seen at Como)
TX06386,narrow_elevation_band,WARN,succeeded before 603224c3 with candidate stations restricted to 600-2600 m elevation; region composition differs from the rest of the fleet (~4-5% depth shift seen at Como)
TX06400,narrow_elevation_band,WARN,succeeded before 603224c3 with candidate stations restricted to 600-2600 m elevation; region composition differs from the rest of the fleet (~4-5% depth shift seen at Como)
TX06464,narrow_elevation_band,WARN,succeeded before 603224c3 with candidate stations restricted to 600-2600 m elevation; region composition differs from the rest of the fleet (~4-5% depth shift seen at Como)
TX08004,narrow_elevation_band,WARN,succeeded before 603224c3 with candidate stations restricted to 600-2600 m elevation; region composition differs from the rest of the fleet (~4-5% depth shift seen at Como)
TX08005,narrow_elevation_band,WARN,succeeded before 603224c3 with candidate stations restricted to 600-2600 m elevation; region composition differs from the rest of the fleet (~4-5% depth shift seen at Como)
TX08007,narrow_elevation_band,WARN,succeeded before 603224c3 with candidate stations restricted to 600-2600 m elevation; region composition differs from the rest of the fleet (~4-5% depth shift seen at Como)
TX08008,narrow_elevation_band,WARN,succeeded before 603224c3 with candidate stations restricted to 600-2600 m elevation; region composition differs from the rest of the fleet (~4-5% depth shift seen at Como)
UT00249,narrow_elevation_band,WARN,succeeded before 603224c3 with candidate stations restricted to 600-2600 m elevation; region composition differs from the rest of the fleet (~4-5% depth shift seen at Como)
UT00272,narrow_elevation_band,WARN,succeeded before 603224c3 with candidate stations restricted to 600-2600 m elevation; region composition differs from the rest of the fleet (~4-5% depth shift seen at Como)
UT00673,narrow_elevation_band,WARN,succeeded before 603224c3 with candidate stations restricted to 600-2600 m elevation; region composition differs from the rest of the fleet (~4-5% depth shift seen at Como)
UT10112,narrow_elevation_band,WARN,succeeded before 603224c3 with candidate stations restricted to 600-2600 m elevation; region composition differs from the rest of the fleet (~4-5% depth shift seen at Como)
UT10117,narrow_elevation_band,WARN,succeeded before 603224c3 with candidate stations restricted to 600-2600 m elevation; region composition differs from the rest of the fleet (~4-5% depth shift seen at Como)
UT10121,narrow_elevation_band,WARN,succeeded before 603224c3 with candidate stations restricted to 600-2600 m elevation; region composition differs from the rest of the fleet (~4-5% depth shift seen at Como)
UT10132,narrow_elevation_band,WARN,succeeded before 603224c3 with candidate stations restricted to 600-2600 m elevation; region composition differs from the rest of the fleet (~4-5% depth shift seen at Como)
UT10135,narrow_elevation_band,WARN,succeeded before 603224c3 with candidate stations restricted to 600-2600 m elevation; region composition differs from the rest of the fleet (~4-5% depth shift seen at Como)
UT10136,narrow_elevation_band,WARN,succeeded before 603224c3 with candidate stations restricted to 600-2600 m elevation; region composition differs from the rest of the fleet (~4-5% depth shift seen at Como)
UT10204,narrow_elevation_band,WARN,succeeded before 603224c3 with candidate stations restricted to 600-2600 m elevation; region composition differs from the rest of the fleet (~4-5% depth shift seen at Como)
VA00501,narrow_elevation_band,WARN,succeeded before 603224c3 with candidate stations restricted to 600-2600 m elevation; region composition differs from the rest of the fleet (~4-5% depth shift seen at Como)
VA01902,narrow_elevation_band,WARN,succeeded before 603224c3 with candidate stations restricted to 600-2600 m elevation; region composition differs from the rest of the fleet (~4-5% depth shift seen at Como)
VA05101,narrow_elevation_band,WARN,succeeded before 603224c3 with candidate stations restricted to 600-2600 m elevation; region composition differs from the rest of the fleet (~4-5% depth shift seen at Como)
VA08901,narrow_elevation_band,WARN,succeeded before 603224c3 with candidate stations restricted to 600-2600 m elevation; region composition differs from the rest of the fleet (~4-5% depth shift seen at Como)
VA14301,narrow_elevation_band,WARN,succeeded before 603224c3 with candidate stations restricted to 600-2600 m elevation; region composition differs from the rest of the fleet (~4-5% depth shift seen at Como)
VA15502,narrow_elevation_band,WARN,succeeded before 603224c3 with candidate stations restricted to 600-2600 m elevation; region composition differs from the rest of the fleet (~4-5% depth shift seen at Como)
VA17702,narrow_elevation_band,WARN,succeeded before 603224c3 with candidate stations restricted to 600-2600 m elevation; region composition differs from the rest of the fleet (~4-5% depth shift seen at Como)
VA83005,narrow_elevation_band,WARN,succeeded before 603224c3 with candidate stations restricted to 600-2600 m elevation; region composition differs from the rest of the fleet (~4-5% depth shift seen at Como)
VT00002,narrow_elevation_band,WARN,succeeded before 603224c3 with candidate stations restricted to 600-2600 m elevation; region composition differs from the rest of the fleet (~4-5% depth shift seen at Como)
VT00025,narrow_elevation_band,WARN,succeeded before 603224c3 with candidate stations restricted to 600-2600 m elevation; region composition differs from the rest of the fleet (~4-5% depth shift seen at Como)
WA00004,narrow_elevation_band,WARN,succeeded before 603224c3 with candidate stations restricted to 600-2600 m elevation; region composition differs from the rest of the fleet (~4-5% depth shift seen at Como)
WA00009,narrow_elevation_band,WARN,succeeded before 603224c3 with candidate stations restricted to 600-2600 m elevation; region composition differs from the rest of the fleet (~4-5% depth shift seen at Como)
WA00013,narrow_elevation_band,WARN,succeeded before 603224c3 with candidate stations restricted to 600-2600 m elevation; region composition differs from the rest of the fleet (~4-5% depth shift seen at Como)
WA00021,narrow_elevation_band,WARN,succeeded before 603224c3 with candidate stations restricted to 600-2600 m elevation; region composition differs from the rest of the fleet (~4-5% depth shift seen at Como)
WA00084,narrow_elevation_band,WARN,succeeded before 603224c3 with candidate stations restricted to 600-2600 m elevation; region composition differs from the rest of the fleet (~4-5% depth shift seen at Como)
WA00085,narrow_elevation_band,WARN,succeeded before 603224c3 with candidate stations restricted to 600-2600 m elevation; region composition differs from the rest of the fleet (~4-5% depth shift seen at Como)
WA00086,narrow_elevation_band,WARN,succeeded before 603224c3 with candidate stations restricted to 600-2600 m elevation; region composition differs from the rest of the fleet (~4-5% depth shift seen at Como)
WA00088,narrow_elevation_band,WARN,succeeded before 603224c3 with candidate stations restricted to 600-2600 m elevation; region composition differs from the rest of the fleet (~4-5% depth shift seen at Como)
WA00098,narrow_elevation_band,WARN,succeeded before 603224c3 with candidate stations restricted to 600-2600 m elevation; region composition differs from the rest of the fleet (~4-5% depth shift seen at Como)
WA00135,narrow_elevation_band,WARN,succeeded before 603224c3 with candidate stations restricted to 600-2600 m elevation; region composition differs from the rest of the fleet (~4-5% depth shift seen at Como)
WA00145,narrow_elevation_band,WARN,succeeded before 603224c3 with candidate stations restricted to 600-2600 m elevation; region composition differs from the rest of the fleet (~4-5% depth shift seen at Como)
WA00147,narrow_elevation_band,WARN,succeeded before 603224c3 with candidate stations restricted to 600-2600 m elevation; region composition differs from the rest of the fleet (~4-5% depth shift seen at Como)
WA00148,narrow_elevation_band,WARN,succeeded before 603224c3 with candidate stations restricted to 600-2600 m elevation; region composition differs from the rest of the fleet (~4-5% depth shift seen at Como)
WA00149,narrow_elevation_band,WARN,succeeded before 603224c3 with candidate stations restricted to 600-2600 m elevation; region composition differs from the rest of the fleet (~4-5% depth shift seen at Como)
WA00151,narrow_elevation_band,WARN,succeeded before 603224c3 with candidate stations restricted to 600-2600 m elevation; region composition differs from the rest of the fleet (~4-5% depth shift seen at Como)
WA00152,narrow_elevation_band,WARN,succeeded before 603224c3 with candidate stations restricted to 600-2600 m elevation; region composition differs from the rest of the fleet (~4-5% depth shift seen at Como)
WA00169,narrow_elevation_band,WARN,succeeded before 603224c3 with candidate stations restricted to 600-2600 m elevation; region composition differs from the rest of the fleet (~4-5% depth shift seen at Como)
WA00170,narrow_elevation_band,WARN,succeeded before 603224c3 with candidate stations restricted to 600-2600 m elevation; region composition differs from the rest of the fleet (~4-5% depth shift seen at Como)
WA00172,narrow_elevation_band,WARN,succeeded before 603224c3 with candidate stations restricted to 600-2600 m elevation; region composition differs from the rest of the fleet (~4-5% depth shift seen at Como)
WA00173,narrow_elevation_band,WARN,succeeded before 603224c3 with candidate stations restricted to 600-2600 m elevation; region composition differs from the rest of the fleet (~4-5% depth shift seen at Como)
WA00174,narrow_elevation_band,WARN,succeeded before 603224c3 with candidate stations restricted to 600-2600 m elevation; region composition differs from the rest of the fleet (~4-5% depth shift seen at Como)
WA00208,narrow_elevation_band,WARN,succeeded before 603224c3 with candidate stations restricted to 600-2600 m elevation; region composition differs from the rest of the fleet (~4-5% depth shift seen at Como)
WA00255,narrow_elevation_band,WARN,succeeded before 603224c3 with candidate stations restricted to 600-2600 m elevation; region composition differs from the rest of the fleet (~4-5% depth shift seen at Como)
WA00257,narrow_elevation_band,WARN,succeeded before 603224c3 with candidate stations restricted to 600-2600 m elevation; region composition differs from the rest of the fleet (~4-5% depth shift seen at Como)
WA00260,narrow_elevation_band,WARN,succeeded before 603224c3 with candidate stations restricted to 600-2600 m elevation; region composition differs from the rest of the fleet (~4-5% depth shift seen at Como)
WA00261,narrow_elevation_band,WARN,succeeded before 603224c3 with candidate stations restricted to 600-2600 m elevation; region composition differs from the rest of the fleet (~4-5% depth shift seen at Como)
WA00262,narrow_elevation_band,WARN,succeeded before 603224c3 with candidate stations restricted to 600-2600 m elevation; region composition differs from the rest of the fleet (~4-5% depth shift seen at Como)
WA00265,narrow_elevation_band,WARN,succeeded before 603224c3 with candidate stations restricted to 600-2600 m elevation; region composition differs from the rest of the fleet (~4-5% depth shift seen at Como)
WA00266,narrow_elevation_band,WARN,succeeded before 603224c3 with candidate stations restricted to 600-2600 m elevation; region composition differs from the rest of the fleet (~4-5% depth shift seen at Como)
WA00268,narrow_elevation_band,WARN,succeeded before 603224c3 with candidate stations restricted to 600-2600 m elevation; region composition differs from the rest of the fleet (~4-5% depth shift seen at Como)
WA00270,narrow_elevation_band,WARN,succeeded before 603224c3 with candidate stations restricted to 600-2600 m elevation; region composition differs from the rest of the fleet (~4-5% depth shift seen at Como)
WA00273,narrow_elevation_band,WARN,succeeded before 603224c3 with candidate stations restricted to 600-2600 m elevation; region composition differs from the rest of the fleet (~4-5% depth shift seen at Como)
WA00274,narrow_elevation_band,WARN,succeeded before 603224c3 with candidate stations restricted to 600-2600 m elevation; region composition differs from the rest of the fleet (~4-5% depth shift seen at Como)
WA00298,narrow_elevation_band,WARN,succeeded before 603224c3 with candidate stations restricted to 600-2600 m elevation; region composition differs from the rest of the fleet (~4-5% depth shift seen at Como)
WA00299,narrow_elevation_band,WARN,succeeded before 603224c3 with candidate stations restricted to 600-2600 m elevation; region composition differs from the rest of the fleet (~4-5% depth shift seen at Como)
WA00300,narrow_elevation_band,WARN,succeeded before 603224c3 with candidate stations restricted to 600-2600 m elevation; region composition differs from the rest of the fleet (~4-5% depth shift seen at Como)
WA00301,narrow_elevation_band,WARN,succeeded before 603224c3 with candidate stations restricted to 600-2600 m elevation; region composition differs from the rest of the fleet (~4-5% depth shift seen at Como)
WA00331,narrow_elevation_band,WARN,succeeded before 603224c3 with candidate stations restricted to 600-2600 m elevation; region composition differs from the rest of the fleet (~4-5% depth shift seen at Como)
WA00347,narrow_elevation_band,WARN,succeeded before 603224c3 with candidate stations restricted to 600-2600 m elevation; region composition differs from the rest of the fleet (~4-5% depth shift seen at Como)
WA00604,narrow_elevation_band,WARN,succeeded before 603224c3 with candidate stations restricted to 600-2600 m elevation; region composition differs from the rest of the fleet (~4-5% depth shift seen at Como)
WA83069,narrow_elevation_band,WARN,succeeded before 603224c3 with candidate stations restricted to 600-2600 m elevation; region composition differs from the rest of the fleet (~4-5% depth shift seen at Como)
WA83070,narrow_elevation_band,WARN,succeeded before 603224c3 with candidate stations restricted to 600-2600 m elevation; region composition differs from the rest of the fleet (~4-5% depth shift seen at Como)
WI00647,narrow_elevation_band,WARN,succeeded before 603224c3 with candidate stations restricted to 600-2600 m elevation; region composition differs from the rest of the fleet (~4-5% depth shift seen at Como)
WI00727,narrow_elevation_band,WARN,succeeded before 603224c3 with candidate stations restricted to 600-2600 m elevation; region composition differs from the rest of the fleet (~4-5% depth shift seen at Como)
WI00733,narrow_elevation_band,WARN,succeeded before 603224c3 with candidate stations restricted to 600-2600 m elevation; region composition differs from the rest of the fleet (~4-5% depth shift seen at Como)
WI00740,narrow_elevation_band,WARN,succeeded before 603224c3 with candidate stations restricted to 600-2600 m elevation; region composition differs from the rest of the fleet (~4-5% depth shift seen at Como)
WI00814,narrow_elevation_band,WARN,succeeded before 603224c3 with candidate stations restricted to 600-2600 m elevation; region composition differs from the rest of the fleet (~4-5% depth shift seen at Como)
WV00701,narrow_elevation_band,WARN,succeeded before 603224c3 with candidate stations restricted to 600-2600 m elevation; region composition differs from the rest of the fleet (~4-5% depth shift seen at Como)
WV04114,narrow_elevation_band,WARN,succeeded before 603224c3 with candidate stations restricted to 600-2600 m elevation; region composition differs from the rest of the fleet (~4-5% depth shift seen at Como)
WV05301,narrow_elevation_band,WARN,succeeded before 603224c3 with candidate stations restricted to 600-2600 m elevation; region composition differs from the rest of the fleet (~4-5% depth shift seen at Como)
WV05302,narrow_elevation_band,WARN,succeeded before 603224c3 with candidate stations restricted to 600-2600 m elevation; region composition differs from the rest of the fleet (~4-5% depth shift seen at Como)
WV06702,narrow_elevation_band,WARN,succeeded before 603224c3 with candidate stations restricted to 600-2600 m elevation; region composition differs from the rest of the fleet (~4-5% depth shift seen at Como)
WV06908,narrow_elevation_band,WARN,succeeded before 603224c3 with candidate stations restricted to 600-2600 m elevation; region composition differs from the rest of the fleet (~4-5% depth shift seen at Como)
WV07301,narrow_elevation_band,WARN,succeeded before 603224c3 with candidate stations restricted to 600-2600 m elevation; region composition differs from the rest of the fleet (~4-5% depth shift seen at Como)
WV08902,narrow_elevation_band,WARN,succeeded before 603224c3 with candidate stations restricted to 600-2600 m elevation; region composition differs from the rest of the fleet (~4-5% depth shift seen at Como)
WV09101,narrow_elevation_band,WARN,succeeded before 603224c3 with candidate stations restricted to 600-2600 m elevation; region composition differs from the rest of the fleet (~4-5% depth shift seen at Como)
WV10301,narrow_elevation_band,WARN,succeeded before 603224c3 with candidate stations restricted to 600-2600 m elevation; region composition differs from the rest of the fleet (~4-5% depth shift seen at Como)
WV10702,narrow_elevation_band,WARN,succeeded before 603224c3 with candidate stations restricted to 600-2600 m elevation; region composition differs from the rest of the fleet (~4-5% depth shift seen at Como)
WV10924,narrow_elevation_band,WARN,succeeded before 603224c3 with candidate stations restricted to 600-2600 m elevation; region composition differs from the rest of the fleet (~4-5% depth shift seen at Como)
WY00005,narrow_elevation_band,WARN,succeeded before 603224c3 with candidate stations restricted to 600-2600 m elevation; region composition differs from the rest of the fleet (~4-5% depth shift seen at Como)
WY00011,narrow_elevation_band,WARN,succeeded before 603224c3 with candidate stations restricted to 600-2600 m elevation; region composition differs from the rest of the fleet (~4-5% depth shift seen at Como)
WY00015,narrow_elevation_band,WARN,succeeded before 603224c3 with candidate stations restricted to 600-2600 m elevation; region composition differs from the rest of the fleet (~4-5% depth shift seen at Como)
WY00292,narrow_elevation_band,WARN,succeeded before 603224c3 with candidate stations restricted to 600-2600 m elevation; region composition differs from the rest of the fleet (~4-5% depth shift seen at Como)
WY00456,narrow_elevation_band,WARN,succeeded before 603224c3 with candidate stations restricted to 600-2600 m elevation; region composition differs from the rest of the fleet (~4-5% depth shift seen at Como)
WY01290,narrow_elevation_band,WARN,succeeded before 603224c3 with candidate stations restricted to 600-2600 m elevation; region composition differs from the rest of the fleet (~4-5% depth shift seen at Como)
WY01291,narrow_elevation_band,WARN,succeeded before 603224c3 with candidate stations restricted to 600-2600 m elevation; region composition differs from the rest of the fleet (~4-5% depth shift seen at Como)
WY01295,narrow_elevation_band,WARN,succeeded before 603224c3 with candidate stations restricted to 600-2600 m elevation; region composition differs from the rest of the fleet (~4-5% depth shift seen at Como)
WY01296,narrow_elevation_band,WARN,succeeded before 603224c3 with candidate stations restricted to 600-2600 m elevation; region composition differs from the rest of the fleet (~4-5% depth shift seen at Como)
WY01297,narrow_elevation_band,WARN,succeeded before 603224c3 with candidate stations restricted to 600-2600 m elevation; region composition differs from the rest of the fleet (~4-5% depth shift seen at Como)
WY01299,narrow_elevation_band,WARN,succeeded before 603224c3 with candidate stations restricted to 600-2600 m elevation; region composition differs from the rest of the fleet (~4-5% depth shift seen at Como)
WY01300,narrow_elevation_band,WARN,succeeded before 603224c3 with candidate stations restricted to 600-2600 m elevation; region composition differs from the rest of the fleet (~4-5% depth shift seen at Como)
WY01378,narrow_elevation_band,WARN,succeeded before 603224c3 with candidate stations restricted to 600-2600 m elevation; region composition differs from the rest of the fleet (~4-5% depth shift seen at Como)
WY01380,narrow_elevation_band,WARN,succeeded before 603224c3 with candidate stations restricted to 600-2600 m elevation; region composition differs from the rest of the fleet (~4-5% depth shift seen at Como)
WY01385,narrow_elevation_band,WARN,succeeded before 603224c3 with candidate stations restricted to 600-2600 m elevation; region composition differs from the rest of the fleet (~4-5% depth shift seen at Como)
WY01389,narrow_elevation_band,WARN,succeeded before 603224c3 with candidate stations restricted to 600-2600 m elevation; region composition differs from the rest of the fleet (~4-5% depth shift seen at Como)
WY01485,narrow_elevation_band,WARN,succeeded before 603224c3 with candidate stations restricted to 600-2600 m elevation; region composition differs from the rest of the fleet (~4-5% depth shift seen at Como)
WY01486,narrow_elevation_band,WARN,succeeded before 603224c3 with candidate stations restricted to 600-2600 m elevation; region composition differs from the rest of the fleet (~4-5% depth shift seen at Como)
WY01487,narrow_elevation_band,WARN,succeeded before 603224c3 with candidate stations restricted to 600-2600 m elevation; region composition differs from the rest of the fleet (~4-5% depth shift seen at Como)
WY01496,narrow_elevation_band,WARN,succeeded before 603224c3 with candidate stations restricted to 600-2600 m elevation; region composition differs from the rest of the fleet (~4-5% depth shift seen at Como)
WY02302,narrow_elevation_band,WARN,succeeded before 603224c3 with candidate stations restricted to 600-2600 m elevation; region composition differs from the rest of the fleet (~4-5% depth shift seen at Como)
WY02303,narrow_elevation_band,WARN,succeeded before 603224c3 with candidate stations restricted to 600-2600 m elevation; region composition differs from the rest of the fleet (~4-5% depth shift seen at Como)
AK00001,old_manifest_vintage,INFO,completed before the a85ef3d2 live-NID manifest refresh; coordinates/attributes vintage differs
AK00033,old_manifest_vintage,INFO,completed before the a85ef3d2 live-NID manifest refresh; coordinates/attributes vintage differs
AK00085,old_manifest_vintage,INFO,completed before the a85ef3d2 live-NID manifest refresh; coordinates/attributes vintage differs
AL01415,old_manifest_vintage,INFO,completed before the a85ef3d2 live-NID manifest refresh; coordinates/attributes vintage differs
AL01417,old_manifest_vintage,INFO,completed before the a85ef3d2 live-NID manifest refresh; coordinates/attributes vintage differs
AL01420,old_manifest_vintage,INFO,completed before the a85ef3d2 live-NID manifest refresh; coordinates/attributes vintage differs
AL01425,old_manifest_vintage,INFO,completed before the a85ef3d2 live-NID manifest refresh; coordinates/attributes vintage differs
AL01427,old_manifest_vintage,INFO,completed before the a85ef3d2 live-NID manifest refresh; coordinates/attributes vintage differs
AL01432,old_manifest_vintage,INFO,completed before the a85ef3d2 live-NID manifest refresh; coordinates/attributes vintage differs
AL01435,old_manifest_vintage,INFO,completed before the a85ef3d2 live-NID manifest refresh; coordinates/attributes vintage differs
AL07702,old_manifest_vintage,INFO,completed before the a85ef3d2 live-NID manifest refresh; coordinates/attributes vintage differs
AL83001,old_manifest_vintage,INFO,completed before the a85ef3d2 live-NID manifest refresh; coordinates/attributes vintage differs
AR00081,old_manifest_vintage,INFO,completed before the a85ef3d2 live-NID manifest refresh; coordinates/attributes vintage differs
AR00150,old_manifest_vintage,INFO,completed before the a85ef3d2 live-NID manifest refresh; coordinates/attributes vintage differs
AR00157,old_manifest_vintage,INFO,completed before the a85ef3d2 live-NID manifest refresh; coordinates/attributes vintage differs
AR00159,old_manifest_vintage,INFO,completed before the a85ef3d2 live-NID manifest refresh; coordinates/attributes vintage differs
AR00160,old_manifest_vintage,INFO,completed before the a85ef3d2 live-NID manifest refresh; coordinates/attributes vintage differs
AR00162,old_manifest_vintage,INFO,completed before the a85ef3d2 live-NID manifest refresh; coordinates/attributes vintage differs
AR00164,old_manifest_vintage,INFO,completed before the a85ef3d2 live-NID manifest refresh; coordinates/attributes vintage differs
AR00171,old_manifest_vintage,INFO,completed before the a85ef3d2 live-NID manifest refresh; coordinates/attributes vintage differs
AR00173,old_manifest_vintage,INFO,completed before the a85ef3d2 live-NID manifest refresh; coordinates/attributes vintage differs
AR00174,old_manifest_vintage,INFO,completed before the a85ef3d2 live-NID manifest refresh; coordinates/attributes vintage differs
AR00534,old_manifest_vintage,INFO,completed before the a85ef3d2 live-NID manifest refresh; coordinates/attributes vintage differs
AZ00202,old_manifest_vintage,INFO,completed before the a85ef3d2 live-NID manifest refresh; coordinates/attributes vintage differs
AZ10002,old_manifest_vintage,INFO,completed before the a85ef3d2 live-NID manifest refresh; coordinates/attributes vintage differs
AZ10007,old_manifest_vintage,INFO,completed before the a85ef3d2 live-NID manifest refresh; coordinates/attributes vintage differs
AZ10008,old_manifest_vintage,INFO,completed before the a85ef3d2 live-NID manifest refresh; coordinates/attributes vintage differs
AZ10307,old_manifest_vintage,INFO,completed before the a85ef3d2 live-NID manifest refresh; coordinates/attributes vintage differs
AZ10308,old_manifest_vintage,INFO,completed before the a85ef3d2 live-NID manifest refresh; coordinates/attributes vintage differs
AZ10309,old_manifest_vintage,INFO,completed before the a85ef3d2 live-NID manifest refresh; coordinates/attributes vintage differs
AZ10310,old_manifest_vintage,INFO,completed before the a85ef3d2 live-NID manifest refresh; coordinates/attributes vintage differs
AZ10311,old_manifest_vintage,INFO,completed before the a85ef3d2 live-NID manifest refresh; coordinates/attributes vintage differs
AZ10312,old_manifest_vintage,INFO,completed before the a85ef3d2 live-NID manifest refresh; coordinates/attributes vintage differs
AZ10317,old_manifest_vintage,INFO,completed before the a85ef3d2 live-NID manifest refresh; coordinates/attributes vintage differs
AZ10436,old_manifest_vintage,INFO,completed before the a85ef3d2 live-NID manifest refresh; coordinates/attributes vintage differs
AZ82203,old_manifest_vintage,INFO,completed before the a85ef3d2 live-NID manifest refresh; coordinates/attributes vintage differs
AZ82929,old_manifest_vintage,INFO,completed before the a85ef3d2 live-NID manifest refresh; coordinates/attributes vintage differs
CA00035,old_manifest_vintage,INFO,completed before the a85ef3d2 live-NID manifest refresh; coordinates/attributes vintage differs
CA00039,old_manifest_vintage,INFO,completed before the a85ef3d2 live-NID manifest refresh; coordinates/attributes vintage differs
CA00043,old_manifest_vintage,INFO,completed before the a85ef3d2 live-NID manifest refresh; coordinates/attributes vintage differs
CA00044,old_manifest_vintage,INFO,completed before the a85ef3d2 live-NID manifest refresh; coordinates/attributes vintage differs
CA00052,old_manifest_vintage,INFO,completed before the a85ef3d2 live-NID manifest refresh; coordinates/attributes vintage differs
CA00054,old_manifest_vintage,INFO,completed before the a85ef3d2 live-NID manifest refresh; coordinates/attributes vintage differs
CA00090,old_manifest_vintage,INFO,completed before the a85ef3d2 live-NID manifest refresh; coordinates/attributes vintage differs
CA00111,old_manifest_vintage,INFO,completed before the a85ef3d2 live-NID manifest refresh; coordinates/attributes vintage differs
CA00113,old_manifest_vintage,INFO,completed before the a85ef3d2 live-NID manifest refresh; coordinates/attributes vintage differs
CA00123,old_manifest_vintage,INFO,completed before the a85ef3d2 live-NID manifest refresh; coordinates/attributes vintage differs
CA00125,old_manifest_vintage,INFO,completed before the a85ef3d2 live-NID manifest refresh; coordinates/attributes vintage differs
CA00126,old_manifest_vintage,INFO,completed before the a85ef3d2 live-NID manifest refresh; coordinates/attributes vintage differs
CA00164,old_manifest_vintage,INFO,completed before the a85ef3d2 live-NID manifest refresh; coordinates/attributes vintage differs
CA00173,old_manifest_vintage,INFO,completed before the a85ef3d2 live-NID manifest refresh; coordinates/attributes vintage differs
CA00212,old_manifest_vintage,INFO,completed before the a85ef3d2 live-NID manifest refresh; coordinates/attributes vintage differs
CA00227,old_manifest_vintage,INFO,completed before the a85ef3d2 live-NID manifest refresh; coordinates/attributes vintage differs
CA00233,old_manifest_vintage,INFO,completed before the a85ef3d2 live-NID manifest refresh; coordinates/attributes vintage differs
CA00240,old_manifest_vintage,INFO,completed before the a85ef3d2 live-NID manifest refresh; coordinates/attributes vintage differs
CA00263,old_manifest_vintage,INFO,completed before the a85ef3d2 live-NID manifest refresh; coordinates/attributes vintage differs
CA00269,old_manifest_vintage,INFO,completed before the a85ef3d2 live-NID manifest refresh; coordinates/attributes vintage differs
CA00281,old_manifest_vintage,INFO,completed before the a85ef3d2 live-NID manifest refresh; coordinates/attributes vintage differs
CA00283,old_manifest_vintage,INFO,completed before the a85ef3d2 live-NID manifest refresh; coordinates/attributes vintage differs
CA00284,old_manifest_vintage,INFO,completed before the a85ef3d2 live-NID manifest refresh; coordinates/attributes vintage differs
CA00294,old_manifest_vintage,INFO,completed before the a85ef3d2 live-NID manifest refresh; coordinates/attributes vintage differs
CA00327,old_manifest_vintage,INFO,completed before the a85ef3d2 live-NID manifest refresh; coordinates/attributes vintage differs
CA00332,old_manifest_vintage,INFO,completed before the a85ef3d2 live-NID manifest refresh; coordinates/attributes vintage differs
CA00382,old_manifest_vintage,INFO,completed before the a85ef3d2 live-NID manifest refresh; coordinates/attributes vintage differs
CA00411,old_manifest_vintage,INFO,completed before the a85ef3d2 live-NID manifest refresh; coordinates/attributes vintage differs
CA00412,old_manifest_vintage,INFO,completed before the a85ef3d2 live-NID manifest refresh; coordinates/attributes vintage differs
CA00425,old_manifest_vintage,INFO,completed before the a85ef3d2 live-NID manifest refresh; coordinates/attributes vintage differs
CA00434,old_manifest_vintage,INFO,completed before the a85ef3d2 live-NID manifest refresh; coordinates/attributes vintage differs
CA00437,old_manifest_vintage,INFO,completed before the a85ef3d2 live-NID manifest refresh; coordinates/attributes vintage differs
CA00441,old_manifest_vintage,INFO,completed before the a85ef3d2 live-NID manifest refresh; coordinates/attributes vintage differs
CA00443,old_manifest_vintage,INFO,completed before the a85ef3d2 live-NID manifest refresh; coordinates/attributes vintage differs
CA00717,old_manifest_vintage,INFO,completed before the a85ef3d2 live-NID manifest refresh; coordinates/attributes vintage differs
CA00757,old_manifest_vintage,INFO,completed before the a85ef3d2 live-NID manifest refresh; coordinates/attributes vintage differs
CA00812,old_manifest_vintage,INFO,completed before the a85ef3d2 live-NID manifest refresh; coordinates/attributes vintage differs
CA00813,old_manifest_vintage,INFO,completed before the a85ef3d2 live-NID manifest refresh; coordinates/attributes vintage differs
CA00816,old_manifest_vintage,INFO,completed before the a85ef3d2 live-NID manifest refresh; coordinates/attributes vintage differs
CA00856,old_manifest_vintage,INFO,completed before the a85ef3d2 live-NID manifest refresh; coordinates/attributes vintage differs
CA00857,old_manifest_vintage,INFO,completed before the a85ef3d2 live-NID manifest refresh; coordinates/attributes vintage differs
CA00863,old_manifest_vintage,INFO,completed before the a85ef3d2 live-NID manifest refresh; coordinates/attributes vintage differs
CA00911,old_manifest_vintage,INFO,completed before the a85ef3d2 live-NID manifest refresh; coordinates/attributes vintage differs
CA01107,old_manifest_vintage,INFO,completed before the a85ef3d2 live-NID manifest refresh; coordinates/attributes vintage differs
CA01224,old_manifest_vintage,INFO,completed before the a85ef3d2 live-NID manifest refresh; coordinates/attributes vintage differs
CA01396,old_manifest_vintage,INFO,completed before the a85ef3d2 live-NID manifest refresh; coordinates/attributes vintage differs
CA01410,old_manifest_vintage,INFO,completed before the a85ef3d2 live-NID manifest refresh; coordinates/attributes vintage differs
CA01530,old_manifest_vintage,INFO,completed before the a85ef3d2 live-NID manifest refresh; coordinates/attributes vintage differs
CA10021,old_manifest_vintage,INFO,completed before the a85ef3d2 live-NID manifest refresh; coordinates/attributes vintage differs
CA10102,old_manifest_vintage,INFO,completed before the a85ef3d2 live-NID manifest refresh; coordinates/attributes vintage differs
CA10106,old_manifest_vintage,INFO,completed before the a85ef3d2 live-NID manifest refresh; coordinates/attributes vintage differs
CA10109,old_manifest_vintage,INFO,completed before the a85ef3d2 live-NID manifest refresh; coordinates/attributes vintage differs
CA10112,old_manifest_vintage,INFO,completed before the a85ef3d2 live-NID manifest refresh; coordinates/attributes vintage differs
CA10114,old_manifest_vintage,INFO,completed before the a85ef3d2 live-NID manifest refresh; coordinates/attributes vintage differs
CA10136,old_manifest_vintage,INFO,completed before the a85ef3d2 live-NID manifest refresh; coordinates/attributes vintage differs
CA10139,old_manifest_vintage,INFO,completed before the a85ef3d2 live-NID manifest refresh; coordinates/attributes vintage differs
CA10141,old_manifest_vintage,INFO,completed before the a85ef3d2 live-NID manifest refresh; coordinates/attributes vintage differs
CA10154,old_manifest_vintage,INFO,completed before the a85ef3d2 live-NID manifest refresh; coordinates/attributes vintage differs
CA10159,old_manifest_vintage,INFO,completed before the a85ef3d2 live-NID manifest refresh; coordinates/attributes vintage differs
CA10162,old_manifest_vintage,INFO,completed before the a85ef3d2 live-NID manifest refresh; coordinates/attributes vintage differs
CA10170,old_manifest_vintage,INFO,completed before the a85ef3d2 live-NID manifest refresh; coordinates/attributes vintage differs
CA10183,old_manifest_vintage,INFO,completed before the a85ef3d2 live-NID manifest refresh; coordinates/attributes vintage differs
CA10186,old_manifest_vintage,INFO,completed before the a85ef3d2 live-NID manifest refresh; coordinates/attributes vintage differs
CA10192,old_manifest_vintage,INFO,completed before the a85ef3d2 live-NID manifest refresh; coordinates/attributes vintage differs
CA10196,old_manifest_vintage,INFO,completed before the a85ef3d2 live-NID manifest refresh; coordinates/attributes vintage differs
CA10197,old_manifest_vintage,INFO,completed before the a85ef3d2 live-NID manifest refresh; coordinates/attributes vintage differs
CA10201,old_manifest_vintage,INFO,completed before the a85ef3d2 live-NID manifest refresh; coordinates/attributes vintage differs
CA10204,old_manifest_vintage,INFO,completed before the a85ef3d2 live-NID manifest refresh; coordinates/attributes vintage differs
CA10243,old_manifest_vintage,INFO,completed before the a85ef3d2 live-NID manifest refresh; coordinates/attributes vintage differs
CA10244,old_manifest_vintage,INFO,completed before the a85ef3d2 live-NID manifest refresh; coordinates/attributes vintage differs
CA10246,old_manifest_vintage,INFO,completed before the a85ef3d2 live-NID manifest refresh; coordinates/attributes vintage differs
CA10303,old_manifest_vintage,INFO,completed before the a85ef3d2 live-NID manifest refresh; coordinates/attributes vintage differs
CO00050,old_manifest_vintage,INFO,completed before the a85ef3d2 live-NID manifest refresh; coordinates/attributes vintage differs
CO00112,old_manifest_vintage,INFO,completed before the a85ef3d2 live-NID manifest refresh; coordinates/attributes vintage differs
CO00151,old_manifest_vintage,INFO,completed before the a85ef3d2 live-NID manifest refresh; coordinates/attributes vintage differs
CO00299,old_manifest_vintage,INFO,completed before the a85ef3d2 live-NID manifest refresh; coordinates/attributes vintage differs
CO00351,old_manifest_vintage,INFO,completed before the a85ef3d2 live-NID manifest refresh; coordinates/attributes vintage differs
CO00359,old_manifest_vintage,INFO,completed before the a85ef3d2 live-NID manifest refresh; coordinates/attributes vintage differs
CO00384,old_manifest_vintage,INFO,completed before the a85ef3d2 live-NID manifest refresh; coordinates/attributes vintage differs
CO00717,old_manifest_vintage,INFO,completed before the a85ef3d2 live-NID manifest refresh; coordinates/attributes vintage differs
CO00790,old_manifest_vintage,INFO,completed before the a85ef3d2 live-NID manifest refresh; coordinates/attributes vintage differs
CO00875,old_manifest_vintage,INFO,completed before the a85ef3d2 live-NID manifest refresh; coordinates/attributes vintage differs
CO01280,old_manifest_vintage,INFO,completed before the a85ef3d2 live-NID manifest refresh; coordinates/attributes vintage differs
CO01281,old_manifest_vintage,INFO,completed before the a85ef3d2 live-NID manifest refresh; coordinates/attributes vintage differs
CO01283,old_manifest_vintage,INFO,completed before the a85ef3d2 live-NID manifest refresh; coordinates/attributes vintage differs
CO01300,old_manifest_vintage,INFO,completed before the a85ef3d2 live-NID manifest refresh; coordinates/attributes vintage differs
CO01650,old_manifest_vintage,INFO,completed before the a85ef3d2 live-NID manifest refresh; coordinates/attributes vintage differs
CO01656,old_manifest_vintage,INFO,completed before the a85ef3d2 live-NID manifest refresh; coordinates/attributes vintage differs
CO01658,old_manifest_vintage,INFO,completed before the a85ef3d2 live-NID manifest refresh; coordinates/attributes vintage differs
CO01664,old_manifest_vintage,INFO,completed before the a85ef3d2 live-NID manifest refresh; coordinates/attributes vintage differs
CO01669,old_manifest_vintage,INFO,completed before the a85ef3d2 live-NID manifest refresh; coordinates/attributes vintage differs
CO01675,old_manifest_vintage,INFO,completed before the a85ef3d2 live-NID manifest refresh; coordinates/attributes vintage differs
CO01688,old_manifest_vintage,INFO,completed before the a85ef3d2 live-NID manifest refresh; coordinates/attributes vintage differs
CO01689,old_manifest_vintage,INFO,completed before the a85ef3d2 live-NID manifest refresh; coordinates/attributes vintage differs
CO01695,old_manifest_vintage,INFO,completed before the a85ef3d2 live-NID manifest refresh; coordinates/attributes vintage differs
CO02045,old_manifest_vintage,INFO,completed before the a85ef3d2 live-NID manifest refresh; coordinates/attributes vintage differs
CO02706,old_manifest_vintage,INFO,completed before the a85ef3d2 live-NID manifest refresh; coordinates/attributes vintage differs
CO02886,old_manifest_vintage,INFO,completed before the a85ef3d2 live-NID manifest refresh; coordinates/attributes vintage differs
CT00224,old_manifest_vintage,INFO,completed before the a85ef3d2 live-NID manifest refresh; coordinates/attributes vintage differs
CT00506,old_manifest_vintage,INFO,completed before the a85ef3d2 live-NID manifest refresh; coordinates/attributes vintage differs
FL00271,old_manifest_vintage,INFO,completed before the a85ef3d2 live-NID manifest refresh; coordinates/attributes vintage differs
FL00291,old_manifest_vintage,INFO,completed before the a85ef3d2 live-NID manifest refresh; coordinates/attributes vintage differs
FL00292,old_manifest_vintage,INFO,completed before the a85ef3d2 live-NID manifest refresh; coordinates/attributes vintage differs
FL00297,old_manifest_vintage,INFO,completed before the a85ef3d2 live-NID manifest refresh; coordinates/attributes vintage differs
FL00299,old_manifest_vintage,INFO,completed before the a85ef3d2 live-NID manifest refresh; coordinates/attributes vintage differs
FL00300,old_manifest_vintage,INFO,completed before the a85ef3d2 live-NID manifest refresh; coordinates/attributes vintage differs
FL00301,old_manifest_vintage,INFO,completed before the a85ef3d2 live-NID manifest refresh; coordinates/attributes vintage differs
FL00302,old_manifest_vintage,INFO,completed before the a85ef3d2 live-NID manifest refresh; coordinates/attributes vintage differs
FL00312,old_manifest_vintage,INFO,completed before the a85ef3d2 live-NID manifest refresh; coordinates/attributes vintage differs
FL00324,old_manifest_vintage,INFO,completed before the a85ef3d2 live-NID manifest refresh; coordinates/attributes vintage differs
FL00327,old_manifest_vintage,INFO,completed before the a85ef3d2 live-NID manifest refresh; coordinates/attributes vintage differs
FL00334,old_manifest_vintage,INFO,completed before the a85ef3d2 live-NID manifest refresh; coordinates/attributes vintage differs
FL00338,old_manifest_vintage,INFO,completed before the a85ef3d2 live-NID manifest refresh; coordinates/attributes vintage differs
FL00343,old_manifest_vintage,INFO,completed before the a85ef3d2 live-NID manifest refresh; coordinates/attributes vintage differs
FL00345,old_manifest_vintage,INFO,completed before the a85ef3d2 live-NID manifest refresh; coordinates/attributes vintage differs
FL00350,old_manifest_vintage,INFO,completed before the a85ef3d2 live-NID manifest refresh; coordinates/attributes vintage differs
FL00384,old_manifest_vintage,INFO,completed before the a85ef3d2 live-NID manifest refresh; coordinates/attributes vintage differs
FL00426,old_manifest_vintage,INFO,completed before the a85ef3d2 live-NID manifest refresh; coordinates/attributes vintage differs
FL00435,old_manifest_vintage,INFO,completed before the a85ef3d2 live-NID manifest refresh; coordinates/attributes vintage differs
FL00678,old_manifest_vintage,INFO,completed before the a85ef3d2 live-NID manifest refresh; coordinates/attributes vintage differs
FL00681,old_manifest_vintage,INFO,completed before the a85ef3d2 live-NID manifest refresh; coordinates/attributes vintage differs
FL00683,old_manifest_vintage,INFO,completed before the a85ef3d2 live-NID manifest refresh; coordinates/attributes vintage differs
FL00693,old_manifest_vintage,INFO,completed before the a85ef3d2 live-NID manifest refresh; coordinates/attributes vintage differs
FL11067,old_manifest_vintage,INFO,completed before the a85ef3d2 live-NID manifest refresh; coordinates/attributes vintage differs
FL36005,old_manifest_vintage,INFO,completed before the a85ef3d2 live-NID manifest refresh; coordinates/attributes vintage differs
FL36006,old_manifest_vintage,INFO,completed before the a85ef3d2 live-NID manifest refresh; coordinates/attributes vintage differs
FL36007,old_manifest_vintage,INFO,completed before the a85ef3d2 live-NID manifest refresh; coordinates/attributes vintage differs
FL36008,old_manifest_vintage,INFO,completed before the a85ef3d2 live-NID manifest refresh; coordinates/attributes vintage differs
FL36010,old_manifest_vintage,INFO,completed before the a85ef3d2 live-NID manifest refresh; coordinates/attributes vintage differs
FL36016,old_manifest_vintage,INFO,completed before the a85ef3d2 live-NID manifest refresh; coordinates/attributes vintage differs
FL36017,old_manifest_vintage,INFO,completed before the a85ef3d2 live-NID manifest refresh; coordinates/attributes vintage differs
FL36018,old_manifest_vintage,INFO,completed before the a85ef3d2 live-NID manifest refresh; coordinates/attributes vintage differs
FL36019,old_manifest_vintage,INFO,completed before the a85ef3d2 live-NID manifest refresh; coordinates/attributes vintage differs
GA00820,old_manifest_vintage,INFO,completed before the a85ef3d2 live-NID manifest refresh; coordinates/attributes vintage differs
GA00821,old_manifest_vintage,INFO,completed before the a85ef3d2 live-NID manifest refresh; coordinates/attributes vintage differs
GA00824,old_manifest_vintage,INFO,completed before the a85ef3d2 live-NID manifest refresh; coordinates/attributes vintage differs
GA00836,old_manifest_vintage,INFO,completed before the a85ef3d2 live-NID manifest refresh; coordinates/attributes vintage differs
GA00847,old_manifest_vintage,INFO,completed before the a85ef3d2 live-NID manifest refresh; coordinates/attributes vintage differs
GA01701,old_manifest_vintage,INFO,completed before the a85ef3d2 live-NID manifest refresh; coordinates/attributes vintage differs
GA01702,old_manifest_vintage,INFO,completed before the a85ef3d2 live-NID manifest refresh; coordinates/attributes vintage differs
GA01705,old_manifest_vintage,INFO,completed before the a85ef3d2 live-NID manifest refresh; coordinates/attributes vintage differs
GA03742,old_manifest_vintage,INFO,completed before the a85ef3d2 live-NID manifest refresh; coordinates/attributes vintage differs
GA11101,old_manifest_vintage,INFO,completed before the a85ef3d2 live-NID manifest refresh; coordinates/attributes vintage differs
GA29101,old_manifest_vintage,INFO,completed before the a85ef3d2 live-NID manifest refresh; coordinates/attributes vintage differs
IA00012,old_manifest_vintage,INFO,completed before the a85ef3d2 live-NID manifest refresh; coordinates/attributes vintage differs
IA00016,old_manifest_vintage,INFO,completed before the a85ef3d2 live-NID manifest refresh; coordinates/attributes vintage differs
IA00017,old_manifest_vintage,INFO,completed before the a85ef3d2 live-NID manifest refresh; coordinates/attributes vintage differs
ID00039,old_manifest_vintage,INFO,completed before the a85ef3d2 live-NID manifest refresh; coordinates/attributes vintage differs
ID00044,old_manifest_vintage,INFO,completed before the a85ef3d2 live-NID manifest refresh; coordinates/attributes vintage differs
ID00054,old_manifest_vintage,INFO,completed before the a85ef3d2 live-NID manifest refresh; coordinates/attributes vintage differs
ID00055,old_manifest_vintage,INFO,completed before the a85ef3d2 live-NID manifest refresh; coordinates/attributes vintage differs
ID00056,old_manifest_vintage,INFO,completed before the a85ef3d2 live-NID manifest refresh; coordinates/attributes vintage differs
ID00204,old_manifest_vintage,INFO,completed before the a85ef3d2 live-NID manifest refresh; coordinates/attributes vintage differs
ID00220,old_manifest_vintage,INFO,completed before the a85ef3d2 live-NID manifest refresh; coordinates/attributes vintage differs
ID00222,old_manifest_vintage,INFO,completed before the a85ef3d2 live-NID manifest refresh; coordinates/attributes vintage differs
ID00244,old_manifest_vintage,INFO,completed before the a85ef3d2 live-NID manifest refresh; coordinates/attributes vintage differs
ID00266,old_manifest_vintage,INFO,completed before the a85ef3d2 live-NID manifest refresh; coordinates/attributes vintage differs
ID00272,old_manifest_vintage,INFO,completed before the a85ef3d2 live-NID manifest refresh; coordinates/attributes vintage differs
ID00273,old_manifest_vintage,INFO,completed before the a85ef3d2 live-NID manifest refresh; coordinates/attributes vintage differs
ID00274,old_manifest_vintage,INFO,completed before the a85ef3d2 live-NID manifest refresh; coordinates/attributes vintage differs
ID00275,old_manifest_vintage,INFO,completed before the a85ef3d2 live-NID manifest refresh; coordinates/attributes vintage differs
ID00278,old_manifest_vintage,INFO,completed before the a85ef3d2 live-NID manifest refresh; coordinates/attributes vintage differs
ID00279,old_manifest_vintage,INFO,completed before the a85ef3d2 live-NID manifest refresh; coordinates/attributes vintage differs
ID00280,old_manifest_vintage,INFO,completed before the a85ef3d2 live-NID manifest refresh; coordinates/attributes vintage differs
ID00283,old_manifest_vintage,INFO,completed before the a85ef3d2 live-NID manifest refresh; coordinates/attributes vintage differs
ID00284,old_manifest_vintage,INFO,completed before the a85ef3d2 live-NID manifest refresh; coordinates/attributes vintage differs
ID00287,old_manifest_vintage,INFO,completed before the a85ef3d2 live-NID manifest refresh; coordinates/attributes vintage differs
ID00288,old_manifest_vintage,INFO,completed before the a85ef3d2 live-NID manifest refresh; coordinates/attributes vintage differs
ID00318,old_manifest_vintage,INFO,completed before the a85ef3d2 live-NID manifest refresh; coordinates/attributes vintage differs
ID00319,old_manifest_vintage,INFO,completed before the a85ef3d2 live-NID manifest refresh; coordinates/attributes vintage differs
ID00344,old_manifest_vintage,INFO,completed before the a85ef3d2 live-NID manifest refresh; coordinates/attributes vintage differs
ID00448,old_manifest_vintage,INFO,completed before the a85ef3d2 live-NID manifest refresh; coordinates/attributes vintage differs
ID83001,old_manifest_vintage,INFO,completed before the a85ef3d2 live-NID manifest refresh; coordinates/attributes vintage differs
ID83002,old_manifest_vintage,INFO,completed before the a85ef3d2 live-NID manifest refresh; coordinates/attributes vintage differs
ID83065,old_manifest_vintage,INFO,completed before the a85ef3d2 live-NID manifest refresh; coordinates/attributes vintage differs
IL00117,old_manifest_vintage,INFO,completed before the a85ef3d2 live-NID manifest refresh; coordinates/attributes vintage differs
IL00118,old_manifest_vintage,INFO,completed before the a85ef3d2 live-NID manifest refresh; coordinates/attributes vintage differs
IL01238,old_manifest_vintage,INFO,completed before the a85ef3d2 live-NID manifest refresh; coordinates/attributes vintage differs
IL55094,old_manifest_vintage,INFO,completed before the a85ef3d2 live-NID manifest refresh; coordinates/attributes vintage differs
IN03001,old_manifest_vintage,INFO,completed before the a85ef3d2 live-NID manifest refresh; coordinates/attributes vintage differs
IN03004,old_manifest_vintage,INFO,completed before the a85ef3d2 live-NID manifest refresh; coordinates/attributes vintage differs
IN03018,old_manifest_vintage,INFO,completed before the a85ef3d2 live-NID manifest refresh; coordinates/attributes vintage differs
KS00001,old_manifest_vintage,INFO,completed before the a85ef3d2 live-NID manifest refresh; coordinates/attributes vintage differs
KS00004,old_manifest_vintage,INFO,completed before the a85ef3d2 live-NID manifest refresh; coordinates/attributes vintage differs
KS00005,old_manifest_vintage,INFO,completed before the a85ef3d2 live-NID manifest refresh; coordinates/attributes vintage differs
KS00007,old_manifest_vintage,INFO,completed before the a85ef3d2 live-NID manifest refresh; coordinates/attributes vintage differs
KS00008,old_manifest_vintage,INFO,completed before the a85ef3d2 live-NID manifest refresh; coordinates/attributes vintage differs
KS00009,old_manifest_vintage,INFO,completed before the a85ef3d2 live-NID manifest refresh; coordinates/attributes vintage differs
KS00011,old_manifest_vintage,INFO,completed before the a85ef3d2 live-NID manifest refresh; coordinates/attributes vintage differs
KS00012,old_manifest_vintage,INFO,completed before the a85ef3d2 live-NID manifest refresh; coordinates/attributes vintage differs
KS00013,old_manifest_vintage,INFO,completed before the a85ef3d2 live-NID manifest refresh; coordinates/attributes vintage differs
KS00017,old_manifest_vintage,INFO,completed before the a85ef3d2 live-NID manifest refresh; coordinates/attributes vintage differs
KS00019,old_manifest_vintage,INFO,completed before the a85ef3d2 live-NID manifest refresh; coordinates/attributes vintage differs
KS00021,old_manifest_vintage,INFO,completed before the a85ef3d2 live-NID manifest refresh; coordinates/attributes vintage differs
KS00022,old_manifest_vintage,INFO,completed before the a85ef3d2 live-NID manifest refresh; coordinates/attributes vintage differs
KS00023,old_manifest_vintage,INFO,completed before the a85ef3d2 live-NID manifest refresh; coordinates/attributes vintage differs
KS00024,old_manifest_vintage,INFO,completed before the a85ef3d2 live-NID manifest refresh; coordinates/attributes vintage differs
KS00025,old_manifest_vintage,INFO,completed before the a85ef3d2 live-NID manifest refresh; coordinates/attributes vintage differs
KS00026,old_manifest_vintage,INFO,completed before the a85ef3d2 live-NID manifest refresh; coordinates/attributes vintage differs
KY03001,old_manifest_vintage,INFO,completed before the a85ef3d2 live-NID manifest refresh; coordinates/attributes vintage differs
KY03011,old_manifest_vintage,INFO,completed before the a85ef3d2 live-NID manifest refresh; coordinates/attributes vintage differs
KY03012,old_manifest_vintage,INFO,completed before the a85ef3d2 live-NID manifest refresh; coordinates/attributes vintage differs
KY03027,old_manifest_vintage,INFO,completed before the a85ef3d2 live-NID manifest refresh; coordinates/attributes vintage differs
KY03028,old_manifest_vintage,INFO,completed before the a85ef3d2 live-NID manifest refresh; coordinates/attributes vintage differs
KY03029,old_manifest_vintage,INFO,completed before the a85ef3d2 live-NID manifest refresh; coordinates/attributes vintage differs
KY03030,old_manifest_vintage,INFO,completed before the a85ef3d2 live-NID manifest refresh; coordinates/attributes vintage differs
KY03032,old_manifest_vintage,INFO,completed before the a85ef3d2 live-NID manifest refresh; coordinates/attributes vintage differs
KY03033,old_manifest_vintage,INFO,completed before the a85ef3d2 live-NID manifest refresh; coordinates/attributes vintage differs
KY03034,old_manifest_vintage,INFO,completed before the a85ef3d2 live-NID manifest refresh; coordinates/attributes vintage differs
KY03041,old_manifest_vintage,INFO,completed before the a85ef3d2 live-NID manifest refresh; coordinates/attributes vintage differs
KY03042,old_manifest_vintage,INFO,completed before the a85ef3d2 live-NID manifest refresh; coordinates/attributes vintage differs
KY03046,old_manifest_vintage,INFO,completed before the a85ef3d2 live-NID manifest refresh; coordinates/attributes vintage differs
KY03058,old_manifest_vintage,INFO,completed before the a85ef3d2 live-NID manifest refresh; coordinates/attributes vintage differs
KY03059,old_manifest_vintage,INFO,completed before the a85ef3d2 live-NID manifest refresh; coordinates/attributes vintage differs
KY03060,old_manifest_vintage,INFO,completed before the a85ef3d2 live-NID manifest refresh; coordinates/attributes vintage differs
KY15701,old_manifest_vintage,INFO,completed before the a85ef3d2 live-NID manifest refresh; coordinates/attributes vintage differs
LA00002,old_manifest_vintage,INFO,completed before the a85ef3d2 live-NID manifest refresh; coordinates/attributes vintage differs
LA00030,old_manifest_vintage,INFO,completed before the a85ef3d2 live-NID manifest refresh; coordinates/attributes vintage differs
LA00179,old_manifest_vintage,INFO,completed before the a85ef3d2 live-NID manifest refresh; coordinates/attributes vintage differs
LA00181,old_manifest_vintage,INFO,completed before the a85ef3d2 live-NID manifest refresh; coordinates/attributes vintage differs
LA00386,old_manifest_vintage,INFO,completed before the a85ef3d2 live-NID manifest refresh; coordinates/attributes vintage differs
MA00068,old_manifest_vintage,INFO,completed before the a85ef3d2 live-NID manifest refresh; coordinates/attributes vintage differs
MA00588,old_manifest_vintage,INFO,completed before the a85ef3d2 live-NID manifest refresh; coordinates/attributes vintage differs
MA00589,old_manifest_vintage,INFO,completed before the a85ef3d2 live-NID manifest refresh; coordinates/attributes vintage differs
MD00004,old_manifest_vintage,INFO,completed before the a85ef3d2 live-NID manifest refresh; coordinates/attributes vintage differs
MD00078,old_manifest_vintage,INFO,completed before the a85ef3d2 live-NID manifest refresh; coordinates/attributes vintage differs
MD00097,old_manifest_vintage,INFO,completed before the a85ef3d2 live-NID manifest refresh; coordinates/attributes vintage differs
ME00091,old_manifest_vintage,INFO,completed before the a85ef3d2 live-NID manifest refresh; coordinates/attributes vintage differs
ME00237,old_manifest_vintage,INFO,completed before the a85ef3d2 live-NID manifest refresh; coordinates/attributes vintage differs
MI00650,old_manifest_vintage,INFO,completed before the a85ef3d2 live-NID manifest refresh; coordinates/attributes vintage differs
MN00076,old_manifest_vintage,INFO,completed before the a85ef3d2 live-NID manifest refresh; coordinates/attributes vintage differs
MN00209,old_manifest_vintage,INFO,completed before the a85ef3d2 live-NID manifest refresh; coordinates/attributes vintage differs
MN00573,old_manifest_vintage,INFO,completed before the a85ef3d2 live-NID manifest refresh; coordinates/attributes vintage differs
MN00585,old_manifest_vintage,INFO,completed before the a85ef3d2 live-NID manifest refresh; coordinates/attributes vintage differs
MN00586,old_manifest_vintage,INFO,completed before the a85ef3d2 live-NID manifest refresh; coordinates/attributes vintage differs
MN00594,old_manifest_vintage,INFO,completed before the a85ef3d2 live-NID manifest refresh; coordinates/attributes vintage differs
MN00595,old_manifest_vintage,INFO,completed before the a85ef3d2 live-NID manifest refresh; coordinates/attributes vintage differs
MN00653,old_manifest_vintage,INFO,completed before the a85ef3d2 live-NID manifest refresh; coordinates/attributes vintage differs
MO20725,old_manifest_vintage,INFO,completed before the a85ef3d2 live-NID manifest refresh; coordinates/attributes vintage differs
MO30014,old_manifest_vintage,INFO,completed before the a85ef3d2 live-NID manifest refresh; coordinates/attributes vintage differs
MO30200,old_manifest_vintage,INFO,completed before the a85ef3d2 live-NID manifest refresh; coordinates/attributes vintage differs
MO30201,old_manifest_vintage,INFO,completed before the a85ef3d2 live-NID manifest refresh; coordinates/attributes vintage differs
MO30202,old_manifest_vintage,INFO,completed before the a85ef3d2 live-NID manifest refresh; coordinates/attributes vintage differs
MO30203,old_manifest_vintage,INFO,completed before the a85ef3d2 live-NID manifest refresh; coordinates/attributes vintage differs
MO30204,old_manifest_vintage,INFO,completed before the a85ef3d2 live-NID manifest refresh; coordinates/attributes vintage differs
MO82201,old_manifest_vintage,INFO,completed before the a85ef3d2 live-NID manifest refresh; coordinates/attributes vintage differs
MS01493,old_manifest_vintage,INFO,completed before the a85ef3d2 live-NID manifest refresh; coordinates/attributes vintage differs
MS01494,old_manifest_vintage,INFO,completed before the a85ef3d2 live-NID manifest refresh; coordinates/attributes vintage differs
MS01496,old_manifest_vintage,INFO,completed before the a85ef3d2 live-NID manifest refresh; coordinates/attributes vintage differs
MS02716,old_manifest_vintage,INFO,completed before the a85ef3d2 live-NID manifest refresh; coordinates/attributes vintage differs
MT00002,old_manifest_vintage,INFO,completed before the a85ef3d2 live-NID manifest refresh; coordinates/attributes vintage differs
MT00011,old_manifest_vintage,INFO,completed before the a85ef3d2 live-NID manifest refresh; coordinates/attributes vintage differs
MT00025,old_manifest_vintage,INFO,completed before the a85ef3d2 live-NID manifest refresh; coordinates/attributes vintage differs
MT00134,old_manifest_vintage,INFO,completed before the a85ef3d2 live-NID manifest refresh; coordinates/attributes vintage differs
MT00223,old_manifest_vintage,INFO,completed before the a85ef3d2 live-NID manifest refresh; coordinates/attributes vintage differs
MT00226,old_manifest_vintage,INFO,completed before the a85ef3d2 live-NID manifest refresh; coordinates/attributes vintage differs
MT00559,old_manifest_vintage,INFO,completed before the a85ef3d2 live-NID manifest refresh; coordinates/attributes vintage differs
MT00560,old_manifest_vintage,INFO,completed before the a85ef3d2 live-NID manifest refresh; coordinates/attributes vintage differs
MT00565,old_manifest_vintage,INFO,completed before the a85ef3d2 live-NID manifest refresh; coordinates/attributes vintage differs
MT00568,old_manifest_vintage,INFO,completed before the a85ef3d2 live-NID manifest refresh; coordinates/attributes vintage differs
MT00569,old_manifest_vintage,INFO,completed before the a85ef3d2 live-NID manifest refresh; coordinates/attributes vintage differs
MT00570,old_manifest_vintage,INFO,completed before the a85ef3d2 live-NID manifest refresh; coordinates/attributes vintage differs
MT00571,old_manifest_vintage,INFO,completed before the a85ef3d2 live-NID manifest refresh; coordinates/attributes vintage differs
MT00572,old_manifest_vintage,INFO,completed before the a85ef3d2 live-NID manifest refresh; coordinates/attributes vintage differs
MT00579,old_manifest_vintage,INFO,completed before the a85ef3d2 live-NID manifest refresh; coordinates/attributes vintage differs
MT00652,old_manifest_vintage,INFO,completed before the a85ef3d2 live-NID manifest refresh; coordinates/attributes vintage differs
MT00905,old_manifest_vintage,INFO,completed before the a85ef3d2 live-NID manifest refresh; coordinates/attributes vintage differs
MT01125,old_manifest_vintage,INFO,completed before the a85ef3d2 live-NID manifest refresh; coordinates/attributes vintage differs
MT01356,old_manifest_vintage,INFO,completed before the a85ef3d2 live-NID manifest refresh; coordinates/attributes vintage differs
MT01484,old_manifest_vintage,INFO,completed before the a85ef3d2 live-NID manifest refresh; coordinates/attributes vintage differs
NC00132,old_manifest_vintage,INFO,completed before the a85ef3d2 live-NID manifest refresh; coordinates/attributes vintage differs
NC00141,old_manifest_vintage,INFO,completed before the a85ef3d2 live-NID manifest refresh; coordinates/attributes vintage differs
NC00298,old_manifest_vintage,INFO,completed before the a85ef3d2 live-NID manifest refresh; coordinates/attributes vintage differs
NC00300,old_manifest_vintage,INFO,completed before the a85ef3d2 live-NID manifest refresh; coordinates/attributes vintage differs
NC00329,old_manifest_vintage,INFO,completed before the a85ef3d2 live-NID manifest refresh; coordinates/attributes vintage differs
NC00371,old_manifest_vintage,INFO,completed before the a85ef3d2 live-NID manifest refresh; coordinates/attributes vintage differs
NC00375,old_manifest_vintage,INFO,completed before the a85ef3d2 live-NID manifest refresh; coordinates/attributes vintage differs
NC00388,old_manifest_vintage,INFO,completed before the a85ef3d2 live-NID manifest refresh; coordinates/attributes vintage differs
NC00391,old_manifest_vintage,INFO,completed before the a85ef3d2 live-NID manifest refresh; coordinates/attributes vintage differs
NC00392,old_manifest_vintage,INFO,completed before the a85ef3d2 live-NID manifest refresh; coordinates/attributes vintage differs
NC00419,old_manifest_vintage,INFO,completed before the a85ef3d2 live-NID manifest refresh; coordinates/attributes vintage differs
NC00547,old_manifest_vintage,INFO,completed before the a85ef3d2 live-NID manifest refresh; coordinates/attributes vintage differs
NC00549,old_manifest_vintage,INFO,completed before the a85ef3d2 live-NID manifest refresh; coordinates/attributes vintage differs
NC00826,old_manifest_vintage,INFO,completed before the a85ef3d2 live-NID manifest refresh; coordinates/attributes vintage differs
NC01713,old_manifest_vintage,INFO,completed before the a85ef3d2 live-NID manifest refresh; coordinates/attributes vintage differs
ND00146,old_manifest_vintage,INFO,completed before the a85ef3d2 live-NID manifest refresh; coordinates/attributes vintage differs
ND00147,old_manifest_vintage,INFO,completed before the a85ef3d2 live-NID manifest refresh; coordinates/attributes vintage differs
ND00151,old_manifest_vintage,INFO,completed before the a85ef3d2 live-NID manifest refresh; coordinates/attributes vintage differs
ND00309,old_manifest_vintage,INFO,completed before the a85ef3d2 live-NID manifest refresh; coordinates/attributes vintage differs
ND00332,old_manifest_vintage,INFO,completed before the a85ef3d2 live-NID manifest refresh; coordinates/attributes vintage differs
ND00990,old_manifest_vintage,INFO,completed before the a85ef3d2 live-NID manifest refresh; coordinates/attributes vintage differs
NE01048,old_manifest_vintage,INFO,completed before the a85ef3d2 live-NID manifest refresh; coordinates/attributes vintage differs
NE01063,old_manifest_vintage,INFO,completed before the a85ef3d2 live-NID manifest refresh; coordinates/attributes vintage differs
NE01066,old_manifest_vintage,INFO,completed before the a85ef3d2 live-NID manifest refresh; coordinates/attributes vintage differs
NE01070,old_manifest_vintage,INFO,completed before the a85ef3d2 live-NID manifest refresh; coordinates/attributes vintage differs
NE01073,old_manifest_vintage,INFO,completed before the a85ef3d2 live-NID manifest refresh; coordinates/attributes vintage differs
NE01076,old_manifest_vintage,INFO,completed before the a85ef3d2 live-NID manifest refresh; coordinates/attributes vintage differs
NE01077,old_manifest_vintage,INFO,completed before the a85ef3d2 live-NID manifest refresh; coordinates/attributes vintage differs
NE01078,old_manifest_vintage,INFO,completed before the a85ef3d2 live-NID manifest refresh; coordinates/attributes vintage differs
NE02287,old_manifest_vintage,INFO,completed before the a85ef3d2 live-NID manifest refresh; coordinates/attributes vintage differs
NE05050,old_manifest_vintage,INFO,completed before the a85ef3d2 live-NID manifest refresh; coordinates/attributes vintage differs
NH00001,old_manifest_vintage,INFO,completed before the a85ef3d2 live-NID manifest refresh; coordinates/attributes vintage differs
NH00002,old_manifest_vintage,INFO,completed before the a85ef3d2 live-NID manifest refresh; coordinates/attributes vintage differs
NH00003,old_manifest_vintage,INFO,completed before the a85ef3d2 live-NID manifest refresh; coordinates/attributes vintage differs
NH00004,old_manifest_vintage,INFO,completed before the a85ef3d2 live-NID manifest refresh; coordinates/attributes vintage differs
NH00216,old_manifest_vintage,INFO,completed before the a85ef3d2 live-NID manifest refresh; coordinates/attributes vintage differs
NH00414,old_manifest_vintage,INFO,completed before the a85ef3d2 live-NID manifest refresh; coordinates/attributes vintage differs
NM00001,old_manifest_vintage,INFO,completed before the a85ef3d2 live-NID manifest refresh; coordinates/attributes vintage differs
NM00002,old_manifest_vintage,INFO,completed before the a85ef3d2 live-NID manifest refresh; coordinates/attributes vintage differs
NM00003,old_manifest_vintage,INFO,completed before the a85ef3d2 live-NID manifest refresh; coordinates/attributes vintage differs
NM00004,old_manifest_vintage,INFO,completed before the a85ef3d2 live-NID manifest refresh; coordinates/attributes vintage differs
NM00006,old_manifest_vintage,INFO,completed before the a85ef3d2 live-NID manifest refresh; coordinates/attributes vintage differs
NM00120,old_manifest_vintage,INFO,completed before the a85ef3d2 live-NID manifest refresh; coordinates/attributes vintage differs
NM00122,old_manifest_vintage,INFO,completed before the a85ef3d2 live-NID manifest refresh; coordinates/attributes vintage differs
NM00129,old_manifest_vintage,INFO,completed before the a85ef3d2 live-NID manifest refresh; coordinates/attributes vintage differs
NM00130,old_manifest_vintage,INFO,completed before the a85ef3d2 live-NID manifest refresh; coordinates/attributes vintage differs
NM00131,old_manifest_vintage,INFO,completed before the a85ef3d2 live-NID manifest refresh; coordinates/attributes vintage differs
NM00158,old_manifest_vintage,INFO,completed before the a85ef3d2 live-NID manifest refresh; coordinates/attributes vintage differs
NM00293,old_manifest_vintage,INFO,completed before the a85ef3d2 live-NID manifest refresh; coordinates/attributes vintage differs
NM00351,old_manifest_vintage,INFO,completed before the a85ef3d2 live-NID manifest refresh; coordinates/attributes vintage differs
NM00404,old_manifest_vintage,INFO,completed before the a85ef3d2 live-NID manifest refresh; coordinates/attributes vintage differs
NM00500,old_manifest_vintage,INFO,completed before the a85ef3d2 live-NID manifest refresh; coordinates/attributes vintage differs
NM00505,old_manifest_vintage,INFO,completed before the a85ef3d2 live-NID manifest refresh; coordinates/attributes vintage differs
NM10008,old_manifest_vintage,INFO,completed before the a85ef3d2 live-NID manifest refresh; coordinates/attributes vintage differs
NV10119,old_manifest_vintage,INFO,completed before the a85ef3d2 live-NID manifest refresh; coordinates/attributes vintage differs
NV10122,old_manifest_vintage,INFO,completed before the a85ef3d2 live-NID manifest refresh; coordinates/attributes vintage differs
NV10124,old_manifest_vintage,INFO,completed before the a85ef3d2 live-NID manifest refresh; coordinates/attributes vintage differs
NY00041,old_manifest_vintage,INFO,completed before the a85ef3d2 live-NID manifest refresh; coordinates/attributes vintage differs
NY00146,old_manifest_vintage,INFO,completed before the a85ef3d2 live-NID manifest refresh; coordinates/attributes vintage differs
NY00176,old_manifest_vintage,INFO,completed before the a85ef3d2 live-NID manifest refresh; coordinates/attributes vintage differs
NY00342,old_manifest_vintage,INFO,completed before the a85ef3d2 live-NID manifest refresh; coordinates/attributes vintage differs
NY00348,old_manifest_vintage,INFO,completed before the a85ef3d2 live-NID manifest refresh; coordinates/attributes vintage differs
NY00361,old_manifest_vintage,INFO,completed before the a85ef3d2 live-NID manifest refresh; coordinates/attributes vintage differs
NY00390,old_manifest_vintage,INFO,completed before the a85ef3d2 live-NID manifest refresh; coordinates/attributes vintage differs
NY00414,old_manifest_vintage,INFO,completed before the a85ef3d2 live-NID manifest refresh; coordinates/attributes vintage differs
NY00416,old_manifest_vintage,INFO,completed before the a85ef3d2 live-NID manifest refresh; coordinates/attributes vintage differs
NY00468,old_manifest_vintage,INFO,completed before the a85ef3d2 live-NID manifest refresh; coordinates/attributes vintage differs
NY00542,old_manifest_vintage,INFO,completed before the a85ef3d2 live-NID manifest refresh; coordinates/attributes vintage differs
NY00709,old_manifest_vintage,INFO,completed before the a85ef3d2 live-NID manifest refresh; coordinates/attributes vintage differs
NY00712,old_manifest_vintage,INFO,completed before the a85ef3d2 live-NID manifest refresh; coordinates/attributes vintage differs
NY00750,old_manifest_vintage,INFO,completed before the a85ef3d2 live-NID manifest refresh; coordinates/attributes vintage differs
NY01055,old_manifest_vintage,INFO,completed before the a85ef3d2 live-NID manifest refresh; coordinates/attributes vintage differs
OH00016,old_manifest_vintage,INFO,completed before the a85ef3d2 live-NID manifest refresh; coordinates/attributes vintage differs
OH00426,old_manifest_vintage,INFO,completed before the a85ef3d2 live-NID manifest refresh; coordinates/attributes vintage differs
OH00427,old_manifest_vintage,INFO,completed before the a85ef3d2 live-NID manifest refresh; coordinates/attributes vintage differs
OH00431,old_manifest_vintage,INFO,completed before the a85ef3d2 live-NID manifest refresh; coordinates/attributes vintage differs
OK00135,old_manifest_vintage,INFO,completed before the a85ef3d2 live-NID manifest refresh; coordinates/attributes vintage differs
OK00452,old_manifest_vintage,INFO,completed before the a85ef3d2 live-NID manifest refresh; coordinates/attributes vintage differs
OK02500,old_manifest_vintage,INFO,completed before the a85ef3d2 live-NID manifest refresh; coordinates/attributes vintage differs
OK02502,old_manifest_vintage,INFO,completed before the a85ef3d2 live-NID manifest refresh; coordinates/attributes vintage differs
OK02503,old_manifest_vintage,INFO,completed before the a85ef3d2 live-NID manifest refresh; coordinates/attributes vintage differs
OK02504,old_manifest_vintage,INFO,completed before the a85ef3d2 live-NID manifest refresh; coordinates/attributes vintage differs
OK10301,old_manifest_vintage,INFO,completed before the a85ef3d2 live-NID manifest refresh; coordinates/attributes vintage differs
OK10304,old_manifest_vintage,INFO,completed before the a85ef3d2 live-NID manifest refresh; coordinates/attributes vintage differs
OK10309,old_manifest_vintage,INFO,completed before the a85ef3d2 live-NID manifest refresh; coordinates/attributes vintage differs
OK10310,old_manifest_vintage,INFO,completed before the a85ef3d2 live-NID manifest refresh; coordinates/attributes vintage differs
OK10311,old_manifest_vintage,INFO,completed before the a85ef3d2 live-NID manifest refresh; coordinates/attributes vintage differs
OK10312,old_manifest_vintage,INFO,completed before the a85ef3d2 live-NID manifest refresh; coordinates/attributes vintage differs
OK10315,old_manifest_vintage,INFO,completed before the a85ef3d2 live-NID manifest refresh; coordinates/attributes vintage differs
OK10316,old_manifest_vintage,INFO,completed before the a85ef3d2 live-NID manifest refresh; coordinates/attributes vintage differs
OK10318,old_manifest_vintage,INFO,completed before the a85ef3d2 live-NID manifest refresh; coordinates/attributes vintage differs
OK10319,old_manifest_vintage,INFO,completed before the a85ef3d2 live-NID manifest refresh; coordinates/attributes vintage differs
OK11026,old_manifest_vintage,INFO,completed before the a85ef3d2 live-NID manifest refresh; coordinates/attributes vintage differs
OK11103,old_manifest_vintage,INFO,completed before the a85ef3d2 live-NID manifest refresh; coordinates/attributes vintage differs
OK20509,old_manifest_vintage,INFO,completed before the a85ef3d2 live-NID manifest refresh; coordinates/attributes vintage differs
OK20510,old_manifest_vintage,INFO,completed before the a85ef3d2 live-NID manifest refresh; coordinates/attributes vintage differs
OK21489,old_manifest_vintage,INFO,completed before the a85ef3d2 live-NID manifest refresh; coordinates/attributes vintage differs
OK22200,old_manifest_vintage,INFO,completed before the a85ef3d2 live-NID manifest refresh; coordinates/attributes vintage differs
OK22203,old_manifest_vintage,INFO,completed before the a85ef3d2 live-NID manifest refresh; coordinates/attributes vintage differs
OK83001,old_manifest_vintage,INFO,completed before the a85ef3d2 live-NID manifest refresh; coordinates/attributes vintage differs
OR00001,old_manifest_vintage,INFO,completed before the a85ef3d2 live-NID manifest refresh; coordinates/attributes vintage differs
OR00002,old_manifest_vintage,INFO,completed before the a85ef3d2 live-NID manifest refresh; coordinates/attributes vintage differs
OR00004,old_manifest_vintage,INFO,completed before the a85ef3d2 live-NID manifest refresh; coordinates/attributes vintage differs
OR00007,old_manifest_vintage,INFO,completed before the a85ef3d2 live-NID manifest refresh; coordinates/attributes vintage differs
OR00008,old_manifest_vintage,INFO,completed before the a85ef3d2 live-NID manifest refresh; coordinates/attributes vintage differs
OR00009,old_manifest_vintage,INFO,completed before the a85ef3d2 live-NID manifest refresh; coordinates/attributes vintage differs
OR00010,old_manifest_vintage,INFO,completed before the a85ef3d2 live-NID manifest refresh; coordinates/attributes vintage differs
OR00011,old_manifest_vintage,INFO,completed before the a85ef3d2 live-NID manifest refresh; coordinates/attributes vintage differs
OR00014,old_manifest_vintage,INFO,completed before the a85ef3d2 live-NID manifest refresh; coordinates/attributes vintage differs
OR00015,old_manifest_vintage,INFO,completed before the a85ef3d2 live-NID manifest refresh; coordinates/attributes vintage differs
OR00016,old_manifest_vintage,INFO,completed before the a85ef3d2 live-NID manifest refresh; coordinates/attributes vintage differs
OR00082,old_manifest_vintage,INFO,completed before the a85ef3d2 live-NID manifest refresh; coordinates/attributes vintage differs
OR00250,old_manifest_vintage,INFO,completed before the a85ef3d2 live-NID manifest refresh; coordinates/attributes vintage differs
OR00276,old_manifest_vintage,INFO,completed before the a85ef3d2 live-NID manifest refresh; coordinates/attributes vintage differs
OR00381,old_manifest_vintage,INFO,completed before the a85ef3d2 live-NID manifest refresh; coordinates/attributes vintage differs
OR00549,old_manifest_vintage,INFO,completed before the a85ef3d2 live-NID manifest refresh; coordinates/attributes vintage differs
OR00557,old_manifest_vintage,INFO,completed before the a85ef3d2 live-NID manifest refresh; coordinates/attributes vintage differs
OR00577,old_manifest_vintage,INFO,completed before the a85ef3d2 live-NID manifest refresh; coordinates/attributes vintage differs
OR00579,old_manifest_vintage,INFO,completed before the a85ef3d2 live-NID manifest refresh; coordinates/attributes vintage differs
OR00581,old_manifest_vintage,INFO,completed before the a85ef3d2 live-NID manifest refresh; coordinates/attributes vintage differs
OR00582,old_manifest_vintage,INFO,completed before the a85ef3d2 live-NID manifest refresh; coordinates/attributes vintage differs
OR00584,old_manifest_vintage,INFO,completed before the a85ef3d2 live-NID manifest refresh; coordinates/attributes vintage differs
OR00612,old_manifest_vintage,INFO,completed before the a85ef3d2 live-NID manifest refresh; coordinates/attributes vintage differs
OR00619,old_manifest_vintage,INFO,completed before the a85ef3d2 live-NID manifest refresh; coordinates/attributes vintage differs
OR00624,old_manifest_vintage,INFO,completed before the a85ef3d2 live-NID manifest refresh; coordinates/attributes vintage differs
OR00704,old_manifest_vintage,INFO,completed before the a85ef3d2 live-NID manifest refresh; coordinates/attributes vintage differs
OR00748,old_manifest_vintage,INFO,completed before the a85ef3d2 live-NID manifest refresh; coordinates/attributes vintage differs
OR10022,old_manifest_vintage,INFO,completed before the a85ef3d2 live-NID manifest refresh; coordinates/attributes vintage differs
OR83046,old_manifest_vintage,INFO,completed before the a85ef3d2 live-NID manifest refresh; coordinates/attributes vintage differs
PA00002,old_manifest_vintage,INFO,completed before the a85ef3d2 live-NID manifest refresh; coordinates/attributes vintage differs
PA00003,old_manifest_vintage,INFO,completed before the a85ef3d2 live-NID manifest refresh; coordinates/attributes vintage differs
PA00004,old_manifest_vintage,INFO,completed before the a85ef3d2 live-NID manifest refresh; coordinates/attributes vintage differs
PA00005,old_manifest_vintage,INFO,completed before the a85ef3d2 live-NID manifest refresh; coordinates/attributes vintage differs
PA00101,old_manifest_vintage,INFO,completed before the a85ef3d2 live-NID manifest refresh; coordinates/attributes vintage differs
PA00102,old_manifest_vintage,INFO,completed before the a85ef3d2 live-NID manifest refresh; coordinates/attributes vintage differs
PA00103,old_manifest_vintage,INFO,completed before the a85ef3d2 live-NID manifest refresh; coordinates/attributes vintage differs
PA00104,old_manifest_vintage,INFO,completed before the a85ef3d2 live-NID manifest refresh; coordinates/attributes vintage differs
PA00105,old_manifest_vintage,INFO,completed before the a85ef3d2 live-NID manifest refresh; coordinates/attributes vintage differs
PA00107,old_manifest_vintage,INFO,completed before the a85ef3d2 live-NID manifest refresh; coordinates/attributes vintage differs
PA00109,old_manifest_vintage,INFO,completed before the a85ef3d2 live-NID manifest refresh; coordinates/attributes vintage differs
PA00110,old_manifest_vintage,INFO,completed before the a85ef3d2 live-NID manifest refresh; coordinates/attributes vintage differs
PA00111,old_manifest_vintage,INFO,completed before the a85ef3d2 live-NID manifest refresh; coordinates/attributes vintage differs
PA00273,old_manifest_vintage,INFO,completed before the a85ef3d2 live-NID manifest refresh; coordinates/attributes vintage differs
PA00302,old_manifest_vintage,INFO,completed before the a85ef3d2 live-NID manifest refresh; coordinates/attributes vintage differs
PA00914,old_manifest_vintage,INFO,completed before the a85ef3d2 live-NID manifest refresh; coordinates/attributes vintage differs
PA01132,old_manifest_vintage,INFO,completed before the a85ef3d2 live-NID manifest refresh; coordinates/attributes vintage differs
PA01133,old_manifest_vintage,INFO,completed before the a85ef3d2 live-NID manifest refresh; coordinates/attributes vintage differs
PA01134,old_manifest_vintage,INFO,completed before the a85ef3d2 live-NID manifest refresh; coordinates/attributes vintage differs
SC00025,old_manifest_vintage,INFO,completed before the a85ef3d2 live-NID manifest refresh; coordinates/attributes vintage differs
SC00109,old_manifest_vintage,INFO,completed before the a85ef3d2 live-NID manifest refresh; coordinates/attributes vintage differs
SC00529,old_manifest_vintage,INFO,completed before the a85ef3d2 live-NID manifest refresh; coordinates/attributes vintage differs
SC00685,old_manifest_vintage,INFO,completed before the a85ef3d2 live-NID manifest refresh; coordinates/attributes vintage differs
SC00706,old_manifest_vintage,INFO,completed before the a85ef3d2 live-NID manifest refresh; coordinates/attributes vintage differs
SC00732,old_manifest_vintage,INFO,completed before the a85ef3d2 live-NID manifest refresh; coordinates/attributes vintage differs
SC82201,old_manifest_vintage,INFO,completed before the a85ef3d2 live-NID manifest refresh; coordinates/attributes vintage differs
SC83025,old_manifest_vintage,INFO,completed before the a85ef3d2 live-NID manifest refresh; coordinates/attributes vintage differs
SD01092,old_manifest_vintage,INFO,completed before the a85ef3d2 live-NID manifest refresh; coordinates/attributes vintage differs
SD01093,old_manifest_vintage,INFO,completed before the a85ef3d2 live-NID manifest refresh; coordinates/attributes vintage differs
SD01094,old_manifest_vintage,INFO,completed before the a85ef3d2 live-NID manifest refresh; coordinates/attributes vintage differs
SD01099,old_manifest_vintage,INFO,completed before the a85ef3d2 live-NID manifest refresh; coordinates/attributes vintage differs
SD01100,old_manifest_vintage,INFO,completed before the a85ef3d2 live-NID manifest refresh; coordinates/attributes vintage differs
SD01139,old_manifest_vintage,INFO,completed before the a85ef3d2 live-NID manifest refresh; coordinates/attributes vintage differs
SD01140,old_manifest_vintage,INFO,completed before the a85ef3d2 live-NID manifest refresh; coordinates/attributes vintage differs
SD01141,old_manifest_vintage,INFO,completed before the a85ef3d2 live-NID manifest refresh; coordinates/attributes vintage differs
TN01903,old_manifest_vintage,INFO,completed before the a85ef3d2 live-NID manifest refresh; coordinates/attributes vintage differs
TN03107,old_manifest_vintage,INFO,completed before the a85ef3d2 live-NID manifest refresh; coordinates/attributes vintage differs
TN03701,old_manifest_vintage,INFO,completed before the a85ef3d2 live-NID manifest refresh; coordinates/attributes vintage differs
TN04102,old_manifest_vintage,INFO,completed before the a85ef3d2 live-NID manifest refresh; coordinates/attributes vintage differs
TN05101,old_manifest_vintage,INFO,completed before the a85ef3d2 live-NID manifest refresh; coordinates/attributes vintage differs
TN06504,old_manifest_vintage,INFO,completed before the a85ef3d2 live-NID manifest refresh; coordinates/attributes vintage differs
TN07101,old_manifest_vintage,INFO,completed before the a85ef3d2 live-NID manifest refresh; coordinates/attributes vintage differs
TN08903,old_manifest_vintage,INFO,completed before the a85ef3d2 live-NID manifest refresh; coordinates/attributes vintage differs
TN10501,old_manifest_vintage,INFO,completed before the a85ef3d2 live-NID manifest refresh; coordinates/attributes vintage differs
TN10502,old_manifest_vintage,INFO,completed before the a85ef3d2 live-NID manifest refresh; coordinates/attributes vintage differs
TN10506,old_manifest_vintage,INFO,completed before the a85ef3d2 live-NID manifest refresh; coordinates/attributes vintage differs
TN11502,old_manifest_vintage,INFO,completed before the a85ef3d2 live-NID manifest refresh; coordinates/attributes vintage differs
TN15501,old_manifest_vintage,INFO,completed before the a85ef3d2 live-NID manifest refresh; coordinates/attributes vintage differs
TN15901,old_manifest_vintage,INFO,completed before the a85ef3d2 live-NID manifest refresh; coordinates/attributes vintage differs
TN16306,old_manifest_vintage,INFO,completed before the a85ef3d2 live-NID manifest refresh; coordinates/attributes vintage differs
TX00001,old_manifest_vintage,INFO,completed before the a85ef3d2 live-NID manifest refresh; coordinates/attributes vintage differs
TX00002,old_manifest_vintage,INFO,completed before the a85ef3d2 live-NID manifest refresh; coordinates/attributes vintage differs
TX00003,old_manifest_vintage,INFO,completed before the a85ef3d2 live-NID manifest refresh; coordinates/attributes vintage differs
TX00004,old_manifest_vintage,INFO,completed before the a85ef3d2 live-NID manifest refresh; coordinates/attributes vintage differs
TX00005,old_manifest_vintage,INFO,completed before the a85ef3d2 live-NID manifest refresh; coordinates/attributes vintage differs
TX00007,old_manifest_vintage,INFO,completed before the a85ef3d2 live-NID manifest refresh; coordinates/attributes vintage differs
TX00008,old_manifest_vintage,INFO,completed before the a85ef3d2 live-NID manifest refresh; coordinates/attributes vintage differs
TX00009,old_manifest_vintage,INFO,completed before the a85ef3d2 live-NID manifest refresh; coordinates/attributes vintage differs
TX00010,old_manifest_vintage,INFO,completed before the a85ef3d2 live-NID manifest refresh; coordinates/attributes vintage differs
TX00011,old_manifest_vintage,INFO,completed before the a85ef3d2 live-NID manifest refresh; coordinates/attributes vintage differs
TX00012,old_manifest_vintage,INFO,completed before the a85ef3d2 live-NID manifest refresh; coordinates/attributes vintage differs
TX00013,old_manifest_vintage,INFO,completed before the a85ef3d2 live-NID manifest refresh; coordinates/attributes vintage differs
TX00014,old_manifest_vintage,INFO,completed before the a85ef3d2 live-NID manifest refresh; coordinates/attributes vintage differs
TX00016,old_manifest_vintage,INFO,completed before the a85ef3d2 live-NID manifest refresh; coordinates/attributes vintage differs
TX00017,old_manifest_vintage,INFO,completed before the a85ef3d2 live-NID manifest refresh; coordinates/attributes vintage differs
TX00020,old_manifest_vintage,INFO,completed before the a85ef3d2 live-NID manifest refresh; coordinates/attributes vintage differs
TX00022,old_manifest_vintage,INFO,completed before the a85ef3d2 live-NID manifest refresh; coordinates/attributes vintage differs
TX00023,old_manifest_vintage,INFO,completed before the a85ef3d2 live-NID manifest refresh; coordinates/attributes vintage differs
TX00024,old_manifest_vintage,INFO,completed before the a85ef3d2 live-NID manifest refresh; coordinates/attributes vintage differs
TX00097,old_manifest_vintage,INFO,completed before the a85ef3d2 live-NID manifest refresh; coordinates/attributes vintage differs
TX00170,old_manifest_vintage,INFO,completed before the a85ef3d2 live-NID manifest refresh; coordinates/attributes vintage differs
TX00237,old_manifest_vintage,INFO,completed before the a85ef3d2 live-NID manifest refresh; coordinates/attributes vintage differs
TX00491,old_manifest_vintage,INFO,completed before the a85ef3d2 live-NID manifest refresh; coordinates/attributes vintage differs
TX00779,old_manifest_vintage,INFO,completed before the a85ef3d2 live-NID manifest refresh; coordinates/attributes vintage differs
TX00837,old_manifest_vintage,INFO,completed before the a85ef3d2 live-NID manifest refresh; coordinates/attributes vintage differs
TX00986,old_manifest_vintage,INFO,completed before the a85ef3d2 live-NID manifest refresh; coordinates/attributes vintage differs
TX00989,old_manifest_vintage,INFO,completed before the a85ef3d2 live-NID manifest refresh; coordinates/attributes vintage differs
TX01011,old_manifest_vintage,INFO,completed before the a85ef3d2 live-NID manifest refresh; coordinates/attributes vintage differs
TX01029,old_manifest_vintage,INFO,completed before the a85ef3d2 live-NID manifest refresh; coordinates/attributes vintage differs
TX01086,old_manifest_vintage,INFO,completed before the a85ef3d2 live-NID manifest refresh; coordinates/attributes vintage differs
TX01087,old_manifest_vintage,INFO,completed before the a85ef3d2 live-NID manifest refresh; coordinates/attributes vintage differs
TX01448,old_manifest_vintage,INFO,completed before the a85ef3d2 live-NID manifest refresh; coordinates/attributes vintage differs
TX01496,old_manifest_vintage,INFO,completed before the a85ef3d2 live-NID manifest refresh; coordinates/attributes vintage differs
TX01659,old_manifest_vintage,INFO,completed before the a85ef3d2 live-NID manifest refresh; coordinates/attributes vintage differs
TX01691,old_manifest_vintage,INFO,completed before the a85ef3d2 live-NID manifest refresh; coordinates/attributes vintage differs
TX01693,old_manifest_vintage,INFO,completed before the a85ef3d2 live-NID manifest refresh; coordinates/attributes vintage differs
TX01787,old_manifest_vintage,INFO,completed before the a85ef3d2 live-NID manifest refresh; coordinates/attributes vintage differs
TX02152,old_manifest_vintage,INFO,completed before the a85ef3d2 live-NID manifest refresh; coordinates/attributes vintage differs
TX02312,old_manifest_vintage,INFO,completed before the a85ef3d2 live-NID manifest refresh; coordinates/attributes vintage differs
TX02483,old_manifest_vintage,INFO,completed before the a85ef3d2 live-NID manifest refresh; coordinates/attributes vintage differs
TX02789,old_manifest_vintage,INFO,completed before the a85ef3d2 live-NID manifest refresh; coordinates/attributes vintage differs
TX02883,old_manifest_vintage,INFO,completed before the a85ef3d2 live-NID manifest refresh; coordinates/attributes vintage differs
TX03416,old_manifest_vintage,INFO,completed before the a85ef3d2 live-NID manifest refresh; coordinates/attributes vintage differs
TX03517,old_manifest_vintage,INFO,completed before the a85ef3d2 live-NID manifest refresh; coordinates/attributes vintage differs
TX03639,old_manifest_vintage,INFO,completed before the a85ef3d2 live-NID manifest refresh; coordinates/attributes vintage differs
TX03698,old_manifest_vintage,INFO,completed before the a85ef3d2 live-NID manifest refresh; coordinates/attributes vintage differs
TX03778,old_manifest_vintage,INFO,completed before the a85ef3d2 live-NID manifest refresh; coordinates/attributes vintage differs
TX03823,old_manifest_vintage,INFO,completed before the a85ef3d2 live-NID manifest refresh; coordinates/attributes vintage differs
TX03845,old_manifest_vintage,INFO,completed before the a85ef3d2 live-NID manifest refresh; coordinates/attributes vintage differs
TX03849,old_manifest_vintage,INFO,completed before the a85ef3d2 live-NID manifest refresh; coordinates/attributes vintage differs
TX03895,old_manifest_vintage,INFO,completed before the a85ef3d2 live-NID manifest refresh; coordinates/attributes vintage differs
TX03945,old_manifest_vintage,INFO,completed before the a85ef3d2 live-NID manifest refresh; coordinates/attributes vintage differs
TX04138,old_manifest_vintage,INFO,completed before the a85ef3d2 live-NID manifest refresh; coordinates/attributes vintage differs
TX04358,old_manifest_vintage,INFO,completed before the a85ef3d2 live-NID manifest refresh; coordinates/attributes vintage differs
TX04388,old_manifest_vintage,INFO,completed before the a85ef3d2 live-NID manifest refresh; coordinates/attributes vintage differs
TX04425,old_manifest_vintage,INFO,completed before the a85ef3d2 live-NID manifest refresh; coordinates/attributes vintage differs
TX04455,old_manifest_vintage,INFO,completed before the a85ef3d2 live-NID manifest refresh; coordinates/attributes vintage differs
TX04779,old_manifest_vintage,INFO,completed before the a85ef3d2 live-NID manifest refresh; coordinates/attributes vintage differs
TX05996,old_manifest_vintage,INFO,completed before the a85ef3d2 live-NID manifest refresh; coordinates/attributes vintage differs
TX06028,old_manifest_vintage,INFO,completed before the a85ef3d2 live-NID manifest refresh; coordinates/attributes vintage differs
TX06316,old_manifest_vintage,INFO,completed before the a85ef3d2 live-NID manifest refresh; coordinates/attributes vintage differs
TX06386,old_manifest_vintage,INFO,completed before the a85ef3d2 live-NID manifest refresh; coordinates/attributes vintage differs
TX06400,old_manifest_vintage,INFO,completed before the a85ef3d2 live-NID manifest refresh; coordinates/attributes vintage differs
TX06464,old_manifest_vintage,INFO,completed before the a85ef3d2 live-NID manifest refresh; coordinates/attributes vintage differs
TX08004,old_manifest_vintage,INFO,completed before the a85ef3d2 live-NID manifest refresh; coordinates/attributes vintage differs
TX08005,old_manifest_vintage,INFO,completed before the a85ef3d2 live-NID manifest refresh; coordinates/attributes vintage differs
TX08007,old_manifest_vintage,INFO,completed before the a85ef3d2 live-NID manifest refresh; coordinates/attributes vintage differs
TX08008,old_manifest_vintage,INFO,completed before the a85ef3d2 live-NID manifest refresh; coordinates/attributes vintage differs
UT00249,old_manifest_vintage,INFO,completed before the a85ef3d2 live-NID manifest refresh; coordinates/attributes vintage differs
UT00272,old_manifest_vintage,INFO,completed before the a85ef3d2 live-NID manifest refresh; coordinates/attributes vintage differs
UT00673,old_manifest_vintage,INFO,completed before the a85ef3d2 live-NID manifest refresh; coordinates/attributes vintage differs
UT10112,old_manifest_vintage,INFO,completed before the a85ef3d2 live-NID manifest refresh; coordinates/attributes vintage differs
UT10117,old_manifest_vintage,INFO,completed before the a85ef3d2 live-NID manifest refresh; coordinates/attributes vintage differs
UT10121,old_manifest_vintage,INFO,completed before the a85ef3d2 live-NID manifest refresh; coordinates/attributes vintage differs
UT10132,old_manifest_vintage,INFO,completed before the a85ef3d2 live-NID manifest refresh; coordinates/attributes vintage differs
UT10136,old_manifest_vintage,INFO,completed before the a85ef3d2 live-NID manifest refresh; coordinates/attributes vintage differs
UT10204,old_manifest_vintage,INFO,completed before the a85ef3d2 live-NID manifest refresh; coordinates/attributes vintage differs
VA00501,old_manifest_vintage,INFO,completed before the a85ef3d2 live-NID manifest refresh; coordinates/attributes vintage differs
VA01902,old_manifest_vintage,INFO,completed before the a85ef3d2 live-NID manifest refresh; coordinates/attributes vintage differs
VA05101,old_manifest_vintage,INFO,completed before the a85ef3d2 live-NID manifest refresh; coordinates/attributes vintage differs
VA08901,old_manifest_vintage,INFO,completed before the a85ef3d2 live-NID manifest refresh; coordinates/attributes vintage differs
VA14301,old_manifest_vintage,INFO,completed before the a85ef3d2 live-NID manifest refresh; coordinates/attributes vintage differs
VA15502,old_manifest_vintage,INFO,completed before the a85ef3d2 live-NID manifest refresh; coordinates/attributes vintage differs
VA17702,old_manifest_vintage,INFO,completed before the a85ef3d2 live-NID manifest refresh; coordinates/attributes vintage differs
VA83005,old_manifest_vintage,INFO,completed before the a85ef3d2 live-NID manifest refresh; coordinates/attributes vintage differs
VT00002,old_manifest_vintage,INFO,completed before the a85ef3d2 live-NID manifest refresh; coordinates/attributes vintage differs
VT00025,old_manifest_vintage,INFO,completed before the a85ef3d2 live-NID manifest refresh; coordinates/attributes vintage differs
WA00004,old_manifest_vintage,INFO,completed before the a85ef3d2 live-NID manifest refresh; coordinates/attributes vintage differs
WA00009,old_manifest_vintage,INFO,completed before the a85ef3d2 live-NID manifest refresh; coordinates/attributes vintage differs
WA00013,old_manifest_vintage,INFO,completed before the a85ef3d2 live-NID manifest refresh; coordinates/attributes vintage differs
WA00021,old_manifest_vintage,INFO,completed before the a85ef3d2 live-NID manifest refresh; coordinates/attributes vintage differs
WA00084,old_manifest_vintage,INFO,completed before the a85ef3d2 live-NID manifest refresh; coordinates/attributes vintage differs
WA00085,old_manifest_vintage,INFO,completed before the a85ef3d2 live-NID manifest refresh; coordinates/attributes vintage differs
WA00086,old_manifest_vintage,INFO,completed before the a85ef3d2 live-NID manifest refresh; coordinates/attributes vintage differs
WA00088,old_manifest_vintage,INFO,completed before the a85ef3d2 live-NID manifest refresh; coordinates/attributes vintage differs
WA00098,old_manifest_vintage,INFO,completed before the a85ef3d2 live-NID manifest refresh; coordinates/attributes vintage differs
WA00145,old_manifest_vintage,INFO,completed before the a85ef3d2 live-NID manifest refresh; coordinates/attributes vintage differs
WA00147,old_manifest_vintage,INFO,completed before the a85ef3d2 live-NID manifest refresh; coordinates/attributes vintage differs
WA00148,old_manifest_vintage,INFO,completed before the a85ef3d2 live-NID manifest refresh; coordinates/attributes vintage differs
WA00149,old_manifest_vintage,INFO,completed before the a85ef3d2 live-NID manifest refresh; coordinates/attributes vintage differs
WA00151,old_manifest_vintage,INFO,completed before the a85ef3d2 live-NID manifest refresh; coordinates/attributes vintage differs
WA00152,old_manifest_vintage,INFO,completed before the a85ef3d2 live-NID manifest refresh; coordinates/attributes vintage differs
WA00169,old_manifest_vintage,INFO,completed before the a85ef3d2 live-NID manifest refresh; coordinates/attributes vintage differs
WA00170,old_manifest_vintage,INFO,completed before the a85ef3d2 live-NID manifest refresh; coordinates/attributes vintage differs
WA00172,old_manifest_vintage,INFO,completed before the a85ef3d2 live-NID manifest refresh; coordinates/attributes vintage differs
WA00173,old_manifest_vintage,INFO,completed before the a85ef3d2 live-NID manifest refresh; coordinates/attributes vintage differs
WA00174,old_manifest_vintage,INFO,completed before the a85ef3d2 live-NID manifest refresh; coordinates/attributes vintage differs
WA00208,old_manifest_vintage,INFO,completed before the a85ef3d2 live-NID manifest refresh; coordinates/attributes vintage differs
WA00255,old_manifest_vintage,INFO,completed before the a85ef3d2 live-NID manifest refresh; coordinates/attributes vintage differs
WA00257,old_manifest_vintage,INFO,completed before the a85ef3d2 live-NID manifest refresh; coordinates/attributes vintage differs
WA00260,old_manifest_vintage,INFO,completed before the a85ef3d2 live-NID manifest refresh; coordinates/attributes vintage differs
WA00261,old_manifest_vintage,INFO,completed before the a85ef3d2 live-NID manifest refresh; coordinates/attributes vintage differs
WA00262,old_manifest_vintage,INFO,completed before the a85ef3d2 live-NID manifest refresh; coordinates/attributes vintage differs
WA00265,old_manifest_vintage,INFO,completed before the a85ef3d2 live-NID manifest refresh; coordinates/attributes vintage differs
WA00266,old_manifest_vintage,INFO,completed before the a85ef3d2 live-NID manifest refresh; coordinates/attributes vintage differs
WA00268,old_manifest_vintage,INFO,completed before the a85ef3d2 live-NID manifest refresh; coordinates/attributes vintage differs
WA00270,old_manifest_vintage,INFO,completed before the a85ef3d2 live-NID manifest refresh; coordinates/attributes vintage differs
WA00273,old_manifest_vintage,INFO,completed before the a85ef3d2 live-NID manifest refresh; coordinates/attributes vintage differs
WA00274,old_manifest_vintage,INFO,completed before the a85ef3d2 live-NID manifest refresh; coordinates/attributes vintage differs
WA00298,old_manifest_vintage,INFO,completed before the a85ef3d2 live-NID manifest refresh; coordinates/attributes vintage differs
WA00299,old_manifest_vintage,INFO,completed before the a85ef3d2 live-NID manifest refresh; coordinates/attributes vintage differs
WA00300,old_manifest_vintage,INFO,completed before the a85ef3d2 live-NID manifest refresh; coordinates/attributes vintage differs
WA00301,old_manifest_vintage,INFO,completed before the a85ef3d2 live-NID manifest refresh; coordinates/attributes vintage differs
WA00331,old_manifest_vintage,INFO,completed before the a85ef3d2 live-NID manifest refresh; coordinates/attributes vintage differs
WA00347,old_manifest_vintage,INFO,completed before the a85ef3d2 live-NID manifest refresh; coordinates/attributes vintage differs
WA00604,old_manifest_vintage,INFO,completed before the a85ef3d2 live-NID manifest refresh; coordinates/attributes vintage differs
WA83069,old_manifest_vintage,INFO,completed before the a85ef3d2 live-NID manifest refresh; coordinates/attributes vintage differs
WA83070,old_manifest_vintage,INFO,completed before the a85ef3d2 live-NID manifest refresh; coordinates/attributes vintage differs
WI00647,old_manifest_vintage,INFO,completed before the a85ef3d2 live-NID manifest refresh; coordinates/attributes vintage differs
WI00727,old_manifest_vintage,INFO,completed before the a85ef3d2 live-NID manifest refresh; coordinates/attributes vintage differs
WI00733,old_manifest_vintage,INFO,completed before the a85ef3d2 live-NID manifest refresh; coordinates/attributes vintage differs
WI00814,old_manifest_vintage,INFO,completed before the a85ef3d2 live-NID manifest refresh; coordinates/attributes vintage differs
WV00701,old_manifest_vintage,INFO,completed before the a85ef3d2 live-NID manifest refresh; coordinates/attributes vintage differs
WV04114,old_manifest_vintage,INFO,completed before the a85ef3d2 live-NID manifest refresh; coordinates/attributes vintage differs
WV05301,old_manifest_vintage,INFO,completed before the a85ef3d2 live-NID manifest refresh; coordinates/attributes vintage differs
WV05302,old_manifest_vintage,INFO,completed before the a85ef3d2 live-NID manifest refresh; coordinates/attributes vintage differs
WV06702,old_manifest_vintage,INFO,completed before the a85ef3d2 live-NID manifest refresh; coordinates/attributes vintage differs
WV06908,old_manifest_vintage,INFO,completed before the a85ef3d2 live-NID manifest refresh; coordinates/attributes vintage differs
WV07301,old_manifest_vintage,INFO,completed before the a85ef3d2 live-NID manifest refresh; coordinates/attributes vintage differs
WV08902,old_manifest_vintage,INFO,completed before the a85ef3d2 live-NID manifest refresh; coordinates/attributes vintage differs
WV09101,old_manifest_vintage,INFO,completed before the a85ef3d2 live-NID manifest refresh; coordinates/attributes vintage differs
WV10301,old_manifest_vintage,INFO,completed before the a85ef3d2 live-NID manifest refresh; coordinates/attributes vintage differs
WV10702,old_manifest_vintage,INFO,completed before the a85ef3d2 live-NID manifest refresh; coordinates/attributes vintage differs
WV10924,old_manifest_vintage,INFO,completed before the a85ef3d2 live-NID manifest refresh; coordinates/attributes vintage differs
WY00005,old_manifest_vintage,INFO,completed before the a85ef3d2 live-NID manifest refresh; coordinates/attributes vintage differs
WY00011,old_manifest_vintage,INFO,completed before the a85ef3d2 live-NID manifest refresh; coordinates/attributes vintage differs
WY00015,old_manifest_vintage,INFO,completed before the a85ef3d2 live-NID manifest refresh; coordinates/attributes vintage differs
WY00292,old_manifest_vintage,INFO,completed before the a85ef3d2 live-NID manifest refresh; coordinates/attributes vintage differs
WY00456,old_manifest_vintage,INFO,completed before the a85ef3d2 live-NID manifest refresh; coordinates/attributes vintage differs
WY01290,old_manifest_vintage,INFO,completed before the a85ef3d2 live-NID manifest refresh; coordinates/attributes vintage differs
WY01291,old_manifest_vintage,INFO,completed before the a85ef3d2 live-NID manifest refresh; coordinates/attributes vintage differs
WY01296,old_manifest_vintage,INFO,completed before the a85ef3d2 live-NID manifest refresh; coordinates/attributes vintage differs
WY01297,old_manifest_vintage,INFO,completed before the a85ef3d2 live-NID manifest refresh; coordinates/attributes vintage differs
WY01299,old_manifest_vintage,INFO,completed before the a85ef3d2 live-NID manifest refresh; coordinates/attributes vintage differs
WY01378,old_manifest_vintage,INFO,completed before the a85ef3d2 live-NID manifest refresh; coordinates/attributes vintage differs
WY01380,old_manifest_vintage,INFO,completed before the a85ef3d2 live-NID manifest refresh; coordinates/attributes vintage differs
WY01385,old_manifest_vintage,INFO,completed before the a85ef3d2 live-NID manifest refresh; coordinates/attributes vintage differs
WY01389,old_manifest_vintage,INFO,completed before the a85ef3d2 live-NID manifest refresh; coordinates/attributes vintage differs
WY01485,old_manifest_vintage,INFO,completed before the a85ef3d2 live-NID manifest refresh; coordinates/attributes vintage differs
WY01486,old_manifest_vintage,INFO,completed before the a85ef3d2 live-NID manifest refresh; coordinates/attributes vintage differs
WY01487,old_manifest_vintage,INFO,completed before the a85ef3d2 live-NID manifest refresh; coordinates/attributes vintage differs
WY01496,old_manifest_vintage,INFO,completed before the a85ef3d2 live-NID manifest refresh; coordinates/attributes vintage differs
WY02302,old_manifest_vintage,INFO,completed before the a85ef3d2 live-NID manifest refresh; coordinates/attributes vintage differs
WY02303,old_manifest_vintage,INFO,completed before the a85ef3d2 live-NID manifest refresh; coordinates/attributes vintage differs
