facility_id,reasons
AK00001,aux_missing_transition_window;ddf_name_collision;narrow_elevation_band;old_manifest_vintage;tail_sensitivity_lost_name_collision
AK00002,ddf_name_collision;synthetic_purged_rerun_ok;tail_sensitivity_lost_name_collision
AK00005,ddf_name_collision;ddf_rowcount_bad;tail_sensitivity_lost_name_collision
AK00028,ddf_name_collision;ddf_rowcount_bad;tail_sensitivity_lost_name_collision
AK00033,old_manifest_vintage
AK00044,ddf_name_collision;ddf_rowcount_bad;tail_sensitivity_lost_name_collision
AK00051,ok_false
AK00053,ok_false
AK00061,ok_false
AK00064,ok_false
AK00085,narrow_elevation_band;old_manifest_vintage;pre_centralization_no_aux;synthetic_prefix_audited_clean
AK00090,ok_false
AK00091,ok_false
AK00092,ok_false
AK00095,ok_false
AK00101,ddf_name_collision
AK00103,ok_false
AK00106,ok_false
AK00107,ok_false
AK00108,ok_false
AK00109,ok_false
AK00110,ok_false
AK00115,ok_false
AK00116,ok_false
AK00117,ok_false
AK00122,ok_false
AK00123,ok_false
AK00200,ok_false
AK00201,ok_false
AK00260,ok_false
AK00264,ok_false
AK00265,ok_false
AK00266,ok_false
AK83013,ddf_name_collision;tail_sensitivity_lost_name_collision
AL00010,ddf_name_collision;ddf_rowcount_bad
AL00012,ddf_name_collision;ddf_rowcount_bad
AL00013,ddf_name_collision;ddf_rowcount_bad
AL00017,ddf_name_collision;synthetic_purged_rerun_ok;tail_sensitivity_lost_name_collision
AL00032,ddf_name_collision;ddf_rowcount_bad;tail_sensitivity_lost_name_collision
AL00039,ddf_name_collision;ddf_rowcount_bad
AL00054,ddf_name_collision;ddf_rowcount_bad
AL00057,ddf_name_collision;ddf_rowcount_bad
AL00066,ddf_name_collision;ddf_rowcount_bad
AL00093,ddf_name_collision;ddf_rowcount_bad
AL00095,ddf_name_collision;ddf_rowcount_bad
AL00096,ddf_name_collision;ddf_rowcount_bad
AL00098,ddf_name_collision;ddf_rowcount_bad
AL00111,ddf_name_collision;ddf_rowcount_bad
AL00112,ddf_name_collision;ddf_rowcount_bad
AL00113,ddf_name_collision;ddf_rowcount_bad
AL00115,ddf_name_collision;ddf_rowcount_bad
AL00119,ddf_name_collision;ddf_rowcount_bad
AL00124,ddf_name_collision;ddf_rowcount_bad
AL00130,ddf_name_collision;ddf_rowcount_bad
AL00134,ddf_name_collision;ddf_rowcount_bad
AL00135,ddf_name_collision;ddf_rowcount_bad
AL00154,ddf_name_collision;ddf_rowcount_bad;tail_sensitivity_lost_name_collision
AL00186,ddf_name_collision;ddf_rowcount_bad
AL00190,ddf_name_collision;ddf_rowcount_bad
AL00196,ddf_name_collision;ddf_rowcount_bad
AL00197,ddf_name_collision
AL00198,ddf_name_collision
AL00199,ddf_name_collision;tail_sensitivity_lost_name_collision
AL00200,ddf_name_collision;tail_sensitivity_lost_name_collision
AL00201,ddf_name_collision;ddf_rowcount_bad
AL00202,ddf_name_collision;ddf_rowcount_bad
AL00206,ddf_name_collision;ddf_rowcount_bad
AL00209,ddf_name_collision;ddf_rowcount_bad
AL00210,ddf_name_collision;ddf_rowcount_bad
AL00216,ddf_name_collision;ddf_rowcount_bad
AL00217,ddf_name_collision;ddf_rowcount_bad
AL00218,ddf_name_collision;ddf_rowcount_bad
AL00228,ddf_name_collision;ddf_rowcount_bad
AL00234,ddf_name_collision;ddf_rowcount_bad
AL00249,ddf_name_collision;ddf_rowcount_bad
AL00251,ddf_name_collision;ddf_rowcount_bad
AL00260,ddf_name_collision;ddf_rowcount_bad
AL00278,ddf_name_collision;ddf_rowcount_bad
AL00287,ddf_name_collision;ddf_rowcount_bad
AL00288,ddf_name_collision;ddf_rowcount_bad
AL00289,ddf_name_collision;ddf_rowcount_bad
AL00294,ddf_name_collision;ddf_rowcount_bad
AL00301,ddf_name_collision;ddf_rowcount_bad
AL00304,ddf_name_collision;ddf_rowcount_bad
AL00308,ddf_name_collision;ddf_rowcount_bad
AL00329,ddf_name_collision;ddf_rowcount_bad
AL00346,ddf_name_collision;ddf_rowcount_bad
AL00359,ddf_name_collision
AL00363,ddf_name_collision;ddf_rowcount_bad
AL00367,ddf_name_collision;ddf_rowcount_bad
AL00375,ddf_name_collision;ddf_rowcount_bad
AL00400,ddf_name_collision;ddf_rowcount_bad
AL00401,ddf_name_collision;ddf_rowcount_bad
AL00402,ddf_name_collision;ddf_rowcount_bad
AL00414,ddf_name_collision;ddf_rowcount_bad
AL00444,ddf_name_collision
AL00449,ddf_name_collision;ddf_rowcount_bad
AL00457,ddf_name_collision;ddf_rowcount_bad
AL00458,ddf_name_collision;ddf_rowcount_bad
AL00459,ddf_name_collision;ddf_rowcount_bad
AL00472,ddf_name_collision;ddf_rowcount_bad
AL00489,ddf_name_collision;ddf_rowcount_bad
AL00500,ddf_name_collision;ddf_rowcount_bad
AL00512,ddf_name_collision;ddf_rowcount_bad
AL00513,ddf_name_collision;ddf_rowcount_bad
AL00534,ddf_name_collision;ddf_rowcount_bad
AL00535,ddf_name_collision;ddf_rowcount_bad
AL00541,ddf_name_collision;ddf_rowcount_bad;tail_sensitivity_lost_name_collision
AL00546,ddf_name_collision;ddf_rowcount_bad
AL00551,ddf_name_collision;ddf_rowcount_bad
AL00552,ddf_name_collision;ddf_rowcount_bad
AL00556,ddf_name_collision;ddf_rowcount_bad
AL00559,ddf_name_collision;ddf_rowcount_bad
AL00560,ddf_name_collision;ddf_rowcount_bad
AL00568,ddf_name_collision;ddf_rowcount_bad
AL00572,ddf_name_collision;ddf_rowcount_bad
AL00601,ddf_name_collision
AL00603,ddf_name_collision;ddf_rowcount_bad
AL00618,ddf_name_collision;ddf_rowcount_bad
AL00619,ddf_name_collision;ddf_rowcount_bad
AL00622,ddf_name_collision;ddf_rowcount_bad
AL00623,ddf_name_collision;ddf_rowcount_bad
AL00627,ddf_name_collision;ddf_rowcount_bad
AL00652,ddf_name_collision;ddf_rowcount_bad
AL00653,ddf_name_collision;ddf_rowcount_bad
AL00699,ddf_name_collision;ddf_rowcount_bad
AL00701,ddf_name_collision;ddf_rowcount_bad
AL00702,ddf_name_collision;ddf_rowcount_bad
AL00713,ddf_name_collision;ddf_rowcount_bad
AL00730,ddf_name_collision;ddf_rowcount_bad
AL00731,ddf_name_collision;ddf_rowcount_bad
AL00732,ddf_name_collision;ddf_rowcount_bad
AL00772,ddf_name_collision;ddf_rowcount_bad
AL00780,ddf_name_collision;ddf_rowcount_bad
AL00785,ddf_name_collision;ddf_rowcount_bad
AL00827,ddf_name_collision;ddf_rowcount_bad;tail_sensitivity_lost_name_collision
AL00830,ddf_name_collision;ddf_rowcount_bad
AL00832,ddf_name_collision;ddf_rowcount_bad
AL00833,ddf_name_collision;ddf_rowcount_bad
AL00834,ddf_name_collision;ddf_rowcount_bad
AL00835,ddf_name_collision;ddf_rowcount_bad
AL00852,ddf_name_collision;ddf_rowcount_bad
AL00855,ddf_name_collision;ddf_rowcount_bad
AL00864,ddf_name_collision
AL00874,ddf_name_collision;ddf_rowcount_bad
AL00880,ddf_name_collision;ddf_rowcount_bad
AL00881,ddf_name_collision;ddf_rowcount_bad
AL00898,ddf_name_collision;ddf_rowcount_bad
AL00899,ddf_name_collision;ddf_rowcount_bad
AL00932,ddf_name_collision;ddf_rowcount_bad
AL00933,ddf_name_collision;ddf_rowcount_bad
AL00934,ddf_name_collision;ddf_rowcount_bad;tail_sensitivity_lost_name_collision
AL00935,ddf_name_collision;ddf_rowcount_bad
AL00937,ddf_name_collision;ddf_rowcount_bad
AL00944,ddf_name_collision;ddf_rowcount_bad
AL00945,ddf_name_collision
AL00949,ddf_name_collision;ddf_rowcount_bad
AL00951,ddf_name_collision;ddf_rowcount_bad
AL00959,ddf_name_collision;ddf_rowcount_bad
AL00962,ddf_name_collision;ddf_rowcount_bad;tail_sensitivity_lost_name_collision
AL00975,ddf_name_collision;ddf_rowcount_bad
AL00976,ddf_name_collision;ddf_rowcount_bad;tail_sensitivity_lost_name_collision
AL00979,ddf_name_collision;ddf_rowcount_bad
AL00983,ddf_name_collision;ddf_rowcount_bad
AL00988,ddf_name_collision;ddf_rowcount_bad
AL00989,ddf_name_collision;ddf_rowcount_bad
AL00990,ddf_name_collision;ddf_rowcount_bad
AL01006,ddf_name_collision;ddf_rowcount_bad
AL01013,ddf_name_collision;ddf_rowcount_bad
AL01023,ddf_name_collision;ddf_rowcount_bad;tail_sensitivity_lost_name_collision
AL01034,ddf_name_collision;ddf_rowcount_bad
AL01036,ddf_name_collision;ddf_rowcount_bad
AL01041,ddf_name_collision;ddf_rowcount_bad
AL01042,ddf_name_collision;ddf_rowcount_bad
AL01043,ddf_name_collision;ddf_rowcount_bad
AL01045,ddf_name_collision;ddf_rowcount_bad
AL01046,ddf_name_collision;ddf_rowcount_bad
AL01047,ddf_name_collision;ddf_rowcount_bad
AL01059,ddf_name_collision;ddf_rowcount_bad
AL01067,ddf_name_collision;ddf_rowcount_bad
AL01071,ddf_name_collision;ddf_rowcount_bad
AL01084,ddf_name_collision;ddf_rowcount_bad
AL01100,ddf_name_collision;ddf_rowcount_bad
AL01101,ddf_name_collision;ddf_rowcount_bad
AL01103,ddf_name_collision;ddf_rowcount_bad
AL01106,ddf_name_collision;ddf_rowcount_bad
AL01107,ddf_name_collision;ddf_rowcount_bad
AL01112,ddf_name_collision;ddf_rowcount_bad
AL01118,ddf_name_collision;ddf_rowcount_bad
AL01121,ddf_name_collision;ddf_rowcount_bad
AL01131,ddf_name_collision;ddf_rowcount_bad
AL01132,ddf_name_collision;ddf_rowcount_bad
AL01133,ddf_name_collision;ddf_rowcount_bad
AL01135,ddf_name_collision;ddf_rowcount_bad
AL01138,ddf_name_collision
AL01142,ddf_name_collision;ddf_rowcount_bad
AL01144,ddf_name_collision;ddf_rowcount_bad
AL01145,ddf_name_collision;ddf_rowcount_bad
AL01149,ddf_name_collision;ddf_rowcount_bad;tail_sensitivity_lost_name_collision
AL01150,ddf_name_collision;ddf_rowcount_bad;tail_sensitivity_lost_name_collision
AL01151,ddf_name_collision;ddf_rowcount_bad
AL01161,ddf_name_collision;ddf_rowcount_bad
AL01171,ddf_name_collision;ddf_rowcount_bad;tail_sensitivity_lost_name_collision
AL01176,ddf_name_collision
AL01185,ddf_name_collision
AL01210,ddf_name_collision;ddf_rowcount_bad
AL01215,ddf_name_collision;ddf_rowcount_bad
AL01220,ddf_name_collision;ddf_rowcount_bad
AL01230,ddf_name_collision;ddf_rowcount_bad
AL01234,ddf_name_collision;ddf_rowcount_bad
AL01252,ddf_name_collision;ddf_rowcount_bad
AL01267,ddf_name_collision;ddf_rowcount_bad;tail_sensitivity_lost_name_collision
AL01280,ddf_name_collision;ddf_rowcount_bad;tail_sensitivity_lost_name_collision
AL01284,ddf_name_collision;ddf_rowcount_bad
AL01320,ddf_name_collision;ddf_rowcount_bad;tail_sensitivity_lost_name_collision
AL01326,ddf_name_collision;ddf_rowcount_bad
AL01340,ddf_name_collision;ddf_rowcount_bad
AL01357,ddf_name_collision;ddf_rowcount_bad
AL01376,ddf_name_collision;ddf_rowcount_bad
AL01389,ddf_name_collision;ddf_rowcount_bad
AL01391,ddf_name_collision;ddf_rowcount_bad
AL01398,ddf_name_collision;ddf_rowcount_bad
AL01401,ddf_name_collision;ddf_rowcount_bad
AL01403,ddf_name_collision;ddf_rowcount_bad
AL01415,old_manifest_vintage
AL01417,narrow_elevation_band;old_manifest_vintage;pre_centralization_no_aux;synthetic_cloud_unauditable
AL01418,ddf_name_collision;ddf_rowcount_bad;synthetic_purged_rerun_ok;tail_sensitivity_lost_name_collision
AL01420,narrow_elevation_band;old_manifest_vintage;pre_centralization_no_aux;synthetic_cloud_unauditable
AL01423,ddf_name_collision;synthetic_purged_rerun_ok;tail_sensitivity_lost_name_collision
AL01424,ddf_name_collision;ddf_rowcount_bad;synthetic_purged_rerun_ok;tail_sensitivity_lost_name_collision
AL01425,ddf_name_collision;ddf_rowcount_bad;narrow_elevation_band;old_manifest_vintage;pre_centralization_no_aux;synthetic_cloud_unauditable;tail_sensitivity_lost_name_collision
AL01427,narrow_elevation_band;old_manifest_vintage;pre_centralization_no_aux;synthetic_cloud_unauditable
AL01432,narrow_elevation_band;old_manifest_vintage;pre_centralization_no_aux;synthetic_cloud_unauditable
AL01435,narrow_elevation_band;old_manifest_vintage;pre_centralization_no_aux;synthetic_cloud_unauditable
AL01441,ddf_name_collision;ddf_rowcount_bad
AL01443,ddf_name_collision;ddf_rowcount_bad
AL01453,ddf_name_collision;ddf_rowcount_bad
AL01476,ddf_name_collision;ddf_rowcount_bad
AL01478,ddf_name_collision;ddf_rowcount_bad
AL01484,ddf_name_collision;ddf_rowcount_bad;tail_sensitivity_lost_name_collision
AL01489,ddf_name_collision;ddf_rowcount_bad
AL01497,ddf_name_collision;ddf_rowcount_bad
AL01500,ddf_name_collision;ddf_rowcount_bad
AL01501,ddf_name_collision;ddf_rowcount_bad
AL01511,ddf_name_collision;ddf_rowcount_bad
AL01526,ddf_name_collision
AL01531,ddf_name_collision;ddf_rowcount_bad
AL01540,ddf_name_collision;ddf_rowcount_bad
AL01575,ddf_name_collision;ddf_rowcount_bad
AL01577,ddf_name_collision;ddf_rowcount_bad
AL01580,ddf_name_collision;ddf_rowcount_bad
AL01581,ddf_name_collision;ddf_rowcount_bad
AL01582,ddf_name_collision;ddf_rowcount_bad
AL01583,ddf_name_collision;ddf_rowcount_bad
AL01587,ddf_name_collision;ddf_rowcount_bad
AL01588,ddf_name_collision;ddf_rowcount_bad
AL01591,ddf_name_collision;ddf_rowcount_bad
AL01595,ddf_name_collision;ddf_rowcount_bad
AL01597,ddf_name_collision;ddf_rowcount_bad
AL01600,ddf_name_collision;ddf_rowcount_bad
AL01602,ddf_name_collision;ddf_rowcount_bad
AL01622,ddf_name_collision;tail_sensitivity_lost_name_collision
AL01668,ddf_name_collision;ddf_rowcount_bad
AL01689,ddf_name_collision;ddf_rowcount_bad
AL01700,ddf_name_collision;ddf_rowcount_bad
AL01703,ddf_name_collision;ddf_rowcount_bad
AL01704,ddf_name_collision;ddf_rowcount_bad
AL01708,ddf_name_collision;ddf_rowcount_bad
AL01710,ddf_name_collision;ddf_rowcount_bad
AL01713,ddf_name_collision;ddf_rowcount_bad
AL01717,ddf_name_collision;ddf_rowcount_bad
AL01720,ddf_name_collision;ddf_rowcount_bad
AL01723,ddf_name_collision;ddf_rowcount_bad
AL01754,ddf_name_collision;ddf_rowcount_bad
AL01781,ddf_name_collision;ddf_rowcount_bad
AL01789,ddf_name_collision;ddf_rowcount_bad
AL01799,ddf_name_collision;ddf_rowcount_bad
AL01813,ddf_name_collision;ddf_rowcount_bad
AL01815,ddf_name_collision;ddf_rowcount_bad
AL01818,ddf_name_collision;ddf_rowcount_bad
AL01826,ddf_name_collision;ddf_rowcount_bad
AL01827,ddf_name_collision;ddf_rowcount_bad
AL01828,ddf_name_collision;ddf_rowcount_bad
AL01830,ddf_name_collision;ddf_rowcount_bad
AL01831,ddf_name_collision;ddf_rowcount_bad
AL01835,ddf_name_collision;ddf_rowcount_bad
AL01836,ddf_name_collision;ddf_rowcount_bad
AL01838,ddf_name_collision;ddf_rowcount_bad
AL01840,ddf_name_collision;ddf_rowcount_bad
AL01842,ddf_name_collision;ddf_rowcount_bad
AL01845,ddf_name_collision;ddf_rowcount_bad
AL01849,ddf_name_collision;ddf_rowcount_bad
AL01850,ddf_name_collision;ddf_rowcount_bad
AL01853,ddf_name_collision;ddf_rowcount_bad
AL01867,ddf_name_collision;ddf_rowcount_bad
AL01868,ddf_name_collision;ddf_rowcount_bad
AL01874,ddf_name_collision;ddf_rowcount_bad
AL01882,ddf_name_collision;ddf_rowcount_bad
AL01885,ddf_name_collision;ddf_rowcount_bad
AL01886,ddf_name_collision;ddf_rowcount_bad
AL01889,ddf_name_collision;ddf_rowcount_bad
AL01891,ddf_name_collision;ddf_rowcount_bad
AL01916,ddf_name_collision;ddf_rowcount_bad;tail_sensitivity_lost_name_collision
AL01922,ddf_name_collision;ddf_rowcount_bad
AL01971,ddf_name_collision;ddf_rowcount_bad
AL01993,ddf_name_collision;ddf_rowcount_bad
AL01998,ddf_name_collision;ddf_rowcount_bad
AL02000,ddf_name_collision;ddf_rowcount_bad
AL02002,ddf_name_collision;ddf_rowcount_bad
AL02014,ddf_name_collision;ddf_rowcount_bad
AL02015,ddf_name_collision;ddf_rowcount_bad
AL02016,ddf_name_collision;ddf_rowcount_bad
AL02017,ddf_name_collision;ddf_rowcount_bad;tail_sensitivity_lost_name_collision
AL02018,ddf_name_collision;ddf_rowcount_bad
AL02020,ddf_name_collision;ddf_rowcount_bad
AL02036,ddf_name_collision
AL02037,ddf_name_collision;tail_sensitivity_lost_name_collision
AL02061,ddf_name_collision;ddf_rowcount_bad
AL02062,ddf_name_collision;ddf_rowcount_bad
AL02073,ddf_name_collision;ddf_rowcount_bad
AL02074,ddf_name_collision;ddf_rowcount_bad
AL02076,ddf_name_collision;ddf_rowcount_bad
AL02086,ddf_name_collision;ddf_rowcount_bad
AL02090,ddf_name_collision;ddf_rowcount_bad
AL02091,ddf_name_collision;ddf_rowcount_bad
AL02092,ddf_name_collision;ddf_rowcount_bad
AL02093,ddf_name_collision;ddf_rowcount_bad
AL02094,ddf_name_collision;ddf_rowcount_bad;tail_sensitivity_lost_name_collision
AL02095,ddf_name_collision;ddf_rowcount_bad;tail_sensitivity_lost_name_collision
AL02096,ddf_name_collision;ddf_rowcount_bad
AL02097,ddf_name_collision;ddf_rowcount_bad
AL02112,ddf_name_collision;ddf_rowcount_bad
AL02113,ddf_name_collision;ddf_rowcount_bad
AL02115,ddf_name_collision;ddf_rowcount_bad;tail_sensitivity_lost_name_collision
AL02116,ddf_name_collision;ddf_rowcount_bad;tail_sensitivity_lost_name_collision
AL02117,ddf_name_collision;ddf_rowcount_bad;tail_sensitivity_lost_name_collision
AL02118,ddf_name_collision;ddf_rowcount_bad
AL02119,ddf_name_collision;ddf_rowcount_bad
AL02120,ddf_name_collision;ddf_rowcount_bad
AL02121,ddf_name_collision;ddf_rowcount_bad
AL02122,ddf_name_collision;ddf_rowcount_bad
AL02123,ddf_name_collision;ddf_rowcount_bad
AL02124,ddf_name_collision;ddf_rowcount_bad
AL02125,ddf_name_collision;ddf_rowcount_bad
AL02126,ddf_name_collision;ddf_rowcount_bad
AL02127,ddf_name_collision;ddf_rowcount_bad
AL02128,ddf_name_collision;ddf_rowcount_bad;tail_sensitivity_lost_name_collision
AL02129,ddf_name_collision;ddf_rowcount_bad
AL02130,ddf_name_collision;ddf_rowcount_bad
AL02134,ddf_name_collision
AL02135,ddf_name_collision;tail_sensitivity_lost_name_collision
AL02146,ddf_name_collision;ddf_rowcount_bad
AL02147,ddf_name_collision;ddf_rowcount_bad
AL02148,ddf_name_collision;ddf_rowcount_bad
AL02149,ddf_name_collision;ddf_rowcount_bad;tail_sensitivity_lost_name_collision
AL02150,ddf_name_collision;ddf_rowcount_bad
AL02151,ddf_name_collision;ddf_rowcount_bad;tail_sensitivity_lost_name_collision
AL02152,ddf_name_collision;ddf_rowcount_bad;tail_sensitivity_lost_name_collision
AL02153,ddf_name_collision;ddf_rowcount_bad
AL02154,ddf_name_collision;ddf_rowcount_bad
AL02155,ddf_name_collision;ddf_rowcount_bad;tail_sensitivity_lost_name_collision
AL02156,ddf_name_collision;ddf_rowcount_bad
AL02157,ddf_name_collision;ddf_rowcount_bad
AL02158,ddf_name_collision;ddf_rowcount_bad
AL02183,ddf_name_collision;ddf_rowcount_bad;tail_sensitivity_lost_name_collision
AL02184,ddf_name_collision;ddf_rowcount_bad
AL02185,ddf_name_collision;ddf_rowcount_bad
AL02186,ddf_name_collision;ddf_rowcount_bad
AL02187,ddf_name_collision;ddf_rowcount_bad;tail_sensitivity_lost_name_collision
AL02188,ddf_name_collision;ddf_rowcount_bad;tail_sensitivity_lost_name_collision
AL02189,ddf_name_collision;ddf_rowcount_bad;tail_sensitivity_lost_name_collision
AL02190,ddf_name_collision;ddf_rowcount_bad
AL02191,ddf_name_collision;ddf_rowcount_bad
AL02192,ddf_name_collision;ddf_rowcount_bad;tail_sensitivity_lost_name_collision
AL02193,ddf_name_collision;tail_sensitivity_lost_name_collision
AL02194,ddf_name_collision;tail_sensitivity_lost_name_collision
AL02195,ddf_name_collision
AL02208,ddf_name_collision;ddf_rowcount_bad
AL02213,ddf_name_collision;ddf_rowcount_bad
AL02214,ddf_name_collision;ddf_rowcount_bad
AL02234,ddf_name_collision;ddf_rowcount_bad
AL02246,ddf_name_collision;ddf_rowcount_bad
AL02247,ddf_name_collision;ddf_rowcount_bad
AL02249,ddf_name_collision;ddf_rowcount_bad
AL02259,ddf_name_collision;ddf_rowcount_bad
AL02263,ddf_name_collision;ddf_rowcount_bad
AL02308,ddf_name_collision;ddf_rowcount_bad
AL02334,ddf_name_collision
AL02343,ddf_name_collision;ddf_rowcount_bad
AL02353,ddf_name_collision;ddf_rowcount_bad
AL02367,ddf_name_collision;tail_sensitivity_lost_name_collision
AL02420,ddf_name_collision;ddf_rowcount_bad
AL02448,ddf_name_collision;ddf_rowcount_bad
AL02449,ddf_name_collision;ddf_rowcount_bad
AL02450,ddf_name_collision;ddf_rowcount_bad
AL02455,ddf_name_collision;ddf_rowcount_bad
AL02549,ddf_name_collision;ddf_rowcount_bad
AL05901,ddf_name_collision;ddf_rowcount_bad;tail_sensitivity_lost_name_collision
AL05902,ddf_name_collision;ddf_rowcount_bad;synthetic_purged_rerun_ok;tail_sensitivity_lost_name_collision
AL05903,ddf_name_collision;ddf_rowcount_bad
AL07701,ddf_name_collision;ddf_rowcount_bad;tail_sensitivity_lost_name_collision
AL07702,ddf_name_collision;ddf_rowcount_bad;narrow_elevation_band;old_manifest_vintage;pre_centralization_no_aux;synthetic_cloud_unauditable;tail_sensitivity_lost_name_collision
AL82401,ddf_name_collision;ddf_rowcount_bad
AL83001,narrow_elevation_band;old_manifest_vintage;pre_centralization_no_aux;synthetic_cloud_unauditable
AR00001,ddf_name_collision;ddf_rowcount_bad;tail_sensitivity_lost_name_collision
AR00010,ddf_name_collision;ddf_rowcount_bad
AR00011,ddf_name_collision;ddf_rowcount_bad
AR00013,ddf_name_collision;tail_sensitivity_lost_name_collision
AR00014,ddf_name_collision;tail_sensitivity_lost_name_collision
AR00017,ddf_name_collision;ddf_rowcount_bad
AR00018,ddf_name_collision;ddf_rowcount_bad
AR00019,ddf_name_collision;ddf_rowcount_bad
AR00027,ddf_name_collision;ddf_rowcount_bad;tail_sensitivity_lost_name_collision
AR00028,ddf_name_collision;ddf_rowcount_bad;tail_sensitivity_lost_name_collision
AR00031,ddf_name_collision;ddf_rowcount_bad
AR00037,ddf_name_collision;ddf_rowcount_bad
AR00039,ddf_name_collision;ddf_rowcount_bad
AR00044,ddf_name_collision;ddf_rowcount_bad
AR00045,ddf_name_collision;ddf_rowcount_bad
AR00048,ddf_name_collision;ddf_rowcount_bad;tail_sensitivity_lost_name_collision
AR00051,ddf_name_collision;ddf_rowcount_bad
AR00052,ddf_name_collision;ddf_rowcount_bad
AR00055,ddf_name_collision;ddf_rowcount_bad
AR00056,ddf_name_collision;ddf_rowcount_bad;tail_sensitivity_lost_name_collision
AR00057,ddf_name_collision;ddf_rowcount_bad
AR00059,ddf_name_collision;ddf_rowcount_bad;tail_sensitivity_lost_name_collision
AR00060,ddf_name_collision;ddf_rowcount_bad
AR00063,ddf_name_collision;ddf_rowcount_bad;tail_sensitivity_lost_name_collision
AR00064,ddf_name_collision;ddf_rowcount_bad
AR00066,ddf_name_collision;ddf_rowcount_bad
AR00068,ddf_name_collision;ddf_rowcount_bad
AR00069,ddf_name_collision;ddf_rowcount_bad
AR00073,ddf_name_collision;ddf_rowcount_bad
AR00076,ddf_name_collision;ddf_rowcount_bad;tail_sensitivity_lost_name_collision
AR00077,ddf_name_collision;ddf_rowcount_bad
AR00079,ddf_name_collision;ddf_rowcount_bad
AR00081,narrow_elevation_band;old_manifest_vintage;pre_centralization_no_aux;synthetic_prefix_audited_clean
AR00087,ddf_name_collision;ddf_rowcount_bad
AR00089,ddf_name_collision;ddf_rowcount_bad
AR00096,ddf_name_collision;ddf_rowcount_bad
AR00097,ddf_name_collision;ddf_rowcount_bad
AR00101,ddf_name_collision;ddf_rowcount_bad
AR00103,ddf_name_collision;ddf_rowcount_bad
AR00107,ddf_name_collision;ddf_rowcount_bad
AR00109,ddf_name_collision;ddf_rowcount_bad
AR00113,ddf_name_collision;ddf_rowcount_bad
AR00117,ddf_name_collision;ddf_rowcount_bad
AR00119,ddf_name_collision
AR00122,ddf_name_collision;ddf_rowcount_bad
AR00129,ddf_name_collision;ddf_rowcount_bad
AR00130,ddf_name_collision;ddf_rowcount_bad
AR00131,ddf_name_collision;ddf_rowcount_bad
AR00134,ddf_name_collision;ddf_rowcount_bad
AR00141,ddf_name_collision;ddf_rowcount_bad
AR00150,narrow_elevation_band;old_manifest_vintage;pre_centralization_no_aux;synthetic_cloud_unauditable
AR00157,narrow_elevation_band;old_manifest_vintage;pre_centralization_no_aux;synthetic_prefix_audited_clean
AR00158,narrow_elevation_band;synthetic_cloud_unauditable
AR00159,narrow_elevation_band;old_manifest_vintage;pre_centralization_no_aux;synthetic_cloud_unauditable
AR00160,narrow_elevation_band;old_manifest_vintage;pre_centralization_no_aux;synthetic_cloud_unauditable
AR00162,narrow_elevation_band;old_manifest_vintage;pre_centralization_no_aux;synthetic_cloud_unauditable
AR00164,narrow_elevation_band;old_manifest_vintage;pre_centralization_no_aux;synthetic_prefix_audited_clean
AR00171,old_manifest_vintage
AR00173,old_manifest_vintage
AR00174,ddf_name_collision;ddf_rowcount_bad;narrow_elevation_band;old_manifest_vintage;pre_centralization_no_aux;synthetic_cloud_unauditable;tail_sensitivity_lost_name_collision
AR00176,ddf_name_collision;ddf_rowcount_bad
AR00199,ddf_name_collision;ddf_rowcount_bad
AR00201,ddf_name_collision;ddf_rowcount_bad
AR00206,ddf_name_collision;ddf_rowcount_bad
AR00207,ddf_name_collision;ddf_rowcount_bad
AR00209,ddf_name_collision;ddf_rowcount_bad
AR00221,ddf_name_collision;ddf_rowcount_bad
AR00222,ddf_name_collision;ddf_rowcount_bad;tail_sensitivity_lost_name_collision
AR00225,ddf_name_collision;ddf_rowcount_bad
AR00226,ddf_name_collision;ddf_rowcount_bad
AR00228,ddf_name_collision;tail_sensitivity_lost_name_collision
AR00229,ddf_name_collision;tail_sensitivity_lost_name_collision
AR00231,ddf_name_collision;ddf_rowcount_bad;tail_sensitivity_lost_name_collision
AR00233,ddf_name_collision;ddf_rowcount_bad
AR00239,ddf_name_collision;ddf_rowcount_bad
AR00248,ddf_name_collision;ddf_rowcount_bad
AR00249,ddf_name_collision;tail_sensitivity_lost_name_collision
AR00250,ddf_name_collision;ddf_rowcount_bad;tail_sensitivity_lost_name_collision
AR00253,ddf_name_collision;ddf_rowcount_bad
AR00254,ddf_name_collision;ddf_rowcount_bad;tail_sensitivity_lost_name_collision
AR00256,ddf_name_collision;ddf_rowcount_bad
AR00260,ddf_name_collision;ddf_rowcount_bad;tail_sensitivity_lost_name_collision
AR00264,ddf_name_collision;ddf_rowcount_bad
AR00265,ddf_name_collision;ddf_rowcount_bad;tail_sensitivity_lost_name_collision
AR00266,ddf_name_collision;tail_sensitivity_lost_name_collision
AR00272,ddf_name_collision;ddf_rowcount_bad
AR00275,ddf_name_collision;ddf_rowcount_bad
AR00282,ddf_name_collision;ddf_rowcount_bad
AR00284,ddf_name_collision;ddf_rowcount_bad;tail_sensitivity_lost_name_collision
AR00285,ddf_name_collision;ddf_rowcount_bad;tail_sensitivity_lost_name_collision
AR00291,ddf_name_collision;ddf_rowcount_bad
AR00296,ddf_name_collision;ddf_rowcount_bad;tail_sensitivity_lost_name_collision
AR00302,ddf_name_collision;ddf_rowcount_bad
AR00313,ddf_name_collision;ddf_rowcount_bad
AR00346,ddf_name_collision;ddf_rowcount_bad
AR00347,ddf_name_collision;ddf_rowcount_bad
AR00351,ddf_name_collision;ddf_rowcount_bad
AR00355,ddf_name_collision;ddf_rowcount_bad;tail_sensitivity_lost_name_collision
AR00359,ddf_name_collision;ddf_rowcount_bad
AR00361,ddf_name_collision;ddf_rowcount_bad
AR00384,ddf_name_collision;ddf_rowcount_bad
AR00387,ddf_name_collision;ddf_rowcount_bad
AR00388,ddf_name_collision;ddf_rowcount_bad
AR00395,ddf_name_collision;ddf_rowcount_bad
AR00396,ddf_name_collision;ddf_rowcount_bad
AR00397,ddf_name_collision;ddf_rowcount_bad
AR00402,ddf_name_collision;ddf_rowcount_bad
AR00433,ddf_name_collision;ddf_rowcount_bad
AR00434,ddf_name_collision;ddf_rowcount_bad
AR00441,ddf_name_collision;tail_sensitivity_lost_name_collision
AR00444,ddf_name_collision
AR00446,narrow_elevation_band;synthetic_prefix_audited_clean
AR00450,ddf_name_collision;ddf_rowcount_bad
AR00470,ddf_name_collision;ddf_rowcount_bad
AR00472,ddf_name_collision;ddf_rowcount_bad
AR00483,ddf_name_collision;ddf_rowcount_bad
AR00484,ddf_name_collision;ddf_rowcount_bad
AR00486,ddf_name_collision;ddf_rowcount_bad
AR00489,ddf_name_collision;ddf_rowcount_bad
AR00491,ddf_name_collision;ddf_rowcount_bad
AR00493,ddf_name_collision;ddf_rowcount_bad
AR00513,ddf_name_collision;ddf_rowcount_bad
AR00515,ddf_name_collision;ddf_rowcount_bad
AR00516,ddf_name_collision;ddf_rowcount_bad
AR00526,ddf_name_collision;ddf_rowcount_bad
AR00527,ddf_name_collision;ddf_rowcount_bad
AR00528,ddf_name_collision;ddf_rowcount_bad
AR00534,ddf_name_collision;ddf_rowcount_bad;narrow_elevation_band;old_manifest_vintage;pre_centralization_no_aux;synthetic_prefix_audited_clean
AR00537,ddf_name_collision;ddf_rowcount_bad
AR00550,ddf_name_collision;ddf_rowcount_bad
AR00566,ddf_name_collision;tail_sensitivity_lost_name_collision
AR00571,ddf_name_collision;ddf_rowcount_bad
AR00577,ddf_name_collision;ddf_rowcount_bad
AR00584,ddf_name_collision;ddf_rowcount_bad
AR00589,ddf_name_collision;ddf_rowcount_bad
AR00593,ddf_name_collision;ddf_rowcount_bad
AR00608,ddf_name_collision;ddf_rowcount_bad
AR00614,ddf_name_collision;ddf_rowcount_bad
AR00627,ddf_name_collision;ddf_rowcount_bad
AR00629,ddf_name_collision;ddf_rowcount_bad
AR00630,ddf_name_collision;ddf_rowcount_bad
AR00637,ddf_name_collision;ddf_rowcount_bad
AR00647,ddf_name_collision;ddf_rowcount_bad
AR00669,ddf_name_collision;ddf_rowcount_bad
AR00680,ddf_name_collision;ddf_rowcount_bad
AR00682,ddf_name_collision;ddf_rowcount_bad
AR00683,ddf_name_collision;ddf_rowcount_bad
AR00686,ddf_name_collision;ddf_rowcount_bad
AR00687,ddf_name_collision;ddf_rowcount_bad
AR00690,ddf_name_collision;ddf_rowcount_bad;tail_sensitivity_lost_name_collision
AR00722,ddf_name_collision;ddf_rowcount_bad;tail_sensitivity_lost_name_collision
AR00726,ddf_name_collision;ddf_rowcount_bad
AR00727,ddf_name_collision;ddf_rowcount_bad
AR00728,ddf_name_collision
AR00734,ddf_name_collision;ddf_rowcount_bad
AR00737,ddf_name_collision;ddf_rowcount_bad
AR00738,ddf_name_collision;ddf_rowcount_bad
AR00739,ddf_name_collision;ddf_rowcount_bad
AR00743,ddf_name_collision;ddf_rowcount_bad
AR00744,ddf_name_collision
AR00745,ddf_name_collision;ddf_rowcount_bad
AR00747,ddf_name_collision;ddf_rowcount_bad
AR00748,ddf_name_collision;ddf_rowcount_bad
AR00751,ddf_name_collision;ddf_rowcount_bad
AR00753,ddf_name_collision;ddf_rowcount_bad
AR00754,ddf_name_collision;ddf_rowcount_bad;tail_sensitivity_lost_name_collision
AR00763,ddf_name_collision;ddf_rowcount_bad
AR00765,ddf_name_collision;ddf_rowcount_bad;tail_sensitivity_lost_name_collision
AR00768,ddf_name_collision;ddf_rowcount_bad
AR00769,ddf_name_collision;ddf_rowcount_bad
AR00773,ddf_name_collision;ddf_rowcount_bad
AR00777,ddf_name_collision;ddf_rowcount_bad
AR00781,ddf_name_collision;ddf_rowcount_bad
AR00783,ddf_name_collision;ddf_rowcount_bad
AR00785,ddf_name_collision;ddf_rowcount_bad
AR00786,ddf_name_collision;ddf_rowcount_bad
AR00791,ddf_name_collision;ddf_rowcount_bad
AR00795,ddf_name_collision;ddf_rowcount_bad
AR00796,ddf_name_collision;ddf_rowcount_bad
AR00802,ddf_name_collision;ddf_rowcount_bad
AR00806,ddf_name_collision;ddf_rowcount_bad;tail_sensitivity_lost_name_collision
AR00812,ddf_name_collision;ddf_rowcount_bad
AR00813,ddf_name_collision;ddf_rowcount_bad
AR00814,ddf_name_collision;ddf_rowcount_bad
AR00815,ddf_name_collision;ddf_rowcount_bad
AR00818,ddf_name_collision;ddf_rowcount_bad
AR00821,ddf_name_collision;ddf_rowcount_bad
AR00823,ddf_name_collision;ddf_rowcount_bad
AR00826,ddf_name_collision;ddf_rowcount_bad
AR00835,ddf_name_collision;ddf_rowcount_bad
AR00841,ddf_name_collision;ddf_rowcount_bad
AR00865,ddf_name_collision;ddf_rowcount_bad;tail_sensitivity_lost_name_collision
AR00867,ddf_name_collision;ddf_rowcount_bad
AR00879,ddf_name_collision;ddf_rowcount_bad
AR00886,ddf_name_collision;ddf_rowcount_bad
AR00899,ddf_name_collision;ddf_rowcount_bad
AR00900,ddf_name_collision;ddf_rowcount_bad
AR00902,ddf_name_collision;ddf_rowcount_bad
AR00907,ddf_name_collision;ddf_rowcount_bad
AR00908,ddf_name_collision;ddf_rowcount_bad
AR00910,ddf_name_collision;ddf_rowcount_bad
AR00916,ddf_name_collision;ddf_rowcount_bad
AR00917,ddf_name_collision;ddf_rowcount_bad
AR00918,ddf_name_collision;ddf_rowcount_bad;tail_sensitivity_lost_name_collision
AR00921,ddf_name_collision;ddf_rowcount_bad
AR00922,ddf_name_collision;ddf_rowcount_bad
AR00928,ddf_name_collision;ddf_rowcount_bad
AR00932,ddf_name_collision;ddf_rowcount_bad
AR00943,ddf_name_collision;ddf_rowcount_bad;tail_sensitivity_lost_name_collision
AR00944,ddf_name_collision;tail_sensitivity_lost_name_collision
AR00945,ddf_name_collision;ddf_rowcount_bad
AR00950,ddf_name_collision;ddf_rowcount_bad
AR00960,ddf_name_collision;ddf_rowcount_bad
AR00961,ddf_name_collision;tail_sensitivity_lost_name_collision
AR00962,ddf_name_collision;ddf_rowcount_bad
AR00963,ddf_name_collision;ddf_rowcount_bad
AR00968,ddf_name_collision;ddf_rowcount_bad
AR00969,ddf_name_collision;ddf_rowcount_bad
AR00976,ddf_name_collision;ddf_rowcount_bad
AR00978,ddf_name_collision;ddf_rowcount_bad
AR00979,ddf_name_collision;ddf_rowcount_bad
AR00980,ddf_name_collision;ddf_rowcount_bad;tail_sensitivity_lost_name_collision
AR01017,ddf_name_collision;ddf_rowcount_bad;tail_sensitivity_lost_name_collision
AR01018,ddf_name_collision;ddf_rowcount_bad
AR01030,ddf_name_collision;ddf_rowcount_bad
AR01035,ddf_name_collision;ddf_rowcount_bad
AR01038,ddf_name_collision;ddf_rowcount_bad
AR01043,ddf_name_collision;ddf_rowcount_bad
AR01049,ddf_name_collision;ddf_rowcount_bad
AR01053,ddf_name_collision;ddf_rowcount_bad
AR01054,ddf_name_collision;ddf_rowcount_bad
AR01065,ddf_name_collision;ddf_rowcount_bad
AR01066,ddf_name_collision;ddf_rowcount_bad
AR01067,ddf_name_collision;ddf_rowcount_bad
AR01070,ddf_name_collision;tail_sensitivity_lost_name_collision
AR01074,ddf_name_collision;ddf_rowcount_bad
AR01081,ddf_name_collision;ddf_rowcount_bad
AR01093,ddf_name_collision;ddf_rowcount_bad
AR01104,ddf_name_collision;ddf_rowcount_bad
AR01106,ddf_name_collision;ddf_rowcount_bad;tail_sensitivity_lost_name_collision
AR01112,ddf_name_collision;ddf_rowcount_bad
AR01117,ddf_name_collision;ddf_rowcount_bad
AR01125,ddf_name_collision;tail_sensitivity_lost_name_collision
AR01128,ddf_name_collision;ddf_rowcount_bad
AR01129,ddf_name_collision;ddf_rowcount_bad
AR01131,ddf_name_collision
AR01135,ddf_name_collision;ddf_rowcount_bad
AR01140,ddf_name_collision;ddf_rowcount_bad
AR01141,ddf_name_collision;ddf_rowcount_bad
AR01142,ddf_name_collision;ddf_rowcount_bad
AR01143,ddf_name_collision;ddf_rowcount_bad
AR01147,ddf_name_collision;ddf_rowcount_bad
AR01154,ddf_name_collision;ddf_rowcount_bad
AR01155,ddf_name_collision;ddf_rowcount_bad
AR01159,ddf_name_collision;ddf_rowcount_bad
AR01169,ddf_name_collision;ddf_rowcount_bad
AR01171,ddf_name_collision;ddf_rowcount_bad
AR01172,ddf_name_collision;ddf_rowcount_bad
AR01173,ddf_name_collision;ddf_rowcount_bad
AR01174,ddf_name_collision;ddf_rowcount_bad
AR01176,ddf_name_collision;ddf_rowcount_bad
AR01179,ddf_name_collision;ddf_rowcount_bad
AR01182,ddf_name_collision;ddf_rowcount_bad
AR01183,ddf_name_collision;ddf_rowcount_bad
AR01184,ddf_name_collision;ddf_rowcount_bad
AR01193,ddf_name_collision;ddf_rowcount_bad
AR01198,ddf_name_collision
AR01208,ddf_name_collision;ddf_rowcount_bad
AR01209,ddf_name_collision;ddf_rowcount_bad;tail_sensitivity_lost_name_collision
AR01212,ddf_name_collision;ddf_rowcount_bad
AR01220,ddf_name_collision;ddf_rowcount_bad
AR01226,ddf_name_collision;ddf_rowcount_bad
AR01231,ddf_name_collision;ddf_rowcount_bad
AR01242,ddf_name_collision;ddf_rowcount_bad
AR01243,ddf_name_collision;ddf_rowcount_bad
AR01244,ddf_name_collision;ddf_rowcount_bad
AR01255,ddf_name_collision;ddf_rowcount_bad
AR01256,ddf_name_collision;ddf_rowcount_bad
AR01259,ddf_name_collision;ddf_rowcount_bad
AR01260,ddf_name_collision;ddf_rowcount_bad;tail_sensitivity_lost_name_collision
AR01264,ddf_name_collision;ddf_rowcount_bad
AR01271,ddf_name_collision;ddf_rowcount_bad
AR01272,ddf_name_collision;ddf_rowcount_bad
AR01274,ddf_name_collision;ddf_rowcount_bad
AR01283,ddf_name_collision;ddf_rowcount_bad
AR01289,ddf_name_collision;ddf_rowcount_bad
AR01299,ddf_name_collision;ddf_rowcount_bad
AR01301,ddf_name_collision;ddf_rowcount_bad
AR01303,ddf_name_collision;ddf_rowcount_bad
AR01305,ddf_name_collision;ddf_rowcount_bad
AR01306,ddf_name_collision;ddf_rowcount_bad
AR01307,ddf_name_collision;ddf_rowcount_bad
AR01309,ddf_name_collision;ddf_rowcount_bad
AR01310,ddf_name_collision;ddf_rowcount_bad
AR01422,ddf_name_collision;tail_sensitivity_lost_name_collision
AR01438,ddf_name_collision
AR01440,ddf_name_collision;tail_sensitivity_lost_name_collision
AR01460,ddf_name_collision;tail_sensitivity_lost_name_collision
AR01478,ddf_name_collision;tail_sensitivity_lost_name_collision
AR01487,ddf_name_collision
AR01492,ddf_name_collision;tail_sensitivity_lost_name_collision
AR01516,ddf_name_collision;tail_sensitivity_lost_name_collision
AR01527,ddf_name_collision;ddf_rowcount_bad
AR01528,ddf_name_collision
AR01535,ddf_name_collision;ddf_rowcount_bad
AR01541,ddf_name_collision;ddf_rowcount_bad
AR01554,ddf_name_collision;ddf_rowcount_bad
AR83002,ddf_name_collision
AR9999.8,ddf_name_collision;ddf_rowcount_bad
AZ00008,ddf_name_collision;ddf_rowcount_bad;tail_sensitivity_lost_name_collision
AZ00012,ddf_name_collision;ddf_rowcount_bad
AZ00019,ddf_name_collision;tail_sensitivity_lost_name_collision
AZ00020,ddf_name_collision;ddf_rowcount_bad
AZ00044,ddf_name_collision;ddf_rowcount_bad
AZ00048,ddf_name_collision;ddf_rowcount_bad
AZ00056,ddf_name_collision
AZ00061,ddf_name_collision;tail_sensitivity_lost_name_collision
AZ00073,ddf_name_collision;ddf_rowcount_bad
AZ00088,ddf_name_collision;ddf_rowcount_bad
AZ00092,ddf_name_collision;ddf_rowcount_bad
AZ00100,ddf_name_collision
AZ00106,ddf_name_collision;tail_sensitivity_lost_name_collision
AZ00112,ddf_name_collision;ddf_rowcount_bad
AZ00127,ddf_name_collision;ddf_rowcount_bad;tail_sensitivity_lost_name_collision
AZ00138,ddf_name_collision;tail_sensitivity_lost_name_collision
AZ00139,ddf_name_collision
AZ00160,ddf_name_collision;ddf_rowcount_bad
AZ00164,ddf_name_collision;ddf_rowcount_bad
AZ00168,ddf_name_collision
AZ00174,ddf_name_collision;ddf_rowcount_bad
AZ00181,ddf_name_collision;ddf_rowcount_bad
AZ00184,ddf_name_collision;ddf_rowcount_bad
AZ00202,narrow_elevation_band;old_manifest_vintage
AZ00214,ddf_name_collision
AZ00218,ddf_name_collision
AZ00231,ddf_name_collision;ddf_rowcount_bad;tail_sensitivity_lost_name_collision
AZ00306,ddf_name_collision;ddf_rowcount_bad;tail_sensitivity_lost_name_collision
AZ10002,narrow_elevation_band;old_manifest_vintage;pre_centralization_no_aux;synthetic_cloud_unauditable
AZ10007,narrow_elevation_band;old_manifest_vintage
AZ10008,narrow_elevation_band;old_manifest_vintage;pre_centralization_no_aux;synthetic_cloud_unauditable
AZ10142,ddf_name_collision;ddf_rowcount_bad
AZ10159,ddf_name_collision;ddf_rowcount_bad
AZ10307,narrow_elevation_band;old_manifest_vintage;pre_centralization_no_aux;synthetic_cloud_unauditable
AZ10308,narrow_elevation_band;old_manifest_vintage;pre_centralization_no_aux;synthetic_prefix_audited_clean
AZ10309,narrow_elevation_band;old_manifest_vintage;pre_centralization_no_aux;synthetic_cloud_unauditable
AZ10310,ddf_name_collision;narrow_elevation_band;old_manifest_vintage;pre_centralization_no_aux;synthetic_prefix_audited_clean;tail_sensitivity_lost_name_collision
AZ10311,narrow_elevation_band;old_manifest_vintage;pre_centralization_no_aux;synthetic_prefix_audited_clean
AZ10312,ddf_name_collision;narrow_elevation_band;old_manifest_vintage;pre_centralization_no_aux;synthetic_prefix_audited_clean;tail_sensitivity_lost_name_collision
AZ10317,narrow_elevation_band;old_manifest_vintage;pre_centralization_no_aux;synthetic_cloud_unauditable
AZ10381,ddf_name_collision
AZ10436,narrow_elevation_band;old_manifest_vintage;pre_centralization_no_aux;synthetic_cloud_unauditable
AZ82203,narrow_elevation_band;old_manifest_vintage;pre_centralization_no_aux;synthetic_cloud_unauditable
AZ82929,narrow_elevation_band;old_manifest_vintage;pre_centralization_no_aux;synthetic_cloud_unauditable
CA00005,ddf_name_collision;ddf_rowcount_bad;tail_sensitivity_lost_name_collision
CA00020,ddf_name_collision
CA00026,ddf_name_collision;ddf_rowcount_bad
CA00031,ddf_name_collision;ddf_rowcount_bad
CA00035,narrow_elevation_band;old_manifest_vintage;pre_centralization_no_aux;synthetic_cloud_unauditable
CA00037,ddf_name_collision;ddf_rowcount_bad;tail_sensitivity_lost_name_collision
CA00039,narrow_elevation_band;old_manifest_vintage
CA00043,narrow_elevation_band;old_manifest_vintage
CA00044,narrow_elevation_band;old_manifest_vintage;pre_centralization_no_aux;synthetic_cloud_unauditable
CA00048,ddf_name_collision;ddf_rowcount_bad
CA00049,ddf_name_collision;ddf_rowcount_bad
CA00052,narrow_elevation_band;old_manifest_vintage;pre_centralization_no_aux;synthetic_prefix_audited_clean
CA00054,narrow_elevation_band;old_manifest_vintage;pre_centralization_no_aux;synthetic_prefix_audited_clean
CA00059,ddf_name_collision;ddf_rowcount_bad
CA00060,ddf_name_collision;ddf_rowcount_bad
CA00071,ddf_name_collision;ddf_rowcount_bad
CA00081,ddf_name_collision;ddf_rowcount_bad;tail_sensitivity_lost_name_collision
CA00083,ddf_name_collision;tail_sensitivity_lost_name_collision
CA00090,narrow_elevation_band;old_manifest_vintage;pre_centralization_no_aux;synthetic_prefix_audited_clean
CA00098,ddf_name_collision;tail_sensitivity_lost_name_collision
CA00106,ddf_name_collision;ddf_rowcount_bad
CA00109,ddf_name_collision;ddf_rowcount_bad
CA00111,narrow_elevation_band;old_manifest_vintage;pre_centralization_no_aux;synthetic_prefix_audited_clean
CA00113,narrow_elevation_band;old_manifest_vintage;pre_centralization_no_aux;synthetic_prefix_audited_clean
CA00114,ddf_name_collision
CA00116,ddf_name_collision;ddf_rowcount_bad
CA00123,narrow_elevation_band;old_manifest_vintage;pre_centralization_no_aux;synthetic_cloud_unauditable
CA00124,ddf_name_collision;ddf_rowcount_bad
CA00125,ddf_name_collision;narrow_elevation_band;old_manifest_vintage;pre_centralization_no_aux;synthetic_cloud_unauditable;tail_sensitivity_lost_name_collision
CA00126,narrow_elevation_band;old_manifest_vintage
CA00156,ddf_name_collision;tail_sensitivity_lost_name_collision
CA00162,ddf_name_collision
CA00164,narrow_elevation_band;old_manifest_vintage;pre_centralization_no_aux;synthetic_prefix_audited_clean
CA00170,ddf_name_collision;ddf_rowcount_bad
CA00171,ddf_name_collision;ddf_rowcount_bad
CA00173,narrow_elevation_band;old_manifest_vintage;pre_centralization_no_aux;synthetic_cloud_unauditable
CA00177,ddf_name_collision;ddf_rowcount_bad
CA00180,ddf_name_collision;ddf_rowcount_bad
CA00183,ddf_name_collision;ddf_rowcount_bad
CA00184,ddf_name_collision;ddf_rowcount_bad
CA00208,ddf_name_collision;ddf_rowcount_bad
CA00212,narrow_elevation_band;old_manifest_vintage;pre_centralization_no_aux;synthetic_prefix_audited_clean
CA00216,ddf_name_collision;ddf_rowcount_bad;tail_sensitivity_lost_name_collision
CA00221,ddf_name_collision;ddf_rowcount_bad
CA00227,narrow_elevation_band;old_manifest_vintage;pre_centralization_no_aux;synthetic_prefix_audited_clean
CA00232,ddf_name_collision;ddf_rowcount_bad
CA00233,narrow_elevation_band;old_manifest_vintage
CA00240,narrow_elevation_band;old_manifest_vintage;pre_centralization_no_aux;synthetic_cloud_unauditable
CA00252,ddf_name_collision
CA00255,ddf_name_collision;ddf_rowcount_bad
CA00260,ddf_name_collision;ddf_rowcount_bad
CA00263,narrow_elevation_band;old_manifest_vintage
CA00268,ddf_name_collision;tail_sensitivity_lost_name_collision
CA00269,narrow_elevation_band;old_manifest_vintage
CA00274,ddf_name_collision;ddf_rowcount_bad;tail_sensitivity_lost_name_collision
CA00276,ddf_name_collision;ddf_rowcount_bad
CA00281,narrow_elevation_band;old_manifest_vintage;pre_centralization_no_aux;synthetic_cloud_unauditable
CA00283,narrow_elevation_band;old_manifest_vintage;pre_centralization_no_aux;synthetic_prefix_audited_clean
CA00284,narrow_elevation_band;old_manifest_vintage
CA00287,ddf_name_collision;ddf_rowcount_bad
CA00288,ddf_name_collision;tail_sensitivity_lost_name_collision
CA00290,ddf_name_collision;tail_sensitivity_lost_name_collision
CA00292,ddf_name_collision
CA00294,ddf_name_collision;ddf_rowcount_bad;narrow_elevation_band;old_manifest_vintage;tail_sensitivity_lost_name_collision
CA00297,ddf_name_collision;ddf_rowcount_bad
CA00299,ddf_name_collision;tail_sensitivity_lost_name_collision
CA00327,narrow_elevation_band;old_manifest_vintage;pre_centralization_no_aux;synthetic_cloud_unauditable
CA00328,ddf_name_collision;tail_sensitivity_lost_name_collision
CA00330,ddf_name_collision;ddf_rowcount_bad;tail_sensitivity_lost_name_collision
CA00332,narrow_elevation_band;old_manifest_vintage
CA00334,ddf_name_collision;ddf_rowcount_bad
CA00346,ddf_name_collision
CA00347,ddf_name_collision;tail_sensitivity_lost_name_collision
CA00353,ddf_name_collision;ddf_rowcount_bad
CA00366,ddf_name_collision;ddf_rowcount_bad;tail_sensitivity_lost_name_collision
CA00368,ddf_name_collision;ddf_rowcount_bad
CA00374,ddf_name_collision;ddf_rowcount_bad;tail_sensitivity_lost_name_collision
CA00377,ddf_name_collision;ddf_rowcount_bad;tail_sensitivity_lost_name_collision
CA00381,ddf_name_collision;ddf_rowcount_bad;tail_sensitivity_lost_name_collision
CA00382,narrow_elevation_band;old_manifest_vintage;pre_centralization_no_aux;synthetic_prefix_audited_clean
CA00384,ddf_name_collision;ddf_rowcount_bad;tail_sensitivity_lost_name_collision
CA00398,ddf_name_collision;tail_sensitivity_lost_name_collision
CA00406,ddf_name_collision;ddf_rowcount_bad
CA00411,narrow_elevation_band;old_manifest_vintage
CA00412,ddf_name_collision;ddf_rowcount_bad;narrow_elevation_band;old_manifest_vintage;pre_centralization_no_aux;synthetic_prefix_audited_clean
CA00424,ddf_name_collision;ddf_rowcount_bad
CA00425,ddf_name_collision;narrow_elevation_band;old_manifest_vintage;pre_centralization_no_aux;synthetic_prefix_audited_clean
CA00433,ddf_name_collision;tail_sensitivity_lost_name_collision
CA00434,narrow_elevation_band;old_manifest_vintage
CA00437,narrow_elevation_band;old_manifest_vintage;pre_centralization_no_aux;synthetic_prefix_audited_clean
CA00438,ddf_name_collision;ddf_rowcount_bad
CA00441,narrow_elevation_band;old_manifest_vintage;pre_centralization_no_aux;synthetic_prefix_audited_clean
CA00443,narrow_elevation_band;old_manifest_vintage
CA00445,ddf_name_collision;ddf_rowcount_bad
CA00458,ddf_name_collision;tail_sensitivity_lost_name_collision
CA00469,ddf_name_collision;ddf_rowcount_bad
CA00475,ddf_name_collision;ddf_rowcount_bad
CA00480,ddf_name_collision;ddf_rowcount_bad;tail_sensitivity_lost_name_collision
CA00482,ddf_name_collision;ddf_rowcount_bad;tail_sensitivity_lost_name_collision
CA00485,ddf_name_collision;ddf_rowcount_bad
CA00489,ddf_name_collision;ddf_rowcount_bad
CA00494,ddf_name_collision;ddf_rowcount_bad
CA00495,ddf_name_collision;tail_sensitivity_lost_name_collision
CA00498,ddf_name_collision
CA00500,ddf_name_collision;ddf_rowcount_bad;tail_sensitivity_lost_name_collision
CA00508,ddf_name_collision;ddf_rowcount_bad
CA00509,ddf_name_collision;tail_sensitivity_lost_name_collision
CA00519,ddf_name_collision
CA00523,ddf_name_collision
CA00527,ddf_name_collision;ddf_rowcount_bad
CA00531,ddf_name_collision;ddf_rowcount_bad;tail_sensitivity_lost_name_collision
CA00532,ddf_name_collision;ddf_rowcount_bad
CA00533,ddf_name_collision;ddf_rowcount_bad
CA00534,ddf_name_collision;tail_sensitivity_lost_name_collision
CA00541,ddf_name_collision;ddf_rowcount_bad
CA00553,ddf_name_collision;ddf_rowcount_bad
CA00558,ddf_name_collision;ddf_rowcount_bad
CA00568,ddf_name_collision;ddf_rowcount_bad
CA00569,ddf_name_collision;ddf_rowcount_bad
CA00570,ddf_name_collision;ddf_rowcount_bad
CA00571,ddf_name_collision
CA00572,ddf_name_collision;ddf_rowcount_bad
CA00573,ddf_name_collision;ddf_rowcount_bad
CA00579,ddf_name_collision;ddf_rowcount_bad;tail_sensitivity_lost_name_collision
CA00597,ddf_name_collision
CA00601,ddf_name_collision;tail_sensitivity_lost_name_collision
CA00604,ddf_name_collision;ddf_rowcount_bad
CA00609,ddf_name_collision;ddf_rowcount_bad
CA00618,ddf_name_collision;tail_sensitivity_lost_name_collision
CA00625,ddf_name_collision;ddf_rowcount_bad
CA00627,ddf_name_collision;ddf_rowcount_bad
CA00628,ddf_name_collision;ddf_rowcount_bad
CA00629,ddf_name_collision;ddf_rowcount_bad
CA00630,ddf_name_collision;tail_sensitivity_lost_name_collision
CA00631,ddf_name_collision
CA00643,ddf_name_collision;ddf_rowcount_bad
CA00644,ddf_name_collision;tail_sensitivity_lost_name_collision
CA00652,ddf_name_collision;tail_sensitivity_lost_name_collision
CA00656,ddf_name_collision;tail_sensitivity_lost_name_collision
CA00667,ddf_name_collision;ddf_rowcount_bad
CA00671,ddf_name_collision;ddf_rowcount_bad
CA00679,ddf_name_collision;ddf_rowcount_bad
CA00682,ddf_name_collision;ddf_rowcount_bad
CA00688,ddf_name_collision;ddf_rowcount_bad
CA00690,ddf_name_collision;ddf_rowcount_bad
CA00694,ddf_name_collision;ddf_rowcount_bad
CA00700,ddf_name_collision;ddf_rowcount_bad
CA00703,ddf_name_collision;ddf_rowcount_bad
CA00708,ddf_name_collision;ddf_rowcount_bad
CA00712,ddf_name_collision;ddf_rowcount_bad
CA00717,ddf_name_collision;narrow_elevation_band;old_manifest_vintage;pre_centralization_no_aux;synthetic_prefix_audited_clean;tail_sensitivity_lost_name_collision
CA00721,ddf_name_collision
CA00726,ddf_name_collision;tail_sensitivity_lost_name_collision
CA00736,ddf_name_collision;ddf_rowcount_bad
CA00756,ddf_name_collision;ddf_rowcount_bad
CA00757,ddf_name_collision;narrow_elevation_band;old_manifest_vintage;tail_sensitivity_lost_name_collision
CA00758,ddf_name_collision;tail_sensitivity_lost_name_collision
CA00759,ddf_name_collision;tail_sensitivity_lost_name_collision
CA00760,ddf_name_collision
CA00769,ddf_name_collision;ddf_rowcount_bad
CA00770,ddf_name_collision;ddf_rowcount_bad
CA00776,ddf_name_collision;tail_sensitivity_lost_name_collision
CA00782,ddf_name_collision
CA00785,ddf_name_collision;tail_sensitivity_lost_name_collision
CA00788,ddf_name_collision;ddf_rowcount_bad
CA00800,ddf_name_collision
CA00808,ddf_name_collision;ddf_rowcount_bad
CA00810,ddf_name_collision;ddf_rowcount_bad;tail_sensitivity_lost_name_collision
CA00811,ddf_name_collision;tail_sensitivity_lost_name_collision
CA00812,narrow_elevation_band;old_manifest_vintage;pre_centralization_no_aux;synthetic_cloud_unauditable
CA00813,narrow_elevation_band;old_manifest_vintage;pre_centralization_no_aux;synthetic_cloud_unauditable
CA00816,narrow_elevation_band;old_manifest_vintage;pre_centralization_no_aux;synthetic_prefix_audited_clean
CA00817,ddf_name_collision;tail_sensitivity_lost_name_collision
CA00827,ddf_name_collision
CA00828,ddf_name_collision;tail_sensitivity_lost_name_collision
CA00838,ddf_name_collision;tail_sensitivity_lost_name_collision
CA00839,ddf_name_collision
CA00856,narrow_elevation_band;old_manifest_vintage;pre_centralization_no_aux;synthetic_prefix_audited_clean
CA00857,narrow_elevation_band;old_manifest_vintage;pre_centralization_no_aux;synthetic_prefix_audited_clean
CA00863,narrow_elevation_band;old_manifest_vintage;pre_centralization_no_aux;synthetic_cloud_unauditable
CA00869,ddf_name_collision;tail_sensitivity_lost_name_collision
CA00873,ddf_name_collision
CA00878,ddf_name_collision;ddf_rowcount_bad;tail_sensitivity_lost_name_collision
CA00888,ddf_name_collision;ddf_rowcount_bad
CA00894,ddf_name_collision;ddf_rowcount_bad;tail_sensitivity_lost_name_collision
CA00895,ddf_name_collision;ddf_rowcount_bad
CA00901,ddf_name_collision;ddf_rowcount_bad
CA00903,ddf_name_collision;ddf_rowcount_bad
CA00905,ddf_name_collision;ddf_rowcount_bad;tail_sensitivity_lost_name_collision
CA00910,ddf_name_collision
CA00911,narrow_elevation_band;old_manifest_vintage;pre_centralization_no_aux;synthetic_cloud_unauditable
CA00928,ddf_name_collision;ddf_rowcount_bad;tail_sensitivity_lost_name_collision
CA00940,ddf_name_collision;ddf_rowcount_bad
CA00945,ddf_name_collision;ddf_rowcount_bad
CA00946,ddf_name_collision;tail_sensitivity_lost_name_collision
CA00953,ddf_name_collision;ddf_rowcount_bad
CA00955,ddf_name_collision;ddf_rowcount_bad;tail_sensitivity_lost_name_collision
CA00965,ddf_name_collision;tail_sensitivity_lost_name_collision
CA00969,ddf_name_collision;ddf_rowcount_bad
CA00984,ddf_name_collision;ddf_rowcount_bad
CA00986,ddf_name_collision;ddf_rowcount_bad
CA00989,ddf_name_collision;ddf_rowcount_bad
CA00992,ddf_name_collision;ddf_rowcount_bad
CA00994,ddf_name_collision;ddf_rowcount_bad;tail_sensitivity_lost_name_collision
CA00997,ddf_name_collision;ddf_rowcount_bad;tail_sensitivity_lost_name_collision
CA01002,ddf_name_collision;ddf_rowcount_bad
CA01029,ddf_name_collision;ddf_rowcount_bad
CA01050,ddf_name_collision;ddf_rowcount_bad;tail_sensitivity_lost_name_collision
CA01052,ddf_name_collision;ddf_rowcount_bad
CA01061,ddf_name_collision;ddf_rowcount_bad
CA01107,narrow_elevation_band;old_manifest_vintage;pre_centralization_no_aux;synthetic_cloud_unauditable
CA01112,ddf_name_collision
CA01121,ddf_name_collision;ddf_rowcount_bad
CA01128,ddf_name_collision
CA01139,ddf_name_collision;ddf_rowcount_bad
CA01142,ddf_name_collision;ddf_rowcount_bad
CA01147,ddf_name_collision
CA01179,ddf_name_collision;tail_sensitivity_lost_name_collision
CA01180,ddf_name_collision;ddf_rowcount_bad
CA01187,ddf_name_collision;ddf_rowcount_bad
CA01192,ddf_name_collision;ddf_rowcount_bad
CA01206,ddf_name_collision;ddf_rowcount_bad
CA01209,ddf_name_collision
CA01212,ddf_name_collision
CA01213,ddf_name_collision;ddf_rowcount_bad;tail_sensitivity_lost_name_collision
CA01223,ddf_name_collision;ddf_rowcount_bad
CA01224,ddf_name_collision;narrow_elevation_band;old_manifest_vintage;pre_centralization_no_aux;synthetic_prefix_audited_clean;tail_sensitivity_lost_name_collision
CA01240,ddf_name_collision;ddf_rowcount_bad
CA01263,ddf_name_collision;ddf_rowcount_bad
CA01282,ddf_name_collision;ddf_rowcount_bad;tail_sensitivity_lost_name_collision
CA01289,ddf_name_collision;ddf_rowcount_bad
CA01291,ddf_name_collision;ddf_rowcount_bad
CA01293,ddf_name_collision
CA01294,ddf_name_collision;ddf_rowcount_bad
CA01309,ddf_name_collision;ddf_rowcount_bad
CA01310,ddf_name_collision;ddf_rowcount_bad
CA01354,ddf_name_collision;ddf_rowcount_bad
CA01355,ddf_name_collision;ddf_rowcount_bad
CA01392,ddf_name_collision;ddf_rowcount_bad;tail_sensitivity_lost_name_collision
CA01396,narrow_elevation_band;old_manifest_vintage;pre_centralization_no_aux;synthetic_prefix_audited_clean
CA01405,ddf_name_collision;tail_sensitivity_lost_name_collision
CA01410,narrow_elevation_band;old_manifest_vintage;pre_centralization_no_aux;synthetic_cloud_unauditable
CA01418,ddf_name_collision;ddf_rowcount_bad
CA01468,ddf_name_collision
CA01491,ddf_name_collision;ddf_rowcount_bad
CA01530,narrow_elevation_band;old_manifest_vintage;pre_centralization_no_aux;synthetic_prefix_audited_clean
CA01551,ddf_name_collision;ddf_rowcount_bad
CA10019,ddf_name_collision;ddf_rowcount_bad
CA10021,narrow_elevation_band;old_manifest_vintage;pre_centralization_no_aux;synthetic_prefix_audited_clean
CA10022,narrow_elevation_band;synthetic_cloud_unauditable
CA10101,ddf_name_collision;ddf_rowcount_bad
CA10102,narrow_elevation_band;old_manifest_vintage;pre_centralization_no_aux;synthetic_prefix_audited_clean
CA10103,ddf_name_collision;ddf_rowcount_bad
CA10106,narrow_elevation_band;old_manifest_vintage;pre_centralization_no_aux;synthetic_cloud_unauditable
CA10107,ddf_name_collision;tail_sensitivity_lost_name_collision
CA10109,narrow_elevation_band;old_manifest_vintage;pre_centralization_no_aux;synthetic_cloud_unauditable
CA10111,ddf_name_collision;ddf_rowcount_bad
CA10112,narrow_elevation_band;old_manifest_vintage;pre_centralization_no_aux;synthetic_cloud_unauditable
CA10114,narrow_elevation_band;old_manifest_vintage;pre_centralization_no_aux;synthetic_prefix_audited_clean
CA10119,ddf_name_collision;ddf_rowcount_bad
CA10123,ddf_name_collision;ddf_rowcount_bad;tail_sensitivity_lost_name_collision
CA10124,ddf_name_collision;ddf_rowcount_bad
CA10136,narrow_elevation_band;old_manifest_vintage;pre_centralization_no_aux;synthetic_prefix_audited_clean
CA10139,narrow_elevation_band;old_manifest_vintage;pre_centralization_no_aux;synthetic_cloud_unauditable
CA10141,narrow_elevation_band;old_manifest_vintage;pre_centralization_no_aux;synthetic_cloud_unauditable
CA10148,narrow_elevation_band;synthetic_cloud_unauditable
CA10154,narrow_elevation_band;old_manifest_vintage;pre_centralization_no_aux;synthetic_cloud_unauditable
CA10159,narrow_elevation_band;old_manifest_vintage;pre_centralization_no_aux;synthetic_prefix_audited_clean
CA10162,ddf_name_collision;ddf_rowcount_bad;narrow_elevation_band;old_manifest_vintage;pre_centralization_no_aux;synthetic_cloud_unauditable
CA10165,ddf_name_collision
CA10170,narrow_elevation_band;old_manifest_vintage;pre_centralization_no_aux;synthetic_cloud_unauditable
CA10183,narrow_elevation_band;old_manifest_vintage;pre_centralization_no_aux;synthetic_cloud_unauditable
CA10186,narrow_elevation_band;old_manifest_vintage;pre_centralization_no_aux;synthetic_cloud_unauditable
CA10192,narrow_elevation_band;old_manifest_vintage;pre_centralization_no_aux;synthetic_prefix_audited_clean
CA10195,ddf_name_collision;ddf_rowcount_bad
CA10196,narrow_elevation_band;old_manifest_vintage;pre_centralization_no_aux;synthetic_cloud_unauditable
CA10197,narrow_elevation_band;old_manifest_vintage;pre_centralization_no_aux;synthetic_cloud_unauditable
CA10201,narrow_elevation_band;old_manifest_vintage;pre_centralization_no_aux;synthetic_prefix_audited_clean
CA10202,ddf_name_collision;ddf_rowcount_bad
CA10204,narrow_elevation_band;old_manifest_vintage;pre_centralization_no_aux;synthetic_prefix_audited_clean
CA10216,ddf_name_collision;ddf_rowcount_bad
CA10219,ddf_name_collision;ddf_rowcount_bad
CA10222,ddf_name_collision
CA10225,ddf_name_collision
CA10226,ddf_name_collision;ddf_rowcount_bad
CA10232,ddf_name_collision;ddf_rowcount_bad;tail_sensitivity_lost_name_collision
CA10233,ddf_name_collision;tail_sensitivity_lost_name_collision
CA10239,ddf_name_collision;tail_sensitivity_lost_name_collision
CA10243,ddf_name_collision;narrow_elevation_band;old_manifest_vintage;pre_centralization_no_aux;synthetic_prefix_audited_clean
CA10244,narrow_elevation_band;old_manifest_vintage
CA10245,ddf_name_collision;ddf_rowcount_bad
CA10246,narrow_elevation_band;old_manifest_vintage;pre_centralization_no_aux;synthetic_cloud_unauditable
CA10264,ddf_name_collision;ddf_rowcount_bad
CA10303,old_manifest_vintage
CA10308,ddf_name_collision;ddf_rowcount_bad
CA10315,ddf_name_collision;ddf_rowcount_bad
CA10322,ddf_name_collision;ddf_rowcount_bad
CA10325,ddf_name_collision
CA10327,ddf_name_collision;tail_sensitivity_lost_name_collision
CA10328,ddf_name_collision;ddf_rowcount_bad
CA10329,ddf_name_collision;ddf_rowcount_bad
CA10330,ddf_name_collision;tail_sensitivity_lost_name_collision
CA10332,ddf_name_collision;ddf_rowcount_bad
CA10338,ddf_name_collision;tail_sensitivity_lost_name_collision
CA10360,ddf_name_collision;ddf_rowcount_bad
CA82460,ddf_name_collision
CA82463,ddf_name_collision;ddf_rowcount_bad
CA82474,ddf_name_collision;ddf_rowcount_bad
CA82492,ddf_name_collision;tail_sensitivity_lost_name_collision
CA82497,ddf_name_collision
CA82503,ddf_name_collision
CA82508,ddf_name_collision;ddf_rowcount_bad
CA82514,ddf_name_collision;ddf_rowcount_bad
CA82518,ddf_name_collision;ddf_rowcount_bad
CA82519,ddf_name_collision
CO00004,ddf_name_collision;ddf_rowcount_bad;tail_sensitivity_lost_name_collision
CO00007,ddf_name_collision;ddf_rowcount_bad
CO00012,ddf_name_collision;ddf_rowcount_bad
CO00016,ddf_name_collision;tail_sensitivity_lost_name_collision
CO00050,narrow_elevation_band;old_manifest_vintage;pre_centralization_no_aux;synthetic_prefix_audited_clean
CO00070,ddf_name_collision;tail_sensitivity_lost_name_collision
CO00072,ddf_name_collision;ddf_rowcount_bad
CO00074,ddf_name_collision;ddf_rowcount_bad
CO00096,ddf_name_collision;ddf_rowcount_bad
CO00112,ddf_name_collision;ddf_rowcount_bad;narrow_elevation_band;old_manifest_vintage
CO00124,ddf_name_collision;ddf_rowcount_bad
CO00127,ddf_name_collision;ddf_rowcount_bad
CO00129,ddf_name_collision;ddf_rowcount_bad
CO00130,ddf_name_collision;tail_sensitivity_lost_name_collision
CO00131,ddf_name_collision
CO00133,ddf_name_collision;tail_sensitivity_lost_name_collision
CO00139,ddf_name_collision;ddf_rowcount_bad;tail_sensitivity_lost_name_collision
CO00142,ddf_name_collision;ddf_rowcount_bad
CO00148,ddf_name_collision;ddf_rowcount_bad;tail_sensitivity_lost_name_collision
CO00150,ddf_name_collision;ddf_rowcount_bad;tail_sensitivity_lost_name_collision
CO00151,narrow_elevation_band;old_manifest_vintage
CO00163,ddf_name_collision;ddf_rowcount_bad
CO00182,ddf_name_collision;tail_sensitivity_lost_name_collision
CO00184,ddf_name_collision;ddf_rowcount_bad;tail_sensitivity_lost_name_collision
CO00193,ddf_name_collision;tail_sensitivity_lost_name_collision
CO00194,ddf_name_collision;tail_sensitivity_lost_name_collision
CO00200,ddf_name_collision;ddf_rowcount_bad;tail_sensitivity_lost_name_collision
CO00203,ddf_name_collision;tail_sensitivity_lost_name_collision
CO00208,ddf_name_collision;ddf_rowcount_bad
CO00213,ddf_name_collision;ddf_rowcount_bad
CO00217,ddf_name_collision;ddf_rowcount_bad
CO00219,ddf_name_collision;ddf_rowcount_bad
CO00220,ddf_name_collision;ddf_rowcount_bad
CO00224,ddf_name_collision;tail_sensitivity_lost_name_collision
CO00227,ddf_name_collision;ddf_rowcount_bad
CO00228,ddf_name_collision
CO00230,ddf_name_collision;ddf_rowcount_bad
CO00241,ddf_name_collision;ddf_rowcount_bad;tail_sensitivity_lost_name_collision
CO00249,ddf_name_collision;ddf_rowcount_bad;tail_sensitivity_lost_name_collision
CO00299,narrow_elevation_band;old_manifest_vintage;pre_centralization_no_aux;synthetic_cloud_unauditable
CO00307,ddf_name_collision;ddf_rowcount_bad
CO00341,ddf_name_collision;ddf_rowcount_bad
CO00351,narrow_elevation_band;old_manifest_vintage
CO00354,ddf_name_collision;ddf_rowcount_bad
CO00359,narrow_elevation_band;old_manifest_vintage
CO00363,ddf_name_collision
CO00366,ddf_name_collision;ddf_rowcount_bad;tail_sensitivity_lost_name_collision
CO00372,ddf_name_collision;ddf_rowcount_bad;tail_sensitivity_lost_name_collision
CO00375,ddf_name_collision;ddf_rowcount_bad;tail_sensitivity_lost_name_collision
CO00377,ddf_name_collision;ddf_rowcount_bad
CO00382,ddf_name_collision;tail_sensitivity_lost_name_collision
CO00384,ddf_name_collision;ddf_rowcount_bad;narrow_elevation_band;old_manifest_vintage;tail_sensitivity_lost_name_collision
CO00387,ddf_name_collision;ddf_rowcount_bad;tail_sensitivity_lost_name_collision
CO00393,ddf_name_collision;ddf_rowcount_bad
CO00397,ddf_name_collision;ddf_rowcount_bad;tail_sensitivity_lost_name_collision
CO00409,ddf_name_collision;ddf_rowcount_bad
CO00429,ddf_name_collision
CO00430,ddf_name_collision;ddf_rowcount_bad
CO00434,ddf_name_collision;tail_sensitivity_lost_name_collision
CO00439,ddf_name_collision;ddf_rowcount_bad
CO00440,ddf_name_collision;ddf_rowcount_bad
CO00442,ddf_name_collision;ddf_rowcount_bad
CO00443,ddf_name_collision;ddf_rowcount_bad
CO00457,ddf_name_collision
CO00478,ddf_name_collision;ddf_rowcount_bad
CO00487,ddf_name_collision
CO00489,ddf_name_collision;tail_sensitivity_lost_name_collision
CO00515,ddf_name_collision;tail_sensitivity_lost_name_collision
CO00543,ddf_name_collision;tail_sensitivity_lost_name_collision
CO00544,ddf_name_collision;ddf_rowcount_bad
CO00545,ddf_name_collision;ddf_rowcount_bad
CO00555,ddf_name_collision;ddf_rowcount_bad
CO00563,ddf_name_collision;ddf_rowcount_bad
CO00574,ddf_name_collision;ddf_rowcount_bad
CO00577,ddf_name_collision;tail_sensitivity_lost_name_collision
CO00587,ddf_name_collision;ddf_rowcount_bad
CO00600,ddf_name_collision;ddf_rowcount_bad
CO00605,ddf_name_collision;ddf_rowcount_bad
CO00606,ddf_name_collision;ddf_rowcount_bad
CO00607,ddf_name_collision;ddf_rowcount_bad
CO00620,ddf_name_collision;ddf_rowcount_bad;tail_sensitivity_lost_name_collision
CO00621,ddf_name_collision;ddf_rowcount_bad
CO00624,ddf_name_collision;ddf_rowcount_bad
CO00628,ddf_name_collision;ddf_rowcount_bad
CO00631,ddf_name_collision;ddf_rowcount_bad
CO00633,ddf_name_collision;ddf_rowcount_bad
CO00634,ddf_name_collision;ddf_rowcount_bad
CO00635,ddf_name_collision;ddf_rowcount_bad
CO00639,ddf_name_collision;tail_sensitivity_lost_name_collision
CO00640,ddf_name_collision;ddf_rowcount_bad;tail_sensitivity_lost_name_collision
CO00649,ddf_name_collision;ddf_rowcount_bad
CO00652,ddf_name_collision;ddf_rowcount_bad
CO00660,ddf_name_collision;ddf_rowcount_bad
CO00661,ddf_name_collision
CO00664,ddf_name_collision;ddf_rowcount_bad
CO00665,ddf_name_collision;ddf_rowcount_bad
CO00671,ddf_name_collision;ddf_rowcount_bad;tail_sensitivity_lost_name_collision
CO00681,ddf_name_collision;ddf_rowcount_bad
CO00689,ddf_name_collision;ddf_rowcount_bad
CO00693,ddf_name_collision;tail_sensitivity_lost_name_collision
CO00694,ddf_name_collision;ddf_rowcount_bad
CO00695,ddf_name_collision;ddf_rowcount_bad;tail_sensitivity_lost_name_collision
CO00696,ddf_name_collision;ddf_rowcount_bad
CO00707,ddf_name_collision;ddf_rowcount_bad
CO00708,ddf_name_collision;ddf_rowcount_bad
CO00713,ddf_name_collision;ddf_rowcount_bad;tail_sensitivity_lost_name_collision
CO00717,narrow_elevation_band;old_manifest_vintage
CO00721,ddf_name_collision;ddf_rowcount_bad
CO00734,ddf_name_collision
CO00749,ddf_name_collision;ddf_rowcount_bad
CO00763,ddf_name_collision;tail_sensitivity_lost_name_collision
CO00770,ddf_name_collision;ddf_rowcount_bad
CO00776,ddf_name_collision;ddf_rowcount_bad
CO00780,ddf_name_collision;ddf_rowcount_bad;tail_sensitivity_lost_name_collision
CO00787,ddf_name_collision;ddf_rowcount_bad
CO00790,narrow_elevation_band;old_manifest_vintage;pre_centralization_no_aux;synthetic_prefix_audited_clean
CO00791,ddf_name_collision;ddf_rowcount_bad
CO00792,ddf_name_collision;ddf_rowcount_bad;tail_sensitivity_lost_name_collision
CO00803,ddf_name_collision;ddf_rowcount_bad
CO00809,ddf_name_collision;ddf_rowcount_bad
CO00811,ddf_name_collision;ddf_rowcount_bad
CO00818,ddf_name_collision;tail_sensitivity_lost_name_collision
CO00845,ddf_name_collision;ddf_rowcount_bad
CO00852,ddf_name_collision;tail_sensitivity_lost_name_collision
CO00853,ddf_name_collision;tail_sensitivity_lost_name_collision
CO00856,ddf_name_collision;tail_sensitivity_lost_name_collision
CO00857,ddf_name_collision;ddf_rowcount_bad
CO00859,ddf_name_collision;ddf_rowcount_bad
CO00866,ddf_name_collision;tail_sensitivity_lost_name_collision
CO00872,ddf_name_collision;ddf_rowcount_bad
CO00875,narrow_elevation_band;old_manifest_vintage;pre_centralization_no_aux;synthetic_cloud_unauditable
CO00876,ddf_name_collision;ddf_rowcount_bad
CO00880,ddf_name_collision;ddf_rowcount_bad
CO00885,ddf_name_collision;ddf_rowcount_bad
CO00895,ddf_name_collision;ddf_rowcount_bad;tail_sensitivity_lost_name_collision
CO00925,ddf_name_collision;tail_sensitivity_lost_name_collision
CO00929,ddf_name_collision;ddf_rowcount_bad
CO00930,ddf_name_collision;ddf_rowcount_bad;tail_sensitivity_lost_name_collision
CO00940,ddf_name_collision;ddf_rowcount_bad
CO00946,ddf_name_collision;ddf_rowcount_bad
CO00961,ddf_name_collision;ddf_rowcount_bad
CO00962,ddf_name_collision;ddf_rowcount_bad
CO00978,ddf_name_collision;ddf_rowcount_bad
CO00982,ddf_name_collision
CO00987,ddf_name_collision;ddf_rowcount_bad
CO00993,ddf_name_collision;ddf_rowcount_bad;tail_sensitivity_lost_name_collision
CO00995,ddf_name_collision
CO01008,ddf_name_collision;tail_sensitivity_lost_name_collision
CO01010,ddf_name_collision;ddf_rowcount_bad
CO01020,ddf_name_collision;tail_sensitivity_lost_name_collision
CO01023,ddf_name_collision;ddf_rowcount_bad;tail_sensitivity_lost_name_collision
CO01024,ddf_name_collision;ddf_rowcount_bad
CO01026,ddf_name_collision;ddf_rowcount_bad
CO01031,ddf_name_collision
CO01036,ddf_name_collision;tail_sensitivity_lost_name_collision
CO01046,ddf_name_collision;ddf_rowcount_bad;tail_sensitivity_lost_name_collision
CO01048,ddf_name_collision;ddf_rowcount_bad
CO01051,ddf_name_collision;ddf_rowcount_bad
CO01063,ddf_name_collision;ddf_rowcount_bad
CO01066,ddf_name_collision;ddf_rowcount_bad
CO01074,ddf_name_collision;ddf_rowcount_bad
CO01085,ddf_name_collision;ddf_rowcount_bad
CO01106,ddf_name_collision;tail_sensitivity_lost_name_collision
CO01107,ddf_name_collision;ddf_rowcount_bad
CO01111,ddf_name_collision;ddf_rowcount_bad
CO01116,ddf_name_collision;tail_sensitivity_lost_name_collision
CO01125,ddf_name_collision;tail_sensitivity_lost_name_collision
CO01127,ddf_name_collision;ddf_rowcount_bad
CO01138,ddf_name_collision;ddf_rowcount_bad
CO01143,ddf_name_collision;ddf_rowcount_bad;tail_sensitivity_lost_name_collision
CO01147,ddf_name_collision
CO01152,ddf_name_collision;ddf_rowcount_bad
CO01161,ddf_name_collision;ddf_rowcount_bad
CO01163,ddf_name_collision;ddf_rowcount_bad
CO01166,ddf_name_collision;ddf_rowcount_bad
CO01174,ddf_name_collision;ddf_rowcount_bad;tail_sensitivity_lost_name_collision
CO01176,ddf_name_collision;ddf_rowcount_bad
CO01187,ddf_name_collision
CO01193,ddf_name_collision;tail_sensitivity_lost_name_collision
CO01199,ddf_name_collision;ddf_rowcount_bad
CO01200,ddf_name_collision
CO01204,ddf_name_collision;ddf_rowcount_bad
CO01241,ddf_name_collision;tail_sensitivity_lost_name_collision
CO01249,ddf_name_collision;ddf_rowcount_bad
CO01250,ddf_name_collision
CO01251,ddf_name_collision;ddf_rowcount_bad
CO01280,narrow_elevation_band;old_manifest_vintage;pre_centralization_no_aux;synthetic_prefix_audited_clean
CO01281,narrow_elevation_band;old_manifest_vintage;pre_centralization_no_aux;synthetic_cloud_unauditable
CO01283,narrow_elevation_band;old_manifest_vintage;pre_centralization_no_aux;synthetic_cloud_unauditable
CO01294,ddf_name_collision;ddf_rowcount_bad
CO01300,narrow_elevation_band;old_manifest_vintage;pre_centralization_no_aux;synthetic_cloud_unauditable
CO01303,ddf_name_collision;ddf_rowcount_bad
CO01313,ddf_name_collision;ddf_rowcount_bad
CO01327,ddf_name_collision;ddf_rowcount_bad
CO01359,ddf_name_collision
CO01402,ddf_name_collision;ddf_rowcount_bad;tail_sensitivity_lost_name_collision
CO01404,ddf_name_collision;ddf_rowcount_bad;tail_sensitivity_lost_name_collision
CO01405,ddf_name_collision;ddf_rowcount_bad
CO01484,ddf_name_collision
CO01650,narrow_elevation_band;old_manifest_vintage
CO01656,ddf_name_collision;narrow_elevation_band;old_manifest_vintage;pre_centralization_no_aux;synthetic_cloud_unauditable;tail_sensitivity_lost_name_collision
CO01658,narrow_elevation_band;old_manifest_vintage;pre_centralization_no_aux;synthetic_prefix_audited_clean
CO01659,narrow_elevation_band;synthetic_prefix_audited_clean
CO01663,ddf_name_collision;tail_sensitivity_lost_name_collision
CO01664,narrow_elevation_band;old_manifest_vintage
CO01669,narrow_elevation_band;old_manifest_vintage;pre_centralization_no_aux;synthetic_prefix_audited_clean
CO01670,ddf_name_collision;tail_sensitivity_lost_name_collision
CO01675,narrow_elevation_band;old_manifest_vintage;pre_centralization_no_aux;synthetic_cloud_unauditable
CO01688,narrow_elevation_band;old_manifest_vintage;pre_centralization_no_aux;synthetic_cloud_unauditable
CO01689,narrow_elevation_band;old_manifest_vintage
CO01695,narrow_elevation_band;old_manifest_vintage;pre_centralization_no_aux;synthetic_prefix_audited_clean
CO01699,ddf_name_collision;ddf_rowcount_bad
CO01703,ddf_name_collision;ddf_rowcount_bad
CO01706,ddf_name_collision;ddf_rowcount_bad
CO01713,ddf_name_collision;ddf_rowcount_bad
CO01720,ddf_name_collision;ddf_rowcount_bad;tail_sensitivity_lost_name_collision
CO01734,ddf_name_collision;ddf_rowcount_bad;tail_sensitivity_lost_name_collision
CO01735,ddf_name_collision;tail_sensitivity_lost_name_collision
CO01736,ddf_name_collision;tail_sensitivity_lost_name_collision
CO01739,ddf_name_collision;ddf_rowcount_bad
CO01748,ddf_name_collision
CO01754,ddf_name_collision;ddf_rowcount_bad
CO01767,ddf_name_collision;ddf_rowcount_bad
CO01786,ddf_name_collision;ddf_rowcount_bad
CO01802,ddf_name_collision;ddf_rowcount_bad
CO01823,ddf_name_collision
CO01827,ddf_name_collision;ddf_rowcount_bad;tail_sensitivity_lost_name_collision
CO01835,ddf_name_collision;ddf_rowcount_bad;tail_sensitivity_lost_name_collision
CO01860,ddf_name_collision;tail_sensitivity_lost_name_collision
CO01885,ddf_name_collision;ddf_rowcount_bad
CO01912,ddf_name_collision
CO01916,ddf_name_collision
CO01917,ddf_name_collision;tail_sensitivity_lost_name_collision
CO01927,ddf_name_collision;tail_sensitivity_lost_name_collision
CO01932,ddf_name_collision;ddf_rowcount_bad
CO01936,ddf_name_collision;ddf_rowcount_bad
CO01942,ddf_name_collision;ddf_rowcount_bad
CO01944,ddf_name_collision;ddf_rowcount_bad
CO01949,ddf_name_collision;ddf_rowcount_bad
CO01952,ddf_name_collision;ddf_rowcount_bad
CO01973,ddf_name_collision;ddf_rowcount_bad
CO01982,ddf_name_collision;ddf_rowcount_bad
CO01990,ddf_name_collision;tail_sensitivity_lost_name_collision
CO02001,ddf_name_collision;ddf_rowcount_bad
CO02035,ddf_name_collision;ddf_rowcount_bad
CO02041,ddf_name_collision;ddf_rowcount_bad
CO02045,ddf_name_collision;ddf_rowcount_bad;narrow_elevation_band;old_manifest_vintage;pre_centralization_no_aux;synthetic_prefix_audited_clean;tail_sensitivity_lost_name_collision
CO02049,ddf_name_collision;ddf_rowcount_bad;tail_sensitivity_lost_name_collision
CO02051,ddf_name_collision;ddf_rowcount_bad;tail_sensitivity_lost_name_collision
CO02056,ddf_name_collision;ddf_rowcount_bad
CO02062,ddf_name_collision;ddf_rowcount_bad
CO02073,ddf_name_collision;ddf_rowcount_bad
CO02075,ddf_name_collision;ddf_rowcount_bad
CO02103,ddf_name_collision;ddf_rowcount_bad
CO02106,ddf_name_collision;ddf_rowcount_bad
CO02114,ddf_name_collision;ddf_rowcount_bad;tail_sensitivity_lost_name_collision
CO02121,ddf_name_collision;ddf_rowcount_bad
CO02126,ddf_name_collision
CO02135,ddf_name_collision;ddf_rowcount_bad
CO02159,ddf_name_collision;tail_sensitivity_lost_name_collision
CO02180,ddf_name_collision;ddf_rowcount_bad
CO02189,ddf_name_collision;ddf_rowcount_bad;tail_sensitivity_lost_name_collision
CO02202,ddf_name_collision;ddf_rowcount_bad
CO02214,ddf_name_collision;ddf_rowcount_bad
CO02226,ddf_name_collision;ddf_rowcount_bad
CO02256,ddf_name_collision;ddf_rowcount_bad
CO02262,ddf_name_collision;ddf_rowcount_bad
CO02266,ddf_name_collision;ddf_rowcount_bad
CO02273,ddf_name_collision;ddf_rowcount_bad;tail_sensitivity_lost_name_collision
CO02280,ddf_name_collision;tail_sensitivity_lost_name_collision
CO02282,ddf_name_collision;ddf_rowcount_bad
CO02298,ddf_name_collision;ddf_rowcount_bad
CO02299,ddf_name_collision;ddf_rowcount_bad
CO02300,ddf_name_collision;ddf_rowcount_bad
CO02364,ddf_name_collision;ddf_rowcount_bad
CO02531,ddf_name_collision;ddf_rowcount_bad
CO02535,ddf_name_collision;ddf_rowcount_bad
CO02552,ddf_name_collision;ddf_rowcount_bad
CO02573,ddf_name_collision;ddf_rowcount_bad
CO02584,ddf_name_collision;ddf_rowcount_bad
CO02585,ddf_name_collision;ddf_rowcount_bad;tail_sensitivity_lost_name_collision
CO02587,ddf_name_collision;ddf_rowcount_bad
CO02592,ddf_name_collision;ddf_rowcount_bad
CO02603,ddf_name_collision;ddf_rowcount_bad
CO02616,ddf_name_collision;ddf_rowcount_bad
CO02642,ddf_name_collision;ddf_rowcount_bad
CO02696,ddf_name_collision;ddf_rowcount_bad
CO02706,narrow_elevation_band;old_manifest_vintage
CO02707,narrow_elevation_band;synthetic_cloud_unauditable
CO02717,ddf_name_collision;ddf_rowcount_bad
CO02719,ddf_name_collision;ddf_rowcount_bad
CO02725,ddf_name_collision;ddf_rowcount_bad
CO02793,ddf_name_collision;ddf_rowcount_bad
CO02797,ddf_name_collision;ddf_rowcount_bad
CO02811,ddf_name_collision
CO02834,ddf_name_collision;ddf_rowcount_bad
CO02874,ddf_name_collision;ddf_rowcount_bad
CO02885,ddf_name_collision;ddf_rowcount_bad
CO02886,narrow_elevation_band;old_manifest_vintage;pre_centralization_no_aux;synthetic_prefix_audited_clean
CO02888,ddf_name_collision;tail_sensitivity_lost_name_collision
CO02914,ddf_name_collision;ddf_rowcount_bad
CO02922,ddf_name_collision;tail_sensitivity_lost_name_collision
CO02923,ddf_name_collision;ddf_rowcount_bad
CO02926,ddf_name_collision;ddf_rowcount_bad;tail_sensitivity_lost_name_collision
CO02930,ddf_name_collision;ddf_rowcount_bad
CO82417,ddf_name_collision;ddf_rowcount_bad
CO82420,ddf_name_collision;ddf_rowcount_bad
CO82421,ddf_name_collision;ddf_rowcount_bad
CT00047,ddf_name_collision;ddf_rowcount_bad
CT00052,ddf_name_collision;ddf_rowcount_bad
CT00076,ddf_name_collision;tail_sensitivity_lost_name_collision
CT00077,ddf_name_collision
CT00078,ddf_name_collision;tail_sensitivity_lost_name_collision
CT00083,ddf_name_collision
CT00097,ddf_name_collision;ddf_rowcount_bad
CT00099,ddf_name_collision;tail_sensitivity_lost_name_collision
CT00104,ddf_name_collision;ddf_rowcount_bad;tail_sensitivity_lost_name_collision
CT00106,ddf_name_collision;ddf_rowcount_bad;tail_sensitivity_lost_name_collision
CT00119,ddf_name_collision;tail_sensitivity_lost_name_collision
CT00120,ddf_name_collision;ddf_rowcount_bad
CT00122,ddf_name_collision;ddf_rowcount_bad
CT00124,ddf_name_collision;ddf_rowcount_bad
CT00125,ddf_name_collision;ddf_rowcount_bad
CT00131,ddf_name_collision;ddf_rowcount_bad
CT00135,ddf_name_collision;ddf_rowcount_bad;tail_sensitivity_lost_name_collision
CT00136,ddf_name_collision;ddf_rowcount_bad
CT00138,ddf_name_collision;ddf_rowcount_bad;tail_sensitivity_lost_name_collision
CT00154,ddf_name_collision;tail_sensitivity_lost_name_collision
CT00155,ddf_name_collision;ddf_rowcount_bad;tail_sensitivity_lost_name_collision
CT00157,ddf_name_collision;tail_sensitivity_lost_name_collision
CT00164,ddf_name_collision;ddf_rowcount_bad
CT00166,ddf_name_collision;ddf_rowcount_bad
CT00167,ddf_name_collision;ddf_rowcount_bad
CT00170,ddf_name_collision;ddf_rowcount_bad
CT00189,ddf_name_collision;ddf_rowcount_bad
CT00216,ddf_name_collision
CT00217,ddf_name_collision;ddf_rowcount_bad
CT00224,old_manifest_vintage
CT00254,ddf_name_collision;ddf_rowcount_bad;tail_sensitivity_lost_name_collision
CT00269,ddf_name_collision;ddf_rowcount_bad
CT00276,ddf_name_collision;ddf_rowcount_bad
CT00277,ddf_name_collision;ddf_rowcount_bad;tail_sensitivity_lost_name_collision
CT00282,ddf_name_collision;ddf_rowcount_bad
CT00283,ddf_name_collision;ddf_rowcount_bad
CT00285,ddf_name_collision;tail_sensitivity_lost_name_collision
CT00312,ddf_name_collision;ddf_rowcount_bad
CT00317,ddf_name_collision;ddf_rowcount_bad;tail_sensitivity_lost_name_collision
CT00320,ddf_name_collision;ddf_rowcount_bad
CT00322,ddf_name_collision;ddf_rowcount_bad
CT00327,ddf_name_collision;tail_sensitivity_lost_name_collision
CT00328,ddf_name_collision
CT00339,ddf_name_collision;ddf_rowcount_bad
CT00341,ddf_name_collision;ddf_rowcount_bad;tail_sensitivity_lost_name_collision
CT00344,ddf_name_collision
CT00349,ddf_name_collision;ddf_rowcount_bad
CT00351,ddf_name_collision;ddf_rowcount_bad
CT00355,ddf_name_collision;tail_sensitivity_lost_name_collision
CT00361,ddf_name_collision;ddf_rowcount_bad
CT00368,ddf_name_collision;ddf_rowcount_bad
CT00372,ddf_name_collision;ddf_rowcount_bad
CT00375,ddf_name_collision
CT00377,ddf_name_collision;ddf_rowcount_bad
CT00380,ddf_name_collision;ddf_rowcount_bad;tail_sensitivity_lost_name_collision
CT00383,ddf_name_collision;ddf_rowcount_bad
CT00385,ddf_name_collision;ddf_rowcount_bad
CT00396,ddf_name_collision;ddf_rowcount_bad
CT00404,ddf_name_collision;ddf_rowcount_bad
CT00418,ddf_name_collision;tail_sensitivity_lost_name_collision
CT00421,ddf_name_collision;ddf_rowcount_bad
CT00423,ddf_name_collision;ddf_rowcount_bad;tail_sensitivity_lost_name_collision
CT00428,ddf_name_collision;ddf_rowcount_bad
CT00434,ddf_name_collision;ddf_rowcount_bad
CT00439,ddf_name_collision;ddf_rowcount_bad
CT00440,ddf_name_collision
CT00443,ddf_name_collision;ddf_rowcount_bad
CT00450,ddf_name_collision;ddf_rowcount_bad;tail_sensitivity_lost_name_collision
CT00462,ddf_name_collision;tail_sensitivity_lost_name_collision
CT00468,ddf_name_collision;ddf_rowcount_bad
CT00475,ddf_name_collision;ddf_rowcount_bad
CT00487,ddf_name_collision
CT00504,ddf_name_collision;tail_sensitivity_lost_name_collision
CT00506,old_manifest_vintage
CT00512,ddf_name_collision;ddf_rowcount_bad
CT00518,ddf_name_collision;ddf_rowcount_bad
CT00520,ddf_name_collision;tail_sensitivity_lost_name_collision
CT00523,ddf_name_collision;ddf_rowcount_bad
CT00527,ddf_name_collision;ddf_rowcount_bad
CT00540,ddf_name_collision;ddf_rowcount_bad
CT00541,ddf_name_collision;ddf_rowcount_bad;tail_sensitivity_lost_name_collision
CT00542,ddf_name_collision;ddf_rowcount_bad
CT00551,ddf_name_collision;ddf_rowcount_bad;tail_sensitivity_lost_name_collision
CT00552,ddf_name_collision;ddf_rowcount_bad
CT00555,ddf_name_collision;ddf_rowcount_bad
CT00557,ddf_name_collision;ddf_rowcount_bad
CT00562,ddf_name_collision;ddf_rowcount_bad
CT00565,ddf_name_collision;ddf_rowcount_bad
CT00569,ddf_name_collision;ddf_rowcount_bad
CT00573,ddf_name_collision;ddf_rowcount_bad
CT00574,ddf_name_collision;tail_sensitivity_lost_name_collision
CT00579,ddf_name_collision
CT00592,ddf_name_collision;ddf_rowcount_bad
CT00593,ddf_name_collision;ddf_rowcount_bad;tail_sensitivity_lost_name_collision
CT00605,ddf_name_collision;ddf_rowcount_bad
CT00627,ddf_name_collision;ddf_rowcount_bad
CT00635,ddf_name_collision;ddf_rowcount_bad
CT00637,ddf_name_collision
CT00645,ddf_name_collision;ddf_rowcount_bad;tail_sensitivity_lost_name_collision
CT00662,ddf_name_collision;ddf_rowcount_bad
CT00666,ddf_name_collision;ddf_rowcount_bad
CT00670,ddf_name_collision;ddf_rowcount_bad
CT00900,ddf_name_collision;ddf_rowcount_bad
CT01049,ddf_name_collision;ddf_rowcount_bad
CT01661,ddf_name_collision;ddf_rowcount_bad
CT01662,ddf_name_collision;ddf_rowcount_bad
CT01666,ddf_name_collision;ddf_rowcount_bad
CT01667,ddf_name_collision;ddf_rowcount_bad
CT01693,ddf_name_collision;ddf_rowcount_bad
DE00013,ddf_name_collision;ddf_rowcount_bad
DE00028,ddf_name_collision;tail_sensitivity_lost_name_collision
DE00032,ddf_name_collision;ddf_rowcount_bad
DE00046,ddf_name_collision;ddf_rowcount_bad;tail_sensitivity_lost_name_collision
DE00058,ddf_name_collision;ddf_rowcount_bad
DE00064,ddf_name_collision;ddf_rowcount_bad
DE00079,ddf_name_collision;ddf_rowcount_bad
DE00082,ddf_name_collision;ddf_rowcount_bad
DE00104,ddf_name_collision;tail_sensitivity_lost_name_collision
FL00002,ddf_name_collision;ddf_rowcount_bad
FL00006,ddf_name_collision;ddf_rowcount_bad
FL00013,ddf_name_collision;ddf_rowcount_bad
FL00019,ddf_name_collision;ddf_rowcount_bad
FL00023,ddf_name_collision;ddf_rowcount_bad
FL00049,ddf_name_collision;ddf_rowcount_bad
FL00050,ddf_name_collision;ddf_rowcount_bad
FL00056,ddf_name_collision;ddf_rowcount_bad
FL00058,ddf_name_collision;ddf_rowcount_bad
FL00064,ddf_name_collision;ddf_rowcount_bad
FL00066,ddf_name_collision;ddf_rowcount_bad;tail_sensitivity_lost_name_collision
FL00072,ddf_name_collision;ddf_rowcount_bad
FL00073,ddf_name_collision;ddf_rowcount_bad
FL00075,ddf_name_collision;ddf_rowcount_bad;tail_sensitivity_lost_name_collision
FL00082,ddf_name_collision;ddf_rowcount_bad
FL00085,ddf_name_collision;ddf_rowcount_bad
FL00086,ddf_name_collision;ddf_rowcount_bad;tail_sensitivity_lost_name_collision
FL00089,ddf_name_collision;ddf_rowcount_bad
FL00092,ddf_name_collision;ddf_rowcount_bad
FL00094,ddf_name_collision;ddf_rowcount_bad
FL00097,ddf_name_collision;ddf_rowcount_bad
FL00099,ddf_name_collision;ddf_rowcount_bad
FL00125,ddf_name_collision;ddf_rowcount_bad
FL00129,ddf_name_collision;ddf_rowcount_bad
FL00133,ddf_name_collision;ddf_rowcount_bad
FL00147,ddf_name_collision;ddf_rowcount_bad;tail_sensitivity_lost_name_collision
FL00196,ddf_name_collision;tail_sensitivity_lost_name_collision
FL00204,ddf_name_collision;tail_sensitivity_lost_name_collision
FL00271,narrow_elevation_band;old_manifest_vintage;pre_centralization_no_aux;synthetic_cloud_unauditable
FL00281,ddf_name_collision;ddf_rowcount_bad;tail_sensitivity_lost_name_collision
FL00291,narrow_elevation_band;old_manifest_vintage;pre_centralization_no_aux;synthetic_cloud_unauditable
FL00292,narrow_elevation_band;old_manifest_vintage;pre_centralization_no_aux;synthetic_cloud_unauditable
FL00297,narrow_elevation_band;old_manifest_vintage;pre_centralization_no_aux;synthetic_cloud_unauditable
FL00299,narrow_elevation_band;old_manifest_vintage;pre_centralization_no_aux;synthetic_cloud_unauditable
FL00300,narrow_elevation_band;old_manifest_vintage;pre_centralization_no_aux;synthetic_cloud_unauditable
FL00301,narrow_elevation_band;old_manifest_vintage;pre_centralization_no_aux;synthetic_cloud_unauditable
FL00302,narrow_elevation_band;old_manifest_vintage;pre_centralization_no_aux;synthetic_cloud_unauditable
FL00312,narrow_elevation_band;old_manifest_vintage;pre_centralization_no_aux;synthetic_cloud_unauditable
FL00324,narrow_elevation_band;old_manifest_vintage;pre_centralization_no_aux;synthetic_cloud_unauditable
FL00327,narrow_elevation_band;old_manifest_vintage;pre_centralization_no_aux;synthetic_cloud_unauditable
FL00334,narrow_elevation_band;old_manifest_vintage;pre_centralization_no_aux;synthetic_cloud_unauditable
FL00338,narrow_elevation_band;old_manifest_vintage;pre_centralization_no_aux;synthetic_cloud_unauditable
FL00343,narrow_elevation_band;old_manifest_vintage;pre_centralization_no_aux;synthetic_cloud_unauditable
FL00345,narrow_elevation_band;old_manifest_vintage;pre_centralization_no_aux;synthetic_cloud_unauditable
FL00350,narrow_elevation_band;old_manifest_vintage;pre_centralization_no_aux;synthetic_cloud_unauditable
FL00384,narrow_elevation_band;old_manifest_vintage;pre_centralization_no_aux;synthetic_cloud_unauditable
FL00426,narrow_elevation_band;old_manifest_vintage;pre_centralization_no_aux;synthetic_cloud_unauditable
FL00435,narrow_elevation_band;old_manifest_vintage;pre_centralization_no_aux;synthetic_cloud_unauditable
FL00448,ddf_name_collision;ddf_rowcount_bad
FL00450,ddf_name_collision;ddf_rowcount_bad
FL00452,ddf_name_collision;ddf_rowcount_bad
FL00455,ddf_name_collision;ddf_rowcount_bad
FL00456,ddf_name_collision;ddf_rowcount_bad
FL00459,ddf_name_collision;ddf_rowcount_bad
FL00461,ddf_name_collision;ddf_rowcount_bad
FL00462,ddf_name_collision;ddf_rowcount_bad
FL00465,ddf_name_collision;ddf_rowcount_bad
FL00486,ddf_name_collision;ddf_rowcount_bad
FL00487,ddf_name_collision;ddf_rowcount_bad
FL00488,ddf_name_collision;ddf_rowcount_bad
FL00489,ddf_name_collision;ddf_rowcount_bad
FL00492,ddf_name_collision;ddf_rowcount_bad
FL00495,ddf_name_collision;ddf_rowcount_bad
FL00497,ddf_name_collision;ddf_rowcount_bad
FL00498,ddf_name_collision;ddf_rowcount_bad
FL00499,ddf_name_collision;ddf_rowcount_bad
FL00510,ddf_name_collision;ddf_rowcount_bad
FL00514,ddf_name_collision;ddf_rowcount_bad
FL00534,ddf_name_collision;ddf_rowcount_bad
FL00535,ddf_name_collision;ddf_rowcount_bad
FL00550,ddf_name_collision;ddf_rowcount_bad
FL00556,ddf_name_collision;ddf_rowcount_bad
FL00593,ddf_name_collision;ddf_rowcount_bad
FL00618,ddf_name_collision;ddf_rowcount_bad;tail_sensitivity_lost_name_collision
FL00663,ddf_name_collision
FL00668,ddf_name_collision
FL00678,narrow_elevation_band;old_manifest_vintage;pre_centralization_no_aux;synthetic_cloud_unauditable
FL00681,narrow_elevation_band;old_manifest_vintage;pre_centralization_no_aux;synthetic_cloud_unauditable
FL00683,narrow_elevation_band;old_manifest_vintage;pre_centralization_no_aux;synthetic_cloud_unauditable
FL00693,narrow_elevation_band;old_manifest_vintage;pre_centralization_no_aux;synthetic_cloud_unauditable
FL01001,ddf_name_collision;ddf_rowcount_bad
FL01003,ddf_name_collision;ddf_rowcount_bad
FL01004,ddf_name_collision;ddf_rowcount_bad
FL01008,ddf_name_collision;ddf_rowcount_bad
FL01012,ddf_name_collision;ddf_rowcount_bad;tail_sensitivity_lost_name_collision
FL01013,ddf_name_collision;ddf_rowcount_bad
FL01019,ddf_name_collision;ddf_rowcount_bad
FL01020,ddf_name_collision;ddf_rowcount_bad
FL01021,ddf_name_collision;ddf_rowcount_bad
FL10111,ddf_name_collision;ddf_rowcount_bad;tail_sensitivity_lost_name_collision
FL11067,narrow_elevation_band;old_manifest_vintage;pre_centralization_no_aux;synthetic_cloud_unauditable
FL36001,narrow_elevation_band;synthetic_cloud_unauditable
FL36005,narrow_elevation_band;old_manifest_vintage;pre_centralization_no_aux;synthetic_cloud_unauditable
FL36006,narrow_elevation_band;old_manifest_vintage;pre_centralization_no_aux;synthetic_cloud_unauditable
FL36007,narrow_elevation_band;old_manifest_vintage;pre_centralization_no_aux;synthetic_cloud_unauditable
FL36008,narrow_elevation_band;old_manifest_vintage;pre_centralization_no_aux;synthetic_cloud_unauditable
FL36010,narrow_elevation_band;old_manifest_vintage;pre_centralization_no_aux;synthetic_cloud_unauditable
FL36016,narrow_elevation_band;old_manifest_vintage;pre_centralization_no_aux;synthetic_cloud_unauditable
FL36017,narrow_elevation_band;old_manifest_vintage;pre_centralization_no_aux;synthetic_cloud_unauditable
FL36018,narrow_elevation_band;old_manifest_vintage;pre_centralization_no_aux;synthetic_cloud_unauditable
FL36019,narrow_elevation_band;old_manifest_vintage;pre_centralization_no_aux;synthetic_cloud_unauditable
GA00013,ddf_name_collision;ddf_rowcount_bad
GA00015,ddf_name_collision;ddf_rowcount_bad
GA00018,ddf_name_collision;ddf_rowcount_bad
GA00024,ddf_name_collision;ddf_rowcount_bad
GA00026,ddf_name_collision;ddf_rowcount_bad
GA00049,ddf_name_collision;ddf_rowcount_bad
GA00062,ddf_name_collision;ddf_rowcount_bad
GA00064,ddf_name_collision
GA00068,ddf_name_collision;ddf_rowcount_bad
GA00069,ddf_name_collision;ddf_rowcount_bad
GA00074,ddf_name_collision;ddf_rowcount_bad;tail_sensitivity_lost_name_collision
GA00077,ddf_name_collision;ddf_rowcount_bad
GA00087,ddf_name_collision;ddf_rowcount_bad
GA00098,ddf_name_collision;ddf_rowcount_bad
GA00100,ddf_name_collision;ddf_rowcount_bad
GA00104,ddf_name_collision;ddf_rowcount_bad
GA00107,ddf_name_collision;ddf_rowcount_bad
GA00118,ddf_name_collision;ddf_rowcount_bad;tail_sensitivity_lost_name_collision
GA00137,ddf_name_collision;ddf_rowcount_bad;tail_sensitivity_lost_name_collision
GA00152,ddf_name_collision;ddf_rowcount_bad
GA00154,ddf_name_collision;ddf_rowcount_bad
GA00157,ddf_name_collision;ddf_rowcount_bad
GA00158,ddf_name_collision;ddf_rowcount_bad
GA00160,ddf_name_collision;tail_sensitivity_lost_name_collision
GA00161,ddf_name_collision;ddf_rowcount_bad;tail_sensitivity_lost_name_collision
GA00163,ddf_name_collision;ddf_rowcount_bad
GA00164,ddf_name_collision;ddf_rowcount_bad
GA00170,ddf_name_collision;ddf_rowcount_bad;tail_sensitivity_lost_name_collision
GA00184,ddf_name_collision;ddf_rowcount_bad
GA00185,ddf_name_collision;ddf_rowcount_bad
GA00194,ddf_name_collision;ddf_rowcount_bad
GA00196,ddf_name_collision;ddf_rowcount_bad
GA00199,ddf_name_collision;ddf_rowcount_bad
GA00202,ddf_name_collision;tail_sensitivity_lost_name_collision
GA00204,ddf_name_collision;ddf_rowcount_bad
GA00206,ddf_name_collision;ddf_rowcount_bad
GA00207,ddf_name_collision;tail_sensitivity_lost_name_collision
GA00208,ddf_name_collision;ddf_rowcount_bad
GA00209,ddf_name_collision;ddf_rowcount_bad
GA00210,ddf_name_collision;ddf_rowcount_bad
GA00212,ddf_name_collision;ddf_rowcount_bad;tail_sensitivity_lost_name_collision
GA00217,ddf_name_collision;ddf_rowcount_bad
GA00218,ddf_name_collision;ddf_rowcount_bad
GA00219,ddf_name_collision;ddf_rowcount_bad
GA00232,ddf_name_collision;ddf_rowcount_bad
GA00233,ddf_name_collision;ddf_rowcount_bad
GA00236,ddf_name_collision;tail_sensitivity_lost_name_collision
GA00238,ddf_name_collision;ddf_rowcount_bad;tail_sensitivity_lost_name_collision
GA00240,ddf_name_collision;ddf_rowcount_bad
GA00249,ddf_name_collision;ddf_rowcount_bad
GA00261,ddf_name_collision;ddf_rowcount_bad
GA00262,ddf_name_collision;ddf_rowcount_bad
GA00274,ddf_name_collision;ddf_rowcount_bad;tail_sensitivity_lost_name_collision
GA00279,ddf_name_collision;ddf_rowcount_bad;tail_sensitivity_lost_name_collision
GA00280,ddf_name_collision;ddf_rowcount_bad
GA00286,ddf_name_collision;ddf_rowcount_bad
GA00294,ddf_name_collision;ddf_rowcount_bad
GA00295,ddf_name_collision;ddf_rowcount_bad
GA00302,ddf_name_collision;ddf_rowcount_bad
GA00306,ddf_name_collision;ddf_rowcount_bad
GA00309,ddf_name_collision;ddf_rowcount_bad
GA00310,ddf_name_collision;ddf_rowcount_bad;tail_sensitivity_lost_name_collision
GA00312,ddf_name_collision;ddf_rowcount_bad
GA00317,ddf_name_collision;ddf_rowcount_bad
GA00319,ddf_name_collision;ddf_rowcount_bad
GA00321,ddf_name_collision;ddf_rowcount_bad;tail_sensitivity_lost_name_collision
GA00327,ddf_name_collision;ddf_rowcount_bad;tail_sensitivity_lost_name_collision
GA00328,ddf_name_collision;ddf_rowcount_bad;tail_sensitivity_lost_name_collision
GA00331,ddf_name_collision;ddf_rowcount_bad
GA00370,ddf_name_collision;ddf_rowcount_bad
GA00371,ddf_name_collision;ddf_rowcount_bad;tail_sensitivity_lost_name_collision
GA00386,ddf_name_collision;ddf_rowcount_bad
GA00387,ddf_name_collision;ddf_rowcount_bad
GA00388,ddf_name_collision;ddf_rowcount_bad
GA00391,ddf_name_collision;ddf_rowcount_bad;tail_sensitivity_lost_name_collision
GA00396,ddf_name_collision;ddf_rowcount_bad
GA00419,ddf_name_collision;ddf_rowcount_bad
GA00420,ddf_name_collision;ddf_rowcount_bad
GA00421,ddf_name_collision;ddf_rowcount_bad
GA00435,ddf_name_collision;ddf_rowcount_bad
GA00449,ddf_name_collision;ddf_rowcount_bad
GA00453,ddf_name_collision;ddf_rowcount_bad
GA00455,ddf_name_collision;ddf_rowcount_bad
GA00458,ddf_name_collision;ddf_rowcount_bad
GA00459,ddf_name_collision;ddf_rowcount_bad
GA00462,ddf_name_collision;ddf_rowcount_bad
GA00482,ddf_name_collision;ddf_rowcount_bad;tail_sensitivity_lost_name_collision
GA00491,ddf_name_collision;ddf_rowcount_bad;tail_sensitivity_lost_name_collision
GA00497,ddf_name_collision;ddf_rowcount_bad
GA00513,ddf_name_collision
GA00516,ddf_name_collision;ddf_rowcount_bad
GA00520,ddf_name_collision;ddf_rowcount_bad
GA00521,ddf_name_collision;ddf_rowcount_bad
GA00534,ddf_name_collision;ddf_rowcount_bad
GA00541,ddf_name_collision;ddf_rowcount_bad
GA00543,ddf_name_collision;ddf_rowcount_bad
GA00549,ddf_name_collision;ddf_rowcount_bad;tail_sensitivity_lost_name_collision
GA00567,ddf_name_collision;ddf_rowcount_bad;tail_sensitivity_lost_name_collision
GA00568,ddf_name_collision;ddf_rowcount_bad
GA00572,ddf_name_collision;ddf_rowcount_bad
GA00580,ddf_name_collision;ddf_rowcount_bad
GA00581,ddf_name_collision;ddf_rowcount_bad
GA00585,ddf_name_collision;ddf_rowcount_bad
GA00586,ddf_name_collision;ddf_rowcount_bad
GA00589,ddf_name_collision;ddf_rowcount_bad
GA00597,ddf_name_collision;ddf_rowcount_bad
GA00598,ddf_name_collision;ddf_rowcount_bad
GA00600,ddf_name_collision;ddf_rowcount_bad
GA00610,ddf_name_collision;ddf_rowcount_bad
GA00612,ddf_name_collision;ddf_rowcount_bad
GA00613,ddf_name_collision;ddf_rowcount_bad;tail_sensitivity_lost_name_collision
GA00646,ddf_name_collision;ddf_rowcount_bad
GA00648,ddf_name_collision;ddf_rowcount_bad
GA00661,ddf_name_collision;ddf_rowcount_bad
GA00666,ddf_name_collision;ddf_rowcount_bad
GA00667,ddf_name_collision;ddf_rowcount_bad
GA00671,ddf_name_collision;ddf_rowcount_bad
GA00679,ddf_name_collision;ddf_rowcount_bad
GA00680,ddf_name_collision;ddf_rowcount_bad;tail_sensitivity_lost_name_collision
GA00683,ddf_name_collision
GA00713,ddf_name_collision;ddf_rowcount_bad
GA00716,ddf_name_collision;ddf_rowcount_bad
GA00717,ddf_name_collision
GA00718,ddf_name_collision;ddf_rowcount_bad
GA00722,ddf_name_collision;ddf_rowcount_bad
GA00723,ddf_name_collision;ddf_rowcount_bad
GA00735,ddf_name_collision;ddf_rowcount_bad
GA00738,ddf_name_collision;ddf_rowcount_bad
GA00739,ddf_name_collision;ddf_rowcount_bad
GA00747,ddf_name_collision;ddf_rowcount_bad
GA00748,ddf_name_collision;ddf_rowcount_bad
GA00751,ddf_name_collision;ddf_rowcount_bad
GA00752,ddf_name_collision;ddf_rowcount_bad;tail_sensitivity_lost_name_collision
GA00756,ddf_name_collision;ddf_rowcount_bad
GA00758,ddf_name_collision;ddf_rowcount_bad
GA00762,ddf_name_collision;ddf_rowcount_bad
GA00765,ddf_name_collision;ddf_rowcount_bad
GA00766,ddf_name_collision;ddf_rowcount_bad;tail_sensitivity_lost_name_collision
GA00768,ddf_name_collision;ddf_rowcount_bad
GA00770,ddf_name_collision;ddf_rowcount_bad
GA00781,ddf_name_collision;ddf_rowcount_bad;tail_sensitivity_lost_name_collision
GA00782,ddf_name_collision;ddf_rowcount_bad;tail_sensitivity_lost_name_collision
GA00785,ddf_name_collision;ddf_rowcount_bad;tail_sensitivity_lost_name_collision
GA00788,ddf_name_collision;ddf_rowcount_bad
GA00805,ddf_name_collision;ddf_rowcount_bad;tail_sensitivity_lost_name_collision
GA00808,ddf_name_collision;ddf_rowcount_bad;tail_sensitivity_lost_name_collision
GA00809,ddf_name_collision;ddf_rowcount_bad
GA00811,ddf_name_collision;ddf_rowcount_bad
GA00812,ddf_name_collision;ddf_rowcount_bad
GA00816,ddf_name_collision;ddf_rowcount_bad
GA00820,narrow_elevation_band;old_manifest_vintage;pre_centralization_no_aux;synthetic_cloud_unauditable
GA00821,narrow_elevation_band;old_manifest_vintage;pre_centralization_no_aux;synthetic_cloud_unauditable
GA00824,narrow_elevation_band;old_manifest_vintage;pre_centralization_no_aux;synthetic_cloud_unauditable
GA00836,ddf_name_collision;ddf_rowcount_bad;narrow_elevation_band;old_manifest_vintage;pre_centralization_no_aux;synthetic_cloud_unauditable
GA00847,narrow_elevation_band;old_manifest_vintage
GA00858,ddf_name_collision;ddf_rowcount_bad;tail_sensitivity_lost_name_collision
GA00863,ddf_name_collision;ddf_rowcount_bad
GA00865,ddf_name_collision;ddf_rowcount_bad
GA00866,ddf_name_collision;ddf_rowcount_bad
GA00869,ddf_name_collision;ddf_rowcount_bad
GA00876,ddf_name_collision;ddf_rowcount_bad
GA00884,ddf_name_collision;ddf_rowcount_bad;tail_sensitivity_lost_name_collision
GA00894,ddf_name_collision;ddf_rowcount_bad
GA00907,ddf_name_collision;ddf_rowcount_bad
GA00932,ddf_name_collision;ddf_rowcount_bad
GA00933,ddf_name_collision;ddf_rowcount_bad
GA00934,ddf_name_collision;ddf_rowcount_bad
GA00939,ddf_name_collision;ddf_rowcount_bad
GA00942,ddf_name_collision;ddf_rowcount_bad
GA00948,ddf_name_collision;ddf_rowcount_bad
GA00950,ddf_name_collision;ddf_rowcount_bad
GA00985,ddf_name_collision;ddf_rowcount_bad
GA00990,ddf_name_collision;ddf_rowcount_bad
GA01008,ddf_name_collision;ddf_rowcount_bad
GA01021,ddf_name_collision;ddf_rowcount_bad
GA01022,ddf_name_collision;ddf_rowcount_bad
GA01032,ddf_name_collision;tail_sensitivity_lost_name_collision
GA01044,ddf_name_collision;ddf_rowcount_bad
GA01053,ddf_name_collision;ddf_rowcount_bad
GA01054,ddf_name_collision;ddf_rowcount_bad
GA01064,ddf_name_collision;ddf_rowcount_bad
GA01066,ddf_name_collision;ddf_rowcount_bad
GA01068,ddf_name_collision;ddf_rowcount_bad
GA01070,ddf_name_collision;ddf_rowcount_bad;tail_sensitivity_lost_name_collision
GA01073,ddf_name_collision;ddf_rowcount_bad
GA01074,ddf_name_collision;ddf_rowcount_bad
GA01077,ddf_name_collision;ddf_rowcount_bad;tail_sensitivity_lost_name_collision
GA01081,ddf_name_collision;ddf_rowcount_bad
GA01083,ddf_name_collision;ddf_rowcount_bad
GA01084,ddf_name_collision;ddf_rowcount_bad
GA01086,ddf_name_collision;ddf_rowcount_bad
GA01089,ddf_name_collision;ddf_rowcount_bad
GA01090,ddf_name_collision;ddf_rowcount_bad
GA01092,ddf_name_collision;ddf_rowcount_bad
GA01107,ddf_name_collision;ddf_rowcount_bad
GA01123,ddf_name_collision;ddf_rowcount_bad
GA01124,ddf_name_collision;ddf_rowcount_bad
GA01125,ddf_name_collision;ddf_rowcount_bad;tail_sensitivity_lost_name_collision
GA01128,ddf_name_collision;ddf_rowcount_bad
GA01130,ddf_name_collision;ddf_rowcount_bad
GA01137,ddf_name_collision;ddf_rowcount_bad
GA01138,ddf_name_collision
GA01139,ddf_name_collision;ddf_rowcount_bad
GA01141,ddf_name_collision;ddf_rowcount_bad
GA01143,ddf_name_collision;ddf_rowcount_bad
GA01150,ddf_name_collision;ddf_rowcount_bad
GA01165,ddf_name_collision
GA01166,ddf_name_collision;tail_sensitivity_lost_name_collision
GA01167,ddf_name_collision;ddf_rowcount_bad
GA01173,ddf_name_collision;ddf_rowcount_bad
GA01184,ddf_name_collision;ddf_rowcount_bad
GA01193,ddf_name_collision;ddf_rowcount_bad
GA01194,ddf_name_collision;ddf_rowcount_bad
GA01200,ddf_name_collision;ddf_rowcount_bad
GA01201,ddf_name_collision;tail_sensitivity_lost_name_collision
GA01203,ddf_name_collision;ddf_rowcount_bad
GA01211,ddf_name_collision;ddf_rowcount_bad
GA01212,ddf_name_collision;ddf_rowcount_bad
GA01217,ddf_name_collision;ddf_rowcount_bad
GA01223,ddf_name_collision;ddf_rowcount_bad
GA01225,ddf_name_collision;tail_sensitivity_lost_name_collision
GA01226,ddf_name_collision;ddf_rowcount_bad;tail_sensitivity_lost_name_collision
GA01233,ddf_name_collision;ddf_rowcount_bad
GA01236,ddf_name_collision;ddf_rowcount_bad
GA01237,ddf_name_collision;ddf_rowcount_bad
GA01240,ddf_name_collision;ddf_rowcount_bad
GA01241,ddf_name_collision;ddf_rowcount_bad
GA01242,ddf_name_collision;ddf_rowcount_bad
GA01244,ddf_name_collision;ddf_rowcount_bad;tail_sensitivity_lost_name_collision
GA01245,ddf_name_collision;ddf_rowcount_bad
GA01252,ddf_name_collision;ddf_rowcount_bad
GA01259,ddf_name_collision;ddf_rowcount_bad
GA01269,ddf_name_collision;ddf_rowcount_bad
GA01279,ddf_name_collision;ddf_rowcount_bad
GA01280,ddf_name_collision;ddf_rowcount_bad
GA01284,ddf_name_collision;ddf_rowcount_bad
GA01289,ddf_name_collision;ddf_rowcount_bad
GA01298,ddf_name_collision;tail_sensitivity_lost_name_collision
GA01300,ddf_name_collision;ddf_rowcount_bad
GA01302,ddf_name_collision
GA01310,ddf_name_collision;ddf_rowcount_bad
GA01317,ddf_name_collision;ddf_rowcount_bad
GA01320,ddf_name_collision;ddf_rowcount_bad
GA01322,ddf_name_collision;ddf_rowcount_bad
GA01329,ddf_name_collision;ddf_rowcount_bad
GA01332,ddf_name_collision;ddf_rowcount_bad
GA01338,ddf_name_collision;ddf_rowcount_bad
GA01340,ddf_name_collision;ddf_rowcount_bad
GA01341,ddf_name_collision;ddf_rowcount_bad
GA01350,ddf_name_collision;ddf_rowcount_bad;tail_sensitivity_lost_name_collision
GA01351,ddf_name_collision;ddf_rowcount_bad;tail_sensitivity_lost_name_collision
GA01354,ddf_name_collision;ddf_rowcount_bad
GA01363,ddf_name_collision;ddf_rowcount_bad
GA01368,ddf_name_collision;ddf_rowcount_bad
GA01369,ddf_name_collision;ddf_rowcount_bad
GA01370,ddf_name_collision;ddf_rowcount_bad
GA01376,ddf_name_collision;ddf_rowcount_bad
GA01385,ddf_name_collision;ddf_rowcount_bad
GA01386,ddf_name_collision;ddf_rowcount_bad
GA01389,ddf_name_collision;ddf_rowcount_bad
GA01392,ddf_name_collision;ddf_rowcount_bad
GA01400,ddf_name_collision;ddf_rowcount_bad
GA01401,ddf_name_collision;ddf_rowcount_bad
GA01403,ddf_name_collision;ddf_rowcount_bad
GA01405,ddf_name_collision;ddf_rowcount_bad
GA01413,ddf_name_collision;ddf_rowcount_bad;tail_sensitivity_lost_name_collision
GA01418,ddf_name_collision;ddf_rowcount_bad;tail_sensitivity_lost_name_collision
GA01421,ddf_name_collision;ddf_rowcount_bad
GA01428,ddf_name_collision;ddf_rowcount_bad;tail_sensitivity_lost_name_collision
GA01435,ddf_name_collision;ddf_rowcount_bad
GA01446,ddf_name_collision;ddf_rowcount_bad
GA01448,ddf_name_collision;ddf_rowcount_bad
GA01451,ddf_name_collision;ddf_rowcount_bad;tail_sensitivity_lost_name_collision
GA01453,ddf_name_collision;ddf_rowcount_bad
GA01457,ddf_name_collision
GA01458,ddf_name_collision;ddf_rowcount_bad
GA01463,ddf_name_collision;ddf_rowcount_bad
GA01474,ddf_name_collision;ddf_rowcount_bad
GA01476,ddf_name_collision;ddf_rowcount_bad
GA01478,ddf_name_collision;ddf_rowcount_bad
GA01480,ddf_name_collision;ddf_rowcount_bad;tail_sensitivity_lost_name_collision
GA01481,ddf_name_collision;ddf_rowcount_bad
GA01484,ddf_name_collision;ddf_rowcount_bad
GA01485,ddf_name_collision;ddf_rowcount_bad
GA01486,ddf_name_collision
GA01501,ddf_name_collision;ddf_rowcount_bad
GA01502,ddf_name_collision;tail_sensitivity_lost_name_collision
GA01503,ddf_name_collision;ddf_rowcount_bad
GA01517,ddf_name_collision;ddf_rowcount_bad
GA01522,ddf_name_collision;ddf_rowcount_bad
GA01534,ddf_name_collision;ddf_rowcount_bad;tail_sensitivity_lost_name_collision
GA01535,ddf_name_collision;tail_sensitivity_lost_name_collision
GA01537,ddf_name_collision;ddf_rowcount_bad
GA01542,ddf_name_collision
GA01545,ddf_name_collision;ddf_rowcount_bad
GA01547,ddf_name_collision;ddf_rowcount_bad
GA01548,ddf_name_collision;ddf_rowcount_bad
GA01558,ddf_name_collision;ddf_rowcount_bad
GA01568,ddf_name_collision;ddf_rowcount_bad
GA01571,ddf_name_collision;ddf_rowcount_bad
GA01574,ddf_name_collision;ddf_rowcount_bad
GA01575,ddf_name_collision;ddf_rowcount_bad
GA01590,ddf_name_collision;ddf_rowcount_bad;tail_sensitivity_lost_name_collision
GA01592,ddf_name_collision;tail_sensitivity_lost_name_collision
GA01603,ddf_name_collision;ddf_rowcount_bad
GA01605,ddf_name_collision;tail_sensitivity_lost_name_collision
GA01607,ddf_name_collision;ddf_rowcount_bad;tail_sensitivity_lost_name_collision
GA01611,ddf_name_collision;ddf_rowcount_bad;tail_sensitivity_lost_name_collision
GA01614,ddf_name_collision;ddf_rowcount_bad
GA01630,ddf_name_collision;ddf_rowcount_bad
GA01632,ddf_name_collision;ddf_rowcount_bad
GA01636,ddf_name_collision;ddf_rowcount_bad
GA01637,ddf_name_collision;ddf_rowcount_bad;tail_sensitivity_lost_name_collision
GA01639,ddf_name_collision;ddf_rowcount_bad
GA01642,ddf_name_collision;ddf_rowcount_bad;tail_sensitivity_lost_name_collision
GA01643,ddf_name_collision;ddf_rowcount_bad
GA01644,ddf_name_collision;ddf_rowcount_bad
GA01662,ddf_name_collision
GA01663,ddf_name_collision;ddf_rowcount_bad
GA01670,ddf_name_collision;ddf_rowcount_bad
GA01690,ddf_name_collision;ddf_rowcount_bad
GA01692,ddf_name_collision
GA01701,narrow_elevation_band;old_manifest_vintage;pre_centralization_no_aux;synthetic_cloud_unauditable
GA01702,narrow_elevation_band;old_manifest_vintage;pre_centralization_no_aux;synthetic_cloud_unauditable
GA01705,narrow_elevation_band;old_manifest_vintage;pre_centralization_no_aux;synthetic_cloud_unauditable
GA01710,ddf_name_collision;ddf_rowcount_bad
GA01751,ddf_name_collision;ddf_rowcount_bad
GA01761,ddf_name_collision;ddf_rowcount_bad
GA01762,ddf_name_collision;ddf_rowcount_bad
GA01766,ddf_name_collision;ddf_rowcount_bad
GA01771,ddf_name_collision;ddf_rowcount_bad
GA01773,ddf_name_collision;ddf_rowcount_bad
GA01780,ddf_name_collision;ddf_rowcount_bad
GA01783,ddf_name_collision;ddf_rowcount_bad
GA01786,ddf_name_collision;ddf_rowcount_bad
GA01789,ddf_name_collision;ddf_rowcount_bad
GA01802,ddf_name_collision;ddf_rowcount_bad
GA01803,ddf_name_collision;ddf_rowcount_bad
GA01806,ddf_name_collision;ddf_rowcount_bad
GA01810,ddf_name_collision;ddf_rowcount_bad
GA01816,ddf_name_collision;ddf_rowcount_bad
GA01823,ddf_name_collision;ddf_rowcount_bad
GA01830,ddf_name_collision;ddf_rowcount_bad
GA01838,ddf_name_collision;ddf_rowcount_bad
GA01845,ddf_name_collision;ddf_rowcount_bad
GA01858,ddf_name_collision;ddf_rowcount_bad
GA01864,ddf_name_collision;ddf_rowcount_bad;tail_sensitivity_lost_name_collision
GA01866,ddf_name_collision;ddf_rowcount_bad
GA01867,ddf_name_collision;ddf_rowcount_bad
GA01868,ddf_name_collision;ddf_rowcount_bad
GA01873,ddf_name_collision;ddf_rowcount_bad
GA01875,ddf_name_collision;ddf_rowcount_bad
GA01883,ddf_name_collision;ddf_rowcount_bad
GA01889,ddf_name_collision;ddf_rowcount_bad
GA01914,ddf_name_collision;ddf_rowcount_bad
GA01918,ddf_name_collision;ddf_rowcount_bad
GA01919,ddf_name_collision;ddf_rowcount_bad
GA01920,ddf_name_collision;ddf_rowcount_bad
GA01924,ddf_name_collision;ddf_rowcount_bad
GA01928,ddf_name_collision;ddf_rowcount_bad
GA01929,ddf_name_collision;ddf_rowcount_bad
GA01930,ddf_name_collision;ddf_rowcount_bad
GA01931,ddf_name_collision;ddf_rowcount_bad
GA01932,ddf_name_collision;ddf_rowcount_bad
GA01939,ddf_name_collision;ddf_rowcount_bad
GA01948,ddf_name_collision;ddf_rowcount_bad
GA01951,ddf_name_collision;ddf_rowcount_bad
GA01957,ddf_name_collision;ddf_rowcount_bad
GA01958,ddf_name_collision;ddf_rowcount_bad
GA01960,ddf_name_collision;ddf_rowcount_bad
GA01988,ddf_name_collision;ddf_rowcount_bad
GA01992,ddf_name_collision;ddf_rowcount_bad
GA01996,ddf_name_collision;ddf_rowcount_bad
GA01999,ddf_name_collision;ddf_rowcount_bad
GA02001,ddf_name_collision;ddf_rowcount_bad
GA02006,ddf_name_collision;ddf_rowcount_bad
GA02013,ddf_name_collision;ddf_rowcount_bad
GA02014,ddf_name_collision;ddf_rowcount_bad
GA02024,ddf_name_collision;ddf_rowcount_bad;tail_sensitivity_lost_name_collision
GA02025,ddf_name_collision;ddf_rowcount_bad
GA02030,ddf_name_collision;ddf_rowcount_bad
GA02031,ddf_name_collision;ddf_rowcount_bad
GA02038,ddf_name_collision;ddf_rowcount_bad
GA02039,ddf_name_collision;ddf_rowcount_bad
GA02046,ddf_name_collision;ddf_rowcount_bad
GA02051,ddf_name_collision;ddf_rowcount_bad
GA02065,ddf_name_collision;ddf_rowcount_bad
GA02077,ddf_name_collision;tail_sensitivity_lost_name_collision
GA02080,ddf_name_collision;ddf_rowcount_bad
GA02082,ddf_name_collision;ddf_rowcount_bad
GA02083,ddf_name_collision;ddf_rowcount_bad
GA02084,ddf_name_collision;ddf_rowcount_bad
GA02087,ddf_name_collision;ddf_rowcount_bad
GA02091,ddf_name_collision;ddf_rowcount_bad
GA02092,ddf_name_collision;ddf_rowcount_bad
GA02098,ddf_name_collision;ddf_rowcount_bad
GA02099,ddf_name_collision;ddf_rowcount_bad;tail_sensitivity_lost_name_collision
GA02100,ddf_name_collision;ddf_rowcount_bad
GA02101,ddf_name_collision;ddf_rowcount_bad
GA02133,ddf_name_collision;ddf_rowcount_bad
GA02145,ddf_name_collision;ddf_rowcount_bad
GA02146,ddf_name_collision;ddf_rowcount_bad
GA02148,ddf_name_collision;ddf_rowcount_bad
GA02151,ddf_name_collision;ddf_rowcount_bad
GA02152,ddf_name_collision;ddf_rowcount_bad
GA02168,ddf_name_collision;ddf_rowcount_bad
GA02172,ddf_name_collision;ddf_rowcount_bad
GA02174,ddf_name_collision;ddf_rowcount_bad
GA02177,ddf_name_collision;ddf_rowcount_bad
GA02178,ddf_name_collision;ddf_rowcount_bad
GA02181,ddf_name_collision
GA02182,ddf_name_collision;ddf_rowcount_bad
GA02188,ddf_name_collision;ddf_rowcount_bad
GA02190,ddf_name_collision;ddf_rowcount_bad
GA02196,ddf_name_collision;ddf_rowcount_bad
GA02197,ddf_name_collision;ddf_rowcount_bad
GA02198,ddf_name_collision;ddf_rowcount_bad
GA02202,ddf_name_collision;tail_sensitivity_lost_name_collision
GA02204,ddf_name_collision;ddf_rowcount_bad
GA02219,ddf_name_collision;ddf_rowcount_bad
GA02221,ddf_name_collision;ddf_rowcount_bad
GA02223,ddf_name_collision;ddf_rowcount_bad
GA02228,ddf_name_collision;ddf_rowcount_bad
GA02231,ddf_name_collision;ddf_rowcount_bad
GA02234,ddf_name_collision;ddf_rowcount_bad
GA02238,ddf_name_collision;ddf_rowcount_bad
GA02246,ddf_name_collision;ddf_rowcount_bad
GA02253,ddf_name_collision;ddf_rowcount_bad
GA02260,ddf_name_collision;ddf_rowcount_bad
GA02275,ddf_name_collision;ddf_rowcount_bad
GA02295,ddf_name_collision;ddf_rowcount_bad
GA02310,ddf_name_collision;ddf_rowcount_bad
GA02315,ddf_name_collision;ddf_rowcount_bad
GA02329,ddf_name_collision;ddf_rowcount_bad;tail_sensitivity_lost_name_collision
GA02332,ddf_name_collision;ddf_rowcount_bad
GA02338,ddf_name_collision;ddf_rowcount_bad
GA02341,ddf_name_collision;ddf_rowcount_bad
GA02343,ddf_name_collision;ddf_rowcount_bad
GA02344,ddf_name_collision;ddf_rowcount_bad
GA02347,ddf_name_collision;ddf_rowcount_bad
GA02352,ddf_name_collision;ddf_rowcount_bad
GA02356,ddf_name_collision;ddf_rowcount_bad
GA02359,ddf_name_collision
GA02362,ddf_name_collision;ddf_rowcount_bad
GA02364,ddf_name_collision;ddf_rowcount_bad;tail_sensitivity_lost_name_collision
GA02365,ddf_name_collision;ddf_rowcount_bad
GA02375,ddf_name_collision;ddf_rowcount_bad
GA02377,ddf_name_collision;ddf_rowcount_bad
GA02382,ddf_name_collision;ddf_rowcount_bad
GA02386,ddf_name_collision;ddf_rowcount_bad
GA02387,ddf_name_collision;ddf_rowcount_bad
GA02390,ddf_name_collision;ddf_rowcount_bad
GA02391,ddf_name_collision;ddf_rowcount_bad
GA02408,ddf_name_collision;ddf_rowcount_bad
GA02409,ddf_name_collision;tail_sensitivity_lost_name_collision
GA02417,ddf_name_collision;ddf_rowcount_bad
GA02434,ddf_name_collision;ddf_rowcount_bad
GA02437,ddf_name_collision;ddf_rowcount_bad
GA02438,ddf_name_collision;ddf_rowcount_bad
GA02441,ddf_name_collision;ddf_rowcount_bad
GA02442,ddf_name_collision
GA02447,ddf_name_collision;ddf_rowcount_bad
GA02450,ddf_name_collision;ddf_rowcount_bad
GA02451,ddf_name_collision;ddf_rowcount_bad
GA02452,ddf_name_collision;ddf_rowcount_bad
GA02463,ddf_name_collision
GA02467,ddf_name_collision;ddf_rowcount_bad
GA02473,ddf_name_collision;ddf_rowcount_bad;tail_sensitivity_lost_name_collision
GA02477,ddf_name_collision;ddf_rowcount_bad
GA02480,ddf_name_collision;ddf_rowcount_bad
GA02483,ddf_name_collision;ddf_rowcount_bad
GA02486,ddf_name_collision;ddf_rowcount_bad
GA02487,ddf_name_collision
GA02495,ddf_name_collision;ddf_rowcount_bad
GA02496,ddf_name_collision;ddf_rowcount_bad
GA02499,ddf_name_collision;ddf_rowcount_bad
GA02503,ddf_name_collision;ddf_rowcount_bad
GA02512,ddf_name_collision;ddf_rowcount_bad
GA02516,ddf_name_collision;ddf_rowcount_bad
GA02519,ddf_name_collision;ddf_rowcount_bad;tail_sensitivity_lost_name_collision
GA02522,ddf_name_collision;ddf_rowcount_bad
GA02523,ddf_name_collision;ddf_rowcount_bad
GA02526,ddf_name_collision;ddf_rowcount_bad
GA02527,ddf_name_collision;ddf_rowcount_bad
GA02530,ddf_name_collision;ddf_rowcount_bad
GA02536,ddf_name_collision;ddf_rowcount_bad
GA02540,ddf_name_collision;ddf_rowcount_bad
GA02544,ddf_name_collision;ddf_rowcount_bad;tail_sensitivity_lost_name_collision
GA02545,ddf_name_collision;ddf_rowcount_bad
GA02549,ddf_name_collision;ddf_rowcount_bad
GA02550,ddf_name_collision;ddf_rowcount_bad;tail_sensitivity_lost_name_collision
GA02551,ddf_name_collision;ddf_rowcount_bad
GA02553,ddf_name_collision;ddf_rowcount_bad
GA02556,ddf_name_collision;ddf_rowcount_bad
GA02557,ddf_name_collision;ddf_rowcount_bad
GA02559,ddf_name_collision;ddf_rowcount_bad
GA02561,ddf_name_collision;ddf_rowcount_bad
GA02563,ddf_name_collision;ddf_rowcount_bad;tail_sensitivity_lost_name_collision
GA02565,ddf_name_collision;ddf_rowcount_bad
GA02567,ddf_name_collision;ddf_rowcount_bad
GA02568,ddf_name_collision;ddf_rowcount_bad
GA02569,ddf_name_collision;ddf_rowcount_bad
GA02570,ddf_name_collision;ddf_rowcount_bad
GA02573,ddf_name_collision;ddf_rowcount_bad
GA02576,ddf_name_collision;tail_sensitivity_lost_name_collision
GA02577,ddf_name_collision;ddf_rowcount_bad
GA02578,ddf_name_collision;ddf_rowcount_bad
GA02579,ddf_name_collision;ddf_rowcount_bad
GA02580,ddf_name_collision;ddf_rowcount_bad
GA02584,ddf_name_collision;ddf_rowcount_bad
GA02585,ddf_name_collision;ddf_rowcount_bad
GA02586,ddf_name_collision;ddf_rowcount_bad
GA02588,ddf_name_collision;ddf_rowcount_bad
GA02595,ddf_name_collision;ddf_rowcount_bad
GA02600,ddf_name_collision;tail_sensitivity_lost_name_collision
GA02601,ddf_name_collision;ddf_rowcount_bad
GA02604,ddf_name_collision
GA02608,ddf_name_collision;ddf_rowcount_bad;tail_sensitivity_lost_name_collision
GA02609,ddf_name_collision;ddf_rowcount_bad
GA02610,ddf_name_collision;ddf_rowcount_bad
GA02611,ddf_name_collision;ddf_rowcount_bad
GA02613,ddf_name_collision;ddf_rowcount_bad
GA02614,ddf_name_collision;ddf_rowcount_bad
GA02616,ddf_name_collision;ddf_rowcount_bad
GA02620,ddf_name_collision;ddf_rowcount_bad
GA02621,ddf_name_collision;ddf_rowcount_bad
GA02626,ddf_name_collision;ddf_rowcount_bad
GA02627,ddf_name_collision;ddf_rowcount_bad;tail_sensitivity_lost_name_collision
GA02628,ddf_name_collision;ddf_rowcount_bad;tail_sensitivity_lost_name_collision
GA02630,ddf_name_collision;ddf_rowcount_bad
GA02632,ddf_name_collision;ddf_rowcount_bad
GA02633,ddf_name_collision;ddf_rowcount_bad
GA02637,ddf_name_collision;ddf_rowcount_bad
GA02638,ddf_name_collision;ddf_rowcount_bad;tail_sensitivity_lost_name_collision
GA02642,ddf_name_collision;ddf_rowcount_bad
GA02646,ddf_name_collision;ddf_rowcount_bad
GA02647,ddf_name_collision;ddf_rowcount_bad
GA02648,ddf_name_collision;ddf_rowcount_bad
GA02649,ddf_name_collision;ddf_rowcount_bad
GA02653,ddf_name_collision;ddf_rowcount_bad
GA02656,ddf_name_collision;ddf_rowcount_bad
GA02657,ddf_name_collision;ddf_rowcount_bad
GA02662,ddf_name_collision;ddf_rowcount_bad;tail_sensitivity_lost_name_collision
GA02663,ddf_name_collision;ddf_rowcount_bad
GA02668,ddf_name_collision;ddf_rowcount_bad
GA02672,ddf_name_collision;ddf_rowcount_bad
GA02674,ddf_name_collision;ddf_rowcount_bad
GA02675,ddf_name_collision;ddf_rowcount_bad
GA02677,ddf_name_collision;ddf_rowcount_bad
GA02678,ddf_name_collision;ddf_rowcount_bad
GA02680,ddf_name_collision;ddf_rowcount_bad
GA02684,ddf_name_collision;ddf_rowcount_bad
GA02686,ddf_name_collision;ddf_rowcount_bad
GA02688,ddf_name_collision;ddf_rowcount_bad
GA02689,ddf_name_collision;ddf_rowcount_bad
GA02692,ddf_name_collision;ddf_rowcount_bad
GA02693,ddf_name_collision;ddf_rowcount_bad
GA02710,ddf_name_collision;ddf_rowcount_bad
GA02711,ddf_name_collision;ddf_rowcount_bad
GA02712,ddf_name_collision;ddf_rowcount_bad
GA02713,ddf_name_collision;ddf_rowcount_bad
GA02714,ddf_name_collision;ddf_rowcount_bad
GA02717,ddf_name_collision
GA02718,ddf_name_collision;ddf_rowcount_bad
GA02726,ddf_name_collision;ddf_rowcount_bad
GA02729,ddf_name_collision;ddf_rowcount_bad
GA02730,ddf_name_collision;ddf_rowcount_bad
GA02746,ddf_name_collision;ddf_rowcount_bad
GA02754,ddf_name_collision;ddf_rowcount_bad
GA02755,ddf_name_collision;ddf_rowcount_bad
GA02767,ddf_name_collision;ddf_rowcount_bad
GA02772,ddf_name_collision;ddf_rowcount_bad
GA02780,ddf_name_collision;ddf_rowcount_bad
GA02781,ddf_name_collision;ddf_rowcount_bad
GA02783,ddf_name_collision;ddf_rowcount_bad
GA02786,ddf_name_collision;ddf_rowcount_bad
GA02788,ddf_name_collision;ddf_rowcount_bad
GA02789,ddf_name_collision;ddf_rowcount_bad
GA02790,ddf_name_collision;ddf_rowcount_bad
GA02793,ddf_name_collision;ddf_rowcount_bad
GA02799,ddf_name_collision;ddf_rowcount_bad;tail_sensitivity_lost_name_collision
GA02802,ddf_name_collision;ddf_rowcount_bad
GA02803,ddf_name_collision;ddf_rowcount_bad
GA02804,ddf_name_collision;ddf_rowcount_bad
GA02805,ddf_name_collision;ddf_rowcount_bad
GA02813,ddf_name_collision;ddf_rowcount_bad
GA02814,ddf_name_collision;ddf_rowcount_bad
GA02820,ddf_name_collision;ddf_rowcount_bad
GA02823,ddf_name_collision;ddf_rowcount_bad
GA02824,ddf_name_collision;ddf_rowcount_bad
GA02827,ddf_name_collision;ddf_rowcount_bad
GA02830,ddf_name_collision;ddf_rowcount_bad
GA02836,ddf_name_collision;ddf_rowcount_bad
GA02849,ddf_name_collision;ddf_rowcount_bad
GA02853,ddf_name_collision;ddf_rowcount_bad
GA02858,ddf_name_collision;ddf_rowcount_bad
GA02874,ddf_name_collision;ddf_rowcount_bad
GA02876,ddf_name_collision;ddf_rowcount_bad
GA02877,ddf_name_collision;ddf_rowcount_bad
GA02878,ddf_name_collision;ddf_rowcount_bad
GA02882,ddf_name_collision;ddf_rowcount_bad
GA02883,ddf_name_collision;ddf_rowcount_bad
GA02896,ddf_name_collision;ddf_rowcount_bad
GA02897,ddf_name_collision;ddf_rowcount_bad;tail_sensitivity_lost_name_collision
GA02903,ddf_name_collision;ddf_rowcount_bad
GA02904,ddf_name_collision;ddf_rowcount_bad
GA02905,ddf_name_collision;ddf_rowcount_bad
GA02908,ddf_name_collision;ddf_rowcount_bad
GA02909,ddf_name_collision;ddf_rowcount_bad
GA02918,ddf_name_collision;ddf_rowcount_bad
GA02919,ddf_name_collision;ddf_rowcount_bad
GA02922,ddf_name_collision;ddf_rowcount_bad
GA02933,ddf_name_collision;ddf_rowcount_bad;tail_sensitivity_lost_name_collision
GA02934,ddf_name_collision;ddf_rowcount_bad
GA02946,ddf_name_collision;ddf_rowcount_bad
GA02947,ddf_name_collision;ddf_rowcount_bad
GA02955,ddf_name_collision;ddf_rowcount_bad
GA02965,ddf_name_collision
GA02976,ddf_name_collision;ddf_rowcount_bad
GA02977,ddf_name_collision;ddf_rowcount_bad
GA02979,ddf_name_collision;ddf_rowcount_bad
GA02980,ddf_name_collision;ddf_rowcount_bad
GA02981,ddf_name_collision;ddf_rowcount_bad
GA02982,ddf_name_collision;ddf_rowcount_bad
GA02985,ddf_name_collision;tail_sensitivity_lost_name_collision
GA02986,ddf_name_collision;ddf_rowcount_bad
GA02993,ddf_name_collision;ddf_rowcount_bad
GA03006,ddf_name_collision;ddf_rowcount_bad
GA03007,ddf_name_collision;ddf_rowcount_bad
GA03010,ddf_name_collision;ddf_rowcount_bad
GA03017,ddf_name_collision;ddf_rowcount_bad
GA03020,ddf_name_collision;ddf_rowcount_bad
GA03021,ddf_name_collision;ddf_rowcount_bad
GA03022,ddf_name_collision;ddf_rowcount_bad
GA03024,ddf_name_collision;ddf_rowcount_bad
GA03028,ddf_name_collision;ddf_rowcount_bad
GA03029,ddf_name_collision;ddf_rowcount_bad
GA03035,ddf_name_collision;ddf_rowcount_bad
GA03044,ddf_name_collision;ddf_rowcount_bad
GA03049,ddf_name_collision;ddf_rowcount_bad
GA03050,ddf_name_collision;ddf_rowcount_bad
GA03055,ddf_name_collision;ddf_rowcount_bad
GA03056,ddf_name_collision;ddf_rowcount_bad
GA03057,ddf_name_collision;ddf_rowcount_bad
GA03059,ddf_name_collision;ddf_rowcount_bad
GA03064,ddf_name_collision;ddf_rowcount_bad
GA03068,ddf_name_collision;ddf_rowcount_bad;tail_sensitivity_lost_name_collision
GA03084,ddf_name_collision;ddf_rowcount_bad
GA03092,ddf_name_collision;ddf_rowcount_bad
GA03096,ddf_name_collision;ddf_rowcount_bad
GA03097,ddf_name_collision;ddf_rowcount_bad
GA03098,ddf_name_collision;ddf_rowcount_bad
GA03099,ddf_name_collision;ddf_rowcount_bad
GA03100,ddf_name_collision;ddf_rowcount_bad
GA03103,ddf_name_collision;ddf_rowcount_bad
GA03107,ddf_name_collision;ddf_rowcount_bad
GA03111,ddf_name_collision;ddf_rowcount_bad
GA03112,ddf_name_collision;ddf_rowcount_bad
GA03115,ddf_name_collision;ddf_rowcount_bad
GA03117,ddf_name_collision;ddf_rowcount_bad
GA03118,ddf_name_collision;ddf_rowcount_bad
GA03121,ddf_name_collision;ddf_rowcount_bad
GA03125,ddf_name_collision;ddf_rowcount_bad
GA03144,ddf_name_collision;ddf_rowcount_bad
GA03147,ddf_name_collision;ddf_rowcount_bad
GA03151,ddf_name_collision;ddf_rowcount_bad;tail_sensitivity_lost_name_collision
GA03153,ddf_name_collision;ddf_rowcount_bad
GA03157,ddf_name_collision;ddf_rowcount_bad
GA03159,ddf_name_collision;ddf_rowcount_bad
GA03167,ddf_name_collision;ddf_rowcount_bad
GA03174,ddf_name_collision;ddf_rowcount_bad
GA03175,ddf_name_collision;ddf_rowcount_bad
GA03176,ddf_name_collision;ddf_rowcount_bad
GA03178,ddf_name_collision;ddf_rowcount_bad
GA03182,ddf_name_collision;ddf_rowcount_bad
GA03185,ddf_name_collision;ddf_rowcount_bad
GA03186,ddf_name_collision;ddf_rowcount_bad;tail_sensitivity_lost_name_collision
GA03189,ddf_name_collision;ddf_rowcount_bad
GA03191,ddf_name_collision;ddf_rowcount_bad
GA03197,ddf_name_collision;ddf_rowcount_bad
GA03204,ddf_name_collision;ddf_rowcount_bad
GA03206,ddf_name_collision;ddf_rowcount_bad
GA03210,ddf_name_collision;ddf_rowcount_bad
GA03212,ddf_name_collision;ddf_rowcount_bad
GA03213,ddf_name_collision;ddf_rowcount_bad
GA03227,ddf_name_collision;tail_sensitivity_lost_name_collision
GA03240,ddf_name_collision;ddf_rowcount_bad
GA03259,ddf_name_collision;ddf_rowcount_bad
GA03263,ddf_name_collision;ddf_rowcount_bad
GA03264,ddf_name_collision;ddf_rowcount_bad
GA03267,ddf_name_collision;ddf_rowcount_bad
GA03268,ddf_name_collision;ddf_rowcount_bad
GA03274,ddf_name_collision;ddf_rowcount_bad
GA03275,ddf_name_collision;ddf_rowcount_bad
GA03277,ddf_name_collision;ddf_rowcount_bad
GA03279,ddf_name_collision;ddf_rowcount_bad
GA03283,ddf_name_collision;ddf_rowcount_bad
GA03285,ddf_name_collision;ddf_rowcount_bad
GA03288,ddf_name_collision;ddf_rowcount_bad
GA03291,ddf_name_collision;ddf_rowcount_bad
GA03294,ddf_name_collision;ddf_rowcount_bad
GA03296,ddf_name_collision;ddf_rowcount_bad
GA03299,ddf_name_collision;ddf_rowcount_bad
GA03310,ddf_name_collision;ddf_rowcount_bad;tail_sensitivity_lost_name_collision
GA03311,ddf_name_collision;ddf_rowcount_bad
GA03313,ddf_name_collision;ddf_rowcount_bad
GA03315,ddf_name_collision;ddf_rowcount_bad
GA03316,ddf_name_collision
GA03319,ddf_name_collision;ddf_rowcount_bad;tail_sensitivity_lost_name_collision
GA03320,ddf_name_collision;ddf_rowcount_bad
GA03321,ddf_name_collision;ddf_rowcount_bad
GA03322,ddf_name_collision;ddf_rowcount_bad
GA03326,ddf_name_collision;ddf_rowcount_bad
GA03329,ddf_name_collision;ddf_rowcount_bad
GA03330,ddf_name_collision;ddf_rowcount_bad
GA03331,ddf_name_collision;ddf_rowcount_bad
GA03334,ddf_name_collision;ddf_rowcount_bad
GA03335,ddf_name_collision;ddf_rowcount_bad
GA03336,ddf_name_collision;ddf_rowcount_bad
GA03339,ddf_name_collision;ddf_rowcount_bad
GA03340,ddf_name_collision;ddf_rowcount_bad
GA03344,ddf_name_collision;ddf_rowcount_bad
GA03345,ddf_name_collision;ddf_rowcount_bad
GA03347,ddf_name_collision;ddf_rowcount_bad
GA03351,ddf_name_collision;ddf_rowcount_bad
GA03353,ddf_name_collision;ddf_rowcount_bad
GA03360,ddf_name_collision;ddf_rowcount_bad
GA03378,ddf_name_collision;ddf_rowcount_bad
GA03383,ddf_name_collision;ddf_rowcount_bad
GA03385,ddf_name_collision;ddf_rowcount_bad
GA03402,ddf_name_collision;ddf_rowcount_bad
GA03406,ddf_name_collision;ddf_rowcount_bad
GA03408,ddf_name_collision;ddf_rowcount_bad
GA03410,ddf_name_collision;ddf_rowcount_bad
GA03412,ddf_name_collision;ddf_rowcount_bad
GA03421,ddf_name_collision;ddf_rowcount_bad
GA03422,ddf_name_collision;ddf_rowcount_bad
GA03423,ddf_name_collision;ddf_rowcount_bad
GA03425,ddf_name_collision;ddf_rowcount_bad;tail_sensitivity_lost_name_collision
GA03426,ddf_name_collision;ddf_rowcount_bad
GA03427,ddf_name_collision;ddf_rowcount_bad
GA03432,ddf_name_collision;ddf_rowcount_bad
GA03444,ddf_name_collision
GA03445,ddf_name_collision;ddf_rowcount_bad
GA03446,ddf_name_collision;tail_sensitivity_lost_name_collision
GA03450,ddf_name_collision;ddf_rowcount_bad
GA03451,ddf_name_collision;ddf_rowcount_bad
GA03452,ddf_name_collision;ddf_rowcount_bad
GA03455,ddf_name_collision;ddf_rowcount_bad
GA03456,ddf_name_collision;ddf_rowcount_bad
GA03458,ddf_name_collision;ddf_rowcount_bad
GA03461,ddf_name_collision;ddf_rowcount_bad
GA03468,ddf_name_collision;ddf_rowcount_bad
GA03473,ddf_name_collision;ddf_rowcount_bad
GA03474,ddf_name_collision;ddf_rowcount_bad;tail_sensitivity_lost_name_collision
GA03501,ddf_name_collision;ddf_rowcount_bad
GA03503,ddf_name_collision;ddf_rowcount_bad
GA03505,ddf_name_collision;ddf_rowcount_bad
GA03508,ddf_name_collision;ddf_rowcount_bad;tail_sensitivity_lost_name_collision
GA03509,ddf_name_collision;ddf_rowcount_bad
GA03510,ddf_name_collision;ddf_rowcount_bad
GA03511,ddf_name_collision;ddf_rowcount_bad
GA03513,ddf_name_collision;ddf_rowcount_bad;tail_sensitivity_lost_name_collision
GA03514,ddf_name_collision;ddf_rowcount_bad
GA03518,ddf_name_collision;ddf_rowcount_bad
GA03519,ddf_name_collision;ddf_rowcount_bad
GA03521,ddf_name_collision;ddf_rowcount_bad
GA03531,ddf_name_collision;ddf_rowcount_bad
GA03532,ddf_name_collision;ddf_rowcount_bad;tail_sensitivity_lost_name_collision
GA03535,ddf_name_collision;ddf_rowcount_bad
GA03541,ddf_name_collision;ddf_rowcount_bad
GA03544,ddf_name_collision;ddf_rowcount_bad
GA03546,ddf_name_collision;ddf_rowcount_bad
GA03552,ddf_name_collision;ddf_rowcount_bad
GA03563,ddf_name_collision;ddf_rowcount_bad
GA03566,ddf_name_collision;ddf_rowcount_bad
GA03567,ddf_name_collision;ddf_rowcount_bad
GA03580,ddf_name_collision;ddf_rowcount_bad
GA03581,ddf_name_collision;ddf_rowcount_bad
GA03584,ddf_name_collision
GA03586,ddf_name_collision;ddf_rowcount_bad
GA03587,ddf_name_collision;ddf_rowcount_bad
GA03600,ddf_name_collision;ddf_rowcount_bad
GA03601,ddf_name_collision;ddf_rowcount_bad
GA03602,ddf_name_collision;ddf_rowcount_bad
GA03606,ddf_name_collision;ddf_rowcount_bad;tail_sensitivity_lost_name_collision
GA03608,ddf_name_collision;ddf_rowcount_bad
GA03609,ddf_name_collision;ddf_rowcount_bad
GA03611,ddf_name_collision;ddf_rowcount_bad
GA03630,ddf_name_collision;ddf_rowcount_bad
GA03632,ddf_name_collision;ddf_rowcount_bad
GA03633,ddf_name_collision;ddf_rowcount_bad;tail_sensitivity_lost_name_collision
GA03639,ddf_name_collision;ddf_rowcount_bad
GA03640,ddf_name_collision;ddf_rowcount_bad
GA03643,ddf_name_collision;ddf_rowcount_bad
GA03647,ddf_name_collision;ddf_rowcount_bad
GA03649,ddf_name_collision;ddf_rowcount_bad;tail_sensitivity_lost_name_collision
GA03654,ddf_name_collision;ddf_rowcount_bad
GA03663,ddf_name_collision;ddf_rowcount_bad
GA03664,ddf_name_collision;ddf_rowcount_bad
GA03670,ddf_name_collision;ddf_rowcount_bad
GA03680,ddf_name_collision;ddf_rowcount_bad;tail_sensitivity_lost_name_collision
GA03683,ddf_name_collision;ddf_rowcount_bad
GA03701,ddf_name_collision;ddf_rowcount_bad
GA03712,ddf_name_collision;ddf_rowcount_bad
GA03713,ddf_name_collision;ddf_rowcount_bad
GA03742,narrow_elevation_band;old_manifest_vintage;pre_centralization_no_aux;synthetic_cloud_unauditable
GA03823,ddf_name_collision;ddf_rowcount_bad
GA03825,ddf_name_collision;ddf_rowcount_bad
GA03838,ddf_name_collision;ddf_rowcount_bad
GA03863,ddf_name_collision;ddf_rowcount_bad
GA03868,ddf_name_collision;ddf_rowcount_bad
GA03869,ddf_name_collision;ddf_rowcount_bad
GA03870,ddf_name_collision;ddf_rowcount_bad
GA03927,ddf_name_collision;tail_sensitivity_lost_name_collision
GA03928,ddf_name_collision;ddf_rowcount_bad
GA03932,ddf_name_collision
GA03943,ddf_name_collision;ddf_rowcount_bad
GA03955,ddf_name_collision;ddf_rowcount_bad;tail_sensitivity_lost_name_collision
GA03973,ddf_name_collision;ddf_rowcount_bad;tail_sensitivity_lost_name_collision
GA03998,ddf_name_collision;ddf_rowcount_bad
GA04023,ddf_name_collision;ddf_rowcount_bad
GA04035,ddf_name_collision;ddf_rowcount_bad
GA04041,ddf_name_collision;ddf_rowcount_bad;tail_sensitivity_lost_name_collision
GA04044,ddf_name_collision;ddf_rowcount_bad
GA04056,ddf_name_collision;ddf_rowcount_bad
GA04068,ddf_name_collision;ddf_rowcount_bad
GA04070,ddf_name_collision;ddf_rowcount_bad
GA04090,ddf_name_collision;ddf_rowcount_bad
GA04100,ddf_name_collision;ddf_rowcount_bad
GA04102,ddf_name_collision;tail_sensitivity_lost_name_collision
GA04132,ddf_name_collision;ddf_rowcount_bad
GA04146,ddf_name_collision;tail_sensitivity_lost_name_collision
GA04158,ddf_name_collision;ddf_rowcount_bad
GA04171,ddf_name_collision;ddf_rowcount_bad
GA04174,ddf_name_collision;ddf_rowcount_bad
GA04177,ddf_name_collision;ddf_rowcount_bad
GA04198,ddf_name_collision;ddf_rowcount_bad;tail_sensitivity_lost_name_collision
GA04203,ddf_name_collision;ddf_rowcount_bad
GA04209,ddf_name_collision;ddf_rowcount_bad
GA04232,ddf_name_collision;ddf_rowcount_bad
GA04275,ddf_name_collision;ddf_rowcount_bad
GA04301,ddf_name_collision;ddf_rowcount_bad
GA04303,ddf_name_collision;ddf_rowcount_bad
GA04306,ddf_name_collision;ddf_rowcount_bad
GA04311,ddf_name_collision;ddf_rowcount_bad
GA04342,ddf_name_collision;ddf_rowcount_bad
GA04343,ddf_name_collision;ddf_rowcount_bad
GA04345,ddf_name_collision;ddf_rowcount_bad
GA04373,ddf_name_collision;ddf_rowcount_bad
GA04470,ddf_name_collision
GA04506,ddf_name_collision;ddf_rowcount_bad
GA04612,ddf_name_collision;ddf_rowcount_bad;tail_sensitivity_lost_name_collision
GA04617,ddf_name_collision;ddf_rowcount_bad
GA04629,ddf_name_collision;ddf_rowcount_bad
GA04664,ddf_name_collision;ddf_rowcount_bad;tail_sensitivity_lost_name_collision
GA04712,ddf_name_collision;ddf_rowcount_bad
GA04715,ddf_name_collision;tail_sensitivity_lost_name_collision
GA04723,ddf_name_collision;ddf_rowcount_bad
GA04736,ddf_name_collision;ddf_rowcount_bad;tail_sensitivity_lost_name_collision
GA04784,ddf_name_collision;ddf_rowcount_bad
GA04790,ddf_name_collision;ddf_rowcount_bad
GA04796,ddf_name_collision;ddf_rowcount_bad
GA04797,ddf_name_collision;ddf_rowcount_bad
GA04810,ddf_name_collision;ddf_rowcount_bad
GA04824,ddf_name_collision;ddf_rowcount_bad
GA04825,ddf_name_collision;ddf_rowcount_bad
GA04833,ddf_name_collision;ddf_rowcount_bad
GA04852,ddf_name_collision;tail_sensitivity_lost_name_collision
GA04856,ddf_name_collision;ddf_rowcount_bad
GA04875,ddf_name_collision;ddf_rowcount_bad
GA04876,ddf_name_collision;ddf_rowcount_bad
GA04878,ddf_name_collision
GA04879,ddf_name_collision;ddf_rowcount_bad
GA04891,ddf_name_collision;ddf_rowcount_bad
GA04903,ddf_name_collision;ddf_rowcount_bad
GA04921,ddf_name_collision;ddf_rowcount_bad
GA04923,ddf_name_collision;ddf_rowcount_bad
GA04927,ddf_name_collision;ddf_rowcount_bad
GA04930,ddf_name_collision;ddf_rowcount_bad
GA04956,ddf_name_collision;ddf_rowcount_bad
GA04960,ddf_name_collision;ddf_rowcount_bad
GA04976,ddf_name_collision;ddf_rowcount_bad
GA04977,ddf_name_collision;ddf_rowcount_bad
GA04978,ddf_name_collision;ddf_rowcount_bad
GA04988,ddf_name_collision;ddf_rowcount_bad
GA05006,ddf_name_collision;ddf_rowcount_bad
GA05008,ddf_name_collision;ddf_rowcount_bad
GA05012,ddf_name_collision;ddf_rowcount_bad
GA05042,ddf_name_collision;ddf_rowcount_bad
GA05058,ddf_name_collision;ddf_rowcount_bad
GA05069,ddf_name_collision;ddf_rowcount_bad
GA05076,ddf_name_collision;ddf_rowcount_bad
GA05090,ddf_name_collision;ddf_rowcount_bad;tail_sensitivity_lost_name_collision
GA05091,ddf_name_collision;ddf_rowcount_bad
GA05104,ddf_name_collision;ddf_rowcount_bad
GA05115,ddf_name_collision;ddf_rowcount_bad
GA05122,ddf_name_collision;ddf_rowcount_bad
GA05124,ddf_name_collision;ddf_rowcount_bad
GA05133,ddf_name_collision;ddf_rowcount_bad;tail_sensitivity_lost_name_collision
GA05136,ddf_name_collision;ddf_rowcount_bad
GA05153,ddf_name_collision;tail_sensitivity_lost_name_collision
GA05158,ddf_name_collision;ddf_rowcount_bad
GA05159,ddf_name_collision
GA05173,ddf_name_collision;ddf_rowcount_bad
GA05185,ddf_name_collision;ddf_rowcount_bad
GA05200,ddf_name_collision;ddf_rowcount_bad
GA05206,ddf_name_collision;ddf_rowcount_bad
GA05216,ddf_name_collision;ddf_rowcount_bad
GA05217,ddf_name_collision;ddf_rowcount_bad
GA05221,ddf_name_collision;ddf_rowcount_bad
GA05230,ddf_name_collision;ddf_rowcount_bad
GA05236,ddf_name_collision
GA05243,ddf_name_collision;ddf_rowcount_bad
GA05271,ddf_name_collision;ddf_rowcount_bad
GA05278,ddf_name_collision;ddf_rowcount_bad
GA05289,ddf_name_collision;ddf_rowcount_bad
GA05302,ddf_name_collision;ddf_rowcount_bad
GA05309,ddf_name_collision;ddf_rowcount_bad
GA05316,ddf_name_collision;ddf_rowcount_bad;tail_sensitivity_lost_name_collision
GA05352,ddf_name_collision;ddf_rowcount_bad
GA05359,ddf_name_collision;ddf_rowcount_bad
GA05400,ddf_name_collision;ddf_rowcount_bad
GA05491,ddf_name_collision;ddf_rowcount_bad
GA05497,ddf_name_collision;ddf_rowcount_bad
GA05523,ddf_name_collision;ddf_rowcount_bad
GA05596,ddf_name_collision;ddf_rowcount_bad
GA05697,ddf_name_collision;ddf_rowcount_bad
GA05730,ddf_name_collision;ddf_rowcount_bad
GA05733,ddf_name_collision;ddf_rowcount_bad
GA05737,ddf_name_collision;ddf_rowcount_bad
GA05738,ddf_name_collision;ddf_rowcount_bad
GA05739,ddf_name_collision;ddf_rowcount_bad
GA05757,ddf_name_collision;ddf_rowcount_bad
GA05762,ddf_name_collision;ddf_rowcount_bad
GA05763,ddf_name_collision;ddf_rowcount_bad
GA05772,ddf_name_collision
GA05773,ddf_name_collision;ddf_rowcount_bad
GA05779,ddf_name_collision;ddf_rowcount_bad;tail_sensitivity_lost_name_collision
GA05781,ddf_name_collision;ddf_rowcount_bad
GA05782,ddf_name_collision;ddf_rowcount_bad
GA05784,ddf_name_collision
GA05785,ddf_name_collision;ddf_rowcount_bad
GA05790,ddf_name_collision;ddf_rowcount_bad
GA05802,ddf_name_collision;ddf_rowcount_bad
GA05815,ddf_name_collision;ddf_rowcount_bad
GA05824,ddf_name_collision;ddf_rowcount_bad
GA05837,ddf_name_collision;ddf_rowcount_bad
GA05849,ddf_name_collision;ddf_rowcount_bad
GA05850,ddf_name_collision;ddf_rowcount_bad
GA05852,ddf_name_collision;ddf_rowcount_bad;tail_sensitivity_lost_name_collision
GA05855,ddf_name_collision;ddf_rowcount_bad
GA05856,ddf_name_collision;ddf_rowcount_bad
GA05862,ddf_name_collision;ddf_rowcount_bad
GA05864,ddf_name_collision;ddf_rowcount_bad
GA05865,ddf_name_collision;ddf_rowcount_bad
GA05871,ddf_name_collision;ddf_rowcount_bad
GA05903,ddf_name_collision;ddf_rowcount_bad
GA05907,ddf_name_collision;ddf_rowcount_bad
GA05909,ddf_name_collision;ddf_rowcount_bad
GA05910,ddf_name_collision;ddf_rowcount_bad
GA05913,ddf_name_collision;ddf_rowcount_bad
GA05916,ddf_name_collision;ddf_rowcount_bad
GA05917,ddf_name_collision;ddf_rowcount_bad
GA05926,ddf_name_collision;ddf_rowcount_bad
GA05929,ddf_name_collision;ddf_rowcount_bad
GA05936,ddf_name_collision;ddf_rowcount_bad
GA05938,ddf_name_collision;ddf_rowcount_bad;tail_sensitivity_lost_name_collision
GA05950,ddf_name_collision;ddf_rowcount_bad
GA05952,ddf_name_collision;ddf_rowcount_bad
GA05956,ddf_name_collision;ddf_rowcount_bad
GA05966,ddf_name_collision;ddf_rowcount_bad
GA05976,ddf_name_collision;ddf_rowcount_bad
GA05977,ddf_name_collision;ddf_rowcount_bad
GA06005,ddf_name_collision;ddf_rowcount_bad
GA06140,ddf_name_collision;ddf_rowcount_bad;tail_sensitivity_lost_name_collision
GA06204,ddf_name_collision;ddf_rowcount_bad
GA06240,ddf_name_collision;ddf_rowcount_bad
GA06255,ddf_name_collision;ddf_rowcount_bad
GA06954,ddf_name_collision;ddf_rowcount_bad
GA06986,ddf_name_collision;ddf_rowcount_bad
GA07136,ddf_name_collision;ddf_rowcount_bad
GA07769,ddf_name_collision;ddf_rowcount_bad
GA09008,ddf_name_collision;ddf_rowcount_bad
GA09013,ddf_name_collision;ddf_rowcount_bad
GA09016,ddf_name_collision;ddf_rowcount_bad
GA10003,ddf_name_collision;ddf_rowcount_bad;tail_sensitivity_lost_name_collision
GA11101,narrow_elevation_band;old_manifest_vintage;pre_centralization_no_aux;synthetic_prefix_audited_clean
GA29101,narrow_elevation_band;old_manifest_vintage;pre_centralization_no_aux;synthetic_prefix_audited_clean
GA82401,ddf_name_collision;ddf_rowcount_bad
GA83003,ddf_name_collision;tail_sensitivity_lost_name_collision
HI00098,ddf_name_collision;ddf_rowcount_bad;tail_sensitivity_lost_name_collision
IA00012,narrow_elevation_band;old_manifest_vintage;pre_centralization_no_aux;synthetic_cloud_unauditable
IA00016,narrow_elevation_band;old_manifest_vintage;pre_centralization_no_aux;synthetic_cloud_unauditable
IA00017,narrow_elevation_band;old_manifest_vintage;pre_centralization_no_aux;synthetic_cloud_unauditable
IA00020,ddf_name_collision;ddf_rowcount_bad;tail_sensitivity_lost_name_collision
IA00022,ddf_name_collision;ddf_rowcount_bad
IA00023,ddf_name_collision;ddf_rowcount_bad
IA00026,ddf_name_collision;ddf_rowcount_bad
IA00027,ddf_name_collision;ddf_rowcount_bad
IA00031,ddf_name_collision;ddf_rowcount_bad;tail_sensitivity_lost_name_collision
IA00034,ddf_name_collision;ddf_rowcount_bad
IA00079,ddf_name_collision;ddf_rowcount_bad
IA00093,ddf_name_collision;ddf_rowcount_bad
IA00100,ddf_name_collision;ddf_rowcount_bad
IA00110,ddf_name_collision;ddf_rowcount_bad
IA00117,ddf_name_collision;ddf_rowcount_bad
IA00118,ddf_name_collision;ddf_rowcount_bad
IA00122,ddf_name_collision;ddf_rowcount_bad
IA00123,ddf_name_collision;ddf_rowcount_bad
IA00136,ddf_name_collision;ddf_rowcount_bad
IA00143,ddf_name_collision;ddf_rowcount_bad
IA00144,ddf_name_collision;ddf_rowcount_bad
IA00172,ddf_name_collision;ddf_rowcount_bad
IA00173,ddf_name_collision;ddf_rowcount_bad
IA00174,ddf_name_collision;ddf_rowcount_bad
IA00179,ddf_name_collision;ddf_rowcount_bad
IA00184,ddf_name_collision;ddf_rowcount_bad
IA00193,ddf_name_collision;ddf_rowcount_bad
IA00194,ddf_name_collision;ddf_rowcount_bad
IA00197,ddf_name_collision;ddf_rowcount_bad
IA00200,ddf_name_collision;ddf_rowcount_bad
IA00202,ddf_name_collision;ddf_rowcount_bad
IA00213,ddf_name_collision;ddf_rowcount_bad;tail_sensitivity_lost_name_collision
IA00214,ddf_name_collision;ddf_rowcount_bad
IA00216,ddf_name_collision;ddf_rowcount_bad
IA00224,ddf_name_collision;ddf_rowcount_bad
IA00225,ddf_name_collision;ddf_rowcount_bad
IA00231,ddf_name_collision;ddf_rowcount_bad
IA00232,ddf_name_collision;ddf_rowcount_bad
IA00238,ddf_name_collision;ddf_rowcount_bad
IA00239,ddf_name_collision;ddf_rowcount_bad
IA00240,ddf_name_collision;ddf_rowcount_bad
IA00243,ddf_name_collision;ddf_rowcount_bad
IA00248,ddf_name_collision;ddf_rowcount_bad
IA00254,ddf_name_collision;ddf_rowcount_bad
IA00269,ddf_name_collision;ddf_rowcount_bad
IA00280,ddf_name_collision;ddf_rowcount_bad
IA00281,ddf_name_collision;ddf_rowcount_bad
IA00282,ddf_name_collision;ddf_rowcount_bad
IA00285,ddf_name_collision;ddf_rowcount_bad
IA00289,ddf_name_collision;ddf_rowcount_bad
IA00294,ddf_name_collision;ddf_rowcount_bad
IA00295,ddf_name_collision;ddf_rowcount_bad
IA00296,ddf_name_collision;ddf_rowcount_bad
IA00297,ddf_name_collision;ddf_rowcount_bad
IA00299,ddf_name_collision;ddf_rowcount_bad
IA00300,ddf_name_collision;ddf_rowcount_bad
IA00303,ddf_name_collision;ddf_rowcount_bad
IA00304,ddf_name_collision;ddf_rowcount_bad
IA00328,ddf_name_collision;ddf_rowcount_bad
IA00332,ddf_name_collision;ddf_rowcount_bad
IA00339,ddf_name_collision;ddf_rowcount_bad
IA00341,ddf_name_collision;ddf_rowcount_bad
IA00342,ddf_name_collision;ddf_rowcount_bad
IA00348,ddf_name_collision;ddf_rowcount_bad
IA00350,ddf_name_collision;ddf_rowcount_bad
IA00355,ddf_name_collision;ddf_rowcount_bad
IA00359,ddf_name_collision;ddf_rowcount_bad
IA00360,ddf_name_collision;ddf_rowcount_bad
IA00361,ddf_name_collision;ddf_rowcount_bad
IA00364,ddf_name_collision;ddf_rowcount_bad
IA00365,ddf_name_collision;ddf_rowcount_bad
IA00367,ddf_name_collision;ddf_rowcount_bad
IA00368,ddf_name_collision;ddf_rowcount_bad
IA00371,ddf_name_collision;ddf_rowcount_bad
IA00374,ddf_name_collision;ddf_rowcount_bad
IA00375,ddf_name_collision;ddf_rowcount_bad
IA00384,ddf_name_collision;ddf_rowcount_bad
IA00385,ddf_name_collision;ddf_rowcount_bad
IA00391,ddf_name_collision;ddf_rowcount_bad
IA00393,ddf_name_collision;ddf_rowcount_bad;tail_sensitivity_lost_name_collision
IA00395,ddf_name_collision;ddf_rowcount_bad
IA00396,ddf_name_collision;ddf_rowcount_bad
IA00399,ddf_name_collision;ddf_rowcount_bad
IA00404,ddf_name_collision;ddf_rowcount_bad
IA00405,ddf_name_collision;ddf_rowcount_bad
IA00407,ddf_name_collision;ddf_rowcount_bad
IA00410,ddf_name_collision;ddf_rowcount_bad
IA00411,ddf_name_collision;ddf_rowcount_bad
IA00412,ddf_name_collision;ddf_rowcount_bad
IA00415,ddf_name_collision;ddf_rowcount_bad
IA00416,ddf_name_collision;ddf_rowcount_bad
IA00417,ddf_name_collision;ddf_rowcount_bad
IA00418,ddf_name_collision;ddf_rowcount_bad
IA00419,ddf_name_collision;ddf_rowcount_bad
IA00422,ddf_name_collision;ddf_rowcount_bad
IA00424,ddf_name_collision;ddf_rowcount_bad
IA00425,ddf_name_collision;ddf_rowcount_bad
IA00426,ddf_name_collision;ddf_rowcount_bad
IA00427,ddf_name_collision;ddf_rowcount_bad
IA00428,ddf_name_collision;ddf_rowcount_bad
IA00429,ddf_name_collision;ddf_rowcount_bad
IA00432,ddf_name_collision;ddf_rowcount_bad
IA00444,ddf_name_collision;ddf_rowcount_bad;tail_sensitivity_lost_name_collision
IA00446,ddf_name_collision;ddf_rowcount_bad
IA00470,ddf_name_collision;ddf_rowcount_bad
IA00486,ddf_name_collision;ddf_rowcount_bad;tail_sensitivity_lost_name_collision
IA00489,ddf_name_collision;ddf_rowcount_bad
IA00490,ddf_name_collision;ddf_rowcount_bad
IA00492,ddf_name_collision;ddf_rowcount_bad
IA00494,ddf_name_collision;ddf_rowcount_bad
IA00498,ddf_name_collision;ddf_rowcount_bad
IA00502,ddf_name_collision;ddf_rowcount_bad
IA00512,ddf_name_collision;ddf_rowcount_bad
IA00513,ddf_name_collision;ddf_rowcount_bad
IA00517,ddf_name_collision;ddf_rowcount_bad
IA00521,ddf_name_collision;ddf_rowcount_bad
IA00522,ddf_name_collision;tail_sensitivity_lost_name_collision
IA00523,ddf_name_collision;ddf_rowcount_bad
IA00525,ddf_name_collision;ddf_rowcount_bad
IA00528,ddf_name_collision;ddf_rowcount_bad
IA00531,ddf_name_collision;ddf_rowcount_bad
IA00532,ddf_name_collision;ddf_rowcount_bad
IA00534,ddf_name_collision;ddf_rowcount_bad
IA00538,ddf_name_collision;ddf_rowcount_bad
IA00542,ddf_name_collision;ddf_rowcount_bad
IA00546,ddf_name_collision;ddf_rowcount_bad
IA00550,ddf_name_collision;ddf_rowcount_bad
IA00552,ddf_name_collision;ddf_rowcount_bad
IA00554,ddf_name_collision;ddf_rowcount_bad
IA00556,ddf_name_collision;ddf_rowcount_bad
IA00561,ddf_name_collision;ddf_rowcount_bad
IA00564,ddf_name_collision;ddf_rowcount_bad
IA00567,ddf_name_collision;ddf_rowcount_bad
IA00569,ddf_name_collision;ddf_rowcount_bad
IA00573,ddf_name_collision;ddf_rowcount_bad
IA00579,ddf_name_collision;ddf_rowcount_bad
IA00583,ddf_name_collision;ddf_rowcount_bad
IA00587,ddf_name_collision;ddf_rowcount_bad
IA00596,ddf_name_collision;ddf_rowcount_bad
IA00599,ddf_name_collision;ddf_rowcount_bad
IA00600,ddf_name_collision;ddf_rowcount_bad
IA00601,ddf_name_collision;ddf_rowcount_bad
IA00602,ddf_name_collision;ddf_rowcount_bad
IA00603,ddf_name_collision;ddf_rowcount_bad
IA00607,ddf_name_collision;ddf_rowcount_bad
IA00609,ddf_name_collision;ddf_rowcount_bad
IA00612,ddf_name_collision;ddf_rowcount_bad
IA00613,ddf_name_collision;ddf_rowcount_bad
IA00615,ddf_name_collision;ddf_rowcount_bad
IA00617,ddf_name_collision;ddf_rowcount_bad
IA00635,ddf_name_collision;ddf_rowcount_bad
IA00636,ddf_name_collision;ddf_rowcount_bad
IA00637,ddf_name_collision;ddf_rowcount_bad
IA00638,ddf_name_collision;ddf_rowcount_bad
IA00646,ddf_name_collision;ddf_rowcount_bad
IA00647,ddf_name_collision;ddf_rowcount_bad
IA00653,ddf_name_collision;ddf_rowcount_bad
IA00654,ddf_name_collision;ddf_rowcount_bad
IA00657,ddf_name_collision;ddf_rowcount_bad
IA00659,ddf_name_collision;ddf_rowcount_bad
IA00668,ddf_name_collision;ddf_rowcount_bad
IA00694,ddf_name_collision;ddf_rowcount_bad
IA00698,ddf_name_collision;ddf_rowcount_bad
IA00747,ddf_name_collision;ddf_rowcount_bad
IA00808,ddf_name_collision;ddf_rowcount_bad
IA00810,ddf_name_collision;ddf_rowcount_bad
IA00825,ddf_name_collision;ddf_rowcount_bad
IA00831,ddf_name_collision;ddf_rowcount_bad
IA00836,ddf_name_collision;ddf_rowcount_bad
IA00837,ddf_name_collision
IA00839,ddf_name_collision;ddf_rowcount_bad
IA00844,ddf_name_collision;ddf_rowcount_bad
IA00846,ddf_name_collision;ddf_rowcount_bad
IA00850,ddf_name_collision;ddf_rowcount_bad
IA00870,ddf_name_collision;ddf_rowcount_bad
IA00877,ddf_name_collision;ddf_rowcount_bad
IA00893,ddf_name_collision
IA00894,ddf_name_collision;ddf_rowcount_bad
IA00896,ddf_name_collision;ddf_rowcount_bad
IA00902,ddf_name_collision;ddf_rowcount_bad;tail_sensitivity_lost_name_collision
IA00903,ddf_name_collision;ddf_rowcount_bad
IA00906,ddf_name_collision;ddf_rowcount_bad
IA00909,ddf_name_collision;ddf_rowcount_bad
IA00917,ddf_name_collision;ddf_rowcount_bad
IA00921,ddf_name_collision;ddf_rowcount_bad
IA00923,ddf_name_collision;ddf_rowcount_bad
IA00924,ddf_name_collision;ddf_rowcount_bad
IA00928,ddf_name_collision;ddf_rowcount_bad
IA00931,ddf_name_collision;ddf_rowcount_bad
IA00934,ddf_name_collision;ddf_rowcount_bad
IA00948,ddf_name_collision;ddf_rowcount_bad
IA00950,ddf_name_collision;ddf_rowcount_bad
IA00955,ddf_name_collision;ddf_rowcount_bad
IA00956,ddf_name_collision;ddf_rowcount_bad
IA00957,ddf_name_collision;ddf_rowcount_bad
IA00961,ddf_name_collision;ddf_rowcount_bad
IA00962,ddf_name_collision;ddf_rowcount_bad
IA00970,ddf_name_collision;ddf_rowcount_bad
IA00971,ddf_name_collision;ddf_rowcount_bad;tail_sensitivity_lost_name_collision
IA00973,ddf_name_collision;ddf_rowcount_bad
IA00974,ddf_name_collision;ddf_rowcount_bad
IA00977,ddf_name_collision;ddf_rowcount_bad
IA00978,ddf_name_collision;ddf_rowcount_bad;tail_sensitivity_lost_name_collision
IA00982,ddf_name_collision;ddf_rowcount_bad
IA01009,ddf_name_collision;ddf_rowcount_bad
IA01013,ddf_name_collision;ddf_rowcount_bad
IA01014,ddf_name_collision;ddf_rowcount_bad
IA01020,ddf_name_collision;ddf_rowcount_bad
IA01022,ddf_name_collision;ddf_rowcount_bad
IA01027,ddf_name_collision;ddf_rowcount_bad
IA01031,ddf_name_collision;ddf_rowcount_bad
IA01035,ddf_name_collision;ddf_rowcount_bad
IA01044,ddf_name_collision;ddf_rowcount_bad
IA01046,ddf_name_collision;ddf_rowcount_bad
IA01048,ddf_name_collision;ddf_rowcount_bad
IA01053,ddf_name_collision;ddf_rowcount_bad
IA01057,ddf_name_collision;ddf_rowcount_bad
IA01060,ddf_name_collision;ddf_rowcount_bad
IA01061,ddf_name_collision;ddf_rowcount_bad
IA01071,ddf_name_collision;ddf_rowcount_bad
IA01072,ddf_name_collision;ddf_rowcount_bad
IA01075,ddf_name_collision;ddf_rowcount_bad
IA01079,ddf_name_collision;ddf_rowcount_bad
IA01080,ddf_name_collision;ddf_rowcount_bad
IA01089,ddf_name_collision;ddf_rowcount_bad
IA01091,ddf_name_collision;ddf_rowcount_bad
IA01092,ddf_name_collision;ddf_rowcount_bad
IA01093,ddf_name_collision;ddf_rowcount_bad
IA01094,ddf_name_collision;ddf_rowcount_bad
IA01099,ddf_name_collision;ddf_rowcount_bad
IA01100,ddf_name_collision;ddf_rowcount_bad
IA01101,ddf_name_collision;ddf_rowcount_bad
IA01112,ddf_name_collision;ddf_rowcount_bad
IA01113,ddf_name_collision;ddf_rowcount_bad
IA01118,ddf_name_collision;ddf_rowcount_bad
IA01121,ddf_name_collision;ddf_rowcount_bad
IA01122,ddf_name_collision;ddf_rowcount_bad
IA01123,ddf_name_collision;ddf_rowcount_bad
IA01126,ddf_name_collision;ddf_rowcount_bad
IA01128,ddf_name_collision;ddf_rowcount_bad
IA01134,ddf_name_collision;ddf_rowcount_bad
IA01136,ddf_name_collision;ddf_rowcount_bad
IA01138,ddf_name_collision;ddf_rowcount_bad
IA01140,ddf_name_collision;ddf_rowcount_bad
IA01144,ddf_name_collision;ddf_rowcount_bad
IA01145,ddf_name_collision;ddf_rowcount_bad
IA01146,ddf_name_collision;ddf_rowcount_bad
IA01149,ddf_name_collision;ddf_rowcount_bad
IA01152,ddf_name_collision;ddf_rowcount_bad
IA01155,ddf_name_collision;ddf_rowcount_bad
IA01179,ddf_name_collision;ddf_rowcount_bad
IA01202,ddf_name_collision;ddf_rowcount_bad
IA01224,ddf_name_collision;ddf_rowcount_bad
IA01232,ddf_name_collision;ddf_rowcount_bad
IA01262,ddf_name_collision;ddf_rowcount_bad
IA01265,ddf_name_collision;ddf_rowcount_bad
IA01296,ddf_name_collision;ddf_rowcount_bad
IA01299,ddf_name_collision;ddf_rowcount_bad
IA01325,ddf_name_collision;ddf_rowcount_bad
IA01331,ddf_name_collision
IA01332,ddf_name_collision
IA01337,ddf_name_collision;ddf_rowcount_bad
IA01346,ddf_name_collision;tail_sensitivity_lost_name_collision
IA01348,ddf_name_collision;ddf_rowcount_bad
IA01351,ddf_name_collision;ddf_rowcount_bad;tail_sensitivity_lost_name_collision
IA01358,ddf_name_collision;tail_sensitivity_lost_name_collision
IA01360,ddf_name_collision;ddf_rowcount_bad
IA01374,ddf_name_collision;ddf_rowcount_bad
IA01379,ddf_name_collision;tail_sensitivity_lost_name_collision
IA01381,ddf_name_collision
IA01390,ddf_name_collision;ddf_rowcount_bad
IA01391,ddf_name_collision;ddf_rowcount_bad
IA01392,ddf_name_collision;ddf_rowcount_bad
IA01399,ddf_name_collision;ddf_rowcount_bad
IA01452,ddf_name_collision;ddf_rowcount_bad
IA01453,ddf_name_collision;ddf_rowcount_bad
IA01457,ddf_name_collision;ddf_rowcount_bad
IA01475,ddf_name_collision;ddf_rowcount_bad
IA01507,ddf_name_collision;ddf_rowcount_bad
IA01522,ddf_name_collision;ddf_rowcount_bad
IA01526,ddf_name_collision;ddf_rowcount_bad
IA01527,ddf_name_collision;ddf_rowcount_bad
IA01539,ddf_name_collision;ddf_rowcount_bad
IA01545,ddf_name_collision;ddf_rowcount_bad
IA01547,ddf_name_collision;ddf_rowcount_bad
IA01551,ddf_name_collision;ddf_rowcount_bad
IA01553,ddf_name_collision;ddf_rowcount_bad
IA01564,ddf_name_collision;ddf_rowcount_bad
IA01566,ddf_name_collision;ddf_rowcount_bad
IA01574,ddf_name_collision;ddf_rowcount_bad
IA01583,ddf_name_collision;ddf_rowcount_bad
IA01585,ddf_name_collision;ddf_rowcount_bad
IA01589,ddf_name_collision;ddf_rowcount_bad
IA01590,ddf_name_collision;ddf_rowcount_bad
IA01598,ddf_name_collision;ddf_rowcount_bad
IA01606,ddf_name_collision;ddf_rowcount_bad
IA01608,ddf_name_collision;ddf_rowcount_bad
IA01610,ddf_name_collision;ddf_rowcount_bad
IA01612,ddf_name_collision;ddf_rowcount_bad
IA01615,ddf_name_collision;ddf_rowcount_bad
IA01617,ddf_name_collision;ddf_rowcount_bad
IA01628,ddf_name_collision;ddf_rowcount_bad
IA01629,ddf_name_collision;ddf_rowcount_bad
IA01634,ddf_name_collision;ddf_rowcount_bad
IA01642,ddf_name_collision;ddf_rowcount_bad
IA01643,ddf_name_collision;ddf_rowcount_bad
IA01644,ddf_name_collision;ddf_rowcount_bad
IA01658,ddf_name_collision;ddf_rowcount_bad
IA01669,ddf_name_collision;ddf_rowcount_bad
IA01674,ddf_name_collision;ddf_rowcount_bad
IA01686,ddf_name_collision;ddf_rowcount_bad
IA01696,ddf_name_collision;ddf_rowcount_bad
IA01697,ddf_name_collision;ddf_rowcount_bad;tail_sensitivity_lost_name_collision
IA01698,ddf_name_collision;ddf_rowcount_bad
IA01699,ddf_name_collision
IA01704,ddf_name_collision;ddf_rowcount_bad
IA01716,ddf_name_collision;ddf_rowcount_bad
IA01717,ddf_name_collision;ddf_rowcount_bad
IA01718,ddf_name_collision;ddf_rowcount_bad
IA01720,ddf_name_collision;ddf_rowcount_bad
IA01724,ddf_name_collision;ddf_rowcount_bad
IA01730,ddf_name_collision;ddf_rowcount_bad
IA01732,ddf_name_collision;ddf_rowcount_bad
IA01822,ddf_name_collision;ddf_rowcount_bad
IA01839,ddf_name_collision;ddf_rowcount_bad
IA01841,ddf_name_collision;ddf_rowcount_bad
IA01842,ddf_name_collision;ddf_rowcount_bad
IA01850,ddf_name_collision;ddf_rowcount_bad
IA01865,ddf_name_collision;ddf_rowcount_bad
IA01870,ddf_name_collision;ddf_rowcount_bad
IA01875,ddf_name_collision;ddf_rowcount_bad
IA01876,ddf_name_collision;ddf_rowcount_bad
IA01877,ddf_name_collision;ddf_rowcount_bad
IA01878,ddf_name_collision;ddf_rowcount_bad
IA01881,ddf_name_collision;ddf_rowcount_bad
IA01882,ddf_name_collision;ddf_rowcount_bad
IA01892,ddf_name_collision;ddf_rowcount_bad
IA01896,ddf_name_collision;ddf_rowcount_bad
IA01899,ddf_name_collision;ddf_rowcount_bad
IA01915,ddf_name_collision;ddf_rowcount_bad
IA01926,ddf_name_collision;ddf_rowcount_bad
IA01928,ddf_name_collision;ddf_rowcount_bad
IA01929,ddf_name_collision;ddf_rowcount_bad
IA01937,ddf_name_collision;ddf_rowcount_bad
IA01938,ddf_name_collision;ddf_rowcount_bad
IA01960,ddf_name_collision;ddf_rowcount_bad
IA01966,ddf_name_collision;ddf_rowcount_bad
IA01969,ddf_name_collision;ddf_rowcount_bad
IA02011,ddf_name_collision;ddf_rowcount_bad
IA02012,ddf_name_collision;ddf_rowcount_bad
IA02019,ddf_name_collision;ddf_rowcount_bad
IA02020,ddf_name_collision;ddf_rowcount_bad
IA02022,ddf_name_collision;ddf_rowcount_bad
IA02030,ddf_name_collision;ddf_rowcount_bad
IA02034,ddf_name_collision;ddf_rowcount_bad
IA02035,ddf_name_collision;ddf_rowcount_bad;tail_sensitivity_lost_name_collision
IA02036,ddf_name_collision;ddf_rowcount_bad
IA02042,ddf_name_collision
IA02043,ddf_name_collision;ddf_rowcount_bad
IA02044,ddf_name_collision;ddf_rowcount_bad
IA02045,ddf_name_collision;ddf_rowcount_bad
IA02047,ddf_name_collision;ddf_rowcount_bad
IA02052,ddf_name_collision;ddf_rowcount_bad
IA02058,ddf_name_collision;ddf_rowcount_bad
IA02059,ddf_name_collision;tail_sensitivity_lost_name_collision
IA02060,ddf_name_collision;ddf_rowcount_bad
IA02069,ddf_name_collision;ddf_rowcount_bad
IA02070,ddf_name_collision;ddf_rowcount_bad
IA02074,ddf_name_collision;ddf_rowcount_bad
IA02075,ddf_name_collision;ddf_rowcount_bad
IA02077,ddf_name_collision;ddf_rowcount_bad
IA02078,ddf_name_collision;ddf_rowcount_bad
IA02081,ddf_name_collision;ddf_rowcount_bad
IA02082,ddf_name_collision;ddf_rowcount_bad
IA02084,ddf_name_collision;ddf_rowcount_bad
IA02085,ddf_name_collision;ddf_rowcount_bad
IA02086,ddf_name_collision;ddf_rowcount_bad
IA02087,ddf_name_collision;ddf_rowcount_bad
IA02095,ddf_name_collision;ddf_rowcount_bad
IA02097,ddf_name_collision;ddf_rowcount_bad
IA02102,ddf_name_collision;ddf_rowcount_bad
IA02110,ddf_name_collision;ddf_rowcount_bad
IA02112,ddf_name_collision;ddf_rowcount_bad
IA02115,ddf_name_collision;ddf_rowcount_bad
IA02116,ddf_name_collision;ddf_rowcount_bad
IA02122,ddf_name_collision;ddf_rowcount_bad
IA02130,ddf_name_collision;ddf_rowcount_bad
IA02132,ddf_name_collision;ddf_rowcount_bad
IA02137,ddf_name_collision;ddf_rowcount_bad
IA02158,ddf_name_collision;ddf_rowcount_bad
IA02160,ddf_name_collision;ddf_rowcount_bad;tail_sensitivity_lost_name_collision
IA02161,ddf_name_collision;ddf_rowcount_bad
IA02162,ddf_name_collision;ddf_rowcount_bad
IA02164,ddf_name_collision;ddf_rowcount_bad
IA02165,ddf_name_collision;ddf_rowcount_bad
IA02166,ddf_name_collision;ddf_rowcount_bad
IA02167,ddf_name_collision;ddf_rowcount_bad
IA02169,ddf_name_collision;ddf_rowcount_bad
IA02172,ddf_name_collision;ddf_rowcount_bad
IA02182,ddf_name_collision;ddf_rowcount_bad
IA02186,ddf_name_collision;ddf_rowcount_bad
IA02188,ddf_name_collision;ddf_rowcount_bad
IA02191,ddf_name_collision;ddf_rowcount_bad
IA02192,ddf_name_collision;ddf_rowcount_bad
IA02197,ddf_name_collision;ddf_rowcount_bad
IA02199,ddf_name_collision;ddf_rowcount_bad
IA02200,ddf_name_collision;ddf_rowcount_bad
IA02205,ddf_name_collision;ddf_rowcount_bad
IA02206,ddf_name_collision;ddf_rowcount_bad
IA02207,ddf_name_collision;ddf_rowcount_bad
IA02208,ddf_name_collision;ddf_rowcount_bad
IA02209,ddf_name_collision;ddf_rowcount_bad
IA02211,ddf_name_collision;ddf_rowcount_bad
IA02212,ddf_name_collision;ddf_rowcount_bad
IA02224,ddf_name_collision;ddf_rowcount_bad
IA02225,ddf_name_collision;ddf_rowcount_bad
IA02227,ddf_name_collision;ddf_rowcount_bad
IA02246,ddf_name_collision;ddf_rowcount_bad
IA02251,ddf_name_collision;ddf_rowcount_bad
IA02252,ddf_name_collision;ddf_rowcount_bad
IA02253,ddf_name_collision;ddf_rowcount_bad
IA02265,ddf_name_collision;ddf_rowcount_bad
IA02272,ddf_name_collision;ddf_rowcount_bad
IA02274,ddf_name_collision;ddf_rowcount_bad
IA02278,ddf_name_collision;ddf_rowcount_bad
IA02280,ddf_name_collision;ddf_rowcount_bad
IA02281,ddf_name_collision;ddf_rowcount_bad
IA02309,ddf_name_collision;ddf_rowcount_bad
IA02316,ddf_name_collision;ddf_rowcount_bad
IA02317,ddf_name_collision;ddf_rowcount_bad
IA02319,ddf_name_collision;ddf_rowcount_bad
IA02321,ddf_name_collision;ddf_rowcount_bad
IA02322,ddf_name_collision;ddf_rowcount_bad
IA02335,ddf_name_collision;ddf_rowcount_bad
IA02351,ddf_name_collision;ddf_rowcount_bad
IA02369,ddf_name_collision;ddf_rowcount_bad
IA02370,ddf_name_collision;ddf_rowcount_bad
IA02371,ddf_name_collision;ddf_rowcount_bad
IA02372,ddf_name_collision;ddf_rowcount_bad
IA02373,ddf_name_collision;ddf_rowcount_bad
IA02382,ddf_name_collision;ddf_rowcount_bad
IA02387,ddf_name_collision;ddf_rowcount_bad
IA02397,ddf_name_collision;ddf_rowcount_bad
IA02401,ddf_name_collision;ddf_rowcount_bad
IA02403,ddf_name_collision;ddf_rowcount_bad
IA02413,ddf_name_collision;ddf_rowcount_bad
IA02417,ddf_name_collision;ddf_rowcount_bad
IA02419,ddf_name_collision;ddf_rowcount_bad
IA02420,ddf_name_collision;ddf_rowcount_bad
IA02421,ddf_name_collision;ddf_rowcount_bad
IA02424,ddf_name_collision;ddf_rowcount_bad
IA02426,ddf_name_collision;ddf_rowcount_bad
IA02428,ddf_name_collision;ddf_rowcount_bad
IA02429,ddf_name_collision;ddf_rowcount_bad
IA02438,ddf_name_collision;ddf_rowcount_bad
IA02440,ddf_name_collision;ddf_rowcount_bad
IA02441,ddf_name_collision;ddf_rowcount_bad
IA02446,ddf_name_collision;ddf_rowcount_bad
IA02455,ddf_name_collision;ddf_rowcount_bad
IA02465,ddf_name_collision;ddf_rowcount_bad
IA02475,ddf_name_collision;ddf_rowcount_bad
IA02483,ddf_name_collision;ddf_rowcount_bad;tail_sensitivity_lost_name_collision
IA02498,ddf_name_collision;ddf_rowcount_bad;tail_sensitivity_lost_name_collision
IA02500,ddf_name_collision;ddf_rowcount_bad
IA02512,ddf_name_collision;ddf_rowcount_bad
IA02514,ddf_name_collision;ddf_rowcount_bad
IA02519,ddf_name_collision;ddf_rowcount_bad
IA02529,ddf_name_collision;ddf_rowcount_bad
IA02544,ddf_name_collision;ddf_rowcount_bad
IA02547,ddf_name_collision;ddf_rowcount_bad
IA02548,ddf_name_collision;ddf_rowcount_bad
IA02549,ddf_name_collision;ddf_rowcount_bad
IA02550,ddf_name_collision;ddf_rowcount_bad
IA02551,ddf_name_collision;ddf_rowcount_bad
IA02553,ddf_name_collision;ddf_rowcount_bad
IA02555,ddf_name_collision;ddf_rowcount_bad
IA02556,ddf_name_collision;ddf_rowcount_bad
IA02558,ddf_name_collision;ddf_rowcount_bad
IA02560,ddf_name_collision;ddf_rowcount_bad
IA02561,ddf_name_collision;ddf_rowcount_bad
IA02564,ddf_name_collision;ddf_rowcount_bad
IA02567,ddf_name_collision;ddf_rowcount_bad
IA02568,ddf_name_collision;ddf_rowcount_bad;tail_sensitivity_lost_name_collision
IA02573,ddf_name_collision;ddf_rowcount_bad
IA02588,ddf_name_collision;ddf_rowcount_bad
IA02589,ddf_name_collision;ddf_rowcount_bad
IA02601,ddf_name_collision;ddf_rowcount_bad
IA02605,ddf_name_collision;ddf_rowcount_bad
IA02612,ddf_name_collision;ddf_rowcount_bad
IA02618,ddf_name_collision;ddf_rowcount_bad
IA02620,ddf_name_collision;ddf_rowcount_bad
IA02622,ddf_name_collision;ddf_rowcount_bad
IA02624,ddf_name_collision;ddf_rowcount_bad
IA02629,ddf_name_collision;ddf_rowcount_bad
IA02633,ddf_name_collision;ddf_rowcount_bad
IA02654,ddf_name_collision;ddf_rowcount_bad
IA02669,ddf_name_collision;ddf_rowcount_bad
IA02676,ddf_name_collision;ddf_rowcount_bad
IA02677,ddf_name_collision;ddf_rowcount_bad
IA02679,ddf_name_collision;ddf_rowcount_bad
IA02680,ddf_name_collision;ddf_rowcount_bad
IA02682,ddf_name_collision;ddf_rowcount_bad
IA02684,ddf_name_collision;ddf_rowcount_bad
IA02685,ddf_name_collision;ddf_rowcount_bad
IA02686,ddf_name_collision;ddf_rowcount_bad
IA02688,ddf_name_collision;ddf_rowcount_bad
IA02694,ddf_name_collision;ddf_rowcount_bad
IA02698,ddf_name_collision;ddf_rowcount_bad
IA02711,ddf_name_collision;ddf_rowcount_bad
IA02715,ddf_name_collision;ddf_rowcount_bad
IA02746,ddf_name_collision;ddf_rowcount_bad
IA02750,ddf_name_collision;ddf_rowcount_bad
IA02825,ddf_name_collision;ddf_rowcount_bad
IA02831,ddf_name_collision;ddf_rowcount_bad
IA02832,ddf_name_collision;ddf_rowcount_bad
IA02836,ddf_name_collision;ddf_rowcount_bad
IA02847,ddf_name_collision;ddf_rowcount_bad
IA02848,ddf_name_collision;ddf_rowcount_bad
IA02855,ddf_name_collision;ddf_rowcount_bad
IA02879,ddf_name_collision;ddf_rowcount_bad
IA02887,ddf_name_collision;ddf_rowcount_bad
IA02902,ddf_name_collision;ddf_rowcount_bad
IA02909,ddf_name_collision;ddf_rowcount_bad
IA02916,ddf_name_collision;ddf_rowcount_bad
IA02917,ddf_name_collision;ddf_rowcount_bad
IA02924,ddf_name_collision;ddf_rowcount_bad
IA02930,ddf_name_collision;ddf_rowcount_bad
IA02935,ddf_name_collision;ddf_rowcount_bad
IA02936,ddf_name_collision;ddf_rowcount_bad
IA02937,ddf_name_collision;ddf_rowcount_bad;tail_sensitivity_lost_name_collision
IA02939,ddf_name_collision;ddf_rowcount_bad
IA02940,ddf_name_collision
IA02944,ddf_name_collision;tail_sensitivity_lost_name_collision
IA02945,ddf_name_collision;ddf_rowcount_bad
IA02947,ddf_name_collision;ddf_rowcount_bad
IA02948,ddf_name_collision;ddf_rowcount_bad
IA02950,ddf_name_collision;ddf_rowcount_bad
IA02964,ddf_name_collision;ddf_rowcount_bad
IA02967,ddf_name_collision;ddf_rowcount_bad
IA02968,ddf_name_collision;ddf_rowcount_bad
IA02970,ddf_name_collision;ddf_rowcount_bad
IA02974,ddf_name_collision;ddf_rowcount_bad
IA02976,ddf_name_collision;ddf_rowcount_bad
IA02979,ddf_name_collision;ddf_rowcount_bad
IA02981,ddf_name_collision;ddf_rowcount_bad
IA02987,ddf_name_collision;ddf_rowcount_bad
IA02989,ddf_name_collision;ddf_rowcount_bad
IA02991,ddf_name_collision;ddf_rowcount_bad
IA02992,ddf_name_collision;ddf_rowcount_bad
IA02996,ddf_name_collision;ddf_rowcount_bad
IA02997,ddf_name_collision;ddf_rowcount_bad
IA02998,ddf_name_collision;ddf_rowcount_bad
IA03001,ddf_name_collision;ddf_rowcount_bad
IA03014,ddf_name_collision;ddf_rowcount_bad
IA03016,ddf_name_collision;ddf_rowcount_bad
IA03017,ddf_name_collision;ddf_rowcount_bad
IA03019,ddf_name_collision;ddf_rowcount_bad
IA03020,ddf_name_collision;ddf_rowcount_bad
IA03021,ddf_name_collision;ddf_rowcount_bad
IA03031,ddf_name_collision;ddf_rowcount_bad
IA03037,ddf_name_collision;ddf_rowcount_bad
IA03038,ddf_name_collision;ddf_rowcount_bad
IA03045,ddf_name_collision;ddf_rowcount_bad
IA03068,ddf_name_collision;ddf_rowcount_bad
IA03069,ddf_name_collision;ddf_rowcount_bad
IA03071,ddf_name_collision;ddf_rowcount_bad
IA03072,ddf_name_collision;ddf_rowcount_bad
IA03073,ddf_name_collision;ddf_rowcount_bad
IA03079,ddf_name_collision;ddf_rowcount_bad
IA03080,ddf_name_collision;ddf_rowcount_bad
IA03082,ddf_name_collision;ddf_rowcount_bad
IA03084,ddf_name_collision;ddf_rowcount_bad
IA03086,ddf_name_collision;ddf_rowcount_bad
IA03101,ddf_name_collision;ddf_rowcount_bad
IA03103,ddf_name_collision;ddf_rowcount_bad
IA03117,ddf_name_collision;ddf_rowcount_bad
IA03119,ddf_name_collision;ddf_rowcount_bad
IA03120,ddf_name_collision;ddf_rowcount_bad
IA03123,ddf_name_collision;ddf_rowcount_bad
IA03129,ddf_name_collision;ddf_rowcount_bad
IA03136,ddf_name_collision;ddf_rowcount_bad
IA03140,ddf_name_collision;ddf_rowcount_bad
IA03150,ddf_name_collision;ddf_rowcount_bad
IA03153,ddf_name_collision;ddf_rowcount_bad
IA03164,ddf_name_collision;tail_sensitivity_lost_name_collision
IA03179,ddf_name_collision;ddf_rowcount_bad
IA03183,ddf_name_collision;ddf_rowcount_bad
IA03185,ddf_name_collision;ddf_rowcount_bad
IA03190,ddf_name_collision;ddf_rowcount_bad
IA03200,ddf_name_collision;ddf_rowcount_bad
IA03206,ddf_name_collision;ddf_rowcount_bad
IA03207,ddf_name_collision;ddf_rowcount_bad
IA03208,ddf_name_collision;ddf_rowcount_bad
IA03210,ddf_name_collision;ddf_rowcount_bad;tail_sensitivity_lost_name_collision
IA03212,ddf_name_collision;ddf_rowcount_bad
IA03220,ddf_name_collision;ddf_rowcount_bad
IA03225,ddf_name_collision;ddf_rowcount_bad
IA03236,ddf_name_collision;ddf_rowcount_bad
IA03238,ddf_name_collision;ddf_rowcount_bad
IA03239,ddf_name_collision;ddf_rowcount_bad
IA03261,ddf_name_collision;ddf_rowcount_bad
IA03262,ddf_name_collision;ddf_rowcount_bad
IA03264,ddf_name_collision;ddf_rowcount_bad
IA03268,ddf_name_collision;ddf_rowcount_bad
IA03270,ddf_name_collision;ddf_rowcount_bad
IA03276,ddf_name_collision;ddf_rowcount_bad
IA03292,ddf_name_collision;ddf_rowcount_bad
IA03300,ddf_name_collision;ddf_rowcount_bad
IA03301,ddf_name_collision;ddf_rowcount_bad
IA03318,ddf_name_collision;ddf_rowcount_bad
IA03323,ddf_name_collision;ddf_rowcount_bad;tail_sensitivity_lost_name_collision
IA03324,ddf_name_collision;ddf_rowcount_bad
IA03326,ddf_name_collision;ddf_rowcount_bad
IA03329,ddf_name_collision;ddf_rowcount_bad
IA03330,ddf_name_collision;ddf_rowcount_bad
IA03334,ddf_name_collision;ddf_rowcount_bad
IA03339,ddf_name_collision;ddf_rowcount_bad
IA03340,ddf_name_collision;ddf_rowcount_bad
IA03343,ddf_name_collision;ddf_rowcount_bad
IA03345,ddf_name_collision;ddf_rowcount_bad
IA03354,ddf_name_collision;ddf_rowcount_bad
IA03356,ddf_name_collision;ddf_rowcount_bad
IA03359,ddf_name_collision;ddf_rowcount_bad
IA03361,ddf_name_collision;ddf_rowcount_bad
IA03362,ddf_name_collision;ddf_rowcount_bad
IA03363,ddf_name_collision;ddf_rowcount_bad
IA03366,ddf_name_collision;ddf_rowcount_bad
IA03367,ddf_name_collision;ddf_rowcount_bad
IA03374,ddf_name_collision;ddf_rowcount_bad
IA03377,ddf_name_collision;ddf_rowcount_bad
IA03378,ddf_name_collision;ddf_rowcount_bad
IA03380,ddf_name_collision;ddf_rowcount_bad
IA03382,ddf_name_collision;ddf_rowcount_bad
IA03388,ddf_name_collision;ddf_rowcount_bad
IA03389,ddf_name_collision;ddf_rowcount_bad
IA03392,ddf_name_collision;ddf_rowcount_bad
IA03400,ddf_name_collision;ddf_rowcount_bad
IA03402,ddf_name_collision;ddf_rowcount_bad
IA03404,ddf_name_collision;ddf_rowcount_bad
IA03405,ddf_name_collision;ddf_rowcount_bad
IA03420,ddf_name_collision;ddf_rowcount_bad
IA03422,ddf_name_collision;ddf_rowcount_bad
IA03428,ddf_name_collision;ddf_rowcount_bad
IA03439,ddf_name_collision;ddf_rowcount_bad
IA03442,ddf_name_collision;ddf_rowcount_bad
IA03447,ddf_name_collision;ddf_rowcount_bad
IA03452,ddf_name_collision;ddf_rowcount_bad
IA03455,ddf_name_collision;ddf_rowcount_bad
IA03459,ddf_name_collision;ddf_rowcount_bad
IA03462,ddf_name_collision;ddf_rowcount_bad
IA03463,ddf_name_collision;ddf_rowcount_bad
IA03537,ddf_name_collision;ddf_rowcount_bad
IA03538,ddf_name_collision;ddf_rowcount_bad
IA03554,ddf_name_collision;ddf_rowcount_bad
IA03557,ddf_name_collision;ddf_rowcount_bad
IA03559,ddf_name_collision;ddf_rowcount_bad
IA03577,ddf_name_collision;ddf_rowcount_bad
IA03580,ddf_name_collision;ddf_rowcount_bad
IA03592,ddf_name_collision;ddf_rowcount_bad
IA03596,ddf_name_collision;ddf_rowcount_bad
IA03597,ddf_name_collision;ddf_rowcount_bad
IA03598,ddf_name_collision;ddf_rowcount_bad
IA03604,ddf_name_collision;ddf_rowcount_bad
IA03605,ddf_name_collision;ddf_rowcount_bad
IA03609,ddf_name_collision;ddf_rowcount_bad
IA03615,ddf_name_collision;ddf_rowcount_bad
IA03618,ddf_name_collision;ddf_rowcount_bad
IA03623,ddf_name_collision;ddf_rowcount_bad
IA03627,ddf_name_collision;ddf_rowcount_bad
IA03629,ddf_name_collision;ddf_rowcount_bad
IA03639,ddf_name_collision;ddf_rowcount_bad
IA03652,ddf_name_collision;ddf_rowcount_bad
IA03657,ddf_name_collision;ddf_rowcount_bad
IA03658,ddf_name_collision;ddf_rowcount_bad
IA03659,ddf_name_collision;ddf_rowcount_bad
IA03669,ddf_name_collision;ddf_rowcount_bad
IA03672,ddf_name_collision;ddf_rowcount_bad
IA03673,ddf_name_collision;ddf_rowcount_bad
IA03675,ddf_name_collision;ddf_rowcount_bad
IA03679,ddf_name_collision;ddf_rowcount_bad
IA03692,ddf_name_collision;ddf_rowcount_bad
IA03698,ddf_name_collision;ddf_rowcount_bad
IA03703,ddf_name_collision;ddf_rowcount_bad
IA03711,ddf_name_collision;ddf_rowcount_bad
IA03712,ddf_name_collision;ddf_rowcount_bad
IA03716,ddf_name_collision;ddf_rowcount_bad
IA03723,ddf_name_collision;ddf_rowcount_bad
IA03724,ddf_name_collision;ddf_rowcount_bad
IA03730,ddf_name_collision;ddf_rowcount_bad
IA03736,ddf_name_collision;ddf_rowcount_bad
IA03746,ddf_name_collision;ddf_rowcount_bad
IA03747,ddf_name_collision;ddf_rowcount_bad
IA03749,ddf_name_collision;ddf_rowcount_bad
IA03751,ddf_name_collision;ddf_rowcount_bad
IA03757,ddf_name_collision;ddf_rowcount_bad
IA03758,ddf_name_collision;ddf_rowcount_bad
IA03763,ddf_name_collision;ddf_rowcount_bad
IA03764,ddf_name_collision;ddf_rowcount_bad
IA03766,ddf_name_collision;ddf_rowcount_bad
IA03767,ddf_name_collision;ddf_rowcount_bad
IA03771,ddf_name_collision;ddf_rowcount_bad
IA03774,ddf_name_collision;ddf_rowcount_bad
IA03784,ddf_name_collision;ddf_rowcount_bad
IA03800,ddf_name_collision;ddf_rowcount_bad
IA03804,ddf_name_collision;tail_sensitivity_lost_name_collision
IA03805,ddf_name_collision;ddf_rowcount_bad
IA03814,ddf_name_collision;ddf_rowcount_bad
IA03815,ddf_name_collision;ddf_rowcount_bad
IA03829,ddf_name_collision;ddf_rowcount_bad
IA03831,ddf_name_collision;ddf_rowcount_bad
IA03848,ddf_name_collision;ddf_rowcount_bad
IA03853,ddf_name_collision;ddf_rowcount_bad
IA03854,ddf_name_collision;ddf_rowcount_bad
IA03860,ddf_name_collision;ddf_rowcount_bad
IA03862,ddf_name_collision;ddf_rowcount_bad
IA03863,ddf_name_collision;ddf_rowcount_bad
IA03864,ddf_name_collision;ddf_rowcount_bad
IA03865,ddf_name_collision;ddf_rowcount_bad
IA03867,ddf_name_collision;ddf_rowcount_bad
IA03868,ddf_name_collision;ddf_rowcount_bad
IA03869,ddf_name_collision;ddf_rowcount_bad
IA03878,ddf_name_collision;ddf_rowcount_bad
IA03880,ddf_name_collision;ddf_rowcount_bad
IA03888,ddf_name_collision;ddf_rowcount_bad
IA03900,ddf_name_collision;ddf_rowcount_bad
IA03921,ddf_name_collision;ddf_rowcount_bad
IA03925,ddf_name_collision;ddf_rowcount_bad
IA03927,ddf_name_collision;ddf_rowcount_bad
IA03933,ddf_name_collision;ddf_rowcount_bad
IA03936,ddf_name_collision;ddf_rowcount_bad
IA03938,ddf_name_collision;ddf_rowcount_bad
IA03976,ddf_name_collision;ddf_rowcount_bad
IA03978,ddf_name_collision;ddf_rowcount_bad
IA03984,ddf_name_collision;ddf_rowcount_bad
IA03986,ddf_name_collision;ddf_rowcount_bad
IA03995,ddf_name_collision;ddf_rowcount_bad
IA04043,ddf_name_collision;ddf_rowcount_bad
IA04046,ddf_name_collision;ddf_rowcount_bad
IA04050,ddf_name_collision;ddf_rowcount_bad
IA04052,ddf_name_collision;ddf_rowcount_bad
IA04054,ddf_name_collision;ddf_rowcount_bad
IA04057,ddf_name_collision;ddf_rowcount_bad
IA04059,ddf_name_collision;ddf_rowcount_bad
IA04060,ddf_name_collision;ddf_rowcount_bad
IA04061,ddf_name_collision;ddf_rowcount_bad
IA04067,ddf_name_collision;ddf_rowcount_bad
IA04073,ddf_name_collision;ddf_rowcount_bad
IA04075,ddf_name_collision;ddf_rowcount_bad
IA04077,ddf_name_collision;ddf_rowcount_bad
IA04078,ddf_name_collision;ddf_rowcount_bad
IA04085,ddf_name_collision;ddf_rowcount_bad
IA04090,ddf_name_collision;ddf_rowcount_bad
IA04094,ddf_name_collision;ddf_rowcount_bad
IA04097,ddf_name_collision;ddf_rowcount_bad
IA04147,ddf_name_collision;ddf_rowcount_bad
ID00005,ddf_name_collision;tail_sensitivity_lost_name_collision
ID00018,ddf_name_collision;ddf_rowcount_bad
ID00020,ddf_name_collision
ID00025,ddf_name_collision;ddf_rowcount_bad
ID00030,ddf_name_collision;ddf_rowcount_bad
ID00033,ddf_name_collision;ddf_rowcount_bad
ID00036,ddf_name_collision;ddf_rowcount_bad;tail_sensitivity_lost_name_collision
ID00037,ddf_name_collision;ddf_rowcount_bad
ID00038,ddf_name_collision;ddf_rowcount_bad;tail_sensitivity_lost_name_collision
ID00039,narrow_elevation_band;old_manifest_vintage;pre_centralization_no_aux;synthetic_prefix_audited_clean
ID00044,narrow_elevation_band;old_manifest_vintage;pre_centralization_no_aux;synthetic_prefix_audited_clean
ID00045,ddf_name_collision;ddf_rowcount_bad;tail_sensitivity_lost_name_collision
ID00047,ddf_name_collision;ddf_rowcount_bad;tail_sensitivity_lost_name_collision
ID00051,ddf_name_collision
ID00054,narrow_elevation_band;old_manifest_vintage;pre_centralization_no_aux;synthetic_prefix_audited_clean
ID00055,narrow_elevation_band;old_manifest_vintage;pre_centralization_no_aux;synthetic_prefix_audited_clean
ID00056,ddf_name_collision;ddf_rowcount_bad;narrow_elevation_band;old_manifest_vintage;pre_centralization_no_aux;synthetic_cloud_unauditable;tail_sensitivity_lost_name_collision
ID00057,ddf_name_collision
ID00063,ddf_name_collision;tail_sensitivity_lost_name_collision
ID00069,ddf_name_collision;ddf_rowcount_bad;tail_sensitivity_lost_name_collision
ID00072,ddf_name_collision;ddf_rowcount_bad
ID00074,ddf_name_collision;tail_sensitivity_lost_name_collision
ID00079,ddf_name_collision;ddf_rowcount_bad;tail_sensitivity_lost_name_collision
ID00082,ddf_name_collision
ID00096,ddf_name_collision;ddf_rowcount_bad
ID00102,ddf_name_collision;ddf_rowcount_bad;tail_sensitivity_lost_name_collision
ID00117,ddf_name_collision;ddf_rowcount_bad
ID00125,ddf_name_collision;ddf_rowcount_bad
ID00126,ddf_name_collision;ddf_rowcount_bad
ID00128,ddf_name_collision;ddf_rowcount_bad
ID00131,ddf_name_collision
ID00134,ddf_name_collision;ddf_rowcount_bad
ID00146,ddf_name_collision
ID00148,ddf_name_collision;ddf_rowcount_bad;tail_sensitivity_lost_name_collision
ID00149,ddf_name_collision
ID00150,ddf_name_collision;tail_sensitivity_lost_name_collision
ID00153,ddf_name_collision;ddf_rowcount_bad;tail_sensitivity_lost_name_collision
ID00172,ddf_name_collision
ID00173,ddf_name_collision
ID00175,ddf_name_collision;ddf_rowcount_bad;tail_sensitivity_lost_name_collision
ID00178,ddf_name_collision;tail_sensitivity_lost_name_collision
ID00183,ddf_name_collision;tail_sensitivity_lost_name_collision
ID00192,ddf_name_collision;ddf_rowcount_bad
ID00196,ddf_name_collision;ddf_rowcount_bad;tail_sensitivity_lost_name_collision
ID00201,ddf_name_collision;ddf_rowcount_bad
ID00203,ddf_name_collision;ddf_rowcount_bad
ID00204,narrow_elevation_band;old_manifest_vintage;pre_centralization_no_aux;synthetic_cloud_unauditable
ID00206,ddf_name_collision;ddf_rowcount_bad
ID00216,ddf_name_collision;ddf_rowcount_bad;tail_sensitivity_lost_name_collision
ID00217,ddf_name_collision;ddf_rowcount_bad
ID00220,narrow_elevation_band;old_manifest_vintage;pre_centralization_no_aux;synthetic_prefix_audited_clean
ID00222,narrow_elevation_band;old_manifest_vintage
ID00232,ddf_name_collision;ddf_rowcount_bad
ID00236,ddf_name_collision;ddf_rowcount_bad
ID00237,ddf_name_collision;ddf_rowcount_bad;tail_sensitivity_lost_name_collision
ID00238,ddf_name_collision
ID00242,ddf_name_collision;ddf_rowcount_bad
ID00244,narrow_elevation_band;old_manifest_vintage;pre_centralization_no_aux;synthetic_cloud_unauditable
ID00246,ddf_name_collision;ddf_rowcount_bad
ID00248,ddf_name_collision;ddf_rowcount_bad
ID00251,ddf_name_collision;ddf_rowcount_bad;tail_sensitivity_lost_name_collision
ID00253,ddf_name_collision;ddf_rowcount_bad;tail_sensitivity_lost_name_collision
ID00259,ddf_name_collision;tail_sensitivity_lost_name_collision
ID00261,ddf_name_collision;tail_sensitivity_lost_name_collision
ID00266,narrow_elevation_band;old_manifest_vintage
ID00272,narrow_elevation_band;old_manifest_vintage;pre_centralization_no_aux;synthetic_prefix_audited_clean
ID00273,narrow_elevation_band;old_manifest_vintage;pre_centralization_no_aux;synthetic_cloud_unauditable
ID00274,narrow_elevation_band;old_manifest_vintage;pre_centralization_no_aux;synthetic_cloud_unauditable
ID00275,narrow_elevation_band;old_manifest_vintage
ID00276,narrow_elevation_band;synthetic_prefix_audited_clean
ID00278,narrow_elevation_band;old_manifest_vintage;pre_centralization_no_aux;synthetic_prefix_audited_clean
ID00279,ddf_name_collision;ddf_rowcount_bad;narrow_elevation_band;old_manifest_vintage;pre_centralization_no_aux;synthetic_cloud_unauditable
ID00280,narrow_elevation_band;old_manifest_vintage;pre_centralization_no_aux;synthetic_prefix_audited_clean
ID00283,ddf_name_collision;narrow_elevation_band;old_manifest_vintage;pre_centralization_no_aux;synthetic_cloud_unauditable;tail_sensitivity_lost_name_collision
ID00284,narrow_elevation_band;old_manifest_vintage;pre_centralization_no_aux;synthetic_prefix_audited_clean
ID00286,ddf_name_collision;ddf_rowcount_bad;tail_sensitivity_lost_name_collision
ID00287,narrow_elevation_band;old_manifest_vintage;pre_centralization_no_aux;synthetic_cloud_unauditable
ID00288,narrow_elevation_band;old_manifest_vintage;pre_centralization_no_aux;synthetic_cloud_unauditable
ID00318,narrow_elevation_band;old_manifest_vintage;pre_centralization_no_aux;synthetic_prefix_audited_clean
ID00319,narrow_elevation_band;old_manifest_vintage;pre_centralization_no_aux;synthetic_cloud_unauditable
ID00323,ddf_name_collision;ddf_rowcount_bad
ID00333,ddf_name_collision;ddf_rowcount_bad
ID00344,narrow_elevation_band;old_manifest_vintage
ID00352,ddf_name_collision;ddf_rowcount_bad
ID00366,ddf_name_collision;ddf_rowcount_bad
ID00376,ddf_name_collision;ddf_rowcount_bad
ID00392,ddf_name_collision;ddf_rowcount_bad
ID00394,ddf_name_collision;ddf_rowcount_bad
ID00396,ddf_name_collision;ddf_rowcount_bad
ID00403,ddf_name_collision;ddf_rowcount_bad;tail_sensitivity_lost_name_collision
ID00408,ddf_name_collision;ddf_rowcount_bad;tail_sensitivity_lost_name_collision
ID00410,ddf_name_collision;ddf_rowcount_bad
ID00417,ddf_name_collision;ddf_rowcount_bad
ID00418,ddf_name_collision;ddf_rowcount_bad
ID00428,ddf_name_collision;ddf_rowcount_bad
ID00442,ddf_name_collision;ddf_rowcount_bad
ID00446,ddf_name_collision;ddf_rowcount_bad
ID00448,narrow_elevation_band;old_manifest_vintage;pre_centralization_no_aux;synthetic_cloud_unauditable
ID00451,ddf_name_collision;ddf_rowcount_bad
ID00466,ddf_name_collision;ddf_rowcount_bad
ID00499,ddf_name_collision;ddf_rowcount_bad;tail_sensitivity_lost_name_collision
ID00569,ddf_name_collision;ddf_rowcount_bad
ID00624,ddf_name_collision;ddf_rowcount_bad
ID00705,ddf_name_collision;ddf_rowcount_bad
ID00709,ddf_name_collision;ddf_rowcount_bad;tail_sensitivity_lost_name_collision
ID10002,ddf_name_collision;tail_sensitivity_lost_name_collision
ID83001,narrow_elevation_band;old_manifest_vintage;pre_centralization_no_aux;synthetic_prefix_audited_clean
ID83002,narrow_elevation_band;old_manifest_vintage;pre_centralization_no_aux;synthetic_prefix_audited_clean
ID83065,narrow_elevation_band;old_manifest_vintage;pre_centralization_no_aux;synthetic_prefix_audited_clean
IL00032,ddf_name_collision;ddf_rowcount_bad
IL00108,ddf_name_collision;ddf_rowcount_bad;tail_sensitivity_lost_name_collision
IL00113,narrow_elevation_band;synthetic_cloud_unauditable
IL00117,narrow_elevation_band;old_manifest_vintage;pre_centralization_no_aux;synthetic_cloud_unauditable
IL00118,narrow_elevation_band;old_manifest_vintage;pre_centralization_no_aux;synthetic_cloud_unauditable
IL00133,ddf_name_collision;tail_sensitivity_lost_name_collision
IL00164,ddf_name_collision;ddf_rowcount_bad
IL00199,ddf_name_collision;ddf_rowcount_bad
IL00226,ddf_name_collision
IL00268,ddf_name_collision;ddf_rowcount_bad;tail_sensitivity_lost_name_collision
IL00351,ddf_name_collision;ddf_rowcount_bad
IL00400,ddf_name_collision;ddf_rowcount_bad
IL00403,ddf_name_collision;ddf_rowcount_bad
IL00407,ddf_name_collision;ddf_rowcount_bad
IL00409,ddf_name_collision;ddf_rowcount_bad
IL00414,ddf_name_collision;ddf_rowcount_bad
IL00454,ddf_name_collision;ddf_rowcount_bad
IL00474,ddf_name_collision;ddf_rowcount_bad
IL00497,ddf_name_collision;ddf_rowcount_bad
IL00595,ddf_name_collision;ddf_rowcount_bad
IL00603,ddf_name_collision;ddf_rowcount_bad
IL00609,ddf_name_collision;ddf_rowcount_bad
IL00797,ddf_name_collision;ddf_rowcount_bad
IL00809,ddf_name_collision;ddf_rowcount_bad
IL00823,ddf_name_collision;ddf_rowcount_bad;tail_sensitivity_lost_name_collision
IL00841,ddf_name_collision;ddf_rowcount_bad
IL00888,ddf_name_collision;ddf_rowcount_bad
IL00902,ddf_name_collision;ddf_rowcount_bad
IL00941,ddf_name_collision;ddf_rowcount_bad
IL00965,ddf_name_collision;ddf_rowcount_bad
IL00983,ddf_name_collision;ddf_rowcount_bad
IL00984,ddf_name_collision;ddf_rowcount_bad
IL01026,ddf_name_collision;ddf_rowcount_bad
IL01044,ddf_name_collision;ddf_rowcount_bad
IL01049,ddf_name_collision;tail_sensitivity_lost_name_collision
IL01136,ddf_name_collision;ddf_rowcount_bad
IL01153,ddf_name_collision;ddf_rowcount_bad
IL01164,ddf_name_collision;ddf_rowcount_bad
IL01167,ddf_name_collision;ddf_rowcount_bad
IL01168,ddf_name_collision;ddf_rowcount_bad
IL01238,narrow_elevation_band;old_manifest_vintage;pre_centralization_no_aux;synthetic_cloud_unauditable
IL40012,ddf_name_collision;ddf_rowcount_bad
IL40019,ddf_name_collision;ddf_rowcount_bad
IL40022,ddf_name_collision;ddf_rowcount_bad
IL40032,ddf_name_collision;ddf_rowcount_bad
IL40033,ddf_name_collision;ddf_rowcount_bad
IL40037,ddf_name_collision;ddf_rowcount_bad
IL40044,ddf_name_collision;ddf_rowcount_bad
IL40118,ddf_name_collision;ddf_rowcount_bad
IL40123,ddf_name_collision;ddf_rowcount_bad
IL40126,ddf_name_collision;ddf_rowcount_bad
IL50001,ddf_name_collision;ddf_rowcount_bad
IL50471,ddf_name_collision;ddf_rowcount_bad
IL50499,narrow_elevation_band;synthetic_cloud_unauditable
IL55094,narrow_elevation_band;old_manifest_vintage;pre_centralization_no_aux;synthetic_cloud_unauditable
IN00011,ddf_name_collision;ddf_rowcount_bad
IN00017,ddf_name_collision;tail_sensitivity_lost_name_collision
IN00018,ddf_name_collision;tail_sensitivity_lost_name_collision
IN00022,ddf_name_collision;tail_sensitivity_lost_name_collision
IN00026,ddf_name_collision;ddf_rowcount_bad
IN00039,ddf_name_collision;ddf_rowcount_bad;tail_sensitivity_lost_name_collision
IN00051,ddf_name_collision;ddf_rowcount_bad
IN00062,ddf_name_collision;ddf_rowcount_bad
IN00069,ddf_name_collision;tail_sensitivity_lost_name_collision
IN00085,ddf_name_collision;ddf_rowcount_bad;tail_sensitivity_lost_name_collision
IN00100,ddf_name_collision;ddf_rowcount_bad;tail_sensitivity_lost_name_collision
IN00110,ddf_name_collision;ddf_rowcount_bad
IN00113,ddf_name_collision;ddf_rowcount_bad
IN00118,ddf_name_collision;ddf_rowcount_bad
IN00122,ddf_name_collision;ddf_rowcount_bad
IN00143,ddf_name_collision;ddf_rowcount_bad
IN00155,ddf_name_collision;ddf_rowcount_bad;tail_sensitivity_lost_name_collision
IN00167,ddf_name_collision;ddf_rowcount_bad
IN00173,ddf_name_collision;ddf_rowcount_bad
IN00207,ddf_name_collision;ddf_rowcount_bad;tail_sensitivity_lost_name_collision
IN00211,ddf_name_collision;ddf_rowcount_bad
IN00216,ddf_name_collision;ddf_rowcount_bad;tail_sensitivity_lost_name_collision
IN00221,ddf_name_collision;tail_sensitivity_lost_name_collision
IN00222,ddf_name_collision;ddf_rowcount_bad;tail_sensitivity_lost_name_collision
IN00247,ddf_name_collision;ddf_rowcount_bad;tail_sensitivity_lost_name_collision
IN00251,ddf_name_collision;ddf_rowcount_bad
IN00257,ddf_name_collision;ddf_rowcount_bad;tail_sensitivity_lost_name_collision
IN00260,ddf_name_collision;ddf_rowcount_bad
IN00263,ddf_name_collision;ddf_rowcount_bad
IN00267,ddf_name_collision;ddf_rowcount_bad
IN00273,ddf_name_collision;ddf_rowcount_bad
IN00274,ddf_name_collision
IN00277,ddf_name_collision;ddf_rowcount_bad
IN00278,ddf_name_collision;ddf_rowcount_bad
IN00290,ddf_name_collision;ddf_rowcount_bad
IN00304,ddf_name_collision;ddf_rowcount_bad
IN00310,ddf_name_collision;ddf_rowcount_bad
IN00312,ddf_name_collision;ddf_rowcount_bad
IN00313,ddf_name_collision;ddf_rowcount_bad
IN00323,ddf_name_collision;tail_sensitivity_lost_name_collision
IN00325,ddf_name_collision;ddf_rowcount_bad
IN00331,ddf_name_collision;ddf_rowcount_bad
IN00335,ddf_name_collision;ddf_rowcount_bad
IN00336,ddf_name_collision
IN00338,ddf_name_collision;ddf_rowcount_bad
IN00340,ddf_name_collision;ddf_rowcount_bad;tail_sensitivity_lost_name_collision
IN00342,ddf_name_collision
IN00350,ddf_name_collision;ddf_rowcount_bad;tail_sensitivity_lost_name_collision
IN00357,ddf_name_collision;ddf_rowcount_bad;tail_sensitivity_lost_name_collision
IN00364,ddf_name_collision;ddf_rowcount_bad
IN00367,ddf_name_collision;ddf_rowcount_bad
IN00368,ddf_name_collision;ddf_rowcount_bad
IN00373,ddf_name_collision;ddf_rowcount_bad
IN00375,ddf_name_collision;ddf_rowcount_bad
IN00383,ddf_name_collision;ddf_rowcount_bad;tail_sensitivity_lost_name_collision
IN00395,ddf_name_collision;ddf_rowcount_bad
IN00396,ddf_name_collision;ddf_rowcount_bad
IN00399,ddf_name_collision;ddf_rowcount_bad
IN00403,ddf_name_collision;ddf_rowcount_bad;tail_sensitivity_lost_name_collision
IN00407,ddf_name_collision;ddf_rowcount_bad
IN00408,ddf_name_collision;ddf_rowcount_bad
IN00410,ddf_name_collision;ddf_rowcount_bad
IN00413,ddf_name_collision;ddf_rowcount_bad;tail_sensitivity_lost_name_collision
IN00422,ddf_name_collision
IN00423,ddf_name_collision;ddf_rowcount_bad;tail_sensitivity_lost_name_collision
IN00434,ddf_name_collision;ddf_rowcount_bad
IN00435,ddf_name_collision;ddf_rowcount_bad
IN00442,ddf_name_collision;ddf_rowcount_bad
IN00446,ddf_name_collision;ddf_rowcount_bad
IN00448,ddf_name_collision;ddf_rowcount_bad
IN00457,ddf_name_collision;ddf_rowcount_bad
IN00470,ddf_name_collision;ddf_rowcount_bad
IN00501,ddf_name_collision;tail_sensitivity_lost_name_collision
IN00505,ddf_name_collision;ddf_rowcount_bad
IN00514,ddf_name_collision;ddf_rowcount_bad;tail_sensitivity_lost_name_collision
IN00519,ddf_name_collision;ddf_rowcount_bad
IN00542,ddf_name_collision;ddf_rowcount_bad
IN00546,ddf_name_collision;ddf_rowcount_bad
IN00547,ddf_name_collision;ddf_rowcount_bad
IN00550,ddf_name_collision;ddf_rowcount_bad
IN00557,ddf_name_collision;ddf_rowcount_bad
IN00558,ddf_name_collision;ddf_rowcount_bad
IN00568,ddf_name_collision;ddf_rowcount_bad
IN00576,ddf_name_collision;ddf_rowcount_bad
IN00578,ddf_name_collision;ddf_rowcount_bad
IN00579,ddf_name_collision;ddf_rowcount_bad
IN00580,ddf_name_collision;ddf_rowcount_bad
IN00583,ddf_name_collision;ddf_rowcount_bad
IN00586,ddf_name_collision;ddf_rowcount_bad
IN00587,ddf_name_collision;ddf_rowcount_bad
IN00588,ddf_name_collision;ddf_rowcount_bad
IN00589,ddf_name_collision;ddf_rowcount_bad
IN00600,ddf_name_collision;ddf_rowcount_bad
IN00605,ddf_name_collision;ddf_rowcount_bad
IN00606,ddf_name_collision;ddf_rowcount_bad
IN00608,ddf_name_collision;ddf_rowcount_bad
IN00612,ddf_name_collision;ddf_rowcount_bad
IN00626,ddf_name_collision;ddf_rowcount_bad
IN00662,ddf_name_collision;ddf_rowcount_bad;tail_sensitivity_lost_name_collision
IN00663,ddf_name_collision;ddf_rowcount_bad
IN00665,ddf_name_collision;ddf_rowcount_bad
IN00667,ddf_name_collision;ddf_rowcount_bad
IN00673,ddf_name_collision;ddf_rowcount_bad
IN00687,ddf_name_collision;ddf_rowcount_bad
IN00692,ddf_name_collision;ddf_rowcount_bad
IN00696,ddf_name_collision;ddf_rowcount_bad
IN00697,ddf_name_collision;ddf_rowcount_bad;tail_sensitivity_lost_name_collision
IN00699,ddf_name_collision;ddf_rowcount_bad
IN00706,ddf_name_collision;ddf_rowcount_bad
IN00715,ddf_name_collision;ddf_rowcount_bad
IN00716,ddf_name_collision;ddf_rowcount_bad
IN00731,ddf_name_collision;ddf_rowcount_bad
IN00744,ddf_name_collision;ddf_rowcount_bad
IN00749,ddf_name_collision;ddf_rowcount_bad
IN00756,ddf_name_collision;ddf_rowcount_bad
IN00760,ddf_name_collision;ddf_rowcount_bad
IN00770,ddf_name_collision;ddf_rowcount_bad
IN00771,ddf_name_collision;ddf_rowcount_bad
IN00772,ddf_name_collision;ddf_rowcount_bad
IN00773,ddf_name_collision;ddf_rowcount_bad
IN00781,ddf_name_collision;ddf_rowcount_bad
IN00787,ddf_name_collision;ddf_rowcount_bad;tail_sensitivity_lost_name_collision
IN00796,ddf_name_collision;ddf_rowcount_bad
IN00798,ddf_name_collision;ddf_rowcount_bad;tail_sensitivity_lost_name_collision
IN00812,ddf_name_collision;ddf_rowcount_bad
IN03001,ddf_name_collision;ddf_rowcount_bad;narrow_elevation_band;old_manifest_vintage;pre_centralization_no_aux;synthetic_cloud_unauditable;tail_sensitivity_lost_name_collision
IN03004,narrow_elevation_band;old_manifest_vintage;pre_centralization_no_aux;synthetic_cloud_unauditable
IN03007,ddf_name_collision;ddf_rowcount_bad;tail_sensitivity_lost_name_collision
IN03018,narrow_elevation_band;old_manifest_vintage;pre_centralization_no_aux;synthetic_cloud_unauditable
IN03177,ddf_name_collision;ddf_rowcount_bad
IN03237,ddf_name_collision;ddf_rowcount_bad
IN03286,ddf_name_collision;ddf_rowcount_bad
IN03420,ddf_name_collision;ddf_rowcount_bad
IN03437,ddf_name_collision;ddf_rowcount_bad
IN03440,ddf_name_collision;tail_sensitivity_lost_name_collision
IN03446,ddf_name_collision;ddf_rowcount_bad
IN03727,ddf_name_collision;ddf_rowcount_bad
IN03763,ddf_name_collision;ddf_rowcount_bad
IN03906,ddf_name_collision;ddf_rowcount_bad
IN03915,ddf_name_collision;ddf_rowcount_bad
IN03927,ddf_name_collision;ddf_rowcount_bad;tail_sensitivity_lost_name_collision
IN03936,ddf_name_collision;ddf_rowcount_bad
IN03937,ddf_name_collision;ddf_rowcount_bad
IN03941,ddf_name_collision;tail_sensitivity_lost_name_collision
IN03957,ddf_name_collision;ddf_rowcount_bad
IN03965,ddf_name_collision;ddf_rowcount_bad
IN03973,ddf_name_collision;ddf_rowcount_bad
IN04004,ddf_name_collision;ddf_rowcount_bad
IN04018,ddf_name_collision;ddf_rowcount_bad
IN04022,ddf_name_collision;ddf_rowcount_bad
IN04027,ddf_name_collision;ddf_rowcount_bad
IN04058,ddf_name_collision;ddf_rowcount_bad
IN20003,ddf_name_collision;ddf_rowcount_bad;tail_sensitivity_lost_name_collision
KS00001,narrow_elevation_band;old_manifest_vintage;pre_centralization_no_aux;synthetic_cloud_unauditable
KS00002,narrow_elevation_band;synthetic_cloud_unauditable
KS00004,narrow_elevation_band;old_manifest_vintage;pre_centralization_no_aux;synthetic_cloud_unauditable
KS00005,narrow_elevation_band;old_manifest_vintage;pre_centralization_no_aux;synthetic_cloud_unauditable
KS00006,ddf_name_collision;tail_sensitivity_lost_name_collision
KS00007,narrow_elevation_band;old_manifest_vintage;pre_centralization_no_aux;synthetic_cloud_unauditable
KS00008,narrow_elevation_band;old_manifest_vintage;pre_centralization_no_aux;synthetic_cloud_unauditable
KS00009,ddf_name_collision;ddf_rowcount_bad;narrow_elevation_band;old_manifest_vintage;pre_centralization_no_aux;synthetic_cloud_unauditable
KS00011,narrow_elevation_band;old_manifest_vintage;pre_centralization_no_aux;synthetic_cloud_unauditable
KS00012,narrow_elevation_band;old_manifest_vintage;pre_centralization_no_aux;synthetic_cloud_unauditable
KS00013,ddf_name_collision;ddf_rowcount_bad;narrow_elevation_band;old_manifest_vintage;pre_centralization_no_aux;synthetic_cloud_unauditable;tail_sensitivity_lost_name_collision
KS00015,ddf_name_collision;ddf_rowcount_bad
KS00017,ddf_name_collision;ddf_rowcount_bad;narrow_elevation_band;old_manifest_vintage;pre_centralization_no_aux;synthetic_cloud_unauditable;tail_sensitivity_lost_name_collision
KS00019,narrow_elevation_band;old_manifest_vintage;pre_centralization_no_aux;synthetic_cloud_unauditable
KS00021,narrow_elevation_band;old_manifest_vintage;pre_centralization_no_aux;synthetic_cloud_unauditable
KS00022,narrow_elevation_band;old_manifest_vintage;pre_centralization_no_aux;synthetic_cloud_unauditable
KS00023,narrow_elevation_band;old_manifest_vintage;pre_centralization_no_aux;synthetic_prefix_audited_clean
KS00024,ddf_name_collision;narrow_elevation_band;old_manifest_vintage;pre_centralization_no_aux;synthetic_prefix_audited_clean;tail_sensitivity_lost_name_collision
KS00025,ddf_name_collision;ddf_rowcount_bad;narrow_elevation_band;old_manifest_vintage;pre_centralization_no_aux;synthetic_cloud_unauditable
KS00026,ddf_name_collision;ddf_rowcount_bad;narrow_elevation_band;old_manifest_vintage;pre_centralization_no_aux;synthetic_cloud_unauditable
KS00028,ddf_name_collision;ddf_rowcount_bad
KS00029,ddf_name_collision;ddf_rowcount_bad
KS00030,ddf_name_collision;ddf_rowcount_bad
KS00031,ddf_name_collision;ddf_rowcount_bad
KS00032,ddf_name_collision;ddf_rowcount_bad
KS00034,ddf_name_collision;ddf_rowcount_bad
KS00035,ddf_name_collision;ddf_rowcount_bad
KS00036,ddf_name_collision;ddf_rowcount_bad
KS00037,ddf_name_collision;ddf_rowcount_bad
KS00038,ddf_name_collision;ddf_rowcount_bad
KS00039,ddf_name_collision;ddf_rowcount_bad
KS00040,ddf_name_collision;ddf_rowcount_bad
KS00045,ddf_name_collision;ddf_rowcount_bad
KS00047,ddf_name_collision;ddf_rowcount_bad
KS00048,ddf_name_collision;ddf_rowcount_bad
KS00050,ddf_name_collision;ddf_rowcount_bad
KS00051,ddf_name_collision;ddf_rowcount_bad
KS00052,ddf_name_collision;ddf_rowcount_bad
KS00055,ddf_name_collision;ddf_rowcount_bad
KS00056,ddf_name_collision;ddf_rowcount_bad
KS00057,ddf_name_collision;ddf_rowcount_bad
KS00059,ddf_name_collision;ddf_rowcount_bad
KS00060,ddf_name_collision;ddf_rowcount_bad
KS00062,ddf_name_collision;ddf_rowcount_bad
KS00064,ddf_name_collision;ddf_rowcount_bad
KS00065,ddf_name_collision;ddf_rowcount_bad
KS00066,ddf_name_collision;ddf_rowcount_bad
KS00068,ddf_name_collision;ddf_rowcount_bad
KS00069,ddf_name_collision;ddf_rowcount_bad
KS00070,ddf_name_collision;ddf_rowcount_bad
KS00071,ddf_name_collision;ddf_rowcount_bad
KS00073,ddf_name_collision;ddf_rowcount_bad
KS00075,ddf_name_collision;ddf_rowcount_bad
KS00076,ddf_name_collision;ddf_rowcount_bad
KS00077,ddf_name_collision;ddf_rowcount_bad
KS00078,ddf_name_collision;ddf_rowcount_bad
KS00079,ddf_name_collision;ddf_rowcount_bad
KS00080,ddf_name_collision;ddf_rowcount_bad
KS00081,ddf_name_collision;ddf_rowcount_bad
KS00082,ddf_name_collision;ddf_rowcount_bad
KS00083,ddf_name_collision;ddf_rowcount_bad
KS00084,ddf_name_collision;ddf_rowcount_bad
KS00085,ddf_name_collision;ddf_rowcount_bad
KS00086,ddf_name_collision;ddf_rowcount_bad
KS00087,ddf_name_collision;ddf_rowcount_bad
KS00088,ddf_name_collision;ddf_rowcount_bad
KS00089,ddf_name_collision;ddf_rowcount_bad
KS00090,ddf_name_collision;ddf_rowcount_bad
KS00092,ddf_name_collision;ddf_rowcount_bad
KS00093,ddf_name_collision;ddf_rowcount_bad
KS00094,ddf_name_collision;ddf_rowcount_bad
KS00095,ddf_name_collision;ddf_rowcount_bad
KS00098,ddf_name_collision;ddf_rowcount_bad
KS00099,ddf_name_collision;ddf_rowcount_bad
KS00100,ddf_name_collision;ddf_rowcount_bad
KS00101,ddf_name_collision;ddf_rowcount_bad
KS00102,ddf_name_collision;ddf_rowcount_bad
KS00103,ddf_name_collision;ddf_rowcount_bad
KS00104,ddf_name_collision;ddf_rowcount_bad
KS00105,ddf_name_collision;ddf_rowcount_bad
KS00108,ddf_name_collision;ddf_rowcount_bad
KS00109,ddf_name_collision;ddf_rowcount_bad
KS00110,ddf_name_collision;ddf_rowcount_bad
KS00111,ddf_name_collision;ddf_rowcount_bad
KS00112,ddf_name_collision;ddf_rowcount_bad
KS00113,ddf_name_collision;ddf_rowcount_bad
KS00114,ddf_name_collision;ddf_rowcount_bad
KS00115,ddf_name_collision;ddf_rowcount_bad
KS00116,ddf_name_collision;ddf_rowcount_bad
KS00117,ddf_name_collision;ddf_rowcount_bad
KS00118,ddf_name_collision;ddf_rowcount_bad
KS00120,ddf_name_collision;ddf_rowcount_bad
KS00121,ddf_name_collision;ddf_rowcount_bad
KS00122,ddf_name_collision;ddf_rowcount_bad
KS00123,ddf_name_collision;ddf_rowcount_bad
KS00124,ddf_name_collision;ddf_rowcount_bad
KS00125,ddf_name_collision;ddf_rowcount_bad;tail_sensitivity_lost_name_collision
KS00126,ddf_name_collision;ddf_rowcount_bad
KS00127,ddf_name_collision;ddf_rowcount_bad
KS00128,ddf_name_collision;ddf_rowcount_bad
KS00129,ddf_name_collision;ddf_rowcount_bad
KS00130,ddf_name_collision;ddf_rowcount_bad
KS00131,ddf_name_collision;ddf_rowcount_bad
KS00132,ddf_name_collision;ddf_rowcount_bad
KS00133,ddf_name_collision;ddf_rowcount_bad
KS00134,ddf_name_collision;ddf_rowcount_bad
KS00135,ddf_name_collision;ddf_rowcount_bad
KS00136,ddf_name_collision;ddf_rowcount_bad
KS00137,ddf_name_collision;ddf_rowcount_bad
KS00138,ddf_name_collision;ddf_rowcount_bad
KS00139,ddf_name_collision;ddf_rowcount_bad
KS00140,ddf_name_collision;ddf_rowcount_bad
KS00141,ddf_name_collision;ddf_rowcount_bad
KS00142,ddf_name_collision;ddf_rowcount_bad
KS00143,ddf_name_collision;ddf_rowcount_bad
KS00144,ddf_name_collision;ddf_rowcount_bad
KS00145,ddf_name_collision;ddf_rowcount_bad
KS00146,ddf_name_collision;ddf_rowcount_bad
KS00147,ddf_name_collision;ddf_rowcount_bad
KS00148,ddf_name_collision;ddf_rowcount_bad
KS00149,ddf_name_collision;ddf_rowcount_bad
KS00150,ddf_name_collision;ddf_rowcount_bad
KS00151,ddf_name_collision;ddf_rowcount_bad
KS00152,ddf_name_collision;ddf_rowcount_bad
KS00153,ddf_name_collision;ddf_rowcount_bad
KS00154,ddf_name_collision;ddf_rowcount_bad
KS00155,ddf_name_collision;ddf_rowcount_bad
KS00156,ddf_name_collision;ddf_rowcount_bad
KS00157,ddf_name_collision;ddf_rowcount_bad
KS00158,ddf_name_collision;ddf_rowcount_bad
KS00159,ddf_name_collision;ddf_rowcount_bad
KS00160,ddf_name_collision;ddf_rowcount_bad
KS00161,ddf_name_collision;ddf_rowcount_bad
KS00162,ddf_name_collision;ddf_rowcount_bad
KS00163,ddf_name_collision;ddf_rowcount_bad
KS00164,ddf_name_collision;ddf_rowcount_bad
KS00165,ddf_name_collision;ddf_rowcount_bad
KS00166,ddf_name_collision;ddf_rowcount_bad
KS00167,ddf_name_collision;ddf_rowcount_bad
KS00168,ddf_name_collision;ddf_rowcount_bad
KS00169,ddf_name_collision;ddf_rowcount_bad
KS00170,ddf_name_collision;ddf_rowcount_bad
KS00171,ddf_name_collision;ddf_rowcount_bad
KS00172,ddf_name_collision;ddf_rowcount_bad
KS00173,ddf_name_collision;ddf_rowcount_bad
KS00177,ddf_name_collision;ddf_rowcount_bad
KS00178,ddf_name_collision;ddf_rowcount_bad
KS00179,ddf_name_collision;ddf_rowcount_bad
KS00183,ddf_name_collision;ddf_rowcount_bad;tail_sensitivity_lost_name_collision
KS00185,ddf_name_collision;ddf_rowcount_bad
KS00186,ddf_name_collision;ddf_rowcount_bad
KS00188,ddf_name_collision;ddf_rowcount_bad
KS00189,ddf_name_collision;ddf_rowcount_bad
KS00192,ddf_name_collision;ddf_rowcount_bad;tail_sensitivity_lost_name_collision
KS00193,ddf_name_collision;ddf_rowcount_bad;tail_sensitivity_lost_name_collision
KS00194,ddf_name_collision;ddf_rowcount_bad
KS00195,ddf_name_collision;ddf_rowcount_bad
KS00196,ddf_name_collision;ddf_rowcount_bad
KS00197,ddf_name_collision;ddf_rowcount_bad
KS00198,ddf_name_collision;ddf_rowcount_bad
KS00199,ddf_name_collision;ddf_rowcount_bad
KS00200,ddf_name_collision;ddf_rowcount_bad
KS00203,ddf_name_collision;ddf_rowcount_bad
KS00206,ddf_name_collision;ddf_rowcount_bad
KS00208,ddf_name_collision;ddf_rowcount_bad
KS00210,ddf_name_collision;ddf_rowcount_bad
KS00211,ddf_name_collision;ddf_rowcount_bad
KS00213,ddf_name_collision;ddf_rowcount_bad
KS00218,ddf_name_collision;ddf_rowcount_bad
KS00219,ddf_name_collision;ddf_rowcount_bad
KS00221,ddf_name_collision;ddf_rowcount_bad
KS00222,ddf_name_collision;ddf_rowcount_bad
KS00224,ddf_name_collision;ddf_rowcount_bad
KS00225,ddf_name_collision;ddf_rowcount_bad
KS00226,ddf_name_collision;ddf_rowcount_bad;tail_sensitivity_lost_name_collision
KS00230,ddf_name_collision;ddf_rowcount_bad;tail_sensitivity_lost_name_collision
KS00231,ddf_name_collision;ddf_rowcount_bad;tail_sensitivity_lost_name_collision
KS00233,ddf_name_collision;ddf_rowcount_bad;tail_sensitivity_lost_name_collision
KS00234,ddf_name_collision;ddf_rowcount_bad
KS00235,ddf_name_collision;ddf_rowcount_bad
KS00236,ddf_name_collision;ddf_rowcount_bad
KS00237,ddf_name_collision;ddf_rowcount_bad
KS00238,ddf_name_collision;ddf_rowcount_bad
KS00239,ddf_name_collision;ddf_rowcount_bad
KS00240,ddf_name_collision;ddf_rowcount_bad
KS00241,ddf_name_collision;ddf_rowcount_bad
KS00242,ddf_name_collision;ddf_rowcount_bad
KS00243,ddf_name_collision;ddf_rowcount_bad
KS00246,ddf_name_collision;ddf_rowcount_bad
KS00247,ddf_name_collision;ddf_rowcount_bad
KS00248,ddf_name_collision;ddf_rowcount_bad
KS00249,ddf_name_collision;ddf_rowcount_bad
KS00250,ddf_name_collision;ddf_rowcount_bad
KS00251,ddf_name_collision;ddf_rowcount_bad
KS00252,ddf_name_collision;ddf_rowcount_bad
KS00254,ddf_name_collision;ddf_rowcount_bad
KS00255,ddf_name_collision;ddf_rowcount_bad
KS00256,ddf_name_collision;ddf_rowcount_bad
KS00257,ddf_name_collision;ddf_rowcount_bad
KS00259,ddf_name_collision;ddf_rowcount_bad
KS00260,ddf_name_collision;ddf_rowcount_bad
KS00261,ddf_name_collision;ddf_rowcount_bad
KS00262,ddf_name_collision;ddf_rowcount_bad
KS00263,ddf_name_collision;ddf_rowcount_bad
KS00264,ddf_name_collision;ddf_rowcount_bad
KS00265,ddf_name_collision;ddf_rowcount_bad
KS00266,ddf_name_collision;ddf_rowcount_bad
KS00268,ddf_name_collision;ddf_rowcount_bad
KS00269,ddf_name_collision;ddf_rowcount_bad
KS00270,ddf_name_collision;ddf_rowcount_bad
KS00271,ddf_name_collision;ddf_rowcount_bad
KS00272,ddf_name_collision;ddf_rowcount_bad
KS00273,ddf_name_collision;ddf_rowcount_bad
KS00274,ddf_name_collision;ddf_rowcount_bad
KS00275,ddf_name_collision;ddf_rowcount_bad
KS00276,ddf_name_collision;ddf_rowcount_bad
KS00277,ddf_name_collision;ddf_rowcount_bad
KS00278,ddf_name_collision;ddf_rowcount_bad;tail_sensitivity_lost_name_collision
KS00285,ddf_name_collision;ddf_rowcount_bad
KS00290,ddf_name_collision;ddf_rowcount_bad
KS00291,ddf_name_collision;ddf_rowcount_bad
KS00292,ddf_name_collision;ddf_rowcount_bad
KS00293,ddf_name_collision;ddf_rowcount_bad
KS00295,ddf_name_collision;ddf_rowcount_bad
KS00296,ddf_name_collision;ddf_rowcount_bad
KS00297,ddf_name_collision;ddf_rowcount_bad
KS00298,ddf_name_collision;ddf_rowcount_bad
KS00299,ddf_name_collision;ddf_rowcount_bad
KS00300,ddf_name_collision;ddf_rowcount_bad
KS00301,ddf_name_collision;ddf_rowcount_bad
KS00302,ddf_name_collision;ddf_rowcount_bad
KS00303,ddf_name_collision;ddf_rowcount_bad;tail_sensitivity_lost_name_collision
KS00304,ddf_name_collision;ddf_rowcount_bad
KS00305,ddf_name_collision;ddf_rowcount_bad
KS00306,ddf_name_collision;ddf_rowcount_bad
KS00307,ddf_name_collision;ddf_rowcount_bad
KS00308,ddf_name_collision;ddf_rowcount_bad
KS00313,ddf_name_collision;ddf_rowcount_bad
KS00314,ddf_name_collision;ddf_rowcount_bad
KS00315,ddf_name_collision;ddf_rowcount_bad
KS00316,ddf_name_collision;ddf_rowcount_bad
KS00317,ddf_name_collision;ddf_rowcount_bad
KS00318,ddf_name_collision;ddf_rowcount_bad
KS00320,ddf_name_collision;ddf_rowcount_bad
KS00321,ddf_name_collision;ddf_rowcount_bad
KS00322,ddf_name_collision;ddf_rowcount_bad
KS00323,ddf_name_collision;ddf_rowcount_bad
KS00324,ddf_name_collision;ddf_rowcount_bad
KS00325,ddf_name_collision;ddf_rowcount_bad
KS00326,ddf_name_collision;ddf_rowcount_bad
KS00327,ddf_name_collision;ddf_rowcount_bad
KS00328,ddf_name_collision;ddf_rowcount_bad
KS00329,ddf_name_collision;ddf_rowcount_bad
KS00330,ddf_name_collision;ddf_rowcount_bad
KS00331,ddf_name_collision;ddf_rowcount_bad
KS00332,ddf_name_collision;ddf_rowcount_bad
KS00333,ddf_name_collision;ddf_rowcount_bad
KS00334,ddf_name_collision;ddf_rowcount_bad
KS00335,ddf_name_collision;ddf_rowcount_bad
KS00336,ddf_name_collision;ddf_rowcount_bad
KS00343,ddf_name_collision;ddf_rowcount_bad
KS00344,ddf_name_collision;ddf_rowcount_bad
KS00345,ddf_name_collision;ddf_rowcount_bad
KS00346,ddf_name_collision;ddf_rowcount_bad
KS00347,ddf_name_collision;ddf_rowcount_bad
KS00348,ddf_name_collision;ddf_rowcount_bad
KS00349,ddf_name_collision;ddf_rowcount_bad
KS00350,ddf_name_collision;ddf_rowcount_bad
KS00351,ddf_name_collision;ddf_rowcount_bad
KS00352,ddf_name_collision;ddf_rowcount_bad
KS00353,ddf_name_collision;ddf_rowcount_bad;tail_sensitivity_lost_name_collision
KS00354,ddf_name_collision;ddf_rowcount_bad
KS00355,ddf_name_collision;ddf_rowcount_bad
KS00356,ddf_name_collision;ddf_rowcount_bad
KS00357,ddf_name_collision;ddf_rowcount_bad
KS00358,ddf_name_collision;ddf_rowcount_bad
KS00359,ddf_name_collision;ddf_rowcount_bad
KS00360,ddf_name_collision;ddf_rowcount_bad
KS00361,ddf_name_collision;ddf_rowcount_bad;tail_sensitivity_lost_name_collision
KS00362,ddf_name_collision;ddf_rowcount_bad
KS00363,ddf_name_collision;ddf_rowcount_bad
KS00364,ddf_name_collision;ddf_rowcount_bad
KS00369,ddf_name_collision;ddf_rowcount_bad
KS00370,ddf_name_collision;ddf_rowcount_bad
KS00372,ddf_name_collision;ddf_rowcount_bad
KS00373,ddf_name_collision;ddf_rowcount_bad;tail_sensitivity_lost_name_collision
KS00374,ddf_name_collision;ddf_rowcount_bad
KS00375,ddf_name_collision;ddf_rowcount_bad
KS00376,ddf_name_collision;ddf_rowcount_bad
KS00377,ddf_name_collision;ddf_rowcount_bad
KS00378,ddf_name_collision;ddf_rowcount_bad
KS00379,ddf_name_collision;ddf_rowcount_bad
KS00380,ddf_name_collision;ddf_rowcount_bad
KS00381,ddf_name_collision;ddf_rowcount_bad
KS00382,ddf_name_collision;ddf_rowcount_bad
KS00383,ddf_name_collision;ddf_rowcount_bad
KS00384,ddf_name_collision;ddf_rowcount_bad
KS00385,ddf_name_collision;ddf_rowcount_bad
KS00386,ddf_name_collision;ddf_rowcount_bad
KS00387,ddf_name_collision;ddf_rowcount_bad
KS00388,ddf_name_collision;ddf_rowcount_bad
KS00389,ddf_name_collision;ddf_rowcount_bad
KS00397,ddf_name_collision;ddf_rowcount_bad
KS00399,ddf_name_collision;ddf_rowcount_bad
KS00400,ddf_name_collision;ddf_rowcount_bad
KS00401,ddf_name_collision;ddf_rowcount_bad
KS00402,ddf_name_collision;ddf_rowcount_bad
KS00403,ddf_name_collision;ddf_rowcount_bad
KS00404,ddf_name_collision;ddf_rowcount_bad
KS00405,ddf_name_collision;ddf_rowcount_bad
KS00406,ddf_name_collision;ddf_rowcount_bad
KS00407,ddf_name_collision;ddf_rowcount_bad
KS00408,ddf_name_collision;ddf_rowcount_bad
KS00409,ddf_name_collision;ddf_rowcount_bad
KS00410,ddf_name_collision;ddf_rowcount_bad
KS00411,ddf_name_collision;ddf_rowcount_bad
KS00413,ddf_name_collision;ddf_rowcount_bad
KS00414,ddf_name_collision;ddf_rowcount_bad
KS00415,ddf_name_collision;ddf_rowcount_bad
KS00417,ddf_name_collision;ddf_rowcount_bad
KS00421,ddf_name_collision;ddf_rowcount_bad
KS00422,ddf_name_collision;ddf_rowcount_bad
KS00424,ddf_name_collision;ddf_rowcount_bad
KS00425,ddf_name_collision;ddf_rowcount_bad
KS00426,ddf_name_collision;ddf_rowcount_bad
KS00427,ddf_name_collision;ddf_rowcount_bad
KS00429,ddf_name_collision;ddf_rowcount_bad;tail_sensitivity_lost_name_collision
KS00430,ddf_name_collision;ddf_rowcount_bad
KS00433,ddf_name_collision;ddf_rowcount_bad
KS00436,ddf_name_collision;ddf_rowcount_bad
KS00437,ddf_name_collision;ddf_rowcount_bad;tail_sensitivity_lost_name_collision
KS00438,ddf_name_collision;ddf_rowcount_bad
KS00439,ddf_name_collision;ddf_rowcount_bad
KS00440,ddf_name_collision;ddf_rowcount_bad
KS00441,ddf_name_collision;ddf_rowcount_bad;tail_sensitivity_lost_name_collision
KS00442,ddf_name_collision;ddf_rowcount_bad
KS00443,ok_false
KS00444,ddf_name_collision;ddf_rowcount_bad
KS00445,ddf_name_collision;ddf_rowcount_bad;tail_sensitivity_lost_name_collision
KS00446,ddf_name_collision;ddf_rowcount_bad
KS00447,ddf_name_collision;ddf_rowcount_bad
KS00448,ddf_name_collision;ddf_rowcount_bad
KS00455,ddf_name_collision;ddf_rowcount_bad
KS00456,ddf_name_collision;ddf_rowcount_bad
KS00458,ddf_name_collision;ddf_rowcount_bad
KS00459,ddf_name_collision;ddf_rowcount_bad
KS00460,ddf_name_collision;ddf_rowcount_bad
KS00461,ddf_name_collision;ddf_rowcount_bad
KS00462,ddf_name_collision;ddf_rowcount_bad
KS00463,ddf_name_collision;ddf_rowcount_bad
KS00464,ddf_name_collision;ddf_rowcount_bad;tail_sensitivity_lost_name_collision
KS00465,ddf_name_collision;ddf_rowcount_bad
KS00466,ddf_name_collision;ddf_rowcount_bad
KS00467,ddf_name_collision;ddf_rowcount_bad
KS00468,ddf_name_collision;ddf_rowcount_bad
KS00469,ddf_name_collision;ddf_rowcount_bad
KS00470,ddf_name_collision;ddf_rowcount_bad
KS00471,ddf_name_collision;ddf_rowcount_bad
KS00472,ddf_name_collision;ddf_rowcount_bad;tail_sensitivity_lost_name_collision
KS00473,ddf_name_collision;ddf_rowcount_bad
KS00474,ddf_name_collision;ddf_rowcount_bad
KS00475,ddf_name_collision;ddf_rowcount_bad
KS00476,ddf_name_collision;ddf_rowcount_bad
KS00477,ddf_name_collision;ddf_rowcount_bad
KS00478,ddf_name_collision;ddf_rowcount_bad
KS00479,ddf_name_collision;ddf_rowcount_bad;tail_sensitivity_lost_name_collision
KS00480,ddf_name_collision;ddf_rowcount_bad
KS00481,ddf_name_collision;ddf_rowcount_bad
KS00482,ddf_name_collision;ddf_rowcount_bad
KS00483,ddf_name_collision;ddf_rowcount_bad
KS00484,ddf_name_collision;ddf_rowcount_bad
KS00485,ddf_name_collision;ddf_rowcount_bad
KS00486,ddf_name_collision;ddf_rowcount_bad
KS00487,ddf_name_collision;ddf_rowcount_bad
KS00488,ddf_name_collision;ddf_rowcount_bad
KS00489,ddf_name_collision;ddf_rowcount_bad
KS00490,ddf_name_collision;ddf_rowcount_bad;tail_sensitivity_lost_name_collision
KS00491,ddf_name_collision;ddf_rowcount_bad
KS00492,ddf_name_collision;ddf_rowcount_bad;tail_sensitivity_lost_name_collision
KS00493,ddf_name_collision;ddf_rowcount_bad
KS00494,ddf_name_collision;ddf_rowcount_bad
KS00495,ddf_name_collision;ddf_rowcount_bad
KS00496,ddf_name_collision;ddf_rowcount_bad
KS00497,ddf_name_collision;ddf_rowcount_bad
KS00499,ddf_name_collision;ddf_rowcount_bad
KS00500,ddf_name_collision;ddf_rowcount_bad;tail_sensitivity_lost_name_collision
KS00501,ddf_name_collision;ddf_rowcount_bad
KS00502,ddf_name_collision;ddf_rowcount_bad
KS00503,ddf_name_collision;ddf_rowcount_bad
KS00504,ddf_name_collision;ddf_rowcount_bad
KS00505,ddf_name_collision;ddf_rowcount_bad
KS00506,ddf_name_collision;ddf_rowcount_bad
KS00507,ddf_name_collision;ddf_rowcount_bad
KS00508,ddf_name_collision;ddf_rowcount_bad
KS00509,ddf_name_collision;ddf_rowcount_bad
KS00510,ddf_name_collision;ddf_rowcount_bad
KS00511,ddf_name_collision;ddf_rowcount_bad
KS00512,ddf_name_collision;ddf_rowcount_bad
KS00513,ddf_name_collision;ddf_rowcount_bad
KS00514,ddf_name_collision;ddf_rowcount_bad
KS00515,ddf_name_collision;ddf_rowcount_bad
KS00516,ddf_name_collision;ddf_rowcount_bad
KS00518,ddf_name_collision;ddf_rowcount_bad
KS00519,ddf_name_collision;ddf_rowcount_bad
KS00520,ddf_name_collision;ddf_rowcount_bad
KS00521,ddf_name_collision;ddf_rowcount_bad
KS00522,ddf_name_collision;ddf_rowcount_bad
KS00523,ddf_name_collision;ddf_rowcount_bad
KS00524,ddf_name_collision;ddf_rowcount_bad
KS00526,ddf_name_collision;ddf_rowcount_bad
KS00527,ddf_name_collision;ddf_rowcount_bad
KS00528,ddf_name_collision;ddf_rowcount_bad
KS00529,ddf_name_collision;ddf_rowcount_bad
KS00530,ddf_name_collision;ddf_rowcount_bad
KS00531,ddf_name_collision;ddf_rowcount_bad
KS00532,ddf_name_collision;ddf_rowcount_bad
KS00533,ddf_name_collision;ddf_rowcount_bad
KS00534,ddf_name_collision;ddf_rowcount_bad
KS00535,ddf_name_collision;ddf_rowcount_bad
KS00536,ddf_name_collision;ddf_rowcount_bad
KS00537,ddf_name_collision;ddf_rowcount_bad
KS00538,ddf_name_collision;ddf_rowcount_bad
KS00539,ddf_name_collision;ddf_rowcount_bad
KS00540,ddf_name_collision;ddf_rowcount_bad
KS00541,ddf_name_collision;ddf_rowcount_bad
KS00542,ddf_name_collision;ddf_rowcount_bad
KS00543,ddf_name_collision;ddf_rowcount_bad
KS00544,ddf_name_collision;ddf_rowcount_bad
KS00545,ddf_name_collision;ddf_rowcount_bad
KS00546,ddf_name_collision;ddf_rowcount_bad
KS00547,ddf_name_collision;ddf_rowcount_bad
KS00548,ddf_name_collision;ddf_rowcount_bad
KS00549,ddf_name_collision;ddf_rowcount_bad
KS00550,ddf_name_collision;ddf_rowcount_bad
KS00551,ddf_name_collision;ddf_rowcount_bad;tail_sensitivity_lost_name_collision
KS00552,ddf_name_collision;ddf_rowcount_bad
KS00553,ddf_name_collision;ddf_rowcount_bad
KS00554,ddf_name_collision;ddf_rowcount_bad
KS00555,ddf_name_collision;ddf_rowcount_bad
KS00556,ddf_name_collision;ddf_rowcount_bad
KS00557,ddf_name_collision;ddf_rowcount_bad
KS00558,ddf_name_collision;ddf_rowcount_bad
KS00559,ddf_name_collision;ddf_rowcount_bad
KS00560,ddf_name_collision;ddf_rowcount_bad
KS00561,ddf_name_collision;ddf_rowcount_bad
KS00562,ddf_name_collision;ddf_rowcount_bad
KS00563,ddf_name_collision;ddf_rowcount_bad
KS00564,ddf_name_collision;ddf_rowcount_bad
KS00565,ddf_name_collision;ddf_rowcount_bad
KS00566,ddf_name_collision;ddf_rowcount_bad
KS00569,ddf_name_collision;ddf_rowcount_bad
KS00572,ddf_name_collision;ddf_rowcount_bad
KS00573,ddf_name_collision;ddf_rowcount_bad
KS00574,ddf_name_collision;ddf_rowcount_bad
KS00575,ddf_name_collision;ddf_rowcount_bad
KS00576,ddf_name_collision;ddf_rowcount_bad
KS00577,ddf_name_collision;ddf_rowcount_bad
KS00578,ddf_name_collision;ddf_rowcount_bad
KS00579,ddf_name_collision;ddf_rowcount_bad
KS00580,ddf_name_collision;ddf_rowcount_bad
KS00582,ddf_name_collision;ddf_rowcount_bad
KS00583,ddf_name_collision;ddf_rowcount_bad
KS00584,ddf_name_collision;ddf_rowcount_bad
KS00585,ddf_name_collision;ddf_rowcount_bad
KS00586,ddf_name_collision;ddf_rowcount_bad
KS00587,ddf_name_collision;ddf_rowcount_bad
KS00588,ddf_name_collision;ddf_rowcount_bad
KS00590,ddf_name_collision;ddf_rowcount_bad
KS00593,ddf_name_collision;ddf_rowcount_bad
KS00594,ddf_name_collision;ddf_rowcount_bad
KS00595,ddf_name_collision;ddf_rowcount_bad
KS00596,ddf_name_collision;ddf_rowcount_bad
KS00597,ddf_name_collision;ddf_rowcount_bad
KS00598,ddf_name_collision;ddf_rowcount_bad
KS00599,ddf_name_collision;ddf_rowcount_bad
KS00600,ddf_name_collision;ddf_rowcount_bad
KS00601,ddf_name_collision;ddf_rowcount_bad
KS00602,ddf_name_collision;ddf_rowcount_bad
KS00603,ddf_name_collision;ddf_rowcount_bad
KS00605,ddf_name_collision;ddf_rowcount_bad
KS00606,ddf_name_collision;ddf_rowcount_bad
KS00608,ddf_name_collision;ddf_rowcount_bad
KS00609,ddf_name_collision;ddf_rowcount_bad
KS00610,ddf_name_collision;ddf_rowcount_bad
KS00612,ddf_name_collision;ddf_rowcount_bad
KS00614,ddf_name_collision;ddf_rowcount_bad
KS00617,ddf_name_collision;ddf_rowcount_bad;tail_sensitivity_lost_name_collision
KS00624,ddf_name_collision;ddf_rowcount_bad
KS00625,ddf_name_collision;ddf_rowcount_bad
KS00626,ddf_name_collision;ddf_rowcount_bad;tail_sensitivity_lost_name_collision
KS00629,ddf_name_collision;ddf_rowcount_bad
KS00630,ddf_name_collision;ddf_rowcount_bad
KS00631,ddf_name_collision;ddf_rowcount_bad
KS00634,ddf_name_collision;ddf_rowcount_bad
KS00637,ddf_name_collision;ddf_rowcount_bad
KS00638,ddf_name_collision;ddf_rowcount_bad
KS00639,ddf_name_collision;ddf_rowcount_bad
KS00640,ddf_name_collision;ddf_rowcount_bad
KS00641,ddf_name_collision;ddf_rowcount_bad
KS00642,ddf_name_collision;ddf_rowcount_bad
KS00643,ddf_name_collision;ddf_rowcount_bad
KS00644,ddf_name_collision;ddf_rowcount_bad
KS00645,ddf_name_collision;ddf_rowcount_bad
KS00646,ddf_name_collision;ddf_rowcount_bad;tail_sensitivity_lost_name_collision
KS00647,ddf_name_collision;ddf_rowcount_bad
KS00648,ddf_name_collision;ddf_rowcount_bad
KS00649,ddf_name_collision;ddf_rowcount_bad
KS00650,ddf_name_collision;ddf_rowcount_bad;tail_sensitivity_lost_name_collision
KS00651,ddf_name_collision;ddf_rowcount_bad
KS00652,ddf_name_collision;ddf_rowcount_bad
KS00653,ddf_name_collision;ddf_rowcount_bad
KS00654,ddf_name_collision;ddf_rowcount_bad
KS00655,ddf_name_collision;ddf_rowcount_bad
KS00656,ddf_name_collision;ddf_rowcount_bad
KS00657,ddf_name_collision;ddf_rowcount_bad
KS00658,ddf_name_collision;ddf_rowcount_bad
KS00659,ddf_name_collision;ddf_rowcount_bad;tail_sensitivity_lost_name_collision
KS00660,ddf_name_collision;ddf_rowcount_bad
KS00661,ddf_name_collision;ddf_rowcount_bad
KS00662,ddf_name_collision;ddf_rowcount_bad
KS00663,ddf_name_collision;ddf_rowcount_bad;tail_sensitivity_lost_name_collision
KS00664,ddf_name_collision;ddf_rowcount_bad
KS00665,ddf_name_collision;ddf_rowcount_bad
KS00667,ddf_name_collision;ddf_rowcount_bad
KS00668,ddf_name_collision;ddf_rowcount_bad
KS00669,ddf_name_collision;ddf_rowcount_bad;tail_sensitivity_lost_name_collision
KS00670,ddf_name_collision;ddf_rowcount_bad;tail_sensitivity_lost_name_collision
KS00673,ddf_name_collision;ddf_rowcount_bad
KS00674,ddf_name_collision;ddf_rowcount_bad
KS00675,ddf_name_collision;ddf_rowcount_bad
KS00676,ddf_name_collision;ddf_rowcount_bad
KS00677,ddf_name_collision;ddf_rowcount_bad
KS00678,ddf_name_collision;ddf_rowcount_bad
KS00679,ddf_name_collision;ddf_rowcount_bad
KS00680,ddf_name_collision;ddf_rowcount_bad
KS00681,ddf_name_collision;ddf_rowcount_bad
KS00682,ddf_name_collision;ddf_rowcount_bad
KS00683,ddf_name_collision;ddf_rowcount_bad
KS00684,ddf_name_collision;ddf_rowcount_bad
KS00685,ddf_name_collision;ddf_rowcount_bad
KS00686,ddf_name_collision;ddf_rowcount_bad
KS00691,ddf_name_collision;ddf_rowcount_bad
KS00692,ddf_name_collision;ddf_rowcount_bad
KS00694,ddf_name_collision;ddf_rowcount_bad
KS00695,ddf_name_collision;ddf_rowcount_bad
KS00696,ddf_name_collision;ddf_rowcount_bad
KS00697,ddf_name_collision;ddf_rowcount_bad
KS00698,ddf_name_collision;ddf_rowcount_bad
KS00699,ddf_name_collision;ddf_rowcount_bad
KS00701,ddf_name_collision;ddf_rowcount_bad
KS00703,ddf_name_collision;ddf_rowcount_bad;tail_sensitivity_lost_name_collision
KS00706,ddf_name_collision;ddf_rowcount_bad
KS00707,ddf_name_collision;ddf_rowcount_bad
KS00708,ddf_name_collision;ddf_rowcount_bad
KS00709,ddf_name_collision;ddf_rowcount_bad
KS00710,ddf_name_collision;ddf_rowcount_bad
KS00711,ddf_name_collision;ddf_rowcount_bad
KS00713,ddf_name_collision;ddf_rowcount_bad
KS00714,ddf_name_collision;ddf_rowcount_bad
KS00715,ddf_name_collision;ddf_rowcount_bad
KS00716,ddf_name_collision;ddf_rowcount_bad
KS00718,ddf_name_collision;ddf_rowcount_bad;tail_sensitivity_lost_name_collision
KS00719,ddf_name_collision;ddf_rowcount_bad
KS00720,ddf_name_collision;ddf_rowcount_bad
KS00721,ddf_name_collision;ddf_rowcount_bad;tail_sensitivity_lost_name_collision
KS00722,ddf_name_collision;ddf_rowcount_bad
KS00723,ddf_name_collision;ddf_rowcount_bad
KS00729,ddf_name_collision;ddf_rowcount_bad
KS00730,ddf_name_collision;ddf_rowcount_bad
KS00731,ddf_name_collision;ddf_rowcount_bad
KS00732,ddf_name_collision;ddf_rowcount_bad
KS00733,ddf_name_collision;ddf_rowcount_bad
KS00735,ddf_name_collision;ddf_rowcount_bad
KS00736,ddf_name_collision;ddf_rowcount_bad
KS00738,ddf_name_collision;ddf_rowcount_bad
KS00739,ddf_name_collision;ddf_rowcount_bad
KS00740,ddf_name_collision;ddf_rowcount_bad
KS00741,ddf_name_collision;ddf_rowcount_bad
KS00742,ddf_name_collision;ddf_rowcount_bad
KS00743,ddf_name_collision;ddf_rowcount_bad
KS00744,ddf_name_collision;ddf_rowcount_bad
KS00745,ddf_name_collision;ddf_rowcount_bad
KS00746,ddf_name_collision;ddf_rowcount_bad
KS00747,ddf_name_collision;ddf_rowcount_bad
KS00748,ddf_name_collision;ddf_rowcount_bad;tail_sensitivity_lost_name_collision
KS00749,ddf_name_collision;ddf_rowcount_bad
KS00751,ddf_name_collision;ddf_rowcount_bad;tail_sensitivity_lost_name_collision
KS00752,ddf_name_collision;ddf_rowcount_bad
KS00759,ddf_name_collision;ddf_rowcount_bad
KS00760,ddf_name_collision;ddf_rowcount_bad
KS00761,ddf_name_collision;ddf_rowcount_bad
KS00762,ddf_name_collision;ddf_rowcount_bad
KS00763,ddf_name_collision;ddf_rowcount_bad;tail_sensitivity_lost_name_collision
KS00764,ddf_name_collision;ddf_rowcount_bad
KS00765,ddf_name_collision;ddf_rowcount_bad
KS00766,ddf_name_collision;ddf_rowcount_bad
KS00767,ddf_name_collision;ddf_rowcount_bad
KS00768,ddf_name_collision;ddf_rowcount_bad
KS00769,ddf_name_collision;ddf_rowcount_bad
KS00770,ddf_name_collision;ddf_rowcount_bad
KS00771,ddf_name_collision;ddf_rowcount_bad
KS00772,ddf_name_collision;ddf_rowcount_bad;tail_sensitivity_lost_name_collision
KS00774,ddf_name_collision;ddf_rowcount_bad
KS00775,ddf_name_collision;ddf_rowcount_bad
KS00776,ddf_name_collision;ddf_rowcount_bad
KS00777,ddf_name_collision;ddf_rowcount_bad
KS00778,ddf_name_collision;ddf_rowcount_bad
KS00779,ddf_name_collision;ddf_rowcount_bad
KS00780,ddf_name_collision;ddf_rowcount_bad
KS00781,ddf_name_collision;ddf_rowcount_bad;tail_sensitivity_lost_name_collision
KS00782,ddf_name_collision;ddf_rowcount_bad
KS00783,ddf_name_collision;ddf_rowcount_bad
KS00784,ddf_name_collision;ddf_rowcount_bad
KS00785,ddf_name_collision;ddf_rowcount_bad
KS00786,ddf_name_collision;ddf_rowcount_bad;tail_sensitivity_lost_name_collision
KS00787,ddf_name_collision;ddf_rowcount_bad
KS00788,ddf_name_collision;ddf_rowcount_bad
KS00791,ddf_name_collision;ddf_rowcount_bad
KS00793,ddf_name_collision;ddf_rowcount_bad
KS00795,ddf_name_collision;ddf_rowcount_bad
KS00796,ddf_name_collision;ddf_rowcount_bad
KS00797,ddf_name_collision;ddf_rowcount_bad
KS00798,ddf_name_collision;ddf_rowcount_bad
KS00799,ddf_name_collision;ddf_rowcount_bad
KS00800,ddf_name_collision;ddf_rowcount_bad
KS00801,ddf_name_collision;ddf_rowcount_bad
KS00804,ddf_name_collision;ddf_rowcount_bad
KS00806,ddf_name_collision;ddf_rowcount_bad
KS00807,ddf_name_collision;ddf_rowcount_bad
KS00808,ddf_name_collision;ddf_rowcount_bad
KS00809,ddf_name_collision;ddf_rowcount_bad
KS00811,ddf_name_collision;ddf_rowcount_bad
KS00812,ddf_name_collision;ddf_rowcount_bad
KS00813,ddf_name_collision;ddf_rowcount_bad
KS00814,ddf_name_collision;ddf_rowcount_bad
KS00815,ddf_name_collision;ddf_rowcount_bad
KS00816,ddf_name_collision;ddf_rowcount_bad
KS00817,ddf_name_collision;ddf_rowcount_bad
KS00819,ddf_name_collision;ddf_rowcount_bad
KS00820,ddf_name_collision;ddf_rowcount_bad;tail_sensitivity_lost_name_collision
KS00821,ddf_name_collision;ddf_rowcount_bad
KS00822,ddf_name_collision;ddf_rowcount_bad
KS00823,ddf_name_collision;ddf_rowcount_bad
KS00824,ddf_name_collision;ddf_rowcount_bad
KS00825,ddf_name_collision;ddf_rowcount_bad
KS00826,ddf_name_collision;ddf_rowcount_bad
KS00827,ddf_name_collision;ddf_rowcount_bad
KS00828,ddf_name_collision;ddf_rowcount_bad
KS00829,ddf_name_collision;ddf_rowcount_bad
KS00830,ddf_name_collision;ddf_rowcount_bad
KS00831,ddf_name_collision;ddf_rowcount_bad
KS00832,ddf_name_collision;ddf_rowcount_bad;tail_sensitivity_lost_name_collision
KS00833,ddf_name_collision;ddf_rowcount_bad
KS00834,ddf_name_collision;ddf_rowcount_bad
KS00835,ddf_name_collision;ddf_rowcount_bad;tail_sensitivity_lost_name_collision
KS00837,ddf_name_collision;ddf_rowcount_bad;tail_sensitivity_lost_name_collision
KS00838,ddf_name_collision;ddf_rowcount_bad
KS00839,ddf_name_collision;ddf_rowcount_bad
KS00840,ddf_name_collision;ddf_rowcount_bad
KS00842,ddf_name_collision;ddf_rowcount_bad
KS00844,ddf_name_collision;ddf_rowcount_bad
KS00846,ddf_name_collision;ddf_rowcount_bad
KS00848,ddf_name_collision;ddf_rowcount_bad
KS00850,ddf_name_collision;ddf_rowcount_bad
KS00851,ddf_name_collision;ddf_rowcount_bad
KS00852,ddf_name_collision;ddf_rowcount_bad
KS00853,ddf_name_collision;ddf_rowcount_bad
KS00854,ddf_name_collision;ddf_rowcount_bad
KS00855,ddf_name_collision;ddf_rowcount_bad
KS00857,ddf_name_collision;ddf_rowcount_bad
KS00858,ddf_name_collision;ddf_rowcount_bad
KS00859,ddf_name_collision;ddf_rowcount_bad;tail_sensitivity_lost_name_collision
KS00860,ddf_name_collision;ddf_rowcount_bad;tail_sensitivity_lost_name_collision
KS00861,ddf_name_collision;ddf_rowcount_bad;tail_sensitivity_lost_name_collision
KS00862,ddf_name_collision;ddf_rowcount_bad
KS00863,ddf_name_collision;ddf_rowcount_bad
KS00866,ddf_name_collision;ddf_rowcount_bad;tail_sensitivity_lost_name_collision
KS00868,ddf_name_collision;ddf_rowcount_bad;tail_sensitivity_lost_name_collision
KS00871,ddf_name_collision;ddf_rowcount_bad;tail_sensitivity_lost_name_collision
KS00877,ddf_name_collision;ddf_rowcount_bad
KS00878,ddf_name_collision;ddf_rowcount_bad;tail_sensitivity_lost_name_collision
KS00880,ddf_name_collision;ddf_rowcount_bad;tail_sensitivity_lost_name_collision
KS00881,ddf_name_collision;ddf_rowcount_bad;tail_sensitivity_lost_name_collision
KS00887,ddf_name_collision;ddf_rowcount_bad;tail_sensitivity_lost_name_collision
KS00893,ddf_name_collision;ddf_rowcount_bad;tail_sensitivity_lost_name_collision
KS00894,ddf_name_collision;tail_sensitivity_lost_name_collision
KS00901,ddf_name_collision;ddf_rowcount_bad
KS00902,ddf_name_collision;ddf_rowcount_bad
KS00903,ddf_name_collision;ddf_rowcount_bad
KS00904,ddf_name_collision;ddf_rowcount_bad
KS00905,ddf_name_collision;ddf_rowcount_bad
KS00907,ddf_name_collision;ddf_rowcount_bad
KS00908,ddf_name_collision;ddf_rowcount_bad
KS00909,ddf_name_collision;ddf_rowcount_bad
KS00910,ddf_name_collision;ddf_rowcount_bad
KS00911,ddf_name_collision;ddf_rowcount_bad
KS00912,ddf_name_collision;ddf_rowcount_bad
KS00913,ddf_name_collision;ddf_rowcount_bad
KS00914,ddf_name_collision;ddf_rowcount_bad
KS00915,ddf_name_collision;ddf_rowcount_bad
KS00916,ddf_name_collision;ddf_rowcount_bad
KS00917,ddf_name_collision;ddf_rowcount_bad
KS00918,ddf_name_collision;ddf_rowcount_bad
KS00919,ddf_name_collision;ddf_rowcount_bad
KS00920,ddf_name_collision;ddf_rowcount_bad
KS00923,ddf_name_collision;ddf_rowcount_bad
KS00924,ddf_name_collision;ddf_rowcount_bad
KS00925,ddf_name_collision;ddf_rowcount_bad
KS00926,ddf_name_collision;ddf_rowcount_bad
KS00927,ddf_name_collision;ddf_rowcount_bad
KS00928,ddf_name_collision;ddf_rowcount_bad
KS00929,ddf_name_collision;ddf_rowcount_bad
KS00930,ddf_name_collision;ddf_rowcount_bad
KS00931,ddf_name_collision;ddf_rowcount_bad
KS00932,ddf_name_collision;ddf_rowcount_bad
KS00933,ddf_name_collision;ddf_rowcount_bad
KS00934,ddf_name_collision;ddf_rowcount_bad
KS00935,ddf_name_collision;ddf_rowcount_bad
KS00936,ddf_name_collision;ddf_rowcount_bad
KS00937,ddf_name_collision;ddf_rowcount_bad
KS00938,ddf_name_collision;ddf_rowcount_bad
KS00939,ddf_name_collision;ddf_rowcount_bad
KS00941,ddf_name_collision;ddf_rowcount_bad
KS00942,ddf_name_collision;ddf_rowcount_bad
KS00943,ddf_name_collision;ddf_rowcount_bad
KS00944,ddf_name_collision;ddf_rowcount_bad
KS00945,ddf_name_collision;ddf_rowcount_bad
KS00946,ddf_name_collision;ddf_rowcount_bad
KS00947,ddf_name_collision;ddf_rowcount_bad
KS00948,ddf_name_collision;ddf_rowcount_bad
KS00949,ddf_name_collision;ddf_rowcount_bad
KS00950,ddf_name_collision;ddf_rowcount_bad
KS00951,ddf_name_collision;ddf_rowcount_bad
KS00952,ddf_name_collision;ddf_rowcount_bad
KS00953,ddf_name_collision;ddf_rowcount_bad
KS00954,ddf_name_collision;ddf_rowcount_bad
KS00955,ddf_name_collision;ddf_rowcount_bad
KS00956,ddf_name_collision;ddf_rowcount_bad
KS00957,ddf_name_collision;ddf_rowcount_bad
KS00958,ddf_name_collision;ddf_rowcount_bad
KS00959,ddf_name_collision;ddf_rowcount_bad
KS00960,ddf_name_collision;ddf_rowcount_bad
KS00961,ddf_name_collision;ddf_rowcount_bad
KS00962,ddf_name_collision;ddf_rowcount_bad
KS00963,ddf_name_collision;ddf_rowcount_bad
KS00964,ddf_name_collision;ddf_rowcount_bad
KS00965,ddf_name_collision;ddf_rowcount_bad
KS00966,ddf_name_collision;ddf_rowcount_bad
KS00967,ddf_name_collision;ddf_rowcount_bad
KS00970,ddf_name_collision;ddf_rowcount_bad
KS00971,ddf_name_collision;ddf_rowcount_bad
KS00972,ddf_name_collision;ddf_rowcount_bad
KS00973,ddf_name_collision;ddf_rowcount_bad
KS00974,ddf_name_collision;ddf_rowcount_bad
KS00975,ddf_name_collision;ddf_rowcount_bad
KS00976,ddf_name_collision;ddf_rowcount_bad
KS00977,ddf_name_collision;ddf_rowcount_bad
KS00978,ddf_name_collision;ddf_rowcount_bad
KS00979,ddf_name_collision;ddf_rowcount_bad
KS00980,ddf_name_collision;ddf_rowcount_bad
KS00981,ddf_name_collision;ddf_rowcount_bad
KS00982,ddf_name_collision;ddf_rowcount_bad
KS00983,ddf_name_collision;ddf_rowcount_bad
KS00984,ddf_name_collision;ddf_rowcount_bad
KS00985,ddf_name_collision;ddf_rowcount_bad
KS00987,ddf_name_collision;ddf_rowcount_bad
KS00988,ddf_name_collision;ddf_rowcount_bad;tail_sensitivity_lost_name_collision
KS00989,ddf_name_collision;ddf_rowcount_bad
KS00990,ddf_name_collision;ddf_rowcount_bad
KS00991,ddf_name_collision;ddf_rowcount_bad
KS00992,ddf_name_collision;ddf_rowcount_bad
KS00993,ddf_name_collision;ddf_rowcount_bad
KS00994,ddf_name_collision;ddf_rowcount_bad
KS00995,ddf_name_collision;ddf_rowcount_bad
KS00996,ddf_name_collision;ddf_rowcount_bad
KS00997,ddf_name_collision;ddf_rowcount_bad
KS00998,ddf_name_collision;ddf_rowcount_bad
KS00999,ddf_name_collision;ddf_rowcount_bad
KS01000,ddf_name_collision;ddf_rowcount_bad
KS01001,ddf_name_collision;ddf_rowcount_bad
KS01002,ddf_name_collision;ddf_rowcount_bad
KS01003,ddf_name_collision;ddf_rowcount_bad
KS01004,ddf_name_collision;ddf_rowcount_bad
KS01005,ddf_name_collision;ddf_rowcount_bad
KS01006,ddf_name_collision;ddf_rowcount_bad
KS01007,ddf_name_collision;ddf_rowcount_bad
KS01009,ddf_name_collision;ddf_rowcount_bad
KS01010,ddf_name_collision;ddf_rowcount_bad
KS01011,ddf_name_collision;ddf_rowcount_bad
KS01012,ddf_name_collision;ddf_rowcount_bad
KS01013,ddf_name_collision;ddf_rowcount_bad
KS01014,ddf_name_collision;ddf_rowcount_bad
KS01015,ddf_name_collision;ddf_rowcount_bad
KS01016,ddf_name_collision;ddf_rowcount_bad
KS01017,ddf_name_collision;ddf_rowcount_bad;tail_sensitivity_lost_name_collision
KS01018,ddf_name_collision;ddf_rowcount_bad
KS01019,ddf_name_collision;ddf_rowcount_bad
KS01020,ddf_name_collision;ddf_rowcount_bad
KS01021,ddf_name_collision;ddf_rowcount_bad
KS01022,ddf_name_collision;ddf_rowcount_bad
KS01023,ddf_name_collision;ddf_rowcount_bad
KS01024,ddf_name_collision;ddf_rowcount_bad
KS01025,ddf_name_collision;ddf_rowcount_bad
KS01026,ddf_name_collision;ddf_rowcount_bad
KS01027,ddf_name_collision;ddf_rowcount_bad
KS01028,ddf_name_collision;ddf_rowcount_bad
KS01029,ddf_name_collision;ddf_rowcount_bad
KS01030,ddf_name_collision;ddf_rowcount_bad
KS01031,ddf_name_collision;ddf_rowcount_bad
KS01032,ddf_name_collision;ddf_rowcount_bad
KS01034,ddf_name_collision;ddf_rowcount_bad
KS01035,ddf_name_collision;ddf_rowcount_bad
KS01036,ddf_name_collision;ddf_rowcount_bad
KS01037,ddf_name_collision;ddf_rowcount_bad
KS01038,ddf_name_collision;ddf_rowcount_bad
KS01039,ddf_name_collision;ddf_rowcount_bad
KS01040,ddf_name_collision;ddf_rowcount_bad
KS01041,ddf_name_collision;ddf_rowcount_bad
KS01042,ddf_name_collision;ddf_rowcount_bad
KS01043,ddf_name_collision;ddf_rowcount_bad
KS01044,ddf_name_collision;ddf_rowcount_bad
KS01045,ddf_name_collision;ddf_rowcount_bad
KS01046,ddf_name_collision;ddf_rowcount_bad
KS01048,ddf_name_collision;ddf_rowcount_bad
KS01049,ddf_name_collision;ddf_rowcount_bad
KS01050,ddf_name_collision;ddf_rowcount_bad
KS01051,ddf_name_collision;ddf_rowcount_bad
KS01052,ddf_name_collision;ddf_rowcount_bad
KS01053,ddf_name_collision;ddf_rowcount_bad
KS01054,ddf_name_collision;ddf_rowcount_bad
KS01055,ddf_name_collision;ddf_rowcount_bad
KS01056,ddf_name_collision;ddf_rowcount_bad
KS01057,ddf_name_collision;ddf_rowcount_bad;tail_sensitivity_lost_name_collision
KS01058,ddf_name_collision;ddf_rowcount_bad
KS01059,ddf_name_collision;ddf_rowcount_bad
KS01060,ddf_name_collision;ddf_rowcount_bad
KS01061,ddf_name_collision;ddf_rowcount_bad
KS01062,ddf_name_collision;ddf_rowcount_bad
KS01063,ddf_name_collision;ddf_rowcount_bad
KS01064,ddf_name_collision;ddf_rowcount_bad
KS01065,ddf_name_collision;ddf_rowcount_bad
KS01066,ddf_name_collision;ddf_rowcount_bad
KS01067,ddf_name_collision;ddf_rowcount_bad
KS01068,ddf_name_collision;ddf_rowcount_bad
KS01069,ddf_name_collision;ddf_rowcount_bad
KS01070,ddf_name_collision;ddf_rowcount_bad
KS01071,ddf_name_collision;ddf_rowcount_bad
KS01072,ddf_name_collision;ddf_rowcount_bad
KS01073,ddf_name_collision;ddf_rowcount_bad
KS01074,ddf_name_collision;ddf_rowcount_bad
KS01075,ddf_name_collision;ddf_rowcount_bad
KS01076,ddf_name_collision;ddf_rowcount_bad
KS01077,ddf_name_collision;ddf_rowcount_bad
KS01078,ddf_name_collision;ddf_rowcount_bad
KS01079,ddf_name_collision;ddf_rowcount_bad
KS01080,ddf_name_collision;ddf_rowcount_bad
KS01081,ddf_name_collision;ddf_rowcount_bad
KS01082,ddf_name_collision;ddf_rowcount_bad
KS01083,ddf_name_collision;ddf_rowcount_bad
KS01084,ddf_name_collision;ddf_rowcount_bad
KS01085,ddf_name_collision;ddf_rowcount_bad
KS01086,ddf_name_collision;ddf_rowcount_bad
KS01087,ddf_name_collision;ddf_rowcount_bad
KS01088,ddf_name_collision;ddf_rowcount_bad
KS01089,ddf_name_collision;ddf_rowcount_bad
KS01090,ddf_name_collision;ddf_rowcount_bad
KS01091,ddf_name_collision;ddf_rowcount_bad
KS01092,ddf_name_collision;ddf_rowcount_bad
KS01093,ddf_name_collision;ddf_rowcount_bad
KS01094,ddf_name_collision;ddf_rowcount_bad
KS01095,ddf_name_collision;ddf_rowcount_bad
KS01096,ddf_name_collision;ddf_rowcount_bad
KS01097,ddf_name_collision;ddf_rowcount_bad
KS01098,ddf_name_collision;ddf_rowcount_bad
KS01099,ddf_name_collision;ddf_rowcount_bad
KS01100,ddf_name_collision;ddf_rowcount_bad
KS01101,ddf_name_collision;ddf_rowcount_bad
KS01102,ddf_name_collision;ddf_rowcount_bad
KS01103,ddf_name_collision;ddf_rowcount_bad
KS01104,ddf_name_collision;ddf_rowcount_bad
KS01105,ddf_name_collision;ddf_rowcount_bad
KS01106,ddf_name_collision;ddf_rowcount_bad
KS01107,ddf_name_collision;ddf_rowcount_bad
KS01108,ddf_name_collision;ddf_rowcount_bad
KS01109,ddf_name_collision;ddf_rowcount_bad
KS01111,ddf_name_collision;ddf_rowcount_bad
KS01112,ddf_name_collision;ddf_rowcount_bad
KS01114,ddf_name_collision;ddf_rowcount_bad
KS01115,ddf_name_collision;ddf_rowcount_bad
KS01116,ddf_name_collision;ddf_rowcount_bad
KS01117,ddf_name_collision;ddf_rowcount_bad
KS01118,ddf_name_collision;ddf_rowcount_bad
KS01119,ddf_name_collision;ddf_rowcount_bad
KS01120,ddf_name_collision;ddf_rowcount_bad
KS01121,ddf_name_collision;ddf_rowcount_bad
KS01122,ddf_name_collision;ddf_rowcount_bad
KS01123,ddf_name_collision;ddf_rowcount_bad
KS01124,ddf_name_collision;ddf_rowcount_bad
KS01125,ddf_name_collision;ddf_rowcount_bad
KS01126,ddf_name_collision;ddf_rowcount_bad
KS01127,ddf_name_collision;tail_sensitivity_lost_name_collision
KS01129,ddf_name_collision;ddf_rowcount_bad
KS01130,ddf_name_collision;ddf_rowcount_bad
KS01132,ddf_name_collision;ddf_rowcount_bad
KS01133,ddf_name_collision;ddf_rowcount_bad
KS01134,ddf_name_collision;ddf_rowcount_bad
KS01136,ddf_name_collision;ddf_rowcount_bad
KS01137,ddf_name_collision;ddf_rowcount_bad
KS01138,ddf_name_collision;ddf_rowcount_bad
KS01139,ddf_name_collision;ddf_rowcount_bad
KS01140,ddf_name_collision;ddf_rowcount_bad
KS01141,ddf_name_collision;ddf_rowcount_bad
KS01142,ddf_name_collision;ddf_rowcount_bad
KS01143,ddf_name_collision;ddf_rowcount_bad
KS01144,ddf_name_collision;ddf_rowcount_bad
KS01145,ddf_name_collision;ddf_rowcount_bad
KS01146,ddf_name_collision;ddf_rowcount_bad
KS01147,ddf_name_collision;ddf_rowcount_bad
KS01148,ddf_name_collision;ddf_rowcount_bad
KS01149,ddf_name_collision;ddf_rowcount_bad
KS01151,ddf_name_collision;ddf_rowcount_bad
KS01152,ddf_name_collision;ddf_rowcount_bad
KS01153,ddf_name_collision;ddf_rowcount_bad
KS01154,ddf_name_collision;ddf_rowcount_bad
KS01155,ddf_name_collision;ddf_rowcount_bad
KS01156,ddf_name_collision;ddf_rowcount_bad
KS01158,ddf_name_collision;ddf_rowcount_bad
KS01166,ddf_name_collision;ddf_rowcount_bad
KS01167,ddf_name_collision;ddf_rowcount_bad
KS01170,ddf_name_collision;tail_sensitivity_lost_name_collision
KS01171,ddf_name_collision;ddf_rowcount_bad;tail_sensitivity_lost_name_collision
KS01172,ddf_name_collision;ddf_rowcount_bad
KS01173,ddf_name_collision;ddf_rowcount_bad
KS01175,ddf_name_collision;ddf_rowcount_bad
KS01176,ddf_name_collision;ddf_rowcount_bad
KS01177,ddf_name_collision;ddf_rowcount_bad
KS01178,ddf_name_collision;ddf_rowcount_bad
KS01179,ddf_name_collision;ddf_rowcount_bad
KS01180,ddf_name_collision;ddf_rowcount_bad
KS01181,ddf_name_collision;ddf_rowcount_bad
KS01182,ddf_name_collision;ddf_rowcount_bad
KS01185,ddf_name_collision;ddf_rowcount_bad
KS01186,ddf_name_collision;ddf_rowcount_bad
KS01187,ddf_name_collision;ddf_rowcount_bad;tail_sensitivity_lost_name_collision
KS01188,ddf_name_collision;ddf_rowcount_bad
KS01189,ddf_name_collision;ddf_rowcount_bad
KS01190,ddf_name_collision;ddf_rowcount_bad
KS01191,ddf_name_collision;ddf_rowcount_bad
KS01193,ddf_name_collision;ddf_rowcount_bad
KS01194,ddf_name_collision;ddf_rowcount_bad;tail_sensitivity_lost_name_collision
KS01195,ddf_name_collision;ddf_rowcount_bad;tail_sensitivity_lost_name_collision
KS01196,ddf_name_collision;ddf_rowcount_bad
KS01197,ddf_name_collision;ddf_rowcount_bad
KS01199,ddf_name_collision;ddf_rowcount_bad
KS01200,ddf_name_collision;ddf_rowcount_bad;tail_sensitivity_lost_name_collision
KS01201,ddf_name_collision;ddf_rowcount_bad
KS01202,ddf_name_collision;ddf_rowcount_bad
KS01204,ddf_name_collision;ddf_rowcount_bad
KS01205,ddf_name_collision;ddf_rowcount_bad
KS01206,ddf_name_collision;ddf_rowcount_bad
KS01207,ddf_name_collision;ddf_rowcount_bad
KS01208,ddf_name_collision;ddf_rowcount_bad
KS01209,ddf_name_collision;ddf_rowcount_bad
KS01210,ddf_name_collision;ddf_rowcount_bad
KS01211,ddf_name_collision;ddf_rowcount_bad
KS01212,ddf_name_collision;ddf_rowcount_bad
KS01213,ddf_name_collision;ddf_rowcount_bad
KS01214,ddf_name_collision;ddf_rowcount_bad
KS01215,ddf_name_collision;ddf_rowcount_bad
KS01216,ddf_name_collision;ddf_rowcount_bad
KS01218,ddf_name_collision;ddf_rowcount_bad
KS01219,ddf_name_collision;ddf_rowcount_bad
KS01220,ddf_name_collision;ddf_rowcount_bad
KS01221,ddf_name_collision;ddf_rowcount_bad
KS01222,ddf_name_collision;ddf_rowcount_bad
KS01223,ddf_name_collision;ddf_rowcount_bad
KS01224,ddf_name_collision;ddf_rowcount_bad
KS01225,ddf_name_collision;ddf_rowcount_bad
KS01227,ddf_name_collision;ddf_rowcount_bad
KS01228,ddf_name_collision;ddf_rowcount_bad;tail_sensitivity_lost_name_collision
KS01229,ddf_name_collision;ddf_rowcount_bad
KS01230,ddf_name_collision;ddf_rowcount_bad
KS01231,ddf_name_collision;ddf_rowcount_bad
KS01233,ddf_name_collision;ddf_rowcount_bad
KS01234,ddf_name_collision;ddf_rowcount_bad
KS01235,ddf_name_collision;ddf_rowcount_bad
KS01236,ddf_name_collision;ddf_rowcount_bad
KS01237,ddf_name_collision;ddf_rowcount_bad
KS01238,ddf_name_collision;ddf_rowcount_bad
KS01239,ddf_name_collision;ddf_rowcount_bad
KS01240,ddf_name_collision;ddf_rowcount_bad;tail_sensitivity_lost_name_collision
KS01241,ddf_name_collision;ddf_rowcount_bad
KS01249,ddf_name_collision;ddf_rowcount_bad
KS01250,ddf_name_collision;ddf_rowcount_bad
KS01252,ddf_name_collision;ddf_rowcount_bad
KS01255,ddf_name_collision;ddf_rowcount_bad
KS01257,ddf_name_collision;ddf_rowcount_bad
KS01258,ddf_name_collision;ddf_rowcount_bad
KS01259,ddf_name_collision;ddf_rowcount_bad
KS01260,ddf_name_collision;ddf_rowcount_bad
KS01261,ddf_name_collision;ddf_rowcount_bad
KS01262,ddf_name_collision;ddf_rowcount_bad
KS01263,ddf_name_collision;ddf_rowcount_bad
KS01264,ddf_name_collision;ddf_rowcount_bad
KS01265,ddf_name_collision;ddf_rowcount_bad
KS01266,ddf_name_collision;ddf_rowcount_bad
KS01267,ddf_name_collision;ddf_rowcount_bad
KS01268,ddf_name_collision;ddf_rowcount_bad
KS01269,ddf_name_collision;ddf_rowcount_bad
KS01270,ddf_name_collision;ddf_rowcount_bad
KS01271,ddf_name_collision;ddf_rowcount_bad
KS01272,ddf_name_collision;ddf_rowcount_bad
KS01273,ddf_name_collision;ddf_rowcount_bad
KS01274,ddf_name_collision;ddf_rowcount_bad
KS01275,ddf_name_collision;ddf_rowcount_bad
KS01276,ddf_name_collision;ddf_rowcount_bad
KS01277,ddf_name_collision;ddf_rowcount_bad
KS01278,ddf_name_collision;ddf_rowcount_bad
KS01279,ddf_name_collision;ddf_rowcount_bad
KS01280,ddf_name_collision;ddf_rowcount_bad
KS01282,ddf_name_collision;ddf_rowcount_bad
KS01283,ddf_name_collision;ddf_rowcount_bad
KS01287,ddf_name_collision;ddf_rowcount_bad
KS01288,ddf_name_collision;ddf_rowcount_bad
KS01289,ddf_name_collision;ddf_rowcount_bad;tail_sensitivity_lost_name_collision
KS01290,ddf_name_collision;ddf_rowcount_bad
KS01291,ddf_name_collision;ddf_rowcount_bad
KS01292,ddf_name_collision;ddf_rowcount_bad
KS01293,ddf_name_collision;ddf_rowcount_bad
KS01294,ddf_name_collision;ddf_rowcount_bad
KS01295,ddf_name_collision;ddf_rowcount_bad
KS01297,ddf_name_collision;ddf_rowcount_bad
KS01298,ddf_name_collision;ddf_rowcount_bad
KS01299,ddf_name_collision;ddf_rowcount_bad;tail_sensitivity_lost_name_collision
KS01301,ddf_name_collision;ddf_rowcount_bad
KS01302,ddf_name_collision;ddf_rowcount_bad
KS01303,ddf_name_collision;ddf_rowcount_bad
KS01304,ddf_name_collision;ddf_rowcount_bad
KS01308,ddf_name_collision;ddf_rowcount_bad
KS01309,ddf_name_collision;ddf_rowcount_bad
KS01311,ddf_name_collision;ddf_rowcount_bad
KS01312,ddf_name_collision;ddf_rowcount_bad
KS01313,ddf_name_collision;ddf_rowcount_bad
KS01314,ddf_name_collision;ddf_rowcount_bad;tail_sensitivity_lost_name_collision
KS01315,ddf_name_collision;ddf_rowcount_bad
KS01316,ddf_name_collision;ddf_rowcount_bad
KS01317,ddf_name_collision;ddf_rowcount_bad
KS01318,ddf_name_collision;ddf_rowcount_bad
KS01319,ddf_name_collision;ddf_rowcount_bad;tail_sensitivity_lost_name_collision
KS01320,ddf_name_collision;ddf_rowcount_bad
KS01321,ddf_name_collision;ddf_rowcount_bad
KS01322,ddf_name_collision;ddf_rowcount_bad
KS01323,ddf_name_collision;ddf_rowcount_bad
KS01324,ddf_name_collision;ddf_rowcount_bad
KS01325,ddf_name_collision;ddf_rowcount_bad
KS01326,ddf_name_collision;ddf_rowcount_bad
KS01333,ddf_name_collision;ddf_rowcount_bad
KS01336,ddf_name_collision;ddf_rowcount_bad;tail_sensitivity_lost_name_collision
KS01337,ddf_name_collision;ddf_rowcount_bad
KS01338,ddf_name_collision;ddf_rowcount_bad;tail_sensitivity_lost_name_collision
KS01341,ddf_name_collision;ddf_rowcount_bad
KS01342,ddf_name_collision;ddf_rowcount_bad
KS01343,ddf_name_collision;ddf_rowcount_bad
KS01344,ddf_name_collision;ddf_rowcount_bad
KS01345,ddf_name_collision;ddf_rowcount_bad
KS01346,ddf_name_collision;ddf_rowcount_bad
KS01347,ddf_name_collision;ddf_rowcount_bad
KS01348,ddf_name_collision;ddf_rowcount_bad
KS01349,ddf_name_collision;ddf_rowcount_bad;tail_sensitivity_lost_name_collision
KS01350,ddf_name_collision;ddf_rowcount_bad
KS01351,ddf_name_collision;ddf_rowcount_bad
KS01352,ddf_name_collision;ddf_rowcount_bad
KS01353,ddf_name_collision;ddf_rowcount_bad
KS01354,ddf_name_collision;ddf_rowcount_bad
KS01355,ddf_name_collision;ddf_rowcount_bad
KS01356,ddf_name_collision;ddf_rowcount_bad
KS01357,ddf_name_collision;ddf_rowcount_bad
KS01358,ddf_name_collision;ddf_rowcount_bad
KS01360,ddf_name_collision;ddf_rowcount_bad
KS01361,ddf_name_collision;ddf_rowcount_bad
KS01362,ddf_name_collision;ddf_rowcount_bad
KS01363,ddf_name_collision;ddf_rowcount_bad
KS01364,ddf_name_collision;ddf_rowcount_bad
KS01365,ddf_name_collision;ddf_rowcount_bad
KS01366,ddf_name_collision;ddf_rowcount_bad
KS01367,ddf_name_collision;ddf_rowcount_bad;tail_sensitivity_lost_name_collision
KS01368,ddf_name_collision;ddf_rowcount_bad
KS01369,ddf_name_collision;ddf_rowcount_bad
KS01370,ddf_name_collision;ddf_rowcount_bad;tail_sensitivity_lost_name_collision
KS01371,ddf_name_collision;ddf_rowcount_bad
KS01372,ddf_name_collision;ddf_rowcount_bad
KS01374,ddf_name_collision;ddf_rowcount_bad
KS01375,ddf_name_collision;ddf_rowcount_bad;tail_sensitivity_lost_name_collision
KS01376,ddf_name_collision;ddf_rowcount_bad;tail_sensitivity_lost_name_collision
KS01377,ddf_name_collision;ddf_rowcount_bad
KS01378,ddf_name_collision;ddf_rowcount_bad
KS01385,ddf_name_collision;ddf_rowcount_bad
KS01386,ddf_name_collision;ddf_rowcount_bad
KS01387,ddf_name_collision;ddf_rowcount_bad
KS01389,ddf_name_collision;ddf_rowcount_bad
KS01390,ddf_name_collision;ddf_rowcount_bad
KS01394,ddf_name_collision;ddf_rowcount_bad
KS01395,ddf_name_collision;ddf_rowcount_bad
KS01396,ddf_name_collision;ddf_rowcount_bad
KS01398,ddf_name_collision;ddf_rowcount_bad
KS01399,ddf_name_collision;ddf_rowcount_bad
KS01400,ddf_name_collision;ddf_rowcount_bad
KS01401,ddf_name_collision;ddf_rowcount_bad
KS01402,ddf_name_collision;ddf_rowcount_bad
KS01403,ddf_name_collision;ddf_rowcount_bad
KS01404,ddf_name_collision;ddf_rowcount_bad
KS01405,ddf_name_collision;ddf_rowcount_bad
KS01406,ddf_name_collision;ddf_rowcount_bad
KS01407,ddf_name_collision;ddf_rowcount_bad
KS01408,ddf_name_collision;ddf_rowcount_bad
KS01409,ddf_name_collision;ddf_rowcount_bad
KS01410,ddf_name_collision;ddf_rowcount_bad
KS01411,ddf_name_collision;ddf_rowcount_bad
KS01412,ddf_name_collision;ddf_rowcount_bad
KS01414,ddf_name_collision;ddf_rowcount_bad
KS01415,ddf_name_collision;ddf_rowcount_bad
KS01416,ddf_name_collision;ddf_rowcount_bad
KS01418,ddf_name_collision;ddf_rowcount_bad
KS01419,ddf_name_collision;ddf_rowcount_bad
KS01420,ddf_name_collision;ddf_rowcount_bad
KS01421,ddf_name_collision;ddf_rowcount_bad
KS01422,ddf_name_collision;ddf_rowcount_bad
KS01423,ddf_name_collision;ddf_rowcount_bad
KS01424,ddf_name_collision;ddf_rowcount_bad
KS01425,ddf_name_collision;ddf_rowcount_bad
KS01426,ddf_name_collision;ddf_rowcount_bad
KS01427,ddf_name_collision;ddf_rowcount_bad
KS01428,ddf_name_collision;ddf_rowcount_bad
KS01429,ddf_name_collision;ddf_rowcount_bad
KS01430,ddf_name_collision;ddf_rowcount_bad
KS01431,ddf_name_collision;ddf_rowcount_bad
KS01433,ddf_name_collision;ddf_rowcount_bad
KS01440,ddf_name_collision;ddf_rowcount_bad
KS01441,ddf_name_collision;ddf_rowcount_bad
KS01442,ddf_name_collision;ddf_rowcount_bad
KS01443,ddf_name_collision;ddf_rowcount_bad
KS01445,ddf_name_collision;ddf_rowcount_bad
KS01447,ddf_name_collision;ddf_rowcount_bad;tail_sensitivity_lost_name_collision
KS01448,ddf_name_collision;ddf_rowcount_bad
KS01449,ddf_name_collision;ddf_rowcount_bad
KS01451,ddf_name_collision;ddf_rowcount_bad
KS01452,ddf_name_collision;ddf_rowcount_bad
KS01453,ddf_name_collision;ddf_rowcount_bad
KS01454,ddf_name_collision;ddf_rowcount_bad
KS01455,ddf_name_collision;ddf_rowcount_bad
KS01456,ddf_name_collision;ddf_rowcount_bad
KS01457,ddf_name_collision;ddf_rowcount_bad
KS01458,ddf_name_collision;ddf_rowcount_bad
KS01459,ddf_name_collision;ddf_rowcount_bad
KS01460,ddf_name_collision;ddf_rowcount_bad
KS01461,ddf_name_collision;ddf_rowcount_bad
KS01462,ddf_name_collision;ddf_rowcount_bad
KS01463,ddf_name_collision;ddf_rowcount_bad
KS01464,ddf_name_collision;ddf_rowcount_bad
KS01465,ddf_name_collision;ddf_rowcount_bad
KS01466,ddf_name_collision;ddf_rowcount_bad
KS01467,ddf_name_collision;ddf_rowcount_bad
KS01468,ddf_name_collision;ddf_rowcount_bad
KS01469,ddf_name_collision;ddf_rowcount_bad
KS01470,ddf_name_collision;ddf_rowcount_bad
KS01471,ddf_name_collision;ddf_rowcount_bad
KS01472,ddf_name_collision;ddf_rowcount_bad
KS01473,ddf_name_collision;ddf_rowcount_bad
KS01474,ddf_name_collision;ddf_rowcount_bad
KS01475,ddf_name_collision;ddf_rowcount_bad
KS01476,ddf_name_collision;ddf_rowcount_bad
KS01477,ddf_name_collision;ddf_rowcount_bad
KS01478,ddf_name_collision;ddf_rowcount_bad
KS01479,ddf_name_collision;ddf_rowcount_bad
KS01481,ddf_name_collision;ddf_rowcount_bad
KS01484,ddf_name_collision;ddf_rowcount_bad
KS01485,ddf_name_collision;ddf_rowcount_bad
KS01486,ddf_name_collision;ddf_rowcount_bad
KS01487,ddf_name_collision;ddf_rowcount_bad
KS01489,ddf_name_collision;ddf_rowcount_bad
KS01490,ddf_name_collision;ddf_rowcount_bad
KS01491,ddf_name_collision;ddf_rowcount_bad
KS01492,ddf_name_collision;ddf_rowcount_bad
KS01493,ddf_name_collision;ddf_rowcount_bad
KS01494,ddf_name_collision;ddf_rowcount_bad
KS01495,ddf_name_collision;ddf_rowcount_bad
KS01496,ddf_name_collision;ddf_rowcount_bad
KS01497,ddf_name_collision;ddf_rowcount_bad
KS01498,ddf_name_collision;ddf_rowcount_bad
KS01500,ddf_name_collision;ddf_rowcount_bad
KS01501,ddf_name_collision;ddf_rowcount_bad
KS01502,ddf_name_collision;ddf_rowcount_bad
KS01504,ddf_name_collision;ddf_rowcount_bad
KS01505,ddf_name_collision;ddf_rowcount_bad
KS01506,ddf_name_collision;ddf_rowcount_bad
KS01507,ddf_name_collision;ddf_rowcount_bad
KS01508,ddf_name_collision;ddf_rowcount_bad
KS01509,ddf_name_collision;ddf_rowcount_bad
KS01510,ddf_name_collision;ddf_rowcount_bad
KS01511,ddf_name_collision;ddf_rowcount_bad
KS01512,ddf_name_collision;ddf_rowcount_bad
KS01513,ddf_name_collision;ddf_rowcount_bad
KS01514,ddf_name_collision;ddf_rowcount_bad
KS01515,ddf_name_collision;ddf_rowcount_bad
KS01516,ddf_name_collision;ddf_rowcount_bad
KS01518,ddf_name_collision;ddf_rowcount_bad
KS01519,ddf_name_collision;ddf_rowcount_bad
KS01520,ddf_name_collision;ddf_rowcount_bad
KS01521,ddf_name_collision;ddf_rowcount_bad
KS01522,ddf_name_collision;ddf_rowcount_bad
KS01523,ddf_name_collision;ddf_rowcount_bad
KS01524,ddf_name_collision;ddf_rowcount_bad
KS01525,ddf_name_collision;ddf_rowcount_bad
KS01526,ddf_name_collision;ddf_rowcount_bad
KS01527,ddf_name_collision;ddf_rowcount_bad
KS01528,ddf_name_collision;ddf_rowcount_bad
KS01529,ddf_name_collision;ddf_rowcount_bad
KS01530,ddf_name_collision;ddf_rowcount_bad
KS01531,ddf_name_collision;ddf_rowcount_bad
KS01532,ddf_name_collision;ddf_rowcount_bad
KS01533,ddf_name_collision;ddf_rowcount_bad
KS01534,ddf_name_collision;ddf_rowcount_bad
KS01536,ddf_name_collision;ddf_rowcount_bad
KS01537,ddf_name_collision;ddf_rowcount_bad
KS01538,ddf_name_collision;ddf_rowcount_bad
KS01539,ddf_name_collision;ddf_rowcount_bad
KS01540,ddf_name_collision;ddf_rowcount_bad
KS01541,ddf_name_collision;ddf_rowcount_bad
KS01542,ddf_name_collision;ddf_rowcount_bad
KS01543,ddf_name_collision;ddf_rowcount_bad
KS01544,ddf_name_collision;ddf_rowcount_bad
KS01545,ddf_name_collision;ddf_rowcount_bad
KS01546,ddf_name_collision;ddf_rowcount_bad
KS01549,ddf_name_collision;ddf_rowcount_bad;tail_sensitivity_lost_name_collision
KS01550,ddf_name_collision;ddf_rowcount_bad;tail_sensitivity_lost_name_collision
KS01553,ddf_name_collision;ddf_rowcount_bad
KS01556,ddf_name_collision;ddf_rowcount_bad
KS01559,ddf_name_collision;ddf_rowcount_bad
KS01561,ddf_name_collision;ddf_rowcount_bad
KS01562,ddf_name_collision;ddf_rowcount_bad
KS01565,ddf_name_collision;ddf_rowcount_bad
KS01566,ddf_name_collision;ddf_rowcount_bad
KS01567,ddf_name_collision;ddf_rowcount_bad;tail_sensitivity_lost_name_collision
KS01568,ddf_name_collision;ddf_rowcount_bad
KS01574,ddf_name_collision;ddf_rowcount_bad
KS01575,ddf_name_collision;ddf_rowcount_bad
KS01576,ddf_name_collision;ddf_rowcount_bad
KS01577,ddf_name_collision;ddf_rowcount_bad
KS01578,ddf_name_collision;ddf_rowcount_bad
KS01579,ddf_name_collision;ddf_rowcount_bad
KS01580,ddf_name_collision;ddf_rowcount_bad
KS01581,ddf_name_collision;ddf_rowcount_bad;tail_sensitivity_lost_name_collision
KS01582,ddf_name_collision;ddf_rowcount_bad
KS01586,ddf_name_collision;ddf_rowcount_bad
KS01592,ddf_name_collision;ddf_rowcount_bad
KS01594,ddf_name_collision;ddf_rowcount_bad
KS01595,ddf_name_collision;ddf_rowcount_bad;tail_sensitivity_lost_name_collision
KS01596,ddf_name_collision;ddf_rowcount_bad
KS01600,ddf_name_collision;ddf_rowcount_bad
KS01601,ddf_name_collision;ddf_rowcount_bad
KS01603,ddf_name_collision;ddf_rowcount_bad
KS01605,ddf_name_collision;ddf_rowcount_bad
KS01607,ddf_name_collision;ddf_rowcount_bad
KS01609,ddf_name_collision;ddf_rowcount_bad
KS01611,ddf_name_collision;ddf_rowcount_bad
KS01612,ddf_name_collision;ddf_rowcount_bad
KS01613,ddf_name_collision;ddf_rowcount_bad
KS01614,ddf_name_collision;ddf_rowcount_bad
KS01615,ddf_name_collision;ddf_rowcount_bad
KS01616,ddf_name_collision;ddf_rowcount_bad
KS01617,ddf_name_collision;ddf_rowcount_bad;tail_sensitivity_lost_name_collision
KS01619,ddf_name_collision;ddf_rowcount_bad
KS01620,ddf_name_collision;ddf_rowcount_bad
KS01621,ddf_name_collision;ddf_rowcount_bad
KS01622,ddf_name_collision;ddf_rowcount_bad
KS01625,ddf_name_collision;ddf_rowcount_bad
KS01626,ddf_name_collision;ddf_rowcount_bad
KS01627,ddf_name_collision;ddf_rowcount_bad
KS01628,ddf_name_collision;ddf_rowcount_bad
KS01629,ddf_name_collision;ddf_rowcount_bad
KS01630,ddf_name_collision;ddf_rowcount_bad
KS01631,ddf_name_collision;ddf_rowcount_bad
KS01632,ddf_name_collision;ddf_rowcount_bad
KS01633,ddf_name_collision;ddf_rowcount_bad
KS01634,ddf_name_collision;ddf_rowcount_bad;tail_sensitivity_lost_name_collision
KS01635,ddf_name_collision;ddf_rowcount_bad
KS01636,ddf_name_collision;ddf_rowcount_bad
KS01637,ddf_name_collision;ddf_rowcount_bad
KS01638,ddf_name_collision;ddf_rowcount_bad
KS01639,ddf_name_collision;ddf_rowcount_bad
KS01640,ddf_name_collision;ddf_rowcount_bad
KS01641,ddf_name_collision;ddf_rowcount_bad
KS01642,ddf_name_collision;ddf_rowcount_bad
KS01643,ddf_name_collision;ddf_rowcount_bad
KS01644,ddf_name_collision;ddf_rowcount_bad
KS01645,ddf_name_collision;ddf_rowcount_bad;tail_sensitivity_lost_name_collision
KS01646,ddf_name_collision;ddf_rowcount_bad
KS01647,ddf_name_collision;ddf_rowcount_bad
KS01648,ddf_name_collision;ddf_rowcount_bad
KS01650,ddf_name_collision;ddf_rowcount_bad
KS01651,ddf_name_collision;ddf_rowcount_bad
KS01652,ddf_name_collision;ddf_rowcount_bad
KS01653,ddf_name_collision;ddf_rowcount_bad
KS01654,ddf_name_collision;ddf_rowcount_bad
KS01655,ddf_name_collision;ddf_rowcount_bad;tail_sensitivity_lost_name_collision
KS01656,ddf_name_collision;ddf_rowcount_bad
KS01657,ddf_name_collision;ddf_rowcount_bad
KS01658,ddf_name_collision;ddf_rowcount_bad
KS01659,ddf_name_collision;ddf_rowcount_bad
KS01660,ddf_name_collision;ddf_rowcount_bad
KS01661,ddf_name_collision;ddf_rowcount_bad;tail_sensitivity_lost_name_collision
KS01662,ddf_name_collision;ddf_rowcount_bad
KS01663,ddf_name_collision;ddf_rowcount_bad
KS01664,ddf_name_collision;ddf_rowcount_bad
KS01665,ddf_name_collision;ddf_rowcount_bad
KS01666,ddf_name_collision;ddf_rowcount_bad
KS01667,ddf_name_collision;ddf_rowcount_bad;tail_sensitivity_lost_name_collision
KS01668,ddf_name_collision;ddf_rowcount_bad;tail_sensitivity_lost_name_collision
KS01669,ddf_name_collision;ddf_rowcount_bad
KS01670,ddf_name_collision;ddf_rowcount_bad
KS01671,ddf_name_collision;ddf_rowcount_bad
KS01672,ddf_name_collision;ddf_rowcount_bad
KS01673,ddf_name_collision;ddf_rowcount_bad
KS01674,ddf_name_collision;ddf_rowcount_bad
KS01675,ddf_name_collision;ddf_rowcount_bad
KS01676,ddf_name_collision;ddf_rowcount_bad
KS01677,ddf_name_collision;ddf_rowcount_bad
KS01678,ddf_name_collision;ddf_rowcount_bad
KS01679,ddf_name_collision;ddf_rowcount_bad
KS01680,ddf_name_collision;ddf_rowcount_bad;tail_sensitivity_lost_name_collision
KS01681,ddf_name_collision;ddf_rowcount_bad
KS01682,ddf_name_collision;ddf_rowcount_bad
KS01683,ddf_name_collision;ddf_rowcount_bad
KS01684,ddf_name_collision;ddf_rowcount_bad
KS01685,ddf_name_collision;ddf_rowcount_bad;tail_sensitivity_lost_name_collision
KS01686,ddf_name_collision;ddf_rowcount_bad
KS01687,ddf_name_collision;ddf_rowcount_bad
KS01688,ddf_name_collision;ddf_rowcount_bad;tail_sensitivity_lost_name_collision
KS01689,ddf_name_collision;ddf_rowcount_bad
KS01690,ddf_name_collision;ddf_rowcount_bad
KS01691,ddf_name_collision;ddf_rowcount_bad
KS01692,ddf_name_collision;ddf_rowcount_bad
KS01693,ddf_name_collision;ddf_rowcount_bad
KS01695,ddf_name_collision;ddf_rowcount_bad
KS01696,ddf_name_collision;ddf_rowcount_bad;tail_sensitivity_lost_name_collision
KS01697,ddf_name_collision;ddf_rowcount_bad
KS01698,ddf_name_collision;ddf_rowcount_bad
KS01699,ddf_name_collision;ddf_rowcount_bad;tail_sensitivity_lost_name_collision
KS01700,ddf_name_collision;ddf_rowcount_bad
KS01701,ddf_name_collision;ddf_rowcount_bad;tail_sensitivity_lost_name_collision
KS01702,ddf_name_collision;ddf_rowcount_bad
KS01703,ddf_name_collision;ddf_rowcount_bad
KS01706,ddf_name_collision;ddf_rowcount_bad
KS01708,ddf_name_collision;ddf_rowcount_bad
KS01710,ddf_name_collision;ddf_rowcount_bad
KS01711,ddf_name_collision;ddf_rowcount_bad
KS01715,ddf_name_collision;ddf_rowcount_bad;tail_sensitivity_lost_name_collision
KS01719,ddf_name_collision;ddf_rowcount_bad
KS01720,ddf_name_collision;ddf_rowcount_bad
KS01721,ddf_name_collision;ddf_rowcount_bad
KS01722,ddf_name_collision;ddf_rowcount_bad
KS01723,ddf_name_collision;ddf_rowcount_bad
KS01724,ddf_name_collision;ddf_rowcount_bad;tail_sensitivity_lost_name_collision
KS01725,ddf_name_collision;ddf_rowcount_bad
KS01726,ddf_name_collision;ddf_rowcount_bad;tail_sensitivity_lost_name_collision
KS01727,ddf_name_collision;ddf_rowcount_bad
KS01728,ddf_name_collision;ddf_rowcount_bad;tail_sensitivity_lost_name_collision
KS01730,ddf_name_collision;ddf_rowcount_bad
KS01731,ddf_name_collision;ddf_rowcount_bad
KS01732,ddf_name_collision;ddf_rowcount_bad
KS01733,ddf_name_collision;ddf_rowcount_bad
KS01734,ddf_name_collision;ddf_rowcount_bad
KS01735,ddf_name_collision;ddf_rowcount_bad
KS01736,ddf_name_collision;ddf_rowcount_bad
KS01737,ddf_name_collision;ddf_rowcount_bad
KS01738,ddf_name_collision;ddf_rowcount_bad
KS01739,ddf_name_collision;ddf_rowcount_bad
KS01740,ddf_name_collision;ddf_rowcount_bad
KS01741,ddf_name_collision;ddf_rowcount_bad
KS01742,ddf_name_collision;ddf_rowcount_bad
KS01743,ddf_name_collision;ddf_rowcount_bad
KS01744,ddf_name_collision;ddf_rowcount_bad
KS01745,ddf_name_collision;ddf_rowcount_bad
KS01746,ddf_name_collision;ddf_rowcount_bad
KS01747,ddf_name_collision;ddf_rowcount_bad
KS01748,ddf_name_collision;ddf_rowcount_bad
KS01750,ddf_name_collision;ddf_rowcount_bad
KS01751,ddf_name_collision;ddf_rowcount_bad
KS01752,ddf_name_collision;ddf_rowcount_bad;tail_sensitivity_lost_name_collision
KS01753,ddf_name_collision;ddf_rowcount_bad;tail_sensitivity_lost_name_collision
KS01754,ddf_name_collision;ddf_rowcount_bad;tail_sensitivity_lost_name_collision
KS01755,ddf_name_collision;ddf_rowcount_bad
KS01756,ddf_name_collision;ddf_rowcount_bad
KS01757,ddf_name_collision;ddf_rowcount_bad
KS01758,ddf_name_collision;ddf_rowcount_bad
KS01759,ddf_name_collision;ddf_rowcount_bad
KS01760,ddf_name_collision;ddf_rowcount_bad
KS01761,ddf_name_collision;ddf_rowcount_bad
KS01762,ddf_name_collision;ddf_rowcount_bad
KS01763,ddf_name_collision;ddf_rowcount_bad
KS01764,ddf_name_collision;ddf_rowcount_bad
KS01765,ddf_name_collision;ddf_rowcount_bad
KS01766,ddf_name_collision;ddf_rowcount_bad
KS01767,ddf_name_collision;ddf_rowcount_bad
KS01768,ddf_name_collision;ddf_rowcount_bad
KS01769,ddf_name_collision;ddf_rowcount_bad
KS01770,ddf_name_collision;ddf_rowcount_bad
KS01771,ddf_name_collision;ddf_rowcount_bad
KS01773,ddf_name_collision;ddf_rowcount_bad
KS01774,ddf_name_collision;ddf_rowcount_bad
KS01775,ddf_name_collision;ddf_rowcount_bad
KS01776,ddf_name_collision;ddf_rowcount_bad
KS01777,ddf_name_collision;ddf_rowcount_bad
KS01779,ddf_name_collision;ddf_rowcount_bad
KS01780,ddf_name_collision;ddf_rowcount_bad
KS01782,ddf_name_collision;ddf_rowcount_bad
KS01783,ddf_name_collision;ddf_rowcount_bad;tail_sensitivity_lost_name_collision
KS01787,ddf_name_collision
KS01790,ddf_name_collision;ddf_rowcount_bad
KS01791,ddf_name_collision;ddf_rowcount_bad
KS01792,ddf_name_collision;ddf_rowcount_bad
KS01793,ddf_name_collision;ddf_rowcount_bad
KS01794,ddf_name_collision;ddf_rowcount_bad
KS01795,ddf_name_collision;ddf_rowcount_bad
KS01796,ddf_name_collision;ddf_rowcount_bad
KS01797,ddf_name_collision;ddf_rowcount_bad
KS01799,ddf_name_collision;ddf_rowcount_bad
KS01800,ddf_name_collision;ddf_rowcount_bad
KS01801,ddf_name_collision;ddf_rowcount_bad
KS01802,ddf_name_collision;ddf_rowcount_bad
KS01803,ddf_name_collision;ddf_rowcount_bad;tail_sensitivity_lost_name_collision
KS01806,ddf_name_collision;ddf_rowcount_bad
KS01807,ddf_name_collision;ddf_rowcount_bad;tail_sensitivity_lost_name_collision
KS01808,ddf_name_collision;ddf_rowcount_bad
KS01809,ddf_name_collision;ddf_rowcount_bad
KS01810,ddf_name_collision;ddf_rowcount_bad
KS01811,ddf_name_collision;ddf_rowcount_bad
KS01812,ddf_name_collision;ddf_rowcount_bad
KS01813,ddf_name_collision;ddf_rowcount_bad
KS01814,ddf_name_collision;ddf_rowcount_bad
KS01815,ddf_name_collision;ddf_rowcount_bad
KS01816,ddf_name_collision;ddf_rowcount_bad
KS01817,ddf_name_collision;ddf_rowcount_bad
KS01818,ddf_name_collision;ddf_rowcount_bad
KS01819,ddf_name_collision;ddf_rowcount_bad
KS01822,ddf_name_collision;ddf_rowcount_bad
KS01826,ddf_name_collision;ddf_rowcount_bad
KS01827,ddf_name_collision;ddf_rowcount_bad
KS01828,ddf_name_collision;ddf_rowcount_bad
KS01829,ddf_name_collision;ddf_rowcount_bad
KS01832,ddf_name_collision;ddf_rowcount_bad
KS01833,ddf_name_collision;ddf_rowcount_bad
KS01834,ddf_name_collision;ddf_rowcount_bad
KS01835,ddf_name_collision;ddf_rowcount_bad
KS01836,ddf_name_collision;ddf_rowcount_bad
KS01837,ddf_name_collision;ddf_rowcount_bad
KS01838,ddf_name_collision;ddf_rowcount_bad
KS01839,ddf_name_collision;ddf_rowcount_bad
KS01840,ddf_name_collision;ddf_rowcount_bad;tail_sensitivity_lost_name_collision
KS01842,ddf_name_collision;ddf_rowcount_bad
KS01845,ddf_name_collision;ddf_rowcount_bad
KS01849,ddf_name_collision;ddf_rowcount_bad
KS01850,ddf_name_collision;ddf_rowcount_bad
KS01851,ddf_name_collision;ddf_rowcount_bad
KS01853,ddf_name_collision;ddf_rowcount_bad
KS01854,ddf_name_collision;ddf_rowcount_bad
KS01855,ddf_name_collision;ddf_rowcount_bad
KS01856,ddf_name_collision;ddf_rowcount_bad
KS01857,ddf_name_collision;ddf_rowcount_bad
KS01858,ddf_name_collision;ddf_rowcount_bad
KS01859,ddf_name_collision;ddf_rowcount_bad
KS01860,ddf_name_collision;ddf_rowcount_bad
KS01861,ddf_name_collision;ddf_rowcount_bad
KS01863,ddf_name_collision;ddf_rowcount_bad
KS01864,ddf_name_collision;ddf_rowcount_bad
KS01865,ddf_name_collision;ddf_rowcount_bad
KS01866,ddf_name_collision;ddf_rowcount_bad;tail_sensitivity_lost_name_collision
KS01867,ddf_name_collision;ddf_rowcount_bad
KS01868,ddf_name_collision;ddf_rowcount_bad
KS01869,ddf_name_collision;ddf_rowcount_bad
KS01870,ddf_name_collision;ddf_rowcount_bad
KS01871,ddf_name_collision;ddf_rowcount_bad
KS01872,ddf_name_collision;ddf_rowcount_bad
KS01873,ddf_name_collision;ddf_rowcount_bad
KS01874,ddf_name_collision;ddf_rowcount_bad
KS01875,ddf_name_collision;ddf_rowcount_bad;tail_sensitivity_lost_name_collision
KS01876,ddf_name_collision;ddf_rowcount_bad;tail_sensitivity_lost_name_collision
KS01877,ddf_name_collision;ddf_rowcount_bad
KS01878,ddf_name_collision;ddf_rowcount_bad
KS01879,ddf_name_collision;ddf_rowcount_bad
KS01880,ddf_name_collision;ddf_rowcount_bad
KS01881,ddf_name_collision;ddf_rowcount_bad;tail_sensitivity_lost_name_collision
KS01882,ddf_name_collision;ddf_rowcount_bad;tail_sensitivity_lost_name_collision
KS01883,ddf_name_collision;ddf_rowcount_bad
KS01889,ddf_name_collision;ddf_rowcount_bad
KS01891,ddf_name_collision;ddf_rowcount_bad
KS01892,ddf_name_collision;ddf_rowcount_bad
KS01898,ddf_name_collision;ddf_rowcount_bad
KS01899,ddf_name_collision;ddf_rowcount_bad
KS01904,ddf_name_collision;ddf_rowcount_bad
KS01905,ddf_name_collision;ddf_rowcount_bad
KS01906,ddf_name_collision;ddf_rowcount_bad
KS01908,ddf_name_collision;ddf_rowcount_bad
KS01909,ddf_name_collision;ddf_rowcount_bad
KS01910,ddf_name_collision;ddf_rowcount_bad
KS01911,ddf_name_collision;ddf_rowcount_bad
KS01913,ddf_name_collision;ddf_rowcount_bad
KS01914,ddf_name_collision;ddf_rowcount_bad
KS01915,ddf_name_collision;ddf_rowcount_bad
KS01916,ddf_name_collision;ddf_rowcount_bad
KS01917,ddf_name_collision;ddf_rowcount_bad
KS01918,ddf_name_collision;ddf_rowcount_bad
KS01919,ddf_name_collision;ddf_rowcount_bad
KS01920,ddf_name_collision;ddf_rowcount_bad
KS01921,ddf_name_collision;ddf_rowcount_bad
KS01922,ddf_name_collision;ddf_rowcount_bad
KS01923,ddf_name_collision;ddf_rowcount_bad
KS01924,ddf_name_collision;ddf_rowcount_bad
KS01925,ddf_name_collision;ddf_rowcount_bad
KS01926,ddf_name_collision;ddf_rowcount_bad
KS01927,ddf_name_collision;ddf_rowcount_bad
KS01928,ddf_name_collision;ddf_rowcount_bad
KS01929,ddf_name_collision;ddf_rowcount_bad
KS01930,ddf_name_collision;ddf_rowcount_bad
KS01931,ddf_name_collision;ddf_rowcount_bad
KS01932,ddf_name_collision;ddf_rowcount_bad
KS01933,ddf_name_collision;ddf_rowcount_bad
KS01934,ddf_name_collision;ddf_rowcount_bad
KS01935,ddf_name_collision;ddf_rowcount_bad
KS01936,ddf_name_collision;ddf_rowcount_bad
KS01937,ddf_name_collision;ddf_rowcount_bad
KS01938,ddf_name_collision;ddf_rowcount_bad
KS01939,ddf_name_collision;ddf_rowcount_bad
KS01940,ddf_name_collision;ddf_rowcount_bad;tail_sensitivity_lost_name_collision
KS01941,ddf_name_collision;ddf_rowcount_bad
KS01942,ddf_name_collision;ddf_rowcount_bad
KS01943,ddf_name_collision;ddf_rowcount_bad
KS01944,ddf_name_collision;ddf_rowcount_bad
KS01945,ddf_name_collision;ddf_rowcount_bad
KS01946,ddf_name_collision;ddf_rowcount_bad
KS01947,ddf_name_collision;ddf_rowcount_bad
KS01948,ddf_name_collision;ddf_rowcount_bad
KS01949,ddf_name_collision;ddf_rowcount_bad;tail_sensitivity_lost_name_collision
KS01950,ddf_name_collision;ddf_rowcount_bad
KS01951,ddf_name_collision;ddf_rowcount_bad;tail_sensitivity_lost_name_collision
KS01952,ddf_name_collision;ddf_rowcount_bad
KS01953,ddf_name_collision;tail_sensitivity_lost_name_collision
KS01957,ddf_name_collision;ddf_rowcount_bad
KS01958,ddf_name_collision;ddf_rowcount_bad
KS01960,ddf_name_collision;ddf_rowcount_bad;tail_sensitivity_lost_name_collision
KS01961,ddf_name_collision;ddf_rowcount_bad;tail_sensitivity_lost_name_collision
KS01962,ddf_name_collision;ddf_rowcount_bad
KS01967,ddf_name_collision;ddf_rowcount_bad
KS01968,ddf_name_collision;ddf_rowcount_bad;tail_sensitivity_lost_name_collision
KS01970,ddf_name_collision;ddf_rowcount_bad
KS01974,ddf_name_collision;ddf_rowcount_bad
KS01975,ddf_name_collision;ddf_rowcount_bad
KS01977,ddf_name_collision;ddf_rowcount_bad
KS01978,ddf_name_collision;ddf_rowcount_bad
KS01979,ddf_name_collision;ddf_rowcount_bad
KS01980,ddf_name_collision;ddf_rowcount_bad
KS01981,ddf_name_collision;ddf_rowcount_bad
KS01982,ddf_name_collision;ddf_rowcount_bad
KS01984,ddf_name_collision;ddf_rowcount_bad
KS01985,ddf_name_collision;ddf_rowcount_bad
KS01987,ddf_name_collision;ddf_rowcount_bad
KS01988,ddf_name_collision;ddf_rowcount_bad
KS01989,ddf_name_collision;ddf_rowcount_bad
KS01990,ddf_name_collision;ddf_rowcount_bad
KS01991,ddf_name_collision;ddf_rowcount_bad
KS01992,ddf_name_collision;ddf_rowcount_bad
KS01993,ddf_name_collision;ddf_rowcount_bad;tail_sensitivity_lost_name_collision
KS01994,ddf_name_collision;ddf_rowcount_bad
KS01995,ddf_name_collision;ddf_rowcount_bad;tail_sensitivity_lost_name_collision
KS01996,ddf_name_collision;ddf_rowcount_bad
KS01997,ddf_name_collision;ddf_rowcount_bad;tail_sensitivity_lost_name_collision
KS01998,ddf_name_collision;ddf_rowcount_bad
KS01999,ddf_name_collision;ddf_rowcount_bad;tail_sensitivity_lost_name_collision
KS02000,ddf_name_collision;ddf_rowcount_bad
KS02001,ddf_name_collision;ddf_rowcount_bad
KS02002,ddf_name_collision;ddf_rowcount_bad
KS02003,ddf_name_collision;ddf_rowcount_bad
KS02004,ddf_name_collision;ddf_rowcount_bad
KS02005,ddf_name_collision;ddf_rowcount_bad
KS02006,ddf_name_collision;ddf_rowcount_bad
KS02007,ddf_name_collision;ddf_rowcount_bad
KS02008,ddf_name_collision;ddf_rowcount_bad
KS02009,ddf_name_collision;ddf_rowcount_bad
KS02010,ddf_name_collision;ddf_rowcount_bad;tail_sensitivity_lost_name_collision
KS02011,ddf_name_collision
KS02012,ddf_name_collision
KS02019,ddf_name_collision
KS02020,ddf_name_collision
KS02021,ddf_name_collision
KS02026,ddf_name_collision
KS02027,ddf_name_collision
KS02028,ddf_name_collision;tail_sensitivity_lost_name_collision
KS02029,ddf_name_collision
KS02030,ddf_name_collision
KS02055,ddf_name_collision
KS02056,ddf_name_collision;ddf_rowcount_bad
KS02057,ddf_name_collision;ddf_rowcount_bad;tail_sensitivity_lost_name_collision
KS02058,ddf_name_collision;ddf_rowcount_bad;tail_sensitivity_lost_name_collision
KS02059,ddf_name_collision;ddf_rowcount_bad;tail_sensitivity_lost_name_collision
KS02060,ddf_name_collision;ddf_rowcount_bad
KS02080,ddf_name_collision;ddf_rowcount_bad
KS02082,ddf_name_collision;tail_sensitivity_lost_name_collision
KS02083,ddf_name_collision;ddf_rowcount_bad;tail_sensitivity_lost_name_collision
KS02084,ddf_name_collision;ddf_rowcount_bad;tail_sensitivity_lost_name_collision
KS02085,ddf_name_collision;ddf_rowcount_bad;tail_sensitivity_lost_name_collision
KS02086,ddf_name_collision;ddf_rowcount_bad;tail_sensitivity_lost_name_collision
KS02087,ddf_name_collision;ddf_rowcount_bad
KS02088,ddf_name_collision;ddf_rowcount_bad;tail_sensitivity_lost_name_collision
KS02089,ddf_name_collision;ddf_rowcount_bad;tail_sensitivity_lost_name_collision
KS02090,ddf_name_collision;ddf_rowcount_bad;tail_sensitivity_lost_name_collision
KS02091,ddf_name_collision;ddf_rowcount_bad;tail_sensitivity_lost_name_collision
KS02092,ddf_name_collision;tail_sensitivity_lost_name_collision
KS02093,ddf_name_collision;ddf_rowcount_bad;tail_sensitivity_lost_name_collision
KS02094,ddf_name_collision;ddf_rowcount_bad;tail_sensitivity_lost_name_collision
KS02095,ddf_name_collision;ddf_rowcount_bad;tail_sensitivity_lost_name_collision
KS02096,ddf_name_collision;ddf_rowcount_bad;tail_sensitivity_lost_name_collision
KS02097,ddf_name_collision;ddf_rowcount_bad
KS02098,ddf_name_collision;ddf_rowcount_bad;tail_sensitivity_lost_name_collision
KS02099,ddf_name_collision;ddf_rowcount_bad
KS02100,ddf_name_collision;ddf_rowcount_bad;tail_sensitivity_lost_name_collision
KS02101,ddf_name_collision;ddf_rowcount_bad;tail_sensitivity_lost_name_collision
KS02102,ddf_name_collision;ddf_rowcount_bad;tail_sensitivity_lost_name_collision
KS02103,ddf_name_collision;ddf_rowcount_bad
KS02104,ddf_name_collision;ddf_rowcount_bad;tail_sensitivity_lost_name_collision
KS02105,ddf_name_collision;ddf_rowcount_bad
KS02106,ddf_name_collision;ddf_rowcount_bad
KS02107,ddf_name_collision;tail_sensitivity_lost_name_collision
KS02108,ddf_name_collision
KS02109,ddf_name_collision;ddf_rowcount_bad;tail_sensitivity_lost_name_collision
KS02110,ddf_name_collision;tail_sensitivity_lost_name_collision
KS02111,ddf_name_collision;tail_sensitivity_lost_name_collision
KS02112,ddf_name_collision;tail_sensitivity_lost_name_collision
KS02114,ddf_name_collision;tail_sensitivity_lost_name_collision
KS02115,ddf_name_collision;tail_sensitivity_lost_name_collision
KS02116,ddf_name_collision;ddf_rowcount_bad;tail_sensitivity_lost_name_collision
KS02117,ddf_name_collision
KS02118,ddf_name_collision;ddf_rowcount_bad;tail_sensitivity_lost_name_collision
KS02119,ddf_name_collision;tail_sensitivity_lost_name_collision
KS02120,ddf_name_collision;tail_sensitivity_lost_name_collision
KS02121,ddf_name_collision;ddf_rowcount_bad
KS02124,ddf_name_collision;tail_sensitivity_lost_name_collision
KS02125,ddf_name_collision;tail_sensitivity_lost_name_collision
KS02128,ddf_name_collision;tail_sensitivity_lost_name_collision
KS02129,ddf_name_collision;ddf_rowcount_bad;tail_sensitivity_lost_name_collision
KS02130,ddf_name_collision;ddf_rowcount_bad;tail_sensitivity_lost_name_collision
KS02131,ddf_name_collision;ddf_rowcount_bad;tail_sensitivity_lost_name_collision
KS02132,ddf_name_collision;ddf_rowcount_bad;tail_sensitivity_lost_name_collision
KS02133,ddf_name_collision;ddf_rowcount_bad;tail_sensitivity_lost_name_collision
KS02134,ddf_name_collision;ddf_rowcount_bad;tail_sensitivity_lost_name_collision
KS02135,ddf_name_collision;ddf_rowcount_bad
KS02136,ddf_name_collision;tail_sensitivity_lost_name_collision
KS02137,ddf_name_collision;ddf_rowcount_bad;tail_sensitivity_lost_name_collision
KS02138,ddf_name_collision;ddf_rowcount_bad;tail_sensitivity_lost_name_collision
KS02139,ddf_name_collision;ddf_rowcount_bad;tail_sensitivity_lost_name_collision
KS02140,ddf_name_collision;ddf_rowcount_bad;tail_sensitivity_lost_name_collision
KS02141,ddf_name_collision;ddf_rowcount_bad;tail_sensitivity_lost_name_collision
KS02142,ddf_name_collision;ddf_rowcount_bad;tail_sensitivity_lost_name_collision
KS02143,ddf_name_collision;ddf_rowcount_bad;tail_sensitivity_lost_name_collision
KS02144,ddf_name_collision;ddf_rowcount_bad;tail_sensitivity_lost_name_collision
KS02145,ddf_name_collision;ddf_rowcount_bad;tail_sensitivity_lost_name_collision
KS02146,ddf_name_collision;tail_sensitivity_lost_name_collision
KS02148,ddf_name_collision;ddf_rowcount_bad;tail_sensitivity_lost_name_collision
KS02149,ddf_name_collision;ddf_rowcount_bad;tail_sensitivity_lost_name_collision
KS02151,ddf_name_collision;ddf_rowcount_bad;tail_sensitivity_lost_name_collision
KS02152,ddf_name_collision;ddf_rowcount_bad;tail_sensitivity_lost_name_collision
KS02153,ddf_name_collision;ddf_rowcount_bad;tail_sensitivity_lost_name_collision
KS02154,ddf_name_collision;ddf_rowcount_bad;tail_sensitivity_lost_name_collision
KS02155,ddf_name_collision;ddf_rowcount_bad;tail_sensitivity_lost_name_collision
KS02156,ddf_name_collision;ddf_rowcount_bad
KS02157,ddf_name_collision;ddf_rowcount_bad;tail_sensitivity_lost_name_collision
KS02158,ddf_name_collision;tail_sensitivity_lost_name_collision
KS02159,ddf_name_collision;ddf_rowcount_bad;tail_sensitivity_lost_name_collision
KS02160,ddf_name_collision;ddf_rowcount_bad;tail_sensitivity_lost_name_collision
KS02161,ddf_name_collision;ddf_rowcount_bad;tail_sensitivity_lost_name_collision
KS02162,ddf_name_collision;ddf_rowcount_bad;tail_sensitivity_lost_name_collision
KS02163,ddf_name_collision;ddf_rowcount_bad
KS02168,ddf_name_collision;ddf_rowcount_bad;tail_sensitivity_lost_name_collision
KS02169,ddf_name_collision;ddf_rowcount_bad;tail_sensitivity_lost_name_collision
KS02170,ddf_name_collision;tail_sensitivity_lost_name_collision
KS02171,ddf_name_collision;tail_sensitivity_lost_name_collision
KS02172,ddf_name_collision;ddf_rowcount_bad;tail_sensitivity_lost_name_collision
KS02173,ddf_name_collision;tail_sensitivity_lost_name_collision
KS02177,ddf_name_collision
KS02182,ddf_name_collision;tail_sensitivity_lost_name_collision
KS02186,ddf_name_collision;tail_sensitivity_lost_name_collision
KS02198,ddf_name_collision;tail_sensitivity_lost_name_collision
KS02203,ddf_name_collision;ddf_rowcount_bad;tail_sensitivity_lost_name_collision
KS02204,ddf_name_collision;ddf_rowcount_bad;tail_sensitivity_lost_name_collision
KS02205,ddf_name_collision;ddf_rowcount_bad;tail_sensitivity_lost_name_collision
KS02206,ddf_name_collision;ddf_rowcount_bad;tail_sensitivity_lost_name_collision
KS02207,ddf_name_collision;ddf_rowcount_bad;tail_sensitivity_lost_name_collision
KS02208,ddf_name_collision;ddf_rowcount_bad;tail_sensitivity_lost_name_collision
KS02209,ddf_name_collision;ddf_rowcount_bad;tail_sensitivity_lost_name_collision
KS02210,ddf_name_collision;ddf_rowcount_bad;tail_sensitivity_lost_name_collision
KS02211,ddf_name_collision;ddf_rowcount_bad;tail_sensitivity_lost_name_collision
KS02212,ddf_name_collision;ddf_rowcount_bad;tail_sensitivity_lost_name_collision
KS02213,ddf_name_collision;ddf_rowcount_bad;tail_sensitivity_lost_name_collision
KS02214,ddf_name_collision;ddf_rowcount_bad;tail_sensitivity_lost_name_collision
KS02215,ddf_name_collision;ddf_rowcount_bad;tail_sensitivity_lost_name_collision
KS02216,ddf_name_collision;ddf_rowcount_bad;tail_sensitivity_lost_name_collision
KS02217,ddf_name_collision;ddf_rowcount_bad
KS02218,ddf_name_collision;ddf_rowcount_bad;tail_sensitivity_lost_name_collision
KS02219,ddf_name_collision;ddf_rowcount_bad;tail_sensitivity_lost_name_collision
KS02220,ddf_name_collision;ddf_rowcount_bad;tail_sensitivity_lost_name_collision
KS02221,ddf_name_collision;tail_sensitivity_lost_name_collision
KS02222,ddf_name_collision;tail_sensitivity_lost_name_collision
KS02223,ddf_name_collision;ddf_rowcount_bad;tail_sensitivity_lost_name_collision
KS02224,ddf_name_collision;ddf_rowcount_bad;tail_sensitivity_lost_name_collision
KS02225,ddf_name_collision;ddf_rowcount_bad;tail_sensitivity_lost_name_collision
KS02226,ddf_name_collision;ddf_rowcount_bad;tail_sensitivity_lost_name_collision
KS02227,ddf_name_collision;ddf_rowcount_bad;tail_sensitivity_lost_name_collision
KS02228,ddf_name_collision;ddf_rowcount_bad;tail_sensitivity_lost_name_collision
KS02229,ddf_name_collision;ddf_rowcount_bad;tail_sensitivity_lost_name_collision
KS02230,ddf_name_collision;ddf_rowcount_bad
KS02231,ddf_name_collision;ddf_rowcount_bad;tail_sensitivity_lost_name_collision
KS02232,ddf_name_collision;ddf_rowcount_bad;tail_sensitivity_lost_name_collision
KS02233,ddf_name_collision;ddf_rowcount_bad;tail_sensitivity_lost_name_collision
KS02234,ddf_name_collision;ddf_rowcount_bad;tail_sensitivity_lost_name_collision
KS02235,ddf_name_collision;tail_sensitivity_lost_name_collision
KS02236,ddf_name_collision;tail_sensitivity_lost_name_collision
KS02237,ddf_name_collision;tail_sensitivity_lost_name_collision
KS02238,ddf_name_collision;tail_sensitivity_lost_name_collision
KS02239,ddf_name_collision;ddf_rowcount_bad;tail_sensitivity_lost_name_collision
KS02240,ddf_name_collision;tail_sensitivity_lost_name_collision
KS02241,ddf_name_collision;ddf_rowcount_bad;tail_sensitivity_lost_name_collision
KS02242,ddf_name_collision;ddf_rowcount_bad;tail_sensitivity_lost_name_collision
KS02243,ddf_name_collision;ddf_rowcount_bad;tail_sensitivity_lost_name_collision
KS02245,ddf_name_collision;tail_sensitivity_lost_name_collision
KS02246,ddf_name_collision;ddf_rowcount_bad;tail_sensitivity_lost_name_collision
KS02247,ddf_name_collision;ddf_rowcount_bad;tail_sensitivity_lost_name_collision
KS02249,ddf_name_collision;ddf_rowcount_bad
KS02250,ddf_name_collision;ddf_rowcount_bad
KS02251,ddf_name_collision;ddf_rowcount_bad;tail_sensitivity_lost_name_collision
KS02252,ddf_name_collision;tail_sensitivity_lost_name_collision
KS02253,ddf_name_collision;ddf_rowcount_bad;tail_sensitivity_lost_name_collision
KS02254,ddf_name_collision;ddf_rowcount_bad;tail_sensitivity_lost_name_collision
KS02255,ddf_name_collision;ddf_rowcount_bad;tail_sensitivity_lost_name_collision
KS02256,ddf_name_collision;ddf_rowcount_bad;tail_sensitivity_lost_name_collision
KS02258,ddf_name_collision;tail_sensitivity_lost_name_collision
KS02259,ddf_name_collision;ddf_rowcount_bad;tail_sensitivity_lost_name_collision
KS02261,ddf_name_collision;tail_sensitivity_lost_name_collision
KS02262,ddf_name_collision;tail_sensitivity_lost_name_collision
KS02263,ddf_name_collision;tail_sensitivity_lost_name_collision
KS02264,ddf_name_collision;ddf_rowcount_bad;tail_sensitivity_lost_name_collision
KS02267,ddf_name_collision;ddf_rowcount_bad;tail_sensitivity_lost_name_collision
KS02268,ddf_name_collision;tail_sensitivity_lost_name_collision
KS02269,ddf_name_collision;tail_sensitivity_lost_name_collision
KS02270,ddf_name_collision;ddf_rowcount_bad;tail_sensitivity_lost_name_collision
KS02272,ddf_name_collision;ddf_rowcount_bad;tail_sensitivity_lost_name_collision
KS02273,ddf_name_collision;tail_sensitivity_lost_name_collision
KS02274,ddf_name_collision;ddf_rowcount_bad;tail_sensitivity_lost_name_collision
KS02276,ddf_name_collision;tail_sensitivity_lost_name_collision
KS02277,ddf_name_collision
KS02279,ddf_name_collision;tail_sensitivity_lost_name_collision
KS02280,ddf_name_collision;tail_sensitivity_lost_name_collision
KS02294,ddf_name_collision;tail_sensitivity_lost_name_collision
KS02295,ddf_name_collision;tail_sensitivity_lost_name_collision
KS02296,ddf_name_collision;tail_sensitivity_lost_name_collision
KS02298,ddf_name_collision;tail_sensitivity_lost_name_collision
KS02299,ddf_name_collision;tail_sensitivity_lost_name_collision
KS02300,ddf_name_collision
KS02305,ddf_name_collision;tail_sensitivity_lost_name_collision
KS02310,ddf_name_collision
KS02318,ddf_name_collision
KS02324,ddf_name_collision
KS02332,ddf_name_collision;tail_sensitivity_lost_name_collision
KS02333,ddf_name_collision;ddf_rowcount_bad
KS02334,ddf_name_collision;ddf_rowcount_bad
KS02335,ddf_name_collision;tail_sensitivity_lost_name_collision
KS02336,ddf_name_collision;ddf_rowcount_bad;tail_sensitivity_lost_name_collision
KS02337,ddf_name_collision;ddf_rowcount_bad;tail_sensitivity_lost_name_collision
KS02338,ddf_name_collision;ddf_rowcount_bad;tail_sensitivity_lost_name_collision
KS02339,ddf_name_collision;tail_sensitivity_lost_name_collision
KS02340,ddf_name_collision;ddf_rowcount_bad;tail_sensitivity_lost_name_collision
KS02341,ddf_name_collision;ddf_rowcount_bad;tail_sensitivity_lost_name_collision
KS02342,ddf_name_collision;ddf_rowcount_bad;tail_sensitivity_lost_name_collision
KS02343,ddf_name_collision;ddf_rowcount_bad;tail_sensitivity_lost_name_collision
KS02344,ddf_name_collision;tail_sensitivity_lost_name_collision
KS02345,ddf_name_collision
KS02346,ddf_name_collision;tail_sensitivity_lost_name_collision
KS02347,ddf_name_collision;tail_sensitivity_lost_name_collision
KS02348,ddf_name_collision;tail_sensitivity_lost_name_collision
KS02350,ddf_name_collision;tail_sensitivity_lost_name_collision
KS02364,ddf_name_collision;ddf_rowcount_bad;tail_sensitivity_lost_name_collision
KS02365,ddf_name_collision
KS02366,ddf_name_collision;ddf_rowcount_bad
KS02367,ddf_name_collision;ddf_rowcount_bad
KS02368,ddf_name_collision;ddf_rowcount_bad
KS02369,ddf_name_collision;ddf_rowcount_bad
KS02370,ddf_name_collision
KS02371,ddf_name_collision
KS02372,ddf_name_collision;ddf_rowcount_bad
KS02381,ddf_name_collision
KS02382,ddf_name_collision;tail_sensitivity_lost_name_collision
KS02383,ddf_name_collision
KS02385,ddf_name_collision;ddf_rowcount_bad
KS02386,ddf_name_collision;ddf_rowcount_bad
KS02387,ddf_name_collision;ddf_rowcount_bad
KS02397,ddf_name_collision
KS02398,ddf_name_collision;ddf_rowcount_bad
KS02399,ddf_name_collision
KS02402,ddf_name_collision;tail_sensitivity_lost_name_collision
KS02403,ddf_name_collision;ddf_rowcount_bad;tail_sensitivity_lost_name_collision
KS02404,ddf_name_collision;ddf_rowcount_bad;tail_sensitivity_lost_name_collision
KS02405,ddf_name_collision;ddf_rowcount_bad;tail_sensitivity_lost_name_collision
KS02409,ddf_name_collision;ddf_rowcount_bad;tail_sensitivity_lost_name_collision
KS02410,ddf_name_collision;ddf_rowcount_bad;tail_sensitivity_lost_name_collision
KS02411,ddf_name_collision;ddf_rowcount_bad;tail_sensitivity_lost_name_collision
KS02412,ddf_name_collision;ddf_rowcount_bad
KS02413,ddf_name_collision;ddf_rowcount_bad;tail_sensitivity_lost_name_collision
KS02418,ddf_name_collision;ddf_rowcount_bad;tail_sensitivity_lost_name_collision
KS02419,ddf_name_collision;ddf_rowcount_bad
KS02420,ddf_name_collision;ddf_rowcount_bad;tail_sensitivity_lost_name_collision
KS02421,ddf_name_collision;ddf_rowcount_bad;tail_sensitivity_lost_name_collision
KS02422,ddf_name_collision;tail_sensitivity_lost_name_collision
KS02423,ddf_name_collision;ddf_rowcount_bad;tail_sensitivity_lost_name_collision
KS02427,ddf_name_collision;tail_sensitivity_lost_name_collision
KS02428,ddf_name_collision;ddf_rowcount_bad
KS02429,ddf_name_collision;ddf_rowcount_bad
KS02430,ddf_name_collision;ddf_rowcount_bad
KS02431,ddf_name_collision;ddf_rowcount_bad
KS02432,ddf_name_collision;ddf_rowcount_bad
KS02433,ddf_name_collision;ddf_rowcount_bad;tail_sensitivity_lost_name_collision
KS02434,ddf_name_collision;ddf_rowcount_bad;tail_sensitivity_lost_name_collision
KS02435,ddf_name_collision;ddf_rowcount_bad;tail_sensitivity_lost_name_collision
KS02436,ddf_name_collision;ddf_rowcount_bad;tail_sensitivity_lost_name_collision
KS02437,ddf_name_collision;tail_sensitivity_lost_name_collision
KS02438,ddf_name_collision;ddf_rowcount_bad
KS02439,ddf_name_collision;ddf_rowcount_bad
KS02440,ddf_name_collision;ddf_rowcount_bad;tail_sensitivity_lost_name_collision
KS02441,ddf_name_collision;ddf_rowcount_bad
KS02442,ddf_name_collision;ddf_rowcount_bad
KS02443,ddf_name_collision;ddf_rowcount_bad
KS02444,ddf_name_collision;ddf_rowcount_bad
KS02445,ddf_name_collision;ddf_rowcount_bad
KS02446,ddf_name_collision;ddf_rowcount_bad
KS02447,ddf_name_collision;ddf_rowcount_bad
KS02448,ddf_name_collision;ddf_rowcount_bad
KS02449,ddf_name_collision;ddf_rowcount_bad
KS02450,ddf_name_collision;ddf_rowcount_bad
KS02457,ddf_name_collision;ddf_rowcount_bad
KS02461,ddf_name_collision;ddf_rowcount_bad
KS02462,ddf_name_collision;tail_sensitivity_lost_name_collision
KS02463,ddf_name_collision;ddf_rowcount_bad
KS02466,ddf_name_collision;ddf_rowcount_bad
KS02469,ddf_name_collision;ddf_rowcount_bad
KS02475,ddf_name_collision;ddf_rowcount_bad;tail_sensitivity_lost_name_collision
KS02476,ddf_name_collision;ddf_rowcount_bad;tail_sensitivity_lost_name_collision
KS02482,ddf_name_collision;ddf_rowcount_bad
KS02483,ddf_name_collision;ddf_rowcount_bad
KS02484,ddf_name_collision;ddf_rowcount_bad
KS02488,ddf_name_collision;ddf_rowcount_bad;tail_sensitivity_lost_name_collision
KS02490,ddf_name_collision
KS02492,ddf_name_collision;ddf_rowcount_bad
KS02493,ddf_name_collision;ddf_rowcount_bad
KS02494,ddf_name_collision;ddf_rowcount_bad
KS02495,ddf_name_collision;ddf_rowcount_bad;tail_sensitivity_lost_name_collision
KS02497,ddf_name_collision;ddf_rowcount_bad;tail_sensitivity_lost_name_collision
KS02499,ddf_name_collision;ddf_rowcount_bad;tail_sensitivity_lost_name_collision
KS02501,ddf_name_collision;ddf_rowcount_bad;tail_sensitivity_lost_name_collision
KS02507,ddf_name_collision;ddf_rowcount_bad;tail_sensitivity_lost_name_collision
KS02508,ddf_name_collision;ddf_rowcount_bad
KS02509,ddf_name_collision;ddf_rowcount_bad;tail_sensitivity_lost_name_collision
KS02510,ddf_name_collision;ddf_rowcount_bad;tail_sensitivity_lost_name_collision
KS02515,ddf_name_collision;ddf_rowcount_bad;tail_sensitivity_lost_name_collision
KS02521,ddf_name_collision;ddf_rowcount_bad;tail_sensitivity_lost_name_collision
KS02526,ddf_name_collision;ddf_rowcount_bad
KS02532,ddf_name_collision;ddf_rowcount_bad;tail_sensitivity_lost_name_collision
KS02534,ddf_name_collision;ddf_rowcount_bad
KS02535,ddf_name_collision;ddf_rowcount_bad;tail_sensitivity_lost_name_collision
KS02536,ddf_name_collision;ddf_rowcount_bad;tail_sensitivity_lost_name_collision
KS02537,ddf_name_collision;ddf_rowcount_bad;tail_sensitivity_lost_name_collision
KS02538,ddf_name_collision;ddf_rowcount_bad;tail_sensitivity_lost_name_collision
KS02539,ddf_name_collision;ddf_rowcount_bad
KS02541,ddf_name_collision;ddf_rowcount_bad;tail_sensitivity_lost_name_collision
KS02545,ddf_name_collision;ddf_rowcount_bad
KS02546,ddf_name_collision;ddf_rowcount_bad
KS02548,ddf_name_collision;ddf_rowcount_bad;tail_sensitivity_lost_name_collision
KS02550,ddf_name_collision;ddf_rowcount_bad
KS02551,ddf_name_collision;ddf_rowcount_bad
KS02552,ddf_name_collision;ddf_rowcount_bad
KS02554,ddf_name_collision;ddf_rowcount_bad
KS02559,ddf_name_collision;ddf_rowcount_bad
KS02560,ddf_name_collision;ddf_rowcount_bad
KS02563,ddf_name_collision;ddf_rowcount_bad
KS02566,ddf_name_collision;ddf_rowcount_bad
KS02570,ddf_name_collision;ddf_rowcount_bad
KS02571,ddf_name_collision;ddf_rowcount_bad;tail_sensitivity_lost_name_collision
KS02572,ddf_name_collision;ddf_rowcount_bad
KS02573,ddf_name_collision;ddf_rowcount_bad
KS02574,ddf_name_collision;ddf_rowcount_bad
KS02575,ddf_name_collision;ddf_rowcount_bad
KS02576,ddf_name_collision;ddf_rowcount_bad;tail_sensitivity_lost_name_collision
KS02577,ddf_name_collision;ddf_rowcount_bad
KS02578,ddf_name_collision;ddf_rowcount_bad
KS02579,ddf_name_collision;ddf_rowcount_bad
KS02580,ddf_name_collision;ddf_rowcount_bad
KS02581,ddf_name_collision;ddf_rowcount_bad
KS02582,ddf_name_collision;ddf_rowcount_bad
KS02583,ddf_name_collision;ddf_rowcount_bad
KS02584,ddf_name_collision;ddf_rowcount_bad
KS02585,ddf_name_collision;ddf_rowcount_bad
KS02586,ddf_name_collision;ddf_rowcount_bad
KS02587,ddf_name_collision;ddf_rowcount_bad
KS02588,ddf_name_collision;ddf_rowcount_bad
KS02589,ddf_name_collision;ddf_rowcount_bad
KS02590,ddf_name_collision;ddf_rowcount_bad
KS02591,ddf_name_collision;ddf_rowcount_bad
KS02592,ddf_name_collision;ddf_rowcount_bad
KS02593,ddf_name_collision;ddf_rowcount_bad
KS02594,ddf_name_collision;ddf_rowcount_bad
KS02597,ddf_name_collision;ddf_rowcount_bad
KS02598,ddf_name_collision;ddf_rowcount_bad
KS02600,ddf_name_collision;ddf_rowcount_bad
KS02601,ddf_name_collision;ddf_rowcount_bad
KS02602,ddf_name_collision;ddf_rowcount_bad
KS02603,ddf_name_collision;ddf_rowcount_bad
KS02604,ddf_name_collision;ddf_rowcount_bad
KS02605,ddf_name_collision;ddf_rowcount_bad
KS02606,ddf_name_collision;ddf_rowcount_bad;tail_sensitivity_lost_name_collision
KS02607,ddf_name_collision;ddf_rowcount_bad
KS02612,ddf_name_collision;ddf_rowcount_bad
KS02613,ddf_name_collision;ddf_rowcount_bad
KS02614,ddf_name_collision;ddf_rowcount_bad
KS02615,ddf_name_collision;ddf_rowcount_bad
KS02616,ddf_name_collision;ddf_rowcount_bad
KS02617,ddf_name_collision;ddf_rowcount_bad
KS02618,ddf_name_collision;ddf_rowcount_bad
KS02619,ddf_name_collision;ddf_rowcount_bad
KS02620,ddf_name_collision;ddf_rowcount_bad
KS02621,ddf_name_collision;ddf_rowcount_bad
KS02622,ddf_name_collision;ddf_rowcount_bad
KS02623,ddf_name_collision;ddf_rowcount_bad
KS02624,ddf_name_collision;ddf_rowcount_bad
KS02625,ddf_name_collision;ddf_rowcount_bad
KS02626,ddf_name_collision;ddf_rowcount_bad
KS02627,ddf_name_collision;ddf_rowcount_bad
KS02628,ddf_name_collision;ddf_rowcount_bad
KS02629,ddf_name_collision;ddf_rowcount_bad
KS02630,ddf_name_collision;ddf_rowcount_bad
KS02631,ddf_name_collision;ddf_rowcount_bad
KS02632,ddf_name_collision;ddf_rowcount_bad
KS02633,ddf_name_collision;ddf_rowcount_bad
KS02634,ddf_name_collision;ddf_rowcount_bad
KS02635,ddf_name_collision;ddf_rowcount_bad
KS02640,ddf_name_collision;ddf_rowcount_bad
KS02641,ddf_name_collision;ddf_rowcount_bad
KS02642,ddf_name_collision;ddf_rowcount_bad
KS02643,ddf_name_collision;ddf_rowcount_bad
KS02644,ddf_name_collision;ddf_rowcount_bad
KS02645,ddf_name_collision;ddf_rowcount_bad
KS02646,ddf_name_collision;ddf_rowcount_bad
KS02647,ddf_name_collision;ddf_rowcount_bad
KS02648,ddf_name_collision;ddf_rowcount_bad
KS02649,ddf_name_collision;ddf_rowcount_bad
KS02650,ddf_name_collision;ddf_rowcount_bad
KS02651,ddf_name_collision;ddf_rowcount_bad
KS02653,ddf_name_collision;ddf_rowcount_bad
KS02655,ddf_name_collision;ddf_rowcount_bad
KS02658,ddf_name_collision;ddf_rowcount_bad
KS02660,ddf_name_collision;ddf_rowcount_bad;tail_sensitivity_lost_name_collision
KS02661,ddf_name_collision;ddf_rowcount_bad
KS02663,ddf_name_collision;ddf_rowcount_bad
KS02664,ddf_name_collision;ddf_rowcount_bad
KS02665,ddf_name_collision;ddf_rowcount_bad;tail_sensitivity_lost_name_collision
KS02667,ddf_name_collision;ddf_rowcount_bad
KS02668,ddf_name_collision;ddf_rowcount_bad
KS02669,ddf_name_collision;ddf_rowcount_bad
KS02672,ddf_name_collision;ddf_rowcount_bad
KS02674,ddf_name_collision;ddf_rowcount_bad
KS02675,ddf_name_collision;ddf_rowcount_bad
KS02676,ddf_name_collision;ddf_rowcount_bad
KS02678,ddf_name_collision;ddf_rowcount_bad
KS02679,ddf_name_collision;ddf_rowcount_bad
KS02681,ddf_name_collision;ddf_rowcount_bad
KS02682,ddf_name_collision;ddf_rowcount_bad
KS02683,ddf_name_collision;ddf_rowcount_bad
KS02684,ddf_name_collision;ddf_rowcount_bad
KS02685,ddf_name_collision;ddf_rowcount_bad
KS02686,ddf_name_collision;ddf_rowcount_bad
KS02687,ddf_name_collision;ddf_rowcount_bad
KS02691,ddf_name_collision;ddf_rowcount_bad
KS02692,ddf_name_collision;ddf_rowcount_bad
KS02693,ddf_name_collision;ddf_rowcount_bad
KS02694,ddf_name_collision;ddf_rowcount_bad;tail_sensitivity_lost_name_collision
KS02696,ddf_name_collision;ddf_rowcount_bad
KS02698,ddf_name_collision;ddf_rowcount_bad
KS02699,ddf_name_collision;ddf_rowcount_bad
KS02700,ddf_name_collision;ddf_rowcount_bad
KS02701,ddf_name_collision;ddf_rowcount_bad
KS02702,ddf_name_collision;ddf_rowcount_bad
KS02703,ddf_name_collision;ddf_rowcount_bad
KS02704,ddf_name_collision;ddf_rowcount_bad
KS02705,ddf_name_collision;ddf_rowcount_bad
KS02706,ddf_name_collision;ddf_rowcount_bad
KS02708,ddf_name_collision;ddf_rowcount_bad
KS02709,ddf_name_collision;ddf_rowcount_bad
KS02710,ddf_name_collision;ddf_rowcount_bad
KS02711,ddf_name_collision;ddf_rowcount_bad
KS02712,ddf_name_collision;ddf_rowcount_bad
KS02713,ddf_name_collision;ddf_rowcount_bad
KS02714,ddf_name_collision;ddf_rowcount_bad
KS02715,ddf_name_collision;ddf_rowcount_bad
KS02716,ddf_name_collision;ddf_rowcount_bad
KS02718,ddf_name_collision;ddf_rowcount_bad
KS02719,ddf_name_collision;ddf_rowcount_bad
KS02720,ddf_name_collision;ddf_rowcount_bad
KS02721,ddf_name_collision;ddf_rowcount_bad
KS02722,ddf_name_collision;ddf_rowcount_bad
KS02723,ddf_name_collision;ddf_rowcount_bad
KS02724,ddf_name_collision;ddf_rowcount_bad
KS02725,ddf_name_collision;ddf_rowcount_bad
KS02726,ddf_name_collision;ddf_rowcount_bad
KS02727,ddf_name_collision;ddf_rowcount_bad
KS02728,ddf_name_collision;ddf_rowcount_bad
KS02729,ddf_name_collision;ddf_rowcount_bad
KS02730,ddf_name_collision;ddf_rowcount_bad
KS02731,ddf_name_collision;ddf_rowcount_bad
KS02732,ddf_name_collision;ddf_rowcount_bad
KS02733,ddf_name_collision;ddf_rowcount_bad
KS02734,ddf_name_collision;ddf_rowcount_bad
KS02735,ddf_name_collision;ddf_rowcount_bad
KS02736,ddf_name_collision;ddf_rowcount_bad
KS02737,ddf_name_collision;ddf_rowcount_bad
KS02738,ddf_name_collision;ddf_rowcount_bad
KS02739,ddf_name_collision;ddf_rowcount_bad
KS02740,ddf_name_collision;ddf_rowcount_bad
KS02741,ddf_name_collision;ddf_rowcount_bad
KS02742,ddf_name_collision;ddf_rowcount_bad
KS02743,ddf_name_collision;ddf_rowcount_bad
KS02744,ddf_name_collision;ddf_rowcount_bad
KS02745,ddf_name_collision;ddf_rowcount_bad
KS02746,ddf_name_collision;ddf_rowcount_bad
KS02747,ddf_name_collision;ddf_rowcount_bad
KS02748,ddf_name_collision;ddf_rowcount_bad
KS02749,ddf_name_collision;ddf_rowcount_bad
KS02750,ddf_name_collision;ddf_rowcount_bad
KS02751,ddf_name_collision;ddf_rowcount_bad
KS02752,ddf_name_collision;ddf_rowcount_bad
KS02753,ddf_name_collision;ddf_rowcount_bad
KS02754,ddf_name_collision;ddf_rowcount_bad
KS02756,ddf_name_collision;ddf_rowcount_bad
KS02757,ddf_name_collision;ddf_rowcount_bad
KS02758,ddf_name_collision;ddf_rowcount_bad
KS02759,ddf_name_collision;ddf_rowcount_bad
KS02761,ddf_name_collision;ddf_rowcount_bad
KS02762,ddf_name_collision;ddf_rowcount_bad
KS02763,ddf_name_collision;ddf_rowcount_bad
KS02764,ddf_name_collision;ddf_rowcount_bad
KS02765,ddf_name_collision;ddf_rowcount_bad
KS02767,ddf_name_collision;ddf_rowcount_bad
KS02769,ddf_name_collision;ddf_rowcount_bad
KS02770,ddf_name_collision;ddf_rowcount_bad
KS02771,ddf_name_collision;ddf_rowcount_bad
KS02772,ddf_name_collision;ddf_rowcount_bad
KS02773,ddf_name_collision;ddf_rowcount_bad
KS02774,ddf_name_collision;ddf_rowcount_bad
KS02775,ddf_name_collision;ddf_rowcount_bad
KS02776,ddf_name_collision;ddf_rowcount_bad
KS02777,ddf_name_collision;ddf_rowcount_bad
KS02778,ddf_name_collision;ddf_rowcount_bad
KS02779,ddf_name_collision;ddf_rowcount_bad
KS02780,ddf_name_collision;ddf_rowcount_bad
KS02783,ddf_name_collision;ddf_rowcount_bad
KS02786,ddf_name_collision;ddf_rowcount_bad
KS02788,ddf_name_collision;ddf_rowcount_bad
KS02789,ddf_name_collision;ddf_rowcount_bad
KS02790,ddf_name_collision;ddf_rowcount_bad
KS02791,ddf_name_collision;ddf_rowcount_bad
KS02792,ddf_name_collision;ddf_rowcount_bad
KS02793,ddf_name_collision;ddf_rowcount_bad
KS02794,ddf_name_collision;ddf_rowcount_bad
KS02795,ddf_name_collision;ddf_rowcount_bad
KS02796,ddf_name_collision;ddf_rowcount_bad
KS02797,ddf_name_collision;ddf_rowcount_bad
KS02798,ddf_name_collision;ddf_rowcount_bad
KS02799,ddf_name_collision;ddf_rowcount_bad
KS02800,ddf_name_collision;ddf_rowcount_bad
KS02801,ddf_name_collision;ddf_rowcount_bad
KS02802,ddf_name_collision;ddf_rowcount_bad
KS02803,ddf_name_collision;ddf_rowcount_bad
KS02804,ddf_name_collision;ddf_rowcount_bad
KS02805,ddf_name_collision;ddf_rowcount_bad
KS02806,ddf_name_collision;ddf_rowcount_bad
KS02807,ddf_name_collision;ddf_rowcount_bad
KS02808,ddf_name_collision;ddf_rowcount_bad
KS02810,ddf_name_collision;ddf_rowcount_bad
KS02811,ddf_name_collision;ddf_rowcount_bad
KS02812,ddf_name_collision;ddf_rowcount_bad
KS02813,ddf_name_collision;ddf_rowcount_bad
KS02814,ddf_name_collision;ddf_rowcount_bad
KS02815,ddf_name_collision;ddf_rowcount_bad
KS02816,ddf_name_collision;ddf_rowcount_bad
KS02817,ddf_name_collision;ddf_rowcount_bad
KS02818,ddf_name_collision;ddf_rowcount_bad
KS02819,ddf_name_collision;ddf_rowcount_bad
KS02820,ddf_name_collision;ddf_rowcount_bad
KS02821,ddf_name_collision;ddf_rowcount_bad;tail_sensitivity_lost_name_collision
KS02822,ddf_name_collision;ddf_rowcount_bad
KS02823,ddf_name_collision;ddf_rowcount_bad
KS02824,ddf_name_collision;ddf_rowcount_bad
KS02825,ddf_name_collision;ddf_rowcount_bad
KS02826,ddf_name_collision;ddf_rowcount_bad
KS02827,ddf_name_collision;ddf_rowcount_bad
KS02828,ddf_name_collision;ddf_rowcount_bad
KS02829,ddf_name_collision;ddf_rowcount_bad
KS02830,ddf_name_collision;ddf_rowcount_bad
KS02831,ddf_name_collision;ddf_rowcount_bad
KS02832,ddf_name_collision;ddf_rowcount_bad
KS02833,ddf_name_collision;ddf_rowcount_bad
KS02834,ddf_name_collision;ddf_rowcount_bad
KS02835,ddf_name_collision;ddf_rowcount_bad
KS02836,ddf_name_collision;ddf_rowcount_bad
KS02837,ddf_name_collision;ddf_rowcount_bad
KS02838,ddf_name_collision;ddf_rowcount_bad
KS02839,ddf_name_collision;ddf_rowcount_bad
KS02840,ddf_name_collision;ddf_rowcount_bad
KS02841,ddf_name_collision;ddf_rowcount_bad
KS02842,ddf_name_collision;ddf_rowcount_bad
KS02843,ddf_name_collision;ddf_rowcount_bad
KS02844,ddf_name_collision;ddf_rowcount_bad
KS02845,ddf_name_collision;ddf_rowcount_bad
KS02846,ddf_name_collision;ddf_rowcount_bad
KS02849,ddf_name_collision;ddf_rowcount_bad
KS02851,ddf_name_collision;ddf_rowcount_bad
KS02852,ddf_name_collision;ddf_rowcount_bad
KS02853,ddf_name_collision;ddf_rowcount_bad
KS02854,ddf_name_collision;ddf_rowcount_bad
KS02856,ddf_name_collision;ddf_rowcount_bad
KS02857,ddf_name_collision;ddf_rowcount_bad
KS02858,ddf_name_collision;ddf_rowcount_bad
KS02859,ddf_name_collision;ddf_rowcount_bad
KS02860,ddf_name_collision;ddf_rowcount_bad
KS02861,ddf_name_collision;ddf_rowcount_bad
KS02862,ddf_name_collision;ddf_rowcount_bad
KS02863,ddf_name_collision;ddf_rowcount_bad
KS02864,ddf_name_collision;ddf_rowcount_bad
KS02865,ddf_name_collision;ddf_rowcount_bad
KS02866,ddf_name_collision;ddf_rowcount_bad
KS02867,ddf_name_collision;ddf_rowcount_bad
KS02868,ddf_name_collision;ddf_rowcount_bad
KS02869,ddf_name_collision;ddf_rowcount_bad
KS02870,ddf_name_collision;ddf_rowcount_bad
KS02871,ddf_name_collision;ddf_rowcount_bad
KS02872,ddf_name_collision;ddf_rowcount_bad
KS02873,ddf_name_collision;ddf_rowcount_bad
KS02874,ddf_name_collision;ddf_rowcount_bad
KS02875,ddf_name_collision;ddf_rowcount_bad
KS02876,ddf_name_collision;ddf_rowcount_bad
KS02877,ddf_name_collision;ddf_rowcount_bad
KS02878,ddf_name_collision;ddf_rowcount_bad
KS02879,ddf_name_collision;ddf_rowcount_bad
KS02880,ddf_name_collision;ddf_rowcount_bad
KS02881,ddf_name_collision;ddf_rowcount_bad
KS02882,ddf_name_collision;ddf_rowcount_bad
KS02883,ddf_name_collision;ddf_rowcount_bad
KS02886,ddf_name_collision;ddf_rowcount_bad
KS02887,ddf_name_collision;ddf_rowcount_bad
KS02888,ddf_name_collision;ddf_rowcount_bad
KS02889,ddf_name_collision;ddf_rowcount_bad
KS02890,ddf_name_collision;ddf_rowcount_bad
KS02891,ddf_name_collision;ddf_rowcount_bad
KS02892,ddf_name_collision;ddf_rowcount_bad
KS02893,ddf_name_collision;ddf_rowcount_bad
KS02894,ddf_name_collision;ddf_rowcount_bad
KS02895,ddf_name_collision;ddf_rowcount_bad
KS02896,ddf_name_collision;ddf_rowcount_bad
KS02897,ddf_name_collision;ddf_rowcount_bad
KS02898,ddf_name_collision;ddf_rowcount_bad
KS02899,ddf_name_collision;ddf_rowcount_bad
KS02900,ddf_name_collision;ddf_rowcount_bad
KS02901,ddf_name_collision;ddf_rowcount_bad
KS02902,ddf_name_collision;ddf_rowcount_bad
KS02903,ddf_name_collision;ddf_rowcount_bad
KS02904,ddf_name_collision;ddf_rowcount_bad
KS02905,ddf_name_collision;ddf_rowcount_bad
KS02906,ddf_name_collision;ddf_rowcount_bad
KS02907,ddf_name_collision;ddf_rowcount_bad
KS02908,ddf_name_collision;ddf_rowcount_bad
KS02909,ddf_name_collision;ddf_rowcount_bad
KS02910,ddf_name_collision;ddf_rowcount_bad
KS02911,ddf_name_collision;ddf_rowcount_bad
KS02912,ddf_name_collision;ddf_rowcount_bad
KS02913,ddf_name_collision;ddf_rowcount_bad
KS02914,ddf_name_collision;ddf_rowcount_bad
KS02915,ddf_name_collision;ddf_rowcount_bad
KS02916,ddf_name_collision;ddf_rowcount_bad
KS02917,ddf_name_collision;ddf_rowcount_bad
KS02918,ddf_name_collision;ddf_rowcount_bad
KS02919,ddf_name_collision;ddf_rowcount_bad
KS02920,ddf_name_collision;ddf_rowcount_bad
KS02921,ddf_name_collision;ddf_rowcount_bad;tail_sensitivity_lost_name_collision
KS02922,ddf_name_collision;ddf_rowcount_bad
KS02923,ddf_name_collision;ddf_rowcount_bad
KS02924,ddf_name_collision;ddf_rowcount_bad
KS02925,ddf_name_collision;ddf_rowcount_bad
KS02927,ddf_name_collision;ddf_rowcount_bad
KS02928,ddf_name_collision;ddf_rowcount_bad
KS02931,ddf_name_collision;ddf_rowcount_bad
KS02932,ddf_name_collision;ddf_rowcount_bad
KS02935,ddf_name_collision;ddf_rowcount_bad
KS02936,ddf_name_collision;ddf_rowcount_bad
KS02937,ddf_name_collision;ddf_rowcount_bad
KS02938,ddf_name_collision;ddf_rowcount_bad
KS02939,ddf_name_collision;ddf_rowcount_bad
KS02940,ddf_name_collision;ddf_rowcount_bad
KS02942,ddf_name_collision;ddf_rowcount_bad
KS02943,ddf_name_collision;ddf_rowcount_bad
KS02944,ddf_name_collision;ddf_rowcount_bad
KS02945,ddf_name_collision;ddf_rowcount_bad
KS02946,ddf_name_collision;ddf_rowcount_bad
KS02947,ddf_name_collision;ddf_rowcount_bad
KS02948,ddf_name_collision
KS02949,ddf_name_collision;ddf_rowcount_bad
KS02950,ddf_name_collision;ddf_rowcount_bad
KS02951,ddf_name_collision;ddf_rowcount_bad
KS02952,ddf_name_collision;ddf_rowcount_bad
KS02953,ddf_name_collision;ddf_rowcount_bad
KS02954,ddf_name_collision;ddf_rowcount_bad;tail_sensitivity_lost_name_collision
KS02955,ddf_name_collision;ddf_rowcount_bad
KS02956,ddf_name_collision;ddf_rowcount_bad
KS02957,ddf_name_collision;ddf_rowcount_bad
KS02958,ddf_name_collision;ddf_rowcount_bad
KS02959,ddf_name_collision;ddf_rowcount_bad;tail_sensitivity_lost_name_collision
KS02960,ddf_name_collision;ddf_rowcount_bad
KS02962,ddf_name_collision;ddf_rowcount_bad
KS02963,ddf_name_collision;ddf_rowcount_bad
KS02964,ddf_name_collision;ddf_rowcount_bad
KS02965,ddf_name_collision;ddf_rowcount_bad;tail_sensitivity_lost_name_collision
KS02967,ddf_name_collision;ddf_rowcount_bad
KS02968,ddf_name_collision;ddf_rowcount_bad
KS02970,ddf_name_collision;ddf_rowcount_bad
KS02971,ddf_name_collision;ddf_rowcount_bad;tail_sensitivity_lost_name_collision
KS02972,ddf_name_collision;ddf_rowcount_bad
KS02973,ddf_name_collision;ddf_rowcount_bad
KS02975,ddf_name_collision;ddf_rowcount_bad
KS02976,ddf_name_collision;ddf_rowcount_bad
KS02977,ddf_name_collision;ddf_rowcount_bad
KS02978,ddf_name_collision;ddf_rowcount_bad;tail_sensitivity_lost_name_collision
KS02979,ddf_name_collision;ddf_rowcount_bad
KS02980,ddf_name_collision;ddf_rowcount_bad
KS02981,ddf_name_collision;ddf_rowcount_bad
KS02982,ddf_name_collision;ddf_rowcount_bad
KS02983,ddf_name_collision
KS02984,ddf_name_collision;tail_sensitivity_lost_name_collision
KS02985,ddf_name_collision;ddf_rowcount_bad
KS02986,ddf_name_collision;ddf_rowcount_bad
KS02988,ddf_name_collision;ddf_rowcount_bad
KS02989,ddf_name_collision
KS02992,ddf_name_collision;ddf_rowcount_bad
KS02993,ddf_name_collision;ddf_rowcount_bad
KS02994,ddf_name_collision;ddf_rowcount_bad
KS02997,ddf_name_collision;ddf_rowcount_bad
KS02998,ddf_name_collision;ddf_rowcount_bad
KS02999,ddf_name_collision;ddf_rowcount_bad
KS03000,ddf_name_collision;ddf_rowcount_bad
KS03001,ddf_name_collision;ddf_rowcount_bad
KS03002,ddf_name_collision;ddf_rowcount_bad;tail_sensitivity_lost_name_collision
KS03003,ddf_name_collision;ddf_rowcount_bad
KS03004,ddf_name_collision;ddf_rowcount_bad
KS03005,ddf_name_collision;ddf_rowcount_bad
KS03007,ddf_name_collision;ddf_rowcount_bad
KS03008,ddf_name_collision;ddf_rowcount_bad
KS03009,ddf_name_collision;ddf_rowcount_bad
KS03010,ddf_name_collision;ddf_rowcount_bad
KS03011,ddf_name_collision;ddf_rowcount_bad
KS03012,ddf_name_collision;ddf_rowcount_bad
KS03013,ddf_name_collision
KS03014,ddf_name_collision;ddf_rowcount_bad
KS03015,ddf_name_collision;ddf_rowcount_bad
KS03016,ddf_name_collision;ddf_rowcount_bad
KS03017,ddf_name_collision;ddf_rowcount_bad
KS03018,ddf_name_collision;ddf_rowcount_bad
KS03019,ddf_name_collision;ddf_rowcount_bad
KS03020,ddf_name_collision;ddf_rowcount_bad
KS03021,ddf_name_collision;ddf_rowcount_bad
KS03022,ddf_name_collision;ddf_rowcount_bad
KS03023,ddf_name_collision;ddf_rowcount_bad
KS03024,ddf_name_collision;ddf_rowcount_bad
KS03025,ddf_name_collision;ddf_rowcount_bad
KS03026,ddf_name_collision;ddf_rowcount_bad
KS03027,ddf_name_collision;ddf_rowcount_bad
KS03028,ddf_name_collision;ddf_rowcount_bad
KS03029,ddf_name_collision;ddf_rowcount_bad
KS03030,ddf_name_collision;ddf_rowcount_bad
KS03031,ddf_name_collision;ddf_rowcount_bad
KS03032,ddf_name_collision;ddf_rowcount_bad
KS03033,ddf_name_collision;ddf_rowcount_bad
KS03034,ddf_name_collision;ddf_rowcount_bad
KS03035,ddf_name_collision;ddf_rowcount_bad
KS03036,ddf_name_collision;ddf_rowcount_bad
KS03037,ddf_name_collision;ddf_rowcount_bad
KS03038,ddf_name_collision;ddf_rowcount_bad
KS03039,ddf_name_collision;ddf_rowcount_bad
KS03040,ddf_name_collision;ddf_rowcount_bad
KS03041,ddf_name_collision;ddf_rowcount_bad
KS03042,ddf_name_collision;ddf_rowcount_bad
KS03043,ddf_name_collision;ddf_rowcount_bad
KS03044,ddf_name_collision;ddf_rowcount_bad
KS03045,ddf_name_collision;ddf_rowcount_bad
KS03046,ddf_name_collision;ddf_rowcount_bad
KS03047,ddf_name_collision;ddf_rowcount_bad
KS03048,ddf_name_collision;ddf_rowcount_bad
KS03049,ddf_name_collision;ddf_rowcount_bad
KS03050,ddf_name_collision;ddf_rowcount_bad
KS03051,ddf_name_collision;ddf_rowcount_bad
KS03052,ddf_name_collision;ddf_rowcount_bad
KS03053,ddf_name_collision;ddf_rowcount_bad
KS03054,ddf_name_collision;ddf_rowcount_bad
KS03055,ddf_name_collision;ddf_rowcount_bad
KS03056,ddf_name_collision;ddf_rowcount_bad
KS03057,ddf_name_collision;ddf_rowcount_bad
KS03058,ddf_name_collision;ddf_rowcount_bad
KS03059,ddf_name_collision;ddf_rowcount_bad
KS03060,ddf_name_collision;ddf_rowcount_bad
KS03061,ddf_name_collision;ddf_rowcount_bad
KS03062,ddf_name_collision;ddf_rowcount_bad
KS03063,ddf_name_collision;ddf_rowcount_bad
KS03064,ddf_name_collision;ddf_rowcount_bad
KS03065,ddf_name_collision;ddf_rowcount_bad
KS03066,ddf_name_collision;ddf_rowcount_bad
KS03067,ddf_name_collision;ddf_rowcount_bad
KS03068,ddf_name_collision;ddf_rowcount_bad
KS03069,ddf_name_collision;ddf_rowcount_bad
KS03071,ddf_name_collision;ddf_rowcount_bad
KS03072,ddf_name_collision;ddf_rowcount_bad
KS03073,ddf_name_collision;ddf_rowcount_bad
KS03074,ddf_name_collision;ddf_rowcount_bad
KS03075,ddf_name_collision;ddf_rowcount_bad
KS03076,ddf_name_collision;ddf_rowcount_bad
KS03077,ddf_name_collision;ddf_rowcount_bad
KS03078,ddf_name_collision;ddf_rowcount_bad
KS03080,ddf_name_collision;ddf_rowcount_bad
KS03081,ddf_name_collision;ddf_rowcount_bad
KS03082,ddf_name_collision;ddf_rowcount_bad
KS03083,ddf_name_collision;ddf_rowcount_bad
KS03084,ddf_name_collision;ddf_rowcount_bad
KS03085,ddf_name_collision;ddf_rowcount_bad
KS03086,ddf_name_collision;ddf_rowcount_bad
KS03087,ddf_name_collision;ddf_rowcount_bad
KS03088,ddf_name_collision;ddf_rowcount_bad
KS03089,ddf_name_collision;ddf_rowcount_bad
KS03090,ddf_name_collision;ddf_rowcount_bad
KS03091,ddf_name_collision;ddf_rowcount_bad
KS03092,ddf_name_collision;ddf_rowcount_bad
KS03093,ddf_name_collision;ddf_rowcount_bad
KS03094,ddf_name_collision;ddf_rowcount_bad
KS03095,ddf_name_collision;ddf_rowcount_bad
KS03096,ddf_name_collision;ddf_rowcount_bad
KS03097,ddf_name_collision;ddf_rowcount_bad
KS03098,ddf_name_collision;ddf_rowcount_bad
KS03099,ddf_name_collision;ddf_rowcount_bad
KS03100,ddf_name_collision;ddf_rowcount_bad
KS03101,ddf_name_collision;ddf_rowcount_bad
KS03102,ddf_name_collision;ddf_rowcount_bad
KS03103,ddf_name_collision;ddf_rowcount_bad
KS03104,ddf_name_collision;ddf_rowcount_bad
KS03105,ddf_name_collision;ddf_rowcount_bad
KS03106,ddf_name_collision;ddf_rowcount_bad
KS03107,ddf_name_collision;ddf_rowcount_bad
KS03108,ddf_name_collision;ddf_rowcount_bad
KS03109,ddf_name_collision;ddf_rowcount_bad
KS03110,ddf_name_collision;ddf_rowcount_bad
KS03111,ddf_name_collision;ddf_rowcount_bad
KS03112,ddf_name_collision;ddf_rowcount_bad
KS03113,ddf_name_collision;ddf_rowcount_bad
KS03114,ddf_name_collision;ddf_rowcount_bad
KS03115,ddf_name_collision;ddf_rowcount_bad
KS03116,ddf_name_collision;ddf_rowcount_bad
KS03117,ddf_name_collision;ddf_rowcount_bad
KS03118,ddf_name_collision;ddf_rowcount_bad;tail_sensitivity_lost_name_collision
KS03119,ddf_name_collision;ddf_rowcount_bad
KS03120,ddf_name_collision;ddf_rowcount_bad
KS03121,ddf_name_collision;ddf_rowcount_bad
KS03122,ddf_name_collision;ddf_rowcount_bad
KS03123,ddf_name_collision;ddf_rowcount_bad
KS03124,ddf_name_collision;ddf_rowcount_bad
KS03125,ddf_name_collision;ddf_rowcount_bad
KS03127,ddf_name_collision;ddf_rowcount_bad
KS03128,ddf_name_collision;ddf_rowcount_bad
KS03129,ddf_name_collision;ddf_rowcount_bad
KS03130,ddf_name_collision;ddf_rowcount_bad
KS03131,ddf_name_collision;ddf_rowcount_bad
KS03132,ddf_name_collision;ddf_rowcount_bad
KS03133,ddf_name_collision;ddf_rowcount_bad
KS03134,ddf_name_collision;ddf_rowcount_bad
KS03135,ddf_name_collision;ddf_rowcount_bad
KS03136,ddf_name_collision;ddf_rowcount_bad
KS03137,ddf_name_collision;ddf_rowcount_bad
KS03138,ddf_name_collision;ddf_rowcount_bad
KS03139,ddf_name_collision;ddf_rowcount_bad
KS03140,ddf_name_collision;ddf_rowcount_bad
KS03141,ddf_name_collision;ddf_rowcount_bad
KS03143,ddf_name_collision;ddf_rowcount_bad
KS03144,ddf_name_collision;ddf_rowcount_bad
KS03145,ddf_name_collision;ddf_rowcount_bad
KS03146,ddf_name_collision;ddf_rowcount_bad
KS03147,ddf_name_collision;ddf_rowcount_bad
KS03148,ddf_name_collision;ddf_rowcount_bad
KS03149,ddf_name_collision;ddf_rowcount_bad
KS03150,ddf_name_collision;ddf_rowcount_bad
KS03151,ddf_name_collision;ddf_rowcount_bad
KS03152,ddf_name_collision;ddf_rowcount_bad
KS03153,ddf_name_collision;ddf_rowcount_bad
KS03154,ddf_name_collision;ddf_rowcount_bad
KS03155,ddf_name_collision;ddf_rowcount_bad
KS03156,ddf_name_collision;ddf_rowcount_bad
KS03157,ddf_name_collision;ddf_rowcount_bad
KS03158,ddf_name_collision;ddf_rowcount_bad
KS03159,ddf_name_collision;ddf_rowcount_bad
KS03160,ddf_name_collision;ddf_rowcount_bad
KS03161,ddf_name_collision;ddf_rowcount_bad
KS03162,ddf_name_collision;ddf_rowcount_bad
KS03163,ddf_name_collision;ddf_rowcount_bad
KS03164,ddf_name_collision;ddf_rowcount_bad
KS03165,ddf_name_collision;ddf_rowcount_bad
KS03166,ddf_name_collision;ddf_rowcount_bad
KS03167,ddf_name_collision;ddf_rowcount_bad
KS03168,ddf_name_collision;ddf_rowcount_bad
KS03169,ddf_name_collision;ddf_rowcount_bad
KS03170,ddf_name_collision;ddf_rowcount_bad
KS03171,ddf_name_collision;ddf_rowcount_bad
KS03172,ddf_name_collision;ddf_rowcount_bad
KS03173,ddf_name_collision;ddf_rowcount_bad
KS03174,ddf_name_collision;ddf_rowcount_bad
KS03175,ddf_name_collision;ddf_rowcount_bad
KS03176,ddf_name_collision;ddf_rowcount_bad
KS03177,ddf_name_collision;ddf_rowcount_bad
KS03178,ddf_name_collision;ddf_rowcount_bad
KS03179,ddf_name_collision;ddf_rowcount_bad
KS03180,ddf_name_collision;ddf_rowcount_bad
KS03181,ddf_name_collision;ddf_rowcount_bad
KS03182,ddf_name_collision;ddf_rowcount_bad
KS03183,ddf_name_collision;ddf_rowcount_bad
KS03184,ddf_name_collision;ddf_rowcount_bad
KS03185,ddf_name_collision;ddf_rowcount_bad
KS03186,ddf_name_collision;ddf_rowcount_bad
KS03187,ddf_name_collision;ddf_rowcount_bad
KS03188,ddf_name_collision;ddf_rowcount_bad
KS03189,ddf_name_collision;ddf_rowcount_bad
KS03190,ddf_name_collision;ddf_rowcount_bad
KS03191,ddf_name_collision;ddf_rowcount_bad
KS03192,ddf_name_collision;ddf_rowcount_bad
KS03193,ddf_name_collision;ddf_rowcount_bad
KS03194,ddf_name_collision;ddf_rowcount_bad
KS03195,ddf_name_collision;ddf_rowcount_bad
KS03196,ddf_name_collision;ddf_rowcount_bad
KS03197,ddf_name_collision;ddf_rowcount_bad
KS03198,ddf_name_collision;ddf_rowcount_bad
KS03200,ddf_name_collision;ddf_rowcount_bad
KS03201,ddf_name_collision;ddf_rowcount_bad
KS03202,ddf_name_collision;ddf_rowcount_bad
KS03203,ddf_name_collision;ddf_rowcount_bad
KS03204,ddf_name_collision;ddf_rowcount_bad
KS03205,ddf_name_collision;ddf_rowcount_bad
KS03206,ddf_name_collision;ddf_rowcount_bad
KS03208,ddf_name_collision;ddf_rowcount_bad
KS03209,ddf_name_collision;ddf_rowcount_bad
KS03210,ddf_name_collision;ddf_rowcount_bad
KS03211,ddf_name_collision;ddf_rowcount_bad
KS03212,ddf_name_collision;ddf_rowcount_bad
KS03213,ddf_name_collision;ddf_rowcount_bad
KS03214,ddf_name_collision;ddf_rowcount_bad
KS03215,ddf_name_collision;ddf_rowcount_bad;tail_sensitivity_lost_name_collision
KS03216,ddf_name_collision;ddf_rowcount_bad
KS03217,ddf_name_collision;ddf_rowcount_bad
KS03219,ddf_name_collision;ddf_rowcount_bad
KS03220,ddf_name_collision;ddf_rowcount_bad;tail_sensitivity_lost_name_collision
KS03221,ddf_name_collision;ddf_rowcount_bad
KS03222,ddf_name_collision;ddf_rowcount_bad
KS03223,ddf_name_collision;ddf_rowcount_bad
KS03224,ddf_name_collision;ddf_rowcount_bad
KS03225,ddf_name_collision;ddf_rowcount_bad;tail_sensitivity_lost_name_collision
KS03226,ddf_name_collision;ddf_rowcount_bad
KS03227,ddf_name_collision;ddf_rowcount_bad
KS03228,ddf_name_collision;ddf_rowcount_bad
KS03229,ddf_name_collision;ddf_rowcount_bad
KS03231,ddf_name_collision;ddf_rowcount_bad;tail_sensitivity_lost_name_collision
KS03232,ddf_name_collision;ddf_rowcount_bad
KS03233,ddf_name_collision;ddf_rowcount_bad;tail_sensitivity_lost_name_collision
KS03234,ddf_name_collision;ddf_rowcount_bad;tail_sensitivity_lost_name_collision
KS03235,ddf_name_collision;ddf_rowcount_bad
KS03236,ddf_name_collision;ddf_rowcount_bad
KS03237,ddf_name_collision;ddf_rowcount_bad
KS03238,ddf_name_collision;ddf_rowcount_bad
KS03239,ddf_name_collision;ddf_rowcount_bad
KS03240,ddf_name_collision;ddf_rowcount_bad
KS03241,ddf_name_collision;ddf_rowcount_bad
KS03242,ddf_name_collision;ddf_rowcount_bad
KS03243,ddf_name_collision;ddf_rowcount_bad
KS03244,ddf_name_collision;ddf_rowcount_bad
KS03245,ddf_name_collision;ddf_rowcount_bad
KS03246,ddf_name_collision;ddf_rowcount_bad
KS03247,ddf_name_collision;ddf_rowcount_bad
KS03249,ddf_name_collision;ddf_rowcount_bad
KS03251,ddf_name_collision;ddf_rowcount_bad
KS03252,ddf_name_collision;ddf_rowcount_bad;tail_sensitivity_lost_name_collision
KS03254,ddf_name_collision;ddf_rowcount_bad
KS03255,ddf_name_collision;ddf_rowcount_bad
KS03256,ddf_name_collision;ddf_rowcount_bad
KS03257,ddf_name_collision;ddf_rowcount_bad
KS03258,ddf_name_collision;tail_sensitivity_lost_name_collision
KS03260,ddf_name_collision;ddf_rowcount_bad
KS03261,ddf_name_collision;ddf_rowcount_bad
KS03262,ddf_name_collision;ddf_rowcount_bad
KS03263,ddf_name_collision;ddf_rowcount_bad
KS03264,ddf_name_collision;ddf_rowcount_bad
KS03265,ddf_name_collision;ddf_rowcount_bad;tail_sensitivity_lost_name_collision
KS03266,ddf_name_collision;ddf_rowcount_bad
KS03268,ddf_name_collision;ddf_rowcount_bad
KS03269,ddf_name_collision;ddf_rowcount_bad
KS03270,ddf_name_collision;ddf_rowcount_bad
KS03271,ddf_name_collision;ddf_rowcount_bad
KS03275,ddf_name_collision;ddf_rowcount_bad;tail_sensitivity_lost_name_collision
KS03276,ddf_name_collision;ddf_rowcount_bad
KS03277,ddf_name_collision;ddf_rowcount_bad;tail_sensitivity_lost_name_collision
KS03279,ddf_name_collision;ddf_rowcount_bad
KS03280,ddf_name_collision;ddf_rowcount_bad
KS03281,ddf_name_collision;ddf_rowcount_bad
KS03282,ddf_name_collision;ddf_rowcount_bad
KS03283,ddf_name_collision;ddf_rowcount_bad
KS03284,ddf_name_collision;ddf_rowcount_bad
KS03285,ddf_name_collision;ddf_rowcount_bad
KS03286,ddf_name_collision;ddf_rowcount_bad
KS03287,ddf_name_collision;ddf_rowcount_bad
KS03288,ddf_name_collision;ddf_rowcount_bad
KS03289,ddf_name_collision;ddf_rowcount_bad
KS03291,ddf_name_collision;ddf_rowcount_bad
KS03292,ddf_name_collision;ddf_rowcount_bad
KS03293,ddf_name_collision;ddf_rowcount_bad
KS03294,ddf_name_collision;ddf_rowcount_bad
KS03295,ddf_name_collision;ddf_rowcount_bad
KS03296,ddf_name_collision;ddf_rowcount_bad
KS03297,ddf_name_collision;ddf_rowcount_bad
KS03298,ddf_name_collision;ddf_rowcount_bad
KS03299,ddf_name_collision;ddf_rowcount_bad
KS03300,ddf_name_collision;ddf_rowcount_bad
KS03301,ddf_name_collision;ddf_rowcount_bad
KS03302,ddf_name_collision;ddf_rowcount_bad
KS03303,ddf_name_collision;ddf_rowcount_bad
KS03304,ddf_name_collision;ddf_rowcount_bad
KS03305,ddf_name_collision;ddf_rowcount_bad
KS03306,ddf_name_collision;ddf_rowcount_bad
KS03307,ddf_name_collision;ddf_rowcount_bad
KS03308,ddf_name_collision;ddf_rowcount_bad
KS03309,ddf_name_collision;ddf_rowcount_bad
KS03310,ddf_name_collision;ddf_rowcount_bad
KS03311,ddf_name_collision;ddf_rowcount_bad
KS03312,ddf_name_collision;ddf_rowcount_bad
KS03313,ddf_name_collision;ddf_rowcount_bad
KS03314,ddf_name_collision;ddf_rowcount_bad
KS03315,ddf_name_collision;ddf_rowcount_bad
KS03316,ddf_name_collision;ddf_rowcount_bad
KS03317,ddf_name_collision;ddf_rowcount_bad
KS03318,ddf_name_collision;ddf_rowcount_bad
KS03319,ddf_name_collision;ddf_rowcount_bad
KS03320,ddf_name_collision;ddf_rowcount_bad
KS03321,ddf_name_collision;ddf_rowcount_bad
KS03322,ddf_name_collision;ddf_rowcount_bad
KS03323,ddf_name_collision;ddf_rowcount_bad
KS03324,ddf_name_collision;ddf_rowcount_bad
KS03325,ddf_name_collision;ddf_rowcount_bad
KS03326,ddf_name_collision;ddf_rowcount_bad
KS03327,ddf_name_collision;ddf_rowcount_bad
KS03328,ddf_name_collision;ddf_rowcount_bad
KS03329,ddf_name_collision;ddf_rowcount_bad
KS03330,ddf_name_collision;ddf_rowcount_bad
KS03331,ddf_name_collision;ddf_rowcount_bad
KS03332,ddf_name_collision;ddf_rowcount_bad
KS03333,ddf_name_collision;ddf_rowcount_bad
KS03334,ddf_name_collision;ddf_rowcount_bad
KS03335,ddf_name_collision;ddf_rowcount_bad
KS03336,ddf_name_collision;ddf_rowcount_bad
KS03337,ddf_name_collision;ddf_rowcount_bad
KS03338,ddf_name_collision;ddf_rowcount_bad
KS03339,ddf_name_collision;ddf_rowcount_bad
KS03340,ddf_name_collision;ddf_rowcount_bad
KS03341,ddf_name_collision;ddf_rowcount_bad
KS03342,ddf_name_collision;ddf_rowcount_bad
KS03343,ddf_name_collision;ddf_rowcount_bad
KS03344,ddf_name_collision;ddf_rowcount_bad
KS03345,ddf_name_collision;ddf_rowcount_bad
KS03346,ddf_name_collision;ddf_rowcount_bad
KS03347,ddf_name_collision;ddf_rowcount_bad
KS03348,ddf_name_collision;ddf_rowcount_bad
KS03349,ddf_name_collision;ddf_rowcount_bad
KS03350,ddf_name_collision;ddf_rowcount_bad
KS03351,ddf_name_collision;ddf_rowcount_bad
KS03352,ddf_name_collision;ddf_rowcount_bad
KS03353,ddf_name_collision;ddf_rowcount_bad
KS03354,ddf_name_collision;ddf_rowcount_bad
KS03355,ddf_name_collision;ddf_rowcount_bad
KS03356,ddf_name_collision;ddf_rowcount_bad
KS03357,ddf_name_collision;ddf_rowcount_bad
KS03358,ddf_name_collision;ddf_rowcount_bad
KS03359,ddf_name_collision;ddf_rowcount_bad
KS03360,ddf_name_collision;ddf_rowcount_bad
KS03361,ddf_name_collision;ddf_rowcount_bad
KS03362,ddf_name_collision;ddf_rowcount_bad
KS03363,ddf_name_collision;ddf_rowcount_bad
KS03364,ddf_name_collision;ddf_rowcount_bad
KS03365,ddf_name_collision;ddf_rowcount_bad
KS03366,ddf_name_collision;ddf_rowcount_bad
KS03367,ddf_name_collision;ddf_rowcount_bad
KS03368,ddf_name_collision;ddf_rowcount_bad
KS03369,ddf_name_collision;ddf_rowcount_bad
KS03370,ddf_name_collision;ddf_rowcount_bad
KS03371,ddf_name_collision;ddf_rowcount_bad
KS03372,ddf_name_collision;ddf_rowcount_bad
KS03373,ddf_name_collision;ddf_rowcount_bad
KS03374,ddf_name_collision;ddf_rowcount_bad
KS03375,ddf_name_collision;ddf_rowcount_bad
KS03376,ddf_name_collision;ddf_rowcount_bad
KS03377,ddf_name_collision;ddf_rowcount_bad
KS03379,ddf_name_collision;ddf_rowcount_bad
KS03380,ddf_name_collision;ddf_rowcount_bad
KS03382,ddf_name_collision;ddf_rowcount_bad
KS03383,ddf_name_collision;ddf_rowcount_bad
KS03384,ddf_name_collision;ddf_rowcount_bad
KS03385,ddf_name_collision;ddf_rowcount_bad
KS03386,ddf_name_collision;ddf_rowcount_bad
KS03387,ddf_name_collision;ddf_rowcount_bad
KS03388,ddf_name_collision;ddf_rowcount_bad
KS03389,ddf_name_collision;ddf_rowcount_bad
KS03390,ddf_name_collision;ddf_rowcount_bad
KS03391,ddf_name_collision;ddf_rowcount_bad
KS03392,ddf_name_collision;ddf_rowcount_bad
KS03393,ddf_name_collision;ddf_rowcount_bad
KS03394,ddf_name_collision;ddf_rowcount_bad
KS03395,ddf_name_collision;ddf_rowcount_bad
KS03396,ddf_name_collision;ddf_rowcount_bad
KS03397,ddf_name_collision;ddf_rowcount_bad
KS03398,ddf_name_collision;ddf_rowcount_bad
KS03399,ddf_name_collision;ddf_rowcount_bad
KS03400,ddf_name_collision;ddf_rowcount_bad
KS03401,ddf_name_collision;ddf_rowcount_bad
KS03402,ddf_name_collision;ddf_rowcount_bad
KS03403,ddf_name_collision;ddf_rowcount_bad
KS03404,ddf_name_collision;ddf_rowcount_bad
KS03405,ddf_name_collision;ddf_rowcount_bad
KS03406,ddf_name_collision;ddf_rowcount_bad
KS03407,ddf_name_collision;ddf_rowcount_bad
KS03408,ddf_name_collision;ddf_rowcount_bad
KS03410,ddf_name_collision;ddf_rowcount_bad
KS03411,ddf_name_collision;ddf_rowcount_bad
KS03412,ddf_name_collision;ddf_rowcount_bad
KS03413,ddf_name_collision;ddf_rowcount_bad
KS03414,ddf_name_collision;ddf_rowcount_bad
KS03415,ddf_name_collision;ddf_rowcount_bad
KS03416,ddf_name_collision;ddf_rowcount_bad
KS03417,ddf_name_collision;ddf_rowcount_bad
KS03418,ddf_name_collision;ddf_rowcount_bad
KS03419,ddf_name_collision;ddf_rowcount_bad
KS03420,ddf_name_collision;ddf_rowcount_bad
KS03421,ddf_name_collision;ddf_rowcount_bad
KS03422,ddf_name_collision;ddf_rowcount_bad
KS03423,ddf_name_collision;ddf_rowcount_bad
KS03424,ddf_name_collision;ddf_rowcount_bad
KS03425,ddf_name_collision;ddf_rowcount_bad
KS03426,ddf_name_collision;ddf_rowcount_bad
KS03427,ddf_name_collision;ddf_rowcount_bad
KS03428,ddf_name_collision;ddf_rowcount_bad
KS03429,ddf_name_collision;ddf_rowcount_bad
KS03430,ddf_name_collision;ddf_rowcount_bad
KS03431,ddf_name_collision;ddf_rowcount_bad
KS03432,ddf_name_collision;ddf_rowcount_bad
KS03433,ddf_name_collision;ddf_rowcount_bad
KS03434,ddf_name_collision;ddf_rowcount_bad
KS03435,ddf_name_collision;ddf_rowcount_bad
KS03436,ddf_name_collision;ddf_rowcount_bad
KS03437,ddf_name_collision;ddf_rowcount_bad
KS03438,ddf_name_collision;ddf_rowcount_bad
KS03439,ddf_name_collision;ddf_rowcount_bad
KS03440,ddf_name_collision;ddf_rowcount_bad
KS03441,ddf_name_collision;ddf_rowcount_bad
KS03442,ddf_name_collision;ddf_rowcount_bad
KS03443,ddf_name_collision;ddf_rowcount_bad
KS03444,ddf_name_collision;ddf_rowcount_bad
KS03445,ddf_name_collision;ddf_rowcount_bad
KS03446,ddf_name_collision;ddf_rowcount_bad
KS03447,ddf_name_collision;ddf_rowcount_bad
KS03448,ddf_name_collision;ddf_rowcount_bad
KS03449,ddf_name_collision;ddf_rowcount_bad
KS03450,ddf_name_collision;ddf_rowcount_bad
KS03451,ddf_name_collision;ddf_rowcount_bad
KS03453,ddf_name_collision;ddf_rowcount_bad
KS03454,ddf_name_collision;ddf_rowcount_bad
KS03455,ddf_name_collision;ddf_rowcount_bad
KS03456,ddf_name_collision;ddf_rowcount_bad
KS03457,ddf_name_collision;ddf_rowcount_bad
KS03458,ddf_name_collision;ddf_rowcount_bad
KS03459,ddf_name_collision;ddf_rowcount_bad
KS03460,ddf_name_collision;ddf_rowcount_bad
KS03461,ddf_name_collision;ddf_rowcount_bad
KS03462,ddf_name_collision;ddf_rowcount_bad
KS03463,ddf_name_collision;ddf_rowcount_bad
KS03464,ddf_name_collision;ddf_rowcount_bad
KS03465,ddf_name_collision;ddf_rowcount_bad
KS03466,ddf_name_collision;ddf_rowcount_bad
KS03467,ddf_name_collision;ddf_rowcount_bad
KS03468,ddf_name_collision;ddf_rowcount_bad
KS03469,ddf_name_collision;ddf_rowcount_bad
KS03470,ddf_name_collision;ddf_rowcount_bad
KS03471,ddf_name_collision;ddf_rowcount_bad
KS03472,ddf_name_collision;ddf_rowcount_bad
KS03473,ddf_name_collision;ddf_rowcount_bad
KS03474,ddf_name_collision;ddf_rowcount_bad
KS03475,ddf_name_collision;ddf_rowcount_bad
KS03476,ddf_name_collision;ddf_rowcount_bad
KS03477,ddf_name_collision;ddf_rowcount_bad
KS03478,ddf_name_collision;ddf_rowcount_bad
KS03479,ddf_name_collision;ddf_rowcount_bad
KS03480,ddf_name_collision;ddf_rowcount_bad
KS03481,ddf_name_collision;ddf_rowcount_bad
KS03482,ddf_name_collision;ddf_rowcount_bad
KS03483,ddf_name_collision;ddf_rowcount_bad
KS03484,ddf_name_collision;ddf_rowcount_bad
KS03485,ddf_name_collision;ddf_rowcount_bad
KS03486,ddf_name_collision;ddf_rowcount_bad
KS03487,ddf_name_collision;ddf_rowcount_bad
KS03488,ddf_name_collision;ddf_rowcount_bad
KS03489,ddf_name_collision;ddf_rowcount_bad
KS03490,ddf_name_collision;ddf_rowcount_bad
KS03491,ddf_name_collision;ddf_rowcount_bad
KS03492,ddf_name_collision;ddf_rowcount_bad
KS03493,ddf_name_collision;ddf_rowcount_bad
KS03494,ddf_name_collision;ddf_rowcount_bad
KS03495,ddf_name_collision;ddf_rowcount_bad
KS03496,ddf_name_collision;ddf_rowcount_bad
KS03497,ddf_name_collision;ddf_rowcount_bad
KS03498,ddf_name_collision;ddf_rowcount_bad
KS03501,ddf_name_collision;ddf_rowcount_bad
KS03502,ddf_name_collision;ddf_rowcount_bad
KS03504,ddf_name_collision;ddf_rowcount_bad
KS03505,ddf_name_collision;ddf_rowcount_bad
KS03506,ddf_name_collision;ddf_rowcount_bad
KS03508,ddf_name_collision;ddf_rowcount_bad;tail_sensitivity_lost_name_collision
KS03509,ddf_name_collision;ddf_rowcount_bad
KS03510,ddf_name_collision;ddf_rowcount_bad;tail_sensitivity_lost_name_collision
KS03511,ddf_name_collision;ddf_rowcount_bad
KS03512,ddf_name_collision;ddf_rowcount_bad
KS03513,ddf_name_collision;ddf_rowcount_bad
KS03514,ddf_name_collision;ddf_rowcount_bad
KS03515,ddf_name_collision;ddf_rowcount_bad
KS03516,ddf_name_collision;ddf_rowcount_bad
KS03517,ddf_name_collision;ddf_rowcount_bad
KS03518,ddf_name_collision;ddf_rowcount_bad
KS03520,ddf_name_collision;ddf_rowcount_bad
KS03521,ddf_name_collision;ddf_rowcount_bad
KS03522,ddf_name_collision;ddf_rowcount_bad
KS03523,ddf_name_collision;ddf_rowcount_bad
KS03524,ddf_name_collision;ddf_rowcount_bad
KS03525,ddf_name_collision;ddf_rowcount_bad
KS03526,ddf_name_collision;ddf_rowcount_bad
KS03527,ddf_name_collision;ddf_rowcount_bad
KS03529,ddf_name_collision;ddf_rowcount_bad;tail_sensitivity_lost_name_collision
KS03530,ddf_name_collision;ddf_rowcount_bad;tail_sensitivity_lost_name_collision
KS03532,ddf_name_collision;ddf_rowcount_bad
KS03533,ddf_name_collision;ddf_rowcount_bad
KS03534,ddf_name_collision;ddf_rowcount_bad;tail_sensitivity_lost_name_collision
KS03535,ddf_name_collision;ddf_rowcount_bad
KS03538,ddf_name_collision;ddf_rowcount_bad
KS03539,ddf_name_collision;ddf_rowcount_bad;tail_sensitivity_lost_name_collision
KS03540,ddf_name_collision;ddf_rowcount_bad
KS03542,ddf_name_collision;ddf_rowcount_bad
KS03543,ddf_name_collision;ddf_rowcount_bad
KS03544,ddf_name_collision;ddf_rowcount_bad
KS03545,ddf_name_collision;ddf_rowcount_bad
KS03546,ddf_name_collision;ddf_rowcount_bad
KS03547,ddf_name_collision;ddf_rowcount_bad
KS03549,ddf_name_collision;ddf_rowcount_bad
KS03550,ddf_name_collision;ddf_rowcount_bad
KS03552,ddf_name_collision;ddf_rowcount_bad
KS03554,ddf_name_collision;ddf_rowcount_bad
KS03555,ddf_name_collision;ddf_rowcount_bad
KS03556,ddf_name_collision;ddf_rowcount_bad
KS03557,ddf_name_collision;ddf_rowcount_bad
KS03558,ddf_name_collision;ddf_rowcount_bad
KS03559,ddf_name_collision;ddf_rowcount_bad
KS03561,ddf_name_collision;ddf_rowcount_bad
KS03562,ddf_name_collision;ddf_rowcount_bad
KS03563,ddf_name_collision;ddf_rowcount_bad
KS03564,ddf_name_collision;ddf_rowcount_bad
KS03565,ddf_name_collision;ddf_rowcount_bad
KS03568,ddf_name_collision;ddf_rowcount_bad
KS03569,ddf_name_collision;ddf_rowcount_bad
KS03571,ddf_name_collision;ddf_rowcount_bad
KS03572,ddf_name_collision;ddf_rowcount_bad
KS03573,ddf_name_collision;ddf_rowcount_bad
KS03574,ddf_name_collision;ddf_rowcount_bad
KS03575,ddf_name_collision;ddf_rowcount_bad
KS03576,ddf_name_collision;ddf_rowcount_bad
KS03577,ddf_name_collision;ddf_rowcount_bad
KS03578,ddf_name_collision;ddf_rowcount_bad
KS03580,ddf_name_collision;ddf_rowcount_bad
KS03581,ddf_name_collision;ddf_rowcount_bad
KS03582,ddf_name_collision;ddf_rowcount_bad
KS03583,ddf_name_collision;ddf_rowcount_bad
KS03584,ddf_name_collision;tail_sensitivity_lost_name_collision
KS03585,ddf_name_collision;ddf_rowcount_bad
KS03586,ddf_name_collision;ddf_rowcount_bad
KS03587,ddf_name_collision;ddf_rowcount_bad
KS03588,ddf_name_collision;ddf_rowcount_bad
KS03589,ddf_name_collision;ddf_rowcount_bad
KS03590,ddf_name_collision;ddf_rowcount_bad
KS03591,ddf_name_collision;ddf_rowcount_bad
KS03592,ddf_name_collision;ddf_rowcount_bad
KS03593,ddf_name_collision;ddf_rowcount_bad
KS03594,ddf_name_collision;ddf_rowcount_bad
KS03595,ddf_name_collision;ddf_rowcount_bad
KS03596,ddf_name_collision;ddf_rowcount_bad
KS03597,ddf_name_collision;ddf_rowcount_bad
KS03598,ddf_name_collision;ddf_rowcount_bad
KS03599,ddf_name_collision;ddf_rowcount_bad
KS03600,ddf_name_collision;ddf_rowcount_bad;tail_sensitivity_lost_name_collision
KS03601,ddf_name_collision;ddf_rowcount_bad
KS03602,ddf_name_collision;ddf_rowcount_bad
KS03603,ddf_name_collision;ddf_rowcount_bad
KS03604,ddf_name_collision;ddf_rowcount_bad
KS03605,ddf_name_collision;ddf_rowcount_bad
KS03606,ddf_name_collision;ddf_rowcount_bad
KS03607,ddf_name_collision;ddf_rowcount_bad
KS03608,ddf_name_collision;ddf_rowcount_bad
KS03609,ddf_name_collision;ddf_rowcount_bad
KS03610,ddf_name_collision;ddf_rowcount_bad
KS03611,ddf_name_collision;ddf_rowcount_bad
KS03612,ddf_name_collision;ddf_rowcount_bad
KS03613,ddf_name_collision;ddf_rowcount_bad
KS03614,ddf_name_collision;ddf_rowcount_bad
KS03615,ddf_name_collision;ddf_rowcount_bad
KS03616,ddf_name_collision;ddf_rowcount_bad
KS03617,ddf_name_collision;ddf_rowcount_bad
KS03618,ddf_name_collision;ddf_rowcount_bad
KS03619,ddf_name_collision;ddf_rowcount_bad
KS03620,ddf_name_collision;ddf_rowcount_bad
KS03621,ddf_name_collision;ddf_rowcount_bad
KS03622,ddf_name_collision;ddf_rowcount_bad
KS03623,ddf_name_collision;ddf_rowcount_bad
KS03624,ddf_name_collision;ddf_rowcount_bad
KS03626,ddf_name_collision;ddf_rowcount_bad
KS03627,ddf_name_collision;ddf_rowcount_bad
KS03628,ddf_name_collision;ddf_rowcount_bad
KS03630,ddf_name_collision;ddf_rowcount_bad
KS03631,ddf_name_collision;ddf_rowcount_bad
KS03632,ddf_name_collision;ddf_rowcount_bad;tail_sensitivity_lost_name_collision
KS03633,ddf_name_collision;ddf_rowcount_bad
KS03634,ddf_name_collision;ddf_rowcount_bad
KS03635,ddf_name_collision;ddf_rowcount_bad
KS03636,ddf_name_collision;ddf_rowcount_bad
KS03637,ddf_name_collision;ddf_rowcount_bad
KS03638,ddf_name_collision;ddf_rowcount_bad
KS03639,ddf_name_collision;ddf_rowcount_bad
KS03640,ddf_name_collision;ddf_rowcount_bad
KS03641,ddf_name_collision;ddf_rowcount_bad
KS03642,ddf_name_collision;ddf_rowcount_bad
KS03643,ddf_name_collision;ddf_rowcount_bad
KS03644,ddf_name_collision;ddf_rowcount_bad
KS03645,ddf_name_collision;ddf_rowcount_bad
KS03646,ddf_name_collision;tail_sensitivity_lost_name_collision
KS03647,ddf_name_collision;ddf_rowcount_bad
KS03648,ddf_name_collision;ddf_rowcount_bad
KS03649,ddf_name_collision;ddf_rowcount_bad
KS03650,ddf_name_collision;ddf_rowcount_bad
KS03651,ddf_name_collision;ddf_rowcount_bad
KS03652,ddf_name_collision;ddf_rowcount_bad
KS03653,ddf_name_collision;ddf_rowcount_bad
KS03654,ddf_name_collision;ddf_rowcount_bad
KS03655,ddf_name_collision;ddf_rowcount_bad
KS03656,ddf_name_collision;ddf_rowcount_bad
KS03657,ddf_name_collision;ddf_rowcount_bad
KS03658,ddf_name_collision;ddf_rowcount_bad
KS03659,ddf_name_collision;ddf_rowcount_bad
KS03660,ddf_name_collision;ddf_rowcount_bad
KS03661,ddf_name_collision;ddf_rowcount_bad
KS03662,ddf_name_collision;ddf_rowcount_bad
KS03663,ddf_name_collision;ddf_rowcount_bad
KS03664,ddf_name_collision;ddf_rowcount_bad
KS03665,ddf_name_collision;ddf_rowcount_bad
KS03666,ddf_name_collision;ddf_rowcount_bad
KS03667,ddf_name_collision;ddf_rowcount_bad
KS03668,ddf_name_collision;ddf_rowcount_bad
KS03669,ddf_name_collision;ddf_rowcount_bad
KS03670,ddf_name_collision;ddf_rowcount_bad
KS03671,ddf_name_collision;ddf_rowcount_bad
KS03672,ddf_name_collision;ddf_rowcount_bad
KS03673,ddf_name_collision;ddf_rowcount_bad
KS03674,ddf_name_collision;ddf_rowcount_bad
KS03675,ddf_name_collision;ddf_rowcount_bad
KS03676,ddf_name_collision;ddf_rowcount_bad
KS03677,ddf_name_collision;ddf_rowcount_bad
KS03678,ddf_name_collision;ddf_rowcount_bad
KS03679,ddf_name_collision;ddf_rowcount_bad
KS03680,ddf_name_collision;ddf_rowcount_bad
KS03681,ddf_name_collision;ddf_rowcount_bad
KS03682,ddf_name_collision;ddf_rowcount_bad
KS03683,ddf_name_collision;ddf_rowcount_bad
KS03684,ddf_name_collision;ddf_rowcount_bad
KS03685,ddf_name_collision;ddf_rowcount_bad
KS03686,ddf_name_collision;ddf_rowcount_bad
KS03687,ddf_name_collision;ddf_rowcount_bad
KS03688,ddf_name_collision;ddf_rowcount_bad
KS03689,ddf_name_collision;ddf_rowcount_bad
KS03690,ddf_name_collision;ddf_rowcount_bad
KS03691,ddf_name_collision;ddf_rowcount_bad
KS03692,ddf_name_collision;ddf_rowcount_bad
KS03694,ddf_name_collision;ddf_rowcount_bad
KS03695,ddf_name_collision;ddf_rowcount_bad
KS03696,ddf_name_collision;ddf_rowcount_bad
KS03697,ddf_name_collision;ddf_rowcount_bad
KS03698,ddf_name_collision;ddf_rowcount_bad
KS03699,ddf_name_collision;ddf_rowcount_bad
KS03700,ddf_name_collision;ddf_rowcount_bad
KS03701,ddf_name_collision;ddf_rowcount_bad
KS03702,ddf_name_collision;ddf_rowcount_bad
KS03703,ddf_name_collision;ddf_rowcount_bad
KS03704,ddf_name_collision;ddf_rowcount_bad
KS03705,ddf_name_collision;ddf_rowcount_bad
KS03706,ddf_name_collision;ddf_rowcount_bad
KS03707,ddf_name_collision;ddf_rowcount_bad
KS03708,ddf_name_collision;ddf_rowcount_bad
KS03709,ddf_name_collision;ddf_rowcount_bad
KS03710,ddf_name_collision;ddf_rowcount_bad
KS03711,ddf_name_collision;ddf_rowcount_bad
KS03712,ddf_name_collision;ddf_rowcount_bad
KS03713,ddf_name_collision;ddf_rowcount_bad
KS03714,ddf_name_collision;ddf_rowcount_bad
KS03715,ddf_name_collision;ddf_rowcount_bad
KS03716,ddf_name_collision;ddf_rowcount_bad
KS03717,ddf_name_collision;ddf_rowcount_bad
KS03718,ddf_name_collision;ddf_rowcount_bad
KS03719,ddf_name_collision;ddf_rowcount_bad
KS03720,ddf_name_collision;ddf_rowcount_bad
KS03721,ddf_name_collision;ddf_rowcount_bad
KS03722,ddf_name_collision;ddf_rowcount_bad
KS03723,ddf_name_collision;ddf_rowcount_bad;tail_sensitivity_lost_name_collision
KS03724,ddf_name_collision;ddf_rowcount_bad
KS03725,ddf_name_collision;ddf_rowcount_bad
KS03726,ddf_name_collision;ddf_rowcount_bad
KS03727,ddf_name_collision;ddf_rowcount_bad
KS03728,ddf_name_collision;ddf_rowcount_bad
KS03729,ddf_name_collision;ddf_rowcount_bad
KS03732,ddf_name_collision;ddf_rowcount_bad
KS03733,ddf_name_collision;ddf_rowcount_bad
KS03734,ddf_name_collision;ddf_rowcount_bad
KS03735,ddf_name_collision;ddf_rowcount_bad
KS03736,ddf_name_collision;ddf_rowcount_bad
KS03737,ddf_name_collision;ddf_rowcount_bad
KS03738,ddf_name_collision;ddf_rowcount_bad
KS03739,ddf_name_collision;ddf_rowcount_bad
KS03740,ddf_name_collision;ddf_rowcount_bad
KS03742,ddf_name_collision;ddf_rowcount_bad
KS03744,ddf_name_collision;ddf_rowcount_bad
KS03745,ddf_name_collision;ddf_rowcount_bad
KS03748,ddf_name_collision;ddf_rowcount_bad
KS03749,ddf_name_collision;ddf_rowcount_bad
KS03750,ddf_name_collision;ddf_rowcount_bad
KS03751,ddf_name_collision;ddf_rowcount_bad
KS03752,ddf_name_collision;ddf_rowcount_bad
KS03753,ddf_name_collision;ddf_rowcount_bad
KS03754,ddf_name_collision;ddf_rowcount_bad
KS03755,ddf_name_collision;ddf_rowcount_bad
KS03757,ddf_name_collision;ddf_rowcount_bad
KS03758,ddf_name_collision;ddf_rowcount_bad
KS03759,ddf_name_collision;ddf_rowcount_bad
KS03761,ddf_name_collision;ddf_rowcount_bad
KS03762,ddf_name_collision;ddf_rowcount_bad
KS03763,ddf_name_collision;ddf_rowcount_bad
KS03764,ddf_name_collision;ddf_rowcount_bad
KS03765,ddf_name_collision;ddf_rowcount_bad
KS03766,ddf_name_collision;ddf_rowcount_bad
KS03767,ddf_name_collision;ddf_rowcount_bad
KS03768,ddf_name_collision;ddf_rowcount_bad
KS03769,ddf_name_collision;ddf_rowcount_bad
KS03770,ddf_name_collision;ddf_rowcount_bad
KS03771,ddf_name_collision;ddf_rowcount_bad
KS03772,ddf_name_collision;ddf_rowcount_bad
KS03773,ddf_name_collision;ddf_rowcount_bad
KS03775,ddf_name_collision;ddf_rowcount_bad
KS03776,ddf_name_collision;ddf_rowcount_bad
KS03777,ddf_name_collision;ddf_rowcount_bad
KS03780,ddf_name_collision;ddf_rowcount_bad
KS03781,ddf_name_collision;ddf_rowcount_bad
KS03782,ddf_name_collision;ddf_rowcount_bad
KS03783,ddf_name_collision;ddf_rowcount_bad
KS03784,ddf_name_collision;ddf_rowcount_bad
KS03785,ddf_name_collision;ddf_rowcount_bad
KS03786,ddf_name_collision;ddf_rowcount_bad
KS03787,ddf_name_collision;ddf_rowcount_bad
KS03788,ddf_name_collision;ddf_rowcount_bad
KS03789,ddf_name_collision;ddf_rowcount_bad
KS03790,ddf_name_collision;ddf_rowcount_bad
KS03791,ddf_name_collision
KS03792,ddf_name_collision;ddf_rowcount_bad
KS03793,ddf_name_collision;ddf_rowcount_bad
KS03794,ddf_name_collision;ddf_rowcount_bad
KS03795,ddf_name_collision;ddf_rowcount_bad
KS03796,ddf_name_collision;ddf_rowcount_bad
KS03798,ddf_name_collision;ddf_rowcount_bad
KS03799,ddf_name_collision;ddf_rowcount_bad
KS03800,ddf_name_collision;ddf_rowcount_bad
KS03801,ddf_name_collision;ddf_rowcount_bad
KS03804,ddf_name_collision;ddf_rowcount_bad
KS03805,ddf_name_collision;ddf_rowcount_bad
KS03806,ddf_name_collision;ddf_rowcount_bad
KS03807,ddf_name_collision;ddf_rowcount_bad
KS03808,ddf_name_collision;ddf_rowcount_bad
KS03809,ddf_name_collision;ddf_rowcount_bad
KS03811,ddf_name_collision;ddf_rowcount_bad
KS03812,ddf_name_collision;ddf_rowcount_bad
KS03813,ddf_name_collision;ddf_rowcount_bad
KS03814,ddf_name_collision;ddf_rowcount_bad
KS03815,ddf_name_collision;ddf_rowcount_bad
KS03816,ddf_name_collision;ddf_rowcount_bad
KS03817,ddf_name_collision;ddf_rowcount_bad
KS03818,ddf_name_collision;ddf_rowcount_bad
KS03819,ddf_name_collision;ddf_rowcount_bad
KS03820,ddf_name_collision;ddf_rowcount_bad
KS03821,ddf_name_collision;ddf_rowcount_bad
KS03822,ddf_name_collision;ddf_rowcount_bad
KS03823,ddf_name_collision;ddf_rowcount_bad
KS03824,ddf_name_collision;ddf_rowcount_bad
KS03825,ddf_name_collision;ddf_rowcount_bad
KS03826,ddf_name_collision;ddf_rowcount_bad
KS03827,ddf_name_collision;ddf_rowcount_bad
KS03829,ddf_name_collision;ddf_rowcount_bad
KS03830,ddf_name_collision;ddf_rowcount_bad
KS03831,ddf_name_collision;ddf_rowcount_bad
KS03832,ddf_name_collision;ddf_rowcount_bad
KS03833,ddf_name_collision;ddf_rowcount_bad
KS03834,ddf_name_collision;ddf_rowcount_bad
KS03835,ddf_name_collision;ddf_rowcount_bad
KS03836,ddf_name_collision;ddf_rowcount_bad
KS03837,ddf_name_collision;ddf_rowcount_bad
KS03838,ddf_name_collision;ddf_rowcount_bad
KS03839,ddf_name_collision;ddf_rowcount_bad
KS03840,ddf_name_collision;ddf_rowcount_bad
KS03841,ddf_name_collision;ddf_rowcount_bad
KS03843,ddf_name_collision;ddf_rowcount_bad
KS03844,ddf_name_collision;ddf_rowcount_bad
KS03845,ddf_name_collision;ddf_rowcount_bad;tail_sensitivity_lost_name_collision
KS03846,ddf_name_collision;ddf_rowcount_bad
KS03847,ddf_name_collision;ddf_rowcount_bad
KS03848,ddf_name_collision;ddf_rowcount_bad
KS03849,ddf_name_collision;ddf_rowcount_bad
KS03850,ddf_name_collision;ddf_rowcount_bad
KS03851,ddf_name_collision;ddf_rowcount_bad
KS03852,ddf_name_collision;ddf_rowcount_bad
KS03853,ddf_name_collision;ddf_rowcount_bad
KS03854,ddf_name_collision;ddf_rowcount_bad
KS03855,ddf_name_collision;ddf_rowcount_bad
KS03856,ddf_name_collision;ddf_rowcount_bad
KS03857,ddf_name_collision;ddf_rowcount_bad
KS03858,ddf_name_collision;ddf_rowcount_bad
KS03859,ddf_name_collision;ddf_rowcount_bad
KS03860,ddf_name_collision;ddf_rowcount_bad
KS03861,ddf_name_collision;ddf_rowcount_bad
KS03862,ddf_name_collision;ddf_rowcount_bad
KS03863,ddf_name_collision;ddf_rowcount_bad
KS03864,ddf_name_collision;ddf_rowcount_bad
KS03865,ddf_name_collision;ddf_rowcount_bad
KS03866,ddf_name_collision;ddf_rowcount_bad
KS03867,ddf_name_collision;ddf_rowcount_bad;tail_sensitivity_lost_name_collision
KS03868,ddf_name_collision;ddf_rowcount_bad
KS03869,ddf_name_collision;ddf_rowcount_bad
KS03870,ddf_name_collision;ddf_rowcount_bad
KS03871,ddf_name_collision;ddf_rowcount_bad
KS03872,ddf_name_collision;ddf_rowcount_bad
KS03874,ddf_name_collision;ddf_rowcount_bad
KS03875,ddf_name_collision;ddf_rowcount_bad
KS03876,ddf_name_collision;ddf_rowcount_bad
KS03877,ddf_name_collision;ddf_rowcount_bad
KS03878,ddf_name_collision;ddf_rowcount_bad
KS03879,ddf_name_collision;ddf_rowcount_bad
KS03880,ddf_name_collision;ddf_rowcount_bad
KS03882,ddf_name_collision;ddf_rowcount_bad
KS03883,ddf_name_collision;ddf_rowcount_bad
KS03884,ddf_name_collision;ddf_rowcount_bad
KS03885,ddf_name_collision;ddf_rowcount_bad;tail_sensitivity_lost_name_collision
KS03886,ddf_name_collision;ddf_rowcount_bad
KS03887,ddf_name_collision;ddf_rowcount_bad;tail_sensitivity_lost_name_collision
KS03888,ddf_name_collision;ddf_rowcount_bad
KS03889,ddf_name_collision;ddf_rowcount_bad
KS03890,ddf_name_collision;ddf_rowcount_bad
KS03891,ddf_name_collision;ddf_rowcount_bad
KS03892,ddf_name_collision;ddf_rowcount_bad
KS03894,ddf_name_collision;ddf_rowcount_bad
KS03895,ddf_name_collision;ddf_rowcount_bad
KS03896,ddf_name_collision;ddf_rowcount_bad
KS03899,ddf_name_collision;ddf_rowcount_bad
KS03900,ddf_name_collision;ddf_rowcount_bad
KS03901,ddf_name_collision;ddf_rowcount_bad
KS03902,ddf_name_collision;ddf_rowcount_bad
KS03903,ddf_name_collision;ddf_rowcount_bad
KS03906,ddf_name_collision;ddf_rowcount_bad
KS03907,ddf_name_collision;ddf_rowcount_bad
KS03908,ddf_name_collision;ddf_rowcount_bad
KS03909,ddf_name_collision;ddf_rowcount_bad
KS03910,ddf_name_collision;ddf_rowcount_bad
KS03912,ddf_name_collision;ddf_rowcount_bad
KS03913,ddf_name_collision;ddf_rowcount_bad
KS03915,ddf_name_collision;ddf_rowcount_bad
KS03916,ddf_name_collision;ddf_rowcount_bad
KS03917,ddf_name_collision;ddf_rowcount_bad
KS03919,ddf_name_collision;ddf_rowcount_bad
KS03920,ddf_name_collision;ddf_rowcount_bad
KS03921,ddf_name_collision;ddf_rowcount_bad
KS03922,ddf_name_collision;ddf_rowcount_bad
KS03923,ddf_name_collision;ddf_rowcount_bad
KS03924,ddf_name_collision;ddf_rowcount_bad
KS03925,ddf_name_collision;ddf_rowcount_bad
KS03926,ddf_name_collision;ddf_rowcount_bad;tail_sensitivity_lost_name_collision
KS03927,ddf_name_collision;ddf_rowcount_bad
KS03928,ddf_name_collision;ddf_rowcount_bad
KS03929,ddf_name_collision;ddf_rowcount_bad
KS03930,ddf_name_collision;ddf_rowcount_bad
KS03931,ddf_name_collision;ddf_rowcount_bad
KS03933,ddf_name_collision;ddf_rowcount_bad;tail_sensitivity_lost_name_collision
KS03934,ddf_name_collision;ddf_rowcount_bad;tail_sensitivity_lost_name_collision
KS03935,ddf_name_collision;ddf_rowcount_bad;tail_sensitivity_lost_name_collision
KS03936,ddf_name_collision;ddf_rowcount_bad;tail_sensitivity_lost_name_collision
KS03937,ddf_name_collision;ddf_rowcount_bad;tail_sensitivity_lost_name_collision
KS03938,ddf_name_collision;ddf_rowcount_bad
KS03940,ddf_name_collision;ddf_rowcount_bad;tail_sensitivity_lost_name_collision
KS03941,ddf_name_collision;ddf_rowcount_bad;tail_sensitivity_lost_name_collision
KS03942,ddf_name_collision;tail_sensitivity_lost_name_collision
KS03943,ddf_name_collision;ddf_rowcount_bad;tail_sensitivity_lost_name_collision
KS03944,ddf_name_collision;ddf_rowcount_bad;tail_sensitivity_lost_name_collision
KS03945,ddf_name_collision;ddf_rowcount_bad;tail_sensitivity_lost_name_collision
KS03946,ddf_name_collision;ddf_rowcount_bad
KS03948,ddf_name_collision;ddf_rowcount_bad
KS03949,ddf_name_collision;ddf_rowcount_bad
KS03950,ddf_name_collision;ddf_rowcount_bad
KS03951,ddf_name_collision;ddf_rowcount_bad;tail_sensitivity_lost_name_collision
KS03952,ddf_name_collision;ddf_rowcount_bad
KS03953,ddf_name_collision;ddf_rowcount_bad
KS03954,ddf_name_collision;ddf_rowcount_bad
KS03956,ddf_name_collision;ddf_rowcount_bad
KS03957,ddf_name_collision;ddf_rowcount_bad
KS03958,ddf_name_collision;ddf_rowcount_bad
KS03959,ddf_name_collision;ddf_rowcount_bad
KS03960,ddf_name_collision;ddf_rowcount_bad
KS03961,ddf_name_collision;ddf_rowcount_bad
KS03963,ddf_name_collision;ddf_rowcount_bad
KS03964,ddf_name_collision;ddf_rowcount_bad
KS03965,ddf_name_collision;ddf_rowcount_bad
KS03966,ddf_name_collision;ddf_rowcount_bad
KS03967,ddf_name_collision;ddf_rowcount_bad
KS03968,ddf_name_collision;ddf_rowcount_bad;tail_sensitivity_lost_name_collision
KS03969,ddf_name_collision;ddf_rowcount_bad;tail_sensitivity_lost_name_collision
KS03970,ddf_name_collision;ddf_rowcount_bad
KS03971,ddf_name_collision;ddf_rowcount_bad;tail_sensitivity_lost_name_collision
KS03972,ddf_name_collision;ddf_rowcount_bad
KS03973,ddf_name_collision;ddf_rowcount_bad
KS03974,ddf_name_collision;ddf_rowcount_bad
KS03975,ddf_name_collision;ddf_rowcount_bad
KS03977,ddf_name_collision;ddf_rowcount_bad
KS03978,ddf_name_collision;ddf_rowcount_bad
KS03979,ddf_name_collision;ddf_rowcount_bad
KS03980,ddf_name_collision;ddf_rowcount_bad
KS03982,ddf_name_collision;ddf_rowcount_bad
KS03983,ddf_name_collision;ddf_rowcount_bad
KS03985,ddf_name_collision;ddf_rowcount_bad
KS03986,ddf_name_collision;ddf_rowcount_bad
KS03987,ddf_name_collision;ddf_rowcount_bad
KS03988,ddf_name_collision;ddf_rowcount_bad
KS03989,ddf_name_collision;ddf_rowcount_bad
KS03990,ddf_name_collision;ddf_rowcount_bad
KS03991,ddf_name_collision;ddf_rowcount_bad
KS03992,ddf_name_collision;ddf_rowcount_bad
KS03993,ddf_name_collision;ddf_rowcount_bad
KS03994,ddf_name_collision;ddf_rowcount_bad
KS03995,ddf_name_collision;ddf_rowcount_bad
KS03996,ddf_name_collision;ddf_rowcount_bad
KS03997,ddf_name_collision;ddf_rowcount_bad
KS03998,ddf_name_collision;ddf_rowcount_bad
KS03999,ddf_name_collision;ddf_rowcount_bad
KS04000,ddf_name_collision;ddf_rowcount_bad
KS04001,ddf_name_collision;ddf_rowcount_bad
KS04002,ddf_name_collision;ddf_rowcount_bad
KS04003,ddf_name_collision;ddf_rowcount_bad
KS04004,ddf_name_collision;ddf_rowcount_bad
KS04005,ddf_name_collision;ddf_rowcount_bad
KS04006,ddf_name_collision;ddf_rowcount_bad
KS04007,ddf_name_collision;ddf_rowcount_bad
KS04008,ddf_name_collision;ddf_rowcount_bad
KS04009,ddf_name_collision;ddf_rowcount_bad
KS04010,ddf_name_collision;ddf_rowcount_bad
KS04011,ddf_name_collision;ddf_rowcount_bad
KS04012,ddf_name_collision;ddf_rowcount_bad
KS04013,ddf_name_collision;ddf_rowcount_bad
KS04014,ddf_name_collision;ddf_rowcount_bad
KS04017,ddf_name_collision;ddf_rowcount_bad
KS04018,ddf_name_collision;ddf_rowcount_bad
KS04019,ddf_name_collision;ddf_rowcount_bad
KS04020,ddf_name_collision;ddf_rowcount_bad
KS04021,ddf_name_collision;ddf_rowcount_bad
KS04022,ddf_name_collision;ddf_rowcount_bad
KS04023,ddf_name_collision;ddf_rowcount_bad
KS04024,ddf_name_collision;ddf_rowcount_bad
KS04025,ddf_name_collision;ddf_rowcount_bad
KS04026,ddf_name_collision;ddf_rowcount_bad
KS04027,ddf_name_collision;ddf_rowcount_bad
KS04028,ddf_name_collision;ddf_rowcount_bad
KS04029,ddf_name_collision;ddf_rowcount_bad
KS04030,ddf_name_collision;ddf_rowcount_bad
KS04031,ddf_name_collision;ddf_rowcount_bad
KS04032,ddf_name_collision;ddf_rowcount_bad
KS04033,ddf_name_collision;ddf_rowcount_bad
KS04034,ddf_name_collision;ddf_rowcount_bad
KS04036,ddf_name_collision;ddf_rowcount_bad
KS04037,ddf_name_collision;ddf_rowcount_bad
KS04038,ddf_name_collision;ddf_rowcount_bad
KS04039,ddf_name_collision;ddf_rowcount_bad
KS04040,ddf_name_collision;ddf_rowcount_bad
KS04041,ddf_name_collision;ddf_rowcount_bad
KS04042,ddf_name_collision;ddf_rowcount_bad
KS04043,ddf_name_collision;ddf_rowcount_bad
KS04044,ddf_name_collision;ddf_rowcount_bad
KS04045,ddf_name_collision;ddf_rowcount_bad
KS04046,ddf_name_collision;ddf_rowcount_bad
KS04047,ddf_name_collision;ddf_rowcount_bad
KS04048,ddf_name_collision;ddf_rowcount_bad
KS04049,ddf_name_collision;ddf_rowcount_bad
KS04051,ddf_name_collision;ddf_rowcount_bad
KS04053,ddf_name_collision;ddf_rowcount_bad
KS04054,ddf_name_collision;ddf_rowcount_bad
KS04055,ddf_name_collision;ddf_rowcount_bad
KS04056,ddf_name_collision;ddf_rowcount_bad
KS04057,ddf_name_collision;ddf_rowcount_bad
KS04058,ddf_name_collision;ddf_rowcount_bad
KS04059,ddf_name_collision;ddf_rowcount_bad
KS04060,ddf_name_collision;ddf_rowcount_bad
KS04061,ddf_name_collision;ddf_rowcount_bad
KS04062,ddf_name_collision;ddf_rowcount_bad
KS04063,ddf_name_collision;ddf_rowcount_bad
KS04064,ddf_name_collision;ddf_rowcount_bad
KS04065,ddf_name_collision;ddf_rowcount_bad
KS04066,ddf_name_collision;ddf_rowcount_bad
KS04067,ddf_name_collision;ddf_rowcount_bad;tail_sensitivity_lost_name_collision
KS04069,ddf_name_collision;ddf_rowcount_bad
KS04070,ddf_name_collision;ddf_rowcount_bad
KS04071,ddf_name_collision;ddf_rowcount_bad
KS04072,ddf_name_collision;ddf_rowcount_bad
KS04073,ddf_name_collision;ddf_rowcount_bad;tail_sensitivity_lost_name_collision
KS04074,ddf_name_collision;ddf_rowcount_bad
KS04077,ddf_name_collision;ddf_rowcount_bad
KS04078,ddf_name_collision;ddf_rowcount_bad
KS04079,ddf_name_collision;ddf_rowcount_bad
KS04080,ddf_name_collision;ddf_rowcount_bad
KS04081,ddf_name_collision;ddf_rowcount_bad
KS04082,ddf_name_collision;ddf_rowcount_bad
KS04083,ddf_name_collision;ddf_rowcount_bad
KS04084,ddf_name_collision;ddf_rowcount_bad
KS04085,ddf_name_collision;ddf_rowcount_bad
KS04086,ddf_name_collision;ddf_rowcount_bad
KS04087,ddf_name_collision;ddf_rowcount_bad
KS04088,ddf_name_collision;ddf_rowcount_bad
KS04089,ddf_name_collision;ddf_rowcount_bad
KS04090,ddf_name_collision;ddf_rowcount_bad
KS04091,ddf_name_collision;ddf_rowcount_bad
KS04092,ddf_name_collision;ddf_rowcount_bad
KS04093,ddf_name_collision;ddf_rowcount_bad
KS04094,ddf_name_collision;ddf_rowcount_bad
KS04096,ddf_name_collision;ddf_rowcount_bad
KS04097,ddf_name_collision;tail_sensitivity_lost_name_collision
KS04098,ddf_name_collision;ddf_rowcount_bad;tail_sensitivity_lost_name_collision
KS04099,ddf_name_collision;tail_sensitivity_lost_name_collision
KS04100,ddf_name_collision;ddf_rowcount_bad
KS04101,ddf_name_collision;ddf_rowcount_bad
KS04102,ddf_name_collision;ddf_rowcount_bad
KS04103,ddf_name_collision;ddf_rowcount_bad
KS04104,ddf_name_collision;ddf_rowcount_bad
KS04105,ddf_name_collision;ddf_rowcount_bad
KS04106,ddf_name_collision;ddf_rowcount_bad
KS04107,ddf_name_collision;ddf_rowcount_bad
KS04108,ddf_name_collision;ddf_rowcount_bad
KS04109,ddf_name_collision;ddf_rowcount_bad
KS04110,ddf_name_collision;ddf_rowcount_bad
KS04111,ddf_name_collision;ddf_rowcount_bad
KS04112,ddf_name_collision;ddf_rowcount_bad
KS04113,ddf_name_collision;ddf_rowcount_bad
KS04114,ddf_name_collision;ddf_rowcount_bad
KS04115,ddf_name_collision;ddf_rowcount_bad
KS04116,ddf_name_collision;ddf_rowcount_bad
KS04117,ddf_name_collision;ddf_rowcount_bad
KS04118,ddf_name_collision;ddf_rowcount_bad
KS04119,ddf_name_collision;ddf_rowcount_bad
KS04120,ddf_name_collision;ddf_rowcount_bad
KS04121,ddf_name_collision;ddf_rowcount_bad
KS04122,ddf_name_collision;ddf_rowcount_bad
KS04123,ddf_name_collision;ddf_rowcount_bad
KS04124,ddf_name_collision;ddf_rowcount_bad
KS04125,ddf_name_collision;ddf_rowcount_bad
KS04126,ddf_name_collision;ddf_rowcount_bad
KS04127,ddf_name_collision;ddf_rowcount_bad
KS04128,ddf_name_collision;ddf_rowcount_bad
KS04130,ddf_name_collision;ddf_rowcount_bad
KS04132,ddf_name_collision;ddf_rowcount_bad
KS04133,ddf_name_collision;ddf_rowcount_bad
KS04134,ddf_name_collision;ddf_rowcount_bad
KS04135,ddf_name_collision;ddf_rowcount_bad
KS04136,ddf_name_collision;ddf_rowcount_bad
KS04145,ddf_name_collision;ddf_rowcount_bad
KS04147,ddf_name_collision;ddf_rowcount_bad
KS04148,ddf_name_collision;ddf_rowcount_bad
KS04149,ddf_name_collision;ddf_rowcount_bad
KS04150,ddf_name_collision;ddf_rowcount_bad
KS04151,ddf_name_collision;ddf_rowcount_bad
KS04152,ddf_name_collision;ddf_rowcount_bad
KS04154,ddf_name_collision;ddf_rowcount_bad
KS04155,ddf_name_collision;ddf_rowcount_bad
KS04156,ddf_name_collision;ddf_rowcount_bad
KS04157,ddf_name_collision;ddf_rowcount_bad
KS04158,ddf_name_collision;ddf_rowcount_bad
KS04159,ddf_name_collision;ddf_rowcount_bad
KS04160,ddf_name_collision;ddf_rowcount_bad
KS04161,ddf_name_collision;ddf_rowcount_bad
KS04162,ddf_name_collision;ddf_rowcount_bad;tail_sensitivity_lost_name_collision
KS04163,ddf_name_collision;ddf_rowcount_bad
KS04164,ddf_name_collision;ddf_rowcount_bad;tail_sensitivity_lost_name_collision
KS04165,ddf_name_collision;ddf_rowcount_bad
KS04166,ddf_name_collision;ddf_rowcount_bad;tail_sensitivity_lost_name_collision
KS04167,ddf_name_collision;ddf_rowcount_bad
KS04172,ddf_name_collision;ddf_rowcount_bad
KS04173,ddf_name_collision;ddf_rowcount_bad
KS04174,ddf_name_collision;ddf_rowcount_bad
KS04175,ddf_name_collision;ddf_rowcount_bad
KS04177,ddf_name_collision;ddf_rowcount_bad
KS04178,ddf_name_collision;ddf_rowcount_bad
KS04179,ddf_name_collision;ddf_rowcount_bad
KS04180,ddf_name_collision;ddf_rowcount_bad
KS04181,ddf_name_collision;ddf_rowcount_bad
KS04182,ddf_name_collision;ddf_rowcount_bad
KS04183,ddf_name_collision;ddf_rowcount_bad
KS04184,ddf_name_collision;ddf_rowcount_bad
KS04185,ddf_name_collision;ddf_rowcount_bad
KS04186,ddf_name_collision;ddf_rowcount_bad
KS04187,ddf_name_collision;ddf_rowcount_bad
KS04188,ddf_name_collision;ddf_rowcount_bad
KS04189,ddf_name_collision;ddf_rowcount_bad
KS04190,ddf_name_collision;ddf_rowcount_bad
KS04191,ddf_name_collision;ddf_rowcount_bad
KS04192,ddf_name_collision;ddf_rowcount_bad
KS04194,ddf_name_collision;ddf_rowcount_bad
KS04195,ddf_name_collision;ddf_rowcount_bad
KS04196,ddf_name_collision;ddf_rowcount_bad
KS04197,ddf_name_collision;ddf_rowcount_bad
KS04198,ddf_name_collision;ddf_rowcount_bad
KS04199,ddf_name_collision;ddf_rowcount_bad
KS04200,ddf_name_collision;ddf_rowcount_bad
KS04201,ddf_name_collision;ddf_rowcount_bad
KS04202,ddf_name_collision;ddf_rowcount_bad
KS04203,ddf_name_collision;ddf_rowcount_bad
KS04204,ddf_name_collision;ddf_rowcount_bad
KS04205,ddf_name_collision;ddf_rowcount_bad
KS04206,ddf_name_collision;ddf_rowcount_bad
KS04207,ddf_name_collision;ddf_rowcount_bad
KS04208,ddf_name_collision;ddf_rowcount_bad
KS04209,ddf_name_collision;ddf_rowcount_bad
KS04211,ddf_name_collision;ddf_rowcount_bad
KS04212,ddf_name_collision;ddf_rowcount_bad
KS04213,ddf_name_collision;ddf_rowcount_bad
KS04214,ddf_name_collision;ddf_rowcount_bad
KS04215,ddf_name_collision;ddf_rowcount_bad
KS04216,ddf_name_collision;ddf_rowcount_bad
KS04217,ddf_name_collision;ddf_rowcount_bad
KS04218,ddf_name_collision;ddf_rowcount_bad
KS04219,ddf_name_collision;ddf_rowcount_bad
KS04220,ddf_name_collision;ddf_rowcount_bad
KS04221,ddf_name_collision;ddf_rowcount_bad
KS04222,ddf_name_collision;ddf_rowcount_bad
KS04225,ddf_name_collision;ddf_rowcount_bad
KS04226,ddf_name_collision;ddf_rowcount_bad
KS04227,ddf_name_collision;ddf_rowcount_bad
KS04228,ddf_name_collision;ddf_rowcount_bad
KS04229,ddf_name_collision;ddf_rowcount_bad
KS04230,ddf_name_collision;ddf_rowcount_bad
KS04231,ddf_name_collision;ddf_rowcount_bad
KS04232,ddf_name_collision;ddf_rowcount_bad
KS04233,ddf_name_collision;ddf_rowcount_bad
KS04234,ddf_name_collision;ddf_rowcount_bad
KS04235,ddf_name_collision;ddf_rowcount_bad
KS04236,ddf_name_collision;ddf_rowcount_bad
KS04237,ddf_name_collision;ddf_rowcount_bad
KS04238,ddf_name_collision;ddf_rowcount_bad
KS04239,ddf_name_collision;ddf_rowcount_bad
KS04241,ddf_name_collision;ddf_rowcount_bad
KS04242,ddf_name_collision;ddf_rowcount_bad
KS04243,ddf_name_collision;ddf_rowcount_bad
KS04244,ddf_name_collision;ddf_rowcount_bad
KS04246,ddf_name_collision;ddf_rowcount_bad
KS04247,ddf_name_collision;ddf_rowcount_bad
KS04248,ddf_name_collision;ddf_rowcount_bad
KS04249,ddf_name_collision;ddf_rowcount_bad
KS04250,ddf_name_collision;ddf_rowcount_bad
KS04251,ddf_name_collision;ddf_rowcount_bad
KS04254,ddf_name_collision;ddf_rowcount_bad
KS04255,ddf_name_collision;ddf_rowcount_bad
KS04256,ddf_name_collision;ddf_rowcount_bad
KS04259,ddf_name_collision;ddf_rowcount_bad
KS04261,ddf_name_collision;ddf_rowcount_bad
KS04262,ddf_name_collision
KS04263,ddf_name_collision
KS04264,ddf_name_collision;ddf_rowcount_bad
KS04265,ddf_name_collision
KS04266,ddf_name_collision
KS04269,ddf_name_collision;ddf_rowcount_bad
KS04270,ddf_name_collision;ddf_rowcount_bad
KS04271,ddf_name_collision;ddf_rowcount_bad
KS04272,ddf_name_collision;ddf_rowcount_bad
KS04273,ddf_name_collision;ddf_rowcount_bad
KS04274,ddf_name_collision;ddf_rowcount_bad
KS04275,ddf_name_collision;ddf_rowcount_bad
KS04276,ddf_name_collision;ddf_rowcount_bad
KS04277,ddf_name_collision;ddf_rowcount_bad
KS04278,ddf_name_collision;ddf_rowcount_bad
KS04279,ddf_name_collision;ddf_rowcount_bad
KS04286,ddf_name_collision;tail_sensitivity_lost_name_collision
KS04287,ddf_name_collision;ddf_rowcount_bad;tail_sensitivity_lost_name_collision
KS04288,ddf_name_collision;ddf_rowcount_bad
KS04289,ddf_name_collision;ddf_rowcount_bad
KS04290,ddf_name_collision;ddf_rowcount_bad
KS04291,ddf_name_collision;ddf_rowcount_bad;tail_sensitivity_lost_name_collision
KS04292,ddf_name_collision;ddf_rowcount_bad
KS04293,ddf_name_collision;ddf_rowcount_bad
KS04294,ddf_name_collision;ddf_rowcount_bad
KS04295,ddf_name_collision;ddf_rowcount_bad;tail_sensitivity_lost_name_collision
KS04300,ddf_name_collision;ddf_rowcount_bad
KS04301,ddf_name_collision;ddf_rowcount_bad
KS04302,ddf_name_collision;ddf_rowcount_bad;tail_sensitivity_lost_name_collision
KS04303,ddf_name_collision;ddf_rowcount_bad
KS04304,ddf_name_collision;ddf_rowcount_bad
KS04305,ddf_name_collision;ddf_rowcount_bad;tail_sensitivity_lost_name_collision
KS04306,ddf_name_collision;ddf_rowcount_bad
KS04307,ddf_name_collision;ddf_rowcount_bad
KS04308,ddf_name_collision;ddf_rowcount_bad
KS04309,ddf_name_collision;ddf_rowcount_bad
KS04311,ddf_name_collision;ddf_rowcount_bad
KS04312,ddf_name_collision;ddf_rowcount_bad
KS04313,ddf_name_collision;ddf_rowcount_bad;tail_sensitivity_lost_name_collision
KS04314,ddf_name_collision;ddf_rowcount_bad
KS04315,ddf_name_collision;ddf_rowcount_bad
KS04316,ddf_name_collision;ddf_rowcount_bad
KS04317,ddf_name_collision
KS04318,ddf_name_collision;ddf_rowcount_bad
KS04319,ddf_name_collision;ddf_rowcount_bad
KS04321,ddf_name_collision;ddf_rowcount_bad
KS04322,ddf_name_collision;ddf_rowcount_bad
KS04323,ddf_name_collision;ddf_rowcount_bad
KS04324,ddf_name_collision;ddf_rowcount_bad
KS04325,ddf_name_collision;ddf_rowcount_bad
KS04326,ddf_name_collision;ddf_rowcount_bad
KS04327,ddf_name_collision;ddf_rowcount_bad
KS04328,ddf_name_collision;ddf_rowcount_bad;tail_sensitivity_lost_name_collision
KS04329,ddf_name_collision;ddf_rowcount_bad;tail_sensitivity_lost_name_collision
KS04331,ddf_name_collision;ddf_rowcount_bad;tail_sensitivity_lost_name_collision
KS04332,ddf_name_collision;ddf_rowcount_bad;tail_sensitivity_lost_name_collision
KS04333,ddf_name_collision;tail_sensitivity_lost_name_collision
KS04334,ddf_name_collision;ddf_rowcount_bad;tail_sensitivity_lost_name_collision
KS04335,ddf_name_collision;ddf_rowcount_bad
KS04336,ddf_name_collision;tail_sensitivity_lost_name_collision
KS04337,ddf_name_collision;tail_sensitivity_lost_name_collision
KS04338,ddf_name_collision;tail_sensitivity_lost_name_collision
KS04339,ddf_name_collision
KS04340,ddf_name_collision;ddf_rowcount_bad
KS04341,ddf_name_collision;tail_sensitivity_lost_name_collision
KS04342,ddf_name_collision;tail_sensitivity_lost_name_collision
KS04343,ddf_name_collision;tail_sensitivity_lost_name_collision
KS04344,ddf_name_collision;tail_sensitivity_lost_name_collision
KS04345,ddf_name_collision;tail_sensitivity_lost_name_collision
KS04346,ddf_name_collision;tail_sensitivity_lost_name_collision
KS04347,ddf_name_collision;ddf_rowcount_bad;tail_sensitivity_lost_name_collision
KS04348,ddf_name_collision;ddf_rowcount_bad;tail_sensitivity_lost_name_collision
KS04349,ddf_name_collision;ddf_rowcount_bad;tail_sensitivity_lost_name_collision
KS04350,ddf_name_collision;ddf_rowcount_bad;tail_sensitivity_lost_name_collision
KS04351,ddf_name_collision;tail_sensitivity_lost_name_collision
KS04354,ddf_name_collision;ddf_rowcount_bad
KS04355,ddf_name_collision;ddf_rowcount_bad
KS04356,ddf_name_collision;ddf_rowcount_bad
KS04357,ddf_name_collision;ddf_rowcount_bad
KS04358,ddf_name_collision;ddf_rowcount_bad
KS04359,ddf_name_collision;ddf_rowcount_bad
KS04360,ddf_name_collision;ddf_rowcount_bad;tail_sensitivity_lost_name_collision
KS04361,ddf_name_collision;ddf_rowcount_bad;tail_sensitivity_lost_name_collision
KS04362,ddf_name_collision;ddf_rowcount_bad;tail_sensitivity_lost_name_collision
KS04363,ddf_name_collision;tail_sensitivity_lost_name_collision
KS04364,ddf_name_collision
KS04365,ddf_name_collision;tail_sensitivity_lost_name_collision
KS04366,ddf_name_collision;ddf_rowcount_bad
KS04367,ddf_name_collision;ddf_rowcount_bad
KS04368,ddf_name_collision;ddf_rowcount_bad
KS04369,ddf_name_collision;ddf_rowcount_bad
KS04370,ddf_name_collision;tail_sensitivity_lost_name_collision
KS04371,ddf_name_collision;ddf_rowcount_bad;tail_sensitivity_lost_name_collision
KS04372,ddf_name_collision;ddf_rowcount_bad;tail_sensitivity_lost_name_collision
KS04373,ddf_name_collision;tail_sensitivity_lost_name_collision
KS04374,ddf_name_collision;ddf_rowcount_bad;tail_sensitivity_lost_name_collision
KS04375,ddf_name_collision;ddf_rowcount_bad;tail_sensitivity_lost_name_collision
KS04376,ddf_name_collision;ddf_rowcount_bad;tail_sensitivity_lost_name_collision
KS04377,ddf_name_collision;ddf_rowcount_bad;tail_sensitivity_lost_name_collision
KS04378,ddf_name_collision;ddf_rowcount_bad;tail_sensitivity_lost_name_collision
KS04379,ddf_name_collision;ddf_rowcount_bad;tail_sensitivity_lost_name_collision
KS04380,ddf_name_collision;tail_sensitivity_lost_name_collision
KS04381,ddf_name_collision;tail_sensitivity_lost_name_collision
KS04382,ddf_name_collision;ddf_rowcount_bad;tail_sensitivity_lost_name_collision
KS04383,ddf_name_collision;ddf_rowcount_bad
KS04385,ddf_name_collision;ddf_rowcount_bad
KS04386,ddf_name_collision;ddf_rowcount_bad
KS04387,ddf_name_collision;ddf_rowcount_bad
KS04388,ddf_name_collision;ddf_rowcount_bad
KS04389,ddf_name_collision;ddf_rowcount_bad
KS04394,ddf_name_collision;ddf_rowcount_bad
KS04395,ddf_name_collision;ddf_rowcount_bad
KS04397,ddf_name_collision;ddf_rowcount_bad
KS04398,ddf_name_collision;ddf_rowcount_bad
KS04399,ddf_name_collision;ddf_rowcount_bad
KS04400,ddf_name_collision;ddf_rowcount_bad
KS04401,ddf_name_collision;ddf_rowcount_bad
KS04403,ddf_name_collision;ddf_rowcount_bad
KS04404,ddf_name_collision;ddf_rowcount_bad
KS04405,ddf_name_collision;ddf_rowcount_bad
KS04406,ddf_name_collision;ddf_rowcount_bad
KS04407,ddf_name_collision;ddf_rowcount_bad
KS04408,ddf_name_collision;ddf_rowcount_bad;tail_sensitivity_lost_name_collision
KS04409,ddf_name_collision;ddf_rowcount_bad;tail_sensitivity_lost_name_collision
KS04410,ddf_name_collision;ddf_rowcount_bad;tail_sensitivity_lost_name_collision
KS04411,ddf_name_collision;ddf_rowcount_bad;tail_sensitivity_lost_name_collision
KS04412,ddf_name_collision;ddf_rowcount_bad
KS04413,ddf_name_collision;ddf_rowcount_bad
KS04414,ddf_name_collision;ddf_rowcount_bad
KS04415,ddf_name_collision;ddf_rowcount_bad
KS04416,ddf_name_collision;ddf_rowcount_bad
KS04417,ddf_name_collision;ddf_rowcount_bad
KS04418,ddf_name_collision;ddf_rowcount_bad
KS04419,ddf_name_collision;ddf_rowcount_bad
KS04420,ddf_name_collision;ddf_rowcount_bad
KS04421,ddf_name_collision;ddf_rowcount_bad
KS04422,ddf_name_collision;ddf_rowcount_bad
KS04423,ddf_name_collision;ddf_rowcount_bad
KS04425,ddf_name_collision;ddf_rowcount_bad
KS04426,ddf_name_collision;ddf_rowcount_bad
KS04427,ddf_name_collision;ddf_rowcount_bad
KS04428,ddf_name_collision;ddf_rowcount_bad
KS04429,ddf_name_collision;ddf_rowcount_bad;tail_sensitivity_lost_name_collision
KS04437,ddf_name_collision;ddf_rowcount_bad
KS04438,ddf_name_collision;ddf_rowcount_bad
KS04439,ddf_name_collision;ddf_rowcount_bad
KS04441,ddf_name_collision;ddf_rowcount_bad
KS04442,ddf_name_collision;ddf_rowcount_bad
KS04443,ddf_name_collision;ddf_rowcount_bad
KS04444,ddf_name_collision;ddf_rowcount_bad
KS04445,ddf_name_collision;ddf_rowcount_bad
KS04450,ddf_name_collision;ddf_rowcount_bad
KS04453,ddf_name_collision;ddf_rowcount_bad
KS04455,ddf_name_collision;ddf_rowcount_bad
KS04456,ddf_name_collision;ddf_rowcount_bad
KS04458,ddf_name_collision;ddf_rowcount_bad
KS04459,ddf_name_collision;ddf_rowcount_bad
KS04461,ddf_name_collision;ddf_rowcount_bad
KS04462,ddf_name_collision;ddf_rowcount_bad;tail_sensitivity_lost_name_collision
KS04463,ddf_name_collision;ddf_rowcount_bad
KS04466,ddf_name_collision;ddf_rowcount_bad
KS04467,ddf_name_collision
KS04468,ddf_name_collision;ddf_rowcount_bad;tail_sensitivity_lost_name_collision
KS04473,ddf_name_collision;ddf_rowcount_bad
KS04474,ddf_name_collision;ddf_rowcount_bad
KS04475,ddf_name_collision;ddf_rowcount_bad
KS04477,ddf_name_collision;ddf_rowcount_bad
KS04478,ddf_name_collision;ddf_rowcount_bad
KS04479,ddf_name_collision;ddf_rowcount_bad
KS04480,ddf_name_collision;ddf_rowcount_bad
KS04481,ddf_name_collision;ddf_rowcount_bad
KS04482,ddf_name_collision;ddf_rowcount_bad
KS04483,ddf_name_collision;ddf_rowcount_bad
KS04484,ddf_name_collision;ddf_rowcount_bad
KS04485,ddf_name_collision;ddf_rowcount_bad
KS04486,ddf_name_collision;ddf_rowcount_bad
KS04487,ddf_name_collision;ddf_rowcount_bad
KS04489,ddf_name_collision;ddf_rowcount_bad
KS04491,ddf_name_collision;ddf_rowcount_bad
KS04492,ddf_name_collision;ddf_rowcount_bad
KS04493,ddf_name_collision;ddf_rowcount_bad
KS04496,ddf_name_collision;ddf_rowcount_bad
KS04497,ddf_name_collision;ddf_rowcount_bad
KS04498,ddf_name_collision;ddf_rowcount_bad
KS04499,ddf_name_collision;ddf_rowcount_bad
KS04500,ddf_name_collision;ddf_rowcount_bad
KS04501,ddf_name_collision;ddf_rowcount_bad
KS04503,ddf_name_collision;ddf_rowcount_bad
KS04505,ddf_name_collision;ddf_rowcount_bad
KS04506,ddf_name_collision;ddf_rowcount_bad
KS04507,ddf_name_collision;ddf_rowcount_bad
KS04508,ddf_name_collision;ddf_rowcount_bad
KS04509,ddf_name_collision;ddf_rowcount_bad
KS04510,ddf_name_collision;ddf_rowcount_bad
KS04512,ddf_name_collision;ddf_rowcount_bad
KS04513,ddf_name_collision;ddf_rowcount_bad
KS04517,ddf_name_collision;ddf_rowcount_bad
KS04519,ddf_name_collision;ddf_rowcount_bad
KS04521,ddf_name_collision;ddf_rowcount_bad;tail_sensitivity_lost_name_collision
KS04522,ddf_name_collision;ddf_rowcount_bad;tail_sensitivity_lost_name_collision
KS04523,ddf_name_collision;ddf_rowcount_bad;tail_sensitivity_lost_name_collision
KS04524,ddf_name_collision;ddf_rowcount_bad;tail_sensitivity_lost_name_collision
KS04525,ddf_name_collision;ddf_rowcount_bad
KS04527,ddf_name_collision;ddf_rowcount_bad
KS04528,ddf_name_collision;ddf_rowcount_bad
KS04529,ddf_name_collision;ddf_rowcount_bad
KS04530,ddf_name_collision;ddf_rowcount_bad
KS04531,ddf_name_collision;ddf_rowcount_bad
KS04532,ddf_name_collision;ddf_rowcount_bad
KS04533,ddf_name_collision;ddf_rowcount_bad
KS04534,ddf_name_collision;ddf_rowcount_bad;tail_sensitivity_lost_name_collision
KS04535,ddf_name_collision;ddf_rowcount_bad
KS04536,ddf_name_collision;tail_sensitivity_lost_name_collision
KS04537,ddf_name_collision;ddf_rowcount_bad;tail_sensitivity_lost_name_collision
KS04538,ddf_name_collision;ddf_rowcount_bad;tail_sensitivity_lost_name_collision
KS04543,ddf_name_collision;ddf_rowcount_bad
KS04544,ddf_name_collision;ddf_rowcount_bad
KS04545,ddf_name_collision;ddf_rowcount_bad
KS04546,ddf_name_collision;ddf_rowcount_bad
KS04547,ddf_name_collision;ddf_rowcount_bad
KS04548,ddf_name_collision;ddf_rowcount_bad
KS04549,ddf_name_collision;ddf_rowcount_bad
KS04550,ddf_name_collision;ddf_rowcount_bad
KS04551,ddf_name_collision;ddf_rowcount_bad
KS04552,ddf_name_collision;ddf_rowcount_bad
KS04553,ddf_name_collision;ddf_rowcount_bad
KS04554,ddf_name_collision;ddf_rowcount_bad
KS04555,ddf_name_collision;ddf_rowcount_bad
KS04556,ddf_name_collision;ddf_rowcount_bad
KS04557,ddf_name_collision;ddf_rowcount_bad
KS04558,ddf_name_collision;ddf_rowcount_bad;tail_sensitivity_lost_name_collision
KS04559,ddf_name_collision;ddf_rowcount_bad;tail_sensitivity_lost_name_collision
KS04560,ddf_name_collision;ddf_rowcount_bad;tail_sensitivity_lost_name_collision
KS04563,ddf_name_collision;ddf_rowcount_bad
KS04564,ddf_name_collision;ddf_rowcount_bad
KS04565,ddf_name_collision;ddf_rowcount_bad;tail_sensitivity_lost_name_collision
KS04566,ddf_name_collision;ddf_rowcount_bad
KS04567,ddf_name_collision;ddf_rowcount_bad
KS04568,ddf_name_collision;ddf_rowcount_bad
KS04569,ddf_name_collision;ddf_rowcount_bad
KS04570,ddf_name_collision;ddf_rowcount_bad
KS04571,ddf_name_collision;ddf_rowcount_bad
KS04572,ddf_name_collision;ddf_rowcount_bad
KS04573,ddf_name_collision;ddf_rowcount_bad
KS04574,ddf_name_collision;ddf_rowcount_bad
KS04575,ddf_name_collision;ddf_rowcount_bad
KS04576,ddf_name_collision;ddf_rowcount_bad
KS04577,ddf_name_collision;ddf_rowcount_bad
KS04578,ddf_name_collision;ddf_rowcount_bad
KS04579,ddf_name_collision;ddf_rowcount_bad
KS04580,ddf_name_collision;ddf_rowcount_bad
KS04581,ddf_name_collision;ddf_rowcount_bad
KS04582,ddf_name_collision;ddf_rowcount_bad
KS04583,ddf_name_collision;ddf_rowcount_bad
KS04584,ddf_name_collision;ddf_rowcount_bad
KS04585,ddf_name_collision;ddf_rowcount_bad
KS04586,ddf_name_collision;ddf_rowcount_bad
KS04587,ddf_name_collision;ddf_rowcount_bad
KS04589,ddf_name_collision;ddf_rowcount_bad;tail_sensitivity_lost_name_collision
KS04590,ddf_name_collision;ddf_rowcount_bad;tail_sensitivity_lost_name_collision
KS04591,ddf_name_collision;ddf_rowcount_bad;tail_sensitivity_lost_name_collision
KS04592,ddf_name_collision;ddf_rowcount_bad;tail_sensitivity_lost_name_collision
KS04593,ddf_name_collision;ddf_rowcount_bad;tail_sensitivity_lost_name_collision
KS04594,ddf_name_collision;ddf_rowcount_bad
KS04595,ddf_name_collision;ddf_rowcount_bad
KS04596,ddf_name_collision;ddf_rowcount_bad;tail_sensitivity_lost_name_collision
KS04599,ddf_name_collision;ddf_rowcount_bad
KS04600,ddf_name_collision;ddf_rowcount_bad
KS04602,ddf_name_collision;ddf_rowcount_bad
KS04603,ddf_name_collision;ddf_rowcount_bad
KS04604,ddf_name_collision;ddf_rowcount_bad
KS04605,ddf_name_collision;ddf_rowcount_bad
KS04606,ddf_name_collision;ddf_rowcount_bad;tail_sensitivity_lost_name_collision
KS04607,ddf_name_collision
KS04608,ddf_name_collision;ddf_rowcount_bad
KS04609,ddf_name_collision
KS04611,ddf_name_collision;ddf_rowcount_bad
KS04612,ddf_name_collision;ddf_rowcount_bad
KS04613,ddf_name_collision;ddf_rowcount_bad
KS04614,ddf_name_collision;ddf_rowcount_bad
KS04615,ddf_name_collision;ddf_rowcount_bad
KS04616,ddf_name_collision;ddf_rowcount_bad
KS04617,ddf_name_collision;ddf_rowcount_bad
KS04618,ddf_name_collision;ddf_rowcount_bad
KS04619,ddf_name_collision;ddf_rowcount_bad
KS04620,ddf_name_collision;ddf_rowcount_bad
KS04621,ddf_name_collision;ddf_rowcount_bad
KS04622,ddf_name_collision;ddf_rowcount_bad
KS04623,ddf_name_collision;ddf_rowcount_bad
KS04624,ddf_name_collision;ddf_rowcount_bad
KS04625,ddf_name_collision;ddf_rowcount_bad
KS04626,ddf_name_collision;ddf_rowcount_bad
KS04627,ddf_name_collision;ddf_rowcount_bad
KS04629,ddf_name_collision;ddf_rowcount_bad
KS04630,ddf_name_collision;ddf_rowcount_bad
KS04631,ddf_name_collision;ddf_rowcount_bad
KS04632,ddf_name_collision;ddf_rowcount_bad
KS04644,ddf_name_collision;ddf_rowcount_bad;tail_sensitivity_lost_name_collision
KS04645,ddf_name_collision;ddf_rowcount_bad
KS04646,ddf_name_collision;ddf_rowcount_bad
KS04647,ddf_name_collision;ddf_rowcount_bad
KS04649,ddf_name_collision;ddf_rowcount_bad
KS04650,ddf_name_collision;ddf_rowcount_bad
KS04651,ddf_name_collision;ddf_rowcount_bad
KS04652,ddf_name_collision;ddf_rowcount_bad
KS04653,ddf_name_collision;ddf_rowcount_bad;tail_sensitivity_lost_name_collision
KS04654,ddf_name_collision;ddf_rowcount_bad;tail_sensitivity_lost_name_collision
KS04655,ddf_name_collision;ddf_rowcount_bad
KS04656,ddf_name_collision;ddf_rowcount_bad
KS04658,ddf_name_collision;ddf_rowcount_bad
KS04659,ddf_name_collision;ddf_rowcount_bad
KS04660,ddf_name_collision;ddf_rowcount_bad
KS04661,ddf_name_collision;ddf_rowcount_bad
KS04662,ddf_name_collision;ddf_rowcount_bad
KS04664,ddf_name_collision;ddf_rowcount_bad;tail_sensitivity_lost_name_collision
KS04665,ddf_name_collision;tail_sensitivity_lost_name_collision
KS04666,ddf_name_collision;ddf_rowcount_bad
KS04667,ddf_name_collision
KS04668,ddf_name_collision;tail_sensitivity_lost_name_collision
KS04669,ddf_name_collision;ddf_rowcount_bad
KS04670,ddf_name_collision;tail_sensitivity_lost_name_collision
KS04671,ddf_name_collision;tail_sensitivity_lost_name_collision
KS04672,ddf_name_collision;ddf_rowcount_bad;tail_sensitivity_lost_name_collision
KS04673,ddf_name_collision;ddf_rowcount_bad;tail_sensitivity_lost_name_collision
KS04674,ddf_name_collision;ddf_rowcount_bad
KS04675,ddf_name_collision;ddf_rowcount_bad
KS04676,ddf_name_collision;ddf_rowcount_bad
KS04677,ddf_name_collision;ddf_rowcount_bad
KS04678,ddf_name_collision;ddf_rowcount_bad
KS04679,ddf_name_collision;ddf_rowcount_bad;tail_sensitivity_lost_name_collision
KS04681,ddf_name_collision;ddf_rowcount_bad;tail_sensitivity_lost_name_collision
KS04682,ddf_name_collision;ddf_rowcount_bad;tail_sensitivity_lost_name_collision
KS04683,ddf_name_collision;ddf_rowcount_bad
KS04684,ddf_name_collision;tail_sensitivity_lost_name_collision
KS04685,ddf_name_collision;ddf_rowcount_bad
KS04686,ddf_name_collision;ddf_rowcount_bad;tail_sensitivity_lost_name_collision
KS04687,ddf_name_collision;ddf_rowcount_bad
KS04688,ddf_name_collision;ddf_rowcount_bad
KS04689,ddf_name_collision;ddf_rowcount_bad
KS04690,ddf_name_collision;ddf_rowcount_bad
KS04691,ddf_name_collision;ddf_rowcount_bad
KS04692,ddf_name_collision;ddf_rowcount_bad;tail_sensitivity_lost_name_collision
KS04693,ddf_name_collision;ddf_rowcount_bad
KS04694,ddf_name_collision;ddf_rowcount_bad
KS04695,ddf_name_collision;ddf_rowcount_bad
KS04698,ddf_name_collision;ddf_rowcount_bad
KS04699,ddf_name_collision;ddf_rowcount_bad
KS04700,ddf_name_collision;ddf_rowcount_bad
KS04702,ddf_name_collision;ddf_rowcount_bad
KS04703,ddf_name_collision;ddf_rowcount_bad
KS04704,ddf_name_collision;ddf_rowcount_bad
KS04705,ddf_name_collision;ddf_rowcount_bad
KS04706,ddf_name_collision;ddf_rowcount_bad
KS04707,ddf_name_collision;ddf_rowcount_bad
KS04708,ddf_name_collision;ddf_rowcount_bad
KS04709,ddf_name_collision;ddf_rowcount_bad
KS04710,ddf_name_collision;ddf_rowcount_bad
KS04711,ddf_name_collision;ddf_rowcount_bad
KS04712,ddf_name_collision;ddf_rowcount_bad
KS04713,ddf_name_collision;ddf_rowcount_bad
KS04714,ddf_name_collision;ddf_rowcount_bad
KS04715,ddf_name_collision;ddf_rowcount_bad
KS04716,ddf_name_collision;ddf_rowcount_bad
KS04717,ddf_name_collision;ddf_rowcount_bad
KS04718,ddf_name_collision;ddf_rowcount_bad
KS04719,ddf_name_collision;ddf_rowcount_bad
KS04721,ddf_name_collision;ddf_rowcount_bad
KS04722,ddf_name_collision;ddf_rowcount_bad;tail_sensitivity_lost_name_collision
KS04723,ddf_name_collision;ddf_rowcount_bad
KS04724,ddf_name_collision;ddf_rowcount_bad;tail_sensitivity_lost_name_collision
KS04725,ddf_name_collision;ddf_rowcount_bad
KS04727,ddf_name_collision;ddf_rowcount_bad;tail_sensitivity_lost_name_collision
KS04728,ddf_name_collision;ddf_rowcount_bad;tail_sensitivity_lost_name_collision
KS04729,ddf_name_collision;ddf_rowcount_bad
KS04730,ddf_name_collision;ddf_rowcount_bad;tail_sensitivity_lost_name_collision
KS04731,ddf_name_collision;ddf_rowcount_bad
KS04733,ddf_name_collision;ddf_rowcount_bad
KS04735,ddf_name_collision;ddf_rowcount_bad
KS04737,ddf_name_collision;ddf_rowcount_bad
KS04738,ddf_name_collision;ddf_rowcount_bad
KS04739,ddf_name_collision;ddf_rowcount_bad
KS04741,ddf_name_collision;ddf_rowcount_bad
KS04742,ddf_name_collision;ddf_rowcount_bad
KS04743,ddf_name_collision;ddf_rowcount_bad
KS04744,ddf_name_collision;ddf_rowcount_bad
KS04745,ddf_name_collision;ddf_rowcount_bad
KS04746,ddf_name_collision;ddf_rowcount_bad
KS04747,ddf_name_collision;ddf_rowcount_bad
KS04748,ddf_name_collision;ddf_rowcount_bad
KS04749,ddf_name_collision;ddf_rowcount_bad
KS04750,ddf_name_collision
KS04751,ddf_name_collision;ddf_rowcount_bad
KS04752,ddf_name_collision;ddf_rowcount_bad;tail_sensitivity_lost_name_collision
KS04753,ddf_name_collision;ddf_rowcount_bad
KS04754,ddf_name_collision;ddf_rowcount_bad
KS04755,ddf_name_collision;ddf_rowcount_bad;tail_sensitivity_lost_name_collision
KS04756,ddf_name_collision;ddf_rowcount_bad
KS04757,ddf_name_collision;ddf_rowcount_bad
KS04759,ddf_name_collision;ddf_rowcount_bad
KS04760,ddf_name_collision;ddf_rowcount_bad
KS04761,ddf_name_collision;ddf_rowcount_bad
KS04762,ddf_name_collision;ddf_rowcount_bad
KS04763,ddf_name_collision;ddf_rowcount_bad
KS04764,ddf_name_collision;ddf_rowcount_bad
KS04765,ddf_name_collision;ddf_rowcount_bad
KS04766,ddf_name_collision;ddf_rowcount_bad
KS04767,ddf_name_collision;ddf_rowcount_bad
KS04768,ddf_name_collision;ddf_rowcount_bad
KS04769,ddf_name_collision;ddf_rowcount_bad
KS04770,ddf_name_collision;ddf_rowcount_bad
KS04771,ddf_name_collision;ddf_rowcount_bad
KS04773,ddf_name_collision;ddf_rowcount_bad;tail_sensitivity_lost_name_collision
KS04774,ddf_name_collision;ddf_rowcount_bad;tail_sensitivity_lost_name_collision
KS04775,ddf_name_collision;ddf_rowcount_bad;tail_sensitivity_lost_name_collision
KS04778,ddf_name_collision;ddf_rowcount_bad
KS04779,ddf_name_collision;ddf_rowcount_bad
KS04780,ddf_name_collision;ddf_rowcount_bad
KS04781,ddf_name_collision;ddf_rowcount_bad
KS04782,ddf_name_collision;ddf_rowcount_bad
KS04783,ddf_name_collision;ddf_rowcount_bad
KS04784,ddf_name_collision;ddf_rowcount_bad
KS04785,ddf_name_collision;ddf_rowcount_bad
KS04786,ddf_name_collision;ddf_rowcount_bad
KS04787,ddf_name_collision;ddf_rowcount_bad
KS04788,ddf_name_collision;ddf_rowcount_bad
KS04789,ddf_name_collision;ddf_rowcount_bad
KS04790,ddf_name_collision;ddf_rowcount_bad
KS04791,ddf_name_collision;ddf_rowcount_bad
KS04792,ddf_name_collision;ddf_rowcount_bad
KS04793,ddf_name_collision;ddf_rowcount_bad
KS04794,ddf_name_collision;ddf_rowcount_bad
KS04795,ddf_name_collision;ddf_rowcount_bad
KS04796,ddf_name_collision;ddf_rowcount_bad
KS04797,ddf_name_collision;ddf_rowcount_bad
KS04798,ddf_name_collision;ddf_rowcount_bad
KS04799,ddf_name_collision;ddf_rowcount_bad
KS04800,ddf_name_collision;ddf_rowcount_bad
KS04801,ddf_name_collision;ddf_rowcount_bad
KS04802,ddf_name_collision;ddf_rowcount_bad
KS04803,ddf_name_collision;ddf_rowcount_bad
KS04804,ddf_name_collision;ddf_rowcount_bad
KS04805,ddf_name_collision;ddf_rowcount_bad
KS04806,ddf_name_collision;ddf_rowcount_bad;tail_sensitivity_lost_name_collision
KS04807,ddf_name_collision;ddf_rowcount_bad
KS04808,ddf_name_collision;ddf_rowcount_bad
KS04809,ddf_name_collision;ddf_rowcount_bad
KS04810,ddf_name_collision;ddf_rowcount_bad
KS04811,ddf_name_collision;ddf_rowcount_bad
KS04812,ddf_name_collision;ddf_rowcount_bad
KS04813,ddf_name_collision;ddf_rowcount_bad
KS04814,ddf_name_collision;ddf_rowcount_bad
KS04815,ddf_name_collision;ddf_rowcount_bad
KS04816,ddf_name_collision;ddf_rowcount_bad
KS04818,ddf_name_collision;ddf_rowcount_bad
KS04819,ddf_name_collision;ddf_rowcount_bad
KS04820,ddf_name_collision;ddf_rowcount_bad
KS04821,ddf_name_collision;ddf_rowcount_bad
KS04822,ddf_name_collision;ddf_rowcount_bad
KS04823,ddf_name_collision;ddf_rowcount_bad
KS04824,ddf_name_collision;ddf_rowcount_bad
KS04825,ddf_name_collision;ddf_rowcount_bad
KS04826,ddf_name_collision;ddf_rowcount_bad
KS04827,ddf_name_collision;ddf_rowcount_bad
KS04828,ddf_name_collision;ddf_rowcount_bad
KS04829,ddf_name_collision;ddf_rowcount_bad
KS04830,ddf_name_collision;ddf_rowcount_bad
KS04831,ddf_name_collision;ddf_rowcount_bad
KS04832,ddf_name_collision;ddf_rowcount_bad
KS04833,ddf_name_collision;ddf_rowcount_bad
KS04834,ddf_name_collision;ddf_rowcount_bad
KS04835,ddf_name_collision;ddf_rowcount_bad
KS04836,ddf_name_collision;ddf_rowcount_bad
KS04837,ddf_name_collision;ddf_rowcount_bad
KS04838,ddf_name_collision;ddf_rowcount_bad
KS04839,ddf_name_collision;ddf_rowcount_bad
KS04840,ddf_name_collision;ddf_rowcount_bad;tail_sensitivity_lost_name_collision
KS04841,ddf_name_collision;ddf_rowcount_bad;tail_sensitivity_lost_name_collision
KS04842,ddf_name_collision;ddf_rowcount_bad
KS04843,ddf_name_collision;ddf_rowcount_bad
KS04844,ddf_name_collision;ddf_rowcount_bad
KS04845,ddf_name_collision;ddf_rowcount_bad
KS04846,ddf_name_collision;ddf_rowcount_bad
KS04847,ddf_name_collision;ddf_rowcount_bad
KS04848,ddf_name_collision;ddf_rowcount_bad
KS04849,ddf_name_collision;ddf_rowcount_bad
KS04850,ddf_name_collision;ddf_rowcount_bad
KS04851,ddf_name_collision;ddf_rowcount_bad
KS04852,ddf_name_collision;ddf_rowcount_bad
KS04854,ddf_name_collision;ddf_rowcount_bad
KS04855,ddf_name_collision;ddf_rowcount_bad
KS04856,ddf_name_collision;ddf_rowcount_bad
KS04857,ddf_name_collision;ddf_rowcount_bad
KS04858,ddf_name_collision;ddf_rowcount_bad
KS04859,ddf_name_collision;ddf_rowcount_bad
KS04860,ddf_name_collision;ddf_rowcount_bad
KS04861,ddf_name_collision;ddf_rowcount_bad
KS04862,ddf_name_collision;ddf_rowcount_bad
KS04863,ddf_name_collision;ddf_rowcount_bad
KS04864,ddf_name_collision;ddf_rowcount_bad
KS04865,ddf_name_collision;ddf_rowcount_bad
KS04866,ddf_name_collision;ddf_rowcount_bad
KS04867,ddf_name_collision;ddf_rowcount_bad
KS04868,ddf_name_collision;ddf_rowcount_bad
KS04869,ddf_name_collision;ddf_rowcount_bad
KS04870,ddf_name_collision;ddf_rowcount_bad
KS04871,ddf_name_collision;ddf_rowcount_bad
KS04872,ddf_name_collision;ddf_rowcount_bad
KS04873,ddf_name_collision;ddf_rowcount_bad
KS04874,ddf_name_collision;ddf_rowcount_bad
KS04875,ddf_name_collision;ddf_rowcount_bad
KS04876,ddf_name_collision;ddf_rowcount_bad
KS04877,ddf_name_collision;ddf_rowcount_bad
KS04878,ddf_name_collision;ddf_rowcount_bad
KS04879,ddf_name_collision;ddf_rowcount_bad
KS04880,ddf_name_collision;ddf_rowcount_bad
KS04881,ddf_name_collision;ddf_rowcount_bad;tail_sensitivity_lost_name_collision
KS04882,ddf_name_collision;ddf_rowcount_bad
KS04883,ddf_name_collision;ddf_rowcount_bad
KS04884,ddf_name_collision;ddf_rowcount_bad
KS04885,ddf_name_collision;ddf_rowcount_bad
KS04886,ddf_name_collision;ddf_rowcount_bad
KS04888,ddf_name_collision;ddf_rowcount_bad
KS04889,ddf_name_collision;ddf_rowcount_bad
KS04890,ddf_name_collision;ddf_rowcount_bad;tail_sensitivity_lost_name_collision
KS04891,ddf_name_collision;ddf_rowcount_bad
KS04892,ddf_name_collision;ddf_rowcount_bad
KS04893,ddf_name_collision;ddf_rowcount_bad
KS04894,ddf_name_collision;ddf_rowcount_bad
KS04895,ddf_name_collision;ddf_rowcount_bad
KS04896,ddf_name_collision;ddf_rowcount_bad
KS04898,ddf_name_collision;ddf_rowcount_bad
KS04899,ddf_name_collision;ddf_rowcount_bad
KS04900,ddf_name_collision;ddf_rowcount_bad
KS04901,ddf_name_collision;ddf_rowcount_bad
KS04902,ddf_name_collision;ddf_rowcount_bad
KS04903,ddf_name_collision;ddf_rowcount_bad
KS04904,ddf_name_collision;ddf_rowcount_bad
KS04905,ddf_name_collision;ddf_rowcount_bad
KS04906,ddf_name_collision;ddf_rowcount_bad
KS04907,ddf_name_collision;ddf_rowcount_bad
KS04908,ddf_name_collision;ddf_rowcount_bad
KS04911,ddf_name_collision;ddf_rowcount_bad
KS04912,ddf_name_collision;ddf_rowcount_bad;tail_sensitivity_lost_name_collision
KS04914,ddf_name_collision;ddf_rowcount_bad
KS04916,ddf_name_collision;ddf_rowcount_bad
KS04917,ddf_name_collision;ddf_rowcount_bad
KS04918,ddf_name_collision;ddf_rowcount_bad
KS04919,ddf_name_collision;ddf_rowcount_bad
KS04920,ddf_name_collision;ddf_rowcount_bad
KS04921,ddf_name_collision;ddf_rowcount_bad
KS04922,ddf_name_collision;ddf_rowcount_bad
KS04923,ddf_name_collision;ddf_rowcount_bad
KS04924,ddf_name_collision;ddf_rowcount_bad
KS04925,ddf_name_collision;ddf_rowcount_bad
KS04926,ddf_name_collision;ddf_rowcount_bad
KS04927,ddf_name_collision;ddf_rowcount_bad
KS04928,ddf_name_collision;ddf_rowcount_bad
KS04929,ddf_name_collision;ddf_rowcount_bad
KS04930,ddf_name_collision;ddf_rowcount_bad
KS04931,ddf_name_collision;ddf_rowcount_bad
KS04932,ddf_name_collision;ddf_rowcount_bad
KS04933,ddf_name_collision;ddf_rowcount_bad
KS04934,ddf_name_collision;ddf_rowcount_bad
KS04935,ddf_name_collision;ddf_rowcount_bad
KS04936,ddf_name_collision;ddf_rowcount_bad
KS04938,ddf_name_collision;ddf_rowcount_bad
KS04939,ddf_name_collision;ddf_rowcount_bad
KS04940,ddf_name_collision;ddf_rowcount_bad
KS04941,ddf_name_collision;ddf_rowcount_bad
KS04948,ddf_name_collision;ddf_rowcount_bad
KS04949,ddf_name_collision;ddf_rowcount_bad
KS04950,ddf_name_collision;ddf_rowcount_bad
KS04951,ddf_name_collision;ddf_rowcount_bad
KS04952,ddf_name_collision;ddf_rowcount_bad
KS04953,ddf_name_collision;ddf_rowcount_bad
KS04954,ddf_name_collision;ddf_rowcount_bad
KS04955,ddf_name_collision;ddf_rowcount_bad
KS04956,ddf_name_collision;ddf_rowcount_bad
KS04957,ddf_name_collision;ddf_rowcount_bad
KS04958,ddf_name_collision;ddf_rowcount_bad;tail_sensitivity_lost_name_collision
KS04959,ddf_name_collision;ddf_rowcount_bad
KS04960,ddf_name_collision;ddf_rowcount_bad
KS04961,ddf_name_collision;ddf_rowcount_bad
KS04962,ddf_name_collision;ddf_rowcount_bad
KS04963,ddf_name_collision;ddf_rowcount_bad
KS04964,ddf_name_collision;ddf_rowcount_bad
KS04965,ddf_name_collision;ddf_rowcount_bad
KS04966,ddf_name_collision;ddf_rowcount_bad
KS04967,ddf_name_collision;ddf_rowcount_bad
KS04968,ddf_name_collision;ddf_rowcount_bad
KS04969,ddf_name_collision;ddf_rowcount_bad
KS04970,ddf_name_collision;ddf_rowcount_bad;tail_sensitivity_lost_name_collision
KS04971,ddf_name_collision;ddf_rowcount_bad
KS04972,ddf_name_collision;ddf_rowcount_bad
KS04973,ddf_name_collision;ddf_rowcount_bad
KS04974,ddf_name_collision;ddf_rowcount_bad
KS04975,ddf_name_collision;ddf_rowcount_bad
KS04976,ddf_name_collision;ddf_rowcount_bad
KS04977,ddf_name_collision;ddf_rowcount_bad
KS04978,ddf_name_collision;ddf_rowcount_bad
KS04979,ddf_name_collision;ddf_rowcount_bad
KS04980,ddf_name_collision;ddf_rowcount_bad
KS04981,ddf_name_collision;ddf_rowcount_bad
KS04982,ddf_name_collision;ddf_rowcount_bad
KS04983,ddf_name_collision;ddf_rowcount_bad
KS04985,ddf_name_collision;ddf_rowcount_bad
KS04986,ddf_name_collision;ddf_rowcount_bad
KS04987,ddf_name_collision;ddf_rowcount_bad
KS04988,ddf_name_collision;ddf_rowcount_bad
KS04989,ddf_name_collision;ddf_rowcount_bad
KS04990,ddf_name_collision;ddf_rowcount_bad
KS04991,ddf_name_collision;ddf_rowcount_bad
KS04992,ddf_name_collision;ddf_rowcount_bad
KS04993,ddf_name_collision;ddf_rowcount_bad
KS04994,ddf_name_collision;ddf_rowcount_bad
KS04995,ddf_name_collision;ddf_rowcount_bad
KS04996,ddf_name_collision;ddf_rowcount_bad
KS04997,ddf_name_collision;ddf_rowcount_bad
KS04998,ddf_name_collision;ddf_rowcount_bad
KS04999,ddf_name_collision;ddf_rowcount_bad
KS05000,ddf_name_collision;ddf_rowcount_bad
KS05002,ddf_name_collision;ddf_rowcount_bad
KS05003,ddf_name_collision;ddf_rowcount_bad
KS05004,ddf_name_collision;ddf_rowcount_bad
KS05005,ddf_name_collision;ddf_rowcount_bad
KS05006,ddf_name_collision;ddf_rowcount_bad
KS05007,ddf_name_collision;ddf_rowcount_bad
KS05008,ddf_name_collision;ddf_rowcount_bad
KS05009,ddf_name_collision;ddf_rowcount_bad
KS05010,ddf_name_collision;ddf_rowcount_bad
KS05011,ddf_name_collision;ddf_rowcount_bad
KS05012,ddf_name_collision;ddf_rowcount_bad
KS05013,ddf_name_collision;ddf_rowcount_bad
KS05014,ddf_name_collision;ddf_rowcount_bad
KS05016,ddf_name_collision;ddf_rowcount_bad
KS05017,ddf_name_collision;ddf_rowcount_bad
KS05019,ddf_name_collision;ddf_rowcount_bad
KS05020,ddf_name_collision;ddf_rowcount_bad
KS05021,ddf_name_collision;ddf_rowcount_bad
KS05022,ddf_name_collision;ddf_rowcount_bad
KS05023,ddf_name_collision;ddf_rowcount_bad
KS05024,ddf_name_collision;ddf_rowcount_bad
KS05025,ddf_name_collision;ddf_rowcount_bad
KS05026,ddf_name_collision;ddf_rowcount_bad
KS05027,ddf_name_collision;ddf_rowcount_bad
KS05028,ddf_name_collision;ddf_rowcount_bad;tail_sensitivity_lost_name_collision
KS05029,ddf_name_collision;ddf_rowcount_bad
KS05030,ddf_name_collision;ddf_rowcount_bad
KS05031,ddf_name_collision;ddf_rowcount_bad
KS05048,ddf_name_collision;ddf_rowcount_bad;tail_sensitivity_lost_name_collision
KS05049,ddf_name_collision;ddf_rowcount_bad;tail_sensitivity_lost_name_collision
KS05054,ddf_name_collision;ddf_rowcount_bad;tail_sensitivity_lost_name_collision
KS05058,ddf_name_collision;tail_sensitivity_lost_name_collision
KS05063,ddf_name_collision;ddf_rowcount_bad;tail_sensitivity_lost_name_collision
KS05064,ddf_name_collision;ddf_rowcount_bad;tail_sensitivity_lost_name_collision
KS05067,ddf_name_collision;ddf_rowcount_bad;tail_sensitivity_lost_name_collision
KS05068,ddf_name_collision;ddf_rowcount_bad;tail_sensitivity_lost_name_collision
KS05069,ddf_name_collision;ddf_rowcount_bad;tail_sensitivity_lost_name_collision
KS05070,ddf_name_collision;ddf_rowcount_bad;tail_sensitivity_lost_name_collision
KS05071,ddf_name_collision;ddf_rowcount_bad;tail_sensitivity_lost_name_collision
KS05072,ddf_name_collision;ddf_rowcount_bad;tail_sensitivity_lost_name_collision
KS05073,ddf_name_collision;ddf_rowcount_bad;tail_sensitivity_lost_name_collision
KS05074,ddf_name_collision;ddf_rowcount_bad;tail_sensitivity_lost_name_collision
KS05075,ddf_name_collision;ddf_rowcount_bad;tail_sensitivity_lost_name_collision
KS05076,ddf_name_collision;ddf_rowcount_bad;tail_sensitivity_lost_name_collision
KS05077,ddf_name_collision;ddf_rowcount_bad;tail_sensitivity_lost_name_collision
KS05078,ddf_name_collision;ddf_rowcount_bad;tail_sensitivity_lost_name_collision
KS05081,ddf_name_collision;ddf_rowcount_bad;tail_sensitivity_lost_name_collision
KS05083,ddf_name_collision;ddf_rowcount_bad
KS05084,ddf_name_collision;ddf_rowcount_bad
KS05085,ddf_name_collision;ddf_rowcount_bad
KS05086,ddf_name_collision;ddf_rowcount_bad
KS05087,ddf_name_collision;ddf_rowcount_bad
KS05089,ddf_name_collision;ddf_rowcount_bad
KS05090,ddf_name_collision;ddf_rowcount_bad;tail_sensitivity_lost_name_collision
KS05091,ddf_name_collision;ddf_rowcount_bad
KS05092,ddf_name_collision;ddf_rowcount_bad
KS05093,ddf_name_collision;ddf_rowcount_bad
KS05094,ddf_name_collision;ddf_rowcount_bad
KS05097,ddf_name_collision;ddf_rowcount_bad
KS05098,ddf_name_collision;ddf_rowcount_bad
KS05105,ddf_name_collision;ddf_rowcount_bad
KS05109,ddf_name_collision;ddf_rowcount_bad
KS05110,ddf_name_collision;ddf_rowcount_bad
KS05112,ddf_name_collision;ddf_rowcount_bad
KS05113,ddf_name_collision;ddf_rowcount_bad
KS05115,ddf_name_collision;ddf_rowcount_bad
KS05116,ddf_name_collision;ddf_rowcount_bad
KS05117,ddf_name_collision;ddf_rowcount_bad
KS05118,ddf_name_collision;ddf_rowcount_bad
KS05129,ddf_name_collision;ddf_rowcount_bad
KS05130,ddf_name_collision;ddf_rowcount_bad
KS05131,ddf_name_collision;ddf_rowcount_bad
KS05133,ddf_name_collision;ddf_rowcount_bad
KS05135,ddf_name_collision;ddf_rowcount_bad
KS05136,ddf_name_collision;ddf_rowcount_bad
KS05137,ddf_name_collision;ddf_rowcount_bad
KS05138,ddf_name_collision;ddf_rowcount_bad
KS05139,ddf_name_collision;ddf_rowcount_bad
KS05142,ddf_name_collision;ddf_rowcount_bad
KS05143,ddf_name_collision;ddf_rowcount_bad
KS05145,ddf_name_collision;ddf_rowcount_bad
KS05149,ddf_name_collision;ddf_rowcount_bad
KS05152,ddf_name_collision;ddf_rowcount_bad
KS05153,ddf_name_collision
KS05154,ddf_name_collision;ddf_rowcount_bad
KS05155,ddf_name_collision;ddf_rowcount_bad
KS05156,ddf_name_collision;ddf_rowcount_bad
KS05159,ddf_name_collision;ddf_rowcount_bad
KS05162,ddf_name_collision;ddf_rowcount_bad
KS05163,ddf_name_collision;ddf_rowcount_bad
KS05167,ddf_name_collision;ddf_rowcount_bad
KS05169,ddf_name_collision;ddf_rowcount_bad
KS05172,ddf_name_collision;ddf_rowcount_bad;tail_sensitivity_lost_name_collision
KS05173,ddf_name_collision;ddf_rowcount_bad
KS05174,ddf_name_collision;ddf_rowcount_bad
KS05175,ddf_name_collision;ddf_rowcount_bad
KS05177,ddf_name_collision;ddf_rowcount_bad
KS05178,ddf_name_collision;ddf_rowcount_bad
KS05179,ddf_name_collision;ddf_rowcount_bad
KS05180,ddf_name_collision;ddf_rowcount_bad
KS05182,ddf_name_collision;ddf_rowcount_bad
KS05184,ddf_name_collision;ddf_rowcount_bad
KS05185,ddf_name_collision;ddf_rowcount_bad;tail_sensitivity_lost_name_collision
KS05186,ddf_name_collision;ddf_rowcount_bad;tail_sensitivity_lost_name_collision
KS05187,ddf_name_collision;ddf_rowcount_bad
KS05188,ddf_name_collision;ddf_rowcount_bad
KS05193,ddf_name_collision;ddf_rowcount_bad
KS05194,ddf_name_collision;ddf_rowcount_bad
KS05197,ddf_name_collision;ddf_rowcount_bad
KS05198,ddf_name_collision;ddf_rowcount_bad
KS05200,ddf_name_collision;ddf_rowcount_bad
KS05208,ddf_name_collision;ddf_rowcount_bad
KS05212,ddf_name_collision;ddf_rowcount_bad
KS05213,ddf_name_collision;ddf_rowcount_bad
KS05214,ddf_name_collision;ddf_rowcount_bad
KS05216,ddf_name_collision;ddf_rowcount_bad
KS05217,ddf_name_collision;ddf_rowcount_bad
KS05218,ddf_name_collision;ddf_rowcount_bad
KS05221,ddf_name_collision;ddf_rowcount_bad
KS05224,ddf_name_collision;ddf_rowcount_bad
KS05229,ddf_name_collision;ddf_rowcount_bad
KS05231,ddf_name_collision;ddf_rowcount_bad
KS05234,ddf_name_collision;ddf_rowcount_bad
KS05237,ddf_name_collision;ddf_rowcount_bad
KS05239,ddf_name_collision;ddf_rowcount_bad
KS05240,ddf_name_collision;ddf_rowcount_bad
KS05242,ddf_name_collision;ddf_rowcount_bad
KS05247,ddf_name_collision;tail_sensitivity_lost_name_collision
KS05248,ddf_name_collision;ddf_rowcount_bad;tail_sensitivity_lost_name_collision
KS05250,ddf_name_collision;ddf_rowcount_bad;tail_sensitivity_lost_name_collision
KS05251,ddf_name_collision;ddf_rowcount_bad;tail_sensitivity_lost_name_collision
KS05256,ddf_name_collision;ddf_rowcount_bad;tail_sensitivity_lost_name_collision
KS05258,ddf_name_collision;ddf_rowcount_bad;tail_sensitivity_lost_name_collision
KS05259,ddf_name_collision;ddf_rowcount_bad
KS05263,ddf_name_collision;ddf_rowcount_bad
KS05264,ddf_name_collision;ddf_rowcount_bad
KS05269,ddf_name_collision;ddf_rowcount_bad
KS05273,ddf_name_collision;ddf_rowcount_bad
KS05278,ddf_name_collision;ddf_rowcount_bad
KS05280,ddf_name_collision;ddf_rowcount_bad
KS05282,ddf_name_collision;ddf_rowcount_bad
KS05285,ddf_name_collision;tail_sensitivity_lost_name_collision
KS05286,ddf_name_collision;ddf_rowcount_bad;tail_sensitivity_lost_name_collision
KS05287,ddf_name_collision;ddf_rowcount_bad;tail_sensitivity_lost_name_collision
KS05288,ddf_name_collision;ddf_rowcount_bad;tail_sensitivity_lost_name_collision
KS05289,ddf_name_collision;ddf_rowcount_bad;tail_sensitivity_lost_name_collision
KS05290,ddf_name_collision;ddf_rowcount_bad;tail_sensitivity_lost_name_collision
KS05291,ddf_name_collision;ddf_rowcount_bad;tail_sensitivity_lost_name_collision
KS05293,ddf_name_collision;ddf_rowcount_bad;tail_sensitivity_lost_name_collision
KS05294,ddf_name_collision;ddf_rowcount_bad;tail_sensitivity_lost_name_collision
KS05295,ddf_name_collision;ddf_rowcount_bad;tail_sensitivity_lost_name_collision
KS05296,ddf_name_collision;ddf_rowcount_bad;tail_sensitivity_lost_name_collision
KS05297,ddf_name_collision;ddf_rowcount_bad;tail_sensitivity_lost_name_collision
KS05298,ddf_name_collision;ddf_rowcount_bad;tail_sensitivity_lost_name_collision
KS05299,ddf_name_collision;tail_sensitivity_lost_name_collision
KS05300,ddf_name_collision
KS05301,ddf_name_collision;ddf_rowcount_bad;tail_sensitivity_lost_name_collision
KS05302,ddf_name_collision;ddf_rowcount_bad;tail_sensitivity_lost_name_collision
KS05303,ddf_name_collision;ddf_rowcount_bad;tail_sensitivity_lost_name_collision
KS05306,ddf_name_collision;ddf_rowcount_bad;tail_sensitivity_lost_name_collision
KS05308,ddf_name_collision;tail_sensitivity_lost_name_collision
KS05310,ddf_name_collision;ddf_rowcount_bad;tail_sensitivity_lost_name_collision
KS05311,ddf_name_collision;ddf_rowcount_bad;tail_sensitivity_lost_name_collision
KS05312,ddf_name_collision;ddf_rowcount_bad;tail_sensitivity_lost_name_collision
KS05313,ddf_name_collision;ddf_rowcount_bad;tail_sensitivity_lost_name_collision
KS05317,ddf_name_collision;ddf_rowcount_bad;tail_sensitivity_lost_name_collision
KS05318,ddf_name_collision;ddf_rowcount_bad;tail_sensitivity_lost_name_collision
KS05321,ddf_name_collision
KS05326,ddf_name_collision;ddf_rowcount_bad;tail_sensitivity_lost_name_collision
KS05328,ddf_name_collision;ddf_rowcount_bad
KS05330,ddf_name_collision
KS05336,ddf_name_collision;ddf_rowcount_bad
KS05339,ddf_name_collision;ddf_rowcount_bad
KS05340,ddf_name_collision;ddf_rowcount_bad
KS05343,ddf_name_collision;ddf_rowcount_bad
KS05345,ddf_name_collision;ddf_rowcount_bad
KS05346,ddf_name_collision;ddf_rowcount_bad
KS05347,ddf_name_collision;ddf_rowcount_bad
KS05348,ddf_name_collision;tail_sensitivity_lost_name_collision
KS05349,ddf_name_collision;ddf_rowcount_bad
KS05350,ddf_name_collision
KS05353,ddf_name_collision;ddf_rowcount_bad
KS05356,ddf_name_collision;ddf_rowcount_bad
KS05360,ddf_name_collision;ddf_rowcount_bad
KS05368,ddf_name_collision;ddf_rowcount_bad
KS05370,ddf_name_collision;ddf_rowcount_bad
KS05374,ddf_name_collision;tail_sensitivity_lost_name_collision
KS05375,ddf_name_collision;ddf_rowcount_bad
KS05381,ddf_name_collision;ddf_rowcount_bad
KS05382,ddf_name_collision;ddf_rowcount_bad
KS05383,ddf_name_collision;ddf_rowcount_bad;tail_sensitivity_lost_name_collision
KS05385,ddf_name_collision;ddf_rowcount_bad;tail_sensitivity_lost_name_collision
KS05386,ddf_name_collision;ddf_rowcount_bad;tail_sensitivity_lost_name_collision
KS05387,ddf_name_collision;tail_sensitivity_lost_name_collision
KS05388,ddf_name_collision;tail_sensitivity_lost_name_collision
KS05390,ddf_name_collision;ddf_rowcount_bad
KS05391,ddf_name_collision;ddf_rowcount_bad;tail_sensitivity_lost_name_collision
KS05392,ddf_name_collision;tail_sensitivity_lost_name_collision
KS05393,ddf_name_collision;ddf_rowcount_bad;tail_sensitivity_lost_name_collision
KS05394,ddf_name_collision;ddf_rowcount_bad;tail_sensitivity_lost_name_collision
KS05395,ddf_name_collision;ddf_rowcount_bad;tail_sensitivity_lost_name_collision
KS05396,ddf_name_collision;tail_sensitivity_lost_name_collision
KS05397,ddf_name_collision;tail_sensitivity_lost_name_collision
KS05398,ddf_name_collision;ddf_rowcount_bad;tail_sensitivity_lost_name_collision
KS05399,ddf_name_collision;tail_sensitivity_lost_name_collision
KS05400,ddf_name_collision;ddf_rowcount_bad;tail_sensitivity_lost_name_collision
KS05401,ddf_name_collision;tail_sensitivity_lost_name_collision
KS05402,ddf_name_collision;ddf_rowcount_bad;tail_sensitivity_lost_name_collision
KS05403,ddf_name_collision;ddf_rowcount_bad;tail_sensitivity_lost_name_collision
KS05404,ddf_name_collision;ddf_rowcount_bad;tail_sensitivity_lost_name_collision
KS05410,ddf_name_collision;ddf_rowcount_bad
KS05412,ddf_name_collision;ddf_rowcount_bad
KS05413,ddf_name_collision;ddf_rowcount_bad
KS05414,ddf_name_collision;ddf_rowcount_bad
KS05415,ddf_name_collision;ddf_rowcount_bad
KS05416,ddf_name_collision;tail_sensitivity_lost_name_collision
KS05417,ddf_name_collision;tail_sensitivity_lost_name_collision
KS05418,ddf_name_collision;tail_sensitivity_lost_name_collision
KS05420,ddf_name_collision;ddf_rowcount_bad;tail_sensitivity_lost_name_collision
KS05421,ddf_name_collision;ddf_rowcount_bad;tail_sensitivity_lost_name_collision
KS05422,ddf_name_collision;ddf_rowcount_bad;tail_sensitivity_lost_name_collision
KS05423,ddf_name_collision;ddf_rowcount_bad
KS05425,ddf_name_collision;ddf_rowcount_bad;tail_sensitivity_lost_name_collision
KS05427,ddf_name_collision;ddf_rowcount_bad;tail_sensitivity_lost_name_collision
KS05430,ddf_name_collision;tail_sensitivity_lost_name_collision
KS05432,ddf_name_collision;ddf_rowcount_bad
KS05434,ddf_name_collision;ddf_rowcount_bad;tail_sensitivity_lost_name_collision
KS05436,ddf_name_collision;ddf_rowcount_bad
KS05437,ddf_name_collision;tail_sensitivity_lost_name_collision
KS05438,ddf_name_collision;ddf_rowcount_bad;tail_sensitivity_lost_name_collision
KS05443,ddf_name_collision;ddf_rowcount_bad
KS05444,ddf_name_collision;ddf_rowcount_bad
KS05445,ddf_name_collision;ddf_rowcount_bad;tail_sensitivity_lost_name_collision
KS05446,ddf_name_collision;ddf_rowcount_bad;tail_sensitivity_lost_name_collision
KS05450,ddf_name_collision;ddf_rowcount_bad
KS05451,ddf_name_collision;ddf_rowcount_bad;tail_sensitivity_lost_name_collision
KS05452,ddf_name_collision;ddf_rowcount_bad;tail_sensitivity_lost_name_collision
KS05453,ddf_name_collision;ddf_rowcount_bad;tail_sensitivity_lost_name_collision
KS05455,ddf_name_collision;tail_sensitivity_lost_name_collision
KS05456,ddf_name_collision;tail_sensitivity_lost_name_collision
KS05457,ddf_name_collision;ddf_rowcount_bad;tail_sensitivity_lost_name_collision
KS05458,ddf_name_collision;ddf_rowcount_bad;tail_sensitivity_lost_name_collision
KS05459,ddf_name_collision;ddf_rowcount_bad;tail_sensitivity_lost_name_collision
KS05460,ddf_name_collision;ddf_rowcount_bad;tail_sensitivity_lost_name_collision
KS05461,ddf_name_collision;ddf_rowcount_bad;tail_sensitivity_lost_name_collision
KS05462,ddf_name_collision;ddf_rowcount_bad;tail_sensitivity_lost_name_collision
KS05463,ddf_name_collision;tail_sensitivity_lost_name_collision
KS05464,ddf_name_collision;ddf_rowcount_bad;tail_sensitivity_lost_name_collision
KS05465,ddf_name_collision;ddf_rowcount_bad
KS05471,ddf_name_collision;ddf_rowcount_bad;tail_sensitivity_lost_name_collision
KS05472,ddf_name_collision;tail_sensitivity_lost_name_collision
KS05476,ddf_name_collision;ddf_rowcount_bad;tail_sensitivity_lost_name_collision
KS05477,ddf_name_collision;ddf_rowcount_bad;tail_sensitivity_lost_name_collision
KS05478,ddf_name_collision;ddf_rowcount_bad;tail_sensitivity_lost_name_collision
KS05479,ddf_name_collision;tail_sensitivity_lost_name_collision
KS05480,ddf_name_collision;tail_sensitivity_lost_name_collision
KS05481,ddf_name_collision;ddf_rowcount_bad;tail_sensitivity_lost_name_collision
KS05482,ddf_name_collision;ddf_rowcount_bad
KS05483,ddf_name_collision;ddf_rowcount_bad
KS05484,ddf_name_collision;ddf_rowcount_bad
KS05486,ddf_name_collision;ddf_rowcount_bad;tail_sensitivity_lost_name_collision
KS05487,ddf_name_collision;ddf_rowcount_bad;tail_sensitivity_lost_name_collision
KS05488,ddf_name_collision;ddf_rowcount_bad;tail_sensitivity_lost_name_collision
KS05489,ddf_name_collision;tail_sensitivity_lost_name_collision
KS05490,ddf_name_collision;ddf_rowcount_bad;tail_sensitivity_lost_name_collision
KS05491,ddf_name_collision;ddf_rowcount_bad;tail_sensitivity_lost_name_collision
KS05493,ddf_name_collision;ddf_rowcount_bad
KS05494,ddf_name_collision;ddf_rowcount_bad
KS05495,ddf_name_collision;ddf_rowcount_bad
KS05497,ddf_name_collision;ddf_rowcount_bad;tail_sensitivity_lost_name_collision
KS05499,ddf_name_collision;ddf_rowcount_bad;tail_sensitivity_lost_name_collision
KS05501,ddf_name_collision;ddf_rowcount_bad;tail_sensitivity_lost_name_collision
KS05504,ddf_name_collision;tail_sensitivity_lost_name_collision
KS07004,ddf_name_collision;tail_sensitivity_lost_name_collision
KS07022,ddf_name_collision;ddf_rowcount_bad
KS07023,ddf_name_collision;ddf_rowcount_bad
KS07025,ddf_name_collision;ddf_rowcount_bad
KS07028,ddf_name_collision;ddf_rowcount_bad
KS07037,ddf_name_collision;ddf_rowcount_bad
KS07042,ddf_name_collision;ddf_rowcount_bad
KS07043,ddf_name_collision;ddf_rowcount_bad
KS07073,ddf_name_collision;ddf_rowcount_bad
KS07075,ddf_name_collision;ddf_rowcount_bad;tail_sensitivity_lost_name_collision
KS07078,ddf_name_collision;ddf_rowcount_bad
KS07080,ddf_name_collision;ddf_rowcount_bad;tail_sensitivity_lost_name_collision
KS07081,ddf_name_collision;ddf_rowcount_bad;tail_sensitivity_lost_name_collision
KS07083,ddf_name_collision;ddf_rowcount_bad;tail_sensitivity_lost_name_collision
KS07091,ddf_name_collision;ddf_rowcount_bad;tail_sensitivity_lost_name_collision
KS07096,ddf_name_collision;ddf_rowcount_bad;tail_sensitivity_lost_name_collision
KS07105,ddf_name_collision;ddf_rowcount_bad
KS07108,ddf_name_collision;ddf_rowcount_bad;tail_sensitivity_lost_name_collision
KS07109,ddf_name_collision;ddf_rowcount_bad
KS07112,ddf_name_collision;ddf_rowcount_bad;tail_sensitivity_lost_name_collision
KS07113,ddf_name_collision;tail_sensitivity_lost_name_collision
KS07114,ddf_name_collision;tail_sensitivity_lost_name_collision
KS07115,ddf_name_collision;ddf_rowcount_bad
KS07116,ddf_name_collision;ddf_rowcount_bad
KS07117,ddf_name_collision;tail_sensitivity_lost_name_collision
KS07119,ddf_name_collision;ddf_rowcount_bad
KS07120,ddf_name_collision;ddf_rowcount_bad;tail_sensitivity_lost_name_collision
KS07121,ddf_name_collision;ddf_rowcount_bad;tail_sensitivity_lost_name_collision
KS07137,ddf_name_collision;ddf_rowcount_bad
KS07139,ddf_name_collision;ddf_rowcount_bad
KS07143,ddf_name_collision;ddf_rowcount_bad
KS07144,ddf_name_collision;ddf_rowcount_bad
KS07145,ddf_name_collision;ddf_rowcount_bad;tail_sensitivity_lost_name_collision
KS07147,ddf_name_collision;ddf_rowcount_bad
KS07148,ddf_name_collision;ddf_rowcount_bad;tail_sensitivity_lost_name_collision
KS07151,ddf_name_collision
KS07162,ddf_name_collision;ddf_rowcount_bad
KS07166,ddf_name_collision;ddf_rowcount_bad;tail_sensitivity_lost_name_collision
KS07175,ddf_name_collision;ddf_rowcount_bad
KS07176,ddf_name_collision;ddf_rowcount_bad;tail_sensitivity_lost_name_collision
KS07185,ddf_name_collision;ddf_rowcount_bad
KS07198,ddf_name_collision;ddf_rowcount_bad
KS07201,ddf_name_collision;ddf_rowcount_bad
KS07202,ddf_name_collision;ddf_rowcount_bad
KS07203,ddf_name_collision;ddf_rowcount_bad
KS07206,ddf_name_collision;ddf_rowcount_bad
KS07207,ddf_name_collision;ddf_rowcount_bad
KS07208,ddf_name_collision
KS07209,ddf_name_collision;ddf_rowcount_bad
KS07210,ddf_name_collision
KS07223,ddf_name_collision;ddf_rowcount_bad;tail_sensitivity_lost_name_collision
KS07266,ddf_name_collision;ddf_rowcount_bad;tail_sensitivity_lost_name_collision
KS07298,ddf_name_collision;ddf_rowcount_bad
KS07301,ddf_name_collision;ddf_rowcount_bad
KS07306,ddf_name_collision;ddf_rowcount_bad
KS07315,ddf_name_collision;ddf_rowcount_bad
KS07317,ddf_name_collision;ddf_rowcount_bad
KS07325,ddf_name_collision;ddf_rowcount_bad
KS07362,ddf_name_collision;ddf_rowcount_bad
KS07372,ddf_name_collision
KS07373,ddf_name_collision;ddf_rowcount_bad;tail_sensitivity_lost_name_collision
KS07376,ddf_name_collision;ddf_rowcount_bad
KS07378,ddf_name_collision;ddf_rowcount_bad
KS07379,ddf_name_collision;ddf_rowcount_bad;tail_sensitivity_lost_name_collision
KS07380,ddf_name_collision;ddf_rowcount_bad;tail_sensitivity_lost_name_collision
KS07388,ddf_name_collision;ddf_rowcount_bad
KS07390,ddf_name_collision;tail_sensitivity_lost_name_collision
KS07391,ddf_name_collision;ddf_rowcount_bad;tail_sensitivity_lost_name_collision
KS07392,ddf_name_collision;ddf_rowcount_bad
KS07395,ddf_name_collision;ddf_rowcount_bad
KS07401,ddf_name_collision;ddf_rowcount_bad
KS07407,ddf_name_collision;ddf_rowcount_bad
KS07419,ddf_name_collision;ddf_rowcount_bad
KS07420,ddf_name_collision;ddf_rowcount_bad
KS07422,ddf_name_collision;ddf_rowcount_bad
KS07449,ddf_name_collision;ddf_rowcount_bad
KS07451,ddf_name_collision;ddf_rowcount_bad
KS07453,ddf_name_collision;tail_sensitivity_lost_name_collision
KS07454,ddf_name_collision;ddf_rowcount_bad;tail_sensitivity_lost_name_collision
KS07455,ddf_name_collision;ddf_rowcount_bad;tail_sensitivity_lost_name_collision
KS07463,ddf_name_collision;tail_sensitivity_lost_name_collision
KS07469,ddf_name_collision;ddf_rowcount_bad
KS07472,ddf_name_collision;ddf_rowcount_bad
KS07475,ddf_name_collision;ddf_rowcount_bad
KS07476,ddf_name_collision;tail_sensitivity_lost_name_collision
KS07479,ddf_name_collision;ddf_rowcount_bad
KS07485,ddf_name_collision;ddf_rowcount_bad
KS07488,ddf_name_collision;tail_sensitivity_lost_name_collision
KS07489,ddf_name_collision;ddf_rowcount_bad;tail_sensitivity_lost_name_collision
KS07490,ddf_name_collision;tail_sensitivity_lost_name_collision
KS07491,ddf_name_collision;ddf_rowcount_bad;tail_sensitivity_lost_name_collision
KS07492,ddf_name_collision;ddf_rowcount_bad;tail_sensitivity_lost_name_collision
KS07493,ddf_name_collision;ddf_rowcount_bad;tail_sensitivity_lost_name_collision
KS07501,ddf_name_collision;ddf_rowcount_bad
KS07504,ddf_name_collision;ddf_rowcount_bad
KS07517,ddf_name_collision;ddf_rowcount_bad
KS07519,ddf_name_collision;ddf_rowcount_bad;tail_sensitivity_lost_name_collision
KS07521,ddf_name_collision;ddf_rowcount_bad
KS07524,ddf_name_collision;ddf_rowcount_bad
KS07530,ddf_name_collision;ddf_rowcount_bad;tail_sensitivity_lost_name_collision
KS07534,ddf_name_collision;ddf_rowcount_bad;tail_sensitivity_lost_name_collision
KS07539,ddf_name_collision;tail_sensitivity_lost_name_collision
KS07540,ddf_name_collision;ddf_rowcount_bad
KS07541,ddf_name_collision;ddf_rowcount_bad;tail_sensitivity_lost_name_collision
KS07543,ddf_name_collision;ddf_rowcount_bad
KS07548,ddf_name_collision;tail_sensitivity_lost_name_collision
KS07549,ddf_name_collision;ddf_rowcount_bad;tail_sensitivity_lost_name_collision
KS07558,ddf_name_collision;ddf_rowcount_bad
KS07559,ddf_name_collision;ddf_rowcount_bad;tail_sensitivity_lost_name_collision
KS07561,ddf_name_collision;ddf_rowcount_bad
KS07563,ddf_name_collision;ddf_rowcount_bad
KS07566,ddf_name_collision;ddf_rowcount_bad
KS07571,ddf_name_collision;ddf_rowcount_bad
KS07572,ddf_name_collision;ddf_rowcount_bad;tail_sensitivity_lost_name_collision
KS07579,ddf_name_collision;ddf_rowcount_bad;tail_sensitivity_lost_name_collision
KS07580,ddf_name_collision;ddf_rowcount_bad
KS07582,ddf_name_collision;ddf_rowcount_bad
KS07589,ddf_name_collision;ddf_rowcount_bad
KS07590,ddf_name_collision;ddf_rowcount_bad
KS07592,ddf_name_collision;ddf_rowcount_bad
KS07595,ddf_name_collision;ddf_rowcount_bad
KS07596,ddf_name_collision;ddf_rowcount_bad
KS07597,ddf_name_collision;ddf_rowcount_bad
KS07599,ddf_name_collision;ddf_rowcount_bad
KS07602,ddf_name_collision;ddf_rowcount_bad
KS07606,ddf_name_collision;ddf_rowcount_bad
KS07612,ddf_name_collision;ddf_rowcount_bad
KS07613,ddf_name_collision;ddf_rowcount_bad
KS07616,ddf_name_collision;ddf_rowcount_bad
KS07619,ddf_name_collision;ddf_rowcount_bad
KS07620,ddf_name_collision;tail_sensitivity_lost_name_collision
KS07622,ddf_name_collision;ddf_rowcount_bad
KS07628,ddf_name_collision;ddf_rowcount_bad
KS07631,ddf_name_collision;ddf_rowcount_bad
KS07647,ddf_name_collision;ddf_rowcount_bad
KS07663,ddf_name_collision;ddf_rowcount_bad
KS07678,ddf_name_collision;ddf_rowcount_bad
KS07685,ddf_name_collision;ddf_rowcount_bad
KS07688,ddf_name_collision;ddf_rowcount_bad;tail_sensitivity_lost_name_collision
KS07703,ddf_name_collision;ddf_rowcount_bad;tail_sensitivity_lost_name_collision
KS07704,ddf_name_collision;ddf_rowcount_bad;tail_sensitivity_lost_name_collision
KS07705,ddf_name_collision;ddf_rowcount_bad;tail_sensitivity_lost_name_collision
KS07707,ddf_name_collision;tail_sensitivity_lost_name_collision
KS07708,ddf_name_collision;tail_sensitivity_lost_name_collision
KS07710,ddf_name_collision;tail_sensitivity_lost_name_collision
KS07711,ddf_name_collision;ddf_rowcount_bad;tail_sensitivity_lost_name_collision
KS07712,ddf_name_collision;tail_sensitivity_lost_name_collision
KS07713,ddf_name_collision;ddf_rowcount_bad;tail_sensitivity_lost_name_collision
KS07716,ddf_name_collision;ddf_rowcount_bad;tail_sensitivity_lost_name_collision
KS07717,ddf_name_collision;ddf_rowcount_bad;tail_sensitivity_lost_name_collision
KS07720,ddf_name_collision;ddf_rowcount_bad;tail_sensitivity_lost_name_collision
KS07721,ddf_name_collision;ddf_rowcount_bad;tail_sensitivity_lost_name_collision
KS07722,ddf_name_collision;tail_sensitivity_lost_name_collision
KS07723,ddf_name_collision;ddf_rowcount_bad;tail_sensitivity_lost_name_collision
KS07727,ddf_name_collision;ddf_rowcount_bad;tail_sensitivity_lost_name_collision
KS07728,ddf_name_collision;ddf_rowcount_bad;tail_sensitivity_lost_name_collision
KS07729,ddf_name_collision;tail_sensitivity_lost_name_collision
KS07730,ddf_name_collision;tail_sensitivity_lost_name_collision
KS07738,ddf_name_collision;ddf_rowcount_bad;tail_sensitivity_lost_name_collision
KS07739,ddf_name_collision;ddf_rowcount_bad;tail_sensitivity_lost_name_collision
KS07742,ddf_name_collision;ddf_rowcount_bad
KS07743,ddf_name_collision;ddf_rowcount_bad
KS07746,ddf_name_collision;ddf_rowcount_bad
KS07751,ddf_name_collision;ddf_rowcount_bad
KS07754,ddf_name_collision;ddf_rowcount_bad
KS07756,ddf_name_collision;ddf_rowcount_bad
KS07758,ddf_name_collision;ddf_rowcount_bad
KS07765,ddf_name_collision;ddf_rowcount_bad
KS07767,ddf_name_collision;ddf_rowcount_bad;tail_sensitivity_lost_name_collision
KS07772,ddf_name_collision;ddf_rowcount_bad
KS07780,ddf_name_collision;ddf_rowcount_bad;tail_sensitivity_lost_name_collision
KS07784,ddf_name_collision;tail_sensitivity_lost_name_collision
KS07834,ddf_name_collision
KS07840,ddf_name_collision;tail_sensitivity_lost_name_collision
KS07842,ddf_name_collision;ddf_rowcount_bad
KS07843,ddf_name_collision
KS07844,ddf_name_collision;ddf_rowcount_bad;tail_sensitivity_lost_name_collision
KS07847,ddf_name_collision;ddf_rowcount_bad
KS07850,ddf_name_collision;ddf_rowcount_bad
KS07854,ddf_name_collision;ddf_rowcount_bad
KS07855,ddf_name_collision;ddf_rowcount_bad
KS07856,ddf_name_collision;ddf_rowcount_bad
KS07859,ddf_name_collision
KS07860,ddf_name_collision;ddf_rowcount_bad
KS07861,ddf_name_collision;ddf_rowcount_bad
KS07862,ddf_name_collision;ddf_rowcount_bad
KS07863,ddf_name_collision;ddf_rowcount_bad
KS07865,ddf_name_collision;ddf_rowcount_bad;tail_sensitivity_lost_name_collision
KS07866,ddf_name_collision;ddf_rowcount_bad
KS07872,ddf_name_collision;ddf_rowcount_bad
KS07874,ddf_name_collision;ddf_rowcount_bad;tail_sensitivity_lost_name_collision
KS07885,ddf_name_collision;ddf_rowcount_bad
KS07886,ddf_name_collision;ddf_rowcount_bad
KS07887,ddf_name_collision;tail_sensitivity_lost_name_collision
KS07888,ddf_name_collision;ddf_rowcount_bad
KS07890,ddf_name_collision;ddf_rowcount_bad;tail_sensitivity_lost_name_collision
KS07891,ddf_name_collision;ddf_rowcount_bad
KS07892,ddf_name_collision;ddf_rowcount_bad;tail_sensitivity_lost_name_collision
KS07893,ddf_name_collision;ddf_rowcount_bad;tail_sensitivity_lost_name_collision
KS07894,ddf_name_collision;tail_sensitivity_lost_name_collision
KS07897,ddf_name_collision;ddf_rowcount_bad
KS07904,ddf_name_collision;ddf_rowcount_bad
KS07907,ddf_name_collision;tail_sensitivity_lost_name_collision
KS07911,ddf_name_collision;ddf_rowcount_bad
KS09001,ddf_name_collision;ddf_rowcount_bad
KS09015,ddf_name_collision;ddf_rowcount_bad
KS09017,ddf_name_collision;tail_sensitivity_lost_name_collision
KS09020,ddf_name_collision;ddf_rowcount_bad
KS09026,ddf_name_collision;ddf_rowcount_bad
KS09034,ddf_name_collision;ddf_rowcount_bad
KS09036,ddf_name_collision;ddf_rowcount_bad
KS09037,ddf_name_collision;ddf_rowcount_bad
KS09042,ddf_name_collision;ddf_rowcount_bad;tail_sensitivity_lost_name_collision
KS09044,ddf_name_collision;ddf_rowcount_bad
KS09047,ddf_name_collision;ddf_rowcount_bad;tail_sensitivity_lost_name_collision
KS09048,ddf_name_collision;ddf_rowcount_bad
KS09056,ddf_name_collision
KS09059,ddf_name_collision;tail_sensitivity_lost_name_collision
KS09060,ddf_name_collision;ddf_rowcount_bad
KS09065,ddf_name_collision;ddf_rowcount_bad
KS09069,ddf_name_collision;ddf_rowcount_bad
KS09070,ddf_name_collision;ddf_rowcount_bad
KS09075,ddf_name_collision
KS09080,ddf_name_collision;ddf_rowcount_bad
KS09081,ddf_name_collision;ddf_rowcount_bad
KS09085,ddf_name_collision;ddf_rowcount_bad
KS09086,ddf_name_collision;ddf_rowcount_bad
KS09103,ddf_name_collision
KS09117,ddf_name_collision;ddf_rowcount_bad
KS09122,ddf_name_collision;ddf_rowcount_bad;tail_sensitivity_lost_name_collision
KS09123,ddf_name_collision;tail_sensitivity_lost_name_collision
KS09124,ddf_name_collision;ddf_rowcount_bad
KS09125,ddf_name_collision;ddf_rowcount_bad
KS09132,ddf_name_collision;ddf_rowcount_bad
KS09133,ddf_name_collision;tail_sensitivity_lost_name_collision
KS09136,ddf_name_collision;ddf_rowcount_bad
KS09141,ddf_name_collision;ddf_rowcount_bad
KS09143,ddf_name_collision;ddf_rowcount_bad
KS09144,ddf_name_collision;ddf_rowcount_bad
KS09145,ddf_name_collision;ddf_rowcount_bad
KS09146,ddf_name_collision;ddf_rowcount_bad
KS09147,ddf_name_collision;ddf_rowcount_bad
KS09150,ddf_name_collision;ddf_rowcount_bad;tail_sensitivity_lost_name_collision
KS09153,ddf_name_collision;ddf_rowcount_bad
KS09155,ddf_name_collision;ddf_rowcount_bad;tail_sensitivity_lost_name_collision
KS09157,ddf_name_collision;tail_sensitivity_lost_name_collision
KS09160,ddf_name_collision
KS09165,ddf_name_collision;ddf_rowcount_bad
KS09197,ddf_name_collision;ddf_rowcount_bad
KS09221,ddf_name_collision;ddf_rowcount_bad;tail_sensitivity_lost_name_collision
KS09228,ddf_name_collision;ddf_rowcount_bad
KS09231,ddf_name_collision;tail_sensitivity_lost_name_collision
KS09233,ddf_name_collision;ddf_rowcount_bad
KS09235,ddf_name_collision;ddf_rowcount_bad
KS09242,ddf_name_collision;tail_sensitivity_lost_name_collision
KS09254,ddf_name_collision;ddf_rowcount_bad
KS09256,ddf_name_collision;ddf_rowcount_bad;tail_sensitivity_lost_name_collision
KS09262,ddf_name_collision;ddf_rowcount_bad
KS09273,ddf_name_collision;ddf_rowcount_bad
KS09280,ddf_name_collision;ddf_rowcount_bad
KS09282,ddf_name_collision;ddf_rowcount_bad;tail_sensitivity_lost_name_collision
KS09285,ddf_name_collision;ddf_rowcount_bad;tail_sensitivity_lost_name_collision
KS09286,ddf_name_collision;ddf_rowcount_bad
KS09287,ddf_name_collision;ddf_rowcount_bad;tail_sensitivity_lost_name_collision
KS09290,ddf_name_collision;ddf_rowcount_bad;tail_sensitivity_lost_name_collision
KS09294,ddf_name_collision;ddf_rowcount_bad
KS09300,ddf_name_collision;ddf_rowcount_bad
KS09310,ddf_name_collision;ddf_rowcount_bad
KS09314,ddf_name_collision;ddf_rowcount_bad
KS09321,ddf_name_collision;ddf_rowcount_bad
KS09323,ddf_name_collision;ddf_rowcount_bad;tail_sensitivity_lost_name_collision
KS09344,ddf_name_collision;ddf_rowcount_bad;tail_sensitivity_lost_name_collision
KS09350,ddf_name_collision;tail_sensitivity_lost_name_collision
KS09369,ddf_name_collision;ddf_rowcount_bad
KS09370,ddf_name_collision;ddf_rowcount_bad
KY00002,ddf_name_collision;ddf_rowcount_bad
KY00006,ddf_name_collision;ddf_rowcount_bad
KY00012,ddf_name_collision
KY00014,ddf_name_collision;ddf_rowcount_bad
KY00016,ddf_name_collision;ddf_rowcount_bad
KY00021,ddf_name_collision;tail_sensitivity_lost_name_collision
KY00026,ddf_name_collision;ddf_rowcount_bad;tail_sensitivity_lost_name_collision
KY00028,ddf_name_collision;ddf_rowcount_bad
KY00029,ddf_name_collision;ddf_rowcount_bad
KY00051,narrow_elevation_band;synthetic_cloud_unauditable
KY00052,ddf_name_collision;ddf_rowcount_bad;tail_sensitivity_lost_name_collision
KY00071,ddf_name_collision;tail_sensitivity_lost_name_collision
KY00072,ddf_name_collision
KY00081,ddf_name_collision;ddf_rowcount_bad
KY00086,ddf_name_collision;tail_sensitivity_lost_name_collision
KY00091,ddf_name_collision
KY00111,ddf_name_collision;ddf_rowcount_bad
KY00129,ddf_name_collision;ddf_rowcount_bad
KY00134,ddf_name_collision;ddf_rowcount_bad
KY00136,ddf_name_collision;ddf_rowcount_bad
KY00146,ddf_name_collision;ddf_rowcount_bad
KY00149,ddf_name_collision;ddf_rowcount_bad
KY00164,ddf_name_collision;ddf_rowcount_bad
KY00174,ddf_name_collision
KY00178,ddf_name_collision;ddf_rowcount_bad
KY00187,ddf_name_collision;ddf_rowcount_bad
KY00259,ddf_name_collision;tail_sensitivity_lost_name_collision
KY00261,ddf_name_collision;ddf_rowcount_bad
KY00270,ddf_name_collision;ddf_rowcount_bad
KY00275,ddf_name_collision;ddf_rowcount_bad
KY00280,ddf_name_collision;ddf_rowcount_bad
KY00300,ddf_name_collision;ddf_rowcount_bad;tail_sensitivity_lost_name_collision
KY00303,ddf_name_collision;ddf_rowcount_bad
KY00321,ddf_name_collision;ddf_rowcount_bad
KY00327,ddf_name_collision;ddf_rowcount_bad;tail_sensitivity_lost_name_collision
KY00366,ddf_name_collision;tail_sensitivity_lost_name_collision
KY00374,ddf_name_collision;ddf_rowcount_bad
KY00381,ddf_name_collision;ddf_rowcount_bad
KY00436,ddf_name_collision;ddf_rowcount_bad
KY00440,ddf_name_collision;ddf_rowcount_bad
KY00454,ddf_name_collision
KY00468,ddf_name_collision;ddf_rowcount_bad
KY00475,ddf_name_collision;ddf_rowcount_bad
KY00484,ddf_name_collision;ddf_rowcount_bad
KY00494,ddf_name_collision;ddf_rowcount_bad
KY00523,ddf_name_collision;ddf_rowcount_bad
KY00536,ddf_name_collision;ddf_rowcount_bad
KY00538,ddf_name_collision;ddf_rowcount_bad
KY00546,ddf_name_collision;ddf_rowcount_bad
KY00550,ddf_name_collision;ddf_rowcount_bad
KY00554,ddf_name_collision;ddf_rowcount_bad
KY00585,ddf_name_collision;ddf_rowcount_bad
KY00591,ddf_name_collision;ddf_rowcount_bad
KY00601,ddf_name_collision;ddf_rowcount_bad
KY00604,ddf_name_collision;ddf_rowcount_bad
KY00608,ddf_name_collision;ddf_rowcount_bad
KY00609,ddf_name_collision;ddf_rowcount_bad
KY00616,ddf_name_collision;ddf_rowcount_bad
KY00617,ddf_name_collision;ddf_rowcount_bad
KY00644,ddf_name_collision;ddf_rowcount_bad
KY00715,ddf_name_collision;ddf_rowcount_bad
KY00735,ddf_name_collision;ddf_rowcount_bad
KY00747,ddf_name_collision;ddf_rowcount_bad
KY00749,ddf_name_collision;ddf_rowcount_bad
KY00763,ddf_name_collision;ddf_rowcount_bad;tail_sensitivity_lost_name_collision
KY00840,ddf_name_collision;ddf_rowcount_bad
KY00865,ddf_name_collision;ddf_rowcount_bad
KY00872,ddf_name_collision;ddf_rowcount_bad
KY00876,ddf_name_collision;ddf_rowcount_bad
KY00883,ddf_name_collision;ddf_rowcount_bad
KY00886,ddf_name_collision;ddf_rowcount_bad
KY00888,ddf_name_collision;ddf_rowcount_bad
KY00890,ddf_name_collision;ddf_rowcount_bad
KY01001,ddf_name_collision;ddf_rowcount_bad
KY01009,ddf_name_collision;ddf_rowcount_bad
KY01035,ddf_name_collision;tail_sensitivity_lost_name_collision
KY01055,ddf_name_collision;ddf_rowcount_bad
KY01092,ddf_name_collision;ddf_rowcount_bad
KY01103,ddf_name_collision;ddf_rowcount_bad
KY01129,ddf_name_collision;ddf_rowcount_bad
KY01133,ddf_name_collision
KY01167,ddf_name_collision;ddf_rowcount_bad;tail_sensitivity_lost_name_collision
KY03001,narrow_elevation_band;old_manifest_vintage;pre_centralization_no_aux;synthetic_cloud_unauditable
KY03010,ddf_name_collision;tail_sensitivity_lost_name_collision
KY03011,narrow_elevation_band;old_manifest_vintage;pre_centralization_no_aux;synthetic_cloud_unauditable
KY03012,narrow_elevation_band;old_manifest_vintage;pre_centralization_no_aux;synthetic_cloud_unauditable
KY03027,ddf_name_collision;narrow_elevation_band;old_manifest_vintage;pre_centralization_no_aux;synthetic_prefix_audited_clean;tail_sensitivity_lost_name_collision
KY03028,narrow_elevation_band;old_manifest_vintage;pre_centralization_no_aux;synthetic_prefix_audited_clean
KY03029,narrow_elevation_band;old_manifest_vintage
KY03030,narrow_elevation_band;old_manifest_vintage
KY03032,narrow_elevation_band;old_manifest_vintage;pre_centralization_no_aux;synthetic_cloud_unauditable
KY03033,narrow_elevation_band;old_manifest_vintage;pre_centralization_no_aux;synthetic_cloud_unauditable
KY03034,narrow_elevation_band;old_manifest_vintage;pre_centralization_no_aux;synthetic_cloud_unauditable
KY03041,narrow_elevation_band;old_manifest_vintage;pre_centralization_no_aux;synthetic_cloud_unauditable
KY03042,narrow_elevation_band;old_manifest_vintage;pre_centralization_no_aux;synthetic_cloud_unauditable
KY03046,old_manifest_vintage
KY03058,narrow_elevation_band;old_manifest_vintage;pre_centralization_no_aux;synthetic_cloud_unauditable
KY03059,narrow_elevation_band;old_manifest_vintage;pre_centralization_no_aux;synthetic_cloud_unauditable
KY03060,narrow_elevation_band;old_manifest_vintage;pre_centralization_no_aux;synthetic_cloud_unauditable
KY03063,ddf_name_collision;ddf_rowcount_bad;tail_sensitivity_lost_name_collision
KY14301,ddf_name_collision;tail_sensitivity_lost_name_collision
KY15701,narrow_elevation_band;old_manifest_vintage;pre_centralization_no_aux;synthetic_cloud_unauditable
KY22101,ddf_name_collision
KY82301,ddf_name_collision;tail_sensitivity_lost_name_collision
KY83524,ddf_name_collision;tail_sensitivity_lost_name_collision
KY83537,ddf_name_collision;ddf_rowcount_bad
LA00002,narrow_elevation_band;old_manifest_vintage;pre_centralization_no_aux;synthetic_cloud_unauditable
LA00008,ddf_name_collision;ddf_rowcount_bad
LA00019,ddf_name_collision;tail_sensitivity_lost_name_collision
LA00024,ddf_name_collision;ddf_rowcount_bad;tail_sensitivity_lost_name_collision
LA00027,ddf_name_collision;tail_sensitivity_lost_name_collision
LA00029,ddf_name_collision;ddf_rowcount_bad
LA00030,narrow_elevation_band;old_manifest_vintage;pre_centralization_no_aux;synthetic_cloud_unauditable
LA00065,ddf_name_collision;ddf_rowcount_bad
LA00067,ddf_name_collision
LA00068,ddf_name_collision;ddf_rowcount_bad
LA00080,ddf_name_collision;ddf_rowcount_bad
LA00107,ddf_name_collision;ddf_rowcount_bad
LA00109,ddf_name_collision
LA00117,ddf_name_collision;ddf_rowcount_bad
LA00137,ddf_name_collision;ddf_rowcount_bad
LA00159,ddf_name_collision;ddf_rowcount_bad
LA00171,ddf_name_collision;tail_sensitivity_lost_name_collision
LA00172,ddf_name_collision;ddf_rowcount_bad
LA00179,narrow_elevation_band;old_manifest_vintage;pre_centralization_no_aux;synthetic_cloud_unauditable
LA00180,ddf_name_collision;ddf_rowcount_bad;synthetic_purged_rerun_ok;tail_sensitivity_lost_name_collision
LA00181,ddf_name_collision;ddf_rowcount_bad;narrow_elevation_band;old_manifest_vintage;pre_centralization_no_aux;synthetic_cloud_unauditable
LA00196,ddf_name_collision;ddf_rowcount_bad;tail_sensitivity_lost_name_collision
LA00198,ddf_name_collision;ddf_rowcount_bad
LA00199,ddf_name_collision;ddf_rowcount_bad;tail_sensitivity_lost_name_collision
LA00212,ddf_name_collision;ddf_rowcount_bad
LA00216,ddf_name_collision;ddf_rowcount_bad
LA00226,ddf_name_collision;ddf_rowcount_bad
LA00233,ddf_name_collision;ddf_rowcount_bad;tail_sensitivity_lost_name_collision
LA00247,ddf_name_collision;ddf_rowcount_bad
LA00258,ddf_name_collision;ddf_rowcount_bad;tail_sensitivity_lost_name_collision
LA00263,ddf_name_collision;ddf_rowcount_bad
LA00266,ddf_name_collision
LA00314,ddf_name_collision;ddf_rowcount_bad
LA00322,ddf_name_collision;ddf_rowcount_bad
LA00326,ddf_name_collision;ddf_rowcount_bad;tail_sensitivity_lost_name_collision
LA00329,ddf_name_collision;ddf_rowcount_bad
LA00330,ddf_name_collision;ddf_rowcount_bad
LA00343,ddf_name_collision;ddf_rowcount_bad
LA00348,ddf_name_collision;ddf_rowcount_bad
LA00356,ddf_name_collision;ddf_rowcount_bad
LA00358,ddf_name_collision
LA00359,ddf_name_collision;ddf_rowcount_bad
LA00366,ddf_name_collision;ddf_rowcount_bad
LA00370,ddf_name_collision;ddf_rowcount_bad
LA00371,ddf_name_collision;ddf_rowcount_bad
LA00375,ddf_name_collision;ddf_rowcount_bad
LA00380,ddf_name_collision;ddf_rowcount_bad
LA00385,ddf_name_collision;tail_sensitivity_lost_name_collision
LA00386,narrow_elevation_band;old_manifest_vintage;pre_centralization_no_aux;synthetic_cloud_unauditable
LA00398,ddf_name_collision;tail_sensitivity_lost_name_collision
LA00484,ddf_name_collision;ddf_rowcount_bad
LA00485,ddf_name_collision;ddf_rowcount_bad;tail_sensitivity_lost_name_collision
LA00492,ddf_name_collision;ddf_rowcount_bad;tail_sensitivity_lost_name_collision
LA00504,ddf_name_collision;ddf_rowcount_bad;tail_sensitivity_lost_name_collision
LA00510,ddf_name_collision;ddf_rowcount_bad
LA00538,ddf_name_collision;ddf_rowcount_bad
LA00570,ddf_name_collision;ddf_rowcount_bad;tail_sensitivity_lost_name_collision
MA00001,ddf_name_collision;ddf_rowcount_bad;tail_sensitivity_lost_name_collision
MA00005,ddf_name_collision
MA00008,ddf_name_collision;ddf_rowcount_bad
MA00017,ddf_name_collision;ddf_rowcount_bad
MA00021,ddf_name_collision;ddf_rowcount_bad
MA00024,ddf_name_collision;ddf_rowcount_bad;tail_sensitivity_lost_name_collision
MA00025,ddf_name_collision;ddf_rowcount_bad
MA00027,ddf_name_collision;ddf_rowcount_bad;tail_sensitivity_lost_name_collision
MA00041,ddf_name_collision;ddf_rowcount_bad
MA00046,ddf_name_collision;tail_sensitivity_lost_name_collision
MA00052,ddf_name_collision;ddf_rowcount_bad
MA00053,ddf_name_collision;ddf_rowcount_bad;tail_sensitivity_lost_name_collision
MA00055,ddf_name_collision;ddf_rowcount_bad
MA00058,ddf_name_collision;ddf_rowcount_bad
MA00060,ddf_name_collision;ddf_rowcount_bad
MA00062,ddf_name_collision;ddf_rowcount_bad
MA00066,ddf_name_collision;ddf_rowcount_bad
MA00068,old_manifest_vintage
MA00077,ddf_name_collision;ddf_rowcount_bad;tail_sensitivity_lost_name_collision
MA00078,ddf_name_collision;ddf_rowcount_bad
MA00092,ddf_name_collision
MA00102,ddf_name_collision;ddf_rowcount_bad
MA00104,ddf_name_collision;ddf_rowcount_bad
MA00113,ddf_name_collision;ddf_rowcount_bad;tail_sensitivity_lost_name_collision
MA00125,ddf_name_collision;ddf_rowcount_bad;tail_sensitivity_lost_name_collision
MA00127,ddf_name_collision;ddf_rowcount_bad
MA00144,ddf_name_collision;tail_sensitivity_lost_name_collision
MA00148,ddf_name_collision;ddf_rowcount_bad
MA00156,ddf_name_collision;ddf_rowcount_bad
MA00161,ddf_name_collision;ddf_rowcount_bad;tail_sensitivity_lost_name_collision
MA00162,ddf_name_collision;ddf_rowcount_bad
MA00166,ddf_name_collision;tail_sensitivity_lost_name_collision
MA00170,ddf_name_collision;ddf_rowcount_bad
MA00188,ddf_name_collision
MA00192,ddf_name_collision;ddf_rowcount_bad;tail_sensitivity_lost_name_collision
MA00214,ddf_name_collision
MA00216,ddf_name_collision;ddf_rowcount_bad
MA00220,ddf_name_collision;ddf_rowcount_bad
MA00234,ddf_name_collision;tail_sensitivity_lost_name_collision
MA00255,ddf_name_collision;tail_sensitivity_lost_name_collision
MA00257,ddf_name_collision;ddf_rowcount_bad
MA00259,ddf_name_collision;ddf_rowcount_bad;tail_sensitivity_lost_name_collision
MA00263,ddf_name_collision;ddf_rowcount_bad;tail_sensitivity_lost_name_collision
MA00281,ddf_name_collision;ddf_rowcount_bad
MA00286,ddf_name_collision;ddf_rowcount_bad
MA00288,ddf_name_collision;ddf_rowcount_bad;tail_sensitivity_lost_name_collision
MA00289,ddf_name_collision;ddf_rowcount_bad
MA00291,ddf_name_collision;ddf_rowcount_bad
MA00297,ddf_name_collision;ddf_rowcount_bad
MA00310,ddf_name_collision
MA00312,ddf_name_collision;ddf_rowcount_bad;tail_sensitivity_lost_name_collision
MA00344,ddf_name_collision;ddf_rowcount_bad
MA00347,ddf_name_collision;ddf_rowcount_bad;tail_sensitivity_lost_name_collision
MA00349,ddf_name_collision;ddf_rowcount_bad
MA00355,ddf_name_collision;ddf_rowcount_bad
MA00374,ddf_name_collision;ddf_rowcount_bad
MA00391,ddf_name_collision;ddf_rowcount_bad
MA00414,ddf_name_collision;ddf_rowcount_bad
MA00417,ddf_name_collision;ddf_rowcount_bad
MA00419,ddf_name_collision;ddf_rowcount_bad
MA00427,ddf_name_collision;ddf_rowcount_bad
MA00429,ddf_name_collision;ddf_rowcount_bad
MA00432,ddf_name_collision;ddf_rowcount_bad;tail_sensitivity_lost_name_collision
MA00436,ddf_name_collision;ddf_rowcount_bad
MA00446,ddf_name_collision;ddf_rowcount_bad;tail_sensitivity_lost_name_collision
MA00451,ddf_name_collision;ddf_rowcount_bad;tail_sensitivity_lost_name_collision
MA00453,ddf_name_collision;tail_sensitivity_lost_name_collision
MA00457,ddf_name_collision
MA00458,ddf_name_collision;ddf_rowcount_bad
MA00459,ddf_name_collision;ddf_rowcount_bad
MA00496,ddf_name_collision;ddf_rowcount_bad
MA00504,ddf_name_collision;ddf_rowcount_bad
MA00530,ddf_name_collision;ddf_rowcount_bad
MA00532,ddf_name_collision;ddf_rowcount_bad;tail_sensitivity_lost_name_collision
MA00542,ddf_name_collision;ddf_rowcount_bad
MA00549,ddf_name_collision;ddf_rowcount_bad
MA00558,ddf_name_collision;ddf_rowcount_bad
MA00575,ddf_name_collision;ddf_rowcount_bad
MA00582,ddf_name_collision;ddf_rowcount_bad
MA00588,old_manifest_vintage
MA00589,old_manifest_vintage
MA00592,ddf_name_collision;ddf_rowcount_bad;tail_sensitivity_lost_name_collision
MA00601,ddf_name_collision;ddf_rowcount_bad
MA00625,ddf_name_collision;ddf_rowcount_bad
MA00633,ddf_name_collision;tail_sensitivity_lost_name_collision
MA00640,ddf_name_collision;ddf_rowcount_bad
MA00642,ddf_name_collision
MA00666,ddf_name_collision;ddf_rowcount_bad
MA00667,ddf_name_collision;ddf_rowcount_bad;tail_sensitivity_lost_name_collision
MA00668,ddf_name_collision;ddf_rowcount_bad
MA00670,ddf_name_collision;ddf_rowcount_bad
MA00680,ddf_name_collision;ddf_rowcount_bad
MA00682,ddf_name_collision;ddf_rowcount_bad
MA00684,ddf_name_collision;tail_sensitivity_lost_name_collision
MA00685,ddf_name_collision;ddf_rowcount_bad
MA00696,ddf_name_collision;ddf_rowcount_bad
MA00697,ddf_name_collision;ddf_rowcount_bad
MA00712,ddf_name_collision;ddf_rowcount_bad
MA00718,ddf_name_collision;ddf_rowcount_bad;tail_sensitivity_lost_name_collision
MA00721,ddf_name_collision;ddf_rowcount_bad
MA00731,ddf_name_collision;ddf_rowcount_bad
MA00739,ddf_name_collision;ddf_rowcount_bad
MA00779,ddf_name_collision;ddf_rowcount_bad
MA00783,ddf_name_collision;ddf_rowcount_bad
MA00792,ddf_name_collision;ddf_rowcount_bad
MA00799,ddf_name_collision;ddf_rowcount_bad
MA00805,ddf_name_collision;ddf_rowcount_bad
MA00806,ddf_name_collision;ddf_rowcount_bad
MA00808,ddf_name_collision;ddf_rowcount_bad;tail_sensitivity_lost_name_collision
MA00813,ddf_name_collision;ddf_rowcount_bad
MA00820,ddf_name_collision;ddf_rowcount_bad
MA00828,ddf_name_collision;ddf_rowcount_bad
MA00838,ddf_name_collision;ddf_rowcount_bad
MA00844,ddf_name_collision;ddf_rowcount_bad
MA00850,ddf_name_collision;ddf_rowcount_bad
MA00851,ddf_name_collision;ddf_rowcount_bad;tail_sensitivity_lost_name_collision
MA00855,ddf_name_collision;ddf_rowcount_bad
MA00873,ddf_name_collision;ddf_rowcount_bad
MA00880,ddf_name_collision
MA00883,ddf_name_collision;ddf_rowcount_bad
MA00886,ddf_name_collision;tail_sensitivity_lost_name_collision
MA00889,ddf_name_collision;ddf_rowcount_bad
MA00891,ddf_name_collision;ddf_rowcount_bad
MA00915,ddf_name_collision;ddf_rowcount_bad
MA00916,ddf_name_collision;ddf_rowcount_bad
MA00928,ddf_name_collision;ddf_rowcount_bad;tail_sensitivity_lost_name_collision
MA00933,ddf_name_collision;ddf_rowcount_bad
MA00947,ddf_name_collision
MA00950,ddf_name_collision;tail_sensitivity_lost_name_collision
MA00957,ddf_name_collision;ddf_rowcount_bad
MA00959,ddf_name_collision;ddf_rowcount_bad
MA00979,ddf_name_collision;ddf_rowcount_bad;tail_sensitivity_lost_name_collision
MA00987,ddf_name_collision;ddf_rowcount_bad
MA00995,ddf_name_collision;ddf_rowcount_bad
MA00998,ddf_name_collision
MA00999,ddf_name_collision;ddf_rowcount_bad
MA01006,ddf_name_collision;ddf_rowcount_bad
MA01008,ddf_name_collision;ddf_rowcount_bad;tail_sensitivity_lost_name_collision
MA01016,ddf_name_collision;ddf_rowcount_bad
MA01017,ddf_name_collision;ddf_rowcount_bad
MA01029,ddf_name_collision;ddf_rowcount_bad
MA01034,ddf_name_collision;ddf_rowcount_bad
MA01036,ddf_name_collision;ddf_rowcount_bad
MA01040,ddf_name_collision;ddf_rowcount_bad
MA01051,ddf_name_collision;ddf_rowcount_bad
MA01056,ddf_name_collision
MA01057,ddf_name_collision;tail_sensitivity_lost_name_collision
MA01074,ddf_name_collision;ddf_rowcount_bad
MA01080,ddf_name_collision;ddf_rowcount_bad
MA01091,ddf_name_collision;ddf_rowcount_bad
MA01101,ddf_name_collision;ddf_rowcount_bad
MA01107,ddf_name_collision;ddf_rowcount_bad
MA01109,ddf_name_collision;ddf_rowcount_bad
MA01117,ddf_name_collision;ddf_rowcount_bad
MA01121,ddf_name_collision;ddf_rowcount_bad;tail_sensitivity_lost_name_collision
MA01140,ddf_name_collision;ddf_rowcount_bad;tail_sensitivity_lost_name_collision
MA01148,ddf_name_collision;ddf_rowcount_bad
MA01149,ddf_name_collision;ddf_rowcount_bad
MA01152,ddf_name_collision;tail_sensitivity_lost_name_collision
MA01155,ddf_name_collision
MA01156,ddf_name_collision;ddf_rowcount_bad
MA01159,ddf_name_collision;ddf_rowcount_bad
MA01163,ddf_name_collision;ddf_rowcount_bad
MA01173,ddf_name_collision;ddf_rowcount_bad
MA01178,ddf_name_collision;ddf_rowcount_bad
MA01195,ddf_name_collision;tail_sensitivity_lost_name_collision
MA01200,ddf_name_collision;ddf_rowcount_bad
MA01219,ddf_name_collision;ddf_rowcount_bad
MA01231,ddf_name_collision
MA01301,ddf_name_collision;ddf_rowcount_bad
MA01304,ddf_name_collision;ddf_rowcount_bad
MA01309,ddf_name_collision;ddf_rowcount_bad
MA01807,ddf_name_collision;ddf_rowcount_bad
MA01938,ddf_name_collision;ddf_rowcount_bad
MA01946,ddf_name_collision;ddf_rowcount_bad
MA01969,ddf_name_collision;ddf_rowcount_bad
MA02166,ddf_name_collision;ddf_rowcount_bad
MA02218,ddf_name_collision;ddf_rowcount_bad
MA02285,ddf_name_collision;ddf_rowcount_bad
MA02293,ddf_name_collision;ddf_rowcount_bad
MA02297,ddf_name_collision;ddf_rowcount_bad
MA02345,ddf_name_collision;ddf_rowcount_bad
MA02388,ddf_name_collision;ddf_rowcount_bad
MA02401,ddf_name_collision;ddf_rowcount_bad
MA02407,ddf_name_collision;ddf_rowcount_bad
MA02466,ddf_name_collision;ddf_rowcount_bad
MA02469,ddf_name_collision;ddf_rowcount_bad
MA02480,ddf_name_collision;ddf_rowcount_bad
MA02494,ddf_name_collision;ddf_rowcount_bad;tail_sensitivity_lost_name_collision
MA02499,ddf_name_collision;ddf_rowcount_bad
MA02518,ddf_name_collision;ddf_rowcount_bad
MA02542,ddf_name_collision;ddf_rowcount_bad
MA02553,ddf_name_collision;ddf_rowcount_bad
MA02556,ddf_name_collision;ddf_rowcount_bad
MA02572,ddf_name_collision;ddf_rowcount_bad
MA02779,ddf_name_collision;ddf_rowcount_bad
MA02924,ddf_name_collision;tail_sensitivity_lost_name_collision
MA02952,ddf_name_collision;ddf_rowcount_bad
MA02958,ddf_name_collision;ddf_rowcount_bad
MA03006,ddf_name_collision;ddf_rowcount_bad
MA03053,ddf_name_collision;ddf_rowcount_bad
MA03057,ddf_name_collision;ddf_rowcount_bad
MA03060,ddf_name_collision;ddf_rowcount_bad
MA03097,ddf_name_collision;ddf_rowcount_bad;tail_sensitivity_lost_name_collision
MA03113,ddf_name_collision;ddf_rowcount_bad
MA03170,ddf_name_collision;ddf_rowcount_bad;tail_sensitivity_lost_name_collision
MA03181,ddf_name_collision;ddf_rowcount_bad
MA03209,ddf_name_collision;ddf_rowcount_bad
MA83013,ddf_name_collision;ddf_rowcount_bad
MD00003,ddf_name_collision;ddf_rowcount_bad
MD00004,ddf_name_collision;narrow_elevation_band;old_manifest_vintage;pre_centralization_no_aux;synthetic_prefix_audited_clean;tail_sensitivity_lost_name_collision
MD00008,ddf_name_collision
MD00013,ddf_name_collision;ddf_rowcount_bad;tail_sensitivity_lost_name_collision
MD00048,ddf_name_collision;tail_sensitivity_lost_name_collision
MD00050,ddf_name_collision;ddf_rowcount_bad
MD00051,ddf_name_collision;tail_sensitivity_lost_name_collision
MD00066,ddf_name_collision;ddf_rowcount_bad
MD00069,narrow_elevation_band
MD00075,ddf_name_collision;ddf_rowcount_bad
MD00078,narrow_elevation_band;old_manifest_vintage
MD00085,ddf_name_collision
MD00097,narrow_elevation_band;old_manifest_vintage;pre_centralization_no_aux;synthetic_cloud_unauditable
MD00118,ddf_name_collision;ddf_rowcount_bad
MD00122,ddf_name_collision;ddf_rowcount_bad
MD00129,ddf_name_collision;ddf_rowcount_bad
MD00136,ddf_name_collision;ddf_rowcount_bad;tail_sensitivity_lost_name_collision
MD00139,ddf_name_collision;ddf_rowcount_bad
MD00170,ddf_name_collision;ddf_rowcount_bad
MD00194,ddf_name_collision;ddf_rowcount_bad
MD00214,ddf_name_collision;ddf_rowcount_bad
MD00216,ddf_name_collision;ddf_rowcount_bad
MD00358,ddf_name_collision;ddf_rowcount_bad
ME00001,ddf_name_collision;tail_sensitivity_lost_name_collision
ME00005,ddf_name_collision
ME00016,ddf_name_collision;ddf_rowcount_bad;tail_sensitivity_lost_name_collision
ME00017,ddf_name_collision;tail_sensitivity_lost_name_collision
ME00026,ddf_name_collision;tail_sensitivity_lost_name_collision
ME00062,ddf_name_collision;tail_sensitivity_lost_name_collision
ME00068,ddf_name_collision
ME00070,ddf_name_collision;ddf_rowcount_bad
ME00072,ddf_name_collision;ddf_rowcount_bad;tail_sensitivity_lost_name_collision
ME00074,ddf_name_collision;ddf_rowcount_bad;tail_sensitivity_lost_name_collision
ME00078,ddf_name_collision;ddf_rowcount_bad
ME00088,ddf_name_collision;ddf_rowcount_bad;tail_sensitivity_lost_name_collision
ME00089,ddf_name_collision;ddf_rowcount_bad
ME00090,ddf_name_collision;tail_sensitivity_lost_name_collision
ME00091,narrow_elevation_band;old_manifest_vintage;pre_centralization_no_aux;synthetic_cloud_unauditable
ME00100,ddf_name_collision;ddf_rowcount_bad
ME00105,ddf_name_collision;ddf_rowcount_bad
ME00110,ddf_name_collision;ddf_rowcount_bad
ME00113,ddf_name_collision;tail_sensitivity_lost_name_collision
ME00116,ddf_name_collision;ddf_rowcount_bad
ME00117,ddf_name_collision
ME00121,ddf_name_collision;ddf_rowcount_bad;tail_sensitivity_lost_name_collision
ME00125,ddf_name_collision;ddf_rowcount_bad
ME00128,ddf_name_collision;tail_sensitivity_lost_name_collision
ME00139,ddf_name_collision;tail_sensitivity_lost_name_collision
ME00147,ddf_name_collision;ddf_rowcount_bad;tail_sensitivity_lost_name_collision
ME00150,ddf_name_collision
ME00155,ddf_name_collision;ddf_rowcount_bad
ME00157,ddf_name_collision
ME00164,ddf_name_collision;ddf_rowcount_bad
ME00170,ddf_name_collision;tail_sensitivity_lost_name_collision
ME00175,ddf_name_collision;ddf_rowcount_bad;tail_sensitivity_lost_name_collision
ME00177,ddf_name_collision;ddf_rowcount_bad;tail_sensitivity_lost_name_collision
ME00190,ddf_name_collision;ddf_rowcount_bad
ME00194,ddf_name_collision;tail_sensitivity_lost_name_collision
ME00202,ddf_name_collision;ddf_rowcount_bad
ME00205,ddf_name_collision;tail_sensitivity_lost_name_collision
ME00212,ddf_name_collision;tail_sensitivity_lost_name_collision
ME00214,ddf_name_collision;ddf_rowcount_bad;tail_sensitivity_lost_name_collision
ME00218,ddf_name_collision;ddf_rowcount_bad
ME00226,ddf_name_collision;tail_sensitivity_lost_name_collision
ME00228,ddf_name_collision
ME00235,ddf_name_collision;ddf_rowcount_bad;tail_sensitivity_lost_name_collision
ME00237,old_manifest_vintage
ME00243,ddf_name_collision;ddf_rowcount_bad;tail_sensitivity_lost_name_collision
ME00246,ddf_name_collision;ddf_rowcount_bad
ME00263,ddf_name_collision;ddf_rowcount_bad
ME00264,ddf_name_collision;ddf_rowcount_bad;synthetic_purged_rerun_ok;tail_sensitivity_lost_name_collision
ME00266,ddf_name_collision;ddf_rowcount_bad;tail_sensitivity_lost_name_collision
ME00285,ddf_name_collision;ddf_rowcount_bad
ME00286,ddf_name_collision;ddf_rowcount_bad
ME00287,ddf_name_collision;tail_sensitivity_lost_name_collision
ME00293,ddf_name_collision;ddf_rowcount_bad
ME00302,ddf_name_collision;ddf_rowcount_bad
ME00310,ddf_name_collision;ddf_rowcount_bad;tail_sensitivity_lost_name_collision
ME00313,ddf_name_collision;ddf_rowcount_bad;tail_sensitivity_lost_name_collision
ME00330,ddf_name_collision;ddf_rowcount_bad
ME00332,ddf_name_collision;ddf_rowcount_bad;tail_sensitivity_lost_name_collision
ME00342,ddf_name_collision;ddf_rowcount_bad
ME00362,ddf_name_collision;ddf_rowcount_bad;tail_sensitivity_lost_name_collision
ME00364,ddf_name_collision;ddf_rowcount_bad
ME00368,ddf_name_collision;ddf_rowcount_bad
ME00382,ddf_name_collision;ddf_rowcount_bad
ME00389,ddf_name_collision;ddf_rowcount_bad
ME00397,ddf_name_collision;tail_sensitivity_lost_name_collision
ME00398,ddf_name_collision;ddf_rowcount_bad;tail_sensitivity_lost_name_collision
ME00402,ddf_name_collision;ddf_rowcount_bad;tail_sensitivity_lost_name_collision
ME00409,ddf_name_collision;ddf_rowcount_bad
ME00413,ddf_name_collision;ddf_rowcount_bad
ME00417,ddf_name_collision
ME00438,ddf_name_collision;ddf_rowcount_bad
ME00446,ddf_name_collision;ddf_rowcount_bad
ME00459,ddf_name_collision;tail_sensitivity_lost_name_collision
ME00468,ddf_name_collision;ddf_rowcount_bad;tail_sensitivity_lost_name_collision
ME00469,ddf_name_collision;ddf_rowcount_bad
ME00475,ddf_name_collision;tail_sensitivity_lost_name_collision
ME00476,ddf_name_collision;ddf_rowcount_bad;tail_sensitivity_lost_name_collision
ME00482,ddf_name_collision;ddf_rowcount_bad
ME00486,ddf_name_collision
ME00490,ddf_name_collision;ddf_rowcount_bad
ME00507,ddf_name_collision;ddf_rowcount_bad
ME00554,ddf_name_collision;ddf_rowcount_bad
ME00558,ddf_name_collision;ddf_rowcount_bad;tail_sensitivity_lost_name_collision
ME00585,ddf_name_collision;ddf_rowcount_bad
ME00590,ddf_name_collision;ddf_rowcount_bad
ME00591,ddf_name_collision;ddf_rowcount_bad;tail_sensitivity_lost_name_collision
ME00606,ddf_name_collision;ddf_rowcount_bad
ME00607,ddf_name_collision;ddf_rowcount_bad
ME00634,ddf_name_collision
ME00644,ddf_name_collision
ME00652,ddf_name_collision;ddf_rowcount_bad
ME00704,ddf_name_collision;ddf_rowcount_bad
ME00707,ddf_name_collision
ME00728,ddf_name_collision;ddf_rowcount_bad
ME00746,ddf_name_collision;ddf_rowcount_bad
ME83652,ddf_name_collision
ME83653,ddf_name_collision
ME96075,ddf_name_collision;tail_sensitivity_lost_name_collision
ME96080,ddf_name_collision;tail_sensitivity_lost_name_collision
ME96102,ddf_name_collision;tail_sensitivity_lost_name_collision
ME96110,ddf_name_collision;ddf_rowcount_bad
ME96164,ddf_name_collision;ddf_rowcount_bad
ME96172,ddf_name_collision;tail_sensitivity_lost_name_collision
ME96183,ddf_name_collision;ddf_rowcount_bad;tail_sensitivity_lost_name_collision
ME96202,ddf_name_collision;ddf_rowcount_bad
MI00010,ddf_name_collision;ddf_rowcount_bad
MI00018,ddf_name_collision;ddf_rowcount_bad
MI00022,ddf_name_collision
MI00023,ddf_name_collision;ddf_rowcount_bad
MI00038,ddf_name_collision;ddf_rowcount_bad;tail_sensitivity_lost_name_collision
MI00056,ddf_name_collision;ddf_rowcount_bad
MI00060,ddf_name_collision;ddf_rowcount_bad
MI00071,ddf_name_collision;ddf_rowcount_bad
MI00072,ddf_name_collision;ddf_rowcount_bad
MI00078,ddf_name_collision;ddf_rowcount_bad
MI00086,ddf_name_collision;tail_sensitivity_lost_name_collision
MI00098,ddf_name_collision;ddf_rowcount_bad
MI00102,ddf_name_collision;ddf_rowcount_bad
MI00103,ddf_name_collision
MI00109,ddf_name_collision;ddf_rowcount_bad
MI00118,ddf_name_collision;ddf_rowcount_bad
MI00119,ddf_name_collision;ddf_rowcount_bad
MI00120,ddf_name_collision;ddf_rowcount_bad
MI00121,ddf_name_collision;tail_sensitivity_lost_name_collision
MI00124,ddf_name_collision;ddf_rowcount_bad
MI00126,ddf_name_collision;ddf_rowcount_bad
MI00129,ddf_name_collision;ddf_rowcount_bad
MI00130,ddf_name_collision;ddf_rowcount_bad
MI00138,ddf_name_collision;ddf_rowcount_bad
MI00139,ddf_name_collision;ddf_rowcount_bad
MI00143,ddf_name_collision;tail_sensitivity_lost_name_collision
MI00146,ddf_name_collision;ddf_rowcount_bad
MI00147,ddf_name_collision
MI00148,ddf_name_collision;ddf_rowcount_bad
MI00154,ddf_name_collision;ddf_rowcount_bad
MI00156,ddf_name_collision;tail_sensitivity_lost_name_collision
MI00157,ddf_name_collision;ddf_rowcount_bad
MI00185,ddf_name_collision;tail_sensitivity_lost_name_collision
MI00190,ddf_name_collision;tail_sensitivity_lost_name_collision
MI00195,ddf_name_collision;ddf_rowcount_bad
MI00199,ddf_name_collision
MI00203,ddf_name_collision;ddf_rowcount_bad
MI00205,ddf_name_collision;ddf_rowcount_bad
MI00207,ddf_name_collision
MI00220,ddf_name_collision;ddf_rowcount_bad
MI00227,ddf_name_collision
MI00228,ddf_name_collision;ddf_rowcount_bad
MI00245,ddf_name_collision
MI00249,ddf_name_collision;ddf_rowcount_bad;tail_sensitivity_lost_name_collision
MI00255,ddf_name_collision;ddf_rowcount_bad;tail_sensitivity_lost_name_collision
MI00257,ddf_name_collision;ddf_rowcount_bad
MI00273,ddf_name_collision;ddf_rowcount_bad;tail_sensitivity_lost_name_collision
MI00276,ddf_name_collision;ddf_rowcount_bad;tail_sensitivity_lost_name_collision
MI00280,ddf_name_collision;ddf_rowcount_bad
MI00282,ddf_name_collision;tail_sensitivity_lost_name_collision
MI00299,ddf_name_collision;ddf_rowcount_bad
MI00301,ddf_name_collision;ddf_rowcount_bad
MI00312,ddf_name_collision;ddf_rowcount_bad
MI00313,ddf_name_collision;ddf_rowcount_bad
MI00316,ddf_name_collision
MI00322,ddf_name_collision;ddf_rowcount_bad
MI00325,ddf_name_collision;ddf_rowcount_bad;tail_sensitivity_lost_name_collision
MI00330,ddf_name_collision;ddf_rowcount_bad
MI00347,ddf_name_collision;ddf_rowcount_bad
MI00353,ddf_name_collision;ddf_rowcount_bad
MI00357,ddf_name_collision
MI00364,ddf_name_collision;tail_sensitivity_lost_name_collision
MI00388,ddf_name_collision;ddf_rowcount_bad
MI00398,ddf_name_collision;ddf_rowcount_bad
MI00401,ddf_name_collision
MI00403,ddf_name_collision;tail_sensitivity_lost_name_collision
MI00409,ddf_name_collision;ddf_rowcount_bad;tail_sensitivity_lost_name_collision
MI00410,ddf_name_collision;tail_sensitivity_lost_name_collision
MI00423,ddf_name_collision;ddf_rowcount_bad
MI00424,ddf_name_collision
MI00426,ddf_name_collision;ddf_rowcount_bad
MI00428,ddf_name_collision;tail_sensitivity_lost_name_collision
MI00430,ddf_name_collision;ddf_rowcount_bad
MI00434,ddf_name_collision;ddf_rowcount_bad
MI00436,ddf_name_collision;ddf_rowcount_bad;tail_sensitivity_lost_name_collision
MI00437,ddf_name_collision;ddf_rowcount_bad;tail_sensitivity_lost_name_collision
MI00438,ddf_name_collision;tail_sensitivity_lost_name_collision
MI00453,ddf_name_collision;tail_sensitivity_lost_name_collision
MI00459,ddf_name_collision;ddf_rowcount_bad
MI00464,ddf_name_collision;ddf_rowcount_bad
MI00479,ddf_name_collision;ddf_rowcount_bad
MI00480,ddf_name_collision
MI00496,ddf_name_collision;ddf_rowcount_bad
MI00502,ddf_name_collision;tail_sensitivity_lost_name_collision
MI00506,ddf_name_collision
MI00509,ddf_name_collision;ddf_rowcount_bad
MI00513,ddf_name_collision;ddf_rowcount_bad
MI00527,ddf_name_collision;ddf_rowcount_bad
MI00528,ddf_name_collision;ddf_rowcount_bad
MI00530,ddf_name_collision;tail_sensitivity_lost_name_collision
MI00533,ddf_name_collision;ddf_rowcount_bad
MI00534,ddf_name_collision;ddf_rowcount_bad
MI00550,ddf_name_collision
MI00559,ddf_name_collision;ddf_rowcount_bad
MI00560,ddf_name_collision;ddf_rowcount_bad
MI00562,ddf_name_collision
MI00572,ddf_name_collision;ddf_rowcount_bad
MI00586,ddf_name_collision;ddf_rowcount_bad;tail_sensitivity_lost_name_collision
MI00597,ddf_name_collision;ddf_rowcount_bad;tail_sensitivity_lost_name_collision
MI00606,ddf_name_collision;ddf_rowcount_bad;tail_sensitivity_lost_name_collision
MI00608,ddf_name_collision;ddf_rowcount_bad
MI00614,ddf_name_collision;tail_sensitivity_lost_name_collision
MI00615,ddf_name_collision;ddf_rowcount_bad
MI00616,ddf_name_collision;ddf_rowcount_bad;tail_sensitivity_lost_name_collision
MI00617,ddf_name_collision;tail_sensitivity_lost_name_collision
MI00620,ddf_name_collision;tail_sensitivity_lost_name_collision
MI00621,ddf_name_collision;ddf_rowcount_bad;tail_sensitivity_lost_name_collision
MI00622,ddf_name_collision;tail_sensitivity_lost_name_collision
MI00650,narrow_elevation_band;old_manifest_vintage;pre_centralization_no_aux;synthetic_cloud_unauditable
MI00652,ddf_name_collision;ddf_rowcount_bad
MI00654,ddf_name_collision;ddf_rowcount_bad;tail_sensitivity_lost_name_collision
MI00668,ddf_name_collision;ddf_rowcount_bad;tail_sensitivity_lost_name_collision
MI00680,ddf_name_collision;ddf_rowcount_bad
MI00687,ddf_name_collision;ddf_rowcount_bad;tail_sensitivity_lost_name_collision
MI00688,ddf_name_collision;ddf_rowcount_bad
MI00691,ddf_name_collision;ddf_rowcount_bad;tail_sensitivity_lost_name_collision
MI00698,ddf_name_collision;tail_sensitivity_lost_name_collision
MI00706,ddf_name_collision;tail_sensitivity_lost_name_collision
MI00714,ddf_name_collision
MI00717,ddf_name_collision
MI00721,ddf_name_collision;ddf_rowcount_bad;tail_sensitivity_lost_name_collision
MI00734,ddf_name_collision;ddf_rowcount_bad
MI00738,ddf_name_collision;ddf_rowcount_bad
MI00741,ddf_name_collision;ddf_rowcount_bad
MI00746,ddf_name_collision;ddf_rowcount_bad
MI00753,ddf_name_collision;ddf_rowcount_bad;tail_sensitivity_lost_name_collision
MI00761,ddf_name_collision
MI00765,ddf_name_collision;ddf_rowcount_bad;tail_sensitivity_lost_name_collision
MI00776,ddf_name_collision;ddf_rowcount_bad
MI00781,ddf_name_collision;ddf_rowcount_bad
MI00789,ddf_name_collision;ddf_rowcount_bad
MI00790,ddf_name_collision;ddf_rowcount_bad;tail_sensitivity_lost_name_collision
MI00796,ddf_name_collision;ddf_rowcount_bad
MI00797,ddf_name_collision;ddf_rowcount_bad
MI00798,ddf_name_collision;ddf_rowcount_bad
MI00799,ddf_name_collision;ddf_rowcount_bad;tail_sensitivity_lost_name_collision
MI00800,ddf_name_collision;ddf_rowcount_bad
MI00832,ddf_name_collision;ddf_rowcount_bad
MI00841,ddf_name_collision;ddf_rowcount_bad
MI01165,ddf_name_collision;ddf_rowcount_bad
MI01244,ddf_name_collision;ddf_rowcount_bad
MI01246,ddf_name_collision;ddf_rowcount_bad
MI01249,ddf_name_collision;ddf_rowcount_bad
MI01251,ddf_name_collision;ddf_rowcount_bad
MI01276,ddf_name_collision;ddf_rowcount_bad
MI01283,ddf_name_collision;ddf_rowcount_bad
MI01341,ddf_name_collision;ddf_rowcount_bad
MI01370,ddf_name_collision;ddf_rowcount_bad
MI01420,ddf_name_collision;ddf_rowcount_bad
MI01425,ddf_name_collision;ddf_rowcount_bad
MI01510,ddf_name_collision;ddf_rowcount_bad
MI01513,ddf_name_collision;ddf_rowcount_bad
MI01587,ddf_name_collision;ddf_rowcount_bad
MI01681,ddf_name_collision;ddf_rowcount_bad
MI01757,ddf_name_collision;ddf_rowcount_bad
MI01763,ddf_name_collision;ddf_rowcount_bad
MI01797,ddf_name_collision;ddf_rowcount_bad;tail_sensitivity_lost_name_collision
MI01951,ddf_name_collision;ddf_rowcount_bad
MI02001,ddf_name_collision;ddf_rowcount_bad
MI02199,ddf_name_collision;ddf_rowcount_bad
MI02474,ddf_name_collision;ddf_rowcount_bad
MI02582,ddf_name_collision;ddf_rowcount_bad
MI02583,ddf_name_collision
MI82401,ddf_name_collision
MI82402,ddf_name_collision
MI82404,ddf_name_collision;ddf_rowcount_bad
MI83001,ddf_name_collision;tail_sensitivity_lost_name_collision
MN00002,ddf_name_collision;tail_sensitivity_lost_name_collision
MN00003,ddf_name_collision;tail_sensitivity_lost_name_collision
MN00022,ddf_name_collision;tail_sensitivity_lost_name_collision
MN00035,ddf_name_collision
MN00041,ddf_name_collision;tail_sensitivity_lost_name_collision
MN00043,ddf_name_collision;ddf_rowcount_bad;tail_sensitivity_lost_name_collision
MN00046,ddf_name_collision;synthetic_purged_rerun_ok;tail_sensitivity_lost_name_collision
MN00048,ddf_name_collision;tail_sensitivity_lost_name_collision
MN00071,ddf_name_collision;ddf_rowcount_bad;tail_sensitivity_lost_name_collision
MN00076,ddf_name_collision;ddf_rowcount_bad;narrow_elevation_band;old_manifest_vintage;pre_centralization_no_aux;synthetic_cloud_unauditable;tail_sensitivity_lost_name_collision
MN00081,ddf_name_collision;ddf_rowcount_bad;tail_sensitivity_lost_name_collision
MN00082,ddf_name_collision;tail_sensitivity_lost_name_collision
MN00085,ddf_name_collision
MN00086,ddf_name_collision;tail_sensitivity_lost_name_collision
MN00088,ddf_name_collision;tail_sensitivity_lost_name_collision
MN00097,ddf_name_collision;tail_sensitivity_lost_name_collision
MN00101,ddf_name_collision;tail_sensitivity_lost_name_collision
MN00106,ddf_name_collision;ddf_rowcount_bad
MN00116,ddf_name_collision;tail_sensitivity_lost_name_collision
MN00117,ddf_name_collision;ddf_rowcount_bad;tail_sensitivity_lost_name_collision
MN00121,ddf_name_collision;ddf_rowcount_bad;tail_sensitivity_lost_name_collision
MN00128,ddf_name_collision;ddf_rowcount_bad
MN00142,ddf_name_collision;tail_sensitivity_lost_name_collision
MN00144,ddf_name_collision;ddf_rowcount_bad
MN00155,ddf_name_collision;tail_sensitivity_lost_name_collision
MN00156,ddf_name_collision
MN00158,ddf_name_collision;ddf_rowcount_bad
MN00160,ddf_name_collision;ddf_rowcount_bad;tail_sensitivity_lost_name_collision
MN00162,ddf_name_collision
MN00163,ddf_name_collision;tail_sensitivity_lost_name_collision
MN00164,ddf_name_collision;ddf_rowcount_bad;tail_sensitivity_lost_name_collision
MN00165,ddf_name_collision;ddf_rowcount_bad;tail_sensitivity_lost_name_collision
MN00171,ddf_name_collision;tail_sensitivity_lost_name_collision
MN00176,ddf_name_collision;ddf_rowcount_bad
MN00177,ddf_name_collision;ddf_rowcount_bad
MN00178,ddf_name_collision;tail_sensitivity_lost_name_collision
MN00187,ddf_name_collision;tail_sensitivity_lost_name_collision
MN00198,ddf_name_collision;tail_sensitivity_lost_name_collision
MN00209,narrow_elevation_band;old_manifest_vintage;pre_centralization_no_aux;synthetic_cloud_unauditable
MN00213,ddf_name_collision;tail_sensitivity_lost_name_collision
MN00221,ddf_name_collision;ddf_rowcount_bad
MN00222,ddf_name_collision;ddf_rowcount_bad;tail_sensitivity_lost_name_collision
MN00223,ddf_name_collision;ddf_rowcount_bad
MN00232,ddf_name_collision;ddf_rowcount_bad
MN00242,ddf_name_collision
MN00249,ddf_name_collision;ddf_rowcount_bad
MN00286,ddf_name_collision;ddf_rowcount_bad
MN00305,ddf_name_collision;ddf_rowcount_bad
MN00316,ddf_name_collision;tail_sensitivity_lost_name_collision
MN00357,ddf_name_collision;tail_sensitivity_lost_name_collision
MN00359,ddf_name_collision
MN00360,ddf_name_collision;ddf_rowcount_bad
MN00366,ddf_name_collision;tail_sensitivity_lost_name_collision
MN00391,ddf_name_collision;ddf_rowcount_bad
MN00402,ddf_name_collision;ddf_rowcount_bad;tail_sensitivity_lost_name_collision
MN00405,ddf_name_collision;ddf_rowcount_bad
MN00407,ddf_name_collision;tail_sensitivity_lost_name_collision
MN00412,ddf_name_collision;tail_sensitivity_lost_name_collision
MN00441,ddf_name_collision;ddf_rowcount_bad
MN00457,ddf_name_collision;ddf_rowcount_bad
MN00470,ddf_name_collision;ddf_rowcount_bad
MN00492,ddf_name_collision;ddf_rowcount_bad
MN00497,ddf_name_collision;tail_sensitivity_lost_name_collision
MN00514,ddf_name_collision;tail_sensitivity_lost_name_collision
MN00516,ddf_name_collision;tail_sensitivity_lost_name_collision
MN00523,ddf_name_collision;tail_sensitivity_lost_name_collision
MN00527,ddf_name_collision
MN00530,ddf_name_collision;ddf_rowcount_bad
MN00534,ddf_name_collision;ddf_rowcount_bad;tail_sensitivity_lost_name_collision
MN00540,ddf_name_collision;tail_sensitivity_lost_name_collision
MN00544,ddf_name_collision
MN00548,ddf_name_collision;ddf_rowcount_bad
MN00572,ddf_name_collision;ddf_rowcount_bad;tail_sensitivity_lost_name_collision
MN00573,narrow_elevation_band;old_manifest_vintage;pre_centralization_no_aux;synthetic_cloud_unauditable
MN00577,ddf_name_collision;tail_sensitivity_lost_name_collision
MN00579,ddf_name_collision;ddf_rowcount_bad;tail_sensitivity_lost_name_collision
MN00585,narrow_elevation_band;old_manifest_vintage;pre_centralization_no_aux;synthetic_cloud_unauditable
MN00586,narrow_elevation_band;old_manifest_vintage;pre_centralization_no_aux;synthetic_cloud_unauditable
MN00594,narrow_elevation_band;old_manifest_vintage;pre_centralization_no_aux;synthetic_cloud_unauditable
MN00595,narrow_elevation_band;old_manifest_vintage;pre_centralization_no_aux;synthetic_cloud_unauditable
MN00600,ddf_name_collision;tail_sensitivity_lost_name_collision
MN00601,ddf_name_collision;tail_sensitivity_lost_name_collision
MN00611,ddf_name_collision;ddf_rowcount_bad
MN00612,ddf_name_collision;tail_sensitivity_lost_name_collision
MN00614,ddf_name_collision;ddf_rowcount_bad;tail_sensitivity_lost_name_collision
MN00621,ddf_name_collision
MN00631,ddf_name_collision;tail_sensitivity_lost_name_collision
MN00642,ddf_name_collision;ddf_rowcount_bad
MN00648,ddf_name_collision
MN00650,ddf_name_collision
MN00651,ddf_name_collision;tail_sensitivity_lost_name_collision
MN00652,ddf_name_collision;ddf_rowcount_bad
MN00653,narrow_elevation_band;old_manifest_vintage;pre_centralization_no_aux;synthetic_cloud_unauditable
MN00654,ddf_name_collision;tail_sensitivity_lost_name_collision
MN00656,ddf_name_collision
MN00678,ddf_name_collision;tail_sensitivity_lost_name_collision
MN00684,ddf_name_collision;tail_sensitivity_lost_name_collision
MN00685,ddf_name_collision;tail_sensitivity_lost_name_collision
MN00689,ddf_name_collision;ddf_rowcount_bad;tail_sensitivity_lost_name_collision
MN00730,ddf_name_collision;ddf_rowcount_bad
MN00734,ddf_name_collision;ddf_rowcount_bad
MN00744,ddf_name_collision
MN00755,ddf_name_collision;ddf_rowcount_bad
MN00768,ddf_name_collision;ddf_rowcount_bad;tail_sensitivity_lost_name_collision
MN00770,ddf_name_collision;tail_sensitivity_lost_name_collision
MN00771,ddf_name_collision
MN00825,ddf_name_collision
MN00831,ddf_name_collision;ddf_rowcount_bad
MN00917,ddf_name_collision;ddf_rowcount_bad
MN00919,ddf_name_collision;ddf_rowcount_bad
MN00920,ddf_name_collision;tail_sensitivity_lost_name_collision
MN00926,ddf_name_collision;tail_sensitivity_lost_name_collision
MN00965,ddf_name_collision;ddf_rowcount_bad
MN00971,ddf_name_collision;ddf_rowcount_bad
MN00979,ddf_name_collision;tail_sensitivity_lost_name_collision
MN00995,ddf_name_collision;ddf_rowcount_bad
MN01012,ddf_name_collision;ddf_rowcount_bad
MN01014,ddf_name_collision
MN01030,ddf_name_collision;ddf_rowcount_bad
MN01036,ddf_name_collision;tail_sensitivity_lost_name_collision
MN01051,ddf_name_collision
MN01057,ddf_name_collision
MN01116,ddf_name_collision
MN01305,ddf_name_collision
MN01351,ddf_name_collision;ddf_rowcount_bad
MN01370,ddf_name_collision;ddf_rowcount_bad
MN01395,ddf_name_collision;tail_sensitivity_lost_name_collision
MN01431,ddf_name_collision;ddf_rowcount_bad;tail_sensitivity_lost_name_collision
MN01455,ddf_name_collision;tail_sensitivity_lost_name_collision
MN01507,ddf_name_collision;ddf_rowcount_bad
MN01552,ddf_name_collision;tail_sensitivity_lost_name_collision
MN01564,ddf_name_collision;tail_sensitivity_lost_name_collision
MN01615,ddf_name_collision;ddf_rowcount_bad
MN01626,ddf_name_collision;tail_sensitivity_lost_name_collision
MN82404,ddf_name_collision
MN82413,ddf_name_collision;ddf_rowcount_bad
MN82414,ddf_name_collision;ddf_rowcount_bad
MN82420,ddf_name_collision;ddf_rowcount_bad
MN82424,ddf_name_collision;ddf_rowcount_bad;tail_sensitivity_lost_name_collision
MN82425,ddf_name_collision;ddf_rowcount_bad
MN82426,ddf_name_collision;ddf_rowcount_bad
MN82432,ddf_name_collision;tail_sensitivity_lost_name_collision
MN82449,ddf_name_collision;ddf_rowcount_bad
MO10002,ddf_name_collision;ddf_rowcount_bad
MO10005,ddf_name_collision;ddf_rowcount_bad
MO10017,ddf_name_collision;ddf_rowcount_bad;tail_sensitivity_lost_name_collision
MO10022,ddf_name_collision;ddf_rowcount_bad
MO10024,ddf_name_collision;ddf_rowcount_bad
MO10029,ddf_name_collision;ddf_rowcount_bad
MO10033,ddf_name_collision;ddf_rowcount_bad
MO10041,ddf_name_collision;ddf_rowcount_bad
MO10046,ddf_name_collision;ddf_rowcount_bad
MO10049,ddf_name_collision;ddf_rowcount_bad
MO10050,ddf_name_collision;ddf_rowcount_bad
MO10062,ddf_name_collision;ddf_rowcount_bad
MO10069,ddf_name_collision;ddf_rowcount_bad
MO10073,ddf_name_collision;ddf_rowcount_bad
MO10081,ddf_name_collision;ddf_rowcount_bad
MO10082,ddf_name_collision;tail_sensitivity_lost_name_collision
MO10107,ddf_name_collision;ddf_rowcount_bad
MO10113,ddf_name_collision;ddf_rowcount_bad;tail_sensitivity_lost_name_collision
MO10114,ddf_name_collision;tail_sensitivity_lost_name_collision
MO10118,ddf_name_collision;tail_sensitivity_lost_name_collision
MO10125,ddf_name_collision;ddf_rowcount_bad
MO10128,ddf_name_collision;ddf_rowcount_bad;tail_sensitivity_lost_name_collision
MO10129,ddf_name_collision;ddf_rowcount_bad;tail_sensitivity_lost_name_collision
MO10136,ddf_name_collision;ddf_rowcount_bad;tail_sensitivity_lost_name_collision
MO10137,ddf_name_collision;ddf_rowcount_bad
MO10153,ddf_name_collision;ddf_rowcount_bad
MO10154,ddf_name_collision;tail_sensitivity_lost_name_collision
MO10167,ddf_name_collision;ddf_rowcount_bad
MO10178,ddf_name_collision;tail_sensitivity_lost_name_collision
MO10191,ddf_name_collision;ddf_rowcount_bad
MO10199,ddf_name_collision;ddf_rowcount_bad
MO10202,ddf_name_collision;ddf_rowcount_bad;tail_sensitivity_lost_name_collision
MO10205,ddf_name_collision;ddf_rowcount_bad
MO10206,ddf_name_collision;ddf_rowcount_bad
MO10210,ddf_name_collision;ddf_rowcount_bad
MO10213,ddf_name_collision;ddf_rowcount_bad
MO10215,ddf_name_collision
MO10218,ddf_name_collision;ddf_rowcount_bad
MO10224,ddf_name_collision;tail_sensitivity_lost_name_collision
MO10229,ddf_name_collision
MO10232,ddf_name_collision;ddf_rowcount_bad
MO10252,ddf_name_collision;ddf_rowcount_bad
MO10254,ddf_name_collision;ddf_rowcount_bad
MO10276,ddf_name_collision;ddf_rowcount_bad
MO10307,ddf_name_collision;ddf_rowcount_bad;tail_sensitivity_lost_name_collision
MO10308,ddf_name_collision;ddf_rowcount_bad;tail_sensitivity_lost_name_collision
MO10334,ddf_name_collision;ddf_rowcount_bad
MO10344,ddf_name_collision;ddf_rowcount_bad
MO10356,ddf_name_collision;ddf_rowcount_bad;tail_sensitivity_lost_name_collision
MO10360,ddf_name_collision;ddf_rowcount_bad
MO10364,ddf_name_collision;ddf_rowcount_bad
MO10367,ddf_name_collision;ddf_rowcount_bad
MO10369,ddf_name_collision;ddf_rowcount_bad
MO10370,ddf_name_collision;ddf_rowcount_bad;tail_sensitivity_lost_name_collision
MO10374,ddf_name_collision;ddf_rowcount_bad
MO10375,ddf_name_collision;ddf_rowcount_bad
MO10378,ddf_name_collision;ddf_rowcount_bad
MO10389,ddf_name_collision;ddf_rowcount_bad
MO10394,ddf_name_collision;ddf_rowcount_bad
MO10396,ddf_name_collision;ddf_rowcount_bad
MO10402,ddf_name_collision;ddf_rowcount_bad
MO10407,ddf_name_collision;ddf_rowcount_bad
MO10409,ddf_name_collision;ddf_rowcount_bad
MO10410,ddf_name_collision;ddf_rowcount_bad
MO10411,ddf_name_collision;ddf_rowcount_bad
MO10412,ddf_name_collision;ddf_rowcount_bad;tail_sensitivity_lost_name_collision
MO10424,ddf_name_collision;ddf_rowcount_bad
MO10429,ddf_name_collision;ddf_rowcount_bad
MO10434,ddf_name_collision;ddf_rowcount_bad
MO10441,ddf_name_collision;tail_sensitivity_lost_name_collision
MO10442,ddf_name_collision
MO10455,ddf_name_collision;ddf_rowcount_bad
MO10456,ddf_name_collision;ddf_rowcount_bad
MO10457,ddf_name_collision;ddf_rowcount_bad
MO10468,ddf_name_collision;ddf_rowcount_bad
MO10476,ddf_name_collision;tail_sensitivity_lost_name_collision
MO10482,ddf_name_collision;ddf_rowcount_bad
MO10485,ddf_name_collision;ddf_rowcount_bad
MO10486,ddf_name_collision;ddf_rowcount_bad
MO10487,ddf_name_collision;ddf_rowcount_bad
MO10491,ddf_name_collision;ddf_rowcount_bad
MO10492,ddf_name_collision;ddf_rowcount_bad
MO10494,ddf_name_collision;ddf_rowcount_bad
MO10526,ddf_name_collision;ddf_rowcount_bad
MO10550,ddf_name_collision;ddf_rowcount_bad;tail_sensitivity_lost_name_collision
MO10551,ddf_name_collision;ddf_rowcount_bad
MO10556,ddf_name_collision;ddf_rowcount_bad
MO10557,ddf_name_collision;ddf_rowcount_bad
MO10558,ddf_name_collision;ddf_rowcount_bad
MO10562,ddf_name_collision;ddf_rowcount_bad
MO10563,ddf_name_collision;ddf_rowcount_bad
MO10565,ddf_name_collision;ddf_rowcount_bad
MO10580,ddf_name_collision;ddf_rowcount_bad;tail_sensitivity_lost_name_collision
MO10581,ddf_name_collision;ddf_rowcount_bad
MO10587,ddf_name_collision;ddf_rowcount_bad
MO10590,ddf_name_collision;ddf_rowcount_bad
MO10591,ddf_name_collision;ddf_rowcount_bad
MO10593,ddf_name_collision;ddf_rowcount_bad
MO10606,ddf_name_collision;ddf_rowcount_bad
MO10611,ddf_name_collision;ddf_rowcount_bad
MO10620,ddf_name_collision;ddf_rowcount_bad
MO10628,ddf_name_collision;ddf_rowcount_bad
MO10629,ddf_name_collision;ddf_rowcount_bad
MO10632,ddf_name_collision;ddf_rowcount_bad
MO10641,ddf_name_collision;ddf_rowcount_bad
MO10647,ddf_name_collision;ddf_rowcount_bad
MO10650,ddf_name_collision;ddf_rowcount_bad
MO10657,ddf_name_collision;ddf_rowcount_bad
MO10665,ddf_name_collision;ddf_rowcount_bad
MO10672,ddf_name_collision;ddf_rowcount_bad
MO10673,ddf_name_collision;ddf_rowcount_bad
MO10680,ddf_name_collision;ddf_rowcount_bad
MO10682,ddf_name_collision;ddf_rowcount_bad
MO10686,ddf_name_collision;ddf_rowcount_bad
MO10688,ddf_name_collision;ddf_rowcount_bad
MO10689,ddf_name_collision;ddf_rowcount_bad
MO10690,ddf_name_collision;ddf_rowcount_bad
MO10694,ddf_name_collision;ddf_rowcount_bad
MO10696,ddf_name_collision;ddf_rowcount_bad
MO10705,ddf_name_collision;ddf_rowcount_bad
MO10707,ddf_name_collision;ddf_rowcount_bad
MO10713,ddf_name_collision;ddf_rowcount_bad
MO10718,ddf_name_collision;ddf_rowcount_bad
MO10720,ddf_name_collision;ddf_rowcount_bad
MO10721,ddf_name_collision;ddf_rowcount_bad
MO10724,ddf_name_collision;ddf_rowcount_bad
MO10733,ddf_name_collision;ddf_rowcount_bad
MO10734,ddf_name_collision;ddf_rowcount_bad
MO10754,ddf_name_collision;ddf_rowcount_bad
MO10760,ddf_name_collision;ddf_rowcount_bad
MO10767,ddf_name_collision;ddf_rowcount_bad
MO10780,ddf_name_collision;ddf_rowcount_bad;tail_sensitivity_lost_name_collision
MO10781,ddf_name_collision;ddf_rowcount_bad
MO10796,ddf_name_collision;ddf_rowcount_bad
MO10797,ddf_name_collision;ddf_rowcount_bad
MO10799,ddf_name_collision;ddf_rowcount_bad
MO10801,ddf_name_collision;ddf_rowcount_bad
MO10807,ddf_name_collision;ddf_rowcount_bad
MO10809,ddf_name_collision;ddf_rowcount_bad
MO10849,ddf_name_collision;ddf_rowcount_bad;tail_sensitivity_lost_name_collision
MO10854,ddf_name_collision;ddf_rowcount_bad
MO10858,ddf_name_collision;ddf_rowcount_bad
MO10877,ddf_name_collision;tail_sensitivity_lost_name_collision
MO10881,ddf_name_collision;ddf_rowcount_bad
MO10883,ddf_name_collision;ddf_rowcount_bad
MO10910,ddf_name_collision;ddf_rowcount_bad;tail_sensitivity_lost_name_collision
MO10914,ddf_name_collision;ddf_rowcount_bad
MO10919,ddf_name_collision;ddf_rowcount_bad
MO10922,ddf_name_collision;ddf_rowcount_bad
MO10927,ddf_name_collision;ddf_rowcount_bad
MO10931,ddf_name_collision;ddf_rowcount_bad
MO10934,ddf_name_collision;tail_sensitivity_lost_name_collision
MO10935,ddf_name_collision;ddf_rowcount_bad
MO10938,ddf_name_collision;ddf_rowcount_bad
MO10961,ddf_name_collision;ddf_rowcount_bad
MO10962,ddf_name_collision;ddf_rowcount_bad
MO10974,ddf_name_collision;ddf_rowcount_bad
MO10976,ddf_name_collision;ddf_rowcount_bad
MO10977,ddf_name_collision;ddf_rowcount_bad;tail_sensitivity_lost_name_collision
MO10983,ddf_name_collision;ddf_rowcount_bad
MO10987,ddf_name_collision;ddf_rowcount_bad
MO10990,ddf_name_collision;tail_sensitivity_lost_name_collision
MO10992,ddf_name_collision;ddf_rowcount_bad
MO11004,ddf_name_collision;ddf_rowcount_bad
MO11005,ddf_name_collision;ddf_rowcount_bad
MO11012,ddf_name_collision;ddf_rowcount_bad;tail_sensitivity_lost_name_collision
MO11016,ddf_name_collision;ddf_rowcount_bad;tail_sensitivity_lost_name_collision
MO11017,ddf_name_collision;ddf_rowcount_bad
MO11021,ddf_name_collision;ddf_rowcount_bad
MO11038,ddf_name_collision;ddf_rowcount_bad
MO11048,ddf_name_collision;ddf_rowcount_bad
MO11050,ddf_name_collision;ddf_rowcount_bad
MO11052,ddf_name_collision;ddf_rowcount_bad
MO11053,ddf_name_collision;ddf_rowcount_bad
MO11058,ddf_name_collision;ddf_rowcount_bad
MO11063,ddf_name_collision;ddf_rowcount_bad
MO11065,ddf_name_collision;ddf_rowcount_bad
MO11080,ddf_name_collision;ddf_rowcount_bad
MO11085,ddf_name_collision;ddf_rowcount_bad
MO11086,ddf_name_collision;ddf_rowcount_bad
MO11087,ddf_name_collision;ddf_rowcount_bad
MO11088,ddf_name_collision;ddf_rowcount_bad
MO11092,ddf_name_collision;ddf_rowcount_bad
MO11104,ddf_name_collision;ddf_rowcount_bad
MO11120,ddf_name_collision;ddf_rowcount_bad
MO11122,ddf_name_collision;ddf_rowcount_bad;tail_sensitivity_lost_name_collision
MO11123,ddf_name_collision;ddf_rowcount_bad
MO11124,ddf_name_collision;ddf_rowcount_bad
MO11125,ddf_name_collision
MO11127,ddf_name_collision;ddf_rowcount_bad
MO11141,ddf_name_collision;ddf_rowcount_bad
MO11143,ddf_name_collision;ddf_rowcount_bad
MO11145,ddf_name_collision;ddf_rowcount_bad
MO11147,ddf_name_collision;ddf_rowcount_bad
MO11151,ddf_name_collision;ddf_rowcount_bad
MO11154,ddf_name_collision;ddf_rowcount_bad
MO11156,ddf_name_collision;ddf_rowcount_bad
MO11163,ddf_name_collision;ddf_rowcount_bad
MO11172,ddf_name_collision;ddf_rowcount_bad
MO11173,ddf_name_collision;ddf_rowcount_bad
MO11180,ddf_name_collision;ddf_rowcount_bad
MO11182,ddf_name_collision;ddf_rowcount_bad;tail_sensitivity_lost_name_collision
MO11193,ddf_name_collision;ddf_rowcount_bad
MO11195,ddf_name_collision;ddf_rowcount_bad
MO11200,ddf_name_collision;ddf_rowcount_bad
MO11203,ddf_name_collision;ddf_rowcount_bad
MO11211,ddf_name_collision;ddf_rowcount_bad
MO11215,ddf_name_collision;ddf_rowcount_bad
MO11218,ddf_name_collision;ddf_rowcount_bad
MO11224,ddf_name_collision;ddf_rowcount_bad;tail_sensitivity_lost_name_collision
MO11225,ddf_name_collision;ddf_rowcount_bad
MO11237,ddf_name_collision;ddf_rowcount_bad;tail_sensitivity_lost_name_collision
MO11238,ddf_name_collision;ddf_rowcount_bad
MO11239,ddf_name_collision;ddf_rowcount_bad
MO11248,ddf_name_collision;ddf_rowcount_bad
MO11252,ddf_name_collision;ddf_rowcount_bad
MO11255,ddf_name_collision;ddf_rowcount_bad
MO11260,ddf_name_collision;ddf_rowcount_bad;tail_sensitivity_lost_name_collision
MO11294,ddf_name_collision;ddf_rowcount_bad
MO11297,ddf_name_collision;ddf_rowcount_bad
MO11298,ddf_name_collision;ddf_rowcount_bad
MO11302,ddf_name_collision;ddf_rowcount_bad
MO11303,ddf_name_collision;ddf_rowcount_bad
MO11305,ddf_name_collision;ddf_rowcount_bad
MO11319,ddf_name_collision;ddf_rowcount_bad
MO11320,ddf_name_collision;ddf_rowcount_bad
MO11324,ddf_name_collision;ddf_rowcount_bad
MO11330,ddf_name_collision;ddf_rowcount_bad
MO11334,ddf_name_collision;ddf_rowcount_bad
MO11352,ddf_name_collision;ddf_rowcount_bad
MO11356,ddf_name_collision;ddf_rowcount_bad
MO11357,ddf_name_collision;ddf_rowcount_bad
MO11360,ddf_name_collision;ddf_rowcount_bad
MO11363,ddf_name_collision;ddf_rowcount_bad
MO11371,ddf_name_collision;ddf_rowcount_bad
MO11373,ddf_name_collision;ddf_rowcount_bad
MO11382,ddf_name_collision;ddf_rowcount_bad
MO11391,ddf_name_collision;ddf_rowcount_bad
MO11395,ddf_name_collision;ddf_rowcount_bad
MO11397,ddf_name_collision;ddf_rowcount_bad
MO11399,ddf_name_collision;ddf_rowcount_bad
MO11401,ddf_name_collision;ddf_rowcount_bad
MO11402,ddf_name_collision;ddf_rowcount_bad
MO11404,ddf_name_collision;ddf_rowcount_bad
MO11405,ddf_name_collision;ddf_rowcount_bad
MO11410,ddf_name_collision;ddf_rowcount_bad
MO11411,ddf_name_collision;ddf_rowcount_bad
MO11413,ddf_name_collision;ddf_rowcount_bad;tail_sensitivity_lost_name_collision
MO11414,ddf_name_collision;ddf_rowcount_bad
MO11415,ddf_name_collision;ddf_rowcount_bad
MO11418,ddf_name_collision;ddf_rowcount_bad
MO11419,ddf_name_collision;ddf_rowcount_bad
MO11429,ddf_name_collision;ddf_rowcount_bad
MO11436,ddf_name_collision;ddf_rowcount_bad
MO11437,ddf_name_collision;ddf_rowcount_bad
MO11440,ddf_name_collision;ddf_rowcount_bad
MO11442,ddf_name_collision;ddf_rowcount_bad
MO11444,ddf_name_collision;ddf_rowcount_bad
MO11446,ddf_name_collision;ddf_rowcount_bad
MO11447,ddf_name_collision;ddf_rowcount_bad
MO11448,ddf_name_collision;ddf_rowcount_bad
MO11449,ddf_name_collision;ddf_rowcount_bad
MO11451,ddf_name_collision;ddf_rowcount_bad
MO11456,ddf_name_collision;ddf_rowcount_bad
MO11457,ddf_name_collision;ddf_rowcount_bad
MO11458,ddf_name_collision;ddf_rowcount_bad
MO11459,ddf_name_collision;ddf_rowcount_bad
MO11460,ddf_name_collision;ddf_rowcount_bad
MO11463,ddf_name_collision;ddf_rowcount_bad
MO11464,ddf_name_collision;ddf_rowcount_bad
MO11471,ddf_name_collision;ddf_rowcount_bad
MO11473,ddf_name_collision;ddf_rowcount_bad
MO11478,ddf_name_collision;ddf_rowcount_bad
MO11479,ddf_name_collision;ddf_rowcount_bad
MO11483,ddf_name_collision;ddf_rowcount_bad
MO11487,ddf_name_collision;ddf_rowcount_bad
MO11494,ddf_name_collision;ddf_rowcount_bad
MO11496,ddf_name_collision;ddf_rowcount_bad
MO11509,ddf_name_collision;ddf_rowcount_bad
MO11513,ddf_name_collision;ddf_rowcount_bad
MO11515,ddf_name_collision;ddf_rowcount_bad
MO11517,ddf_name_collision;ddf_rowcount_bad
MO11519,ddf_name_collision;ddf_rowcount_bad
MO11523,ddf_name_collision;ddf_rowcount_bad
MO11524,ddf_name_collision;ddf_rowcount_bad
MO11528,ddf_name_collision;ddf_rowcount_bad
MO11530,ddf_name_collision;ddf_rowcount_bad
MO11532,ddf_name_collision;ddf_rowcount_bad
MO11535,ddf_name_collision;ddf_rowcount_bad
MO11536,ddf_name_collision;ddf_rowcount_bad
MO11540,ddf_name_collision;ddf_rowcount_bad
MO11548,ddf_name_collision;ddf_rowcount_bad
MO11559,ddf_name_collision;ddf_rowcount_bad
MO11565,ddf_name_collision;ddf_rowcount_bad
MO11566,ddf_name_collision;ddf_rowcount_bad
MO11567,ddf_name_collision;ddf_rowcount_bad
MO11568,ddf_name_collision;ddf_rowcount_bad
MO11581,ddf_name_collision;ddf_rowcount_bad
MO11585,ddf_name_collision;ddf_rowcount_bad
MO11594,ddf_name_collision;ddf_rowcount_bad
MO11598,ddf_name_collision;ddf_rowcount_bad
MO11607,ddf_name_collision;ddf_rowcount_bad
MO11608,ddf_name_collision;ddf_rowcount_bad
MO11615,ddf_name_collision;ddf_rowcount_bad
MO11616,ddf_name_collision;ddf_rowcount_bad
MO11625,ddf_name_collision;ddf_rowcount_bad
MO11626,ddf_name_collision;ddf_rowcount_bad
MO11631,ddf_name_collision;ddf_rowcount_bad
MO11635,ddf_name_collision;ddf_rowcount_bad
MO11645,ddf_name_collision;ddf_rowcount_bad
MO11650,ddf_name_collision;ddf_rowcount_bad
MO11656,ddf_name_collision;ddf_rowcount_bad
MO11662,ddf_name_collision;ddf_rowcount_bad
MO11663,ddf_name_collision;ddf_rowcount_bad
MO11664,ddf_name_collision;ddf_rowcount_bad
MO11665,ddf_name_collision;ddf_rowcount_bad
MO11676,ddf_name_collision;ddf_rowcount_bad
MO11678,ddf_name_collision;ddf_rowcount_bad
MO11681,ddf_name_collision;ddf_rowcount_bad
MO11693,ddf_name_collision;ddf_rowcount_bad
MO11697,ddf_name_collision;ddf_rowcount_bad
MO11709,ddf_name_collision;ddf_rowcount_bad
MO11710,ddf_name_collision;ddf_rowcount_bad
MO11716,ddf_name_collision;ddf_rowcount_bad
MO11722,ddf_name_collision;ddf_rowcount_bad
MO11725,ddf_name_collision;ddf_rowcount_bad
MO11740,ddf_name_collision;ddf_rowcount_bad
MO11752,ddf_name_collision;ddf_rowcount_bad
MO11753,ddf_name_collision;ddf_rowcount_bad
MO11757,ddf_name_collision;ddf_rowcount_bad
MO11759,ddf_name_collision;ddf_rowcount_bad
MO11763,ddf_name_collision;ddf_rowcount_bad
MO11766,ddf_name_collision;ddf_rowcount_bad
MO11776,ddf_name_collision;ddf_rowcount_bad
MO11782,ddf_name_collision;ddf_rowcount_bad
MO11789,ddf_name_collision;ddf_rowcount_bad
MO11793,ddf_name_collision;ddf_rowcount_bad
MO11794,ddf_name_collision;ddf_rowcount_bad
MO11801,ddf_name_collision;ddf_rowcount_bad
MO11805,ddf_name_collision;ddf_rowcount_bad
MO11807,ddf_name_collision;ddf_rowcount_bad
MO11808,ddf_name_collision;ddf_rowcount_bad
MO11810,ddf_name_collision;ddf_rowcount_bad
MO11813,ddf_name_collision;ddf_rowcount_bad
MO11818,ddf_name_collision;ddf_rowcount_bad
MO11819,ddf_name_collision;ddf_rowcount_bad
MO11822,ddf_name_collision;ddf_rowcount_bad
MO11831,ddf_name_collision;ddf_rowcount_bad
MO11832,ddf_name_collision;ddf_rowcount_bad
MO11833,ddf_name_collision;ddf_rowcount_bad
MO11839,ddf_name_collision;ddf_rowcount_bad
MO11845,ddf_name_collision;ddf_rowcount_bad
MO11846,ddf_name_collision;ddf_rowcount_bad
MO11850,ddf_name_collision;ddf_rowcount_bad
MO11851,ddf_name_collision;ddf_rowcount_bad
MO11863,ddf_name_collision;ddf_rowcount_bad
MO11865,ddf_name_collision;ddf_rowcount_bad
MO11874,ddf_name_collision;ddf_rowcount_bad
MO11876,ddf_name_collision;ddf_rowcount_bad
MO11877,ddf_name_collision;ddf_rowcount_bad
MO11880,ddf_name_collision;ddf_rowcount_bad
MO11881,ddf_name_collision;ddf_rowcount_bad
MO11882,ddf_name_collision;ddf_rowcount_bad
MO11889,ddf_name_collision;ddf_rowcount_bad
MO11893,ddf_name_collision;ddf_rowcount_bad
MO11905,ddf_name_collision;ddf_rowcount_bad
MO11906,ddf_name_collision;ddf_rowcount_bad
MO11918,ddf_name_collision;ddf_rowcount_bad
MO11930,ddf_name_collision;ddf_rowcount_bad
MO11931,ddf_name_collision;ddf_rowcount_bad
MO11955,ddf_name_collision;ddf_rowcount_bad
MO11975,ddf_name_collision;ddf_rowcount_bad
MO11987,ddf_name_collision;ddf_rowcount_bad
MO11988,ddf_name_collision;ddf_rowcount_bad
MO11996,ddf_name_collision;ddf_rowcount_bad
MO11998,ddf_name_collision;ddf_rowcount_bad
MO12003,ddf_name_collision;ddf_rowcount_bad
MO12009,ddf_name_collision;ddf_rowcount_bad
MO12011,ddf_name_collision;ddf_rowcount_bad
MO12015,ddf_name_collision;ddf_rowcount_bad
MO12028,ddf_name_collision;ddf_rowcount_bad
MO12044,ddf_name_collision;ddf_rowcount_bad
MO12046,ddf_name_collision;ddf_rowcount_bad
MO12056,ddf_name_collision;ddf_rowcount_bad
MO12070,ddf_name_collision;ddf_rowcount_bad
MO12073,ddf_name_collision;ddf_rowcount_bad
MO12084,ddf_name_collision;synthetic_purged_rerun_ok;tail_sensitivity_lost_name_collision
MO12089,ddf_name_collision;ddf_rowcount_bad
MO12100,ddf_name_collision;ddf_rowcount_bad
MO12140,ddf_name_collision;ddf_rowcount_bad
MO12194,ddf_name_collision;ddf_rowcount_bad;tail_sensitivity_lost_name_collision
MO12204,ddf_name_collision;ddf_rowcount_bad
MO12207,ddf_name_collision;ddf_rowcount_bad
MO12213,ddf_name_collision;ddf_rowcount_bad;tail_sensitivity_lost_name_collision
MO12216,ddf_name_collision;ddf_rowcount_bad
MO12220,ddf_name_collision;ddf_rowcount_bad;tail_sensitivity_lost_name_collision
MO12238,ddf_name_collision;ddf_rowcount_bad;tail_sensitivity_lost_name_collision
MO12255,ddf_name_collision;ddf_rowcount_bad
MO12256,ddf_name_collision;ddf_rowcount_bad
MO12257,ddf_name_collision;ddf_rowcount_bad
MO12289,ddf_name_collision;ddf_rowcount_bad
MO12305,ddf_name_collision;ddf_rowcount_bad
MO12338,ddf_name_collision;ddf_rowcount_bad
MO12373,ddf_name_collision;ddf_rowcount_bad
MO12374,ddf_name_collision;ddf_rowcount_bad;tail_sensitivity_lost_name_collision
MO12381,ddf_name_collision;ddf_rowcount_bad;tail_sensitivity_lost_name_collision
MO12396,ddf_name_collision;ddf_rowcount_bad;tail_sensitivity_lost_name_collision
MO12402,ddf_name_collision;ddf_rowcount_bad
MO12404,ddf_name_collision;ddf_rowcount_bad
MO12416,ddf_name_collision;ddf_rowcount_bad
MO12418,ddf_name_collision;ddf_rowcount_bad;tail_sensitivity_lost_name_collision
MO20001,ddf_name_collision;ddf_rowcount_bad
MO20002,ddf_name_collision;tail_sensitivity_lost_name_collision
MO20008,ddf_name_collision;ddf_rowcount_bad
MO20011,ddf_name_collision;ddf_rowcount_bad
MO20017,ddf_name_collision;ddf_rowcount_bad
MO20018,ddf_name_collision;ddf_rowcount_bad
MO20026,ddf_name_collision;ddf_rowcount_bad
MO20036,ddf_name_collision;ddf_rowcount_bad
MO20037,ddf_name_collision;ddf_rowcount_bad
MO20038,ddf_name_collision;ddf_rowcount_bad;tail_sensitivity_lost_name_collision
MO20048,ddf_name_collision;ddf_rowcount_bad
MO20053,ddf_name_collision;ddf_rowcount_bad
MO20055,ddf_name_collision;ddf_rowcount_bad
MO20078,ddf_name_collision;ddf_rowcount_bad;tail_sensitivity_lost_name_collision
MO20079,ddf_name_collision;ddf_rowcount_bad
MO20091,ddf_name_collision;ddf_rowcount_bad
MO20112,ddf_name_collision;ddf_rowcount_bad
MO20113,ddf_name_collision;ddf_rowcount_bad
MO20122,ddf_name_collision;ddf_rowcount_bad
MO20123,ddf_name_collision;ddf_rowcount_bad
MO20132,ddf_name_collision;ddf_rowcount_bad
MO20135,ddf_name_collision;ddf_rowcount_bad
MO20148,ddf_name_collision
MO20149,ddf_name_collision;ddf_rowcount_bad
MO20167,ddf_name_collision;ddf_rowcount_bad
MO20168,ddf_name_collision;ddf_rowcount_bad
MO20178,ddf_name_collision;ddf_rowcount_bad
MO20180,ddf_name_collision;ddf_rowcount_bad
MO20182,ddf_name_collision;ddf_rowcount_bad;tail_sensitivity_lost_name_collision
MO20189,ddf_name_collision;ddf_rowcount_bad
MO20202,ddf_name_collision;ddf_rowcount_bad
MO20211,ddf_name_collision;ddf_rowcount_bad
MO20224,ddf_name_collision;ddf_rowcount_bad
MO20233,ddf_name_collision;ddf_rowcount_bad
MO20235,ddf_name_collision;ddf_rowcount_bad
MO20238,ddf_name_collision;ddf_rowcount_bad
MO20244,ddf_name_collision;ddf_rowcount_bad;tail_sensitivity_lost_name_collision
MO20254,ddf_name_collision;ddf_rowcount_bad
MO20259,ddf_name_collision;ddf_rowcount_bad
MO20260,ddf_name_collision;ddf_rowcount_bad
MO20267,ddf_name_collision;ddf_rowcount_bad
MO20296,ddf_name_collision;ddf_rowcount_bad
MO20310,ddf_name_collision;ddf_rowcount_bad
MO20311,ddf_name_collision;ddf_rowcount_bad
MO20314,ddf_name_collision;ddf_rowcount_bad;tail_sensitivity_lost_name_collision
MO20315,ddf_name_collision;ddf_rowcount_bad
MO20316,ddf_name_collision;ddf_rowcount_bad
MO20321,ddf_name_collision;ddf_rowcount_bad
MO20326,ddf_name_collision;ddf_rowcount_bad
MO20354,ddf_name_collision;ddf_rowcount_bad;tail_sensitivity_lost_name_collision
MO20381,ddf_name_collision;ddf_rowcount_bad
MO20383,ddf_name_collision;ddf_rowcount_bad
MO20384,ddf_name_collision;ddf_rowcount_bad;tail_sensitivity_lost_name_collision
MO20385,ddf_name_collision;ddf_rowcount_bad
MO20386,ddf_name_collision;ddf_rowcount_bad
MO20394,ddf_name_collision;ddf_rowcount_bad;tail_sensitivity_lost_name_collision
MO20401,ddf_name_collision;ddf_rowcount_bad
MO20404,ddf_name_collision;ddf_rowcount_bad
MO20408,ddf_name_collision;ddf_rowcount_bad
MO20409,ddf_name_collision;ddf_rowcount_bad;tail_sensitivity_lost_name_collision
MO20416,ddf_name_collision;ddf_rowcount_bad
MO20417,ddf_name_collision;ddf_rowcount_bad
MO20424,ddf_name_collision;ddf_rowcount_bad
MO20429,ddf_name_collision;ddf_rowcount_bad
MO20433,ddf_name_collision;ddf_rowcount_bad
MO20436,ddf_name_collision;ddf_rowcount_bad
MO20437,ddf_name_collision;ddf_rowcount_bad
MO20440,ddf_name_collision;ddf_rowcount_bad
MO20445,ddf_name_collision;ddf_rowcount_bad
MO20447,ddf_name_collision;ddf_rowcount_bad;tail_sensitivity_lost_name_collision
MO20448,ddf_name_collision;ddf_rowcount_bad
MO20454,ddf_name_collision;ddf_rowcount_bad
MO20458,ddf_name_collision;ddf_rowcount_bad
MO20465,ddf_name_collision;ddf_rowcount_bad
MO20466,ddf_name_collision;ddf_rowcount_bad
MO20470,ddf_name_collision;ddf_rowcount_bad
MO20472,ddf_name_collision;ddf_rowcount_bad
MO20474,ddf_name_collision;ddf_rowcount_bad
MO20480,ddf_name_collision;ddf_rowcount_bad
MO20482,ddf_name_collision;ddf_rowcount_bad
MO20486,ddf_name_collision;ddf_rowcount_bad
MO20492,ddf_name_collision;ddf_rowcount_bad
MO20495,ddf_name_collision;ddf_rowcount_bad
MO20506,ddf_name_collision;ddf_rowcount_bad
MO20519,ddf_name_collision;ddf_rowcount_bad
MO20536,ddf_name_collision;ddf_rowcount_bad
MO20543,ddf_name_collision;ddf_rowcount_bad
MO20548,ddf_name_collision;ddf_rowcount_bad
MO20553,ddf_name_collision;ddf_rowcount_bad
MO20556,ddf_name_collision;ddf_rowcount_bad
MO20558,ddf_name_collision;ddf_rowcount_bad;tail_sensitivity_lost_name_collision
MO20559,ddf_name_collision;ddf_rowcount_bad
MO20562,ddf_name_collision;ddf_rowcount_bad
MO20565,ddf_name_collision;ddf_rowcount_bad
MO20567,ddf_name_collision;ddf_rowcount_bad
MO20570,ddf_name_collision;ddf_rowcount_bad;tail_sensitivity_lost_name_collision
MO20583,ddf_name_collision;ddf_rowcount_bad
MO20587,ddf_name_collision;ddf_rowcount_bad;tail_sensitivity_lost_name_collision
MO20588,ddf_name_collision;ddf_rowcount_bad
MO20590,ddf_name_collision;ddf_rowcount_bad
MO20593,ddf_name_collision
MO20594,ddf_name_collision;ddf_rowcount_bad
MO20596,ddf_name_collision;ddf_rowcount_bad
MO20597,ddf_name_collision;ddf_rowcount_bad
MO20603,ddf_name_collision;ddf_rowcount_bad
MO20616,ddf_name_collision;ddf_rowcount_bad
MO20643,ddf_name_collision;ddf_rowcount_bad
MO20648,ddf_name_collision;ddf_rowcount_bad
MO20649,ddf_name_collision;ddf_rowcount_bad
MO20653,ddf_name_collision;ddf_rowcount_bad
MO20669,ddf_name_collision;ddf_rowcount_bad
MO20680,ddf_name_collision;ddf_rowcount_bad
MO20681,ddf_name_collision;ddf_rowcount_bad
MO20682,ddf_name_collision;ddf_rowcount_bad
MO20708,ddf_name_collision;ddf_rowcount_bad
MO20714,ddf_name_collision;ddf_rowcount_bad
MO20716,ddf_name_collision;ddf_rowcount_bad
MO20725,narrow_elevation_band;old_manifest_vintage;pre_centralization_no_aux;synthetic_cloud_unauditable
MO20727,ddf_name_collision;ddf_rowcount_bad
MO20728,ddf_name_collision;ddf_rowcount_bad
MO20776,ddf_name_collision;ddf_rowcount_bad
MO20778,ddf_name_collision;ddf_rowcount_bad
MO20809,ddf_name_collision;ddf_rowcount_bad
MO30001,ddf_name_collision;tail_sensitivity_lost_name_collision
MO30003,ddf_name_collision;ddf_rowcount_bad
MO30006,ddf_name_collision;ddf_rowcount_bad;tail_sensitivity_lost_name_collision
MO30013,ddf_name_collision;ddf_rowcount_bad
MO30014,ddf_name_collision;ddf_rowcount_bad;narrow_elevation_band;old_manifest_vintage;pre_centralization_no_aux;synthetic_cloud_unauditable
MO30015,ddf_name_collision;ddf_rowcount_bad
MO30016,ddf_name_collision;ddf_rowcount_bad
MO30024,ddf_name_collision;ddf_rowcount_bad
MO30035,ddf_name_collision;ddf_rowcount_bad
MO30036,ddf_name_collision;ddf_rowcount_bad;tail_sensitivity_lost_name_collision
MO30043,ddf_name_collision;ddf_rowcount_bad
MO30044,ddf_name_collision;ddf_rowcount_bad
MO30049,ddf_name_collision;ddf_rowcount_bad
MO30051,ddf_name_collision;tail_sensitivity_lost_name_collision
MO30065,ddf_name_collision;ddf_rowcount_bad
MO30069,ddf_name_collision
MO30070,ddf_name_collision;ddf_rowcount_bad
MO30075,ddf_name_collision;ddf_rowcount_bad
MO30077,ddf_name_collision;ddf_rowcount_bad
MO30085,ddf_name_collision;ddf_rowcount_bad
MO30086,ddf_name_collision;ddf_rowcount_bad;tail_sensitivity_lost_name_collision
MO30087,ddf_name_collision;ddf_rowcount_bad;tail_sensitivity_lost_name_collision
MO30089,ddf_name_collision;ddf_rowcount_bad
MO30092,ddf_name_collision;ddf_rowcount_bad
MO30098,ddf_name_collision;ddf_rowcount_bad
MO30101,ddf_name_collision;ddf_rowcount_bad;tail_sensitivity_lost_name_collision
MO30104,ddf_name_collision;ddf_rowcount_bad
MO30105,ddf_name_collision;ddf_rowcount_bad;tail_sensitivity_lost_name_collision
MO30109,ddf_name_collision;tail_sensitivity_lost_name_collision
MO30132,ddf_name_collision;ddf_rowcount_bad
MO30136,ddf_name_collision;ddf_rowcount_bad
MO30137,ddf_name_collision;ddf_rowcount_bad
MO30145,ddf_name_collision;ddf_rowcount_bad
MO30154,ddf_name_collision;ddf_rowcount_bad
MO30158,ddf_name_collision;ddf_rowcount_bad
MO30169,ddf_name_collision;ddf_rowcount_bad;tail_sensitivity_lost_name_collision
MO30172,ddf_name_collision;ddf_rowcount_bad
MO30176,ddf_name_collision;ddf_rowcount_bad
MO30182,ddf_name_collision;ddf_rowcount_bad
MO30188,ddf_name_collision;ddf_rowcount_bad;tail_sensitivity_lost_name_collision
MO30194,ddf_name_collision;ddf_rowcount_bad
MO30200,ddf_name_collision;narrow_elevation_band;old_manifest_vintage;pre_centralization_no_aux;synthetic_cloud_unauditable;tail_sensitivity_lost_name_collision
MO30201,narrow_elevation_band;old_manifest_vintage;pre_centralization_no_aux;synthetic_cloud_unauditable
MO30202,narrow_elevation_band;old_manifest_vintage;pre_centralization_no_aux;synthetic_cloud_unauditable
MO30203,narrow_elevation_band;old_manifest_vintage;pre_centralization_no_aux;synthetic_cloud_unauditable
MO30204,narrow_elevation_band;old_manifest_vintage;pre_centralization_no_aux;synthetic_cloud_unauditable
MO30205,ddf_name_collision;tail_sensitivity_lost_name_collision
MO30219,ddf_name_collision;tail_sensitivity_lost_name_collision
MO30225,ddf_name_collision;ddf_rowcount_bad
MO30226,ddf_name_collision;ddf_rowcount_bad
MO30235,ddf_name_collision
MO30238,ddf_name_collision;ddf_rowcount_bad
MO30239,ddf_name_collision;ddf_rowcount_bad
MO30246,ddf_name_collision;ddf_rowcount_bad
MO30255,ddf_name_collision;ddf_rowcount_bad
MO30259,ddf_name_collision;ddf_rowcount_bad
MO30260,ddf_name_collision;ddf_rowcount_bad
MO30268,ddf_name_collision;ddf_rowcount_bad;tail_sensitivity_lost_name_collision
MO30269,ddf_name_collision;ddf_rowcount_bad
MO30272,ddf_name_collision;ddf_rowcount_bad
MO30273,ddf_name_collision;ddf_rowcount_bad
MO30292,ddf_name_collision;ddf_rowcount_bad
MO30303,ddf_name_collision;ddf_rowcount_bad
MO30304,ddf_name_collision;ddf_rowcount_bad
MO30307,ddf_name_collision
MO30310,ddf_name_collision;ddf_rowcount_bad
MO30313,ddf_name_collision
MO30317,ddf_name_collision;ddf_rowcount_bad
MO30366,ddf_name_collision;ddf_rowcount_bad
MO30367,ddf_name_collision;ddf_rowcount_bad
MO30374,ddf_name_collision;ddf_rowcount_bad
MO30384,ddf_name_collision;ddf_rowcount_bad
MO30391,ddf_name_collision;ddf_rowcount_bad
MO30392,ddf_name_collision;ddf_rowcount_bad;tail_sensitivity_lost_name_collision
MO30394,ddf_name_collision;ddf_rowcount_bad
MO30396,ddf_name_collision;ddf_rowcount_bad
MO30397,ddf_name_collision;ddf_rowcount_bad
MO30398,ddf_name_collision;ddf_rowcount_bad
MO30401,ddf_name_collision;ddf_rowcount_bad
MO30405,ddf_name_collision;ddf_rowcount_bad
MO30409,ddf_name_collision;ddf_rowcount_bad
MO30410,ddf_name_collision;ddf_rowcount_bad
MO30413,ddf_name_collision;ddf_rowcount_bad
MO30415,ddf_name_collision;ddf_rowcount_bad
MO30417,ddf_name_collision;ddf_rowcount_bad
MO30418,ddf_name_collision;ddf_rowcount_bad
MO30425,ddf_name_collision
MO30426,ddf_name_collision;ddf_rowcount_bad;tail_sensitivity_lost_name_collision
MO30427,ddf_name_collision;ddf_rowcount_bad
MO30433,ddf_name_collision;ddf_rowcount_bad;tail_sensitivity_lost_name_collision
MO30435,ddf_name_collision;ddf_rowcount_bad
MO30437,ddf_name_collision;ddf_rowcount_bad;tail_sensitivity_lost_name_collision
MO30441,ddf_name_collision;ddf_rowcount_bad
MO30446,ddf_name_collision;ddf_rowcount_bad
MO30447,ddf_name_collision;ddf_rowcount_bad
MO30454,ddf_name_collision;ddf_rowcount_bad
MO30456,ddf_name_collision;ddf_rowcount_bad
MO30462,ddf_name_collision;ddf_rowcount_bad
MO30466,ddf_name_collision;ddf_rowcount_bad
MO30467,ddf_name_collision;ddf_rowcount_bad
MO30470,ddf_name_collision;ddf_rowcount_bad
MO30484,ddf_name_collision;ddf_rowcount_bad
MO30486,ddf_name_collision;tail_sensitivity_lost_name_collision
MO30487,ddf_name_collision;ddf_rowcount_bad
MO30488,ddf_name_collision;ddf_rowcount_bad
MO30494,ddf_name_collision;ddf_rowcount_bad
MO30504,ddf_name_collision;ddf_rowcount_bad
MO30518,ddf_name_collision
MO30519,ddf_name_collision
MO30522,ddf_name_collision
MO30523,ddf_name_collision;ddf_rowcount_bad
MO30527,ddf_name_collision;ddf_rowcount_bad;tail_sensitivity_lost_name_collision
MO30542,ddf_name_collision;tail_sensitivity_lost_name_collision
MO30544,ddf_name_collision;ddf_rowcount_bad
MO30547,ddf_name_collision;tail_sensitivity_lost_name_collision
MO30554,ddf_name_collision
MO30558,ddf_name_collision;tail_sensitivity_lost_name_collision
MO30566,ddf_name_collision;ddf_rowcount_bad
MO30568,ddf_name_collision;ddf_rowcount_bad;tail_sensitivity_lost_name_collision
MO30569,ddf_name_collision;tail_sensitivity_lost_name_collision
MO30570,ddf_name_collision;ddf_rowcount_bad
MO30571,ddf_name_collision;ddf_rowcount_bad
MO30572,ddf_name_collision;ddf_rowcount_bad
MO30573,ddf_name_collision;ddf_rowcount_bad
MO30582,ddf_name_collision;ddf_rowcount_bad
MO30585,ddf_name_collision;ddf_rowcount_bad
MO30587,ddf_name_collision;ddf_rowcount_bad
MO30596,ddf_name_collision;ddf_rowcount_bad
MO30601,ddf_name_collision;ddf_rowcount_bad
MO30614,ddf_name_collision;ddf_rowcount_bad
MO30641,ddf_name_collision;ddf_rowcount_bad;tail_sensitivity_lost_name_collision
MO30650,ddf_name_collision;ddf_rowcount_bad
MO30656,ddf_name_collision;ddf_rowcount_bad
MO30657,ddf_name_collision;ddf_rowcount_bad
MO30667,ddf_name_collision;ddf_rowcount_bad
MO30670,ddf_name_collision;ddf_rowcount_bad
MO30671,ddf_name_collision;ddf_rowcount_bad
MO30683,ddf_name_collision;ddf_rowcount_bad
MO30688,ddf_name_collision;ddf_rowcount_bad
MO30695,ddf_name_collision;ddf_rowcount_bad
MO30703,ddf_name_collision;ddf_rowcount_bad
MO30723,ddf_name_collision;ddf_rowcount_bad
MO30725,ddf_name_collision;ddf_rowcount_bad
MO30744,ddf_name_collision;ddf_rowcount_bad
MO30751,ddf_name_collision;ddf_rowcount_bad
MO30757,ddf_name_collision;tail_sensitivity_lost_name_collision
MO30767,ddf_name_collision;ddf_rowcount_bad
MO30770,ddf_name_collision;ddf_rowcount_bad
MO30778,ddf_name_collision;ddf_rowcount_bad
MO30782,ddf_name_collision;ddf_rowcount_bad
MO30789,ddf_name_collision;ddf_rowcount_bad
MO30790,ddf_name_collision;ddf_rowcount_bad
MO30792,ddf_name_collision;ddf_rowcount_bad
MO30800,ddf_name_collision;ddf_rowcount_bad
MO30805,ddf_name_collision;ddf_rowcount_bad
MO30807,ddf_name_collision;ddf_rowcount_bad
MO30826,ddf_name_collision;ddf_rowcount_bad
MO30833,ddf_name_collision
MO30839,ddf_name_collision;tail_sensitivity_lost_name_collision
MO30843,ddf_name_collision;ddf_rowcount_bad
MO30855,ddf_name_collision;ddf_rowcount_bad
MO30864,ddf_name_collision;ddf_rowcount_bad
MO30867,ddf_name_collision;ddf_rowcount_bad
MO30870,ddf_name_collision;ddf_rowcount_bad
MO30903,ddf_name_collision;ddf_rowcount_bad
MO30906,ddf_name_collision;ddf_rowcount_bad
MO30914,ddf_name_collision;ddf_rowcount_bad
MO30977,ddf_name_collision;ddf_rowcount_bad
MO30983,ddf_name_collision;ddf_rowcount_bad
MO30987,ddf_name_collision;ddf_rowcount_bad
MO31000,ddf_name_collision;ddf_rowcount_bad
MO31002,ddf_name_collision;ddf_rowcount_bad
MO31005,ddf_name_collision;ddf_rowcount_bad
MO31018,ddf_name_collision;ddf_rowcount_bad
MO31022,ddf_name_collision;ddf_rowcount_bad
MO31025,ddf_name_collision;ddf_rowcount_bad
MO31029,ddf_name_collision;ddf_rowcount_bad
MO31038,ddf_name_collision;ddf_rowcount_bad
MO31043,ddf_name_collision;ddf_rowcount_bad
MO31045,ddf_name_collision;ddf_rowcount_bad
MO31049,ddf_name_collision;ddf_rowcount_bad
MO31062,ddf_name_collision;ddf_rowcount_bad
MO31064,ddf_name_collision;ddf_rowcount_bad
MO31067,ddf_name_collision;ddf_rowcount_bad
MO31068,ddf_name_collision;ddf_rowcount_bad
MO31076,ddf_name_collision;ddf_rowcount_bad
MO31079,ddf_name_collision
MO31100,ddf_name_collision;ddf_rowcount_bad;tail_sensitivity_lost_name_collision
MO31110,ddf_name_collision;ddf_rowcount_bad;tail_sensitivity_lost_name_collision
MO31130,ddf_name_collision;ddf_rowcount_bad
MO31136,ddf_name_collision;ddf_rowcount_bad
MO31137,ddf_name_collision;ddf_rowcount_bad
MO31143,ddf_name_collision;ddf_rowcount_bad
MO31149,ddf_name_collision;ddf_rowcount_bad
MO31156,ddf_name_collision;ddf_rowcount_bad
MO31166,ddf_name_collision;ddf_rowcount_bad
MO31180,ddf_name_collision;ddf_rowcount_bad
MO31185,ddf_name_collision;ddf_rowcount_bad
MO31193,ddf_name_collision;ddf_rowcount_bad
MO31205,ddf_name_collision;ddf_rowcount_bad
MO31223,ddf_name_collision;ddf_rowcount_bad
MO31235,ddf_name_collision;ddf_rowcount_bad
MO31248,ddf_name_collision;ddf_rowcount_bad
MO31251,ddf_name_collision;ddf_rowcount_bad
MO31253,ddf_name_collision;ddf_rowcount_bad;tail_sensitivity_lost_name_collision
MO31263,ddf_name_collision;ddf_rowcount_bad
MO31268,ddf_name_collision;ddf_rowcount_bad
MO31269,ddf_name_collision;ddf_rowcount_bad
MO31279,ddf_name_collision;ddf_rowcount_bad
MO31286,ddf_name_collision;ddf_rowcount_bad
MO31302,ddf_name_collision;ddf_rowcount_bad
MO31311,ddf_name_collision;ddf_rowcount_bad
MO31313,ddf_name_collision;ddf_rowcount_bad
MO31314,ddf_name_collision;ddf_rowcount_bad
MO31318,ddf_name_collision;ddf_rowcount_bad
MO31333,ddf_name_collision;ddf_rowcount_bad
MO31339,ddf_name_collision;ddf_rowcount_bad
MO31346,ddf_name_collision;ddf_rowcount_bad
MO31349,ddf_name_collision;ddf_rowcount_bad
MO31350,ddf_name_collision;ddf_rowcount_bad
MO31358,ddf_name_collision;ddf_rowcount_bad;tail_sensitivity_lost_name_collision
MO31360,ddf_name_collision;ddf_rowcount_bad
MO31362,ddf_name_collision;ddf_rowcount_bad
MO31375,ddf_name_collision;ddf_rowcount_bad
MO31380,ddf_name_collision;ddf_rowcount_bad
MO31384,ddf_name_collision;ddf_rowcount_bad
MO31387,ddf_name_collision;ddf_rowcount_bad
MO31396,ddf_name_collision;ddf_rowcount_bad
MO31400,ddf_name_collision;ddf_rowcount_bad
MO31415,ddf_name_collision;ddf_rowcount_bad
MO31436,ddf_name_collision;ddf_rowcount_bad
MO31443,ddf_name_collision;ddf_rowcount_bad
MO31452,ddf_name_collision;ddf_rowcount_bad
MO31460,ddf_name_collision;ddf_rowcount_bad
MO31461,ddf_name_collision;ddf_rowcount_bad
MO31464,ddf_name_collision;ddf_rowcount_bad;tail_sensitivity_lost_name_collision
MO31466,ddf_name_collision;ddf_rowcount_bad
MO31472,ddf_name_collision;ddf_rowcount_bad
MO31474,ddf_name_collision;ddf_rowcount_bad
MO31479,ddf_name_collision;ddf_rowcount_bad
MO31483,ddf_name_collision;ddf_rowcount_bad
MO31484,ddf_name_collision;ddf_rowcount_bad
MO31490,ddf_name_collision;ddf_rowcount_bad
MO31491,ddf_name_collision;ddf_rowcount_bad
MO31495,ddf_name_collision;ddf_rowcount_bad
MO31496,ddf_name_collision;ddf_rowcount_bad
MO31498,ddf_name_collision;ddf_rowcount_bad
MO31504,ddf_name_collision;ddf_rowcount_bad
MO31506,ddf_name_collision;ddf_rowcount_bad
MO31507,ddf_name_collision;ddf_rowcount_bad
MO31509,ddf_name_collision;ddf_rowcount_bad
MO31510,ddf_name_collision;ddf_rowcount_bad
MO31519,ddf_name_collision;ddf_rowcount_bad
MO31529,ddf_name_collision;ddf_rowcount_bad
MO31530,ddf_name_collision;ddf_rowcount_bad
MO31534,ddf_name_collision;ddf_rowcount_bad
MO31537,ddf_name_collision;ddf_rowcount_bad
MO31539,ddf_name_collision;ddf_rowcount_bad
MO31546,ddf_name_collision;ddf_rowcount_bad
MO31565,ddf_name_collision;ddf_rowcount_bad
MO31568,ddf_name_collision;ddf_rowcount_bad
MO31578,ddf_name_collision;ddf_rowcount_bad
MO31579,ddf_name_collision;ddf_rowcount_bad
MO31580,ddf_name_collision;ddf_rowcount_bad
MO31594,ddf_name_collision;ddf_rowcount_bad
MO31600,ddf_name_collision;ddf_rowcount_bad
MO31603,ddf_name_collision;ddf_rowcount_bad
MO31625,ddf_name_collision;ddf_rowcount_bad
MO31634,ddf_name_collision;ddf_rowcount_bad
MO31645,ddf_name_collision;ddf_rowcount_bad
MO31648,ddf_name_collision;ddf_rowcount_bad
MO31655,ddf_name_collision
MO31656,ddf_name_collision;ddf_rowcount_bad
MO31657,ddf_name_collision;ddf_rowcount_bad
MO31672,ddf_name_collision;ddf_rowcount_bad
MO31675,ddf_name_collision;ddf_rowcount_bad
MO31676,ddf_name_collision;ddf_rowcount_bad
MO31677,ddf_name_collision;ddf_rowcount_bad
MO31680,ddf_name_collision;ddf_rowcount_bad
MO31684,ddf_name_collision;ddf_rowcount_bad
MO31691,ddf_name_collision;ddf_rowcount_bad
MO31693,ddf_name_collision;ddf_rowcount_bad
MO31706,ddf_name_collision;ddf_rowcount_bad
MO31709,ddf_name_collision;ddf_rowcount_bad
MO31716,ddf_name_collision;ddf_rowcount_bad
MO31720,ddf_name_collision;ddf_rowcount_bad
MO31721,ddf_name_collision;ddf_rowcount_bad
MO31725,ddf_name_collision;ddf_rowcount_bad
MO31745,ddf_name_collision;ddf_rowcount_bad
MO31747,ddf_name_collision;ddf_rowcount_bad
MO31751,ddf_name_collision;ddf_rowcount_bad
MO31766,ddf_name_collision;ddf_rowcount_bad
MO31771,ddf_name_collision;ddf_rowcount_bad
MO31772,ddf_name_collision;ddf_rowcount_bad
MO31809,ddf_name_collision;ddf_rowcount_bad
MO31836,ddf_name_collision;ddf_rowcount_bad
MO31837,ddf_name_collision;ddf_rowcount_bad;tail_sensitivity_lost_name_collision
MO31838,ddf_name_collision;ddf_rowcount_bad
MO31840,ddf_name_collision;ddf_rowcount_bad
MO31846,ddf_name_collision;ddf_rowcount_bad
MO31848,ddf_name_collision;ddf_rowcount_bad
MO31850,ddf_name_collision;ddf_rowcount_bad;tail_sensitivity_lost_name_collision
MO31851,ddf_name_collision;ddf_rowcount_bad;tail_sensitivity_lost_name_collision
MO31856,ddf_name_collision;ddf_rowcount_bad
MO31859,ddf_name_collision;ddf_rowcount_bad
MO31866,ddf_name_collision;ddf_rowcount_bad
MO31872,ddf_name_collision;ddf_rowcount_bad
MO31873,ddf_name_collision;ddf_rowcount_bad
MO31876,ddf_name_collision;ddf_rowcount_bad
MO31877,ddf_name_collision;ddf_rowcount_bad
MO31878,ddf_name_collision;ddf_rowcount_bad
MO31879,ddf_name_collision;ddf_rowcount_bad
MO31880,ddf_name_collision;ddf_rowcount_bad
MO31882,ddf_name_collision
MO31887,ddf_name_collision;tail_sensitivity_lost_name_collision
MO31889,ddf_name_collision;ddf_rowcount_bad
MO31895,ddf_name_collision;ddf_rowcount_bad
MO31910,ddf_name_collision;ddf_rowcount_bad
MO31944,ddf_name_collision;ddf_rowcount_bad
MO31948,ddf_name_collision;ddf_rowcount_bad
MO31958,ddf_name_collision;ddf_rowcount_bad;tail_sensitivity_lost_name_collision
MO31964,ddf_name_collision;ddf_rowcount_bad
MO31983,ddf_name_collision;ddf_rowcount_bad
MO31992,ddf_name_collision;ddf_rowcount_bad
MO31999,ddf_name_collision;ddf_rowcount_bad
MO32057,ddf_name_collision;ddf_rowcount_bad
MO32058,ddf_name_collision;ddf_rowcount_bad;tail_sensitivity_lost_name_collision
MO32060,ddf_name_collision;ddf_rowcount_bad
MO32063,ddf_name_collision;ddf_rowcount_bad
MO32076,ddf_name_collision;ddf_rowcount_bad
MO40010,ddf_name_collision;ddf_rowcount_bad
MO40034,ddf_name_collision;ddf_rowcount_bad
MO40036,ddf_name_collision;ddf_rowcount_bad
MO40069,ddf_name_collision;ddf_rowcount_bad
MO40085,ddf_name_collision;ddf_rowcount_bad
MO40108,ddf_name_collision;ddf_rowcount_bad
MO40110,ddf_name_collision;ddf_rowcount_bad
MO40112,ddf_name_collision;ddf_rowcount_bad
MO40117,ddf_name_collision;ddf_rowcount_bad
MO40178,ddf_name_collision;ddf_rowcount_bad
MO50005,ddf_name_collision;ddf_rowcount_bad
MO50018,ddf_name_collision;ddf_rowcount_bad
MO50019,ddf_name_collision;ddf_rowcount_bad
MO50034,ddf_name_collision;ddf_rowcount_bad
MO50041,ddf_name_collision;ddf_rowcount_bad
MO50046,ddf_name_collision;ddf_rowcount_bad
MO50047,ddf_name_collision;ddf_rowcount_bad
MO50049,ddf_name_collision;ddf_rowcount_bad
MO50050,ddf_name_collision;ddf_rowcount_bad
MO50051,ddf_name_collision;ddf_rowcount_bad
MO50067,ddf_name_collision;ddf_rowcount_bad
MO50068,ddf_name_collision;ddf_rowcount_bad
MO50070,ddf_name_collision;ddf_rowcount_bad
MO50109,ddf_name_collision;ddf_rowcount_bad
MO50141,ddf_name_collision;ddf_rowcount_bad
MO50158,ddf_name_collision;ddf_rowcount_bad
MO50159,ddf_name_collision;ddf_rowcount_bad
MO50163,ddf_name_collision;ddf_rowcount_bad
MO50170,ddf_name_collision;ddf_rowcount_bad
MO50171,ddf_name_collision;ddf_rowcount_bad
MO50189,ddf_name_collision;ddf_rowcount_bad
MO50193,ddf_name_collision;ddf_rowcount_bad
MO50195,ddf_name_collision;ddf_rowcount_bad
MO50203,ddf_name_collision;ddf_rowcount_bad
MO50205,ddf_name_collision;ddf_rowcount_bad
MO50207,ddf_name_collision;ddf_rowcount_bad
MO50209,ddf_name_collision;ddf_rowcount_bad
MO50210,ddf_name_collision;ddf_rowcount_bad
MO50213,ddf_name_collision;ddf_rowcount_bad
MO50215,ddf_name_collision;ddf_rowcount_bad
MO50216,ddf_name_collision;ddf_rowcount_bad
MO50266,ddf_name_collision;ddf_rowcount_bad
MO50279,ddf_name_collision;ddf_rowcount_bad
MO50323,ddf_name_collision;ddf_rowcount_bad
MO50324,ddf_name_collision;ddf_rowcount_bad
MO50330,ddf_name_collision;ddf_rowcount_bad
MO50343,ddf_name_collision;ddf_rowcount_bad
MO50354,ddf_name_collision;ddf_rowcount_bad
MO50368,ddf_name_collision;ddf_rowcount_bad
MO50369,ddf_name_collision;ddf_rowcount_bad
MO50389,ddf_name_collision;ddf_rowcount_bad
MO50422,ddf_name_collision;ddf_rowcount_bad
MO50430,ddf_name_collision;ddf_rowcount_bad
MO50456,ddf_name_collision;ddf_rowcount_bad
MO50469,ddf_name_collision;ddf_rowcount_bad
MO50532,ddf_name_collision;ddf_rowcount_bad
MO50533,ddf_name_collision;ddf_rowcount_bad
MO50535,ddf_name_collision;ddf_rowcount_bad
MO50536,ddf_name_collision;ddf_rowcount_bad
MO50537,ddf_name_collision;ddf_rowcount_bad
MO50538,ddf_name_collision;ddf_rowcount_bad
MO50539,ddf_name_collision;ddf_rowcount_bad
MO50540,ddf_name_collision;ddf_rowcount_bad
MO50541,ddf_name_collision;ddf_rowcount_bad
MO50543,ddf_name_collision;ddf_rowcount_bad
MO50544,ddf_name_collision;ddf_rowcount_bad
MO50545,ddf_name_collision;ddf_rowcount_bad
MO50547,ddf_name_collision;ddf_rowcount_bad
MO50548,ddf_name_collision;ddf_rowcount_bad
MO50553,ddf_name_collision;ddf_rowcount_bad
MO50555,ddf_name_collision;ddf_rowcount_bad
MO50556,ddf_name_collision;ddf_rowcount_bad
MO50557,ddf_name_collision;ddf_rowcount_bad
MO50558,ddf_name_collision;ddf_rowcount_bad
MO50559,ddf_name_collision;ddf_rowcount_bad
MO50561,ddf_name_collision;ddf_rowcount_bad
MO50568,ddf_name_collision;ddf_rowcount_bad
MO50617,ddf_name_collision;ddf_rowcount_bad
MO50618,ddf_name_collision;ddf_rowcount_bad
MO50620,ddf_name_collision;ddf_rowcount_bad
MO50622,ddf_name_collision;ddf_rowcount_bad
MO50628,ddf_name_collision;ddf_rowcount_bad
MO50630,ddf_name_collision;ddf_rowcount_bad
MO50631,ddf_name_collision;ddf_rowcount_bad
MO50641,ddf_name_collision;ddf_rowcount_bad
MO50644,ddf_name_collision;ddf_rowcount_bad
MO50645,ddf_name_collision;ddf_rowcount_bad
MO50646,ddf_name_collision;ddf_rowcount_bad
MO50647,ddf_name_collision;ddf_rowcount_bad
MO50648,ddf_name_collision;ddf_rowcount_bad
MO50649,ddf_name_collision;ddf_rowcount_bad
MO50660,ddf_name_collision;ddf_rowcount_bad
MO50661,ddf_name_collision;ddf_rowcount_bad
MO50679,ddf_name_collision;ddf_rowcount_bad
MO50680,ddf_name_collision;ddf_rowcount_bad
MO50681,ddf_name_collision;ddf_rowcount_bad
MO50682,ddf_name_collision;ddf_rowcount_bad
MO50685,ddf_name_collision;ddf_rowcount_bad
MO50687,ddf_name_collision;ddf_rowcount_bad
MO50691,ddf_name_collision;ddf_rowcount_bad
MO50692,ddf_name_collision;ddf_rowcount_bad
MO50693,ddf_name_collision;ddf_rowcount_bad
MO50698,ddf_name_collision;ddf_rowcount_bad
MO50699,ddf_name_collision;ddf_rowcount_bad
MO50701,ddf_name_collision;ddf_rowcount_bad
MO50703,ddf_name_collision;ddf_rowcount_bad
MO50704,ddf_name_collision;ddf_rowcount_bad
MO50705,ddf_name_collision;ddf_rowcount_bad
MO50706,ddf_name_collision;ddf_rowcount_bad
MO50707,ddf_name_collision;ddf_rowcount_bad
MO50711,ddf_name_collision;ddf_rowcount_bad
MO50713,ddf_name_collision;ddf_rowcount_bad
MO50715,ddf_name_collision;ddf_rowcount_bad
MO50716,ddf_name_collision;ddf_rowcount_bad
MO50717,ddf_name_collision;ddf_rowcount_bad
MO50767,ddf_name_collision;ddf_rowcount_bad
MO50772,ddf_name_collision;ddf_rowcount_bad
MO50774,ddf_name_collision;ddf_rowcount_bad
MO50777,ddf_name_collision;ddf_rowcount_bad
MO50782,ddf_name_collision;ddf_rowcount_bad
MO50784,ddf_name_collision;ddf_rowcount_bad
MO50786,ddf_name_collision;ddf_rowcount_bad
MO50789,ddf_name_collision;ddf_rowcount_bad
MO50792,ddf_name_collision;ddf_rowcount_bad
MO50848,ddf_name_collision;ddf_rowcount_bad
MO50862,ddf_name_collision;ddf_rowcount_bad
MO50863,ddf_name_collision;ddf_rowcount_bad
MO50865,ddf_name_collision;ddf_rowcount_bad
MO50958,ddf_name_collision;ddf_rowcount_bad
MO50959,ddf_name_collision;ddf_rowcount_bad
MO50974,ddf_name_collision;ddf_rowcount_bad
MO50984,ddf_name_collision;ddf_rowcount_bad
MO51107,ddf_name_collision;ddf_rowcount_bad
MO51109,ddf_name_collision;ddf_rowcount_bad
MO51110,ddf_name_collision;ddf_rowcount_bad
MO51112,ddf_name_collision;ddf_rowcount_bad
MO51114,ddf_name_collision;ddf_rowcount_bad
MO51115,ddf_name_collision;ddf_rowcount_bad
MO51116,ddf_name_collision;ddf_rowcount_bad
MO51117,ddf_name_collision;ddf_rowcount_bad
MO51119,ddf_name_collision;ddf_rowcount_bad
MO51120,ddf_name_collision;ddf_rowcount_bad
MO51170,ddf_name_collision;ddf_rowcount_bad
MO51171,ddf_name_collision;ddf_rowcount_bad
MO51172,ddf_name_collision;ddf_rowcount_bad
MO51257,ddf_name_collision;ddf_rowcount_bad
MO51266,ddf_name_collision;ddf_rowcount_bad
MO82201,narrow_elevation_band;old_manifest_vintage;pre_centralization_no_aux;synthetic_cloud_unauditable
MS00104,ddf_name_collision;ddf_rowcount_bad;tail_sensitivity_lost_name_collision
MS00122,ddf_name_collision;ddf_rowcount_bad
MS00128,ddf_name_collision;ddf_rowcount_bad;tail_sensitivity_lost_name_collision
MS00141,ddf_name_collision;ddf_rowcount_bad;tail_sensitivity_lost_name_collision
MS00142,ddf_name_collision;ddf_rowcount_bad
MS00155,ddf_name_collision;ddf_rowcount_bad
MS00202,ddf_name_collision;ddf_rowcount_bad
MS00234,ddf_name_collision;ddf_rowcount_bad
MS00236,ddf_name_collision;ddf_rowcount_bad
MS00253,ddf_name_collision;ddf_rowcount_bad;tail_sensitivity_lost_name_collision
MS00255,ddf_name_collision;ddf_rowcount_bad
MS00263,ddf_name_collision;ddf_rowcount_bad
MS00265,ddf_name_collision;ddf_rowcount_bad
MS00267,ddf_name_collision;ddf_rowcount_bad
MS00269,ddf_name_collision;ddf_rowcount_bad
MS00307,ddf_name_collision;ddf_rowcount_bad
MS00323,ddf_name_collision;ddf_rowcount_bad
MS00341,ddf_name_collision;ddf_rowcount_bad
MS00344,ddf_name_collision;ddf_rowcount_bad
MS00353,ddf_name_collision;ddf_rowcount_bad
MS00354,ddf_name_collision;ddf_rowcount_bad
MS00359,ddf_name_collision;ddf_rowcount_bad
MS00361,ddf_name_collision;ddf_rowcount_bad
MS00362,ddf_name_collision;ddf_rowcount_bad
MS00367,ddf_name_collision;ddf_rowcount_bad
MS00372,ddf_name_collision;ddf_rowcount_bad
MS00376,ddf_name_collision;ddf_rowcount_bad
MS00377,ddf_name_collision;ddf_rowcount_bad
MS00378,ddf_name_collision;ddf_rowcount_bad
MS00379,ddf_name_collision;ddf_rowcount_bad
MS00384,ddf_name_collision;ddf_rowcount_bad
MS00387,ddf_name_collision;ddf_rowcount_bad
MS00391,ddf_name_collision;ddf_rowcount_bad
MS00414,ddf_name_collision;ddf_rowcount_bad
MS00465,ddf_name_collision;ddf_rowcount_bad
MS00467,ddf_name_collision;ddf_rowcount_bad
MS00473,ddf_name_collision;ddf_rowcount_bad
MS00479,ddf_name_collision;ddf_rowcount_bad
MS00483,ddf_name_collision;ddf_rowcount_bad
MS00499,ddf_name_collision;ddf_rowcount_bad;tail_sensitivity_lost_name_collision
MS00561,ddf_name_collision;tail_sensitivity_lost_name_collision
MS00583,ddf_name_collision;ddf_rowcount_bad
MS00597,ddf_name_collision;ddf_rowcount_bad
MS00694,ddf_name_collision;ddf_rowcount_bad
MS00700,ddf_name_collision;ddf_rowcount_bad;tail_sensitivity_lost_name_collision
MS00707,ddf_name_collision;ddf_rowcount_bad
MS00759,ddf_name_collision;ddf_rowcount_bad
MS00772,ddf_name_collision;ddf_rowcount_bad
MS00776,ddf_name_collision;ddf_rowcount_bad
MS00779,ddf_name_collision;ddf_rowcount_bad
MS00780,ddf_name_collision;ddf_rowcount_bad
MS00783,ddf_name_collision;ddf_rowcount_bad
MS00794,ddf_name_collision;ddf_rowcount_bad
MS00803,ddf_name_collision;ddf_rowcount_bad
MS00804,ddf_name_collision;ddf_rowcount_bad
MS00805,ddf_name_collision;ddf_rowcount_bad
MS00806,ddf_name_collision;ddf_rowcount_bad
MS00812,ddf_name_collision;ddf_rowcount_bad
MS00813,ddf_name_collision;ddf_rowcount_bad
MS00824,ddf_name_collision;ddf_rowcount_bad
MS00825,ddf_name_collision;ddf_rowcount_bad;tail_sensitivity_lost_name_collision
MS00828,ddf_name_collision;ddf_rowcount_bad;tail_sensitivity_lost_name_collision
MS00889,ddf_name_collision;ddf_rowcount_bad
MS00964,ddf_name_collision;ddf_rowcount_bad
MS00966,ddf_name_collision;ddf_rowcount_bad
MS00968,ddf_name_collision;ddf_rowcount_bad
MS00977,ddf_name_collision;ddf_rowcount_bad
MS00982,ddf_name_collision;ddf_rowcount_bad
MS00999,ddf_name_collision;ddf_rowcount_bad
MS01006,ddf_name_collision;ddf_rowcount_bad
MS01012,ddf_name_collision;ddf_rowcount_bad;tail_sensitivity_lost_name_collision
MS01014,ddf_name_collision;ddf_rowcount_bad
MS01164,ddf_name_collision;ddf_rowcount_bad
MS01199,ddf_name_collision;ddf_rowcount_bad
MS01219,ddf_name_collision;ddf_rowcount_bad
MS01230,ddf_name_collision;tail_sensitivity_lost_name_collision
MS01244,ddf_name_collision;ddf_rowcount_bad
MS01259,ddf_name_collision;ddf_rowcount_bad;tail_sensitivity_lost_name_collision
MS01263,ddf_name_collision;ddf_rowcount_bad
MS01265,ddf_name_collision;ddf_rowcount_bad
MS01397,ddf_name_collision;ddf_rowcount_bad
MS01408,ddf_name_collision;ddf_rowcount_bad
MS01425,ddf_name_collision;ddf_rowcount_bad
MS01454,ddf_name_collision;ddf_rowcount_bad
MS01493,narrow_elevation_band;old_manifest_vintage;pre_centralization_no_aux;synthetic_cloud_unauditable
MS01494,narrow_elevation_band;old_manifest_vintage;pre_centralization_no_aux;synthetic_cloud_unauditable
MS01495,narrow_elevation_band;synthetic_cloud_unauditable
MS01496,narrow_elevation_band;old_manifest_vintage;pre_centralization_no_aux;synthetic_cloud_unauditable
MS01497,ddf_name_collision
MS01498,ddf_name_collision;ddf_rowcount_bad
MS01573,ddf_name_collision;ddf_rowcount_bad;tail_sensitivity_lost_name_collision
MS01669,ddf_name_collision;tail_sensitivity_lost_name_collision
MS01707,ddf_name_collision;ddf_rowcount_bad
MS01720,ddf_name_collision;ddf_rowcount_bad
MS01733,ddf_name_collision;ddf_rowcount_bad
MS01745,ddf_name_collision;ddf_rowcount_bad
MS01749,ddf_name_collision;ddf_rowcount_bad
MS01756,ddf_name_collision;ddf_rowcount_bad;tail_sensitivity_lost_name_collision
MS01763,ddf_name_collision;ddf_rowcount_bad
MS01794,ddf_name_collision;ddf_rowcount_bad
MS01809,ddf_name_collision;ddf_rowcount_bad
MS01813,ddf_name_collision;ddf_rowcount_bad
MS01829,ddf_name_collision;ddf_rowcount_bad
MS01831,ddf_name_collision;ddf_rowcount_bad
MS01845,ddf_name_collision;ddf_rowcount_bad;tail_sensitivity_lost_name_collision
MS01848,ddf_name_collision;ddf_rowcount_bad
MS01851,ddf_name_collision;ddf_rowcount_bad
MS01871,ddf_name_collision;ddf_rowcount_bad
MS01931,ddf_name_collision
MS01959,ddf_name_collision
MS01961,ddf_name_collision;ddf_rowcount_bad;tail_sensitivity_lost_name_collision
MS01968,ddf_name_collision;ddf_rowcount_bad
MS01974,ddf_name_collision;ddf_rowcount_bad
MS01978,ddf_name_collision;ddf_rowcount_bad;tail_sensitivity_lost_name_collision
MS01985,ddf_name_collision;ddf_rowcount_bad
MS02020,ddf_name_collision;ddf_rowcount_bad
MS02031,ddf_name_collision
MS02046,ddf_name_collision;ddf_rowcount_bad
MS02052,ddf_name_collision;ddf_rowcount_bad
MS02053,ddf_name_collision;ddf_rowcount_bad
MS02060,ddf_name_collision;ddf_rowcount_bad
MS02085,ddf_name_collision;ddf_rowcount_bad
MS02153,ddf_name_collision;ddf_rowcount_bad
MS02260,ddf_name_collision;ddf_rowcount_bad
MS02275,ddf_name_collision;ddf_rowcount_bad
MS02367,ddf_name_collision;ddf_rowcount_bad;tail_sensitivity_lost_name_collision
MS02389,ddf_name_collision;ddf_rowcount_bad
MS02431,ddf_name_collision;ddf_rowcount_bad
MS02472,ddf_name_collision;ddf_rowcount_bad;tail_sensitivity_lost_name_collision
MS02491,ddf_name_collision;ddf_rowcount_bad;tail_sensitivity_lost_name_collision
MS02554,ddf_name_collision;ddf_rowcount_bad
MS02574,ddf_name_collision;ddf_rowcount_bad
MS02582,ddf_name_collision;ddf_rowcount_bad
MS02625,ddf_name_collision;ddf_rowcount_bad
MS02640,ddf_name_collision;ddf_rowcount_bad
MS02646,ddf_name_collision;ddf_rowcount_bad
MS02647,ddf_name_collision;ddf_rowcount_bad
MS02668,ddf_name_collision;ddf_rowcount_bad
MS02674,ddf_name_collision;ddf_rowcount_bad
MS02689,ddf_name_collision;ddf_rowcount_bad
MS02693,ddf_name_collision;ddf_rowcount_bad
MS02697,ddf_name_collision;ddf_rowcount_bad;tail_sensitivity_lost_name_collision
MS02711,ddf_name_collision;ddf_rowcount_bad
MS02716,narrow_elevation_band;old_manifest_vintage;pre_centralization_no_aux;synthetic_cloud_unauditable
MS02724,ddf_name_collision;ddf_rowcount_bad
MS02734,ddf_name_collision;ddf_rowcount_bad
MS02745,ddf_name_collision;ddf_rowcount_bad
MS02758,ddf_name_collision;tail_sensitivity_lost_name_collision
MS02788,ddf_name_collision;ddf_rowcount_bad
MS02809,ddf_name_collision;ddf_rowcount_bad
MS02812,ddf_name_collision;ddf_rowcount_bad
MS02818,ddf_name_collision;ddf_rowcount_bad
MS02820,ddf_name_collision;ddf_rowcount_bad
MS02855,ddf_name_collision;ddf_rowcount_bad
MS03039,ddf_name_collision;ddf_rowcount_bad
MS03049,ddf_name_collision;ddf_rowcount_bad
MS03133,ddf_name_collision;ddf_rowcount_bad;tail_sensitivity_lost_name_collision
MS03202,ddf_name_collision;ddf_rowcount_bad;tail_sensitivity_lost_name_collision
MS03269,ddf_name_collision;ddf_rowcount_bad
MS03272,ddf_name_collision;ddf_rowcount_bad
MS03304,ddf_name_collision
MS03306,ddf_name_collision;ddf_rowcount_bad
MS03321,ddf_name_collision;ddf_rowcount_bad
MS03325,ddf_name_collision;ddf_rowcount_bad
MS03327,ddf_name_collision;ddf_rowcount_bad
MS03331,ddf_name_collision;ddf_rowcount_bad
MS03346,ddf_name_collision;ddf_rowcount_bad
MS03351,ddf_name_collision;ddf_rowcount_bad
MS03360,ddf_name_collision;ddf_rowcount_bad
MS03364,ddf_name_collision;ddf_rowcount_bad
MS03366,ddf_name_collision;ddf_rowcount_bad
MS03368,ddf_name_collision;ddf_rowcount_bad
MS03380,ddf_name_collision;ddf_rowcount_bad
MS03391,ddf_name_collision;ddf_rowcount_bad
MS03396,ddf_name_collision;ddf_rowcount_bad
MS03400,ddf_name_collision;ddf_rowcount_bad
MS03406,ddf_name_collision;ddf_rowcount_bad
MS03416,ddf_name_collision;ddf_rowcount_bad
MS03419,ddf_name_collision;ddf_rowcount_bad
MS03426,ddf_name_collision;ddf_rowcount_bad
MS03433,ddf_name_collision;ddf_rowcount_bad;tail_sensitivity_lost_name_collision
MS03442,ddf_name_collision;ddf_rowcount_bad
MS03446,ddf_name_collision
MS03461,ddf_name_collision;ddf_rowcount_bad
MS03464,ddf_name_collision;ddf_rowcount_bad
MS03472,ddf_name_collision;ddf_rowcount_bad
MS03484,ddf_name_collision;ddf_rowcount_bad
MS03486,ddf_name_collision;ddf_rowcount_bad
MS03490,ddf_name_collision;ddf_rowcount_bad
MS03502,ddf_name_collision;ddf_rowcount_bad
MS03507,ddf_name_collision;ddf_rowcount_bad
MS03515,ddf_name_collision;ddf_rowcount_bad
MS03516,ddf_name_collision;ddf_rowcount_bad
MS03529,ddf_name_collision;ddf_rowcount_bad;tail_sensitivity_lost_name_collision
MS03541,ddf_name_collision;ddf_rowcount_bad
MS03559,ddf_name_collision;ddf_rowcount_bad;tail_sensitivity_lost_name_collision
MS03563,ddf_name_collision;ddf_rowcount_bad
MS03568,ddf_name_collision;ddf_rowcount_bad
MS03572,ddf_name_collision;ddf_rowcount_bad
MS03573,ddf_name_collision;ddf_rowcount_bad
MS03581,ddf_name_collision;ddf_rowcount_bad
MS03591,ddf_name_collision;ddf_rowcount_bad
MS03628,ddf_name_collision;ddf_rowcount_bad;tail_sensitivity_lost_name_collision
MS03629,ddf_name_collision;ddf_rowcount_bad;tail_sensitivity_lost_name_collision
MS03638,ddf_name_collision;ddf_rowcount_bad
MS03639,ddf_name_collision;ddf_rowcount_bad;tail_sensitivity_lost_name_collision
MS03649,ddf_name_collision;ddf_rowcount_bad
MS03653,ddf_name_collision;ddf_rowcount_bad
MS03655,ddf_name_collision;ddf_rowcount_bad
MS03660,ddf_name_collision;ddf_rowcount_bad
MS03662,ddf_name_collision;ddf_rowcount_bad;tail_sensitivity_lost_name_collision
MS03677,ddf_name_collision;ddf_rowcount_bad
MS03678,ddf_name_collision;tail_sensitivity_lost_name_collision
MS03690,ddf_name_collision;ddf_rowcount_bad;tail_sensitivity_lost_name_collision
MS03692,ddf_name_collision;ddf_rowcount_bad
MS03709,ddf_name_collision;ddf_rowcount_bad
MS03722,ddf_name_collision;ddf_rowcount_bad
MS03723,ddf_name_collision;ddf_rowcount_bad
MS03725,ddf_name_collision;ddf_rowcount_bad
MS03727,ddf_name_collision;ddf_rowcount_bad
MS03731,ddf_name_collision;ddf_rowcount_bad
MS03752,ddf_name_collision;ddf_rowcount_bad
MS03756,ddf_name_collision;tail_sensitivity_lost_name_collision
MS03759,ddf_name_collision;ddf_rowcount_bad;tail_sensitivity_lost_name_collision
MS03760,ddf_name_collision;ddf_rowcount_bad
MS03774,ddf_name_collision;ddf_rowcount_bad
MS03780,ddf_name_collision;ddf_rowcount_bad
MS03785,ddf_name_collision;ddf_rowcount_bad
MS03787,ddf_name_collision;ddf_rowcount_bad
MS03789,ddf_name_collision;ddf_rowcount_bad
MS03822,ddf_name_collision;ddf_rowcount_bad
MS10001,ddf_name_collision;tail_sensitivity_lost_name_collision
MT00002,narrow_elevation_band;old_manifest_vintage
MT00010,ddf_name_collision;ddf_rowcount_bad
MT00011,narrow_elevation_band;old_manifest_vintage
MT00022,ddf_name_collision;ddf_rowcount_bad
MT00025,narrow_elevation_band;old_manifest_vintage;pre_centralization_no_aux;synthetic_cloud_unauditable
MT00043,ddf_name_collision;tail_sensitivity_lost_name_collision
MT00046,ddf_name_collision;ddf_rowcount_bad
MT00053,ddf_name_collision;ddf_rowcount_bad;tail_sensitivity_lost_name_collision
MT00055,ddf_name_collision;tail_sensitivity_lost_name_collision
MT00075,ddf_name_collision;ddf_rowcount_bad
MT00077,ddf_name_collision;ddf_rowcount_bad
MT00082,ddf_name_collision;ddf_rowcount_bad
MT00089,ddf_name_collision;ddf_rowcount_bad
MT00122,ddf_name_collision;ddf_rowcount_bad
MT00134,narrow_elevation_band;old_manifest_vintage;pre_centralization_no_aux;synthetic_cloud_unauditable
MT00161,ddf_name_collision;tail_sensitivity_lost_name_collision
MT00166,ddf_name_collision;ddf_rowcount_bad
MT00185,ddf_name_collision;ddf_rowcount_bad
MT00196,ddf_name_collision;ddf_rowcount_bad
MT00221,ddf_name_collision;ddf_rowcount_bad
MT00222,ddf_name_collision;ddf_rowcount_bad
MT00223,narrow_elevation_band;old_manifest_vintage;pre_centralization_no_aux;synthetic_cloud_unauditable
MT00226,narrow_elevation_band;old_manifest_vintage;pre_centralization_no_aux;synthetic_cloud_unauditable
MT00245,ddf_name_collision;ddf_rowcount_bad
MT00313,ddf_name_collision;ddf_rowcount_bad
MT00318,ddf_name_collision;tail_sensitivity_lost_name_collision
MT00321,ddf_name_collision;ddf_rowcount_bad
MT00334,ddf_name_collision;ddf_rowcount_bad
MT00356,ddf_name_collision
MT00368,ddf_name_collision;ddf_rowcount_bad
MT00377,ddf_name_collision;ddf_rowcount_bad
MT00405,ddf_name_collision
MT00452,ddf_name_collision;ddf_rowcount_bad
MT00456,ddf_name_collision;ddf_rowcount_bad
MT00459,ddf_name_collision;ddf_rowcount_bad
MT00478,ddf_name_collision;ddf_rowcount_bad
MT00480,ddf_name_collision;ddf_rowcount_bad
MT00516,ddf_name_collision;ddf_rowcount_bad
MT00542,ddf_name_collision;ddf_rowcount_bad
MT00555,ddf_name_collision;ddf_rowcount_bad
MT00557,ddf_name_collision;ddf_rowcount_bad
MT00559,narrow_elevation_band;old_manifest_vintage;pre_centralization_no_aux;synthetic_cloud_unauditable
MT00560,ddf_name_collision;narrow_elevation_band;old_manifest_vintage;pre_centralization_no_aux;synthetic_prefix_audited_clean;tail_sensitivity_lost_name_collision
MT00565,narrow_elevation_band;old_manifest_vintage;pre_centralization_no_aux;synthetic_cloud_unauditable
MT00568,narrow_elevation_band;old_manifest_vintage;pre_centralization_no_aux;synthetic_cloud_unauditable
MT00569,narrow_elevation_band;old_manifest_vintage;pre_centralization_no_aux;synthetic_cloud_unauditable
MT00570,narrow_elevation_band;old_manifest_vintage;pre_centralization_no_aux;synthetic_prefix_audited_clean
MT00571,ddf_name_collision;ddf_rowcount_bad;narrow_elevation_band;old_manifest_vintage
MT00572,narrow_elevation_band;old_manifest_vintage
MT00579,narrow_elevation_band;old_manifest_vintage;pre_centralization_no_aux;synthetic_cloud_unauditable
MT00589,ddf_name_collision;tail_sensitivity_lost_name_collision
MT00652,narrow_elevation_band;old_manifest_vintage;pre_centralization_no_aux;synthetic_cloud_unauditable
MT00658,ddf_name_collision
MT00696,ddf_name_collision;ddf_rowcount_bad
MT00751,ddf_name_collision;ddf_rowcount_bad
MT00799,ddf_name_collision;ddf_rowcount_bad
MT00823,ddf_name_collision;ddf_rowcount_bad
MT00827,ddf_name_collision;ddf_rowcount_bad
MT00829,ddf_name_collision;ddf_rowcount_bad
MT00834,ddf_name_collision;ddf_rowcount_bad
MT00835,ddf_name_collision;ddf_rowcount_bad
MT00840,ddf_name_collision;ddf_rowcount_bad
MT00841,ddf_name_collision;ddf_rowcount_bad
MT00847,ddf_name_collision;ddf_rowcount_bad
MT00851,ddf_name_collision;ddf_rowcount_bad
MT00857,ddf_name_collision
MT00875,ddf_name_collision;ddf_rowcount_bad
MT00886,ddf_name_collision;ddf_rowcount_bad
MT00890,ddf_name_collision;ddf_rowcount_bad
MT00895,ddf_name_collision;ddf_rowcount_bad
MT00896,ddf_name_collision;ddf_rowcount_bad
MT00899,ddf_name_collision;ddf_rowcount_bad
MT00903,ddf_name_collision
MT00904,ddf_name_collision;ddf_rowcount_bad
MT00905,narrow_elevation_band;old_manifest_vintage
MT00928,ddf_name_collision;ddf_rowcount_bad
MT00957,ddf_name_collision;ddf_rowcount_bad
MT00963,ddf_name_collision;tail_sensitivity_lost_name_collision
MT00992,ddf_name_collision;ddf_rowcount_bad;tail_sensitivity_lost_name_collision
MT00996,ddf_name_collision;ddf_rowcount_bad
MT00997,ddf_name_collision;ddf_rowcount_bad
MT00999,ddf_name_collision
MT01010,ddf_name_collision;ddf_rowcount_bad
MT01024,ddf_name_collision;ddf_rowcount_bad
MT01053,ddf_name_collision;tail_sensitivity_lost_name_collision
MT01080,ddf_name_collision;ddf_rowcount_bad
MT01091,ddf_name_collision;ddf_rowcount_bad
MT01125,narrow_elevation_band;old_manifest_vintage
MT01140,ddf_name_collision;ddf_rowcount_bad
MT01143,ddf_name_collision;ddf_rowcount_bad
MT01144,ddf_name_collision;ddf_rowcount_bad
MT01173,ddf_name_collision
MT01174,ddf_name_collision
MT01176,ddf_name_collision;tail_sensitivity_lost_name_collision
MT01182,ddf_name_collision;ddf_rowcount_bad
MT01217,ddf_name_collision;ddf_rowcount_bad
MT01233,ddf_name_collision;ddf_rowcount_bad
MT01234,ddf_name_collision;ddf_rowcount_bad
MT01250,ddf_name_collision;ddf_rowcount_bad
MT01272,ddf_name_collision;ddf_rowcount_bad
MT01273,ddf_name_collision;ddf_rowcount_bad
MT01326,ddf_name_collision;ddf_rowcount_bad
MT01327,ddf_name_collision;ddf_rowcount_bad
MT01346,ddf_name_collision
MT01347,ddf_name_collision;ddf_rowcount_bad
MT01356,narrow_elevation_band;old_manifest_vintage
MT01373,ddf_name_collision;ddf_rowcount_bad
MT01378,ddf_name_collision;ddf_rowcount_bad
MT01398,ddf_name_collision;ddf_rowcount_bad
MT01428,ddf_name_collision;ddf_rowcount_bad
MT01447,ddf_name_collision;ddf_rowcount_bad
MT01451,ddf_name_collision;ddf_rowcount_bad
MT01452,ddf_name_collision
MT01455,ddf_name_collision;ddf_rowcount_bad;tail_sensitivity_lost_name_collision
MT01465,ddf_name_collision
MT01466,ddf_name_collision;ddf_rowcount_bad
MT01484,narrow_elevation_band;old_manifest_vintage
MT01543,ddf_name_collision;ddf_rowcount_bad
MT01552,ddf_name_collision;ddf_rowcount_bad
MT01563,ddf_name_collision;ddf_rowcount_bad
MT01592,ddf_name_collision;ddf_rowcount_bad
MT01641,ddf_name_collision;ddf_rowcount_bad
MT01941,ddf_name_collision;ddf_rowcount_bad
MT02004,ddf_name_collision;ddf_rowcount_bad
MT02131,ddf_name_collision;ddf_rowcount_bad
MT02151,ddf_name_collision;ddf_rowcount_bad
MT02201,ddf_name_collision;ddf_rowcount_bad
MT02214,ddf_name_collision;ddf_rowcount_bad
MT02343,ddf_name_collision;ddf_rowcount_bad
MT02467,ddf_name_collision;ddf_rowcount_bad
MT02506,ddf_name_collision;ddf_rowcount_bad;tail_sensitivity_lost_name_collision
MT02521,ddf_name_collision;ddf_rowcount_bad
MT02527,ddf_name_collision;ddf_rowcount_bad
MT02529,ddf_name_collision;ddf_rowcount_bad
MT02533,ddf_name_collision;ddf_rowcount_bad
MT02550,ddf_name_collision;ddf_rowcount_bad
MT02552,ddf_name_collision;ddf_rowcount_bad
MT02555,ddf_name_collision;ddf_rowcount_bad
MT02565,ddf_name_collision;ddf_rowcount_bad
MT02576,ddf_name_collision;ddf_rowcount_bad
MT02590,ddf_name_collision;ddf_rowcount_bad
MT02602,ddf_name_collision;ddf_rowcount_bad
MT02603,ddf_name_collision;ddf_rowcount_bad
MT02605,ddf_name_collision;ddf_rowcount_bad
MT02687,ddf_name_collision;ddf_rowcount_bad
MT02689,ddf_name_collision;ddf_rowcount_bad
MT02691,ddf_name_collision;ddf_rowcount_bad
MT02710,ddf_name_collision;ddf_rowcount_bad
MT02727,ddf_name_collision;ddf_rowcount_bad
MT02749,ddf_name_collision;ddf_rowcount_bad
MT02752,ddf_name_collision
MT02774,ddf_name_collision;ddf_rowcount_bad
MT02790,ddf_name_collision;ddf_rowcount_bad
MT02795,ddf_name_collision;ddf_rowcount_bad
MT02796,ddf_name_collision;ddf_rowcount_bad
MT02802,ddf_name_collision;ddf_rowcount_bad
MT02842,ddf_name_collision;ddf_rowcount_bad
MT02972,ddf_name_collision;ddf_rowcount_bad
MT02973,ddf_name_collision;ddf_rowcount_bad
MT02974,ddf_name_collision;ddf_rowcount_bad
MT02979,ddf_name_collision;ddf_rowcount_bad
MT02980,ddf_name_collision;ddf_rowcount_bad
MT02995,ddf_name_collision;ddf_rowcount_bad
MT02996,ddf_name_collision;ddf_rowcount_bad
MT03094,ddf_name_collision;ddf_rowcount_bad
MT03129,ddf_name_collision;ddf_rowcount_bad
MT03181,ddf_name_collision;ddf_rowcount_bad
MT03182,ddf_name_collision;ddf_rowcount_bad
MT03292,ddf_name_collision;ddf_rowcount_bad
MT03321,ddf_name_collision;ddf_rowcount_bad
MT03334,ddf_name_collision;ddf_rowcount_bad
MT03339,ddf_name_collision;ddf_rowcount_bad
MT03473,ddf_name_collision;tail_sensitivity_lost_name_collision
MT03523,ddf_name_collision;ddf_rowcount_bad
MT03596,ddf_name_collision;ddf_rowcount_bad
MT03648,ddf_name_collision;ddf_rowcount_bad
MT03667,ddf_name_collision;ddf_rowcount_bad
MT03673,ddf_name_collision
MT03674,ddf_name_collision;ddf_rowcount_bad
MT03681,ddf_name_collision;ddf_rowcount_bad
MT03684,ddf_name_collision;tail_sensitivity_lost_name_collision
MT03688,ddf_name_collision;tail_sensitivity_lost_name_collision
MT03711,ddf_name_collision
MT03721,ddf_name_collision;ddf_rowcount_bad
MT03725,ddf_name_collision;ddf_rowcount_bad
MT03756,ddf_name_collision;tail_sensitivity_lost_name_collision
MT03782,ddf_name_collision;ddf_rowcount_bad
MT03799,ddf_name_collision;ddf_rowcount_bad;tail_sensitivity_lost_name_collision
MT03813,ddf_name_collision;ddf_rowcount_bad
MT03821,ddf_name_collision;ddf_rowcount_bad
MT03823,ddf_name_collision;ddf_rowcount_bad
MT03842,ddf_name_collision;ddf_rowcount_bad;tail_sensitivity_lost_name_collision
MT03850,ddf_name_collision;ddf_rowcount_bad
MT03882,ddf_name_collision;ddf_rowcount_bad
MT03890,ddf_name_collision;ddf_rowcount_bad
MT03944,ddf_name_collision;ddf_rowcount_bad
MT03961,ddf_name_collision;ddf_rowcount_bad
MT03967,ddf_name_collision;tail_sensitivity_lost_name_collision
MT06424,ddf_name_collision;ddf_rowcount_bad
NC00034,ddf_name_collision;ddf_rowcount_bad
NC00045,ddf_name_collision;ddf_rowcount_bad
NC00056,ddf_name_collision;ddf_rowcount_bad
NC00057,ddf_name_collision;ddf_rowcount_bad
NC00083,ddf_name_collision;ddf_rowcount_bad;tail_sensitivity_lost_name_collision
NC00132,narrow_elevation_band;old_manifest_vintage;pre_centralization_no_aux;synthetic_cloud_unauditable
NC00141,narrow_elevation_band;old_manifest_vintage;pre_centralization_no_aux;synthetic_cloud_unauditable
NC00231,ddf_name_collision;ddf_rowcount_bad
NC00251,ddf_name_collision;ddf_rowcount_bad;tail_sensitivity_lost_name_collision
NC00298,narrow_elevation_band;old_manifest_vintage;pre_centralization_no_aux;synthetic_cloud_unauditable
NC00300,narrow_elevation_band;old_manifest_vintage;pre_centralization_no_aux;synthetic_cloud_unauditable
NC00313,ddf_name_collision;ddf_rowcount_bad
NC00318,ddf_name_collision;ddf_rowcount_bad;tail_sensitivity_lost_name_collision
NC00329,ddf_name_collision;narrow_elevation_band;old_manifest_vintage;tail_sensitivity_lost_name_collision
NC00336,ddf_name_collision;ddf_rowcount_bad;tail_sensitivity_lost_name_collision
NC00348,ddf_name_collision
NC00353,ddf_name_collision;ddf_rowcount_bad
NC00371,narrow_elevation_band;old_manifest_vintage
NC00375,narrow_elevation_band;old_manifest_vintage;pre_centralization_no_aux;synthetic_cloud_unauditable
NC00385,ddf_name_collision;ddf_rowcount_bad
NC00388,narrow_elevation_band;old_manifest_vintage;pre_centralization_no_aux;synthetic_cloud_unauditable
NC00391,narrow_elevation_band;old_manifest_vintage;pre_centralization_no_aux;synthetic_cloud_unauditable
NC00392,narrow_elevation_band;old_manifest_vintage;pre_centralization_no_aux;synthetic_prefix_audited_clean
NC00419,ddf_name_collision;narrow_elevation_band;old_manifest_vintage;pre_centralization_no_aux;synthetic_cloud_unauditable;tail_sensitivity_lost_name_collision
NC00437,ddf_name_collision;ddf_rowcount_bad
NC00438,ddf_name_collision;ddf_rowcount_bad
NC00485,ddf_name_collision;ddf_rowcount_bad
NC00488,ddf_name_collision;ddf_rowcount_bad
NC00509,ddf_name_collision;ddf_rowcount_bad
NC00547,old_manifest_vintage
NC00549,narrow_elevation_band;old_manifest_vintage;pre_centralization_no_aux;synthetic_prefix_audited_clean
NC00566,ddf_name_collision;ddf_rowcount_bad
NC00569,ddf_name_collision;ddf_rowcount_bad
NC00570,ddf_name_collision;ddf_rowcount_bad
NC00582,ddf_name_collision;ddf_rowcount_bad
NC00585,ddf_name_collision;ddf_rowcount_bad
NC00610,ddf_name_collision;ddf_rowcount_bad
NC00633,ddf_name_collision;ddf_rowcount_bad
NC00650,ddf_name_collision;ddf_rowcount_bad
NC00651,ddf_name_collision;ddf_rowcount_bad;tail_sensitivity_lost_name_collision
NC00685,ddf_name_collision;ddf_rowcount_bad
NC00689,ddf_name_collision;ddf_rowcount_bad
NC00697,ddf_name_collision;ddf_rowcount_bad
NC00710,ddf_name_collision;ddf_rowcount_bad
NC00720,ddf_name_collision;ddf_rowcount_bad
NC00730,ddf_name_collision;ddf_rowcount_bad
NC00777,ddf_name_collision;ddf_rowcount_bad
NC00778,ddf_name_collision;ddf_rowcount_bad
NC00789,ddf_name_collision;tail_sensitivity_lost_name_collision
NC00826,narrow_elevation_band;old_manifest_vintage;pre_centralization_no_aux;synthetic_cloud_unauditable
NC00885,ddf_name_collision;ddf_rowcount_bad
NC00963,ddf_name_collision;ddf_rowcount_bad
NC00979,ddf_name_collision;ddf_rowcount_bad;tail_sensitivity_lost_name_collision
NC00980,ddf_name_collision;ddf_rowcount_bad
NC00981,ddf_name_collision;ddf_rowcount_bad
NC00985,ddf_name_collision;ddf_rowcount_bad;tail_sensitivity_lost_name_collision
NC01129,ddf_name_collision;ddf_rowcount_bad;tail_sensitivity_lost_name_collision
NC01163,ddf_name_collision;ddf_rowcount_bad
NC01315,ddf_name_collision;ddf_rowcount_bad
NC01321,ddf_name_collision;ddf_rowcount_bad
NC01399,ddf_name_collision;ddf_rowcount_bad
NC01415,ddf_name_collision;ddf_rowcount_bad
NC01442,ddf_name_collision;ddf_rowcount_bad
NC01454,ddf_name_collision
NC01459,ddf_name_collision;ddf_rowcount_bad
NC01508,ddf_name_collision;ddf_rowcount_bad
NC01521,ddf_name_collision;ddf_rowcount_bad
NC01553,ddf_name_collision;ddf_rowcount_bad
NC01582,ddf_name_collision;ddf_rowcount_bad
NC01593,ddf_name_collision;ddf_rowcount_bad
NC01598,ddf_name_collision;ddf_rowcount_bad
NC01704,ddf_name_collision;ddf_rowcount_bad
NC01705,ddf_name_collision;ddf_rowcount_bad
NC01713,ddf_name_collision;ddf_rowcount_bad;narrow_elevation_band;old_manifest_vintage;pre_centralization_no_aux;synthetic_cloud_unauditable
NC01735,ddf_name_collision;ddf_rowcount_bad
NC01782,ddf_name_collision;ddf_rowcount_bad
NC01836,ddf_name_collision;ddf_rowcount_bad
NC01900,ddf_name_collision;ddf_rowcount_bad
NC01997,ddf_name_collision;ddf_rowcount_bad
NC02056,ddf_name_collision;ddf_rowcount_bad
NC02793,ddf_name_collision;ddf_rowcount_bad
NC02927,ddf_name_collision;ddf_rowcount_bad
NC03090,ddf_name_collision;ddf_rowcount_bad
NC03337,ddf_name_collision;ddf_rowcount_bad
NC03372,ddf_name_collision;ddf_rowcount_bad
NC03720,ddf_name_collision;ddf_rowcount_bad
NC03874,ddf_name_collision;ddf_rowcount_bad
NC03875,ddf_name_collision;ddf_rowcount_bad
NC03877,ddf_name_collision;ddf_rowcount_bad
NC03907,ddf_name_collision;ddf_rowcount_bad
NC04135,ddf_name_collision;ddf_rowcount_bad
NC04171,ddf_name_collision;ddf_rowcount_bad
NC04400,ddf_name_collision;ddf_rowcount_bad
NC04650,ddf_name_collision;ddf_rowcount_bad
NC05539,ddf_name_collision;ddf_rowcount_bad
NC82302,ddf_name_collision;ddf_rowcount_bad
NC83009,ddf_name_collision
NC83025,ddf_name_collision;ddf_rowcount_bad
ND00003,ddf_name_collision;tail_sensitivity_lost_name_collision
ND00011,ddf_name_collision;tail_sensitivity_lost_name_collision
ND00026,ddf_name_collision
ND00028,ddf_name_collision;ddf_rowcount_bad;tail_sensitivity_lost_name_collision
ND00039,ddf_name_collision;ddf_rowcount_bad
ND00048,ddf_name_collision;ddf_rowcount_bad
ND00056,ddf_name_collision;ddf_rowcount_bad;tail_sensitivity_lost_name_collision
ND00066,ddf_name_collision;ddf_rowcount_bad
ND00067,ddf_name_collision;ddf_rowcount_bad
ND00076,ddf_name_collision;ddf_rowcount_bad;tail_sensitivity_lost_name_collision
ND00085,ddf_name_collision;ddf_rowcount_bad;tail_sensitivity_lost_name_collision
ND00086,ddf_name_collision;tail_sensitivity_lost_name_collision
ND00096,ddf_name_collision;ddf_rowcount_bad;tail_sensitivity_lost_name_collision
ND00100,ddf_name_collision;ddf_rowcount_bad
ND00115,ddf_name_collision
ND00121,ddf_name_collision;ddf_rowcount_bad
ND00127,ddf_name_collision;ddf_rowcount_bad
ND00130,ddf_name_collision;ddf_rowcount_bad
ND00134,ddf_name_collision
ND00137,ddf_name_collision;ddf_rowcount_bad;tail_sensitivity_lost_name_collision
ND00139,ddf_name_collision;ddf_rowcount_bad
ND00145,narrow_elevation_band;synthetic_cloud_unauditable
ND00146,narrow_elevation_band;old_manifest_vintage;pre_centralization_no_aux;synthetic_prefix_audited_clean
ND00147,narrow_elevation_band;old_manifest_vintage;pre_centralization_no_aux;synthetic_prefix_audited_clean
ND00148,ddf_name_collision;ddf_rowcount_bad
ND00151,narrow_elevation_band;old_manifest_vintage;pre_centralization_no_aux;synthetic_cloud_unauditable
ND00171,ddf_name_collision;ddf_rowcount_bad
ND00187,ddf_name_collision
ND00189,ddf_name_collision;ddf_rowcount_bad
ND00192,ddf_name_collision;ddf_rowcount_bad
ND00198,ddf_name_collision;ddf_rowcount_bad
ND00202,ddf_name_collision
ND00203,ddf_name_collision;ddf_rowcount_bad
ND00207,ddf_name_collision;ddf_rowcount_bad
ND00218,ddf_name_collision;ddf_rowcount_bad;tail_sensitivity_lost_name_collision
ND00219,ddf_name_collision;ddf_rowcount_bad
ND00224,ddf_name_collision;ddf_rowcount_bad
ND00240,ddf_name_collision;ddf_rowcount_bad
ND00247,ddf_name_collision;ddf_rowcount_bad
ND00256,ddf_name_collision;ddf_rowcount_bad
ND00268,ddf_name_collision;ddf_rowcount_bad
ND00271,ddf_name_collision;ddf_rowcount_bad
ND00273,ddf_name_collision;ddf_rowcount_bad
ND00278,ddf_name_collision;ddf_rowcount_bad
ND00309,old_manifest_vintage
ND00322,ddf_name_collision;ddf_rowcount_bad;tail_sensitivity_lost_name_collision
ND00332,ddf_name_collision;narrow_elevation_band;old_manifest_vintage;pre_centralization_no_aux;synthetic_prefix_audited_clean;tail_sensitivity_lost_name_collision
ND00335,ddf_name_collision;tail_sensitivity_lost_name_collision
ND00342,ddf_name_collision;ddf_rowcount_bad;tail_sensitivity_lost_name_collision
ND00344,ddf_name_collision;ddf_rowcount_bad;tail_sensitivity_lost_name_collision
ND00349,ddf_name_collision;ddf_rowcount_bad;tail_sensitivity_lost_name_collision
ND00351,ddf_name_collision;ddf_rowcount_bad;tail_sensitivity_lost_name_collision
ND00353,ddf_name_collision;tail_sensitivity_lost_name_collision
ND00355,ddf_name_collision;ddf_rowcount_bad
ND00368,ddf_name_collision;ddf_rowcount_bad;tail_sensitivity_lost_name_collision
ND00370,ddf_name_collision;ddf_rowcount_bad
ND00397,ddf_name_collision;tail_sensitivity_lost_name_collision
ND00408,ddf_name_collision;ddf_rowcount_bad
ND00420,ddf_name_collision;ddf_rowcount_bad
ND00437,ddf_name_collision;ddf_rowcount_bad
ND00503,ddf_name_collision;ddf_rowcount_bad
ND00505,ddf_name_collision;ddf_rowcount_bad
ND00537,ddf_name_collision;ddf_rowcount_bad;tail_sensitivity_lost_name_collision
ND00553,ddf_name_collision;ddf_rowcount_bad
ND00608,ddf_name_collision;tail_sensitivity_lost_name_collision
ND00826,ddf_name_collision;ddf_rowcount_bad
ND00923,ddf_name_collision;ddf_rowcount_bad
ND00990,narrow_elevation_band;old_manifest_vintage
ND01024,ddf_name_collision
ND01027,ddf_name_collision;tail_sensitivity_lost_name_collision
ND01031,ddf_name_collision;tail_sensitivity_lost_name_collision
ND01068,ddf_name_collision;ddf_rowcount_bad
ND01084,ddf_name_collision;ddf_rowcount_bad
NE00001,ddf_name_collision;ddf_rowcount_bad
NE00032,ddf_name_collision;ddf_rowcount_bad
NE00050,ddf_name_collision;ddf_rowcount_bad
NE00051,ddf_name_collision;ddf_rowcount_bad
NE00061,ddf_name_collision;ddf_rowcount_bad
NE00065,ddf_name_collision;ddf_rowcount_bad
NE00083,ddf_name_collision;ddf_rowcount_bad
NE00091,ddf_name_collision;ddf_rowcount_bad
NE00102,ddf_name_collision;ddf_rowcount_bad;tail_sensitivity_lost_name_collision
NE00139,ddf_name_collision;ddf_rowcount_bad
NE00169,ddf_name_collision;ddf_rowcount_bad
NE00185,ddf_name_collision;ddf_rowcount_bad
NE00205,ddf_name_collision;ddf_rowcount_bad
NE00219,ddf_name_collision;ddf_rowcount_bad;tail_sensitivity_lost_name_collision
NE00226,ddf_name_collision;ddf_rowcount_bad
NE00248,ddf_name_collision;ddf_rowcount_bad
NE00278,ddf_name_collision;ddf_rowcount_bad
NE00282,ddf_name_collision
NE00286,ddf_name_collision;ddf_rowcount_bad
NE00287,ddf_name_collision;ddf_rowcount_bad
NE00296,ddf_name_collision;ddf_rowcount_bad
NE00318,ddf_name_collision;ddf_rowcount_bad
NE00325,ddf_name_collision;ddf_rowcount_bad
NE00334,ddf_name_collision;ddf_rowcount_bad
NE00346,ddf_name_collision;ddf_rowcount_bad
NE00356,ddf_name_collision;ddf_rowcount_bad
NE00377,ddf_name_collision;ddf_rowcount_bad
NE00382,ddf_name_collision;ddf_rowcount_bad
NE00397,ddf_name_collision;ddf_rowcount_bad
NE00426,ddf_name_collision;ddf_rowcount_bad
NE00433,ddf_name_collision;ddf_rowcount_bad
NE00448,ddf_name_collision;ddf_rowcount_bad
NE00455,ddf_name_collision;ddf_rowcount_bad
NE00462,ddf_name_collision;ddf_rowcount_bad;tail_sensitivity_lost_name_collision
NE00470,ddf_name_collision;ddf_rowcount_bad
NE00475,ddf_name_collision;ddf_rowcount_bad
NE00491,ddf_name_collision;ddf_rowcount_bad
NE00501,ddf_name_collision;ddf_rowcount_bad
NE00529,ddf_name_collision;ddf_rowcount_bad;tail_sensitivity_lost_name_collision
NE00576,ddf_name_collision;ddf_rowcount_bad
NE00589,ddf_name_collision;ddf_rowcount_bad
NE00592,ddf_name_collision;ddf_rowcount_bad
NE00611,ddf_name_collision;tail_sensitivity_lost_name_collision
NE00615,ddf_name_collision;ddf_rowcount_bad
NE00626,ddf_name_collision;ddf_rowcount_bad
NE00628,ddf_name_collision;ddf_rowcount_bad;tail_sensitivity_lost_name_collision
NE00648,ddf_name_collision;tail_sensitivity_lost_name_collision
NE00649,ddf_name_collision;ddf_rowcount_bad
NE00653,ddf_name_collision;ddf_rowcount_bad
NE00654,ddf_name_collision;tail_sensitivity_lost_name_collision
NE00675,ddf_name_collision;ddf_rowcount_bad
NE00709,ddf_name_collision
NE00714,ddf_name_collision;ddf_rowcount_bad
NE00730,ddf_name_collision;ddf_rowcount_bad
NE00742,ddf_name_collision;ddf_rowcount_bad
NE00747,ddf_name_collision;ddf_rowcount_bad
NE00749,ddf_name_collision;ddf_rowcount_bad;tail_sensitivity_lost_name_collision
NE00754,ddf_name_collision;ddf_rowcount_bad
NE00783,ddf_name_collision;ddf_rowcount_bad;tail_sensitivity_lost_name_collision
NE00784,ddf_name_collision;ddf_rowcount_bad
NE00798,ddf_name_collision;ddf_rowcount_bad;tail_sensitivity_lost_name_collision
NE00801,ddf_name_collision;ddf_rowcount_bad
NE00805,ddf_name_collision;ddf_rowcount_bad
NE00807,ddf_name_collision;ddf_rowcount_bad
NE00808,ddf_name_collision;ddf_rowcount_bad
NE00815,ddf_name_collision;tail_sensitivity_lost_name_collision
NE00818,ddf_name_collision;ddf_rowcount_bad
NE00820,ddf_name_collision;ddf_rowcount_bad
NE00823,ddf_name_collision;ddf_rowcount_bad
NE01023,ddf_name_collision;ddf_rowcount_bad
NE01030,ddf_name_collision;ddf_rowcount_bad
NE01032,ddf_name_collision;ddf_rowcount_bad
NE01048,narrow_elevation_band;old_manifest_vintage;pre_centralization_no_aux;synthetic_cloud_unauditable
NE01051,ddf_name_collision;tail_sensitivity_lost_name_collision
NE01052,ddf_name_collision;ddf_rowcount_bad
NE01063,narrow_elevation_band;old_manifest_vintage
NE01066,narrow_elevation_band;old_manifest_vintage;pre_centralization_no_aux;synthetic_cloud_unauditable
NE01070,narrow_elevation_band;old_manifest_vintage
NE01073,narrow_elevation_band;old_manifest_vintage;pre_centralization_no_aux;synthetic_prefix_audited_clean
NE01076,narrow_elevation_band;old_manifest_vintage;pre_centralization_no_aux;synthetic_prefix_audited_clean
NE01077,ddf_name_collision;ddf_rowcount_bad;narrow_elevation_band;old_manifest_vintage
NE01078,narrow_elevation_band;old_manifest_vintage;pre_centralization_no_aux;synthetic_cloud_unauditable
NE01083,ddf_name_collision;ddf_rowcount_bad;tail_sensitivity_lost_name_collision
NE01088,ddf_name_collision;ddf_rowcount_bad
NE01090,ddf_name_collision;ddf_rowcount_bad
NE01094,ddf_name_collision;ddf_rowcount_bad
NE01105,ddf_name_collision;ddf_rowcount_bad
NE01112,ddf_name_collision;ddf_rowcount_bad
NE01135,ddf_name_collision;ddf_rowcount_bad
NE01154,ddf_name_collision;ddf_rowcount_bad
NE01173,ddf_name_collision;ddf_rowcount_bad
NE01178,ddf_name_collision;ddf_rowcount_bad
NE01188,ddf_name_collision;ddf_rowcount_bad
NE01198,ddf_name_collision;ddf_rowcount_bad
NE01200,ddf_name_collision;ddf_rowcount_bad
NE01232,ddf_name_collision;ddf_rowcount_bad
NE01233,ddf_name_collision;ddf_rowcount_bad
NE01236,ddf_name_collision;ddf_rowcount_bad
NE01258,ddf_name_collision;ddf_rowcount_bad
NE01277,ddf_name_collision;ddf_rowcount_bad
NE01281,ddf_name_collision;ddf_rowcount_bad
NE01288,ddf_name_collision;ddf_rowcount_bad
NE01291,ddf_name_collision;ddf_rowcount_bad
NE01292,ddf_name_collision;ddf_rowcount_bad
NE01298,ddf_name_collision;ddf_rowcount_bad
NE01300,ddf_name_collision;ddf_rowcount_bad
NE01311,ddf_name_collision;ddf_rowcount_bad
NE01317,ddf_name_collision;ddf_rowcount_bad
NE01330,ddf_name_collision;ddf_rowcount_bad
NE01342,ddf_name_collision;ddf_rowcount_bad
NE01344,ddf_name_collision;ddf_rowcount_bad
NE01350,ddf_name_collision;ddf_rowcount_bad
NE01364,ddf_name_collision;ddf_rowcount_bad
NE01365,ddf_name_collision;ddf_rowcount_bad
NE01374,ddf_name_collision;ddf_rowcount_bad
NE01377,ddf_name_collision;ddf_rowcount_bad
NE01379,ddf_name_collision;ddf_rowcount_bad
NE01390,ddf_name_collision;ddf_rowcount_bad
NE01400,ddf_name_collision;ddf_rowcount_bad
NE01414,ddf_name_collision;ddf_rowcount_bad
NE01424,ddf_name_collision;ddf_rowcount_bad
NE01442,ddf_name_collision;ddf_rowcount_bad
NE01462,ddf_name_collision;ddf_rowcount_bad
NE01469,ddf_name_collision;ddf_rowcount_bad;tail_sensitivity_lost_name_collision
NE01533,ddf_name_collision;ddf_rowcount_bad
NE01541,ddf_name_collision;ddf_rowcount_bad
NE01564,ddf_name_collision;ddf_rowcount_bad
NE01584,ddf_name_collision;tail_sensitivity_lost_name_collision
NE01613,ddf_name_collision;ddf_rowcount_bad
NE01679,ddf_name_collision;ddf_rowcount_bad
NE01680,ddf_name_collision;ddf_rowcount_bad
NE01695,ddf_name_collision;ddf_rowcount_bad
NE01697,ddf_name_collision;ddf_rowcount_bad;tail_sensitivity_lost_name_collision
NE01700,ddf_name_collision;ddf_rowcount_bad
NE01712,ddf_name_collision;ddf_rowcount_bad
NE01739,ddf_name_collision;ddf_rowcount_bad
NE01745,ddf_name_collision;ddf_rowcount_bad;tail_sensitivity_lost_name_collision
NE01753,ddf_name_collision;ddf_rowcount_bad
NE01763,ddf_name_collision;ddf_rowcount_bad
NE01769,ddf_name_collision;ddf_rowcount_bad
NE01840,ddf_name_collision;ddf_rowcount_bad
NE01914,ddf_name_collision;ddf_rowcount_bad
NE01921,ddf_name_collision;ddf_rowcount_bad
NE01948,ddf_name_collision;ddf_rowcount_bad
NE01966,ddf_name_collision;ddf_rowcount_bad
NE01974,ddf_name_collision;ddf_rowcount_bad
NE02011,ddf_name_collision;ddf_rowcount_bad
NE02058,ddf_name_collision;ddf_rowcount_bad
NE02077,ddf_name_collision;ddf_rowcount_bad
NE02107,ddf_name_collision;ddf_rowcount_bad
NE02121,ddf_name_collision;ddf_rowcount_bad
NE02126,ddf_name_collision;ddf_rowcount_bad
NE02134,ddf_name_collision;ddf_rowcount_bad;tail_sensitivity_lost_name_collision
NE02287,narrow_elevation_band;old_manifest_vintage;pre_centralization_no_aux;synthetic_prefix_audited_clean
NE02342,ddf_name_collision;ddf_rowcount_bad;tail_sensitivity_lost_name_collision
NE02382,ddf_name_collision;ddf_rowcount_bad
NE02393,ddf_name_collision;ddf_rowcount_bad
NE02424,ddf_name_collision;ddf_rowcount_bad
NE02491,ddf_name_collision;ddf_rowcount_bad
NE02523,ddf_name_collision;ddf_rowcount_bad
NE02632,ddf_name_collision;ddf_rowcount_bad;tail_sensitivity_lost_name_collision
NE02634,ddf_name_collision;ddf_rowcount_bad
NE02636,ddf_name_collision;ddf_rowcount_bad
NE02653,ddf_name_collision;ddf_rowcount_bad
NE02658,ddf_name_collision;ddf_rowcount_bad
NE02700,ddf_name_collision;ddf_rowcount_bad
NE02707,ddf_name_collision;ddf_rowcount_bad
NE02717,ddf_name_collision;ddf_rowcount_bad
NE02721,ddf_name_collision;ddf_rowcount_bad
NE02772,ddf_name_collision;ddf_rowcount_bad
NE02796,ddf_name_collision;ddf_rowcount_bad
NE02830,ddf_name_collision;ddf_rowcount_bad;tail_sensitivity_lost_name_collision
NE02831,ddf_name_collision;ddf_rowcount_bad
NE03253,ddf_name_collision;ddf_rowcount_bad
NE05050,ddf_name_collision;narrow_elevation_band;old_manifest_vintage;pre_centralization_no_aux;synthetic_cloud_unauditable;tail_sensitivity_lost_name_collision
NE05070,ddf_name_collision;ddf_rowcount_bad
NE83011,ddf_name_collision;ddf_rowcount_bad
NE83012,ddf_name_collision;ddf_rowcount_bad
NE83013,ddf_name_collision;ddf_rowcount_bad
NH00001,old_manifest_vintage
NH00002,old_manifest_vintage
NH00003,old_manifest_vintage
NH00004,old_manifest_vintage
NH00006,ddf_name_collision;ddf_rowcount_bad
NH00008,ddf_name_collision;ddf_rowcount_bad;tail_sensitivity_lost_name_collision
NH00010,ddf_name_collision;ddf_rowcount_bad;tail_sensitivity_lost_name_collision
NH00016,ddf_name_collision;ddf_rowcount_bad
NH00017,ddf_name_collision;ddf_rowcount_bad
NH00018,ddf_name_collision;ddf_rowcount_bad;tail_sensitivity_lost_name_collision
NH00022,ddf_name_collision
NH00034,ddf_name_collision;ddf_rowcount_bad;tail_sensitivity_lost_name_collision
NH00035,ddf_name_collision;ddf_rowcount_bad;tail_sensitivity_lost_name_collision
NH00046,ddf_name_collision;ddf_rowcount_bad
NH00048,ddf_name_collision;ddf_rowcount_bad
NH00049,ddf_name_collision;ddf_rowcount_bad;tail_sensitivity_lost_name_collision
NH00057,ddf_name_collision;ddf_rowcount_bad
NH00060,ddf_name_collision;ddf_rowcount_bad
NH00062,ddf_name_collision;ddf_rowcount_bad;tail_sensitivity_lost_name_collision
NH00073,ddf_name_collision;ddf_rowcount_bad;tail_sensitivity_lost_name_collision
NH00079,ddf_name_collision;ddf_rowcount_bad
NH00089,ddf_name_collision;ddf_rowcount_bad
NH00092,ddf_name_collision;ddf_rowcount_bad
NH00095,ddf_name_collision;ddf_rowcount_bad
NH00097,ddf_name_collision;tail_sensitivity_lost_name_collision
NH00101,ddf_name_collision;ddf_rowcount_bad
NH00105,ddf_name_collision;ddf_rowcount_bad
NH00118,ddf_name_collision;ddf_rowcount_bad;tail_sensitivity_lost_name_collision
NH00122,ddf_name_collision;tail_sensitivity_lost_name_collision
NH00141,ddf_name_collision;ddf_rowcount_bad
NH00148,ddf_name_collision
NH00158,ddf_name_collision;ddf_rowcount_bad
NH00162,ddf_name_collision;ddf_rowcount_bad
NH00163,ddf_name_collision
NH00169,ddf_name_collision;ddf_rowcount_bad
NH00175,ddf_name_collision;ddf_rowcount_bad
NH00179,ddf_name_collision
NH00180,ddf_name_collision
NH00191,ddf_name_collision;tail_sensitivity_lost_name_collision
NH00197,ddf_name_collision;ddf_rowcount_bad
NH00198,ddf_name_collision
NH00201,ddf_name_collision;ddf_rowcount_bad
NH00208,ddf_name_collision;ddf_rowcount_bad
NH00216,old_manifest_vintage
NH00230,ddf_name_collision;ddf_rowcount_bad
NH00235,ddf_name_collision;tail_sensitivity_lost_name_collision
NH00236,ddf_name_collision;tail_sensitivity_lost_name_collision
NH00242,ddf_name_collision;ddf_rowcount_bad
NH00248,ddf_name_collision;tail_sensitivity_lost_name_collision
NH00253,ddf_name_collision;ddf_rowcount_bad;tail_sensitivity_lost_name_collision
NH00259,ddf_name_collision;ddf_rowcount_bad
NH00266,ddf_name_collision;ddf_rowcount_bad;tail_sensitivity_lost_name_collision
NH00271,ddf_name_collision;ddf_rowcount_bad;tail_sensitivity_lost_name_collision
NH00285,ddf_name_collision;tail_sensitivity_lost_name_collision
NH00287,ddf_name_collision;ddf_rowcount_bad;tail_sensitivity_lost_name_collision
NH00288,ddf_name_collision;ddf_rowcount_bad
NH00297,ddf_name_collision;ddf_rowcount_bad;tail_sensitivity_lost_name_collision
NH00303,ddf_name_collision;ddf_rowcount_bad
NH00305,ddf_name_collision;ddf_rowcount_bad
NH00309,ddf_name_collision;ddf_rowcount_bad;tail_sensitivity_lost_name_collision
NH00310,ddf_name_collision;ddf_rowcount_bad;tail_sensitivity_lost_name_collision
NH00311,ddf_name_collision;ddf_rowcount_bad
NH00317,ddf_name_collision;ddf_rowcount_bad
NH00327,ddf_name_collision;ddf_rowcount_bad
NH00334,ddf_name_collision;ddf_rowcount_bad
NH00336,ddf_name_collision;ddf_rowcount_bad
NH00345,ddf_name_collision;ddf_rowcount_bad;tail_sensitivity_lost_name_collision
NH00348,ddf_name_collision;ddf_rowcount_bad
NH00349,ddf_name_collision;ddf_rowcount_bad
NH00359,ddf_name_collision;ddf_rowcount_bad
NH00361,ddf_name_collision;tail_sensitivity_lost_name_collision
NH00362,ddf_name_collision;tail_sensitivity_lost_name_collision
NH00368,ddf_name_collision;ddf_rowcount_bad
NH00369,ddf_name_collision
NH00374,ddf_name_collision;ddf_rowcount_bad
NH00375,ddf_name_collision;ddf_rowcount_bad;tail_sensitivity_lost_name_collision
NH00378,ddf_name_collision;ddf_rowcount_bad
NH00380,ddf_name_collision;ddf_rowcount_bad
NH00384,ddf_name_collision;tail_sensitivity_lost_name_collision
NH00385,ddf_name_collision;ddf_rowcount_bad
NH00395,ddf_name_collision
NH00402,ddf_name_collision;tail_sensitivity_lost_name_collision
NH00409,ddf_name_collision;ddf_rowcount_bad
NH00410,ddf_name_collision;tail_sensitivity_lost_name_collision
NH00413,ddf_name_collision;ddf_rowcount_bad
NH00414,old_manifest_vintage
NH00417,ddf_name_collision;ddf_rowcount_bad
NH00423,ddf_name_collision;ddf_rowcount_bad
NH00436,ddf_name_collision;ddf_rowcount_bad
NH00439,ddf_name_collision;ddf_rowcount_bad
NH00451,ddf_name_collision;ddf_rowcount_bad
NH00458,ddf_name_collision;ddf_rowcount_bad
NH00461,ddf_name_collision
NH00462,ddf_name_collision;ddf_rowcount_bad
NH00495,ddf_name_collision;ddf_rowcount_bad
NH00500,ddf_name_collision;ddf_rowcount_bad
NH00505,ddf_name_collision;ddf_rowcount_bad
NH00519,ddf_name_collision;ddf_rowcount_bad
NH00520,ddf_name_collision;ddf_rowcount_bad
NH00524,ddf_name_collision;ddf_rowcount_bad
NH00531,ddf_name_collision;ddf_rowcount_bad;tail_sensitivity_lost_name_collision
NH00534,ddf_name_collision;ddf_rowcount_bad
NH00540,ddf_name_collision;ddf_rowcount_bad
NH00544,ddf_name_collision;ddf_rowcount_bad
NH00554,ddf_name_collision;ddf_rowcount_bad
NH00557,ddf_name_collision;ddf_rowcount_bad
NH00558,ddf_name_collision;ddf_rowcount_bad
NH00559,ddf_name_collision;ddf_rowcount_bad
NH00573,ddf_name_collision;tail_sensitivity_lost_name_collision
NH00613,ddf_name_collision;ddf_rowcount_bad
NH00622,ddf_name_collision;ddf_rowcount_bad
NH00736,ddf_name_collision
NH00799,ddf_name_collision;ddf_rowcount_bad
NH00803,ddf_name_collision;ddf_rowcount_bad
NH00884,ddf_name_collision;ddf_rowcount_bad
NH00921,ddf_name_collision;ddf_rowcount_bad
NH01048,ddf_name_collision;ddf_rowcount_bad
NH01089,ddf_name_collision;ddf_rowcount_bad
NH01096,ddf_name_collision;ddf_rowcount_bad
NH01097,ddf_name_collision;ddf_rowcount_bad
NH01201,ddf_name_collision;ddf_rowcount_bad
NH01972,ddf_name_collision;ddf_rowcount_bad
NJ00017,ddf_name_collision;tail_sensitivity_lost_name_collision
NJ00019,ddf_name_collision
NJ00031,ddf_name_collision;ddf_rowcount_bad;tail_sensitivity_lost_name_collision
NJ00034,ddf_name_collision;ddf_rowcount_bad
NJ00043,ddf_name_collision
NJ00061,ddf_name_collision;ddf_rowcount_bad
NJ00063,ddf_name_collision;ddf_rowcount_bad;tail_sensitivity_lost_name_collision
NJ00067,ddf_name_collision;ddf_rowcount_bad
NJ00076,ddf_name_collision;ddf_rowcount_bad;tail_sensitivity_lost_name_collision
NJ00077,ddf_name_collision;ddf_rowcount_bad
NJ00079,ddf_name_collision
NJ00090,ddf_name_collision;ddf_rowcount_bad
NJ00099,ddf_name_collision;ddf_rowcount_bad
NJ00117,ddf_name_collision;ddf_rowcount_bad
NJ00118,ddf_name_collision;ddf_rowcount_bad
NJ00119,ddf_name_collision;ddf_rowcount_bad
NJ00124,ddf_name_collision
NJ00128,ddf_name_collision;ddf_rowcount_bad
NJ00133,ddf_name_collision;ddf_rowcount_bad
NJ00136,ddf_name_collision;ddf_rowcount_bad
NJ00139,ddf_name_collision;ddf_rowcount_bad
NJ00147,ddf_name_collision;ddf_rowcount_bad
NJ00148,ddf_name_collision;ddf_rowcount_bad
NJ00151,ddf_name_collision;ddf_rowcount_bad
NJ00153,ddf_name_collision;ddf_rowcount_bad
NJ00157,ddf_name_collision;ddf_rowcount_bad
NJ00167,ddf_name_collision;ddf_rowcount_bad;tail_sensitivity_lost_name_collision
NJ00172,ddf_name_collision;ddf_rowcount_bad
NJ00180,ddf_name_collision;ddf_rowcount_bad
NJ00187,ddf_name_collision;ddf_rowcount_bad;tail_sensitivity_lost_name_collision
NJ00188,ddf_name_collision;ddf_rowcount_bad
NJ00217,ddf_name_collision;ddf_rowcount_bad;tail_sensitivity_lost_name_collision
NJ00232,ddf_name_collision;ddf_rowcount_bad
NJ00233,ddf_name_collision;ddf_rowcount_bad
NJ00240,ddf_name_collision;ddf_rowcount_bad
NJ00243,ddf_name_collision;tail_sensitivity_lost_name_collision
NJ00245,ddf_name_collision;ddf_rowcount_bad
NJ00247,ddf_name_collision;ddf_rowcount_bad
NJ00256,ddf_name_collision;ddf_rowcount_bad
NJ00263,ddf_name_collision;ddf_rowcount_bad
NJ00271,ddf_name_collision;ddf_rowcount_bad;tail_sensitivity_lost_name_collision
NJ00299,ddf_name_collision;ddf_rowcount_bad;tail_sensitivity_lost_name_collision
NJ00306,ddf_name_collision;ddf_rowcount_bad;tail_sensitivity_lost_name_collision
NJ00307,ddf_name_collision;ddf_rowcount_bad
NJ00324,ddf_name_collision;ddf_rowcount_bad
NJ00342,ddf_name_collision;ddf_rowcount_bad
NJ00349,ddf_name_collision;ddf_rowcount_bad
NJ00367,ddf_name_collision;ddf_rowcount_bad
NJ00373,ddf_name_collision;ddf_rowcount_bad
NJ00384,ddf_name_collision
NJ00394,ddf_name_collision;ddf_rowcount_bad
NJ00406,ddf_name_collision;ddf_rowcount_bad
NJ00407,ddf_name_collision;ddf_rowcount_bad
NJ00416,ddf_name_collision;ddf_rowcount_bad
NJ00436,ddf_name_collision;ddf_rowcount_bad
NJ00448,ddf_name_collision;ddf_rowcount_bad
NJ00450,ddf_name_collision;tail_sensitivity_lost_name_collision
NJ00458,ddf_name_collision;ddf_rowcount_bad;tail_sensitivity_lost_name_collision
NJ00483,ddf_name_collision
NJ00512,ddf_name_collision;ddf_rowcount_bad
NJ00533,ddf_name_collision;ddf_rowcount_bad
NJ00540,ddf_name_collision;ddf_rowcount_bad
NJ00563,ddf_name_collision;ddf_rowcount_bad
NJ00579,ddf_name_collision;ddf_rowcount_bad
NJ00598,ddf_name_collision;ddf_rowcount_bad
NJ00602,ddf_name_collision;ddf_rowcount_bad
NJ00626,ddf_name_collision;ddf_rowcount_bad;tail_sensitivity_lost_name_collision
NJ00654,ddf_name_collision;ddf_rowcount_bad
NJ00658,ddf_name_collision;ddf_rowcount_bad
NJ00659,ddf_name_collision;ddf_rowcount_bad
NJ00663,ddf_name_collision;ddf_rowcount_bad
NJ00751,ddf_name_collision;ddf_rowcount_bad;tail_sensitivity_lost_name_collision
NJ00774,ddf_name_collision;ddf_rowcount_bad
NJ00785,ddf_name_collision;ddf_rowcount_bad
NJ00797,ddf_name_collision;ddf_rowcount_bad
NJ00805,ddf_name_collision;ddf_rowcount_bad;tail_sensitivity_lost_name_collision
NJ00808,ddf_name_collision;ddf_rowcount_bad
NJ00810,ddf_name_collision;ddf_rowcount_bad
NJ00812,ddf_name_collision;ddf_rowcount_bad
NJ00816,ddf_name_collision;ddf_rowcount_bad
NJ00819,ddf_name_collision;ddf_rowcount_bad
NJ00825,ddf_name_collision;ddf_rowcount_bad
NJ00840,ddf_name_collision;ddf_rowcount_bad
NJ00844,ddf_name_collision;ddf_rowcount_bad
NJ00873,ddf_name_collision;ddf_rowcount_bad
NJ00876,ddf_name_collision;ddf_rowcount_bad
NJ00880,ddf_name_collision;ddf_rowcount_bad
NJ00887,ddf_name_collision;ddf_rowcount_bad
NJ00914,ddf_name_collision;ddf_rowcount_bad
NJ00934,ddf_name_collision;ddf_rowcount_bad
NJ00976,ddf_name_collision;ddf_rowcount_bad
NJ01005,ddf_name_collision;ddf_rowcount_bad;tail_sensitivity_lost_name_collision
NJ82305,ddf_name_collision;ddf_rowcount_bad
NJ82307,ddf_name_collision;ddf_rowcount_bad
NM00001,narrow_elevation_band;old_manifest_vintage;pre_centralization_no_aux;synthetic_cloud_unauditable
NM00002,narrow_elevation_band;old_manifest_vintage;pre_centralization_no_aux;synthetic_prefix_audited_clean
NM00003,narrow_elevation_band;old_manifest_vintage;pre_centralization_no_aux;synthetic_prefix_audited_clean
NM00004,narrow_elevation_band;old_manifest_vintage;pre_centralization_no_aux;synthetic_prefix_audited_clean
NM00006,narrow_elevation_band;old_manifest_vintage;pre_centralization_no_aux;synthetic_cloud_unauditable
NM00022,ddf_name_collision;ddf_rowcount_bad;tail_sensitivity_lost_name_collision
NM00024,ddf_name_collision;ddf_rowcount_bad
NM00058,ddf_name_collision;tail_sensitivity_lost_name_collision
NM00120,narrow_elevation_band;old_manifest_vintage;pre_centralization_no_aux;synthetic_cloud_unauditable
NM00122,narrow_elevation_band;old_manifest_vintage;pre_centralization_no_aux;synthetic_cloud_unauditable
NM00129,narrow_elevation_band;old_manifest_vintage;pre_centralization_no_aux;synthetic_cloud_unauditable
NM00130,narrow_elevation_band;old_manifest_vintage;pre_centralization_no_aux;synthetic_prefix_audited_clean
NM00131,narrow_elevation_band;old_manifest_vintage;pre_centralization_no_aux;synthetic_cloud_unauditable
NM00132,ddf_name_collision;ddf_rowcount_bad
NM00145,ddf_name_collision;tail_sensitivity_lost_name_collision
NM00151,ddf_name_collision;tail_sensitivity_lost_name_collision
NM00157,ddf_name_collision;ddf_rowcount_bad
NM00158,ddf_name_collision;narrow_elevation_band;old_manifest_vintage;pre_centralization_no_aux;synthetic_cloud_unauditable;tail_sensitivity_lost_name_collision
NM00176,ddf_name_collision;ddf_rowcount_bad
NM00197,ddf_name_collision;tail_sensitivity_lost_name_collision
NM00199,ddf_name_collision;ddf_rowcount_bad
NM00241,ddf_name_collision;ddf_rowcount_bad;tail_sensitivity_lost_name_collision
NM00242,ddf_name_collision;ddf_rowcount_bad;tail_sensitivity_lost_name_collision
NM00248,ddf_name_collision;ddf_rowcount_bad;tail_sensitivity_lost_name_collision
NM00273,ddf_name_collision;tail_sensitivity_lost_name_collision
NM00293,narrow_elevation_band;old_manifest_vintage;pre_centralization_no_aux;synthetic_cloud_unauditable
NM00294,ddf_name_collision;ddf_rowcount_bad;tail_sensitivity_lost_name_collision
NM00295,ddf_name_collision;ddf_rowcount_bad
NM00316,ddf_name_collision
NM00319,ddf_name_collision;ddf_rowcount_bad
NM00335,ddf_name_collision;ddf_rowcount_bad
NM00337,ddf_name_collision;ddf_rowcount_bad;tail_sensitivity_lost_name_collision
NM00351,narrow_elevation_band;old_manifest_vintage
NM00371,ddf_name_collision;ddf_rowcount_bad
NM00404,narrow_elevation_band;old_manifest_vintage;pre_centralization_no_aux;synthetic_cloud_unauditable
NM00455,ddf_name_collision;ddf_rowcount_bad
NM00473,ddf_name_collision
NM00487,ddf_name_collision;ddf_rowcount_bad
NM00500,ddf_name_collision;ddf_rowcount_bad;narrow_elevation_band;old_manifest_vintage;pre_centralization_no_aux;synthetic_cloud_unauditable
NM00505,narrow_elevation_band;old_manifest_vintage;pre_centralization_no_aux;synthetic_prefix_audited_clean
NM00546,ddf_name_collision;ddf_rowcount_bad
NM00590,ddf_name_collision;tail_sensitivity_lost_name_collision
NM00612,ddf_name_collision;ddf_rowcount_bad
NM00664,ddf_name_collision;ddf_rowcount_bad
NM10008,narrow_elevation_band;old_manifest_vintage;pre_centralization_no_aux;synthetic_prefix_audited_clean
NM82924,ddf_name_collision;ddf_rowcount_bad
NV00001,ddf_name_collision;ddf_rowcount_bad
NV00041,ddf_name_collision
NV00095,ddf_name_collision;ddf_rowcount_bad
NV00189,ddf_name_collision;ddf_rowcount_bad
NV10001,ddf_name_collision;tail_sensitivity_lost_name_collision
NV10119,narrow_elevation_band;old_manifest_vintage
NV10122,ddf_name_collision;ddf_rowcount_bad;narrow_elevation_band;old_manifest_vintage;pre_centralization_no_aux;synthetic_cloud_unauditable
NV10124,narrow_elevation_band;old_manifest_vintage;pre_centralization_no_aux;synthetic_prefix_audited_clean
NV10130,ddf_name_collision;ddf_rowcount_bad;tail_sensitivity_lost_name_collision
NV10132,ddf_name_collision;ddf_rowcount_bad;tail_sensitivity_lost_name_collision
NY00001,ddf_name_collision;ddf_rowcount_bad;tail_sensitivity_lost_name_collision
NY00008,ddf_name_collision;tail_sensitivity_lost_name_collision
NY00012,ddf_name_collision;ddf_rowcount_bad
NY00018,ddf_name_collision;ddf_rowcount_bad
NY00027,ddf_name_collision;ddf_rowcount_bad
NY00041,old_manifest_vintage
NY00052,ddf_name_collision;ddf_rowcount_bad
NY00067,ddf_name_collision;ddf_rowcount_bad;tail_sensitivity_lost_name_collision
NY00071,ddf_name_collision;tail_sensitivity_lost_name_collision
NY00090,ddf_name_collision;tail_sensitivity_lost_name_collision
NY00096,ddf_name_collision;ddf_rowcount_bad
NY00100,ddf_name_collision;tail_sensitivity_lost_name_collision
NY00105,ddf_name_collision;ddf_rowcount_bad
NY00109,ddf_name_collision;ddf_rowcount_bad
NY00113,ddf_name_collision;ddf_rowcount_bad
NY00115,ddf_name_collision;ddf_rowcount_bad
NY00128,ddf_name_collision;ddf_rowcount_bad
NY00134,ddf_name_collision;ddf_rowcount_bad
NY00138,ddf_name_collision;tail_sensitivity_lost_name_collision
NY00142,ddf_name_collision;tail_sensitivity_lost_name_collision
NY00146,narrow_elevation_band;old_manifest_vintage;pre_centralization_no_aux;synthetic_cloud_unauditable
NY00148,ddf_name_collision;ddf_rowcount_bad
NY00151,ddf_name_collision;ddf_rowcount_bad
NY00156,ddf_name_collision;ddf_rowcount_bad;tail_sensitivity_lost_name_collision
NY00163,ddf_name_collision;ddf_rowcount_bad
NY00176,narrow_elevation_band;old_manifest_vintage
NY00216,ddf_name_collision;ddf_rowcount_bad;tail_sensitivity_lost_name_collision
NY00239,ddf_name_collision;tail_sensitivity_lost_name_collision
NY00241,ddf_name_collision;ddf_rowcount_bad
NY00247,ddf_name_collision;ddf_rowcount_bad;tail_sensitivity_lost_name_collision
NY00249,ddf_name_collision
NY00257,ddf_name_collision;ddf_rowcount_bad;tail_sensitivity_lost_name_collision
NY00267,ddf_name_collision;ddf_rowcount_bad;tail_sensitivity_lost_name_collision
NY00303,ddf_name_collision
NY00306,ddf_name_collision;ddf_rowcount_bad
NY00313,ddf_name_collision;ddf_rowcount_bad
NY00317,ddf_name_collision;ddf_rowcount_bad;tail_sensitivity_lost_name_collision
NY00319,ddf_name_collision;ddf_rowcount_bad
NY00333,ddf_name_collision;ddf_rowcount_bad;tail_sensitivity_lost_name_collision
NY00338,ddf_name_collision;ddf_rowcount_bad;tail_sensitivity_lost_name_collision
NY00342,old_manifest_vintage
NY00348,old_manifest_vintage
NY00356,ddf_name_collision
NY00359,ddf_name_collision;ddf_rowcount_bad
NY00361,narrow_elevation_band;old_manifest_vintage;pre_centralization_no_aux;synthetic_cloud_unauditable
NY00368,ddf_name_collision;ddf_rowcount_bad;tail_sensitivity_lost_name_collision
NY00387,ddf_name_collision;ddf_rowcount_bad
NY00390,narrow_elevation_band;old_manifest_vintage;pre_centralization_no_aux;synthetic_prefix_audited_clean
NY00397,ddf_name_collision;ddf_rowcount_bad;tail_sensitivity_lost_name_collision
NY00400,ddf_name_collision;tail_sensitivity_lost_name_collision
NY00404,ddf_name_collision;ddf_rowcount_bad
NY00406,ddf_name_collision
NY00413,ddf_name_collision;tail_sensitivity_lost_name_collision
NY00414,aux_missing_transition_window;narrow_elevation_band;old_manifest_vintage
NY00416,narrow_elevation_band;old_manifest_vintage;pre_centralization_no_aux;synthetic_cloud_unauditable
NY00468,narrow_elevation_band;old_manifest_vintage;pre_centralization_no_aux;synthetic_cloud_unauditable
NY00477,ddf_name_collision;ddf_rowcount_bad;tail_sensitivity_lost_name_collision
NY00482,ddf_name_collision;ddf_rowcount_bad
NY00483,ddf_name_collision
NY00489,ddf_name_collision
NY00498,ddf_name_collision;ddf_rowcount_bad
NY00502,ddf_name_collision;ddf_rowcount_bad;tail_sensitivity_lost_name_collision
NY00505,ddf_name_collision;ddf_rowcount_bad
NY00507,ddf_name_collision;ddf_rowcount_bad
NY00512,ddf_name_collision
NY00520,ddf_name_collision;ddf_rowcount_bad;tail_sensitivity_lost_name_collision
NY00536,ddf_name_collision;ddf_rowcount_bad
NY00537,ddf_name_collision;ddf_rowcount_bad
NY00542,old_manifest_vintage
NY00555,ddf_name_collision;ddf_rowcount_bad
NY00572,ddf_name_collision;ddf_rowcount_bad
NY00577,ddf_name_collision
NY00580,ddf_name_collision;ddf_rowcount_bad
NY00592,ddf_name_collision;tail_sensitivity_lost_name_collision
NY00597,ddf_name_collision
NY00614,ddf_name_collision
NY00618,ddf_name_collision;ddf_rowcount_bad
NY00619,ddf_name_collision;ddf_rowcount_bad
NY00624,ddf_name_collision;ddf_rowcount_bad
NY00635,ddf_name_collision;ddf_rowcount_bad
NY00653,ddf_name_collision;ddf_rowcount_bad;tail_sensitivity_lost_name_collision
NY00661,ddf_name_collision
NY00663,ddf_name_collision;ddf_rowcount_bad
NY00665,ddf_name_collision;ddf_rowcount_bad;tail_sensitivity_lost_name_collision
NY00666,ddf_name_collision
NY00667,ddf_name_collision;ddf_rowcount_bad
NY00669,ddf_name_collision;ddf_rowcount_bad;tail_sensitivity_lost_name_collision
NY00674,ddf_name_collision;ddf_rowcount_bad
NY00679,ddf_name_collision;ddf_rowcount_bad
NY00682,ddf_name_collision;ddf_rowcount_bad
NY00687,ddf_name_collision;ddf_rowcount_bad
NY00689,ddf_name_collision;tail_sensitivity_lost_name_collision
NY00693,ddf_name_collision;ddf_rowcount_bad
NY00709,narrow_elevation_band;old_manifest_vintage;pre_centralization_no_aux;synthetic_cloud_unauditable
NY00712,narrow_elevation_band;old_manifest_vintage
NY00736,ddf_name_collision;ddf_rowcount_bad;tail_sensitivity_lost_name_collision
NY00746,ddf_name_collision;ddf_rowcount_bad
NY00748,ddf_name_collision;tail_sensitivity_lost_name_collision
NY00750,ddf_name_collision;ddf_rowcount_bad;narrow_elevation_band;old_manifest_vintage
NY00751,ddf_name_collision;ddf_rowcount_bad;tail_sensitivity_lost_name_collision
NY00752,ddf_name_collision;ddf_rowcount_bad
NY00754,ddf_name_collision;ddf_rowcount_bad;tail_sensitivity_lost_name_collision
NY00755,ddf_name_collision;ddf_rowcount_bad
NY00757,ddf_name_collision;ddf_rowcount_bad
NY00765,ddf_name_collision;ddf_rowcount_bad;tail_sensitivity_lost_name_collision
NY00769,ddf_name_collision
NY00770,ddf_name_collision;ddf_rowcount_bad
NY00771,ddf_name_collision;ddf_rowcount_bad;tail_sensitivity_lost_name_collision
NY00782,ddf_name_collision;ddf_rowcount_bad
NY00787,ddf_name_collision;ddf_rowcount_bad
NY00795,ddf_name_collision;tail_sensitivity_lost_name_collision
NY00804,ddf_name_collision
NY00806,ddf_name_collision;ddf_rowcount_bad
NY00819,ddf_name_collision;ddf_rowcount_bad;tail_sensitivity_lost_name_collision
NY00840,ddf_name_collision;ddf_rowcount_bad;tail_sensitivity_lost_name_collision
NY00845,ddf_name_collision;ddf_rowcount_bad
NY00848,ddf_name_collision;ddf_rowcount_bad
NY00869,ddf_name_collision;ddf_rowcount_bad;tail_sensitivity_lost_name_collision
NY00870,ddf_name_collision;ddf_rowcount_bad
NY00877,ddf_name_collision;ddf_rowcount_bad
NY00892,ddf_name_collision;ddf_rowcount_bad
NY00896,ddf_name_collision;ddf_rowcount_bad
NY00906,ddf_name_collision;ddf_rowcount_bad
NY00908,ddf_name_collision;ddf_rowcount_bad;tail_sensitivity_lost_name_collision
NY00919,ddf_name_collision;ddf_rowcount_bad
NY00936,ddf_name_collision;ddf_rowcount_bad
NY00941,ddf_name_collision;ddf_rowcount_bad;tail_sensitivity_lost_name_collision
NY00944,ddf_name_collision;ddf_rowcount_bad
NY00946,ddf_name_collision;tail_sensitivity_lost_name_collision
NY00976,ddf_name_collision;ddf_rowcount_bad
NY00986,ddf_name_collision;ddf_rowcount_bad
NY00994,ddf_name_collision;ddf_rowcount_bad
NY01055,narrow_elevation_band;old_manifest_vintage;pre_centralization_no_aux;synthetic_prefix_audited_clean
NY01064,ddf_name_collision;ddf_rowcount_bad
NY01088,ddf_name_collision
NY01091,ddf_name_collision;ddf_rowcount_bad;tail_sensitivity_lost_name_collision
NY01092,ddf_name_collision;ddf_rowcount_bad
NY01094,ddf_name_collision;tail_sensitivity_lost_name_collision
NY01098,ddf_name_collision;ddf_rowcount_bad
NY01112,ddf_name_collision;ddf_rowcount_bad;tail_sensitivity_lost_name_collision
NY01114,ddf_name_collision;ddf_rowcount_bad;tail_sensitivity_lost_name_collision
NY01116,ddf_name_collision;ddf_rowcount_bad
NY01119,ddf_name_collision;ddf_rowcount_bad;tail_sensitivity_lost_name_collision
NY01121,ddf_name_collision;ddf_rowcount_bad
NY01123,ddf_name_collision;ddf_rowcount_bad
NY01137,ddf_name_collision;ddf_rowcount_bad
NY01146,ddf_name_collision;ddf_rowcount_bad
NY01165,ddf_name_collision;ddf_rowcount_bad
NY01166,ddf_name_collision;ddf_rowcount_bad
NY01167,ddf_name_collision;ddf_rowcount_bad
NY01169,ddf_name_collision;ddf_rowcount_bad
NY01171,ddf_name_collision;ddf_rowcount_bad
NY01174,ddf_name_collision;ddf_rowcount_bad
NY01200,ddf_name_collision;ddf_rowcount_bad
NY01203,ddf_name_collision;ddf_rowcount_bad
NY01207,ddf_name_collision;ddf_rowcount_bad
NY01210,ddf_name_collision;ddf_rowcount_bad
NY01222,ddf_name_collision
NY01230,ddf_name_collision;ddf_rowcount_bad
NY01244,ddf_name_collision;ddf_rowcount_bad
NY01254,ddf_name_collision;ddf_rowcount_bad
NY01260,ddf_name_collision;ddf_rowcount_bad
NY01261,ddf_name_collision;ddf_rowcount_bad
NY01263,ddf_name_collision;ddf_rowcount_bad
NY01267,ddf_name_collision;ddf_rowcount_bad;tail_sensitivity_lost_name_collision
NY01268,ddf_name_collision;ddf_rowcount_bad
NY01269,ddf_name_collision;ddf_rowcount_bad
NY01270,ddf_name_collision;ddf_rowcount_bad
NY01272,ddf_name_collision;ddf_rowcount_bad
NY01278,ddf_name_collision;ddf_rowcount_bad
NY01281,ddf_name_collision
NY01282,ddf_name_collision;ddf_rowcount_bad;tail_sensitivity_lost_name_collision
NY01285,ddf_name_collision;ddf_rowcount_bad;tail_sensitivity_lost_name_collision
NY01290,ddf_name_collision;ddf_rowcount_bad
NY01291,ddf_name_collision;ddf_rowcount_bad;tail_sensitivity_lost_name_collision
NY01292,ddf_name_collision;ddf_rowcount_bad
NY01293,ddf_name_collision;ddf_rowcount_bad
NY01318,ddf_name_collision;ddf_rowcount_bad
NY01319,ddf_name_collision;ddf_rowcount_bad
NY01323,ddf_name_collision;ddf_rowcount_bad
NY01324,ddf_name_collision;ddf_rowcount_bad
NY01327,ddf_name_collision;ddf_rowcount_bad
NY01328,ddf_name_collision;ddf_rowcount_bad
NY01335,ddf_name_collision;ddf_rowcount_bad
NY01337,ddf_name_collision;ddf_rowcount_bad
NY01339,ddf_name_collision;ddf_rowcount_bad
NY01344,ddf_name_collision;ddf_rowcount_bad
NY01345,ddf_name_collision;ddf_rowcount_bad
NY01349,ddf_name_collision;ddf_rowcount_bad
NY01355,ddf_name_collision;ddf_rowcount_bad;tail_sensitivity_lost_name_collision
NY01358,ddf_name_collision;ddf_rowcount_bad
NY01364,ddf_name_collision;ddf_rowcount_bad
NY01374,ddf_name_collision;ddf_rowcount_bad
NY01411,ddf_name_collision;ddf_rowcount_bad
NY01432,ddf_name_collision;ddf_rowcount_bad;tail_sensitivity_lost_name_collision
NY01463,ddf_name_collision;ddf_rowcount_bad
NY01473,ddf_name_collision;ddf_rowcount_bad
NY01483,ddf_name_collision;ddf_rowcount_bad
NY01494,ddf_name_collision;ddf_rowcount_bad
NY01496,ddf_name_collision;ddf_rowcount_bad
NY01501,ddf_name_collision;ddf_rowcount_bad
NY01508,ddf_name_collision;ddf_rowcount_bad
NY01520,ddf_name_collision;ddf_rowcount_bad
NY01552,ddf_name_collision;ddf_rowcount_bad
NY01569,ddf_name_collision;ddf_rowcount_bad
NY01593,ddf_name_collision;ddf_rowcount_bad
NY01596,ddf_name_collision;tail_sensitivity_lost_name_collision
NY01617,ddf_name_collision;ddf_rowcount_bad
NY01620,ddf_name_collision;ddf_rowcount_bad
NY01624,ddf_name_collision;ddf_rowcount_bad
NY10113,ddf_name_collision;ddf_rowcount_bad
NY10375,ddf_name_collision;ddf_rowcount_bad
NY12082,ddf_name_collision;ddf_rowcount_bad
NY12119,ddf_name_collision;ddf_rowcount_bad
NY12202,ddf_name_collision;ddf_rowcount_bad
NY12372,ddf_name_collision;ddf_rowcount_bad
NY12587,ddf_name_collision;ddf_rowcount_bad
NY12633,ddf_name_collision;ddf_rowcount_bad
NY12733,ddf_name_collision;ddf_rowcount_bad
NY12998,ddf_name_collision;ddf_rowcount_bad
NY13070,ddf_name_collision;ddf_rowcount_bad
NY13096,ddf_name_collision;ddf_rowcount_bad
NY13182,ddf_name_collision;ddf_rowcount_bad
NY13195,ddf_name_collision;ddf_rowcount_bad;tail_sensitivity_lost_name_collision
NY13362,ddf_name_collision;ddf_rowcount_bad
NY13383,ddf_name_collision;ddf_rowcount_bad
NY13544,ddf_name_collision;ddf_rowcount_bad
NY13562,ddf_name_collision;ddf_rowcount_bad
NY13603,ddf_name_collision;ddf_rowcount_bad
NY13620,ddf_name_collision;ddf_rowcount_bad
NY13627,ddf_name_collision;ddf_rowcount_bad
NY13662,ddf_name_collision;ddf_rowcount_bad
NY13728,ddf_name_collision;ddf_rowcount_bad
NY13818,ddf_name_collision;ddf_rowcount_bad
NY13945,ddf_name_collision;ddf_rowcount_bad
NY13959,ddf_name_collision;ddf_rowcount_bad
NY14090,ddf_name_collision;ddf_rowcount_bad
NY14108,ddf_name_collision;ddf_rowcount_bad
NY14294,ddf_name_collision;ddf_rowcount_bad
NY14961,ddf_name_collision;ddf_rowcount_bad
NY14969,ddf_name_collision;ddf_rowcount_bad
NY14985,ddf_name_collision;ddf_rowcount_bad
NY15003,ddf_name_collision;ddf_rowcount_bad
NY16030,ddf_name_collision;ddf_rowcount_bad
NY16118,ddf_name_collision;ddf_rowcount_bad
NY16288,ddf_name_collision;ddf_rowcount_bad
NY16901,ddf_name_collision;ddf_rowcount_bad
OH00003,ddf_name_collision;ddf_rowcount_bad
OH00006,ddf_name_collision;ddf_rowcount_bad
OH00007,ddf_name_collision;synthetic_purged_rerun_ok;tail_sensitivity_lost_name_collision
OH00008,ddf_name_collision;ddf_rowcount_bad;tail_sensitivity_lost_name_collision
OH00014,ddf_name_collision;ddf_rowcount_bad
OH00016,narrow_elevation_band;old_manifest_vintage;pre_centralization_no_aux;synthetic_cloud_unauditable
OH00022,ddf_name_collision;ddf_rowcount_bad
OH00023,ddf_name_collision;ddf_rowcount_bad
OH00024,ddf_name_collision;ddf_rowcount_bad
OH00026,ddf_name_collision;ddf_rowcount_bad;tail_sensitivity_lost_name_collision
OH00038,ddf_name_collision;ddf_rowcount_bad
OH00042,ddf_name_collision;tail_sensitivity_lost_name_collision
OH00052,ddf_name_collision;ddf_rowcount_bad
OH00054,ddf_name_collision;ddf_rowcount_bad
OH00055,ddf_name_collision;ddf_rowcount_bad
OH00064,ddf_name_collision;ddf_rowcount_bad
OH00067,ddf_name_collision
OH00077,ddf_name_collision;tail_sensitivity_lost_name_collision
OH00080,ddf_name_collision;ddf_rowcount_bad
OH00086,ddf_name_collision;tail_sensitivity_lost_name_collision
OH00092,ddf_name_collision;ddf_rowcount_bad
OH00093,ddf_name_collision;ddf_rowcount_bad
OH00094,ddf_name_collision;ddf_rowcount_bad
OH00108,ddf_name_collision;ddf_rowcount_bad
OH00115,ddf_name_collision;ddf_rowcount_bad
OH00144,ddf_name_collision;ddf_rowcount_bad;tail_sensitivity_lost_name_collision
OH00145,ddf_name_collision;ddf_rowcount_bad
OH00147,ddf_name_collision;ddf_rowcount_bad
OH00158,ddf_name_collision;ddf_rowcount_bad
OH00160,ddf_name_collision;ddf_rowcount_bad
OH00171,ddf_name_collision;ddf_rowcount_bad
OH00173,ddf_name_collision;ddf_rowcount_bad
OH00181,ddf_name_collision;ddf_rowcount_bad
OH00194,ddf_name_collision;ddf_rowcount_bad
OH00200,ddf_name_collision;ddf_rowcount_bad
OH00201,ddf_name_collision;ddf_rowcount_bad
OH00207,ddf_name_collision;ddf_rowcount_bad
OH00222,ddf_name_collision;ddf_rowcount_bad;tail_sensitivity_lost_name_collision
OH00224,ddf_name_collision;ddf_rowcount_bad
OH00227,ddf_name_collision;ddf_rowcount_bad
OH00231,ddf_name_collision;ddf_rowcount_bad
OH00232,ddf_name_collision;tail_sensitivity_lost_name_collision
OH00233,ddf_name_collision;ddf_rowcount_bad
OH00245,ddf_name_collision;tail_sensitivity_lost_name_collision
OH00248,ddf_name_collision;ddf_rowcount_bad
OH00252,ddf_name_collision;ddf_rowcount_bad
OH00259,ddf_name_collision;ddf_rowcount_bad;tail_sensitivity_lost_name_collision
OH00289,ddf_name_collision;ddf_rowcount_bad
OH00292,ddf_name_collision;ddf_rowcount_bad
OH00303,ddf_name_collision;ddf_rowcount_bad;tail_sensitivity_lost_name_collision
OH00315,ddf_name_collision;ddf_rowcount_bad
OH00319,ddf_name_collision;ddf_rowcount_bad
OH00323,ddf_name_collision;ddf_rowcount_bad
OH00326,ddf_name_collision;ddf_rowcount_bad
OH00330,ddf_name_collision;ddf_rowcount_bad
OH00332,ddf_name_collision;ddf_rowcount_bad;tail_sensitivity_lost_name_collision
OH00336,ddf_name_collision;ddf_rowcount_bad
OH00338,ddf_name_collision;ddf_rowcount_bad
OH00351,ddf_name_collision;ddf_rowcount_bad
OH00359,ddf_name_collision;ddf_rowcount_bad;tail_sensitivity_lost_name_collision
OH00360,ddf_name_collision;ddf_rowcount_bad
OH00368,ddf_name_collision;ddf_rowcount_bad
OH00373,ddf_name_collision;ddf_rowcount_bad
OH00375,ddf_name_collision;ddf_rowcount_bad
OH00380,ddf_name_collision;ddf_rowcount_bad
OH00386,ddf_name_collision;ddf_rowcount_bad;tail_sensitivity_lost_name_collision
OH00402,ddf_name_collision;ddf_rowcount_bad;tail_sensitivity_lost_name_collision
OH00414,ddf_name_collision;ddf_rowcount_bad
OH00415,ddf_name_collision;ddf_rowcount_bad
OH00421,ddf_name_collision;ddf_rowcount_bad;tail_sensitivity_lost_name_collision
OH00426,ddf_name_collision;ddf_rowcount_bad;narrow_elevation_band;old_manifest_vintage;pre_centralization_no_aux;synthetic_cloud_unauditable
OH00427,narrow_elevation_band;old_manifest_vintage;pre_centralization_no_aux;synthetic_cloud_unauditable
OH00428,ddf_name_collision;ddf_rowcount_bad
OH00431,narrow_elevation_band;old_manifest_vintage;pre_centralization_no_aux;synthetic_cloud_unauditable
OH00435,ddf_name_collision;ddf_rowcount_bad
OH00438,ddf_name_collision;ddf_rowcount_bad;tail_sensitivity_lost_name_collision
OH00441,ddf_name_collision;ddf_rowcount_bad
OH00443,ddf_name_collision;ddf_rowcount_bad;tail_sensitivity_lost_name_collision
OH00444,ddf_name_collision;ddf_rowcount_bad;tail_sensitivity_lost_name_collision
OH00449,ddf_name_collision;ddf_rowcount_bad
OH00458,ddf_name_collision;ddf_rowcount_bad
OH00464,ddf_name_collision;ddf_rowcount_bad
OH00467,ddf_name_collision;tail_sensitivity_lost_name_collision
OH00473,ddf_name_collision;ddf_rowcount_bad;tail_sensitivity_lost_name_collision
OH00483,ddf_name_collision;ddf_rowcount_bad;tail_sensitivity_lost_name_collision
OH00486,ddf_name_collision;ddf_rowcount_bad
OH00488,ddf_name_collision;ddf_rowcount_bad
OH00491,ddf_name_collision;ddf_rowcount_bad
OH00493,ddf_name_collision;ddf_rowcount_bad
OH00495,ddf_name_collision;ddf_rowcount_bad;tail_sensitivity_lost_name_collision
OH00496,ddf_name_collision;ddf_rowcount_bad;tail_sensitivity_lost_name_collision
OH00500,ddf_name_collision;ddf_rowcount_bad;tail_sensitivity_lost_name_collision
OH00516,ddf_name_collision;ddf_rowcount_bad
OH00523,ddf_name_collision;ddf_rowcount_bad
OH00530,ddf_name_collision;ddf_rowcount_bad
OH00533,ddf_name_collision;ddf_rowcount_bad
OH00544,ddf_name_collision;ddf_rowcount_bad
OH00551,ddf_name_collision;ddf_rowcount_bad
OH00587,ddf_name_collision;tail_sensitivity_lost_name_collision
OH00595,ddf_name_collision;ddf_rowcount_bad
OH00596,ddf_name_collision;ddf_rowcount_bad;tail_sensitivity_lost_name_collision
OH00602,ddf_name_collision;ddf_rowcount_bad
OH00604,ddf_name_collision;ddf_rowcount_bad
OH00607,ddf_name_collision;ddf_rowcount_bad
OH00615,ddf_name_collision;ddf_rowcount_bad
OH00630,ddf_name_collision;ddf_rowcount_bad
OH00631,ddf_name_collision;ddf_rowcount_bad;tail_sensitivity_lost_name_collision
OH00632,ddf_name_collision;ddf_rowcount_bad;tail_sensitivity_lost_name_collision
OH00636,ddf_name_collision;ddf_rowcount_bad;tail_sensitivity_lost_name_collision
OH00638,ddf_name_collision;tail_sensitivity_lost_name_collision
OH00639,ddf_name_collision;ddf_rowcount_bad
OH00642,ddf_name_collision;ddf_rowcount_bad;tail_sensitivity_lost_name_collision
OH00662,ddf_name_collision;ddf_rowcount_bad
OH00683,ddf_name_collision;ddf_rowcount_bad
OH00688,ddf_name_collision;ddf_rowcount_bad
OH00708,ddf_name_collision;ddf_rowcount_bad;tail_sensitivity_lost_name_collision
OH00728,ddf_name_collision;ddf_rowcount_bad
OH00734,ddf_name_collision;ddf_rowcount_bad;tail_sensitivity_lost_name_collision
OH00737,ddf_name_collision;synthetic_purged_rerun_ok;tail_sensitivity_lost_name_collision
OH00755,ddf_name_collision;ddf_rowcount_bad
OH00756,ddf_name_collision;tail_sensitivity_lost_name_collision
OH00799,ddf_name_collision;ddf_rowcount_bad
OH00865,ddf_name_collision;ddf_rowcount_bad
OH00873,ddf_name_collision;tail_sensitivity_lost_name_collision
OH00879,ddf_name_collision;ddf_rowcount_bad
OH00915,ddf_name_collision;ddf_rowcount_bad
OH00923,ddf_name_collision;ddf_rowcount_bad
OH00924,ddf_name_collision;ddf_rowcount_bad
OH00929,narrow_elevation_band;synthetic_cloud_unauditable
OH00934,ddf_name_collision;ddf_rowcount_bad
OH00942,ddf_name_collision;ddf_rowcount_bad;tail_sensitivity_lost_name_collision
OH00947,ddf_name_collision;ddf_rowcount_bad
OH00950,ddf_name_collision;ddf_rowcount_bad
OH00953,ddf_name_collision;ddf_rowcount_bad
OH00961,ddf_name_collision;ddf_rowcount_bad
OH00969,ddf_name_collision;ddf_rowcount_bad
OH00982,ddf_name_collision;ddf_rowcount_bad
OH00983,ddf_name_collision;ddf_rowcount_bad
OH00984,ddf_name_collision;ddf_rowcount_bad
OH00986,ddf_name_collision;ddf_rowcount_bad
OH01000,ddf_name_collision;ddf_rowcount_bad
OH01004,ddf_name_collision;ddf_rowcount_bad
OH01007,ddf_name_collision;ddf_rowcount_bad
OH01015,ddf_name_collision;ddf_rowcount_bad
OH01016,ddf_name_collision;ddf_rowcount_bad
OH01021,ddf_name_collision;ddf_rowcount_bad
OH01063,ddf_name_collision;ddf_rowcount_bad
OH01066,ddf_name_collision;ddf_rowcount_bad;tail_sensitivity_lost_name_collision
OH01090,ddf_name_collision;ddf_rowcount_bad
OH01113,ddf_name_collision;ddf_rowcount_bad
OH01121,ddf_name_collision;ddf_rowcount_bad
OH01170,ddf_name_collision;ddf_rowcount_bad
OH01294,ddf_name_collision;ddf_rowcount_bad
OH01302,ddf_name_collision;ddf_rowcount_bad
OH01339,ddf_name_collision;ddf_rowcount_bad
OH01404,ddf_name_collision;ddf_rowcount_bad
OH01547,ddf_name_collision;ddf_rowcount_bad
OH01551,ddf_name_collision;ddf_rowcount_bad
OH01557,ddf_name_collision;ddf_rowcount_bad
OH01569,ddf_name_collision;ddf_rowcount_bad
OH01572,ddf_name_collision;ddf_rowcount_bad
OH01576,ddf_name_collision;ddf_rowcount_bad
OH01587,ddf_name_collision;ddf_rowcount_bad
OH01609,ddf_name_collision;ddf_rowcount_bad
OH01611,ddf_name_collision;ddf_rowcount_bad
OH01660,ddf_name_collision;ddf_rowcount_bad
OH01671,ddf_name_collision
OH01677,ddf_name_collision;ddf_rowcount_bad
OH01697,ddf_name_collision;ddf_rowcount_bad
OH01717,ddf_name_collision;ddf_rowcount_bad
OH01850,ddf_name_collision;ddf_rowcount_bad
OH01863,ddf_name_collision;ddf_rowcount_bad
OH01872,ddf_name_collision;ddf_rowcount_bad
OH01888,ddf_name_collision;ddf_rowcount_bad
OH01922,ddf_name_collision;ddf_rowcount_bad
OH01947,ddf_name_collision;ddf_rowcount_bad
OH02017,ddf_name_collision;ddf_rowcount_bad
OH02103,ddf_name_collision;ddf_rowcount_bad
OH02109,ddf_name_collision;ddf_rowcount_bad
OH02127,ddf_name_collision;ddf_rowcount_bad
OH02137,ddf_name_collision;ddf_rowcount_bad
OH02153,ddf_name_collision;ddf_rowcount_bad
OH02156,ddf_name_collision;ddf_rowcount_bad
OH02165,ddf_name_collision;ddf_rowcount_bad
OH02176,ddf_name_collision;ddf_rowcount_bad
OH02183,ddf_name_collision;ddf_rowcount_bad
OH02398,ddf_name_collision;ddf_rowcount_bad
OH02409,ddf_name_collision;ddf_rowcount_bad
OH02425,ddf_name_collision;ddf_rowcount_bad
OH02435,ddf_name_collision;ddf_rowcount_bad
OH02471,ddf_name_collision;ddf_rowcount_bad;tail_sensitivity_lost_name_collision
OH02568,ddf_name_collision;ddf_rowcount_bad
OH02639,ddf_name_collision;ddf_rowcount_bad
OH02676,ddf_name_collision;ddf_rowcount_bad
OH02749,ddf_name_collision;ddf_rowcount_bad
OH02847,ddf_name_collision;ddf_rowcount_bad;tail_sensitivity_lost_name_collision
OH02862,ddf_name_collision;ddf_rowcount_bad
OH02879,ddf_name_collision;ddf_rowcount_bad
OH02892,ddf_name_collision
OH02979,ddf_name_collision;ddf_rowcount_bad
OH03021,ddf_name_collision;ddf_rowcount_bad
OH03055,ddf_name_collision;ddf_rowcount_bad
OH03060,ddf_name_collision;ddf_rowcount_bad
OH03069,ddf_name_collision;ddf_rowcount_bad
OH03130,ddf_name_collision;ddf_rowcount_bad;tail_sensitivity_lost_name_collision
OH03135,ddf_name_collision;ddf_rowcount_bad
OH82420,ddf_name_collision;ddf_rowcount_bad
OK00010,ddf_name_collision;ddf_rowcount_bad
OK00036,ddf_name_collision;ddf_rowcount_bad
OK00041,ddf_name_collision;ddf_rowcount_bad
OK00048,ddf_name_collision;ddf_rowcount_bad
OK00049,ddf_name_collision;ddf_rowcount_bad
OK00051,ddf_name_collision;ddf_rowcount_bad
OK00053,ddf_name_collision
OK00059,ddf_name_collision
OK00060,ddf_name_collision;tail_sensitivity_lost_name_collision
OK00073,ddf_name_collision;ddf_rowcount_bad
OK00135,old_manifest_vintage
OK00355,ddf_name_collision;ddf_rowcount_bad
OK00452,ddf_name_collision;ddf_rowcount_bad;narrow_elevation_band;old_manifest_vintage;pre_centralization_no_aux;synthetic_prefix_audited_clean;tail_sensitivity_lost_name_collision
OK00465,ddf_name_collision;ddf_rowcount_bad;tail_sensitivity_lost_name_collision
OK00497,ddf_name_collision;ddf_rowcount_bad
OK00569,ddf_name_collision;tail_sensitivity_lost_name_collision
OK00570,ddf_name_collision;ddf_rowcount_bad
OK00696,ddf_name_collision;ddf_rowcount_bad
OK01345,ddf_name_collision;tail_sensitivity_lost_name_collision
OK01346,ddf_name_collision;tail_sensitivity_lost_name_collision
OK01361,ddf_name_collision;ddf_rowcount_bad
OK02005,ddf_name_collision
OK02006,ddf_name_collision
OK02007,ddf_name_collision;tail_sensitivity_lost_name_collision
OK02154,ddf_name_collision;ddf_rowcount_bad
OK02157,ddf_name_collision;tail_sensitivity_lost_name_collision
OK02158,ddf_name_collision
OK02159,ddf_name_collision;tail_sensitivity_lost_name_collision
OK02179,ddf_name_collision;tail_sensitivity_lost_name_collision
OK02187,ddf_name_collision
OK02197,ddf_name_collision;ddf_rowcount_bad
OK02198,ddf_name_collision;ddf_rowcount_bad
OK02303,ddf_name_collision;tail_sensitivity_lost_name_collision
OK02330,ddf_name_collision;ddf_rowcount_bad
OK02390,ddf_name_collision;ddf_rowcount_bad
OK02416,ddf_name_collision;ddf_rowcount_bad;tail_sensitivity_lost_name_collision
OK02432,ddf_name_collision
OK02500,narrow_elevation_band;old_manifest_vintage;pre_centralization_no_aux;synthetic_prefix_audited_clean
OK02502,narrow_elevation_band;old_manifest_vintage;pre_centralization_no_aux;synthetic_cloud_unauditable
OK02503,narrow_elevation_band;old_manifest_vintage;pre_centralization_no_aux;synthetic_cloud_unauditable
OK02504,ddf_name_collision;ddf_rowcount_bad;narrow_elevation_band;old_manifest_vintage;pre_centralization_no_aux;synthetic_cloud_unauditable
OK02507,ddf_name_collision;ddf_rowcount_bad
OK02510,ddf_name_collision;ddf_rowcount_bad
OK02532,ddf_name_collision;ddf_rowcount_bad
OK02584,ddf_name_collision;ddf_rowcount_bad
OK02586,ddf_name_collision;ddf_rowcount_bad
OK02606,ddf_name_collision;tail_sensitivity_lost_name_collision
OK02614,ddf_name_collision;ddf_rowcount_bad
OK02624,ddf_name_collision;ddf_rowcount_bad
OK03036,ddf_name_collision;ddf_rowcount_bad
OK10007,ddf_name_collision
OK10008,ddf_name_collision;ddf_rowcount_bad
OK10009,ddf_name_collision;ddf_rowcount_bad
OK10023,ddf_name_collision;ddf_rowcount_bad;tail_sensitivity_lost_name_collision
OK10026,ddf_name_collision;ddf_rowcount_bad
OK10047,ddf_name_collision;ddf_rowcount_bad
OK10051,ddf_name_collision;ddf_rowcount_bad
OK10059,ddf_name_collision;ddf_rowcount_bad
OK10067,ddf_name_collision
OK10075,ddf_name_collision;ddf_rowcount_bad
OK10248,ddf_name_collision;ddf_rowcount_bad
OK10301,narrow_elevation_band;old_manifest_vintage;pre_centralization_no_aux;synthetic_cloud_unauditable
OK10304,old_manifest_vintage
OK10309,narrow_elevation_band;old_manifest_vintage;pre_centralization_no_aux;synthetic_cloud_unauditable
OK10310,narrow_elevation_band;old_manifest_vintage;pre_centralization_no_aux;synthetic_cloud_unauditable
OK10311,old_manifest_vintage
OK10312,narrow_elevation_band;old_manifest_vintage;pre_centralization_no_aux;synthetic_cloud_unauditable
OK10315,old_manifest_vintage
OK10316,narrow_elevation_band;old_manifest_vintage;pre_centralization_no_aux;synthetic_cloud_unauditable
OK10317,narrow_elevation_band;synthetic_cloud_unauditable
OK10318,narrow_elevation_band;old_manifest_vintage
OK10319,narrow_elevation_band;old_manifest_vintage;pre_centralization_no_aux;synthetic_cloud_unauditable
OK10434,ddf_name_collision;ddf_rowcount_bad
OK10451,ddf_name_collision;ddf_rowcount_bad
OK10470,ddf_name_collision;ddf_rowcount_bad
OK10501,ddf_name_collision;ddf_rowcount_bad;tail_sensitivity_lost_name_collision
OK10700,ddf_name_collision;ddf_rowcount_bad
OK10709,ddf_name_collision;tail_sensitivity_lost_name_collision
OK11001,ddf_name_collision;ddf_rowcount_bad
OK11018,ddf_name_collision;ddf_rowcount_bad
OK11026,old_manifest_vintage
OK11027,ddf_name_collision;ddf_rowcount_bad
OK11031,ddf_name_collision;ddf_rowcount_bad
OK11036,ddf_name_collision;ddf_rowcount_bad
OK11040,ddf_name_collision;ddf_rowcount_bad;tail_sensitivity_lost_name_collision
OK11041,ddf_name_collision;ddf_rowcount_bad
OK11046,ddf_name_collision;tail_sensitivity_lost_name_collision
OK11073,ddf_name_collision;ddf_rowcount_bad;tail_sensitivity_lost_name_collision
OK11094,ddf_name_collision;ddf_rowcount_bad
OK11103,narrow_elevation_band;old_manifest_vintage;pre_centralization_no_aux;synthetic_cloud_unauditable
OK11108,ddf_name_collision;ddf_rowcount_bad
OK11112,ddf_name_collision;ddf_rowcount_bad
OK12100,ddf_name_collision
OK12195,ddf_name_collision;ddf_rowcount_bad
OK12197,ddf_name_collision;ddf_rowcount_bad
OK12199,ddf_name_collision
OK12226,ddf_name_collision;ddf_rowcount_bad
OK12254,ddf_name_collision;ddf_rowcount_bad
OK12255,ddf_name_collision;ddf_rowcount_bad
OK12279,ddf_name_collision;ddf_rowcount_bad
OK12284,ddf_name_collision;ddf_rowcount_bad
OK12285,ddf_name_collision;ddf_rowcount_bad
OK12286,ddf_name_collision;ddf_rowcount_bad
OK12342,ddf_name_collision;ddf_rowcount_bad
OK12343,ddf_name_collision;ddf_rowcount_bad
OK12355,ddf_name_collision;ddf_rowcount_bad
OK12356,ddf_name_collision;ddf_rowcount_bad
OK12366,ddf_name_collision;ddf_rowcount_bad
OK12367,ddf_name_collision;ddf_rowcount_bad
OK12459,ddf_name_collision;ddf_rowcount_bad
OK12460,ddf_name_collision;ddf_rowcount_bad
OK12462,ddf_name_collision;ddf_rowcount_bad
OK12463,ddf_name_collision;ddf_rowcount_bad
OK12480,ddf_name_collision;ddf_rowcount_bad
OK12492,ddf_name_collision;ddf_rowcount_bad
OK12496,ddf_name_collision;ddf_rowcount_bad
OK12498,ddf_name_collision;ddf_rowcount_bad
OK12499,ddf_name_collision;ddf_rowcount_bad
OK12503,ddf_name_collision;ddf_rowcount_bad
OK12504,ddf_name_collision;ddf_rowcount_bad
OK12505,ddf_name_collision;ddf_rowcount_bad
OK12535,ddf_name_collision;ddf_rowcount_bad
OK12540,ddf_name_collision;ddf_rowcount_bad
OK12541,ddf_name_collision;ddf_rowcount_bad
OK12542,ddf_name_collision;ddf_rowcount_bad
OK12574,ddf_name_collision;ddf_rowcount_bad
OK12575,ddf_name_collision;ddf_rowcount_bad
OK12578,ddf_name_collision
OK12590,ddf_name_collision;ddf_rowcount_bad
OK12591,ddf_name_collision;ddf_rowcount_bad
OK12622,ddf_name_collision;ddf_rowcount_bad;tail_sensitivity_lost_name_collision
OK12690,ddf_name_collision;ddf_rowcount_bad
OK12691,ddf_name_collision;ddf_rowcount_bad
OK12692,ddf_name_collision;ddf_rowcount_bad
OK12693,ddf_name_collision;ddf_rowcount_bad;tail_sensitivity_lost_name_collision
OK12694,ddf_name_collision;ddf_rowcount_bad
OK12733,ddf_name_collision;ddf_rowcount_bad
OK12734,ddf_name_collision;ddf_rowcount_bad
OK12739,ddf_name_collision;ddf_rowcount_bad
OK12780,ddf_name_collision;ddf_rowcount_bad
OK12781,ddf_name_collision;ddf_rowcount_bad
OK12796,ddf_name_collision;tail_sensitivity_lost_name_collision
OK12798,ddf_name_collision;ddf_rowcount_bad
OK12799,ddf_name_collision;ddf_rowcount_bad
OK12801,ddf_name_collision
OK12804,ddf_name_collision;ddf_rowcount_bad
OK12810,ddf_name_collision;ddf_rowcount_bad
OK12815,ddf_name_collision;ddf_rowcount_bad
OK12824,ddf_name_collision;ddf_rowcount_bad
OK12854,ddf_name_collision;ddf_rowcount_bad
OK12869,ddf_name_collision;ddf_rowcount_bad
OK12877,ddf_name_collision;ddf_rowcount_bad
OK12893,ddf_name_collision;ddf_rowcount_bad
OK12894,ddf_name_collision;ddf_rowcount_bad
OK12899,ddf_name_collision
OK12938,ddf_name_collision;ddf_rowcount_bad;tail_sensitivity_lost_name_collision
OK12942,ddf_name_collision;ddf_rowcount_bad
OK12951,ddf_name_collision;ddf_rowcount_bad
OK12976,ddf_name_collision;ddf_rowcount_bad
OK12977,ddf_name_collision;ddf_rowcount_bad
OK12999,ddf_name_collision;ddf_rowcount_bad
OK13002,ddf_name_collision;ddf_rowcount_bad;tail_sensitivity_lost_name_collision
OK13007,ddf_name_collision;ddf_rowcount_bad
OK13009,ddf_name_collision;ddf_rowcount_bad;tail_sensitivity_lost_name_collision
OK13010,ddf_name_collision;ddf_rowcount_bad;tail_sensitivity_lost_name_collision
OK13011,ddf_name_collision;ddf_rowcount_bad
OK13012,ddf_name_collision;ddf_rowcount_bad
OK13013,ddf_name_collision;ddf_rowcount_bad;tail_sensitivity_lost_name_collision
OK13014,ddf_name_collision;ddf_rowcount_bad;tail_sensitivity_lost_name_collision
OK13015,ddf_name_collision;ddf_rowcount_bad;tail_sensitivity_lost_name_collision
OK13016,ddf_name_collision;ddf_rowcount_bad
OK13017,ddf_name_collision;ddf_rowcount_bad;tail_sensitivity_lost_name_collision
OK13019,ddf_name_collision;ddf_rowcount_bad;tail_sensitivity_lost_name_collision
OK13033,ddf_name_collision;ddf_rowcount_bad
OK13044,ddf_name_collision;ddf_rowcount_bad
OK13054,ddf_name_collision;ddf_rowcount_bad
OK13059,ddf_name_collision;ddf_rowcount_bad;tail_sensitivity_lost_name_collision
OK13061,ddf_name_collision;ddf_rowcount_bad
OK13063,ddf_name_collision;ddf_rowcount_bad
OK13066,ddf_name_collision;ddf_rowcount_bad;tail_sensitivity_lost_name_collision
OK13069,ddf_name_collision;ddf_rowcount_bad;tail_sensitivity_lost_name_collision
OK13073,ddf_name_collision;ddf_rowcount_bad
OK13077,ddf_name_collision;ddf_rowcount_bad
OK13078,ddf_name_collision;ddf_rowcount_bad
OK13082,ddf_name_collision;ddf_rowcount_bad
OK13113,ddf_name_collision;ddf_rowcount_bad
OK13137,ddf_name_collision;ddf_rowcount_bad
OK13160,ddf_name_collision;ddf_rowcount_bad
OK13161,ddf_name_collision;ddf_rowcount_bad
OK13187,ddf_name_collision;ddf_rowcount_bad
OK13189,ddf_name_collision;ddf_rowcount_bad
OK13190,ddf_name_collision;ddf_rowcount_bad
OK13195,ddf_name_collision;ddf_rowcount_bad
OK13204,ddf_name_collision;ddf_rowcount_bad
OK13239,ddf_name_collision;ddf_rowcount_bad
OK13246,ddf_name_collision;ddf_rowcount_bad
OK13267,ddf_name_collision;ddf_rowcount_bad
OK13279,ddf_name_collision;tail_sensitivity_lost_name_collision
OK13287,ddf_name_collision;ddf_rowcount_bad
OK13292,ddf_name_collision;ddf_rowcount_bad
OK20502,narrow_elevation_band;synthetic_prefix_audited_clean
OK20503,ddf_name_collision;ddf_rowcount_bad;tail_sensitivity_lost_name_collision
OK20508,ddf_name_collision;tail_sensitivity_lost_name_collision
OK20509,narrow_elevation_band;old_manifest_vintage;pre_centralization_no_aux;synthetic_cloud_unauditable
OK20510,narrow_elevation_band;old_manifest_vintage;pre_centralization_no_aux;synthetic_cloud_unauditable
OK20511,ddf_name_collision;tail_sensitivity_lost_name_collision
OK20566,ddf_name_collision
OK20713,ddf_name_collision;ddf_rowcount_bad
OK20725,ddf_name_collision;ddf_rowcount_bad
OK20744,ddf_name_collision;ddf_rowcount_bad
OK20762,ddf_name_collision;tail_sensitivity_lost_name_collision
OK20770,ddf_name_collision;tail_sensitivity_lost_name_collision
OK20772,ddf_name_collision;ddf_rowcount_bad
OK20872,ddf_name_collision;ddf_rowcount_bad
OK20883,ddf_name_collision;ddf_rowcount_bad
OK20907,ddf_name_collision;ddf_rowcount_bad
OK20918,ddf_name_collision;ddf_rowcount_bad
OK20953,ddf_name_collision;ddf_rowcount_bad
OK20984,ddf_name_collision;ddf_rowcount_bad
OK20985,ddf_name_collision;ddf_rowcount_bad
OK20986,ddf_name_collision;ddf_rowcount_bad
OK21004,ddf_name_collision;ddf_rowcount_bad
OK21005,ddf_name_collision;ddf_rowcount_bad
OK21012,ddf_name_collision;ddf_rowcount_bad
OK21014,ddf_name_collision;ddf_rowcount_bad
OK21019,ddf_name_collision;ddf_rowcount_bad
OK21047,ddf_name_collision;ddf_rowcount_bad
OK21049,ddf_name_collision;ddf_rowcount_bad
OK21055,ddf_name_collision;ddf_rowcount_bad
OK21057,ddf_name_collision;ddf_rowcount_bad
OK21074,ddf_name_collision
OK21077,ddf_name_collision;ddf_rowcount_bad
OK21080,ddf_name_collision;ddf_rowcount_bad;tail_sensitivity_lost_name_collision
OK21113,ddf_name_collision;ddf_rowcount_bad
OK21138,ddf_name_collision;ddf_rowcount_bad
OK21139,ddf_name_collision;ddf_rowcount_bad
OK21168,ddf_name_collision;ddf_rowcount_bad
OK21169,ddf_name_collision;ddf_rowcount_bad
OK21173,ddf_name_collision;ddf_rowcount_bad
OK21177,ddf_name_collision;ddf_rowcount_bad
OK21180,ddf_name_collision;ddf_rowcount_bad
OK21185,ddf_name_collision;ddf_rowcount_bad
OK21191,ddf_name_collision;ddf_rowcount_bad
OK21194,ddf_name_collision;ddf_rowcount_bad
OK21195,ddf_name_collision;ddf_rowcount_bad
OK21196,ddf_name_collision;ddf_rowcount_bad
OK21222,ddf_name_collision;ddf_rowcount_bad
OK21223,ddf_name_collision;ddf_rowcount_bad
OK21225,ddf_name_collision;ddf_rowcount_bad
OK21248,ddf_name_collision;ddf_rowcount_bad
OK21264,ddf_name_collision;ddf_rowcount_bad
OK21266,ddf_name_collision;ddf_rowcount_bad
OK21269,ddf_name_collision;ddf_rowcount_bad
OK21273,ddf_name_collision;ddf_rowcount_bad
OK21274,ddf_name_collision;ddf_rowcount_bad
OK21281,ddf_name_collision;ddf_rowcount_bad
OK21336,ddf_name_collision;ddf_rowcount_bad
OK21339,ddf_name_collision;ddf_rowcount_bad
OK21345,ddf_name_collision;ddf_rowcount_bad
OK21348,ddf_name_collision;ddf_rowcount_bad
OK21349,ddf_name_collision;ddf_rowcount_bad
OK21354,ddf_name_collision;ddf_rowcount_bad
OK21364,ddf_name_collision;ddf_rowcount_bad
OK21365,ddf_name_collision;ddf_rowcount_bad
OK21382,ddf_name_collision;ddf_rowcount_bad;tail_sensitivity_lost_name_collision
OK21390,ddf_name_collision;ddf_rowcount_bad
OK21392,ddf_name_collision;ddf_rowcount_bad
OK21393,ddf_name_collision;ddf_rowcount_bad
OK21412,ddf_name_collision;ddf_rowcount_bad
OK21413,ddf_name_collision;ddf_rowcount_bad
OK21414,ddf_name_collision;ddf_rowcount_bad
OK21454,ddf_name_collision;ddf_rowcount_bad
OK21460,ddf_name_collision;ddf_rowcount_bad
OK21463,ddf_name_collision;ddf_rowcount_bad
OK21473,ddf_name_collision;ddf_rowcount_bad
OK21489,narrow_elevation_band;old_manifest_vintage;pre_centralization_no_aux;synthetic_cloud_unauditable
OK21490,ddf_name_collision;ddf_rowcount_bad
OK21507,ddf_name_collision;ddf_rowcount_bad
OK21513,ddf_name_collision;ddf_rowcount_bad
OK21554,ddf_name_collision;ddf_rowcount_bad
OK21564,ddf_name_collision;ddf_rowcount_bad
OK21568,ddf_name_collision;ddf_rowcount_bad
OK21569,ddf_name_collision;ddf_rowcount_bad
OK21607,ddf_name_collision;ddf_rowcount_bad
OK21613,ddf_name_collision;ddf_rowcount_bad
OK21890,ddf_name_collision;ddf_rowcount_bad
OK21895,ddf_name_collision;ddf_rowcount_bad
OK21898,ddf_name_collision;ddf_rowcount_bad
OK21929,ddf_name_collision;ddf_rowcount_bad
OK21933,ddf_name_collision;ddf_rowcount_bad
OK21970,ddf_name_collision;ddf_rowcount_bad
OK21974,ddf_name_collision;ddf_rowcount_bad
OK21988,ddf_name_collision;ddf_rowcount_bad
OK22000,ddf_name_collision;ddf_rowcount_bad
OK22014,ddf_name_collision;ddf_rowcount_bad
OK22016,ddf_name_collision;ddf_rowcount_bad
OK22100,ddf_name_collision
OK22101,ddf_name_collision;ddf_rowcount_bad
OK22194,ddf_name_collision;tail_sensitivity_lost_name_collision
OK22200,narrow_elevation_band;old_manifest_vintage;pre_centralization_no_aux;synthetic_cloud_unauditable
OK22203,narrow_elevation_band;old_manifest_vintage;pre_centralization_no_aux;synthetic_cloud_unauditable
OK22224,ddf_name_collision;tail_sensitivity_lost_name_collision
OK30027,ddf_name_collision;tail_sensitivity_lost_name_collision
OK30031,ddf_name_collision;ddf_rowcount_bad
OK30068,ddf_name_collision
OK30069,ddf_name_collision;ddf_rowcount_bad
OK30085,ddf_name_collision;ddf_rowcount_bad
OK30095,ddf_name_collision;ddf_rowcount_bad
OK30106,ddf_name_collision;ddf_rowcount_bad
OK30164,ddf_name_collision;ddf_rowcount_bad
OK30187,ddf_name_collision;ddf_rowcount_bad
OK30254,ddf_name_collision;ddf_rowcount_bad
OK30258,ddf_name_collision;ddf_rowcount_bad
OK30267,ddf_name_collision;ddf_rowcount_bad
OK30280,ddf_name_collision;ddf_rowcount_bad
OK30287,ddf_name_collision;ddf_rowcount_bad
OK30289,ddf_name_collision;ddf_rowcount_bad
OK30335,ddf_name_collision
OK30404,ddf_name_collision;ddf_rowcount_bad
OK82302,ddf_name_collision;ddf_rowcount_bad
OK83001,old_manifest_vintage
OK83006,ddf_name_collision
OK83668,ddf_name_collision;ddf_rowcount_bad
OK83670,ddf_name_collision;ddf_rowcount_bad
OK83676,ddf_name_collision;ddf_rowcount_bad
OK83678,ddf_name_collision;ddf_rowcount_bad
OK83731,ddf_name_collision;ddf_rowcount_bad
OK83751,ddf_name_collision;ddf_rowcount_bad
OK83755,ddf_name_collision;ddf_rowcount_bad
OK83800,ddf_name_collision;ddf_rowcount_bad
OK83960,ddf_name_collision;ddf_rowcount_bad
OR00001,narrow_elevation_band;old_manifest_vintage;pre_centralization_no_aux;synthetic_cloud_unauditable
OR00002,narrow_elevation_band;old_manifest_vintage;pre_centralization_no_aux;synthetic_cloud_unauditable
OR00004,narrow_elevation_band;old_manifest_vintage;pre_centralization_no_aux;synthetic_cloud_unauditable
OR00007,ddf_name_collision;ddf_rowcount_bad;narrow_elevation_band;old_manifest_vintage
OR00008,narrow_elevation_band;old_manifest_vintage
OR00009,narrow_elevation_band;old_manifest_vintage;pre_centralization_no_aux;synthetic_cloud_unauditable
OR00010,narrow_elevation_band;old_manifest_vintage;pre_centralization_no_aux;synthetic_cloud_unauditable
OR00011,narrow_elevation_band;old_manifest_vintage;pre_centralization_no_aux;synthetic_cloud_unauditable
OR00012,ddf_name_collision;ddf_rowcount_bad;tail_sensitivity_lost_name_collision
OR00014,ddf_name_collision;narrow_elevation_band;old_manifest_vintage;pre_centralization_no_aux;synthetic_cloud_unauditable;tail_sensitivity_lost_name_collision
OR00015,narrow_elevation_band;old_manifest_vintage;pre_centralization_no_aux;synthetic_prefix_audited_clean
OR00016,narrow_elevation_band;old_manifest_vintage
OR00021,ddf_name_collision;ddf_rowcount_bad;tail_sensitivity_lost_name_collision
OR00036,ddf_name_collision;ddf_rowcount_bad
OR00048,ddf_name_collision;ddf_rowcount_bad
OR00080,ddf_name_collision;ddf_rowcount_bad;tail_sensitivity_lost_name_collision
OR00082,narrow_elevation_band;old_manifest_vintage;pre_centralization_no_aux;synthetic_prefix_audited_clean
OR00088,ddf_name_collision;tail_sensitivity_lost_name_collision
OR00189,ddf_name_collision;ddf_rowcount_bad
OR00194,ddf_name_collision;ddf_rowcount_bad
OR00220,ddf_name_collision;tail_sensitivity_lost_name_collision
OR00250,narrow_elevation_band;old_manifest_vintage;pre_centralization_no_aux;synthetic_prefix_audited_clean
OR00258,ddf_name_collision;tail_sensitivity_lost_name_collision
OR00263,ddf_name_collision
OR00276,narrow_elevation_band;old_manifest_vintage;pre_centralization_no_aux;synthetic_prefix_audited_clean
OR00287,ddf_name_collision;ddf_rowcount_bad
OR00292,ddf_name_collision;ddf_rowcount_bad;tail_sensitivity_lost_name_collision
OR00328,ddf_name_collision;tail_sensitivity_lost_name_collision
OR00364,ddf_name_collision;ddf_rowcount_bad
OR00381,ddf_name_collision;ddf_rowcount_bad;narrow_elevation_band;old_manifest_vintage;tail_sensitivity_lost_name_collision
OR00387,ddf_name_collision
OR00391,ddf_name_collision
OR00393,ddf_name_collision
OR00395,ddf_name_collision
OR00402,ddf_name_collision;ddf_rowcount_bad
OR00423,ddf_name_collision;ddf_rowcount_bad
OR00440,ddf_name_collision;ddf_rowcount_bad
OR00442,ddf_name_collision;ddf_rowcount_bad
OR00460,ddf_name_collision
OR00498,ddf_name_collision;ddf_rowcount_bad
OR00527,ddf_name_collision;ddf_rowcount_bad
OR00538,ddf_name_collision;tail_sensitivity_lost_name_collision
OR00541,ddf_name_collision;ddf_rowcount_bad;tail_sensitivity_lost_name_collision
OR00543,ddf_name_collision;tail_sensitivity_lost_name_collision
OR00549,narrow_elevation_band;old_manifest_vintage;pre_centralization_no_aux;synthetic_cloud_unauditable
OR00550,ddf_name_collision;tail_sensitivity_lost_name_collision
OR00557,narrow_elevation_band;old_manifest_vintage;pre_centralization_no_aux;synthetic_cloud_unauditable
OR00560,ddf_name_collision;tail_sensitivity_lost_name_collision
OR00565,ddf_name_collision;ddf_rowcount_bad
OR00567,ddf_name_collision;ddf_rowcount_bad
OR00569,ddf_name_collision;ddf_rowcount_bad;tail_sensitivity_lost_name_collision
OR00570,ddf_name_collision;ddf_rowcount_bad
OR00572,ddf_name_collision;tail_sensitivity_lost_name_collision
OR00577,ddf_name_collision;ddf_rowcount_bad;narrow_elevation_band;old_manifest_vintage
OR00579,narrow_elevation_band;old_manifest_vintage;pre_centralization_no_aux;synthetic_prefix_audited_clean
OR00581,narrow_elevation_band;old_manifest_vintage;pre_centralization_no_aux;synthetic_cloud_unauditable
OR00582,narrow_elevation_band;old_manifest_vintage;pre_centralization_no_aux;synthetic_cloud_unauditable
OR00584,narrow_elevation_band;old_manifest_vintage
OR00601,ddf_name_collision;ddf_rowcount_bad;tail_sensitivity_lost_name_collision
OR00606,ddf_name_collision;ddf_rowcount_bad
OR00612,narrow_elevation_band;old_manifest_vintage;pre_centralization_no_aux;synthetic_cloud_unauditable
OR00619,narrow_elevation_band;old_manifest_vintage;pre_centralization_no_aux;synthetic_prefix_audited_clean
OR00622,ddf_name_collision;tail_sensitivity_lost_name_collision
OR00623,ddf_name_collision;tail_sensitivity_lost_name_collision
OR00624,ddf_name_collision;ddf_rowcount_bad;narrow_elevation_band;old_manifest_vintage
OR00634,ddf_name_collision;ddf_rowcount_bad
OR00653,ddf_name_collision;ddf_rowcount_bad
OR00655,ddf_name_collision;ddf_rowcount_bad
OR00685,ddf_name_collision
OR00696,ddf_name_collision
OR00704,ddf_name_collision;narrow_elevation_band;old_manifest_vintage;pre_centralization_no_aux;synthetic_cloud_unauditable;tail_sensitivity_lost_name_collision
OR00715,ddf_name_collision
OR00720,ddf_name_collision;ddf_rowcount_bad
OR00721,ddf_name_collision;tail_sensitivity_lost_name_collision
OR00725,ddf_name_collision;ddf_rowcount_bad
OR00743,ddf_name_collision;ddf_rowcount_bad
OR00746,ddf_name_collision;tail_sensitivity_lost_name_collision
OR00748,narrow_elevation_band;old_manifest_vintage
OR02409,ddf_name_collision;ddf_rowcount_bad
OR02657,ddf_name_collision;ddf_rowcount_bad
OR02925,ddf_name_collision;ddf_rowcount_bad
OR03704,ddf_name_collision;ddf_rowcount_bad
OR03708,ddf_name_collision;ddf_rowcount_bad
OR03713,ddf_name_collision
OR03773,ddf_name_collision
OR03816,ddf_name_collision;ddf_rowcount_bad
OR03833,ddf_name_collision;ddf_rowcount_bad
OR03846,ddf_name_collision;ddf_rowcount_bad
OR10013,ddf_name_collision;tail_sensitivity_lost_name_collision
OR10020,ddf_name_collision;tail_sensitivity_lost_name_collision
OR10022,narrow_elevation_band;old_manifest_vintage;pre_centralization_no_aux;synthetic_prefix_audited_clean
OR83046,narrow_elevation_band;old_manifest_vintage
PA00002,narrow_elevation_band;old_manifest_vintage
PA00003,narrow_elevation_band;old_manifest_vintage;pre_centralization_no_aux;synthetic_prefix_audited_clean
PA00004,narrow_elevation_band;old_manifest_vintage;pre_centralization_no_aux;synthetic_cloud_unauditable
PA00005,narrow_elevation_band;old_manifest_vintage;pre_centralization_no_aux;synthetic_prefix_audited_clean
PA00017,ddf_name_collision;ddf_rowcount_bad
PA00021,ddf_name_collision;tail_sensitivity_lost_name_collision
PA00023,ddf_name_collision;ddf_rowcount_bad;tail_sensitivity_lost_name_collision
PA00034,ddf_name_collision
PA00038,ddf_name_collision;ddf_rowcount_bad
PA00039,ddf_name_collision;ddf_rowcount_bad
PA00056,ddf_name_collision;tail_sensitivity_lost_name_collision
PA00057,ddf_name_collision;ddf_rowcount_bad
PA00067,ddf_name_collision;ddf_rowcount_bad;tail_sensitivity_lost_name_collision
PA00074,ddf_name_collision;ddf_rowcount_bad
PA00076,ddf_name_collision;ddf_rowcount_bad
PA00084,ddf_name_collision;ddf_rowcount_bad;tail_sensitivity_lost_name_collision
PA00095,ddf_name_collision;ddf_rowcount_bad
PA00096,ddf_name_collision;ddf_rowcount_bad;tail_sensitivity_lost_name_collision
PA00101,narrow_elevation_band;old_manifest_vintage;pre_centralization_no_aux;synthetic_cloud_unauditable
PA00102,ddf_name_collision;narrow_elevation_band;old_manifest_vintage;tail_sensitivity_lost_name_collision
PA00103,ddf_name_collision;ddf_rowcount_bad;narrow_elevation_band;old_manifest_vintage
PA00104,narrow_elevation_band;old_manifest_vintage
PA00105,narrow_elevation_band;old_manifest_vintage;pre_centralization_no_aux;synthetic_cloud_unauditable
PA00106,narrow_elevation_band
PA00107,narrow_elevation_band;old_manifest_vintage
PA00109,narrow_elevation_band;old_manifest_vintage;pre_centralization_no_aux;synthetic_cloud_unauditable
PA00110,narrow_elevation_band;old_manifest_vintage;pre_centralization_no_aux;synthetic_prefix_audited_clean
PA00111,narrow_elevation_band;old_manifest_vintage;pre_centralization_no_aux;synthetic_cloud_unauditable
PA00133,ddf_name_collision;ddf_rowcount_bad
PA00142,ddf_name_collision
PA00154,ddf_name_collision
PA00157,ddf_name_collision;tail_sensitivity_lost_name_collision
PA00159,ddf_name_collision;ddf_rowcount_bad;tail_sensitivity_lost_name_collision
PA00160,ddf_name_collision;ddf_rowcount_bad;tail_sensitivity_lost_name_collision
PA00162,ddf_name_collision;ddf_rowcount_bad;tail_sensitivity_lost_name_collision
PA00170,ddf_name_collision
PA00175,ddf_name_collision;tail_sensitivity_lost_name_collision
PA00188,ddf_name_collision;ddf_rowcount_bad
PA00191,ddf_name_collision;ddf_rowcount_bad
PA00194,ddf_name_collision;ddf_rowcount_bad
PA00199,ddf_name_collision;ddf_rowcount_bad;tail_sensitivity_lost_name_collision
PA00200,ddf_name_collision
PA00218,ddf_name_collision;ddf_rowcount_bad
PA00225,ddf_name_collision;ddf_rowcount_bad
PA00228,ddf_name_collision;ddf_rowcount_bad;tail_sensitivity_lost_name_collision
PA00229,ddf_name_collision;tail_sensitivity_lost_name_collision
PA00233,ddf_name_collision;ddf_rowcount_bad
PA00234,ddf_name_collision;tail_sensitivity_lost_name_collision
PA00248,ddf_name_collision
PA00267,ddf_name_collision
PA00268,ddf_name_collision;ddf_rowcount_bad
PA00271,ddf_name_collision;ddf_rowcount_bad
PA00273,narrow_elevation_band;old_manifest_vintage
PA00274,ddf_name_collision;tail_sensitivity_lost_name_collision
PA00277,ddf_name_collision;ddf_rowcount_bad
PA00283,ddf_name_collision;ddf_rowcount_bad;tail_sensitivity_lost_name_collision
PA00289,ddf_name_collision;ddf_rowcount_bad
PA00294,ddf_name_collision;ddf_rowcount_bad;tail_sensitivity_lost_name_collision
PA00299,ddf_name_collision;ddf_rowcount_bad;tail_sensitivity_lost_name_collision
PA00302,old_manifest_vintage
PA00306,ddf_name_collision;ddf_rowcount_bad
PA00309,ddf_name_collision;ddf_rowcount_bad;tail_sensitivity_lost_name_collision
PA00310,ddf_name_collision;ddf_rowcount_bad;tail_sensitivity_lost_name_collision
PA00319,ddf_name_collision
PA00336,ddf_name_collision;tail_sensitivity_lost_name_collision
PA00351,ddf_name_collision;ddf_rowcount_bad
PA00354,ddf_name_collision;ddf_rowcount_bad;tail_sensitivity_lost_name_collision
PA00358,ddf_name_collision;ddf_rowcount_bad
PA00361,ddf_name_collision;ddf_rowcount_bad
PA00366,ddf_name_collision;tail_sensitivity_lost_name_collision
PA00370,ddf_name_collision;tail_sensitivity_lost_name_collision
PA00375,ddf_name_collision;ddf_rowcount_bad
PA00379,ddf_name_collision;ddf_rowcount_bad
PA00380,ddf_name_collision;ddf_rowcount_bad
PA00387,ddf_name_collision;ddf_rowcount_bad
PA00395,ddf_name_collision;ddf_rowcount_bad
PA00397,ddf_name_collision
PA00399,ddf_name_collision;ddf_rowcount_bad
PA00401,ddf_name_collision;ddf_rowcount_bad
PA00407,ddf_name_collision;ddf_rowcount_bad
PA00408,ddf_name_collision;ddf_rowcount_bad
PA00413,ddf_name_collision;ddf_rowcount_bad
PA00417,ddf_name_collision;tail_sensitivity_lost_name_collision
PA00426,ddf_name_collision;tail_sensitivity_lost_name_collision
PA00427,ddf_name_collision;ddf_rowcount_bad
PA00435,ddf_name_collision;ddf_rowcount_bad
PA00437,ddf_name_collision;ddf_rowcount_bad
PA00471,ddf_name_collision
PA00478,ddf_name_collision;tail_sensitivity_lost_name_collision
PA00481,ddf_name_collision;ddf_rowcount_bad
PA00483,ddf_name_collision;ddf_rowcount_bad
PA00484,ddf_name_collision;tail_sensitivity_lost_name_collision
PA00495,ddf_name_collision;ddf_rowcount_bad
PA00499,ddf_name_collision;ddf_rowcount_bad
PA00508,ddf_name_collision
PA00516,ddf_name_collision;ddf_rowcount_bad
PA00545,ddf_name_collision
PA00546,ddf_name_collision;ddf_rowcount_bad;tail_sensitivity_lost_name_collision
PA00548,ddf_name_collision;ddf_rowcount_bad;tail_sensitivity_lost_name_collision
PA00553,ddf_name_collision
PA00556,ddf_name_collision;ddf_rowcount_bad
PA00558,ddf_name_collision;ddf_rowcount_bad;tail_sensitivity_lost_name_collision
PA00562,ddf_name_collision;ddf_rowcount_bad;tail_sensitivity_lost_name_collision
PA00563,ddf_name_collision;ddf_rowcount_bad;tail_sensitivity_lost_name_collision
PA00566,ddf_name_collision;tail_sensitivity_lost_name_collision
PA00569,ddf_name_collision;ddf_rowcount_bad
PA00571,ddf_name_collision;ddf_rowcount_bad
PA00573,ddf_name_collision;ddf_rowcount_bad
PA00578,ddf_name_collision;ddf_rowcount_bad
PA00586,ddf_name_collision;ddf_rowcount_bad;tail_sensitivity_lost_name_collision
PA00610,ddf_name_collision;tail_sensitivity_lost_name_collision
PA00628,ddf_name_collision;ddf_rowcount_bad
PA00629,ddf_name_collision;ddf_rowcount_bad
PA00630,ddf_name_collision;ddf_rowcount_bad
PA00631,ddf_name_collision;ddf_rowcount_bad
PA00639,ddf_name_collision;ddf_rowcount_bad
PA00664,ddf_name_collision
PA00693,ddf_name_collision;ddf_rowcount_bad
PA00696,ddf_name_collision;ddf_rowcount_bad
PA00698,ddf_name_collision;ddf_rowcount_bad
PA00711,ddf_name_collision;ddf_rowcount_bad
PA00713,ddf_name_collision;ddf_rowcount_bad
PA00726,ddf_name_collision;ddf_rowcount_bad
PA00739,ddf_name_collision;tail_sensitivity_lost_name_collision
PA00748,ddf_name_collision;tail_sensitivity_lost_name_collision
PA00766,ddf_name_collision;ddf_rowcount_bad
PA00769,ddf_name_collision;ddf_rowcount_bad;tail_sensitivity_lost_name_collision
PA00775,ddf_name_collision;ddf_rowcount_bad
PA00792,ddf_name_collision;tail_sensitivity_lost_name_collision
PA00795,ddf_name_collision;ddf_rowcount_bad;tail_sensitivity_lost_name_collision
PA00797,ddf_name_collision;ddf_rowcount_bad
PA00822,ddf_name_collision;ddf_rowcount_bad
PA00827,ddf_name_collision;ddf_rowcount_bad
PA00832,ddf_name_collision;ddf_rowcount_bad
PA00834,ddf_name_collision;ddf_rowcount_bad
PA00873,ddf_name_collision
PA00884,ddf_name_collision
PA00890,ddf_name_collision;tail_sensitivity_lost_name_collision
PA00891,ddf_name_collision;ddf_rowcount_bad
PA00892,ddf_name_collision;ddf_rowcount_bad
PA00896,ddf_name_collision
PA00904,ddf_name_collision;ddf_rowcount_bad
PA00912,ddf_name_collision;ddf_rowcount_bad;tail_sensitivity_lost_name_collision
PA00914,narrow_elevation_band;old_manifest_vintage
PA00945,ddf_name_collision;ddf_rowcount_bad
PA00957,ddf_name_collision;ddf_rowcount_bad
PA00958,ddf_name_collision;tail_sensitivity_lost_name_collision
PA00959,ddf_name_collision;ddf_rowcount_bad
PA00960,ddf_name_collision;ddf_rowcount_bad
PA00961,ddf_name_collision;ddf_rowcount_bad
PA00968,ddf_name_collision;ddf_rowcount_bad;tail_sensitivity_lost_name_collision
PA00970,ddf_name_collision;ddf_rowcount_bad
PA00971,ddf_name_collision;ddf_rowcount_bad
PA00972,ddf_name_collision;ddf_rowcount_bad
PA00974,ddf_name_collision;ddf_rowcount_bad
PA00978,ddf_name_collision;ddf_rowcount_bad
PA00982,ddf_name_collision;ddf_rowcount_bad
PA00985,ddf_name_collision;ddf_rowcount_bad
PA00987,ddf_name_collision;ddf_rowcount_bad;tail_sensitivity_lost_name_collision
PA00989,ddf_name_collision;ddf_rowcount_bad
PA00999,ddf_name_collision;ddf_rowcount_bad
PA01004,ddf_name_collision
PA01017,ddf_name_collision;ddf_rowcount_bad
PA01021,ddf_name_collision;ddf_rowcount_bad
PA01026,ddf_name_collision;ddf_rowcount_bad
PA01028,ddf_name_collision;ddf_rowcount_bad
PA01041,ddf_name_collision;ddf_rowcount_bad;tail_sensitivity_lost_name_collision
PA01061,ddf_name_collision;ddf_rowcount_bad
PA01075,ddf_name_collision;ddf_rowcount_bad
PA01086,ddf_name_collision;ddf_rowcount_bad
PA01091,ddf_name_collision;ddf_rowcount_bad;tail_sensitivity_lost_name_collision
PA01093,ddf_name_collision;ddf_rowcount_bad
PA01102,ddf_name_collision;tail_sensitivity_lost_name_collision
PA01109,ddf_name_collision;ddf_rowcount_bad
PA01119,ddf_name_collision
PA01126,ddf_name_collision
PA01132,ddf_name_collision;narrow_elevation_band;old_manifest_vintage;pre_centralization_no_aux;synthetic_prefix_audited_clean;tail_sensitivity_lost_name_collision
PA01133,ddf_name_collision;ddf_rowcount_bad;narrow_elevation_band;old_manifest_vintage;pre_centralization_no_aux;synthetic_prefix_audited_clean
PA01134,narrow_elevation_band;old_manifest_vintage;pre_centralization_no_aux;synthetic_prefix_audited_clean
PA01136,ddf_name_collision;ddf_rowcount_bad
PA01139,ddf_name_collision;ddf_rowcount_bad;tail_sensitivity_lost_name_collision
PA01215,ddf_name_collision;ddf_rowcount_bad
PA01244,ddf_name_collision;ddf_rowcount_bad
PA01247,ddf_name_collision;ddf_rowcount_bad
PA01324,ddf_name_collision;ddf_rowcount_bad
PA01339,ddf_name_collision;ddf_rowcount_bad
PA01341,ddf_name_collision;ddf_rowcount_bad
PA01351,ddf_name_collision;ddf_rowcount_bad
PA01361,ddf_name_collision;ddf_rowcount_bad
PA01406,ddf_name_collision;ddf_rowcount_bad
PA01431,ddf_name_collision;ddf_rowcount_bad
PA01433,ddf_name_collision;ddf_rowcount_bad
PA01446,ddf_name_collision;ddf_rowcount_bad
PA01477,ddf_name_collision;ddf_rowcount_bad
PA01478,ddf_name_collision;ddf_rowcount_bad
PA01503,ddf_name_collision;ddf_rowcount_bad
PA01545,ddf_name_collision;ddf_rowcount_bad
PA01560,ddf_name_collision;ddf_rowcount_bad
PA01573,ddf_name_collision;ddf_rowcount_bad;tail_sensitivity_lost_name_collision
PA01577,ddf_name_collision;ddf_rowcount_bad
PA01581,ddf_name_collision;ddf_rowcount_bad
PA01588,ddf_name_collision;ddf_rowcount_bad
PA01598,ddf_name_collision;ddf_rowcount_bad
PA01627,ddf_name_collision;ddf_rowcount_bad
PA01671,ddf_name_collision;ddf_rowcount_bad
PA01672,ddf_name_collision;ddf_rowcount_bad
PA01756,ddf_name_collision;ddf_rowcount_bad
PA01759,ddf_name_collision;ddf_rowcount_bad
PA01790,ddf_name_collision;ddf_rowcount_bad;tail_sensitivity_lost_name_collision
PA01801,ddf_name_collision;ddf_rowcount_bad
PA01823,ddf_name_collision;ddf_rowcount_bad
PA01843,ddf_name_collision;ddf_rowcount_bad
PA01892,ddf_name_collision;ddf_rowcount_bad
PA82408,ddf_name_collision;ddf_rowcount_bad
PA83003,ddf_name_collision;ddf_rowcount_bad
PA83538,ddf_name_collision;ddf_rowcount_bad
PA83652,ddf_name_collision;ddf_rowcount_bad
PA83657,ddf_name_collision;ddf_rowcount_bad
PA83660,ddf_name_collision;ddf_rowcount_bad
PA83661,ddf_name_collision;ddf_rowcount_bad
PA83662,ddf_name_collision;ddf_rowcount_bad;tail_sensitivity_lost_name_collision
PA83664,ddf_name_collision;ddf_rowcount_bad;tail_sensitivity_lost_name_collision
PA83666,ddf_name_collision;ddf_rowcount_bad
PA83667,ddf_name_collision;ddf_rowcount_bad
PA83670,ddf_name_collision;ddf_rowcount_bad
PA83671,ddf_name_collision;ddf_rowcount_bad
PA83672,ddf_name_collision;ddf_rowcount_bad
PA83675,ddf_name_collision;ddf_rowcount_bad
PA83676,ddf_name_collision;ddf_rowcount_bad
PA83682,ddf_name_collision;ddf_rowcount_bad
PA83683,ddf_name_collision;ddf_rowcount_bad
PA83684,ddf_name_collision;ddf_rowcount_bad
RI00306,ddf_name_collision;ddf_rowcount_bad;tail_sensitivity_lost_name_collision
RI00309,ddf_name_collision;ddf_rowcount_bad
RI00607,ddf_name_collision;ddf_rowcount_bad;tail_sensitivity_lost_name_collision
RI00609,ddf_name_collision;ddf_rowcount_bad
RI00611,ddf_name_collision;ddf_rowcount_bad
RI00807,ddf_name_collision
RI01310,ddf_name_collision;ddf_rowcount_bad
RI01311,ddf_name_collision;ddf_rowcount_bad
RI01410,ddf_name_collision;ddf_rowcount_bad
RI01501,ddf_name_collision
RI01604,ddf_name_collision;ddf_rowcount_bad
RI01901,ddf_name_collision;ddf_rowcount_bad;tail_sensitivity_lost_name_collision
RI02303,ddf_name_collision;ddf_rowcount_bad
RI03004,ddf_name_collision;tail_sensitivity_lost_name_collision
RI03106,ddf_name_collision;ddf_rowcount_bad
RI03204,ddf_name_collision;ddf_rowcount_bad;tail_sensitivity_lost_name_collision
RI03502,ddf_name_collision
RI03601,ddf_name_collision;ddf_rowcount_bad
RI03703,ddf_name_collision;ddf_rowcount_bad
RI03901,ddf_name_collision;tail_sensitivity_lost_name_collision
RI04038,ddf_name_collision;ddf_rowcount_bad
RI04390,ddf_name_collision;ddf_rowcount_bad
SC00013,ddf_name_collision;ddf_rowcount_bad
SC00016,ddf_name_collision;ddf_rowcount_bad;tail_sensitivity_lost_name_collision
SC00025,narrow_elevation_band;old_manifest_vintage
SC00032,ddf_name_collision;ddf_rowcount_bad;tail_sensitivity_lost_name_collision
SC00037,ddf_name_collision;ddf_rowcount_bad
SC00046,ddf_name_collision
SC00048,ddf_name_collision;ddf_rowcount_bad;tail_sensitivity_lost_name_collision
SC00049,ddf_name_collision;ddf_rowcount_bad;tail_sensitivity_lost_name_collision
SC00051,ddf_name_collision;ddf_rowcount_bad
SC00055,ddf_name_collision;ddf_rowcount_bad
SC00068,ddf_name_collision;tail_sensitivity_lost_name_collision
SC00072,ddf_name_collision;ddf_rowcount_bad;tail_sensitivity_lost_name_collision
SC00074,ddf_name_collision;ddf_rowcount_bad;tail_sensitivity_lost_name_collision
SC00083,ddf_name_collision;ddf_rowcount_bad
SC00090,ddf_name_collision;ddf_rowcount_bad
SC00091,ddf_name_collision;ddf_rowcount_bad
SC00104,ddf_name_collision;ddf_rowcount_bad;tail_sensitivity_lost_name_collision
SC00109,narrow_elevation_band;old_manifest_vintage;pre_centralization_no_aux;synthetic_prefix_audited_clean
SC00125,ddf_name_collision;ddf_rowcount_bad
SC00126,ddf_name_collision;ddf_rowcount_bad
SC00206,ddf_name_collision;ddf_rowcount_bad
SC00207,ddf_name_collision;ddf_rowcount_bad
SC00231,ddf_name_collision;tail_sensitivity_lost_name_collision
SC00233,ddf_name_collision;ddf_rowcount_bad
SC00269,ddf_name_collision;ddf_rowcount_bad
SC00297,ddf_name_collision;tail_sensitivity_lost_name_collision
SC00424,ddf_name_collision
SC00425,ddf_name_collision;tail_sensitivity_lost_name_collision
SC00459,ddf_name_collision;ddf_rowcount_bad
SC00516,ddf_name_collision;ddf_rowcount_bad;tail_sensitivity_lost_name_collision
SC00529,narrow_elevation_band;old_manifest_vintage;pre_centralization_no_aux;synthetic_cloud_unauditable
SC00534,ddf_name_collision;ddf_rowcount_bad;tail_sensitivity_lost_name_collision
SC00535,ddf_name_collision;ddf_rowcount_bad
SC00629,ddf_name_collision;ddf_rowcount_bad
SC00632,ddf_name_collision;tail_sensitivity_lost_name_collision
SC00635,ddf_name_collision;ddf_rowcount_bad
SC00637,ddf_name_collision;ddf_rowcount_bad
SC00639,ddf_name_collision;ddf_rowcount_bad
SC00640,ddf_name_collision;ddf_rowcount_bad
SC00641,ddf_name_collision;ddf_rowcount_bad
SC00685,narrow_elevation_band;old_manifest_vintage;pre_centralization_no_aux;synthetic_prefix_audited_clean
SC00706,narrow_elevation_band;old_manifest_vintage;pre_centralization_no_aux;synthetic_cloud_unauditable
SC00732,narrow_elevation_band;old_manifest_vintage;pre_centralization_no_aux;synthetic_cloud_unauditable
SC01045,ddf_name_collision;tail_sensitivity_lost_name_collision
SC01065,ddf_name_collision;narrow_elevation_band;synthetic_cloud_unauditable;tail_sensitivity_lost_name_collision
SC01068,ddf_name_collision;ddf_rowcount_bad
SC01076,narrow_elevation_band;synthetic_cloud_unauditable
SC01082,ddf_name_collision;ddf_rowcount_bad
SC01083,ddf_name_collision;ddf_rowcount_bad
SC01084,ddf_name_collision;ddf_rowcount_bad
SC01088,ddf_name_collision;ddf_rowcount_bad
SC01095,ddf_name_collision;ddf_rowcount_bad
SC01096,ddf_name_collision;ddf_rowcount_bad
SC01097,ddf_name_collision;ddf_rowcount_bad
SC01104,ddf_name_collision;ddf_rowcount_bad
SC01105,ddf_name_collision;ddf_rowcount_bad
SC01117,ddf_name_collision;ddf_rowcount_bad
SC01118,ddf_name_collision;ddf_rowcount_bad
SC01127,ddf_name_collision;ddf_rowcount_bad
SC01161,ddf_name_collision;ddf_rowcount_bad
SC01171,ddf_name_collision;tail_sensitivity_lost_name_collision
SC01191,ddf_name_collision;ddf_rowcount_bad
SC01192,ddf_name_collision;ddf_rowcount_bad
SC01195,ddf_name_collision;ddf_rowcount_bad
SC01196,ddf_name_collision;ddf_rowcount_bad
SC01198,ddf_name_collision;ddf_rowcount_bad
SC01208,ddf_name_collision;ddf_rowcount_bad
SC01241,ddf_name_collision;ddf_rowcount_bad
SC01245,ddf_name_collision;ddf_rowcount_bad
SC01252,ddf_name_collision;ddf_rowcount_bad
SC01274,ddf_name_collision;ddf_rowcount_bad
SC01276,ddf_name_collision;ddf_rowcount_bad
SC01279,ddf_name_collision;ddf_rowcount_bad
SC01281,ddf_name_collision;ddf_rowcount_bad
SC01282,ddf_name_collision;ddf_rowcount_bad
SC01301,ddf_name_collision;ddf_rowcount_bad
SC01303,ddf_name_collision;ddf_rowcount_bad
SC01305,ddf_name_collision;ddf_rowcount_bad
SC01308,ddf_name_collision;ddf_rowcount_bad
SC01311,ddf_name_collision;ddf_rowcount_bad
SC01315,ddf_name_collision;ddf_rowcount_bad
SC01316,ddf_name_collision;ddf_rowcount_bad
SC01320,ddf_name_collision;ddf_rowcount_bad;tail_sensitivity_lost_name_collision
SC01321,ddf_name_collision;ddf_rowcount_bad
SC01323,ddf_name_collision;ddf_rowcount_bad
SC01324,ddf_name_collision;ddf_rowcount_bad
SC01325,ddf_name_collision;ddf_rowcount_bad
SC01332,ddf_name_collision;ddf_rowcount_bad
SC01340,ddf_name_collision;ddf_rowcount_bad
SC01344,ddf_name_collision;ddf_rowcount_bad
SC01367,ddf_name_collision;ddf_rowcount_bad
SC01369,ddf_name_collision;ddf_rowcount_bad
SC01378,ddf_name_collision;ddf_rowcount_bad
SC01380,ddf_name_collision;ddf_rowcount_bad
SC01389,ddf_name_collision;ddf_rowcount_bad
SC01390,ddf_name_collision;ddf_rowcount_bad
SC01410,ddf_name_collision;ddf_rowcount_bad
SC01417,ddf_name_collision;ddf_rowcount_bad
SC01425,ddf_name_collision;ddf_rowcount_bad
SC01428,ddf_name_collision;ddf_rowcount_bad
SC01433,ddf_name_collision;ddf_rowcount_bad
SC01443,ddf_name_collision;ddf_rowcount_bad
SC01445,ddf_name_collision;ddf_rowcount_bad
SC01447,ddf_name_collision;ddf_rowcount_bad
SC01462,ddf_name_collision;ddf_rowcount_bad
SC01470,ddf_name_collision;ddf_rowcount_bad
SC01472,ddf_name_collision;ddf_rowcount_bad
SC01481,ddf_name_collision;ddf_rowcount_bad
SC01487,ddf_name_collision;ddf_rowcount_bad
SC01488,ddf_name_collision;ddf_rowcount_bad
SC01497,ddf_name_collision;ddf_rowcount_bad
SC01506,ddf_name_collision;ddf_rowcount_bad
SC01511,ddf_name_collision;ddf_rowcount_bad
SC01514,ddf_name_collision;ddf_rowcount_bad
SC01517,ddf_name_collision;ddf_rowcount_bad
SC01521,ddf_name_collision;ddf_rowcount_bad
SC01538,ddf_name_collision;ddf_rowcount_bad
SC01551,ddf_name_collision;ddf_rowcount_bad
SC01558,ddf_name_collision
SC01576,ddf_name_collision;ddf_rowcount_bad
SC01601,ddf_name_collision;ddf_rowcount_bad
SC01606,ddf_name_collision;ddf_rowcount_bad
SC01616,ddf_name_collision;ddf_rowcount_bad
SC01618,ddf_name_collision;ddf_rowcount_bad
SC01621,ddf_name_collision;ddf_rowcount_bad
SC01622,ddf_name_collision;ddf_rowcount_bad
SC01633,ddf_name_collision;ddf_rowcount_bad
SC01638,ddf_name_collision;ddf_rowcount_bad
SC01663,ddf_name_collision;ddf_rowcount_bad
SC01668,ddf_name_collision;ddf_rowcount_bad
SC01674,ddf_name_collision;ddf_rowcount_bad
SC01676,ddf_name_collision;ddf_rowcount_bad
SC01707,ddf_name_collision;ddf_rowcount_bad
SC01711,ddf_name_collision
SC01712,ddf_name_collision;ddf_rowcount_bad
SC01726,ddf_name_collision;ddf_rowcount_bad
SC01736,ddf_name_collision;ddf_rowcount_bad
SC01741,ddf_name_collision;ddf_rowcount_bad
SC01744,ddf_name_collision;ddf_rowcount_bad
SC01746,ddf_name_collision;ddf_rowcount_bad
SC01748,ddf_name_collision;ddf_rowcount_bad
SC01752,ddf_name_collision;ddf_rowcount_bad
SC01753,ddf_name_collision;ddf_rowcount_bad
SC01755,ddf_name_collision;ddf_rowcount_bad
SC01758,ddf_name_collision;ddf_rowcount_bad
SC01761,ddf_name_collision;ddf_rowcount_bad
SC01766,ddf_name_collision;ddf_rowcount_bad
SC01767,ddf_name_collision;ddf_rowcount_bad
SC01770,ddf_name_collision;ddf_rowcount_bad
SC01771,ddf_name_collision;ddf_rowcount_bad
SC01773,ddf_name_collision;ddf_rowcount_bad
SC01787,ddf_name_collision;ddf_rowcount_bad
SC01792,ddf_name_collision;ddf_rowcount_bad
SC01795,ddf_name_collision;ddf_rowcount_bad
SC01798,ddf_name_collision;ddf_rowcount_bad
SC01800,ddf_name_collision;ddf_rowcount_bad
SC01819,ddf_name_collision;ddf_rowcount_bad
SC01821,ddf_name_collision;ddf_rowcount_bad
SC01822,ddf_name_collision;ddf_rowcount_bad
SC01824,ddf_name_collision;ddf_rowcount_bad
SC01830,ddf_name_collision;ddf_rowcount_bad
SC01835,ddf_name_collision;ddf_rowcount_bad
SC01843,ddf_name_collision;ddf_rowcount_bad
SC01847,ddf_name_collision;ddf_rowcount_bad
SC01848,ddf_name_collision;ddf_rowcount_bad
SC01849,ddf_name_collision;ddf_rowcount_bad
SC01850,ddf_name_collision;ddf_rowcount_bad
SC01854,ddf_name_collision;ddf_rowcount_bad
SC01856,ddf_name_collision;ddf_rowcount_bad
SC01859,ddf_name_collision;ddf_rowcount_bad
SC01860,ddf_name_collision;ddf_rowcount_bad
SC01862,ddf_name_collision;ddf_rowcount_bad
SC01863,ddf_name_collision;ddf_rowcount_bad
SC01869,ddf_name_collision;ddf_rowcount_bad
SC01872,ddf_name_collision;ddf_rowcount_bad
SC01873,ddf_name_collision;ddf_rowcount_bad
SC01874,ddf_name_collision;ddf_rowcount_bad
SC01878,ddf_name_collision;ddf_rowcount_bad
SC01881,ddf_name_collision;ddf_rowcount_bad
SC01895,ddf_name_collision;ddf_rowcount_bad
SC01898,ddf_name_collision;ddf_rowcount_bad
SC01903,ddf_name_collision;ddf_rowcount_bad
SC01906,ddf_name_collision
SC01907,ddf_name_collision;ddf_rowcount_bad
SC01909,ddf_name_collision;ddf_rowcount_bad
SC01915,ddf_name_collision;ddf_rowcount_bad
SC01922,ddf_name_collision;ddf_rowcount_bad
SC01933,ddf_name_collision;ddf_rowcount_bad
SC01935,ddf_name_collision;ddf_rowcount_bad
SC01941,ddf_name_collision;ddf_rowcount_bad
SC01956,ddf_name_collision;ddf_rowcount_bad
SC01957,ddf_name_collision;ddf_rowcount_bad
SC01964,ddf_name_collision;ddf_rowcount_bad
SC01970,ddf_name_collision;ddf_rowcount_bad
SC01971,ddf_name_collision;ddf_rowcount_bad
SC01974,ddf_name_collision;ddf_rowcount_bad
SC01982,ddf_name_collision;ddf_rowcount_bad
SC01990,ddf_name_collision;ddf_rowcount_bad
SC02001,ddf_name_collision;ddf_rowcount_bad
SC02004,ddf_name_collision;ddf_rowcount_bad
SC02015,ddf_name_collision;ddf_rowcount_bad
SC02027,ddf_name_collision;ddf_rowcount_bad
SC02030,ddf_name_collision;ddf_rowcount_bad
SC02042,ddf_name_collision;ddf_rowcount_bad
SC02051,ddf_name_collision;ddf_rowcount_bad
SC02054,ddf_name_collision;ddf_rowcount_bad
SC02067,ddf_name_collision;ddf_rowcount_bad
SC02071,ddf_name_collision;ddf_rowcount_bad
SC02080,ddf_name_collision;ddf_rowcount_bad
SC02081,ddf_name_collision;ddf_rowcount_bad
SC02085,ddf_name_collision;ddf_rowcount_bad
SC02096,ddf_name_collision;ddf_rowcount_bad
SC02097,ddf_name_collision;ddf_rowcount_bad
SC02100,ddf_name_collision;ddf_rowcount_bad
SC02104,ddf_name_collision;ddf_rowcount_bad
SC02119,ddf_name_collision;ddf_rowcount_bad
SC02126,ddf_name_collision;ddf_rowcount_bad
SC02132,ddf_name_collision;ddf_rowcount_bad
SC02144,ddf_name_collision;ddf_rowcount_bad
SC02146,ddf_name_collision;ddf_rowcount_bad
SC02152,ddf_name_collision;ddf_rowcount_bad
SC02154,ddf_name_collision;ddf_rowcount_bad
SC02155,ddf_name_collision;ddf_rowcount_bad
SC02160,ddf_name_collision;ddf_rowcount_bad
SC02169,ddf_name_collision;ddf_rowcount_bad
SC02176,ddf_name_collision;ddf_rowcount_bad
SC02205,ddf_name_collision;ddf_rowcount_bad
SC02243,ddf_name_collision;ddf_rowcount_bad
SC02247,ddf_name_collision;ddf_rowcount_bad
SC02270,ddf_name_collision;ddf_rowcount_bad
SC02282,ddf_name_collision;ddf_rowcount_bad
SC02299,ddf_name_collision;ddf_rowcount_bad
SC02328,ddf_name_collision
SC02466,ddf_name_collision;tail_sensitivity_lost_name_collision
SC02475,ddf_name_collision;ddf_rowcount_bad
SC02539,ddf_name_collision;ddf_rowcount_bad
SC02565,ddf_name_collision;ddf_rowcount_bad
SC02566,ddf_name_collision
SC02623,ddf_name_collision;ddf_rowcount_bad
SC02755,ddf_name_collision;ddf_rowcount_bad
SC82201,narrow_elevation_band;old_manifest_vintage;pre_centralization_no_aux;synthetic_cloud_unauditable
SC82409,ddf_name_collision;ddf_rowcount_bad
SC83025,narrow_elevation_band;old_manifest_vintage;pre_centralization_no_aux;synthetic_cloud_unauditable
SD00006,ddf_name_collision;ddf_rowcount_bad
SD00008,ddf_name_collision;tail_sensitivity_lost_name_collision
SD00011,ddf_name_collision;tail_sensitivity_lost_name_collision
SD00018,ddf_name_collision;ddf_rowcount_bad;tail_sensitivity_lost_name_collision
SD00019,ddf_name_collision;tail_sensitivity_lost_name_collision
SD00021,ddf_name_collision;ddf_rowcount_bad;tail_sensitivity_lost_name_collision
SD00032,ddf_name_collision;ddf_rowcount_bad;tail_sensitivity_lost_name_collision
SD00039,ddf_name_collision;ddf_rowcount_bad;tail_sensitivity_lost_name_collision
SD00061,ddf_name_collision;ddf_rowcount_bad
SD00062,ddf_name_collision;ddf_rowcount_bad
SD00063,ddf_name_collision;ddf_rowcount_bad
SD00069,ddf_name_collision;ddf_rowcount_bad
SD00070,ddf_name_collision;ddf_rowcount_bad
SD00077,ddf_name_collision;ddf_rowcount_bad
SD00079,ddf_name_collision;ddf_rowcount_bad
SD00081,ddf_name_collision;ddf_rowcount_bad
SD00082,ddf_name_collision;ddf_rowcount_bad
SD00084,ddf_name_collision;ddf_rowcount_bad
SD00085,ddf_name_collision;ddf_rowcount_bad
SD00086,ddf_name_collision;ddf_rowcount_bad
SD00087,ddf_name_collision;ddf_rowcount_bad
SD00088,ddf_name_collision;ddf_rowcount_bad
SD00089,ddf_name_collision;ddf_rowcount_bad
SD00090,ddf_name_collision;ddf_rowcount_bad
SD00091,ddf_name_collision;ddf_rowcount_bad
SD00100,ddf_name_collision;ddf_rowcount_bad
SD00101,ddf_name_collision;ddf_rowcount_bad
SD00102,ddf_name_collision;ddf_rowcount_bad
SD00103,ddf_name_collision;ddf_rowcount_bad
SD00105,ddf_name_collision;ddf_rowcount_bad
SD00106,ddf_name_collision;ddf_rowcount_bad
SD00107,ddf_name_collision;ddf_rowcount_bad
SD00129,ddf_name_collision;ddf_rowcount_bad
SD00130,ddf_name_collision;ddf_rowcount_bad
SD00148,ddf_name_collision;ddf_rowcount_bad
SD00149,ddf_name_collision;ddf_rowcount_bad
SD00150,ddf_name_collision;ddf_rowcount_bad
SD00151,ddf_name_collision;ddf_rowcount_bad
SD00152,ddf_name_collision;ddf_rowcount_bad
SD00153,ddf_name_collision;ddf_rowcount_bad
SD00161,ddf_name_collision;ddf_rowcount_bad
SD00168,ddf_name_collision;ddf_rowcount_bad
SD00178,ddf_name_collision;ddf_rowcount_bad
SD00179,ddf_name_collision;ddf_rowcount_bad
SD00181,ddf_name_collision;ddf_rowcount_bad
SD00187,ddf_name_collision;ddf_rowcount_bad
SD00193,ddf_name_collision;ddf_rowcount_bad
SD00195,ddf_name_collision;ddf_rowcount_bad
SD00196,ddf_name_collision;ddf_rowcount_bad
SD00214,ddf_name_collision;ddf_rowcount_bad
SD00261,ddf_name_collision;ddf_rowcount_bad
SD00268,ddf_name_collision;ddf_rowcount_bad
SD00269,ddf_name_collision;ddf_rowcount_bad
SD00271,ddf_name_collision;tail_sensitivity_lost_name_collision
SD00272,ddf_name_collision
SD00273,ddf_name_collision;tail_sensitivity_lost_name_collision
SD00278,ddf_name_collision;ddf_rowcount_bad
SD00279,ddf_name_collision;ddf_rowcount_bad
SD00290,ddf_name_collision;tail_sensitivity_lost_name_collision
SD00291,ddf_name_collision
SD00309,ddf_name_collision;ddf_rowcount_bad
SD00324,ddf_name_collision;ddf_rowcount_bad
SD00327,ddf_name_collision;ddf_rowcount_bad
SD00328,ddf_name_collision;ddf_rowcount_bad;tail_sensitivity_lost_name_collision
SD00331,ddf_name_collision;ddf_rowcount_bad
SD00340,ddf_name_collision;ddf_rowcount_bad
SD00341,ddf_name_collision;ddf_rowcount_bad
SD00345,ddf_name_collision;ddf_rowcount_bad
SD00386,ddf_name_collision;ddf_rowcount_bad
SD00397,ddf_name_collision;ddf_rowcount_bad
SD00402,ddf_name_collision;ddf_rowcount_bad
SD00409,ddf_name_collision;ddf_rowcount_bad
SD00411,ddf_name_collision;ddf_rowcount_bad
SD00434,ddf_name_collision;tail_sensitivity_lost_name_collision
SD00437,ddf_name_collision;ddf_rowcount_bad
SD00440,ddf_name_collision;ddf_rowcount_bad
SD00478,ddf_name_collision;ddf_rowcount_bad
SD00479,ddf_name_collision;ddf_rowcount_bad
SD00480,ddf_name_collision;ddf_rowcount_bad
SD00489,ddf_name_collision;ddf_rowcount_bad
SD00490,ddf_name_collision;ddf_rowcount_bad
SD00491,ddf_name_collision;ddf_rowcount_bad
SD00504,ddf_name_collision;ddf_rowcount_bad
SD00538,ddf_name_collision;ddf_rowcount_bad
SD00540,ddf_name_collision;ddf_rowcount_bad
SD00541,ddf_name_collision
SD00578,ddf_name_collision;ddf_rowcount_bad
SD00584,ddf_name_collision
SD00587,ddf_name_collision;tail_sensitivity_lost_name_collision
SD00588,ddf_name_collision;ddf_rowcount_bad
SD00589,ddf_name_collision;ddf_rowcount_bad
SD00592,ddf_name_collision;ddf_rowcount_bad
SD00600,ddf_name_collision;ddf_rowcount_bad
SD00602,ddf_name_collision;ddf_rowcount_bad
SD00612,ddf_name_collision;ddf_rowcount_bad
SD00615,ddf_name_collision;ddf_rowcount_bad
SD00617,ddf_name_collision;ddf_rowcount_bad;tail_sensitivity_lost_name_collision
SD00631,ddf_name_collision;ddf_rowcount_bad
SD00641,ddf_name_collision;ddf_rowcount_bad
SD00646,ddf_name_collision;ddf_rowcount_bad
SD00666,ddf_name_collision;tail_sensitivity_lost_name_collision
SD00685,ddf_name_collision;ddf_rowcount_bad;tail_sensitivity_lost_name_collision
SD00690,ddf_name_collision;ddf_rowcount_bad
SD00693,ddf_name_collision;ddf_rowcount_bad
SD00700,ddf_name_collision;ddf_rowcount_bad
SD00718,ddf_name_collision;ddf_rowcount_bad;tail_sensitivity_lost_name_collision
SD00722,ddf_name_collision;ddf_rowcount_bad
SD00723,ddf_name_collision;ddf_rowcount_bad
SD00724,ddf_name_collision;ddf_rowcount_bad
SD00727,ddf_name_collision;ddf_rowcount_bad
SD00730,ddf_name_collision;ddf_rowcount_bad
SD00731,ddf_name_collision;ddf_rowcount_bad;tail_sensitivity_lost_name_collision
SD00737,ddf_name_collision
SD00744,ddf_name_collision;ddf_rowcount_bad
SD00746,ddf_name_collision;ddf_rowcount_bad
SD00758,ddf_name_collision;ddf_rowcount_bad;tail_sensitivity_lost_name_collision
SD00759,ddf_name_collision;ddf_rowcount_bad;tail_sensitivity_lost_name_collision
SD00890,ddf_name_collision;ddf_rowcount_bad
SD00891,ddf_name_collision;ddf_rowcount_bad
SD00912,ddf_name_collision;ddf_rowcount_bad
SD00913,ddf_name_collision;ddf_rowcount_bad
SD00916,ddf_name_collision;ddf_rowcount_bad
SD00919,ddf_name_collision;ddf_rowcount_bad
SD00923,ddf_name_collision;ddf_rowcount_bad;tail_sensitivity_lost_name_collision
SD00928,ddf_name_collision;ddf_rowcount_bad
SD00929,ddf_name_collision;ddf_rowcount_bad
SD00940,ddf_name_collision;ddf_rowcount_bad
SD00946,ddf_name_collision;ddf_rowcount_bad
SD00947,ddf_name_collision;ddf_rowcount_bad
SD00955,ddf_name_collision;ddf_rowcount_bad
SD00956,ddf_name_collision;ddf_rowcount_bad
SD00964,ddf_name_collision
SD00967,ddf_name_collision;tail_sensitivity_lost_name_collision
SD00975,ddf_name_collision;ddf_rowcount_bad
SD00981,ddf_name_collision;ddf_rowcount_bad
SD01000,ddf_name_collision;ddf_rowcount_bad
SD01042,ddf_name_collision;ddf_rowcount_bad
SD01055,ddf_name_collision;ddf_rowcount_bad
SD01073,ddf_name_collision;ddf_rowcount_bad
SD01075,ddf_name_collision;ddf_rowcount_bad
SD01076,ddf_name_collision;ddf_rowcount_bad
SD01077,ddf_name_collision;ddf_rowcount_bad
SD01078,ddf_name_collision;ddf_rowcount_bad
SD01089,ddf_name_collision;ddf_rowcount_bad
SD01090,ddf_name_collision;ddf_rowcount_bad
SD01092,narrow_elevation_band;old_manifest_vintage;pre_centralization_no_aux;synthetic_cloud_unauditable
SD01093,narrow_elevation_band;old_manifest_vintage;pre_centralization_no_aux;synthetic_cloud_unauditable
SD01094,ddf_name_collision;narrow_elevation_band;old_manifest_vintage;pre_centralization_no_aux;synthetic_cloud_unauditable
SD01099,narrow_elevation_band;old_manifest_vintage;pre_centralization_no_aux;synthetic_prefix_audited_clean
SD01100,narrow_elevation_band;old_manifest_vintage;pre_centralization_no_aux;synthetic_prefix_audited_clean
SD01107,ddf_name_collision;ddf_rowcount_bad
SD01117,ddf_name_collision;ddf_rowcount_bad
SD01122,ddf_name_collision;ddf_rowcount_bad
SD01134,ddf_name_collision;ddf_rowcount_bad
SD01139,narrow_elevation_band;old_manifest_vintage;pre_centralization_no_aux;synthetic_prefix_audited_clean
SD01140,narrow_elevation_band;old_manifest_vintage;pre_centralization_no_aux;synthetic_cloud_unauditable
SD01141,narrow_elevation_band;old_manifest_vintage;pre_centralization_no_aux;synthetic_cloud_unauditable
SD01165,ddf_name_collision;ddf_rowcount_bad
SD01171,ddf_name_collision;ddf_rowcount_bad
SD01173,ddf_name_collision
SD01176,ddf_name_collision;ddf_rowcount_bad
SD01191,ddf_name_collision;ddf_rowcount_bad
SD01197,ddf_name_collision;ddf_rowcount_bad
SD01204,ddf_name_collision;ddf_rowcount_bad
SD01205,ddf_name_collision;ddf_rowcount_bad
SD01210,ddf_name_collision;ddf_rowcount_bad
SD01222,ddf_name_collision;ddf_rowcount_bad
SD01226,ddf_name_collision;ddf_rowcount_bad
SD01237,ddf_name_collision;ddf_rowcount_bad
SD01260,ddf_name_collision;ddf_rowcount_bad
SD01323,ddf_name_collision;ddf_rowcount_bad
SD01341,ddf_name_collision;ddf_rowcount_bad
SD01344,ddf_name_collision;ddf_rowcount_bad
SD01346,ddf_name_collision;ddf_rowcount_bad
SD01347,ddf_name_collision;ddf_rowcount_bad
SD01348,ddf_name_collision;ddf_rowcount_bad
SD01349,ddf_name_collision;ddf_rowcount_bad
SD01381,ddf_name_collision;ddf_rowcount_bad
SD01390,ddf_name_collision;ddf_rowcount_bad
SD01403,ddf_name_collision
SD01405,ddf_name_collision;ddf_rowcount_bad
SD01429,ddf_name_collision;ddf_rowcount_bad
SD01439,ddf_name_collision;ddf_rowcount_bad
SD01455,ddf_name_collision;ddf_rowcount_bad
SD01458,ddf_name_collision;ddf_rowcount_bad
SD01460,ddf_name_collision;ddf_rowcount_bad
SD01462,ddf_name_collision;ddf_rowcount_bad
SD01463,ddf_name_collision;ddf_rowcount_bad
SD01464,ddf_name_collision;ddf_rowcount_bad
SD01465,ddf_name_collision
SD01488,ddf_name_collision;ddf_rowcount_bad
SD01489,ddf_name_collision;ddf_rowcount_bad
SD01494,ddf_name_collision;ddf_rowcount_bad
SD01536,ddf_name_collision;ddf_rowcount_bad
SD01538,ddf_name_collision;ddf_rowcount_bad
SD01565,ddf_name_collision;ddf_rowcount_bad
SD01567,ddf_name_collision;ddf_rowcount_bad
SD01605,ddf_name_collision;ddf_rowcount_bad
SD01623,ddf_name_collision;ddf_rowcount_bad
SD01660,ddf_name_collision;ddf_rowcount_bad
SD01680,ddf_name_collision;ddf_rowcount_bad
SD01681,ddf_name_collision;ddf_rowcount_bad
SD01685,ddf_name_collision;ddf_rowcount_bad
SD01688,ddf_name_collision;ddf_rowcount_bad
SD01698,ddf_name_collision;ddf_rowcount_bad
SD01716,ddf_name_collision;ddf_rowcount_bad
SD01721,ddf_name_collision;ddf_rowcount_bad
SD01736,ddf_name_collision;ddf_rowcount_bad
SD01737,ddf_name_collision;ddf_rowcount_bad
SD01742,ddf_name_collision;ddf_rowcount_bad
SD01743,ddf_name_collision;ddf_rowcount_bad
SD01744,ddf_name_collision;ddf_rowcount_bad
SD01745,ddf_name_collision;ddf_rowcount_bad
SD01748,ddf_name_collision;ddf_rowcount_bad
SD01751,ddf_name_collision;ddf_rowcount_bad
SD01752,ddf_name_collision;ddf_rowcount_bad
SD01755,ddf_name_collision;ddf_rowcount_bad
SD01761,ddf_name_collision;ddf_rowcount_bad
SD01764,ddf_name_collision;ddf_rowcount_bad
SD01765,ddf_name_collision;ddf_rowcount_bad
SD01767,ddf_name_collision;ddf_rowcount_bad
SD01768,ddf_name_collision;ddf_rowcount_bad
SD01788,ddf_name_collision;ddf_rowcount_bad
SD01796,ddf_name_collision;ddf_rowcount_bad
SD01810,ddf_name_collision;ddf_rowcount_bad
SD01814,ddf_name_collision;ddf_rowcount_bad
SD01815,ddf_name_collision;ddf_rowcount_bad
SD01816,ddf_name_collision;ddf_rowcount_bad
SD01817,ddf_name_collision;ddf_rowcount_bad
SD01825,ddf_name_collision;ddf_rowcount_bad
SD01826,ddf_name_collision;ddf_rowcount_bad
SD01827,ddf_name_collision;ddf_rowcount_bad
SD01828,ddf_name_collision;ddf_rowcount_bad
SD01829,ddf_name_collision;ddf_rowcount_bad
SD01830,ddf_name_collision;ddf_rowcount_bad
SD01831,ddf_name_collision;ddf_rowcount_bad
SD01833,ddf_name_collision;ddf_rowcount_bad
SD01834,ddf_name_collision;ddf_rowcount_bad
SD01843,ddf_name_collision;ddf_rowcount_bad
SD01855,ddf_name_collision;ddf_rowcount_bad
SD01901,ddf_name_collision;ddf_rowcount_bad
SD01907,ddf_name_collision;ddf_rowcount_bad
SD01914,ddf_name_collision;ddf_rowcount_bad
SD01925,ddf_name_collision;ddf_rowcount_bad
SD01928,ddf_name_collision;ddf_rowcount_bad;tail_sensitivity_lost_name_collision
SD01947,ddf_name_collision;ddf_rowcount_bad
SD01959,ddf_name_collision;ddf_rowcount_bad;tail_sensitivity_lost_name_collision
SD01975,ddf_name_collision;ddf_rowcount_bad
SD01981,ddf_name_collision;ddf_rowcount_bad
SD01989,ddf_name_collision;ddf_rowcount_bad
SD02005,ddf_name_collision;ddf_rowcount_bad
SD02011,ddf_name_collision;ddf_rowcount_bad
SD02038,ddf_name_collision;ddf_rowcount_bad
SD02039,ddf_name_collision;ddf_rowcount_bad
SD02040,ddf_name_collision;ddf_rowcount_bad
SD02047,ddf_name_collision;ddf_rowcount_bad
SD02051,ddf_name_collision;ddf_rowcount_bad
SD02052,ddf_name_collision;ddf_rowcount_bad
SD02053,ddf_name_collision;ddf_rowcount_bad
SD02058,ddf_name_collision;ddf_rowcount_bad
SD02064,ddf_name_collision;ddf_rowcount_bad
SD02069,ddf_name_collision;ddf_rowcount_bad
SD02070,ddf_name_collision;ddf_rowcount_bad
SD02075,ddf_name_collision;ddf_rowcount_bad
SD02076,ddf_name_collision
SD02081,ddf_name_collision;ddf_rowcount_bad
SD02082,ddf_name_collision;ddf_rowcount_bad
SD02083,ddf_name_collision;ddf_rowcount_bad
SD02091,ddf_name_collision;ddf_rowcount_bad
SD02092,ddf_name_collision;ddf_rowcount_bad
SD02095,ddf_name_collision;ddf_rowcount_bad
SD02107,ddf_name_collision;ddf_rowcount_bad
SD02113,ddf_name_collision;ddf_rowcount_bad
SD02118,ddf_name_collision;tail_sensitivity_lost_name_collision
SD02119,ddf_name_collision;tail_sensitivity_lost_name_collision
SD02133,ddf_name_collision;ddf_rowcount_bad
SD02134,ddf_name_collision;ddf_rowcount_bad
SD02137,ddf_name_collision;ddf_rowcount_bad;tail_sensitivity_lost_name_collision
SD02139,ddf_name_collision;ddf_rowcount_bad
SD02149,ddf_name_collision;ddf_rowcount_bad
SD02150,ddf_name_collision;ddf_rowcount_bad
SD02151,ddf_name_collision;ddf_rowcount_bad;tail_sensitivity_lost_name_collision
SD02171,ddf_name_collision;ddf_rowcount_bad
SD02177,ddf_name_collision;ddf_rowcount_bad
SD02185,ddf_name_collision;ddf_rowcount_bad
SD02202,ddf_name_collision;tail_sensitivity_lost_name_collision
SD02203,ddf_name_collision;tail_sensitivity_lost_name_collision
SD02214,ddf_name_collision;ddf_rowcount_bad
SD02221,ddf_name_collision;ddf_rowcount_bad
SD02222,ddf_name_collision;ddf_rowcount_bad
SD02228,ddf_name_collision;ddf_rowcount_bad
SD02229,ddf_name_collision;ddf_rowcount_bad
SD02231,ddf_name_collision;ddf_rowcount_bad
SD02232,ddf_name_collision;ddf_rowcount_bad
SD02236,ddf_name_collision;ddf_rowcount_bad
SD02238,ddf_name_collision;tail_sensitivity_lost_name_collision
SD02239,ddf_name_collision;ddf_rowcount_bad
SD02242,ddf_name_collision;ddf_rowcount_bad
SD02244,ddf_name_collision;ddf_rowcount_bad;tail_sensitivity_lost_name_collision
SD02248,ddf_name_collision;ddf_rowcount_bad
SD02250,ddf_name_collision;ddf_rowcount_bad;tail_sensitivity_lost_name_collision
SD02253,ddf_name_collision;ddf_rowcount_bad
SD02268,ddf_name_collision;ddf_rowcount_bad
SD02302,ddf_name_collision;ddf_rowcount_bad
SD02304,ddf_name_collision;ddf_rowcount_bad
SD02311,ddf_name_collision;ddf_rowcount_bad
SD02314,ddf_name_collision;ddf_rowcount_bad
SD02316,ddf_name_collision;ddf_rowcount_bad
SD02319,ddf_name_collision;ddf_rowcount_bad
SD02332,ddf_name_collision;ddf_rowcount_bad
SD02333,ddf_name_collision
SD02337,ddf_name_collision;ddf_rowcount_bad
SD02348,ddf_name_collision;ddf_rowcount_bad
SD02355,ddf_name_collision;ddf_rowcount_bad
SD02357,ddf_name_collision;ddf_rowcount_bad
SD02360,ddf_name_collision;ddf_rowcount_bad
SD02368,ddf_name_collision;ddf_rowcount_bad
SD02371,ddf_name_collision;ddf_rowcount_bad
SD02377,ddf_name_collision;ddf_rowcount_bad
SD02388,ddf_name_collision;ddf_rowcount_bad
SD02389,ddf_name_collision;ddf_rowcount_bad
SD02390,ddf_name_collision;ddf_rowcount_bad
SD02393,ddf_name_collision;ddf_rowcount_bad;tail_sensitivity_lost_name_collision
SD02394,ddf_name_collision;ddf_rowcount_bad
SD02419,ddf_name_collision;ddf_rowcount_bad
SD02422,ddf_name_collision;ddf_rowcount_bad
SD02427,ddf_name_collision;ddf_rowcount_bad
SD02442,ddf_name_collision;ddf_rowcount_bad;tail_sensitivity_lost_name_collision
SD02443,ddf_name_collision;ddf_rowcount_bad
SD02452,ddf_name_collision;ddf_rowcount_bad;tail_sensitivity_lost_name_collision
SD02453,ddf_name_collision;ddf_rowcount_bad
SD02465,ddf_name_collision
SD02470,ddf_name_collision;ddf_rowcount_bad
SD02472,ddf_name_collision;ddf_rowcount_bad
SD02473,ddf_name_collision;ddf_rowcount_bad
SD02475,ddf_name_collision;ddf_rowcount_bad
SD02476,ddf_name_collision;ddf_rowcount_bad
SD02482,ddf_name_collision;ddf_rowcount_bad
SD02487,ddf_name_collision;ddf_rowcount_bad
SD02488,ddf_name_collision;ddf_rowcount_bad
SD02493,ddf_name_collision;ddf_rowcount_bad
SD02494,ddf_name_collision;ddf_rowcount_bad
SD02509,ddf_name_collision;ddf_rowcount_bad
SD02510,ddf_name_collision;ddf_rowcount_bad
SD02511,ddf_name_collision;ddf_rowcount_bad
SD02512,ddf_name_collision;ddf_rowcount_bad
SD02515,ddf_name_collision
SD02524,ddf_name_collision;ddf_rowcount_bad
SD02537,ddf_name_collision;ddf_rowcount_bad
SD02538,ddf_name_collision
SD02540,ddf_name_collision;ddf_rowcount_bad
SD02545,ddf_name_collision;ddf_rowcount_bad
SD02558,ddf_name_collision;ddf_rowcount_bad
SD82402,ddf_name_collision;ddf_rowcount_bad
TN00101,ddf_name_collision;ddf_rowcount_bad
TN00303,ddf_name_collision
TN00306,ddf_name_collision;ddf_rowcount_bad
TN00307,ddf_name_collision;ddf_rowcount_bad
TN00501,ddf_name_collision;ddf_rowcount_bad
TN00503,ddf_name_collision;ddf_rowcount_bad
TN00504,ddf_name_collision;ddf_rowcount_bad
TN00508,ddf_name_collision;ddf_rowcount_bad
TN00701,ddf_name_collision;ddf_rowcount_bad
TN00703,ddf_name_collision;ddf_rowcount_bad
TN00705,ddf_name_collision;ddf_rowcount_bad
TN00707,ddf_name_collision;ddf_rowcount_bad;tail_sensitivity_lost_name_collision
TN00714,ddf_name_collision;ddf_rowcount_bad
TN00905,ddf_name_collision;ddf_rowcount_bad
TN00915,ddf_name_collision;ddf_rowcount_bad
TN01103,ddf_name_collision;ddf_rowcount_bad
TN01105,ddf_name_collision;ddf_rowcount_bad
TN01106,ddf_name_collision;ddf_rowcount_bad
TN01305,ddf_name_collision;ddf_rowcount_bad;tail_sensitivity_lost_name_collision
TN01709,ddf_name_collision;ddf_rowcount_bad;tail_sensitivity_lost_name_collision
TN01732,ddf_name_collision
TN01903,narrow_elevation_band;old_manifest_vintage;pre_centralization_no_aux;synthetic_cloud_unauditable
TN01905,ddf_name_collision;ddf_rowcount_bad
TN02301,ddf_name_collision;ddf_rowcount_bad
TN02308,ddf_name_collision;ddf_rowcount_bad
TN02309,ddf_name_collision
TN02315,ddf_name_collision;ddf_rowcount_bad
TN03107,old_manifest_vintage
TN03301,ddf_name_collision;ddf_rowcount_bad
TN03303,ddf_name_collision;ddf_rowcount_bad
TN03506,ddf_name_collision;tail_sensitivity_lost_name_collision
TN03514,ddf_name_collision;ddf_rowcount_bad
TN03516,ddf_name_collision;ddf_rowcount_bad
TN03521,ddf_name_collision;ddf_rowcount_bad
TN03522,ddf_name_collision;tail_sensitivity_lost_name_collision
TN03525,ddf_name_collision;ddf_rowcount_bad
TN03526,ddf_name_collision;ddf_rowcount_bad
TN03527,ddf_name_collision
TN03532,ddf_name_collision;ddf_rowcount_bad
TN03533,ddf_name_collision;ddf_rowcount_bad
TN03539,ddf_name_collision;ddf_rowcount_bad
TN03553,ddf_name_collision;ddf_rowcount_bad;tail_sensitivity_lost_name_collision
TN03557,ddf_name_collision
TN03558,ddf_name_collision;ddf_rowcount_bad
TN03567,ddf_name_collision;ddf_rowcount_bad
TN03568,ddf_name_collision;ddf_rowcount_bad
TN03701,old_manifest_vintage
TN03706,ddf_name_collision;ddf_rowcount_bad
TN03715,ddf_name_collision;ddf_rowcount_bad
TN03727,ddf_name_collision;ddf_rowcount_bad
TN03907,ddf_name_collision;ddf_rowcount_bad
TN04102,old_manifest_vintage
TN04303,ddf_name_collision;ddf_rowcount_bad
TN04316,ddf_name_collision;ddf_rowcount_bad
TN04323,ddf_name_collision;ddf_rowcount_bad
TN04508,ddf_name_collision;ddf_rowcount_bad;tail_sensitivity_lost_name_collision
TN04525,ddf_name_collision;ddf_rowcount_bad
TN04709,ddf_name_collision;ddf_rowcount_bad
TN04715,ddf_name_collision;ddf_rowcount_bad
TN04716,ddf_name_collision
TN04718,ddf_name_collision;ddf_rowcount_bad
TN04725,ddf_name_collision;ddf_rowcount_bad
TN04727,ddf_name_collision;ddf_rowcount_bad
TN04730,ddf_name_collision;ddf_rowcount_bad
TN04737,ddf_name_collision;ddf_rowcount_bad
TN04741,ddf_name_collision;ddf_rowcount_bad
TN04743,ddf_name_collision;ddf_rowcount_bad
TN04902,ddf_name_collision;tail_sensitivity_lost_name_collision
TN04903,ddf_name_collision;ddf_rowcount_bad
TN04904,ddf_name_collision;ddf_rowcount_bad
TN04909,ddf_name_collision;ddf_rowcount_bad
TN05101,old_manifest_vintage
TN05102,narrow_elevation_band;synthetic_cloud_unauditable
TN05103,ddf_name_collision;ddf_rowcount_bad
TN05301,ddf_name_collision;ddf_rowcount_bad
TN05311,ddf_name_collision;ddf_rowcount_bad
TN05321,ddf_name_collision;ddf_rowcount_bad
TN05325,ddf_name_collision;ddf_rowcount_bad
TN05344,ddf_name_collision;ddf_rowcount_bad
TN05501,ddf_name_collision;ddf_rowcount_bad
TN05502,ddf_name_collision;ddf_rowcount_bad
TN05503,ddf_name_collision;ddf_rowcount_bad
TN05703,ddf_name_collision;ddf_rowcount_bad
TN06109,ddf_name_collision
TN06114,ddf_name_collision;tail_sensitivity_lost_name_collision
TN06116,ddf_name_collision
TN06504,narrow_elevation_band;old_manifest_vintage;pre_centralization_no_aux;synthetic_cloud_unauditable
TN06917,ddf_name_collision;ddf_rowcount_bad
TN06930,ddf_name_collision;ddf_rowcount_bad
TN06932,ddf_name_collision;ddf_rowcount_bad
TN06934,ddf_name_collision;ddf_rowcount_bad
TN07101,narrow_elevation_band;old_manifest_vintage;pre_centralization_no_aux;synthetic_cloud_unauditable
TN07103,ddf_name_collision;ddf_rowcount_bad;tail_sensitivity_lost_name_collision
TN07502,ddf_name_collision;ddf_rowcount_bad
TN07505,ddf_name_collision;ddf_rowcount_bad
TN07506,ddf_name_collision;ddf_rowcount_bad
TN07507,ddf_name_collision;ddf_rowcount_bad
TN07508,ddf_name_collision
TN07515,ddf_name_collision;ddf_rowcount_bad
TN07703,ddf_name_collision;tail_sensitivity_lost_name_collision
TN07706,ddf_name_collision;tail_sensitivity_lost_name_collision
TN07707,ddf_name_collision;tail_sensitivity_lost_name_collision
TN07712,ddf_name_collision;ddf_rowcount_bad
TN07717,ddf_name_collision;ddf_rowcount_bad
TN07721,ddf_name_collision;ddf_rowcount_bad
TN07726,ddf_name_collision
TN07727,ddf_name_collision;tail_sensitivity_lost_name_collision
TN07730,ddf_name_collision;ddf_rowcount_bad
TN07910,ddf_name_collision;ddf_rowcount_bad
TN07911,ddf_name_collision;ddf_rowcount_bad
TN07923,ddf_name_collision;ddf_rowcount_bad
TN07925,ddf_name_collision;ddf_rowcount_bad
TN07927,ddf_name_collision;ddf_rowcount_bad;tail_sensitivity_lost_name_collision
TN07931,ddf_name_collision;ddf_rowcount_bad
TN07933,ddf_name_collision;ddf_rowcount_bad
TN08102,ddf_name_collision;ddf_rowcount_bad
TN08109,ddf_name_collision;ddf_rowcount_bad
TN08110,ddf_name_collision;ddf_rowcount_bad;tail_sensitivity_lost_name_collision
TN08501,ddf_name_collision;ddf_rowcount_bad
TN08502,ddf_name_collision;ddf_rowcount_bad
TN08513,ddf_name_collision;ddf_rowcount_bad
TN08515,ddf_name_collision;tail_sensitivity_lost_name_collision
TN08903,ddf_name_collision;ddf_rowcount_bad;narrow_elevation_band;old_manifest_vintage;pre_centralization_no_aux;synthetic_cloud_unauditable;tail_sensitivity_lost_name_collision
TN09708,ddf_name_collision;ddf_rowcount_bad
TN09712,ddf_name_collision;ddf_rowcount_bad
TN09713,ddf_name_collision
TN09716,ddf_name_collision;ddf_rowcount_bad
TN09717,ddf_name_collision;ddf_rowcount_bad
TN09718,ddf_name_collision;ddf_rowcount_bad
TN09901,ddf_name_collision;tail_sensitivity_lost_name_collision
TN09903,ddf_name_collision;ddf_rowcount_bad
TN09907,ddf_name_collision;ddf_rowcount_bad
TN09911,ddf_name_collision;ddf_rowcount_bad
TN10101,ddf_name_collision
TN10103,ddf_name_collision;ddf_rowcount_bad
TN10301,ddf_name_collision;ddf_rowcount_bad
TN10303,ddf_name_collision;ddf_rowcount_bad
TN10307,ddf_name_collision;ddf_rowcount_bad
TN10501,narrow_elevation_band;old_manifest_vintage;pre_centralization_no_aux;synthetic_cloud_unauditable
TN10502,narrow_elevation_band;old_manifest_vintage;pre_centralization_no_aux;synthetic_prefix_audited_clean
TN10506,ddf_name_collision;narrow_elevation_band;old_manifest_vintage;pre_centralization_no_aux;synthetic_cloud_unauditable;tail_sensitivity_lost_name_collision
TN10511,ddf_name_collision;ddf_rowcount_bad
TN10918,ddf_name_collision;ddf_rowcount_bad
TN10925,ddf_name_collision;ddf_rowcount_bad;tail_sensitivity_lost_name_collision
TN11309,ddf_name_collision;ddf_rowcount_bad
TN11313,ddf_name_collision;ddf_rowcount_bad;tail_sensitivity_lost_name_collision
TN11324,ddf_name_collision;ddf_rowcount_bad
TN11330,ddf_name_collision;ddf_rowcount_bad
TN11340,ddf_name_collision;ddf_rowcount_bad
TN11341,ddf_name_collision;ddf_rowcount_bad
TN11344,ddf_name_collision;ddf_rowcount_bad
TN11345,ddf_name_collision;ddf_rowcount_bad
TN11349,ddf_name_collision;ddf_rowcount_bad
TN11502,old_manifest_vintage
TN11503,ddf_name_collision;ddf_rowcount_bad
TN11506,ddf_name_collision;ddf_rowcount_bad
TN11510,ddf_name_collision;ddf_rowcount_bad
TN11701,ddf_name_collision;ddf_rowcount_bad
TN11706,ddf_name_collision;ddf_rowcount_bad
TN11903,ddf_name_collision
TN11904,ddf_name_collision;ddf_rowcount_bad
TN11906,ddf_name_collision;ddf_rowcount_bad
TN11932,ddf_name_collision;ddf_rowcount_bad
TN11938,ddf_name_collision;ddf_rowcount_bad;tail_sensitivity_lost_name_collision
TN11941,ddf_name_collision;ddf_rowcount_bad
TN11943,ddf_name_collision;ddf_rowcount_bad
TN12102,narrow_elevation_band;synthetic_cloud_unauditable
TN12301,ddf_name_collision
TN12307,ddf_name_collision;ddf_rowcount_bad
TN12317,ddf_name_collision;ddf_rowcount_bad
TN12506,ddf_name_collision;ddf_rowcount_bad
TN12909,ddf_name_collision;ddf_rowcount_bad
TN13102,ddf_name_collision;ddf_rowcount_bad
TN13104,ddf_name_collision;ddf_rowcount_bad
TN13105,ddf_name_collision;ddf_rowcount_bad
TN13307,ddf_name_collision;ddf_rowcount_bad
TN14101,ddf_name_collision;ddf_rowcount_bad
TN14111,ddf_name_collision;ddf_rowcount_bad
TN14301,ddf_name_collision;ddf_rowcount_bad
TN14501,ddf_name_collision
TN14506,ddf_name_collision;ddf_rowcount_bad
TN14706,ddf_name_collision;ddf_rowcount_bad
TN14903,ddf_name_collision;ddf_rowcount_bad
TN15101,ddf_name_collision;ddf_rowcount_bad
TN15102,ddf_name_collision;ddf_rowcount_bad
TN15105,ddf_name_collision
TN15111,ddf_name_collision;tail_sensitivity_lost_name_collision
TN15302,ddf_name_collision;ddf_rowcount_bad
TN15304,ddf_name_collision;ddf_rowcount_bad
TN15306,ddf_name_collision;ddf_rowcount_bad;tail_sensitivity_lost_name_collision
TN15310,ddf_name_collision;tail_sensitivity_lost_name_collision
TN15311,ddf_name_collision;ddf_rowcount_bad
TN15501,ddf_name_collision;ddf_rowcount_bad;narrow_elevation_band;old_manifest_vintage;pre_centralization_no_aux;synthetic_cloud_unauditable;tail_sensitivity_lost_name_collision
TN15502,ddf_name_collision;ddf_rowcount_bad
TN15701,ddf_name_collision;ddf_rowcount_bad
TN15709,ddf_name_collision;ddf_rowcount_bad;tail_sensitivity_lost_name_collision
TN15712,ddf_name_collision;ddf_rowcount_bad
TN15720,ddf_name_collision;ddf_rowcount_bad;tail_sensitivity_lost_name_collision
TN15721,ddf_name_collision;ddf_rowcount_bad
TN15722,ddf_name_collision;ddf_rowcount_bad
TN15723,ddf_name_collision;ddf_rowcount_bad
TN15731,ddf_name_collision;ddf_rowcount_bad
TN15735,ddf_name_collision;ddf_rowcount_bad
TN15737,ddf_name_collision;ddf_rowcount_bad
TN15763,ddf_name_collision;ddf_rowcount_bad
TN15767,ddf_name_collision;ddf_rowcount_bad
TN15768,ddf_name_collision;ddf_rowcount_bad
TN15787,ddf_name_collision;ddf_rowcount_bad
TN15901,old_manifest_vintage
TN16108,ddf_name_collision;ddf_rowcount_bad
TN16305,narrow_elevation_band;synthetic_cloud_unauditable
TN16306,narrow_elevation_band;old_manifest_vintage;pre_centralization_no_aux;synthetic_prefix_audited_clean
TN16501,ddf_name_collision;ddf_rowcount_bad
TN16504,ddf_name_collision;ddf_rowcount_bad
TN16506,ddf_name_collision;ddf_rowcount_bad;tail_sensitivity_lost_name_collision
TN16507,ddf_name_collision;ddf_rowcount_bad
TN16514,ddf_name_collision;ddf_rowcount_bad
TN16528,ddf_name_collision;ddf_rowcount_bad
TN16702,ddf_name_collision;ddf_rowcount_bad
TN16901,ddf_name_collision;ddf_rowcount_bad
TN17704,ddf_name_collision;ddf_rowcount_bad;tail_sensitivity_lost_name_collision
TN17709,ddf_name_collision;ddf_rowcount_bad
TN18501,ddf_name_collision;ddf_rowcount_bad
TN18512,ddf_name_collision;ddf_rowcount_bad
TN18710,ddf_name_collision;ddf_rowcount_bad
TN18711,ddf_name_collision;ddf_rowcount_bad
TN18712,ddf_name_collision;ddf_rowcount_bad
TN18714,ddf_name_collision;ddf_rowcount_bad
TN18717,ddf_name_collision;ddf_rowcount_bad
TN18732,ddf_name_collision;ddf_rowcount_bad
TX00001,narrow_elevation_band;old_manifest_vintage;pre_centralization_no_aux;synthetic_cloud_unauditable
TX00002,narrow_elevation_band;old_manifest_vintage;pre_centralization_no_aux;synthetic_cloud_unauditable
TX00003,narrow_elevation_band;old_manifest_vintage;pre_centralization_no_aux;synthetic_cloud_unauditable
TX00004,ddf_name_collision;narrow_elevation_band;old_manifest_vintage;pre_centralization_no_aux;synthetic_cloud_unauditable;tail_sensitivity_lost_name_collision
TX00005,narrow_elevation_band;old_manifest_vintage;pre_centralization_no_aux;synthetic_cloud_unauditable
TX00007,narrow_elevation_band;old_manifest_vintage;pre_centralization_no_aux;synthetic_cloud_unauditable
TX00008,narrow_elevation_band;old_manifest_vintage;pre_centralization_no_aux;synthetic_cloud_unauditable
TX00009,narrow_elevation_band;old_manifest_vintage;pre_centralization_no_aux;synthetic_cloud_unauditable
TX00010,narrow_elevation_band;old_manifest_vintage;pre_centralization_no_aux;synthetic_cloud_unauditable
TX00011,narrow_elevation_band;old_manifest_vintage;pre_centralization_no_aux;synthetic_cloud_unauditable
TX00012,narrow_elevation_band;old_manifest_vintage;pre_centralization_no_aux;synthetic_cloud_unauditable
TX00013,narrow_elevation_band;old_manifest_vintage;pre_centralization_no_aux;synthetic_cloud_unauditable
TX00014,narrow_elevation_band;old_manifest_vintage;pre_centralization_no_aux;synthetic_cloud_unauditable
TX00016,narrow_elevation_band;old_manifest_vintage;pre_centralization_no_aux;synthetic_cloud_unauditable
TX00017,ddf_name_collision;narrow_elevation_band;old_manifest_vintage;pre_centralization_no_aux;synthetic_cloud_unauditable;tail_sensitivity_lost_name_collision
TX00019,ddf_name_collision;ddf_rowcount_bad;synthetic_purged_rerun_ok
TX00020,narrow_elevation_band;old_manifest_vintage;pre_centralization_no_aux;synthetic_cloud_unauditable
TX00022,ddf_name_collision;narrow_elevation_band;old_manifest_vintage;pre_centralization_no_aux;synthetic_cloud_unauditable;tail_sensitivity_lost_name_collision
TX00023,ddf_name_collision;narrow_elevation_band;old_manifest_vintage;pre_centralization_no_aux;synthetic_cloud_unauditable;tail_sensitivity_lost_name_collision
TX00024,narrow_elevation_band;old_manifest_vintage;pre_centralization_no_aux;synthetic_cloud_unauditable
TX00029,ddf_name_collision;ddf_rowcount_bad
TX00031,ddf_name_collision;ddf_rowcount_bad
TX00044,ddf_name_collision;ddf_rowcount_bad
TX00046,ddf_name_collision;ddf_rowcount_bad
TX00049,ddf_name_collision;ddf_rowcount_bad;tail_sensitivity_lost_name_collision
TX00050,ddf_name_collision;tail_sensitivity_lost_name_collision
TX00051,ddf_name_collision;ddf_rowcount_bad
TX00052,ddf_name_collision;ddf_rowcount_bad
TX00053,ddf_name_collision;ddf_rowcount_bad;tail_sensitivity_lost_name_collision
TX00054,ddf_name_collision;ddf_rowcount_bad
TX00057,ddf_name_collision;ddf_rowcount_bad
TX00065,ddf_name_collision;ddf_rowcount_bad
TX00066,ddf_name_collision;ddf_rowcount_bad
TX00067,ddf_name_collision;ddf_rowcount_bad
TX00068,ddf_name_collision;ddf_rowcount_bad
TX00069,ddf_name_collision;ddf_rowcount_bad
TX00071,ddf_name_collision;ddf_rowcount_bad
TX00072,ddf_name_collision;ddf_rowcount_bad
TX00074,ddf_name_collision;ddf_rowcount_bad
TX00075,ddf_name_collision;ddf_rowcount_bad;tail_sensitivity_lost_name_collision
TX00076,ddf_name_collision;ddf_rowcount_bad
TX00080,ddf_name_collision;ddf_rowcount_bad
TX00085,ddf_name_collision;ddf_rowcount_bad
TX00086,ddf_name_collision;ddf_rowcount_bad
TX00088,ddf_name_collision;ddf_rowcount_bad
TX00091,ddf_name_collision;ddf_rowcount_bad
TX00094,ddf_name_collision;ddf_rowcount_bad
TX00097,narrow_elevation_band;old_manifest_vintage;pre_centralization_no_aux;synthetic_cloud_unauditable
TX00098,ddf_name_collision;ddf_rowcount_bad;tail_sensitivity_lost_name_collision
TX00099,ddf_name_collision
TX00102,ddf_name_collision;ddf_rowcount_bad
TX00105,ddf_name_collision;ddf_rowcount_bad
TX00109,ddf_name_collision;ddf_rowcount_bad
TX00110,ddf_name_collision;ddf_rowcount_bad
TX00111,ddf_name_collision;ddf_rowcount_bad;tail_sensitivity_lost_name_collision
TX00118,ddf_name_collision;ddf_rowcount_bad
TX00122,ddf_name_collision;ddf_rowcount_bad
TX00124,ddf_name_collision;ddf_rowcount_bad;tail_sensitivity_lost_name_collision
TX00127,ddf_name_collision;ddf_rowcount_bad
TX00129,ddf_name_collision;ddf_rowcount_bad
TX00134,ddf_name_collision;ddf_rowcount_bad
TX00135,ddf_name_collision;ddf_rowcount_bad
TX00137,ddf_name_collision;ddf_rowcount_bad
TX00138,ddf_name_collision;ddf_rowcount_bad
TX00139,ddf_name_collision;ddf_rowcount_bad;tail_sensitivity_lost_name_collision
TX00143,ddf_name_collision;ddf_rowcount_bad
TX00145,ddf_name_collision;ddf_rowcount_bad;tail_sensitivity_lost_name_collision
TX00149,ddf_name_collision;ddf_rowcount_bad
TX00152,ddf_name_collision;ddf_rowcount_bad
TX00153,ddf_name_collision;ddf_rowcount_bad
TX00154,ddf_name_collision;ddf_rowcount_bad
TX00156,ddf_name_collision;ddf_rowcount_bad
TX00161,ddf_name_collision;ddf_rowcount_bad
TX00170,narrow_elevation_band;old_manifest_vintage;pre_centralization_no_aux;synthetic_cloud_unauditable
TX00173,ddf_name_collision;ddf_rowcount_bad
TX00174,ddf_name_collision;ddf_rowcount_bad
TX00175,ddf_name_collision;tail_sensitivity_lost_name_collision
TX00179,ddf_name_collision;ddf_rowcount_bad
TX00180,ddf_name_collision;ddf_rowcount_bad;tail_sensitivity_lost_name_collision
TX00183,ddf_name_collision;ddf_rowcount_bad
TX00184,ddf_name_collision;ddf_rowcount_bad
TX00187,ddf_name_collision;ddf_rowcount_bad
TX00188,ddf_name_collision;ddf_rowcount_bad
TX00192,ddf_name_collision;ddf_rowcount_bad
TX00193,ddf_name_collision;ddf_rowcount_bad;tail_sensitivity_lost_name_collision
TX00196,ddf_name_collision;tail_sensitivity_lost_name_collision
TX00198,ddf_name_collision;ddf_rowcount_bad
TX00203,ddf_name_collision;ddf_rowcount_bad;tail_sensitivity_lost_name_collision
TX00205,ddf_name_collision;ddf_rowcount_bad;tail_sensitivity_lost_name_collision
TX00206,ddf_name_collision;ddf_rowcount_bad;tail_sensitivity_lost_name_collision
TX00208,ddf_name_collision;ddf_rowcount_bad
TX00213,ddf_name_collision;ddf_rowcount_bad
TX00215,ddf_name_collision;ddf_rowcount_bad;tail_sensitivity_lost_name_collision
TX00217,ddf_name_collision;ddf_rowcount_bad
TX00220,ddf_name_collision;ddf_rowcount_bad
TX00223,ddf_name_collision;ddf_rowcount_bad;tail_sensitivity_lost_name_collision
TX00224,ddf_name_collision;ddf_rowcount_bad
TX00226,ddf_name_collision;ddf_rowcount_bad
TX00230,ddf_name_collision;ddf_rowcount_bad
TX00231,ddf_name_collision;ddf_rowcount_bad
TX00237,narrow_elevation_band;old_manifest_vintage;pre_centralization_no_aux;synthetic_cloud_unauditable
TX00238,ddf_name_collision;ddf_rowcount_bad;tail_sensitivity_lost_name_collision
TX00244,ddf_name_collision;ddf_rowcount_bad
TX00246,ddf_name_collision;ddf_rowcount_bad;tail_sensitivity_lost_name_collision
TX00249,ddf_name_collision;ddf_rowcount_bad
TX00250,ddf_name_collision;ddf_rowcount_bad
TX00251,ddf_name_collision;ddf_rowcount_bad;tail_sensitivity_lost_name_collision
TX00252,ddf_name_collision;ddf_rowcount_bad
TX00253,ddf_name_collision;ddf_rowcount_bad;tail_sensitivity_lost_name_collision
TX00256,ddf_name_collision;ddf_rowcount_bad;tail_sensitivity_lost_name_collision
TX00262,ddf_name_collision;ddf_rowcount_bad
TX00263,ddf_name_collision;ddf_rowcount_bad
TX00264,ddf_name_collision;ddf_rowcount_bad
TX00265,ddf_name_collision;ddf_rowcount_bad;tail_sensitivity_lost_name_collision
TX00268,ddf_name_collision;ddf_rowcount_bad;tail_sensitivity_lost_name_collision
TX00270,ddf_name_collision;ddf_rowcount_bad
TX00272,ddf_name_collision;ddf_rowcount_bad
TX00279,ddf_name_collision;ddf_rowcount_bad;tail_sensitivity_lost_name_collision
TX00284,ddf_name_collision;ddf_rowcount_bad;tail_sensitivity_lost_name_collision
TX00287,ddf_name_collision;ddf_rowcount_bad;tail_sensitivity_lost_name_collision
TX00297,ddf_name_collision;ddf_rowcount_bad
TX00299,ddf_name_collision;ddf_rowcount_bad;tail_sensitivity_lost_name_collision
TX00300,ddf_name_collision;ddf_rowcount_bad
TX00301,ddf_name_collision;ddf_rowcount_bad
TX00302,ddf_name_collision;ddf_rowcount_bad
TX00306,ddf_name_collision;ddf_rowcount_bad;tail_sensitivity_lost_name_collision
TX00307,ddf_name_collision;ddf_rowcount_bad
TX00318,ddf_name_collision;ddf_rowcount_bad
TX00320,ddf_name_collision;ddf_rowcount_bad
TX00321,ddf_name_collision;ddf_rowcount_bad
TX00322,ddf_name_collision;ddf_rowcount_bad
TX00323,ddf_name_collision;ddf_rowcount_bad
TX00327,ddf_name_collision;ddf_rowcount_bad;tail_sensitivity_lost_name_collision
TX00329,ddf_name_collision;ddf_rowcount_bad
TX00334,ddf_name_collision;ddf_rowcount_bad
TX00345,ddf_name_collision;ddf_rowcount_bad;tail_sensitivity_lost_name_collision
TX00360,ddf_name_collision;ddf_rowcount_bad
TX00362,ddf_name_collision
TX00364,ddf_name_collision;ddf_rowcount_bad;tail_sensitivity_lost_name_collision
TX00366,ddf_name_collision;ddf_rowcount_bad
TX00369,ddf_name_collision;ddf_rowcount_bad
TX00374,ddf_name_collision;ddf_rowcount_bad
TX00375,ddf_name_collision;ddf_rowcount_bad
TX00376,ddf_name_collision;ddf_rowcount_bad
TX00378,ddf_name_collision;ddf_rowcount_bad
TX00379,ddf_name_collision;ddf_rowcount_bad;tail_sensitivity_lost_name_collision
TX00382,ddf_name_collision;ddf_rowcount_bad
TX00383,ddf_name_collision;ddf_rowcount_bad
TX00386,ddf_name_collision;ddf_rowcount_bad
TX00388,ddf_name_collision;ddf_rowcount_bad;tail_sensitivity_lost_name_collision
TX00405,ddf_name_collision;ddf_rowcount_bad;tail_sensitivity_lost_name_collision
TX00406,ddf_name_collision;ddf_rowcount_bad;tail_sensitivity_lost_name_collision
TX00424,ddf_name_collision;ddf_rowcount_bad
TX00476,ddf_name_collision;ddf_rowcount_bad
TX00491,narrow_elevation_band;old_manifest_vintage;pre_centralization_no_aux;synthetic_cloud_unauditable
TX00492,ddf_name_collision;ddf_rowcount_bad
TX00494,ddf_name_collision;ddf_rowcount_bad
TX00496,ddf_name_collision;ddf_rowcount_bad
TX00498,ddf_name_collision;ddf_rowcount_bad;tail_sensitivity_lost_name_collision
TX00499,ddf_name_collision;ddf_rowcount_bad
TX00501,ddf_name_collision;ddf_rowcount_bad
TX00502,ddf_name_collision;ddf_rowcount_bad;tail_sensitivity_lost_name_collision
TX00505,ddf_name_collision;tail_sensitivity_lost_name_collision
TX00506,ddf_name_collision;ddf_rowcount_bad
TX00514,ddf_name_collision;ddf_rowcount_bad
TX00515,ddf_name_collision;ddf_rowcount_bad
TX00516,ddf_name_collision;ddf_rowcount_bad
TX00579,ddf_name_collision;tail_sensitivity_lost_name_collision
TX00580,ddf_name_collision;ddf_rowcount_bad
TX00581,ddf_name_collision;ddf_rowcount_bad
TX00583,ddf_name_collision;ddf_rowcount_bad
TX00588,ddf_name_collision;ddf_rowcount_bad
TX00590,ddf_name_collision;ddf_rowcount_bad
TX00594,ddf_name_collision;ddf_rowcount_bad
TX00596,ddf_name_collision;ddf_rowcount_bad
TX00600,ddf_name_collision;ddf_rowcount_bad
TX00602,ddf_name_collision;ddf_rowcount_bad
TX00615,ddf_name_collision;ddf_rowcount_bad
TX00632,ddf_name_collision;ddf_rowcount_bad
TX00634,ddf_name_collision;ddf_rowcount_bad
TX00642,ddf_name_collision;ddf_rowcount_bad;tail_sensitivity_lost_name_collision
TX00648,ddf_name_collision;ddf_rowcount_bad;tail_sensitivity_lost_name_collision
TX00649,ddf_name_collision;ddf_rowcount_bad;tail_sensitivity_lost_name_collision
TX00670,ddf_name_collision;ddf_rowcount_bad
TX00674,ddf_name_collision;ddf_rowcount_bad
TX00677,ddf_name_collision;ddf_rowcount_bad;tail_sensitivity_lost_name_collision
TX00678,ddf_name_collision;ddf_rowcount_bad;tail_sensitivity_lost_name_collision
TX00683,ddf_name_collision;ddf_rowcount_bad
TX00684,ddf_name_collision;ddf_rowcount_bad
TX00688,ddf_name_collision;ddf_rowcount_bad
TX00692,ddf_name_collision;ddf_rowcount_bad
TX00752,ddf_name_collision;tail_sensitivity_lost_name_collision
TX00753,ddf_name_collision
TX00754,ddf_name_collision
TX00755,ddf_name_collision
TX00756,ddf_name_collision
TX00757,ddf_name_collision
TX00758,ddf_name_collision
TX00761,ddf_name_collision;ddf_rowcount_bad;tail_sensitivity_lost_name_collision
TX00777,ddf_name_collision
TX00778,ddf_name_collision
TX00779,narrow_elevation_band;old_manifest_vintage;pre_centralization_no_aux;synthetic_cloud_unauditable
TX00783,ddf_name_collision;ddf_rowcount_bad;tail_sensitivity_lost_name_collision
TX00799,ddf_name_collision;ddf_rowcount_bad
TX00826,ddf_name_collision;ddf_rowcount_bad
TX00827,ddf_name_collision;tail_sensitivity_lost_name_collision
TX00830,ddf_name_collision;ddf_rowcount_bad
TX00832,ddf_name_collision;ddf_rowcount_bad;tail_sensitivity_lost_name_collision
TX00837,narrow_elevation_band;old_manifest_vintage;pre_centralization_no_aux;synthetic_cloud_unauditable
TX00840,ddf_name_collision
TX00847,ddf_name_collision;ddf_rowcount_bad;tail_sensitivity_lost_name_collision
TX00851,ddf_name_collision;ddf_rowcount_bad;tail_sensitivity_lost_name_collision
TX00852,ddf_name_collision;ddf_rowcount_bad
TX00868,ddf_name_collision;ddf_rowcount_bad
TX00869,ddf_name_collision;ddf_rowcount_bad
TX00915,ddf_name_collision;ddf_rowcount_bad
TX00917,ddf_name_collision;ddf_rowcount_bad
TX00918,ddf_name_collision;ddf_rowcount_bad;tail_sensitivity_lost_name_collision
TX00919,ddf_name_collision;ddf_rowcount_bad
TX00922,ddf_name_collision;ddf_rowcount_bad;tail_sensitivity_lost_name_collision
TX00925,ddf_name_collision;ddf_rowcount_bad
TX00926,ddf_name_collision;ddf_rowcount_bad
TX00930,ddf_name_collision;tail_sensitivity_lost_name_collision
TX00932,ddf_name_collision;ddf_rowcount_bad;tail_sensitivity_lost_name_collision
TX00936,ddf_name_collision;ddf_rowcount_bad
TX00937,ddf_name_collision;ddf_rowcount_bad;tail_sensitivity_lost_name_collision
TX00942,ddf_name_collision;ddf_rowcount_bad
TX00944,ddf_name_collision;ddf_rowcount_bad
TX00957,ddf_name_collision;ddf_rowcount_bad;tail_sensitivity_lost_name_collision
TX00958,ddf_name_collision;ddf_rowcount_bad
TX00963,ddf_name_collision;ddf_rowcount_bad
TX00965,ddf_name_collision
TX00971,ddf_name_collision;ddf_rowcount_bad;tail_sensitivity_lost_name_collision
TX00985,ddf_name_collision;ddf_rowcount_bad
TX00986,narrow_elevation_band;old_manifest_vintage;pre_centralization_no_aux;synthetic_prefix_audited_clean
TX00987,ddf_name_collision;tail_sensitivity_lost_name_collision
TX00989,ddf_name_collision;narrow_elevation_band;old_manifest_vintage;pre_centralization_no_aux;synthetic_cloud_unauditable;tail_sensitivity_lost_name_collision
TX00990,ddf_name_collision;ddf_rowcount_bad
TX00991,ddf_name_collision;ddf_rowcount_bad
TX00999,ddf_name_collision;ddf_rowcount_bad
TX01000,ddf_name_collision;ddf_rowcount_bad
TX01011,narrow_elevation_band;old_manifest_vintage;pre_centralization_no_aux;synthetic_prefix_audited_clean
TX01013,ddf_name_collision;ddf_rowcount_bad
TX01015,ddf_name_collision
TX01022,ddf_name_collision;ddf_rowcount_bad
TX01025,ddf_name_collision;ddf_rowcount_bad
TX01029,narrow_elevation_band;old_manifest_vintage
TX01030,ddf_name_collision;ddf_rowcount_bad
TX01031,ddf_name_collision;ddf_rowcount_bad
TX01034,ddf_name_collision;ddf_rowcount_bad
TX01035,ddf_name_collision;ddf_rowcount_bad;tail_sensitivity_lost_name_collision
TX01045,ddf_name_collision;ddf_rowcount_bad
TX01049,ddf_name_collision;ddf_rowcount_bad
TX01050,ddf_name_collision;ddf_rowcount_bad
TX01051,ddf_name_collision;ddf_rowcount_bad;tail_sensitivity_lost_name_collision
TX01052,ddf_name_collision;ddf_rowcount_bad
TX01086,narrow_elevation_band;old_manifest_vintage
TX01087,narrow_elevation_band;old_manifest_vintage;pre_centralization_no_aux;synthetic_cloud_unauditable
TX01189,ddf_name_collision;ddf_rowcount_bad;tail_sensitivity_lost_name_collision
TX01192,ddf_name_collision;ddf_rowcount_bad
TX01223,ddf_name_collision;ddf_rowcount_bad;tail_sensitivity_lost_name_collision
TX01279,ddf_name_collision;ddf_rowcount_bad
TX01290,ddf_name_collision;ddf_rowcount_bad;tail_sensitivity_lost_name_collision
TX01299,ddf_name_collision;ddf_rowcount_bad
TX01300,ddf_name_collision;ddf_rowcount_bad;tail_sensitivity_lost_name_collision
TX01332,ddf_name_collision
TX01360,ddf_name_collision;ddf_rowcount_bad
TX01378,ddf_name_collision;ddf_rowcount_bad
TX01392,ddf_name_collision;ddf_rowcount_bad
TX01393,ddf_name_collision;ddf_rowcount_bad
TX01394,ddf_name_collision;ddf_rowcount_bad
TX01395,ddf_name_collision;ddf_rowcount_bad
TX01396,ddf_name_collision;ddf_rowcount_bad
TX01398,ddf_name_collision;ddf_rowcount_bad
TX01401,ddf_name_collision;ddf_rowcount_bad
TX01405,ddf_name_collision;ddf_rowcount_bad
TX01406,ddf_name_collision;ddf_rowcount_bad
TX01408,ddf_name_collision
TX01409,ddf_name_collision;ddf_rowcount_bad;tail_sensitivity_lost_name_collision
TX01414,ddf_name_collision;ddf_rowcount_bad
TX01417,ddf_name_collision;ddf_rowcount_bad;tail_sensitivity_lost_name_collision
TX01423,ddf_name_collision;ddf_rowcount_bad
TX01434,ddf_name_collision;ddf_rowcount_bad
TX01440,ddf_name_collision;ddf_rowcount_bad;tail_sensitivity_lost_name_collision
TX01442,ddf_name_collision;ddf_rowcount_bad;tail_sensitivity_lost_name_collision
TX01448,narrow_elevation_band;old_manifest_vintage
TX01453,ddf_name_collision;ddf_rowcount_bad;tail_sensitivity_lost_name_collision
TX01471,ddf_name_collision;ddf_rowcount_bad;tail_sensitivity_lost_name_collision
TX01496,narrow_elevation_band;old_manifest_vintage;pre_centralization_no_aux;synthetic_cloud_unauditable
TX01538,ddf_name_collision;ddf_rowcount_bad
TX01539,ddf_name_collision
TX01560,ddf_name_collision;tail_sensitivity_lost_name_collision
TX01571,ddf_name_collision;ddf_rowcount_bad
TX01574,ddf_name_collision;ddf_rowcount_bad
TX01587,ddf_name_collision
TX01593,ddf_name_collision;tail_sensitivity_lost_name_collision
TX01594,ddf_name_collision;ddf_rowcount_bad
TX01596,ddf_name_collision;ddf_rowcount_bad;tail_sensitivity_lost_name_collision
TX01597,ddf_name_collision;ddf_rowcount_bad;tail_sensitivity_lost_name_collision
TX01598,ddf_name_collision;ddf_rowcount_bad
TX01600,ddf_name_collision;ddf_rowcount_bad;tail_sensitivity_lost_name_collision
TX01649,ddf_name_collision;ddf_rowcount_bad
TX01651,ddf_name_collision;ddf_rowcount_bad
TX01652,ddf_name_collision;ddf_rowcount_bad
TX01659,ddf_name_collision;ddf_rowcount_bad;narrow_elevation_band;old_manifest_vintage;pre_centralization_no_aux;synthetic_prefix_audited_clean
TX01668,ddf_name_collision;ddf_rowcount_bad
TX01691,narrow_elevation_band;old_manifest_vintage
TX01693,narrow_elevation_band;old_manifest_vintage
TX01695,ddf_name_collision;ddf_rowcount_bad;tail_sensitivity_lost_name_collision
TX01696,ddf_name_collision;ddf_rowcount_bad
TX01697,ddf_name_collision;ddf_rowcount_bad
TX01717,ddf_name_collision;ddf_rowcount_bad
TX01718,ddf_name_collision;ddf_rowcount_bad;tail_sensitivity_lost_name_collision
TX01721,ddf_name_collision
TX01761,ddf_name_collision;ddf_rowcount_bad;tail_sensitivity_lost_name_collision
TX01771,ddf_name_collision;tail_sensitivity_lost_name_collision
TX01782,ddf_name_collision;ddf_rowcount_bad;tail_sensitivity_lost_name_collision
TX01787,narrow_elevation_band;old_manifest_vintage;pre_centralization_no_aux;synthetic_cloud_unauditable
TX01792,ddf_name_collision
TX01798,ddf_name_collision;ddf_rowcount_bad;tail_sensitivity_lost_name_collision
TX01799,ddf_name_collision;ddf_rowcount_bad
TX01809,ddf_name_collision;ddf_rowcount_bad
TX01813,ddf_name_collision;ddf_rowcount_bad
TX01814,ddf_name_collision;ddf_rowcount_bad;tail_sensitivity_lost_name_collision
TX01848,ddf_name_collision
TX01859,ddf_name_collision;ddf_rowcount_bad
TX01861,ddf_name_collision;ddf_rowcount_bad;tail_sensitivity_lost_name_collision
TX01862,ddf_name_collision;ddf_rowcount_bad;tail_sensitivity_lost_name_collision
TX01863,ddf_name_collision;ddf_rowcount_bad
TX01865,ddf_name_collision;ddf_rowcount_bad;tail_sensitivity_lost_name_collision
TX01868,ddf_name_collision;tail_sensitivity_lost_name_collision
TX01870,ddf_name_collision;ddf_rowcount_bad
TX01871,ddf_name_collision;ddf_rowcount_bad
TX01873,ddf_name_collision;ddf_rowcount_bad
TX01876,ddf_name_collision;ddf_rowcount_bad
TX01886,ddf_name_collision;ddf_rowcount_bad
TX01892,ddf_name_collision;ddf_rowcount_bad
TX01908,ddf_name_collision;ddf_rowcount_bad
TX01913,ddf_name_collision;ddf_rowcount_bad
TX01947,ddf_name_collision;ddf_rowcount_bad
TX01951,ddf_name_collision;ddf_rowcount_bad;tail_sensitivity_lost_name_collision
TX01959,ddf_name_collision
TX01960,ddf_name_collision;tail_sensitivity_lost_name_collision
TX01966,ddf_name_collision;ddf_rowcount_bad
TX01981,ddf_name_collision;ddf_rowcount_bad
TX01990,ddf_name_collision;ddf_rowcount_bad
TX01996,ddf_name_collision;ddf_rowcount_bad
TX01997,ddf_name_collision;ddf_rowcount_bad
TX01999,ddf_name_collision;ddf_rowcount_bad
TX02001,ddf_name_collision;ddf_rowcount_bad
TX02002,ddf_name_collision;ddf_rowcount_bad
TX02007,ddf_name_collision;ddf_rowcount_bad;tail_sensitivity_lost_name_collision
TX02009,ddf_name_collision;ddf_rowcount_bad
TX02011,ddf_name_collision;ddf_rowcount_bad
TX02016,ddf_name_collision;ddf_rowcount_bad
TX02020,ddf_name_collision;ddf_rowcount_bad
TX02050,ddf_name_collision;ddf_rowcount_bad
TX02056,ddf_name_collision;ddf_rowcount_bad
TX02057,ddf_name_collision;ddf_rowcount_bad
TX02128,ddf_name_collision;tail_sensitivity_lost_name_collision
TX02130,ddf_name_collision;ddf_rowcount_bad
TX02135,ddf_name_collision;ddf_rowcount_bad
TX02138,ddf_name_collision;ddf_rowcount_bad
TX02139,ddf_name_collision;ddf_rowcount_bad
TX02142,ddf_name_collision;ddf_rowcount_bad
TX02144,ddf_name_collision;ddf_rowcount_bad
TX02145,ddf_name_collision
TX02152,ddf_name_collision;narrow_elevation_band;old_manifest_vintage;tail_sensitivity_lost_name_collision
TX02176,ddf_name_collision;ddf_rowcount_bad
TX02214,ddf_name_collision;ddf_rowcount_bad
TX02219,ddf_name_collision;ddf_rowcount_bad
TX02253,ddf_name_collision;ddf_rowcount_bad;tail_sensitivity_lost_name_collision
TX02258,ddf_name_collision;ddf_rowcount_bad
TX02261,ddf_name_collision;ddf_rowcount_bad
TX02271,ddf_name_collision;ddf_rowcount_bad
TX02277,ddf_name_collision;ddf_rowcount_bad
TX02281,ddf_name_collision;tail_sensitivity_lost_name_collision
TX02287,ddf_name_collision;ddf_rowcount_bad
TX02288,ddf_name_collision;ddf_rowcount_bad
TX02296,narrow_elevation_band;synthetic_cloud_unauditable
TX02311,ddf_name_collision;ddf_rowcount_bad
TX02312,ddf_name_collision;ddf_rowcount_bad;narrow_elevation_band;old_manifest_vintage;pre_centralization_no_aux;synthetic_cloud_unauditable
TX02315,ddf_name_collision
TX02327,ddf_name_collision;ddf_rowcount_bad
TX02331,ddf_name_collision;tail_sensitivity_lost_name_collision
TX02356,ddf_name_collision;ddf_rowcount_bad;tail_sensitivity_lost_name_collision
TX02365,ddf_name_collision
TX02373,ddf_name_collision;ddf_rowcount_bad
TX02374,ddf_name_collision;ddf_rowcount_bad
TX02424,ddf_name_collision;ddf_rowcount_bad
TX02425,ddf_name_collision;ddf_rowcount_bad
TX02427,ddf_name_collision;ddf_rowcount_bad
TX02428,ddf_name_collision;ddf_rowcount_bad
TX02429,ddf_name_collision;ddf_rowcount_bad
TX02430,ddf_name_collision;ddf_rowcount_bad
TX02432,ddf_name_collision;ddf_rowcount_bad
TX02436,ddf_name_collision;ddf_rowcount_bad
TX02438,ddf_name_collision;ddf_rowcount_bad
TX02441,ddf_name_collision;ddf_rowcount_bad
TX02444,ddf_name_collision;ddf_rowcount_bad;tail_sensitivity_lost_name_collision
TX02448,ddf_name_collision;tail_sensitivity_lost_name_collision
TX02449,ddf_name_collision;tail_sensitivity_lost_name_collision
TX02453,ddf_name_collision
TX02471,ddf_name_collision;ddf_rowcount_bad
TX02483,narrow_elevation_band;old_manifest_vintage;pre_centralization_no_aux;synthetic_prefix_audited_clean
TX02486,ddf_name_collision;ddf_rowcount_bad
TX02487,ddf_name_collision;ddf_rowcount_bad
TX02489,ddf_name_collision;ddf_rowcount_bad;tail_sensitivity_lost_name_collision
TX02499,ddf_name_collision;ddf_rowcount_bad;tail_sensitivity_lost_name_collision
TX02518,ddf_name_collision;ddf_rowcount_bad
TX02519,ddf_name_collision;ddf_rowcount_bad
TX02526,ddf_name_collision;ddf_rowcount_bad;tail_sensitivity_lost_name_collision
TX02532,ddf_name_collision;ddf_rowcount_bad
TX02535,ddf_name_collision
TX02537,ddf_name_collision;tail_sensitivity_lost_name_collision
TX02541,ddf_name_collision;tail_sensitivity_lost_name_collision
TX02554,ddf_name_collision;ddf_rowcount_bad
TX02558,ddf_name_collision;ddf_rowcount_bad
TX02566,ddf_name_collision;ddf_rowcount_bad
TX02573,ddf_name_collision;ddf_rowcount_bad
TX02575,ddf_name_collision;ddf_rowcount_bad;tail_sensitivity_lost_name_collision
TX02620,ddf_name_collision;ddf_rowcount_bad;tail_sensitivity_lost_name_collision
TX02647,ddf_name_collision;ddf_rowcount_bad
TX02654,ddf_name_collision;ddf_rowcount_bad
TX02659,ddf_name_collision;ddf_rowcount_bad;tail_sensitivity_lost_name_collision
TX02670,ddf_name_collision;ddf_rowcount_bad
TX02689,ddf_name_collision;ddf_rowcount_bad
TX02692,ddf_name_collision;ddf_rowcount_bad
TX02712,ddf_name_collision;ddf_rowcount_bad;tail_sensitivity_lost_name_collision
TX02713,ddf_name_collision;ddf_rowcount_bad
TX02714,ddf_name_collision;ddf_rowcount_bad
TX02716,ddf_name_collision;ddf_rowcount_bad
TX02720,ddf_name_collision
TX02721,ddf_name_collision;ddf_rowcount_bad
TX02722,ddf_name_collision;ddf_rowcount_bad;tail_sensitivity_lost_name_collision
TX02742,ddf_name_collision;tail_sensitivity_lost_name_collision
TX02745,ddf_name_collision;tail_sensitivity_lost_name_collision
TX02746,ddf_name_collision;tail_sensitivity_lost_name_collision
TX02748,ddf_name_collision;tail_sensitivity_lost_name_collision
TX02749,ddf_name_collision
TX02750,ddf_name_collision;tail_sensitivity_lost_name_collision
TX02753,ddf_name_collision;tail_sensitivity_lost_name_collision
TX02756,ddf_name_collision;ddf_rowcount_bad
TX02789,narrow_elevation_band;old_manifest_vintage;pre_centralization_no_aux;synthetic_cloud_unauditable
TX02793,ddf_name_collision;ddf_rowcount_bad
TX02794,ddf_name_collision;ddf_rowcount_bad
TX02796,ddf_name_collision;ddf_rowcount_bad
TX02799,ddf_name_collision;ddf_rowcount_bad
TX02802,ddf_name_collision;ddf_rowcount_bad
TX02804,ddf_name_collision;ddf_rowcount_bad
TX02805,ddf_name_collision;ddf_rowcount_bad
TX02806,ddf_name_collision;ddf_rowcount_bad
TX02807,ddf_name_collision;ddf_rowcount_bad
TX02817,ddf_name_collision;ddf_rowcount_bad
TX02831,ddf_name_collision;ddf_rowcount_bad;tail_sensitivity_lost_name_collision
TX02836,ddf_name_collision;ddf_rowcount_bad;tail_sensitivity_lost_name_collision
TX02845,ddf_name_collision;ddf_rowcount_bad
TX02850,ddf_name_collision;ddf_rowcount_bad
TX02851,ddf_name_collision;ddf_rowcount_bad
TX02852,ddf_name_collision;ddf_rowcount_bad
TX02854,ddf_name_collision;ddf_rowcount_bad;tail_sensitivity_lost_name_collision
TX02866,ddf_name_collision;ddf_rowcount_bad;tail_sensitivity_lost_name_collision
TX02867,ddf_name_collision;ddf_rowcount_bad
TX02871,ddf_name_collision;ddf_rowcount_bad
TX02882,ddf_name_collision;ddf_rowcount_bad
TX02883,ddf_name_collision;ddf_rowcount_bad;narrow_elevation_band;old_manifest_vintage;pre_centralization_no_aux;synthetic_cloud_unauditable;tail_sensitivity_lost_name_collision
TX02885,ddf_name_collision;ddf_rowcount_bad
TX02889,ddf_name_collision;ddf_rowcount_bad
TX02902,ddf_name_collision;ddf_rowcount_bad
TX02903,ddf_name_collision;ddf_rowcount_bad
TX02904,ddf_name_collision;ddf_rowcount_bad
TX02905,ddf_name_collision;ddf_rowcount_bad
TX02906,ddf_name_collision;ddf_rowcount_bad
TX02908,ddf_name_collision;ddf_rowcount_bad;tail_sensitivity_lost_name_collision
TX02910,ddf_name_collision;ddf_rowcount_bad
TX02911,ddf_name_collision;ddf_rowcount_bad
TX02916,ddf_name_collision;tail_sensitivity_lost_name_collision
TX02935,ddf_name_collision;ddf_rowcount_bad;tail_sensitivity_lost_name_collision
TX02939,ddf_name_collision;ddf_rowcount_bad
TX02945,ddf_name_collision
TX02947,ddf_name_collision;ddf_rowcount_bad;tail_sensitivity_lost_name_collision
TX02953,ddf_name_collision
TX02955,ddf_name_collision;ddf_rowcount_bad;tail_sensitivity_lost_name_collision
TX02956,ddf_name_collision;ddf_rowcount_bad
TX02958,ddf_name_collision;ddf_rowcount_bad;tail_sensitivity_lost_name_collision
TX02960,ddf_name_collision;ddf_rowcount_bad
TX02961,ddf_name_collision;ddf_rowcount_bad
TX02966,ddf_name_collision;ddf_rowcount_bad
TX02969,ddf_name_collision;ddf_rowcount_bad
TX02970,ddf_name_collision;ddf_rowcount_bad
TX02971,ddf_name_collision;ddf_rowcount_bad;tail_sensitivity_lost_name_collision
TX02972,ddf_name_collision;ddf_rowcount_bad
TX02979,ddf_name_collision;ddf_rowcount_bad
TX02980,ddf_name_collision;ddf_rowcount_bad
TX02986,ddf_name_collision;ddf_rowcount_bad
TX03013,ddf_name_collision;ddf_rowcount_bad
TX03022,ddf_name_collision;ddf_rowcount_bad
TX03028,ddf_name_collision
TX03034,ddf_name_collision;ddf_rowcount_bad
TX03039,ddf_name_collision;tail_sensitivity_lost_name_collision
TX03040,ddf_name_collision;ddf_rowcount_bad
TX03041,ddf_name_collision;ddf_rowcount_bad
TX03042,ddf_name_collision;ddf_rowcount_bad
TX03043,ddf_name_collision;ddf_rowcount_bad;tail_sensitivity_lost_name_collision
TX03055,ddf_name_collision;ddf_rowcount_bad
TX03067,ddf_name_collision;ddf_rowcount_bad
TX03073,ddf_name_collision;ddf_rowcount_bad;tail_sensitivity_lost_name_collision
TX03074,ddf_name_collision;ddf_rowcount_bad;tail_sensitivity_lost_name_collision
TX03076,ddf_name_collision;ddf_rowcount_bad
TX03077,ddf_name_collision;ddf_rowcount_bad
TX03080,ddf_name_collision;ddf_rowcount_bad
TX03096,ddf_name_collision;ddf_rowcount_bad
TX03098,ddf_name_collision;ddf_rowcount_bad;tail_sensitivity_lost_name_collision
TX03101,ddf_name_collision;ddf_rowcount_bad
TX03103,ddf_name_collision;ddf_rowcount_bad
TX03106,ddf_name_collision;ddf_rowcount_bad
TX03107,ddf_name_collision;ddf_rowcount_bad;tail_sensitivity_lost_name_collision
TX03112,ddf_name_collision;ddf_rowcount_bad
TX03115,ddf_name_collision;ddf_rowcount_bad
TX03117,ddf_name_collision;ddf_rowcount_bad
TX03118,ddf_name_collision;ddf_rowcount_bad
TX03125,ddf_name_collision;ddf_rowcount_bad
TX03135,ddf_name_collision;ddf_rowcount_bad
TX03162,ddf_name_collision;ddf_rowcount_bad
TX03164,ddf_name_collision;ddf_rowcount_bad
TX03167,ddf_name_collision;ddf_rowcount_bad;tail_sensitivity_lost_name_collision
TX03170,ddf_name_collision;ddf_rowcount_bad
TX03207,ddf_name_collision;ddf_rowcount_bad
TX03210,ddf_name_collision;ddf_rowcount_bad
TX03217,ddf_name_collision;ddf_rowcount_bad
TX03218,ddf_name_collision;ddf_rowcount_bad
TX03219,ddf_name_collision;ddf_rowcount_bad
TX03220,ddf_name_collision;ddf_rowcount_bad
TX03223,ddf_name_collision;ddf_rowcount_bad
TX03224,ddf_name_collision;ddf_rowcount_bad;tail_sensitivity_lost_name_collision
TX03226,ddf_name_collision;ddf_rowcount_bad
TX03227,ddf_name_collision;ddf_rowcount_bad;tail_sensitivity_lost_name_collision
TX03230,ddf_name_collision;ddf_rowcount_bad
TX03238,ddf_name_collision;ddf_rowcount_bad
TX03240,ddf_name_collision;ddf_rowcount_bad
TX03246,ddf_name_collision;ddf_rowcount_bad
TX03248,ddf_name_collision;ddf_rowcount_bad;tail_sensitivity_lost_name_collision
TX03250,ddf_name_collision;ddf_rowcount_bad
TX03261,ddf_name_collision;ddf_rowcount_bad
TX03273,ddf_name_collision
TX03277,ddf_name_collision;ddf_rowcount_bad
TX03285,ddf_name_collision;ddf_rowcount_bad;tail_sensitivity_lost_name_collision
TX03287,ddf_name_collision;ddf_rowcount_bad
TX03292,ddf_name_collision;tail_sensitivity_lost_name_collision
TX03293,ddf_name_collision;ddf_rowcount_bad;tail_sensitivity_lost_name_collision
TX03294,ddf_name_collision;tail_sensitivity_lost_name_collision
TX03299,ddf_name_collision;ddf_rowcount_bad;tail_sensitivity_lost_name_collision
TX03300,ddf_name_collision;ddf_rowcount_bad;tail_sensitivity_lost_name_collision
TX03302,ddf_name_collision;ddf_rowcount_bad
TX03316,ddf_name_collision;ddf_rowcount_bad
TX03318,ddf_name_collision;ddf_rowcount_bad
TX03322,ddf_name_collision;ddf_rowcount_bad;tail_sensitivity_lost_name_collision
TX03329,ddf_name_collision;ddf_rowcount_bad
TX03330,ddf_name_collision;ddf_rowcount_bad
TX03332,ddf_name_collision;ddf_rowcount_bad;tail_sensitivity_lost_name_collision
TX03373,ddf_name_collision;ddf_rowcount_bad
TX03375,ddf_name_collision;ddf_rowcount_bad
TX03392,ddf_name_collision;ddf_rowcount_bad
TX03394,ddf_name_collision;ddf_rowcount_bad
TX03398,ddf_name_collision;ddf_rowcount_bad;tail_sensitivity_lost_name_collision
TX03405,ddf_name_collision;ddf_rowcount_bad
TX03406,ddf_name_collision;ddf_rowcount_bad
TX03416,narrow_elevation_band;old_manifest_vintage;pre_centralization_no_aux;synthetic_cloud_unauditable
TX03417,ddf_name_collision;ddf_rowcount_bad
TX03435,ddf_name_collision;ddf_rowcount_bad;tail_sensitivity_lost_name_collision
TX03438,ddf_name_collision;ddf_rowcount_bad
TX03446,ddf_name_collision;ddf_rowcount_bad
TX03449,ddf_name_collision;ddf_rowcount_bad;tail_sensitivity_lost_name_collision
TX03450,ddf_name_collision;ddf_rowcount_bad
TX03451,ddf_name_collision;ddf_rowcount_bad
TX03453,ddf_name_collision;ddf_rowcount_bad
TX03457,ddf_name_collision;ddf_rowcount_bad
TX03458,ddf_name_collision;ddf_rowcount_bad
TX03459,ddf_name_collision;ddf_rowcount_bad
TX03474,ddf_name_collision;ddf_rowcount_bad
TX03477,ddf_name_collision;ddf_rowcount_bad
TX03481,ddf_name_collision;ddf_rowcount_bad
TX03482,ddf_name_collision;ddf_rowcount_bad
TX03486,ddf_name_collision;ddf_rowcount_bad;tail_sensitivity_lost_name_collision
TX03494,ddf_name_collision;ddf_rowcount_bad
TX03513,ddf_name_collision;tail_sensitivity_lost_name_collision
TX03517,narrow_elevation_band;old_manifest_vintage;pre_centralization_no_aux;synthetic_cloud_unauditable
TX03520,ddf_name_collision
TX03529,ddf_name_collision;ddf_rowcount_bad
TX03534,ddf_name_collision;ddf_rowcount_bad
TX03537,ddf_name_collision;ddf_rowcount_bad;tail_sensitivity_lost_name_collision
TX03538,ddf_name_collision;ddf_rowcount_bad
TX03541,ddf_name_collision;ddf_rowcount_bad;tail_sensitivity_lost_name_collision
TX03542,ddf_name_collision;ddf_rowcount_bad
TX03547,ddf_name_collision;ddf_rowcount_bad;synthetic_purged_rerun_ok;tail_sensitivity_lost_name_collision
TX03548,ddf_name_collision;ddf_rowcount_bad
TX03550,ddf_name_collision;ddf_rowcount_bad;tail_sensitivity_lost_name_collision
TX03553,ddf_name_collision;ddf_rowcount_bad
TX03554,ddf_name_collision;ddf_rowcount_bad
TX03557,ddf_name_collision;ddf_rowcount_bad;tail_sensitivity_lost_name_collision
TX03560,ddf_name_collision;ddf_rowcount_bad
TX03562,ddf_name_collision;ddf_rowcount_bad
TX03566,ddf_name_collision;ddf_rowcount_bad;tail_sensitivity_lost_name_collision
TX03567,ddf_name_collision;ddf_rowcount_bad
TX03570,ddf_name_collision;tail_sensitivity_lost_name_collision
TX03571,ddf_name_collision;ddf_rowcount_bad
TX03572,ddf_name_collision;ddf_rowcount_bad
TX03573,ddf_name_collision;ddf_rowcount_bad
TX03578,ddf_name_collision;ddf_rowcount_bad
TX03579,ddf_name_collision;ddf_rowcount_bad
TX03589,ddf_name_collision;ddf_rowcount_bad
TX03617,ddf_name_collision;ddf_rowcount_bad
TX03620,ddf_name_collision;ddf_rowcount_bad
TX03623,ddf_name_collision;ddf_rowcount_bad;tail_sensitivity_lost_name_collision
TX03624,ddf_name_collision
TX03626,ddf_name_collision;ddf_rowcount_bad
TX03628,ddf_name_collision;ddf_rowcount_bad
TX03632,ddf_name_collision;ddf_rowcount_bad
TX03639,narrow_elevation_band;old_manifest_vintage;pre_centralization_no_aux;synthetic_cloud_unauditable
TX03640,ddf_name_collision;ddf_rowcount_bad;tail_sensitivity_lost_name_collision
TX03641,ddf_name_collision
TX03642,ddf_name_collision;ddf_rowcount_bad
TX03647,ddf_name_collision;ddf_rowcount_bad
TX03661,ddf_name_collision;ddf_rowcount_bad
TX03673,ddf_name_collision;ddf_rowcount_bad
TX03680,ddf_name_collision
TX03697,ddf_name_collision;ddf_rowcount_bad
TX03698,ddf_name_collision;narrow_elevation_band;old_manifest_vintage;tail_sensitivity_lost_name_collision
TX03699,ddf_name_collision;ddf_rowcount_bad
TX03706,ddf_name_collision;ddf_rowcount_bad
TX03711,ddf_name_collision;ddf_rowcount_bad
TX03715,ddf_name_collision;ddf_rowcount_bad
TX03731,ddf_name_collision;ddf_rowcount_bad
TX03733,ddf_name_collision;ddf_rowcount_bad;tail_sensitivity_lost_name_collision
TX03735,ddf_name_collision;ddf_rowcount_bad
TX03736,ddf_name_collision;tail_sensitivity_lost_name_collision
TX03737,ddf_name_collision;ddf_rowcount_bad
TX03741,ddf_name_collision;ddf_rowcount_bad
TX03751,ddf_name_collision;ddf_rowcount_bad
TX03752,ddf_name_collision;ddf_rowcount_bad;tail_sensitivity_lost_name_collision
TX03753,ddf_name_collision;ddf_rowcount_bad;tail_sensitivity_lost_name_collision
TX03754,ddf_name_collision;ddf_rowcount_bad;tail_sensitivity_lost_name_collision
TX03758,ddf_name_collision;ddf_rowcount_bad
TX03760,ddf_name_collision;ddf_rowcount_bad
TX03763,ddf_name_collision;ddf_rowcount_bad
TX03765,ddf_name_collision;ddf_rowcount_bad
TX03766,ddf_name_collision;ddf_rowcount_bad
TX03770,ddf_name_collision;ddf_rowcount_bad
TX03771,ddf_name_collision;ddf_rowcount_bad
TX03773,ddf_name_collision;ddf_rowcount_bad
TX03778,narrow_elevation_band;old_manifest_vintage;pre_centralization_no_aux;synthetic_prefix_audited_clean
TX03794,ddf_name_collision;ddf_rowcount_bad
TX03795,ddf_name_collision;ddf_rowcount_bad
TX03797,ddf_name_collision;ddf_rowcount_bad;tail_sensitivity_lost_name_collision
TX03800,ddf_name_collision;ddf_rowcount_bad
TX03804,ddf_name_collision;ddf_rowcount_bad;tail_sensitivity_lost_name_collision
TX03806,ddf_name_collision;ddf_rowcount_bad
TX03807,ddf_name_collision;ddf_rowcount_bad
TX03809,ddf_name_collision;ddf_rowcount_bad
TX03814,ddf_name_collision;tail_sensitivity_lost_name_collision
TX03818,ddf_name_collision;ddf_rowcount_bad
TX03821,ddf_name_collision;ddf_rowcount_bad
TX03823,ddf_name_collision;ddf_rowcount_bad;narrow_elevation_band;old_manifest_vintage;pre_centralization_no_aux;synthetic_cloud_unauditable
TX03826,ddf_name_collision;ddf_rowcount_bad
TX03827,ddf_name_collision;ddf_rowcount_bad
TX03839,ddf_name_collision;ddf_rowcount_bad;tail_sensitivity_lost_name_collision
TX03842,ddf_name_collision;ddf_rowcount_bad;tail_sensitivity_lost_name_collision
TX03845,narrow_elevation_band;old_manifest_vintage;pre_centralization_no_aux;synthetic_prefix_audited_clean
TX03849,narrow_elevation_band;old_manifest_vintage;pre_centralization_no_aux;synthetic_cloud_unauditable
TX03858,ddf_name_collision;ddf_rowcount_bad
TX03863,ddf_name_collision;ddf_rowcount_bad
TX03864,ddf_name_collision
TX03872,ddf_name_collision;ddf_rowcount_bad
TX03873,ddf_name_collision;ddf_rowcount_bad
TX03874,ddf_name_collision;ddf_rowcount_bad
TX03881,ddf_name_collision;ddf_rowcount_bad
TX03882,ddf_name_collision;ddf_rowcount_bad
TX03883,ddf_name_collision;ddf_rowcount_bad
TX03887,ddf_name_collision;tail_sensitivity_lost_name_collision
TX03895,narrow_elevation_band;old_manifest_vintage;pre_centralization_no_aux;synthetic_cloud_unauditable
TX03903,ddf_name_collision;ddf_rowcount_bad
TX03908,ddf_name_collision;ddf_rowcount_bad;tail_sensitivity_lost_name_collision
TX03912,ddf_name_collision;tail_sensitivity_lost_name_collision
TX03922,ddf_name_collision;ddf_rowcount_bad
TX03928,ddf_name_collision;ddf_rowcount_bad
TX03929,ddf_name_collision;ddf_rowcount_bad
TX03937,ddf_name_collision;ddf_rowcount_bad
TX03939,ddf_name_collision;ddf_rowcount_bad;tail_sensitivity_lost_name_collision
TX03941,ddf_name_collision;ddf_rowcount_bad
TX03944,ddf_name_collision;ddf_rowcount_bad
TX03945,ddf_name_collision;ddf_rowcount_bad;narrow_elevation_band;old_manifest_vintage
TX03948,ddf_name_collision;ddf_rowcount_bad
TX03953,ddf_name_collision;ddf_rowcount_bad
TX03959,ddf_name_collision;ddf_rowcount_bad
TX03961,ddf_name_collision;ddf_rowcount_bad;tail_sensitivity_lost_name_collision
TX03965,ddf_name_collision;ddf_rowcount_bad
TX03968,ddf_name_collision;ddf_rowcount_bad
TX03969,ddf_name_collision;ddf_rowcount_bad
TX03977,ddf_name_collision;ddf_rowcount_bad
TX03979,ddf_name_collision;ddf_rowcount_bad
TX03980,ddf_name_collision;ddf_rowcount_bad
TX03984,ddf_name_collision;ddf_rowcount_bad
TX03996,ddf_name_collision;ddf_rowcount_bad
TX03997,ddf_name_collision;ddf_rowcount_bad
TX04021,ddf_name_collision;ddf_rowcount_bad
TX04027,ddf_name_collision;ddf_rowcount_bad
TX04029,ddf_name_collision;ddf_rowcount_bad
TX04030,ddf_name_collision;ddf_rowcount_bad
TX04053,ddf_name_collision;ddf_rowcount_bad
TX04066,ddf_name_collision;tail_sensitivity_lost_name_collision
TX04097,ddf_name_collision;ddf_rowcount_bad
TX04099,ddf_name_collision;ddf_rowcount_bad
TX04100,ddf_name_collision;ddf_rowcount_bad
TX04108,ddf_name_collision;ddf_rowcount_bad
TX04113,ddf_name_collision;ddf_rowcount_bad
TX04130,ddf_name_collision;ddf_rowcount_bad
TX04131,ddf_name_collision;ddf_rowcount_bad
TX04135,ddf_name_collision;ddf_rowcount_bad
TX04138,narrow_elevation_band;old_manifest_vintage;pre_centralization_no_aux;synthetic_cloud_unauditable
TX04142,ddf_name_collision;ddf_rowcount_bad
TX04148,ddf_name_collision;ddf_rowcount_bad
TX04149,ddf_name_collision;ddf_rowcount_bad
TX04150,ddf_name_collision;tail_sensitivity_lost_name_collision
TX04153,ddf_name_collision;ddf_rowcount_bad;tail_sensitivity_lost_name_collision
TX04160,ddf_name_collision;ddf_rowcount_bad
TX04165,ddf_name_collision
TX04167,ddf_name_collision;ddf_rowcount_bad
TX04172,ddf_name_collision;ddf_rowcount_bad
TX04183,ddf_name_collision;ddf_rowcount_bad
TX04190,ddf_name_collision;ddf_rowcount_bad
TX04191,ddf_name_collision;ddf_rowcount_bad
TX04215,ddf_name_collision;tail_sensitivity_lost_name_collision
TX04222,ddf_name_collision;ddf_rowcount_bad
TX04241,ddf_name_collision;ddf_rowcount_bad;tail_sensitivity_lost_name_collision
TX04244,ddf_name_collision;ddf_rowcount_bad
TX04246,ddf_name_collision;ddf_rowcount_bad
TX04247,ddf_name_collision;tail_sensitivity_lost_name_collision
TX04264,ddf_name_collision;ddf_rowcount_bad;tail_sensitivity_lost_name_collision
TX04266,ddf_name_collision;ddf_rowcount_bad
TX04267,ddf_name_collision;ddf_rowcount_bad
TX04280,ddf_name_collision;ddf_rowcount_bad;tail_sensitivity_lost_name_collision
TX04287,ddf_name_collision;ddf_rowcount_bad
TX04292,ddf_name_collision
TX04300,ddf_name_collision;ddf_rowcount_bad
TX04303,ddf_name_collision;ddf_rowcount_bad
TX04307,ddf_name_collision;ddf_rowcount_bad
TX04318,ddf_name_collision;ddf_rowcount_bad
TX04319,ddf_name_collision;ddf_rowcount_bad
TX04325,ddf_name_collision;ddf_rowcount_bad
TX04339,ddf_name_collision;ddf_rowcount_bad
TX04342,ddf_name_collision;ddf_rowcount_bad
TX04349,ddf_name_collision;ddf_rowcount_bad
TX04358,narrow_elevation_band;old_manifest_vintage;pre_centralization_no_aux;synthetic_cloud_unauditable
TX04360,ddf_name_collision;ddf_rowcount_bad;tail_sensitivity_lost_name_collision
TX04362,ddf_name_collision;ddf_rowcount_bad
TX04365,ddf_name_collision;ddf_rowcount_bad
TX04380,ddf_name_collision;ddf_rowcount_bad;tail_sensitivity_lost_name_collision
TX04384,ddf_name_collision;ddf_rowcount_bad
TX04388,narrow_elevation_band;old_manifest_vintage;pre_centralization_no_aux;synthetic_cloud_unauditable
TX04391,ddf_name_collision
TX04393,ddf_name_collision;ddf_rowcount_bad
TX04402,ddf_name_collision;ddf_rowcount_bad;tail_sensitivity_lost_name_collision
TX04413,ddf_name_collision;ddf_rowcount_bad
TX04420,ddf_name_collision;ddf_rowcount_bad
TX04422,ddf_name_collision;tail_sensitivity_lost_name_collision
TX04425,narrow_elevation_band;old_manifest_vintage;pre_centralization_no_aux;synthetic_cloud_unauditable
TX04430,ddf_name_collision;tail_sensitivity_lost_name_collision
TX04432,ddf_name_collision;ddf_rowcount_bad
TX04436,ddf_name_collision;ddf_rowcount_bad
TX04449,ddf_name_collision;ddf_rowcount_bad
TX04451,ddf_name_collision;ddf_rowcount_bad
TX04452,ddf_name_collision;ddf_rowcount_bad;tail_sensitivity_lost_name_collision
TX04455,narrow_elevation_band;old_manifest_vintage;pre_centralization_no_aux;synthetic_cloud_unauditable
TX04491,ddf_name_collision
TX04492,ddf_name_collision;ddf_rowcount_bad
TX04558,ddf_name_collision;ddf_rowcount_bad;tail_sensitivity_lost_name_collision
TX04559,ddf_name_collision;tail_sensitivity_lost_name_collision
TX04572,ddf_name_collision;ddf_rowcount_bad
TX04573,ddf_name_collision;ddf_rowcount_bad
TX04581,ddf_name_collision;ddf_rowcount_bad
TX04591,ddf_name_collision;ddf_rowcount_bad;tail_sensitivity_lost_name_collision
TX04592,ddf_name_collision;ddf_rowcount_bad
TX04615,ddf_name_collision
TX04617,ddf_name_collision;ddf_rowcount_bad
TX04627,ddf_name_collision;ddf_rowcount_bad;tail_sensitivity_lost_name_collision
TX04628,ddf_name_collision;ddf_rowcount_bad
TX04639,ddf_name_collision;ddf_rowcount_bad
TX04640,ddf_name_collision;ddf_rowcount_bad
TX04642,ddf_name_collision;ddf_rowcount_bad
TX04647,ddf_name_collision;ddf_rowcount_bad
TX04658,ddf_name_collision;ddf_rowcount_bad
TX04664,ddf_name_collision;ddf_rowcount_bad
TX04665,ddf_name_collision;ddf_rowcount_bad
TX04666,ddf_name_collision;ddf_rowcount_bad
TX04667,ddf_name_collision;ddf_rowcount_bad
TX04670,ddf_name_collision;ddf_rowcount_bad
TX04673,ddf_name_collision;ddf_rowcount_bad
TX04678,ddf_name_collision;ddf_rowcount_bad
TX04696,ddf_name_collision;ddf_rowcount_bad
TX04698,ddf_name_collision;ddf_rowcount_bad
TX04750,ddf_name_collision;ddf_rowcount_bad
TX04772,ddf_name_collision;ddf_rowcount_bad;tail_sensitivity_lost_name_collision
TX04773,ddf_name_collision;ddf_rowcount_bad
TX04779,narrow_elevation_band;old_manifest_vintage;pre_centralization_no_aux;synthetic_cloud_unauditable
TX04792,ddf_name_collision;ddf_rowcount_bad
TX04814,ddf_name_collision;ddf_rowcount_bad;tail_sensitivity_lost_name_collision
TX04815,ddf_name_collision;ddf_rowcount_bad
TX04816,ddf_name_collision;ddf_rowcount_bad
TX04818,ddf_name_collision;tail_sensitivity_lost_name_collision
TX04828,ddf_name_collision;ddf_rowcount_bad
TX04831,ddf_name_collision;ddf_rowcount_bad
TX04840,ddf_name_collision;ddf_rowcount_bad
TX04841,ddf_name_collision;ddf_rowcount_bad
TX04854,ddf_name_collision;ddf_rowcount_bad
TX04862,ddf_name_collision;ddf_rowcount_bad
TX04871,ddf_name_collision;ddf_rowcount_bad
TX04874,ddf_name_collision;ddf_rowcount_bad
TX04889,ddf_name_collision;ddf_rowcount_bad
TX04922,ddf_name_collision;ddf_rowcount_bad
TX04929,ddf_name_collision;ddf_rowcount_bad
TX04932,ddf_name_collision;ddf_rowcount_bad
TX04933,ddf_name_collision;ddf_rowcount_bad
TX04938,ddf_name_collision;ddf_rowcount_bad
TX04940,ddf_name_collision;ddf_rowcount_bad
TX04943,ddf_name_collision;ddf_rowcount_bad
TX04945,ddf_name_collision;ddf_rowcount_bad
TX04946,ddf_name_collision;ddf_rowcount_bad
TX04949,ddf_name_collision;ddf_rowcount_bad;tail_sensitivity_lost_name_collision
TX04950,ddf_name_collision;ddf_rowcount_bad
TX04955,ddf_name_collision;ddf_rowcount_bad
TX04958,ddf_name_collision;ddf_rowcount_bad
TX04960,ddf_name_collision;ddf_rowcount_bad
TX04961,ddf_name_collision;ddf_rowcount_bad
TX04963,ddf_name_collision;ddf_rowcount_bad
TX04972,ddf_name_collision;ddf_rowcount_bad;tail_sensitivity_lost_name_collision
TX04986,ddf_name_collision;tail_sensitivity_lost_name_collision
TX04987,ddf_name_collision;ddf_rowcount_bad;tail_sensitivity_lost_name_collision
TX04995,ddf_name_collision;ddf_rowcount_bad
TX04997,ddf_name_collision;ddf_rowcount_bad
TX05000,ddf_name_collision;ddf_rowcount_bad
TX05001,ddf_name_collision;ddf_rowcount_bad
TX05005,ddf_name_collision;ddf_rowcount_bad
TX05010,ddf_name_collision;ddf_rowcount_bad;tail_sensitivity_lost_name_collision
TX05015,ddf_name_collision;ddf_rowcount_bad
TX05018,ddf_name_collision;ddf_rowcount_bad
TX05023,ddf_name_collision;ddf_rowcount_bad
TX05024,ddf_name_collision;ddf_rowcount_bad
TX05025,ddf_name_collision;ddf_rowcount_bad
TX05026,ddf_name_collision;ddf_rowcount_bad;tail_sensitivity_lost_name_collision
TX05028,ddf_name_collision;ddf_rowcount_bad
TX05030,ddf_name_collision;ddf_rowcount_bad
TX05031,ddf_name_collision;ddf_rowcount_bad
TX05032,ddf_name_collision;ddf_rowcount_bad
TX05034,ddf_name_collision;ddf_rowcount_bad
TX05035,ddf_name_collision;ddf_rowcount_bad
TX05041,ddf_name_collision;ddf_rowcount_bad
TX05048,ddf_name_collision;ddf_rowcount_bad
TX05049,ddf_name_collision;ddf_rowcount_bad;tail_sensitivity_lost_name_collision
TX05059,ddf_name_collision;ddf_rowcount_bad
TX05060,ddf_name_collision;ddf_rowcount_bad
TX05067,ddf_name_collision;ddf_rowcount_bad
TX05071,ddf_name_collision;ddf_rowcount_bad
TX05072,ddf_name_collision;ddf_rowcount_bad;tail_sensitivity_lost_name_collision
TX05073,ddf_name_collision;ddf_rowcount_bad
TX05075,ddf_name_collision;ddf_rowcount_bad
TX05076,ddf_name_collision;ddf_rowcount_bad
TX05077,ddf_name_collision;ddf_rowcount_bad
TX05079,ddf_name_collision;ddf_rowcount_bad
TX05083,ddf_name_collision;ddf_rowcount_bad
TX05084,ddf_name_collision
TX05085,ddf_name_collision;ddf_rowcount_bad
TX05093,ddf_name_collision;ddf_rowcount_bad
TX05094,ddf_name_collision;ddf_rowcount_bad
TX05095,ddf_name_collision;ddf_rowcount_bad
TX05096,ddf_name_collision;ddf_rowcount_bad
TX05097,ddf_name_collision;ddf_rowcount_bad
TX05100,ddf_name_collision;ddf_rowcount_bad
TX05101,ddf_name_collision;ddf_rowcount_bad
TX05102,ddf_name_collision;ddf_rowcount_bad
TX05104,ddf_name_collision;ddf_rowcount_bad
TX05105,ddf_name_collision;ddf_rowcount_bad
TX05106,ddf_name_collision;ddf_rowcount_bad
TX05112,ddf_name_collision;ddf_rowcount_bad
TX05118,ddf_name_collision;ddf_rowcount_bad
TX05121,ddf_name_collision;ddf_rowcount_bad
TX05123,ddf_name_collision;ddf_rowcount_bad
TX05125,ddf_name_collision;ddf_rowcount_bad
TX05127,ddf_name_collision;ddf_rowcount_bad
TX05131,ddf_name_collision;ddf_rowcount_bad
TX05132,ddf_name_collision;ddf_rowcount_bad
TX05133,ddf_name_collision;ddf_rowcount_bad
TX05134,ddf_name_collision;ddf_rowcount_bad
TX05138,ddf_name_collision;ddf_rowcount_bad
TX05147,ddf_name_collision;ddf_rowcount_bad
TX05148,ddf_name_collision;ddf_rowcount_bad
TX05150,ddf_name_collision;ddf_rowcount_bad;tail_sensitivity_lost_name_collision
TX05156,ddf_name_collision;ddf_rowcount_bad
TX05159,ddf_name_collision;ddf_rowcount_bad;tail_sensitivity_lost_name_collision
TX05162,ddf_name_collision;ddf_rowcount_bad;tail_sensitivity_lost_name_collision
TX05164,ddf_name_collision;ddf_rowcount_bad
TX05165,ddf_name_collision;ddf_rowcount_bad
TX05167,ddf_name_collision;ddf_rowcount_bad
TX05168,ddf_name_collision;ddf_rowcount_bad;tail_sensitivity_lost_name_collision
TX05176,ddf_name_collision;ddf_rowcount_bad
TX05177,ddf_name_collision;ddf_rowcount_bad
TX05178,ddf_name_collision;ddf_rowcount_bad
TX05179,ddf_name_collision
TX05186,ddf_name_collision;ddf_rowcount_bad
TX05188,ddf_name_collision;ddf_rowcount_bad;tail_sensitivity_lost_name_collision
TX05189,ddf_name_collision;ddf_rowcount_bad
TX05191,ddf_name_collision;ddf_rowcount_bad;tail_sensitivity_lost_name_collision
TX05192,ddf_name_collision;ddf_rowcount_bad
TX05194,ddf_name_collision;ddf_rowcount_bad
TX05195,ddf_name_collision;ddf_rowcount_bad
TX05197,ddf_name_collision
TX05204,ddf_name_collision;ddf_rowcount_bad
TX05206,ddf_name_collision;ddf_rowcount_bad
TX05207,ddf_name_collision;ddf_rowcount_bad
TX05213,ddf_name_collision;ddf_rowcount_bad
TX05214,ddf_name_collision;ddf_rowcount_bad
TX05217,ddf_name_collision;ddf_rowcount_bad
TX05218,ddf_name_collision;ddf_rowcount_bad
TX05219,ddf_name_collision;ddf_rowcount_bad
TX05226,ddf_name_collision;ddf_rowcount_bad
TX05238,ddf_name_collision;ddf_rowcount_bad
TX05245,ddf_name_collision;ddf_rowcount_bad
TX05246,ddf_name_collision;ddf_rowcount_bad
TX05247,ddf_name_collision;ddf_rowcount_bad
TX05249,ddf_name_collision;ddf_rowcount_bad;tail_sensitivity_lost_name_collision
TX05250,ddf_name_collision;ddf_rowcount_bad
TX05252,ddf_name_collision;ddf_rowcount_bad
TX05253,ddf_name_collision;ddf_rowcount_bad;tail_sensitivity_lost_name_collision
TX05259,ddf_name_collision;ddf_rowcount_bad
TX05262,ddf_name_collision;ddf_rowcount_bad
TX05264,ddf_name_collision;ddf_rowcount_bad
TX05266,ddf_name_collision;ddf_rowcount_bad
TX05269,ddf_name_collision;ddf_rowcount_bad
TX05270,ddf_name_collision;ddf_rowcount_bad
TX05281,ddf_name_collision;ddf_rowcount_bad
TX05288,ddf_name_collision;ddf_rowcount_bad
TX05291,ddf_name_collision;ddf_rowcount_bad
TX05293,ddf_name_collision;ddf_rowcount_bad
TX05294,ddf_name_collision;ddf_rowcount_bad
TX05295,ddf_name_collision;ddf_rowcount_bad
TX05296,ddf_name_collision;ddf_rowcount_bad;tail_sensitivity_lost_name_collision
TX05298,ddf_name_collision;ddf_rowcount_bad
TX05299,ddf_name_collision;ddf_rowcount_bad
TX05300,ddf_name_collision;ddf_rowcount_bad
TX05303,ddf_name_collision;ddf_rowcount_bad
TX05304,ddf_name_collision;ddf_rowcount_bad
TX05305,ddf_name_collision;ddf_rowcount_bad
TX05306,ddf_name_collision;ddf_rowcount_bad
TX05310,ddf_name_collision;ddf_rowcount_bad
TX05317,ddf_name_collision;ddf_rowcount_bad
TX05323,ddf_name_collision;ddf_rowcount_bad
TX05333,ddf_name_collision;ddf_rowcount_bad
TX05341,ddf_name_collision;ddf_rowcount_bad
TX05344,ddf_name_collision;ddf_rowcount_bad
TX05356,ddf_name_collision;ddf_rowcount_bad
TX05357,ddf_name_collision;ddf_rowcount_bad
TX05360,ddf_name_collision;ddf_rowcount_bad
TX05370,ddf_name_collision;ddf_rowcount_bad
TX05374,ddf_name_collision;ddf_rowcount_bad
TX05375,ddf_name_collision;ddf_rowcount_bad
TX05386,ddf_name_collision;ddf_rowcount_bad
TX05388,ddf_name_collision;ddf_rowcount_bad;tail_sensitivity_lost_name_collision
TX05390,ddf_name_collision;ddf_rowcount_bad;tail_sensitivity_lost_name_collision
TX05413,ddf_name_collision;ddf_rowcount_bad
TX05419,ddf_name_collision;ddf_rowcount_bad
TX05429,ddf_name_collision;ddf_rowcount_bad
TX05437,ddf_name_collision;ddf_rowcount_bad
TX05441,ddf_name_collision;ddf_rowcount_bad
TX05443,ddf_name_collision;ddf_rowcount_bad
TX05445,ddf_name_collision;ddf_rowcount_bad;tail_sensitivity_lost_name_collision
TX05446,ddf_name_collision;ddf_rowcount_bad
TX05461,ddf_name_collision;ddf_rowcount_bad
TX05472,ddf_name_collision;ddf_rowcount_bad
TX05476,ddf_name_collision;ddf_rowcount_bad
TX05478,ddf_name_collision;ddf_rowcount_bad
TX05481,ddf_name_collision;ddf_rowcount_bad
TX05482,ddf_name_collision;ddf_rowcount_bad
TX05483,ddf_name_collision;ddf_rowcount_bad
TX05484,ddf_name_collision;ddf_rowcount_bad
TX05485,ddf_name_collision;ddf_rowcount_bad
TX05486,ddf_name_collision;ddf_rowcount_bad
TX05489,ddf_name_collision;ddf_rowcount_bad
TX05490,ddf_name_collision;ddf_rowcount_bad
TX05498,ddf_name_collision;ddf_rowcount_bad;tail_sensitivity_lost_name_collision
TX05499,ddf_name_collision;ddf_rowcount_bad
TX05508,ddf_name_collision;ddf_rowcount_bad
TX05515,ddf_name_collision;ddf_rowcount_bad;tail_sensitivity_lost_name_collision
TX05521,ddf_name_collision;ddf_rowcount_bad
TX05525,ddf_name_collision;ddf_rowcount_bad
TX05530,ddf_name_collision;ddf_rowcount_bad
TX05531,ddf_name_collision;ddf_rowcount_bad
TX05538,ddf_name_collision
TX05539,ddf_name_collision;ddf_rowcount_bad
TX05540,ddf_name_collision;ddf_rowcount_bad
TX05542,ddf_name_collision;ddf_rowcount_bad
TX05548,ddf_name_collision;ddf_rowcount_bad
TX05550,ddf_name_collision;ddf_rowcount_bad
TX05553,ddf_name_collision;ddf_rowcount_bad
TX05555,ddf_name_collision;ddf_rowcount_bad
TX05562,ddf_name_collision;ddf_rowcount_bad
TX05565,ddf_name_collision;ddf_rowcount_bad
TX05578,ddf_name_collision;ddf_rowcount_bad
TX05585,ddf_name_collision;ddf_rowcount_bad
TX05596,ddf_name_collision;ddf_rowcount_bad
TX05600,ddf_name_collision;tail_sensitivity_lost_name_collision
TX05606,ddf_name_collision;ddf_rowcount_bad
TX05616,ddf_name_collision;ddf_rowcount_bad
TX05620,ddf_name_collision;ddf_rowcount_bad
TX05624,ddf_name_collision;ddf_rowcount_bad
TX05628,ddf_name_collision;ddf_rowcount_bad
TX05630,ddf_name_collision;ddf_rowcount_bad
TX05635,ddf_name_collision;ddf_rowcount_bad
TX05637,ddf_name_collision;ddf_rowcount_bad
TX05639,ddf_name_collision;ddf_rowcount_bad;tail_sensitivity_lost_name_collision
TX05640,ddf_name_collision;ddf_rowcount_bad;tail_sensitivity_lost_name_collision
TX05641,ddf_name_collision;ddf_rowcount_bad
TX05644,ddf_name_collision;ddf_rowcount_bad
TX05645,ddf_name_collision;ddf_rowcount_bad
TX05647,ddf_name_collision;ddf_rowcount_bad
TX05648,ddf_name_collision;ddf_rowcount_bad
TX05649,ddf_name_collision;ddf_rowcount_bad
TX05650,ddf_name_collision;ddf_rowcount_bad
TX05658,ddf_name_collision;ddf_rowcount_bad
TX05659,ddf_name_collision;ddf_rowcount_bad
TX05664,ddf_name_collision;ddf_rowcount_bad;tail_sensitivity_lost_name_collision
TX05665,ddf_name_collision;ddf_rowcount_bad
TX05667,ddf_name_collision;ddf_rowcount_bad
TX05669,ddf_name_collision;ddf_rowcount_bad
TX05676,ddf_name_collision;ddf_rowcount_bad
TX05679,ddf_name_collision;ddf_rowcount_bad
TX05680,ddf_name_collision;ddf_rowcount_bad
TX05681,ddf_name_collision;ddf_rowcount_bad
TX05686,ddf_name_collision
TX05687,ddf_name_collision;ddf_rowcount_bad
TX05689,ddf_name_collision;ddf_rowcount_bad
TX05694,ddf_name_collision;ddf_rowcount_bad
TX05695,ddf_name_collision;ddf_rowcount_bad
TX05696,ddf_name_collision;ddf_rowcount_bad
TX05697,ddf_name_collision;ddf_rowcount_bad
TX05698,ddf_name_collision;ddf_rowcount_bad
TX05699,ddf_name_collision;ddf_rowcount_bad
TX05701,ddf_name_collision;ddf_rowcount_bad
TX05702,ddf_name_collision;ddf_rowcount_bad
TX05704,ddf_name_collision;ddf_rowcount_bad
TX05707,ddf_name_collision;ddf_rowcount_bad
TX05708,ddf_name_collision;ddf_rowcount_bad
TX05710,ddf_name_collision;ddf_rowcount_bad
TX05712,ddf_name_collision;ddf_rowcount_bad;tail_sensitivity_lost_name_collision
TX05715,ddf_name_collision
TX05718,ddf_name_collision;ddf_rowcount_bad
TX05721,ddf_name_collision;ddf_rowcount_bad
TX05722,ddf_name_collision
TX05733,ddf_name_collision;ddf_rowcount_bad
TX05742,ddf_name_collision;ddf_rowcount_bad
TX05744,ddf_name_collision;ddf_rowcount_bad
TX05750,ddf_name_collision;ddf_rowcount_bad
TX05757,ddf_name_collision;ddf_rowcount_bad
TX05758,ddf_name_collision;ddf_rowcount_bad;tail_sensitivity_lost_name_collision
TX05778,ddf_name_collision
TX05796,ddf_name_collision;ddf_rowcount_bad
TX05801,ddf_name_collision;tail_sensitivity_lost_name_collision
TX05816,ddf_name_collision;ddf_rowcount_bad
TX05836,ddf_name_collision;ddf_rowcount_bad
TX05854,ddf_name_collision;ddf_rowcount_bad
TX05855,ddf_name_collision;ddf_rowcount_bad
TX05859,ddf_name_collision
TX05861,ddf_name_collision;ddf_rowcount_bad
TX05864,ddf_name_collision;ddf_rowcount_bad
TX05867,ddf_name_collision;ddf_rowcount_bad
TX05868,ddf_name_collision;ddf_rowcount_bad
TX05874,ddf_name_collision;ddf_rowcount_bad
TX05903,ddf_name_collision;ddf_rowcount_bad
TX05904,ddf_name_collision;ddf_rowcount_bad
TX05918,ddf_name_collision;ddf_rowcount_bad
TX05941,ddf_name_collision;ddf_rowcount_bad;tail_sensitivity_lost_name_collision
TX05947,ddf_name_collision;ddf_rowcount_bad
TX05958,ddf_name_collision;ddf_rowcount_bad
TX05960,ddf_name_collision;ddf_rowcount_bad
TX05965,ddf_name_collision;ddf_rowcount_bad
TX05967,ddf_name_collision;ddf_rowcount_bad
TX05984,ddf_name_collision;ddf_rowcount_bad
TX05991,ddf_name_collision;ddf_rowcount_bad
TX05992,ddf_name_collision;ddf_rowcount_bad
TX05993,ddf_name_collision;ddf_rowcount_bad
TX05996,narrow_elevation_band;old_manifest_vintage
TX06019,ddf_name_collision;ddf_rowcount_bad
TX06027,ddf_name_collision;ddf_rowcount_bad
TX06028,narrow_elevation_band;old_manifest_vintage;pre_centralization_no_aux;synthetic_prefix_audited_clean
TX06030,ddf_name_collision;ddf_rowcount_bad
TX06040,ddf_name_collision;ddf_rowcount_bad
TX06046,ddf_name_collision;ddf_rowcount_bad
TX06051,ddf_name_collision;ddf_rowcount_bad
TX06084,ddf_name_collision;ddf_rowcount_bad
TX06086,ddf_name_collision;ddf_rowcount_bad
TX06087,ddf_name_collision;ddf_rowcount_bad
TX06110,ddf_name_collision;ddf_rowcount_bad
TX06119,ddf_name_collision;ddf_rowcount_bad
TX06138,ddf_name_collision;ddf_rowcount_bad
TX06141,ddf_name_collision;ddf_rowcount_bad
TX06151,ddf_name_collision;ddf_rowcount_bad
TX06154,ddf_name_collision;ddf_rowcount_bad
TX06159,ddf_name_collision;ddf_rowcount_bad
TX06175,ddf_name_collision;ddf_rowcount_bad
TX06176,ddf_name_collision;ddf_rowcount_bad;tail_sensitivity_lost_name_collision
TX06207,ddf_name_collision;ddf_rowcount_bad
TX06208,ddf_name_collision;ddf_rowcount_bad
TX06209,ddf_name_collision;ddf_rowcount_bad
TX06213,ddf_name_collision;ddf_rowcount_bad
TX06218,ddf_name_collision;ddf_rowcount_bad
TX06226,ddf_name_collision;ddf_rowcount_bad
TX06247,ddf_name_collision;ddf_rowcount_bad
TX06254,ddf_name_collision;ddf_rowcount_bad
TX06260,ddf_name_collision;ddf_rowcount_bad
TX06261,ddf_name_collision;ddf_rowcount_bad
TX06281,ddf_name_collision;ddf_rowcount_bad
TX06283,ddf_name_collision;ddf_rowcount_bad
TX06291,ddf_name_collision;ddf_rowcount_bad
TX06292,ddf_name_collision;ddf_rowcount_bad
TX06294,ddf_name_collision;ddf_rowcount_bad
TX06304,ddf_name_collision;ddf_rowcount_bad
TX06306,ddf_name_collision;tail_sensitivity_lost_name_collision
TX06314,ddf_name_collision;tail_sensitivity_lost_name_collision
TX06316,narrow_elevation_band;old_manifest_vintage;pre_centralization_no_aux;synthetic_cloud_unauditable
TX06321,ddf_name_collision;ddf_rowcount_bad
TX06327,ddf_name_collision;ddf_rowcount_bad;tail_sensitivity_lost_name_collision
TX06334,ddf_name_collision;ddf_rowcount_bad
TX06343,ddf_name_collision;ddf_rowcount_bad
TX06348,ddf_name_collision;ddf_rowcount_bad
TX06358,ddf_name_collision;ddf_rowcount_bad
TX06359,ddf_name_collision;ddf_rowcount_bad
TX06362,ddf_name_collision;ddf_rowcount_bad
TX06368,ddf_name_collision;ddf_rowcount_bad
TX06377,ddf_name_collision;ddf_rowcount_bad
TX06379,ddf_name_collision;ddf_rowcount_bad
TX06386,narrow_elevation_band;old_manifest_vintage;pre_centralization_no_aux;synthetic_cloud_unauditable
TX06388,ddf_name_collision;ddf_rowcount_bad
TX06396,ddf_name_collision;ddf_rowcount_bad;tail_sensitivity_lost_name_collision
TX06400,narrow_elevation_band;old_manifest_vintage;pre_centralization_no_aux;synthetic_prefix_audited_clean
TX06417,ddf_name_collision;ddf_rowcount_bad
TX06439,ddf_name_collision;ddf_rowcount_bad
TX06440,ddf_name_collision;ddf_rowcount_bad
TX06441,ddf_name_collision;ddf_rowcount_bad
TX06464,narrow_elevation_band;old_manifest_vintage;pre_centralization_no_aux;synthetic_cloud_unauditable
TX06486,ddf_name_collision;ddf_rowcount_bad
TX06496,ddf_name_collision;ddf_rowcount_bad
TX06499,ddf_name_collision;ddf_rowcount_bad
TX06513,ddf_name_collision;ddf_rowcount_bad;tail_sensitivity_lost_name_collision
TX06515,ddf_name_collision;ddf_rowcount_bad
TX06569,ddf_name_collision;ddf_rowcount_bad
TX06611,ddf_name_collision;ddf_rowcount_bad
TX06631,ddf_name_collision;tail_sensitivity_lost_name_collision
TX06633,ddf_name_collision;ddf_rowcount_bad
TX06650,ddf_name_collision;ddf_rowcount_bad
TX06660,ddf_name_collision;ddf_rowcount_bad
TX06673,ddf_name_collision;ddf_rowcount_bad
TX06676,ddf_name_collision;ddf_rowcount_bad
TX06678,ddf_name_collision;ddf_rowcount_bad
TX06686,ddf_name_collision;ddf_rowcount_bad
TX06687,ddf_name_collision;ddf_rowcount_bad
TX06693,ddf_name_collision;ddf_rowcount_bad
TX06704,ddf_name_collision;ddf_rowcount_bad
TX06716,ddf_name_collision;ddf_rowcount_bad
TX06730,ddf_name_collision;ddf_rowcount_bad
TX06737,ddf_name_collision;ddf_rowcount_bad
TX06738,ddf_name_collision;ddf_rowcount_bad
TX06744,ddf_name_collision;ddf_rowcount_bad
TX06745,ddf_name_collision;ddf_rowcount_bad
TX06750,ddf_name_collision;ddf_rowcount_bad;tail_sensitivity_lost_name_collision
TX06751,ddf_name_collision;ddf_rowcount_bad
TX06762,ddf_name_collision;ddf_rowcount_bad
TX06767,ddf_name_collision;ddf_rowcount_bad
TX06773,ddf_name_collision;ddf_rowcount_bad
TX06782,ddf_name_collision;ddf_rowcount_bad
TX06784,ddf_name_collision;ddf_rowcount_bad
TX06788,ddf_name_collision;ddf_rowcount_bad
TX06839,ddf_name_collision;ddf_rowcount_bad
TX06849,ddf_name_collision;ddf_rowcount_bad
TX06850,ddf_name_collision;ddf_rowcount_bad
TX06869,ddf_name_collision;ddf_rowcount_bad
TX06872,ddf_name_collision;ddf_rowcount_bad
TX06874,ddf_name_collision;ddf_rowcount_bad
TX06892,ddf_name_collision;ddf_rowcount_bad
TX06901,ddf_name_collision;ddf_rowcount_bad
TX06983,ddf_name_collision;ddf_rowcount_bad
TX07000,ddf_name_collision;ddf_rowcount_bad
TX07039,ddf_name_collision
TX07041,ddf_name_collision;ddf_rowcount_bad
TX07056,ddf_name_collision
TX07060,ddf_name_collision;ddf_rowcount_bad
TX07063,ddf_name_collision;ddf_rowcount_bad;tail_sensitivity_lost_name_collision
TX07066,ddf_name_collision;ddf_rowcount_bad
TX07072,ddf_name_collision;ddf_rowcount_bad
TX07077,ddf_name_collision;ddf_rowcount_bad
TX07078,ddf_name_collision;ddf_rowcount_bad
TX07081,ddf_name_collision;ddf_rowcount_bad
TX07084,ddf_name_collision;ddf_rowcount_bad
TX07086,ddf_name_collision;ddf_rowcount_bad
TX07106,ddf_name_collision;ddf_rowcount_bad
TX07107,ddf_name_collision;ddf_rowcount_bad
TX07110,ddf_name_collision;ddf_rowcount_bad
TX07129,ddf_name_collision
TX07136,ddf_name_collision;tail_sensitivity_lost_name_collision
TX07148,ddf_name_collision;ddf_rowcount_bad
TX07190,ddf_name_collision;ddf_rowcount_bad
TX07194,ddf_name_collision;ddf_rowcount_bad
TX07210,ddf_name_collision
TX07212,ddf_name_collision;ddf_rowcount_bad
TX07224,ddf_name_collision;ddf_rowcount_bad
TX07256,ddf_name_collision;ddf_rowcount_bad
TX07271,ddf_name_collision;ddf_rowcount_bad
TX07280,ddf_name_collision
TX07282,ddf_name_collision;ddf_rowcount_bad;tail_sensitivity_lost_name_collision
TX07288,ddf_name_collision;ddf_rowcount_bad;tail_sensitivity_lost_name_collision
TX07292,ddf_name_collision;ddf_rowcount_bad
TX07299,ddf_name_collision;ddf_rowcount_bad
TX07325,ddf_name_collision;ddf_rowcount_bad
TX07361,ddf_name_collision;ddf_rowcount_bad
TX08004,narrow_elevation_band;old_manifest_vintage;pre_centralization_no_aux;synthetic_cloud_unauditable
TX08005,narrow_elevation_band;old_manifest_vintage;pre_centralization_no_aux;synthetic_cloud_unauditable
TX08007,narrow_elevation_band;old_manifest_vintage;pre_centralization_no_aux;synthetic_cloud_unauditable
TX08008,narrow_elevation_band;old_manifest_vintage;pre_centralization_no_aux;synthetic_cloud_unauditable
TX09002,ddf_name_collision;ddf_rowcount_bad
TX09056,ddf_name_collision;ddf_rowcount_bad
TX09060,ddf_name_collision;ddf_rowcount_bad
TX09065,ddf_name_collision;ddf_rowcount_bad
TX09077,ddf_name_collision;ddf_rowcount_bad
TX09090,ddf_name_collision;ddf_rowcount_bad
TX09117,ddf_name_collision;ddf_rowcount_bad
TX09187,ddf_name_collision;ddf_rowcount_bad
TX09383,ddf_name_collision;ddf_rowcount_bad
TX09507,ddf_name_collision;ddf_rowcount_bad
TX09532,ddf_name_collision;ddf_rowcount_bad
TX09558,ddf_name_collision;ddf_rowcount_bad
TX09582,ddf_name_collision;ddf_rowcount_bad
TX09603,ddf_name_collision;ddf_rowcount_bad
TX09614,ddf_name_collision;ddf_rowcount_bad
TX09635,ddf_name_collision;ddf_rowcount_bad
TX80019,ddf_name_collision;ddf_rowcount_bad
TX82301,ddf_name_collision;ddf_rowcount_bad
UT00002,ddf_name_collision;ddf_rowcount_bad
UT00010,ddf_name_collision;tail_sensitivity_lost_name_collision
UT00015,ddf_name_collision;ddf_rowcount_bad
UT00035,ddf_name_collision
UT00036,ddf_name_collision;tail_sensitivity_lost_name_collision
UT00046,ddf_name_collision;tail_sensitivity_lost_name_collision
UT00062,ddf_name_collision;ddf_rowcount_bad
UT00068,ddf_name_collision
UT00071,ddf_name_collision
UT00075,ddf_name_collision;ddf_rowcount_bad
UT00077,ddf_name_collision;ddf_rowcount_bad;tail_sensitivity_lost_name_collision
UT00098,ddf_name_collision;ddf_rowcount_bad
UT00101,ddf_name_collision
UT00103,ddf_name_collision;tail_sensitivity_lost_name_collision
UT00108,ddf_name_collision
UT00109,ddf_name_collision;ddf_rowcount_bad;tail_sensitivity_lost_name_collision
UT00118,ddf_name_collision;ddf_rowcount_bad
UT00122,ddf_name_collision;ddf_rowcount_bad
UT00123,ddf_name_collision;ddf_rowcount_bad
UT00124,ddf_name_collision;tail_sensitivity_lost_name_collision
UT00144,ddf_name_collision;ddf_rowcount_bad
UT00153,ddf_name_collision;ddf_rowcount_bad;tail_sensitivity_lost_name_collision
UT00156,ddf_name_collision;ddf_rowcount_bad
UT00177,ddf_name_collision;ddf_rowcount_bad
UT00181,ddf_name_collision;tail_sensitivity_lost_name_collision
UT00197,ddf_name_collision;ddf_rowcount_bad
UT00201,ddf_name_collision;ddf_rowcount_bad
UT00203,ddf_name_collision
UT00209,ddf_name_collision;ddf_rowcount_bad
UT00211,ddf_name_collision;ddf_rowcount_bad
UT00220,ddf_name_collision;ddf_rowcount_bad
UT00235,ddf_name_collision;tail_sensitivity_lost_name_collision
UT00236,ddf_name_collision;ddf_rowcount_bad
UT00243,ddf_name_collision;tail_sensitivity_lost_name_collision
UT00246,ddf_name_collision;ddf_rowcount_bad;tail_sensitivity_lost_name_collision
UT00249,narrow_elevation_band;old_manifest_vintage;pre_centralization_no_aux;synthetic_prefix_audited_clean
UT00251,ddf_name_collision;tail_sensitivity_lost_name_collision
UT00267,ddf_name_collision;ddf_rowcount_bad
UT00271,ddf_name_collision;tail_sensitivity_lost_name_collision
UT00272,narrow_elevation_band;old_manifest_vintage;pre_centralization_no_aux;synthetic_cloud_unauditable
UT00273,ddf_name_collision;tail_sensitivity_lost_name_collision
UT00275,ddf_name_collision;ddf_rowcount_bad
UT00277,ddf_name_collision
UT00281,ddf_name_collision;ddf_rowcount_bad
UT00283,ddf_name_collision;ddf_rowcount_bad
UT00292,ddf_name_collision;tail_sensitivity_lost_name_collision
UT00297,ddf_name_collision;tail_sensitivity_lost_name_collision
UT00312,ddf_name_collision
UT00316,ddf_name_collision;ddf_rowcount_bad
UT00324,ddf_name_collision;tail_sensitivity_lost_name_collision
UT00328,ddf_name_collision
UT00329,ddf_name_collision;ddf_rowcount_bad
UT00350,ddf_name_collision;tail_sensitivity_lost_name_collision
UT00357,ddf_name_collision;ddf_rowcount_bad
UT00370,ddf_name_collision;tail_sensitivity_lost_name_collision
UT00374,ddf_name_collision;ddf_rowcount_bad
UT00390,ddf_name_collision;ddf_rowcount_bad;tail_sensitivity_lost_name_collision
UT00443,ddf_name_collision;ddf_rowcount_bad
UT00608,ddf_name_collision;tail_sensitivity_lost_name_collision
UT00618,ddf_name_collision;ddf_rowcount_bad;tail_sensitivity_lost_name_collision
UT00673,narrow_elevation_band;old_manifest_vintage;pre_centralization_no_aux;synthetic_cloud_unauditable
UT00825,ddf_name_collision;ddf_rowcount_bad
UT10112,narrow_elevation_band;old_manifest_vintage;pre_centralization_no_aux;synthetic_prefix_audited_clean
UT10117,narrow_elevation_band;old_manifest_vintage;pre_centralization_no_aux;synthetic_prefix_audited_clean
UT10120,ddf_name_collision;ddf_rowcount_bad
UT10121,narrow_elevation_band;old_manifest_vintage;pre_centralization_no_aux;synthetic_cloud_unauditable
UT10128,ddf_name_collision;tail_sensitivity_lost_name_collision
UT10130,ddf_name_collision
UT10132,narrow_elevation_band;old_manifest_vintage
UT10134,ddf_name_collision;tail_sensitivity_lost_name_collision
UT10135,narrow_elevation_band;synthetic_cloud_unauditable
UT10136,narrow_elevation_band;old_manifest_vintage;pre_centralization_no_aux;synthetic_prefix_audited_clean
UT10137,ddf_name_collision;ddf_rowcount_bad
UT10141,ddf_name_collision;ddf_rowcount_bad
UT10149,ddf_name_collision;tail_sensitivity_lost_name_collision
UT10152,ddf_name_collision;ddf_rowcount_bad
UT10199,ddf_name_collision;ddf_rowcount_bad
UT10204,narrow_elevation_band;old_manifest_vintage;pre_centralization_no_aux;synthetic_cloud_unauditable
UT20905,ddf_name_collision;ddf_rowcount_bad
UT20906,ddf_name_collision;ddf_rowcount_bad
VA00101,ddf_name_collision;ddf_rowcount_bad
VA00104,ddf_name_collision;ddf_rowcount_bad
VA00303,ddf_name_collision;tail_sensitivity_lost_name_collision
VA00310,ddf_name_collision;tail_sensitivity_lost_name_collision
VA00327,ddf_name_collision;ddf_rowcount_bad
VA00335,ddf_name_collision;ddf_rowcount_bad
VA00340,ddf_name_collision;ddf_rowcount_bad
VA00343,ddf_name_collision;ddf_rowcount_bad
VA00367,ddf_name_collision;ddf_rowcount_bad
VA00370,ddf_name_collision;ddf_rowcount_bad;tail_sensitivity_lost_name_collision
VA00387,ddf_name_collision;ddf_rowcount_bad
VA00501,narrow_elevation_band;old_manifest_vintage;pre_centralization_no_aux;synthetic_cloud_unauditable
VA00702,ddf_name_collision;ddf_rowcount_bad;tail_sensitivity_lost_name_collision
VA00704,ddf_name_collision;ddf_rowcount_bad;tail_sensitivity_lost_name_collision
VA00710,ddf_name_collision;ddf_rowcount_bad
VA00715,ddf_name_collision;ddf_rowcount_bad
VA00718,ddf_name_collision;ddf_rowcount_bad
VA00909,ddf_name_collision;ddf_rowcount_bad
VA01101,ddf_name_collision;ddf_rowcount_bad;tail_sensitivity_lost_name_collision
VA01105,ddf_name_collision;ddf_rowcount_bad
VA01524,ddf_name_collision;ddf_rowcount_bad
VA01526,ddf_name_collision;ddf_rowcount_bad
VA01902,narrow_elevation_band;old_manifest_vintage;pre_centralization_no_aux;synthetic_cloud_unauditable
VA01903,ddf_name_collision
VA01906,ddf_name_collision;ddf_rowcount_bad
VA01908,ddf_name_collision;ddf_rowcount_bad;tail_sensitivity_lost_name_collision
VA01910,ddf_name_collision
VA01911,ddf_name_collision;ddf_rowcount_bad
VA01915,ddf_name_collision;ddf_rowcount_bad
VA01916,ddf_name_collision;ddf_rowcount_bad
VA01925,ddf_name_collision;ddf_rowcount_bad;tail_sensitivity_lost_name_collision
VA02302,ddf_name_collision;ddf_rowcount_bad
VA02503,ddf_name_collision;ddf_rowcount_bad
VA02923,ddf_name_collision;ddf_rowcount_bad
VA02928,ddf_name_collision;ddf_rowcount_bad
VA03102,ddf_name_collision;ddf_rowcount_bad;tail_sensitivity_lost_name_collision
VA03105,ddf_name_collision;ddf_rowcount_bad;tail_sensitivity_lost_name_collision
VA03109,ddf_name_collision;ddf_rowcount_bad
VA03114,ddf_name_collision;ddf_rowcount_bad
VA03118,ddf_name_collision;ddf_rowcount_bad
VA03123,ddf_name_collision;ddf_rowcount_bad
VA03124,ddf_name_collision;ddf_rowcount_bad
VA03126,ddf_name_collision;tail_sensitivity_lost_name_collision
VA03312,ddf_name_collision;ddf_rowcount_bad
VA03315,ddf_name_collision;ddf_rowcount_bad
VA03324,ddf_name_collision;ddf_rowcount_bad
VA03327,ddf_name_collision;ddf_rowcount_bad
VA03332,ddf_name_collision;ddf_rowcount_bad
VA03334,ddf_name_collision
VA03344,ddf_name_collision;ddf_rowcount_bad
VA03346,ddf_name_collision
VA03501,ddf_name_collision
VA03502,ddf_name_collision;ddf_rowcount_bad
VA03503,ddf_name_collision;ddf_rowcount_bad
VA03601,ddf_name_collision;ddf_rowcount_bad;tail_sensitivity_lost_name_collision
VA04103,ddf_name_collision;ddf_rowcount_bad
VA04110,ddf_name_collision;ddf_rowcount_bad
VA04111,ddf_name_collision;ddf_rowcount_bad
VA04115,ddf_name_collision;tail_sensitivity_lost_name_collision
VA04119,ddf_name_collision;ddf_rowcount_bad
VA04127,ddf_name_collision;ddf_rowcount_bad
VA04130,ddf_name_collision;ddf_rowcount_bad
VA04302,ddf_name_collision;ddf_rowcount_bad
VA04707,ddf_name_collision;ddf_rowcount_bad
VA04716,ddf_name_collision;ddf_rowcount_bad
VA04722,ddf_name_collision;ddf_rowcount_bad
VA04902,ddf_name_collision;ddf_rowcount_bad;tail_sensitivity_lost_name_collision
VA04904,ddf_name_collision;ddf_rowcount_bad
VA04905,ddf_name_collision;ddf_rowcount_bad
VA04908,ddf_name_collision;ddf_rowcount_bad
VA04926,ddf_name_collision;ddf_rowcount_bad
VA04941,ddf_name_collision;ddf_rowcount_bad
VA05101,narrow_elevation_band;old_manifest_vintage;pre_centralization_no_aux;synthetic_prefix_audited_clean
VA05106,ddf_name_collision;ddf_rowcount_bad
VA05107,ddf_name_collision;ddf_rowcount_bad
VA05305,ddf_name_collision;ddf_rowcount_bad
VA05308,ddf_name_collision;tail_sensitivity_lost_name_collision
VA05310,ddf_name_collision;ddf_rowcount_bad
VA05704,ddf_name_collision;ddf_rowcount_bad
VA05711,ddf_name_collision;ddf_rowcount_bad
VA05712,ddf_name_collision;ddf_rowcount_bad
VA05902,ddf_name_collision;ddf_rowcount_bad
VA05909,ddf_name_collision;ddf_rowcount_bad
VA05917,ddf_name_collision;ddf_rowcount_bad
VA05918,ddf_name_collision;ddf_rowcount_bad
VA05919,ddf_name_collision;ddf_rowcount_bad
VA05924,ddf_name_collision
VA05931,ddf_name_collision;ddf_rowcount_bad
VA06104,ddf_name_collision;ddf_rowcount_bad;tail_sensitivity_lost_name_collision
VA06105,ddf_name_collision;ddf_rowcount_bad
VA06107,ddf_name_collision;ddf_rowcount_bad
VA06110,ddf_name_collision;ddf_rowcount_bad
VA06113,ddf_name_collision;ddf_rowcount_bad
VA06114,ddf_name_collision;ddf_rowcount_bad;tail_sensitivity_lost_name_collision
VA06129,ddf_name_collision;ddf_rowcount_bad
VA06137,ddf_name_collision;ddf_rowcount_bad
VA06302,ddf_name_collision;ddf_rowcount_bad
VA06501,ddf_name_collision
VA06503,ddf_name_collision;ddf_rowcount_bad
VA06507,ddf_name_collision;ddf_rowcount_bad
VA06508,ddf_name_collision;ddf_rowcount_bad
VA06704,ddf_name_collision;ddf_rowcount_bad
VA06706,ddf_name_collision;ddf_rowcount_bad
VA06707,ddf_name_collision;tail_sensitivity_lost_name_collision
VA06711,ddf_name_collision;ddf_rowcount_bad
VA06901,ddf_name_collision
VA06902,ddf_name_collision;ddf_rowcount_bad;tail_sensitivity_lost_name_collision
VA06903,ddf_name_collision
VA06904,ddf_name_collision;ddf_rowcount_bad
VA06907,ddf_name_collision;ddf_rowcount_bad
VA06908,ddf_name_collision;ddf_rowcount_bad
VA06909,ddf_name_collision;ddf_rowcount_bad;tail_sensitivity_lost_name_collision
VA06913,ddf_name_collision;tail_sensitivity_lost_name_collision
VA06914,ddf_name_collision;tail_sensitivity_lost_name_collision
VA06922,ddf_name_collision;ddf_rowcount_bad;tail_sensitivity_lost_name_collision
VA07303,ddf_name_collision
VA07306,ddf_name_collision;ddf_rowcount_bad
VA07508,ddf_name_collision;tail_sensitivity_lost_name_collision
VA07509,ddf_name_collision;ddf_rowcount_bad
VA07515,ddf_name_collision;ddf_rowcount_bad
VA07523,ddf_name_collision;ddf_rowcount_bad
VA07703,ddf_name_collision;ddf_rowcount_bad
VA07704,ddf_name_collision;ddf_rowcount_bad
VA07705,ddf_name_collision;ddf_rowcount_bad
VA07908,ddf_name_collision;ddf_rowcount_bad
VA08107,ddf_name_collision
VA08109,ddf_name_collision;ddf_rowcount_bad
VA08302,ddf_name_collision;ddf_rowcount_bad
VA08304,ddf_name_collision
VA08310,ddf_name_collision;ddf_rowcount_bad
VA08312,ddf_name_collision;ddf_rowcount_bad
VA08313,ddf_name_collision;ddf_rowcount_bad
VA08318,ddf_name_collision;ddf_rowcount_bad
VA08325,ddf_name_collision;ddf_rowcount_bad
VA08328,ddf_name_collision;ddf_rowcount_bad
VA08330,ddf_name_collision;ddf_rowcount_bad
VA08505,ddf_name_collision;ddf_rowcount_bad
VA08508,ddf_name_collision;ddf_rowcount_bad
VA08510,ddf_name_collision;ddf_rowcount_bad
VA08512,ddf_name_collision;ddf_rowcount_bad
VA08516,ddf_name_collision;ddf_rowcount_bad;tail_sensitivity_lost_name_collision
VA08518,ddf_name_collision;ddf_rowcount_bad
VA08583,ddf_name_collision;ddf_rowcount_bad
VA08705,ddf_name_collision;ddf_rowcount_bad
VA08709,ddf_name_collision;ddf_rowcount_bad
VA08712,ddf_name_collision
VA08901,narrow_elevation_band;old_manifest_vintage;pre_centralization_no_aux;synthetic_cloud_unauditable
VA08915,ddf_name_collision;ddf_rowcount_bad
VA08917,ddf_name_collision;ddf_rowcount_bad
VA09301,ddf_name_collision;ddf_rowcount_bad
VA09302,ddf_name_collision;ddf_rowcount_bad
VA09307,ddf_name_collision;ddf_rowcount_bad
VA09309,ddf_name_collision;ddf_rowcount_bad
VA09505,ddf_name_collision;ddf_rowcount_bad
VA09520,ddf_name_collision;ddf_rowcount_bad
VA09709,ddf_name_collision;ddf_rowcount_bad
VA09906,ddf_name_collision;ddf_rowcount_bad
VA10102,ddf_name_collision;ddf_rowcount_bad
VA10306,ddf_name_collision;ddf_rowcount_bad
VA10501,ddf_name_collision;ddf_rowcount_bad
VA10701,ddf_name_collision;tail_sensitivity_lost_name_collision
VA10703,ddf_name_collision;ddf_rowcount_bad
VA10712,ddf_name_collision;ddf_rowcount_bad
VA10716,ddf_name_collision;ddf_rowcount_bad
VA10718,ddf_name_collision;ddf_rowcount_bad
VA10722,ddf_name_collision;ddf_rowcount_bad
VA10724,ddf_name_collision;ddf_rowcount_bad
VA10728,ddf_name_collision;tail_sensitivity_lost_name_collision
VA10733,ddf_name_collision;ddf_rowcount_bad
VA10907,ddf_name_collision;ddf_rowcount_bad
VA10927,ddf_name_collision;ddf_rowcount_bad
VA11108,ddf_name_collision;ddf_rowcount_bad
VA11703,ddf_name_collision;ddf_rowcount_bad
VA11704,ddf_name_collision;ddf_rowcount_bad
VA11710,ddf_name_collision;ddf_rowcount_bad
VA11716,ddf_name_collision;ddf_rowcount_bad
VA12101,ddf_name_collision;ddf_rowcount_bad
VA12501,ddf_name_collision;ddf_rowcount_bad;tail_sensitivity_lost_name_collision
VA12509,ddf_name_collision;ddf_rowcount_bad
VA12510,ddf_name_collision;ddf_rowcount_bad
VA12702,ddf_name_collision;ddf_rowcount_bad
VA12715,ddf_name_collision;ddf_rowcount_bad
VA12716,ddf_name_collision;ddf_rowcount_bad
VA13102,ddf_name_collision;ddf_rowcount_bad
VA13103,ddf_name_collision;ddf_rowcount_bad
VA13106,ddf_name_collision;ddf_rowcount_bad
VA13108,ddf_name_collision;ddf_rowcount_bad
VA13304,ddf_name_collision;ddf_rowcount_bad
VA13503,ddf_name_collision;ddf_rowcount_bad
VA13505,ddf_name_collision;ddf_rowcount_bad;tail_sensitivity_lost_name_collision
VA13506,ddf_name_collision;ddf_rowcount_bad
VA13523,ddf_name_collision;ddf_rowcount_bad
VA13701,ddf_name_collision;ddf_rowcount_bad;tail_sensitivity_lost_name_collision
VA13707,ddf_name_collision;ddf_rowcount_bad
VA13712,ddf_name_collision;ddf_rowcount_bad
VA13904,ddf_name_collision;ddf_rowcount_bad
VA13905,ddf_name_collision
VA14109,ddf_name_collision;ddf_rowcount_bad
VA14301,narrow_elevation_band;old_manifest_vintage
VA14304,ddf_name_collision;ddf_rowcount_bad
VA14323,ddf_name_collision;ddf_rowcount_bad
VA14325,ddf_name_collision;ddf_rowcount_bad
VA14381,ddf_name_collision;ddf_rowcount_bad
VA14395,ddf_name_collision;ddf_rowcount_bad
VA14513,ddf_name_collision;ddf_rowcount_bad
VA14526,ddf_name_collision;ddf_rowcount_bad
VA14530,ddf_name_collision;ddf_rowcount_bad
VA14532,ddf_name_collision;ddf_rowcount_bad
VA14705,ddf_name_collision;ddf_rowcount_bad
VA14712,ddf_name_collision;ddf_rowcount_bad
VA14713,ddf_name_collision;ddf_rowcount_bad
VA14716,ddf_name_collision;ddf_rowcount_bad
VA14727,ddf_name_collision;ddf_rowcount_bad
VA14728,ddf_name_collision;ddf_rowcount_bad
VA14730,ddf_name_collision;ddf_rowcount_bad
VA14731,ddf_name_collision;ddf_rowcount_bad
VA14902,ddf_name_collision;ddf_rowcount_bad
VA14904,ddf_name_collision;ddf_rowcount_bad
VA14911,ddf_name_collision;ddf_rowcount_bad
VA14918,ddf_name_collision;ddf_rowcount_bad
VA15304,ddf_name_collision;tail_sensitivity_lost_name_collision
VA15306,ddf_name_collision;ddf_rowcount_bad
VA15309,ddf_name_collision;ddf_rowcount_bad
VA15312,ddf_name_collision;ddf_rowcount_bad;tail_sensitivity_lost_name_collision
VA15502,narrow_elevation_band;old_manifest_vintage;pre_centralization_no_aux;synthetic_prefix_audited_clean
VA15702,ddf_name_collision;ddf_rowcount_bad;tail_sensitivity_lost_name_collision
VA15905,ddf_name_collision;ddf_rowcount_bad
VA16303,ddf_name_collision;ddf_rowcount_bad
VA16305,ddf_name_collision;ddf_rowcount_bad;tail_sensitivity_lost_name_collision
VA16308,ddf_name_collision;ddf_rowcount_bad
VA16505,ddf_name_collision;ddf_rowcount_bad
VA16902,ddf_name_collision;ddf_rowcount_bad
VA17106,ddf_name_collision
VA17508,ddf_name_collision;ddf_rowcount_bad;tail_sensitivity_lost_name_collision
VA17702,narrow_elevation_band;old_manifest_vintage;pre_centralization_no_aux;synthetic_cloud_unauditable
VA17705,ddf_name_collision;ddf_rowcount_bad
VA17709,ddf_name_collision;ddf_rowcount_bad;tail_sensitivity_lost_name_collision
VA17711,ddf_name_collision
VA17906,ddf_name_collision;ddf_rowcount_bad
VA17908,ddf_name_collision;ddf_rowcount_bad;tail_sensitivity_lost_name_collision
VA17910,ddf_name_collision;ddf_rowcount_bad;tail_sensitivity_lost_name_collision
VA17914,ddf_name_collision;ddf_rowcount_bad
VA18106,ddf_name_collision;ddf_rowcount_bad
VA18305,ddf_name_collision
VA18309,ddf_name_collision;ddf_rowcount_bad
VA18310,ddf_name_collision;ddf_rowcount_bad
VA18318,ddf_name_collision;ddf_rowcount_bad
VA18325,ddf_name_collision;ddf_rowcount_bad
VA18326,ddf_name_collision;ddf_rowcount_bad
VA18327,ddf_name_collision;ddf_rowcount_bad
VA18329,ddf_name_collision;ddf_rowcount_bad
VA18502,ddf_name_collision;ddf_rowcount_bad
VA18703,ddf_name_collision;ddf_rowcount_bad
VA18704,ddf_name_collision;ddf_rowcount_bad
VA18707,ddf_name_collision;ddf_rowcount_bad
VA18708,ddf_name_collision;ddf_rowcount_bad
VA19101,ddf_name_collision;tail_sensitivity_lost_name_collision
VA19102,ddf_name_collision;ddf_rowcount_bad;tail_sensitivity_lost_name_collision
VA19301,ddf_name_collision;ddf_rowcount_bad;tail_sensitivity_lost_name_collision
VA19304,ddf_name_collision
VA19306,ddf_name_collision
VA19312,ddf_name_collision;ddf_rowcount_bad
VA19511,ddf_name_collision;ddf_rowcount_bad
VA19909,ddf_name_collision;ddf_rowcount_bad
VA66001,ddf_name_collision;ddf_rowcount_bad
VA68001,ddf_name_collision;ddf_rowcount_bad
VA68002,ddf_name_collision;ddf_rowcount_bad;tail_sensitivity_lost_name_collision
VA78001,ddf_name_collision;ddf_rowcount_bad
VA83003,ddf_name_collision;ddf_rowcount_bad
VA83005,narrow_elevation_band;old_manifest_vintage;pre_centralization_no_aux;synthetic_cloud_unauditable
VT00002,narrow_elevation_band;old_manifest_vintage
VT00008,ddf_name_collision;ddf_rowcount_bad;tail_sensitivity_lost_name_collision
VT00010,ddf_name_collision;tail_sensitivity_lost_name_collision
VT00011,ddf_name_collision;tail_sensitivity_lost_name_collision
VT00020,ddf_name_collision;ddf_rowcount_bad;tail_sensitivity_lost_name_collision
VT00023,ddf_name_collision;tail_sensitivity_lost_name_collision
VT00024,ddf_name_collision;ddf_rowcount_bad
VT00025,ddf_name_collision;narrow_elevation_band;old_manifest_vintage;tail_sensitivity_lost_name_collision
VT00031,ddf_name_collision;ddf_rowcount_bad
VT00044,ddf_name_collision;ddf_rowcount_bad
VT00054,ddf_name_collision;ddf_rowcount_bad
VT00062,ddf_name_collision;ddf_rowcount_bad
VT00065,ddf_name_collision;ddf_rowcount_bad;tail_sensitivity_lost_name_collision
VT00066,ddf_name_collision;ddf_rowcount_bad
VT00068,ddf_name_collision;tail_sensitivity_lost_name_collision
VT00070,ddf_name_collision;ddf_rowcount_bad
VT00078,ddf_name_collision;ddf_rowcount_bad;tail_sensitivity_lost_name_collision
VT00079,ddf_name_collision;tail_sensitivity_lost_name_collision
VT00081,ddf_name_collision
VT00082,ddf_name_collision;ddf_rowcount_bad;tail_sensitivity_lost_name_collision
VT00083,ddf_name_collision;ddf_rowcount_bad
VT00086,ddf_name_collision;ddf_rowcount_bad;tail_sensitivity_lost_name_collision
VT00089,ddf_name_collision;ddf_rowcount_bad
VT00091,ddf_name_collision;ddf_rowcount_bad
VT00096,ddf_name_collision
VT00104,ddf_name_collision;ddf_rowcount_bad
VT00106,ddf_name_collision;ddf_rowcount_bad
VT00117,ddf_name_collision
VT00119,ddf_name_collision;ddf_rowcount_bad
VT00123,ddf_name_collision;ddf_rowcount_bad;tail_sensitivity_lost_name_collision
VT00127,ddf_name_collision;ddf_rowcount_bad
VT00128,ddf_name_collision;ddf_rowcount_bad
VT00129,ddf_name_collision;ddf_rowcount_bad
VT00135,ddf_name_collision;ddf_rowcount_bad
VT00145,ddf_name_collision
VT00146,ddf_name_collision;tail_sensitivity_lost_name_collision
VT00150,ddf_name_collision;ddf_rowcount_bad;tail_sensitivity_lost_name_collision
VT00174,ddf_name_collision;ddf_rowcount_bad
VT00184,ddf_name_collision;ddf_rowcount_bad
VT00196,ddf_name_collision;ddf_rowcount_bad;tail_sensitivity_lost_name_collision
VT00197,ddf_name_collision;ddf_rowcount_bad;tail_sensitivity_lost_name_collision
VT00200,ddf_name_collision;ddf_rowcount_bad
VT00201,ddf_name_collision;ddf_rowcount_bad
VT00217,ddf_name_collision;ddf_rowcount_bad
VT00222,ddf_name_collision;ddf_rowcount_bad
VT00226,ddf_name_collision;ddf_rowcount_bad
VT00236,ddf_name_collision;ddf_rowcount_bad
VT00237,ddf_name_collision;ddf_rowcount_bad
VT00240,ddf_name_collision;ddf_rowcount_bad
VT00241,ddf_name_collision;ddf_rowcount_bad
VT00244,ddf_name_collision;ddf_rowcount_bad
VT00252,ddf_name_collision;ddf_rowcount_bad
VT00257,ddf_name_collision;ddf_rowcount_bad
VT00263,ddf_name_collision;tail_sensitivity_lost_name_collision
VT00271,ddf_name_collision;ddf_rowcount_bad
VT00276,ddf_name_collision;ddf_rowcount_bad
VT00277,ddf_name_collision;ddf_rowcount_bad
VT00279,ddf_name_collision;ddf_rowcount_bad
VT00282,ddf_name_collision;ddf_rowcount_bad
VT00288,ddf_name_collision;ddf_rowcount_bad
VT00290,ddf_name_collision;ddf_rowcount_bad
VT00294,ddf_name_collision;ddf_rowcount_bad
VT00307,ddf_name_collision;ddf_rowcount_bad
VT00318,ddf_name_collision;ddf_rowcount_bad
VT00324,ddf_name_collision;ddf_rowcount_bad
VT00325,ddf_name_collision;ddf_rowcount_bad
VT00350,ddf_name_collision;ddf_rowcount_bad
VT00353,ddf_name_collision;ddf_rowcount_bad
VT00362,ddf_name_collision;ddf_rowcount_bad
WA00004,narrow_elevation_band;old_manifest_vintage;pre_centralization_no_aux;synthetic_cloud_unauditable
WA00009,narrow_elevation_band;old_manifest_vintage
WA00010,ddf_name_collision;ddf_rowcount_bad
WA00011,ddf_name_collision;ddf_rowcount_bad;tail_sensitivity_lost_name_collision
WA00012,ddf_name_collision;tail_sensitivity_lost_name_collision
WA00013,narrow_elevation_band;old_manifest_vintage
WA00016,ddf_name_collision;ddf_rowcount_bad
WA00017,ddf_name_collision;ddf_rowcount_bad
WA00021,ddf_name_collision;narrow_elevation_band;old_manifest_vintage;tail_sensitivity_lost_name_collision
WA00024,ddf_name_collision;ddf_rowcount_bad;tail_sensitivity_lost_name_collision
WA00025,ddf_name_collision;ddf_rowcount_bad
WA00035,ddf_name_collision;ddf_rowcount_bad
WA00039,ddf_name_collision;ddf_rowcount_bad
WA00042,ddf_name_collision;ddf_rowcount_bad
WA00046,ddf_name_collision;ddf_rowcount_bad
WA00054,ddf_name_collision;ddf_rowcount_bad;tail_sensitivity_lost_name_collision
WA00072,ddf_name_collision;ddf_rowcount_bad;tail_sensitivity_lost_name_collision
WA00073,ddf_name_collision;ddf_rowcount_bad;tail_sensitivity_lost_name_collision
WA00084,narrow_elevation_band;old_manifest_vintage
WA00085,narrow_elevation_band;old_manifest_vintage;pre_centralization_no_aux;synthetic_cloud_unauditable
WA00086,narrow_elevation_band;old_manifest_vintage;pre_centralization_no_aux;synthetic_cloud_unauditable
WA00087,ddf_name_collision;ddf_rowcount_bad
WA00088,narrow_elevation_band;old_manifest_vintage;pre_centralization_no_aux;synthetic_prefix_audited_clean
WA00091,ddf_name_collision;ddf_rowcount_bad;tail_sensitivity_lost_name_collision
WA00092,ddf_name_collision;ddf_rowcount_bad
WA00098,narrow_elevation_band;old_manifest_vintage;pre_centralization_no_aux;synthetic_cloud_unauditable
WA00102,ddf_name_collision;ddf_rowcount_bad
WA00109,ddf_name_collision;ddf_rowcount_bad
WA00113,ddf_name_collision;ddf_rowcount_bad
WA00114,ddf_name_collision;ddf_rowcount_bad;tail_sensitivity_lost_name_collision
WA00134,ddf_name_collision;ddf_rowcount_bad
WA00135,narrow_elevation_band;synthetic_cloud_unauditable
WA00142,ddf_name_collision;ddf_rowcount_bad;tail_sensitivity_lost_name_collision
WA00145,narrow_elevation_band;old_manifest_vintage;pre_centralization_no_aux;synthetic_cloud_unauditable
WA00147,narrow_elevation_band;old_manifest_vintage;pre_centralization_no_aux;synthetic_cloud_unauditable
WA00148,narrow_elevation_band;old_manifest_vintage;pre_centralization_no_aux;synthetic_cloud_unauditable
WA00149,narrow_elevation_band;old_manifest_vintage;pre_centralization_no_aux;synthetic_cloud_unauditable
WA00151,narrow_elevation_band;old_manifest_vintage;pre_centralization_no_aux;synthetic_cloud_unauditable
WA00152,narrow_elevation_band;old_manifest_vintage;pre_centralization_no_aux;synthetic_prefix_audited_clean
WA00160,ddf_name_collision;ddf_rowcount_bad
WA00164,ddf_name_collision;ddf_rowcount_bad
WA00169,ddf_name_collision;ddf_rowcount_bad;narrow_elevation_band;old_manifest_vintage;pre_centralization_no_aux;synthetic_cloud_unauditable;tail_sensitivity_lost_name_collision
WA00170,narrow_elevation_band;old_manifest_vintage
WA00172,narrow_elevation_band;old_manifest_vintage;pre_centralization_no_aux;synthetic_prefix_audited_clean
WA00173,narrow_elevation_band;old_manifest_vintage;pre_centralization_no_aux;synthetic_cloud_unauditable
WA00174,narrow_elevation_band;old_manifest_vintage;pre_centralization_no_aux;synthetic_cloud_unauditable
WA00178,ddf_name_collision;ddf_rowcount_bad;tail_sensitivity_lost_name_collision
WA00180,ddf_name_collision;ddf_rowcount_bad
WA00185,ddf_name_collision;ddf_rowcount_bad
WA00189,ddf_name_collision;ddf_rowcount_bad;tail_sensitivity_lost_name_collision
WA00195,ddf_name_collision;ddf_rowcount_bad;tail_sensitivity_lost_name_collision
WA00208,narrow_elevation_band;old_manifest_vintage;pre_centralization_no_aux;synthetic_prefix_audited_clean
WA00220,ddf_name_collision;ddf_rowcount_bad
WA00230,ddf_name_collision;ddf_rowcount_bad
WA00234,ddf_name_collision;tail_sensitivity_lost_name_collision
WA00255,narrow_elevation_band;old_manifest_vintage;pre_centralization_no_aux;synthetic_prefix_audited_clean
WA00256,ddf_name_collision;ddf_rowcount_bad;tail_sensitivity_lost_name_collision
WA00257,ddf_name_collision;narrow_elevation_band;old_manifest_vintage;pre_centralization_no_aux;synthetic_prefix_audited_clean;tail_sensitivity_lost_name_collision
WA00260,narrow_elevation_band;old_manifest_vintage;pre_centralization_no_aux;synthetic_prefix_audited_clean
WA00261,narrow_elevation_band;old_manifest_vintage;pre_centralization_no_aux;synthetic_cloud_unauditable
WA00262,narrow_elevation_band;old_manifest_vintage;pre_centralization_no_aux;synthetic_cloud_unauditable
WA00265,narrow_elevation_band;old_manifest_vintage;pre_centralization_no_aux;synthetic_prefix_audited_clean
WA00266,ddf_name_collision;ddf_rowcount_bad;narrow_elevation_band;old_manifest_vintage;pre_centralization_no_aux;synthetic_cloud_unauditable;tail_sensitivity_lost_name_collision
WA00268,narrow_elevation_band;old_manifest_vintage;pre_centralization_no_aux;synthetic_cloud_unauditable
WA00270,narrow_elevation_band;old_manifest_vintage;pre_centralization_no_aux;synthetic_cloud_unauditable
WA00273,narrow_elevation_band;old_manifest_vintage;pre_centralization_no_aux;synthetic_prefix_audited_clean
WA00274,narrow_elevation_band;old_manifest_vintage;pre_centralization_no_aux;synthetic_cloud_unauditable
WA00277,ddf_name_collision;ddf_rowcount_bad;tail_sensitivity_lost_name_collision
WA00279,ddf_name_collision;ddf_rowcount_bad;tail_sensitivity_lost_name_collision
WA00280,ddf_name_collision;ddf_rowcount_bad
WA00281,ddf_name_collision;ddf_rowcount_bad
WA00291,ddf_name_collision;tail_sensitivity_lost_name_collision
WA00298,narrow_elevation_band;old_manifest_vintage;pre_centralization_no_aux;synthetic_prefix_audited_clean
WA00299,narrow_elevation_band;old_manifest_vintage;pre_centralization_no_aux;synthetic_cloud_unauditable
WA00300,narrow_elevation_band;old_manifest_vintage
WA00301,narrow_elevation_band;old_manifest_vintage;pre_centralization_no_aux;synthetic_cloud_unauditable
WA00303,ddf_name_collision;ddf_rowcount_bad;tail_sensitivity_lost_name_collision
WA00312,ddf_name_collision;ddf_rowcount_bad
WA00317,ddf_name_collision
WA00319,ddf_name_collision;ddf_rowcount_bad
WA00320,ddf_name_collision;ddf_rowcount_bad
WA00323,ddf_name_collision;ddf_rowcount_bad;tail_sensitivity_lost_name_collision
WA00331,narrow_elevation_band;old_manifest_vintage;pre_centralization_no_aux;synthetic_cloud_unauditable
WA00347,narrow_elevation_band;old_manifest_vintage;pre_centralization_no_aux;synthetic_cloud_unauditable
WA00353,ddf_name_collision;ddf_rowcount_bad;tail_sensitivity_lost_name_collision
WA00356,ddf_name_collision;ddf_rowcount_bad;tail_sensitivity_lost_name_collision
WA00367,ddf_name_collision;ddf_rowcount_bad
WA00368,ddf_name_collision;ddf_rowcount_bad
WA00372,ddf_name_collision;ddf_rowcount_bad
WA00390,ddf_name_collision;ddf_rowcount_bad;tail_sensitivity_lost_name_collision
WA00391,ddf_name_collision;ddf_rowcount_bad
WA00414,ddf_name_collision;ddf_rowcount_bad;tail_sensitivity_lost_name_collision
WA00494,ddf_name_collision;ddf_rowcount_bad;tail_sensitivity_lost_name_collision
WA00501,ddf_name_collision;ddf_rowcount_bad
WA00513,ddf_name_collision;ddf_rowcount_bad
WA00522,ddf_name_collision
WA00531,ddf_name_collision;ddf_rowcount_bad
WA00537,ddf_name_collision;ddf_rowcount_bad;tail_sensitivity_lost_name_collision
WA00550,ddf_name_collision;ddf_rowcount_bad
WA00555,ddf_name_collision;ddf_rowcount_bad
WA00604,narrow_elevation_band;old_manifest_vintage;pre_centralization_no_aux;synthetic_cloud_unauditable
WA00682,ddf_name_collision;ddf_rowcount_bad;tail_sensitivity_lost_name_collision
WA01010,ddf_name_collision;ddf_rowcount_bad
WA01064,ddf_name_collision;ddf_rowcount_bad
WA01135,ddf_name_collision;ddf_rowcount_bad;tail_sensitivity_lost_name_collision
WA01144,ddf_name_collision;tail_sensitivity_lost_name_collision
WA01149,ddf_name_collision;ddf_rowcount_bad
WA01204,ddf_name_collision;ddf_rowcount_bad
WA01314,ddf_name_collision;ddf_rowcount_bad
WA01506,ddf_name_collision;ddf_rowcount_bad
WA01520,ddf_name_collision;ddf_rowcount_bad
WA01533,ddf_name_collision;ddf_rowcount_bad
WA01719,ddf_name_collision;ddf_rowcount_bad
WA01919,ddf_name_collision;ddf_rowcount_bad
WA03056,ddf_name_collision;ddf_rowcount_bad;tail_sensitivity_lost_name_collision
WA83029,ddf_name_collision
WA83051,ddf_name_collision;ddf_rowcount_bad
WA83069,narrow_elevation_band;old_manifest_vintage;pre_centralization_no_aux;synthetic_prefix_audited_clean
WA83070,narrow_elevation_band;old_manifest_vintage;pre_centralization_no_aux;synthetic_cloud_unauditable
WI00001,ddf_name_collision;tail_sensitivity_lost_name_collision
WI00002,ddf_name_collision;ddf_rowcount_bad
WI00008,ddf_name_collision
WI00014,ddf_name_collision;tail_sensitivity_lost_name_collision
WI00018,ddf_name_collision;tail_sensitivity_lost_name_collision
WI00025,ddf_name_collision;tail_sensitivity_lost_name_collision
WI00036,ddf_name_collision;ddf_rowcount_bad;tail_sensitivity_lost_name_collision
WI00039,ddf_name_collision;ddf_rowcount_bad
WI00050,ddf_name_collision;ddf_rowcount_bad
WI00053,ddf_name_collision
WI00059,ddf_name_collision;ddf_rowcount_bad
WI00067,ddf_name_collision;ddf_rowcount_bad
WI00071,ddf_name_collision;ddf_rowcount_bad
WI00074,ddf_name_collision;ddf_rowcount_bad
WI00076,ddf_name_collision;tail_sensitivity_lost_name_collision
WI00082,ddf_name_collision;ddf_rowcount_bad
WI00085,ddf_name_collision
WI00088,ddf_name_collision;tail_sensitivity_lost_name_collision
WI00091,ddf_name_collision;ddf_rowcount_bad;tail_sensitivity_lost_name_collision
WI00093,ddf_name_collision
WI00094,ddf_name_collision;ddf_rowcount_bad
WI00097,ddf_name_collision;ddf_rowcount_bad;tail_sensitivity_lost_name_collision
WI00099,ddf_name_collision;tail_sensitivity_lost_name_collision
WI00100,ddf_name_collision;ddf_rowcount_bad;tail_sensitivity_lost_name_collision
WI00102,ddf_name_collision;tail_sensitivity_lost_name_collision
WI00111,ddf_name_collision;tail_sensitivity_lost_name_collision
WI00112,ddf_name_collision;ddf_rowcount_bad
WI00115,ddf_name_collision
WI00117,ddf_name_collision;ddf_rowcount_bad;tail_sensitivity_lost_name_collision
WI00123,ddf_name_collision;ddf_rowcount_bad
WI00132,ddf_name_collision;tail_sensitivity_lost_name_collision
WI00144,ddf_name_collision;ddf_rowcount_bad;tail_sensitivity_lost_name_collision
WI00164,ddf_name_collision;ddf_rowcount_bad
WI00175,ddf_name_collision;ddf_rowcount_bad;tail_sensitivity_lost_name_collision
WI00177,ddf_name_collision;ddf_rowcount_bad
WI00178,ddf_name_collision;ddf_rowcount_bad;tail_sensitivity_lost_name_collision
WI00183,ddf_name_collision;ddf_rowcount_bad
WI00191,ddf_name_collision;ddf_rowcount_bad
WI00201,ddf_name_collision
WI00206,ddf_name_collision
WI00209,ddf_name_collision
WI00218,ddf_name_collision;ddf_rowcount_bad
WI00221,ddf_name_collision
WI00226,ddf_name_collision
WI00239,ddf_name_collision;ddf_rowcount_bad
WI00243,ddf_name_collision;tail_sensitivity_lost_name_collision
WI00253,ddf_name_collision;ddf_rowcount_bad;tail_sensitivity_lost_name_collision
WI00264,ddf_name_collision;ddf_rowcount_bad
WI00267,ddf_name_collision;ddf_rowcount_bad
WI00268,ddf_name_collision;tail_sensitivity_lost_name_collision
WI00269,ddf_name_collision;ddf_rowcount_bad
WI00271,ddf_name_collision;tail_sensitivity_lost_name_collision
WI00278,ddf_name_collision;ddf_rowcount_bad
WI00282,ddf_name_collision;ddf_rowcount_bad;tail_sensitivity_lost_name_collision
WI00290,ddf_name_collision;ddf_rowcount_bad
WI00296,ddf_name_collision;tail_sensitivity_lost_name_collision
WI00299,ddf_name_collision;tail_sensitivity_lost_name_collision
WI00302,ddf_name_collision
WI00307,ddf_name_collision;ddf_rowcount_bad;tail_sensitivity_lost_name_collision
WI00325,ddf_name_collision;tail_sensitivity_lost_name_collision
WI00424,ddf_name_collision;ddf_rowcount_bad
WI00434,ddf_name_collision
WI00437,ddf_name_collision;ddf_rowcount_bad
WI00445,ddf_name_collision;ddf_rowcount_bad
WI00447,ddf_name_collision;ddf_rowcount_bad
WI00459,ddf_name_collision;ddf_rowcount_bad
WI00492,ddf_name_collision;ddf_rowcount_bad
WI00506,ddf_name_collision
WI00508,ddf_name_collision;ddf_rowcount_bad
WI00513,ddf_name_collision;ddf_rowcount_bad
WI00525,ddf_name_collision;ddf_rowcount_bad;tail_sensitivity_lost_name_collision
WI00555,ddf_name_collision;ddf_rowcount_bad
WI00563,ddf_name_collision;ddf_rowcount_bad;tail_sensitivity_lost_name_collision
WI00607,ddf_name_collision;ddf_rowcount_bad
WI00608,ddf_name_collision;ddf_rowcount_bad
WI00613,ddf_name_collision;ddf_rowcount_bad
WI00626,ddf_name_collision;tail_sensitivity_lost_name_collision
WI00632,ddf_name_collision;ddf_rowcount_bad
WI00635,ddf_name_collision;ddf_rowcount_bad
WI00638,ddf_name_collision;tail_sensitivity_lost_name_collision
WI00647,narrow_elevation_band;old_manifest_vintage;pre_centralization_no_aux;synthetic_cloud_unauditable
WI00651,ddf_name_collision
WI00652,ddf_name_collision;ddf_rowcount_bad
WI00660,ddf_name_collision;ddf_rowcount_bad;tail_sensitivity_lost_name_collision
WI00669,ddf_name_collision;tail_sensitivity_lost_name_collision
WI00678,ddf_name_collision;ddf_rowcount_bad
WI00685,ddf_name_collision;ddf_rowcount_bad
WI00688,ddf_name_collision;ddf_rowcount_bad
WI00694,ddf_name_collision;tail_sensitivity_lost_name_collision
WI00695,ddf_name_collision
WI00702,ddf_name_collision;ddf_rowcount_bad
WI00715,ddf_name_collision;ddf_rowcount_bad
WI00716,ddf_name_collision;ddf_rowcount_bad
WI00717,ddf_name_collision;ddf_rowcount_bad;tail_sensitivity_lost_name_collision
WI00721,ddf_name_collision;ddf_rowcount_bad
WI00722,ddf_name_collision;ddf_rowcount_bad
WI00723,ddf_name_collision;ddf_rowcount_bad
WI00727,narrow_elevation_band;old_manifest_vintage;pre_centralization_no_aux;synthetic_cloud_unauditable
WI00733,narrow_elevation_band;old_manifest_vintage;pre_centralization_no_aux;synthetic_cloud_unauditable
WI00735,ddf_name_collision;tail_sensitivity_lost_name_collision
WI00737,ddf_name_collision
WI00738,ddf_name_collision
WI00740,narrow_elevation_band;synthetic_cloud_unauditable
WI00741,ddf_name_collision;ddf_rowcount_bad
WI00746,ddf_name_collision;ddf_rowcount_bad
WI00748,ddf_name_collision;ddf_rowcount_bad;tail_sensitivity_lost_name_collision
WI00754,ddf_name_collision;ddf_rowcount_bad;tail_sensitivity_lost_name_collision
WI00774,ddf_name_collision;ddf_rowcount_bad
WI00775,ddf_name_collision;ddf_rowcount_bad;tail_sensitivity_lost_name_collision
WI00780,ddf_name_collision;tail_sensitivity_lost_name_collision
WI00786,ddf_name_collision;tail_sensitivity_lost_name_collision
WI00790,ddf_name_collision;tail_sensitivity_lost_name_collision
WI00799,ddf_name_collision;ddf_rowcount_bad
WI00808,ddf_name_collision;ddf_rowcount_bad;tail_sensitivity_lost_name_collision
WI00814,narrow_elevation_band;old_manifest_vintage;pre_centralization_no_aux;synthetic_cloud_unauditable
WI00822,ddf_name_collision;tail_sensitivity_lost_name_collision
WI00856,ddf_name_collision
WI00858,ddf_name_collision;ddf_rowcount_bad
WI00859,ddf_name_collision;ddf_rowcount_bad
WI00889,ddf_name_collision;ddf_rowcount_bad
WI00892,ddf_name_collision;tail_sensitivity_lost_name_collision
WI00893,ddf_name_collision;ddf_rowcount_bad
WI00916,ddf_name_collision;ddf_rowcount_bad
WI00931,ddf_name_collision;ddf_rowcount_bad
WI00947,ddf_name_collision;ddf_rowcount_bad
WI00955,ddf_name_collision;ddf_rowcount_bad
WI00983,ddf_name_collision;ddf_rowcount_bad
WI00989,ddf_name_collision;ddf_rowcount_bad
WI00991,ddf_name_collision;ddf_rowcount_bad
WI00992,ddf_name_collision;ddf_rowcount_bad
WI00993,ddf_name_collision;ddf_rowcount_bad
WI01011,ddf_name_collision
WI01014,ddf_name_collision;tail_sensitivity_lost_name_collision
WI01028,ddf_name_collision;tail_sensitivity_lost_name_collision
WI01050,ddf_name_collision;ddf_rowcount_bad
WI01056,ddf_name_collision;ddf_rowcount_bad
WI01073,ddf_name_collision;ddf_rowcount_bad
WI01100,ddf_name_collision;ddf_rowcount_bad;tail_sensitivity_lost_name_collision
WI01101,ddf_name_collision;ddf_rowcount_bad
WI01107,ddf_name_collision;ddf_rowcount_bad
WI01110,ddf_name_collision;ddf_rowcount_bad
WI01112,ddf_name_collision;ddf_rowcount_bad
WI01114,ddf_name_collision;tail_sensitivity_lost_name_collision
WI01115,ddf_name_collision
WI01141,ddf_name_collision;ddf_rowcount_bad
WI01143,ddf_name_collision;ddf_rowcount_bad
WI01148,ddf_name_collision;tail_sensitivity_lost_name_collision
WI01155,ddf_name_collision;ddf_rowcount_bad
WI01162,ddf_name_collision;ddf_rowcount_bad
WI01192,ddf_name_collision;ddf_rowcount_bad
WI01196,ddf_name_collision;ddf_rowcount_bad
WI01204,ddf_name_collision;ddf_rowcount_bad
WI01209,ddf_name_collision;ddf_rowcount_bad
WI05000,ddf_name_collision;ddf_rowcount_bad
WI05001,ddf_name_collision;tail_sensitivity_lost_name_collision
WI05002,ddf_name_collision;tail_sensitivity_lost_name_collision
WI05008,ddf_name_collision
WI05009,ddf_name_collision;ddf_rowcount_bad
WI05011,ddf_name_collision;tail_sensitivity_lost_name_collision
WI05012,ddf_name_collision;tail_sensitivity_lost_name_collision
WI05016,ddf_name_collision;tail_sensitivity_lost_name_collision
WI10456,ddf_name_collision;tail_sensitivity_lost_name_collision
WI10622,ddf_name_collision;ddf_rowcount_bad
WI10641,ddf_name_collision;ddf_rowcount_bad
WI10688,ddf_name_collision
WI10753,ddf_name_collision
WI12394,ddf_name_collision
WI12467,ddf_name_collision;ddf_rowcount_bad
WI12668,ddf_name_collision;ddf_rowcount_bad
WI12806,ddf_name_collision;ddf_rowcount_bad
WI12843,ddf_name_collision;ddf_rowcount_bad
WI82301,ddf_name_collision;ddf_rowcount_bad
WI82302,ddf_name_collision
WI83003,ddf_name_collision;tail_sensitivity_lost_name_collision
WI83004,ddf_name_collision;tail_sensitivity_lost_name_collision
WV00701,ddf_name_collision;ddf_rowcount_bad;narrow_elevation_band;old_manifest_vintage;pre_centralization_no_aux;synthetic_prefix_audited_clean
WV01104,ddf_name_collision;ddf_rowcount_bad
WV01107,ddf_name_collision;ddf_rowcount_bad
WV01701,ddf_name_collision;ddf_rowcount_bad
WV02505,ddf_name_collision;tail_sensitivity_lost_name_collision
WV02902,ddf_name_collision;ddf_rowcount_bad
WV02903,ddf_name_collision;ddf_rowcount_bad
WV02904,ddf_name_collision;ddf_rowcount_bad
WV03107,ddf_name_collision
WV03305,ddf_name_collision;tail_sensitivity_lost_name_collision
WV03306,ddf_name_collision;ddf_rowcount_bad
WV03327,ddf_name_collision;ddf_rowcount_bad
WV03926,ddf_name_collision;ddf_rowcount_bad
WV04114,narrow_elevation_band;old_manifest_vintage;pre_centralization_no_aux;synthetic_prefix_audited_clean
WV04917,ddf_name_collision;ddf_rowcount_bad
WV05301,narrow_elevation_band;old_manifest_vintage;pre_centralization_no_aux;synthetic_prefix_audited_clean
WV05302,narrow_elevation_band;old_manifest_vintage;pre_centralization_no_aux;synthetic_cloud_unauditable
WV05317,ddf_name_collision;ddf_rowcount_bad
WV05523,ddf_name_collision;ddf_rowcount_bad;tail_sensitivity_lost_name_collision
WV05526,ddf_name_collision;ddf_rowcount_bad
WV05731,ddf_name_collision;ddf_rowcount_bad
WV06118,ddf_name_collision
WV06120,ddf_name_collision;ddf_rowcount_bad
WV06128,ddf_name_collision;tail_sensitivity_lost_name_collision
WV06702,narrow_elevation_band;old_manifest_vintage;pre_centralization_no_aux;synthetic_cloud_unauditable
WV06908,narrow_elevation_band;old_manifest_vintage
WV07301,narrow_elevation_band;old_manifest_vintage;pre_centralization_no_aux;synthetic_prefix_audited_clean
WV07701,ddf_name_collision;ddf_rowcount_bad
WV07721,ddf_name_collision;ddf_rowcount_bad
WV07726,ddf_name_collision;ddf_rowcount_bad
WV07906,ddf_name_collision;ddf_rowcount_bad
WV08304,ddf_name_collision;ddf_rowcount_bad
WV08902,narrow_elevation_band;old_manifest_vintage;pre_centralization_no_aux;synthetic_cloud_unauditable
WV08904,ddf_name_collision;ddf_rowcount_bad
WV09101,narrow_elevation_band;old_manifest_vintage;pre_centralization_no_aux;synthetic_cloud_unauditable
WV10301,narrow_elevation_band;old_manifest_vintage
WV10701,ddf_name_collision;ddf_rowcount_bad;tail_sensitivity_lost_name_collision
WV10702,narrow_elevation_band;old_manifest_vintage;pre_centralization_no_aux;synthetic_prefix_audited_clean
WV10924,narrow_elevation_band;old_manifest_vintage;pre_centralization_no_aux;synthetic_prefix_audited_clean
WY00002,ddf_name_collision;ddf_rowcount_bad;tail_sensitivity_lost_name_collision
WY00005,narrow_elevation_band;old_manifest_vintage;pre_centralization_no_aux;synthetic_prefix_audited_clean
WY00008,ddf_name_collision;ddf_rowcount_bad;tail_sensitivity_lost_name_collision
WY00009,ddf_name_collision
WY00011,narrow_elevation_band;old_manifest_vintage
WY00015,narrow_elevation_band;old_manifest_vintage
WY00018,ddf_name_collision
WY00033,ddf_name_collision;tail_sensitivity_lost_name_collision
WY00039,ddf_name_collision;ddf_rowcount_bad
WY00047,ddf_name_collision
WY00058,ddf_name_collision;ddf_rowcount_bad
WY00065,ddf_name_collision;ddf_rowcount_bad;tail_sensitivity_lost_name_collision
WY00075,ddf_name_collision
WY00086,ddf_name_collision;ddf_rowcount_bad
WY00088,ddf_name_collision
WY00095,ddf_name_collision;ddf_rowcount_bad
WY00108,ddf_name_collision;ddf_rowcount_bad
WY00117,ddf_name_collision
WY00126,ddf_name_collision;ddf_rowcount_bad
WY00133,ddf_name_collision;ddf_rowcount_bad
WY00143,ddf_name_collision;ddf_rowcount_bad
WY00147,ddf_name_collision;tail_sensitivity_lost_name_collision
WY00149,ddf_name_collision;ddf_rowcount_bad
WY00154,ddf_name_collision;ddf_rowcount_bad;tail_sensitivity_lost_name_collision
WY00158,ddf_name_collision;ddf_rowcount_bad
WY00174,ddf_name_collision;ddf_rowcount_bad
WY00176,ddf_name_collision;ddf_rowcount_bad
WY00182,ddf_name_collision;ddf_rowcount_bad
WY00183,ddf_name_collision;ddf_rowcount_bad
WY00189,ddf_name_collision;ddf_rowcount_bad
WY00198,ddf_name_collision;ddf_rowcount_bad
WY00225,ddf_name_collision;ddf_rowcount_bad
WY00226,ddf_name_collision;tail_sensitivity_lost_name_collision
WY00235,ddf_name_collision;tail_sensitivity_lost_name_collision
WY00248,ddf_name_collision;ddf_rowcount_bad
WY00249,ddf_name_collision
WY00272,ddf_name_collision;ddf_rowcount_bad
WY00292,narrow_elevation_band;old_manifest_vintage;pre_centralization_no_aux;synthetic_prefix_audited_clean
WY00293,ddf_name_collision;ddf_rowcount_bad
WY00298,ddf_name_collision;ddf_rowcount_bad
WY00301,ddf_name_collision;ddf_rowcount_bad;tail_sensitivity_lost_name_collision
WY00315,ddf_name_collision;ddf_rowcount_bad
WY00316,ddf_name_collision;ddf_rowcount_bad
WY00323,ddf_name_collision;ddf_rowcount_bad
WY00325,ddf_name_collision
WY00327,ddf_name_collision;ddf_rowcount_bad
WY00335,ddf_name_collision;ddf_rowcount_bad
WY00353,ddf_name_collision;ddf_rowcount_bad
WY00374,ddf_name_collision;ddf_rowcount_bad
WY00383,ddf_name_collision;ddf_rowcount_bad
WY00384,ddf_name_collision;ddf_rowcount_bad
WY00386,ddf_name_collision;ddf_rowcount_bad
WY00390,ddf_name_collision;ddf_rowcount_bad
WY00392,ddf_name_collision
WY00400,ddf_name_collision;ddf_rowcount_bad
WY00401,ddf_name_collision;ddf_rowcount_bad
WY00402,ddf_name_collision;ddf_rowcount_bad
WY00406,ddf_name_collision
WY00408,ddf_name_collision;ddf_rowcount_bad;tail_sensitivity_lost_name_collision
WY00410,ddf_name_collision;ddf_rowcount_bad
WY00412,ddf_name_collision;ddf_rowcount_bad
WY00413,ddf_name_collision;tail_sensitivity_lost_name_collision
WY00419,ddf_name_collision;ddf_rowcount_bad
WY00426,ddf_name_collision;tail_sensitivity_lost_name_collision
WY00430,ddf_name_collision;ddf_rowcount_bad
WY00440,ddf_name_collision;ddf_rowcount_bad
WY00443,ddf_name_collision;ddf_rowcount_bad
WY00445,ddf_name_collision;ddf_rowcount_bad
WY00447,ddf_name_collision
WY00452,ddf_name_collision;ddf_rowcount_bad
WY00453,ddf_name_collision;ddf_rowcount_bad
WY00454,ddf_name_collision;ddf_rowcount_bad
WY00456,narrow_elevation_band;old_manifest_vintage;pre_centralization_no_aux;synthetic_prefix_audited_clean
WY00470,ddf_name_collision;ddf_rowcount_bad
WY00471,ddf_name_collision;ddf_rowcount_bad
WY00474,ddf_name_collision;ddf_rowcount_bad
WY00483,ddf_name_collision;ddf_rowcount_bad
WY00491,ddf_name_collision;ddf_rowcount_bad
WY00495,ddf_name_collision;ddf_rowcount_bad
WY00498,ddf_name_collision;ddf_rowcount_bad
WY00500,ddf_name_collision;ddf_rowcount_bad
WY00510,ddf_name_collision;ddf_rowcount_bad
WY00517,ddf_name_collision;ddf_rowcount_bad
WY00521,ddf_name_collision;ddf_rowcount_bad
WY00550,ddf_name_collision;ddf_rowcount_bad
WY00552,ddf_name_collision;ddf_rowcount_bad
WY00558,ddf_name_collision;ddf_rowcount_bad
WY00561,ddf_name_collision;ddf_rowcount_bad
WY00574,ddf_name_collision;ddf_rowcount_bad
WY00576,ddf_name_collision;ddf_rowcount_bad
WY00588,ddf_name_collision;ddf_rowcount_bad
WY00594,ddf_name_collision;ddf_rowcount_bad
WY00621,ddf_name_collision;ddf_rowcount_bad
WY00641,ddf_name_collision;tail_sensitivity_lost_name_collision
WY00646,ddf_name_collision;ddf_rowcount_bad
WY00651,ddf_name_collision;ddf_rowcount_bad;tail_sensitivity_lost_name_collision
WY00656,ddf_name_collision;ddf_rowcount_bad
WY00664,ddf_name_collision;ddf_rowcount_bad
WY00665,ddf_name_collision
WY00666,ddf_name_collision;ddf_rowcount_bad
WY00673,ddf_name_collision
WY00677,ddf_name_collision;ddf_rowcount_bad;tail_sensitivity_lost_name_collision
WY00705,ddf_name_collision;ddf_rowcount_bad
WY00707,ddf_name_collision;ddf_rowcount_bad
WY00708,ddf_name_collision;ddf_rowcount_bad
WY00709,ddf_name_collision;ddf_rowcount_bad
WY00710,ddf_name_collision;ddf_rowcount_bad
WY00717,ddf_name_collision;ddf_rowcount_bad
WY00718,ddf_name_collision;ddf_rowcount_bad
WY00722,ddf_name_collision;ddf_rowcount_bad
WY00724,ddf_name_collision;ddf_rowcount_bad
WY00729,ddf_name_collision
WY00733,ddf_name_collision
WY00734,ddf_name_collision
WY00743,ddf_name_collision;ddf_rowcount_bad
WY00752,ddf_name_collision;ddf_rowcount_bad
WY00762,ddf_name_collision;ddf_rowcount_bad
WY00763,ddf_name_collision;ddf_rowcount_bad
WY00768,ddf_name_collision;ddf_rowcount_bad
WY00780,ddf_name_collision;ddf_rowcount_bad
WY00781,ddf_name_collision;ddf_rowcount_bad
WY00782,ddf_name_collision;ddf_rowcount_bad
WY00783,ddf_name_collision;ddf_rowcount_bad
WY00785,ddf_name_collision;ddf_rowcount_bad
WY00788,ddf_name_collision;ddf_rowcount_bad
WY00789,ddf_name_collision;ddf_rowcount_bad
WY00792,ddf_name_collision;ddf_rowcount_bad
WY00798,ddf_name_collision;ddf_rowcount_bad
WY00803,ddf_name_collision;ddf_rowcount_bad
WY00807,ddf_name_collision;ddf_rowcount_bad
WY00811,ddf_name_collision;ddf_rowcount_bad
WY00814,ddf_name_collision;ddf_rowcount_bad
WY00820,ddf_name_collision;ddf_rowcount_bad
WY00866,ddf_name_collision;ddf_rowcount_bad
WY00886,ddf_name_collision;ddf_rowcount_bad
WY00887,ddf_name_collision;ddf_rowcount_bad
WY00897,ddf_name_collision;ddf_rowcount_bad
WY00899,ddf_name_collision;tail_sensitivity_lost_name_collision
WY00912,ddf_name_collision;ddf_rowcount_bad
WY00921,ddf_name_collision;ddf_rowcount_bad
WY00922,ddf_name_collision;ddf_rowcount_bad
WY00924,ddf_name_collision;tail_sensitivity_lost_name_collision
WY00927,ddf_name_collision;ddf_rowcount_bad
WY00929,ddf_name_collision;ddf_rowcount_bad
WY00931,ddf_name_collision;ddf_rowcount_bad
WY00933,ddf_name_collision
WY00959,ddf_name_collision
WY00965,ddf_name_collision;ddf_rowcount_bad
WY00971,ddf_name_collision;ddf_rowcount_bad
WY00985,ddf_name_collision;ddf_rowcount_bad
WY00991,ddf_name_collision;ddf_rowcount_bad
WY00995,ddf_name_collision;ddf_rowcount_bad
WY01005,ddf_name_collision;tail_sensitivity_lost_name_collision
WY01006,ddf_name_collision;ddf_rowcount_bad
WY01007,ddf_name_collision;ddf_rowcount_bad
WY01009,ddf_name_collision;ddf_rowcount_bad
WY01026,ddf_name_collision;ddf_rowcount_bad
WY01036,ddf_name_collision
WY01050,ddf_name_collision;ddf_rowcount_bad
WY01056,ddf_name_collision;ddf_rowcount_bad
WY01061,ddf_name_collision;ddf_rowcount_bad;tail_sensitivity_lost_name_collision
WY01065,ddf_name_collision;ddf_rowcount_bad
WY01067,ddf_name_collision;ddf_rowcount_bad
WY01073,ddf_name_collision;ddf_rowcount_bad
WY01077,ddf_name_collision;ddf_rowcount_bad;tail_sensitivity_lost_name_collision
WY01083,ddf_name_collision;ddf_rowcount_bad
WY01087,ddf_name_collision;ddf_rowcount_bad
WY01089,ddf_name_collision;tail_sensitivity_lost_name_collision
WY01100,ddf_name_collision;tail_sensitivity_lost_name_collision
WY01112,ddf_name_collision;tail_sensitivity_lost_name_collision
WY01121,ddf_name_collision;ddf_rowcount_bad
WY01123,ddf_name_collision
WY01138,ddf_name_collision;ddf_rowcount_bad
WY01141,ddf_name_collision
WY01142,ddf_name_collision;ddf_rowcount_bad;tail_sensitivity_lost_name_collision
WY01151,ddf_name_collision;ddf_rowcount_bad
WY01159,ddf_name_collision;ddf_rowcount_bad;tail_sensitivity_lost_name_collision
WY01192,ddf_name_collision;ddf_rowcount_bad;tail_sensitivity_lost_name_collision
WY01194,ddf_name_collision;ddf_rowcount_bad;tail_sensitivity_lost_name_collision
WY01195,ddf_name_collision;ddf_rowcount_bad;tail_sensitivity_lost_name_collision
WY01196,ddf_name_collision;tail_sensitivity_lost_name_collision
WY01202,ddf_name_collision;ddf_rowcount_bad;tail_sensitivity_lost_name_collision
WY01207,ddf_name_collision;ddf_rowcount_bad;tail_sensitivity_lost_name_collision
WY01208,ddf_name_collision;ddf_rowcount_bad;tail_sensitivity_lost_name_collision
WY01210,ddf_name_collision;ddf_rowcount_bad
WY01212,ddf_name_collision;ddf_rowcount_bad
WY01214,ddf_name_collision
WY01219,ddf_name_collision
WY01220,ddf_name_collision;ddf_rowcount_bad
WY01234,ddf_name_collision;ddf_rowcount_bad
WY01239,ddf_name_collision;ddf_rowcount_bad;tail_sensitivity_lost_name_collision
WY01251,ddf_name_collision;ddf_rowcount_bad
WY01252,ddf_name_collision;tail_sensitivity_lost_name_collision
WY01255,ddf_name_collision;ddf_rowcount_bad
WY01257,ddf_name_collision;ddf_rowcount_bad
WY01259,ddf_name_collision;ddf_rowcount_bad;tail_sensitivity_lost_name_collision
WY01281,ddf_name_collision
WY01290,narrow_elevation_band;old_manifest_vintage;pre_centralization_no_aux;synthetic_prefix_audited_clean
WY01291,ddf_name_collision;narrow_elevation_band;old_manifest_vintage;pre_centralization_no_aux;synthetic_cloud_unauditable
WY01295,ddf_name_collision;narrow_elevation_band;synthetic_cloud_unauditable
WY01296,ddf_name_collision;narrow_elevation_band;old_manifest_vintage;pre_centralization_no_aux;synthetic_cloud_unauditable;tail_sensitivity_lost_name_collision
WY01297,narrow_elevation_band;old_manifest_vintage;pre_centralization_no_aux;synthetic_cloud_unauditable
WY01299,narrow_elevation_band;old_manifest_vintage;pre_centralization_no_aux;synthetic_cloud_unauditable
WY01300,narrow_elevation_band;synthetic_cloud_unauditable
WY01316,ddf_name_collision;ddf_rowcount_bad
WY01324,ddf_name_collision;ddf_rowcount_bad
WY01357,ddf_name_collision;ddf_rowcount_bad
WY01377,ddf_name_collision;ddf_rowcount_bad
WY01378,narrow_elevation_band;old_manifest_vintage;pre_centralization_no_aux;synthetic_prefix_audited_clean
WY01380,narrow_elevation_band;old_manifest_vintage;pre_centralization_no_aux;synthetic_cloud_unauditable
WY01385,ddf_name_collision;narrow_elevation_band;old_manifest_vintage;pre_centralization_no_aux;synthetic_cloud_unauditable;tail_sensitivity_lost_name_collision
WY01389,narrow_elevation_band;old_manifest_vintage;pre_centralization_no_aux;synthetic_cloud_unauditable
WY01434,ddf_name_collision;ddf_rowcount_bad
WY01436,ddf_name_collision;ddf_rowcount_bad
WY01444,ddf_name_collision;ddf_rowcount_bad
WY01454,ddf_name_collision;ddf_rowcount_bad
WY01458,ddf_name_collision;ddf_rowcount_bad
WY01459,ddf_name_collision;ddf_rowcount_bad
WY01482,ddf_name_collision;tail_sensitivity_lost_name_collision
WY01485,ddf_name_collision;narrow_elevation_band;old_manifest_vintage;pre_centralization_no_aux;synthetic_cloud_unauditable;tail_sensitivity_lost_name_collision
WY01486,narrow_elevation_band;old_manifest_vintage;pre_centralization_no_aux;synthetic_cloud_unauditable
WY01487,narrow_elevation_band;old_manifest_vintage;pre_centralization_no_aux;synthetic_cloud_unauditable
WY01496,narrow_elevation_band;old_manifest_vintage;pre_centralization_no_aux;synthetic_prefix_audited_clean
WY01499,ddf_name_collision;ddf_rowcount_bad
WY01511,ddf_name_collision;ddf_rowcount_bad
WY01512,ddf_name_collision;ddf_rowcount_bad
WY01513,ddf_name_collision;ddf_rowcount_bad
WY01515,ddf_name_collision;ddf_rowcount_bad
WY01571,ddf_name_collision;ddf_rowcount_bad
WY01572,ddf_name_collision;ddf_rowcount_bad
WY01584,ddf_name_collision
WY01595,ddf_name_collision;ddf_rowcount_bad
WY01602,ddf_name_collision;ddf_rowcount_bad
WY01604,ddf_name_collision;ddf_rowcount_bad
WY01637,ddf_name_collision;ddf_rowcount_bad
WY01692,ddf_name_collision;ddf_rowcount_bad
WY01699,ddf_name_collision;ddf_rowcount_bad
WY01703,ddf_name_collision;ddf_rowcount_bad
WY01706,ddf_name_collision;ddf_rowcount_bad;tail_sensitivity_lost_name_collision
WY01714,ddf_name_collision;ddf_rowcount_bad
WY01740,ddf_name_collision;ddf_rowcount_bad
WY01764,ddf_name_collision;ddf_rowcount_bad
WY01811,ddf_name_collision;ddf_rowcount_bad
WY01859,ddf_name_collision;ddf_rowcount_bad
WY01860,ddf_name_collision;ddf_rowcount_bad
WY01930,ddf_name_collision;ddf_rowcount_bad
WY01965,ddf_name_collision;ddf_rowcount_bad
WY01978,ddf_name_collision;ddf_rowcount_bad
WY02028,ddf_name_collision;ddf_rowcount_bad
WY02061,ddf_name_collision;ddf_rowcount_bad
WY02075,ddf_name_collision;ddf_rowcount_bad
WY02084,ddf_name_collision;ddf_rowcount_bad
WY02096,ddf_name_collision;ddf_rowcount_bad
WY02104,ddf_name_collision;ddf_rowcount_bad;tail_sensitivity_lost_name_collision
WY02111,ddf_name_collision;tail_sensitivity_lost_name_collision
WY02229,ddf_name_collision;ddf_rowcount_bad
WY02230,ddf_name_collision;ddf_rowcount_bad
WY02231,ddf_name_collision;ddf_rowcount_bad
WY02232,ddf_name_collision;ddf_rowcount_bad
WY02237,ddf_name_collision;ddf_rowcount_bad;tail_sensitivity_lost_name_collision
WY02302,narrow_elevation_band;old_manifest_vintage;pre_centralization_no_aux;synthetic_prefix_audited_clean
WY02303,narrow_elevation_band;old_manifest_vintage;pre_centralization_no_aux;synthetic_prefix_audited_clean
WY02310,ddf_name_collision;ddf_rowcount_bad
WY02320,ddf_name_collision;ddf_rowcount_bad
WY02391,ddf_name_collision;ddf_rowcount_bad
WY02420,ddf_name_collision;ddf_rowcount_bad
WY02473,ddf_name_collision;ddf_rowcount_bad
WY02474,ddf_name_collision;ddf_rowcount_bad
WY02476,ddf_name_collision;ddf_rowcount_bad
WY02501,ddf_name_collision;ddf_rowcount_bad
WY02502,ddf_name_collision;ddf_rowcount_bad
WY82405,ddf_name_collision;ddf_rowcount_bad
WY82410,ddf_name_collision
WY83004,ddf_name_collision;tail_sensitivity_lost_name_collision
