"station_id","year","month","our_monthly_mm","ghcnm_mm","pct_diff","ghcnm_source_flag","ghcnm_qc_flag","reason"
"CA001012710",2010,3,0,0,NA,"D","S","noaa_institutional_flag"
"CA001012710",2010,4,0.4,0.4,NA,"D","S","noaa_institutional_flag"
"CA001017101",1996,11,0,0,NA,"D","S","noaa_institutional_flag"
"CA001017101",1996,12,0,0,NA,"D","S","noaa_institutional_flag"
"CA001017101",2002,4,0,0,NA,"D","S","noaa_institutional_flag"
"CA001017101",2006,3,0,0,NA,"D","S","noaa_institutional_flag"
"CA001017254",1997,1,0,0,NA,"D","S","noaa_institutional_flag"
"CA001063496",2005,1,0,0,NA,"S","S","noaa_institutional_flag"
"CA001063496",2005,2,0,0,NA,"S","S","noaa_institutional_flag"
"CA001063496",2005,3,0,0,NA,"S","S","noaa_institutional_flag"
"CA001063496",2005,4,0,0,NA,"S","S","noaa_institutional_flag"
"CA001063496",2005,5,0,0,NA,"S","S","noaa_institutional_flag"
"CA001063496",2005,6,0,0,NA,"S","S","noaa_institutional_flag"
"CA001063496",2011,9,0.8,0.8,NA,"D","T","noaa_institutional_flag"
"CA001063496",2013,3,0,0,NA,"D","T","noaa_institutional_flag"
"CA001063496",2013,5,0,0,NA,"D","T","noaa_institutional_flag"
"CA001101530",1906,12,16.3,16.3,NA,"D","S","noaa_institutional_flag"
"CA001105550",1896,12,8.9,8.9,NA,"D","S","noaa_institutional_flag"
"CA001106178",2009,8,0,0,NA,"D","S","noaa_institutional_flag"
"CA001106178",2009,9,0,0,NA,"D","S","noaa_institutional_flag"
"CA001106178",2013,4,0,0,NA,"D","S","noaa_institutional_flag"
"CA001113540",1936,11,0,0,NA,"D","S","noaa_institutional_flag"
"CA001122541",1999,2,1,1,NA,"D","S","noaa_institutional_flag"
"CA001123750",1943,10,15.7,15.7,NA,"D","S","noaa_institutional_flag"
"CA001125079",2013,1,6,6,NA,"D","S","noaa_institutional_flag"
"CA001125760",1955,6,0,0,NA,"D","S","noaa_institutional_flag"
"CA001125852",2009,8,61,61,NA,"D","S","noaa_institutional_flag"
"CA00112FN0M",1999,11,0.6,0.6,NA,"D","S","noaa_institutional_flag"
"CA00112FN0M",1999,12,0,0,NA,"D","S","noaa_institutional_flag"
"CA001143900",1915,11,25.4,25.4,NA,"D","S","noaa_institutional_flag"
"CA001143900",1916,3,15.3,15.3,NA,"D","S","noaa_institutional_flag"
"CA001143900",1917,4,50.8,50.8,NA,"D","S","noaa_institutional_flag"
"CA001144230",1944,9,0,0,NA,"D","S","noaa_institutional_flag"
"CA001144230",1946,4,0,0,NA,"D","S","noaa_institutional_flag"
"CA001144230",1946,9,0,0,NA,"D","S","noaa_institutional_flag"
"CA001144230",1948,8,19.1,19.1,NA,"D","S","noaa_institutional_flag"
"CA001147020",1957,5,12.7,12.7,NA,"D","S","noaa_institutional_flag"
"CA001148705",2003,4,0,0,NA,"D","S","noaa_institutional_flag"
"CA001148705",2006,11,0,0,NA,"D","S","noaa_institutional_flag"
"CA001148705",2006,3,0,0,NA,"S","S","noaa_institutional_flag"
"CA001148705",2012,5,0,0,NA,"D","S","noaa_institutional_flag"
"CA001148705",2012,6,4.6,4.6,NA,"D","S","noaa_institutional_flag"
"CA00114B1F0",2010,3,0,0,NA,"D","S","noaa_institutional_flag"
"CA001152090",1926,12,7.6,7.6,NA,"D","S","noaa_institutional_flag"
"CA001152090",1931,1,5.1,5.1,NA,"D","S","noaa_institutional_flag"
"CA001152090",1932,12,20.3,20.3,NA,"D","S","noaa_institutional_flag"
"CA001152090",1935,3,0,NA,NA,"D","S","noaa_institutional_flag"
"CA001152090",1936,1,20.3,20.3,NA,"D","S","noaa_institutional_flag"
"CA001153282",1970,1,12.7,12.7,NA,"D","S","noaa_institutional_flag"
"CA001153282",1976,2,12.4,12.4,NA,"D","S","noaa_institutional_flag"
"CA001155490",1917,2,10.2,10.2,NA,"D","S","noaa_institutional_flag"
"CA001203255",2005,3,1.6,1.6,NA,"D","S","noaa_institutional_flag"
"CA003031320",1973,11,0,0,NA,"D","S","noaa_institutional_flag"
"CA003031400",1998,4,55.9,55.9,NA,"D","S","noaa_institutional_flag"
"CA003032550",2009,6,0,0,NA,"D","S","noaa_institutional_flag"
"CA003033890",2008,3,0,0,NA,"D","S","noaa_institutional_flag"
"CA003034720",1952,8,17,17,NA,"D","S","noaa_institutional_flag"
"CA003035208",2007,2,0,0,NA,"D","S","noaa_institutional_flag"
"CA003040223",1990,6,6,6,NA,"D","S","noaa_institutional_flag"
"CA003042960",1949,10,10.9,10.9,NA,"D","S","noaa_institutional_flag"
"CA003044203",1982,5,0.8,0.8,NA,"S","T","noaa_institutional_flag"
"CA003044203",1984,7,28.7,28.7,NA,"S","S","noaa_institutional_flag"
"CA003046953",2000,8,0,0,NA,"D","S","noaa_institutional_flag"
"CA004012050",1997,4,3,3,NA,"D","S","noaa_institutional_flag"
"CA004012050",2000,11,1,1,NA,"D","S","noaa_institutional_flag"
"CA004012390",1923,3,0,0,NA,"D","S","noaa_institutional_flag"
"CA004012400",2021,5,0,0,NA,"S","S","noaa_institutional_flag"
"CA004012400",2021,6,0,0,NA,"S","S","noaa_institutional_flag"
"CA004015800",2006,9,0,0,NA,"D","S","noaa_institutional_flag"
"CA004018760",1925,8,0,0,NA,"D","S","noaa_institutional_flag"
"CA004020160",1989,7,5,5,NA,"D","S","noaa_institutional_flag"
"CA004021040",1979,2,18.2,18.2,NA,"D","S","noaa_institutional_flag"
"CA004024080",1912,5,5.1,5.1,NA,"D","S","noaa_institutional_flag"
"CA004024400",1979,6,0,0,NA,"D","S","noaa_institutional_flag"
"CA004026480",1979,2,0,0,NA,"D","S","noaa_institutional_flag"
"CA004026480",1982,7,54,54,NA,"D","S","noaa_institutional_flag"
"CA004032322",1999,1,0,0,NA,"D","S","noaa_institutional_flag"
"CA004034910",2017,7,22,22,NA,"D","S","noaa_institutional_flag"
"CA004038400",1963,5,3.3,3.3,NA,"D","S","noaa_institutional_flag"
"CA005010140",2014,3,0.5,0.5,NA,"D","S","noaa_institutional_flag"
"CA005010485",1893,4,2.5,2.5,NA,"D","S","noaa_institutional_flag"
"CA005010485",1902,3,5.1,5.1,NA,"D","S","noaa_institutional_flag"
"CA005011051",1988,12,12,12,NA,"D","S","noaa_institutional_flag"
"CA005012400",1969,9,15.2,15.2,NA,"D","S","noaa_institutional_flag"
"CA005012720",1947,1,0,0,NA,"D","S","noaa_institutional_flag"
"CA005012930",1904,4,5.1,5.1,NA,"D","S","noaa_institutional_flag"
"CA005012930",1904,8,27.9,27.9,NA,"D","S","noaa_institutional_flag"
"CA005012930",1909,2,10.2,10.2,NA,"D","S","noaa_institutional_flag"
"CA005020720",1987,8,2.6,2.6,NA,"D","S","noaa_institutional_flag"
"CA005020880",1997,6,0,0,NA,"D","S","noaa_institutional_flag"
"CA005021220",1997,1,0,0,NA,"D","S","noaa_institutional_flag"
"CA005021220",1997,3,0,0,NA,"D","S","noaa_institutional_flag"
"CA005021920",1930,2,40.6,40.6,NA,"D","S","noaa_institutional_flag"
"CA005022040",1977,6,71.7,71.7,NA,"D","S","noaa_institutional_flag"
"CA005022043",1971,12,1.5,1.5,NA,"D","S","noaa_institutional_flag"
"CA005022043",1990,3,7,7,NA,"D","S","noaa_institutional_flag"
"CA005022171",2002,4,20.8,20.8,NA,"D","S","noaa_institutional_flag"
"CA005022171",2007,9,2,2,NA,"D","S","noaa_institutional_flag"
"CA005022770",2002,3,0,0,NA,"D","S","noaa_institutional_flag"
"CA005023262",2010,12,0,0,NA,"D","S","noaa_institutional_flag"
"CA005023262",2011,1,0,0,NA,"D","S","noaa_institutional_flag"
"CA005032360",1980,2,0,0,NA,"D","S","noaa_institutional_flag"
"CA006022476",1988,3,9,9,NA,"D","S","noaa_institutional_flag"
"CA006022476",1993,10,7,7,NA,"D","S","noaa_institutional_flag"
"CA006034077",1987,2,19,19,NA,"D","S","noaa_institutional_flag"
"CA006034077",1989,4,1.6,1.6,NA,"D","S","noaa_institutional_flag"
"CA006042MJ7",1979,3,17.5,17.5,NA,"D","S","noaa_institutional_flag"
"CA006045711",1941,10,3.3,3.3,NA,"D","S","noaa_institutional_flag"
"CA006093004",1979,4,0,0,NA,"D","S","noaa_institutional_flag"
"CA006100969",1885,12,0,NA,NA,"D","T","noaa_institutional_flag"
"CA006104025",1939,7,0,0,NA,"D","S","noaa_institutional_flag"
"CA006131910",1920,11,22.4,22.4,NA,"D","S","noaa_institutional_flag"
"CA006133047",1910,1,7.6,7.6,NA,"D","S","noaa_institutional_flag"
"CA006133055",2005,8,1.5,1.5,NA,"D","S","noaa_institutional_flag"
"CA006134190",1974,8,20.3,20.3,NA,"D","S","noaa_institutional_flag"
"CA006134190",2019,2,4,4,NA,"D","S","noaa_institutional_flag"
"CA006134190",2020,1,34.6,34.6,NA,"D","S","noaa_institutional_flag"
"CA006134190",2022,3,9.4,9.4,NA,"D","S","noaa_institutional_flag"
"CA006134190",2023,11,6,6,NA,"D","S","noaa_institutional_flag"
"CA006136335",1892,3,44.5,44.5,NA,"D","S","noaa_institutional_flag"
"CA006136335",1904,12,2.5,2.5,NA,"D","S","noaa_institutional_flag"
"CA006136335",1904,8,4.1,4.1,NA,"D","S","noaa_institutional_flag"
"CA006136335",1905,9,20.6,20.6,NA,"D","S","noaa_institutional_flag"
"CA006136335",1910,6,55.9,55.9,NA,"D","S","noaa_institutional_flag"
"CA006136335",1912,12,14.2,14.2,NA,"D","S","noaa_institutional_flag"
"CA006136699",1995,1,0,0,NA,"D","S","noaa_institutional_flag"
"CA006136699",1995,2,0,0,NA,"D","S","noaa_institutional_flag"
"CA006136699",1995,3,0,0,NA,"D","S","noaa_institutional_flag"
"CA006136699",1999,1,0,0,NA,"D","S","noaa_institutional_flag"
"CA006136699",1999,2,0,0,NA,"D","S","noaa_institutional_flag"
"CA006151684",1995,1,0,0,NA,"D","S","noaa_institutional_flag"
"CA006151684",1995,2,0,0,NA,"D","S","noaa_institutional_flag"
"CA006151684",1995,3,0,0,NA,"D","S","noaa_institutional_flag"
"CA006151684",2000,12,0,0,NA,"D","S","noaa_institutional_flag"
"CA006151684",2001,12,0,0,NA,"D","S","noaa_institutional_flag"
"CA006151684",2002,1,0,0,NA,"D","S","noaa_institutional_flag"
"CA006151684",2002,2,0,0,NA,"D","S","noaa_institutional_flag"
"CA006151684",2002,3,0,0,NA,"D","S","noaa_institutional_flag"
"CA006151684",2010,10,0.6,0.6,NA,"D","T","noaa_institutional_flag"
"CA006156559",1995,1,0,0,NA,"D","S","noaa_institutional_flag"
"CA006156559",1995,2,0,0,NA,"D","S","noaa_institutional_flag"
"CA006156559",1995,3,0,0,NA,"D","S","noaa_institutional_flag"
"CA006156559",2000,4,0,0,NA,"D","S","noaa_institutional_flag"
"CA006158520",1979,3,0,NA,NA,"D","S","noaa_institutional_flag"
"CA006158764",1979,1,10,10,NA,"D","S","noaa_institutional_flag"
"CA007014290",1998,2,0,NA,NA,"D","S","noaa_institutional_flag"
"CA00701A9EC",1979,2,0,NA,NA,"D","S","noaa_institutional_flag"
"CA007020860",2020,11,0,NA,NA,"D","S","noaa_institutional_flag"
"CA007020860",2020,12,16,16,NA,"D","S","noaa_institutional_flag"
"CA007024000",1942,1,7.6,7.6,NA,"D","S","noaa_institutional_flag"
"CA007024280",2000,7,25.6,25.6,NA,"D","S","noaa_institutional_flag"
"CA007026700",1956,1,0,0,NA,"D","S","noaa_institutional_flag"
"CA007026700",1956,9,0,0,NA,"D","S","noaa_institutional_flag"
"CA007027283",1973,12,1.3,1.3,NA,"D","S","noaa_institutional_flag"
"CA007028676",1996,3,0,NA,NA,"D","S","noaa_institutional_flag"
"CA007032680",1961,2,0,NA,NA,"D","S","noaa_institutional_flag"
"CA007042395",2003,12,0,0,NA,"D","S","noaa_institutional_flag"
"CA008100100",1957,8,23.6,23.6,NA,"D","S","noaa_institutional_flag"
"CA008100850",1983,2,0,0,NA,"D","S","noaa_institutional_flag"
"CA008102275",2011,4,43,43,NA,"D","S","noaa_institutional_flag"
"CA008102275",2015,3,28,28,NA,"D","S","noaa_institutional_flag"
"CA008102300",1933,4,10.2,10.2,NA,"D","S","noaa_institutional_flag"
"CA008103256",1976,11,13.5,13.5,NA,"D","S","noaa_institutional_flag"
"CA008104700",1945,8,14,14,NA,"D","S","noaa_institutional_flag"
"CA008105551",1980,4,0,NA,NA,"D","S","noaa_institutional_flag"
"CA008200604",2007,8,0,0,NA,"D","T","noaa_institutional_flag"
"CA008200604",2008,5,0,0,NA,"D","S","noaa_institutional_flag"
"MXM00076040",2013,11,0.8,38,-97.9,"M","","independent_source_mismatch"
"MXM00076040",2014,9,0.5,15,-96.7,"M","","independent_source_mismatch"
"MXM00076040",2016,12,3.1,23,-86.5,"M","","independent_source_mismatch"
"MXM00076040",2016,4,1,21,-95.2,"M","","independent_source_mismatch"
"MXM00076040",2016,9,0,9,-100,"M","","independent_source_mismatch"
"MXM00076040",2017,1,0,10,-100,"M","","independent_source_mismatch"
"MXM00076040",2017,2,0,13,-100,"M","","independent_source_mismatch"
"MXM00076040",2019,12,2.1,9,-76.7,"M","","independent_source_mismatch"
"MXM00076040",2014,12,0,0,NA,"S","S","noaa_institutional_flag"
"MXM00076243",2009,11,8.9,11,-19.1,"M",NA,"independent_source_mismatch"
"MXM00076243",2009,12,17.1,207,-91.7,"M","TRUE","independent_source_mismatch"
"MXM00076243",2009,4,6.4,27,-76.3,"M",NA,"independent_source_mismatch"
"MXM00076243",2009,5,44.8,56,-20,"M",NA,"independent_source_mismatch"
"MXM00076243",2009,6,18.6,13,43.1,"M",NA,"independent_source_mismatch"
"MXM00076243",2009,9,18.3,157,-88.3,"M",NA,"independent_source_mismatch"
"MXM00076243",2010,3,4.4,13,-66.2,"M",NA,"independent_source_mismatch"
"MXM00076243",2010,5,1.8,162,-98.9,"M",NA,"independent_source_mismatch"
"MXM00076243",2010,6,11.9,37,-67.8,"M",NA,"independent_source_mismatch"
"MXM00076243",2011,10,22.6,114,-80.2,"M",NA,"independent_source_mismatch"
"MXM00076243",2011,11,3,35,-91.4,"M",NA,"independent_source_mismatch"
"MXM00076243",2011,6,0,24,-100,"M",NA,"independent_source_mismatch"
"MXM00076243",2012,1,0.8,70,-98.9,"M",NA,"independent_source_mismatch"
"MXM00076243",2012,2,0.8,34,-97.6,"M",NA,"independent_source_mismatch"
"MXM00076243",2012,3,23.9,63,-62.1,"M",NA,"independent_source_mismatch"
"MXM00076243",2012,5,42.4,140,-69.7,"M",NA,"independent_source_mismatch"
"MXM00076243",2012,9,16.8,38,-55.8,"M",NA,"independent_source_mismatch"
"MXM00076243",2013,1,20.1,34,-40.9,"M",NA,"independent_source_mismatch"
"MXM00076243",2013,10,0,95,-100,"M",NA,"independent_source_mismatch"
"MXM00076243",2013,11,21.3,31,-31.3,"M",NA,"independent_source_mismatch"
"MXM00076243",2013,6,199.9,550,-63.7,"M",NA,"independent_source_mismatch"
"MXM00076243",2014,10,2.3,8,-71.2,"M",NA,"independent_source_mismatch"
"MXM00076243",2014,11,30.5,107,-71.5,"M",NA,"independent_source_mismatch"
"MXM00076243",2014,12,2,11,-81.8,"M",NA,"independent_source_mismatch"
"MXM00076243",2014,2,14.7,12,22.5,"M",NA,"independent_source_mismatch"
"MXM00076243",2014,5,0,91,-100,"M",NA,"independent_source_mismatch"
"MXM00076243",2015,11,10.8,31,-65.2,"M",NA,"independent_source_mismatch"
"MXM00076243",2015,3,14.5,71,-79.6,"M",NA,"independent_source_mismatch"
"MXM00076243",2015,4,46.8,57,-17.9,"M",NA,"independent_source_mismatch"
"MXM00076243",2015,6,142.3,66,115.6,"M",NA,"independent_source_mismatch"
"MXM00076243",2016,1,0.3,25,-98.8,"M",NA,"independent_source_mismatch"
"MXM00076243",2016,11,3.6,91,-96,"M",NA,"independent_source_mismatch"
"MXM00076243",2016,12,34.9,73,-52.2,"M",NA,"independent_source_mismatch"
"MXM00076243",2016,2,0,8,-100,"M",NA,"independent_source_mismatch"
"MXM00076243",2016,3,35.1,73,-51.9,"M",NA,"independent_source_mismatch"
"MXM00076243",2016,4,25.5,49,-48,"M",NA,"independent_source_mismatch"
"MXM00076243",2016,5,30.8,66,-53.3,"M",NA,"independent_source_mismatch"
"MXM00076243",2016,6,2.3,18,-87.2,"M",NA,"independent_source_mismatch"
"MXM00076243",2016,8,72.1,85,-15.2,"M",NA,"independent_source_mismatch"
"MXM00076243",2016,9,9.1,121,-92.5,"M",NA,"independent_source_mismatch"
"MXM00076243",2017,12,29,3,866.7,"M",NA,"independent_source_mismatch"
"MXM00076243",2017,3,5.1,18,-71.7,"M",NA,"independent_source_mismatch"
"MXM00076243",2017,5,3.5,26,-86.5,"M",NA,"independent_source_mismatch"
"MXM00076243",2017,6,24.4,32,-23.7,"M",NA,"independent_source_mismatch"
"MXM00076243",2017,8,29.2,42,-30.5,"M",NA,"independent_source_mismatch"
"MXM00076243",2017,9,102.1,169,-39.6,"M",NA,"independent_source_mismatch"
"MXM00076243",2018,10,9.1,66,-86.2,"M",NA,"independent_source_mismatch"
"MXM00076243",2018,12,0.3,24,-98.8,"M",NA,"independent_source_mismatch"
"MXM00076243",2018,3,0,32,-100,"M",NA,"independent_source_mismatch"
"MXM00076243",2018,5,7.8,21,-62.9,"M",NA,"independent_source_mismatch"
"MXM00076243",2018,7,2.8,49,-94.3,"M",NA,"independent_source_mismatch"
"MXM00076243",2019,10,7.7,14,-45,"M",NA,"independent_source_mismatch"
"MXM00076243",2019,6,88.2,105,-16,"M",NA,"independent_source_mismatch"
"MXM00076243",2020,12,0.5,22,-97.7,"M",NA,"independent_source_mismatch"
"MXM00076243",2020,9,65.5,53,23.6,"M",NA,"independent_source_mismatch"
"MXM00076243",2021,11,8.4,11,-23.6,"M",NA,"independent_source_mismatch"
"MXM00076243",2021,5,74.4,125,-40.5,"M",NA,"independent_source_mismatch"
"MXM00076243",2021,7,102.2,144,-29,"M",NA,"independent_source_mismatch"
"MXM00076243",2022,1,0,8,-100,"M",NA,"independent_source_mismatch"
"MXM00076243",2022,11,18.6,27,-31.1,"M",NA,"independent_source_mismatch"
"MXM00076243",2022,2,0,10,-100,"M",NA,"independent_source_mismatch"
"MXM00076243",2022,4,0,55,-100,"M",NA,"independent_source_mismatch"
"MXM00076243",2022,5,44.5,65,-31.5,"M",NA,"independent_source_mismatch"
"MXM00076243",2022,7,0,80,-100,"M",NA,"independent_source_mismatch"
"MXM00076243",2022,9,0,42,-100,"M",NA,"independent_source_mismatch"
"MXM00076243",2023,1,2.1,9,-76.7,"M",NA,"independent_source_mismatch"
"MXM00076243",2023,10,5.3,351,-98.5,"M",NA,"independent_source_mismatch"
"MXM00076243",2023,11,16,49,-67.3,"M",NA,"independent_source_mismatch"
"MXM00076243",2023,3,7.4,11,-32.7,"M",NA,"independent_source_mismatch"
"MXM00076243",2023,6,26.7,18,48.3,"M",NA,"independent_source_mismatch"
"MXM00076243",2023,9,3.8,37,-89.7,"M",NA,"independent_source_mismatch"
"MXM00076243",2024,1,21.4,27,-20.7,"M",NA,"independent_source_mismatch"
"MXM00076243",2024,2,0.3,10,-97,"M",NA,"independent_source_mismatch"
"MXM00076243",2024,6,24.9,52,-52.1,"M",NA,"independent_source_mismatch"
"MXM00076243",2024,8,39.1,57,-31.4,"M",NA,"independent_source_mismatch"
"MXM00076243",2024,9,38.1,130,-70.7,"M",NA,"independent_source_mismatch"
"MXM00076243",2025,4,0,8,-100,"M",NA,"independent_source_mismatch"
"MXM00076243",2025,6,0,47,-100,"M",NA,"independent_source_mismatch"
"MXN00002003",1962,9,130.5,130.5,NA,"D","T","noaa_institutional_flag"
"MXN00002011",1978,1,0,0,NA,"D","S","noaa_institutional_flag"
"MXN00002014",1990,1,27.9,27.9,NA,"D","S","noaa_institutional_flag"
"MXN00002021",1998,3,0,0,NA,"D","S","noaa_institutional_flag"
"MXN00002024",2005,1,2.8,2.8,NA,"D","S","noaa_institutional_flag"
"MXN00002024",2005,3,0,0,NA,"D","S","noaa_institutional_flag"
"MXN00002030",1975,3,0,0,NA,"D","S","noaa_institutional_flag"
"MXN00002030",1976,9,0,0,NA,"D","T","noaa_institutional_flag"
"MXN00002030",1994,3,0,0,NA,"D","S","noaa_institutional_flag"
"MXN00002030",1998,4,0,0,NA,"D","S","noaa_institutional_flag"
"MXN00002030",2008,12,0,0,NA,"D","S","noaa_institutional_flag"
"MXN00002034",1933,1,192.6,192.6,NA,"D","T","noaa_institutional_flag"
"MXN00002036",1997,1,0,0,NA,"D","S","noaa_institutional_flag"
"MXN00002036",2010,12,0,0,NA,"D","S","noaa_institutional_flag"
"MXN00002036",2010,4,0,0,NA,"D","S","noaa_institutional_flag"
"MXN00002037",1998,12,185.9,185.9,NA,"D","S","noaa_institutional_flag"
"MXN00002057",1992,3,0,0,NA,"D","S","noaa_institutional_flag"
"MXN00002079",1992,3,0,0,NA,"D","S","noaa_institutional_flag"
"MXN00002079",1993,2,0,0,NA,"D","T","noaa_institutional_flag"
"MXN00002086",1992,2,0,0,NA,"D","T","noaa_institutional_flag"
"MXN00002086",2004,2,0,0,NA,"D","S","noaa_institutional_flag"
"MXN00002101",1976,6,206.9,206.9,NA,"D","S","noaa_institutional_flag"
"MXN00002101",1991,12,0,0,NA,"D","S","noaa_institutional_flag"
"MXN00002118",2002,5,154.1,154.1,NA,"D","S","noaa_institutional_flag"
"MXN00002154",2002,12,9.8,9.8,NA,"D","S","noaa_institutional_flag"
"MXN00005002",1959,4,209.5,209.5,NA,"D","T","noaa_institutional_flag"
"MXN00005002",2008,8,0.8,0.8,NA,"D","S","noaa_institutional_flag"
"MXN00005013",1992,1,0,0,NA,"D","S","noaa_institutional_flag"
"MXN00005013",2000,10,0,0,NA,"D","S","noaa_institutional_flag"
"MXN00005015",1960,10,0,0,NA,"D","S","noaa_institutional_flag"
"MXN00005015",1960,8,0,0,NA,"D","S","noaa_institutional_flag"
"MXN00005015",1971,7,0,0,NA,"D","S","noaa_institutional_flag"
"MXN00005023",2003,11,14,14,NA,"D","S","noaa_institutional_flag"
"MXN00005030",1946,8,774.9,774.9,NA,"D","T","noaa_institutional_flag"
"MXN00005030",1954,3,107.2,107.2,NA,"D","T","noaa_institutional_flag"
"MXN00005030",1958,2,249.3,249.3,NA,"D","T","noaa_institutional_flag"
"MXN00005030",2008,8,0.8,0.8,NA,"D","S","noaa_institutional_flag"
"MXN00005042",1946,6,0,0,NA,"D","S","noaa_institutional_flag"
"MXN00005042",1971,6,0,0,NA,"D","S","noaa_institutional_flag"
"MXN00005042",1976,7,0,0,NA,"D","S","noaa_institutional_flag"
"MXN00005043",1988,8,0,0,NA,"D","S","noaa_institutional_flag"
"MXN00005045",1990,9,1.2,1.2,NA,"D","T","noaa_institutional_flag"
"MXN00005045",2003,10,0.8,0.8,NA,"D","T","noaa_institutional_flag"
"MXN00005045",2003,9,1.7,1.7,NA,"D","T","noaa_institutional_flag"
"MXN00005045",2004,3,0.3,0.3,NA,"D","T","noaa_institutional_flag"
"MXN00005045",2004,4,0.8,0.8,NA,"D","T","noaa_institutional_flag"
"MXN00005068",1951,10,0,0,NA,"D","T","noaa_institutional_flag"
"MXN00005068",1954,1,0,0,NA,"D","S","noaa_institutional_flag"
"MXN00008006",1979,5,0,0,NA,"D","S","noaa_institutional_flag"
"MXN00008006",1981,8,0,0,NA,"D","S","noaa_institutional_flag"
"MXN00008006",1981,9,19.8,19.8,NA,"D","S","noaa_institutional_flag"
"MXN00008006",1982,12,0,0,NA,"D","S","noaa_institutional_flag"
"MXN00008006",1984,7,0,0,NA,"D","S","noaa_institutional_flag"
"MXN00008023",1984,6,0,0,NA,"D","T","noaa_institutional_flag"
"MXN00008046",1981,7,0,0,NA,"D","S","noaa_institutional_flag"
"MXN00008046",1981,9,0,0,NA,"D","S","noaa_institutional_flag"
"MXN00008046",1984,8,0,0,NA,"D","T","noaa_institutional_flag"
"MXN00008098",1961,12,21.4,21.4,NA,"D","S","noaa_institutional_flag"
"MXN00008213",1937,12,174.7,174.7,NA,"D","T","noaa_institutional_flag"
"MXN00008213",1938,2,104.1,104.1,NA,"D","T","noaa_institutional_flag"
"MXN00008213",1965,12,0.8,0.8,NA,"D","S","noaa_institutional_flag"
"MXN00019010",1998,5,34.8,34.8,NA,"D","S","noaa_institutional_flag"
"MXN00019022",1961,6,385,385,NA,"D","S","noaa_institutional_flag"
"MXN00019022",1961,7,413.4,413.4,NA,"D","S","noaa_institutional_flag"
"MXN00019024",1981,4,0,0,NA,"D","S","noaa_institutional_flag"
"MXN00019028",2008,7,0,0,NA,"D","S","noaa_institutional_flag"
"MXN00019036",2002,7,14,14,NA,"D","S","noaa_institutional_flag"
"MXN00019040",1954,10,0,0,NA,"D","T","noaa_institutional_flag"
"MXN00019040",1957,4,0,0,NA,"D","S","noaa_institutional_flag"
"MXN00019040",1976,11,0,0,NA,"D","S","noaa_institutional_flag"
"MXN00019040",1976,7,0,0,NA,"D","S","noaa_institutional_flag"
"MXN00019040",1978,10,0,0,NA,"D","S","noaa_institutional_flag"
"MXN00019040",1979,12,0,0,NA,"D","S","noaa_institutional_flag"
"MXN00019040",1979,9,0,0,NA,"D","S","noaa_institutional_flag"
"MXN00019040",1982,5,0,0,NA,"D","T","noaa_institutional_flag"
"MXN00019040",1984,1,0,0,NA,"D","S","noaa_institutional_flag"
"MXN00019062",1966,3,122.7,122.7,NA,"D","T","noaa_institutional_flag"
"MXN00019062",1969,10,219.9,219.9,NA,"D","T","noaa_institutional_flag"
"MXN00019062",1980,9,16.3,16.3,NA,"D","S","noaa_institutional_flag"
"MXN00019063",1957,3,151.1,151.1,NA,"D","T","noaa_institutional_flag"
"MXN00019063",1961,6,397.9,397.9,NA,"D","S","noaa_institutional_flag"
"MXN00019063",1961,7,455.9,455.9,NA,"D","S","noaa_institutional_flag"
"MXN00019063",1968,9,0,0,NA,"D","S","noaa_institutional_flag"
"MXN00019063",1973,6,0,0,NA,"D","S","noaa_institutional_flag"
"MXN00019096",1988,8,0,0,NA,"D","S","noaa_institutional_flag"
"MXN00019097",1980,11,0,0,NA,"D","T","noaa_institutional_flag"
"MXN00019097",1980,8,0,0,NA,"D","T","noaa_institutional_flag"
"MXN00019120",2002,10,0,0,NA,"D","S","noaa_institutional_flag"
"MXN00019120",2002,3,24.1,24.1,NA,"D","S","noaa_institutional_flag"
"MXN00019120",2002,7,0,0,NA,"D","S","noaa_institutional_flag"
"MXN00019120",2005,10,0,0,NA,"D","T","noaa_institutional_flag"
"MXN00019127",1986,5,0,0,NA,"D","S","noaa_institutional_flag"
"MXN00019172",1989,5,281.5,281.5,NA,"D","S","noaa_institutional_flag"
"MXN00019172",2008,7,0,0,NA,"D","S","noaa_institutional_flag"
"MXN00026013",1982,11,0,0,NA,"D","S","noaa_institutional_flag"
"MXN00026057",1936,7,0,0,NA,"D","S","noaa_institutional_flag"
"MXN00026057",1945,8,25.9,25.9,NA,"D","S","noaa_institutional_flag"
"MXN00026062",1992,1,6.9,6.9,NA,"D","S","noaa_institutional_flag"
"MXN00026076",1981,6,126.5,126.5,NA,"D","S","noaa_institutional_flag"
"MXN00026076",1981,8,118.5,118.5,NA,"D","S","noaa_institutional_flag"
"MXN00026089",1958,3,0,0,NA,"D","S","noaa_institutional_flag"
"MXN00026089",1982,7,13,13,NA,"D","S","noaa_institutional_flag"
"MXN00026089",2004,7,0,0,NA,"D","S","noaa_institutional_flag"
"MXN00026132",1923,11,0,0,NA,"D","S","noaa_institutional_flag"
"MXN00026132",1923,12,0,0,NA,"D","S","noaa_institutional_flag"
"MXN00026132",1945,1,264.2,264.2,NA,"D","T","noaa_institutional_flag"
"MXN00026164",2006,9,0,0,NA,"D","S","noaa_institutional_flag"
"MXN00026192",1977,7,7.1,7.1,NA,"D","S","noaa_institutional_flag"
"MXN00026192",1982,12,15.5,15.5,NA,"D","S","noaa_institutional_flag"
"MXN00026192",1983,8,4.6,4.6,NA,"D","S","noaa_institutional_flag"
"MXN00026227",2003,12,138.1,138.1,NA,"D","S","noaa_institutional_flag"
"MXN00028062",2003,9,0,0,NA,"D","S","noaa_institutional_flag"
"MXN00028202",1996,8,0,0,NA,"D","S","noaa_institutional_flag"
"MXN00028204",2003,8,0,0,NA,"D","T","noaa_institutional_flag"
"MXN00028204",2003,9,0,0,NA,"D","S","noaa_institutional_flag"
"RQC00660053",1992,12,0,0,NA,"D","S","noaa_institutional_flag"
"RQC00660152",1999,6,25.4,25.4,NA,"D","S","noaa_institutional_flag"
"RQC00660152",2006,4,0,0,NA,"D","S","noaa_institutional_flag"
"RQC00660152",2010,9,0,0,NA,"D","S","noaa_institutional_flag"
"RQC00660158",1912,3,20.3,20.3,NA,"D","S","noaa_institutional_flag"
"RQC00660158",1912,7,0,0,NA,"D","S","noaa_institutional_flag"
"RQC00660158",1912,8,48.3,48.3,NA,"D","S","noaa_institutional_flag"
"RQC00660410",1947,7,0,0,NA,"D","S","noaa_institutional_flag"
"RQC00661300",1909,11,0,0,NA,"D","S","noaa_institutional_flag"
"RQC00661300",1946,1,0,0,NA,"D","S","noaa_institutional_flag"
"RQC00661300",1947,2,0,0,NA,"D","S","noaa_institutional_flag"
"RQC00661300",1947,3,0,0,NA,"D","S","noaa_institutional_flag"
"RQC00661300",1947,4,0,0,NA,"D","S","noaa_institutional_flag"
"RQC00661300",1947,5,0,0,NA,"D","S","noaa_institutional_flag"
"RQC00661300",1947,6,0,0,NA,"D","S","noaa_institutional_flag"
"RQC00661309",1971,6,0,0,NA,"D","S","noaa_institutional_flag"
"RQC00661309",1971,7,5.8,5.8,NA,"D","S","noaa_institutional_flag"
"RQC00661309",1974,5,0,0,NA,"D","S","noaa_institutional_flag"
"RQC00661309",1974,6,0,0,NA,"D","S","noaa_institutional_flag"
"RQC00661309",1975,2,7.6,7.6,NA,"D","S","noaa_institutional_flag"
"RQC00661309",1975,3,36.8,36.8,NA,"D","S","noaa_institutional_flag"
"RQC00661345",1955,2,12.7,12.7,NA,"D","S","noaa_institutional_flag"
"RQC00661423",1958,4,0,0,NA,"D","S","noaa_institutional_flag"
"RQC00661423",1958,5,0,0,NA,"D","S","noaa_institutional_flag"
"RQC00661423",1958,6,0,0,NA,"D","S","noaa_institutional_flag"
"RQC00661423",1958,9,0,0,NA,"D","T","noaa_institutional_flag"
"RQC00661536",1993,8,17.3,17.3,NA,"D","S","noaa_institutional_flag"
"RQC00661623",1970,7,0,0,NA,"D","S","noaa_institutional_flag"
"RQC00661623",1980,3,0,0,NA,"D","S","noaa_institutional_flag"
"RQC00661623",1982,1,12.7,12.7,NA,"D","S","noaa_institutional_flag"
"RQC00661623",1983,7,27.7,27.7,NA,"D","S","noaa_institutional_flag"
"RQC00661623",1984,4,0,0,NA,"D","S","noaa_institutional_flag"
"RQC00661623",1984,7,55.1,55.1,NA,"D","S","noaa_institutional_flag"
"RQC00661623",1986,12,0,0,NA,"D","S","noaa_institutional_flag"
"RQC00662634",1905,3,94,94,NA,"D","S","noaa_institutional_flag"
"RQC00662634",1905,7,97.3,97.3,NA,"D","S","noaa_institutional_flag"
"RQC00662634",1927,5,0,0,NA,"D","S","noaa_institutional_flag"
"RQC00662634",1945,12,0,0,NA,"D","S","noaa_institutional_flag"
"RQC00662634",1958,2,17.8,17.8,NA,"D","S","noaa_institutional_flag"
"RQC00662801",1909,1,5.3,5.3,NA,"D","S","noaa_institutional_flag"
"RQC00663023",2021,2,0,0,NA,"D","S","noaa_institutional_flag"
"RQC00663145",1959,9,60.4,60.4,NA,"D","S","noaa_institutional_flag"
"RQC00663145",1975,7,53.9,53.9,NA,"D","S","noaa_institutional_flag"
"RQC00663532",2018,1,2.6,2.6,NA,"D","S","noaa_institutional_flag"
"RQC00664340",1993,2,0,0,NA,"D","S","noaa_institutional_flag"
"RQC00664340",1993,6,0,0,NA,"D","S","noaa_institutional_flag"
"RQC00664702",1913,7,0,0,NA,"D","S","noaa_institutional_flag"
"RQC00664702",1929,4,7.6,7.6,NA,"D","S","noaa_institutional_flag"
"RQC00664910",1945,10,0,0,NA,"D","S","noaa_institutional_flag"
"RQC00664910",1945,8,0,0,NA,"D","S","noaa_institutional_flag"
"RQC00664910",1945,9,0,0,NA,"D","S","noaa_institutional_flag"
"RQC00664911",1976,3,0,0,NA,"D","S","noaa_institutional_flag"
"RQC00664911",1978,1,0,0,NA,"D","S","noaa_institutional_flag"
"RQC00664911",1978,2,0,0,NA,"D","T","noaa_institutional_flag"
"RQC00665020",1947,1,6.1,6.1,NA,"D","S","noaa_institutional_flag"
"RQC00665020",2008,2,0,0,NA,"D","S","noaa_institutional_flag"
"RQC00665020",2011,2,0,0,NA,"D","S","noaa_institutional_flag"
"RQC00665064",1933,3,40.9,40.9,NA,"D","S","noaa_institutional_flag"
"RQC00665064",1937,2,3.8,3.8,NA,"D","S","noaa_institutional_flag"
"RQC00665064",1939,7,0,0,NA,"D","S","noaa_institutional_flag"
"RQC00665064",1945,10,0,0,NA,"D","T","noaa_institutional_flag"
"RQC00665064",1945,8,0,0,NA,"D","T","noaa_institutional_flag"
"RQC00665064",1945,9,0,0,NA,"D","T","noaa_institutional_flag"
"RQC00665097",1927,8,5.1,5.1,NA,"D","S","noaa_institutional_flag"
"RQC00665097",1947,7,0,NA,NA,"D","S","noaa_institutional_flag"
"RQC00665693",2019,11,50.8,50.8,NA,"D","S","noaa_institutional_flag"
"RQC00665693",2020,2,0,0,NA,"D","S","noaa_institutional_flag"
"RQC00665807",1944,4,3.8,3.8,NA,"D","S","noaa_institutional_flag"
"RQC00665807",1950,3,0,0,NA,"D","S","noaa_institutional_flag"
"RQC00666050",1930,3,27.9,27.9,NA,"D","S","noaa_institutional_flag"
"RQC00666050",1952,1,114.3,114.3,NA,"D","S","noaa_institutional_flag"
"RQC00666050",1952,2,0,0,NA,"D","S","noaa_institutional_flag"
"RQC00666050",1958,4,50.8,50.8,NA,"D","S","noaa_institutional_flag"
"RQC00666050",1963,3,28.4,28.4,NA,"D","S","noaa_institutional_flag"
"RQC00666050",1963,4,38.1,38.1,NA,"D","S","noaa_institutional_flag"
"RQC00666073",2012,10,1.6,1.6,NA,"D","T","noaa_institutional_flag"
"RQC00666073",2012,11,0,0,NA,"D","S","noaa_institutional_flag"
"RQC00666390",1984,1,0.5,0.5,NA,"D","S","noaa_institutional_flag"
"RQC00666900",1989,3,0,0,NA,"D","S","noaa_institutional_flag"
"RQC00666900",2001,6,0.8,0.8,NA,"D","S","noaa_institutional_flag"
"RQC00667292",1904,6,0,NA,NA,"D","S","noaa_institutional_flag"
"RQC00667292",1906,11,13,13,NA,"D","S","noaa_institutional_flag"
"RQC00667292",1908,4,17.8,17.8,NA,"D","S","noaa_institutional_flag"
"RQC00667292",1924,1,2.5,2.5,NA,"D","S","noaa_institutional_flag"
"RQC00667292",1927,6,0.5,0.5,NA,"D","S","noaa_institutional_flag"
"RQC00667292",1929,1,1.3,1.3,NA,"D","S","noaa_institutional_flag"
"RQC00667295",1973,7,0,0,NA,"D","S","noaa_institutional_flag"
"RQC00667295",1976,12,0,0,NA,"D","S","noaa_institutional_flag"
"RQC00667295",1976,4,1.3,1.3,NA,"D","S","noaa_institutional_flag"
"RQC00667295",1976,8,0,0,NA,"D","S","noaa_institutional_flag"
"RQC00667295",1978,3,14.2,14.2,NA,"D","S","noaa_institutional_flag"
"RQC00667295",1978,5,0,0,NA,"D","S","noaa_institutional_flag"
"RQC00667295",1978,7,2.5,2.5,NA,"D","S","noaa_institutional_flag"
"RQC00667295",1978,9,2.5,2.5,NA,"D","S","noaa_institutional_flag"
"RQC00667295",1979,3,0,0,NA,"D","S","noaa_institutional_flag"
"RQC00667295",1996,11,0,0,NA,"D","S","noaa_institutional_flag"
"RQC00667295",1997,8,0,0,NA,"D","S","noaa_institutional_flag"
"RQC00667492",1976,2,0,0,NA,"D","S","noaa_institutional_flag"
"RQC00668126",1988,11,0,0,NA,"D","S","noaa_institutional_flag"
"RQC00668126",1993,10,45,45,NA,"D","S","noaa_institutional_flag"
"RQC00668126",2008,1,0,0,NA,"D","S","noaa_institutional_flag"
"RQC00668126",2008,12,0,0,NA,"D","S","noaa_institutional_flag"
"RQC00668126",2009,5,0,0,NA,"D","S","noaa_institutional_flag"
"RQC00668126",2011,3,14.2,14.2,NA,"D","S","noaa_institutional_flag"
"RQC00668126",2017,2,4.3,4.3,NA,"D","S","noaa_institutional_flag"
"RQC00668757",1905,5,43.7,43.7,NA,"D","S","noaa_institutional_flag"
"RQC00668757",1905,6,73.7,73.7,NA,"D","S","noaa_institutional_flag"
"RQC00668757",1963,6,0,0,NA,"D","S","noaa_institutional_flag"
"RQC00668757",1967,7,0,0,NA,"D","S","noaa_institutional_flag"
"RQC00668815",1970,3,10.9,10.9,NA,"D","S","noaa_institutional_flag"
"RQC00668940",2003,3,55.9,55.9,NA,"D","S","noaa_institutional_flag"
"RQC00668940",2010,1,0,0,NA,"D","S","noaa_institutional_flag"
"RQC00668955",1983,6,0,0,NA,"D","S","noaa_institutional_flag"
"RQC00668955",2003,12,67.3,67.3,NA,"D","S","noaa_institutional_flag"
"RQC00668955",2004,7,59.7,59.7,NA,"D","S","noaa_institutional_flag"
"RQC00668955",2006,3,22.9,22.9,NA,"D","S","noaa_institutional_flag"
"RQC00669521",1958,11,0,0,NA,"D","S","noaa_institutional_flag"
"RQC00669521",1959,4,0,0,NA,"D","S","noaa_institutional_flag"
"RQC00669521",1960,2,0,0,NA,"D","S","noaa_institutional_flag"
"RQC00669521",2026,6,0,0,NA,"D","S","noaa_institutional_flag"
"RQC00669763",1973,12,2.5,2.5,NA,"D","S","noaa_institutional_flag"
"RQW00011630",2025,3,0.8,0.8,NA,"D","S","noaa_institutional_flag"
"RQW00011630",2025,4,0,0,NA,"D","S","noaa_institutional_flag"
"RQW00011630",2025,5,0,0,NA,"D","S","noaa_institutional_flag"
"RQW00011630",2025,6,0,0,NA,"D","S","noaa_institutional_flag"
"RQW00011631",1916,5,11.4,11.4,NA,"D","S","noaa_institutional_flag"
"US10boon005",2011,3,0,NA,NA,"D","S","noaa_institutional_flag"
"US10ceda009",2008,12,6.4,6.4,NA,"D","S","noaa_institutional_flag"
"US10ceda009",2009,12,2.5,2.5,NA,"D","S","noaa_institutional_flag"
"US10ceda009",2022,12,19.6,19.6,NA,"D","S","noaa_institutional_flag"
"US10ceda009",2025,9,22.9,22.9,NA,"D","S","noaa_institutional_flag"
"US10cher005",2019,11,0,0,NA,"D","S","noaa_institutional_flag"
"US10chey010",2026,4,0,0,NA,"D","S","noaa_institutional_flag"
"US10clay009",2006,5,13.7,13.7,NA,"D","S","noaa_institutional_flag"
"US10daws010",2009,12,0,0,NA,"D","S","noaa_institutional_flag"
"US10daws011",2007,12,3.8,3.8,NA,"D","S","noaa_institutional_flag"
"US10daws011",2009,12,0,NA,NA,"D","S","noaa_institutional_flag"
"US10deue015",2023,1,0,0,NA,"D","S","noaa_institutional_flag"
"US10furn008",2008,7,22.9,22.9,NA,"D","S","noaa_institutional_flag"
"US10furn008",2008,8,0,0,NA,"D","S","noaa_institutional_flag"
"US10furn008",2009,5,0,0,NA,"D","S","noaa_institutional_flag"
"US10furn008",2011,3,3.8,3.8,NA,"D","S","noaa_institutional_flag"
"US10gree007",2018,3,0,0,NA,"D","S","noaa_institutional_flag"
"US10hall016",2009,12,0,0,NA,"D","S","noaa_institutional_flag"
"US10hall016",2010,2,0,0,NA,"D","S","noaa_institutional_flag"
"US10hall016",2011,3,0,0,NA,"D","S","noaa_institutional_flag"
"US10hall016",2014,12,0,0,NA,"D","S","noaa_institutional_flag"
"US10hall016",2019,2,0,0,NA,"D","S","noaa_institutional_flag"
"US10harl004",2018,4,0,0,NA,"D","S","noaa_institutional_flag"
"US10harl004",2021,2,0,0,NA,"D","S","noaa_institutional_flag"
"US10jeff012",2020,3,0,0,NA,"D","S","noaa_institutional_flag"
"US10john001",2023,8,0,NA,NA,"D","S","noaa_institutional_flag"
"US10lanc013",2010,1,0,0,NA,"D","S","noaa_institutional_flag"
"US10lanc013",2010,2,25.4,25.4,NA,"D","S","noaa_institutional_flag"
"US10lanc013",2014,12,19.6,19.6,NA,"D","S","noaa_institutional_flag"
"US10lanc013",2014,2,0,0,NA,"D","S","noaa_institutional_flag"
"US10lanc013",2018,2,0,0,NA,"D","S","noaa_institutional_flag"
"US10lanc013",2020,1,0,0,NA,"D","S","noaa_institutional_flag"
"US10merr006",2009,1,0,0,NA,"D","S","noaa_institutional_flag"
"US10merr006",2009,12,11.7,11.7,NA,"D","S","noaa_institutional_flag"
"US10merr006",2010,2,0,0,NA,"D","S","noaa_institutional_flag"
"US10merr006",2012,2,15.5,15.5,NA,"D","S","noaa_institutional_flag"
"US10otoe007",2021,2,0,0,NA,"D","S","noaa_institutional_flag"
"US10pawn007",2018,5,0,0,NA,"D","S","noaa_institutional_flag"
"US10pawn007",2022,3,0,0,NA,"D","S","noaa_institutional_flag"
"US10perk014",2006,3,0,NA,NA,"D","S","noaa_institutional_flag"
"US10perk014",2007,6,65,65,NA,"D","S","noaa_institutional_flag"
"US10sarp016",2009,12,0,NA,NA,"D","S","noaa_institutional_flag"
"US10scot005",2014,7,2.5,2.5,NA,"D","S","noaa_institutional_flag"
"US10shem008",2007,12,9.4,9.4,NA,"D","S","noaa_institutional_flag"
"US10thay008",2006,3,3.8,3.8,NA,"D","S","noaa_institutional_flag"
"US10wash001",2007,12,0,0,NA,"D","S","noaa_institutional_flag"
"US10wash001",2009,1,0,0,NA,"D","S","noaa_institutional_flag"
"US10wash001",2012,2,20.3,20.3,NA,"D","S","noaa_institutional_flag"
"US10wash001",2014,3,0,0,NA,"D","S","noaa_institutional_flag"
"US10york017",2006,3,0,0,NA,"D","S","noaa_institutional_flag"
"US1COGF0046",2007,10,0,0,NA,"D","S","noaa_institutional_flag"
"US1COGF0046",2007,8,0,0,NA,"D","S","noaa_institutional_flag"
"US1COGF0046",2007,9,0,0,NA,"D","S","noaa_institutional_flag"
"US1COGF0046",2010,4,0,0,NA,"D","S","noaa_institutional_flag"
"US1COGF0046",2015,10,12.7,12.7,NA,"D","S","noaa_institutional_flag"
"US1COGF0046",2018,11,10.4,10.4,NA,"D","S","noaa_institutional_flag"
"US1COGF0046",2019,1,0,0,NA,"D","S","noaa_institutional_flag"
"US1COGF0046",2019,10,0,0,NA,"D","S","noaa_institutional_flag"
"US1COGF0046",2020,12,11.7,11.7,NA,"D","S","noaa_institutional_flag"
"US1COGF0046",2020,3,0,0,NA,"D","S","noaa_institutional_flag"
"US1COGF0046",2021,1,0,0,NA,"D","S","noaa_institutional_flag"
"US1COGF0046",2021,2,0,0,NA,"D","S","noaa_institutional_flag"
"US1COGF0046",2022,7,0.8,0.8,NA,"D","S","noaa_institutional_flag"
"US1COGF0046",2023,1,29.4,29.4,NA,"D","S","noaa_institutional_flag"
"US1COGF0046",2023,11,0,0,NA,"D","S","noaa_institutional_flag"
"US1COGF0046",2023,12,0,0,NA,"D","S","noaa_institutional_flag"
"US1COGF0046",2023,2,0,0,NA,"D","S","noaa_institutional_flag"
"US1COGF0046",2023,3,36.3,36.3,NA,"D","S","noaa_institutional_flag"
"US1COGF0046",2024,1,0,0,NA,"D","S","noaa_institutional_flag"
"US1COGF0046",2024,12,0,0,NA,"D","S","noaa_institutional_flag"
"US1COGF0046",2024,2,15.7,15.7,NA,"D","S","noaa_institutional_flag"
"US1COGF0046",2024,3,0,0,NA,"D","S","noaa_institutional_flag"
"US1COGF0046",2024,4,0,0,NA,"D","S","noaa_institutional_flag"
"US1COGF0046",2025,3,6.1,6.1,NA,"D","S","noaa_institutional_flag"
"US1COLR0225",2018,2,9.9,9.9,NA,"D","S","noaa_institutional_flag"
"US1COLR0225",2019,10,22.6,22.6,NA,"D","S","noaa_institutional_flag"
"US1COLR0225",2019,11,0,0,NA,"D","S","noaa_institutional_flag"
"US1COLR0225",2020,4,0,0,NA,"D","S","noaa_institutional_flag"
"US1COLR0341",2023,3,0,NA,NA,"D","S","noaa_institutional_flag"
"US1FLHL0012",2018,12,0.5,0.5,NA,"D","S","noaa_institutional_flag"
"US1IACS0005",2018,2,0,0,NA,"D","S","noaa_institutional_flag"
"US1INGB0013",2014,1,76.2,76.2,NA,"D","S","noaa_institutional_flag"
"US1INWH0002",2012,3,5.1,5.1,NA,"D","S","noaa_institutional_flag"
"US1INWH0002",2012,4,7.6,7.6,NA,"D","S","noaa_institutional_flag"
"US1KSOS0008",2019,2,0,0,NA,"D","S","noaa_institutional_flag"
"US1KSOS0008",2021,1,28.7,28.7,NA,"D","S","noaa_institutional_flag"
"US1KSPR0004",2025,10,0,0,NA,"D","S","noaa_institutional_flag"
"US1MOFSA035",2025,2,0,0,NA,"D","S","noaa_institutional_flag"
"US1MOFSA073",2024,1,0,0,NA,"D","S","noaa_institutional_flag"
"US1MOFSA073",2024,7,72.4,72.4,NA,"D","S","noaa_institutional_flag"
"US1MOFSA073",2024,9,0,0,NA,"D","S","noaa_institutional_flag"
"US1MOFSA081",2019,11,1.5,1.5,NA,"D","S","noaa_institutional_flag"
"US1MOFSA181",2024,7,0,0,NA,"D","S","noaa_institutional_flag"
"US1MOFSA186",2020,3,3.8,3.8,NA,"D","S","noaa_institutional_flag"
"US1MORN0004",2008,2,0,0,NA,"D","S","noaa_institutional_flag"
"US1MOWT0014",2021,2,34.8,34.8,NA,"D","S","noaa_institutional_flag"
"US1MTSN0001",2016,3,0,0,NA,"D","S","noaa_institutional_flag"
"US1MTSN0001",2018,12,4.1,4.1,NA,"D","S","noaa_institutional_flag"
"US1MTSN0001",2018,3,0,0,NA,"D","S","noaa_institutional_flag"
"US1MTSN0001",2020,12,2.8,2.8,NA,"D","S","noaa_institutional_flag"
"US1MTSN0001",2023,2,11.4,11.4,NA,"D","S","noaa_institutional_flag"
"US1MTSN0001",2023,4,1,1,NA,"D","S","noaa_institutional_flag"
"US1MTSN0001",2025,4,4.3,4.3,NA,"D","S","noaa_institutional_flag"
"US1MTSN0001",2026,1,2.3,2.3,NA,"D","S","noaa_institutional_flag"
"US1NYBM0007",2007,6,23.1,23.1,NA,"D","S","noaa_institutional_flag"
"US1NYCM0006",2006,1,24.4,24.4,NA,"D","S","noaa_institutional_flag"
"US1NYCM0006",2006,2,10.9,10.9,NA,"D","S","noaa_institutional_flag"
"US1NYCM0007",2004,3,22.4,22.4,NA,"D","S","noaa_institutional_flag"
"US1NYCR0001",2006,7,2.5,2.5,NA,"D","S","noaa_institutional_flag"
"US1NYNG0011",2011,10,0,0,NA,"D","S","noaa_institutional_flag"
"US1NYNG0011",2011,11,0,0,NA,"D","S","noaa_institutional_flag"
"US1NYNG0011",2011,12,7.6,7.6,NA,"D","S","noaa_institutional_flag"
"US1NYOG0010",2005,8,76.2,76.2,NA,"D","S","noaa_institutional_flag"
"US1NYOG0010",2005,9,25.4,25.4,NA,"D","S","noaa_institutional_flag"
"US1NYTG0008",2006,5,22.6,22.6,NA,"D","S","noaa_institutional_flag"
"US1PAMT0006",2007,2,8.1,8.1,NA,"D","S","noaa_institutional_flag"
"US1SDGY0003",2010,2,3.8,3.8,NA,"D","S","noaa_institutional_flag"
"US1SDGY0003",2011,3,0,0,NA,"D","S","noaa_institutional_flag"
"US1TXBST140",2021,3,0,0,NA,"D","S","noaa_institutional_flag"
"US1TXBST140",2021,6,70.4,70.4,NA,"D","S","noaa_institutional_flag"
"US1TXCMR001",2022,2,0.5,0.5,NA,"D","S","noaa_institutional_flag"
"US1TXDW0007",2013,10,6.4,6.4,NA,"D","S","noaa_institutional_flag"
"US1TXDW0007",2016,12,53.1,53.1,NA,"D","S","noaa_institutional_flag"
"US1TXEL0023",2015,1,34.5,34.5,NA,"D","S","noaa_institutional_flag"
"US1TXGP0017",2013,12,0,NA,NA,"D","S","noaa_institutional_flag"
"US1TXHDD002",2020,2,0,0,NA,"D","S","noaa_institutional_flag"
"US1TXHDD002",2020,4,0,0,NA,"D","S","noaa_institutional_flag"
"US1TXJW0003",2011,12,0,0,NA,"D","S","noaa_institutional_flag"
"US1TXKN0022",2009,4,8.4,8.4,NA,"D","S","noaa_institutional_flag"
"US1TXWM0001",2019,11,20.6,20.6,NA,"D","S","noaa_institutional_flag"
"US1WIDD0003",2008,12,45,45,NA,"D","S","noaa_institutional_flag"
"US1WIDD0003",2010,12,14.5,14.5,NA,"D","S","noaa_institutional_flag"
"US1WIDD0003",2014,2,11.7,11.7,NA,"D","S","noaa_institutional_flag"
"US1WYPK0007",2010,1,6.8,6.8,NA,"D","S","noaa_institutional_flag"
"US1WYWH0002",2007,12,0,0,NA,"D","S","noaa_institutional_flag"
"USC00010063",2001,1,36.1,36.1,NA,"D","S","noaa_institutional_flag"
"USC00010063",2023,7,73.7,73.7,NA,"D","S","noaa_institutional_flag"
"USC00010267",1948,7,0,0,NA,"D","S","noaa_institutional_flag"
"USC00011143",2007,4,38.1,38.1,NA,"D","S","noaa_institutional_flag"
"USC00011377",2006,9,0,0,NA,"D","S","noaa_institutional_flag"
"USC00011377",2008,4,0,0,NA,"D","S","noaa_institutional_flag"
"USC00011694",2016,8,0,0,NA,"D","S","noaa_institutional_flag"
"USC00011940",1911,9,0,NA,NA,"D","S","noaa_institutional_flag"
"USC00011940",1934,11,48.3,48.3,NA,"D","S","noaa_institutional_flag"
"USC00012124",2009,4,44.2,44.2,NA,"D","S","noaa_institutional_flag"
"USC00012577",2010,8,0,0,NA,"D","S","noaa_institutional_flag"
"USC00012675",2009,4,0,0,NA,"D","T","noaa_institutional_flag"
"USC00012675",2010,2,0,0,NA,"D","S","noaa_institutional_flag"
"USC00012730",2007,1,0,0,NA,"D","S","noaa_institutional_flag"
"USC00012730",2016,9,0,0,NA,"D","S","noaa_institutional_flag"
"USC00012730",2021,9,0,0,NA,"D","S","noaa_institutional_flag"
"USC00013035",1941,11,43.2,43.2,NA,"D","S","noaa_institutional_flag"
"USC00013255",1952,12,0,0,NA,"D","S","noaa_institutional_flag"
"USC00015397",2007,2,51.1,51.1,NA,"D","S","noaa_institutional_flag"
"USC00015397",2009,11,0,0,NA,"D","T","noaa_institutional_flag"
"USC00015397",2012,8,26.4,26.4,NA,"D","S","noaa_institutional_flag"
"USC00015427",1941,1,38.1,38.1,NA,"D","S","noaa_institutional_flag"
"USC00015435",2016,6,0,0,NA,"D","T","noaa_institutional_flag"
"USC00015435",2023,12,0,0,NA,"D","S","noaa_institutional_flag"
"USC00015439",2016,6,0,0,NA,"D","S","noaa_institutional_flag"
"USC00015439",2016,8,0,0,NA,"D","S","noaa_institutional_flag"
"USC00016121",1897,2,88.9,88.9,NA,"D","S","noaa_institutional_flag"
"USC00016121",2010,4,0,0,NA,"D","S","noaa_institutional_flag"
"USC00016218",1913,6,22.9,22.9,NA,"D","S","noaa_institutional_flag"
"USC00016246",2016,5,0,0,NA,"D","S","noaa_institutional_flag"
"USC00016246",2016,6,0,0,NA,"D","S","noaa_institutional_flag"
"USC00016246",2016,8,0,0,NA,"D","S","noaa_institutional_flag"
"USC00016460",1954,5,20.3,20.3,NA,"D","S","noaa_institutional_flag"
"USC00016478",2012,5,5.3,5.3,NA,"D","S","noaa_institutional_flag"
"USC00016640",1944,4,49.5,49.5,NA,"D","S","noaa_institutional_flag"
"USC00017326",2001,9,19.1,19.1,NA,"D","S","noaa_institutional_flag"
"USC00017328",1953,1,0,0,NA,"D","S","noaa_institutional_flag"
"USC00018024",1976,9,10.2,10.2,NA,"D","S","noaa_institutional_flag"
"USC00018398",1922,6,0,NA,NA,"D","S","noaa_institutional_flag"
"USC00018517",2006,8,0,0,NA,"D","S","noaa_institutional_flag"
"USC00018517",2007,7,0,0,NA,"D","S","noaa_institutional_flag"
"USC00018517",2007,9,0,0,NA,"D","S","noaa_institutional_flag"
"USC00018637",2022,1,44.5,44.5,NA,"D","S","noaa_institutional_flag"
"USC00018809",2021,10,0,0,NA,"D","S","noaa_institutional_flag"
"USC00020159",2015,11,21.6,21.6,NA,"D","S","noaa_institutional_flag"
"USC00020159",2018,12,0,0,NA,"D","S","noaa_institutional_flag"
"USC00020159",2023,2,12.7,12.7,NA,"D","S","noaa_institutional_flag"
"USC00020204",1968,3,16.5,16.5,NA,"D","S","noaa_institutional_flag"
"USC00020380",1928,7,30.5,30.5,NA,"D","S","noaa_institutional_flag"
"USC00020808",2014,7,0,0,NA,"D","S","noaa_institutional_flag"
"USC00020871",2016,1,30.5,30.5,NA,"D","S","noaa_institutional_flag"
"USC00020958",1926,8,0,0,NA,"D","S","noaa_institutional_flag"
"USC00021169",1981,7,0.3,0.3,NA,"D","S","noaa_institutional_flag"
"USC00021330",2012,7,0,NA,NA,"D","S","noaa_institutional_flag"
"USC00021419",1929,7,15.7,15.7,NA,"D","S","noaa_institutional_flag"
"USC00021574",1969,9,0,0,NA,"D","S","noaa_institutional_flag"
"USC00021849",1995,9,0,0,NA,"D","S","noaa_institutional_flag"
"USC00021870",1900,9,0,NA,NA,"D","S","noaa_institutional_flag"
"USC00023150",1989,7,3,3,NA,"D","S","noaa_institutional_flag"
"USC00023160",1998,8,0,0,NA,"D","S","noaa_institutional_flag"
"USC00023160",2001,1,0,0,NA,"D","S","noaa_institutional_flag"
"USC00023160",2002,7,0,0,NA,"D","S","noaa_institutional_flag"
"USC00023160",2002,8,0,0,NA,"D","S","noaa_institutional_flag"
"USC00023250",2010,2,0,0,NA,"D","S","noaa_institutional_flag"
"USC00023303",1938,9,10.2,10.2,NA,"D","S","noaa_institutional_flag"
"USC00023303",2011,10,0,NA,NA,"D","S","noaa_institutional_flag"
"USC00023303",2011,12,0,NA,NA,"D","S","noaa_institutional_flag"
"USC00023303",2013,7,16,16,NA,"D","S","noaa_institutional_flag"
"USC00023303",2014,9,0,0,NA,"D","S","noaa_institutional_flag"
"USC00023702",1963,12,23.4,23.4,NA,"D","S","noaa_institutional_flag"
"USC00023926",1984,10,0,0,NA,"D","S","noaa_institutional_flag"
"USC00023926",1987,7,0,0,NA,"D","S","noaa_institutional_flag"
"USC00024089",1971,7,0,0,NA,"D","S","noaa_institutional_flag"
"USC00024089",1982,11,0,0,NA,"D","S","noaa_institutional_flag"
"USC00024089",2010,1,0,NA,NA,"D","S","noaa_institutional_flag"
"USC00024182",2008,12,0,0,NA,"D","S","noaa_institutional_flag"
"USC00024453",2010,1,0,0,NA,"D","S","noaa_institutional_flag"
"USC00024586",1951,7,0,0,NA,"D","S","noaa_institutional_flag"
"USC00024686",1966,8,5.1,5.1,NA,"D","S","noaa_institutional_flag"
"USC00024686",1982,7,14.5,14.5,NA,"D","S","noaa_institutional_flag"
"USC00024849",2006,10,6.9,6.9,NA,"D","S","noaa_institutional_flag"
"USC00024872",1919,8,0,0,NA,"D","S","noaa_institutional_flag"
"USC00024872",1925,7,15.2,15.2,NA,"D","S","noaa_institutional_flag"
"USC00024872",1935,7,5.1,5.1,NA,"D","S","noaa_institutional_flag"
"USC00024872",1938,3,14,14,NA,"D","S","noaa_institutional_flag"
"USC00024872",1939,3,2.5,2.5,NA,"D","S","noaa_institutional_flag"
"USC00024872",1945,8,19.1,19.1,NA,"D","S","noaa_institutional_flag"
"USC00024872",1974,8,3,3,NA,"D","S","noaa_institutional_flag"
"USC00025129",1982,12,17.8,17.8,NA,"D","S","noaa_institutional_flag"
"USC00025282",1931,8,22.9,22.9,NA,"D","S","noaa_institutional_flag"
"USC00025494",2020,7,3,3,NA,"D","S","noaa_institutional_flag"
"USC00025665",1984,10,29.7,29.7,NA,"D","S","noaa_institutional_flag"
"USC00025665",1985,11,7.6,7.6,NA,"D","S","noaa_institutional_flag"
"USC00025665",1985,7,30.5,30.5,NA,"D","S","noaa_institutional_flag"
"USC00025665",1986,3,5.6,5.6,NA,"D","S","noaa_institutional_flag"
"USC00025665",1994,2,0,NA,NA,"D","S","noaa_institutional_flag"
"USC00025665",1998,1,0,0,NA,"D","S","noaa_institutional_flag"
"USC00025665",2001,3,0,0,NA,"D","S","noaa_institutional_flag"
"USC00025665",2004,2,5.1,5.1,NA,"D","S","noaa_institutional_flag"
"USC00025744",1975,2,16.3,16.3,NA,"D","S","noaa_institutional_flag"
"USC00026601",2021,8,98.6,98.6,NA,"D","S","noaa_institutional_flag"
"USC00026653",2021,12,0,0,NA,"D","S","noaa_institutional_flag"
"USC00026653",2021,8,7.9,7.9,NA,"D","S","noaa_institutional_flag"
"USC00026653",2021,9,0,0,NA,"D","S","noaa_institutional_flag"
"USC00027036",1994,8,0,0,NA,"D","S","noaa_institutional_flag"
"USC00027370",2010,1,0,0,NA,"D","S","noaa_institutional_flag"
"USC00027435",1995,1,14,14,NA,"D","S","noaa_institutional_flag"
"USC00027435",1996,11,8.4,8.4,NA,"D","S","noaa_institutional_flag"
"USC00027435",2016,11,29,29,NA,"D","S","noaa_institutional_flag"
"USC00027480",1927,8,4.1,4.1,NA,"D","S","noaa_institutional_flag"
"USC00027488",2003,8,11.9,11.9,NA,"D","S","noaa_institutional_flag"
"USC00027488",2007,5,0,0,NA,"D","S","noaa_institutional_flag"
"USC00027488",2008,1,0,0,NA,"D","S","noaa_institutional_flag"
"USC00027488",2008,12,0,0,NA,"D","S","noaa_institutional_flag"
"USC00027488",2010,1,0,NA,NA,"D","S","noaa_institutional_flag"
"USC00027488",2010,10,0,0,NA,"D","S","noaa_institutional_flag"
"USC00027488",2010,12,0,0,NA,"D","S","noaa_institutional_flag"
"USC00027488",2017,9,6.4,6.4,NA,"D","S","noaa_institutional_flag"
"USC00027488",2023,9,53.3,53.3,NA,"D","S","noaa_institutional_flag"
"USC00027488",2025,10,36.8,36.8,NA,"D","S","noaa_institutional_flag"
"USC00027593",2000,6,0,0,NA,"D","S","noaa_institutional_flag"
"USC00027619",2009,7,8.1,8.1,NA,"D","S","noaa_institutional_flag"
"USC00027726",1917,8,4.8,4.8,NA,"D","S","noaa_institutional_flag"
"USC00028343",1928,3,0,0,NA,"D","S","noaa_institutional_flag"
"USC00028343",1930,8,9.1,9.1,NA,"D","S","noaa_institutional_flag"
"USC00028343",1931,8,38.9,38.9,NA,"D","S","noaa_institutional_flag"
"USC00028468",2015,11,0,NA,NA,"D","S","noaa_institutional_flag"
"USC00028468",2016,1,3.6,3.6,NA,"D","S","noaa_institutional_flag"
"USC00028468",2016,4,19.1,19.1,NA,"D","S","noaa_institutional_flag"
"USC00028650",1990,12,15.7,15.7,NA,"D","S","noaa_institutional_flag"
"USC00028792",2010,7,12.2,12.2,NA,"D","S","noaa_institutional_flag"
"USC00028796",2012,12,0,0,NA,"D","S","noaa_institutional_flag"
"USC00029166",2023,8,0,0,NA,"D","S","noaa_institutional_flag"
"USC00029166",2024,1,15.2,15.2,NA,"D","S","noaa_institutional_flag"
"USC00029271",1958,3,0,NA,NA,"D","S","noaa_institutional_flag"
"USC00029271",2000,7,14,14,NA,"D","S","noaa_institutional_flag"
"USC00029271",2008,2,0,0,NA,"D","S","noaa_institutional_flag"
"USC00029271",2010,7,0,0,NA,"D","S","noaa_institutional_flag"
"USC00029309",1945,8,0,0,NA,"D","S","noaa_institutional_flag"
"USC00029359",1942,7,0,NA,NA,"D","S","noaa_institutional_flag"
"USC00029410",1995,1,0,0,NA,"D","S","noaa_institutional_flag"
"USC00029542",1982,2,6.9,6.9,NA,"D","S","noaa_institutional_flag"
"USC00029542",1996,2,3,3,NA,"D","S","noaa_institutional_flag"
"USC00029542",2015,12,7.6,7.6,NA,"D","S","noaa_institutional_flag"
"USC00029542",2018,2,15.2,15.2,NA,"D","S","noaa_institutional_flag"
"USC00029562",1947,8,4.8,4.8,NA,"D","S","noaa_institutional_flag"
"USC00030178",1941,2,21.8,21.8,NA,"D","S","noaa_institutional_flag"
"USC00030178",2014,7,38.1,38.1,NA,"D","S","noaa_institutional_flag"
"USC00030220",2021,12,15.7,15.7,NA,"D","S","noaa_institutional_flag"
"USC00030842",2020,1,99.3,99.3,NA,"D","S","noaa_institutional_flag"
"USC00031102",2002,4,71.1,71.1,NA,"D","S","noaa_institutional_flag"
"USC00031102",2002,6,0,0,NA,"D","S","noaa_institutional_flag"
"USC00031102",2002,7,48.3,48.3,NA,"D","S","noaa_institutional_flag"
"USC00031224",1949,8,70.6,70.6,NA,"D","S","noaa_institutional_flag"
"USC00031224",1950,11,0,NA,NA,"D","S","noaa_institutional_flag"
"USC00031442",2010,1,0,0,NA,"D","S","noaa_institutional_flag"
"USC00031582",2010,11,0,0,NA,"D","S","noaa_institutional_flag"
"USC00032544",1984,9,4.1,4.1,NA,"D","S","noaa_institutional_flag"
"USC00033438",2003,7,6.4,6.4,NA,"D","S","noaa_institutional_flag"
"USC00033600",2023,5,0,NA,NA,"D","S","noaa_institutional_flag"
"USC00033600",2023,6,0,NA,NA,"D","S","noaa_institutional_flag"
"USC00033600",2023,7,38.1,38.1,NA,"D","S","noaa_institutional_flag"
"USC00033600",2024,3,25.4,25.4,NA,"D","S","noaa_institutional_flag"
"USC00033600",2025,6,20.3,20.3,NA,"D","S","noaa_institutional_flag"
"USC00033600",2026,4,12.7,12.7,NA,"D","S","noaa_institutional_flag"
"USC00033600",2026,5,82.6,82.6,NA,"D","S","noaa_institutional_flag"
"USC00033704",2007,10,7.9,7.9,NA,"D","S","noaa_institutional_flag"
"USC00033734",1905,1,1.3,1.3,NA,"D","T","noaa_institutional_flag"
"USC00033831",1998,12,23.9,23.9,NA,"D","S","noaa_institutional_flag"
"USC00034060",2006,11,0,NA,NA,"D","T","noaa_institutional_flag"
"USC00034060",2006,12,11.7,11.7,NA,"D","S","noaa_institutional_flag"
"USC00034060",2006,9,0,NA,NA,"D","T","noaa_institutional_flag"
"USC00034250",1971,11,0,NA,NA,"D","S","noaa_institutional_flag"
"USC00035046",1940,3,33.5,33.5,NA,"D","S","noaa_institutional_flag"
"USC00035160",2015,2,23.9,23.9,NA,"D","S","noaa_institutional_flag"
"USC00035754",1885,5,0,0,NA,"D","T","noaa_institutional_flag"
"USC00035754",1893,7,0.8,0.8,NA,"D","S","noaa_institutional_flag"
"USC00036174",1923,10,46.7,46.7,NA,"D","S","noaa_institutional_flag"
"USC00036174",2017,11,0,0,NA,"D","S","noaa_institutional_flag"
"USC00036352",1891,5,0,0,NA,"D","T","noaa_institutional_flag"
"USC00036352",1901,7,76.5,76.5,NA,"D","S","noaa_institutional_flag"
"USC00040232",1981,12,0.3,0.3,NA,"D","S","noaa_institutional_flag"
"USC00040232",2017,4,0,0,NA,"D","S","noaa_institutional_flag"
"USC00040322",1931,12,116.8,116.8,NA,"D","S","noaa_institutional_flag"
"USC00040322",1937,12,0,0,NA,"D","S","noaa_institutional_flag"
"USC00040439",1906,12,25.4,25.4,NA,"D","S","noaa_institutional_flag"
"USC00040521",1991,3,0,0,NA,"D","S","noaa_institutional_flag"
"USC00040521",1994,2,0,0,NA,"D","S","noaa_institutional_flag"
"USC00040521",1999,4,0,0,NA,"D","S","noaa_institutional_flag"
"USC00040619",1954,3,115.3,115.3,NA,"D","S","noaa_institutional_flag"
"USC00040678",1921,12,99.1,99.1,NA,"D","S","noaa_institutional_flag"
"USC00040693",2021,12,0,0,NA,"D","S","noaa_institutional_flag"
"USC00040693",2022,3,0,0,NA,"D","S","noaa_institutional_flag"
"USC00040779",1954,3,171.7,171.7,NA,"D","S","noaa_institutional_flag"
"USC00040931",1986,12,6.4,6.4,NA,"D","S","noaa_institutional_flag"
"USC00041072",1985,11,0,NA,NA,"D","S","noaa_institutional_flag"
"USC00041072",1987,2,27.9,27.9,NA,"D","S","noaa_institutional_flag"
"USC00041072",1990,2,0,0,NA,"D","S","noaa_institutional_flag"
"USC00041072",1995,4,0,NA,NA,"D","S","noaa_institutional_flag"
"USC00041072",1996,10,2.5,2.5,NA,"D","S","noaa_institutional_flag"
"USC00041072",1996,5,0,NA,NA,"D","S","noaa_institutional_flag"
"USC00041072",1999,3,2.5,2.5,NA,"D","S","noaa_institutional_flag"
"USC00041072",2020,11,0,0,NA,"D","S","noaa_institutional_flag"
"USC00041080",1954,6,0,0,NA,"D","S","noaa_institutional_flag"
"USC00041244",2025,3,0,0,NA,"D","S","noaa_institutional_flag"
"USC00041250",1907,10,0,NA,NA,"D","S","noaa_institutional_flag"
"USC00041312",2003,4,0,0,NA,"D","S","noaa_institutional_flag"
"USC00041588",1976,11,37.4,37.4,NA,"D","S","noaa_institutional_flag"
"USC00041758",1998,12,0,0,NA,"D","S","noaa_institutional_flag"
"USC00041758",2007,12,0,0,NA,"D","S","noaa_institutional_flag"
"USC00041779",1926,4,0,0,NA,"D","S","noaa_institutional_flag"
"USC00041945",1915,5,0,NA,NA,"D","S","noaa_institutional_flag"
"USC00042012",2019,5,0,0,NA,"D","S","noaa_institutional_flag"
"USC00042147",1944,12,38.1,38.1,NA,"D","S","noaa_institutional_flag"
"USC00042147",1944,3,91.9,91.9,NA,"D","S","noaa_institutional_flag"
"USC00042239",1904,8,31.7,31.7,NA,"D","S","noaa_institutional_flag"
"USC00042294",2005,5,2,2,NA,"D","S","noaa_institutional_flag"
"USC00042294",2010,3,0,0,NA,"D","S","noaa_institutional_flag"
"USC00042338",1994,4,0,0,NA,"D","S","noaa_institutional_flag"
"USC00042389",1912,1,2.5,2.5,NA,"D","S","noaa_institutional_flag"
"USC00042539",1937,9,61.6,61.6,NA,"D","S","noaa_institutional_flag"
"USC00042771",2010,10,0,0,NA,"D","S","noaa_institutional_flag"
"USC00042863",2007,12,0,0,NA,"D","S","noaa_institutional_flag"
"USC00042964",1999,12,0,0,NA,"D","S","noaa_institutional_flag"
"USC00042964",2000,11,27.9,27.9,NA,"D","S","noaa_institutional_flag"
"USC00042964",2001,1,0,0,NA,"D","S","noaa_institutional_flag"
"USC00042964",2023,5,0,0,NA,"D","S","noaa_institutional_flag"
"USC00043113",1984,2,0,0,NA,"D","S","noaa_institutional_flag"
"USC00043157",1928,3,2,2,NA,"D","S","noaa_institutional_flag"
"USC00043161",1960,8,2.5,2.5,NA,"D","S","noaa_institutional_flag"
"USC00043161",1962,7,2.6,2.6,NA,"D","S","noaa_institutional_flag"
"USC00043161",1962,9,27.6,27.6,NA,"D","S","noaa_institutional_flag"
"USC00043161",1964,9,1.8,1.8,NA,"D","S","noaa_institutional_flag"
"USC00043161",1974,9,3.6,3.6,NA,"D","S","noaa_institutional_flag"
"USC00043161",1977,8,15.1,15.1,NA,"D","S","noaa_institutional_flag"
"USC00043161",1978,7,1.9,1.9,NA,"D","S","noaa_institutional_flag"
"USC00043161",1986,8,2,2,NA,"D","S","noaa_institutional_flag"
"USC00043161",1996,7,2.4,2.4,NA,"D","S","noaa_institutional_flag"
"USC00043161",2002,8,3.9,3.9,NA,"D","S","noaa_institutional_flag"
"USC00043161",2004,8,4.9,4.9,NA,"D","S","noaa_institutional_flag"
"USC00043191",1970,8,3.2,3.2,NA,"D","S","noaa_institutional_flag"
"USC00043191",2024,9,9,9,NA,"D","S","noaa_institutional_flag"
"USC00043369",2003,4,0,0,NA,"D","S","noaa_institutional_flag"
"USC00043402",1985,3,0,0,NA,"D","S","noaa_institutional_flag"
"USC00043422",1965,4,2.3,2.3,NA,"D","S","noaa_institutional_flag"
"USC00043452",1987,10,0,0,NA,"D","S","noaa_institutional_flag"
"USC00043578",2026,2,0,0,NA,"D","S","noaa_institutional_flag"
"USC00043614",1969,4,0,0,NA,"D","S","noaa_institutional_flag"
"USC00043614",1989,5,22.9,22.9,NA,"D","S","noaa_institutional_flag"
"USC00043614",1995,6,14,14,NA,"D","S","noaa_institutional_flag"
"USC00043614",1996,4,15.8,15.8,NA,"D","S","noaa_institutional_flag"
"USC00043614",1998,4,19.3,19.3,NA,"D","S","noaa_institutional_flag"
"USC00043614",2004,5,16,16,NA,"D","S","noaa_institutional_flag"
"USC00043614",2006,4,1.3,1.3,NA,"D","S","noaa_institutional_flag"
"USC00043714",1997,7,3.5,3.5,NA,"D","S","noaa_institutional_flag"
"USC00043761",1935,10,0,0,NA,"D","S","noaa_institutional_flag"
"USC00044232",1922,3,2.5,2.5,NA,"D","S","noaa_institutional_flag"
"USC00044232",1923,1,2.3,2.3,NA,"D","S","noaa_institutional_flag"
"USC00044232",1926,12,5.6,5.6,NA,"D","S","noaa_institutional_flag"
"USC00044232",1927,1,0,NA,NA,"D","S","noaa_institutional_flag"
"USC00044232",1927,4,2.5,2.5,NA,"D","S","noaa_institutional_flag"
"USC00044232",1929,4,0,0,NA,"D","S","noaa_institutional_flag"
"USC00044232",1933,3,0,NA,NA,"D","S","noaa_institutional_flag"
"USC00044232",1933,5,0,0,NA,"D","S","noaa_institutional_flag"
"USC00044232",1938,1,0.3,0.3,NA,"D","S","noaa_institutional_flag"
"USC00044232",1942,2,0.5,0.5,NA,"D","S","noaa_institutional_flag"
"USC00044232",1947,2,0,NA,NA,"D","S","noaa_institutional_flag"
"USC00044259",1916,10,0,NA,NA,"D","S","noaa_institutional_flag"
"USC00044467",1949,3,0,0,NA,"D","S","noaa_institutional_flag"
"USC00044467",1959,12,25.4,25.4,NA,"D","S","noaa_institutional_flag"
"USC00044705",1951,12,94.7,94.7,NA,"D","S","noaa_institutional_flag"
"USC00044838",2021,2,2.5,2.5,NA,"D","S","noaa_institutional_flag"
"USC00044863",2010,1,10.2,10.2,NA,"D","S","noaa_institutional_flag"
"USC00045026",1987,9,14.3,14.3,NA,"D","S","noaa_institutional_flag"
"USC00045231",1930,5,0,NA,NA,"D","S","noaa_institutional_flag"
"USC00045231",1970,10,7.6,7.6,NA,"D","S","noaa_institutional_flag"
"USC00045338",1990,1,0,NA,NA,"D","S","noaa_institutional_flag"
"USC00045385",2001,3,0,NA,NA,"D","S","noaa_institutional_flag"
"USC00045449",1909,11,4.6,4.6,NA,"D","S","noaa_institutional_flag"
"USC00045496",1956,5,0,0,NA,"D","S","noaa_institutional_flag"
"USC00045502",1977,8,0,0,NA,"D","T","noaa_institutional_flag"
"USC00045756",1912,4,0,0,NA,"D","S","noaa_institutional_flag"
"USC00045756",2006,3,0,NA,NA,"D","S","noaa_institutional_flag"
"USC00045756",2008,12,0,0,NA,"D","S","noaa_institutional_flag"
"USC00045756",2023,8,0,0,NA,"D","T","noaa_institutional_flag"
"USC00045790",2008,2,0,0,NA,"D","S","noaa_institutional_flag"
"USC00045790",2009,2,46,46,NA,"D","S","noaa_institutional_flag"
"USC00045795",1951,7,3.2,3.2,NA,"D","S","noaa_institutional_flag"
"USC00045795",1981,8,4.2,4.2,NA,"D","S","noaa_institutional_flag"
"USC00045795",1990,8,1.9,1.9,NA,"D","S","noaa_institutional_flag"
"USC00045866",2025,8,2.1,2.1,NA,"D","S","noaa_institutional_flag"
"USC00045941",2001,1,0,0,NA,"D","S","noaa_institutional_flag"
"USC00046006",2010,1,0,0,NA,"D","S","noaa_institutional_flag"
"USC00046144",1942,4,3,3,NA,"D","S","noaa_institutional_flag"
"USC00046175",1933,9,2.4,2.4,NA,"D","S","noaa_institutional_flag"
"USC00046351",1951,2,53.3,53.3,NA,"D","S","noaa_institutional_flag"
"USC00046635",1923,4,1,1,NA,"D","S","noaa_institutional_flag"
"USC00046646",1990,5,0,0,NA,"D","S","noaa_institutional_flag"
"USC00046663",1998,1,0,0,NA,"D","S","noaa_institutional_flag"
"USC00046946",2004,5,0,0,NA,"D","S","noaa_institutional_flag"
"USC00047009",1965,7,6.1,6.1,NA,"D","S","noaa_institutional_flag"
"USC00047253",2020,3,3,3,NA,"D","S","noaa_institutional_flag"
"USC00047370",2001,2,0,0,NA,"D","S","noaa_institutional_flag"
"USC00047370",2009,4,0,0,NA,"D","S","noaa_institutional_flag"
"USC00047581",1996,10,48.3,48.3,NA,"D","S","noaa_institutional_flag"
"USC00047641",1999,4,14.5,14.5,NA,"D","S","noaa_institutional_flag"
"USC00047643",2019,12,30.4,30.4,NA,"D","S","noaa_institutional_flag"
"USC00047643",2019,5,0,0,NA,"D","S","noaa_institutional_flag"
"USC00047643",2020,1,0,0,NA,"D","S","noaa_institutional_flag"
"USC00047643",2020,12,0,0,NA,"D","S","noaa_institutional_flag"
"USC00047643",2022,12,0,0,NA,"D","S","noaa_institutional_flag"
"USC00047643",2022,4,0,0,NA,"D","S","noaa_institutional_flag"
"USC00047668",1988,1,14.2,14.2,NA,"D","S","noaa_institutional_flag"
"USC00047689",1978,12,0,0,NA,"D","S","noaa_institutional_flag"
"USC00047767",1979,4,0,0,NA,"D","S","noaa_institutional_flag"
"USC00047767",1982,2,0,0,NA,"D","S","noaa_institutional_flag"
"USC00047767",1982,3,0,0,NA,"D","S","noaa_institutional_flag"
"USC00047767",1982,4,0,0,NA,"D","S","noaa_institutional_flag"
"USC00047767",1984,3,0,0,NA,"D","S","noaa_institutional_flag"
"USC00047767",2009,3,0,0,NA,"D","S","noaa_institutional_flag"
"USC00047767",2020,1,0,0,NA,"D","S","noaa_institutional_flag"
"USC00047767",2023,11,0,0,NA,"D","S","noaa_institutional_flag"
"USC00047767",2023,5,0,0,NA,"D","S","noaa_institutional_flag"
"USC00047807",1967,8,2.3,2.3,NA,"D","S","noaa_institutional_flag"
"USC00047807",1968,7,4,4,NA,"D","S","noaa_institutional_flag"
"USC00047807",1969,5,5.1,5.1,NA,"D","S","noaa_institutional_flag"
"USC00047807",1970,8,3.8,3.8,NA,"D","S","noaa_institutional_flag"
"USC00047807",1978,7,2.2,2.2,NA,"D","S","noaa_institutional_flag"
"USC00047880",1964,3,2.5,2.5,NA,"D","S","noaa_institutional_flag"
"USC00047953",1982,3,0,0,NA,"D","S","noaa_institutional_flag"
"USC00048273",2010,9,4.4,4.4,NA,"D","S","noaa_institutional_flag"
"USC00048273",2011,7,3.3,3.3,NA,"D","S","noaa_institutional_flag"
"USC00048474",1970,11,40.7,40.7,NA,"D","S","noaa_institutional_flag"
"USC00048490",2010,2,0,0,NA,"D","S","noaa_institutional_flag"
"USC00048544",1960,4,0,0,NA,"D","S","noaa_institutional_flag"
"USC00048655",1987,2,0,0,NA,"D","S","noaa_institutional_flag"
"USC00048702",1998,6,13,13,NA,"D","S","noaa_institutional_flag"
"USC00048702",2005,3,8.9,8.9,NA,"D","S","noaa_institutional_flag"
"USC00048702",2010,2,0,NA,NA,"D","S","noaa_institutional_flag"
"USC00048702",2010,3,0,NA,NA,"D","S","noaa_institutional_flag"
"USC00048702",2010,4,0,NA,NA,"D","S","noaa_institutional_flag"
"USC00048752",2010,12,2.8,2.8,NA,"D","S","noaa_institutional_flag"
"USC00048967",1994,2,0,0,NA,"D","S","noaa_institutional_flag"
"USC00048967",2000,3,0,0,NA,"D","S","noaa_institutional_flag"
"USC00049073",2008,1,10.4,10.4,NA,"D","S","noaa_institutional_flag"
"USC00049073",2026,1,0,0,NA,"D","S","noaa_institutional_flag"
"USC00049122",2009,11,44.5,44.5,NA,"D","S","noaa_institutional_flag"
"USC00049152",2023,8,89.4,89.4,NA,"D","O","noaa_institutional_flag"
"USC00049440",1984,2,0,0,NA,"D","S","noaa_institutional_flag"
"USC00049452",2010,1,0,0,NA,"D","S","noaa_institutional_flag"
"USC00049781",2020,1,33.8,33.8,NA,"D","S","noaa_institutional_flag"
"USC00049781",2021,3,23.6,23.6,NA,"D","S","noaa_institutional_flag"
"USC00049847",2006,4,0,0,NA,"D","S","noaa_institutional_flag"
"USC00049855",1909,5,19.8,19.8,NA,"D","S","noaa_institutional_flag"
"USC00049855",2010,5,0,0,NA,"D","S","noaa_institutional_flag"
"USC00050776",1964,2,0,NA,NA,"D","S","noaa_institutional_flag"
"USC00050776",2008,12,2.5,2.5,NA,"D","S","noaa_institutional_flag"
"USC00050797",1993,4,4.1,4.1,NA,"D","S","noaa_institutional_flag"
"USC00050797",2000,10,0,0,NA,"D","S","noaa_institutional_flag"
"USC00050797",2001,7,0,0,NA,"D","S","noaa_institutional_flag"
"USC00050797",2014,4,0,NA,NA,"D","S","noaa_institutional_flag"
"USC00050797",2020,4,2.8,2.8,NA,"D","S","noaa_institutional_flag"
"USC00050834",2025,5,5.1,5.1,NA,"D","S","noaa_institutional_flag"
"USC00050909",1904,1,42.9,42.9,NA,"D","S","noaa_institutional_flag"
"USC00050909",1904,2,71.7,71.7,NA,"D","S","noaa_institutional_flag"
"USC00051071",1939,8,0,NA,NA,"D","S","noaa_institutional_flag"
"USC00051071",1947,9,0,0,NA,"D","S","noaa_institutional_flag"
"USC00051071",1949,4,0,NA,NA,"D","S","noaa_institutional_flag"
"USC00051294",2000,8,0,NA,NA,"D","S","noaa_institutional_flag"
"USC00051564",1937,5,0,NA,NA,"D","S","noaa_institutional_flag"
"USC00051713",1915,8,1.3,1.3,NA,"D","S","noaa_institutional_flag"
"USC00051886",1914,5,0,NA,NA,"D","S","noaa_institutional_flag"
"USC00052184",1949,9,0,NA,NA,"D","S","noaa_institutional_flag"
"USC00052192",1984,4,0.5,0.5,NA,"D","S","noaa_institutional_flag"
"USC00052286",2001,1,0,0,NA,"D","S","noaa_institutional_flag"
"USC00052557",1949,4,0,0,NA,"D","S","noaa_institutional_flag"
"USC00052816",2012,10,0,NA,NA,"D","S","noaa_institutional_flag"
"USC00052932",2011,9,12.2,12.2,NA,"D","S","noaa_institutional_flag"
"USC00053068",1947,6,33.8,33.8,NA,"D","S","noaa_institutional_flag"
"USC00053068",1948,1,16,16,NA,"D","S","noaa_institutional_flag"
"USC00053068",1948,3,13.2,13.2,NA,"D","S","noaa_institutional_flag"
"USC00053116",1994,4,25.4,25.4,NA,"D","S","noaa_institutional_flag"
"USC00053116",2023,4,4.8,4.8,NA,"D","S","noaa_institutional_flag"
"USC00053146",1930,7,0,NA,NA,"D","S","noaa_institutional_flag"
"USC00053146",2001,5,0,0,NA,"D","S","noaa_institutional_flag"
"USC00053261",1922,7,29.2,29.2,NA,"D","S","noaa_institutional_flag"
"USC00053261",1979,8,41.7,41.7,NA,"D","S","noaa_institutional_flag"
"USC00053310",1967,12,0,NA,NA,"D","S","noaa_institutional_flag"
"USC00053359",1908,7,0,NA,NA,"D","S","noaa_institutional_flag"
"USC00053359",1967,1,6.9,6.9,NA,"D","S","noaa_institutional_flag"
"USC00053359",2000,2,2.6,2.6,NA,"D","S","noaa_institutional_flag"
"USC00053359",2000,8,29,29,NA,"D","S","noaa_institutional_flag"
"USC00053359",2007,7,0,NA,NA,"D","S","noaa_institutional_flag"
"USC00053359",2010,3,0,NA,NA,"D","S","noaa_institutional_flag"
"USC00053446",2004,8,25.4,25.4,NA,"D","S","noaa_institutional_flag"
"USC00053496",1909,7,16.5,16.5,NA,"D","S","noaa_institutional_flag"
"USC00053500",1986,6,0,0,NA,"D","S","noaa_institutional_flag"
"USC00053629",2010,6,50.3,50.3,NA,"D","S","noaa_institutional_flag"
"USC00053643",1906,7,48.3,48.3,NA,"D","S","noaa_institutional_flag"
"USC00053643",1906,8,30.5,30.5,NA,"D","S","noaa_institutional_flag"
"USC00053643",1923,9,0,NA,NA,"D","S","noaa_institutional_flag"
"USC00053643",1937,4,0.5,0.5,NA,"D","S","noaa_institutional_flag"
"USC00053662",1947,11,0,NA,NA,"D","S","noaa_institutional_flag"
"USC00053951",1940,1,10.9,10.9,NA,"D","S","noaa_institutional_flag"
"USC00053951",1949,2,5.1,5.1,NA,"D","S","noaa_institutional_flag"
"USC00053951",1951,3,0,NA,NA,"D","S","noaa_institutional_flag"
"USC00053951",1992,3,12.7,12.7,NA,"D","S","noaa_institutional_flag"
"USC00054234",1972,5,0,0,NA,"D","S","noaa_institutional_flag"
"USC00054413",1991,9,25.4,25.4,NA,"D","S","noaa_institutional_flag"
"USC00054664",2015,1,0,NA,NA,"D","S","noaa_institutional_flag"
"USC00054870",1935,8,0.3,0.3,NA,"D","S","noaa_institutional_flag"
"USC00055322",1951,7,0,0,NA,"D","S","noaa_institutional_flag"
"USC00055322",1992,11,6.6,6.6,NA,"D","S","noaa_institutional_flag"
"USC00055327",1985,5,12.2,12.2,NA,"D","S","noaa_institutional_flag"
"USC00055507",2003,1,1.5,1.5,NA,"D","S","noaa_institutional_flag"
"USC00056012",1927,11,0,NA,NA,"D","S","noaa_institutional_flag"
"USC00056012",1929,1,2.3,2.3,NA,"D","S","noaa_institutional_flag"
"USC00056012",2008,8,0.5,0.5,NA,"D","S","noaa_institutional_flag"
"USC00056266",1912,4,19.1,19.1,NA,"D","S","noaa_institutional_flag"
"USC00056266",1914,7,0,NA,NA,"D","S","noaa_institutional_flag"
"USC00056326",1993,12,0,NA,NA,"D","S","noaa_institutional_flag"
"USC00056326",1996,1,0,NA,NA,"D","S","noaa_institutional_flag"
"USC00056342",1960,1,6.4,6.4,NA,"D","S","noaa_institutional_flag"
"USC00056524",1974,4,18.3,18.3,NA,"D","S","noaa_institutional_flag"
"USC00056524",1975,4,11.7,11.7,NA,"D","S","noaa_institutional_flag"
"USC00056524",1994,9,0.5,0.5,NA,"D","S","noaa_institutional_flag"
"USC00056917",1948,4,4.8,4.8,NA,"D","S","noaa_institutional_flag"
"USC00056917",1949,4,29.2,29.2,NA,"D","S","noaa_institutional_flag"
"USC00056917",1949,8,5.6,5.6,NA,"D","S","noaa_institutional_flag"
"USC00056925",1943,6,12.7,12.7,NA,"D","S","noaa_institutional_flag"
"USC00057017",1993,10,0,NA,NA,"D","S","noaa_institutional_flag"
"USC00057017",1995,11,0,NA,NA,"D","S","noaa_institutional_flag"
"USC00057017",1995,12,0,0,NA,"D","S","noaa_institutional_flag"
"USC00057017",1996,6,0,0,NA,"D","S","noaa_institutional_flag"
"USC00057017",1996,8,7.6,7.6,NA,"D","S","noaa_institutional_flag"
"USC00057017",1997,10,0,0,NA,"D","S","noaa_institutional_flag"
"USC00057017",1997,5,0,NA,NA,"D","S","noaa_institutional_flag"
"USC00057017",2001,4,16,16,NA,"D","S","noaa_institutional_flag"
"USC00057296",2001,12,0,NA,NA,"D","S","noaa_institutional_flag"
"USC00057296",2002,12,0,NA,NA,"D","S","noaa_institutional_flag"
"USC00057296",2002,3,0,NA,NA,"D","S","noaa_institutional_flag"
"USC00057296",2015,1,1,1,NA,"D","S","noaa_institutional_flag"
"USC00057337",2006,10,27.9,27.9,NA,"D","S","noaa_institutional_flag"
"USC00057337",2006,7,32.5,32.5,NA,"D","S","noaa_institutional_flag"
"USC00057430",1992,3,0,NA,NA,"D","S","noaa_institutional_flag"
"USC00057648",1926,5,5.1,5.1,NA,"D","S","noaa_institutional_flag"
"USC00057648",1947,3,88.9,88.9,NA,"D","S","noaa_institutional_flag"
"USC00057648",1948,1,0,0,NA,"D","S","noaa_institutional_flag"
"USC00057648",1948,3,114.3,114.3,NA,"D","S","noaa_institutional_flag"
"USC00057656",1913,4,0,NA,NA,"D","S","noaa_institutional_flag"
"USC00057848",1941,1,15.2,15.2,NA,"D","S","noaa_institutional_flag"
"USC00057848",1950,7,0,NA,NA,"D","S","noaa_institutional_flag"
"USC00057950",1920,3,211.8,211.8,NA,"D","S","noaa_institutional_flag"
"USC00058100",1945,2,4.1,4.1,NA,"D","S","noaa_institutional_flag"
"USC00058154",1987,4,13.7,13.7,NA,"D","S","noaa_institutional_flag"
"USC00058454",1945,3,6.6,6.6,NA,"D","S","noaa_institutional_flag"
"USC00058468",1945,3,99.7,99.7,NA,"D","S","noaa_institutional_flag"
"USC00058756",1960,6,1.3,1.3,NA,"D","S","noaa_institutional_flag"
"USC00058839",2003,5,38.9,38.9,NA,"D","S","noaa_institutional_flag"
"USC00059183",1956,8,20.3,20.3,NA,"D","S","noaa_institutional_flag"
"USC00059183",1966,7,2.8,2.8,NA,"D","S","noaa_institutional_flag"
"USC00059265",1923,5,0,NA,NA,"D","S","noaa_institutional_flag"
"USC00065077",2000,3,0,0,NA,"D","S","noaa_institutional_flag"
"USC00067002",1996,1,39.9,39.9,NA,"D","S","noaa_institutional_flag"
"USC00067157",2001,9,20.8,20.8,NA,"D","S","noaa_institutional_flag"
"USC00080228",1911,2,2.7,2.7,NA,"D","S","noaa_institutional_flag"
"USC00081276",2026,4,0,0,NA,"D","S","noaa_institutional_flag"
"USC00081432",1951,8,15.3,15.3,NA,"D","S","noaa_institutional_flag"
"USC00081641",2009,7,0,0,NA,"D","S","noaa_institutional_flag"
"USC00081978",2007,5,5.1,5.1,NA,"D","S","noaa_institutional_flag"
"USC00082008",1972,11,0,0,NA,"D","S","noaa_institutional_flag"
"USC00082114",1965,1,31.2,31.2,NA,"D","S","noaa_institutional_flag"
"USC00082114",1967,7,16.8,16.8,NA,"D","S","noaa_institutional_flag"
"USC00082220",2010,8,0,0,NA,"D","S","noaa_institutional_flag"
"USC00082288",1928,8,216.4,216.4,NA,"D","S","noaa_institutional_flag"
"USC00082298",2017,9,78.7,78.7,NA,"D","S","noaa_institutional_flag"
"USC00082850",1941,11,52.1,52.1,NA,"D","S","noaa_institutional_flag"
"USC00083020",2020,12,0,0,NA,"D","S","noaa_institutional_flag"
"USC00083020",2025,7,90.1,90.1,NA,"D","S","noaa_institutional_flag"
"USC00083020",2026,3,16.3,16.3,NA,"D","S","noaa_institutional_flag"
"USC00083020",2026,4,0,0,NA,"D","S","noaa_institutional_flag"
"USC00083020",2026,5,0,0,NA,"D","S","noaa_institutional_flag"
"USC00083137",1991,11,0,0,NA,"D","S","noaa_institutional_flag"
"USC00083137",1996,9,42,42,NA,"D","S","noaa_institutional_flag"
"USC00083137",2000,2,7.6,7.6,NA,"D","S","noaa_institutional_flag"
"USC00083230",1972,11,28.4,28.4,NA,"D","S","noaa_institutional_flag"
"USC00084210",2007,4,34.5,34.5,NA,"D","S","noaa_institutional_flag"
"USC00084393",1921,10,29.2,29.2,NA,"D","S","noaa_institutional_flag"
"USC00084866",1947,6,0,0,NA,"D","S","noaa_institutional_flag"
"USC00085099",2005,7,127,127,NA,"D","S","noaa_institutional_flag"
"USC00085879",1987,10,3,3,NA,"D","S","noaa_institutional_flag"
"USC00086240",1952,12,50.8,50.8,NA,"D","S","noaa_institutional_flag"
"USC00086764",2024,1,15.2,15.2,NA,"D","S","noaa_institutional_flag"
"USC00087025",1941,3,71.1,71.1,NA,"D","S","noaa_institutional_flag"
"USC00087025",1941,9,71.1,71.1,NA,"D","S","noaa_institutional_flag"
"USC00087025",1942,7,30.5,30.5,NA,"D","S","noaa_institutional_flag"
"USC00087397",2010,12,13,13,NA,"D","S","noaa_institutional_flag"
"USC00087429",1998,11,0,0,NA,"D","S","noaa_institutional_flag"
"USC00087429",1998,9,0,0,NA,"D","S","noaa_institutional_flag"
"USC00087429",1999,8,0,0,NA,"D","S","noaa_institutional_flag"
"USC00087429",2000,9,62.5,62.5,NA,"D","S","noaa_institutional_flag"
"USC00087440",1903,6,28,28,NA,"D","S","noaa_institutional_flag"
"USC00087440",1905,10,31.8,31.8,NA,"D","S","noaa_institutional_flag"
"USC00087440",1908,2,27.9,27.9,NA,"D","S","noaa_institutional_flag"
"USC00087812",1902,4,6.6,6.6,NA,"D","S","noaa_institutional_flag"
"USC00087851",1899,7,58.4,58.4,NA,"D","S","noaa_institutional_flag"
"USC00088756",2009,7,0,0,NA,"D","S","noaa_institutional_flag"
"USC00089401",2001,12,0,0,NA,"D","S","noaa_institutional_flag"
"USC00089430",2013,5,6.9,6.9,NA,"D","S","noaa_institutional_flag"
"USC00090041",1916,7,284.5,284.5,NA,"D","S","noaa_institutional_flag"
"USC00090140",1892,12,17.8,17.8,NA,"D","S","noaa_institutional_flag"
"USC00090140",1894,1,0,0,NA,"D","S","noaa_institutional_flag"
"USC00090219",1992,4,8.9,8.9,NA,"D","S","noaa_institutional_flag"
"USC00090441",1963,9,52.8,52.8,NA,"D","S","noaa_institutional_flag"
"USC00090969",1932,8,26.7,26.7,NA,"D","S","noaa_institutional_flag"
"USC00090979",1900,7,0,0,NA,"D","S","noaa_institutional_flag"
"USC00090979",2009,7,0,0,NA,"D","T","noaa_institutional_flag"
"USC00091500",1954,6,5.8,5.8,NA,"D","S","noaa_institutional_flag"
"USC00091665",1993,5,0,0,NA,"D","S","noaa_institutional_flag"
"USC00091665",2010,2,12.7,12.7,NA,"D","S","noaa_institutional_flag"
"USC00092493",2000,1,0,0,NA,"D","S","noaa_institutional_flag"
"USC00092493",2000,4,76.2,76.2,NA,"D","S","noaa_institutional_flag"
"USC00092532",1987,9,15.5,15.5,NA,"D","S","noaa_institutional_flag"
"USC00092532",1988,4,0,0,NA,"D","S","noaa_institutional_flag"
"USC00092578",1959,2,0,0,NA,"D","S","noaa_institutional_flag"
"USC00092844",2024,10,1.5,1.5,NA,"D","S","noaa_institutional_flag"
"USC00092966",1925,12,40.7,40.7,NA,"D","S","noaa_institutional_flag"
"USC00093028",2010,7,0,0,NA,"D","S","noaa_institutional_flag"
"USC00093506",1994,1,11.7,11.7,NA,"D","S","noaa_institutional_flag"
"USC00093712",1938,9,20.6,20.6,NA,"D","S","noaa_institutional_flag"
"USC00094033",1949,6,0,0,NA,"D","S","noaa_institutional_flag"
"USC00094648",2009,5,0,0,NA,"D","S","noaa_institutional_flag"
"USC00094854",1947,3,0,NA,NA,"D","S","noaa_institutional_flag"
"USC00094854",1984,12,91.4,91.4,NA,"D","S","noaa_institutional_flag"
"USC00094854",1986,10,81.3,81.3,NA,"D","S","noaa_institutional_flag"
"USC00094854",2000,11,90.5,90.5,NA,"D","S","noaa_institutional_flag"
"USC00094854",2000,6,48.3,48.3,NA,"D","S","noaa_institutional_flag"
"USC00094941",1921,10,0,0,NA,"D","T","noaa_institutional_flag"
"USC00095165",2003,11,24.1,24.1,NA,"D","S","noaa_institutional_flag"
"USC00095204",1893,2,0,0,NA,"D","S","noaa_institutional_flag"
"USC00095314",1943,5,0,0,NA,"D","S","noaa_institutional_flag"
"USC00095331",2023,4,0,0,NA,"D","S","noaa_institutional_flag"
"USC00095394",1977,11,101.6,101.6,NA,"D","S","noaa_institutional_flag"
"USC00095525",1896,8,0,NA,NA,"D","S","noaa_institutional_flag"
"USC00095550",1983,1,51.3,51.3,NA,"D","S","noaa_institutional_flag"
"USC00095550",1996,9,20.3,20.3,NA,"D","S","noaa_institutional_flag"
"USC00095811",1994,8,4.8,4.8,NA,"D","S","noaa_institutional_flag"
"USC00095979",2020,11,50.8,50.8,NA,"D","S","noaa_institutional_flag"
"USC00095979",2021,2,98.8,98.8,NA,"D","S","noaa_institutional_flag"
"USC00095979",2021,9,109.2,109.2,NA,"D","S","noaa_institutional_flag"
"USC00095979",2022,5,53.3,53.3,NA,"D","S","noaa_institutional_flag"
"USC00095979",2022,8,157.5,157.5,NA,"D","S","noaa_institutional_flag"
"USC00095979",2023,9,57.2,57.2,NA,"D","S","noaa_institutional_flag"
"USC00095988",1952,2,0,0,NA,"D","S","noaa_institutional_flag"
"USC00095988",2017,9,0,0,NA,"D","T","noaa_institutional_flag"
"USC00095988",2018,10,0.8,0.8,NA,"D","T","noaa_institutional_flag"
"USC00095988",2020,12,53.3,53.3,NA,"D","S","noaa_institutional_flag"
"USC00095988",2020,7,5.6,5.6,NA,"D","S","noaa_institutional_flag"
"USC00096038",1984,5,0,0,NA,"D","S","noaa_institutional_flag"
"USC00096087",2020,12,9.1,9.1,NA,"D","S","noaa_institutional_flag"
"USC00096087",2020,9,81.8,81.8,NA,"D","S","noaa_institutional_flag"
"USC00096087",2022,9,41.7,41.7,NA,"D","S","noaa_institutional_flag"
"USC00096219",2025,10,0,0,NA,"D","S","noaa_institutional_flag"
"USC00097276",1918,11,0,0,NA,"D","S","noaa_institutional_flag"
"USC00097276",1987,6,44.5,44.5,NA,"D","S","noaa_institutional_flag"
"USC00097276",1987,9,16.5,16.5,NA,"D","S","noaa_institutional_flag"
"USC00098436",2001,1,50.8,50.8,NA,"D","S","noaa_institutional_flag"
"USC00099194",1991,6,2.8,2.8,NA,"D","S","noaa_institutional_flag"
"USC00099524",1959,11,24.4,24.4,NA,"D","S","noaa_institutional_flag"
"USC00100010",2011,6,2,2,NA,"D","S","noaa_institutional_flag"
"USC00100010",2026,1,9.1,9.1,NA,"D","S","noaa_institutional_flag"
"USC00100375",1993,4,6.1,6.1,NA,"D","S","noaa_institutional_flag"
"USC00100470",2000,3,0.5,0.5,NA,"D","S","noaa_institutional_flag"
"USC00100470",2007,2,0,0,NA,"D","S","noaa_institutional_flag"
"USC00100470",2021,7,0,0,NA,"D","S","noaa_institutional_flag"
"USC00100491",1972,5,1,1,NA,"D","S","noaa_institutional_flag"
"USC00100528",1985,8,0,0,NA,"D","S","noaa_institutional_flag"
"USC00100667",1998,10,0,0,NA,"D","S","noaa_institutional_flag"
"USC00100915",1961,11,6.1,6.1,NA,"D","S","noaa_institutional_flag"
"USC00100915",1963,7,20.4,20.4,NA,"D","S","noaa_institutional_flag"
"USC00100915",1982,1,3.8,3.8,NA,"D","S","noaa_institutional_flag"
"USC00100915",1989,1,0.8,0.8,NA,"D","S","noaa_institutional_flag"
"USC00100915",1989,3,1.1,1.1,NA,"D","S","noaa_institutional_flag"
"USC00100915",1989,5,0,NA,NA,"D","S","noaa_institutional_flag"
"USC00100915",1990,12,2.3,2.3,NA,"D","S","noaa_institutional_flag"
"USC00100915",1990,4,5.8,5.8,NA,"D","S","noaa_institutional_flag"
"USC00100915",1993,12,0,NA,NA,"D","S","noaa_institutional_flag"
"USC00100915",1994,2,14,14,NA,"D","S","noaa_institutional_flag"
"USC00101018",2013,1,7.9,7.9,NA,"D","S","noaa_institutional_flag"
"USC00101018",2015,12,62.8,62.8,NA,"D","S","noaa_institutional_flag"
"USC00101018",2023,5,0,0,NA,"D","S","noaa_institutional_flag"
"USC00101079",1914,4,0,NA,NA,"D","S","noaa_institutional_flag"
"USC00101079",2003,6,1.5,1.5,NA,"D","S","noaa_institutional_flag"
"USC00101079",2008,4,0.3,0.3,NA,"D","S","noaa_institutional_flag"
"USC00101079",2009,6,0,0,NA,"D","S","noaa_institutional_flag"
"USC00101217",1919,4,0,NA,NA,"D","S","noaa_institutional_flag"
"USC00101551",2002,3,19.1,19.1,NA,"D","S","noaa_institutional_flag"
"USC00101636",2006,11,20,20,NA,"D","S","noaa_institutional_flag"
"USC00101671",1960,3,0,NA,NA,"D","S","noaa_institutional_flag"
"USC00101671",1998,2,1.3,1.3,NA,"D","S","noaa_institutional_flag"
"USC00101671",1999,1,6.6,6.6,NA,"D","S","noaa_institutional_flag"
"USC00101671",2011,3,0.5,0.5,NA,"D","S","noaa_institutional_flag"
"USC00101671",2019,1,0,NA,NA,"D","S","noaa_institutional_flag"
"USC00102187",1999,12,22.9,22.9,NA,"D","S","noaa_institutional_flag"
"USC00102187",2002,1,10.9,10.9,NA,"D","S","noaa_institutional_flag"
"USC00102187",2015,9,25.4,25.4,NA,"D","S","noaa_institutional_flag"
"USC00102187",2017,9,0,0,NA,"D","S","noaa_institutional_flag"
"USC00102187",2022,5,0,0,NA,"D","S","noaa_institutional_flag"
"USC00102575",2001,1,0,NA,NA,"D","S","noaa_institutional_flag"
"USC00102676",1999,3,7.4,7.4,NA,"D","S","noaa_institutional_flag"
"USC00102892",2008,2,16.5,16.5,NA,"D","S","noaa_institutional_flag"
"USC00103108",1998,4,0,0,NA,"D","S","noaa_institutional_flag"
"USC00103108",1999,5,0,0,NA,"D","S","noaa_institutional_flag"
"USC00103108",2000,11,14,14,NA,"D","S","noaa_institutional_flag"
"USC00103108",2000,12,41.9,41.9,NA,"D","S","noaa_institutional_flag"
"USC00103108",2000,3,11.4,11.4,NA,"D","S","noaa_institutional_flag"
"USC00103108",2001,2,6.4,6.4,NA,"D","S","noaa_institutional_flag"
"USC00103108",2006,11,34,34,NA,"D","S","noaa_institutional_flag"
"USC00103108",2017,2,32.8,32.8,NA,"D","S","noaa_institutional_flag"
"USC00103554",1974,5,10.2,10.2,NA,"D","S","noaa_institutional_flag"
"USC00103554",1975,2,12.2,12.2,NA,"D","S","noaa_institutional_flag"
"USC00103554",1976,6,9.7,9.7,NA,"D","S","noaa_institutional_flag"
"USC00103554",1978,7,0,NA,NA,"D","S","noaa_institutional_flag"
"USC00103825",1955,6,5.1,5.1,NA,"D","S","noaa_institutional_flag"
"USC00103942",1988,3,1.8,1.8,NA,"D","S","noaa_institutional_flag"
"USC00104230",2007,8,0,0,NA,"D","S","noaa_institutional_flag"
"USC00104230",2008,1,0,0,NA,"D","S","noaa_institutional_flag"
"USC00104295",2000,5,15,15,NA,"D","S","noaa_institutional_flag"
"USC00104384",1944,7,24.1,24.1,NA,"D","S","noaa_institutional_flag"
"USC00104384",1951,2,2,2,NA,"D","S","noaa_institutional_flag"
"USC00104384",1998,12,0.3,0.3,NA,"D","S","noaa_institutional_flag"
"USC00104384",2000,3,0,NA,NA,"D","S","noaa_institutional_flag"
"USC00104384",2008,2,0,NA,NA,"D","S","noaa_institutional_flag"
"USC00104442",1925,12,20.3,20.3,NA,"D","S","noaa_institutional_flag"
"USC00104526",1937,3,7.4,7.4,NA,"D","S","noaa_institutional_flag"
"USC00104598",1937,9,0,0,NA,"D","S","noaa_institutional_flag"
"USC00104598",2015,10,5.1,5.1,NA,"D","S","noaa_institutional_flag"
"USC00104598",2015,7,15.2,15.2,NA,"D","S","noaa_institutional_flag"
"USC00104670",2022,12,1.5,1.5,NA,"D","S","noaa_institutional_flag"
"USC00105177",1996,10,1.8,1.8,NA,"D","S","noaa_institutional_flag"
"USC00105177",1996,11,0,NA,NA,"D","S","noaa_institutional_flag"
"USC00105177",1998,11,2,2,NA,"D","S","noaa_institutional_flag"
"USC00105177",1998,12,0,NA,NA,"D","S","noaa_institutional_flag"
"USC00105177",1998,3,0,NA,NA,"D","S","noaa_institutional_flag"
"USC00105177",2000,12,0,0,NA,"D","S","noaa_institutional_flag"
"USC00105177",2000,3,4.6,4.6,NA,"D","S","noaa_institutional_flag"
"USC00105177",2001,3,0.3,0.3,NA,"D","S","noaa_institutional_flag"
"USC00105466",1983,1,1,1,NA,"D","S","noaa_institutional_flag"
"USC00105685",1982,2,0,NA,NA,"D","S","noaa_institutional_flag"
"USC00105685",1986,11,2.5,2.5,NA,"D","S","noaa_institutional_flag"
"USC00105685",2000,12,0,0,NA,"D","S","noaa_institutional_flag"
"USC00105685",2008,2,1.3,1.3,NA,"D","S","noaa_institutional_flag"
"USC00106152",1896,4,14.5,14.5,NA,"D","S","noaa_institutional_flag"
"USC00106542",1933,12,26.9,26.9,NA,"D","S","noaa_institutional_flag"
"USC00106542",1984,12,2.5,2.5,NA,"D","S","noaa_institutional_flag"
"USC00106891",2024,12,39.4,39.4,NA,"D","S","noaa_institutional_flag"
"USC00107188",2009,11,2.5,2.5,NA,"D","S","noaa_institutional_flag"
"USC00107188",2010,10,0,0,NA,"D","S","noaa_institutional_flag"
"USC00107188",2010,6,0,0,NA,"D","T","noaa_institutional_flag"
"USC00107188",2010,9,0.8,0.8,NA,"D","S","noaa_institutional_flag"
"USC00107188",2020,12,25.4,25.4,NA,"D","S","noaa_institutional_flag"
"USC00107188",2021,10,20.6,20.6,NA,"D","S","noaa_institutional_flag"
"USC00107644",2000,5,0,0,NA,"D","S","noaa_institutional_flag"
"USC00107673",1930,5,6.3,6.3,NA,"D","S","noaa_institutional_flag"
"USC00107706",1933,1,5.1,5.1,NA,"D","S","noaa_institutional_flag"
"USC00107706",1933,3,5.1,5.1,NA,"D","S","noaa_institutional_flag"
"USC00107706",1962,12,2.8,2.8,NA,"D","S","noaa_institutional_flag"
"USC00107968",2000,12,0,NA,NA,"D","S","noaa_institutional_flag"
"USC00107968",2001,3,0,NA,NA,"D","S","noaa_institutional_flag"
"USC00108022",1980,12,0,0,NA,"D","S","noaa_institutional_flag"
"USC00108062",1915,4,2.5,2.5,NA,"D","S","noaa_institutional_flag"
"USC00108137",2022,5,10.5,10.5,NA,"D","S","noaa_institutional_flag"
"USC00108380",2022,5,0,0,NA,"D","S","noaa_institutional_flag"
"USC00108395",1990,3,0,NA,NA,"D","S","noaa_institutional_flag"
"USC00108676",1994,5,0,NA,NA,"D","S","noaa_institutional_flag"
"USC00108676",1997,5,0,NA,NA,"D","S","noaa_institutional_flag"
"USC00108676",1998,4,0,0,NA,"D","S","noaa_institutional_flag"
"USC00108676",1999,1,1.8,1.8,NA,"D","S","noaa_institutional_flag"
"USC00108676",1999,3,0,0,NA,"D","S","noaa_institutional_flag"
"USC00108676",1999,4,2.3,2.3,NA,"D","S","noaa_institutional_flag"
"USC00108676",2001,10,12.7,12.7,NA,"D","S","noaa_institutional_flag"
"USC00108676",2001,3,3.8,3.8,NA,"D","S","noaa_institutional_flag"
"USC00108676",2001,6,0,NA,NA,"D","S","noaa_institutional_flag"
"USC00108676",2001,7,0,NA,NA,"D","S","noaa_institutional_flag"
"USC00108676",2002,3,7.6,7.6,NA,"D","S","noaa_institutional_flag"
"USC00108676",2002,6,0,NA,NA,"D","S","noaa_institutional_flag"
"USC00108676",2003,1,0.3,0.3,NA,"D","S","noaa_institutional_flag"
"USC00108676",2003,4,2,2,NA,"D","S","noaa_institutional_flag"
"USC00108676",2004,10,0,NA,NA,"D","S","noaa_institutional_flag"
"USC00108676",2004,5,2.5,2.5,NA,"D","S","noaa_institutional_flag"
"USC00108676",2004,6,0,NA,NA,"D","S","noaa_institutional_flag"
"USC00108676",2004,8,0,NA,NA,"D","S","noaa_institutional_flag"
"USC00108676",2004,9,0,NA,NA,"D","S","noaa_institutional_flag"
"USC00108676",2005,10,0,NA,NA,"D","S","noaa_institutional_flag"
"USC00108676",2005,12,30.5,30.5,NA,"D","S","noaa_institutional_flag"
"USC00108676",2005,4,0,NA,NA,"D","S","noaa_institutional_flag"
"USC00108676",2005,5,0,NA,NA,"D","S","noaa_institutional_flag"
"USC00108676",2005,9,0,0,NA,"D","S","noaa_institutional_flag"
"USC00108676",2006,10,0,NA,NA,"D","S","noaa_institutional_flag"
"USC00108676",2006,11,3.1,3.1,NA,"D","S","noaa_institutional_flag"
"USC00108676",2006,3,5.1,5.1,NA,"D","S","noaa_institutional_flag"
"USC00108676",2006,4,6.4,6.4,NA,"D","S","noaa_institutional_flag"
"USC00108676",2006,5,0,NA,NA,"D","S","noaa_institutional_flag"
"USC00108676",2006,9,0,NA,NA,"D","S","noaa_institutional_flag"
"USC00108676",2007,10,0,NA,NA,"D","S","noaa_institutional_flag"
"USC00108676",2007,11,0,NA,NA,"D","S","noaa_institutional_flag"
"USC00108676",2007,3,0,NA,NA,"D","S","noaa_institutional_flag"
"USC00108676",2007,4,1.3,1.3,NA,"D","S","noaa_institutional_flag"
"USC00108676",2008,12,0,NA,NA,"D","S","noaa_institutional_flag"
"USC00108676",2008,6,0,NA,NA,"D","S","noaa_institutional_flag"
"USC00108676",2009,10,0,NA,NA,"D","S","noaa_institutional_flag"
"USC00108937",2000,12,0,0,NA,"D","S","noaa_institutional_flag"
"USC00109293",2002,12,0,0,NA,"D","S","noaa_institutional_flag"
"USC00109560",1937,2,12.7,12.7,NA,"D","S","noaa_institutional_flag"
"USC00109638",1983,2,3,3,NA,"D","S","noaa_institutional_flag"
"USC00109638",1986,1,0,NA,NA,"D","S","noaa_institutional_flag"
"USC00109951",2002,5,0,0,NA,"D","S","noaa_institutional_flag"
"USC00110203",1902,11,45.7,45.7,NA,"D","S","noaa_institutional_flag"
"USC00110203",1911,1,20.3,20.3,NA,"D","S","noaa_institutional_flag"
"USC00110203",1998,3,0,0,NA,"D","S","noaa_institutional_flag"
"USC00110203",1998,4,6.8,6.8,NA,"D","S","noaa_institutional_flag"
"USC00110442",1989,12,5.1,5.1,NA,"D","S","noaa_institutional_flag"
"USC00110442",1991,4,61.7,61.7,NA,"D","S","noaa_institutional_flag"
"USC00110445",1968,3,13.2,13.2,NA,"D","S","noaa_institutional_flag"
"USC00110492",1988,3,0,NA,NA,"D","S","noaa_institutional_flag"
"USC00110500",1981,12,29.5,29.5,NA,"D","S","noaa_institutional_flag"
"USC00110608",1998,1,101.6,101.6,NA,"D","S","noaa_institutional_flag"
"USC00111250",2003,2,0,NA,NA,"D","S","noaa_institutional_flag"
"USC00111420",2009,11,0.3,0.3,NA,"D","S","noaa_institutional_flag"
"USC00112709",2000,1,0,0,NA,"D","S","noaa_institutional_flag"
"USC00112709",2001,7,0,0,NA,"D","S","noaa_institutional_flag"
"USC00112745",2000,1,0,0,NA,"D","S","noaa_institutional_flag"
"USC00112745",2001,1,0,0,NA,"D","S","noaa_institutional_flag"
"USC00112745",2001,6,12.4,12.4,NA,"D","S","noaa_institutional_flag"
"USC00112745",2001,7,0,0,NA,"D","S","noaa_institutional_flag"
"USC00113120",2009,10,0,0,NA,"D","S","noaa_institutional_flag"
"USC00113120",2016,12,86.4,86.4,NA,"D","S","noaa_institutional_flag"
"USC00113120",2017,2,0,0,NA,"D","S","noaa_institutional_flag"
"USC00113395",2024,2,2,2,NA,"D","S","noaa_institutional_flag"
"USC00113666",2017,11,7.6,7.6,NA,"D","S","noaa_institutional_flag"
"USC00113693",2010,9,1.3,1.3,NA,"D","S","noaa_institutional_flag"
"USC00114013",1991,1,0,0,NA,"D","S","noaa_institutional_flag"
"USC00114317",2010,1,0,0,NA,"D","S","noaa_institutional_flag"
"USC00114814",1896,8,39.6,39.6,NA,"D","S","noaa_institutional_flag"
"USC00114890",2010,5,11.7,11.7,NA,"D","S","noaa_institutional_flag"
"USC00114890",2010,6,12.2,12.2,NA,"D","S","noaa_institutional_flag"
"USC00115326",2000,1,73.7,73.7,NA,"D","S","noaa_institutional_flag"
"USC00115326",2001,1,0,0,NA,"D","S","noaa_institutional_flag"
"USC00115983",2008,4,47,47,NA,"D","S","noaa_institutional_flag"
"USC00116490",1999,8,22.1,22.1,NA,"D","S","noaa_institutional_flag"
"USC00117318",1982,4,25.4,25.4,NA,"D","S","noaa_institutional_flag"
"USC00117603",2010,4,1.5,1.5,NA,"D","S","noaa_institutional_flag"
"USC00117916",1971,7,27.4,27.4,NA,"D","S","noaa_institutional_flag"
"USC00117916",1974,1,45.2,45.2,NA,"D","S","noaa_institutional_flag"
"USC00118916",2006,9,6.4,6.4,NA,"D","S","noaa_institutional_flag"
"USC00119002",2010,11,4.6,4.6,NA,"D","S","noaa_institutional_flag"
"USC00120550",1985,1,13.5,13.5,NA,"D","S","noaa_institutional_flag"
"USC00120877",1959,12,50.8,50.8,NA,"D","S","noaa_institutional_flag"
"USC00120922",1951,2,5.9,5.9,NA,"D","S","noaa_institutional_flag"
"USC00121425",1995,2,35.6,35.6,NA,"D","S","noaa_institutional_flag"
"USC00121425",1998,11,0,0,NA,"D","S","noaa_institutional_flag"
"USC00121425",1998,2,152.4,152.4,NA,"D","S","noaa_institutional_flag"
"USC00121425",1998,7,0,0,NA,"D","S","noaa_institutional_flag"
"USC00121425",1999,1,0,0,NA,"D","S","noaa_institutional_flag"
"USC00121425",1999,6,50.8,50.8,NA,"D","S","noaa_institutional_flag"
"USC00121425",2000,3,25.9,25.9,NA,"D","S","noaa_institutional_flag"
"USC00121882",1897,12,6.4,6.4,NA,"D","S","noaa_institutional_flag"
"USC00122096",1932,5,16.2,16.2,NA,"D","S","noaa_institutional_flag"
"USC00122149",1939,1,45.7,45.7,NA,"D","S","noaa_institutional_flag"
"USC00122645",1958,6,0,0,NA,"D","S","noaa_institutional_flag"
"USC00122645",1958,7,0,0,NA,"D","S","noaa_institutional_flag"
"USC00122645",1959,12,0,0,NA,"D","T","noaa_institutional_flag"
"USC00122645",1960,2,0,0,NA,"D","S","noaa_institutional_flag"
"USC00122645",1960,3,9.4,9.4,NA,"D","S","noaa_institutional_flag"
"USC00122645",1963,2,0,0,NA,"D","S","noaa_institutional_flag"
"USC00122645",1965,10,0,0,NA,"D","S","noaa_institutional_flag"
"USC00123527",1922,3,1,1,NA,"D","S","noaa_institutional_flag"
"USC00124356",1957,12,0,0,NA,"D","S","noaa_institutional_flag"
"USC00124356",1960,4,3.8,3.8,NA,"D","S","noaa_institutional_flag"
"USC00124356",1960,5,0,0,NA,"D","S","noaa_institutional_flag"
"USC00124356",1964,1,4.1,4.1,NA,"D","S","noaa_institutional_flag"
"USC00124356",1964,2,22.1,22.1,NA,"D","S","noaa_institutional_flag"
"USC00124364",1961,3,0,0,NA,"D","S","noaa_institutional_flag"
"USC00124364",1961,7,0,0,NA,"D","S","noaa_institutional_flag"
"USC00124364",1964,11,0,0,NA,"D","S","noaa_institutional_flag"
"USC00124364",1964,12,0,0,NA,"D","S","noaa_institutional_flag"
"USC00124364",1964,5,0,0,NA,"D","S","noaa_institutional_flag"
"USC00124364",1965,1,0,0,NA,"D","S","noaa_institutional_flag"
"USC00124364",1965,10,0,0,NA,"D","S","noaa_institutional_flag"
"USC00124497",2012,12,2.5,2.5,NA,"D","S","noaa_institutional_flag"
"USC00124730",2003,1,5,5,NA,"D","S","noaa_institutional_flag"
"USC00124782",2006,11,31.8,31.8,NA,"D","S","noaa_institutional_flag"
"USC00125322",1967,11,70.1,70.1,NA,"D","S","noaa_institutional_flag"
"USC00125322",1967,4,24.4,24.4,NA,"D","S","noaa_institutional_flag"
"USC00125541",2010,3,0,0,NA,"D","S","noaa_institutional_flag"
"USC00125873",1938,4,25.9,25.9,NA,"D","S","noaa_institutional_flag"
"USC00125873",1949,11,0,NA,NA,"D","S","noaa_institutional_flag"
"USC00125873",1949,4,15.8,15.8,NA,"D","S","noaa_institutional_flag"
"USC00125923",2001,2,0,0,NA,"D","S","noaa_institutional_flag"
"USC00126056",1948,12,0,0,NA,"D","S","noaa_institutional_flag"
"USC00126056",1949,2,0,0,NA,"D","S","noaa_institutional_flag"
"USC00126056",1954,1,0,0,NA,"D","S","noaa_institutional_flag"
"USC00126056",1954,2,0,0,NA,"D","S","noaa_institutional_flag"
"USC00126056",1964,12,0,0,NA,"D","S","noaa_institutional_flag"
"USC00126056",1965,1,0,0,NA,"D","S","noaa_institutional_flag"
"USC00126056",1965,2,0,0,NA,"D","S","noaa_institutional_flag"
"USC00126056",1965,3,36.4,36.4,NA,"D","S","noaa_institutional_flag"
"USC00126056",1966,11,0,0,NA,"D","S","noaa_institutional_flag"
"USC00126056",1966,12,17.8,17.8,NA,"D","S","noaa_institutional_flag"
"USC00126056",1966,5,0,0,NA,"D","S","noaa_institutional_flag"
"USC00126056",1966,6,0,0,NA,"D","S","noaa_institutional_flag"
"USC00126056",1966,8,0,0,NA,"D","S","noaa_institutional_flag"
"USC00126056",1966,9,0,0,NA,"D","S","noaa_institutional_flag"
"USC00126056",1998,1,0,NA,NA,"D","S","noaa_institutional_flag"
"USC00126056",1998,2,0,0,NA,"D","S","noaa_institutional_flag"
"USC00126697",2009,5,23.6,23.6,NA,"D","S","noaa_institutional_flag"
"USC00127755",2001,11,1.5,1.5,NA,"D","S","noaa_institutional_flag"
"USC00127875",1938,8,7.1,7.1,NA,"D","S","noaa_institutional_flag"
"USC00127935",1919,2,0,NA,NA,"D","S","noaa_institutional_flag"
"USC00127999",1893,11,9.1,9.1,NA,"D","S","noaa_institutional_flag"
"USC00128698",2000,11,1.3,1.3,NA,"D","S","noaa_institutional_flag"
"USC00128789",1950,2,0,0,NA,"D","S","noaa_institutional_flag"
"USC00128789",1950,3,0,0,NA,"D","S","noaa_institutional_flag"
"USC00128789",1950,4,0,0,NA,"D","S","noaa_institutional_flag"
"USC00128789",1954,12,0,0,NA,"D","S","noaa_institutional_flag"
"USC00128789",1962,6,0,0,NA,"D","S","noaa_institutional_flag"
"USC00128789",1963,5,0,0,NA,"D","S","noaa_institutional_flag"
"USC00128789",1963,6,0,0,NA,"D","S","noaa_institutional_flag"
"USC00128999",1899,7,0,NA,NA,"D","S","noaa_institutional_flag"
"USC00128999",1899,9,0,NA,NA,"D","T","noaa_institutional_flag"
"USC00129138",2017,12,8.4,8.4,NA,"D","S","noaa_institutional_flag"
"USC00129174",1949,10,0,0,NA,"D","S","noaa_institutional_flag"
"USC00129174",1949,2,0,0,NA,"D","S","noaa_institutional_flag"
"USC00129174",1949,3,0,0,NA,"D","S","noaa_institutional_flag"
"USC00129174",1949,7,0,0,NA,"D","S","noaa_institutional_flag"
"USC00129174",1949,8,0,0,NA,"D","S","noaa_institutional_flag"
"USC00129174",1949,9,0,0,NA,"D","S","noaa_institutional_flag"
"USC00129174",1950,11,0,0,NA,"D","S","noaa_institutional_flag"
"USC00129174",1950,5,0,0,NA,"D","S","noaa_institutional_flag"
"USC00129174",1950,6,0,0,NA,"D","T","noaa_institutional_flag"
"USC00129174",1950,7,0,0,NA,"D","S","noaa_institutional_flag"
"USC00129174",1950,9,0,0,NA,"D","S","noaa_institutional_flag"
"USC00129174",1952,5,0,0,NA,"D","S","noaa_institutional_flag"
"USC00129174",1966,5,0,0,NA,"D","S","noaa_institutional_flag"
"USC00129222",1999,8,0,0,NA,"D","S","noaa_institutional_flag"
"USC00129253",2013,3,56.9,56.9,NA,"D","S","noaa_institutional_flag"
"USC00129271",1938,1,3.3,3.3,NA,"D","S","noaa_institutional_flag"
"USC00129300",1963,5,0,0,NA,"D","S","noaa_institutional_flag"
"USC00129557",2022,9,113.8,113.8,NA,"D","S","noaa_institutional_flag"
"USC00130149",2007,1,211.3,211.3,NA,"D","T","noaa_institutional_flag"
"USC00130149",2010,5,30.5,30.5,NA,"D","S","noaa_institutional_flag"
"USC00130213",2001,1,10.9,10.9,NA,"D","S","noaa_institutional_flag"
"USC00130241",1989,9,0.3,0.3,NA,"D","S","noaa_institutional_flag"
"USC00130241",1999,1,4.8,4.8,NA,"D","S","noaa_institutional_flag"
"USC00130385",2007,1,0,NA,NA,"D","S","noaa_institutional_flag"
"USC00131354",2009,7,0,0,NA,"D","S","noaa_institutional_flag"
"USC00131394",1950,3,9.1,9.1,NA,"D","S","noaa_institutional_flag"
"USC00131394",2017,12,5.6,5.6,NA,"D","S","noaa_institutional_flag"
"USC00131742",2014,12,7.6,7.6,NA,"D","S","noaa_institutional_flag"
"USC00131833",2011,7,0.8,0.8,NA,"D","S","noaa_institutional_flag"
"USC00132171",1917,8,0,0,NA,"D","S","noaa_institutional_flag"
"USC00132724",2000,2,0,0,NA,"D","S","noaa_institutional_flag"
"USC00132724",2001,2,1.3,1.3,NA,"D","S","noaa_institutional_flag"
"USC00132724",2005,11,0,NA,NA,"D","S","noaa_institutional_flag"
"USC00132724",2006,1,0,0,NA,"D","S","noaa_institutional_flag"
"USC00132724",2009,3,0,0,NA,"D","S","noaa_institutional_flag"
"USC00132724",2009,5,0,0,NA,"D","S","noaa_institutional_flag"
"USC00132724",2009,6,0,0,NA,"D","S","noaa_institutional_flag"
"USC00132977",2010,1,0,NA,NA,"D","S","noaa_institutional_flag"
"USC00133007",1910,5,0,0,NA,"D","S","noaa_institutional_flag"
"USC00133007",1975,1,11.4,11.4,NA,"D","S","noaa_institutional_flag"
"USC00133108",2009,12,0.5,0.5,NA,"D","S","noaa_institutional_flag"
"USC00133108",2009,7,0,0,NA,"D","S","noaa_institutional_flag"
"USC00133584",1915,2,0,NA,NA,"D","S","noaa_institutional_flag"
"USC00133960",1984,3,3.8,3.8,NA,"D","S","noaa_institutional_flag"
"USC00134244",1962,2,45,45,NA,"D","S","noaa_institutional_flag"
"USC00134244",1962,3,28.7,28.7,NA,"D","S","noaa_institutional_flag"
"USC00134244",1968,6,3.3,3.3,NA,"D","S","noaa_institutional_flag"
"USC00134244",1981,11,10.9,10.9,NA,"D","S","noaa_institutional_flag"
"USC00134389",1936,1,0,0,NA,"D","S","noaa_institutional_flag"
"USC00134926",2000,10,5.8,5.8,NA,"D","S","noaa_institutional_flag"
"USC00135250",2008,12,0,NA,NA,"D","S","noaa_institutional_flag"
"USC00135250",2009,1,0,NA,NA,"D","S","noaa_institutional_flag"
"USC00135842",1979,8,0,0,NA,"D","S","noaa_institutional_flag"
"USC00136076",1949,2,0,0,NA,"D","S","noaa_institutional_flag"
"USC00136103",2023,3,0.5,0.5,NA,"D","S","noaa_institutional_flag"
"USC00136200",1927,11,44.5,44.5,NA,"D","S","noaa_institutional_flag"
"USC00136305",1998,2,0,NA,NA,"D","S","noaa_institutional_flag"
"USC00136392",2004,1,429.3,429.3,NA,"D","T","noaa_institutional_flag"
"USC00136492",2010,3,0,0,NA,"D","S","noaa_institutional_flag"
"USC00136800",2012,1,2.5,2.5,NA,"D","S","noaa_institutional_flag"
"USC00137147",1894,5,8.4,8.4,NA,"D","S","noaa_institutional_flag"
"USC00137932",1995,10,12.4,12.4,NA,"D","S","noaa_institutional_flag"
"USC00137932",1996,1,0.5,0.5,NA,"D","S","noaa_institutional_flag"
"USC00138026",1971,12,6.4,6.4,NA,"D","S","noaa_institutional_flag"
"USC00138755",1955,1,0,NA,NA,"D","S","noaa_institutional_flag"
"USC00140424",1995,12,5.1,5.1,NA,"D","S","noaa_institutional_flag"
"USC00140443",1964,7,4.6,4.6,NA,"D","S","noaa_institutional_flag"
"USC00140637",1947,11,0,0,NA,"D","S","noaa_institutional_flag"
"USC00140877",2025,7,109.2,109.2,NA,"D","S","noaa_institutional_flag"
"USC00140911",1949,9,15.5,15.5,NA,"D","S","noaa_institutional_flag"
"USC00140926",2007,12,25.4,25.4,NA,"D","S","noaa_institutional_flag"
"USC00141104",1999,9,0,NA,NA,"D","S","noaa_institutional_flag"
"USC00141425",1983,1,7.6,7.6,NA,"D","S","noaa_institutional_flag"
"USC00141428",2007,12,0,0,NA,"D","S","noaa_institutional_flag"
"USC00141435",2006,2,68.7,68.7,NA,"D","S","noaa_institutional_flag"
"USC00141435",2007,10,0,NA,NA,"D","S","noaa_institutional_flag"
"USC00141536",1982,9,0,0,NA,"D","S","noaa_institutional_flag"
"USC00141593",2014,6,0,0,NA,"D","S","noaa_institutional_flag"
"USC00142329",1973,4,38.6,38.6,NA,"D","S","noaa_institutional_flag"
"USC00142329",1980,2,0,NA,NA,"D","S","noaa_institutional_flag"
"USC00142452",2008,9,12.7,12.7,NA,"D","S","noaa_institutional_flag"
"USC00142459",2022,5,16,16,NA,"D","S","noaa_institutional_flag"
"USC00142472",2023,8,20.1,20.1,NA,"D","S","noaa_institutional_flag"
"USC00142519",1915,8,9.9,9.9,NA,"D","S","noaa_institutional_flag"
"USC00142894",1999,3,38.1,38.1,NA,"D","S","noaa_institutional_flag"
"USC00143037",1991,11,0,0,NA,"D","S","noaa_institutional_flag"
"USC00143037",1992,11,0,0,NA,"D","T","noaa_institutional_flag"
"USC00143037",1993,1,4.1,4.1,NA,"D","S","noaa_institutional_flag"
"USC00143134",1991,7,23.4,23.4,NA,"D","S","noaa_institutional_flag"
"USC00143239",2009,4,0,0,NA,"D","S","noaa_institutional_flag"
"USC00143239",2009,5,0,0,NA,"D","S","noaa_institutional_flag"
"USC00143759",1918,5,45.5,45.5,NA,"D","S","noaa_institutional_flag"
"USC00143837",2010,5,0,0,NA,"D","S","noaa_institutional_flag"
"USC00144530",2008,5,58.4,58.4,NA,"D","S","noaa_institutional_flag"
"USC00144642",2010,5,0,0,NA,"D","S","noaa_institutional_flag"
"USC00145680",2013,2,0,0,NA,"D","S","noaa_institutional_flag"
"USC00145892",2012,4,41.9,41.9,NA,"D","S","noaa_institutional_flag"
"USC00146154",1982,9,0,NA,NA,"D","S","noaa_institutional_flag"
"USC00146154",2000,12,279.4,279.4,NA,"D","T","noaa_institutional_flag"
"USC00146524",2021,4,8.6,8.6,NA,"D","S","noaa_institutional_flag"
"USC00146907",2021,4,2.5,2.5,NA,"D","S","noaa_institutional_flag"
"USC00147248",1983,12,0,NA,NA,"D","S","noaa_institutional_flag"
"USC00148498",2003,5,5.1,5.1,NA,"D","S","noaa_institutional_flag"
"USC00148498",2004,10,11.4,11.4,NA,"D","S","noaa_institutional_flag"
"USC00148563",1983,11,36.1,36.1,NA,"D","S","noaa_institutional_flag"
"USC00148670",1897,5,16.5,16.5,NA,"D","S","noaa_institutional_flag"
"USC00148719",2009,12,0,0,NA,"D","S","noaa_institutional_flag"
"USC00148719",2010,3,26.7,26.7,NA,"D","S","noaa_institutional_flag"
"USC00148988",2025,10,3.3,3.3,NA,"D","S","noaa_institutional_flag"
"USC00150043",1941,1,2,2,NA,"D","S","noaa_institutional_flag"
"USC00150389",1902,12,21.3,21.3,NA,"D","S","noaa_institutional_flag"
"USC00150490",2009,2,45.7,45.7,NA,"D","S","noaa_institutional_flag"
"USC00150619",2010,4,0,0,NA,"D","S","noaa_institutional_flag"
"USC00150630",1997,8,35.6,35.6,NA,"D","S","noaa_institutional_flag"
"USC00150687",1994,6,22.6,22.6,NA,"D","S","noaa_institutional_flag"
"USC00151306",1998,4,0,0,NA,"D","S","noaa_institutional_flag"
"USC00151576",1993,7,0,NA,NA,"D","S","noaa_institutional_flag"
"USC00151663",1988,3,31.7,31.7,NA,"D","S","noaa_institutional_flag"
"USC00151663",1988,8,22.6,22.6,NA,"D","S","noaa_institutional_flag"
"USC00152214",2007,5,0,0,NA,"D","S","noaa_institutional_flag"
"USC00152250",2004,8,0,0,NA,"D","S","noaa_institutional_flag"
"USC00152250",2010,11,31.8,31.8,NA,"D","S","noaa_institutional_flag"
"USC00152469",1916,6,0,0,NA,"D","S","noaa_institutional_flag"
"USC00152812",1998,1,7.6,7.6,NA,"D","S","noaa_institutional_flag"
"USC00152812",2010,4,0,0,NA,"D","S","noaa_institutional_flag"
"USC00152812",2012,1,24.6,24.6,NA,"D","S","noaa_institutional_flag"
"USC00152812",2012,3,39.7,39.7,NA,"D","S","noaa_institutional_flag"
"USC00152812",2025,1,47,47,NA,"D","S","noaa_institutional_flag"
"USC00153223",2008,11,0,0,NA,"D","S","noaa_institutional_flag"
"USC00153382",1986,8,26.7,26.7,NA,"D","S","noaa_institutional_flag"
"USC00153430",2025,1,85.9,85.9,NA,"D","S","noaa_institutional_flag"
"USC00153768",2008,12,4.1,4.1,NA,"D","S","noaa_institutional_flag"
"USC00153768",2009,1,0,0,NA,"D","S","noaa_institutional_flag"
"USC00153994",2009,12,0,0,NA,"D","S","noaa_institutional_flag"
"USC00154093",1952,7,7.4,7.4,NA,"D","S","noaa_institutional_flag"
"USC00154180",1990,1,25.7,25.7,NA,"D","S","noaa_institutional_flag"
"USC00154180",2009,12,20.1,20.1,NA,"D","S","noaa_institutional_flag"
"USC00154180",2009,9,50,50,NA,"D","S","noaa_institutional_flag"
"USC00154180",2010,1,0,0,NA,"D","T","noaa_institutional_flag"
"USC00154180",2010,2,0,0,NA,"D","S","noaa_institutional_flag"
"USC00154180",2010,3,0,0,NA,"D","S","noaa_institutional_flag"
"USC00154180",2010,6,28.4,28.4,NA,"D","S","noaa_institutional_flag"
"USC00154180",2011,7,0,0,NA,"D","S","noaa_institutional_flag"
"USC00154180",2011,8,0,0,NA,"D","S","noaa_institutional_flag"
"USC00154208",1994,1,12.7,12.7,NA,"D","S","noaa_institutional_flag"
"USC00154255",1987,10,0,0,NA,"D","S","noaa_institutional_flag"
"USC00154255",1992,11,23.4,23.4,NA,"D","S","noaa_institutional_flag"
"USC00154255",1992,12,61.4,61.4,NA,"D","S","noaa_institutional_flag"
"USC00154255",1993,8,26.2,26.2,NA,"D","S","noaa_institutional_flag"
"USC00154255",1997,11,26.2,26.2,NA,"D","S","noaa_institutional_flag"
"USC00154255",1997,9,14.2,14.2,NA,"D","S","noaa_institutional_flag"
"USC00154255",1998,10,0,NA,NA,"D","S","noaa_institutional_flag"
"USC00154255",1998,11,0,NA,NA,"D","S","noaa_institutional_flag"
"USC00154255",1998,7,95.8,95.8,NA,"D","S","noaa_institutional_flag"
"USC00154255",2000,1,29.7,29.7,NA,"D","S","noaa_institutional_flag"
"USC00154255",2000,12,27.4,27.4,NA,"D","S","noaa_institutional_flag"
"USC00154255",2000,2,31.8,31.8,NA,"D","S","noaa_institutional_flag"
"USC00154255",2000,3,42.4,42.4,NA,"D","S","noaa_institutional_flag"
"USC00154255",2001,4,0,0,NA,"D","S","noaa_institutional_flag"
"USC00154255",2002,10,101.6,101.6,NA,"D","S","noaa_institutional_flag"
"USC00154255",2002,11,0,NA,NA,"D","S","noaa_institutional_flag"
"USC00154255",2002,12,0,NA,NA,"D","S","noaa_institutional_flag"
"USC00154255",2002,2,8.9,8.9,NA,"D","S","noaa_institutional_flag"
"USC00154255",2002,8,16.5,16.5,NA,"D","S","noaa_institutional_flag"
"USC00154255",2003,1,0,NA,NA,"D","S","noaa_institutional_flag"
"USC00154255",2003,12,0,NA,NA,"D","S","noaa_institutional_flag"
"USC00154255",2004,3,31.8,31.8,NA,"D","S","noaa_institutional_flag"
"USC00154255",2010,2,0.5,0.5,NA,"D","S","noaa_institutional_flag"
"USC00154595",1945,12,41.9,41.9,NA,"D","S","noaa_institutional_flag"
"USC00154848",1973,8,7.6,7.6,NA,"D","S","noaa_institutional_flag"
"USC00154848",2016,8,9.9,9.9,NA,"D","S","noaa_institutional_flag"
"USC00155111",2003,1,24.4,24.4,NA,"D","S","noaa_institutional_flag"
"USC00155148",1916,4,37.1,37.1,NA,"D","S","noaa_institutional_flag"
"USC00155684",1893,10,493,493,NA,"D","S","noaa_institutional_flag"
"USC00155684",1894,11,354.3,354.3,NA,"D","T","noaa_institutional_flag"
"USC00156094",1994,9,8.1,8.1,NA,"D","S","noaa_institutional_flag"
"USC00156094",1995,12,25.4,25.4,NA,"D","S","noaa_institutional_flag"
"USC00156136",1939,1,0,0,NA,"D","S","noaa_institutional_flag"
"USC00156155",2010,1,0,0,NA,"D","T","noaa_institutional_flag"
"USC00156155",2010,2,0,0,NA,"D","S","noaa_institutional_flag"
"USC00156155",2010,3,0,0,NA,"D","S","noaa_institutional_flag"
"USC00156384",1998,12,33,33,NA,"D","S","noaa_institutional_flag"
"USC00156580",2016,2,9.9,9.9,NA,"D","S","noaa_institutional_flag"
"USC00156810",1997,12,0,0,NA,"D","S","noaa_institutional_flag"
"USC00156810",2002,1,0,0,NA,"D","S","noaa_institutional_flag"
"USC00156810",2002,8,0,0,NA,"D","S","noaa_institutional_flag"
"USC00157049",1899,4,0,NA,NA,"D","S","noaa_institutional_flag"
"USC00157677",1999,3,0,0,NA,"D","S","noaa_institutional_flag"
"USC00158610",2000,1,21.6,21.6,NA,"D","S","noaa_institutional_flag"
"USC00158714",2005,5,0,0,NA,"D","S","noaa_institutional_flag"
"USC00160367",1934,5,60.7,60.7,NA,"D","S","noaa_institutional_flag"
"USC00160367",1935,6,155.2,155.2,NA,"D","S","noaa_institutional_flag"
"USC00160367",1935,8,0,0,NA,"D","S","noaa_institutional_flag"
"USC00160367",1948,4,0,0,NA,"D","T","noaa_institutional_flag"
"USC00160367",1954,7,90.1,90.1,NA,"D","S","noaa_institutional_flag"
"USC00160658",2019,1,1.1,1.1,NA,"D","T","noaa_institutional_flag"
"USC00162641",1996,8,33.3,33.3,NA,"D","S","noaa_institutional_flag"
"USC00162981",1945,2,92.7,92.7,NA,"D","S","noaa_institutional_flag"
"USC00163930",1961,1,68.6,68.6,NA,"D","S","noaa_institutional_flag"
"USC00164050",2010,7,68.6,68.6,NA,"D","S","noaa_institutional_flag"
"USC00164674",1901,9,40.4,40.4,NA,"D","S","noaa_institutional_flag"
"USC00165287",2009,1,0,0,NA,"D","S","noaa_institutional_flag"
"USC00165522",1926,8,16.3,16.3,NA,"D","S","noaa_institutional_flag"
"USC00165584",1946,5,199.4,199.4,NA,"D","S","noaa_institutional_flag"
"USC00165896",2010,6,19.1,19.1,NA,"D","S","noaa_institutional_flag"
"USC00165908",1955,7,46,46,NA,"D","S","noaa_institutional_flag"
"USC00165908",1959,5,61,61,NA,"D","S","noaa_institutional_flag"
"USC00166466",2018,6,91.4,91.4,NA,"D","S","noaa_institutional_flag"
"USC00167364",1897,9,0,0,NA,"D","S","noaa_institutional_flag"
"USC00167364",1944,4,0,0,NA,"D","S","noaa_institutional_flag"
"USC00167729",1990,8,0,0,NA,"D","S","noaa_institutional_flag"
"USC00167729",2018,7,14,14,NA,"D","S","noaa_institutional_flag"
"USC00168108",2000,1,5.1,5.1,NA,"D","S","noaa_institutional_flag"
"USC00168136",1911,5,0,NA,NA,"D","S","noaa_institutional_flag"
"USC00168828",1900,9,13.7,13.7,NA,"D","S","noaa_institutional_flag"
"USC00169392",2009,12,30,30,NA,"D","S","noaa_institutional_flag"
"USC00169480",2008,5,0,0,NA,"D","S","noaa_institutional_flag"
"USC00169806",1894,7,25.4,25.4,NA,"D","S","noaa_institutional_flag"
"USC00171472",2008,8,0,0,NA,"D","S","noaa_institutional_flag"
"USC00181685",1940,5,66.1,66.1,NA,"D","S","noaa_institutional_flag"
"USC00181980",1919,6,0,0,NA,"D","S","noaa_institutional_flag"
"USC00182060",2005,5,0,0,NA,"D","S","noaa_institutional_flag"
"USC00183975",1897,6,35.3,35.3,NA,"D","S","noaa_institutional_flag"
"USC00184025",1957,6,11.2,11.2,NA,"D","S","noaa_institutional_flag"
"USC00186620",2009,2,0,0,NA,"D","S","noaa_institutional_flag"
"USC00186620",2021,2,42.7,42.7,NA,"D","S","noaa_institutional_flag"
"USC00187140",1911,3,7.6,7.6,NA,"D","S","noaa_institutional_flag"
"USC00187230",1899,5,26.9,26.9,NA,"D","S","noaa_institutional_flag"
"USC00187272",1969,3,17.3,17.3,NA,"D","S","noaa_institutional_flag"
"USC00190120",1951,7,0,NA,NA,"D","S","noaa_institutional_flag"
"USC00190768",1906,8,26.2,26.2,NA,"D","S","noaa_institutional_flag"
"USC00190768",1907,7,36.8,36.8,NA,"D","S","noaa_institutional_flag"
"USC00191447",1985,12,4.6,4.6,NA,"D","S","noaa_institutional_flag"
"USC00191611",1996,12,160,160,NA,"D","S","noaa_institutional_flag"
"USC00193702",1922,7,30.7,30.7,NA,"D","S","noaa_institutional_flag"
"USC00194525",1918,8,7.6,7.6,NA,"D","S","noaa_institutional_flag"
"USC00197104",1924,9,43.2,43.2,NA,"D","S","noaa_institutional_flag"
"USC00197293",1947,7,116.1,116.1,NA,"D","S","noaa_institutional_flag"
"USC00200234",2009,10,15.2,15.2,NA,"D","S","noaa_institutional_flag"
"USC00200234",2009,8,24.2,24.2,NA,"D","S","noaa_institutional_flag"
"USC00200234",2010,9,66,66,NA,"D","S","noaa_institutional_flag"
"USC00200446",2006,3,25.9,25.9,NA,"D","S","noaa_institutional_flag"
"USC00200489",1911,8,0,NA,NA,"D","S","noaa_institutional_flag"
"USC00200552",2009,4,6.8,6.8,NA,"D","S","noaa_institutional_flag"
"USC00200552",2010,7,6.4,6.4,NA,"D","S","noaa_institutional_flag"
"USC00201476",1908,1,0,0,NA,"D","S","noaa_institutional_flag"
"USC00201476",1908,2,0,0,NA,"D","S","noaa_institutional_flag"
"USC00201714",1934,4,18.5,18.5,NA,"D","S","noaa_institutional_flag"
"USC00201714",1935,3,2.3,2.3,NA,"D","S","noaa_institutional_flag"
"USC00201800",1965,2,16,16,NA,"D","S","noaa_institutional_flag"
"USC00202015",1994,5,20.6,20.6,NA,"D","S","noaa_institutional_flag"
"USC00202094",1948,12,17,17,NA,"D","S","noaa_institutional_flag"
"USC00202094",1963,2,21.9,21.9,NA,"D","S","noaa_institutional_flag"
"USC00202381",1937,11,100.8,100.8,NA,"D","S","noaa_institutional_flag"
"USC00202437",1947,8,49,49,NA,"D","S","noaa_institutional_flag"
"USC00202437",1976,12,8.9,8.9,NA,"D","S","noaa_institutional_flag"
"USC00202437",2010,4,0,0,NA,"D","S","noaa_institutional_flag"
"USC00202437",2010,5,0,0,NA,"D","S","noaa_institutional_flag"
"USC00202437",2010,6,0,NA,NA,"D","S","noaa_institutional_flag"
"USC00202671",1937,6,15.2,15.2,NA,"D","S","noaa_institutional_flag"
"USC00202984",1899,4,0,NA,NA,"D","S","noaa_institutional_flag"
"USC00202984",1936,3,3.3,3.3,NA,"D","S","noaa_institutional_flag"
"USC00203096",1903,5,0,NA,NA,"D","S","noaa_institutional_flag"
"USC00203096",1921,10,0,0,NA,"D","S","noaa_institutional_flag"
"USC00203096",1922,1,0,0,NA,"D","S","noaa_institutional_flag"
"USC00203188",2017,2,44.2,44.2,NA,"D","S","noaa_institutional_flag"
"USC00203290",2000,1,16.3,16.3,NA,"D","S","noaa_institutional_flag"
"USC00203290",2000,6,83.9,83.9,NA,"D","S","noaa_institutional_flag"
"USC00203290",2001,2,71.1,71.1,NA,"D","S","noaa_institutional_flag"
"USC00203529",2003,1,0,NA,NA,"D","S","noaa_institutional_flag"
"USC00203529",2004,3,40.7,40.7,NA,"D","S","noaa_institutional_flag"
"USC00203616",1914,12,14.7,14.7,NA,"D","S","noaa_institutional_flag"
"USC00203624",1900,12,34.9,34.9,NA,"D","S","noaa_institutional_flag"
"USC00203624",1920,11,50.8,50.8,NA,"D","S","noaa_institutional_flag"
"USC00203823",1892,1,11.2,11.2,NA,"D","S","noaa_institutional_flag"
"USC00203858",2002,1,63.5,63.5,NA,"D","S","noaa_institutional_flag"
"USC00203947",1899,12,19.8,19.8,NA,"D","S","noaa_institutional_flag"
"USC00203991",1904,12,0,0,NA,"D","T","noaa_institutional_flag"
"USC00203991",1904,9,0,0,NA,"D","S","noaa_institutional_flag"
"USC00203991",1908,7,0,0,NA,"D","S","noaa_institutional_flag"
"USC00203991",1909,9,0,NA,NA,"D","S","noaa_institutional_flag"
"USC00203991",1917,12,0,0,NA,"D","S","noaa_institutional_flag"
"USC00203991",1921,12,0,0,NA,"D","S","noaa_institutional_flag"
"USC00203991",1922,2,0,0,NA,"D","S","noaa_institutional_flag"
"USC00203991",1924,2,0,0,NA,"D","S","noaa_institutional_flag"
"USC00203991",1924,4,2.5,2.5,NA,"D","S","noaa_institutional_flag"
"USC00203991",1925,2,12.7,12.7,NA,"D","S","noaa_institutional_flag"
"USC00204328",2000,8,0,0,NA,"D","S","noaa_institutional_flag"
"USC00204502",1902,9,0,NA,NA,"D","S","noaa_institutional_flag"
"USC00204502",1905,7,12.7,12.7,NA,"D","S","noaa_institutional_flag"
"USC00204660",1913,11,0,NA,NA,"D","S","noaa_institutional_flag"
"USC00204660",1916,3,0,0,NA,"D","S","noaa_institutional_flag"
"USC00204939",1921,12,32,32,NA,"D","S","noaa_institutional_flag"
"USC00204939",2009,5,0,0,NA,"D","S","noaa_institutional_flag"
"USC00204939",2009,6,0,0,NA,"D","S","noaa_institutional_flag"
"USC00204954",1954,11,6.4,6.4,NA,"D","S","noaa_institutional_flag"
"USC00205043",1906,10,0,NA,NA,"D","S","noaa_institutional_flag"
"USC00205043",1906,5,0,NA,NA,"D","T","noaa_institutional_flag"
"USC00205043",1906,6,0,0,NA,"D","S","noaa_institutional_flag"
"USC00205073",1969,3,6.4,6.4,NA,"D","S","noaa_institutional_flag"
"USC00205168",2004,4,2,2,NA,"D","S","noaa_institutional_flag"
"USC00205168",2005,3,12.7,12.7,NA,"D","S","noaa_institutional_flag"
"USC00205168",2006,3,19.1,19.1,NA,"D","S","noaa_institutional_flag"
"USC00205436",1901,7,2.5,2.5,NA,"D","S","noaa_institutional_flag"
"USC00205450",1993,4,4.6,4.6,NA,"D","S","noaa_institutional_flag"
"USC00205450",1996,4,3.8,3.8,NA,"D","S","noaa_institutional_flag"
"USC00205450",1998,2,0,NA,NA,"D","S","noaa_institutional_flag"
"USC00205450",1998,3,0,NA,NA,"D","S","noaa_institutional_flag"
"USC00205450",1998,4,0,NA,NA,"D","S","noaa_institutional_flag"
"USC00205450",1999,4,39.4,39.4,NA,"D","S","noaa_institutional_flag"
"USC00205450",2000,3,7.6,7.6,NA,"D","S","noaa_institutional_flag"
"USC00205450",2004,4,5.1,5.1,NA,"D","S","noaa_institutional_flag"
"USC00205452",1982,2,0,0,NA,"D","S","noaa_institutional_flag"
"USC00205452",1988,12,0,NA,NA,"D","S","noaa_institutional_flag"
"USC00205452",1997,12,0,0,NA,"D","S","noaa_institutional_flag"
"USC00205452",1998,1,0,0,NA,"D","S","noaa_institutional_flag"
"USC00205452",1998,2,0,0,NA,"D","S","noaa_institutional_flag"
"USC00205452",1998,6,10.2,10.2,NA,"D","S","noaa_institutional_flag"
"USC00205488",1921,3,2.5,2.5,NA,"D","S","noaa_institutional_flag"
"USC00205531",2000,12,13,13,NA,"D","S","noaa_institutional_flag"
"USC00205531",2002,12,0,NA,NA,"D","S","noaa_institutional_flag"
"USC00205531",2005,3,16,16,NA,"D","S","noaa_institutional_flag"
"USC00205567",1982,2,0,NA,NA,"D","S","noaa_institutional_flag"
"USC00205567",1984,2,13.2,13.2,NA,"D","S","noaa_institutional_flag"
"USC00205816",2003,1,0,NA,NA,"D","S","noaa_institutional_flag"
"USC00205816",2003,4,0,NA,NA,"D","S","noaa_institutional_flag"
"USC00206060",2009,12,0,0,NA,"D","S","noaa_institutional_flag"
"USC00206156",1898,12,59.7,59.7,NA,"D","S","noaa_institutional_flag"
"USC00206300",1995,6,25.4,25.4,NA,"D","S","noaa_institutional_flag"
"USC00206300",1995,8,43.9,43.9,NA,"D","S","noaa_institutional_flag"
"USC00206507",1895,10,15.7,15.7,NA,"D","S","noaa_institutional_flag"
"USC00206642",1901,7,0.8,0.8,NA,"D","S","noaa_institutional_flag"
"USC00206642",1913,11,6.4,6.4,NA,"D","S","noaa_institutional_flag"
"USC00206642",1915,2,2.5,2.5,NA,"D","S","noaa_institutional_flag"
"USC00206661",1901,7,78.7,78.7,NA,"D","S","noaa_institutional_flag"
"USC00206661",1909,5,6.1,6.1,NA,"D","S","noaa_institutional_flag"
"USC00206661",1918,11,0,NA,NA,"D","S","noaa_institutional_flag"
"USC00206690",1912,5,8.6,8.6,NA,"D","S","noaa_institutional_flag"
"USC00206690",1965,5,0,0,NA,"D","S","noaa_institutional_flag"
"USC00206922",1908,11,0,0,NA,"D","S","noaa_institutional_flag"
"USC00207190",1993,2,0,NA,NA,"D","S","noaa_institutional_flag"
"USC00207190",1994,3,0,NA,NA,"D","S","noaa_institutional_flag"
"USC00207271",1903,3,0,0,NA,"D","T","noaa_institutional_flag"
"USC00207271",1903,7,0,0,NA,"D","S","noaa_institutional_flag"
"USC00207271",1905,11,0,0,NA,"D","S","noaa_institutional_flag"
"USC00207271",1905,2,0,0,NA,"D","S","noaa_institutional_flag"
"USC00207271",1905,3,0,NA,NA,"D","S","noaa_institutional_flag"
"USC00207271",1906,12,0,NA,NA,"D","S","noaa_institutional_flag"
"USC00207271",1906,9,0,NA,NA,"D","S","noaa_institutional_flag"
"USC00207277",1907,8,0,0,NA,"D","T","noaa_institutional_flag"
"USC00207358",1919,2,0,0,NA,"D","S","noaa_institutional_flag"
"USC00207358",1919,3,0,0,NA,"D","S","noaa_institutional_flag"
"USC00207405",1922,3,1,1,NA,"D","S","noaa_institutional_flag"
"USC00208468",2001,1,2,2,NA,"D","S","noaa_institutional_flag"
"USC00208920",1954,11,8.4,8.4,NA,"D","S","noaa_institutional_flag"
"USC00208920",1967,5,2,2,NA,"D","S","noaa_institutional_flag"
"USC00209188",1979,2,0,NA,NA,"D","S","noaa_institutional_flag"
"USC00210355",1983,11,0,NA,NA,"D","S","noaa_institutional_flag"
"USC00210355",1983,4,4.6,4.6,NA,"D","S","noaa_institutional_flag"
"USC00210355",1984,3,0,NA,NA,"D","S","noaa_institutional_flag"
"USC00210355",1985,1,0,NA,NA,"D","S","noaa_institutional_flag"
"USC00210520",1987,3,0,0,NA,"D","S","noaa_institutional_flag"
"USC00210520",1989,11,3.3,3.3,NA,"D","S","noaa_institutional_flag"
"USC00210520",1989,3,0,NA,NA,"D","S","noaa_institutional_flag"
"USC00210559",1944,3,11.7,11.7,NA,"D","S","noaa_institutional_flag"
"USC00210746",1930,7,0.5,0.5,NA,"D","S","noaa_institutional_flag"
"USC00210746",1931,1,0.3,0.3,NA,"D","S","noaa_institutional_flag"
"USC00210746",2002,11,0,NA,NA,"D","S","noaa_institutional_flag"
"USC00210809",2012,10,39.3,39.3,NA,"D","S","noaa_institutional_flag"
"USC00210809",2015,11,0,NA,NA,"D","S","noaa_institutional_flag"
"USC00210809",2016,11,38.4,38.4,NA,"D","S","noaa_institutional_flag"
"USC00210809",2017,4,0.5,0.5,NA,"D","S","noaa_institutional_flag"
"USC00210852",1996,1,407.2,407.2,NA,"D","T","noaa_institutional_flag"
"USC00210852",2002,1,259.2,259.2,NA,"D","T","noaa_institutional_flag"
"USC00210981",1963,9,7.6,7.6,NA,"D","S","noaa_institutional_flag"
"USC00210981",1998,1,12.7,12.7,NA,"D","S","noaa_institutional_flag"
"USC00211227",2008,3,6.4,6.4,NA,"D","S","noaa_institutional_flag"
"USC00211227",2009,3,8.9,8.9,NA,"D","S","noaa_institutional_flag"
"USC00211227",2012,1,0,NA,NA,"D","S","noaa_institutional_flag"
"USC00211718",1972,6,10.7,10.7,NA,"D","S","noaa_institutional_flag"
"USC00211840",2002,4,0,NA,NA,"D","S","noaa_institutional_flag"
"USC00212050",1998,2,0,0,NA,"D","S","noaa_institutional_flag"
"USC00212050",1998,3,0,0,NA,"D","S","noaa_institutional_flag"
"USC00212246",1991,6,63.5,63.5,NA,"D","S","noaa_institutional_flag"
"USC00212246",1996,2,0,0,NA,"D","S","noaa_institutional_flag"
"USC00212737",2005,4,2.8,2.8,NA,"D","S","noaa_institutional_flag"
"USC00212737",2009,1,0,NA,NA,"D","S","noaa_institutional_flag"
"USC00212916",1912,4,283.5,283.5,NA,"D","T","noaa_institutional_flag"
"USC00212916",2003,4,8.9,8.9,NA,"D","S","noaa_institutional_flag"
"USC00212916",2005,3,0,0,NA,"D","S","noaa_institutional_flag"
"USC00212916",2007,12,0,0,NA,"D","S","noaa_institutional_flag"
"USC00212916",2008,2,0,0,NA,"D","S","noaa_institutional_flag"
"USC00213076",2003,3,0,0,NA,"D","S","noaa_institutional_flag"
"USC00213076",2006,10,0,0,NA,"D","S","noaa_institutional_flag"
"USC00213076",2006,3,5.1,5.1,NA,"D","S","noaa_institutional_flag"
"USC00213076",2007,3,10.2,10.2,NA,"D","S","noaa_institutional_flag"
"USC00213169",1905,3,7.6,7.6,NA,"D","S","noaa_institutional_flag"
"USC00213169",1915,10,34.8,34.8,NA,"D","S","noaa_institutional_flag"
"USC00213169",1920,4,35.8,35.8,NA,"D","S","noaa_institutional_flag"
"USC00213206",1930,10,3.6,3.6,NA,"D","S","noaa_institutional_flag"
"USC00213397",1924,4,22.9,22.9,NA,"D","S","noaa_institutional_flag"
"USC00213417",1981,3,10.2,10.2,NA,"D","S","noaa_institutional_flag"
"USC00213417",1998,10,0,0,NA,"D","S","noaa_institutional_flag"
"USC00213417",1998,11,0,0,NA,"D","S","noaa_institutional_flag"
"USC00213417",1999,1,0,0,NA,"D","S","noaa_institutional_flag"
"USC00213463",2002,12,0,0,NA,"D","S","noaa_institutional_flag"
"USC00213463",2002,4,0,0,NA,"D","S","noaa_institutional_flag"
"USC00213463",2006,2,0,0,NA,"D","S","noaa_institutional_flag"
"USC00213463",2010,1,0,0,NA,"D","S","noaa_institutional_flag"
"USC00213463",2013,3,0,0,NA,"D","S","noaa_institutional_flag"
"USC00213520",1990,11,2.8,2.8,NA,"D","S","noaa_institutional_flag"
"USC00213756",1966,10,0,NA,NA,"D","S","noaa_institutional_flag"
"USC00213756",1993,12,0,NA,NA,"D","S","noaa_institutional_flag"
"USC00213808",2007,1,10.2,10.2,NA,"D","S","noaa_institutional_flag"
"USC00214103",1998,2,0,NA,NA,"D","S","noaa_institutional_flag"
"USC00214103",2000,4,0,NA,NA,"D","S","noaa_institutional_flag"
"USC00214438",1987,12,1.3,1.3,NA,"D","S","noaa_institutional_flag"
"USC00214438",2001,2,10.2,10.2,NA,"D","S","noaa_institutional_flag"
"USC00214438",2004,3,17.6,17.6,NA,"D","S","noaa_institutional_flag"
"USC00214652",2009,7,0,0,NA,"D","S","noaa_institutional_flag"
"USC00214884",1993,2,0,NA,NA,"D","S","noaa_institutional_flag"
"USC00215012",1998,12,0,NA,NA,"D","S","noaa_institutional_flag"
"USC00215012",2022,7,0,0,NA,"D","S","noaa_institutional_flag"
"USC00215638",1918,12,0,0,NA,"D","S","noaa_institutional_flag"
"USC00216276",1996,12,2,2,NA,"D","S","noaa_institutional_flag"
"USC00216405",1969,2,5.1,5.1,NA,"D","S","noaa_institutional_flag"
"USC00216795",2014,12,0,NA,NA,"D","S","noaa_institutional_flag"
"USC00216817",2010,12,0,0,NA,"D","S","noaa_institutional_flag"
"USC00216849",1975,12,0,0,NA,"D","S","noaa_institutional_flag"
"USC00216920",2006,8,19.1,19.1,NA,"D","S","noaa_institutional_flag"
"USC00218247",1983,6,68.8,68.8,NA,"D","S","noaa_institutional_flag"
"USC00218247",1992,10,108,108,NA,"D","T","noaa_institutional_flag"
"USC00218247",2000,12,0,0,NA,"D","S","noaa_institutional_flag"
"USC00218247",2001,2,0,0,NA,"D","S","noaa_institutional_flag"
"USC00218247",2010,11,127,127,NA,"D","S","noaa_institutional_flag"
"USC00218247",2010,2,0,0,NA,"D","S","noaa_institutional_flag"
"USC00218247",2012,11,0,0,NA,"D","S","noaa_institutional_flag"
"USC00218254",1982,4,0,NA,NA,"D","S","noaa_institutional_flag"
"USC00218254",1991,3,0,NA,NA,"D","S","noaa_institutional_flag"
"USC00218254",1993,12,0,NA,NA,"D","S","noaa_institutional_flag"
"USC00218254",2021,1,2.5,2.5,NA,"D","S","noaa_institutional_flag"
"USC00218332",1942,9,16.3,16.3,NA,"D","S","noaa_institutional_flag"
"USC00218808",2009,7,0,0,NA,"D","S","noaa_institutional_flag"
"USC00219067",1989,3,5.1,5.1,NA,"D","S","noaa_institutional_flag"
"USC00219166",1907,5,0,0,NA,"D","S","noaa_institutional_flag"
"USC00219173",2009,11,0,0,NA,"D","S","noaa_institutional_flag"
"USC00219249",1958,5,23.4,23.4,NA,"D","S","noaa_institutional_flag"
"USC00220378",1964,10,27.2,27.2,NA,"D","S","noaa_institutional_flag"
"USC00220519",1952,11,35.8,35.8,NA,"D","S","noaa_institutional_flag"
"USC00220523",1998,12,0,0,NA,"D","S","noaa_institutional_flag"
"USC00220656",1991,6,47,47,NA,"D","S","noaa_institutional_flag"
"USC00220660",1968,8,38.4,38.4,NA,"D","S","noaa_institutional_flag"
"USC00220660",2002,6,0,0,NA,"D","S","noaa_institutional_flag"
"USC00220955",2009,5,0,0,NA,"D","S","noaa_institutional_flag"
"USC00221152",1982,1,17,17,NA,"D","S","noaa_institutional_flag"
"USC00221389",1934,4,8.9,8.9,NA,"D","S","noaa_institutional_flag"
"USC00221880",1998,12,0,0,NA,"D","S","noaa_institutional_flag"
"USC00222722",2000,12,51.1,51.1,NA,"D","S","noaa_institutional_flag"
"USC00222722",2002,6,0,NA,NA,"D","S","noaa_institutional_flag"
"USC00222773",2009,9,0,0,NA,"D","S","noaa_institutional_flag"
"USC00223516",2007,10,52.1,52.1,NA,"D","S","noaa_institutional_flag"
"USC00223671",1947,10,0,0,NA,"D","S","noaa_institutional_flag"
"USC00224702",1998,12,0,0,NA,"D","S","noaa_institutional_flag"
"USC00224776",1895,4,0,0,NA,"D","S","noaa_institutional_flag"
"USC00224842",2010,3,0,0,NA,"D","S","noaa_institutional_flag"
"USC00225247",1998,12,0,0,NA,"D","S","noaa_institutional_flag"
"USC00225789",1998,3,0,0,NA,"D","S","noaa_institutional_flag"
"USC00225987",1907,4,2.5,2.5,NA,"D","S","noaa_institutional_flag"
"USC00226084",2010,2,0,0,NA,"D","S","noaa_institutional_flag"
"USC00226476",1948,11,0,0,NA,"D","S","noaa_institutional_flag"
"USC00226476",1948,9,0,NA,NA,"D","S","noaa_institutional_flag"
"USC00226476",1949,2,2.8,2.8,NA,"D","S","noaa_institutional_flag"
"USC00226476",1949,4,7.9,7.9,NA,"D","S","noaa_institutional_flag"
"USC00226476",1949,6,3.3,3.3,NA,"D","S","noaa_institutional_flag"
"USC00226476",1950,12,0,0,NA,"D","S","noaa_institutional_flag"
"USC00226476",1950,3,5.6,5.6,NA,"D","S","noaa_institutional_flag"
"USC00226476",1950,4,0,0,NA,"D","S","noaa_institutional_flag"
"USC00226476",1950,5,0,NA,NA,"D","S","noaa_institutional_flag"
"USC00226476",1950,6,2.3,2.3,NA,"D","S","noaa_institutional_flag"
"USC00226476",1950,8,1,1,NA,"D","S","noaa_institutional_flag"
"USC00226476",1951,3,4.3,4.3,NA,"D","S","noaa_institutional_flag"
"USC00226476",1951,6,0,0,NA,"D","S","noaa_institutional_flag"
"USC00226476",1952,2,2.3,2.3,NA,"D","S","noaa_institutional_flag"
"USC00226476",1952,5,0,0,NA,"D","S","noaa_institutional_flag"
"USC00226476",1953,1,6.6,6.6,NA,"D","S","noaa_institutional_flag"
"USC00226476",1953,12,3.3,3.3,NA,"D","S","noaa_institutional_flag"
"USC00226476",1953,2,13.2,13.2,NA,"D","S","noaa_institutional_flag"
"USC00226476",1953,4,0,0,NA,"D","S","noaa_institutional_flag"
"USC00226476",1953,5,3.3,3.3,NA,"D","S","noaa_institutional_flag"
"USC00226476",1954,11,0,0,NA,"D","S","noaa_institutional_flag"
"USC00226476",1954,4,0,0,NA,"D","S","noaa_institutional_flag"
"USC00226476",1954,5,5.6,5.6,NA,"D","S","noaa_institutional_flag"
"USC00226476",1955,3,0,NA,NA,"D","S","noaa_institutional_flag"
"USC00226476",1955,4,0.5,0.5,NA,"D","S","noaa_institutional_flag"
"USC00226476",1955,5,1,1,NA,"D","T","noaa_institutional_flag"
"USC00226476",1956,3,0,0,NA,"D","S","noaa_institutional_flag"
"USC00226476",1956,5,0,0,NA,"D","S","noaa_institutional_flag"
"USC00226476",1956,6,0,NA,NA,"D","S","noaa_institutional_flag"
"USC00226476",1957,11,0,NA,NA,"D","S","noaa_institutional_flag"
"USC00226476",1957,12,1,1,NA,"D","T","noaa_institutional_flag"
"USC00226476",1957,5,5.8,5.8,NA,"D","S","noaa_institutional_flag"
"USC00226476",1957,6,1.8,1.8,NA,"D","T","noaa_institutional_flag"
"USC00226476",1957,9,0,0,NA,"D","S","noaa_institutional_flag"
"USC00226515",1905,7,50.8,50.8,NA,"D","S","noaa_institutional_flag"
"USC00226718",2009,5,0,0,NA,"D","S","noaa_institutional_flag"
"USC00226750",1999,7,27.4,27.4,NA,"D","S","noaa_institutional_flag"
"USC00226780",1962,9,0,0,NA,"D","S","noaa_institutional_flag"
"USC00226894",1993,5,0,0,NA,"D","S","noaa_institutional_flag"
"USC00227128",2009,9,0,0,NA,"D","S","noaa_institutional_flag"
"USC00227537",1951,7,7.4,7.4,NA,"D","S","noaa_institutional_flag"
"USC00227560",1951,2,3.3,3.3,NA,"D","S","noaa_institutional_flag"
"USC00227921",2009,9,0,0,NA,"D","S","noaa_institutional_flag"
"USC00228145",1982,11,66,66,NA,"D","S","noaa_institutional_flag"
"USC00228792",2002,8,19.1,19.1,NA,"D","S","noaa_institutional_flag"
"USC00229159",2000,12,47,47,NA,"D","S","noaa_institutional_flag"
"USC00229159",2010,6,0,0,NA,"D","S","noaa_institutional_flag"
"USC00229597",1949,7,0,0,NA,"D","S","noaa_institutional_flag"
"USC00230304",1989,7,0.5,0.5,NA,"D","S","noaa_institutional_flag"
"USC00230304",2000,12,0,0,NA,"D","S","noaa_institutional_flag"
"USC00230357",1964,2,30,30,NA,"D","S","noaa_institutional_flag"
"USC00231101",1991,1,9.7,9.7,NA,"D","S","noaa_institutional_flag"
"USC00231101",2010,3,46,46,NA,"D","S","noaa_institutional_flag"
"USC00231141",2008,5,24.1,24.1,NA,"D","S","noaa_institutional_flag"
"USC00231540",1987,1,7.6,7.6,NA,"D","S","noaa_institutional_flag"
"USC00231711",1969,9,15.7,15.7,NA,"D","S","noaa_institutional_flag"
"USC00231822",1968,12,39.4,39.4,NA,"D","S","noaa_institutional_flag"
"USC00232004",1917,6,2.3,2.3,NA,"D","S","noaa_institutional_flag"
"USC00232043",1950,3,5.1,5.1,NA,"D","S","noaa_institutional_flag"
"USC00232474",1947,3,13.7,13.7,NA,"D","S","noaa_institutional_flag"
"USC00232474",2000,9,27.2,27.2,NA,"D","S","noaa_institutional_flag"
"USC00232474",2003,2,0,NA,NA,"D","S","noaa_institutional_flag"
"USC00232511",1991,1,0,NA,NA,"D","S","noaa_institutional_flag"
"USC00232591",2024,12,61.2,61.2,NA,"D","S","noaa_institutional_flag"
"USC00232619",2000,1,26.7,26.7,NA,"D","S","noaa_institutional_flag"
"USC00232729",1995,12,1,1,NA,"D","S","noaa_institutional_flag"
"USC00233043",1991,1,6.4,6.4,NA,"D","S","noaa_institutional_flag"
"USC00233102",1989,12,0,0,NA,"D","S","noaa_institutional_flag"
"USC00233713",1977,8,25.4,25.4,NA,"D","S","noaa_institutional_flag"
"USC00234019",2014,9,25.4,25.4,NA,"D","S","noaa_institutional_flag"
"USC00234136",1994,8,0,0,NA,"D","S","noaa_institutional_flag"
"USC00234291",1996,12,10.4,10.4,NA,"D","S","noaa_institutional_flag"
"USC00234291",2000,1,0,0,NA,"D","S","noaa_institutional_flag"
"USC00234291",2000,2,0,0,NA,"D","T","noaa_institutional_flag"
"USC00234291",2000,3,0,0,NA,"D","S","noaa_institutional_flag"
"USC00234291",2000,4,0,0,NA,"D","S","noaa_institutional_flag"
"USC00234317",1905,9,1,1,NA,"D","S","noaa_institutional_flag"
"USC00234505",2005,12,15.2,15.2,NA,"D","S","noaa_institutional_flag"
"USC00234505",2006,7,22.9,22.9,NA,"D","S","noaa_institutional_flag"
"USC00234544",1909,11,50.8,50.8,NA,"D","S","noaa_institutional_flag"
"USC00234544",1996,1,20.3,20.3,NA,"D","S","noaa_institutional_flag"
"USC00234637",1971,11,36.8,36.8,NA,"D","S","noaa_institutional_flag"
"USC00234825",2007,1,1,1,NA,"D","T","noaa_institutional_flag"
"USC00234825",2014,3,3.6,3.6,NA,"D","S","noaa_institutional_flag"
"USC00234924",1990,4,8.1,8.1,NA,"D","S","noaa_institutional_flag"
"USC00234924",1991,1,46.5,46.5,NA,"D","S","noaa_institutional_flag"
"USC00235093",1929,1,0,0,NA,"D","S","noaa_institutional_flag"
"USC00235121",1980,4,6.4,6.4,NA,"D","S","noaa_institutional_flag"
"USC00235492",1991,1,0,0,NA,"D","S","noaa_institutional_flag"
"USC00235492",1991,3,45.7,45.7,NA,"D","S","noaa_institutional_flag"
"USC00235519",1974,11,6.4,6.4,NA,"D","S","noaa_institutional_flag"
"USC00235519",1974,9,0,NA,NA,"D","S","noaa_institutional_flag"
"USC00235671",1949,2,5.1,5.1,NA,"D","S","noaa_institutional_flag"
"USC00236012",2024,12,0,0,NA,"D","S","noaa_institutional_flag"
"USC00236045",2007,9,49.8,49.8,NA,"D","S","noaa_institutional_flag"
"USC00236269",2003,2,2.5,2.5,NA,"D","S","noaa_institutional_flag"
"USC00236357",1993,1,2,2,NA,"D","S","noaa_institutional_flag"
"USC00236641",1985,3,2.5,2.5,NA,"D","S","noaa_institutional_flag"
"USC00236641",1991,2,0,0,NA,"D","S","noaa_institutional_flag"
"USC00236641",1996,1,0,NA,NA,"D","S","noaa_institutional_flag"
"USC00236678",1993,1,16,16,NA,"D","S","noaa_institutional_flag"
"USC00236739",2001,2,0,0,NA,"D","T","noaa_institutional_flag"
"USC00236739",2003,10,0,NA,NA,"D","S","noaa_institutional_flag"
"USC00236826",1998,7,0,0,NA,"D","S","noaa_institutional_flag"
"USC00236866",1895,2,0,NA,NA,"D","S","noaa_institutional_flag"
"USC00236866",2001,1,0,0,NA,"D","S","noaa_institutional_flag"
"USC00236866",2001,2,0,0,NA,"D","S","noaa_institutional_flag"
"USC00237398",1988,10,0,0,NA,"D","S","noaa_institutional_flag"
"USC00237398",2000,1,0,NA,NA,"D","S","noaa_institutional_flag"
"USC00237656",2001,11,42.7,42.7,NA,"D","S","noaa_institutional_flag"
"USC00237813",1997,4,34.3,34.3,NA,"D","S","noaa_institutional_flag"
"USC00238003",1997,12,0,0,NA,"D","S","noaa_institutional_flag"
"USC00238003",1998,2,0,0,NA,"D","S","noaa_institutional_flag"
"USC00238003",2001,1,0,0,NA,"D","S","noaa_institutional_flag"
"USC00238043",2003,1,0,0,NA,"D","S","noaa_institutional_flag"
"USC00238112",2003,2,0,NA,NA,"D","S","noaa_institutional_flag"
"USC00238184",1992,11,0,NA,NA,"D","S","noaa_institutional_flag"
"USC00238184",1992,7,50.8,50.8,NA,"D","S","noaa_institutional_flag"
"USC00238184",1992,9,63.5,63.5,NA,"D","S","noaa_institutional_flag"
"USC00238444",1987,4,16.5,16.5,NA,"D","S","noaa_institutional_flag"
"USC00238569",1945,12,3,3,NA,"D","S","noaa_institutional_flag"
"USC00238569",1984,11,82.6,82.6,NA,"D","S","noaa_institutional_flag"
"USC00238603",2000,12,0,0,NA,"D","S","noaa_institutional_flag"
"USC00238664",1948,8,16,16,NA,"D","S","noaa_institutional_flag"
"USC00238664",1949,1,43.4,43.4,NA,"D","S","noaa_institutional_flag"
"USC00238712",1959,3,2,2,NA,"D","S","noaa_institutional_flag"
"USC00238712",1998,2,2,2,NA,"D","S","noaa_institutional_flag"
"USC00238725",2000,12,0,0,NA,"D","S","noaa_institutional_flag"
"USC00238725",2001,10,0,0,NA,"D","S","noaa_institutional_flag"
"USC00238725",2002,2,6.9,6.9,NA,"D","S","noaa_institutional_flag"
"USC00238725",2003,2,24.1,24.1,NA,"D","S","noaa_institutional_flag"
"USC00238754",1998,12,0,0,NA,"D","S","noaa_institutional_flag"
"USC00238754",2014,10,0,0,NA,"D","S","noaa_institutional_flag"
"USC00238768",1971,5,28.7,28.7,NA,"D","S","noaa_institutional_flag"
"USC00238799",1957,9,12.7,12.7,NA,"D","S","noaa_institutional_flag"
"USC00238995",1901,12,77.5,77.5,NA,"D","S","noaa_institutional_flag"
"USC00238995",1998,11,0,0,NA,"D","T","noaa_institutional_flag"
"USC00238995",1998,12,0,0,NA,"D","S","noaa_institutional_flag"
"USC00238995",1998,6,0,0,NA,"D","S","noaa_institutional_flag"
"USC00238995",1998,8,0,0,NA,"D","S","noaa_institutional_flag"
"USC00238995",1998,9,0,0,NA,"D","T","noaa_institutional_flag"
"USC00240056",2022,11,4.6,4.6,NA,"D","S","noaa_institutional_flag"
"USC00240056",2025,11,2,2,NA,"D","S","noaa_institutional_flag"
"USC00240075",2001,1,0,0,NA,"D","S","noaa_institutional_flag"
"USC00240075",2001,2,0,0,NA,"D","S","noaa_institutional_flag"
"USC00240088",2011,1,0,NA,NA,"D","S","noaa_institutional_flag"
"USC00240088",2012,6,14,14,NA,"D","S","noaa_institutional_flag"
"USC00240110",1973,12,16.5,16.5,NA,"D","S","noaa_institutional_flag"
"USC00240199",1904,6,0,NA,NA,"D","S","noaa_institutional_flag"
"USC00240364",1916,12,10.2,10.2,NA,"D","S","noaa_institutional_flag"
"USC00240364",1916,8,39.6,39.6,NA,"D","S","noaa_institutional_flag"
"USC00240364",1917,1,0,NA,NA,"D","S","noaa_institutional_flag"
"USC00240364",1917,10,10.2,10.2,NA,"D","S","noaa_institutional_flag"
"USC00240364",1917,12,0,0,NA,"D","S","noaa_institutional_flag"
"USC00240364",2011,3,0,0,NA,"D","S","noaa_institutional_flag"
"USC00240375",2007,2,14,14,NA,"D","S","noaa_institutional_flag"
"USC00240375",2009,3,0,0,NA,"D","S","noaa_institutional_flag"
"USC00240375",2010,11,27.7,27.7,NA,"D","S","noaa_institutional_flag"
"USC00240375",2010,12,12.7,12.7,NA,"D","S","noaa_institutional_flag"
"USC00240375",2010,3,0,0,NA,"D","S","noaa_institutional_flag"
"USC00240375",2010,5,7.6,7.6,NA,"D","S","noaa_institutional_flag"
"USC00240375",2010,9,21.6,21.6,NA,"D","S","noaa_institutional_flag"
"USC00240392",1999,1,10.2,10.2,NA,"D","S","noaa_institutional_flag"
"USC00240392",2010,12,0,0,NA,"D","S","noaa_institutional_flag"
"USC00240432",1964,12,0.8,0.8,NA,"D","S","noaa_institutional_flag"
"USC00240432",2009,12,0,0,NA,"D","S","noaa_institutional_flag"
"USC00240432",2009,3,12.7,12.7,NA,"D","S","noaa_institutional_flag"
"USC00240432",2010,6,0,0,NA,"D","S","noaa_institutional_flag"
"USC00240554",2008,7,0,0,NA,"D","S","noaa_institutional_flag"
"USC00240739",1982,1,2.5,2.5,NA,"D","S","noaa_institutional_flag"
"USC00240739",1989,11,0,0,NA,"D","S","noaa_institutional_flag"
"USC00240755",1963,7,6.9,6.9,NA,"D","S","noaa_institutional_flag"
"USC00240770",1942,11,8.1,8.1,NA,"D","S","noaa_institutional_flag"
"USC00240819",1972,1,12.2,12.2,NA,"D","S","noaa_institutional_flag"
"USC00240877",1996,1,0,NA,NA,"D","S","noaa_institutional_flag"
"USC00241102",1930,5,0,NA,NA,"D","S","noaa_institutional_flag"
"USC00241202",1924,4,6.4,6.4,NA,"D","S","noaa_institutional_flag"
"USC00241450",1975,3,3.8,3.8,NA,"D","S","noaa_institutional_flag"
"USC00241450",1977,6,27.7,27.7,NA,"D","S","noaa_institutional_flag"
"USC00241730",2024,1,0,NA,NA,"D","S","noaa_institutional_flag"
"USC00241730",2024,8,5,5,NA,"D","S","noaa_institutional_flag"
"USC00242221",2016,1,6.4,6.4,NA,"D","S","noaa_institutional_flag"
"USC00242221",2016,2,16.5,16.5,NA,"D","S","noaa_institutional_flag"
"USC00242221",2017,1,0,0,NA,"D","S","noaa_institutional_flag"
"USC00242221",2017,2,24.9,24.9,NA,"D","S","noaa_institutional_flag"
"USC00242221",2019,3,7.6,7.6,NA,"D","S","noaa_institutional_flag"
"USC00242266",1908,8,12.7,12.7,NA,"D","S","noaa_institutional_flag"
"USC00242273",1895,11,0.5,0.5,NA,"D","S","noaa_institutional_flag"
"USC00242273",1896,11,0,0,NA,"D","S","noaa_institutional_flag"
"USC00242273",1904,3,0,NA,NA,"D","S","noaa_institutional_flag"
"USC00242275",1986,1,0.5,0.5,NA,"D","S","noaa_institutional_flag"
"USC00242275",1987,12,0,NA,NA,"D","S","noaa_institutional_flag"
"USC00242275",1990,10,5.1,5.1,NA,"D","S","noaa_institutional_flag"
"USC00242275",1991,12,2.8,2.8,NA,"D","S","noaa_institutional_flag"
"USC00242275",1991,4,0.8,0.8,NA,"D","S","noaa_institutional_flag"
"USC00242275",1994,10,4.3,4.3,NA,"D","S","noaa_institutional_flag"
"USC00242275",1994,3,0,0,NA,"D","S","noaa_institutional_flag"
"USC00242275",1996,12,31.8,31.8,NA,"D","S","noaa_institutional_flag"
"USC00242275",1997,11,0,0,NA,"D","S","noaa_institutional_flag"
"USC00242275",1997,4,9.7,9.7,NA,"D","S","noaa_institutional_flag"
"USC00242275",2001,4,1.8,1.8,NA,"D","S","noaa_institutional_flag"
"USC00242275",2005,11,10.1,10.1,NA,"D","S","noaa_institutional_flag"
"USC00242275",2019,3,2.8,2.8,NA,"D","S","noaa_institutional_flag"
"USC00242275",2021,11,2.3,2.3,NA,"D","S","noaa_institutional_flag"
"USC00242301",1963,1,11.4,11.4,NA,"D","S","noaa_institutional_flag"
"USC00242301",2002,3,0,0,NA,"D","S","noaa_institutional_flag"
"USC00242301",2007,5,0,0,NA,"D","S","noaa_institutional_flag"
"USC00242421",1998,11,0,NA,NA,"D","S","noaa_institutional_flag"
"USC00242421",1999,4,0,NA,NA,"D","S","noaa_institutional_flag"
"USC00242421",2001,10,0,0,NA,"D","S","noaa_institutional_flag"
"USC00242421",2002,8,0,0,NA,"D","S","noaa_institutional_flag"
"USC00242421",2005,3,6.8,6.8,NA,"D","S","noaa_institutional_flag"
"USC00242421",2014,11,0,NA,NA,"D","S","noaa_institutional_flag"
"USC00242421",2014,12,0,NA,NA,"D","S","noaa_institutional_flag"
"USC00242550",1921,3,0,NA,NA,"D","S","noaa_institutional_flag"
"USC00242629",2023,10,7.4,7.4,NA,"D","S","noaa_institutional_flag"
"USC00242793",1948,2,1.5,1.5,NA,"D","S","noaa_institutional_flag"
"USC00242820",1989,2,2.5,2.5,NA,"D","S","noaa_institutional_flag"
"USC00242820",2007,6,7.6,7.6,NA,"D","S","noaa_institutional_flag"
"USC00242996",2020,6,5.6,5.6,NA,"D","S","noaa_institutional_flag"
"USC00243157",1899,7,0,NA,NA,"D","S","noaa_institutional_flag"
"USC00243157",1907,8,1.8,1.8,NA,"D","S","noaa_institutional_flag"
"USC00243378",1978,3,0,NA,NA,"D","S","noaa_institutional_flag"
"USC00243378",1983,1,0.5,0.5,NA,"D","S","noaa_institutional_flag"
"USC00243378",1984,1,1,1,NA,"D","S","noaa_institutional_flag"
"USC00243378",1987,2,0,NA,NA,"D","S","noaa_institutional_flag"
"USC00243378",1989,1,4.8,4.8,NA,"D","S","noaa_institutional_flag"
"USC00243378",1989,11,3,3,NA,"D","S","noaa_institutional_flag"
"USC00243378",1989,2,0.5,0.5,NA,"D","S","noaa_institutional_flag"
"USC00243378",1990,1,5.1,5.1,NA,"D","S","noaa_institutional_flag"
"USC00243378",1990,11,0,NA,NA,"D","S","noaa_institutional_flag"
"USC00243378",1990,2,0.5,0.5,NA,"D","S","noaa_institutional_flag"
"USC00243378",1998,12,15.2,15.2,NA,"D","S","noaa_institutional_flag"
"USC00243378",2000,3,0,NA,NA,"D","S","noaa_institutional_flag"
"USC00243378",2001,12,7.2,7.2,NA,"D","S","noaa_institutional_flag"
"USC00243378",2002,10,1.3,1.3,NA,"D","S","noaa_institutional_flag"
"USC00243378",2002,12,0,NA,NA,"D","S","noaa_institutional_flag"
"USC00243378",2003,11,3.3,3.3,NA,"D","S","noaa_institutional_flag"
"USC00243378",2003,12,5,5,NA,"D","S","noaa_institutional_flag"
"USC00243378",2010,12,12.2,12.2,NA,"D","S","noaa_institutional_flag"
"USC00243378",2013,2,10.2,10.2,NA,"D","S","noaa_institutional_flag"
"USC00243378",2017,11,0.8,0.8,NA,"D","S","noaa_institutional_flag"
"USC00243378",2017,9,0.3,0.3,NA,"D","S","noaa_institutional_flag"
"USC00243378",2018,5,0,0,NA,"D","S","noaa_institutional_flag"
"USC00243378",2019,10,6.1,6.1,NA,"D","S","noaa_institutional_flag"
"USC00243378",2019,4,0,0,NA,"D","S","noaa_institutional_flag"
"USC00243378",2020,2,0,0,NA,"D","S","noaa_institutional_flag"
"USC00243378",2020,4,0,0,NA,"D","S","noaa_institutional_flag"
"USC00243378",2020,5,0.5,0.5,NA,"D","S","noaa_institutional_flag"
"USC00243378",2021,1,3.3,3.3,NA,"D","S","noaa_institutional_flag"
"USC00243489",2009,3,0.8,0.8,NA,"D","S","noaa_institutional_flag"
"USC00243570",1973,12,6.4,6.4,NA,"D","S","noaa_institutional_flag"
"USC00243885",1917,12,0,NA,NA,"D","S","noaa_institutional_flag"
"USC00243885",1917,4,0,0,NA,"D","S","noaa_institutional_flag"
"USC00243885",1922,4,0,0,NA,"D","S","noaa_institutional_flag"
"USC00243885",1924,3,0,0,NA,"D","S","noaa_institutional_flag"
"USC00243915",1983,3,0,NA,NA,"D","S","noaa_institutional_flag"
"USC00243915",1986,3,0,NA,NA,"D","S","noaa_institutional_flag"
"USC00243915",2013,4,4.3,4.3,NA,"D","S","noaa_institutional_flag"
"USC00243939",1951,9,0,NA,NA,"D","S","noaa_institutional_flag"
"USC00243939",1954,5,1,1,NA,"D","S","noaa_institutional_flag"
"USC00244038",2022,2,0,0,NA,"D","S","noaa_institutional_flag"
"USC00244248",2010,11,4.6,4.6,NA,"D","S","noaa_institutional_flag"
"USC00244248",2018,11,5.3,5.3,NA,"D","S","noaa_institutional_flag"
"USC00244368",1982,3,7.6,7.6,NA,"D","S","noaa_institutional_flag"
"USC00244368",1984,12,0,0,NA,"D","S","noaa_institutional_flag"
"USC00244368",1984,3,16.5,16.5,NA,"D","S","noaa_institutional_flag"
"USC00244368",1986,11,8.6,8.6,NA,"D","S","noaa_institutional_flag"
"USC00244368",1989,12,10.4,10.4,NA,"D","S","noaa_institutional_flag"
"USC00244447",1986,4,20.3,20.3,NA,"D","S","noaa_institutional_flag"
"USC00244462",1962,9,5.3,5.3,NA,"D","S","noaa_institutional_flag"
"USC00244538",2001,2,0,0,NA,"D","S","noaa_institutional_flag"
"USC00244538",2003,3,0,0,NA,"D","S","noaa_institutional_flag"
"USC00244538",2006,3,12.2,12.2,NA,"D","S","noaa_institutional_flag"
"USC00244538",2007,4,5.1,5.1,NA,"D","S","noaa_institutional_flag"
"USC00244538",2010,2,0,0,NA,"D","S","noaa_institutional_flag"
"USC00244538",2010,5,0,0,NA,"D","S","noaa_institutional_flag"
"USC00244560",2012,2,27.9,27.9,NA,"D","S","noaa_institutional_flag"
"USC00244820",1905,12,0,NA,NA,"D","S","noaa_institutional_flag"
"USC00244820",2011,11,22.9,22.9,NA,"D","S","noaa_institutional_flag"
"USC00244820",2012,11,25.4,25.4,NA,"D","S","noaa_institutional_flag"
"USC00244820",2013,1,16.5,16.5,NA,"D","S","noaa_institutional_flag"
"USC00244820",2016,12,19.8,19.8,NA,"D","S","noaa_institutional_flag"
"USC00244820",2017,1,37.1,37.1,NA,"D","S","noaa_institutional_flag"
"USC00244820",2018,11,0,0,NA,"D","S","noaa_institutional_flag"
"USC00244820",2019,1,0,0,NA,"D","S","noaa_institutional_flag"
"USC00244820",2019,12,27.9,27.9,NA,"D","S","noaa_institutional_flag"
"USC00244820",2019,4,18.3,18.3,NA,"D","S","noaa_institutional_flag"
"USC00244820",2021,11,8.9,8.9,NA,"D","S","noaa_institutional_flag"
"USC00244820",2022,3,0,0,NA,"D","S","noaa_institutional_flag"
"USC00244820",2022,4,33.5,33.5,NA,"D","S","noaa_institutional_flag"
"USC00244820",2022,5,15,15,NA,"D","S","noaa_institutional_flag"
"USC00244820",2023,1,12.2,12.2,NA,"D","S","noaa_institutional_flag"
"USC00244820",2023,10,5.1,5.1,NA,"D","S","noaa_institutional_flag"
"USC00244820",2023,12,0,0,NA,"D","S","noaa_institutional_flag"
"USC00244954",2017,5,12.7,12.7,NA,"D","S","noaa_institutional_flag"
"USC00245020",2016,12,58.5,58.5,NA,"D","S","noaa_institutional_flag"
"USC00245020",2017,2,46,46,NA,"D","S","noaa_institutional_flag"
"USC00245020",2017,3,91.4,91.4,NA,"D","S","noaa_institutional_flag"
"USC00245020",2018,1,40.9,40.9,NA,"D","S","noaa_institutional_flag"
"USC00245285",1933,12,0,NA,NA,"D","S","noaa_institutional_flag"
"USC00245303",2024,12,0.5,0.5,NA,"D","S","noaa_institutional_flag"
"USC00245303",2025,3,2,2,NA,"D","S","noaa_institutional_flag"
"USC00245351",1901,6,1,1,NA,"D","S","noaa_institutional_flag"
"USC00245572",1929,6,19.1,19.1,NA,"D","S","noaa_institutional_flag"
"USC00245666",1933,2,0.5,0.5,NA,"D","S","noaa_institutional_flag"
"USC00245666",1936,4,0.5,0.5,NA,"D","S","noaa_institutional_flag"
"USC00245666",1937,1,1.3,1.3,NA,"D","S","noaa_institutional_flag"
"USC00245712",2019,4,12.7,12.7,NA,"D","S","noaa_institutional_flag"
"USC00245712",2020,10,0,0,NA,"D","S","noaa_institutional_flag"
"USC00245712",2020,4,0,0,NA,"D","S","noaa_institutional_flag"
"USC00245712",2021,1,12.7,12.7,NA,"D","S","noaa_institutional_flag"
"USC00245712",2021,4,0,0,NA,"D","S","noaa_institutional_flag"
"USC00245712",2021,5,0,0,NA,"D","S","noaa_institutional_flag"
"USC00245712",2022,11,0,0,NA,"D","S","noaa_institutional_flag"
"USC00245712",2022,12,0,0,NA,"D","S","noaa_institutional_flag"
"USC00245712",2022,5,0,0,NA,"D","S","noaa_institutional_flag"
"USC00245712",2023,1,25.4,25.4,NA,"D","S","noaa_institutional_flag"
"USC00245712",2023,6,38.1,38.1,NA,"D","S","noaa_institutional_flag"
"USC00245740",1945,10,0,0,NA,"D","S","noaa_institutional_flag"
"USC00246190",2019,10,15.5,15.5,NA,"D","S","noaa_institutional_flag"
"USC00246190",2020,3,0,0,NA,"D","S","noaa_institutional_flag"
"USC00246302",1940,12,0,0,NA,"D","S","noaa_institutional_flag"
"USC00246304",2000,12,0,0,NA,"D","S","noaa_institutional_flag"
"USC00246304",2001,3,0,NA,NA,"D","S","noaa_institutional_flag"
"USC00246304",2003,10,19.1,19.1,NA,"D","S","noaa_institutional_flag"
"USC00246304",2007,1,1,1,NA,"D","S","noaa_institutional_flag"
"USC00246304",2008,4,1.3,1.3,NA,"D","S","noaa_institutional_flag"
"USC00246307",1955,10,2.8,2.8,NA,"D","S","noaa_institutional_flag"
"USC00246307",1957,2,1.8,1.8,NA,"D","S","noaa_institutional_flag"
"USC00246472",2000,4,0,0,NA,"D","S","noaa_institutional_flag"
"USC00246472",2002,2,0,0,NA,"D","S","noaa_institutional_flag"
"USC00246475",1953,12,0,NA,NA,"D","S","noaa_institutional_flag"
"USC00246475",1955,2,0,NA,NA,"D","S","noaa_institutional_flag"
"USC00246562",1908,3,14,14,NA,"D","S","noaa_institutional_flag"
"USC00246562",1909,5,3.8,3.8,NA,"D","S","noaa_institutional_flag"
"USC00246635",1909,1,0,0,NA,"D","S","noaa_institutional_flag"
"USC00246672",2003,2,0,0,NA,"D","S","noaa_institutional_flag"
"USC00246747",2003,4,0,NA,NA,"D","S","noaa_institutional_flag"
"USC00246747",2003,5,0,NA,NA,"D","S","noaa_institutional_flag"
"USC00246747",2009,7,0,0,NA,"D","S","noaa_institutional_flag"
"USC00246893",2010,6,0,0,NA,"D","S","noaa_institutional_flag"
"USC00246927",2003,2,0,NA,NA,"D","S","noaa_institutional_flag"
"USC00247136",2004,1,1.5,1.5,NA,"D","S","noaa_institutional_flag"
"USC00247214",1931,3,1.3,1.3,NA,"D","S","noaa_institutional_flag"
"USC00247214",1987,3,7.1,7.1,NA,"D","S","noaa_institutional_flag"
"USC00247214",2000,12,182.9,182.9,NA,"D","T","noaa_institutional_flag"
"USC00247261",2013,10,25.4,25.4,NA,"D","S","noaa_institutional_flag"
"USC00247261",2023,7,0,0,NA,"D","S","noaa_institutional_flag"
"USC00247267",1925,4,31.5,31.5,NA,"D","S","noaa_institutional_flag"
"USC00247286",2004,12,0.5,0.5,NA,"D","S","noaa_institutional_flag"
"USC00247286",2025,2,17.8,17.8,NA,"D","S","noaa_institutional_flag"
"USC00247500",1954,1,9.7,9.7,NA,"D","S","noaa_institutional_flag"
"USC00247740",1999,1,0,0,NA,"D","S","noaa_institutional_flag"
"USC00247800",1982,11,5.1,5.1,NA,"D","S","noaa_institutional_flag"
"USC00247864",2023,4,12.2,12.2,NA,"D","S","noaa_institutional_flag"
"USC00247996",1996,1,0,NA,NA,"D","S","noaa_institutional_flag"
"USC00248021",2010,7,0,0,NA,"D","S","noaa_institutional_flag"
"USC00248093",1996,11,8.9,8.9,NA,"D","S","noaa_institutional_flag"
"USC00248165",1982,4,0,NA,NA,"D","S","noaa_institutional_flag"
"USC00248314",1966,1,2.5,2.5,NA,"D","S","noaa_institutional_flag"
"USC00248363",2001,4,0,0,NA,"D","S","noaa_institutional_flag"
"USC00248363",2009,8,0,0,NA,"D","S","noaa_institutional_flag"
"USC00248363",2017,2,4.1,4.1,NA,"D","S","noaa_institutional_flag"
"USC00248498",1930,1,0,NA,NA,"D","S","noaa_institutional_flag"
"USC00248597",1919,10,20.8,20.8,NA,"D","S","noaa_institutional_flag"
"USC00248607",1986,11,6.4,6.4,NA,"D","S","noaa_institutional_flag"
"USC00248607",1996,11,19.8,19.8,NA,"D","S","noaa_institutional_flag"
"USC00248607",2018,1,10.4,10.4,NA,"D","S","noaa_institutional_flag"
"USC00248607",2019,2,13.2,13.2,NA,"D","S","noaa_institutional_flag"
"USC00248607",2020,1,0,0,NA,"D","S","noaa_institutional_flag"
"USC00248607",2021,12,6.4,6.4,NA,"D","S","noaa_institutional_flag"
"USC00248607",2022,2,9.4,9.4,NA,"D","S","noaa_institutional_flag"
"USC00248777",2009,2,0,NA,NA,"D","S","noaa_institutional_flag"
"USC00248902",1998,2,2.5,2.5,NA,"D","S","noaa_institutional_flag"
"USC00248927",1911,8,0,NA,NA,"D","S","noaa_institutional_flag"
"USC00248927",1918,8,23.4,23.4,NA,"D","S","noaa_institutional_flag"
"USC00248927",1924,11,0,0,NA,"D","S","noaa_institutional_flag"
"USC00248957",1989,12,3.6,3.6,NA,"D","S","noaa_institutional_flag"
"USC00249033",1943,5,8.9,8.9,NA,"D","S","noaa_institutional_flag"
"USC00249067",1933,2,3.8,3.8,NA,"D","S","noaa_institutional_flag"
"USC00249067",2024,12,0,NA,NA,"D","S","noaa_institutional_flag"
"USC00249067",2025,1,0,0,NA,"D","S","noaa_institutional_flag"
"USC00249103",1976,1,0,NA,NA,"D","S","noaa_institutional_flag"
"USC00249103",1981,12,1.8,1.8,NA,"D","S","noaa_institutional_flag"
"USC00249103",1993,2,0,NA,NA,"D","S","noaa_institutional_flag"
"USC00249103",1996,12,9.1,9.1,NA,"D","S","noaa_institutional_flag"
"USC00249103",2004,1,17,17,NA,"D","S","noaa_institutional_flag"
"USC00249103",2018,9,38.1,38.1,NA,"D","S","noaa_institutional_flag"
"USC00249240",2023,7,0,0,NA,"D","S","noaa_institutional_flag"
"USC00250355",2017,4,24.6,24.6,NA,"D","S","noaa_institutional_flag"
"USC00250355",2017,5,69.9,69.9,NA,"D","S","noaa_institutional_flag"
"USC00250445",2003,2,0,0,NA,"D","S","noaa_institutional_flag"
"USC00250770",1942,2,2,2,NA,"D","S","noaa_institutional_flag"
"USC00250781",1985,4,0,NA,NA,"D","S","noaa_institutional_flag"
"USC00250810",1929,4,0,NA,NA,"D","S","noaa_institutional_flag"
"USC00251365",2009,7,0,0,NA,"D","S","noaa_institutional_flag"
"USC00251415",2003,4,0,0,NA,"D","S","noaa_institutional_flag"
"USC00251415",2003,5,0,0,NA,"D","S","noaa_institutional_flag"
"USC00251560",1948,2,0,NA,NA,"D","S","noaa_institutional_flag"
"USC00251590",1989,2,1.8,1.8,NA,"D","S","noaa_institutional_flag"
"USC00251602",2009,7,0,0,NA,"D","S","noaa_institutional_flag"
"USC00251684",2000,12,254,254,NA,"D","T","noaa_institutional_flag"
"USC00252000",2001,8,27.5,27.5,NA,"D","S","noaa_institutional_flag"
"USC00252805",2008,2,175.3,175.3,NA,"D","T","noaa_institutional_flag"
"USC00252805",2019,12,0,0,NA,"D","S","noaa_institutional_flag"
"USC00252805",2020,1,0,0,NA,"D","S","noaa_institutional_flag"
"USC00253015",2018,4,0,0,NA,"D","S","noaa_institutional_flag"
"USC00253015",2018,7,33,33,NA,"D","S","noaa_institutional_flag"
"USC00253075",1901,9,28,28,NA,"D","S","noaa_institutional_flag"
"USC00253355",1975,3,56.4,56.4,NA,"D","S","noaa_institutional_flag"
"USC00253461",1983,12,0,NA,NA,"D","S","noaa_institutional_flag"
"USC00253478",2022,8,0,0,NA,"D","S","noaa_institutional_flag"
"USC00253710",1926,4,325.4,325.4,NA,"D","T","noaa_institutional_flag"
"USC00253710",2010,5,0,0,NA,"D","S","noaa_institutional_flag"
"USC00255040",1901,12,15.2,15.2,NA,"D","S","noaa_institutional_flag"
"USC00255040",2000,7,5.1,5.1,NA,"D","S","noaa_institutional_flag"
"USC00255310",1906,8,25.4,25.4,NA,"D","S","noaa_institutional_flag"
"USC00255310",2019,8,6.1,6.1,NA,"D","S","noaa_institutional_flag"
"USC00255370",1941,4,8.7,8.7,NA,"D","S","noaa_institutional_flag"
"USC00255895",1978,10,0,NA,NA,"D","S","noaa_institutional_flag"
"USC00256552",2017,10,1.3,1.3,NA,"D","S","noaa_institutional_flag"
"USC00256552",2022,7,4.3,4.3,NA,"D","S","noaa_institutional_flag"
"USC00256837",1967,10,19.1,19.1,NA,"D","S","noaa_institutional_flag"
"USC00256837",1969,1,3.3,3.3,NA,"D","S","noaa_institutional_flag"
"USC00257030",1948,11,0,NA,NA,"D","S","noaa_institutional_flag"
"USC00257030",1948,12,0,NA,NA,"D","S","noaa_institutional_flag"
"USC00257318",1998,10,40.6,40.6,NA,"D","S","noaa_institutional_flag"
"USC00257318",1998,3,19.1,19.1,NA,"D","S","noaa_institutional_flag"
"USC00257415",1941,7,0.5,0.5,NA,"D","S","noaa_institutional_flag"
"USC00257415",1976,4,38.1,38.1,NA,"D","S","noaa_institutional_flag"
"USC00257415",1977,4,2,2,NA,"D","S","noaa_institutional_flag"
"USC00257415",2009,10,0,0,NA,"D","S","noaa_institutional_flag"
"USC00257415",2010,5,0,0,NA,"D","S","noaa_institutional_flag"
"USC00258650",1970,7,12.2,12.2,NA,"D","S","noaa_institutional_flag"
"USC00258650",1991,3,3.8,3.8,NA,"D","S","noaa_institutional_flag"
"USC00258755",2009,7,0,0,NA,"D","S","noaa_institutional_flag"
"USC00258875",1929,2,22.9,22.9,NA,"D","S","noaa_institutional_flag"
"USC00259020",2010,4,0,0,NA,"D","S","noaa_institutional_flag"
"USC00259150",1979,5,0,NA,NA,"D","S","noaa_institutional_flag"
"USC00259382",2000,6,0,0,NA,"D","S","noaa_institutional_flag"
"USC00260438",2025,4,0,0,NA,"D","S","noaa_institutional_flag"
"USC00260795",1945,3,6.4,6.4,NA,"D","S","noaa_institutional_flag"
"USC00260795",1947,4,2.5,2.5,NA,"D","S","noaa_institutional_flag"
"USC00260795",1955,12,3.8,3.8,NA,"D","S","noaa_institutional_flag"
"USC00260795",1955,4,0,0,NA,"D","S","noaa_institutional_flag"
"USC00260795",1969,10,0,NA,NA,"D","S","noaa_institutional_flag"
"USC00260795",1970,3,0,0,NA,"D","S","noaa_institutional_flag"
"USC00260795",1976,4,15.2,15.2,NA,"D","S","noaa_institutional_flag"
"USC00260800",2024,2,10.2,10.2,NA,"D","S","noaa_institutional_flag"
"USC00260800",2025,2,0,NA,NA,"D","S","noaa_institutional_flag"
"USC00261415",1990,5,0,0,NA,"D","S","noaa_institutional_flag"
"USC00261415",2001,12,0,0,NA,"D","S","noaa_institutional_flag"
"USC00261630",1978,11,10.2,10.2,NA,"D","S","noaa_institutional_flag"
"USC00261660",2002,12,0,0,NA,"D","S","noaa_institutional_flag"
"USC00261905",1998,11,7.1,7.1,NA,"D","S","noaa_institutional_flag"
"USC00261905",1999,2,2.8,2.8,NA,"D","S","noaa_institutional_flag"
"USC00261905",1999,4,0,0,NA,"D","S","noaa_institutional_flag"
"USC00261905",1999,5,0,NA,NA,"D","S","noaa_institutional_flag"
"USC00262296",1984,3,22.9,22.9,NA,"D","S","noaa_institutional_flag"
"USC00262708",1995,4,9.4,9.4,NA,"D","S","noaa_institutional_flag"
"USC00262840",1912,3,0,NA,NA,"D","S","noaa_institutional_flag"
"USC00263101",1943,3,1,1,NA,"D","S","noaa_institutional_flag"
"USC00263114",2010,3,6.6,6.6,NA,"D","S","noaa_institutional_flag"
"USC00263114",2011,2,11.7,11.7,NA,"D","S","noaa_institutional_flag"
"USC00263114",2016,11,8.1,8.1,NA,"D","S","noaa_institutional_flag"
"USC00263245",2001,12,18.5,18.5,NA,"D","S","noaa_institutional_flag"
"USC00263245",2001,2,0,0,NA,"D","S","noaa_institutional_flag"
"USC00263245",2001,4,0,0,NA,"D","S","noaa_institutional_flag"
"USC00263245",2002,12,5.6,5.6,NA,"D","S","noaa_institutional_flag"
"USC00263245",2007,10,0,0,NA,"D","S","noaa_institutional_flag"
"USC00263512",2011,3,5.3,5.3,NA,"D","S","noaa_institutional_flag"
"USC00264016",2016,3,4.8,4.8,NA,"D","S","noaa_institutional_flag"
"USC00264016",2023,12,0,NA,NA,"D","S","noaa_institutional_flag"
"USC00264016",2023,6,10.2,10.2,NA,"D","S","noaa_institutional_flag"
"USC00264016",2024,2,0,NA,NA,"D","S","noaa_institutional_flag"
"USC00264016",2025,12,0.8,0.8,NA,"D","S","noaa_institutional_flag"
"USC00264016",2025,3,8.1,8.1,NA,"D","S","noaa_institutional_flag"
"USC00264016",2026,4,0,NA,NA,"D","S","noaa_institutional_flag"
"USC00264095",2008,11,0,0,NA,"D","S","noaa_institutional_flag"
"USC00264095",2019,2,58.2,58.2,NA,"D","S","noaa_institutional_flag"
"USC00264095",2020,1,2.5,2.5,NA,"D","S","noaa_institutional_flag"
"USC00264236",2022,3,0,0,NA,"D","S","noaa_institutional_flag"
"USC00264349",1994,5,3.3,3.3,NA,"D","S","noaa_institutional_flag"
"USC00264935",1975,11,3,3,NA,"D","S","noaa_institutional_flag"
"USC00264950",2018,5,2.5,2.5,NA,"D","S","noaa_institutional_flag"
"USC00265085",1943,12,0,0,NA,"D","S","noaa_institutional_flag"
"USC00265191",1990,4,0,NA,NA,"D","S","noaa_institutional_flag"
"USC00265371",2003,11,0,0,NA,"D","S","noaa_institutional_flag"
"USC00265392",1995,4,18.3,18.3,NA,"D","S","noaa_institutional_flag"
"USC00266005",1952,1,40.9,40.9,NA,"D","S","noaa_institutional_flag"
"USC00267123",1944,5,0.5,0.5,NA,"D","S","noaa_institutional_flag"
"USC00267123",1958,6,2.5,2.5,NA,"D","S","noaa_institutional_flag"
"USC00267192",2025,3,0,0,NA,"D","S","noaa_institutional_flag"
"USC00267284",1912,12,2.5,2.5,NA,"D","S","noaa_institutional_flag"
"USC00267284",1936,1,5.8,5.8,NA,"D","S","noaa_institutional_flag"
"USC00267710",1942,11,4.1,4.1,NA,"D","S","noaa_institutional_flag"
"USC00267750",1995,1,5.3,5.3,NA,"D","S","noaa_institutional_flag"
"USC00267820",2009,12,4.3,4.3,NA,"D","S","noaa_institutional_flag"
"USC00267873",1950,3,0,NA,NA,"D","S","noaa_institutional_flag"
"USC00267908",2009,2,0.3,0.3,NA,"D","S","noaa_institutional_flag"
"USC00267953",2023,5,0,0,NA,"D","S","noaa_institutional_flag"
"USC00268186",1985,12,26.7,26.7,NA,"D","S","noaa_institutional_flag"
"USC00268186",2007,12,0,NA,NA,"D","S","noaa_institutional_flag"
"USC00268186",2009,12,0,0,NA,"D","S","noaa_institutional_flag"
"USC00268186",2010,2,0,NA,NA,"D","S","noaa_institutional_flag"
"USC00268838",2001,1,0,0,NA,"D","S","noaa_institutional_flag"
"USC00268838",2008,12,0,0,NA,"D","S","noaa_institutional_flag"
"USC00268838",2009,2,0,0,NA,"D","S","noaa_institutional_flag"
"USC00269072",1991,10,0,0,NA,"D","S","noaa_institutional_flag"
"USC00270690",1992,5,0,NA,NA,"D","S","noaa_institutional_flag"
"USC00270913",2025,8,21.6,21.6,NA,"D","S","noaa_institutional_flag"
"USC00272023",1984,1,28.9,28.9,NA,"D","S","noaa_institutional_flag"
"USC00272174",1893,12,6.4,6.4,NA,"D","S","noaa_institutional_flag"
"USC00273850",1981,3,0,NA,NA,"D","S","noaa_institutional_flag"
"USC00274556",1927,8,53.3,53.3,NA,"D","S","noaa_institutional_flag"
"USC00275629",2001,4,25.4,25.4,NA,"D","S","noaa_institutional_flag"
"USC00280484",1940,6,0,0,NA,"D","S","noaa_institutional_flag"
"USC00282130",1937,6,6.4,6.4,NA,"D","S","noaa_institutional_flag"
"USC00282768",2019,10,14.4,14.4,NA,"D","S","noaa_institutional_flag"
"USC00282768",2019,11,0,0,NA,"D","S","noaa_institutional_flag"
"USC00286560",1951,9,1.3,1.3,NA,"D","S","noaa_institutional_flag"
"USC00286974",1976,9,67.3,67.3,NA,"D","S","noaa_institutional_flag"
"USC00290245",1982,8,1,1,NA,"D","S","noaa_institutional_flag"
"USC00290275",1906,7,43.2,43.2,NA,"D","S","noaa_institutional_flag"
"USC00290394",1927,7,23.4,23.4,NA,"D","S","noaa_institutional_flag"
"USC00290407",2024,6,0,0,NA,"D","S","noaa_institutional_flag"
"USC00290692",1930,7,0,0,NA,"D","S","noaa_institutional_flag"
"USC00290743",1926,8,16.3,16.3,NA,"D","S","noaa_institutional_flag"
"USC00290806",1946,1,8.6,8.6,NA,"D","S","noaa_institutional_flag"
"USC00290858",1987,8,96.3,96.3,NA,"D","S","noaa_institutional_flag"
"USC00291018",1910,9,0.5,0.5,NA,"D","S","noaa_institutional_flag"
"USC00291138",1906,7,15.2,15.2,NA,"D","S","noaa_institutional_flag"
"USC00291138",1914,10,34.3,34.3,NA,"D","S","noaa_institutional_flag"
"USC00291138",1917,8,0,0,NA,"D","S","noaa_institutional_flag"
"USC00291389",1983,5,9.4,9.4,NA,"D","S","noaa_institutional_flag"
"USC00291389",2013,10,8.9,8.9,NA,"D","S","noaa_institutional_flag"
"USC00291389",2016,4,11.4,11.4,NA,"D","S","noaa_institutional_flag"
"USC00291515",1978,8,0,NA,NA,"D","S","noaa_institutional_flag"
"USC00291630",1922,8,16.8,16.8,NA,"D","S","noaa_institutional_flag"
"USC00291630",1931,2,6.6,6.6,NA,"D","S","noaa_institutional_flag"
"USC00291813",2019,12,0,0,NA,"D","S","noaa_institutional_flag"
"USC00291883",2010,8,0,0,NA,"D","S","noaa_institutional_flag"
"USC00292030",1963,5,1,1,NA,"D","S","noaa_institutional_flag"
"USC00292100",1985,1,3.3,3.3,NA,"D","S","noaa_institutional_flag"
"USC00292100",1999,7,7.9,7.9,NA,"D","S","noaa_institutional_flag"
"USC00292139",1906,4,0,NA,NA,"D","S","noaa_institutional_flag"
"USC00292241",2025,4,0,0,NA,"D","S","noaa_institutional_flag"
"USC00292250",1981,3,0,0,NA,"D","S","noaa_institutional_flag"
"USC00292250",2020,3,2.3,2.3,NA,"D","S","noaa_institutional_flag"
"USC00292324",1985,8,0,0,NA,"D","S","noaa_institutional_flag"
"USC00292384",1956,7,21.3,21.3,NA,"D","S","noaa_institutional_flag"
"USC00292384",1958,5,32.3,32.3,NA,"D","S","noaa_institutional_flag"
"USC00292510",2021,5,11.7,11.7,NA,"D","S","noaa_institutional_flag"
"USC00292608",1986,5,0,0,NA,"D","S","noaa_institutional_flag"
"USC00292820",2017,7,0,0,NA,"D","S","noaa_institutional_flag"
"USC00293031",1925,7,8.4,8.4,NA,"D","S","noaa_institutional_flag"
"USC00293031",1992,7,27.9,27.9,NA,"D","S","noaa_institutional_flag"
"USC00293031",1993,10,0,0,NA,"D","S","noaa_institutional_flag"
"USC00293031",1999,5,5.1,5.1,NA,"D","S","noaa_institutional_flag"
"USC00293134",1918,12,20.3,20.3,NA,"D","S","noaa_institutional_flag"
"USC00293174",1917,8,0,0,NA,"D","S","noaa_institutional_flag"
"USC00293174",1931,2,17.8,17.8,NA,"D","S","noaa_institutional_flag"
"USC00293288",1920,6,13.7,13.7,NA,"D","S","noaa_institutional_flag"
"USC00293288",1961,3,5.1,5.1,NA,"D","S","noaa_institutional_flag"
"USC00293340",1900,9,16,16,NA,"D","S","noaa_institutional_flag"
"USC00293340",1901,5,0,NA,NA,"D","S","noaa_institutional_flag"
"USC00293340",1907,1,3,3,NA,"D","S","noaa_institutional_flag"
"USC00293340",1964,8,0,0,NA,"D","S","noaa_institutional_flag"
"USC00293368",1914,8,17.8,17.8,NA,"D","S","noaa_institutional_flag"
"USC00293368",1931,9,0,0,NA,"D","S","noaa_institutional_flag"
"USC00293368",2007,1,0,0,NA,"D","S","noaa_institutional_flag"
"USC00293374",1900,4,7.1,7.1,NA,"D","S","noaa_institutional_flag"
"USC00293511",2023,1,4.1,4.1,NA,"D","S","noaa_institutional_flag"
"USC00293775",1966,9,0,NA,NA,"D","S","noaa_institutional_flag"
"USC00293855",1995,8,11.4,11.4,NA,"D","S","noaa_institutional_flag"
"USC00293855",1995,9,0,0,NA,"D","S","noaa_institutional_flag"
"USC00293855",2007,7,0,0,NA,"D","S","noaa_institutional_flag"
"USC00294112",1906,12,0,NA,NA,"D","S","noaa_institutional_flag"
"USC00294112",1969,8,0,0,NA,"D","S","noaa_institutional_flag"
"USC00294346",2002,10,0,0,NA,"D","S","noaa_institutional_flag"
"USC00294369",2011,7,0,0,NA,"D","S","noaa_institutional_flag"
"USC00294369",2021,8,0,0,NA,"D","S","noaa_institutional_flag"
"USC00294369",2023,1,5.3,5.3,NA,"D","S","noaa_institutional_flag"
"USC00294369",2023,5,0,0,NA,"D","S","noaa_institutional_flag"
"USC00294369",2023,8,24.1,24.1,NA,"D","S","noaa_institutional_flag"
"USC00294369",2023,9,0,0,NA,"D","S","noaa_institutional_flag"
"USC00294369",2024,3,14.2,14.2,NA,"D","S","noaa_institutional_flag"
"USC00294369",2024,6,30.5,30.5,NA,"D","S","noaa_institutional_flag"
"USC00294369",2025,7,0,0,NA,"D","S","noaa_institutional_flag"
"USC00294369",2025,8,10.2,10.2,NA,"D","S","noaa_institutional_flag"
"USC00294461",2015,10,7.6,7.6,NA,"D","S","noaa_institutional_flag"
"USC00294960",2022,10,2.5,2.5,NA,"D","S","noaa_institutional_flag"
"USC00295150",1982,7,0,0,NA,"D","S","noaa_institutional_flag"
"USC00295290",1968,7,0.5,0.5,NA,"D","S","noaa_institutional_flag"
"USC00295290",1985,9,0.8,0.8,NA,"D","S","noaa_institutional_flag"
"USC00295290",1992,7,0,0,NA,"D","S","noaa_institutional_flag"
"USC00295516",2014,6,30.5,30.5,NA,"D","S","noaa_institutional_flag"
"USC00295516",2015,10,0,0,NA,"D","S","noaa_institutional_flag"
"USC00295754",2007,4,0,0,NA,"D","S","noaa_institutional_flag"
"USC00295754",2007,7,0,0,NA,"D","S","noaa_institutional_flag"
"USC00295931",1920,3,383.7,383.7,NA,"D","S","noaa_institutional_flag"
"USC00295965",2019,9,6.4,6.4,NA,"D","S","noaa_institutional_flag"
"USC00295965",2020,3,0,NA,NA,"D","S","noaa_institutional_flag"
"USC00296275",2011,4,0,NA,NA,"D","S","noaa_institutional_flag"
"USC00296281",1987,5,14.5,14.5,NA,"D","S","noaa_institutional_flag"
"USC00296676",2017,4,0,0,NA,"D","S","noaa_institutional_flag"
"USC00296676",2021,5,3.6,3.6,NA,"D","S","noaa_institutional_flag"
"USC00296754",2016,8,0,0,NA,"D","S","noaa_institutional_flag"
"USC00296911",2019,11,0,0,NA,"D","S","noaa_institutional_flag"
"USC00297054",1936,5,63.8,63.8,NA,"D","S","noaa_institutional_flag"
"USC00297168",1941,6,1.3,1.3,NA,"D","S","noaa_institutional_flag"
"USC00297180",2016,4,5.3,5.3,NA,"D","S","noaa_institutional_flag"
"USC00297248",1937,9,7.6,7.6,NA,"D","S","noaa_institutional_flag"
"USC00297346",1932,1,8.9,8.9,NA,"D","S","noaa_institutional_flag"
"USC00297481",2009,5,2,2,NA,"D","S","noaa_institutional_flag"
"USC00297707",1942,10,0,NA,NA,"D","S","noaa_institutional_flag"
"USC00297707",1949,7,16,16,NA,"D","S","noaa_institutional_flag"
"USC00298072",1941,7,0,0,NA,"D","T","noaa_institutional_flag"
"USC00298072",1941,8,0,0,NA,"D","S","noaa_institutional_flag"
"USC00298284",2003,8,3.6,3.6,NA,"D","S","noaa_institutional_flag"
"USC00298919",1928,5,11.4,11.4,NA,"D","S","noaa_institutional_flag"
"USC00298919",1972,6,2,2,NA,"D","S","noaa_institutional_flag"
"USC00298919",1973,8,16.5,16.5,NA,"D","S","noaa_institutional_flag"
"USC00298919",1974,10,13.4,13.4,NA,"D","S","noaa_institutional_flag"
"USC00298919",1976,8,28.7,28.7,NA,"D","S","noaa_institutional_flag"
"USC00298919",1977,9,2.5,2.5,NA,"D","S","noaa_institutional_flag"
"USC00299085",1949,4,12.7,12.7,NA,"D","S","noaa_institutional_flag"
"USC00299085",1949,6,0,0,NA,"D","S","noaa_institutional_flag"
"USC00299085",1978,3,10.7,10.7,NA,"D","S","noaa_institutional_flag"
"USC00299085",1986,4,0,0,NA,"D","S","noaa_institutional_flag"
"USC00299128",1982,9,0,0,NA,"D","S","noaa_institutional_flag"
"USC00299405",1914,6,10.2,10.2,NA,"D","S","noaa_institutional_flag"
"USC00299496",1994,9,0,0,NA,"D","S","noaa_institutional_flag"
"USC00299569",2022,10,0,0,NA,"D","S","noaa_institutional_flag"
"USC00299686",1978,9,8.6,8.6,NA,"D","S","noaa_institutional_flag"
"USC00299697",1958,2,31.8,31.8,NA,"D","S","noaa_institutional_flag"
"USC00299851",2018,7,8.6,8.6,NA,"D","S","noaa_institutional_flag"
"USC00300023",1983,1,0,NA,NA,"D","S","noaa_institutional_flag"
"USC00300343",2009,4,0,0,NA,"D","S","noaa_institutional_flag"
"USC00300443",2005,3,5.1,5.1,NA,"D","S","noaa_institutional_flag"
"USC00301173",1987,1,18.1,18.1,NA,"D","S","noaa_institutional_flag"
"USC00301173",1993,1,10.2,10.2,NA,"D","S","noaa_institutional_flag"
"USC00301173",1993,12,13,13,NA,"D","S","noaa_institutional_flag"
"USC00301173",1995,12,15.2,15.2,NA,"D","S","noaa_institutional_flag"
"USC00301173",1996,1,77.5,77.5,NA,"D","S","noaa_institutional_flag"
"USC00301173",1997,10,1,1,NA,"D","S","noaa_institutional_flag"
"USC00301173",1997,11,65.2,65.2,NA,"D","S","noaa_institutional_flag"
"USC00301173",1997,12,6.4,6.4,NA,"D","S","noaa_institutional_flag"
"USC00301173",1999,2,0.3,0.3,NA,"D","S","noaa_institutional_flag"
"USC00301173",1999,3,11.7,11.7,NA,"D","S","noaa_institutional_flag"
"USC00301173",2000,1,0,0,NA,"D","S","noaa_institutional_flag"
"USC00301173",2000,11,39.1,39.1,NA,"D","S","noaa_institutional_flag"
"USC00301173",2004,12,43.2,43.2,NA,"D","S","noaa_institutional_flag"
"USC00301173",2005,12,50.8,50.8,NA,"D","S","noaa_institutional_flag"
"USC00301173",2005,5,1.3,1.3,NA,"D","S","noaa_institutional_flag"
"USC00301173",2006,12,27.9,27.9,NA,"D","S","noaa_institutional_flag"
"USC00301173",2006,9,78.7,78.7,NA,"D","S","noaa_institutional_flag"
"USC00301173",2007,1,88.9,88.9,NA,"D","S","noaa_institutional_flag"
"USC00301173",2007,4,53.3,53.3,NA,"D","S","noaa_institutional_flag"
"USC00301173",2008,8,61,61,NA,"D","S","noaa_institutional_flag"
"USC00301272",1914,4,5.8,5.8,NA,"D","S","noaa_institutional_flag"
"USC00301492",2010,12,9.9,9.9,NA,"D","S","noaa_institutional_flag"
"USC00301623",2002,7,0,0,NA,"D","S","noaa_institutional_flag"
"USC00302366",2010,10,209.6,209.6,NA,"D","S","noaa_institutional_flag"
"USC00303289",1956,9,5.3,5.3,NA,"D","S","noaa_institutional_flag"
"USC00303354",1989,2,32.3,32.3,NA,"D","S","noaa_institutional_flag"
"USC00303354",1995,3,16.8,16.8,NA,"D","S","noaa_institutional_flag"
"USC00303773",1911,11,18.8,18.8,NA,"D","S","noaa_institutional_flag"
"USC00304102",1989,11,0,0,NA,"D","S","noaa_institutional_flag"
"USC00304234",1947,8,0,0,NA,"D","S","noaa_institutional_flag"
"USC00304698",1925,5,6.1,6.1,NA,"D","S","noaa_institutional_flag"
"USC00304772",1998,12,21.6,21.6,NA,"D","S","noaa_institutional_flag"
"USC00304791",2009,12,2.5,2.5,NA,"D","S","noaa_institutional_flag"
"USC00304791",2010,1,0,0,NA,"D","S","noaa_institutional_flag"
"USC00304791",2010,2,0,0,NA,"D","S","noaa_institutional_flag"
"USC00304791",2012,3,7.3,7.3,NA,"D","S","noaa_institutional_flag"
"USC00304844",1996,6,35.8,35.8,NA,"D","S","noaa_institutional_flag"
"USC00304944",1933,6,10.2,10.2,NA,"D","S","noaa_institutional_flag"
"USC00305426",1932,4,27.9,27.9,NA,"D","S","noaa_institutional_flag"
"USC00305580",1925,5,13.8,13.8,NA,"D","S","noaa_institutional_flag"
"USC00305597",1898,7,10.2,10.2,NA,"D","S","noaa_institutional_flag"
"USC00306164",2011,3,8.9,8.9,NA,"D","S","noaa_institutional_flag"
"USC00306464",2010,1,0,0,NA,"D","S","noaa_institutional_flag"
"USC00306464",2010,2,0,0,NA,"D","S","noaa_institutional_flag"
"USC00306538",1989,12,7.9,7.9,NA,"D","S","noaa_institutional_flag"
"USC00306659",1904,12,5.1,5.1,NA,"D","S","noaa_institutional_flag"
"USC00306839",1996,4,0,NA,NA,"D","S","noaa_institutional_flag"
"USC00307413",1965,12,50.8,50.8,NA,"D","S","noaa_institutional_flag"
"USC00307497",1991,1,0,0,NA,"D","S","noaa_institutional_flag"
"USC00307633",2005,3,0,0,NA,"D","S","noaa_institutional_flag"
"USC00308058",1967,9,2.8,2.8,NA,"D","S","noaa_institutional_flag"
"USC00308058",1981,4,1.3,1.3,NA,"D","S","noaa_institutional_flag"
"USC00308058",1982,1,1,1,NA,"D","S","noaa_institutional_flag"
"USC00308096",1935,5,0,0,NA,"D","S","noaa_institutional_flag"
"USC00308455",2023,11,22.8,22.8,NA,"D","S","noaa_institutional_flag"
"USC00308455",2023,3,19.1,19.1,NA,"D","S","noaa_institutional_flag"
"USC00309100",1909,11,10.2,10.2,NA,"D","S","noaa_institutional_flag"
"USC00309205",1894,8,21.3,21.3,NA,"D","S","noaa_institutional_flag"
"USC00309292",1892,10,0,NA,NA,"D","S","noaa_institutional_flag"
"USC00310090",2025,2,0,0,NA,"D","S","noaa_institutional_flag"
"USC00310506",2007,5,0,0,NA,"D","S","noaa_institutional_flag"
"USC00310843",2001,11,0,0,NA,"D","S","noaa_institutional_flag"
"USC00310843",2010,1,0,0,NA,"D","S","noaa_institutional_flag"
"USC00311055",1928,10,5.3,5.3,NA,"D","S","noaa_institutional_flag"
"USC00311538",2004,10,19.1,19.1,NA,"D","S","noaa_institutional_flag"
"USC00311564",1998,11,5.1,5.1,NA,"D","S","noaa_institutional_flag"
"USC00311564",1998,8,0,0,NA,"D","S","noaa_institutional_flag"
"USC00311700",2024,12,0,0,NA,"D","S","noaa_institutional_flag"
"USC00312635",1920,7,65,65,NA,"D","S","noaa_institutional_flag"
"USC00312827",1947,10,26.7,26.7,NA,"D","S","noaa_institutional_flag"
"USC00312827",1947,3,38.1,38.1,NA,"D","S","noaa_institutional_flag"
"USC00313628",1927,3,50.8,50.8,NA,"D","S","noaa_institutional_flag"
"USC00313784",2025,9,0,0,NA,"D","S","noaa_institutional_flag"
"USC00313919",2009,4,0,0,NA,"D","S","noaa_institutional_flag"
"USC00314496",1995,10,48.3,48.3,NA,"D","S","noaa_institutional_flag"
"USC00314689",1982,10,0,NA,NA,"D","S","noaa_institutional_flag"
"USC00314970",2024,11,43.9,43.9,NA,"D","S","noaa_institutional_flag"
"USC00315177",1904,3,0,0,NA,"D","S","noaa_institutional_flag"
"USC00315275",1946,6,0,0,NA,"D","S","noaa_institutional_flag"
"USC00315340",2010,2,25.4,25.4,NA,"D","S","noaa_institutional_flag"
"USC00315356",1907,4,16.3,16.3,NA,"D","S","noaa_institutional_flag"
"USC00315923",1980,11,0,0,NA,"D","S","noaa_institutional_flag"
"USC00316422",2011,9,6.4,6.4,NA,"D","S","noaa_institutional_flag"
"USC00317400",2025,1,13.5,13.5,NA,"D","S","noaa_institutional_flag"
"USC00317813",2024,3,42.9,42.9,NA,"D","S","noaa_institutional_flag"
"USC00319382",1974,12,89.9,89.9,NA,"D","S","noaa_institutional_flag"
"USC00319923",2010,10,0.5,0.5,NA,"D","S","noaa_institutional_flag"
"USC00320096",2010,1,0,0,NA,"D","S","noaa_institutional_flag"
"USC00320196",1906,12,0,0,NA,"D","S","noaa_institutional_flag"
"USC00320626",1997,6,52.1,52.1,NA,"D","S","noaa_institutional_flag"
"USC00320626",1998,10,0,NA,NA,"D","S","noaa_institutional_flag"
"USC00320626",2003,1,203.2,203.2,NA,"D","T","noaa_institutional_flag"
"USC00320626",2003,4,238.8,238.8,NA,"D","T","noaa_institutional_flag"
"USC00320626",2012,12,0,0,NA,"D","S","noaa_institutional_flag"
"USC00320626",2014,11,0,0,NA,"D","S","noaa_institutional_flag"
"USC00321225",2017,6,10.9,10.9,NA,"D","S","noaa_institutional_flag"
"USC00321370",1913,3,0,NA,NA,"D","S","noaa_institutional_flag"
"USC00321456",1983,12,0,NA,NA,"D","S","noaa_institutional_flag"
"USC00321456",1986,1,0,NA,NA,"D","S","noaa_institutional_flag"
"USC00321456",2012,12,25.4,25.4,NA,"D","S","noaa_institutional_flag"
"USC00321816",1938,8,15.7,15.7,NA,"D","S","noaa_institutional_flag"
"USC00321816",2013,12,15.5,15.5,NA,"D","S","noaa_institutional_flag"
"USC00322298",1964,12,15.2,15.2,NA,"D","S","noaa_institutional_flag"
"USC00322482",1935,11,0,0,NA,"D","S","noaa_institutional_flag"
"USC00322482",2002,10,20.3,20.3,NA,"D","S","noaa_institutional_flag"
"USC00322482",2010,12,0,0,NA,"D","S","noaa_institutional_flag"
"USC00322482",2010,2,0,0,NA,"D","S","noaa_institutional_flag"
"USC00322482",2010,6,0,0,NA,"D","S","noaa_institutional_flag"
"USC00322482",2010,8,0,0,NA,"D","S","noaa_institutional_flag"
"USC00322482",2010,9,0,0,NA,"D","T","noaa_institutional_flag"
"USC00322536",1993,11,0,0,NA,"D","S","noaa_institutional_flag"
"USC00322536",2001,2,228.7,228.7,NA,"D","T","noaa_institutional_flag"
"USC00322605",2013,6,12.7,12.7,NA,"D","S","noaa_institutional_flag"
"USC00322605",2015,6,40.6,40.6,NA,"D","S","noaa_institutional_flag"
"USC00323196",2014,3,3.8,3.8,NA,"D","S","noaa_institutional_flag"
"USC00323196",2014,4,25.4,25.4,NA,"D","S","noaa_institutional_flag"
"USC00323217",2014,11,11.7,11.7,NA,"D","S","noaa_institutional_flag"
"USC00323287",1917,9,19.8,19.8,NA,"D","S","noaa_institutional_flag"
"USC00323594",2009,2,14,14,NA,"D","S","noaa_institutional_flag"
"USC00323936",1984,12,0,NA,NA,"D","S","noaa_institutional_flag"
"USC00323936",1984,3,0,NA,NA,"D","S","noaa_institutional_flag"
"USC00323963",1908,3,1.3,1.3,NA,"D","S","noaa_institutional_flag"
"USC00323963",2004,12,0.3,0.3,NA,"D","S","noaa_institutional_flag"
"USC00324013",1992,11,0.8,0.8,NA,"D","S","noaa_institutional_flag"
"USC00324013",1998,2,15.2,15.2,NA,"D","S","noaa_institutional_flag"
"USC00324013",2003,2,203.2,203.2,NA,"D","T","noaa_institutional_flag"
"USC00324013",2008,12,1,1,NA,"D","S","noaa_institutional_flag"
"USC00324102",2004,1,0,0,NA,"D","S","noaa_institutional_flag"
"USC00324178",1908,4,0,NA,NA,"D","S","noaa_institutional_flag"
"USC00324203",1969,2,0,NA,NA,"D","S","noaa_institutional_flag"
"USC00324646",2012,8,0,NA,NA,"D","S","noaa_institutional_flag"
"USC00324646",2020,5,4.3,4.3,NA,"D","S","noaa_institutional_flag"
"USC00324646",2024,9,0,0,NA,"D","S","noaa_institutional_flag"
"USC00324879",1980,10,0,0,NA,"D","S","noaa_institutional_flag"
"USC00324937",2003,6,0,0,NA,"D","S","noaa_institutional_flag"
"USC00324958",1928,1,0,NA,NA,"D","S","noaa_institutional_flag"
"USC00325013",1963,4,4.1,4.1,NA,"D","S","noaa_institutional_flag"
"USC00325013",1972,12,0,NA,NA,"D","S","noaa_institutional_flag"
"USC00325013",1977,1,0,NA,NA,"D","S","noaa_institutional_flag"
"USC00325220",1928,12,0,0,NA,"D","S","noaa_institutional_flag"
"USC00325434",1921,3,22.9,22.9,NA,"D","S","noaa_institutional_flag"
"USC00325754",1991,11,0,NA,NA,"D","S","noaa_institutional_flag"
"USC00325764",1984,1,0,0,NA,"D","S","noaa_institutional_flag"
"USC00325764",1986,9,59.7,59.7,NA,"D","S","noaa_institutional_flag"
"USC00325803",1906,6,0,NA,NA,"D","T","noaa_institutional_flag"
"USC00325803",1910,9,3,3,NA,"D","S","noaa_institutional_flag"
"USC00326007",1923,3,9.1,9.1,NA,"D","S","noaa_institutional_flag"
"USC00326025",2009,1,0,0,NA,"D","S","noaa_institutional_flag"
"USC00326025",2023,10,0,0,NA,"D","S","noaa_institutional_flag"
"USC00326025",2023,4,8.9,8.9,NA,"D","S","noaa_institutional_flag"
"USC00326155",1999,2,132.1,132.1,NA,"D","T","noaa_institutional_flag"
"USC00326155",2000,11,0,NA,NA,"D","S","noaa_institutional_flag"
"USC00326867",1918,6,2.3,2.3,NA,"D","S","noaa_institutional_flag"
"USC00326867",1925,8,8.9,8.9,NA,"D","S","noaa_institutional_flag"
"USC00327047",1995,3,14,14,NA,"D","S","noaa_institutional_flag"
"USC00327530",2020,1,3.6,3.6,NA,"D","S","noaa_institutional_flag"
"USC00327585",2010,12,0,0,NA,"D","S","noaa_institutional_flag"
"USC00327585",2012,10,0,0,NA,"D","S","noaa_institutional_flag"
"USC00327585",2012,4,40.6,40.6,NA,"D","S","noaa_institutional_flag"
"USC00327655",2013,2,6.4,6.4,NA,"D","S","noaa_institutional_flag"
"USC00327655",2013,3,12.7,12.7,NA,"D","S","noaa_institutional_flag"
"USC00327655",2014,11,0,NA,NA,"D","S","noaa_institutional_flag"
"USC00328047",1984,3,4.1,4.1,NA,"D","S","noaa_institutional_flag"
"USC00328047",2009,1,0,0,NA,"D","S","noaa_institutional_flag"
"USC00328608",2025,12,0,NA,NA,"D","S","noaa_institutional_flag"
"USC00328792",1964,12,0,0,NA,"D","S","noaa_institutional_flag"
"USC00328840",1925,7,505.3,505.3,NA,"D","S","noaa_institutional_flag"
"USC00329035",1965,3,5.3,5.3,NA,"D","S","noaa_institutional_flag"
"USC00329035",1983,3,18.5,18.5,NA,"D","S","noaa_institutional_flag"
"USC00329100",1906,3,3.8,3.8,NA,"D","S","noaa_institutional_flag"
"USC00329100",1909,1,6.4,6.4,NA,"D","S","noaa_institutional_flag"
"USC00329155",1993,9,7.4,7.4,NA,"D","S","noaa_institutional_flag"
"USC00329195",2003,2,101.6,101.6,NA,"D","T","noaa_institutional_flag"
"USC00329195",2019,11,11.4,11.4,NA,"D","S","noaa_institutional_flag"
"USC00329195",2019,5,38.1,38.1,NA,"D","S","noaa_institutional_flag"
"USC00329219",1970,3,0,NA,NA,"D","S","noaa_institutional_flag"
"USC00329233",1919,11,0,0,NA,"D","S","noaa_institutional_flag"
"USC00329445",1930,1,0,NA,NA,"D","S","noaa_institutional_flag"
"USC00329445",1985,12,0.8,0.8,NA,"D","S","noaa_institutional_flag"
"USC00330264",1987,3,0,NA,NA,"D","S","noaa_institutional_flag"
"USC00330264",1997,12,0,NA,NA,"D","S","noaa_institutional_flag"
"USC00330264",1998,1,0,NA,NA,"D","S","noaa_institutional_flag"
"USC00330264",1998,2,0,0,NA,"D","S","noaa_institutional_flag"
"USC00331315",1960,4,17.8,17.8,NA,"D","S","noaa_institutional_flag"
"USC00331528",2010,6,0,0,NA,"D","S","noaa_institutional_flag"
"USC00332124",2008,1,0,0,NA,"D","S","noaa_institutional_flag"
"USC00332124",2008,2,6.1,6.1,NA,"D","S","noaa_institutional_flag"
"USC00332124",2008,4,0,0,NA,"D","S","noaa_institutional_flag"
"USC00332124",2009,2,0,0,NA,"D","S","noaa_institutional_flag"
"USC00332124",2015,1,38.1,38.1,NA,"D","S","noaa_institutional_flag"
"USC00332160",2002,2,19.3,19.3,NA,"D","S","noaa_institutional_flag"
"USC00332160",2003,2,16.5,16.5,NA,"D","S","noaa_institutional_flag"
"USC00332928",2010,2,0,0,NA,"D","S","noaa_institutional_flag"
"USC00333292",1981,9,15.2,15.2,NA,"D","S","noaa_institutional_flag"
"USC00333292",1985,2,22.8,22.8,NA,"D","S","noaa_institutional_flag"
"USC00333292",2013,10,5.6,5.6,NA,"D","S","noaa_institutional_flag"
"USC00333292",2014,6,21,21,NA,"D","S","noaa_institutional_flag"
"USC00333292",2016,12,6.9,6.9,NA,"D","S","noaa_institutional_flag"
"USC00333292",2016,6,3.6,3.6,NA,"D","S","noaa_institutional_flag"
"USC00333292",2016,8,47,47,NA,"D","S","noaa_institutional_flag"
"USC00333375",1927,11,26.9,26.9,NA,"D","S","noaa_institutional_flag"
"USC00333421",1985,4,31.2,31.2,NA,"D","S","noaa_institutional_flag"
"USC00333758",1920,2,12.7,12.7,NA,"D","S","noaa_institutional_flag"
"USC00333758",2010,5,0,0,NA,"D","S","noaa_institutional_flag"
"USC00333758",2010,6,0,0,NA,"D","S","noaa_institutional_flag"
"USC00334189",1902,12,12.7,12.7,NA,"D","S","noaa_institutional_flag"
"USC00334403",2015,2,21.6,21.6,NA,"D","S","noaa_institutional_flag"
"USC00334672",1997,12,7.6,7.6,NA,"D","S","noaa_institutional_flag"
"USC00334681",2000,11,3.8,3.8,NA,"D","S","noaa_institutional_flag"
"USC00334681",2000,3,4.8,4.8,NA,"D","S","noaa_institutional_flag"
"USC00334681",2001,1,0,0,NA,"D","S","noaa_institutional_flag"
"USC00334924",1985,6,0.8,0.8,NA,"D","S","noaa_institutional_flag"
"USC00334967",2007,6,0,0,NA,"D","S","noaa_institutional_flag"
"USC00335029",1964,6,6.4,6.4,NA,"D","S","noaa_institutional_flag"
"USC00335199",1980,4,20.3,20.3,NA,"D","S","noaa_institutional_flag"
"USC00335199",1985,2,12.7,12.7,NA,"D","S","noaa_institutional_flag"
"USC00335199",1985,4,6.4,6.4,NA,"D","S","noaa_institutional_flag"
"USC00335718",1982,9,18.3,18.3,NA,"D","S","noaa_institutional_flag"
"USC00335799",1998,12,5.6,5.6,NA,"D","S","noaa_institutional_flag"
"USC00335799",1999,2,25.7,25.7,NA,"D","S","noaa_institutional_flag"
"USC00336118",2024,2,0,NA,NA,"D","S","noaa_institutional_flag"
"USC00336118",2025,1,0,NA,NA,"D","S","noaa_institutional_flag"
"USC00336342",2006,7,20.1,20.1,NA,"D","S","noaa_institutional_flag"
"USC00336630",1942,10,6.1,6.1,NA,"D","S","noaa_institutional_flag"
"USC00338110",2001,12,2.3,2.3,NA,"D","S","noaa_institutional_flag"
"USC00338308",1911,3,25.4,25.4,NA,"D","S","noaa_institutional_flag"
"USC00338560",1947,2,0,0,NA,"D","S","noaa_institutional_flag"
"USC00338990",2004,5,0,0,NA,"D","S","noaa_institutional_flag"
"USC00340193",2007,12,30.5,30.5,NA,"D","S","noaa_institutional_flag"
"USC00340256",1993,10,0,0,NA,"D","S","noaa_institutional_flag"
"USC00340332",1917,8,5.6,5.6,NA,"D","S","noaa_institutional_flag"
"USC00340391",1927,1,0,NA,NA,"D","S","noaa_institutional_flag"
"USC00340980",1942,10,3.8,3.8,NA,"D","S","noaa_institutional_flag"
"USC00341067",1950,8,10.2,10.2,NA,"D","S","noaa_institutional_flag"
"USC00341144",1918,5,0,0,NA,"D","S","noaa_institutional_flag"
"USC00341144",1922,11,0,0,NA,"D","T","noaa_institutional_flag"
"USC00341144",1923,10,0,0,NA,"D","S","noaa_institutional_flag"
"USC00341144",1923,11,0,0,NA,"D","S","noaa_institutional_flag"
"USC00341144",1924,8,0,0,NA,"D","S","noaa_institutional_flag"
"USC00341144",1924,9,0,0,NA,"D","T","noaa_institutional_flag"
"USC00341144",1926,10,0,0,NA,"D","S","noaa_institutional_flag"
"USC00341144",1926,12,0,0,NA,"D","S","noaa_institutional_flag"
"USC00341144",1926,9,0,0,NA,"D","S","noaa_institutional_flag"
"USC00341391",1995,4,76.2,76.2,NA,"D","S","noaa_institutional_flag"
"USC00341391",1995,7,50.8,50.8,NA,"D","S","noaa_institutional_flag"
"USC00341684",1905,3,0,0,NA,"D","S","noaa_institutional_flag"
"USC00341684",1908,11,0,0,NA,"D","T","noaa_institutional_flag"
"USC00341684",1911,12,0,0,NA,"D","S","noaa_institutional_flag"
"USC00341855",1947,8,34,34,NA,"D","S","noaa_institutional_flag"
"USC00342196",2011,12,32.8,32.8,NA,"D","S","noaa_institutional_flag"
"USC00342485",1957,10,0,NA,NA,"D","S","noaa_institutional_flag"
"USC00342818",1898,12,0,0,NA,"D","T","noaa_institutional_flag"
"USC00342818",1899,4,0,0,NA,"D","S","noaa_institutional_flag"
"USC00342912",1896,6,24.1,24.1,NA,"D","S","noaa_institutional_flag"
"USC00342912",1901,4,0,0,NA,"D","S","noaa_institutional_flag"
"USC00342912",1901,5,0,0,NA,"D","S","noaa_institutional_flag"
"USC00342912",1902,11,0,0,NA,"D","S","noaa_institutional_flag"
"USC00342912",1902,3,0,0,NA,"D","S","noaa_institutional_flag"
"USC00342912",1906,11,0,0,NA,"D","S","noaa_institutional_flag"
"USC00342912",1907,10,0,0,NA,"D","S","noaa_institutional_flag"
"USC00342912",1920,5,0,0,NA,"D","S","noaa_institutional_flag"
"USC00342912",1924,3,0,0,NA,"D","S","noaa_institutional_flag"
"USC00343353",1905,11,0,0,NA,"D","T","noaa_institutional_flag"
"USC00343353",1905,4,0,0,NA,"D","T","noaa_institutional_flag"
"USC00343353",1905,7,45.7,45.7,NA,"D","S","noaa_institutional_flag"
"USC00343353",1905,9,0,0,NA,"D","T","noaa_institutional_flag"
"USC00343353",1906,5,0,0,NA,"D","T","noaa_institutional_flag"
"USC00343353",1906,6,0,0,NA,"D","S","noaa_institutional_flag"
"USC00343353",1906,7,0,0,NA,"D","S","noaa_institutional_flag"
"USC00343353",1906,8,0,0,NA,"D","S","noaa_institutional_flag"
"USC00343740",2015,10,15.5,15.5,NA,"D","S","noaa_institutional_flag"
"USC00344289",1983,5,11.4,11.4,NA,"D","S","noaa_institutional_flag"
"USC00344289",1983,6,6.4,6.4,NA,"D","S","noaa_institutional_flag"
"USC00344298",1998,3,0,0,NA,"D","S","noaa_institutional_flag"
"USC00344573",1906,4,0,0,NA,"D","S","noaa_institutional_flag"
"USC00344573",1921,4,0,0,NA,"D","S","noaa_institutional_flag"
"USC00344672",2010,5,0,0,NA,"D","S","noaa_institutional_flag"
"USC00344915",2011,12,0,NA,NA,"D","S","noaa_institutional_flag"
"USC00345437",1986,10,2.5,2.5,NA,"D","S","noaa_institutional_flag"
"USC00346278",1900,9,0,0,NA,"D","S","noaa_institutional_flag"
"USC00346278",1920,10,0,0,NA,"D","S","noaa_institutional_flag"
"USC00346278",1975,8,39.4,39.4,NA,"D","S","noaa_institutional_flag"
"USC00346562",1951,5,133.6,133.6,NA,"D","S","noaa_institutional_flag"
"USC00346663",1971,10,104.9,104.9,NA,"D","S","noaa_institutional_flag"
"USC00346926",1908,10,0,0,NA,"D","S","noaa_institutional_flag"
"USC00346926",1908,11,0,0,NA,"D","T","noaa_institutional_flag"
"USC00346926",1908,4,0,0,NA,"D","S","noaa_institutional_flag"
"USC00346926",1908,6,0,0,NA,"D","S","noaa_institutional_flag"
"USC00346926",1912,3,0,0,NA,"D","S","noaa_institutional_flag"
"USC00346935",1914,9,0,0,NA,"D","S","noaa_institutional_flag"
"USC00346940",2020,10,10.2,10.2,NA,"D","S","noaa_institutional_flag"
"USC00346940",2023,10,10.2,10.2,NA,"D","S","noaa_institutional_flag"
"USC00347003",2005,2,67.3,67.3,NA,"D","S","noaa_institutional_flag"
"USC00347214",1949,1,73.7,73.7,NA,"D","S","noaa_institutional_flag"
"USC00347214",1988,10,19.1,19.1,NA,"D","S","noaa_institutional_flag"
"USC00347394",1995,1,19.8,19.8,NA,"D","S","noaa_institutional_flag"
"USC00347862",1994,1,5.6,5.6,NA,"D","S","noaa_institutional_flag"
"USC00348285",1999,6,36.3,36.3,NA,"D","S","noaa_institutional_flag"
"USC00348285",2002,6,0,NA,NA,"D","S","noaa_institutional_flag"
"USC00348501",1893,9,0,0,NA,"D","T","noaa_institutional_flag"
"USC00348501",1896,7,0,0,NA,"D","S","noaa_institutional_flag"
"USC00348501",1898,2,0,NA,NA,"D","T","noaa_institutional_flag"
"USC00348751",2000,3,60.2,60.2,NA,"D","S","noaa_institutional_flag"
"USC00348751",2011,12,0.3,0.3,NA,"D","S","noaa_institutional_flag"
"USC00348987",1900,7,30.5,30.5,NA,"D","S","noaa_institutional_flag"
"USC00349017",2009,8,49.5,49.5,NA,"D","S","noaa_institutional_flag"
"USC00349634",1947,9,667.4,667.4,NA,"D","S","noaa_institutional_flag"
"USC00350036",1963,11,10.2,10.2,NA,"D","S","noaa_institutional_flag"
"USC00350036",1965,4,1.5,1.5,NA,"D","S","noaa_institutional_flag"
"USC00350036",1994,3,0,NA,NA,"D","S","noaa_institutional_flag"
"USC00350036",1999,1,0,0,NA,"D","S","noaa_institutional_flag"
"USC00350036",1999,2,0,0,NA,"D","S","noaa_institutional_flag"
"USC00350036",2002,4,8.9,8.9,NA,"D","S","noaa_institutional_flag"
"USC00350036",2016,1,2.1,2.1,NA,"D","S","noaa_institutional_flag"
"USC00350036",2017,2,18.4,18.4,NA,"D","S","noaa_institutional_flag"
"USC00350036",2017,3,35.8,35.8,NA,"D","S","noaa_institutional_flag"
"USC00350217",1989,1,29.8,29.8,NA,"D","S","noaa_institutional_flag"
"USC00350217",1991,1,23.6,23.6,NA,"D","S","noaa_institutional_flag"
"USC00350217",2009,11,7.6,7.6,NA,"D","S","noaa_institutional_flag"
"USC00350312",1988,11,20.3,20.3,NA,"D","S","noaa_institutional_flag"
"USC00350471",1980,8,14.1,14.1,NA,"D","S","noaa_institutional_flag"
"USC00350574",1918,11,2.5,2.5,NA,"D","S","noaa_institutional_flag"
"USC00350694",2026,2,3.8,3.8,NA,"D","S","noaa_institutional_flag"
"USC00350699",1992,2,1.8,1.8,NA,"D","S","noaa_institutional_flag"
"USC00350723",2003,1,24.3,24.3,NA,"D","S","noaa_institutional_flag"
"USC00350723",2006,11,0,0,NA,"D","S","noaa_institutional_flag"
"USC00350858",2023,3,0,0,NA,"D","S","noaa_institutional_flag"
"USC00351055",1942,8,2.6,2.6,NA,"D","S","noaa_institutional_flag"
"USC00351067",1998,3,2.3,2.3,NA,"D","S","noaa_institutional_flag"
"USC00351067",2001,1,0,0,NA,"D","S","noaa_institutional_flag"
"USC00351067",2001,11,0,0,NA,"D","S","noaa_institutional_flag"
"USC00351067",2002,1,0,0,NA,"D","S","noaa_institutional_flag"
"USC00351067",2002,12,0,0,NA,"D","S","noaa_institutional_flag"
"USC00351067",2003,1,0,0,NA,"D","S","noaa_institutional_flag"
"USC00351067",2005,3,0,NA,NA,"D","S","noaa_institutional_flag"
"USC00351415",1943,6,0,0,NA,"D","S","noaa_institutional_flag"
"USC00351546",1989,11,2.5,2.5,NA,"D","S","noaa_institutional_flag"
"USC00351546",1993,11,0,0,NA,"D","S","noaa_institutional_flag"
"USC00351571",1944,6,2.6,2.6,NA,"D","S","noaa_institutional_flag"
"USC00351862",2020,7,20.8,20.8,NA,"D","S","noaa_institutional_flag"
"USC00351926",2009,12,4.6,4.6,NA,"D","S","noaa_institutional_flag"
"USC00351978",1944,9,0,NA,NA,"D","S","noaa_institutional_flag"
"USC00351978",1948,9,12.7,12.7,NA,"D","S","noaa_institutional_flag"
"USC00352010",2010,1,5.1,5.1,NA,"D","S","noaa_institutional_flag"
"USC00352370",1994,9,17,17,NA,"D","S","noaa_institutional_flag"
"USC00352370",1999,3,64.3,64.3,NA,"D","S","noaa_institutional_flag"
"USC00352678",2007,5,0,0,NA,"D","S","noaa_institutional_flag"
"USC00353038",1935,2,0,0,NA,"D","S","noaa_institutional_flag"
"USC00353038",1937,10,0,0,NA,"D","S","noaa_institutional_flag"
"USC00353038",1945,1,0,0,NA,"D","S","noaa_institutional_flag"
"USC00353038",1945,2,0,0,NA,"D","S","noaa_institutional_flag"
"USC00353038",1945,3,0,0,NA,"D","S","noaa_institutional_flag"
"USC00353038",1945,5,0,0,NA,"D","S","noaa_institutional_flag"
"USC00353038",1995,12,30.5,30.5,NA,"D","S","noaa_institutional_flag"
"USC00353038",2010,1,22.4,22.4,NA,"D","S","noaa_institutional_flag"
"USC00353038",2017,10,25.7,25.7,NA,"D","S","noaa_institutional_flag"
"USC00353038",2017,2,17.8,17.8,NA,"D","S","noaa_institutional_flag"
"USC00353038",2017,5,24.6,24.6,NA,"D","S","noaa_institutional_flag"
"USC00353038",2020,1,45.5,45.5,NA,"D","S","noaa_institutional_flag"
"USC00353038",2020,11,62.3,62.3,NA,"D","S","noaa_institutional_flag"
"USC00353038",2020,3,8.4,8.4,NA,"D","S","noaa_institutional_flag"
"USC00353038",2021,12,36.3,36.3,NA,"D","S","noaa_institutional_flag"
"USC00353038",2022,12,46.8,46.8,NA,"D","S","noaa_institutional_flag"
"USC00353038",2024,1,61,61,NA,"D","S","noaa_institutional_flag"
"USC00353038",2024,5,68.8,68.8,NA,"D","S","noaa_institutional_flag"
"USC00353038",2025,10,12.4,12.4,NA,"D","S","noaa_institutional_flag"
"USC00353415",1910,5,2,2,NA,"D","S","noaa_institutional_flag"
"USC00354098",2006,12,0,0,NA,"D","S","noaa_institutional_flag"
"USC00354133",2003,5,7.4,7.4,NA,"D","S","noaa_institutional_flag"
"USC00354161",2000,12,0,0,NA,"D","S","noaa_institutional_flag"
"USC00354161",2010,5,19.1,19.1,NA,"D","S","noaa_institutional_flag"
"USC00354329",1911,1,10.2,10.2,NA,"D","S","noaa_institutional_flag"
"USC00354506",1998,10,0,0,NA,"D","S","noaa_institutional_flag"
"USC00354603",1949,9,0,0,NA,"D","S","noaa_institutional_flag"
"USC00354634",2005,1,0,0,NA,"D","S","noaa_institutional_flag"
"USC00354634",2009,5,0,0,NA,"D","S","noaa_institutional_flag"
"USC00354634",2009,6,0,0,NA,"D","S","noaa_institutional_flag"
"USC00355026",1994,10,7.4,7.4,NA,"D","S","noaa_institutional_flag"
"USC00355162",2008,12,0,NA,NA,"D","S","noaa_institutional_flag"
"USC00355162",2009,11,2.5,2.5,NA,"D","S","noaa_institutional_flag"
"USC00355162",2009,3,1.3,1.3,NA,"D","S","noaa_institutional_flag"
"USC00355162",2010,12,0,0,NA,"D","S","noaa_institutional_flag"
"USC00355162",2010,2,11.4,11.4,NA,"D","S","noaa_institutional_flag"
"USC00355162",2011,3,10.2,10.2,NA,"D","S","noaa_institutional_flag"
"USC00355162",2011,4,0,0,NA,"D","S","noaa_institutional_flag"
"USC00355162",2013,4,2.5,2.5,NA,"D","S","noaa_institutional_flag"
"USC00355162",2024,3,0,0,NA,"D","S","noaa_institutional_flag"
"USC00355221",1949,3,0,0,NA,"D","S","noaa_institutional_flag"
"USC00355221",1949,6,0,0,NA,"D","S","noaa_institutional_flag"
"USC00355362",2010,10,173.2,173.2,NA,"D","S","noaa_institutional_flag"
"USC00355362",2021,12,163.8,163.8,NA,"D","S","noaa_institutional_flag"
"USC00355384",1989,12,5.1,5.1,NA,"D","S","noaa_institutional_flag"
"USC00355505",1951,2,26.2,26.2,NA,"D","S","noaa_institutional_flag"
"USC00355593",2016,6,0,0,NA,"D","S","noaa_institutional_flag"
"USC00355711",2016,6,0,0,NA,"D","S","noaa_institutional_flag"
"USC00355770",1909,10,49.6,49.6,NA,"D","S","noaa_institutional_flag"
"USC00355945",2009,6,0,0,NA,"D","S","noaa_institutional_flag"
"USC00356200",2020,4,55.9,55.9,NA,"D","S","noaa_institutional_flag"
"USC00356200",2020,5,50.8,50.8,NA,"D","S","noaa_institutional_flag"
"USC00356213",1919,12,56.9,56.9,NA,"D","S","noaa_institutional_flag"
"USC00356213",1920,1,51.1,51.1,NA,"D","S","noaa_institutional_flag"
"USC00356213",1920,10,49.5,49.5,NA,"D","S","noaa_institutional_flag"
"USC00356213",1920,11,0,0,NA,"D","S","noaa_institutional_flag"
"USC00356213",1920,12,30.5,30.5,NA,"D","S","noaa_institutional_flag"
"USC00356213",1920,9,1.5,1.5,NA,"D","S","noaa_institutional_flag"
"USC00356213",1921,1,16.5,16.5,NA,"D","S","noaa_institutional_flag"
"USC00356213",1921,3,94,94,NA,"D","S","noaa_institutional_flag"
"USC00356213",1924,2,0,0,NA,"D","S","noaa_institutional_flag"
"USC00356426",1911,5,2.5,2.5,NA,"D","S","noaa_institutional_flag"
"USC00356426",2011,11,4.1,4.1,NA,"D","S","noaa_institutional_flag"
"USC00356541",1940,9,0,0,NA,"D","S","noaa_institutional_flag"
"USC00357052",1959,3,0,NA,NA,"D","S","noaa_institutional_flag"
"USC00357160",1912,3,0,NA,NA,"D","S","noaa_institutional_flag"
"USC00357160",1913,11,5.1,5.1,NA,"D","S","noaa_institutional_flag"
"USC00357160",1983,3,41.9,41.9,NA,"D","S","noaa_institutional_flag"
"USC00357160",2000,3,3.8,3.8,NA,"D","S","noaa_institutional_flag"
"USC00357160",2001,1,0,NA,NA,"D","S","noaa_institutional_flag"
"USC00357277",1975,1,4.6,4.6,NA,"D","S","noaa_institutional_flag"
"USC00357391",1998,10,9.7,9.7,NA,"D","S","noaa_institutional_flag"
"USC00357391",1998,11,0,0,NA,"D","S","noaa_institutional_flag"
"USC00357391",1998,12,0,0,NA,"D","S","noaa_institutional_flag"
"USC00357391",1998,2,4.3,4.3,NA,"D","S","noaa_institutional_flag"
"USC00357391",1998,5,3,3,NA,"D","S","noaa_institutional_flag"
"USC00357848",1900,4,2.5,2.5,NA,"D","S","noaa_institutional_flag"
"USC00357857",2021,11,23.6,23.6,NA,"D","S","noaa_institutional_flag"
"USC00358009",1977,9,15.2,15.2,NA,"D","S","noaa_institutional_flag"
"USC00358029",1951,11,14.8,14.8,NA,"D","S","noaa_institutional_flag"
"USC00358029",2015,12,25.4,25.4,NA,"D","S","noaa_institutional_flag"
"USC00358029",2016,11,11.4,11.4,NA,"D","S","noaa_institutional_flag"
"USC00358029",2017,12,0,0,NA,"D","S","noaa_institutional_flag"
"USC00358029",2017,3,20.4,20.4,NA,"D","S","noaa_institutional_flag"
"USC00358029",2017,4,9.7,9.7,NA,"D","S","noaa_institutional_flag"
"USC00358029",2018,10,8.9,8.9,NA,"D","S","noaa_institutional_flag"
"USC00358029",2019,1,13.5,13.5,NA,"D","S","noaa_institutional_flag"
"USC00358029",2019,10,0,NA,NA,"D","S","noaa_institutional_flag"
"USC00358029",2021,10,21.6,21.6,NA,"D","S","noaa_institutional_flag"
"USC00358029",2021,11,19.3,19.3,NA,"D","S","noaa_institutional_flag"
"USC00358029",2021,3,0,0,NA,"D","S","noaa_institutional_flag"
"USC00358029",2024,11,14,14,NA,"D","S","noaa_institutional_flag"
"USC00358029",2024,2,0,0,NA,"D","S","noaa_institutional_flag"
"USC00358029",2025,5,1,1,NA,"D","S","noaa_institutional_flag"
"USC00358079",1938,11,1,1,NA,"D","S","noaa_institutional_flag"
"USC00358407",2019,3,0,NA,NA,"D","S","noaa_institutional_flag"
"USC00358407",2020,3,5.6,5.6,NA,"D","S","noaa_institutional_flag"
"USC00358466",2026,4,24.4,24.4,NA,"D","S","noaa_institutional_flag"
"USC00358494",2010,10,0,0,NA,"D","S","noaa_institutional_flag"
"USC00358494",2010,9,0,0,NA,"D","S","noaa_institutional_flag"
"USC00358494",2022,6,0,0,NA,"D","S","noaa_institutional_flag"
"USC00358514",1971,9,25.4,25.4,NA,"D","S","noaa_institutional_flag"
"USC00358780",1997,3,3.3,3.3,NA,"D","S","noaa_institutional_flag"
"USC00358797",2001,4,1.5,1.5,NA,"D","S","noaa_institutional_flag"
"USC00358797",2008,1,0,0,NA,"D","S","noaa_institutional_flag"
"USC00358964",1914,4,57.6,57.6,NA,"D","S","noaa_institutional_flag"
"USC00359046",1938,1,0,0,NA,"D","S","noaa_institutional_flag"
"USC00359083",1949,10,0,0,NA,"D","S","noaa_institutional_flag"
"USC00359290",1982,12,12.7,12.7,NA,"D","S","noaa_institutional_flag"
"USC00360488",1994,1,36.4,36.4,NA,"D","S","noaa_institutional_flag"
"USC00360634",1901,1,36.1,36.1,NA,"D","S","noaa_institutional_flag"
"USC00361255",1989,4,17,17,NA,"D","S","noaa_institutional_flag"
"USC00361255",1990,11,8.1,8.1,NA,"D","S","noaa_institutional_flag"
"USC00362183",2001,1,10.2,10.2,NA,"D","S","noaa_institutional_flag"
"USC00362671",2004,4,26.4,26.4,NA,"D","S","noaa_institutional_flag"
"USC00362671",2012,11,2.5,2.5,NA,"D","S","noaa_institutional_flag"
"USC00363028",1903,9,0,NA,NA,"D","S","noaa_institutional_flag"
"USC00364219",1898,3,5.6,5.6,NA,"D","S","noaa_institutional_flag"
"USC00364481",1962,10,20.3,20.3,NA,"D","S","noaa_institutional_flag"
"USC00364481",1964,11,22.9,22.9,NA,"D","S","noaa_institutional_flag"
"USC00364758",1895,8,20.3,20.3,NA,"D","S","noaa_institutional_flag"
"USC00364853",2000,12,0,0,NA,"D","S","noaa_institutional_flag"
"USC00365651",2009,11,0,0,NA,"D","S","noaa_institutional_flag"
"USC00365651",2010,2,0,NA,NA,"D","S","noaa_institutional_flag"
"USC00365662",1938,3,54.6,54.6,NA,"D","S","noaa_institutional_flag"
"USC00366098",1910,3,3.6,3.6,NA,"D","S","noaa_institutional_flag"
"USC00366126",2012,2,15.2,15.2,NA,"D","S","noaa_institutional_flag"
"USC00366126",2015,10,30.5,30.5,NA,"D","S","noaa_institutional_flag"
"USC00366126",2015,12,26.6,26.6,NA,"D","S","noaa_institutional_flag"
"USC00366246",1910,5,29.2,29.2,NA,"D","S","noaa_institutional_flag"
"USC00366246",1941,2,15.2,15.2,NA,"D","S","noaa_institutional_flag"
"USC00366954",1929,3,22.9,22.9,NA,"D","S","noaa_institutional_flag"
"USC00367729",1982,4,4.8,4.8,NA,"D","S","noaa_institutional_flag"
"USC00368190",1905,2,10.2,10.2,NA,"D","S","noaa_institutional_flag"
"USC00368662",1902,5,2.5,2.5,NA,"D","S","noaa_institutional_flag"
"USC00380165",2008,5,27.9,27.9,NA,"D","S","noaa_institutional_flag"
"USC00380772",1938,8,0,NA,NA,"D","S","noaa_institutional_flag"
"USC00380777",1993,9,32.8,32.8,NA,"D","S","noaa_institutional_flag"
"USC00380777",1996,6,12.7,12.7,NA,"D","S","noaa_institutional_flag"
"USC00382159",1954,6,25.9,25.9,NA,"D","S","noaa_institutional_flag"
"USC00382712",2002,8,6.6,6.6,NA,"D","S","noaa_institutional_flag"
"USC00383468",1897,12,27.9,27.9,NA,"D","S","noaa_institutional_flag"
"USC00383468",2003,2,79.8,79.8,NA,"D","S","noaa_institutional_flag"
"USC00385278",1980,2,12.2,12.2,NA,"D","S","noaa_institutional_flag"
"USC00385278",1986,11,134.1,134.1,NA,"D","S","noaa_institutional_flag"
"USC00385278",1986,7,0,0,NA,"D","S","noaa_institutional_flag"
"USC00385278",1986,9,25.4,25.4,NA,"D","S","noaa_institutional_flag"
"USC00385278",1998,2,113,113,NA,"D","S","noaa_institutional_flag"
"USC00385509",1965,1,6.4,6.4,NA,"D","S","noaa_institutional_flag"
"USC00385628",1969,11,0,NA,NA,"D","S","noaa_institutional_flag"
"USC00386890",1922,10,7.6,7.6,NA,"D","S","noaa_institutional_flag"
"USC00387313",1997,3,19.8,19.8,NA,"D","S","noaa_institutional_flag"
"USC00387313",1998,8,11.4,11.4,NA,"D","S","noaa_institutional_flag"
"USC00387631",1949,6,26.7,26.7,NA,"D","S","noaa_institutional_flag"
"USC00387666",1999,6,0,0,NA,"D","S","noaa_institutional_flag"
"USC00388219",2008,9,0,0,NA,"D","S","noaa_institutional_flag"
"USC00388706",2004,11,65.3,65.3,NA,"D","S","noaa_institutional_flag"
"USC00388706",2004,3,0,0,NA,"D","S","noaa_institutional_flag"
"USC00389122",2004,10,0.5,0.5,NA,"D","S","noaa_institutional_flag"
"USC00389218",1951,7,0,0,NA,"D","S","noaa_institutional_flag"
"USC00390223",1998,2,0,0,NA,"D","S","noaa_institutional_flag"
"USC00390223",1998,3,0,0,NA,"D","S","noaa_institutional_flag"
"USC00390559",2002,3,0,0,NA,"D","S","noaa_institutional_flag"
"USC00391032",2008,12,0,NA,NA,"D","S","noaa_institutional_flag"
"USC00391032",2009,12,34.3,34.3,NA,"D","S","noaa_institutional_flag"
"USC00392565",1999,3,0,NA,NA,"D","S","noaa_institutional_flag"
"USC00392820",1902,12,15.2,15.2,NA,"D","S","noaa_institutional_flag"
"USC00392820",1915,3,0,0,NA,"D","S","noaa_institutional_flag"
"USC00392927",1897,3,33,33,NA,"D","S","noaa_institutional_flag"
"USC00393069",1904,7,10.2,10.2,NA,"D","S","noaa_institutional_flag"
"USC00393076",2018,2,0.5,0.5,NA,"D","S","noaa_institutional_flag"
"USC00393082",1982,1,0,0,NA,"D","S","noaa_institutional_flag"
"USC00393572",1944,1,31.8,31.8,NA,"D","S","noaa_institutional_flag"
"USC00393608",2017,8,4.6,4.6,NA,"D","S","noaa_institutional_flag"
"USC00394254",1999,8,44.2,44.2,NA,"D","S","noaa_institutional_flag"
"USC00394766",2016,8,0,0,NA,"D","S","noaa_institutional_flag"
"USC00394960",1994,7,30.5,30.5,NA,"D","S","noaa_institutional_flag"
"USC00395381",1935,6,0,0,NA,"D","S","noaa_institutional_flag"
"USC00395506",1995,10,47,47,NA,"D","S","noaa_institutional_flag"
"USC00395506",1999,1,8.9,8.9,NA,"D","S","noaa_institutional_flag"
"USC00395536",1895,11,10.2,10.2,NA,"D","S","noaa_institutional_flag"
"USC00395669",2009,7,0,0,NA,"D","S","noaa_institutional_flag"
"USC00395733",2014,2,0,NA,NA,"D","S","noaa_institutional_flag"
"USC00396054",2002,10,14.7,14.7,NA,"D","S","noaa_institutional_flag"
"USC00396170",2010,12,0,0,NA,"D","S","noaa_institutional_flag"
"USC00396212",1926,7,6.9,6.9,NA,"D","S","noaa_institutional_flag"
"USC00396304",1974,7,17,17,NA,"D","S","noaa_institutional_flag"
"USC00396397",1914,8,0,NA,NA,"D","S","noaa_institutional_flag"
"USC00396947",2012,1,3,3,NA,"D","S","noaa_institutional_flag"
"USC00396947",2012,2,1,1,NA,"D","S","noaa_institutional_flag"
"USC00399004",1894,12,3.2,3.2,NA,"D","S","noaa_institutional_flag"
"USC00399176",1971,12,0.8,0.8,NA,"D","S","noaa_institutional_flag"
"USC00399232",1997,1,0,NA,NA,"D","S","noaa_institutional_flag"
"USC00399502",2009,7,0,0,NA,"D","S","noaa_institutional_flag"
"USC00401636",1897,4,129,129,NA,"D","S","noaa_institutional_flag"
"USC00401663",2023,10,0,0,NA,"D","S","noaa_institutional_flag"
"USC00401663",2025,7,17.8,17.8,NA,"D","S","noaa_institutional_flag"
"USC00401835",1892,11,23.9,23.9,NA,"D","S","noaa_institutional_flag"
"USC00402600",1932,7,46,46,NA,"D","S","noaa_institutional_flag"
"USC00402836",1900,12,18.8,18.8,NA,"D","S","noaa_institutional_flag"
"USC00403679",2009,10,0,0,NA,"D","S","noaa_institutional_flag"
"USC00403679",2009,5,0,0,NA,"D","S","noaa_institutional_flag"
"USC00403679",2010,11,0,0,NA,"D","S","noaa_institutional_flag"
"USC00403679",2010,12,0,0,NA,"D","S","noaa_institutional_flag"
"USC00403679",2010,3,0,0,NA,"D","S","noaa_institutional_flag"
"USC00403679",2010,7,0,0,NA,"D","S","noaa_institutional_flag"
"USC00403907",1893,7,30.2,30.2,NA,"D","S","noaa_institutional_flag"
"USC00404223",2023,1,0,0,NA,"D","S","noaa_institutional_flag"
"USC00404663",1966,12,0,0,NA,"D","S","noaa_institutional_flag"
"USC00404946",2016,8,15.5,15.5,NA,"D","S","noaa_institutional_flag"
"USC00404987",2009,2,27.9,27.9,NA,"D","S","noaa_institutional_flag"
"USC00404987",2009,7,100.9,100.9,NA,"D","S","noaa_institutional_flag"
"USC00404987",2011,7,0,0,NA,"D","S","noaa_institutional_flag"
"USC00405089",2007,5,0,0,NA,"D","S","noaa_institutional_flag"
"USC00405089",2013,10,12.2,12.2,NA,"D","S","noaa_institutional_flag"
"USC00405089",2013,3,67.3,67.3,NA,"D","S","noaa_institutional_flag"
"USC00405089",2017,2,45.2,45.2,NA,"D","S","noaa_institutional_flag"
"USC00405089",2018,8,0,0,NA,"D","S","noaa_institutional_flag"
"USC00405089",2021,7,24.9,24.9,NA,"D","S","noaa_institutional_flag"
"USC00405089",2021,8,0,0,NA,"D","S","noaa_institutional_flag"
"USC00405089",2021,9,0,0,NA,"D","S","noaa_institutional_flag"
"USC00405210",1996,12,0,0,NA,"D","T","noaa_institutional_flag"
"USC00405278",2018,8,18.8,18.8,NA,"D","S","noaa_institutional_flag"
"USC00405332",1986,9,22.9,22.9,NA,"D","S","noaa_institutional_flag"
"USC00405332",1988,1,40.9,40.9,NA,"D","S","noaa_institutional_flag"
"USC00405358",2002,11,38.1,38.1,NA,"D","S","noaa_institutional_flag"
"USC00406162",1996,1,0,0,NA,"D","S","noaa_institutional_flag"
"USC00406274",1997,11,31.2,31.2,NA,"D","S","noaa_institutional_flag"
"USC00406326",1949,2,0,0,NA,"D","S","noaa_institutional_flag"
"USC00406326",1963,1,118.6,118.6,NA,"D","S","noaa_institutional_flag"
"USC00406326",1963,3,22.4,22.4,NA,"D","S","noaa_institutional_flag"
"USC00406326",1964,2,1.5,1.5,NA,"D","S","noaa_institutional_flag"
"USC00406326",1966,2,208.5,208.5,NA,"D","S","noaa_institutional_flag"
"USC00406619",1948,11,0,0,NA,"D","S","noaa_institutional_flag"
"USC00406803",2024,7,25.7,25.7,NA,"D","S","noaa_institutional_flag"
"USC00407141",2020,6,44.4,44.4,NA,"D","S","noaa_institutional_flag"
"USC00407710",1987,1,26.7,26.7,NA,"D","S","noaa_institutional_flag"
"USC00407834",2003,2,108.2,108.2,NA,"D","S","noaa_institutional_flag"
"USC00407884",1970,5,1,1,NA,"D","S","noaa_institutional_flag"
"USC00407884",1992,1,0,0,NA,"D","S","noaa_institutional_flag"
"USC00407884",1996,2,0,0,NA,"D","S","noaa_institutional_flag"
"USC00408522",2009,11,0,0,NA,"D","S","noaa_institutional_flag"
"USC00408609",2001,1,41.9,41.9,NA,"D","S","noaa_institutional_flag"
"USC00408609",2001,2,32.8,32.8,NA,"D","S","noaa_institutional_flag"
"USC00408886",2016,2,31.8,31.8,NA,"D","S","noaa_institutional_flag"
"USC00408886",2016,6,0,0,NA,"D","S","noaa_institutional_flag"
"USC00409493",2020,11,0,0,NA,"D","S","noaa_institutional_flag"
"USC00410144",2004,4,111,111,NA,"D","S","noaa_institutional_flag"
"USC00410367",1912,12,0,NA,NA,"D","S","noaa_institutional_flag"
"USC00410708",2006,9,50.8,50.8,NA,"D","S","noaa_institutional_flag"
"USC00410917",1924,5,0,0,NA,"D","S","noaa_institutional_flag"
"USC00410944",1924,7,6.6,6.6,NA,"D","S","noaa_institutional_flag"
"USC00410944",2020,3,0,0,NA,"D","S","noaa_institutional_flag"
"USC00410996",1994,12,21.6,21.6,NA,"D","S","noaa_institutional_flag"
"USC00411073",1919,6,50.8,50.8,NA,"D","S","noaa_institutional_flag"
"USC00411215",2007,6,25.9,25.9,NA,"D","S","noaa_institutional_flag"
"USC00411215",2021,10,50.8,50.8,NA,"D","S","noaa_institutional_flag"
"USC00411521",1978,9,34.3,34.3,NA,"D","S","noaa_institutional_flag"
"USC00411573",1982,10,0,0,NA,"D","S","noaa_institutional_flag"
"USC00411625",2004,3,25.4,25.4,NA,"D","S","noaa_institutional_flag"
"USC00411649",2001,1,281.9,281.9,NA,"D","T","noaa_institutional_flag"
"USC00411649",2007,4,3.8,3.8,NA,"D","S","noaa_institutional_flag"
"USC00411651",2003,1,0,0,NA,"D","S","noaa_institutional_flag"
"USC00411651",2003,4,0,0,NA,"D","S","noaa_institutional_flag"
"USC00411741",1951,9,58.4,58.4,NA,"D","S","noaa_institutional_flag"
"USC00411911",1904,8,0,NA,NA,"D","S","noaa_institutional_flag"
"USC00411946",2019,8,24.9,24.9,NA,"D","S","noaa_institutional_flag"
"USC00411946",2020,7,42.6,42.6,NA,"D","S","noaa_institutional_flag"
"USC00411946",2021,5,14,14,NA,"D","S","noaa_institutional_flag"
"USC00411956",1999,1,7.6,7.6,NA,"D","S","noaa_institutional_flag"
"USC00411970",2026,6,0,0,NA,"D","S","noaa_institutional_flag"
"USC00412104",1972,8,129.5,129.5,NA,"D","S","noaa_institutional_flag"
"USC00412142",1932,9,14,14,NA,"D","S","noaa_institutional_flag"
"USC00412218",2011,7,0,0,NA,"D","S","noaa_institutional_flag"
"USC00412238",2019,5,0,0,NA,"D","S","noaa_institutional_flag"
"USC00412295",1951,6,0,0,NA,"D","T","noaa_institutional_flag"
"USC00412295",1958,10,58.4,58.4,NA,"D","S","noaa_institutional_flag"
"USC00412295",1992,3,0.5,0.5,NA,"D","T","noaa_institutional_flag"
"USC00412352",2007,12,12.7,12.7,NA,"D","S","noaa_institutional_flag"
"USC00412430",1950,2,16.5,16.5,NA,"D","S","noaa_institutional_flag"
"USC00412462",1943,9,8.1,8.1,NA,"D","S","noaa_institutional_flag"
"USC00412902",1993,5,61.5,61.5,NA,"D","S","noaa_institutional_flag"
"USC00413047",1991,9,50.8,50.8,NA,"D","S","noaa_institutional_flag"
"USC00413065",2015,1,35.1,35.1,NA,"D","S","noaa_institutional_flag"
"USC00413065",2016,3,33,33,NA,"D","S","noaa_institutional_flag"
"USC00413065",2018,2,39.6,39.6,NA,"D","S","noaa_institutional_flag"
"USC00413080",1985,2,76.2,76.2,NA,"D","S","noaa_institutional_flag"
"USC00413112",1987,9,30.2,30.2,NA,"D","S","noaa_institutional_flag"
"USC00413112",1998,8,4.3,4.3,NA,"D","S","noaa_institutional_flag"
"USC00413199",2000,10,8.9,8.9,NA,"D","S","noaa_institutional_flag"
"USC00413201",1982,10,0,0,NA,"D","S","noaa_institutional_flag"
"USC00413201",2019,4,0,0,NA,"D","T","noaa_institutional_flag"
"USC00413265",2009,6,0,0,NA,"D","S","noaa_institutional_flag"
"USC00413340",1948,7,0,0,NA,"D","S","noaa_institutional_flag"
"USC00413485",1902,9,26.9,26.9,NA,"D","S","noaa_institutional_flag"
"USC00413605",2023,5,65.3,65.3,NA,"D","S","noaa_institutional_flag"
"USC00413620",1959,9,12.7,12.7,NA,"D","S","noaa_institutional_flag"
"USC00413620",1976,3,6.4,6.4,NA,"D","S","noaa_institutional_flag"
"USC00413620",2000,12,52.1,52.1,NA,"D","S","noaa_institutional_flag"
"USC00413620",2002,11,0,0,NA,"D","T","noaa_institutional_flag"
"USC00413620",2002,12,21.6,21.6,NA,"D","S","noaa_institutional_flag"
"USC00413620",2003,10,19.8,19.8,NA,"D","S","noaa_institutional_flag"
"USC00413620",2004,2,2.5,2.5,NA,"D","S","noaa_institutional_flag"
"USC00413622",2021,8,59.7,59.7,NA,"D","S","noaa_institutional_flag"
"USC00413622",2022,11,7.6,7.6,NA,"D","S","noaa_institutional_flag"
"USC00413622",2023,1,0,0,NA,"D","S","noaa_institutional_flag"
"USC00413642",2011,12,10.7,10.7,NA,"D","S","noaa_institutional_flag"
"USC00413691",1999,6,0,0,NA,"D","S","noaa_institutional_flag"
"USC00413884",1990,9,25.4,25.4,NA,"D","S","noaa_institutional_flag"
"USC00413941",2003,5,39.1,39.1,NA,"D","S","noaa_institutional_flag"
"USC00414140",1974,10,20.6,20.6,NA,"D","S","noaa_institutional_flag"
"USC00414326",2003,2,7.6,7.6,NA,"D","S","noaa_institutional_flag"
"USC00414326",2012,6,0,NA,NA,"D","S","noaa_institutional_flag"
"USC00414348",2013,11,61,61,NA,"D","S","noaa_institutional_flag"
"USC00414363",2010,7,0,0,NA,"D","S","noaa_institutional_flag"
"USC00414363",2014,12,17.3,17.3,NA,"D","S","noaa_institutional_flag"
"USC00414375",2023,12,32.3,32.3,NA,"D","S","noaa_institutional_flag"
"USC00414425",1968,1,14.5,14.5,NA,"D","S","noaa_institutional_flag"
"USC00414525",1965,8,3,3,NA,"D","S","noaa_institutional_flag"
"USC00414693",1951,3,0,0,NA,"D","T","noaa_institutional_flag"
"USC00414693",1951,4,0,0,NA,"D","S","noaa_institutional_flag"
"USC00414704",1995,8,0,0,NA,"D","S","noaa_institutional_flag"
"USC00414704",2015,2,10.2,10.2,NA,"D","S","noaa_institutional_flag"
"USC00414791",1967,5,32.5,32.5,NA,"D","S","noaa_institutional_flag"
"USC00414792",2013,5,0,0,NA,"D","S","noaa_institutional_flag"
"USC00414792",2013,7,0.3,0.3,NA,"D","T","noaa_institutional_flag"
"USC00414792",2025,5,0,0,NA,"D","S","noaa_institutional_flag"
"USC00414792",2025,7,0,0,NA,"D","S","noaa_institutional_flag"
"USC00414792",2025,8,0,0,NA,"D","S","noaa_institutional_flag"
"USC00414810",1923,9,80.5,80.5,NA,"D","S","noaa_institutional_flag"
"USC00414810",1932,9,0,0,NA,"D","S","noaa_institutional_flag"
"USC00414819",1995,8,38.1,38.1,NA,"D","S","noaa_institutional_flag"
"USC00414819",1996,12,26.4,26.4,NA,"D","S","noaa_institutional_flag"
"USC00414819",1998,10,64.8,64.8,NA,"D","S","noaa_institutional_flag"
"USC00414878",2010,9,0,0,NA,"D","S","noaa_institutional_flag"
"USC00414920",1957,11,71.2,71.2,NA,"D","S","noaa_institutional_flag"
"USC00414920",2015,6,133,133,NA,"D","S","noaa_institutional_flag"
"USC00414931",1988,8,29.2,29.2,NA,"D","S","noaa_institutional_flag"
"USC00414931",2000,10,5.1,5.1,NA,"D","S","noaa_institutional_flag"
"USC00415018",2001,5,11.4,11.4,NA,"D","S","noaa_institutional_flag"
"USC00415018",2012,9,0,0,NA,"D","T","noaa_institutional_flag"
"USC00415060",2002,12,10.5,10.5,NA,"D","S","noaa_institutional_flag"
"USC00415094",2017,5,0.5,0.5,NA,"D","S","noaa_institutional_flag"
"USC00415094",2017,7,18.5,18.5,NA,"D","S","noaa_institutional_flag"
"USC00415094",2018,5,0,0,NA,"D","S","noaa_institutional_flag"
"USC00415097",2010,9,0,0,NA,"D","S","noaa_institutional_flag"
"USC00415158",2009,9,0,NA,NA,"D","S","noaa_institutional_flag"
"USC00415192",2017,6,0,0,NA,"D","S","noaa_institutional_flag"
"USC00415192",2017,7,0,0,NA,"D","S","noaa_institutional_flag"
"USC00415243",2001,3,40.6,40.6,NA,"D","S","noaa_institutional_flag"
"USC00415272",1906,1,0,NA,NA,"D","S","noaa_institutional_flag"
"USC00415272",1906,5,25.4,25.4,NA,"D","S","noaa_institutional_flag"
"USC00415285",2016,8,5.1,5.1,NA,"D","S","noaa_institutional_flag"
"USC00415285",2018,2,39.6,39.6,NA,"D","S","noaa_institutional_flag"
"USC00415285",2019,2,6.9,6.9,NA,"D","S","noaa_institutional_flag"
"USC00415303",2013,9,23.1,23.1,NA,"D","S","noaa_institutional_flag"
"USC00415312",2010,2,21.3,21.3,NA,"D","S","noaa_institutional_flag"
"USC00415312",2014,12,4.8,4.8,NA,"D","S","noaa_institutional_flag"
"USC00415351",1957,4,0,NA,NA,"D","S","noaa_institutional_flag"
"USC00415351",1990,9,0,NA,NA,"D","S","noaa_institutional_flag"
"USC00415363",1967,12,0,0,NA,"D","S","noaa_institutional_flag"
"USC00415363",1972,7,0,0,NA,"D","S","noaa_institutional_flag"
"USC00415363",1986,12,8.6,8.6,NA,"D","S","noaa_institutional_flag"
"USC00415579",1998,10,0,0,NA,"D","S","noaa_institutional_flag"
"USC00415579",1998,7,10.2,10.2,NA,"D","S","noaa_institutional_flag"
"USC00415579",1998,8,10.2,10.2,NA,"D","S","noaa_institutional_flag"
"USC00415579",2001,7,3.8,3.8,NA,"D","S","noaa_institutional_flag"
"USC00415583",1974,9,203.2,203.2,NA,"D","S","noaa_institutional_flag"
"USC00415659",1938,9,12.7,12.7,NA,"D","S","noaa_institutional_flag"
"USC00415667",2017,2,38.1,38.1,NA,"D","S","noaa_institutional_flag"
"USC00415701",1994,12,0,0,NA,"D","S","noaa_institutional_flag"
"USC00415766",1935,11,2.5,2.5,NA,"D","S","noaa_institutional_flag"
"USC00415847",1982,6,0,0,NA,"D","S","noaa_institutional_flag"
"USC00415869",2009,5,17.8,17.8,NA,"D","S","noaa_institutional_flag"
"USC00415869",2010,4,0,0,NA,"D","S","noaa_institutional_flag"
"USC00415904",2006,7,3,3,NA,"D","S","noaa_institutional_flag"
"USC00416060",2018,2,134.6,134.6,NA,"D","S","noaa_institutional_flag"
"USC00416368",2020,3,51.6,51.6,NA,"D","S","noaa_institutional_flag"
"USC00416502",2007,5,0,0,NA,"D","S","noaa_institutional_flag"
"USC00416644",2009,7,0,0,NA,"D","S","noaa_institutional_flag"
"USC00416747",2001,1,0,0,NA,"D","S","noaa_institutional_flag"
"USC00416747",2001,3,0,0,NA,"D","S","noaa_institutional_flag"
"USC00416950",1987,5,34,34,NA,"D","S","noaa_institutional_flag"
"USC00416953",2021,3,0,0,NA,"D","S","noaa_institutional_flag"
"USC00417040",2019,3,30.5,30.5,NA,"D","S","noaa_institutional_flag"
"USC00417060",2004,11,140.2,140.2,NA,"D","S","noaa_institutional_flag"
"USC00417066",2010,11,22.1,22.1,NA,"D","S","noaa_institutional_flag"
"USC00417066",2013,7,0,0,NA,"D","S","noaa_institutional_flag"
"USC00417066",2014,4,12.2,12.2,NA,"D","S","noaa_institutional_flag"
"USC00417066",2014,6,0,0,NA,"D","S","noaa_institutional_flag"
"USC00417179",1988,8,0,0,NA,"D","S","noaa_institutional_flag"
"USC00417184",1979,1,24.9,24.9,NA,"D","S","noaa_institutional_flag"
"USC00417186",1989,11,0,0,NA,"D","S","noaa_institutional_flag"
"USC00417186",1990,4,0,0,NA,"D","T","noaa_institutional_flag"
"USC00417186",1994,2,0,0,NA,"D","S","noaa_institutional_flag"
"USC00417186",1995,12,0,0,NA,"D","S","noaa_institutional_flag"
"USC00417186",1995,6,0,0,NA,"D","T","noaa_institutional_flag"
"USC00417186",1995,8,0,0,NA,"D","S","noaa_institutional_flag"
"USC00417186",1997,11,0,0,NA,"D","S","noaa_institutional_flag"
"USC00417186",1998,1,0,0,NA,"D","S","noaa_institutional_flag"
"USC00417186",1998,2,25.4,25.4,NA,"D","S","noaa_institutional_flag"
"USC00417186",1999,6,6.4,6.4,NA,"D","S","noaa_institutional_flag"
"USC00417186",2001,10,0,0,NA,"D","T","noaa_institutional_flag"
"USC00417215",2012,7,0,0,NA,"D","S","noaa_institutional_flag"
"USC00417215",2014,11,0,0,NA,"D","T","noaa_institutional_flag"
"USC00417215",2014,5,114.3,114.3,NA,"D","S","noaa_institutional_flag"
"USC00417215",2014,9,0,0,NA,"D","S","noaa_institutional_flag"
"USC00417215",2015,1,0,0,NA,"D","S","noaa_institutional_flag"
"USC00417215",2016,12,0,0,NA,"D","S","noaa_institutional_flag"
"USC00417215",2016,6,0,0,NA,"D","S","noaa_institutional_flag"
"USC00417215",2017,12,5.1,5.1,NA,"D","S","noaa_institutional_flag"
"USC00417271",1951,1,49,49,NA,"D","S","noaa_institutional_flag"
"USC00417299",1955,7,14,14,NA,"D","S","noaa_institutional_flag"
"USC00417388",1983,6,50.8,50.8,NA,"D","S","noaa_institutional_flag"
"USC00417530",1999,7,0,0,NA,"D","S","noaa_institutional_flag"
"USC00417580",1933,2,5.3,5.3,NA,"D","S","noaa_institutional_flag"
"USC00417580",1935,9,32.3,32.3,NA,"D","S","noaa_institutional_flag"
"USC00417580",1937,1,0,NA,NA,"D","S","noaa_institutional_flag"
"USC00417580",1938,9,8.9,8.9,NA,"D","S","noaa_institutional_flag"
"USC00417593",1996,11,0,0,NA,"D","S","noaa_institutional_flag"
"USC00417593",2004,11,109.2,109.2,NA,"D","S","noaa_institutional_flag"
"USC00417593",2005,5,51.3,51.3,NA,"D","S","noaa_institutional_flag"
"USC00417628",1930,11,18.8,18.8,NA,"D","S","noaa_institutional_flag"
"USC00417628",1931,11,18.3,18.3,NA,"D","S","noaa_institutional_flag"
"USC00417628",1968,3,44.5,44.5,NA,"D","S","noaa_institutional_flag"
"USC00417628",1969,12,0,0,NA,"D","T","noaa_institutional_flag"
"USC00417628",1970,9,31.5,31.5,NA,"D","S","noaa_institutional_flag"
"USC00417628",1990,1,20.6,20.6,NA,"D","S","noaa_institutional_flag"
"USC00417628",1993,1,4.8,4.8,NA,"D","S","noaa_institutional_flag"
"USC00417628",2008,1,0,0,NA,"D","S","noaa_institutional_flag"
"USC00417628",2014,2,17,17,NA,"D","S","noaa_institutional_flag"
"USC00417873",1950,4,12.2,12.2,NA,"D","S","noaa_institutional_flag"
"USC00417873",1965,7,115.3,115.3,NA,"D","T","noaa_institutional_flag"
"USC00417952",1925,12,0,NA,NA,"D","S","noaa_institutional_flag"
"USC00418160",1930,9,30.2,30.2,NA,"D","S","noaa_institutional_flag"
"USC00418445",1910,10,2.3,2.3,NA,"D","S","noaa_institutional_flag"
"USC00418487",1997,2,50.8,50.8,NA,"D","S","noaa_institutional_flag"
"USC00418487",1998,8,0,0,NA,"D","S","noaa_institutional_flag"
"USC00418487",2004,1,0,0,NA,"D","S","noaa_institutional_flag"
"USC00418519",1977,7,0,NA,NA,"D","S","noaa_institutional_flag"
"USC00418519",1987,12,88.9,88.9,NA,"D","S","noaa_institutional_flag"
"USC00418519",2023,2,45.7,45.7,NA,"D","S","noaa_institutional_flag"
"USC00418519",2023,3,30.5,30.5,NA,"D","S","noaa_institutional_flag"
"USC00418519",2024,7,88.2,88.2,NA,"D","S","noaa_institutional_flag"
"USC00418519",2025,6,20.6,20.6,NA,"D","S","noaa_institutional_flag"
"USC00418544",1975,9,0,NA,NA,"D","S","noaa_institutional_flag"
"USC00418544",2011,2,4.8,4.8,NA,"D","S","noaa_institutional_flag"
"USC00419001",1982,10,0,0,NA,"D","S","noaa_institutional_flag"
"USC00419275",2008,7,0,0,NA,"D","S","noaa_institutional_flag"
"USC00419280",1972,7,64,64,NA,"D","S","noaa_institutional_flag"
"USC00419365",1945,12,0,0,NA,"D","S","noaa_institutional_flag"
"USC00419424",1985,8,112.5,112.5,NA,"D","S","noaa_institutional_flag"
"USC00419448",1998,3,40.6,40.6,NA,"D","S","noaa_institutional_flag"
"USC00419501",2025,8,0,NA,NA,"D","S","noaa_institutional_flag"
"USC00419504",2019,2,6.4,6.4,NA,"D","S","noaa_institutional_flag"
"USC00419504",2020,3,32.7,32.7,NA,"D","S","noaa_institutional_flag"
"USC00419565",1984,3,0,0,NA,"D","S","noaa_institutional_flag"
"USC00419588",2026,1,17,17,NA,"D","S","noaa_institutional_flag"
"USC00419715",2017,8,0,0,NA,"D","S","noaa_institutional_flag"
"USC00419717",1974,1,35.6,35.6,NA,"D","S","noaa_institutional_flag"
"USC00419836",1951,6,0,NA,NA,"D","S","noaa_institutional_flag"
"USC00420157",2004,4,10.2,10.2,NA,"D","S","noaa_institutional_flag"
"USC00420157",2007,7,0,0,NA,"D","S","noaa_institutional_flag"
"USC00420201",1967,4,0.5,0.5,NA,"D","S","noaa_institutional_flag"
"USC00421020",1988,6,3.3,3.3,NA,"D","S","noaa_institutional_flag"
"USC00421020",2012,2,0.8,0.8,NA,"D","S","noaa_institutional_flag"
"USC00421144",1951,12,14,14,NA,"D","S","noaa_institutional_flag"
"USC00421216",2005,10,8.9,8.9,NA,"D","S","noaa_institutional_flag"
"USC00421216",2005,8,0.5,0.5,NA,"D","S","noaa_institutional_flag"
"USC00421216",2006,1,0,0,NA,"D","S","noaa_institutional_flag"
"USC00421216",2006,8,0,NA,NA,"D","S","noaa_institutional_flag"
"USC00421260",1999,8,3.3,3.3,NA,"D","S","noaa_institutional_flag"
"USC00421590",2015,7,1.3,1.3,NA,"D","S","noaa_institutional_flag"
"USC00421731",1988,1,2,2,NA,"D","S","noaa_institutional_flag"
"USC00422150",1992,3,19.1,19.1,NA,"D","S","noaa_institutional_flag"
"USC00422253",1920,4,27.4,27.4,NA,"D","S","noaa_institutional_flag"
"USC00422319",1926,4,5.3,5.3,NA,"D","S","noaa_institutional_flag"
"USC00422607",1969,4,3,3,NA,"D","S","noaa_institutional_flag"
"USC00422696",2010,10,0,0,NA,"D","S","noaa_institutional_flag"
"USC00422696",2010,5,20.3,20.3,NA,"D","S","noaa_institutional_flag"
"USC00422696",2013,10,0,0,NA,"D","S","noaa_institutional_flag"
"USC00422696",2015,12,24.1,24.1,NA,"D","S","noaa_institutional_flag"
"USC00422702",1993,4,17.3,17.3,NA,"D","S","noaa_institutional_flag"
"USC00422702",1995,3,28.4,28.4,NA,"D","S","noaa_institutional_flag"
"USC00422702",2003,2,86.4,86.4,NA,"D","S","noaa_institutional_flag"
"USC00422721",1964,6,28.4,28.4,NA,"D","S","noaa_institutional_flag"
"USC00422726",2009,5,0,0,NA,"D","S","noaa_institutional_flag"
"USC00423056",1945,6,11.2,11.2,NA,"D","S","noaa_institutional_flag"
"USC00423514",1990,2,12.7,12.7,NA,"D","S","noaa_institutional_flag"
"USC00423776",2024,3,22.9,22.9,NA,"D","S","noaa_institutional_flag"
"USC00423980",2007,2,0,0,NA,"D","S","noaa_institutional_flag"
"USC00424100",2001,11,5.1,5.1,NA,"D","S","noaa_institutional_flag"
"USC00424100",2009,7,0,0,NA,"D","S","noaa_institutional_flag"
"USC00424467",1988,1,19,19,NA,"D","S","noaa_institutional_flag"
"USC00424467",1988,5,1.5,1.5,NA,"D","S","noaa_institutional_flag"
"USC00424467",2010,12,0,0,NA,"D","S","noaa_institutional_flag"
"USC00424947",2008,2,0,0,NA,"D","S","noaa_institutional_flag"
"USC00425025",1931,8,5.1,5.1,NA,"D","S","noaa_institutional_flag"
"USC00425025",1934,8,0,NA,NA,"D","S","noaa_institutional_flag"
"USC00425025",1937,7,0,NA,NA,"D","S","noaa_institutional_flag"
"USC00425138",2019,4,2.5,2.5,NA,"D","S","noaa_institutional_flag"
"USC00425138",2020,1,12.7,12.7,NA,"D","S","noaa_institutional_flag"
"USC00425138",2020,3,0,NA,NA,"D","S","noaa_institutional_flag"
"USC00425138",2025,4,0,0,NA,"D","S","noaa_institutional_flag"
"USC00425138",2026,2,0.5,0.5,NA,"D","S","noaa_institutional_flag"
"USC00425148",2016,3,0,NA,NA,"D","S","noaa_institutional_flag"
"USC00425352",1916,10,66,66,NA,"D","S","noaa_institutional_flag"
"USC00425377",2007,10,0,NA,NA,"D","S","noaa_institutional_flag"
"USC00425377",2008,12,7.6,7.6,NA,"D","S","noaa_institutional_flag"
"USC00425377",2016,10,0,0,NA,"D","S","noaa_institutional_flag"
"USC00425377",2017,3,33,33,NA,"D","S","noaa_institutional_flag"
"USC00425377",2017,4,10.2,10.2,NA,"D","S","noaa_institutional_flag"
"USC00425377",2025,12,0,0,NA,"D","S","noaa_institutional_flag"
"USC00425477",2020,1,5.1,5.1,NA,"D","S","noaa_institutional_flag"
"USC00425477",2020,3,7.6,7.6,NA,"D","S","noaa_institutional_flag"
"USC00425607",1929,3,0,NA,NA,"D","S","noaa_institutional_flag"
"USC00425733",1954,9,23.6,23.6,NA,"D","S","noaa_institutional_flag"
"USC00425812",1975,3,33,33,NA,"D","S","noaa_institutional_flag"
"USC00425826",1964,2,2.5,2.5,NA,"D","S","noaa_institutional_flag"
"USC00425826",2010,10,61,61,NA,"D","S","noaa_institutional_flag"
"USC00425826",2011,10,0,0,NA,"D","S","noaa_institutional_flag"
"USC00425837",1965,4,3.8,3.8,NA,"D","S","noaa_institutional_flag"
"USC00425969",2024,3,1.3,1.3,NA,"D","S","noaa_institutional_flag"
"USC00426076",1957,7,22.9,22.9,NA,"D","S","noaa_institutional_flag"
"USC00426414",2009,2,0,0,NA,"D","S","noaa_institutional_flag"
"USC00426455",2003,3,0,0,NA,"D","S","noaa_institutional_flag"
"USC00426551",1948,4,3,3,NA,"D","S","noaa_institutional_flag"
"USC00426568",1999,1,1,1,NA,"D","S","noaa_institutional_flag"
"USC00426601",2005,3,0,0,NA,"D","S","noaa_institutional_flag"
"USC00426601",2005,4,0,0,NA,"D","S","noaa_institutional_flag"
"USC00426648",1913,6,9.9,9.9,NA,"D","S","noaa_institutional_flag"
"USC00426648",1990,11,0,NA,NA,"D","S","noaa_institutional_flag"
"USC00426648",1990,3,0,0,NA,"D","S","noaa_institutional_flag"
"USC00426648",1990,4,17.8,17.8,NA,"D","S","noaa_institutional_flag"
"USC00426648",1990,5,0,NA,NA,"D","S","noaa_institutional_flag"
"USC00426686",2010,12,0,0,NA,"D","S","noaa_institutional_flag"
"USC00426708",2021,7,1.3,1.3,NA,"D","S","noaa_institutional_flag"
"USC00427165",1922,2,19.1,19.1,NA,"D","S","noaa_institutional_flag"
"USC00427260",2018,2,0.5,0.5,NA,"D","S","noaa_institutional_flag"
"USC00427559",2024,12,6.4,6.4,NA,"D","S","noaa_institutional_flag"
"USC00427559",2025,3,13.7,13.7,NA,"D","S","noaa_institutional_flag"
"USC00427559",2025,4,8.9,8.9,NA,"D","S","noaa_institutional_flag"
"USC00427846",1916,10,5.8,5.8,NA,"D","S","noaa_institutional_flag"
"USC00427846",1976,4,0,NA,NA,"D","S","noaa_institutional_flag"
"USC00427959",1987,11,14.2,14.2,NA,"D","S","noaa_institutional_flag"
"USC00427959",1990,4,0,0,NA,"D","S","noaa_institutional_flag"
"USC00427959",1990,9,0,0,NA,"D","S","noaa_institutional_flag"
"USC00427959",1992,11,0,0,NA,"D","S","noaa_institutional_flag"
"USC00428973",1997,2,16,16,NA,"D","S","noaa_institutional_flag"
"USC00428978",2004,7,0,NA,NA,"D","S","noaa_institutional_flag"
"USC00429152",1983,12,3.8,3.8,NA,"D","S","noaa_institutional_flag"
"USC00429152",2001,8,16.3,16.3,NA,"D","S","noaa_institutional_flag"
"USC00429152",2003,12,0,0,NA,"D","S","noaa_institutional_flag"
"USC00429595",2006,4,0,NA,NA,"D","S","noaa_institutional_flag"
"USC00430499",1918,8,26.7,26.7,NA,"D","S","noaa_institutional_flag"
"USC00431213",2010,2,0,0,NA,"D","S","noaa_institutional_flag"
"USC00432773",1994,3,8.4,8.4,NA,"D","S","noaa_institutional_flag"
"USC00432773",1996,12,66.5,66.5,NA,"D","S","noaa_institutional_flag"
"USC00432773",1996,3,33,33,NA,"D","S","noaa_institutional_flag"
"USC00432773",2001,3,8.6,8.6,NA,"D","S","noaa_institutional_flag"
"USC00432773",2002,1,16.7,16.7,NA,"D","S","noaa_institutional_flag"
"USC00432773",2003,1,0,NA,NA,"D","S","noaa_institutional_flag"
"USC00432773",2007,12,88.6,88.6,NA,"D","S","noaa_institutional_flag"
"USC00432773",2007,2,0,NA,NA,"D","S","noaa_institutional_flag"
"USC00432773",2008,12,64.5,64.5,NA,"D","S","noaa_institutional_flag"
"USC00432773",2009,1,0,NA,NA,"D","S","noaa_institutional_flag"
"USC00432773",2011,2,68.1,68.1,NA,"D","S","noaa_institutional_flag"
"USC00432773",2012,1,42.6,42.6,NA,"D","S","noaa_institutional_flag"
"USC00432773",2012,3,0,NA,NA,"D","S","noaa_institutional_flag"
"USC00432773",2013,1,29,29,NA,"D","S","noaa_institutional_flag"
"USC00432773",2013,2,0,NA,NA,"D","S","noaa_institutional_flag"
"USC00432773",2022,1,12.7,12.7,NA,"D","S","noaa_institutional_flag"
"USC00436335",1989,11,25.9,25.9,NA,"D","S","noaa_institutional_flag"
"USC00439588",1956,10,30.5,30.5,NA,"D","S","noaa_institutional_flag"
"USC00440097",1896,7,1.8,1.8,NA,"D","S","noaa_institutional_flag"
"USC00441209",1930,6,6.9,6.9,NA,"D","S","noaa_institutional_flag"
"USC00441471",1912,8,8.9,8.9,NA,"D","S","noaa_institutional_flag"
"USC00441606",1971,12,12.7,12.7,NA,"D","S","noaa_institutional_flag"
"USC00442009",2010,1,78.7,78.7,NA,"D","S","noaa_institutional_flag"
"USC00442460",1898,8,35.6,35.6,NA,"D","S","noaa_institutional_flag"
"USC00442504",1986,7,63.5,63.5,NA,"D","S","noaa_institutional_flag"
"USC00442635",2007,10,0,0,NA,"D","S","noaa_institutional_flag"
"USC00443713",2010,4,10.9,10.9,NA,"D","S","noaa_institutional_flag"
"USC00444044",2014,12,0,0,NA,"D","S","noaa_institutional_flag"
"USC00444044",2015,8,0,0,NA,"D","S","noaa_institutional_flag"
"USC00444568",1990,7,0,NA,NA,"D","S","noaa_institutional_flag"
"USC00444909",1997,6,20.6,20.6,NA,"D","S","noaa_institutional_flag"
"USC00444909",2012,2,19.6,19.6,NA,"D","S","noaa_institutional_flag"
"USC00444909",2012,7,57.4,57.4,NA,"D","S","noaa_institutional_flag"
"USC00444909",2014,7,88.1,88.1,NA,"D","S","noaa_institutional_flag"
"USC00444909",2015,5,24.1,24.1,NA,"D","S","noaa_institutional_flag"
"USC00445150",2011,11,5.1,5.1,NA,"D","S","noaa_institutional_flag"
"USC00445414",1976,12,33,33,NA,"D","S","noaa_institutional_flag"
"USC00445690",2009,12,74.9,74.9,NA,"D","S","noaa_institutional_flag"
"USC00445756",1994,4,41.6,41.6,NA,"D","S","noaa_institutional_flag"
"USC00445756",1996,2,99.1,99.1,NA,"D","S","noaa_institutional_flag"
"USC00445756",1996,3,49.6,49.6,NA,"D","S","noaa_institutional_flag"
"USC00445756",2008,2,22.9,22.9,NA,"D","S","noaa_institutional_flag"
"USC00445851",1956,7,0,0,NA,"D","S","noaa_institutional_flag"
"USC00446979",1897,2,5.1,5.1,NA,"D","S","noaa_institutional_flag"
"USC00446979",1920,7,25.4,25.4,NA,"D","S","noaa_institutional_flag"
"USC00447254",1903,7,59.4,59.4,NA,"D","S","noaa_institutional_flag"
"USC00447254",1915,7,5.6,5.6,NA,"D","S","noaa_institutional_flag"
"USC00448062",1925,7,2.5,2.5,NA,"D","S","noaa_institutional_flag"
"USC00448129",1994,12,3.8,3.8,NA,"D","S","noaa_institutional_flag"
"USC00448129",1998,12,30.5,30.5,NA,"D","S","noaa_institutional_flag"
"USC00448129",2003,10,80,80,NA,"D","S","noaa_institutional_flag"
"USC00450217",2006,3,0,0,NA,"D","S","noaa_institutional_flag"
"USC00450729",1925,2,1,1,NA,"D","S","noaa_institutional_flag"
"USC00451207",1932,10,56.6,56.6,NA,"D","S","noaa_institutional_flag"
"USC00451207",1934,12,20.1,20.1,NA,"D","S","noaa_institutional_flag"
"USC00451207",1935,3,75.2,75.2,NA,"D","S","noaa_institutional_flag"
"USC00451207",1936,1,69.3,69.3,NA,"D","S","noaa_institutional_flag"
"USC00451207",1937,3,165.1,165.1,NA,"D","S","noaa_institutional_flag"
"USC00451395",2025,1,0,0,NA,"D","S","noaa_institutional_flag"
"USC00451630",1908,7,14,14,NA,"D","S","noaa_institutional_flag"
"USC00451630",2023,1,47,47,NA,"D","S","noaa_institutional_flag"
"USC00451666",2000,3,15.7,15.7,NA,"D","S","noaa_institutional_flag"
"USC00451783",1921,11,75.2,75.2,NA,"D","S","noaa_institutional_flag"
"USC00452220",1994,1,22.1,22.1,NA,"D","S","noaa_institutional_flag"
"USC00452260",1931,12,8.7,8.7,NA,"D","S","noaa_institutional_flag"
"USC00452507",2008,10,0,0,NA,"D","S","noaa_institutional_flag"
"USC00452507",2009,10,5,5,NA,"D","S","noaa_institutional_flag"
"USC00452542",2002,11,0,0,NA,"D","S","noaa_institutional_flag"
"USC00452914",1923,1,76.2,76.2,NA,"D","S","noaa_institutional_flag"
"USC00453160",1918,12,10.2,10.2,NA,"D","S","noaa_institutional_flag"
"USC00453160",1956,5,19.3,19.3,NA,"D","S","noaa_institutional_flag"
"USC00453184",1993,7,23.9,23.9,NA,"D","S","noaa_institutional_flag"
"USC00453184",1999,5,0,NA,NA,"D","S","noaa_institutional_flag"
"USC00453529",1964,1,3.8,3.8,NA,"D","S","noaa_institutional_flag"
"USC00453529",1986,12,0,0,NA,"D","S","noaa_institutional_flag"
"USC00453529",1988,12,8.9,8.9,NA,"D","S","noaa_institutional_flag"
"USC00453529",1994,12,2.5,2.5,NA,"D","S","noaa_institutional_flag"
"USC00453529",2000,1,0,0,NA,"D","S","noaa_institutional_flag"
"USC00453529",2000,12,0,0,NA,"D","S","noaa_institutional_flag"
"USC00453529",2001,6,8.1,8.1,NA,"D","S","noaa_institutional_flag"
"USC00453529",2002,1,0,0,NA,"D","S","noaa_institutional_flag"
"USC00453529",2004,12,16.5,16.5,NA,"D","S","noaa_institutional_flag"
"USC00453529",2005,1,38.1,38.1,NA,"D","S","noaa_institutional_flag"
"USC00453909",1940,4,0,0,NA,"D","S","noaa_institutional_flag"
"USC00454446",2007,2,11.5,11.5,NA,"D","S","noaa_institutional_flag"
"USC00454807",1951,10,2.8,2.8,NA,"D","S","noaa_institutional_flag"
"USC00455326",2009,12,0,0,NA,"D","S","noaa_institutional_flag"
"USC00455663",1949,6,0,0,NA,"D","S","noaa_institutional_flag"
"USC00455832",1977,8,0,0,NA,"D","S","noaa_institutional_flag"
"USC00456011",1931,6,7.9,7.9,NA,"D","S","noaa_institutional_flag"
"USC00456875",1948,6,0,0,NA,"D","S","noaa_institutional_flag"
"USC00456880",1990,12,0,NA,NA,"D","S","noaa_institutional_flag"
"USC00456896",2003,1,0,0,NA,"D","S","noaa_institutional_flag"
"USC00456896",2003,2,0,0,NA,"D","S","noaa_institutional_flag"
"USC00456896",2004,11,1,1,NA,"D","S","noaa_institutional_flag"
"USC00456909",2000,12,89.4,89.4,NA,"D","S","noaa_institutional_flag"
"USC00456974",1931,12,0,0,NA,"D","S","noaa_institutional_flag"
"USC00457478",1918,4,15.7,15.7,NA,"D","S","noaa_institutional_flag"
"USC00457781",1923,6,1.3,1.3,NA,"D","S","noaa_institutional_flag"
"USC00457781",1945,5,9.1,9.1,NA,"D","S","noaa_institutional_flag"
"USC00458520",1999,5,0,0,NA,"D","S","noaa_institutional_flag"
"USC00458773",2016,8,9.9,9.9,NA,"D","S","noaa_institutional_flag"
"USC00458773",2018,8,16.9,16.9,NA,"D","S","noaa_institutional_flag"
"USC00459012",1962,12,4.6,4.6,NA,"D","S","noaa_institutional_flag"
"USC00459024",1957,1,4.3,4.3,NA,"D","S","noaa_institutional_flag"
"USC00459291",1904,7,12.7,12.7,NA,"D","S","noaa_institutional_flag"
"USC00459342",1931,4,30.5,30.5,NA,"D","S","noaa_institutional_flag"
"USC00459376",1937,12,0,0,NA,"D","S","noaa_institutional_flag"
"USC00460355",1992,12,13.7,13.7,NA,"D","S","noaa_institutional_flag"
"USC00460661",1982,2,50.8,50.8,NA,"D","S","noaa_institutional_flag"
"USC00461091",1946,10,0,0,NA,"D","S","noaa_institutional_flag"
"USC00461328",1936,7,21.6,21.6,NA,"D","S","noaa_institutional_flag"
"USC00461363",1923,3,0,NA,NA,"D","S","noaa_institutional_flag"
"USC00461363",1926,12,48.2,48.2,NA,"D","S","noaa_institutional_flag"
"USC00461363",1926,2,30.5,30.5,NA,"D","S","noaa_institutional_flag"
"USC00461363",1926,4,20.3,20.3,NA,"D","S","noaa_institutional_flag"
"USC00461363",1927,1,30.5,30.5,NA,"D","S","noaa_institutional_flag"
"USC00461363",1927,7,45.7,45.7,NA,"D","S","noaa_institutional_flag"
"USC00462209",1919,10,71.1,71.1,NA,"D","S","noaa_institutional_flag"
"USC00462638",1976,8,10.7,10.7,NA,"D","S","noaa_institutional_flag"
"USC00462638",1980,9,11.7,11.7,NA,"D","S","noaa_institutional_flag"
"USC00463361",1955,11,11.7,11.7,NA,"D","S","noaa_institutional_flag"
"USC00464281",1967,6,5.1,5.1,NA,"D","S","noaa_institutional_flag"
"USC00464941",1958,9,29.7,29.7,NA,"D","S","noaa_institutional_flag"
"USC00465706",2003,3,4.3,4.3,NA,"D","S","noaa_institutional_flag"
"USC00465747",1957,8,9.7,9.7,NA,"D","S","noaa_institutional_flag"
"USC00465963",2026,3,26.7,26.7,NA,"D","S","noaa_institutional_flag"
"USC00466442",1907,12,17.8,17.8,NA,"D","S","noaa_institutional_flag"
"USC00466867",1921,8,139.7,139.7,NA,"D","S","noaa_institutional_flag"
"USC00466867",1921,9,6.4,6.4,NA,"D","S","noaa_institutional_flag"
"USC00466867",1924,4,86.3,86.3,NA,"D","S","noaa_institutional_flag"
"USC00466867",1924,5,62.5,62.5,NA,"D","S","noaa_institutional_flag"
"USC00466867",1924,6,117.6,117.6,NA,"D","S","noaa_institutional_flag"
"USC00466867",1925,9,46.7,46.7,NA,"D","S","noaa_institutional_flag"
"USC00466982",2010,2,0,0,NA,"D","S","noaa_institutional_flag"
"USC00466982",2010,4,0,NA,NA,"D","S","noaa_institutional_flag"
"USC00466982",2010,5,0,0,NA,"D","S","noaa_institutional_flag"
"USC00467105",1948,8,0,0,NA,"D","S","noaa_institutional_flag"
"USC00467135",1900,1,0.5,0.5,NA,"D","T","noaa_institutional_flag"
"USC00467135",1918,9,1.5,1.5,NA,"D","S","noaa_institutional_flag"
"USC00467552",2015,4,0,0,NA,"D","S","noaa_institutional_flag"
"USC00467730",1904,7,91.2,91.2,NA,"D","S","noaa_institutional_flag"
"USC00467730",1946,10,40.6,40.6,NA,"D","S","noaa_institutional_flag"
"USC00468409",1908,7,2.8,2.8,NA,"D","S","noaa_institutional_flag"
"USC00469104",1928,7,40.9,40.9,NA,"D","S","noaa_institutional_flag"
"USC00469104",1940,1,13,13,NA,"D","S","noaa_institutional_flag"
"USC00470516",1995,12,2.5,2.5,NA,"D","S","noaa_institutional_flag"
"USC00470642",1986,4,9.9,9.9,NA,"D","S","noaa_institutional_flag"
"USC00470786",1964,10,6.4,6.4,NA,"D","S","noaa_institutional_flag"
"USC00471064",2003,6,0,0,NA,"D","S","noaa_institutional_flag"
"USC00471308",1997,12,0,NA,NA,"D","S","noaa_institutional_flag"
"USC00471578",1904,4,10.2,10.2,NA,"D","S","noaa_institutional_flag"
"USC00471847",1989,12,0,NA,NA,"D","S","noaa_institutional_flag"
"USC00471897",1987,10,6.4,6.4,NA,"D","S","noaa_institutional_flag"
"USC00472001",1937,11,2.5,2.5,NA,"D","S","noaa_institutional_flag"
"USC00472001",1937,12,0,0,NA,"D","S","noaa_institutional_flag"
"USC00472001",1937,2,25.4,25.4,NA,"D","S","noaa_institutional_flag"
"USC00472001",1938,12,0,0,NA,"D","S","noaa_institutional_flag"
"USC00472173",1915,8,53.8,53.8,NA,"D","S","noaa_institutional_flag"
"USC00472209",1911,4,12.7,12.7,NA,"D","S","noaa_institutional_flag"
"USC00472314",1943,10,7.6,7.6,NA,"D","S","noaa_institutional_flag"
"USC00472822",1918,7,0,0,NA,"D","S","noaa_institutional_flag"
"USC00473174",2010,11,0.3,0.3,NA,"D","S","noaa_institutional_flag"
"USC00473471",1998,10,17,17,NA,"D","S","noaa_institutional_flag"
"USC00473636",2010,2,2.8,2.8,NA,"D","S","noaa_institutional_flag"
"USC00474953",1967,7,31.8,31.8,NA,"D","S","noaa_institutional_flag"
"USC00475178",1918,1,0,0,NA,"D","S","noaa_institutional_flag"
"USC00475189",2012,3,16.8,16.8,NA,"D","S","noaa_institutional_flag"
"USC00475189",2014,12,10.7,10.7,NA,"D","S","noaa_institutional_flag"
"USC00475255",2002,2,0,NA,NA,"D","S","noaa_institutional_flag"
"USC00475516",1906,12,0,NA,NA,"D","S","noaa_institutional_flag"
"USC00475563",1963,8,9.4,9.4,NA,"D","S","noaa_institutional_flag"
"USC00475573",1970,1,0,NA,NA,"D","S","noaa_institutional_flag"
"USC00475932",1989,3,14,14,NA,"D","S","noaa_institutional_flag"
"USC00476518",1994,2,0,NA,NA,"D","S","noaa_institutional_flag"
"USC00476518",1996,5,0,NA,NA,"D","S","noaa_institutional_flag"
"USC00476667",1920,10,12.7,12.7,NA,"D","S","noaa_institutional_flag"
"USC00477052",1948,2,0,0,NA,"D","S","noaa_institutional_flag"
"USC00477892",2009,1,0,0,NA,"D","S","noaa_institutional_flag"
"USC00477892",2009,2,0,0,NA,"D","S","noaa_institutional_flag"
"USC00477892",2009,4,0,0,NA,"D","S","noaa_institutional_flag"
"USC00478080",1963,2,0.5,0.5,NA,"D","S","noaa_institutional_flag"
"USC00478171",1913,8,21.1,21.1,NA,"D","S","noaa_institutional_flag"
"USC00478241",1958,11,38.1,38.1,NA,"D","S","noaa_institutional_flag"
"USC00478349",2026,3,0,NA,NA,"D","S","noaa_institutional_flag"
"USC00479062",1996,12,35.6,35.6,NA,"D","S","noaa_institutional_flag"
"USC00479176",1993,6,30.5,30.5,NA,"D","S","noaa_institutional_flag"
"USC00479304",1926,4,15.2,15.2,NA,"D","S","noaa_institutional_flag"
"USC00479319",1999,1,10.2,10.2,NA,"D","S","noaa_institutional_flag"
"USC00480027",1957,8,6.6,6.6,NA,"D","S","noaa_institutional_flag"
"USC00480027",1998,5,0,NA,NA,"D","S","noaa_institutional_flag"
"USC00480237",1971,2,0,NA,NA,"D","S","noaa_institutional_flag"
"USC00480237",1973,12,0.8,0.8,NA,"D","S","noaa_institutional_flag"
"USC00480484",1984,4,0,NA,NA,"D","S","noaa_institutional_flag"
"USC00480484",1986,11,10.1,10.1,NA,"D","S","noaa_institutional_flag"
"USC00480484",1987,11,5.1,5.1,NA,"D","S","noaa_institutional_flag"
"USC00480484",1988,1,17.3,17.3,NA,"D","S","noaa_institutional_flag"
"USC00480484",1988,12,19,19,NA,"D","S","noaa_institutional_flag"
"USC00480484",1988,2,0,NA,NA,"D","S","noaa_institutional_flag"
"USC00480484",1988,3,8.4,8.4,NA,"D","S","noaa_institutional_flag"
"USC00480484",1988,5,1.3,1.3,NA,"D","S","noaa_institutional_flag"
"USC00480484",1989,1,16.5,16.5,NA,"D","S","noaa_institutional_flag"
"USC00480484",1989,10,6.9,6.9,NA,"D","S","noaa_institutional_flag"
"USC00480484",1989,11,3.8,3.8,NA,"D","S","noaa_institutional_flag"
"USC00480484",1989,2,20.1,20.1,NA,"D","S","noaa_institutional_flag"
"USC00480484",1989,3,2.5,2.5,NA,"D","S","noaa_institutional_flag"
"USC00480484",1990,3,7.1,7.1,NA,"D","S","noaa_institutional_flag"
"USC00480484",1991,1,1.5,1.5,NA,"D","S","noaa_institutional_flag"
"USC00480484",1991,2,0,NA,NA,"D","S","noaa_institutional_flag"
"USC00480484",1991,3,4.6,4.6,NA,"D","S","noaa_institutional_flag"
"USC00480484",1992,10,25.4,25.4,NA,"D","S","noaa_institutional_flag"
"USC00480484",1992,2,11.7,11.7,NA,"D","S","noaa_institutional_flag"
"USC00480484",1993,12,8.9,8.9,NA,"D","S","noaa_institutional_flag"
"USC00480484",1993,3,5.5,5.5,NA,"D","S","noaa_institutional_flag"
"USC00480484",1994,1,1.3,1.3,NA,"D","S","noaa_institutional_flag"
"USC00480484",1994,12,4.6,4.6,NA,"D","S","noaa_institutional_flag"
"USC00480484",1994,3,0,NA,NA,"D","S","noaa_institutional_flag"
"USC00480484",1994,4,11.4,11.4,NA,"D","S","noaa_institutional_flag"
"USC00480484",1996,12,1.8,1.8,NA,"D","S","noaa_institutional_flag"
"USC00480484",1997,11,0,0,NA,"D","S","noaa_institutional_flag"
"USC00480484",1997,12,0.5,0.5,NA,"D","S","noaa_institutional_flag"
"USC00480484",1997,2,1,1,NA,"D","S","noaa_institutional_flag"
"USC00480484",1997,3,0,NA,NA,"D","S","noaa_institutional_flag"
"USC00480484",1998,3,3.6,3.6,NA,"D","S","noaa_institutional_flag"
"USC00480484",1998,4,0.5,0.5,NA,"D","S","noaa_institutional_flag"
"USC00480484",1999,11,0,0,NA,"D","S","noaa_institutional_flag"
"USC00480484",1999,2,7.6,7.6,NA,"D","S","noaa_institutional_flag"
"USC00480484",1999,3,10.2,10.2,NA,"D","S","noaa_institutional_flag"
"USC00480484",2001,11,0,0,NA,"D","S","noaa_institutional_flag"
"USC00480484",2001,4,0,0,NA,"D","S","noaa_institutional_flag"
"USC00480484",2003,2,15.2,15.2,NA,"D","S","noaa_institutional_flag"
"USC00480484",2006,11,12.7,12.7,NA,"D","S","noaa_institutional_flag"
"USC00480484",2006,12,2.5,2.5,NA,"D","S","noaa_institutional_flag"
"USC00480484",2007,2,0,0,NA,"D","S","noaa_institutional_flag"
"USC00480484",2007,3,6.4,6.4,NA,"D","S","noaa_institutional_flag"
"USC00480484",2008,1,76.2,76.2,NA,"D","S","noaa_institutional_flag"
"USC00480484",2008,2,0,NA,NA,"D","S","noaa_institutional_flag"
"USC00480484",2010,1,2.5,2.5,NA,"D","S","noaa_institutional_flag"
"USC00480484",2010,12,127,127,NA,"D","S","noaa_institutional_flag"
"USC00480484",2010,4,0,0,NA,"D","S","noaa_institutional_flag"
"USC00480484",2010,5,0,0,NA,"D","S","noaa_institutional_flag"
"USC00480484",2011,1,0,NA,NA,"D","S","noaa_institutional_flag"
"USC00480484",2011,10,10.7,10.7,NA,"D","S","noaa_institutional_flag"
"USC00480484",2011,3,8.4,8.4,NA,"D","S","noaa_institutional_flag"
"USC00480484",2014,2,0,0,NA,"D","S","noaa_institutional_flag"
"USC00480484",2014,3,4.1,4.1,NA,"D","S","noaa_institutional_flag"
"USC00480484",2024,2,21.4,21.4,NA,"D","S","noaa_institutional_flag"
"USC00480695",1991,8,0,0,NA,"D","S","noaa_institutional_flag"
"USC00480761",1977,8,0,0,NA,"D","S","noaa_institutional_flag"
"USC00480761",2024,2,0.3,0.3,NA,"D","S","noaa_institutional_flag"
"USC00480951",2023,7,0,NA,NA,"D","S","noaa_institutional_flag"
"USC00481220",2016,5,21.6,21.6,NA,"D","S","noaa_institutional_flag"
"USC00481284",2005,12,0,NA,NA,"D","S","noaa_institutional_flag"
"USC00481284",2012,12,3.8,3.8,NA,"D","S","noaa_institutional_flag"
"USC00481610",2004,10,0,NA,NA,"D","S","noaa_institutional_flag"
"USC00481736",2012,9,0,0,NA,"D","S","noaa_institutional_flag"
"USC00481736",2013,9,12.7,12.7,NA,"D","S","noaa_institutional_flag"
"USC00481775",1971,2,0,NA,NA,"D","S","noaa_institutional_flag"
"USC00481816",1997,12,0,0,NA,"D","S","noaa_institutional_flag"
"USC00481816",1997,4,9.4,9.4,NA,"D","S","noaa_institutional_flag"
"USC00481816",2007,8,0,0,NA,"D","S","noaa_institutional_flag"
"USC00481816",2008,2,7.4,7.4,NA,"D","S","noaa_institutional_flag"
"USC00481816",2008,3,3.8,3.8,NA,"D","S","noaa_institutional_flag"
"USC00481816",2010,11,0,0,NA,"D","S","noaa_institutional_flag"
"USC00481816",2012,2,6.6,6.6,NA,"D","S","noaa_institutional_flag"
"USC00481816",2014,3,2.5,2.5,NA,"D","S","noaa_institutional_flag"
"USC00481816",2018,1,2.5,2.5,NA,"D","S","noaa_institutional_flag"
"USC00481816",2018,11,3.8,3.8,NA,"D","S","noaa_institutional_flag"
"USC00482054",2006,3,0,0,NA,"D","S","noaa_institutional_flag"
"USC00482375",2020,5,2,2,NA,"D","S","noaa_institutional_flag"
"USC00482415",1982,9,2,2,NA,"D","S","noaa_institutional_flag"
"USC00482415",1984,5,19.1,19.1,NA,"D","S","noaa_institutional_flag"
"USC00482415",1992,4,5.1,5.1,NA,"D","S","noaa_institutional_flag"
"USC00482415",1994,10,12.2,12.2,NA,"D","S","noaa_institutional_flag"
"USC00482610",1971,2,15.2,15.2,NA,"D","S","noaa_institutional_flag"
"USC00482610",1972,8,0,NA,NA,"D","S","noaa_institutional_flag"
"USC00482715",1977,12,0,NA,NA,"D","T","noaa_institutional_flag"
"USC00482715",1997,3,9.4,9.4,NA,"D","S","noaa_institutional_flag"
"USC00482995",1983,6,3.8,3.8,NA,"D","S","noaa_institutional_flag"
"USC00482995",1983,7,5.3,5.3,NA,"D","S","noaa_institutional_flag"
"USC00482995",1984,6,2.3,2.3,NA,"D","S","noaa_institutional_flag"
"USC00482995",1984,9,2.5,2.5,NA,"D","S","noaa_institutional_flag"
"USC00482995",2012,4,2.5,2.5,NA,"D","S","noaa_institutional_flag"
"USC00483170",1916,1,4.6,4.6,NA,"D","S","noaa_institutional_flag"
"USC00483170",1923,5,0,0,NA,"D","S","noaa_institutional_flag"
"USC00483170",1923,7,0,0,NA,"D","S","noaa_institutional_flag"
"USC00483170",1975,5,15,15,NA,"D","S","noaa_institutional_flag"
"USC00483396",1984,3,0,NA,NA,"D","S","noaa_institutional_flag"
"USC00483396",2024,5,3.6,3.6,NA,"D","S","noaa_institutional_flag"
"USC00483630",1915,4,7.6,7.6,NA,"D","S","noaa_institutional_flag"
"USC00483630",1932,4,28.4,28.4,NA,"D","S","noaa_institutional_flag"
"USC00483630",1934,4,16,16,NA,"D","S","noaa_institutional_flag"
"USC00483950",1984,3,17.8,17.8,NA,"D","S","noaa_institutional_flag"
"USC00483950",1984,6,0,0,NA,"D","S","noaa_institutional_flag"
"USC00483950",1994,8,1.5,1.5,NA,"D","S","noaa_institutional_flag"
"USC00483950",2000,12,9.7,9.7,NA,"D","S","noaa_institutional_flag"
"USC00483950",2003,11,0,NA,NA,"D","S","noaa_institutional_flag"
"USC00483950",2004,4,5.8,5.8,NA,"D","S","noaa_institutional_flag"
"USC00483950",2006,9,0,0,NA,"D","S","noaa_institutional_flag"
"USC00483950",2007,4,0,0,NA,"D","S","noaa_institutional_flag"
"USC00484095",1922,1,5.8,5.8,NA,"D","S","noaa_institutional_flag"
"USC00484225",1924,9,0,0,NA,"D","S","noaa_institutional_flag"
"USC00484796",1913,7,3,3,NA,"D","S","noaa_institutional_flag"
"USC00484796",1917,6,0.5,0.5,NA,"D","S","noaa_institutional_flag"
"USC00484796",1917,8,0,0,NA,"D","S","noaa_institutional_flag"
"USC00484796",1920,6,6.4,6.4,NA,"D","S","noaa_institutional_flag"
"USC00484925",2017,8,8.9,8.9,NA,"D","S","noaa_institutional_flag"
"USC00484925",2023,3,6.4,6.4,NA,"D","S","noaa_institutional_flag"
"USC00484925",2024,8,0,NA,NA,"D","S","noaa_institutional_flag"
"USC00485105",1998,3,0,0,NA,"D","S","noaa_institutional_flag"
"USC00485105",2006,3,0,NA,NA,"D","S","noaa_institutional_flag"
"USC00485105",2019,4,24.1,24.1,NA,"D","S","noaa_institutional_flag"
"USC00485105",2023,1,0,NA,NA,"D","S","noaa_institutional_flag"
"USC00485105",2024,11,0,NA,NA,"D","S","noaa_institutional_flag"
"USC00485105",2025,12,0,NA,NA,"D","S","noaa_institutional_flag"
"USC00485252",2002,3,1.8,1.8,NA,"D","S","noaa_institutional_flag"
"USC00485252",2008,10,3.3,3.3,NA,"D","S","noaa_institutional_flag"
"USC00485435",1979,1,7.6,7.6,NA,"D","S","noaa_institutional_flag"
"USC00485467",1975,3,5.1,5.1,NA,"D","S","noaa_institutional_flag"
"USC00485467",1976,3,0,NA,NA,"D","S","noaa_institutional_flag"
"USC00485720",1934,2,16.5,16.5,NA,"D","S","noaa_institutional_flag"
"USC00485830",1905,10,5.1,5.1,NA,"D","S","noaa_institutional_flag"
"USC00485830",1916,10,11.4,11.4,NA,"D","S","noaa_institutional_flag"
"USC00485830",2006,3,0,0,NA,"D","S","noaa_institutional_flag"
"USC00486120",2015,8,0,0,NA,"D","S","noaa_institutional_flag"
"USC00486120",2019,1,0,0,NA,"D","S","noaa_institutional_flag"
"USC00486120",2019,3,0,0,NA,"D","S","noaa_institutional_flag"
"USC00486120",2025,10,0,0,NA,"D","S","noaa_institutional_flag"
"USC00486120",2025,9,0,0,NA,"D","S","noaa_institutional_flag"
"USC00486120",2026,1,0,0,NA,"D","S","noaa_institutional_flag"
"USC00486195",1996,9,1.3,1.3,NA,"D","S","noaa_institutional_flag"
"USC00486595",2004,10,11.4,11.4,NA,"D","S","noaa_institutional_flag"
"USC00486595",2004,2,0,0,NA,"D","S","noaa_institutional_flag"
"USC00486845",1940,3,39.4,39.4,NA,"D","S","noaa_institutional_flag"
"USC00486845",1982,9,32.3,32.3,NA,"D","S","noaa_institutional_flag"
"USC00487260",1952,5,2.5,2.5,NA,"D","S","noaa_institutional_flag"
"USC00487375",2010,10,3.6,3.6,NA,"D","S","noaa_institutional_flag"
"USC00487375",2018,8,6.6,6.6,NA,"D","S","noaa_institutional_flag"
"USC00487375",2019,6,21.4,21.4,NA,"D","S","noaa_institutional_flag"
"USC00487376",1996,12,3.8,3.8,NA,"D","S","noaa_institutional_flag"
"USC00487376",1996,3,0,NA,NA,"D","S","noaa_institutional_flag"
"USC00487376",1996,4,0,NA,NA,"D","S","noaa_institutional_flag"
"USC00487376",1997,6,12.5,12.5,NA,"D","S","noaa_institutional_flag"
"USC00487376",1997,8,0,NA,NA,"D","S","noaa_institutional_flag"
"USC00487376",2000,12,0,0,NA,"D","S","noaa_institutional_flag"
"USC00487376",2000,6,0,NA,NA,"D","S","noaa_institutional_flag"
"USC00487548",2003,1,0,0,NA,"D","S","noaa_institutional_flag"
"USC00487683",1982,4,0,NA,NA,"D","S","noaa_institutional_flag"
"USC00487955",1960,2,24.4,24.4,NA,"D","S","noaa_institutional_flag"
"USC00487955",1961,11,0,0,NA,"D","S","noaa_institutional_flag"
"USC00487955",1982,1,2.5,2.5,NA,"D","S","noaa_institutional_flag"
"USC00487955",2001,2,9.7,9.7,NA,"D","S","noaa_institutional_flag"
"USC00487990",2002,1,0,0,NA,"D","S","noaa_institutional_flag"
"USC00487990",2006,1,1.1,1.1,NA,"D","S","noaa_institutional_flag"
"USC00487990",2007,11,0.5,0.5,NA,"D","S","noaa_institutional_flag"
"USC00488070",2005,4,3.3,3.3,NA,"D","S","noaa_institutional_flag"
"USC00488124",1975,10,0,NA,NA,"D","S","noaa_institutional_flag"
"USC00488160",1993,12,0,NA,NA,"D","S","noaa_institutional_flag"
"USC00488170",1918,6,23.1,23.1,NA,"D","S","noaa_institutional_flag"
"USC00488192",1991,11,0,NA,NA,"D","S","noaa_institutional_flag"
"USC00488209",1983,3,0,0,NA,"D","S","noaa_institutional_flag"
"USC00489459",2002,10,0,0,NA,"D","S","noaa_institutional_flag"
"USC00489615",1914,6,0,NA,NA,"D","S","noaa_institutional_flag"
"USC00489615",2019,11,0,NA,NA,"D","S","noaa_institutional_flag"
"USC00489615",2020,4,0,0,NA,"D","S","noaa_institutional_flag"
"USC00489615",2022,3,8.9,8.9,NA,"D","S","noaa_institutional_flag"
"USC00489770",1933,6,15,15,NA,"D","S","noaa_institutional_flag"
"USC00500302",1982,9,53.3,53.3,NA,"D","S","noaa_institutional_flag"
"USC00500676",1930,5,47.3,47.3,NA,"D","S","noaa_institutional_flag"
"USC00500707",1975,4,19.1,19.1,NA,"D","S","noaa_institutional_flag"
"USC00500707",1997,12,0,0,NA,"D","S","noaa_institutional_flag"
"USC00500707",1998,5,0,0,NA,"D","S","noaa_institutional_flag"
"USC00500707",1999,6,0,0,NA,"D","S","noaa_institutional_flag"
"USC00500707",2000,8,0,0,NA,"D","S","noaa_institutional_flag"
"USC00501466",2006,2,0.5,0.5,NA,"D","S","noaa_institutional_flag"
"USC00502144",1969,12,299.4,299.4,NA,"D","T","noaa_institutional_flag"
"USC00502144",2003,7,0,0,NA,"D","S","noaa_institutional_flag"
"USC00502144",2004,1,0,0,NA,"D","S","noaa_institutional_flag"
"USC00502144",2004,3,0,NA,NA,"D","S","noaa_institutional_flag"
"USC00502149",1994,4,0,NA,NA,"D","S","noaa_institutional_flag"
"USC00502149",2005,10,63.5,63.5,NA,"D","S","noaa_institutional_flag"
"USC00502149",2007,9,36.8,36.8,NA,"D","S","noaa_institutional_flag"
"USC00502149",2008,10,10.2,10.2,NA,"D","S","noaa_institutional_flag"
"USC00502149",2008,8,7.9,7.9,NA,"D","S","noaa_institutional_flag"
"USC00502149",2010,4,0,NA,NA,"D","S","noaa_institutional_flag"
"USC00502149",2010,9,0,NA,NA,"D","S","noaa_institutional_flag"
"USC00502352",1998,12,0,0,NA,"D","S","noaa_institutional_flag"
"USC00502352",1999,10,1,1,NA,"D","S","noaa_institutional_flag"
"USC00502352",1999,11,0,0,NA,"D","S","noaa_institutional_flag"
"USC00502352",1999,12,5.1,5.1,NA,"D","S","noaa_institutional_flag"
"USC00502642",2007,8,0,0,NA,"D","S","noaa_institutional_flag"
"USC00502642",2009,8,2.3,2.3,NA,"D","S","noaa_institutional_flag"
"USC00502642",2009,9,1,1,NA,"D","S","noaa_institutional_flag"
"USC00502725",1964,5,7.1,7.1,NA,"D","S","noaa_institutional_flag"
"USC00502770",1941,3,2.8,2.8,NA,"D","S","noaa_institutional_flag"
"USC00503275",1967,2,0,NA,NA,"D","S","noaa_institutional_flag"
"USC00503650",2007,12,33.2,33.2,NA,"D","S","noaa_institutional_flag"
"USC00503720",1989,6,11.9,11.9,NA,"D","S","noaa_institutional_flag"
"USC00503720",2009,1,50.8,50.8,NA,"D","S","noaa_institutional_flag"
"USC00503731",1999,9,0,0,NA,"D","S","noaa_institutional_flag"
"USC00503731",2003,10,30.5,30.5,NA,"D","S","noaa_institutional_flag"
"USC00503731",2004,7,0,0,NA,"D","S","noaa_institutional_flag"
"USC00503731",2013,11,1.5,1.5,NA,"D","S","noaa_institutional_flag"
"USC00503731",2019,12,0,0,NA,"D","S","noaa_institutional_flag"
"USC00503731",2020,6,0,0,NA,"D","S","noaa_institutional_flag"
"USC00504155",1976,8,10.2,10.2,NA,"D","S","noaa_institutional_flag"
"USC00505425",1959,6,12.7,12.7,NA,"D","S","noaa_institutional_flag"
"USC00505499",1953,6,14.8,14.8,NA,"D","S","noaa_institutional_flag"
"USC00505534",1998,5,3.8,3.8,NA,"D","S","noaa_institutional_flag"
"USC00505534",2002,10,1.3,1.3,NA,"D","S","noaa_institutional_flag"
"USC00505778",1943,6,7.9,7.9,NA,"D","S","noaa_institutional_flag"
"USC00505894",1989,10,0,NA,NA,"D","S","noaa_institutional_flag"
"USC00505894",1999,1,22.3,22.3,NA,"D","S","noaa_institutional_flag"
"USC00505894",1999,4,0.3,0.3,NA,"D","S","noaa_institutional_flag"
"USC00506870",2016,8,4.6,4.6,NA,"D","S","noaa_institutional_flag"
"USC00506870",2017,6,0,0,NA,"D","S","noaa_institutional_flag"
"USC00506870",2018,7,0,0,NA,"D","S","noaa_institutional_flag"
"USC00506871",1970,12,0,0,NA,"D","S","noaa_institutional_flag"
"USC00507221",1930,7,63.3,63.3,NA,"D","S","noaa_institutional_flag"
"USC00507221",1936,10,148.1,148.1,NA,"D","S","noaa_institutional_flag"
"USC00507221",1936,9,0,0,NA,"D","S","noaa_institutional_flag"
"USC00507778",2000,9,30.5,30.5,NA,"D","S","noaa_institutional_flag"
"USC00508525",1958,1,9.9,9.9,NA,"D","S","noaa_institutional_flag"
"USC00508525",1958,4,0,NA,NA,"D","S","noaa_institutional_flag"
"USC00508594",2001,6,1,1,NA,"D","S","noaa_institutional_flag"
"USC00508625",1983,12,0.8,0.8,NA,"D","S","noaa_institutional_flag"
"USC00508625",1987,5,0,NA,NA,"D","S","noaa_institutional_flag"
"USC00508915",2001,10,2.5,2.5,NA,"D","S","noaa_institutional_flag"
"USC00508915",2004,11,0.8,0.8,NA,"D","S","noaa_institutional_flag"
"USC00508915",2005,11,0.8,0.8,NA,"D","S","noaa_institutional_flag"
"USC00508915",2006,12,0,0,NA,"D","S","noaa_institutional_flag"
"USC00508915",2008,11,0,0,NA,"D","S","noaa_institutional_flag"
"USC00509641",1947,3,0,NA,NA,"D","S","noaa_institutional_flag"
"USC00509861",1968,7,1,1,NA,"D","S","noaa_institutional_flag"
"USC00510134",1936,3,426.5,426.5,NA,"D","S","noaa_institutional_flag"
"USC00510232",1952,9,0.3,0.3,NA,"D","S","noaa_institutional_flag"
"USC00510232",1959,3,0.5,0.5,NA,"D","S","noaa_institutional_flag"
"USC00510507",1905,5,4.1,4.1,NA,"D","S","noaa_institutional_flag"
"USC00510507",1905,7,2,2,NA,"D","S","noaa_institutional_flag"
"USC00510507",1916,8,40.6,40.6,NA,"D","S","noaa_institutional_flag"
"USC00510507",1921,7,5.3,5.3,NA,"D","S","noaa_institutional_flag"
"USC00510507",1923,10,5.8,5.8,NA,"D","S","noaa_institutional_flag"
"USC00510507",1931,7,1.5,1.5,NA,"D","S","noaa_institutional_flag"
"USC00510507",1932,1,12.2,12.2,NA,"D","S","noaa_institutional_flag"
"USC00510507",1996,12,26.9,26.9,NA,"D","S","noaa_institutional_flag"
"USC00510935",1908,1,21.6,21.6,NA,"D","S","noaa_institutional_flag"
"USC00510935",1919,3,0,0,NA,"D","S","noaa_institutional_flag"
"USC00510935",1919,6,0,0,NA,"D","S","noaa_institutional_flag"
"USC00510961",1984,6,31.1,31.1,NA,"D","S","noaa_institutional_flag"
"USC00511065",1983,4,18.7,18.7,NA,"D","S","noaa_institutional_flag"
"USC00511065",2005,10,0,0,NA,"D","S","noaa_institutional_flag"
"USC00511065",2005,4,23.1,23.1,NA,"D","S","noaa_institutional_flag"
"USC00511065",2005,6,0,NA,NA,"D","S","noaa_institutional_flag"
"USC00511065",2005,7,0,NA,NA,"D","S","noaa_institutional_flag"
"USC00511065",2005,8,58.9,58.9,NA,"D","S","noaa_institutional_flag"
"USC00511065",2007,11,0,0,NA,"D","S","noaa_institutional_flag"
"USC00511065",2014,11,7.6,7.6,NA,"D","S","noaa_institutional_flag"
"USC00511065",2016,4,0,NA,NA,"D","S","noaa_institutional_flag"
"USC00511065",2016,8,0,NA,NA,"D","S","noaa_institutional_flag"
"USC00511065",2017,10,0,NA,NA,"D","S","noaa_institutional_flag"
"USC00511065",2017,2,2.5,2.5,NA,"D","S","noaa_institutional_flag"
"USC00512100",1946,10,58.4,58.4,NA,"D","S","noaa_institutional_flag"
"USC00512156",1926,2,1.8,1.8,NA,"D","S","noaa_institutional_flag"
"USC00512156",1928,12,45.7,45.7,NA,"D","S","noaa_institutional_flag"
"USC00512156",1929,12,180.3,180.3,NA,"D","S","noaa_institutional_flag"
"USC00512156",1966,8,26.2,26.2,NA,"D","S","noaa_institutional_flag"
"USC00512156",1969,8,0,0,NA,"D","T","noaa_institutional_flag"
"USC00512161",1999,6,2,2,NA,"D","S","noaa_institutional_flag"
"USC00512317",1911,8,2,2,NA,"D","S","noaa_institutional_flag"
"USC00512552",1919,6,77,77,NA,"D","S","noaa_institutional_flag"
"USC00512552",1921,8,152.7,152.7,NA,"D","T","noaa_institutional_flag"
"USC00512552",1925,6,380.3,380.3,NA,"D","T","noaa_institutional_flag"
"USC00512552",1925,8,339.4,339.4,NA,"D","T","noaa_institutional_flag"
"USC00512552",1952,6,264.4,264.4,NA,"D","T","noaa_institutional_flag"
"USC00512570",2026,1,0.8,0.8,NA,"D","S","noaa_institutional_flag"
"USC00512570",2026,2,13,13,NA,"D","S","noaa_institutional_flag"
"USC00512725",1921,9,27,27,NA,"D","S","noaa_institutional_flag"
"USC00512725",1923,4,41.1,41.1,NA,"D","S","noaa_institutional_flag"
"USC00512960",1948,4,198.1,198.1,NA,"D","S","noaa_institutional_flag"
"USC00513099",1956,6,30.5,30.5,NA,"D","S","noaa_institutional_flag"
"USC00513099",1975,10,14.6,14.6,NA,"D","S","noaa_institutional_flag"
"USC00513099",1975,6,16.6,16.6,NA,"D","S","noaa_institutional_flag"
"USC00513099",1975,8,27.8,27.8,NA,"D","S","noaa_institutional_flag"
"USC00513099",1976,10,85.2,85.2,NA,"D","S","noaa_institutional_flag"
"USC00513099",1977,10,33.7,33.7,NA,"D","S","noaa_institutional_flag"
"USC00513099",1987,5,86.8,86.8,NA,"D","S","noaa_institutional_flag"
"USC00513099",1990,7,26.9,26.9,NA,"D","S","noaa_institutional_flag"
"USC00513099",1991,1,82.2,82.2,NA,"D","S","noaa_institutional_flag"
"USC00513099",1993,11,162.1,162.1,NA,"D","S","noaa_institutional_flag"
"USC00513099",1993,5,51.2,51.2,NA,"D","S","noaa_institutional_flag"
"USC00513099",1994,12,67.5,67.5,NA,"D","S","noaa_institutional_flag"
"USC00513099",1997,6,10.1,10.1,NA,"D","S","noaa_institutional_flag"
"USC00513117",1920,9,0,0,NA,"D","S","noaa_institutional_flag"
"USC00513117",1921,6,0,0,NA,"D","S","noaa_institutional_flag"
"USC00513117",1921,7,44.5,44.5,NA,"D","S","noaa_institutional_flag"
"USC00513207",1932,10,0,0,NA,"D","S","noaa_institutional_flag"
"USC00513317",1987,7,32.6,32.6,NA,"D","S","noaa_institutional_flag"
"USC00513317",1999,7,21.7,21.7,NA,"D","S","noaa_institutional_flag"
"USC00513461",1993,3,0,0,NA,"D","S","noaa_institutional_flag"
"USC00513541",1955,4,0,0,NA,"D","S","noaa_institutional_flag"
"USC00513541",1955,5,4.6,4.6,NA,"D","S","noaa_institutional_flag"
"USC00513541",1955,7,0,0,NA,"D","S","noaa_institutional_flag"
"USC00513541",1955,8,0,0,NA,"D","S","noaa_institutional_flag"
"USC00513541",1955,9,0,0,NA,"D","S","noaa_institutional_flag"
"USC00513541",1956,10,0,0,NA,"D","S","noaa_institutional_flag"
"USC00513541",1956,2,13.7,13.7,NA,"D","S","noaa_institutional_flag"
"USC00513541",1956,3,0,0,NA,"D","S","noaa_institutional_flag"
"USC00513541",1956,4,0,0,NA,"D","S","noaa_institutional_flag"
"USC00513541",1957,2,6.9,6.9,NA,"D","S","noaa_institutional_flag"
"USC00513541",1958,4,0,0,NA,"D","S","noaa_institutional_flag"
"USC00513541",1958,5,0,0,NA,"D","S","noaa_institutional_flag"
"USC00513541",1958,7,0,0,NA,"D","S","noaa_institutional_flag"
"USC00513541",1958,9,0,0,NA,"D","S","noaa_institutional_flag"
"USC00513541",1959,3,0,0,NA,"D","S","noaa_institutional_flag"
"USC00513541",1959,5,0,0,NA,"D","S","noaa_institutional_flag"
"USC00513541",1960,11,0,0,NA,"D","S","noaa_institutional_flag"
"USC00513541",1960,2,4.1,4.1,NA,"D","S","noaa_institutional_flag"
"USC00513541",1960,4,2.8,2.8,NA,"D","S","noaa_institutional_flag"
"USC00513541",1961,2,4.6,4.6,NA,"D","S","noaa_institutional_flag"
"USC00513541",1962,5,32.3,32.3,NA,"D","S","noaa_institutional_flag"
"USC00513541",1963,2,13,13,NA,"D","S","noaa_institutional_flag"
"USC00513541",1986,7,0,0,NA,"D","S","noaa_institutional_flag"
"USC00513541",1997,12,0,NA,NA,"D","S","noaa_institutional_flag"
"USC00513541",2004,6,0,0,NA,"D","S","noaa_institutional_flag"
"USC00513541",2007,4,0,0,NA,"D","S","noaa_institutional_flag"
"USC00513541",2013,9,0,0,NA,"D","S","noaa_institutional_flag"
"USC00513541",2019,4,43.2,43.2,NA,"D","S","noaa_institutional_flag"
"USC00513734",1945,7,38.4,38.4,NA,"D","S","noaa_institutional_flag"
"USC00513734",1994,7,0,0,NA,"D","S","noaa_institutional_flag"
"USC00513739",1929,6,19.1,19.1,NA,"D","S","noaa_institutional_flag"
"USC00513739",1933,2,158.8,158.8,NA,"D","S","noaa_institutional_flag"
"USC00513739",1933,7,109.3,109.3,NA,"D","S","noaa_institutional_flag"
"USC00513739",1936,10,373.4,373.4,NA,"D","S","noaa_institutional_flag"
"USC00513739",1937,11,0,0,NA,"D","S","noaa_institutional_flag"
"USC00513739",1938,11,0,0,NA,"D","S","noaa_institutional_flag"
"USC00513739",1938,3,257.8,257.8,NA,"D","S","noaa_institutional_flag"
"USC00513739",1939,5,69.9,69.9,NA,"D","S","noaa_institutional_flag"
"USC00513739",1943,1,170.2,170.2,NA,"D","S","noaa_institutional_flag"
"USC00513739",1946,3,176.5,176.5,NA,"D","S","noaa_institutional_flag"
"USC00513739",1947,12,160,160,NA,"D","S","noaa_institutional_flag"
"USC00513982",1933,4,39.4,39.4,NA,"D","S","noaa_institutional_flag"
"USC00514272",1905,12,1,1,NA,"D","S","noaa_institutional_flag"
"USC00514272",1928,5,0,0,NA,"D","S","noaa_institutional_flag"
"USC00514272",1995,9,3.8,3.8,NA,"D","S","noaa_institutional_flag"
"USC00514272",1996,12,0.5,0.5,NA,"D","S","noaa_institutional_flag"
"USC00514394",1964,4,0,0,NA,"D","S","noaa_institutional_flag"
"USC00514394",1970,7,0,0,NA,"D","S","noaa_institutional_flag"
"USC00514394",1974,11,90.2,90.2,NA,"D","S","noaa_institutional_flag"
"USC00514394",1980,7,0,0,NA,"D","S","noaa_institutional_flag"
"USC00514394",1982,10,0,0,NA,"D","S","noaa_institutional_flag"
"USC00514394",1982,4,0,0,NA,"D","S","noaa_institutional_flag"
"USC00514489",1909,9,0,0,NA,"D","S","noaa_institutional_flag"
"USC00514489",1910,5,2.3,2.3,NA,"D","S","noaa_institutional_flag"
"USC00514489",1988,4,0,0,NA,"D","S","noaa_institutional_flag"
"USC00514489",1990,10,0,0,NA,"D","S","noaa_institutional_flag"
"USC00514489",1993,7,0,0,NA,"D","S","noaa_institutional_flag"
"USC00514660",1914,11,0,0,NA,"D","S","noaa_institutional_flag"
"USC00514735",1999,11,0,0,NA,"D","S","noaa_institutional_flag"
"USC00514735",1999,6,0,0,NA,"D","S","noaa_institutional_flag"
"USC00514829",2000,9,0,0,NA,"D","S","noaa_institutional_flag"
"USC00514950",1908,7,0,0,NA,"D","S","noaa_institutional_flag"
"USC00514950",1912,7,0,0,NA,"D","S","noaa_institutional_flag"
"USC00514950",1912,9,1.3,1.3,NA,"D","S","noaa_institutional_flag"
"USC00514950",1913,8,17.7,17.7,NA,"D","S","noaa_institutional_flag"
"USC00514950",1931,4,12.7,12.7,NA,"D","S","noaa_institutional_flag"
"USC00515177",1989,7,0,0,NA,"D","S","noaa_institutional_flag"
"USC00515404",1922,1,11.4,11.4,NA,"D","S","noaa_institutional_flag"
"USC00515404",1932,4,47.2,47.2,NA,"D","S","noaa_institutional_flag"
"USC00515404",1946,12,77,77,NA,"D","S","noaa_institutional_flag"
"USC00515715",1970,6,42,42,NA,"D","S","noaa_institutional_flag"
"USC00515715",2010,5,54.8,54.8,NA,"D","S","noaa_institutional_flag"
"USC00515721",1912,10,1.3,1.3,NA,"D","S","noaa_institutional_flag"
"USC00515721",1912,8,0,0,NA,"D","S","noaa_institutional_flag"
"USC00515721",1912,9,4.6,4.6,NA,"D","S","noaa_institutional_flag"
"USC00515721",1913,2,23.9,23.9,NA,"D","S","noaa_institutional_flag"
"USC00515721",1913,7,2.8,2.8,NA,"D","S","noaa_institutional_flag"
"USC00515721",1915,1,0,0,NA,"D","S","noaa_institutional_flag"
"USC00515721",1915,3,3,3,NA,"D","S","noaa_institutional_flag"
"USC00515721",1915,4,50.8,50.8,NA,"D","S","noaa_institutional_flag"
"USC00515721",1915,6,7.4,7.4,NA,"D","S","noaa_institutional_flag"
"USC00515721",1915,7,0,0,NA,"D","S","noaa_institutional_flag"
"USC00515721",1916,11,0,0,NA,"D","S","noaa_institutional_flag"
"USC00515721",1916,6,8.1,8.1,NA,"D","S","noaa_institutional_flag"
"USC00515721",1917,8,0,0,NA,"D","S","noaa_institutional_flag"
"USC00515721",1918,10,0,0,NA,"D","S","noaa_institutional_flag"
"USC00515721",1918,7,0,0,NA,"D","S","noaa_institutional_flag"
"USC00515721",1919,2,0,0,NA,"D","S","noaa_institutional_flag"
"USC00515721",1919,3,1.8,1.8,NA,"D","S","noaa_institutional_flag"
"USC00515721",1919,4,12.2,12.2,NA,"D","S","noaa_institutional_flag"
"USC00515721",1919,5,0,0,NA,"D","S","noaa_institutional_flag"
"USC00515721",1919,8,9.4,9.4,NA,"D","S","noaa_institutional_flag"
"USC00515721",1920,10,0,0,NA,"D","S","noaa_institutional_flag"
"USC00515721",1920,6,0,0,NA,"D","S","noaa_institutional_flag"
"USC00515721",1920,9,1.5,1.5,NA,"D","S","noaa_institutional_flag"
"USC00515721",1921,4,0,0,NA,"D","S","noaa_institutional_flag"
"USC00515721",1921,8,2.1,2.1,NA,"D","S","noaa_institutional_flag"
"USC00515721",1922,3,16,16,NA,"D","S","noaa_institutional_flag"
"USC00515721",1922,4,0,0,NA,"D","S","noaa_institutional_flag"
"USC00515721",1922,5,0,0,NA,"D","S","noaa_institutional_flag"
"USC00515721",1923,5,0,0,NA,"D","S","noaa_institutional_flag"
"USC00515721",1923,6,0,0,NA,"D","S","noaa_institutional_flag"
"USC00515721",1923,7,0,0,NA,"D","S","noaa_institutional_flag"
"USC00515721",1924,7,0,NA,NA,"D","S","noaa_institutional_flag"
"USC00515721",1925,1,0,0,NA,"D","S","noaa_institutional_flag"
"USC00515721",1925,7,8.1,8.1,NA,"D","S","noaa_institutional_flag"
"USC00515721",1925,8,0,0,NA,"D","S","noaa_institutional_flag"
"USC00515721",1925,9,0.8,0.8,NA,"D","T","noaa_institutional_flag"
"USC00515721",1926,1,0,0,NA,"D","S","noaa_institutional_flag"
"USC00515721",1926,8,21.3,21.3,NA,"D","S","noaa_institutional_flag"
"USC00515721",1927,11,6.4,6.4,NA,"D","S","noaa_institutional_flag"
"USC00515721",1927,5,0.3,0.3,NA,"D","S","noaa_institutional_flag"
"USC00515721",1927,6,7.6,7.6,NA,"D","S","noaa_institutional_flag"
"USC00515721",1927,7,7.6,7.6,NA,"D","S","noaa_institutional_flag"
"USC00515721",1928,1,11.2,11.2,NA,"D","S","noaa_institutional_flag"
"USC00515721",1928,5,7.6,7.6,NA,"D","S","noaa_institutional_flag"
"USC00515721",1928,6,11.7,11.7,NA,"D","S","noaa_institutional_flag"
"USC00515721",1929,5,8.9,8.9,NA,"D","S","noaa_institutional_flag"
"USC00515721",1930,10,15.2,15.2,NA,"D","S","noaa_institutional_flag"
"USC00515721",1930,5,11.4,11.4,NA,"D","S","noaa_institutional_flag"
"USC00515721",1931,6,15.2,15.2,NA,"D","S","noaa_institutional_flag"
"USC00515721",1931,7,63.5,63.5,NA,"D","S","noaa_institutional_flag"
"USC00515721",1932,1,100.3,100.3,NA,"D","S","noaa_institutional_flag"
"USC00515721",1932,3,17.8,17.8,NA,"D","S","noaa_institutional_flag"
"USC00515721",1932,4,49.6,49.6,NA,"D","S","noaa_institutional_flag"
"USC00515721",1932,5,1.3,1.3,NA,"D","S","noaa_institutional_flag"
"USC00515721",1932,6,5.1,5.1,NA,"D","S","noaa_institutional_flag"
"USC00515721",1933,1,18.5,18.5,NA,"D","S","noaa_institutional_flag"
"USC00515721",1933,10,2.5,2.5,NA,"D","S","noaa_institutional_flag"
"USC00515721",1933,4,23.7,23.7,NA,"D","S","noaa_institutional_flag"
"USC00515721",1934,1,1,1,NA,"D","S","noaa_institutional_flag"
"USC00515721",1934,11,8.9,8.9,NA,"D","S","noaa_institutional_flag"
"USC00515721",1934,4,9.9,9.9,NA,"D","S","noaa_institutional_flag"
"USC00515721",1934,6,21.6,21.6,NA,"D","S","noaa_institutional_flag"
"USC00515721",1935,2,25.9,25.9,NA,"D","S","noaa_institutional_flag"
"USC00515721",1936,3,36.5,36.5,NA,"D","S","noaa_institutional_flag"
"USC00515721",1936,8,20.8,20.8,NA,"D","S","noaa_institutional_flag"
"USC00515721",1936,9,8.4,8.4,NA,"D","S","noaa_institutional_flag"
"USC00515721",1937,10,20.3,20.3,NA,"D","S","noaa_institutional_flag"
"USC00515721",1937,12,3.8,3.8,NA,"D","S","noaa_institutional_flag"
"USC00515721",1937,3,19.1,19.1,NA,"D","S","noaa_institutional_flag"
"USC00515721",1937,4,55.8,55.8,NA,"D","S","noaa_institutional_flag"
"USC00515721",1937,5,6.9,6.9,NA,"D","S","noaa_institutional_flag"
"USC00515721",1937,8,19.3,19.3,NA,"D","S","noaa_institutional_flag"
"USC00515721",1937,9,0,0,NA,"D","S","noaa_institutional_flag"
"USC00515721",1938,11,0,0,NA,"D","S","noaa_institutional_flag"
"USC00515721",1938,3,14.5,14.5,NA,"D","S","noaa_institutional_flag"
"USC00515721",1938,4,36.3,36.3,NA,"D","S","noaa_institutional_flag"
"USC00515721",1938,5,97.8,97.8,NA,"D","S","noaa_institutional_flag"
"USC00515721",1938,8,3.8,3.8,NA,"D","S","noaa_institutional_flag"
"USC00515721",1939,10,0,0,NA,"D","S","noaa_institutional_flag"
"USC00515721",1939,5,7.1,7.1,NA,"D","S","noaa_institutional_flag"
"USC00515721",1939,7,1,1,NA,"D","S","noaa_institutional_flag"
"USC00515721",1939,8,0,0,NA,"D","S","noaa_institutional_flag"
"USC00515721",1939,9,0,0,NA,"D","S","noaa_institutional_flag"
"USC00515721",1940,5,0,0,NA,"D","T","noaa_institutional_flag"
"USC00515721",1941,3,0,0,NA,"D","S","noaa_institutional_flag"
"USC00515721",1942,1,21.3,21.3,NA,"D","S","noaa_institutional_flag"
"USC00515721",1942,10,53.8,53.8,NA,"D","S","noaa_institutional_flag"
"USC00515721",1942,11,0,0,NA,"D","S","noaa_institutional_flag"
"USC00515721",1942,7,0,0,NA,"D","S","noaa_institutional_flag"
"USC00515721",1942,8,13.7,13.7,NA,"D","S","noaa_institutional_flag"
"USC00515721",1942,9,19.5,19.5,NA,"D","S","noaa_institutional_flag"
"USC00515721",1943,2,18,18,NA,"D","S","noaa_institutional_flag"
"USC00515721",1943,5,25.2,25.2,NA,"D","S","noaa_institutional_flag"
"USC00515721",1943,6,0,0,NA,"D","S","noaa_institutional_flag"
"USC00515721",1943,7,48.3,48.3,NA,"D","S","noaa_institutional_flag"
"USC00515721",1943,8,5.3,5.3,NA,"D","S","noaa_institutional_flag"
"USC00515721",1943,9,7.6,7.6,NA,"D","S","noaa_institutional_flag"
"USC00515721",1944,1,0,0,NA,"D","S","noaa_institutional_flag"
"USC00515721",1944,10,5,5,NA,"D","S","noaa_institutional_flag"
"USC00515721",1944,11,7.6,7.6,NA,"D","S","noaa_institutional_flag"
"USC00515721",1944,4,17.8,17.8,NA,"D","S","noaa_institutional_flag"
"USC00515721",1944,5,15.3,15.3,NA,"D","S","noaa_institutional_flag"
"USC00515721",1944,6,39.6,39.6,NA,"D","S","noaa_institutional_flag"
"USC00515721",1944,7,0,0,NA,"D","S","noaa_institutional_flag"
"USC00515721",1944,8,10.2,10.2,NA,"D","S","noaa_institutional_flag"
"USC00515721",1944,9,17.8,17.8,NA,"D","S","noaa_institutional_flag"
"USC00515721",1945,1,3.3,3.3,NA,"D","S","noaa_institutional_flag"
"USC00515721",1945,11,2.5,2.5,NA,"D","S","noaa_institutional_flag"
"USC00515721",1945,2,10.2,10.2,NA,"D","S","noaa_institutional_flag"
"USC00515721",1945,3,8.8,8.8,NA,"D","S","noaa_institutional_flag"
"USC00515721",1945,6,27.7,27.7,NA,"D","S","noaa_institutional_flag"
"USC00515721",1945,8,0,0,NA,"D","S","noaa_institutional_flag"
"USC00515721",1945,9,0,0,NA,"D","S","noaa_institutional_flag"
"USC00515721",1946,11,2.5,2.5,NA,"D","S","noaa_institutional_flag"
"USC00515721",1946,3,24.8,24.8,NA,"D","S","noaa_institutional_flag"
"USC00515721",1946,4,2.5,2.5,NA,"D","S","noaa_institutional_flag"
"USC00515721",1946,5,6.9,6.9,NA,"D","S","noaa_institutional_flag"
"USC00515721",1946,6,2.3,2.3,NA,"D","S","noaa_institutional_flag"
"USC00515721",1946,7,3.8,3.8,NA,"D","S","noaa_institutional_flag"
"USC00515721",1946,9,1.3,1.3,NA,"D","S","noaa_institutional_flag"
"USC00515721",1947,1,26.2,26.2,NA,"D","S","noaa_institutional_flag"
"USC00515721",1947,10,10.1,10.1,NA,"D","S","noaa_institutional_flag"
"USC00515721",1947,4,2,2,NA,"D","S","noaa_institutional_flag"
"USC00515721",1947,5,10.1,10.1,NA,"D","S","noaa_institutional_flag"
"USC00515721",1947,6,0,0,NA,"D","S","noaa_institutional_flag"
"USC00515721",1947,7,3.3,3.3,NA,"D","S","noaa_institutional_flag"
"USC00515721",1948,3,38.6,38.6,NA,"D","S","noaa_institutional_flag"
"USC00515721",1948,4,8.1,8.1,NA,"D","S","noaa_institutional_flag"
"USC00515721",1948,5,0,0,NA,"D","S","noaa_institutional_flag"
"USC00515721",1948,6,33,33,NA,"D","S","noaa_institutional_flag"
"USC00515721",1948,7,0,0,NA,"D","S","noaa_institutional_flag"
"USC00515721",1948,9,35.6,35.6,NA,"D","S","noaa_institutional_flag"
"USC00515721",1949,12,7.6,7.6,NA,"D","S","noaa_institutional_flag"
"USC00515721",1950,3,18.2,18.2,NA,"D","S","noaa_institutional_flag"
"USC00515721",1950,5,11.4,11.4,NA,"D","S","noaa_institutional_flag"
"USC00515721",1951,4,2.5,2.5,NA,"D","S","noaa_institutional_flag"
"USC00515758",2018,10,61,61,NA,"D","S","noaa_institutional_flag"
"USC00515758",2018,4,9.4,9.4,NA,"D","S","noaa_institutional_flag"
"USC00515758",2019,6,106.7,106.7,NA,"D","S","noaa_institutional_flag"
"USC00515761",1971,11,18.5,18.5,NA,"D","S","noaa_institutional_flag"
"USC00515761",1971,12,10.9,10.9,NA,"D","S","noaa_institutional_flag"
"USC00515761",1971,5,4.1,4.1,NA,"D","S","noaa_institutional_flag"
"USC00515761",1971,7,7.3,7.3,NA,"D","S","noaa_institutional_flag"
"USC00515761",1971,8,9.7,9.7,NA,"D","S","noaa_institutional_flag"
"USC00515761",1972,10,0,0,NA,"D","S","noaa_institutional_flag"
"USC00515761",1974,2,0,0,NA,"D","S","noaa_institutional_flag"
"USC00515761",1982,10,43.1,43.1,NA,"D","S","noaa_institutional_flag"
"USC00515761",1982,7,52,52,NA,"D","S","noaa_institutional_flag"
"USC00515761",1985,10,0,0,NA,"D","S","noaa_institutional_flag"
"USC00515761",1985,7,6.4,6.4,NA,"D","S","noaa_institutional_flag"
"USC00515761",1985,8,14,14,NA,"D","S","noaa_institutional_flag"
"USC00515761",1985,9,0,0,NA,"D","S","noaa_institutional_flag"
"USC00515761",1987,5,137.2,137.2,NA,"D","S","noaa_institutional_flag"
"USC00515761",1987,6,0,0,NA,"D","S","noaa_institutional_flag"
"USC00515761",1988,10,15.2,15.2,NA,"D","S","noaa_institutional_flag"
"USC00515761",1988,11,17.8,17.8,NA,"D","S","noaa_institutional_flag"
"USC00515761",1988,8,34.3,34.3,NA,"D","S","noaa_institutional_flag"
"USC00515761",1988,9,35.5,35.5,NA,"D","S","noaa_institutional_flag"
"USC00515761",1989,3,44.7,44.7,NA,"D","S","noaa_institutional_flag"
"USC00515761",1989,7,57.2,57.2,NA,"D","S","noaa_institutional_flag"
"USC00515761",1989,8,0,0,NA,"D","S","noaa_institutional_flag"
"USC00515761",1990,1,194.3,194.3,NA,"D","S","noaa_institutional_flag"
"USC00515761",1990,10,29.2,29.2,NA,"D","S","noaa_institutional_flag"
"USC00515761",1990,11,69.9,69.9,NA,"D","S","noaa_institutional_flag"
"USC00515761",1990,2,116.8,116.8,NA,"D","S","noaa_institutional_flag"
"USC00515761",1990,3,157.5,157.5,NA,"D","S","noaa_institutional_flag"
"USC00515761",1990,6,76.2,76.2,NA,"D","S","noaa_institutional_flag"
"USC00515761",1990,7,55.9,55.9,NA,"D","S","noaa_institutional_flag"
"USC00515761",1991,11,0,0,NA,"D","S","noaa_institutional_flag"
"USC00515761",1991,12,48.3,48.3,NA,"D","S","noaa_institutional_flag"
"USC00515761",1992,10,30,30,NA,"D","S","noaa_institutional_flag"
"USC00515761",1992,5,39.4,39.4,NA,"D","S","noaa_institutional_flag"
"USC00515761",1992,7,36.9,36.9,NA,"D","S","noaa_institutional_flag"
"USC00515761",1992,9,96.5,96.5,NA,"D","S","noaa_institutional_flag"
"USC00515761",1997,6,48.3,48.3,NA,"D","S","noaa_institutional_flag"
"USC00515792",1948,12,0,0,NA,"D","S","noaa_institutional_flag"
"USC00515792",1949,1,130.8,130.8,NA,"D","S","noaa_institutional_flag"
"USC00515792",1949,2,30,30,NA,"D","S","noaa_institutional_flag"
"USC00515792",1949,3,178.6,178.6,NA,"D","S","noaa_institutional_flag"
"USC00515792",1949,4,163,163,NA,"D","S","noaa_institutional_flag"
"USC00515792",1949,5,165.9,165.9,NA,"D","S","noaa_institutional_flag"
"USC00515792",1949,7,167.6,167.6,NA,"D","S","noaa_institutional_flag"
"USC00515792",1949,8,158.2,158.2,NA,"D","S","noaa_institutional_flag"
"USC00515792",1949,9,70.1,70.1,NA,"D","S","noaa_institutional_flag"
"USC00515800",1908,10,0,NA,NA,"D","S","noaa_institutional_flag"
"USC00515800",1908,11,0,0,NA,"D","S","noaa_institutional_flag"
"USC00515800",1908,4,0,NA,NA,"D","S","noaa_institutional_flag"
"USC00515800",1908,6,0.5,0.5,NA,"D","S","noaa_institutional_flag"
"USC00515800",1910,3,0.8,0.8,NA,"D","S","noaa_institutional_flag"
"USC00515800",1911,6,1.5,1.5,NA,"D","S","noaa_institutional_flag"
"USC00515800",1914,6,5.4,5.4,NA,"D","S","noaa_institutional_flag"
"USC00515800",1915,10,0.3,0.3,NA,"D","S","noaa_institutional_flag"
"USC00515800",1915,6,0.6,0.6,NA,"D","S","noaa_institutional_flag"
"USC00515800",1915,7,0.3,0.3,NA,"D","S","noaa_institutional_flag"
"USC00515800",1916,9,0.8,0.8,NA,"D","S","noaa_institutional_flag"
"USC00515800",1917,6,0,0,NA,"D","S","noaa_institutional_flag"
"USC00515800",1918,10,35.6,35.6,NA,"D","S","noaa_institutional_flag"
"USC00515800",1919,5,0,NA,NA,"D","S","noaa_institutional_flag"
"USC00515800",1919,6,77.5,77.5,NA,"D","S","noaa_institutional_flag"
"USC00515800",1923,11,0,0,NA,"D","S","noaa_institutional_flag"
"USC00515800",1923,9,0,0,NA,"D","S","noaa_institutional_flag"
"USC00515800",1925,1,33,33,NA,"D","S","noaa_institutional_flag"
"USC00515800",1928,3,0,NA,NA,"D","S","noaa_institutional_flag"
"USC00515800",1928,5,0,NA,NA,"D","S","noaa_institutional_flag"
"USC00515800",1928,6,0,NA,NA,"D","S","noaa_institutional_flag"
"USC00515800",1950,9,0.8,0.8,NA,"D","S","noaa_institutional_flag"
"USC00515800",1968,9,8.9,8.9,NA,"D","S","noaa_institutional_flag"
"USC00516082",1912,5,3.8,3.8,NA,"D","S","noaa_institutional_flag"
"USC00516082",1915,8,0,NA,NA,"D","S","noaa_institutional_flag"
"USC00516082",1999,6,0,0,NA,"D","S","noaa_institutional_flag"
"USC00516175",1924,2,0,0,NA,"D","S","noaa_institutional_flag"
"USC00516175",1924,3,121,121,NA,"D","S","noaa_institutional_flag"
"USC00516175",1924,4,326.4,326.4,NA,"D","S","noaa_institutional_flag"
"USC00516175",1938,12,101.6,101.6,NA,"D","S","noaa_institutional_flag"
"USC00516175",1939,1,381.5,381.5,NA,"D","S","noaa_institutional_flag"
"USC00516175",1939,2,33.5,33.5,NA,"D","S","noaa_institutional_flag"
"USC00516175",1939,4,0,0,NA,"D","S","noaa_institutional_flag"
"USC00516175",1944,10,128.8,128.8,NA,"D","S","noaa_institutional_flag"
"USC00516175",1944,8,120.6,120.6,NA,"D","S","noaa_institutional_flag"
"USC00516175",1945,11,144.3,144.3,NA,"D","S","noaa_institutional_flag"
"USC00516175",1945,12,6.4,6.4,NA,"D","S","noaa_institutional_flag"
"USC00516175",1945,2,43.9,43.9,NA,"D","S","noaa_institutional_flag"
"USC00516175",1945,3,194.3,194.3,NA,"D","S","noaa_institutional_flag"
"USC00516175",1945,9,0,0,NA,"D","S","noaa_institutional_flag"
"USC00516175",1946,10,0,0,NA,"D","S","noaa_institutional_flag"
"USC00516175",1946,11,0,0,NA,"D","S","noaa_institutional_flag"
"USC00516175",1946,2,0,0,NA,"D","S","noaa_institutional_flag"
"USC00516175",1946,3,61,61,NA,"D","S","noaa_institutional_flag"
"USC00516175",1946,4,126.2,126.2,NA,"D","S","noaa_institutional_flag"
"USC00516175",1946,5,76.2,76.2,NA,"D","S","noaa_institutional_flag"
"USC00516175",1946,7,27.4,27.4,NA,"D","S","noaa_institutional_flag"
"USC00516175",1946,8,36.8,36.8,NA,"D","S","noaa_institutional_flag"
"USC00516175",1946,9,71.9,71.9,NA,"D","S","noaa_institutional_flag"
"USC00516175",1947,10,0,0,NA,"D","S","noaa_institutional_flag"
"USC00516175",1947,11,0,0,NA,"D","S","noaa_institutional_flag"
"USC00516175",1947,5,0,0,NA,"D","S","noaa_institutional_flag"
"USC00516175",1947,7,119.9,119.9,NA,"D","S","noaa_institutional_flag"
"USC00516175",1947,8,0,0,NA,"D","S","noaa_institutional_flag"
"USC00516175",1947,9,199.6,199.6,NA,"D","S","noaa_institutional_flag"
"USC00516175",1949,3,256.5,256.5,NA,"D","S","noaa_institutional_flag"
"USC00516175",1949,4,116.8,116.8,NA,"D","S","noaa_institutional_flag"
"USC00516175",1949,5,35.6,35.6,NA,"D","S","noaa_institutional_flag"
"USC00516175",1949,7,38.9,38.9,NA,"D","S","noaa_institutional_flag"
"USC00516175",1949,8,81.3,81.3,NA,"D","S","noaa_institutional_flag"
"USC00516270",1966,1,0,0,NA,"D","T","noaa_institutional_flag"
"USC00516270",1966,10,0,0,NA,"D","S","noaa_institutional_flag"
"USC00516270",1966,3,0,0,NA,"D","T","noaa_institutional_flag"
"USC00516270",1966,6,0,0,NA,"D","T","noaa_institutional_flag"
"USC00516270",1966,9,0,0,NA,"D","T","noaa_institutional_flag"
"USC00516270",1968,7,0,0,NA,"D","T","noaa_institutional_flag"
"USC00516270",1969,4,0,0,NA,"D","T","noaa_institutional_flag"
"USC00516270",1987,9,0,0,NA,"D","T","noaa_institutional_flag"
"USC00516270",2004,11,0,0,NA,"D","S","noaa_institutional_flag"
"USC00516270",2005,9,0,0,NA,"D","T","noaa_institutional_flag"
"USC00516270",2006,6,0,0,NA,"D","T","noaa_institutional_flag"
"USC00516270",2006,8,0,0,NA,"D","T","noaa_institutional_flag"
"USC00516270",2007,6,0,0,NA,"D","S","noaa_institutional_flag"
"USC00516270",2008,2,0,0,NA,"D","T","noaa_institutional_flag"
"USC00516270",2011,9,0,0,NA,"D","T","noaa_institutional_flag"
"USC00516270",2014,3,0,0,NA,"D","S","noaa_institutional_flag"
"USC00516270",2014,6,0,0,NA,"D","T","noaa_institutional_flag"
"USC00516270",2014,7,0,0,NA,"D","T","noaa_institutional_flag"
"USC00516270",2015,3,0,0,NA,"D","S","noaa_institutional_flag"
"USC00516270",2015,4,0,0,NA,"D","T","noaa_institutional_flag"
"USC00516270",2016,6,0,0,NA,"D","T","noaa_institutional_flag"
"USC00516270",2016,8,0,0,NA,"D","T","noaa_institutional_flag"
"USC00516270",2016,9,0,0,NA,"D","T","noaa_institutional_flag"
"USC00516270",2017,7,0,0,NA,"D","T","noaa_institutional_flag"
"USC00516270",2018,10,0,0,NA,"D","T","noaa_institutional_flag"
"USC00516270",2018,9,0,0,NA,"D","S","noaa_institutional_flag"
"USC00516270",2019,12,0,0,NA,"D","T","noaa_institutional_flag"
"USC00516270",2019,3,0,0,NA,"D","T","noaa_institutional_flag"
"USC00516270",2020,5,10.2,10.2,NA,"D","S","noaa_institutional_flag"
"USC00516270",2020,9,0,0,NA,"D","T","noaa_institutional_flag"
"USC00516270",2021,1,28.4,28.4,NA,"D","S","noaa_institutional_flag"
"USC00516270",2021,10,0,0,NA,"D","T","noaa_institutional_flag"
"USC00516270",2021,2,0,0,NA,"D","T","noaa_institutional_flag"
"USC00516270",2021,3,12.7,12.7,NA,"D","S","noaa_institutional_flag"
"USC00516270",2021,4,0,0,NA,"D","T","noaa_institutional_flag"
"USC00516270",2021,9,0,0,NA,"D","T","noaa_institutional_flag"
"USC00516270",2022,11,0,0,NA,"D","T","noaa_institutional_flag"
"USC00516270",2022,4,0,0,NA,"D","T","noaa_institutional_flag"
"USC00516270",2022,6,0,0,NA,"D","T","noaa_institutional_flag"
"USC00516270",2022,7,0,0,NA,"D","T","noaa_institutional_flag"
"USC00516270",2023,2,16.5,16.5,NA,"D","S","noaa_institutional_flag"
"USC00516270",2023,4,15.2,15.2,NA,"D","S","noaa_institutional_flag"
"USC00516850",1999,6,0,0,NA,"D","S","noaa_institutional_flag"
"USC00516928",2006,2,0,0,NA,"D","S","noaa_institutional_flag"
"USC00516933",1912,3,47,47,NA,"D","S","noaa_institutional_flag"
"USC00517059",2001,12,0,0,NA,"D","S","noaa_institutional_flag"
"USC00517209",2021,5,0,0,NA,"D","S","noaa_institutional_flag"
"USC00517209",2021,6,50.8,50.8,NA,"D","S","noaa_institutional_flag"
"USC00517312",2024,10,0,0,NA,"D","S","noaa_institutional_flag"
"USC00517312",2025,3,0,0,NA,"D","S","noaa_institutional_flag"
"USC00517664",1943,12,228.6,228.6,NA,"D","S","noaa_institutional_flag"
"USC00517664",1945,4,106.7,106.7,NA,"D","S","noaa_institutional_flag"
"USC00517664",1946,12,177.8,177.8,NA,"D","S","noaa_institutional_flag"
"USC00517664",1947,5,355.6,355.6,NA,"D","S","noaa_institutional_flag"
"USC00517664",1947,7,81.3,81.3,NA,"D","S","noaa_institutional_flag"
"USC00517664",1948,12,388.7,388.7,NA,"D","S","noaa_institutional_flag"
"USC00517664",1948,7,149.9,149.9,NA,"D","S","noaa_institutional_flag"
"USC00517664",1949,1,226.1,226.1,NA,"D","S","noaa_institutional_flag"
"USC00518063",1953,4,0,0,NA,"D","S","noaa_institutional_flag"
"USC00518063",1964,4,0,0,NA,"D","S","noaa_institutional_flag"
"USC00518063",1968,5,2.5,2.5,NA,"D","S","noaa_institutional_flag"
"USC00518181",1929,9,0,0,NA,"D","S","noaa_institutional_flag"
"USC00518186",1941,6,0,NA,NA,"D","T","noaa_institutional_flag"
"USC00518186",1942,7,0,NA,NA,"D","S","noaa_institutional_flag"
"USC00518186",1943,8,0,0,NA,"D","T","noaa_institutional_flag"
"USC00518186",1944,1,0,NA,NA,"D","S","noaa_institutional_flag"
"USC00518186",1944,10,14.4,14.4,NA,"D","S","noaa_institutional_flag"
"USC00518186",1944,11,0,NA,NA,"D","S","noaa_institutional_flag"
"USC00518186",1944,12,46.8,46.8,NA,"D","S","noaa_institutional_flag"
"USC00518186",1944,4,0,NA,NA,"D","T","noaa_institutional_flag"
"USC00518186",1944,5,0.6,0.6,NA,"D","S","noaa_institutional_flag"
"USC00518186",1944,6,21.6,21.6,NA,"D","S","noaa_institutional_flag"
"USC00518186",1944,7,0,NA,NA,"D","S","noaa_institutional_flag"
"USC00518186",1944,8,1.3,1.3,NA,"D","S","noaa_institutional_flag"
"USC00518186",1944,9,8.9,8.9,NA,"D","S","noaa_institutional_flag"
"USC00518186",1945,2,0.3,0.3,NA,"D","S","noaa_institutional_flag"
"USC00518186",1945,6,1.6,1.6,NA,"D","S","noaa_institutional_flag"
"USC00518186",1945,8,0,NA,NA,"D","S","noaa_institutional_flag"
"USC00518186",1945,9,0,NA,NA,"D","S","noaa_institutional_flag"
"USC00518186",1946,10,25.6,25.6,NA,"D","S","noaa_institutional_flag"
"USC00518186",1946,11,0.5,0.5,NA,"D","T","noaa_institutional_flag"
"USC00518186",1946,2,3,3,NA,"D","S","noaa_institutional_flag"
"USC00518186",1946,3,0,0,NA,"D","T","noaa_institutional_flag"
"USC00518186",1946,4,0,NA,NA,"D","T","noaa_institutional_flag"
"USC00518186",1946,6,1.3,1.3,NA,"D","S","noaa_institutional_flag"
"USC00518186",1946,7,1.6,1.6,NA,"D","S","noaa_institutional_flag"
"USC00518186",1946,8,2.5,2.5,NA,"D","S","noaa_institutional_flag"
"USC00518186",1947,10,0,0,NA,"D","T","noaa_institutional_flag"
"USC00518186",1947,5,0.8,0.8,NA,"D","S","noaa_institutional_flag"
"USC00518186",1947,6,1.3,1.3,NA,"D","S","noaa_institutional_flag"
"USC00518186",1947,8,10.2,10.2,NA,"D","S","noaa_institutional_flag"
"USC00518186",1947,9,10.1,10.1,NA,"D","S","noaa_institutional_flag"
"USC00518186",1948,12,0,0,NA,"D","S","noaa_institutional_flag"
"USC00518186",1948,3,0,0,NA,"D","T","noaa_institutional_flag"
"USC00518186",1948,5,0,NA,NA,"D","T","noaa_institutional_flag"
"USC00518186",1948,7,0,NA,NA,"D","T","noaa_institutional_flag"
"USC00518186",1949,11,0,0,NA,"D","S","noaa_institutional_flag"
"USC00518186",1951,1,0,0,NA,"D","T","noaa_institutional_flag"
"USC00518186",1951,8,0.3,0.3,NA,"D","T","noaa_institutional_flag"
"USC00518186",1952,3,0,0,NA,"D","T","noaa_institutional_flag"
"USC00518186",1954,6,0,0,NA,"D","T","noaa_institutional_flag"
"USC00518186",1954,7,0,NA,NA,"D","T","noaa_institutional_flag"
"USC00518186",1956,6,0,0,NA,"D","T","noaa_institutional_flag"
"USC00518186",1956,7,19.3,19.3,NA,"D","S","noaa_institutional_flag"
"USC00518186",1958,5,0,0,NA,"D","T","noaa_institutional_flag"
"USC00518186",1959,4,0,NA,NA,"D","T","noaa_institutional_flag"
"USC00518186",1959,8,0,0,NA,"D","T","noaa_institutional_flag"
"USC00518186",1960,1,0,NA,NA,"D","T","noaa_institutional_flag"
"USC00518186",1960,5,0,0,NA,"D","S","noaa_institutional_flag"
"USC00518186",1961,6,2.5,2.5,NA,"D","S","noaa_institutional_flag"
"USC00518186",1962,5,7.6,7.6,NA,"D","S","noaa_institutional_flag"
"USC00518186",1963,10,0,0,NA,"D","S","noaa_institutional_flag"
"USC00518186",1964,5,0,0,NA,"D","S","noaa_institutional_flag"
"USC00518186",1964,6,0,0,NA,"D","S","noaa_institutional_flag"
"USC00518186",1964,7,0,0,NA,"D","T","noaa_institutional_flag"
"USC00518385",1949,10,62.2,62.2,NA,"D","S","noaa_institutional_flag"
"USC00518385",1949,11,192.5,192.5,NA,"D","S","noaa_institutional_flag"
"USC00518385",1949,12,105.9,105.9,NA,"D","S","noaa_institutional_flag"
"USC00518422",1982,10,0.6,0.6,NA,"D","S","noaa_institutional_flag"
"USC00518550",1974,2,27.2,27.2,NA,"D","S","noaa_institutional_flag"
"USC00518780",1921,7,0,0,NA,"D","S","noaa_institutional_flag"
"USC00518780",1932,2,554.4,554.4,NA,"D","S","noaa_institutional_flag"
"USC00518780",1935,2,8.1,8.1,NA,"D","S","noaa_institutional_flag"
"USC00518780",1935,8,50.5,50.5,NA,"D","S","noaa_institutional_flag"
"USC00519185",1980,10,5.6,5.6,NA,"D","S","noaa_institutional_flag"
"USC00519185",1980,9,1.3,1.3,NA,"D","S","noaa_institutional_flag"
"USC00519185",1981,6,13.5,13.5,NA,"D","S","noaa_institutional_flag"
"USC00519185",1982,9,0,0,NA,"D","S","noaa_institutional_flag"
"USC00519185",1983,1,6.4,6.4,NA,"D","S","noaa_institutional_flag"
"USC00519185",1983,4,12,12,NA,"D","S","noaa_institutional_flag"
"USC00519185",1983,6,0,0,NA,"D","S","noaa_institutional_flag"
"USC00519185",1983,7,0,0,NA,"D","S","noaa_institutional_flag"
"USC00519185",1983,8,15.2,15.2,NA,"D","S","noaa_institutional_flag"
"USC00519185",1983,9,43.2,43.2,NA,"D","S","noaa_institutional_flag"
"USC00519231",1905,6,0.8,0.8,NA,"D","S","noaa_institutional_flag"
"USC00519231",1939,7,0.8,0.8,NA,"D","S","noaa_institutional_flag"
"USC00519231",1941,3,0,0,NA,"D","S","noaa_institutional_flag"
"USC00519231",2010,12,0,0,NA,"D","S","noaa_institutional_flag"
"USC00519253",1996,6,6.1,6.1,NA,"D","S","noaa_institutional_flag"
"USC00519253",1999,4,0,0,NA,"D","S","noaa_institutional_flag"
"USC00519253",1999,6,0,0,NA,"D","S","noaa_institutional_flag"
"USC00519397",1975,8,1.5,1.5,NA,"D","S","noaa_institutional_flag"
"USC00519397",2002,6,1.3,1.3,NA,"D","S","noaa_institutional_flag"
"USC00519629",1995,9,0,0,NA,"D","S","noaa_institutional_flag"
"USC00519629",1998,11,0,0,NA,"D","S","noaa_institutional_flag"
"USC00519629",2002,11,9.9,9.9,NA,"D","S","noaa_institutional_flag"
"USC00519629",2007,7,0,0,NA,"D","S","noaa_institutional_flag"
"USC00519629",2008,10,0,0,NA,"D","S","noaa_institutional_flag"
"USC00519629",2008,3,0,0,NA,"D","S","noaa_institutional_flag"
"USC00519629",2008,4,0,0,NA,"D","S","noaa_institutional_flag"
"USC00519629",2008,6,11.7,11.7,NA,"D","S","noaa_institutional_flag"
"USC00519629",2009,11,1.5,1.5,NA,"D","S","noaa_institutional_flag"
"USC00519629",2009,12,0,0,NA,"D","S","noaa_institutional_flag"
"USC00519629",2009,6,0,0,NA,"D","S","noaa_institutional_flag"
"USC00519629",2009,7,7.6,7.6,NA,"D","S","noaa_institutional_flag"
"USC00519629",2009,8,84.8,84.8,NA,"D","S","noaa_institutional_flag"
"USC00519629",2010,3,0.8,0.8,NA,"D","S","noaa_institutional_flag"
"USC00519629",2010,4,1.8,1.8,NA,"D","S","noaa_institutional_flag"
"USC00519629",2010,6,0,0,NA,"D","S","noaa_institutional_flag"
"USC00519629",2010,8,0,0,NA,"D","S","noaa_institutional_flag"
"USC00519629",2011,3,50.8,50.8,NA,"D","S","noaa_institutional_flag"
"USC00519629",2011,6,0,0,NA,"D","S","noaa_institutional_flag"
"USC00519629",2011,7,0,0,NA,"D","S","noaa_institutional_flag"
"USC00519629",2016,10,0,0,NA,"D","S","noaa_institutional_flag"
"USC00519629",2016,7,0,0,NA,"D","S","noaa_institutional_flag"
"USC00519629",2016,8,12.7,12.7,NA,"D","S","noaa_institutional_flag"
"USC00519629",2016,9,2.8,2.8,NA,"D","S","noaa_institutional_flag"
"USC00519629",2017,6,3.8,3.8,NA,"D","S","noaa_institutional_flag"
"USC00519629",2017,7,0,0,NA,"D","S","noaa_institutional_flag"
"USC00519738",2005,3,35.6,35.6,NA,"D","S","noaa_institutional_flag"
"USC00519738",2008,8,0.8,0.8,NA,"D","S","noaa_institutional_flag"
"USS0003E03S",1990,6,12.7,12.7,NA,"D","S","noaa_institutional_flag"
"USS0005J04S",1980,10,0,0,NA,"D","S","noaa_institutional_flag"
"USS0005J04S",2002,4,0,0,NA,"D","S","noaa_institutional_flag"
"USS0005J10S",2021,7,0,0,NA,"D","S","noaa_institutional_flag"
"USS0005J40S",2014,8,5,5,NA,"D","S","noaa_institutional_flag"
"USS0005J41S",2020,8,2.5,2.5,NA,"D","S","noaa_institutional_flag"
"USS0005K05S",1992,11,0,0,NA,"D","S","noaa_institutional_flag"
"USS0005M07S",2020,5,0,0,NA,"D","S","noaa_institutional_flag"
"USS0005M08S",1990,9,5.1,5.1,NA,"D","S","noaa_institutional_flag"
"USS0005M16S",2012,7,10.2,10.2,NA,"D","S","noaa_institutional_flag"
"USS0005R01S",2020,8,5.1,5.1,NA,"D","S","noaa_institutional_flag"
"USS0006G01S",2010,7,0,0,NA,"D","S","noaa_institutional_flag"
"USS0006J01S",1980,10,0,0,NA,"D","S","noaa_institutional_flag"
"USS0006J01S",1981,11,2.5,2.5,NA,"D","S","noaa_institutional_flag"
"USS0006J03S",1989,8,0,0,NA,"D","S","noaa_institutional_flag"
"USS0006J05S",1983,1,0,0,NA,"D","S","noaa_institutional_flag"
"USS0006K14S",2020,7,0,0,NA,"D","S","noaa_institutional_flag"
"USS0006K16S",2006,5,5.1,5.1,NA,"D","S","noaa_institutional_flag"
"USS0006K43S",2003,7,0,0,NA,"D","S","noaa_institutional_flag"
"USS0006L03S",2005,6,0,0,NA,"D","S","noaa_institutional_flag"
"USS0006M22S",2014,7,0,0,NA,"D","S","noaa_institutional_flag"
"USS0006M23S",2018,8,0,0,NA,"D","S","noaa_institutional_flag"
"USS0006N03S",1996,6,0,0,NA,"D","S","noaa_institutional_flag"
"USS0006N03S",2004,4,2.5,2.5,NA,"D","S","noaa_institutional_flag"
"USS0007J05S",2012,9,0,0,NA,"D","S","noaa_institutional_flag"
"USS0007K01S",1994,9,5.1,5.1,NA,"D","S","noaa_institutional_flag"
"USS0007K13S",1985,10,0,0,NA,"D","S","noaa_institutional_flag"
"USS0007M16S",2000,6,0,0,NA,"D","S","noaa_institutional_flag"
"USS0007M29S",2002,1,0,0,NA,"D","S","noaa_institutional_flag"
"USS0007M31S",2019,8,7.6,7.6,NA,"D","S","noaa_institutional_flag"
"USS0007M34S",2004,7,0,0,NA,"D","S","noaa_institutional_flag"
"USS0007S04S",2005,9,0,0,NA,"D","S","noaa_institutional_flag"
"USS0007S04S",2019,7,2.5,2.5,NA,"D","S","noaa_institutional_flag"
"USS0007S04S",2020,8,5.1,5.1,NA,"D","S","noaa_institutional_flag"
"USS0008L02S",2020,7,5.1,5.1,NA,"D","S","noaa_institutional_flag"
"USS0008M07S",1989,8,2.5,2.5,NA,"D","S","noaa_institutional_flag"
"USS0008T01S",1995,10,12.5,12.5,NA,"D","S","noaa_institutional_flag"
"USS0009D08S",2019,7,0,0,NA,"D","S","noaa_institutional_flag"
"USS0009E03S",2017,11,7.6,7.6,NA,"D","S","noaa_institutional_flag"
"USS0009E11S",2017,8,0,0,NA,"D","S","noaa_institutional_flag"
"USS0009S02S",2005,9,0,0,NA,"D","S","noaa_institutional_flag"
"USS0009S06S",2002,8,5,5,NA,"D","S","noaa_institutional_flag"
"USS0009S11S",1987,8,7.6,7.6,NA,"D","S","noaa_institutional_flag"
"USS0010C06S",2010,7,5.1,5.1,NA,"D","S","noaa_institutional_flag"
"USS0010C09S",2022,9,17.8,17.8,NA,"D","S","noaa_institutional_flag"
"USS0010D13S",2015,6,2.5,2.5,NA,"D","S","noaa_institutional_flag"
"USS0010D31S",2019,8,0,0,NA,"D","S","noaa_institutional_flag"
"USS0010E03S",1984,7,0,0,NA,"D","S","noaa_institutional_flag"
"USS0010E03S",2011,8,0,0,NA,"D","S","noaa_institutional_flag"
"USS0010F29S",2024,8,7.6,7.6,NA,"D","S","noaa_institutional_flag"
"USS0010J35S",1982,5,7.6,7.6,NA,"D","S","noaa_institutional_flag"
"USS0010S01S",2008,4,43.1,43.1,NA,"D","S","noaa_institutional_flag"
"USS0011E30S",2019,7,2.5,2.5,NA,"D","S","noaa_institutional_flag"
"USS0011G01S",2017,5,5.1,5.1,NA,"D","S","noaa_institutional_flag"
"USS0011G33S",1984,7,0,0,NA,"D","S","noaa_institutional_flag"
"USS0011G33S",1984,8,5.1,5.1,NA,"D","S","noaa_institutional_flag"
"USS0011H55S",1980,5,0,0,NA,"D","S","noaa_institutional_flag"
"USS0011J02S",1984,9,0,0,NA,"D","S","noaa_institutional_flag"
"USS0011J23S",1986,9,7.6,7.6,NA,"D","S","noaa_institutional_flag"
"USS0011K09S",1987,7,0,0,NA,"D","S","noaa_institutional_flag"
"USS0011K09S",1997,8,0,0,NA,"D","S","noaa_institutional_flag"
"USS0011K22S",1980,2,5.1,5.1,NA,"D","S","noaa_institutional_flag"
"USS0011K28S",1983,8,15.2,15.2,NA,"D","S","noaa_institutional_flag"
"USS0011R03S",2002,5,12.5,12.5,NA,"D","S","noaa_institutional_flag"
"USS0012B16S",2002,8,0,0,NA,"D","S","noaa_institutional_flag"
"USS0012E07S",2015,6,0,0,NA,"D","S","noaa_institutional_flag"
"USS0012J06S",1982,7,10.2,10.2,NA,"D","S","noaa_institutional_flag"
"USS0012P02S",2003,8,0,0,NA,"D","S","noaa_institutional_flag"
"USS0013C33S",1987,3,2.5,2.5,NA,"D","S","noaa_institutional_flag"
"USS0013D10S",1993,10,15.2,15.2,NA,"D","S","noaa_institutional_flag"
"USS0013D10S",2014,6,0,0,NA,"D","S","noaa_institutional_flag"
"USS0013D10S",2015,6,0,0,NA,"D","S","noaa_institutional_flag"
"USS0013D26S",1989,7,7.6,7.6,NA,"D","S","noaa_institutional_flag"
"USS0013D26S",2000,5,10.1,10.1,NA,"D","S","noaa_institutional_flag"
"USS0013F04S",2021,5,30.5,30.5,NA,"D","S","noaa_institutional_flag"
"USS0014A14S",1979,8,0,0,NA,"D","S","noaa_institutional_flag"
"USS0014K02S",1983,3,0,0,NA,"D","S","noaa_institutional_flag"
"USS0015B14S",1982,7,0,0,NA,"D","S","noaa_institutional_flag"
"USS0015E08S",2011,6,5.1,5.1,NA,"D","S","noaa_institutional_flag"
"USS0015E08S",2024,9,0,0,NA,"D","S","noaa_institutional_flag"
"USS0015F06S",1981,10,0,0,NA,"D","S","noaa_institutional_flag"
"USS0015F06S",1984,12,0,0,NA,"D","S","noaa_institutional_flag"
"USS0015H09S",1981,10,22.9,22.9,NA,"D","S","noaa_institutional_flag"
"USS0015H09S",1983,10,0,0,NA,"D","S","noaa_institutional_flag"
"USS0015H09S",1983,5,2.5,2.5,NA,"D","S","noaa_institutional_flag"
"USS0015H09S",2003,2,2.5,2.5,NA,"D","S","noaa_institutional_flag"
"USS0015J01S",2002,8,17.5,17.5,NA,"D","S","noaa_institutional_flag"
"USS0016A04S",2018,5,0,0,NA,"D","S","noaa_institutional_flag"
"USS0016G01S",1982,6,7.6,7.6,NA,"D","S","noaa_institutional_flag"
"USS0017D08S",1982,4,2.5,2.5,NA,"D","S","noaa_institutional_flag"
"USS0017D18S",1982,10,0,0,NA,"D","S","noaa_institutional_flag"
"USS0017D18S",1982,11,81.3,81.3,NA,"D","S","noaa_institutional_flag"
"USS0017K04S",1988,2,40.3,40.3,NA,"D","S","noaa_institutional_flag"
"USS0018D04S",1981,6,0,0,NA,"D","S","noaa_institutional_flag"
"USS0018D04S",1989,8,0,0,NA,"D","S","noaa_institutional_flag"
"USS0018D06S",1992,6,25.4,25.4,NA,"D","S","noaa_institutional_flag"
"USS0018D06S",1992,7,2.5,2.5,NA,"D","S","noaa_institutional_flag"
"USS0018D19S",1992,3,0,0,NA,"D","S","noaa_institutional_flag"
"USS0019K07S",1998,7,40.3,40.3,NA,"D","S","noaa_institutional_flag"
"USS0020A05S",1982,9,2.5,2.5,NA,"D","S","noaa_institutional_flag"
"USS0020B02S",1982,3,0,0,NA,"D","S","noaa_institutional_flag"
"USS0020G02S",1981,5,0,0,NA,"D","S","noaa_institutional_flag"
"USS0020G09S",1993,10,0,0,NA,"D","S","noaa_institutional_flag"
"USS0021A35S",2021,6,0,0,NA,"D","S","noaa_institutional_flag"
"USS0021B04S",1993,2,2.5,2.5,NA,"D","S","noaa_institutional_flag"
"USS0021B10S",2004,7,0,0,NA,"D","S","noaa_institutional_flag"
"USS0021B60S",1999,8,0,0,NA,"D","S","noaa_institutional_flag"
"USS0021C10S",1998,6,7.6,7.6,NA,"D","S","noaa_institutional_flag"
"USS0021C28S",1990,7,0,0,NA,"D","S","noaa_institutional_flag"
"USS0021C38S",1981,1,10.2,10.2,NA,"D","S","noaa_institutional_flag"
"USS0021C38S",1984,9,25.4,25.4,NA,"D","S","noaa_institutional_flag"
"USS0021D01S",1988,6,2.5,2.5,NA,"D","S","noaa_institutional_flag"
"USS0021D01S",2008,6,0,0,NA,"D","S","noaa_institutional_flag"
"USS0021D04S",1989,8,0,0,NA,"D","S","noaa_institutional_flag"
"USS0021D12S",2000,9,0,0,NA,"D","S","noaa_institutional_flag"
"USS0021F10S",1982,4,0,0,NA,"D","S","noaa_institutional_flag"
"USS0021F10S",1985,9,0,0,NA,"D","S","noaa_institutional_flag"
"USS0021F21S",2010,9,0,0,NA,"D","S","noaa_institutional_flag"
"USS0021F22S",1986,4,7.6,7.6,NA,"D","S","noaa_institutional_flag"
"USS0021F22S",2006,6,7.6,7.6,NA,"D","S","noaa_institutional_flag"
"USS0021F22S",2020,6,2.5,2.5,NA,"D","S","noaa_institutional_flag"
"USS0021F22S",2021,5,0,0,NA,"D","S","noaa_institutional_flag"
"USS0022G12S",1990,8,5.1,5.1,NA,"D","S","noaa_institutional_flag"
"USS0022G33S",1982,4,0,0,NA,"D","S","noaa_institutional_flag"
"USS0023G15S",1982,5,180.3,180.3,NA,"D","S","noaa_institutional_flag"
"USS0023G15S",2003,6,12.5,12.5,NA,"D","S","noaa_institutional_flag"
"USS0035K02S",1991,3,12.7,12.7,NA,"D","S","noaa_institutional_flag"
"USS0045M07S",2004,6,5.1,5.1,NA,"D","S","noaa_institutional_flag"
"USS0045O10S",1995,10,2.5,2.5,NA,"D","S","noaa_institutional_flag"
"USS0045O10S",2013,1,5.1,5.1,NA,"D","S","noaa_institutional_flag"
"USS0045Q02S",2002,1,10.2,10.2,NA,"D","S","noaa_institutional_flag"
"USS0046Q02S",2008,12,2.5,2.5,NA,"D","S","noaa_institutional_flag"
"USS0047P03S",1997,12,0,0,NA,"D","S","noaa_institutional_flag"
"USS0047P03S",1998,5,0,0,NA,"D","S","noaa_institutional_flag"
"USS0047P03S",1999,1,0,0,NA,"D","S","noaa_institutional_flag"
"USS0047P03S",2006,5,0,0,NA,"D","S","noaa_institutional_flag"
"USS0049L10S",2017,4,0,0,NA,"D","S","noaa_institutional_flag"
"USS0050K05S",1991,7,50.8,50.8,NA,"D","S","noaa_institutional_flag"
"USS0050K05S",1993,5,0,0,NA,"D","S","noaa_institutional_flag"
"USS0050K05S",1993,7,0,0,NA,"D","S","noaa_institutional_flag"
"USS0050L02S",1993,7,0,0,NA,"D","S","noaa_institutional_flag"
"USS0050L02S",1994,5,2.5,2.5,NA,"D","S","noaa_institutional_flag"
"USW00003054",2005,11,3.6,3.6,NA,"D","S","noaa_institutional_flag"
"USW00003055",2004,12,17.1,17.1,NA,"D","S","noaa_institutional_flag"
"USW00003055",2005,7,65.1,65.1,NA,"D","S","noaa_institutional_flag"
"USW00003067",2021,7,134.8,134.8,NA,"D","S","noaa_institutional_flag"
"USW00003131",2015,7,62.6,62.6,NA,"D","O","noaa_institutional_flag"
"USW00003178",2001,6,1.8,1.8,NA,"D","S","noaa_institutional_flag"
"USW00003179",2023,8,68.9,68.9,NA,"D","O","noaa_institutional_flag"
"USW00003195",2012,12,0.8,0.8,NA,"D","S","noaa_institutional_flag"
"USW00003728",2003,11,43.6,43.6,NA,"D","S","noaa_institutional_flag"
"USW00003811",2024,12,0,0,NA,"D","S","noaa_institutional_flag"
"USW00003811",2025,1,0,0,NA,"D","S","noaa_institutional_flag"
"USW00003818",2005,7,0,NA,NA,"D","S","noaa_institutional_flag"
"USW00003841",2023,4,0,0,NA,"D","S","noaa_institutional_flag"
"USW00003853",2016,10,14,14,NA,"D","S","noaa_institutional_flag"
"USW00003855",2007,11,0,NA,NA,"D","T","noaa_institutional_flag"
"USW00003918",2013,7,1.8,1.8,NA,"D","S","noaa_institutional_flag"
"USW00003969",2016,11,0,0,NA,"D","T","noaa_institutional_flag"
"USW00003969",2016,8,0,0,NA,"D","S","noaa_institutional_flag"
"USW00003969",2016,9,0,0,NA,"D","T","noaa_institutional_flag"
"USW00003998",2001,7,9.7,9.7,NA,"D","S","noaa_institutional_flag"
"USW00003998",2014,7,0.3,0.3,NA,"D","S","noaa_institutional_flag"
"USW00003998",2020,10,0,0,NA,"D","S","noaa_institutional_flag"
"USW00003998",2020,9,0,0,NA,"D","S","noaa_institutional_flag"
"USW00003998",2021,1,0,0,NA,"D","S","noaa_institutional_flag"
"USW00003998",2021,3,0,0,NA,"D","S","noaa_institutional_flag"
"USW00003998",2023,1,0,0,NA,"D","S","noaa_institutional_flag"
"USW00004111",2014,2,0,NA,NA,"D","S","noaa_institutional_flag"
"USW00004111",2017,4,7.9,7.9,NA,"D","S","noaa_institutional_flag"
"USW00004111",2017,9,0,NA,NA,"D","S","noaa_institutional_flag"
"USW00004113",1999,1,0,NA,NA,"D","S","noaa_institutional_flag"
"USW00004113",1999,2,0,NA,NA,"D","S","noaa_institutional_flag"
"USW00004126",2005,2,23.4,23.4,NA,"D","S","noaa_institutional_flag"
"USW00004222",2003,10,7.8,7.8,NA,"D","S","noaa_institutional_flag"
"USW00004222",2003,6,2.4,2.4,NA,"D","S","noaa_institutional_flag"
"USW00004222",2004,6,43.2,43.2,NA,"D","S","noaa_institutional_flag"
"USW00004222",2004,7,18.7,18.7,NA,"D","S","noaa_institutional_flag"
"USW00004222",2004,8,20.6,20.6,NA,"D","S","noaa_institutional_flag"
"USW00004222",2004,9,11.4,11.4,NA,"D","S","noaa_institutional_flag"
"USW00004222",2005,7,26,26,NA,"D","S","noaa_institutional_flag"
"USW00004222",2005,8,22.5,22.5,NA,"D","S","noaa_institutional_flag"
"USW00004724",1969,10,0,NA,NA,"D","S","noaa_institutional_flag"
"USW00004803",2007,12,0,NA,NA,"D","S","noaa_institutional_flag"
"USW00004826",2000,12,1,1,NA,"D","S","noaa_institutional_flag"
"USW00004838",2002,7,0,NA,NA,"D","S","noaa_institutional_flag"
"USW00004838",2002,8,0,NA,NA,"D","S","noaa_institutional_flag"
"USW00004838",2015,2,0,NA,NA,"D","S","noaa_institutional_flag"
"USW00004838",2017,12,6.9,6.9,NA,"D","S","noaa_institutional_flag"
"USW00004845",2022,1,0,NA,NA,"D","S","noaa_institutional_flag"
"USW00004846",2006,8,0,NA,NA,"D","S","noaa_institutional_flag"
"USW00004847",2015,1,0.8,0.8,NA,"D","S","noaa_institutional_flag"
"USW00004847",2015,2,0.5,0.5,NA,"D","S","noaa_institutional_flag"
"USW00004847",2015,3,0.3,0.3,NA,"D","S","noaa_institutional_flag"
"USW00004849",2025,1,0,0,NA,"D","S","noaa_institutional_flag"
"USW00004852",2024,12,0,0,NA,"D","S","noaa_institutional_flag"
"USW00004852",2025,1,0,0,NA,"D","S","noaa_institutional_flag"
"USW00004853",2013,10,0,0,NA,"D","S","noaa_institutional_flag"
"USW00004853",2013,11,0,0,NA,"D","S","noaa_institutional_flag"
"USW00012832",2010,10,34.6,34.6,NA,"D","S","noaa_institutional_flag"
"USW00012835",2000,11,0,NA,NA,"D","S","noaa_institutional_flag"
"USW00012849",1945,11,0,0,NA,"D","S","noaa_institutional_flag"
"USW00012849",1946,6,0,0,NA,"D","S","noaa_institutional_flag"
"USW00012850",2007,2,0,0,NA,"D","S","noaa_institutional_flag"
"USW00012850",2008,7,2.3,2.3,NA,"D","S","noaa_institutional_flag"
"USW00012850",2008,8,23.9,23.9,NA,"D","S","noaa_institutional_flag"
"USW00012850",2009,5,0,NA,NA,"D","S","noaa_institutional_flag"
"USW00012850",2009,6,0,0,NA,"D","S","noaa_institutional_flag"
"USW00012850",2015,8,0,NA,NA,"D","S","noaa_institutional_flag"
"USW00012854",1945,12,25.4,25.4,NA,"D","S","noaa_institutional_flag"
"USW00012882",2019,12,0.3,0.3,NA,"D","S","noaa_institutional_flag"
"USW00012888",2007,12,0,NA,NA,"D","S","noaa_institutional_flag"
"USW00012926",2021,2,0,NA,NA,"D","S","noaa_institutional_flag"
"USW00012930",1955,2,1.5,1.5,NA,"D","S","noaa_institutional_flag"
"USW00012932",2019,4,10.2,10.2,NA,"D","S","noaa_institutional_flag"
"USW00012932",2021,11,0,NA,NA,"D","S","noaa_institutional_flag"
"USW00012932",2022,11,98,98,NA,"D","S","noaa_institutional_flag"
"USW00012932",2023,1,0,NA,NA,"D","S","noaa_institutional_flag"
"USW00012932",2023,3,0,NA,NA,"D","S","noaa_institutional_flag"
"USW00012944",2000,6,5.8,5.8,NA,"D","S","noaa_institutional_flag"
"USW00012944",2003,11,0,0,NA,"D","T","noaa_institutional_flag"
"USW00012946",2009,3,0,0,NA,"D","S","noaa_institutional_flag"
"USW00012946",2016,6,0,NA,NA,"D","S","noaa_institutional_flag"
"USW00012946",2020,4,14,14,NA,"D","S","noaa_institutional_flag"
"USW00012946",2021,6,0,0,NA,"D","S","noaa_institutional_flag"
"USW00012946",2021,7,0,0,NA,"D","S","noaa_institutional_flag"
"USW00012946",2021,8,0,0,NA,"D","S","noaa_institutional_flag"
"USW00012957",2020,9,0,0,NA,"D","S","noaa_institutional_flag"
"USW00012958",2009,9,0,NA,NA,"D","S","noaa_institutional_flag"
"USW00012968",2000,6,0,0,NA,"D","S","noaa_institutional_flag"
"USW00012968",2016,7,0,0,NA,"D","S","noaa_institutional_flag"
"USW00012968",2016,8,0,0,NA,"D","S","noaa_institutional_flag"
"USW00012968",2016,9,0,0,NA,"D","S","noaa_institutional_flag"
"USW00012968",2019,2,0,0,NA,"D","S","noaa_institutional_flag"
"USW00012968",2019,8,0,0,NA,"D","S","noaa_institutional_flag"
"USW00012968",2020,9,7.4,7.4,NA,"D","S","noaa_institutional_flag"
"USW00012971",2024,3,0,0,NA,"D","S","noaa_institutional_flag"
"USW00012972",2020,7,0,NA,NA,"D","S","noaa_institutional_flag"
"USW00012987",2004,7,47.1,47.1,NA,"D","S","noaa_institutional_flag"
"USW00012987",2005,4,5,5,NA,"D","S","noaa_institutional_flag"
"USW00012987",2006,11,27.9,27.9,NA,"D","S","noaa_institutional_flag"
"USW00013713",1958,7,165.7,165.7,NA,"D","S","noaa_institutional_flag"
"USW00013735",2017,11,0.5,0.5,NA,"D","S","noaa_institutional_flag"
"USW00013750",2020,1,0,NA,NA,"D","S","noaa_institutional_flag"
"USW00013766",2019,12,38.1,38.1,NA,"D","S","noaa_institutional_flag"
"USW00013766",2020,12,17.8,17.8,NA,"D","S","noaa_institutional_flag"
"USW00013769",2008,12,0,NA,NA,"D","S","noaa_institutional_flag"
"USW00013773",2010,7,0,0,NA,"D","S","noaa_institutional_flag"
"USW00013773",2010,8,3.3,3.3,NA,"D","S","noaa_institutional_flag"
"USW00013777",1996,1,0,0,NA,"D","S","noaa_institutional_flag"
"USW00013846",1968,11,1256.1,1256.1,NA,"D","O","noaa_institutional_flag"
"USW00013884",2007,8,0.3,0.3,NA,"D","S","noaa_institutional_flag"
"USW00013893",1996,7,251.3,146.1,72,"S",NA,"independent_source_mismatch"
"USW00013911",2003,9,0,NA,NA,"D","S","noaa_institutional_flag"
"USW00013935",2016,4,0,0,NA,"D","S","noaa_institutional_flag"
"USW00013977",1893,2,1.8,1.8,NA,"D","S","noaa_institutional_flag"
"USW00013988",2000,12,241.6,241.6,NA,"D","T","noaa_institutional_flag"
"USW00013988",2021,2,0.8,0.8,NA,"D","S","noaa_institutional_flag"
"USW00013992",1968,5,173.2,173.2,NA,"D","S","noaa_institutional_flag"
"USW00014611",1940,9,51.8,51.8,NA,"D","S","noaa_institutional_flag"
"USW00014611",2007,3,0,0,NA,"D","S","noaa_institutional_flag"
"USW00014702",2015,2,15.2,15.2,NA,"D","S","noaa_institutional_flag"
"USW00014743",2010,7,2.8,2.8,NA,"D","S","noaa_institutional_flag"
"USW00014775",2015,2,0.8,0.8,NA,"D","S","noaa_institutional_flag"
"USW00014804",2015,4,40.9,94.2,-56.6,"H","","independent_source_mismatch"
"USW00014804",1998,10,0,0,NA,"D","S","noaa_institutional_flag"
"USW00014804",1998,9,0,0,NA,"D","S","noaa_institutional_flag"
"USW00014804",2000,3,0,0,NA,"D","S","noaa_institutional_flag"
"USW00014804",2002,6,0,0,NA,"D","S","noaa_institutional_flag"
"USW00014804",2002,8,0,0,NA,"D","S","noaa_institutional_flag"
"USW00014804",2007,7,0,0,NA,"D","S","noaa_institutional_flag"
"USW00014804",2011,6,0,NA,NA,"D","S","noaa_institutional_flag"
"USW00014804",2012,10,59.6,56.8,NA,"D","S","noaa_institutional_flag"
"USW00014804",2012,5,0.5,0,NA,"D","S","noaa_institutional_flag"
"USW00014804",2012,6,0,0,NA,"D","S","noaa_institutional_flag"
"USW00014804",2013,4,10.2,8.9,NA,"D","S","noaa_institutional_flag"
"USW00014804",2013,6,0,0,NA,"D","S","noaa_institutional_flag"
"USW00014804",2014,1,0,0,NA,"D","S","noaa_institutional_flag"
"USW00014804",2014,10,0,0,NA,"D","S","noaa_institutional_flag"
"USW00014804",2014,11,11.5,9.7,NA,"D","S","noaa_institutional_flag"
"USW00014804",2014,5,4.3,4.3,NA,"D","S","noaa_institutional_flag"
"USW00014804",2014,6,0,0,NA,"D","S","noaa_institutional_flag"
"USW00014813",2024,9,0,0,NA,"D","S","noaa_institutional_flag"
"USW00014850",1896,12,0,NA,NA,"D","S","noaa_institutional_flag"
"USW00014858",2010,12,13,13,NA,"D","S","noaa_institutional_flag"
"USW00014858",2010,2,0.5,0.5,NA,"D","S","noaa_institutional_flag"
"USW00014921",2000,12,2,2,NA,"D","S","noaa_institutional_flag"
"USW00014924",1972,1,0,NA,NA,"D","S","noaa_institutional_flag"
"USW00014927",2001,4,4.8,4.8,NA,"D","S","noaa_institutional_flag"
"USW00014927",2001,5,0,0,NA,"D","S","noaa_institutional_flag"
"USW00014927",2001,6,0,0,NA,"D","S","noaa_institutional_flag"
"USW00014946",2001,2,1,1,NA,"D","S","noaa_institutional_flag"
"USW00014972",2018,2,1.3,1.3,NA,"D","S","noaa_institutional_flag"
"USW00022516",2004,11,0,NA,NA,"D","S","noaa_institutional_flag"
"USW00022519",2007,10,0,0,NA,"D","S","noaa_institutional_flag"
"USW00022519",2007,11,4.3,4.3,NA,"D","S","noaa_institutional_flag"
"USW00022519",2007,8,0,NA,NA,"D","S","noaa_institutional_flag"
"USW00022519",2008,3,1.1,1.1,NA,"D","S","noaa_institutional_flag"
"USW00022519",2008,8,0,NA,NA,"D","S","noaa_institutional_flag"
"USW00022519",2012,10,1.8,1.8,NA,"D","S","noaa_institutional_flag"
"USW00022519",2012,6,0.8,0.8,NA,"D","S","noaa_institutional_flag"
"USW00022519",2013,7,5.4,5.4,NA,"D","S","noaa_institutional_flag"
"USW00022519",2016,12,0.3,0.3,NA,"D","S","noaa_institutional_flag"
"USW00022519",2016,6,0,NA,NA,"D","S","noaa_institutional_flag"
"USW00022519",2017,2,0,NA,NA,"D","S","noaa_institutional_flag"
"USW00022521",2017,7,0.6,0.6,NA,"D","S","noaa_institutional_flag"
"USW00022521",2018,1,1.5,1.5,NA,"D","S","noaa_institutional_flag"
"USW00022521",2021,4,11.1,11.1,NA,"D","S","noaa_institutional_flag"
"USW00022521",2021,5,0.8,0.8,NA,"D","S","noaa_institutional_flag"
"USW00022521",2022,6,0.3,0.3,NA,"D","S","noaa_institutional_flag"
"USW00023058",2009,8,0,NA,NA,"D","S","noaa_institutional_flag"
"USW00023067",2007,9,0,NA,NA,"D","S","noaa_institutional_flag"
"USW00023130",2015,7,15.2,15.2,NA,"D","O","noaa_institutional_flag"
"USW00023130",2023,8,119.4,119.4,NA,"D","O","noaa_institutional_flag"
"USW00023152",2023,8,90.7,90.7,NA,"D","O","noaa_institutional_flag"
"USW00023177",1962,3,5.6,5.6,NA,"D","S","noaa_institutional_flag"
"USW00023177",2004,2,0,0,NA,"D","S","noaa_institutional_flag"
"USW00023190",1999,10,1.5,1.5,NA,"D","S","noaa_institutional_flag"
"USW00023190",2000,7,1.5,1.5,NA,"D","S","noaa_institutional_flag"
"USW00023190",2000,8,1.8,1.8,NA,"D","S","noaa_institutional_flag"
"USW00023191",2003,9,2,2,NA,"D","S","noaa_institutional_flag"
"USW00023191",2005,8,2.3,2.3,NA,"D","S","noaa_institutional_flag"
"USW00023191",2006,5,32,32,NA,"D","S","noaa_institutional_flag"
"USW00023191",2007,6,3.6,3.6,NA,"D","S","noaa_institutional_flag"
"USW00023191",2008,6,2,2,NA,"D","S","noaa_institutional_flag"
"USW00023191",2009,5,11.6,11.6,NA,"D","S","noaa_institutional_flag"
"USW00023191",2009,8,2.4,2.4,NA,"D","S","noaa_institutional_flag"
"USW00023191",2010,6,8.9,8.9,NA,"D","S","noaa_institutional_flag"
"USW00023191",2013,8,1.7,1.7,NA,"D","S","noaa_institutional_flag"
"USW00023191",2023,8,2.1,104.7,NA,"D","O","noaa_institutional_flag"
"USW00023194",2003,9,2,2,NA,"D","S","noaa_institutional_flag"
"USW00023257",2005,12,14,14,NA,"D","S","noaa_institutional_flag"
"USW00024017",2006,3,0,NA,NA,"D","S","noaa_institutional_flag"
"USW00024027",2023,1,0.6,0.6,NA,"D","S","noaa_institutional_flag"
"USW00024088",2009,10,0,0,NA,"D","S","noaa_institutional_flag"
"USW00024088",2010,12,0,0,NA,"D","S","noaa_institutional_flag"
"USW00024088",2010,4,6.9,6.9,NA,"D","S","noaa_institutional_flag"
"USW00024106",2018,12,0,NA,NA,"D","S","noaa_institutional_flag"
"USW00024106",2022,11,0,NA,NA,"D","S","noaa_institutional_flag"
"USW00024112",2009,12,0.3,0.3,NA,"D","S","noaa_institutional_flag"
"USW00024112",2011,2,0,NA,NA,"D","S","noaa_institutional_flag"
"USW00024119",1982,1,0.5,0.5,NA,"D","S","noaa_institutional_flag"
"USW00024128",1918,7,7,7,NA,"D","S","noaa_institutional_flag"
"USW00024130",2018,11,0,NA,NA,"D","S","noaa_institutional_flag"
"USW00024130",2022,2,0.3,0.3,NA,"D","S","noaa_institutional_flag"
"USW00024151",2017,12,15.5,15.5,NA,"D","S","noaa_institutional_flag"
"USW00024158",1986,2,27.6,27.6,NA,"D","S","noaa_institutional_flag"
"USW00024159",1931,3,0,NA,NA,"D","S","noaa_institutional_flag"
"USW00024159",1931,4,0,NA,NA,"D","S","noaa_institutional_flag"
"USW00024159",1943,3,0.3,0.3,NA,"D","S","noaa_institutional_flag"
"USW00024164",2009,12,0,NA,NA,"D","S","noaa_institutional_flag"
"USW00024164",2012,12,1,1,NA,"D","S","noaa_institutional_flag"
"USW00024164",2017,12,1.8,1.8,NA,"D","S","noaa_institutional_flag"
"USW00024164",2018,11,2,2,NA,"D","S","noaa_institutional_flag"
"USW00024164",2020,2,1.3,1.3,NA,"D","S","noaa_institutional_flag"
"USW00024164",2021,2,0.3,0.3,NA,"D","S","noaa_institutional_flag"
"USW00024193",1998,1,1.5,1.5,NA,"D","S","noaa_institutional_flag"
"USW00024193",2008,11,0,0,NA,"D","S","noaa_institutional_flag"
"USW00024220",2016,12,1,1,NA,"D","S","noaa_institutional_flag"
"USW00024234",2013,8,11.7,11.7,NA,"D","S","noaa_institutional_flag"
"USW00024237",2013,12,8.5,8.5,NA,"D","S","noaa_institutional_flag"
"USW00024259",2024,10,0,NA,NA,"D","S","noaa_institutional_flag"
"USW00024259",2025,1,0,NA,NA,"D","S","noaa_institutional_flag"
"USW00024283",2008,9,5,5,NA,"D","S","noaa_institutional_flag"
"USW00024285",1905,8,17.1,17.1,NA,"D","S","noaa_institutional_flag"
"USW00024285",1931,6,0,0,NA,"D","S","noaa_institutional_flag"
"USW00025331",1998,12,0,NA,NA,"D","S","noaa_institutional_flag"
"USW00025331",2011,2,0,NA,NA,"D","S","noaa_institutional_flag"
"USW00025516",1998,10,0,NA,NA,"D","S","noaa_institutional_flag"
"USW00025516",1998,11,0,NA,NA,"D","S","noaa_institutional_flag"
"USW00025516",1998,12,0,NA,NA,"D","S","noaa_institutional_flag"
"USW00025516",1998,9,12.2,12.2,NA,"D","S","noaa_institutional_flag"
"USW00025516",1999,1,0,NA,NA,"D","S","noaa_institutional_flag"
"USW00025516",1999,2,0,NA,NA,"D","S","noaa_institutional_flag"
"USW00025516",1999,3,0,NA,NA,"D","S","noaa_institutional_flag"
"USW00026409",1938,7,12.7,12.7,NA,"D","S","noaa_institutional_flag"
"USW00026409",1998,12,0,NA,NA,"D","S","noaa_institutional_flag"
"USW00026409",2017,2,3.6,3.6,NA,"D","S","noaa_institutional_flag"
"USW00026409",2020,2,0,NA,NA,"D","S","noaa_institutional_flag"
"USW00026409",2020,3,0,NA,NA,"D","S","noaa_institutional_flag"
"USW00026409",2024,12,0,NA,NA,"D","S","noaa_institutional_flag"
"USW00026409",2025,1,0,NA,NA,"D","S","noaa_institutional_flag"
"USW00026425",2001,2,0,NA,NA,"D","S","noaa_institutional_flag"
"USW00026491",2002,11,1.5,1.5,NA,"D","S","noaa_institutional_flag"
"USW00026491",2002,2,0,NA,NA,"D","S","noaa_institutional_flag"
"USW00026491",2011,11,0,NA,NA,"D","S","noaa_institutional_flag"
"USW00026492",2020,1,0,NA,NA,"D","S","noaa_institutional_flag"
"USW00026494",2003,5,12.9,12.9,NA,"D","S","noaa_institutional_flag"
"USW00026514",1985,4,9.1,9.1,NA,"D","S","noaa_institutional_flag"
"USW00026528",2001,12,0.5,0.5,NA,"D","S","noaa_institutional_flag"
"USW00053120",2005,12,9.9,9.9,NA,"D","S","noaa_institutional_flag"
"USW00053120",2005,9,4.3,4.3,NA,"D","S","noaa_institutional_flag"
"USW00053120",2006,7,9.4,9.4,NA,"D","S","noaa_institutional_flag"
"USW00053120",2006,8,4.9,4.9,NA,"D","S","noaa_institutional_flag"
"USW00053120",2006,9,6,6,NA,"D","S","noaa_institutional_flag"
"USW00053131",2002,11,18.2,18.2,NA,"D","S","noaa_institutional_flag"
"USW00053131",2003,1,3.6,3.6,NA,"D","S","noaa_institutional_flag"
"USW00053131",2003,11,30.9,30.9,NA,"D","S","noaa_institutional_flag"
"USW00053131",2003,12,15.6,15.6,NA,"D","S","noaa_institutional_flag"
"USW00053131",2003,6,4.8,4.8,NA,"D","S","noaa_institutional_flag"
"USW00053131",2004,10,51,51,NA,"D","S","noaa_institutional_flag"
"USW00053131",2004,11,56,56,NA,"D","S","noaa_institutional_flag"
"USW00053131",2004,12,64.4,64.4,NA,"D","S","noaa_institutional_flag"
"USW00053131",2004,2,26.6,26.6,NA,"D","S","noaa_institutional_flag"
"USW00053131",2004,3,36.3,36.3,NA,"D","S","noaa_institutional_flag"
"USW00053131",2004,5,25.7,25.7,NA,"D","S","noaa_institutional_flag"
"USW00053131",2004,6,28.6,28.6,NA,"D","S","noaa_institutional_flag"
"USW00053131",2004,9,65.4,65.4,NA,"D","S","noaa_institutional_flag"
"USW00053131",2005,10,43,43,NA,"D","S","noaa_institutional_flag"
"USW00053131",2005,11,17.5,17.5,NA,"D","S","noaa_institutional_flag"
"USW00053131",2005,12,7.2,7.2,NA,"D","S","noaa_institutional_flag"
"USW00053131",2005,6,6.7,6.7,NA,"D","S","noaa_institutional_flag"
"USW00053131",2005,9,50.8,50.8,NA,"D","S","noaa_institutional_flag"
"USW00053131",2006,1,7.8,7.8,NA,"D","S","noaa_institutional_flag"
"USW00053131",2006,2,10,10,NA,"D","S","noaa_institutional_flag"
"USW00053132",2004,5,17,17,NA,"D","S","noaa_institutional_flag"
"USW00053132",2004,6,18,18,NA,"D","S","noaa_institutional_flag"
"USW00053132",2005,11,3.1,3.1,NA,"D","S","noaa_institutional_flag"
"USW00053136",2004,11,17,17,NA,"D","S","noaa_institutional_flag"
"USW00053136",2005,5,19.5,19.5,NA,"D","S","noaa_institutional_flag"
"USW00053138",2005,7,15.4,15.4,NA,"D","S","noaa_institutional_flag"
"USW00053138",2005,9,25.9,25.9,NA,"D","S","noaa_institutional_flag"
"USW00053139",2004,11,23.2,23.2,NA,"D","S","noaa_institutional_flag"
"USW00053139",2004,12,30.4,30.4,NA,"D","S","noaa_institutional_flag"
"USW00053139",2004,6,4.3,4.3,NA,"D","S","noaa_institutional_flag"
"USW00053139",2005,4,13.8,13.8,NA,"D","S","noaa_institutional_flag"
"USW00053139",2005,5,5.6,5.6,NA,"D","S","noaa_institutional_flag"
"USW00053853",1999,9,0.3,0.3,NA,"D","S","noaa_institutional_flag"
"USW00053873",2023,5,0,NA,NA,"D","S","noaa_institutional_flag"
"USW00053873",2023,6,0,0,NA,"D","S","noaa_institutional_flag"
"USW00053873",2023,7,0,0,NA,"D","S","noaa_institutional_flag"
"USW00054704",2015,2,0,NA,NA,"D","S","noaa_institutional_flag"
"USW00054728",2009,1,0.6,0.6,NA,"D","S","noaa_institutional_flag"
"USW00054756",2014,6,0,0,NA,"D","S","noaa_institutional_flag"
"USW00054769",2021,8,0.5,0.5,NA,"D","S","noaa_institutional_flag"
"USW00054771",2016,1,17.5,17.5,NA,"D","S","noaa_institutional_flag"
"USW00054778",2006,11,0,NA,NA,"D","S","noaa_institutional_flag"
"USW00054778",2006,12,0,NA,NA,"D","S","noaa_institutional_flag"
"USW00054778",2007,1,0,NA,NA,"D","S","noaa_institutional_flag"
"USW00054778",2007,10,0,NA,NA,"D","S","noaa_institutional_flag"
"USW00054778",2007,12,0,NA,NA,"D","S","noaa_institutional_flag"
"USW00054778",2007,2,0,NA,NA,"D","S","noaa_institutional_flag"
"USW00054778",2007,3,0,NA,NA,"D","S","noaa_institutional_flag"
"USW00054778",2007,4,0,NA,NA,"D","S","noaa_institutional_flag"
"USW00054778",2007,7,0,NA,NA,"D","S","noaa_institutional_flag"
"USW00054778",2007,8,0,NA,NA,"D","S","noaa_institutional_flag"
"USW00054778",2007,9,0,NA,NA,"D","S","noaa_institutional_flag"
"USW00054778",2008,1,0,NA,NA,"D","S","noaa_institutional_flag"
"USW00054778",2016,12,1.3,1.3,NA,"D","S","noaa_institutional_flag"
"USW00054780",2001,11,0,0,NA,"D","S","noaa_institutional_flag"
"USW00054780",2001,12,0.3,0.3,NA,"D","S","noaa_institutional_flag"
"USW00054780",2002,1,0.5,0.5,NA,"D","S","noaa_institutional_flag"
"USW00054788",2019,7,11.9,11.9,NA,"D","S","noaa_institutional_flag"
"USW00054792",2017,2,0,0,NA,"D","S","noaa_institutional_flag"
"USW00054792",2017,3,33.8,33.8,NA,"D","S","noaa_institutional_flag"
"USW00063831",2004,9,107.9,107.9,NA,"D","S","noaa_institutional_flag"
"USW00063857",2005,10,22.1,22.1,NA,"D","S","noaa_institutional_flag"
"USW00063857",2005,9,63.4,63.4,NA,"D","S","noaa_institutional_flag"
"USW00063898",2024,10,30.2,30.2,NA,"D","S","noaa_institutional_flag"
"USW00092805",2007,5,2.8,2.8,NA,"D","S","noaa_institutional_flag"
"USW00092809",2020,9,0,NA,NA,"D","S","noaa_institutional_flag"
"USW00093009",1999,6,0,0,NA,"D","S","noaa_institutional_flag"
"USW00093013",2000,8,1,1,NA,"D","S","noaa_institutional_flag"
"USW00093026",2015,9,0,NA,NA,"D","S","noaa_institutional_flag"
"USW00093027",2000,8,0,NA,NA,"D","S","noaa_institutional_flag"
"USW00093044",2018,9,16.5,16.5,NA,"D","S","noaa_institutional_flag"
"USW00093084",2010,2,0,0,NA,"D","S","noaa_institutional_flag"
"USW00093110",1998,8,1.8,1.8,NA,"D","S","noaa_institutional_flag"
"USW00093110",1999,8,1.8,1.8,NA,"D","S","noaa_institutional_flag"
"USW00093115",1945,12,0,NA,NA,"D","T","noaa_institutional_flag"
"USW00093115",1946,3,0,NA,NA,"D","S","noaa_institutional_flag"
"USW00093184",1999,7,19.8,19.8,NA,"D","S","noaa_institutional_flag"
"USW00093197",2002,7,48.8,48.8,NA,"D","O","noaa_institutional_flag"
"USW00093205",2021,10,2.3,2.3,NA,"D","S","noaa_institutional_flag"
"USW00093206",2015,7,33.5,33.5,NA,"D","O","noaa_institutional_flag"
"USW00093241",2020,3,0.5,0.5,NA,"D","S","noaa_institutional_flag"
"USW00093727",2007,8,0.3,0.3,NA,"D","S","noaa_institutional_flag"
"USW00093740",2009,7,7.1,7.1,NA,"D","S","noaa_institutional_flag"
"USW00093759",2000,10,4.2,4.2,NA,"D","S","noaa_institutional_flag"
"USW00093759",2003,8,0.8,0.8,NA,"D","S","noaa_institutional_flag"
"USW00093759",2003,9,0.5,0.5,NA,"D","S","noaa_institutional_flag"
"USW00093785",2000,10,9.4,9.4,NA,"D","S","noaa_institutional_flag"
"USW00093785",2014,6,2.3,2.3,NA,"D","S","noaa_institutional_flag"
"USW00093786",2010,10,0.8,0.8,NA,"D","S","noaa_institutional_flag"
"USW00093807",1906,1,0,0,NA,"D","S","noaa_institutional_flag"
"USW00093807",1914,3,1.3,1.3,NA,"D","S","noaa_institutional_flag"
"USW00093831",2012,10,0,NA,NA,"D","S","noaa_institutional_flag"
"USW00093831",2020,12,0,NA,NA,"D","S","noaa_institutional_flag"
"USW00093831",2020,3,6.1,6.1,NA,"D","S","noaa_institutional_flag"
"USW00093845",2013,5,0,NA,NA,"D","S","noaa_institutional_flag"
"USW00094010",2015,1,0,NA,NA,"D","S","noaa_institutional_flag"
"USW00094015",1999,5,19.1,19.1,NA,"D","S","noaa_institutional_flag"
"USW00094051",1998,6,0,0,NA,"D","S","noaa_institutional_flag"
"USW00094053",2022,9,0,NA,NA,"D","S","noaa_institutional_flag"
"USW00094054",2025,1,0,NA,NA,"D","S","noaa_institutional_flag"
"USW00094059",2004,2,320.1,320.1,NA,"D","S","noaa_institutional_flag"
"USW00094060",2004,11,26.9,26.9,NA,"D","S","noaa_institutional_flag"
"USW00094060",2005,1,43.9,43.9,NA,"D","S","noaa_institutional_flag"
"USW00094060",2005,2,20.8,20.8,NA,"D","S","noaa_institutional_flag"
"USW00094060",2005,4,24.8,24.8,NA,"D","S","noaa_institutional_flag"
"USW00094074",2003,12,12.5,12.5,NA,"D","S","noaa_institutional_flag"
"USW00094074",2004,1,14.9,14.9,NA,"D","S","noaa_institutional_flag"
"USW00094074",2004,3,5.2,5.2,NA,"D","S","noaa_institutional_flag"
"USW00094077",2005,2,6.6,6.6,NA,"D","S","noaa_institutional_flag"
"USW00094077",2023,12,11.7,11.7,NA,"D","S","noaa_institutional_flag"
"USW00094077",2024,3,49.8,49.8,NA,"D","S","noaa_institutional_flag"
"USW00094078",2006,6,20.5,20.5,NA,"D","S","noaa_institutional_flag"
"USW00094078",2006,7,25.8,25.8,NA,"D","S","noaa_institutional_flag"
"USW00094082",2005,7,5.6,5.6,NA,"D","S","noaa_institutional_flag"
"USW00094107",2001,11,0,0,NA,"D","S","noaa_institutional_flag"
"USW00094107",2001,12,0,0,NA,"D","S","noaa_institutional_flag"
"USW00094107",2002,1,0,0,NA,"D","S","noaa_institutional_flag"
"USW00094173",2008,2,0,0,NA,"D","S","noaa_institutional_flag"
"USW00094173",2008,3,0,0,NA,"D","S","noaa_institutional_flag"
"USW00094178",1999,12,2.8,2.8,NA,"D","S","noaa_institutional_flag"
"USW00094248",2011,12,1.3,1.3,NA,"D","S","noaa_institutional_flag"
"USW00094274",2013,10,0,NA,NA,"D","S","noaa_institutional_flag"
"USW00094276",2015,4,0,NA,NA,"D","S","noaa_institutional_flag"
"USW00094276",2015,8,0,NA,NA,"D","S","noaa_institutional_flag"
"USW00094276",2015,9,3.8,3.8,NA,"D","S","noaa_institutional_flag"
"USW00094626",2000,7,0.3,0.3,NA,"D","S","noaa_institutional_flag"
"USW00094704",2015,2,2.3,2.3,NA,"D","S","noaa_institutional_flag"
"USW00094705",2003,1,7.1,7.1,NA,"D","S","noaa_institutional_flag"
"USW00094725",2001,1,0,NA,NA,"D","S","noaa_institutional_flag"
"USW00094817",2017,12,10.2,10.2,NA,"D","S","noaa_institutional_flag"
"USW00094889",2020,6,4.1,4.1,NA,"D","S","noaa_institutional_flag"
"USW00094893",2017,12,20,20,NA,"D","S","noaa_institutional_flag"
"USW00094893",2018,11,18.8,18.8,NA,"D","S","noaa_institutional_flag"
"USW00094893",2022,1,0.5,0.5,NA,"D","S","noaa_institutional_flag"
"USW00094893",2025,1,0,NA,NA,"D","S","noaa_institutional_flag"
"USW00094898",2002,7,0.3,0.3,NA,"D","T","noaa_institutional_flag"
"USW00094898",2002,8,0,0,NA,"D","S","noaa_institutional_flag"
"USW00094899",2000,1,0.8,0.8,NA,"D","S","noaa_institutional_flag"
"USW00094911",2017,12,0,NA,NA,"D","S","noaa_institutional_flag"
"USW00094911",2021,2,0,NA,NA,"D","S","noaa_institutional_flag"
"USW00094929",2003,1,0,NA,NA,"D","S","noaa_institutional_flag"
"USW00094929",2011,1,0.5,0.5,NA,"D","S","noaa_institutional_flag"
"USW00094929",2012,11,0,NA,NA,"D","S","noaa_institutional_flag"
"USW00094929",2013,2,0.8,0.8,NA,"D","S","noaa_institutional_flag"
"USW00094929",2013,3,0,NA,NA,"D","S","noaa_institutional_flag"
"USW00094929",2016,4,0,0,NA,"D","S","noaa_institutional_flag"
"USW00094929",2022,1,1.5,1.5,NA,"D","S","noaa_institutional_flag"
"USW00094929",2022,2,0.8,0.8,NA,"D","S","noaa_institutional_flag"
"USW00094931",2025,1,0,NA,NA,"D","S","noaa_institutional_flag"
"USW00094938",2000,12,0,NA,NA,"D","S","noaa_institutional_flag"
"USW00094938",2013,12,1.8,1.8,NA,"D","S","noaa_institutional_flag"
"USW00094960",2000,2,0,NA,NA,"D","S","noaa_institutional_flag"
"USW00094961",2000,12,0,NA,NA,"D","S","noaa_institutional_flag"
"USW00094961",2002,3,0,NA,NA,"D","S","noaa_institutional_flag"
"USW00094961",2021,9,0,0,NA,"D","S","noaa_institutional_flag"
"USW00094973",2000,12,0,NA,NA,"D","S","noaa_institutional_flag"
"USW00094973",2010,2,0.3,0.3,NA,"D","S","noaa_institutional_flag"
"USW00094985",2006,2,0,NA,NA,"D","S","noaa_institutional_flag"
"USW00094985",2010,2,0,NA,NA,"D","S","noaa_institutional_flag"
"USW00094992",1999,8,0,0,NA,"D","S","noaa_institutional_flag"
"USW00094992",2002,8,0.6,0.6,NA,"D","T","noaa_institutional_flag"
"USW00094993",2000,12,1.5,1.5,NA,"D","S","noaa_institutional_flag"
"VQC00672440",1974,2,0,0,NA,"D","S","noaa_institutional_flag"
"VQC00672440",1974,7,54.6,54.6,NA,"D","S","noaa_institutional_flag"
"VQC00677600",2001,11,29.2,29.2,NA,"D","S","noaa_institutional_flag"
"VQC00677600",2002,1,0,0,NA,"D","S","noaa_institutional_flag"
"VQW00011640",2008,3,0.3,0.3,NA,"D","S","noaa_institutional_flag"
