"station_id","year","value"
"GOLD01",1,40.7557
"GOLD01",2,71.1964
"GOLD01",3,42.1076
"GOLD01",4,37.1945
"GOLD01",5,27.0018
"GOLD01",6,54.9014
"GOLD01",7,37.32
"GOLD01",8,18.8123
"GOLD01",9,20.3914
"GOLD01",10,26.8172
"GOLD01",11,31.4769
"GOLD01",12,51.0521
"GOLD01",13,36.956
"GOLD01",14,49.5085
"GOLD01",15,23.4259
"GOLD01",16,62.6333
"GOLD01",17,49.8157
"GOLD01",18,24.3116
"GOLD01",19,40.1176
"GOLD01",20,44.6457
"GOLD01",21,37.3019
"GOLD01",22,44.8946
"GOLD01",23,46.3721
"GOLD01",24,25.0327
"GOLD01",25,33.9854
"GOLD01",26,31.1911
"GOLD01",27,40.6947
"GOLD01",28,76.9688
"GOLD01",29,40.7292
"GOLD01",30,37.5309
"GOLD01",31,58.6186
"GOLD01",32,41.4367
"GOLD01",33,54.2989
"GOLD01",34,30.0042
"GOLD01",35,28.9856
"GOLD01",36,40.4174
"GOLD01",37,33.5932
"GOLD01",38,46.6531
"GOLD01",39,33.4924
"GOLD01",40,48.9534
"GOLD01",41,59.0564
"GOLD01",42,84.0381
"GOLD01",43,39.6715
"GOLD01",44,18.9757
"GOLD01",45,31.9019
"GOLD01",46,38.7279
"GOLD01",47,37.3344
"GOLD01",48,24.7872
"GOLD01",49,43.2553
"GOLD01",50,44.425
"GOLD01",51,49.2901
"GOLD01",52,66.0552
"GOLD01",53,28.1483
"GOLD01",54,30.7611
"GOLD01",55,47.7048
"GOLD01",56,21.7144
"GOLD01",57,42.7854
"GOLD01",58,50.1291
"GOLD01",59,42.4317
"GOLD01",60,66.1522
"GOLD01",61,55.3506
"GOLD01",62,43.862
"GOLD01",63,28.0998
"GOLD01",64,25.1098
"GOLD01",65,49.7875
"GOLD01",66,37.5434
"GOLD01",67,43.695
"GOLD01",68,29.0219
"GOLD01",69,41.157
"GOLD01",70,26.9001
"GOLD01",71,70.3593
"GOLD01",72,91.4726
"GOLD01",73,36.7802
"GOLD01",74,61.1768
"GOLD01",75,33.2862
"GOLD01",76,51.1565
"GOLD01",77,38.7146
"GOLD01",78,48.9976
"GOLD01",79,32.7429
"GOLD01",80,28.7961
"GOLD01",81,48.3243
"GOLD01",82,43.2469
"GOLD01",83,34.9298
"GOLD01",84,52.6947
"GOLD01",85,40.1529
"GOLD01",86,45.8954
"GOLD01",87,39.9091
"GOLD01",88,53.1345
"GOLD01",89,50.2077
"GOLD01",90,33.5111
"GOLD01",91,36.658
"GOLD01",92,97.9566
"GOLD01",93,27.7649
"GOLD01",94,51.7086
"GOLD01",95,33.9304
"GOLD01",96,74.3088
"GOLD01",97,28.1952
"GOLD01",98,46.3343
"GOLD01",99,31.5697
"GOLD01",100,33.474
"GOLD01",101,46.415
"GOLD01",102,44.1645
"GOLD01",103,61.3343
"GOLD01",104,48.9727
"GOLD01",105,51.3085
"GOLD01",106,27.5612
"GOLD01",107,34.3184
"GOLD01",108,28.4355
"GOLD01",109,30.2335
"GOLD01",110,74.9523
"GOLD01",111,50.0517
"GOLD01",112,32.6236
"GOLD01",113,64.7299
"GOLD01",114,27.43
"GOLD01",115,27.2199
"GOLD01",116,46.5888
"GOLD01",117,56.574
"GOLD01",118,31.5237
"GOLD01",119,31.6402
"GOLD01",120,84.52
"GOLD01",121,18.425
"GOLD01",122,30.6431
"GOLD01",123,49.149
"GOLD01",124,29.7968
"GOLD01",125,35.6708
"GOLD01",126,39.6934
"GOLD01",127,57.3475
"GOLD01",128,26.1031
"GOLD01",129,37.2857
"GOLD01",130,42.4508
"GOLD01",131,47.2117
"GOLD01",132,24.9089
"GOLD01",133,23.7837
"GOLD01",134,38.6196
"GOLD01",135,41.9657
"GOLD01",136,31.2317
"GOLD01",137,43.7804
"GOLD01",138,33.4363
"GOLD01",139,30.2765
"GOLD01",140,65.1343
"GOLD01",141,34.8985
"GOLD01",142,32.0708
"GOLD01",143,37.9489
"GOLD01",144,41.0098
"GOLD01",145,27.651
"GOLD01",146,25.57
"GOLD01",147,25.4922
"GOLD01",148,24.9137
"GOLD01",149,37.9385
"GOLD01",150,57.8193
"GOLD01",151,44.4275
"GOLD01",152,59.1635
"GOLD01",153,35.0606
"GOLD01",154,35.9443
"GOLD01",155,40.0201
"GOLD01",156,31.5232
"GOLD01",157,39.1377
"GOLD01",158,36.2738
"GOLD01",159,43.829
"GOLD01",160,45.6263
"GOLD01",161,37.3844
"GOLD01",162,85.3772
"GOLD01",163,60.9037
"GOLD01",164,36.079
"GOLD01",165,33.5166
"GOLD01",166,64.8323
"GOLD01",167,66.1528
"GOLD01",168,59.2158
"GOLD01",169,48.3001
"GOLD01",170,41.0241
"GOLD01",171,42.9383
"GOLD01",172,64.4615
"GOLD01",173,37.937
"GOLD01",174,32.3326
"GOLD01",175,48.6842
"GOLD01",176,26.0841
"GOLD01",177,70.379
"GOLD01",178,21.6396
"GOLD01",179,30.2414
"GOLD01",180,55.5167
"GOLD01",181,52.6266
"GOLD01",182,20.1111
"GOLD01",183,28.0574
"GOLD01",184,25.8143
"GOLD01",185,36.2509
"GOLD01",186,67.5115
"GOLD01",187,51.0581
"GOLD01",188,50.0458
"GOLD01",189,60.5456
"GOLD01",190,43.985
"GOLD01",191,24.5001
"GOLD01",192,25.8963
"GOLD01",193,48.8701
"GOLD01",194,106.6664
"GOLD01",195,43.5868
"GOLD01",196,26.911
"GOLD01",197,31.8226
"GOLD01",198,27.1931
"GOLD01",199,103.5373
"GOLD01",200,46.2826
"GOLD02",1,34.7009
"GOLD02",2,39.4305
"GOLD02",3,21.9224
"GOLD02",4,33.1275
"GOLD02",5,55.088
"GOLD02",6,26.8755
"GOLD02",7,49.9537
"GOLD02",8,25.7515
"GOLD02",9,20.8963
"GOLD02",10,31.4568
"GOLD02",11,35.21
"GOLD02",12,24.3303
"GOLD02",13,50.2786
"GOLD02",14,38.002
"GOLD02",15,38.3833
"GOLD02",16,45.3265
"GOLD02",17,52.7899
"GOLD02",18,24.0254
"GOLD02",19,33.1422
"GOLD02",20,50.6565
"GOLD02",21,31.6658
"GOLD02",22,51.5327
"GOLD02",23,29.7106
"GOLD02",24,39.554
"GOLD02",25,20.4379
"GOLD02",26,23.5624
"GOLD02",27,41.0397
"GOLD02",28,45.4574
"GOLD02",29,43.0994
"GOLD02",30,40.3002
"GOLD02",31,44.1238
"GOLD02",32,29.5592
"GOLD02",33,30.3495
"GOLD02",34,36.5181
"GOLD02",35,33.2337
"GOLD02",36,34.922
"GOLD02",37,35.7939
"GOLD02",38,70.885
"GOLD02",39,29.9224
"GOLD02",40,33.9292
"GOLD02",41,57.5749
"GOLD02",42,38.6469
"GOLD02",43,40.5857
"GOLD02",44,30.9401
"GOLD02",45,56.1124
"GOLD02",46,32.4815
"GOLD02",47,43.8945
"GOLD02",48,41.7807
"GOLD02",49,34.995
"GOLD02",50,35.0197
"GOLD02",51,73.312
"GOLD02",52,32.5394
"GOLD02",53,20.4844
"GOLD02",54,28.0265
"GOLD02",55,30.126
"GOLD02",56,34.6017
"GOLD02",57,54.244
"GOLD02",58,46.8362
"GOLD02",59,43.9781
"GOLD02",60,26.139
"GOLD02",61,23.9444
"GOLD02",62,72.8698
"GOLD02",63,46.4865
"GOLD02",64,37.5214
"GOLD02",65,57.4034
"GOLD02",66,40.3623
"GOLD02",67,44.8228
"GOLD02",68,61.3231
"GOLD02",69,53.2907
"GOLD02",70,38.2513
"GOLD02",71,42.0592
"GOLD02",72,50.1917
"GOLD02",73,67.6406
"GOLD02",74,23.0407
"GOLD02",75,47.722
"GOLD02",76,44.4004
"GOLD02",77,41.9019
"GOLD02",78,100.711
"GOLD02",79,42.4034
"GOLD02",80,43.1989
"GOLD02",81,46.3748
"GOLD02",82,40.5674
"GOLD02",83,40.2272
"GOLD02",84,22.356
"GOLD02",85,49.6717
"GOLD02",86,28.675
"GOLD02",87,28.2752
"GOLD02",88,37.2176
"GOLD02",89,30.5094
"GOLD02",90,33.3012
"GOLD02",91,45.8825
"GOLD02",92,56.3145
"GOLD02",93,30.8365
"GOLD02",94,50.0242
"GOLD02",95,40.0987
"GOLD02",96,38.7559
"GOLD02",97,49.5179
"GOLD02",98,64.0169
"GOLD02",99,41.8761
"GOLD02",100,42.7986
"GOLD02",101,35.8713
"GOLD02",102,35.807
"GOLD02",103,79.3864
"GOLD02",104,32.3393
"GOLD02",105,36.5303
"GOLD02",106,45.3797
"GOLD02",107,51.2599
"GOLD02",108,32.3104
"GOLD02",109,44.1141
"GOLD02",110,49.5027
"GOLD02",111,55.2565
"GOLD02",112,41.7497
"GOLD02",113,28.91
"GOLD02",114,60.4256
"GOLD02",115,22.1484
"GOLD02",116,49.7134
"GOLD02",117,54.7196
"GOLD02",118,50.6791
"GOLD02",119,28.2646
"GOLD02",120,32.9171
"GOLD02",121,29.2408
"GOLD02",122,32.8851
"GOLD02",123,34.354
"GOLD02",124,37.9708
"GOLD02",125,26.8363
"GOLD02",126,24.7629
"GOLD02",127,37.0372
"GOLD02",128,31.1358
"GOLD02",129,30.1692
"GOLD02",130,40.9527
"GOLD02",131,27.9701
"GOLD02",132,54.7795
"GOLD02",133,30.3631
"GOLD02",134,50.3165
"GOLD02",135,24.9042
"GOLD02",136,39.122
"GOLD02",137,45.8648
"GOLD02",138,22.8013
"GOLD02",139,21.5761
"GOLD02",140,47.0405
"GOLD02",141,48.6567
"GOLD02",142,39.0184
"GOLD02",143,34.5639
"GOLD02",144,36.8901
"GOLD02",145,26.7076
"GOLD02",146,53.4167
"GOLD02",147,31.2141
"GOLD02",148,29.1114
"GOLD02",149,30.7595
"GOLD02",150,34.5917
"GOLD02",151,53.7693
"GOLD02",152,83.1444
"GOLD02",153,32.2995
"GOLD02",154,31.2997
"GOLD02",155,41.9227
"GOLD02",156,41.9569
"GOLD02",157,23.7423
"GOLD02",158,47.2936
"GOLD02",159,32.4245
"GOLD02",160,22.9205
"GOLD02",161,39.9578
"GOLD02",162,20.5542
"GOLD02",163,56.8437
"GOLD02",164,38.6617
"GOLD02",165,26.2147
"GOLD02",166,50.9973
"GOLD02",167,51.1234
"GOLD02",168,19.7391
"GOLD02",169,44.3435
"GOLD02",170,36.0412
"GOLD02",171,60.1648
"GOLD02",172,34.7292
"GOLD02",173,18.0762
"GOLD02",174,73.7174
"GOLD02",175,75.1984
"GOLD02",176,47.4965
"GOLD02",177,34.8972
"GOLD02",178,35.3785
"GOLD02",179,52.0991
"GOLD02",180,37.957
"GOLD02",181,44.9086
"GOLD02",182,66.1592
"GOLD02",183,30.8922
"GOLD02",184,38.7669
"GOLD02",185,25.5009
"GOLD02",186,38.7814
"GOLD02",187,63.5417
"GOLD02",188,29.7941
"GOLD02",189,55.3447
"GOLD02",190,39.9189
"GOLD02",191,34.8253
"GOLD02",192,41.2526
"GOLD02",193,34.2363
"GOLD02",194,51.4327
"GOLD02",195,31.9104
"GOLD02",196,32.6757
"GOLD02",197,35.3753
"GOLD02",198,48.9935
"GOLD02",199,42.5907
"GOLD02",200,31.021
"GOLD03",1,33.2675
"GOLD03",2,47.8874
"GOLD03",3,50.1747
"GOLD03",4,42.019
"GOLD03",5,27.1346
"GOLD03",6,31.2358
"GOLD03",7,31.8882
"GOLD03",8,32.4872
"GOLD03",9,39.8108
"GOLD03",10,35.6579
"GOLD03",11,43.7741
"GOLD03",12,28.1293
"GOLD03",13,57.2127
"GOLD03",14,37.4355
"GOLD03",15,61.1338
"GOLD03",16,50.4211
"GOLD03",17,52.8388
"GOLD03",18,117.0831
"GOLD03",19,41.7212
"GOLD03",20,37.7033
"GOLD03",21,33.7853
"GOLD03",22,46.4873
"GOLD03",23,49.1042
"GOLD03",24,50.0882
"GOLD03",25,57.7325
"GOLD03",26,30.261
"GOLD03",27,49.613
"GOLD03",28,54.9093
"GOLD03",29,67.0279
"GOLD03",30,45.093
"GOLD03",31,56.4875
"GOLD03",32,25.38
"GOLD03",33,43.4315
"GOLD03",34,35.6146
"GOLD03",35,48.5695
"GOLD03",36,48.1281
"GOLD03",37,34.9387
"GOLD03",38,34.0135
"GOLD03",39,44.9626
"GOLD03",40,33.5569
"GOLD03",41,45.4562
"GOLD03",42,30.4036
"GOLD03",43,31.3685
"GOLD03",44,27.3904
"GOLD03",45,50.779
"GOLD03",46,49.3342
"GOLD03",47,29.8557
"GOLD03",48,60.8629
"GOLD03",49,41.9226
"GOLD03",50,37.0024
"GOLD03",51,32.8773
"GOLD03",52,33.0007
"GOLD03",53,41.1544
"GOLD03",54,66.3625
"GOLD03",55,52.404
"GOLD03",56,36.7764
"GOLD03",57,34.4932
"GOLD03",58,39.2559
"GOLD03",59,44.1033
"GOLD03",60,45.5164
"GOLD03",61,53.4134
"GOLD03",62,27.2256
"GOLD03",63,63.5104
"GOLD03",64,31.5733
"GOLD03",65,35.9235
"GOLD03",66,31.8443
"GOLD03",67,33.4751
"GOLD03",68,31.2185
"GOLD03",69,39.9296
"GOLD03",70,47.0341
"GOLD03",71,39.9442
"GOLD03",72,21.1745
"GOLD03",73,42.9458
"GOLD03",74,42.1963
"GOLD03",75,49.496
"GOLD03",76,58.0627
"GOLD03",77,37.0133
"GOLD03",78,38.9156
"GOLD03",79,59.9925
"GOLD03",80,35.1067
"GOLD03",81,31.6988
"GOLD03",82,29.0029
"GOLD03",83,25.8793
"GOLD03",84,45.3647
"GOLD03",85,34.5691
"GOLD03",86,24.8355
"GOLD03",87,24.9861
"GOLD03",88,40.8618
"GOLD03",89,45.3665
"GOLD03",90,29.7217
"GOLD03",91,31.9253
"GOLD03",92,69.4552
"GOLD03",93,39.3516
"GOLD03",94,48.211
"GOLD03",95,30.6305
"GOLD03",96,43.593
"GOLD03",97,43.0743
"GOLD03",98,40.0392
"GOLD03",99,31.205
"GOLD03",100,31.4646
"GOLD03",101,37.7393
"GOLD03",102,54.3117
"GOLD03",103,30.9992
"GOLD03",104,50.1429
"GOLD03",105,39.4153
"GOLD03",106,33.8767
"GOLD03",107,50.3462
"GOLD03",108,31.1091
"GOLD03",109,33.9475
"GOLD03",110,36.4567
"GOLD03",111,46.0896
"GOLD03",112,44.2298
"GOLD03",113,47.2337
"GOLD03",114,28.8244
"GOLD03",115,24.0124
"GOLD03",116,41.1255
"GOLD03",117,27.0396
"GOLD03",118,20.9695
"GOLD03",119,50.2714
"GOLD03",120,31.9547
"GOLD03",121,45.2841
"GOLD03",122,30.644
"GOLD03",123,80.7986
"GOLD03",124,45.2219
"GOLD03",125,50.5424
"GOLD03",126,46.1424
"GOLD03",127,20.1091
"GOLD03",128,38.8528
"GOLD03",129,47.6898
"GOLD03",130,33.7511
"GOLD03",131,53.2086
"GOLD03",132,59.2568
"GOLD03",133,56.2021
"GOLD03",134,37.304
"GOLD03",135,37.819
"GOLD03",136,39.2114
"GOLD03",137,28.8166
"GOLD03",138,59.1485
"GOLD03",139,29.9935
"GOLD03",140,43.3948
"GOLD03",141,23.5982
"GOLD03",142,34.9198
"GOLD03",143,42.2298
"GOLD03",144,71.7461
"GOLD03",145,30.4285
"GOLD03",146,29.3212
"GOLD03",147,57.2849
"GOLD03",148,37.6569
"GOLD03",149,30.7919
"GOLD03",150,62.1479
"GOLD03",151,79.5809
"GOLD03",152,73.5883
"GOLD03",153,40.2686
"GOLD03",154,88.9419
"GOLD03",155,34.281
"GOLD03",156,35.0635
"GOLD03",157,36.3339
"GOLD03",158,32.4127
"GOLD03",159,24.9142
"GOLD03",160,25.5744
"GOLD03",161,36.6992
"GOLD03",162,93.3127
"GOLD03",163,26.9939
"GOLD03",164,30.5957
"GOLD03",165,30.5932
"GOLD03",166,43.9352
"GOLD03",167,39.0222
"GOLD03",168,47.5063
"GOLD03",169,33.3599
"GOLD03",170,55.2962
"GOLD03",171,38.9236
"GOLD03",172,45.3887
"GOLD03",173,69.4459
"GOLD03",174,20.7754
"GOLD03",175,39.3983
"GOLD03",176,53.5257
"GOLD03",177,33.7022
"GOLD03",178,45.3965
"GOLD03",179,42.7478
"GOLD03",180,44.085
"GOLD03",181,72.8949
"GOLD03",182,30.9871
"GOLD03",183,33.7484
"GOLD03",184,54.6083
"GOLD03",185,28.1762
"GOLD03",186,64.7907
"GOLD03",187,25.9009
"GOLD03",188,45.5431
"GOLD03",189,77.3594
"GOLD03",190,43.4726
"GOLD03",191,36.3404
"GOLD03",192,52.0928
"GOLD03",193,31.7737
"GOLD03",194,44.3018
"GOLD03",195,41.4636
"GOLD03",196,43.7368
"GOLD03",197,22.0637
"GOLD03",198,24.7996
"GOLD03",199,85.3745
"GOLD03",200,68.213
"GOLD04",1,30.5947
"GOLD04",2,46.8736
"GOLD04",3,34.5561
"GOLD04",4,46.2436
"GOLD04",5,25.8323
"GOLD04",6,87.6088
"GOLD04",7,28.1477
"GOLD04",8,35.9879
"GOLD04",9,57.2834
"GOLD04",10,55.1948
"GOLD04",11,45.9484
"GOLD04",12,47.4149
"GOLD04",13,60.6364
"GOLD04",14,38.4588
"GOLD04",15,47.2899
"GOLD04",16,37.8964
"GOLD04",17,64.1692
"GOLD04",18,27.8513
"GOLD04",19,24.8999
"GOLD04",20,47.6233
"GOLD04",21,58.8098
"GOLD04",22,19.1997
"GOLD04",23,50.3215
"GOLD04",24,51.7683
"GOLD04",25,39.4537
"GOLD04",26,43.6683
"GOLD04",27,35.3161
"GOLD04",28,38.567
"GOLD04",29,33.6607
"GOLD04",30,25.7576
"GOLD04",31,48.38
"GOLD04",32,28.6426
"GOLD04",33,51.6308
"GOLD04",34,57.438
"GOLD04",35,34.9791
"GOLD04",36,35.4098
"GOLD04",37,69.6312
"GOLD04",38,44.5282
"GOLD04",39,34.8097
"GOLD04",40,40.0159
"GOLD04",41,37.7046
"GOLD04",42,46.4389
"GOLD04",43,63.8456
"GOLD04",44,30.0099
"GOLD04",45,32.6473
"GOLD04",46,35.2422
"GOLD04",47,23.0758
"GOLD04",48,23.4645
"GOLD04",49,26.706
"GOLD04",50,43.6045
"GOLD04",51,21.9826
"GOLD04",52,37.3336
"GOLD04",53,26.2043
"GOLD04",54,39.8816
"GOLD04",55,40.8004
"GOLD04",56,49.4263
"GOLD04",57,44.6336
"GOLD04",58,43.924
"GOLD04",59,57.8091
"GOLD04",60,73.377
"GOLD04",61,43.9452
"GOLD04",62,49.8196
"GOLD04",63,27.7102
"GOLD04",64,36.3248
"GOLD04",65,65.4321
"GOLD04",66,37.849
"GOLD04",67,25.4999
"GOLD04",68,74.4084
"GOLD04",69,70.8812
"GOLD04",70,46.4117
"GOLD04",71,24.8551
"GOLD04",72,48.2364
"GOLD04",73,34.5026
"GOLD04",74,49.7022
"GOLD04",75,70.1692
"GOLD04",76,31.2508
"GOLD04",77,49.4242
"GOLD04",78,59.8195
"GOLD04",79,38.2555
"GOLD04",80,22.5408
"GOLD04",81,32.7828
"GOLD04",82,51.5854
"GOLD04",83,47.9369
"GOLD04",84,95.1806
"GOLD04",85,21.6427
"GOLD04",86,34.1727
"GOLD04",87,32.3434
"GOLD04",88,38.373
"GOLD04",89,40.7564
"GOLD04",90,44.8034
"GOLD04",91,66.3022
"GOLD04",92,33.5802
"GOLD04",93,53.8487
"GOLD04",94,46.9834
"GOLD04",95,30.3976
"GOLD04",96,37.795
"GOLD04",97,57.9148
"GOLD04",98,54.212
"GOLD04",99,34.0561
"GOLD04",100,94.4107
"GOLD04",101,36.3608
"GOLD04",102,27.7574
"GOLD04",103,21.7203
"GOLD04",104,34.7863
"GOLD04",105,54.8653
"GOLD04",106,52.135
"GOLD04",107,35.8845
"GOLD04",108,46.8457
"GOLD04",109,43.3871
"GOLD04",110,41.2236
"GOLD04",111,57.7306
"GOLD04",112,35.3353
"GOLD04",113,33.8501
"GOLD04",114,43.2215
"GOLD04",115,34.4615
"GOLD04",116,43.2269
"GOLD04",117,32.1834
"GOLD04",118,49.256
"GOLD04",119,21.3691
"GOLD04",120,43.8771
"GOLD04",121,58.1552
"GOLD04",122,39.2326
"GOLD04",123,39.2678
"GOLD04",124,26.4112
"GOLD04",125,36.5585
"GOLD04",126,49.0327
"GOLD04",127,71.9017
"GOLD04",128,39.6799
"GOLD04",129,23.5392
"GOLD04",130,43.5426
"GOLD04",131,27.5433
"GOLD04",132,29.3103
"GOLD04",133,29.2699
"GOLD04",134,32.7713
"GOLD04",135,33.2199
"GOLD04",136,52.7099
"GOLD04",137,38.2157
"GOLD04",138,38.5902
"GOLD04",139,42.362
"GOLD04",140,34.6156
"GOLD04",141,50.2283
"GOLD04",142,27.6823
"GOLD04",143,69.0716
"GOLD04",144,29.1534
"GOLD04",145,40.8957
"GOLD04",146,29.5664
"GOLD04",147,43.4965
"GOLD04",148,37.6719
"GOLD04",149,49.7293
"GOLD04",150,60.7909
"GOLD04",151,28.5975
"GOLD04",152,40.5186
"GOLD04",153,47.5047
"GOLD04",154,30.3279
"GOLD04",155,24.7119
"GOLD04",156,39.3992
"GOLD04",157,44.7958
"GOLD04",158,44.1885
"GOLD04",159,38.9686
"GOLD04",160,29.9114
"GOLD04",161,37.4959
"GOLD04",162,28.2566
"GOLD04",163,46.5953
"GOLD04",164,58.0671
"GOLD04",165,41.4098
"GOLD04",166,47.1087
"GOLD04",167,33.056
"GOLD04",168,43.6716
"GOLD04",169,40.1544
"GOLD04",170,33.3079
"GOLD04",171,39.7949
"GOLD04",172,42.4328
"GOLD04",173,29.6003
"GOLD04",174,61.3502
"GOLD04",175,39.5647
"GOLD04",176,34.6651
"GOLD04",177,74.0091
"GOLD04",178,63.9229
"GOLD04",179,33.9125
"GOLD04",180,31.3935
"GOLD04",181,33.7446
"GOLD04",182,61.4524
"GOLD04",183,43.8445
"GOLD04",184,48.705
"GOLD04",185,43.4732
"GOLD04",186,30.8572
"GOLD04",187,26.8367
"GOLD04",188,39.0506
"GOLD04",189,53.6117
"GOLD04",190,41.9232
"GOLD04",191,45.5404
"GOLD04",192,27.5267
"GOLD04",193,25.7575
"GOLD04",194,45.0892
"GOLD04",195,65.6754
"GOLD04",196,46.7237
"GOLD04",197,30.577
"GOLD04",198,94.2852
"GOLD04",199,40.0972
"GOLD04",200,53.9703
"GOLD05",1,38.4553
"GOLD05",2,53.3607
"GOLD05",3,22.0182
"GOLD05",4,84.212
"GOLD05",5,30.1508
"GOLD05",6,46.2471
"GOLD05",7,35.8847
"GOLD05",8,50.2543
"GOLD05",9,37.7671
"GOLD05",10,41.9486
"GOLD05",11,49.8749
"GOLD05",12,57.7221
"GOLD05",13,36.636
"GOLD05",14,62.4482
"GOLD05",15,22.9928
"GOLD05",16,47.9802
"GOLD05",17,30.1601
"GOLD05",18,30.7932
"GOLD05",19,27.5957
"GOLD05",20,21.701
"GOLD05",21,30.7732
"GOLD05",22,46.9558
"GOLD05",23,34.7025
"GOLD05",24,29.7576
"GOLD05",25,33.3592
"GOLD05",26,51.7242
"GOLD05",27,28.5502
"GOLD05",28,58.1185
"GOLD05",29,35.3319
"GOLD05",30,34.0014
"GOLD05",31,25.2743
"GOLD05",32,35.4282
"GOLD05",33,42.6248
"GOLD05",34,57.6154
"GOLD05",35,30.3608
"GOLD05",36,62.1769
"GOLD05",37,30.5154
"GOLD05",38,69.9018
"GOLD05",39,50.5251
"GOLD05",40,38.6004
"GOLD05",41,52.2142
"GOLD05",42,30.5597
"GOLD05",43,35.6179
"GOLD05",44,45.5939
"GOLD05",45,35.6297
"GOLD05",46,27.6933
"GOLD05",47,48.9016
"GOLD05",48,37.2271
"GOLD05",49,42.2618
"GOLD05",50,42.7037
"GOLD05",51,33.8549
"GOLD05",52,31.039
"GOLD05",53,27.4276
"GOLD05",54,39.0257
"GOLD05",55,58.0183
"GOLD05",56,31.2776
"GOLD05",57,45.9205
"GOLD05",58,29.9583
"GOLD05",59,61.0295
"GOLD05",60,30.7537
"GOLD05",61,44.3589
"GOLD05",62,22.3861
"GOLD05",63,36.031
"GOLD05",64,38.795
"GOLD05",65,43.7852
"GOLD05",66,64.5749
"GOLD05",67,44.84
"GOLD05",68,40.1934
"GOLD05",69,55.8278
"GOLD05",70,21.4795
"GOLD05",71,66.3295
"GOLD05",72,48.7259
"GOLD05",73,42.802
"GOLD05",74,53.9882
"GOLD05",75,42.5866
"GOLD05",76,34.754
"GOLD05",77,35.6238
"GOLD05",78,33.6951
"GOLD05",79,32.4934
"GOLD05",80,34.6015
"GOLD05",81,40.2732
"GOLD05",82,40.5103
"GOLD05",83,30.5016
"GOLD05",84,39.3331
"GOLD05",85,35.6136
"GOLD05",86,40.2623
"GOLD05",87,41.1314
"GOLD05",88,38.9579
"GOLD05",89,46.6917
"GOLD05",90,38.9026
"GOLD05",91,40.9175
"GOLD05",92,47.2026
"GOLD05",93,37.7898
"GOLD05",94,26.7924
"GOLD05",95,52.0052
"GOLD05",96,43.4743
"GOLD05",97,66.9869
"GOLD05",98,52.4634
"GOLD05",99,69.6439
"GOLD05",100,42.4438
"GOLD05",101,45.9365
"GOLD05",102,42.7426
"GOLD05",103,37.6261
"GOLD05",104,43.7284
"GOLD05",105,66.0666
"GOLD05",106,28.6607
"GOLD05",107,38.9078
"GOLD05",108,54.4635
"GOLD05",109,71.913
"GOLD05",110,37.5807
"GOLD05",111,36.1307
"GOLD05",112,22.7547
"GOLD05",113,50.5543
"GOLD05",114,37.7497
"GOLD05",115,22.9285
"GOLD05",116,43.6663
"GOLD05",117,33.504
"GOLD05",118,32.3726
"GOLD05",119,41.724
"GOLD05",120,31.3548
"GOLD05",121,59.4356
"GOLD05",122,39.1549
"GOLD05",123,32.1656
"GOLD05",124,36.78
"GOLD05",125,29.1014
"GOLD05",126,26.69
"GOLD05",127,57.714
"GOLD05",128,20.236
"GOLD05",129,35.9924
"GOLD05",130,47.7116
"GOLD05",131,33.0952
"GOLD05",132,30.5427
"GOLD05",133,48.7249
"GOLD05",134,164.4923
"GOLD05",135,74.248
"GOLD05",136,38.5233
"GOLD05",137,62.9507
"GOLD05",138,43.6123
"GOLD05",139,35.7746
"GOLD05",140,54.8989
"GOLD05",141,41.9774
"GOLD05",142,21.9758
"GOLD05",143,50.3199
"GOLD05",144,37.6785
"GOLD05",145,51.4538
"GOLD05",146,22.8597
"GOLD05",147,29.8678
"GOLD05",148,28.0909
"GOLD05",149,33.8966
"GOLD05",150,54.2961
"GOLD05",151,58.5229
"GOLD05",152,39.9735
"GOLD05",153,52.2317
"GOLD05",154,46.396
"GOLD05",155,41.1492
"GOLD05",156,52.7521
"GOLD05",157,48.0201
"GOLD05",158,54.7143
"GOLD05",159,31.8584
"GOLD05",160,27.9369
"GOLD05",161,31.9961
"GOLD05",162,38.5858
"GOLD05",163,24.6891
"GOLD05",164,34.6003
"GOLD05",165,49.7296
"GOLD05",166,46.5455
"GOLD05",167,32.5224
"GOLD05",168,49.0559
"GOLD05",169,57.7111
"GOLD05",170,51.9671
"GOLD05",171,53.7475
"GOLD05",172,35.6323
"GOLD05",173,34.8989
"GOLD05",174,41.124
"GOLD05",175,40.7345
"GOLD05",176,43.6681
"GOLD05",177,83.4497
"GOLD05",178,53.1174
"GOLD05",179,45.7155
"GOLD05",180,35.543
"GOLD05",181,27.2145
"GOLD05",182,36.1534
"GOLD05",183,40.7338
"GOLD05",184,24.3049
"GOLD05",185,39.2285
"GOLD05",186,38.2748
"GOLD05",187,88.1932
"GOLD05",188,54.0682
"GOLD05",189,36.6126
"GOLD05",190,33.834
"GOLD05",191,25.5037
"GOLD05",192,36.2487
"GOLD05",193,46.0015
"GOLD05",194,91.1627
"GOLD05",195,88.3557
"GOLD05",196,50.4854
"GOLD05",197,23.711
"GOLD05",198,36.7719
"GOLD05",199,38.3434
"GOLD05",200,61.7395
"GOLD06",1,47.5013
"GOLD06",2,49.9869
"GOLD06",3,39.6001
"GOLD06",4,40.7872
"GOLD06",5,26.7788
"GOLD06",6,93.7956
"GOLD06",7,53.0174
"GOLD06",8,39.0935
"GOLD06",9,31.5091
"GOLD06",10,42.8482
"GOLD06",11,28.963
"GOLD06",12,85.1869
"GOLD06",13,27.8073
"GOLD06",14,75.2941
"GOLD06",15,21.9098
"GOLD06",16,92.3575
"GOLD06",17,58.2039
"GOLD06",18,33.5441
"GOLD06",19,44.1809
"GOLD06",20,21.6809
"GOLD06",21,46.6345
"GOLD06",22,25.61
"GOLD06",23,38.1577
"GOLD06",24,50.2636
"GOLD06",25,16.8026
"GOLD06",26,35.8275
"GOLD06",27,55.8749
"GOLD06",28,41.0563
"GOLD06",29,39.2731
"GOLD06",30,47.0261
"GOLD06",31,51.2633
"GOLD06",32,62.4658
"GOLD06",33,53.8418
"GOLD06",34,68.7114
"GOLD06",35,35.727
"GOLD06",36,93.4182
"GOLD06",37,44.3121
"GOLD06",38,29.9387
"GOLD06",39,26.8537
"GOLD06",40,63.9014
"GOLD06",41,56.9124
"GOLD06",42,52.2229
"GOLD06",43,28.2383
"GOLD06",44,33.2098
"GOLD06",45,40.7209
"GOLD06",46,43.0462
"GOLD06",47,31.3701
"GOLD06",48,42.3821
"GOLD06",49,46.94
"GOLD06",50,34.1596
"GOLD06",51,38.5289
"GOLD06",52,49.3792
"GOLD06",53,31.9109
"GOLD06",54,32.4765
"GOLD06",55,63.0105
"GOLD06",56,33.649
"GOLD06",57,51.3914
"GOLD06",58,41.0043
"GOLD06",59,34.965
"GOLD06",60,37.8996
"GOLD06",61,37.4199
"GOLD06",62,30.4632
"GOLD06",63,41.1383
"GOLD06",64,68.7034
"GOLD06",65,57.9446
"GOLD06",66,55.334
"GOLD06",67,27.3653
"GOLD06",68,37.4045
"GOLD06",69,42.3456
"GOLD06",70,49.6552
"GOLD06",71,41.2208
"GOLD06",72,28.9503
"GOLD06",73,33.7831
"GOLD06",74,51.3279
"GOLD06",75,41.0992
"GOLD06",76,50.3815
"GOLD06",77,42.7786
"GOLD06",78,64.4093
"GOLD06",79,45.0727
"GOLD06",80,48.6409
"GOLD06",81,39.709
"GOLD06",82,26.3704
"GOLD06",83,43.0258
"GOLD06",84,42.2481
"GOLD06",85,39.8164
"GOLD06",86,52.276
"GOLD06",87,110.8877
"GOLD06",88,27.8268
"GOLD06",89,26.4309
"GOLD06",90,44.9718
"GOLD06",91,31.3547
"GOLD06",92,37.6653
"GOLD06",93,34.3684
"GOLD06",94,53.2499
"GOLD06",95,61.4674
"GOLD06",96,44.3215
"GOLD06",97,90.2802
"GOLD06",98,26.1691
"GOLD06",99,34.2721
"GOLD06",100,41.8132
"GOLD06",101,39.3441
"GOLD06",102,54.6275
"GOLD06",103,28.1679
"GOLD06",104,20.2287
"GOLD06",105,61.3019
"GOLD06",106,35.232
"GOLD06",107,54.6609
"GOLD06",108,28.1147
"GOLD06",109,103.9178
"GOLD06",110,54.612
"GOLD06",111,58.9632
"GOLD06",112,52.9002
"GOLD06",113,36.2245
"GOLD06",114,59.5217
"GOLD06",115,49.1279
"GOLD06",116,77.2264
"GOLD06",117,60.559
"GOLD06",118,38.6243
"GOLD06",119,63.7727
"GOLD06",120,38.9685
"GOLD06",121,54.6213
"GOLD06",122,59.789
"GOLD06",123,31.9625
"GOLD06",124,36.1486
"GOLD06",125,33.7478
"GOLD06",126,25.741
"GOLD06",127,55.6719
"GOLD06",128,44.4717
"GOLD06",129,44.5365
"GOLD06",130,35.8967
"GOLD06",131,78.9141
"GOLD06",132,33.8407
"GOLD06",133,32.8189
"GOLD06",134,39.7733
"GOLD06",135,51.4487
"GOLD06",136,28.0462
"GOLD06",137,34.3693
"GOLD06",138,42.5408
"GOLD06",139,45.5661
"GOLD06",140,36.7782
"GOLD06",141,82.4466
"GOLD06",142,57.6525
"GOLD06",143,49.307
"GOLD06",144,41.7882
"GOLD06",145,30.8581
"GOLD06",146,35.9678
"GOLD06",147,30.5067
"GOLD06",148,44.7286
"GOLD06",149,50.0553
"GOLD06",150,27.4759
"GOLD06",151,45.0196
"GOLD06",152,57.1587
"GOLD06",153,33.7347
"GOLD06",154,42.3959
"GOLD06",155,25.7138
"GOLD06",156,54.6525
"GOLD06",157,48.9606
"GOLD06",158,40.699
"GOLD06",159,58.539
"GOLD06",160,42.7164
"GOLD06",161,44.8934
"GOLD06",162,47.4126
"GOLD06",163,33.4516
"GOLD06",164,31.6828
"GOLD06",165,37.8763
"GOLD06",166,70.1317
"GOLD06",167,25.9978
"GOLD06",168,44.3824
"GOLD06",169,49.5647
"GOLD06",170,40.7563
"GOLD06",171,56.3855
"GOLD06",172,34.0663
"GOLD06",173,26.9925
"GOLD06",174,52.9895
"GOLD06",175,61.3117
"GOLD06",176,40.6474
"GOLD06",177,87.4336
"GOLD06",178,43.3236
"GOLD06",179,40.6101
"GOLD06",180,41.9647
"GOLD06",181,35.3934
"GOLD06",182,45.5261
"GOLD06",183,33.1339
"GOLD06",184,57.0519
"GOLD06",185,60.9729
"GOLD06",186,30.3194
"GOLD06",187,43.2603
"GOLD06",188,38.7776
"GOLD06",189,44.0414
"GOLD06",190,80.4467
"GOLD06",191,45.7788
"GOLD06",192,70.4686
"GOLD06",193,30.1195
"GOLD06",194,37.0088
"GOLD06",195,35.0384
"GOLD06",196,34.3369
"GOLD06",197,53.1896
"GOLD06",198,48.986
"GOLD06",199,39.9988
"GOLD06",200,44.9798
"GOLD07",1,47.6563
"GOLD07",2,40.7221
"GOLD07",3,50.5807
"GOLD07",4,29.2403
"GOLD07",5,36.6749
"GOLD07",6,77.3836
"GOLD07",7,52.2238
"GOLD07",8,59.5592
"GOLD07",9,32.8
"GOLD07",10,62.0671
"GOLD07",11,42.666
"GOLD07",12,37.8911
"GOLD07",13,81.0342
"GOLD07",14,31.2331
"GOLD07",15,24.7204
"GOLD07",16,68.4814
"GOLD07",17,52.6599
"GOLD07",18,40.3681
"GOLD07",19,32.4537
"GOLD07",20,58.4794
"GOLD07",21,48.7448
"GOLD07",22,57.6721
"GOLD07",23,36.9268
"GOLD07",24,44.4715
"GOLD07",25,32.5823
"GOLD07",26,33.0473
"GOLD07",27,37.0554
"GOLD07",28,29.3511
"GOLD07",29,39.3266
"GOLD07",30,104.5493
"GOLD07",31,43.2893
"GOLD07",32,43.1204
"GOLD07",33,34.1866
"GOLD07",34,46.6818
"GOLD07",35,30.8313
"GOLD07",36,25.1119
"GOLD07",37,57.3037
"GOLD07",38,30.1118
"GOLD07",39,57.479
"GOLD07",40,67.0099
"GOLD07",41,40.8716
"GOLD07",42,28.3728
"GOLD07",43,51.3516
"GOLD07",44,86.1211
"GOLD07",45,79.2687
"GOLD07",46,28.3017
"GOLD07",47,45.3109
"GOLD07",48,50.9213
"GOLD07",49,28.4499
"GOLD07",50,29.3413
"GOLD07",51,29.3892
"GOLD07",52,85.8282
"GOLD07",53,45.0771
"GOLD07",54,27.7095
"GOLD07",55,30.8979
"GOLD07",56,40.396
"GOLD07",57,42.4607
"GOLD07",58,31.8607
"GOLD07",59,38.7335
"GOLD07",60,47.0226
"GOLD07",61,31.4729
"GOLD07",62,46.4296
"GOLD07",63,57.7205
"GOLD07",64,38.4063
"GOLD07",65,41.7986
"GOLD07",66,37.6026
"GOLD07",67,42.3641
"GOLD07",68,27.8375
"GOLD07",69,88.8662
"GOLD07",70,59.2908
"GOLD07",71,75.0799
"GOLD07",72,52.1903
"GOLD07",73,24.5986
"GOLD07",74,37.7849
"GOLD07",75,32.5048
"GOLD07",76,25.1402
"GOLD07",77,65.7742
"GOLD07",78,69.029
"GOLD07",79,49.7972
"GOLD07",80,49.211
"GOLD07",81,34.247
"GOLD07",82,44.761
"GOLD07",83,75.957
"GOLD07",84,42.8315
"GOLD07",85,64.304
"GOLD07",86,34.4527
"GOLD07",87,81.8884
"GOLD07",88,63.3206
"GOLD07",89,33.379
"GOLD07",90,97.7101
"GOLD07",91,57.5088
"GOLD07",92,30.5905
"GOLD07",93,50.9528
"GOLD07",94,30.4727
"GOLD07",95,66.1391
"GOLD07",96,67.5905
"GOLD07",97,65.2792
"GOLD07",98,19.5303
"GOLD07",99,59.2924
"GOLD07",100,47.485
"GOLD07",101,63.983
"GOLD07",102,39.5166
"GOLD07",103,48.0477
"GOLD07",104,39.8239
"GOLD07",105,40.3784
"GOLD07",106,77.3497
"GOLD07",107,26.9398
"GOLD07",108,24.726
"GOLD07",109,46.3819
"GOLD07",110,39.1913
"GOLD07",111,37.0075
"GOLD07",112,28.2849
"GOLD07",113,36.4738
"GOLD07",114,71.7513
"GOLD07",115,40.6431
"GOLD07",116,23.0411
"GOLD07",117,31.8707
"GOLD07",118,35.4768
"GOLD07",119,53.5249
"GOLD07",120,45.8385
"GOLD07",121,36.657
"GOLD07",122,62.4439
"GOLD07",123,31.7469
"GOLD07",124,51.2322
"GOLD07",125,23.2205
"GOLD07",126,103.8951
"GOLD07",127,54.5875
"GOLD07",128,91.4201
"GOLD07",129,61.3614
"GOLD07",130,41.6386
"GOLD07",131,58.4544
"GOLD07",132,49.1502
"GOLD07",133,61.0624
"GOLD07",134,28.8152
"GOLD07",135,37.4466
"GOLD07",136,41.9416
"GOLD07",137,43.8751
"GOLD07",138,58.4281
"GOLD07",139,93.2151
"GOLD07",140,37.8744
"GOLD07",141,41.5326
"GOLD07",142,49.5779
"GOLD07",143,40.7659
"GOLD07",144,39.7932
"GOLD07",145,41.2435
"GOLD07",146,42.346
"GOLD07",147,32.7443
"GOLD07",148,35.9492
"GOLD07",149,26.5369
"GOLD07",150,36.1394
"GOLD07",151,30.5954
"GOLD07",152,41.2813
"GOLD07",153,27.6005
"GOLD07",154,49.046
"GOLD07",155,36.9838
"GOLD07",156,60.0669
"GOLD07",157,56.1829
"GOLD07",158,29.96
"GOLD07",159,32.4091
"GOLD07",160,78.9121
"GOLD07",161,33.6624
"GOLD07",162,65.3492
"GOLD07",163,77.1892
"GOLD07",164,42.0464
"GOLD07",165,64.852
"GOLD07",166,38.6907
"GOLD07",167,25.8692
"GOLD07",168,59.4963
"GOLD07",169,51.8456
"GOLD07",170,39.3181
"GOLD07",171,73.9723
"GOLD07",172,32.2647
"GOLD07",173,35.8929
"GOLD07",174,34.913
"GOLD07",175,64.9285
"GOLD07",176,26.3885
"GOLD07",177,90.6322
"GOLD07",178,22.9715
"GOLD07",179,53.4241
"GOLD07",180,95.2422
"GOLD07",181,53.912
"GOLD07",182,46.3418
"GOLD07",183,57.4963
"GOLD07",184,36.0954
"GOLD07",185,31.3649
"GOLD07",186,42.2047
"GOLD07",187,82.2268
"GOLD07",188,40.423
"GOLD07",189,58.788
"GOLD07",190,43.65
"GOLD07",191,41.5515
"GOLD07",192,55.3801
"GOLD07",193,45.8902
"GOLD07",194,48.2249
"GOLD07",195,58.8781
"GOLD07",196,47.5921
"GOLD07",197,63.5592
"GOLD07",198,24.5306
"GOLD07",199,52.1581
"GOLD07",200,41.6412
"GOLD08",1,49.5131
"GOLD08",2,37.4189
"GOLD08",3,40.5103
"GOLD08",4,53.723
"GOLD08",5,36.8672
"GOLD08",6,32.4136
"GOLD08",7,34.4793
"GOLD08",8,33.9014
"GOLD08",9,36.0251
"GOLD08",10,37.1419
"GOLD08",11,41.2085
"GOLD08",12,38.0228
"GOLD08",13,66.2626
"GOLD08",14,35.4217
"GOLD08",15,50.6066
"GOLD08",16,71.6738
"GOLD08",17,80.4351
"GOLD08",18,155.6111
"GOLD08",19,44.2605
"GOLD08",20,88.6029
"GOLD08",21,27.3794
"GOLD08",22,38.2919
"GOLD08",23,42.5611
"GOLD08",24,36.1462
"GOLD08",25,37.7934
"GOLD08",26,50.561
"GOLD08",27,62.3995
"GOLD08",28,44.7299
"GOLD08",29,34.5063
"GOLD08",30,54.5205
"GOLD08",31,41.4049
"GOLD08",32,34.4593
"GOLD08",33,42.8823
"GOLD08",34,62.0172
"GOLD08",35,109.8901
"GOLD08",36,34.9901
"GOLD08",37,108.0371
"GOLD08",38,29.6557
"GOLD08",39,35.5139
"GOLD08",40,42.0781
"GOLD08",41,39.0977
"GOLD08",42,86.5734
"GOLD08",43,33.8587
"GOLD08",44,32.7032
"GOLD08",45,42.4088
"GOLD08",46,31.7741
"GOLD08",47,43.68
"GOLD08",48,29.3104
"GOLD08",49,48.1286
"GOLD08",50,42.1882
"GOLD08",51,53.9946
"GOLD08",52,56.4811
"GOLD08",53,30.0551
"GOLD08",54,41.1887
"GOLD08",55,38.91
"GOLD08",56,58.3629
"GOLD08",57,43.7735
"GOLD08",58,60.7153
"GOLD08",59,28.4557
"GOLD08",60,53.3314
"GOLD08",61,31.8077
"GOLD08",62,116.1804
"GOLD08",63,36.7029
"GOLD08",64,65.18
"GOLD08",65,44.8898
"GOLD08",66,87.6079
"GOLD08",67,85.0132
"GOLD08",68,40.1997
"GOLD08",69,42.6689
"GOLD08",70,37.6291
"GOLD08",71,27.4171
"GOLD08",72,34.7837
"GOLD08",73,35.2652
"GOLD08",74,51.0393
"GOLD08",75,42.5863
"GOLD08",76,57.7404
"GOLD08",77,22.5117
"GOLD08",78,59.7341
"GOLD08",79,96.7645
"GOLD08",80,60.1213
"GOLD08",81,49.0693
"GOLD08",82,36.4344
"GOLD08",83,35.2717
"GOLD08",84,54.7491
"GOLD08",85,40.7377
"GOLD08",86,46.5761
"GOLD08",87,41.1647
"GOLD08",88,32.0054
"GOLD08",89,51.6494
"GOLD08",90,49.0447
"GOLD08",91,34.5588
"GOLD08",92,50.6946
"GOLD08",93,84.6557
"GOLD08",94,44.2573
"GOLD08",95,35.382
"GOLD08",96,61.532
"GOLD08",97,50.8402
"GOLD08",98,38.544
"GOLD08",99,78.4455
"GOLD08",100,59.9631
"GOLD08",101,25.387
"GOLD08",102,57.97
"GOLD08",103,36.2999
"GOLD08",104,63.6253
"GOLD08",105,47.9161
"GOLD08",106,53.6183
"GOLD08",107,51.8949
"GOLD08",108,62.2929
"GOLD08",109,59.9423
"GOLD08",110,58.5208
"GOLD08",111,70.6239
"GOLD08",112,35.7118
"GOLD08",113,71.9562
"GOLD08",114,50.1087
"GOLD08",115,49.5809
"GOLD08",116,46.8812
"GOLD08",117,73.1357
"GOLD08",118,29.8289
"GOLD08",119,41.0524
"GOLD08",120,46.6342
"GOLD08",121,70.5625
"GOLD08",122,51.318
"GOLD08",123,27.5657
"GOLD08",124,97.5048
"GOLD08",125,54.0729
"GOLD08",126,33.777
"GOLD08",127,36.7324
"GOLD08",128,40.0535
"GOLD08",129,36.9392
"GOLD08",130,50.5825
"GOLD08",131,31.4997
"GOLD08",132,54.351
"GOLD08",133,63.8068
"GOLD08",134,51.0258
"GOLD08",135,61.7828
"GOLD08",136,63.2324
"GOLD08",137,52.5026
"GOLD08",138,65.0295
"GOLD08",139,40.5487
"GOLD08",140,26.9902
"GOLD08",141,41.0142
"GOLD08",142,64.4537
"GOLD08",143,22.2887
"GOLD08",144,52.8861
"GOLD08",145,85.0499
"GOLD08",146,34.5418
"GOLD08",147,76.8745
"GOLD08",148,47.0862
"GOLD08",149,37.4583
"GOLD08",150,38.9818
"GOLD08",151,37.5897
"GOLD08",152,60.2314
"GOLD08",153,28.6439
"GOLD08",154,35.3656
"GOLD08",155,39.6536
"GOLD08",156,54.6579
"GOLD08",157,48.4189
"GOLD08",158,44.4561
"GOLD08",159,36.8917
"GOLD08",160,51.8361
"GOLD08",161,31.9596
"GOLD08",162,58.6284
"GOLD08",163,59.2448
"GOLD08",164,45.3397
"GOLD08",165,48.896
"GOLD08",166,60.0546
"GOLD08",167,56.9707
"GOLD08",168,35.3309
"GOLD08",169,65.5305
"GOLD08",170,33.5343
"GOLD08",171,25.1563
"GOLD08",172,109.181
"GOLD08",173,47.2804
"GOLD08",174,42.8858
"GOLD08",175,30.7813
"GOLD08",176,54.0241
"GOLD08",177,43.4233
"GOLD08",178,34.9718
"GOLD08",179,33.1013
"GOLD08",180,37.8037
"GOLD08",181,61.301
"GOLD08",182,34.7599
"GOLD08",183,36.4481
"GOLD08",184,39.7349
"GOLD08",185,45.2013
"GOLD08",186,59.0939
"GOLD08",187,56.7246
"GOLD08",188,35.5816
"GOLD08",189,38.6838
"GOLD08",190,42.2968
"GOLD08",191,51.203
"GOLD08",192,58.0489
"GOLD08",193,55.3489
"GOLD08",194,53.3868
"GOLD08",195,38.2625
"GOLD08",196,24.4827
"GOLD08",197,72.9572
"GOLD08",198,53.6631
"GOLD08",199,44.3547
"GOLD08",200,24.7705
"GOLD09",1,46.3883
"GOLD09",2,51.9166
"GOLD09",3,37.5505
"GOLD09",4,85.8385
"GOLD09",5,67.2805
"GOLD09",6,60.1494
"GOLD09",7,25.1083
"GOLD09",8,31.7937
"GOLD09",9,43.099
"GOLD09",10,40.2348
"GOLD09",11,42.0131
"GOLD09",12,58.9602
"GOLD09",13,53.6891
"GOLD09",14,22.4052
"GOLD09",15,101.7314
"GOLD09",16,48.1685
"GOLD09",17,61.2216
"GOLD09",18,23.8191
"GOLD09",19,44.5436
"GOLD09",20,44.6387
"GOLD09",21,59.8502
"GOLD09",22,37.0565
"GOLD09",23,81.4224
"GOLD09",24,48.4865
"GOLD09",25,44.0017
"GOLD09",26,48.2711
"GOLD09",27,47.4956
"GOLD09",28,60.1844
"GOLD09",29,50.3732
"GOLD09",30,37.5269
"GOLD09",31,41.0168
"GOLD09",32,40.4062
"GOLD09",33,46.2973
"GOLD09",34,109.449
"GOLD09",35,55.7619
"GOLD09",36,58.3425
"GOLD09",37,37.1427
"GOLD09",38,34.4233
"GOLD09",39,41.2772
"GOLD09",40,54.4638
"GOLD09",41,104.4311
"GOLD09",42,44.3516
"GOLD09",43,38.6248
"GOLD09",44,52.4441
"GOLD09",45,28.4059
"GOLD09",46,32.3998
"GOLD09",47,30.499
"GOLD09",48,24.5499
"GOLD09",49,40.5538
"GOLD09",50,31.0839
"GOLD09",51,110.8593
"GOLD09",52,37.6376
"GOLD09",53,26.7021
"GOLD09",54,31.3258
"GOLD09",55,40.306
"GOLD09",56,83.264
"GOLD09",57,29.8331
"GOLD09",58,39.0336
"GOLD09",59,55.866
"GOLD09",60,43.1704
"GOLD09",61,26.0356
"GOLD09",62,35.812
"GOLD09",63,37.2428
"GOLD09",64,35.6632
"GOLD09",65,88.6372
"GOLD09",66,47.3437
"GOLD09",67,49.8566
"GOLD09",68,50.9018
"GOLD09",69,42.296
"GOLD09",70,64.2633
"GOLD09",71,45.5054
"GOLD09",72,35.4102
"GOLD09",73,84.8171
"GOLD09",74,59.8342
"GOLD09",75,61.1146
"GOLD09",76,29.3719
"GOLD09",77,54.0525
"GOLD09",78,49.0277
"GOLD09",79,76.4239
"GOLD09",80,47.099
"GOLD09",81,26.8415
"GOLD09",82,42.0141
"GOLD09",83,52.3965
"GOLD09",84,52.5727
"GOLD09",85,36.0587
"GOLD09",86,60.4225
"GOLD09",87,67.3604
"GOLD09",88,46.0218
"GOLD09",89,47.255
"GOLD09",90,61.3631
"GOLD09",91,30.7665
"GOLD09",92,52.6093
"GOLD09",93,25.606
"GOLD09",94,37.2687
"GOLD09",95,43.2311
"GOLD09",96,57.6508
"GOLD09",97,36.167
"GOLD09",98,57.0518
"GOLD09",99,47.6065
"GOLD09",100,36.8828
"GOLD09",101,52.0497
"GOLD09",102,54.7018
"GOLD09",103,46.546
"GOLD09",104,25.7549
"GOLD09",105,55.842
"GOLD09",106,46.3247
"GOLD09",107,41.5922
"GOLD09",108,47.8931
"GOLD09",109,29.7487
"GOLD09",110,46.0234
"GOLD09",111,22.3084
"GOLD09",112,24.8513
"GOLD09",113,32.4496
"GOLD09",114,39.3662
"GOLD09",115,48.0964
"GOLD09",116,32.7614
"GOLD09",117,121.5875
"GOLD09",118,31.545
"GOLD09",119,40.6003
"GOLD09",120,44.4809
"GOLD09",121,76.6795
"GOLD09",122,50.6149
"GOLD09",123,77.7686
"GOLD09",124,37.4201
"GOLD09",125,41.5051
"GOLD09",126,34.8241
"GOLD09",127,28.7256
"GOLD09",128,21.5527
"GOLD09",129,22.3975
"GOLD09",130,45.3193
"GOLD09",131,47.3144
"GOLD09",132,57.1893
"GOLD09",133,48.7409
"GOLD09",134,42.488
"GOLD09",135,64.619
"GOLD09",136,38.0245
"GOLD09",137,46.0754
"GOLD09",138,60.6181
"GOLD09",139,64.828
"GOLD09",140,25.9186
"GOLD09",141,38.6551
"GOLD09",142,40.1416
"GOLD09",143,40.9753
"GOLD09",144,40.0957
"GOLD09",145,60.1646
"GOLD09",146,44.6009
"GOLD09",147,56.4428
"GOLD09",148,67.3
"GOLD09",149,35.4913
"GOLD09",150,37.2902
"GOLD09",151,40.6425
"GOLD09",152,54.1377
"GOLD09",153,31.7009
"GOLD09",154,55.7792
"GOLD09",155,43.0997
"GOLD09",156,44.4343
"GOLD09",157,46.8314
"GOLD09",158,41.451
"GOLD09",159,54.5321
"GOLD09",160,56.9539
"GOLD09",161,31.7553
"GOLD09",162,43.8987
"GOLD09",163,44.5743
"GOLD09",164,26.3054
"GOLD09",165,31.3982
"GOLD09",166,26.1736
"GOLD09",167,79.0722
"GOLD09",168,40.7981
"GOLD09",169,36.0081
"GOLD09",170,43.4095
"GOLD09",171,58.2373
"GOLD09",172,62.5348
"GOLD09",173,100.1763
"GOLD09",174,33.0306
"GOLD09",175,63.3339
"GOLD09",176,50.2186
"GOLD09",177,68.5192
"GOLD09",178,47.4672
"GOLD09",179,41.4815
"GOLD09",180,33.03
"GOLD09",181,53.9949
"GOLD09",182,76.2157
"GOLD09",183,36.4917
"GOLD09",184,39.8207
"GOLD09",185,46.7264
"GOLD09",186,26.9892
"GOLD09",187,30.8247
"GOLD09",188,28.7423
"GOLD09",189,38.3266
"GOLD09",190,41.3276
"GOLD09",191,48.7534
"GOLD09",192,66.4771
"GOLD09",193,62.6574
"GOLD09",194,54.8416
"GOLD09",195,69.7887
"GOLD09",196,40.5512
"GOLD09",197,45.4194
"GOLD09",198,26.6826
"GOLD09",199,44.6911
"GOLD09",200,32.563
"GOLD10",1,50.0066
"GOLD10",2,40.9863
"GOLD10",3,44.1263
"GOLD10",4,38.5126
"GOLD10",5,37.7108
"GOLD10",6,36.0024
"GOLD10",7,45.532
"GOLD10",8,48.0988
"GOLD10",9,60.6781
"GOLD10",10,31.8801
"GOLD10",11,42.279
"GOLD10",12,28.1083
"GOLD10",13,39.2504
"GOLD10",14,33.6375
"GOLD10",15,70.9448
"GOLD10",16,36.5647
"GOLD10",17,68.6654
"GOLD10",18,51.742
"GOLD10",19,42.3161
"GOLD10",20,32.29
"GOLD10",21,58.7203
"GOLD10",22,28.5919
"GOLD10",23,46.3835
"GOLD10",24,48.7988
"GOLD10",25,43.9625
"GOLD10",26,25.5563
"GOLD10",27,53.4297
"GOLD10",28,63.5055
"GOLD10",29,43.0724
"GOLD10",30,40.7789
"GOLD10",31,53.7138
"GOLD10",32,42.051
"GOLD10",33,41.1867
"GOLD10",34,52.0007
"GOLD10",35,36.2324
"GOLD10",36,42.4909
"GOLD10",37,46.9903
"GOLD10",38,41.4768
"GOLD10",39,31.1816
"GOLD10",40,41.5551
"GOLD10",41,84.3855
"GOLD10",42,38.0607
"GOLD10",43,43.99
"GOLD10",44,39.4219
"GOLD10",45,38.1861
"GOLD10",46,50.3045
"GOLD10",47,37.0178
"GOLD10",48,35.5778
"GOLD10",49,62.7042
"GOLD10",50,53.8093
"GOLD10",51,41.6282
"GOLD10",52,91.8531
"GOLD10",53,55.9406
"GOLD10",54,80.6898
"GOLD10",55,66.2932
"GOLD10",56,43.3241
"GOLD10",57,64.4051
"GOLD10",58,28.4751
"GOLD10",59,33.7908
"GOLD10",60,35.7066
"GOLD10",61,28.4274
"GOLD10",62,32.583
"GOLD10",63,46.6543
"GOLD10",64,36.0439
"GOLD10",65,42.0139
"GOLD10",66,61.7284
"GOLD10",67,50.9973
"GOLD10",68,40.486
"GOLD10",69,80.9874
"GOLD10",70,55.1269
"GOLD10",71,48.5754
"GOLD10",72,42.9704
"GOLD10",73,38.6647
"GOLD10",74,59.4015
"GOLD10",75,73.7763
"GOLD10",76,66.1779
"GOLD10",77,47.3356
"GOLD10",78,60.2142
"GOLD10",79,45.8448
"GOLD10",80,41.1463
"GOLD10",81,45.716
"GOLD10",82,90.5248
"GOLD10",83,64.2879
"GOLD10",84,71.8757
"GOLD10",85,57.7849
"GOLD10",86,38.268
"GOLD10",87,34.0613
"GOLD10",88,34.5411
"GOLD10",89,30.2514
"GOLD10",90,90.7892
"GOLD10",91,42.992
"GOLD10",92,41.4823
"GOLD10",93,26.08
"GOLD10",94,55.0435
"GOLD10",95,102.9288
"GOLD10",96,37.7928
"GOLD10",97,31.3937
"GOLD10",98,40.8661
"GOLD10",99,69.1471
"GOLD10",100,40.929
"GOLD10",101,73.4862
"GOLD10",102,36.8816
"GOLD10",103,26.5155
"GOLD10",104,31.3844
"GOLD10",105,30.4622
"GOLD10",106,46.8166
"GOLD10",107,39.937
"GOLD10",108,41.9515
"GOLD10",109,82.1485
"GOLD10",110,47.6353
"GOLD10",111,52.8162
"GOLD10",112,34.8253
"GOLD10",113,84.3224
"GOLD10",114,31.4679
"GOLD10",115,53.5262
"GOLD10",116,44.2151
"GOLD10",117,66.6234
"GOLD10",118,76.5928
"GOLD10",119,49.2849
"GOLD10",120,29.5398
"GOLD10",121,47.9345
"GOLD10",122,38.5297
"GOLD10",123,44.8288
"GOLD10",124,48.951
"GOLD10",125,37.6694
"GOLD10",126,83.9388
"GOLD10",127,50.0516
"GOLD10",128,46.3642
"GOLD10",129,70.1762
"GOLD10",130,34.82
"GOLD10",131,69.0703
"GOLD10",132,35.6127
"GOLD10",133,40.9638
"GOLD10",134,40.097
"GOLD10",135,108.5909
"GOLD10",136,26.1458
"GOLD10",137,43.6819
"GOLD10",138,44.158
"GOLD10",139,33.07
"GOLD10",140,33.1255
"GOLD10",141,40.8514
"GOLD10",142,56.7322
"GOLD10",143,49.9371
"GOLD10",144,40.3388
"GOLD10",145,99.7488
"GOLD10",146,41.3704
"GOLD10",147,61.0956
"GOLD10",148,37.0284
"GOLD10",149,98.6334
"GOLD10",150,38.4927
"GOLD10",151,53.7121
"GOLD10",152,30.0981
"GOLD10",153,58.1248
"GOLD10",154,64.2855
"GOLD10",155,54.0789
"GOLD10",156,52.5659
"GOLD10",157,27.3761
"GOLD10",158,49.4602
"GOLD10",159,27.1689
"GOLD10",160,30.9634
"GOLD10",161,53.8681
"GOLD10",162,63.3996
"GOLD10",163,22.9996
"GOLD10",164,71.3777
"GOLD10",165,86.8486
"GOLD10",166,44.811
"GOLD10",167,49.6232
"GOLD10",168,27.2922
"GOLD10",169,81.1817
"GOLD10",170,33.9435
"GOLD10",171,33.4148
"GOLD10",172,39.1315
"GOLD10",173,58.7652
"GOLD10",174,54.5405
"GOLD10",175,43.9805
"GOLD10",176,48.3574
"GOLD10",177,30.4008
"GOLD10",178,51.613
"GOLD10",179,59.0545
"GOLD10",180,44.446
"GOLD10",181,60.6357
"GOLD10",182,59.9932
"GOLD10",183,43.6333
"GOLD10",184,27.7187
"GOLD10",185,43.8984
"GOLD10",186,34.1569
"GOLD10",187,45.575
"GOLD10",188,36.9021
"GOLD10",189,43.9909
"GOLD10",190,83.1453
"GOLD10",191,63.7796
"GOLD10",192,31.9073
"GOLD10",193,57.6249
"GOLD10",194,34.5927
"GOLD10",195,38.5681
"GOLD10",196,48.6356
"GOLD10",197,41.1733
"GOLD10",198,75.4841
"GOLD10",199,66.633
"GOLD10",200,53.4334
"GOLD11",1,36.916
"GOLD11",2,50.6387
"GOLD11",3,54.6759
"GOLD11",4,36.9625
"GOLD11",5,36.9193
"GOLD11",6,62.8552
"GOLD11",7,38.4029
"GOLD11",8,30.229
"GOLD11",9,31.0991
"GOLD11",10,52.4053
"GOLD11",11,30.8496
"GOLD11",12,33.0487
"GOLD11",13,39.2112
"GOLD11",14,45.0056
"GOLD11",15,62.1506
"GOLD11",16,30.6058
"GOLD11",17,31.1514
"GOLD11",18,50.4668
"GOLD11",19,26.3283
"GOLD11",20,55.3953
"GOLD11",21,37.4376
"GOLD11",22,39.004
"GOLD11",23,63.9659
"GOLD11",24,27.0773
"GOLD11",25,37.2806
"GOLD11",26,36.2179
"GOLD11",27,38.8144
"GOLD11",28,33.2033
"GOLD11",29,39.7438
"GOLD11",30,53.8242
"GOLD11",31,30.1149
"GOLD11",32,46.3576
"GOLD11",33,50.4502
"GOLD11",34,58.791
"GOLD11",35,41.0018
"GOLD11",36,52.1684
"GOLD11",37,46.3331
"GOLD11",38,37.9462
"GOLD11",39,40.1182
"GOLD11",40,41.3657
"GOLD11",41,188.7783
"GOLD11",42,42.8175
"GOLD11",43,37.7338
"GOLD11",44,23.3799
"GOLD11",45,26.5915
"GOLD11",46,35.6892
"GOLD11",47,41.3889
"GOLD11",48,39.1623
"GOLD11",49,49.5791
"GOLD11",50,64.477
"GOLD11",51,63.427
"GOLD11",52,69.7026
"GOLD11",53,61.3037
"GOLD11",54,46.6699
"GOLD11",55,43.1218
"GOLD11",56,33.5292
"GOLD11",57,46.7304
"GOLD11",58,43.2269
"GOLD11",59,35.5897
"GOLD11",60,42.4613
"GOLD11",61,31.9899
"GOLD11",62,29.6487
"GOLD11",63,47.3405
"GOLD11",64,32.3082
"GOLD11",65,35.346
"GOLD11",66,121.2959
"GOLD11",67,68.9726
"GOLD11",68,30.3206
"GOLD11",69,84.5688
"GOLD11",70,32.4972
"GOLD11",71,59.6105
"GOLD11",72,56.7074
"GOLD11",73,66.6366
"GOLD11",74,54.5838
"GOLD11",75,35.2131
"GOLD11",76,45.6123
"GOLD11",77,57.1614
"GOLD11",78,67.0451
"GOLD11",79,78.8874
"GOLD11",80,33.2942
"GOLD11",81,58.801
"GOLD11",82,55.7748
"GOLD11",83,51.9698
"GOLD11",84,42.2568
"GOLD11",85,30.8231
"GOLD11",86,35.8476
"GOLD11",87,35.17
"GOLD11",88,54.3214
"GOLD11",89,39.6457
"GOLD11",90,34.8215
"GOLD11",91,54.3861
"GOLD11",92,83.0028
"GOLD11",93,62.8239
"GOLD11",94,35.4849
"GOLD11",95,31.3803
"GOLD11",96,41.1088
"GOLD11",97,53.8178
"GOLD11",98,46.0137
"GOLD11",99,59.12
"GOLD11",100,23.5144
"GOLD11",101,27.6523
"GOLD11",102,80.2414
"GOLD11",103,31.2489
"GOLD11",104,38.0759
"GOLD11",105,57.2038
"GOLD11",106,39.6548
"GOLD11",107,36.6563
"GOLD11",108,34.8252
"GOLD11",109,54.9542
"GOLD11",110,42.1283
"GOLD11",111,69.416
"GOLD11",112,82.4947
"GOLD11",113,43.5223
"GOLD11",114,57.6503
"GOLD11",115,44.087
"GOLD11",116,70.7316
"GOLD11",117,45.5939
"GOLD11",118,45.7409
"GOLD11",119,38.3015
"GOLD11",120,35.0414
"GOLD11",121,42.6814
"GOLD11",122,40.1027
"GOLD11",123,49.5367
"GOLD11",124,48.0214
"GOLD11",125,42.1169
"GOLD11",126,69.148
"GOLD11",127,49.3958
"GOLD11",128,53.6629
"GOLD11",129,36.2778
"GOLD11",130,99.416
"GOLD11",131,40.5446
"GOLD11",132,37.238
"GOLD11",133,36.5183
"GOLD11",134,83.0517
"GOLD11",135,55.9829
"GOLD11",136,74.9195
"GOLD11",137,57.0418
"GOLD11",138,53.3767
"GOLD11",139,84.7454
"GOLD11",140,81.9426
"GOLD11",141,61.835
"GOLD11",142,27.8099
"GOLD11",143,76.2631
"GOLD11",144,29.807
"GOLD11",145,50.2026
"GOLD11",146,38.8161
"GOLD11",147,31.7347
"GOLD11",148,30.8473
"GOLD11",149,39.9417
"GOLD11",150,44.9032
"GOLD11",151,42.9903
"GOLD11",152,41.2005
"GOLD11",153,56.1542
"GOLD11",154,31.4442
"GOLD11",155,48.0766
"GOLD11",156,64.5256
"GOLD11",157,56.7919
"GOLD11",158,40.4254
"GOLD11",159,41.1798
"GOLD11",160,60.1807
"GOLD11",161,50.2132
"GOLD11",162,56.0014
"GOLD11",163,55.0825
"GOLD11",164,40.7186
"GOLD11",165,45.1809
"GOLD11",166,29.2186
"GOLD11",167,40.3469
"GOLD11",168,38.8954
"GOLD11",169,30.5309
"GOLD11",170,49.5068
"GOLD11",171,57.9463
"GOLD11",172,63.2485
"GOLD11",173,58.5939
"GOLD11",174,81.2869
"GOLD11",175,48.2279
"GOLD11",176,72.4709
"GOLD11",177,31.0022
"GOLD11",178,59.7922
"GOLD11",179,34.8508
"GOLD11",180,57.6522
"GOLD11",181,59.7766
"GOLD11",182,57.5455
"GOLD11",183,36.8886
"GOLD11",184,81.4134
"GOLD11",185,80.148
"GOLD11",186,52.9578
"GOLD11",187,31.6589
"GOLD11",188,46.527
"GOLD11",189,46.7726
"GOLD11",190,23.6029
"GOLD11",191,41.3995
"GOLD11",192,55.3901
"GOLD11",193,77.8511
"GOLD11",194,44.8401
"GOLD11",195,67.2964
"GOLD11",196,52.1004
"GOLD11",197,32.087
"GOLD11",198,30.1632
"GOLD11",199,38.9427
"GOLD11",200,64.0832
"GOLD12",1,61.3652
"GOLD12",2,29.2845
"GOLD12",3,115.2523
"GOLD12",4,30.9216
"GOLD12",5,28.6881
"GOLD12",6,25.138
"GOLD12",7,83.895
"GOLD12",8,48.6167
"GOLD12",9,29.4122
"GOLD12",10,28.6736
"GOLD12",11,42.6258
"GOLD12",12,86.9997
"GOLD12",13,44.5536
"GOLD12",14,58.6407
"GOLD12",15,31.1433
"GOLD12",16,82.266
"GOLD12",17,62.909
"GOLD12",18,46.9223
"GOLD12",19,29.6594
"GOLD12",20,48.0209
"GOLD12",21,69.621
"GOLD12",22,78.7138
"GOLD12",23,48.8702
"GOLD12",24,69.1282
"GOLD12",25,29.8535
"GOLD12",26,45.2065
"GOLD12",27,30.1164
"GOLD12",28,39.0411
"GOLD12",29,46.0196
"GOLD12",30,33.8476
"GOLD12",31,43.8125
"GOLD12",32,42.6354
"GOLD12",33,33.6912
"GOLD12",34,49.7962
"GOLD12",35,30.2692
"GOLD12",36,56.1973
"GOLD12",37,34.3844
"GOLD12",38,64.3498
"GOLD12",39,62.3492
"GOLD12",40,47.7459
"GOLD12",41,46.5827
"GOLD12",42,49.9556
"GOLD12",43,36.29
"GOLD12",44,40.1931
"GOLD12",45,57.4765
"GOLD12",46,68.9893
"GOLD12",47,29.0844
"GOLD12",48,44.3367
"GOLD12",49,51.9505
"GOLD12",50,40.602
"GOLD12",51,38.7687
"GOLD12",52,58.2618
"GOLD12",53,36.8829
"GOLD12",54,43.1549
"GOLD12",55,53.2994
"GOLD12",56,61.7125
"GOLD12",57,120.0887
"GOLD12",58,67.967
"GOLD12",59,70.1351
"GOLD12",60,54.9747
"GOLD12",61,44.7354
"GOLD12",62,83.7945
"GOLD12",63,85.8357
"GOLD12",64,71.7609
"GOLD12",65,46.2105
"GOLD12",66,59.4109
"GOLD12",67,58.8546
"GOLD12",68,39.7665
"GOLD12",69,51.8619
"GOLD12",70,59.5196
"GOLD12",71,133.4909
"GOLD12",72,25.1742
"GOLD12",73,32.8267
"GOLD12",74,35.2395
"GOLD12",75,38.4264
"GOLD12",76,44.9735
"GOLD12",77,46.4967
"GOLD12",78,53.1109
"GOLD12",79,72.9119
"GOLD12",80,47.8872
"GOLD12",81,43.7006
"GOLD12",82,94.2028
"GOLD12",83,24.9712
"GOLD12",84,72.9189
"GOLD12",85,61.3445
"GOLD12",86,29.9975
"GOLD12",87,63.8326
"GOLD12",88,48.115
"GOLD12",89,51.1217
"GOLD12",90,58.0867
"GOLD12",91,31.105
"GOLD12",92,43.806
"GOLD12",93,77.8552
"GOLD12",94,52.8229
"GOLD12",95,41.3665
"GOLD12",96,48.9356
"GOLD12",97,106.2345
"GOLD12",98,27.8987
"GOLD12",99,30.8715
"GOLD12",100,66.6851
"GOLD12",101,59.2429
"GOLD12",102,71.9471
"GOLD12",103,33.1262
"GOLD12",104,30.8881
"GOLD12",105,61.9856
"GOLD12",106,33.3004
"GOLD12",107,42.0735
"GOLD12",108,50.1394
"GOLD12",109,50.141
"GOLD12",110,55.385
"GOLD12",111,36.9373
"GOLD12",112,46.5761
"GOLD12",113,38.4997
"GOLD12",114,49.5835
"GOLD12",115,42.7775
"GOLD12",116,48.6844
"GOLD12",117,29.5506
"GOLD12",118,33.0888
"GOLD12",119,36.5061
"GOLD12",120,65.0255
"GOLD12",121,36.7957
"GOLD12",122,54.1166
"GOLD12",123,80.7986
"GOLD12",124,40.2172
"GOLD12",125,46.7285
"GOLD12",126,43.2118
"GOLD12",127,86.9942
"GOLD12",128,65.095
"GOLD12",129,38.2667
"GOLD12",130,47.5493
"GOLD12",131,43.0882
"GOLD12",132,50.9349
"GOLD12",133,44.018
"GOLD12",134,70.4109
"GOLD12",135,44.2797
"GOLD12",136,62.4983
"GOLD12",137,43.8595
"GOLD12",138,52.7671
"GOLD12",139,55.01
"GOLD12",140,41.7302
"GOLD12",141,53.0677
"GOLD12",142,76.7115
"GOLD12",143,73.7064
"GOLD12",144,35.9384
"GOLD12",145,38.813
"GOLD12",146,53.5081
"GOLD12",147,40.5915
"GOLD12",148,53.9298
"GOLD12",149,52.7167
"GOLD12",150,59.8848
"GOLD12",151,28.2102
"GOLD12",152,31.8419
"GOLD12",153,36.1673
"GOLD12",154,29.9692
"GOLD12",155,57.8576
"GOLD12",156,38.5384
"GOLD12",157,49.7764
"GOLD12",158,35.093
"GOLD12",159,69.7322
"GOLD12",160,34.3331
"GOLD12",161,96.9133
"GOLD12",162,45.0891
"GOLD12",163,43.8544
"GOLD12",164,49.2018
"GOLD12",165,67.8296
"GOLD12",166,29.3846
"GOLD12",167,26.6603
"GOLD12",168,65.9723
"GOLD12",169,31.2517
"GOLD12",170,67.8947
"GOLD12",171,19.9683
"GOLD12",172,45.321
"GOLD12",173,60.1255
"GOLD12",174,64.4566
"GOLD12",175,47.0953
"GOLD12",176,103.2199
"GOLD12",177,50.0909
"GOLD12",178,61.3475
"GOLD12",179,39.4896
"GOLD12",180,44.3216
"GOLD12",181,35.7098
"GOLD12",182,40.1341
"GOLD12",183,29.0385
"GOLD12",184,59.9747
"GOLD12",185,52.5687
"GOLD12",186,34.4347
"GOLD12",187,42.0804
"GOLD12",188,95.8935
"GOLD12",189,42.6492
"GOLD12",190,47.9017
"GOLD12",191,50.0381
"GOLD12",192,28.6753
"GOLD12",193,35.9757
"GOLD12",194,46.0621
"GOLD12",195,62.891
"GOLD12",196,64.0337
"GOLD12",197,47.9307
"GOLD12",198,43.6193
"GOLD12",199,24.7693
"GOLD12",200,35.9566
"GOLD13",1,48.6447
"GOLD13",2,44.0559
"GOLD13",3,44.0749
"GOLD13",4,31.501
"GOLD13",5,40.1655
"GOLD13",6,52.627
"GOLD13",7,70.646
"GOLD13",8,45.5844
"GOLD13",9,32.8819
"GOLD13",10,45.8429
"GOLD13",11,83.6632
"GOLD13",12,54.5061
"GOLD13",13,51.4947
"GOLD13",14,41.3678
"GOLD13",15,45.1689
"GOLD13",16,72.8642
"GOLD13",17,58.1047
"GOLD13",18,37.0592
"GOLD13",19,31.2534
"GOLD13",20,44.566
"GOLD13",21,57.2575
"GOLD13",22,30.5151
"GOLD13",23,30.1201
"GOLD13",24,46.0628
"GOLD13",25,39.5704
"GOLD13",26,65.2501
"GOLD13",27,48.7616
"GOLD13",28,61.0323
"GOLD13",29,33.1343
"GOLD13",30,78.3476
"GOLD13",31,55.1771
"GOLD13",32,50.3024
"GOLD13",33,47.9873
"GOLD13",34,48.4872
"GOLD13",35,70.3456
"GOLD13",36,77.8912
"GOLD13",37,56.2341
"GOLD13",38,42.7627
"GOLD13",39,46.0693
"GOLD13",40,37.3327
"GOLD13",41,47.5386
"GOLD13",42,41.6994
"GOLD13",43,56.0156
"GOLD13",44,71.1285
"GOLD13",45,57.3873
"GOLD13",46,51.3506
"GOLD13",47,41.2938
"GOLD13",48,58.3733
"GOLD13",49,34.7788
"GOLD13",50,38.8323
"GOLD13",51,39.0155
"GOLD13",52,35.2772
"GOLD13",53,48.7832
"GOLD13",54,34.1388
"GOLD13",55,60.105
"GOLD13",56,41.5633
"GOLD13",57,124.4457
"GOLD13",58,64.6689
"GOLD13",59,68.7723
"GOLD13",60,60.9961
"GOLD13",61,75.2303
"GOLD13",62,51.5368
"GOLD13",63,26.2997
"GOLD13",64,53.2427
"GOLD13",65,54.2223
"GOLD13",66,24.9143
"GOLD13",67,90.9387
"GOLD13",68,37.9547
"GOLD13",69,37.727
"GOLD13",70,44.2052
"GOLD13",71,58.6137
"GOLD13",72,72.5769
"GOLD13",73,67.0737
"GOLD13",74,39.3016
"GOLD13",75,51.1115
"GOLD13",76,28.5444
"GOLD13",77,29.979
"GOLD13",78,34.6708
"GOLD13",79,52.2452
"GOLD13",80,61.1588
"GOLD13",81,34.2354
"GOLD13",82,28.3748
"GOLD13",83,39.4719
"GOLD13",84,69.2071
"GOLD13",85,44.6437
"GOLD13",86,51.2387
"GOLD13",87,35.3905
"GOLD13",88,52.6002
"GOLD13",89,47.9085
"GOLD13",90,68.7844
"GOLD13",91,85.5888
"GOLD13",92,116.9202
"GOLD13",93,36.0338
"GOLD13",94,47.0491
"GOLD13",95,42.3671
"GOLD13",96,54.9777
"GOLD13",97,42.3278
"GOLD13",98,32.7914
"GOLD13",99,56.9737
"GOLD13",100,41.9653
"GOLD13",101,35.7962
"GOLD13",102,64.2545
"GOLD13",103,62.3909
"GOLD13",104,28.4499
"GOLD13",105,59.8116
"GOLD13",106,35.7718
"GOLD13",107,40.1924
"GOLD13",108,88.078
"GOLD13",109,53.2971
"GOLD13",110,60.1036
"GOLD13",111,45.0731
"GOLD13",112,54.0411
"GOLD13",113,34.605
"GOLD13",114,41.1941
"GOLD13",115,72.5477
"GOLD13",116,80.3601
"GOLD13",117,36.3279
"GOLD13",118,36.4465
"GOLD13",119,43.2166
"GOLD13",120,26.3494
"GOLD13",121,63.785
"GOLD13",122,65.9857
"GOLD13",123,46.1795
"GOLD13",124,28.1042
"GOLD13",125,51.5891
"GOLD13",126,29.5596
"GOLD13",127,35.3801
"GOLD13",128,43.9434
"GOLD13",129,53.3539
"GOLD13",130,37.2521
"GOLD13",131,38.8754
"GOLD13",132,38.8325
"GOLD13",133,51.457
"GOLD13",134,44.0082
"GOLD13",135,54.48
"GOLD13",136,74.6509
"GOLD13",137,40.3178
"GOLD13",138,45.3978
"GOLD13",139,48.0884
"GOLD13",140,23.4305
"GOLD13",141,44.3795
"GOLD13",142,87.7075
"GOLD13",143,39.0604
"GOLD13",144,67.1963
"GOLD13",145,28.457
"GOLD13",146,48.2671
"GOLD13",147,34.7125
"GOLD13",148,22.8074
"GOLD13",149,47.977
"GOLD13",150,71.0779
"GOLD13",151,39.5126
"GOLD13",152,37.3531
"GOLD13",153,77.4595
"GOLD13",154,90.1011
"GOLD13",155,36.8942
"GOLD13",156,64.2521
"GOLD13",157,37.9697
"GOLD13",158,57.5511
"GOLD13",159,56.8174
"GOLD13",160,48.829
"GOLD13",161,96.8206
"GOLD13",162,85.661
"GOLD13",163,59.9184
"GOLD13",164,31.3852
"GOLD13",165,48.0674
"GOLD13",166,39.3672
"GOLD13",167,60.2464
"GOLD13",168,49.3199
"GOLD13",169,39.3019
"GOLD13",170,56.0375
"GOLD13",171,46.0975
"GOLD13",172,55.0883
"GOLD13",173,40.6707
"GOLD13",174,58.8748
"GOLD13",175,29.9049
"GOLD13",176,52.5825
"GOLD13",177,51.5265
"GOLD13",178,33.7442
"GOLD13",179,53.6372
"GOLD13",180,32.6557
"GOLD13",181,59.1095
"GOLD13",182,43.3717
"GOLD13",183,41.3441
"GOLD13",184,64.1576
"GOLD13",185,47.3063
"GOLD13",186,48.8767
"GOLD13",187,49.849
"GOLD13",188,52.5797
"GOLD13",189,49.9731
"GOLD13",190,37.1642
"GOLD13",191,62.1032
"GOLD13",192,59.8376
"GOLD13",193,49.4098
"GOLD13",194,36.4645
"GOLD13",195,42.4521
"GOLD13",196,26.7752
"GOLD13",197,62.568
"GOLD13",198,77.6421
"GOLD13",199,65.2292
"GOLD13",200,46.4484
"GOLD14",1,34.0576
"GOLD14",2,33.0427
"GOLD14",3,47.6617
"GOLD14",4,57.5769
"GOLD14",5,36.369
"GOLD14",6,46.7841
"GOLD14",7,49.0883
"GOLD14",8,48.0298
"GOLD14",9,84.7237
"GOLD14",10,40.065
"GOLD14",11,81.2687
"GOLD14",12,49.1966
"GOLD14",13,55.8087
"GOLD14",14,44.8706
"GOLD14",15,45.4826
"GOLD14",16,42.1839
"GOLD14",17,40.3471
"GOLD14",18,26.549
"GOLD14",19,52.014
"GOLD14",20,50.4421
"GOLD14",21,53.2031
"GOLD14",22,43.3915
"GOLD14",23,56.2951
"GOLD14",24,56.4757
"GOLD14",25,53.3981
"GOLD14",26,47.1011
"GOLD14",27,37.3363
"GOLD14",28,33.2401
"GOLD14",29,79.3457
"GOLD14",30,31.9123
"GOLD14",31,49.3926
"GOLD14",32,50.7825
"GOLD14",33,47.0556
"GOLD14",34,39.2644
"GOLD14",35,92.9427
"GOLD14",36,31.3696
"GOLD14",37,34.4714
"GOLD14",38,44.579
"GOLD14",39,34.8567
"GOLD14",40,37.2927
"GOLD14",41,63.2243
"GOLD14",42,39.5862
"GOLD14",43,78.2941
"GOLD14",44,47.8823
"GOLD14",45,30.4251
"GOLD14",46,44.8816
"GOLD14",47,33.1819
"GOLD14",48,19.5247
"GOLD14",49,42.3052
"GOLD14",50,70.6215
"GOLD14",51,68.2655
"GOLD14",52,77.5179
"GOLD14",53,115.841
"GOLD14",54,75.9203
"GOLD14",55,77.6543
"GOLD14",56,28.248
"GOLD14",57,49.3669
"GOLD14",58,42.5629
"GOLD14",59,37.2464
"GOLD14",60,75.8909
"GOLD14",61,60.2508
"GOLD14",62,48.3332
"GOLD14",63,50.3212
"GOLD14",64,65.9901
"GOLD14",65,106.7846
"GOLD14",66,32.7004
"GOLD14",67,42.3616
"GOLD14",68,52.4379
"GOLD14",69,50.9409
"GOLD14",70,56.7662
"GOLD14",71,43.2308
"GOLD14",72,74.9218
"GOLD14",73,52.8687
"GOLD14",74,73.6982
"GOLD14",75,88.0612
"GOLD14",76,52.0189
"GOLD14",77,57.8603
"GOLD14",78,41.0963
"GOLD14",79,44.8737
"GOLD14",80,34.3141
"GOLD14",81,66.1186
"GOLD14",82,47.1413
"GOLD14",83,31.389
"GOLD14",84,70.0324
"GOLD14",85,35.9648
"GOLD14",86,39.5616
"GOLD14",87,38.5334
"GOLD14",88,43.7904
"GOLD14",89,35.5361
"GOLD14",90,46.6271
"GOLD14",91,52.1022
"GOLD14",92,56.3367
"GOLD14",93,73.8765
"GOLD14",94,31.57
"GOLD14",95,56.133
"GOLD14",96,58.9734
"GOLD14",97,31.4117
"GOLD14",98,45.3615
"GOLD14",99,26.4767
"GOLD14",100,52.4517
"GOLD14",101,28.5073
"GOLD14",102,47.7631
"GOLD14",103,59.9569
"GOLD14",104,30.1987
"GOLD14",105,26.9382
"GOLD14",106,39.0345
"GOLD14",107,33.7953
"GOLD14",108,48.8443
"GOLD14",109,48.8949
"GOLD14",110,62.0204
"GOLD14",111,44.9846
"GOLD14",112,63.9689
"GOLD14",113,45.5019
"GOLD14",114,35.8922
"GOLD14",115,58.4783
"GOLD14",116,43.461
"GOLD14",117,39.8222
"GOLD14",118,38.9166
"GOLD14",119,34.9786
"GOLD14",120,39.7119
"GOLD14",121,65.6172
"GOLD14",122,39.6929
"GOLD14",123,70.4056
"GOLD14",124,36.4173
"GOLD14",125,40.9668
"GOLD14",126,38.6797
"GOLD14",127,63.6516
"GOLD14",128,68.7197
"GOLD14",129,51.352
"GOLD14",130,74.0326
"GOLD14",131,38.9994
"GOLD14",132,80.1492
"GOLD14",133,83.2057
"GOLD14",134,74.8713
"GOLD14",135,40.2338
"GOLD14",136,49.301
"GOLD14",137,53.8636
"GOLD14",138,62.2634
"GOLD14",139,69.9951
"GOLD14",140,47.4644
"GOLD14",141,37.1302
"GOLD14",142,47.0832
"GOLD14",143,56.5012
"GOLD14",144,34.883
"GOLD14",145,54.0417
"GOLD14",146,73.0642
"GOLD14",147,46.6958
"GOLD14",148,42.3467
"GOLD14",149,79.7667
"GOLD14",150,36.9729
"GOLD14",151,31.0595
"GOLD14",152,44.4082
"GOLD14",153,39.4913
"GOLD14",154,53.3688
"GOLD14",155,42.6133
"GOLD14",156,33.6291
"GOLD14",157,25.0497
"GOLD14",158,86.1918
"GOLD14",159,54.8043
"GOLD14",160,193.907
"GOLD14",161,44.1142
"GOLD14",162,81.9821
"GOLD14",163,31.7671
"GOLD14",164,81.0668
"GOLD14",165,39.5402
"GOLD14",166,49.2018
"GOLD14",167,48.3467
"GOLD14",168,75.4404
"GOLD14",169,106.265
"GOLD14",170,40.8773
"GOLD14",171,39.2084
"GOLD14",172,64.9019
"GOLD14",173,42.7209
"GOLD14",174,55.4898
"GOLD14",175,40.4779
"GOLD14",176,34.0552
"GOLD14",177,43.5597
"GOLD14",178,72.4026
"GOLD14",179,100.6641
"GOLD14",180,38.0833
"GOLD14",181,44.2611
"GOLD14",182,42.5347
"GOLD14",183,69.941
"GOLD14",184,65.3626
"GOLD14",185,80.4346
"GOLD14",186,68.0024
"GOLD14",187,59.6279
"GOLD14",188,37.5976
"GOLD14",189,61.6398
"GOLD14",190,60.0998
"GOLD14",191,62.5913
"GOLD14",192,47.2603
"GOLD14",193,55.8005
"GOLD14",194,38.8018
"GOLD14",195,83.9735
"GOLD14",196,22.5417
"GOLD14",197,68.2094
"GOLD14",198,47.3561
"GOLD14",199,56.6363
"GOLD14",200,37.5963
"GOLD15",1,38.2905
"GOLD15",2,49.9878
"GOLD15",3,28.2059
"GOLD15",4,53.6572
"GOLD15",5,31.9992
"GOLD15",6,64.446
"GOLD15",7,70.6662
"GOLD15",8,53.3423
"GOLD15",9,50.7978
"GOLD15",10,40.7141
"GOLD15",11,136.9597
"GOLD15",12,54.0881
"GOLD15",13,88.5732
"GOLD15",14,43.7233
"GOLD15",15,67.9154
"GOLD15",16,46.8488
"GOLD15",17,61.969
"GOLD15",18,51.9935
"GOLD15",19,56.2379
"GOLD15",20,53.9549
"GOLD15",21,54.8194
"GOLD15",22,79.4161
"GOLD15",23,52.903
"GOLD15",24,37.4548
"GOLD15",25,29.5964
"GOLD15",26,80.4354
"GOLD15",27,37.8423
"GOLD15",28,98.9728
"GOLD15",29,37.396
"GOLD15",30,40.1148
"GOLD15",31,60.4245
"GOLD15",32,42.754
"GOLD15",33,74.3827
"GOLD15",34,38.3088
"GOLD15",35,36.0307
"GOLD15",36,62.6979
"GOLD15",37,63.194
"GOLD15",38,33.2227
"GOLD15",39,39.7576
"GOLD15",40,73.5315
"GOLD15",41,55.7128
"GOLD15",42,39.5581
"GOLD15",43,37.7077
"GOLD15",44,38.324
"GOLD15",45,61.5959
"GOLD15",46,59.9044
"GOLD15",47,57.232
"GOLD15",48,42.655
"GOLD15",49,39.1002
"GOLD15",50,54.8018
"GOLD15",51,36.424
"GOLD15",52,95.0919
"GOLD15",53,63.7664
"GOLD15",54,52.655
"GOLD15",55,39.467
"GOLD15",56,92.0655
"GOLD15",57,50.74
"GOLD15",58,54.6105
"GOLD15",59,54.5196
"GOLD15",60,80.2973
"GOLD15",61,56.7157
"GOLD15",62,65.7105
"GOLD15",63,35.4955
"GOLD15",64,56.7614
"GOLD15",65,61.2176
"GOLD15",66,34.8447
"GOLD15",67,30.6435
"GOLD15",68,36.522
"GOLD15",69,40.8837
"GOLD15",70,21.8315
"GOLD15",71,59.4287
"GOLD15",72,52.268
"GOLD15",73,41.1584
"GOLD15",74,45.4532
"GOLD15",75,109.6816
"GOLD15",76,57.2115
"GOLD15",77,59.017
"GOLD15",78,48.5682
"GOLD15",79,37.5355
"GOLD15",80,62.7286
"GOLD15",81,37.5498
"GOLD15",82,52.3068
"GOLD15",83,60.1101
"GOLD15",84,38.5763
"GOLD15",85,75.9518
"GOLD15",86,98.842
"GOLD15",87,61.4245
"GOLD15",88,34.716
"GOLD15",89,51.0558
"GOLD15",90,56.432
"GOLD15",91,62.5063
"GOLD15",92,36.0092
"GOLD15",93,42.8547
"GOLD15",94,50.0084
"GOLD15",95,44.2847
"GOLD15",96,48.286
"GOLD15",97,55.741
"GOLD15",98,42.6207
"GOLD15",99,35.7139
"GOLD15",100,73.8767
"GOLD15",101,65.9942
"GOLD15",102,39.8911
"GOLD15",103,38.9368
"GOLD15",104,49.9504
"GOLD15",105,32.8667
"GOLD15",106,41.0162
"GOLD15",107,35.61
"GOLD15",108,42.5646
"GOLD15",109,32.4728
"GOLD15",110,48.4442
"GOLD15",111,29.0476
"GOLD15",112,46.6838
"GOLD15",113,75.0542
"GOLD15",114,174.858
"GOLD15",115,55.4961
"GOLD15",116,36.9679
"GOLD15",117,48.8094
"GOLD15",118,75.4147
"GOLD15",119,53.9922
"GOLD15",120,55.328
"GOLD15",121,156.3055
"GOLD15",122,42.2731
"GOLD15",123,85.0601
"GOLD15",124,54.672
"GOLD15",125,34.2056
"GOLD15",126,47.1053
"GOLD15",127,73.131
"GOLD15",128,40.51
"GOLD15",129,63.5799
"GOLD15",130,59.0194
"GOLD15",131,61.6984
"GOLD15",132,77.6326
"GOLD15",133,34.0672
"GOLD15",134,34.3462
"GOLD15",135,66.8268
"GOLD15",136,28.5306
"GOLD15",137,32.3095
"GOLD15",138,39.4175
"GOLD15",139,68.8072
"GOLD15",140,83.4071
"GOLD15",141,38.3767
"GOLD15",142,45.8182
"GOLD15",143,62.0528
"GOLD15",144,60.6705
"GOLD15",145,208.9851
"GOLD15",146,71.1395
"GOLD15",147,45.8135
"GOLD15",148,95.2983
"GOLD15",149,33.9903
"GOLD15",150,71.1417
"GOLD15",151,58.7664
"GOLD15",152,50.8804
"GOLD15",153,42.1771
"GOLD15",154,45.165
"GOLD15",155,40.7845
"GOLD15",156,27.0874
"GOLD15",157,44.9751
"GOLD15",158,44.9894
"GOLD15",159,59.1559
"GOLD15",160,58.9767
"GOLD15",161,46.5038
"GOLD15",162,36.5399
"GOLD15",163,49.121
"GOLD15",164,75.0509
"GOLD15",165,75.8789
"GOLD15",166,62.7001
"GOLD15",167,50.2928
"GOLD15",168,41.676
"GOLD15",169,33.8037
"GOLD15",170,50.524
"GOLD15",171,51.9154
"GOLD15",172,55.5284
"GOLD15",173,119.0022
"GOLD15",174,45.0678
"GOLD15",175,24.3484
"GOLD15",176,59.9361
"GOLD15",177,83.9424
"GOLD15",178,42.1105
"GOLD15",179,67.9579
"GOLD15",180,51.9199
"GOLD15",181,79.5617
"GOLD15",182,96.4516
"GOLD15",183,51.2827
"GOLD15",184,38.2019
"GOLD15",185,29.5193
"GOLD15",186,39.6337
"GOLD15",187,36.1959
"GOLD15",188,74.9142
"GOLD15",189,31.6401
"GOLD15",190,51.8463
"GOLD15",191,50.9437
"GOLD15",192,68.0068
"GOLD15",193,57.8281
"GOLD15",194,50.9885
"GOLD15",195,54.0158
"GOLD15",196,42.9213
"GOLD15",197,127.4816
"GOLD15",198,67.3792
"GOLD15",199,37.6341
"GOLD15",200,48.2137
"GOLD16",1,59.5682
"GOLD16",2,29.1661
"GOLD16",3,32.6851
"GOLD16",4,84.1271
"GOLD16",5,68.7399
"GOLD16",6,28.0666
"GOLD16",7,47.5222
"GOLD16",8,45.7414
"GOLD16",9,73.2173
"GOLD16",10,32.2153
"GOLD16",11,71.6123
"GOLD16",12,54.8081
"GOLD16",13,33.7508
"GOLD16",14,47.9492
"GOLD16",15,41.0279
"GOLD16",16,68.9289
"GOLD16",17,49.2494
"GOLD16",18,27.4189
"GOLD16",19,48.3866
"GOLD16",20,63.7749
"GOLD16",21,53.0153
"GOLD16",22,79.6659
"GOLD16",23,43.2333
"GOLD16",24,57.1204
"GOLD16",25,47.8272
"GOLD16",26,72.9737
"GOLD16",27,65.4976
"GOLD16",28,61.3869
"GOLD16",29,30.1923
"GOLD16",30,40.497
"GOLD16",31,51.6281
"GOLD16",32,33.166
"GOLD16",33,42.4143
"GOLD16",34,36.603
"GOLD16",35,51.1196
"GOLD16",36,37.4524
"GOLD16",37,74.1913
"GOLD16",38,44.3524
"GOLD16",39,49.7043
"GOLD16",40,51.0143
"GOLD16",41,43.0847
"GOLD16",42,41.299
"GOLD16",43,52.2973
"GOLD16",44,71.0191
"GOLD16",45,52.5388
"GOLD16",46,83.7238
"GOLD16",47,38.5043
"GOLD16",48,47.6846
"GOLD16",49,78.9628
"GOLD16",50,43.5528
"GOLD16",51,41.92
"GOLD16",52,43.0982
"GOLD16",53,50.3249
"GOLD16",54,42.9442
"GOLD16",55,45.0832
"GOLD16",56,36.0968
"GOLD16",57,59.0688
"GOLD16",58,36.2797
"GOLD16",59,51.3045
"GOLD16",60,34.9819
"GOLD16",61,74.5343
"GOLD16",62,38.4385
"GOLD16",63,77.9334
"GOLD16",64,65.126
"GOLD16",65,63.7238
"GOLD16",66,97.937
"GOLD16",67,53.9132
"GOLD16",68,51.0367
"GOLD16",69,34.5626
"GOLD16",70,50.3748
"GOLD16",71,53.469
"GOLD16",72,47.5079
"GOLD16",73,56.8636
"GOLD16",74,37.1958
"GOLD16",75,39.9394
"GOLD16",76,30.9373
"GOLD16",77,83.3138
"GOLD16",78,41.2419
"GOLD16",79,75.0376
"GOLD16",80,100.3298
"GOLD16",81,32.4124
"GOLD16",82,32.41
"GOLD16",83,56.5934
"GOLD16",84,62.3508
"GOLD16",85,50.1699
"GOLD16",86,46.5523
"GOLD16",87,39.1592
"GOLD16",88,34.1618
"GOLD16",89,47.1681
"GOLD16",90,126.6484
"GOLD16",91,59.2089
"GOLD16",92,78.6642
"GOLD16",93,47.4642
"GOLD16",94,88.4196
"GOLD16",95,57.0388
"GOLD16",96,61.6848
"GOLD16",97,54.9011
"GOLD16",98,25.9962
"GOLD16",99,54.6403
"GOLD16",100,49.485
"GOLD16",101,53.5751
"GOLD16",102,83.3665
"GOLD16",103,47.2982
"GOLD16",104,50.7417
"GOLD16",105,41.8488
"GOLD16",106,44.8764
"GOLD16",107,58.3367
"GOLD16",108,58.559
"GOLD16",109,60.1601
"GOLD16",110,62.761
"GOLD16",111,52.1489
"GOLD16",112,31.8557
"GOLD16",113,55.5057
"GOLD16",114,61.8316
"GOLD16",115,42.0859
"GOLD16",116,55.9098
"GOLD16",117,69.0732
"GOLD16",118,39.4904
"GOLD16",119,40.7428
"GOLD16",120,56.9316
"GOLD16",121,58.9168
"GOLD16",122,33.754
"GOLD16",123,44.0732
"GOLD16",124,39.001
"GOLD16",125,80.4766
"GOLD16",126,65.476
"GOLD16",127,44.4452
"GOLD16",128,80.9591
"GOLD16",129,40.4691
"GOLD16",130,42.2845
"GOLD16",131,44.4887
"GOLD16",132,36.1202
"GOLD16",133,42.3075
"GOLD16",134,39.9405
"GOLD16",135,65.8546
"GOLD16",136,74.1857
"GOLD16",137,33.7264
"GOLD16",138,59.1287
"GOLD16",139,61.6231
"GOLD16",140,43.5436
"GOLD16",141,147.3586
"GOLD16",142,51.9742
"GOLD16",143,50.4579
"GOLD16",144,104.6574
"GOLD16",145,51.5081
"GOLD16",146,52.8686
"GOLD16",147,28.0943
"GOLD16",148,75.3559
"GOLD16",149,62.2997
"GOLD16",150,78.4275
"GOLD16",151,85.9291
"GOLD16",152,72.7339
"GOLD16",153,39.0478
"GOLD16",154,51.8462
"GOLD16",155,98.2659
"GOLD16",156,37.5414
"GOLD16",157,66.4734
"GOLD16",158,35.7749
"GOLD16",159,43.3043
"GOLD16",160,42.0929
"GOLD16",161,38.1357
"GOLD16",162,65.0131
"GOLD16",163,32.4308
"GOLD16",164,41.9255
"GOLD16",165,30.217
"GOLD16",166,46.6801
"GOLD16",167,39.749
"GOLD16",168,34.8088
"GOLD16",169,52.1831
"GOLD16",170,38.5658
"GOLD16",171,58.3413
"GOLD16",172,53.1896
"GOLD16",173,58.3525
"GOLD16",174,81.9749
"GOLD16",175,47.0792
"GOLD16",176,63.592
"GOLD16",177,67.8195
"GOLD16",178,41.7042
"GOLD16",179,100.0503
"GOLD16",180,77.8797
"GOLD16",181,46.1959
"GOLD16",182,70.0791
"GOLD16",183,47.4562
"GOLD16",184,63.5503
"GOLD16",185,52.4006
"GOLD16",186,47.8538
"GOLD16",187,53.1786
"GOLD16",188,42.2395
"GOLD16",189,51.7594
"GOLD16",190,39.6563
"GOLD16",191,27.4168
"GOLD16",192,47.4504
"GOLD16",193,74.8455
"GOLD16",194,45.3997
"GOLD16",195,32.7174
"GOLD16",196,52.5942
"GOLD16",197,46.3304
"GOLD16",198,48.9029
"GOLD16",199,35.5947
"GOLD16",200,52.4123
"GOLD17",1,49.5869
"GOLD17",2,55.2743
"GOLD17",3,38.1876
"GOLD17",4,55.502
"GOLD17",5,66.8454
"GOLD17",6,37.848
"GOLD17",7,41.3534
"GOLD17",8,46.533
"GOLD17",9,52.4614
"GOLD17",10,46.7231
"GOLD17",11,74.3678
"GOLD17",12,58.7403
"GOLD17",13,33.8388
"GOLD17",14,40.7381
"GOLD17",15,48.6045
"GOLD17",16,48.8703
"GOLD17",17,38.8075
"GOLD17",18,152.5687
"GOLD17",19,53.6397
"GOLD17",20,103.3387
"GOLD17",21,37.8832
"GOLD17",22,67.9158
"GOLD17",23,85.6945
"GOLD17",24,51.4921
"GOLD17",25,72.0385
"GOLD17",26,49.8004
"GOLD17",27,44.8764
"GOLD17",28,30.8282
"GOLD17",29,50.8308
"GOLD17",30,49.0998
"GOLD17",31,43.3231
"GOLD17",32,76.397
"GOLD17",33,57.8505
"GOLD17",34,106.3866
"GOLD17",35,53.8569
"GOLD17",36,32.2344
"GOLD17",37,52.1765
"GOLD17",38,58.4097
"GOLD17",39,36.9115
"GOLD17",40,39.0346
"GOLD17",41,32.1236
"GOLD17",42,26.8626
"GOLD17",43,37.7578
"GOLD17",44,47.3195
"GOLD17",45,63.1877
"GOLD17",46,43.7081
"GOLD17",47,58.6277
"GOLD17",48,50.5348
"GOLD17",49,47.4247
"GOLD17",50,31.8978
"GOLD17",51,32.9223
"GOLD17",52,85.3164
"GOLD17",53,64.3067
"GOLD17",54,46.4194
"GOLD17",55,69.5287
"GOLD17",56,50.4091
"GOLD17",57,52.4891
"GOLD17",58,41.6143
"GOLD17",59,56.2582
"GOLD17",60,83.5559
"GOLD17",61,50.7435
"GOLD17",62,47.9036
"GOLD17",63,35.6358
"GOLD17",64,57.3517
"GOLD17",65,82.116
"GOLD17",66,45.2499
"GOLD17",67,60.7385
"GOLD17",68,35.4441
"GOLD17",69,54.8169
"GOLD17",70,50.2562
"GOLD17",71,50.3018
"GOLD17",72,60.9923
"GOLD17",73,54.672
"GOLD17",74,95.8171
"GOLD17",75,55.8287
"GOLD17",76,69.9337
"GOLD17",77,25.5303
"GOLD17",78,47.4877
"GOLD17",79,75.3368
"GOLD17",80,45.9935
"GOLD17",81,54.2911
"GOLD17",82,52.4381
"GOLD17",83,64.1224
"GOLD17",84,39.0919
"GOLD17",85,29.5413
"GOLD17",86,41.0643
"GOLD17",87,30.7085
"GOLD17",88,91.5953
"GOLD17",89,56.7949
"GOLD17",90,41.933
"GOLD17",91,92.8545
"GOLD17",92,32.0007
"GOLD17",93,68.3934
"GOLD17",94,43.622
"GOLD17",95,60.682
"GOLD17",96,67.9532
"GOLD17",97,37.5775
"GOLD17",98,41.7145
"GOLD17",99,54.1331
"GOLD17",100,35.9167
"GOLD17",101,71.7476
"GOLD17",102,44.5662
"GOLD17",103,59.6585
"GOLD17",104,79.5686
"GOLD17",105,70.7787
"GOLD17",106,79.8161
"GOLD17",107,48.9456
"GOLD17",108,43.771
"GOLD17",109,66.6227
"GOLD17",110,32.3416
"GOLD17",111,28.4283
"GOLD17",112,23.5812
"GOLD17",113,65.4966
"GOLD17",114,53.7562
"GOLD17",115,33.4341
"GOLD17",116,49.1368
"GOLD17",117,74.3577
"GOLD17",118,61.4784
"GOLD17",119,49.0066
"GOLD17",120,39.3535
"GOLD17",121,58.3484
"GOLD17",122,83.6631
"GOLD17",123,50.0591
"GOLD17",124,46.3195
"GOLD17",125,43.2936
"GOLD17",126,51.1534
"GOLD17",127,55.3536
"GOLD17",128,82.4731
"GOLD17",129,71.1022
"GOLD17",130,109.1979
"GOLD17",131,64.6376
"GOLD17",132,26.8016
"GOLD17",133,31.7675
"GOLD17",134,53.8699
"GOLD17",135,60.1084
"GOLD17",136,25.4965
"GOLD17",137,39.7767
"GOLD17",138,42.001
"GOLD17",139,50.3796
"GOLD17",140,47.7904
"GOLD17",141,52.9366
"GOLD17",142,40.2538
"GOLD17",143,44.4058
"GOLD17",144,60.8665
"GOLD17",145,52.1878
"GOLD17",146,49.8203
"GOLD17",147,47.038
"GOLD17",148,55.6172
"GOLD17",149,50.5312
"GOLD17",150,42.9807
"GOLD17",151,46.8301
"GOLD17",152,52.3411
"GOLD17",153,53.7067
"GOLD17",154,38.2553
"GOLD17",155,63.4884
"GOLD17",156,35.8648
"GOLD17",157,38.3768
"GOLD17",158,84.349
"GOLD17",159,38.7037
"GOLD17",160,43.742
"GOLD17",161,57.4368
"GOLD17",162,62.5078
"GOLD17",163,38.3658
"GOLD17",164,98.2904
"GOLD17",165,80.2296
"GOLD17",166,38.6628
"GOLD17",167,52.1893
"GOLD17",168,61.8336
"GOLD17",169,43.4947
"GOLD17",170,66.1155
"GOLD17",171,40.5592
"GOLD17",172,52.6723
"GOLD17",173,47.1328
"GOLD17",174,51.7148
"GOLD17",175,46.9034
"GOLD17",176,60.8042
"GOLD17",177,46.9764
"GOLD17",178,62.5074
"GOLD17",179,41.7545
"GOLD17",180,50.5092
"GOLD17",181,60.7189
"GOLD17",182,50.6104
"GOLD17",183,41.168
"GOLD17",184,65.4146
"GOLD17",185,49.8858
"GOLD17",186,31.7641
"GOLD17",187,49.5719
"GOLD17",188,68.189
"GOLD17",189,41.4624
"GOLD17",190,58.6827
"GOLD17",191,63.8951
"GOLD17",192,41.7472
"GOLD17",193,54.555
"GOLD17",194,44.9618
"GOLD17",195,32.1739
"GOLD17",196,85.0433
"GOLD17",197,69.0219
"GOLD17",198,68.5108
"GOLD17",199,62.6743
"GOLD17",200,63.0798
"GOLD18",1,48.5133
"GOLD18",2,46.0729
"GOLD18",3,48.7451
"GOLD18",4,52.2881
"GOLD18",5,46.9429
"GOLD18",6,77.345
"GOLD18",7,60.8967
"GOLD18",8,83.0399
"GOLD18",9,32.2162
"GOLD18",10,38.6258
"GOLD18",11,37.7323
"GOLD18",12,37.1391
"GOLD18",13,44.6116
"GOLD18",14,31.7341
"GOLD18",15,70.5259
"GOLD18",16,61.3636
"GOLD18",17,120.2211
"GOLD18",18,53.0846
"GOLD18",19,44.3155
"GOLD18",20,62.5046
"GOLD18",21,41.2821
"GOLD18",22,60.691
"GOLD18",23,37.7167
"GOLD18",24,54.6132
"GOLD18",25,62.0755
"GOLD18",26,86.6199
"GOLD18",27,32.7951
"GOLD18",28,84.0257
"GOLD18",29,78.3476
"GOLD18",30,48.6272
"GOLD18",31,70.2879
"GOLD18",32,60.5407
"GOLD18",33,33.9963
"GOLD18",34,55.7172
"GOLD18",35,43.697
"GOLD18",36,54.4585
"GOLD18",37,53.4177
"GOLD18",38,47.1574
"GOLD18",39,51.2302
"GOLD18",40,37.6593
"GOLD18",41,42.5213
"GOLD18",42,63.5589
"GOLD18",43,61.3342
"GOLD18",44,56.2617
"GOLD18",45,35.0089
"GOLD18",46,47.592
"GOLD18",47,29.2714
"GOLD18",48,95.7359
"GOLD18",49,57.5599
"GOLD18",50,43.6121
"GOLD18",51,67.0138
"GOLD18",52,52.6995
"GOLD18",53,49.6656
"GOLD18",54,53.1813
"GOLD18",55,77.503
"GOLD18",56,49.0566
"GOLD18",57,54.7744
"GOLD18",58,70.1276
"GOLD18",59,78.5381
"GOLD18",60,105.9127
"GOLD18",61,88.391
"GOLD18",62,35.267
"GOLD18",63,56.1606
"GOLD18",64,109.1556
"GOLD18",65,33.8478
"GOLD18",66,72.0125
"GOLD18",67,57.3405
"GOLD18",68,30.6323
"GOLD18",69,43.5362
"GOLD18",70,55.0835
"GOLD18",71,47.1853
"GOLD18",72,47.7168
"GOLD18",73,42.2535
"GOLD18",74,90.0888
"GOLD18",75,34.4357
"GOLD18",76,39.1101
"GOLD18",77,86.0048
"GOLD18",78,40.4124
"GOLD18",79,69.2569
"GOLD18",80,40.4081
"GOLD18",81,54.0366
"GOLD18",82,86.0692
"GOLD18",83,55.1672
"GOLD18",84,55.8862
"GOLD18",85,41.483
"GOLD18",86,24.2259
"GOLD18",87,71.9506
"GOLD18",88,52.8681
"GOLD18",89,55.1822
"GOLD18",90,33.2638
"GOLD18",91,83.9704
"GOLD18",92,65.6248
"GOLD18",93,57.245
"GOLD18",94,131.5443
"GOLD18",95,49.6402
"GOLD18",96,44.1849
"GOLD18",97,49.6311
"GOLD18",98,54.3318
"GOLD18",99,69.2936
"GOLD18",100,56.0285
"GOLD18",101,40.8807
"GOLD18",102,57.2038
"GOLD18",103,54.7302
"GOLD18",104,45.2772
"GOLD18",105,39.5749
"GOLD18",106,54.8837
"GOLD18",107,60.1732
"GOLD18",108,44.5961
"GOLD18",109,40.4259
"GOLD18",110,60.9144
"GOLD18",111,116.6809
"GOLD18",112,66.4396
"GOLD18",113,38.534
"GOLD18",114,41.6046
"GOLD18",115,27.8225
"GOLD18",116,54.0728
"GOLD18",117,33.0487
"GOLD18",118,87.424
"GOLD18",119,57.3199
"GOLD18",120,37.3549
"GOLD18",121,37.9812
"GOLD18",122,32.5133
"GOLD18",123,33.1709
"GOLD18",124,22.1448
"GOLD18",125,41.6872
"GOLD18",126,80.0356
"GOLD18",127,63.2377
"GOLD18",128,46.9905
"GOLD18",129,104.9789
"GOLD18",130,80.8216
"GOLD18",131,49.0932
"GOLD18",132,42.4678
"GOLD18",133,72.0934
"GOLD18",134,85.5572
"GOLD18",135,69.1496
"GOLD18",136,71.9022
"GOLD18",137,44.346
"GOLD18",138,39.5258
"GOLD18",139,44.1964
"GOLD18",140,43.167
"GOLD18",141,57.1756
"GOLD18",142,61.7818
"GOLD18",143,74.7098
"GOLD18",144,68.1222
"GOLD18",145,67.8465
"GOLD18",146,60.5772
"GOLD18",147,68.4582
"GOLD18",148,59.2361
"GOLD18",149,39.11
"GOLD18",150,62.2479
"GOLD18",151,53.6095
"GOLD18",152,65.8122
"GOLD18",153,31.7027
"GOLD18",154,36.6793
"GOLD18",155,33.3439
"GOLD18",156,52.2376
"GOLD18",157,53.9179
"GOLD18",158,45.8841
"GOLD18",159,31.9829
"GOLD18",160,75.4577
"GOLD18",161,29.337
"GOLD18",162,55.8461
"GOLD18",163,42.889
"GOLD18",164,39.1535
"GOLD18",165,76.9503
"GOLD18",166,103.493
"GOLD18",167,91.0913
"GOLD18",168,36.3606
"GOLD18",169,39.4953
"GOLD18",170,39.257
"GOLD18",171,47.9865
"GOLD18",172,40.7935
"GOLD18",173,50.2079
"GOLD18",174,159.9552
"GOLD18",175,23.8823
"GOLD18",176,57.3157
"GOLD18",177,89.2107
"GOLD18",178,43.1609
"GOLD18",179,33.9793
"GOLD18",180,50.4357
"GOLD18",181,78.7677
"GOLD18",182,49.8946
"GOLD18",183,41.0561
"GOLD18",184,47.7424
"GOLD18",185,31.9613
"GOLD18",186,47.5034
"GOLD18",187,62.1294
"GOLD18",188,40.4905
"GOLD18",189,68.2255
"GOLD18",190,46.0778
"GOLD18",191,63.6251
"GOLD18",192,37.9244
"GOLD18",193,39.0913
"GOLD18",194,78.4634
"GOLD18",195,48.4941
"GOLD18",196,52.8248
"GOLD18",197,46.1773
"GOLD18",198,40.8842
"GOLD18",199,89.3236
"GOLD18",200,71.1313
"GOLD19",1,60.4593
"GOLD19",2,47.8214
"GOLD19",3,146.8574
"GOLD19",4,84.0539
"GOLD19",5,47.3418
"GOLD19",6,55.7732
"GOLD19",7,41.8288
"GOLD19",8,48.4094
"GOLD19",9,49.1897
"GOLD19",10,34.313
"GOLD19",11,117.3569
"GOLD19",12,98.9253
"GOLD19",13,36.1201
"GOLD19",14,33.2615
"GOLD19",15,55.7927
"GOLD19",16,54.0455
"GOLD19",17,67.8906
"GOLD19",18,48.5266
"GOLD19",19,55.5854
"GOLD19",20,33.0846
"GOLD19",21,57.5167
"GOLD19",22,41.595
"GOLD19",23,38.2653
"GOLD19",24,49.6978
"GOLD19",25,52.7813
"GOLD19",26,35.2886
"GOLD19",27,37.0214
"GOLD19",28,45.9244
"GOLD19",29,50.0423
"GOLD19",30,66.0006
"GOLD19",31,44.3391
"GOLD19",32,46.5208
"GOLD19",33,32.9074
"GOLD19",34,48.4226
"GOLD19",35,45.063
"GOLD19",36,42.2449
"GOLD19",37,37.4032
"GOLD19",38,43.6386
"GOLD19",39,48.6914
"GOLD19",40,56.3525
"GOLD19",41,65.3142
"GOLD19",42,42.4121
"GOLD19",43,34.6516
"GOLD19",44,88.1105
"GOLD19",45,30.9943
"GOLD19",46,58.6071
"GOLD19",47,46.663
"GOLD19",48,37.0305
"GOLD19",49,37.5728
"GOLD19",50,60.3285
"GOLD19",51,35.0935
"GOLD19",52,78.3423
"GOLD19",53,47.2754
"GOLD19",54,32.3967
"GOLD19",55,53.7226
"GOLD19",56,52.1274
"GOLD19",57,59.239
"GOLD19",58,57.781
"GOLD19",59,69.7244
"GOLD19",60,65.4621
"GOLD19",61,75.2292
"GOLD19",62,108.3736
"GOLD19",63,44.6363
"GOLD19",64,60.6749
"GOLD19",65,76.3064
"GOLD19",66,106.274
"GOLD19",67,79.2975
"GOLD19",68,41.6123
"GOLD19",69,69.6185
"GOLD19",70,35.8612
"GOLD19",71,41.0525
"GOLD19",72,40.8298
"GOLD19",73,97.0764
"GOLD19",74,50.8243
"GOLD19",75,41.7362
"GOLD19",76,52.2639
"GOLD19",77,92.8587
"GOLD19",78,43.1578
"GOLD19",79,56.0734
"GOLD19",80,67.2591
"GOLD19",81,51.186
"GOLD19",82,75.6558
"GOLD19",83,57.6364
"GOLD19",84,50.8317
"GOLD19",85,53.2702
"GOLD19",86,41.3332
"GOLD19",87,59.4297
"GOLD19",88,22.868
"GOLD19",89,82.429
"GOLD19",90,48.5472
"GOLD19",91,79.9268
"GOLD19",92,41.3158
"GOLD19",93,38.3058
"GOLD19",94,75.346
"GOLD19",95,49.1314
"GOLD19",96,68.9447
"GOLD19",97,61.2288
"GOLD19",98,53.9572
"GOLD19",99,53.88
"GOLD19",100,45.9613
"GOLD19",101,40.9771
"GOLD19",102,56.0456
"GOLD19",103,74.2396
"GOLD19",104,58.2742
"GOLD19",105,41.0248
"GOLD19",106,36.8729
"GOLD19",107,54.5199
"GOLD19",108,33.9386
"GOLD19",109,81.4108
"GOLD19",110,44.1089
"GOLD19",111,47.0189
"GOLD19",112,66.0141
"GOLD19",113,48.6081
"GOLD19",114,54.7486
"GOLD19",115,50.0038
"GOLD19",116,58.4707
"GOLD19",117,60.6569
"GOLD19",118,83.4422
"GOLD19",119,30.3462
"GOLD19",120,40.1024
"GOLD19",121,58.564
"GOLD19",122,73.9514
"GOLD19",123,48.7757
"GOLD19",124,81.9908
"GOLD19",125,68.1229
"GOLD19",126,64.2699
"GOLD19",127,60.4358
"GOLD19",128,63.037
"GOLD19",129,39.6557
"GOLD19",130,54.4423
"GOLD19",131,102.5688
"GOLD19",132,74.6533
"GOLD19",133,59.9952
"GOLD19",134,56.6394
"GOLD19",135,43.1595
"GOLD19",136,81.5555
"GOLD19",137,37.4637
"GOLD19",138,35.1097
"GOLD19",139,79.9704
"GOLD19",140,23.5034
"GOLD19",141,63.3142
"GOLD19",142,48.0982
"GOLD19",143,60.3124
"GOLD19",144,111.9519
"GOLD19",145,41.7192
"GOLD19",146,71.3433
"GOLD19",147,39.6531
"GOLD19",148,43.6822
"GOLD19",149,72.0621
"GOLD19",150,75.0443
"GOLD19",151,72.8896
"GOLD19",152,63.4997
"GOLD19",153,118.9408
"GOLD19",154,108.1015
"GOLD19",155,45.1928
"GOLD19",156,73.0791
"GOLD19",157,35.1434
"GOLD19",158,49.489
"GOLD19",159,64.2388
"GOLD19",160,39.2197
"GOLD19",161,51.6773
"GOLD19",162,56.4723
"GOLD19",163,41.5308
"GOLD19",164,70.555
"GOLD19",165,48.8121
"GOLD19",166,111.8799
"GOLD19",167,62.8941
"GOLD19",168,66.3029
"GOLD19",169,47.3999
"GOLD19",170,54.0376
"GOLD19",171,41.7497
"GOLD19",172,47.5216
"GOLD19",173,59.4963
"GOLD19",174,53.1136
"GOLD19",175,75.7458
"GOLD19",176,55.579
"GOLD19",177,41.1715
"GOLD19",178,59.7951
"GOLD19",179,46.2636
"GOLD19",180,104.4787
"GOLD19",181,86.672
"GOLD19",182,78.2437
"GOLD19",183,54.6972
"GOLD19",184,36.332
"GOLD19",185,67.3204
"GOLD19",186,42.7428
"GOLD19",187,43.1673
"GOLD19",188,43.4506
"GOLD19",189,42.7982
"GOLD19",190,57.2792
"GOLD19",191,58.092
"GOLD19",192,72.551
"GOLD19",193,46.9262
"GOLD19",194,54.3401
"GOLD19",195,98.7145
"GOLD19",196,91.1475
"GOLD19",197,30.1787
"GOLD19",198,84.2298
"GOLD19",199,61.771
"GOLD19",200,37.585
"GOLD20",1,68.3618
"GOLD20",2,38.0122
"GOLD20",3,68.3397
"GOLD20",4,116.0165
"GOLD20",5,61.9969
"GOLD20",6,51.5201
"GOLD20",7,86.9378
"GOLD20",8,46.2269
"GOLD20",9,41.3282
"GOLD20",10,90.0691
"GOLD20",11,35.2972
"GOLD20",12,67.763
"GOLD20",13,62.6812
"GOLD20",14,38.4185
"GOLD20",15,69.9941
"GOLD20",16,45.2254
"GOLD20",17,40.8813
"GOLD20",18,41.9388
"GOLD20",19,55.7006
"GOLD20",20,57.1097
"GOLD20",21,54.3475
"GOLD20",22,59.8839
"GOLD20",23,85.1257
"GOLD20",24,52.2373
"GOLD20",25,46.8374
"GOLD20",26,71.6256
"GOLD20",27,76.4786
"GOLD20",28,49.2675
"GOLD20",29,43.6849
"GOLD20",30,27.3923
"GOLD20",31,46.2014
"GOLD20",32,36.3421
"GOLD20",33,47.6552
"GOLD20",34,59.4068
"GOLD20",35,37.7373
"GOLD20",36,32.4892
"GOLD20",37,31.1555
"GOLD20",38,47.8357
"GOLD20",39,67.3207
"GOLD20",40,155.3077
"GOLD20",41,66.6043
"GOLD20",42,89.9665
"GOLD20",43,57.1755
"GOLD20",44,43.2645
"GOLD20",45,98.8983
"GOLD20",46,63.5543
"GOLD20",47,84.4912
"GOLD20",48,87.6963
"GOLD20",49,62.8822
"GOLD20",50,61.9038
"GOLD20",51,53.8277
"GOLD20",52,74.1506
"GOLD20",53,54.9284
"GOLD20",54,89.2939
"GOLD20",55,42.5923
"GOLD20",56,37.3633
"GOLD20",57,28.2879
"GOLD20",58,51.9741
"GOLD20",59,66.354
"GOLD20",60,39.3035
"GOLD20",61,49.0392
"GOLD20",62,70.0182
"GOLD20",63,157.6202
"GOLD20",64,58.8624
"GOLD20",65,52.8535
"GOLD20",66,39.2062
"GOLD20",67,47.3081
"GOLD20",68,35.473
"GOLD20",69,66.9439
"GOLD20",70,42.8442
"GOLD20",71,109.127
"GOLD20",72,42.6356
"GOLD20",73,114.5523
"GOLD20",74,43.6428
"GOLD20",75,54.9839
"GOLD20",76,50.2512
"GOLD20",77,39.1849
"GOLD20",78,74.3111
"GOLD20",79,47.2874
"GOLD20",80,46.0511
"GOLD20",81,52.0055
"GOLD20",82,85.3913
"GOLD20",83,44.9192
"GOLD20",84,60.8296
"GOLD20",85,61.3684
"GOLD20",86,53.4595
"GOLD20",87,69.167
"GOLD20",88,62.5251
"GOLD20",89,68.9367
"GOLD20",90,41.1049
"GOLD20",91,41.6189
"GOLD20",92,45.9847
"GOLD20",93,32.5508
"GOLD20",94,52.9352
"GOLD20",95,78.3951
"GOLD20",96,54.0511
"GOLD20",97,94.7102
"GOLD20",98,45.7433
"GOLD20",99,62.876
"GOLD20",100,65.5622
"GOLD20",101,42.1752
"GOLD20",102,82.6319
"GOLD20",103,43.2323
"GOLD20",104,40.585
"GOLD20",105,94.3964
"GOLD20",106,49.7016
"GOLD20",107,49.2797
"GOLD20",108,72.9266
"GOLD20",109,33.1134
"GOLD20",110,51.519
"GOLD20",111,33.8658
"GOLD20",112,64.5846
"GOLD20",113,64.8583
"GOLD20",114,69.1772
"GOLD20",115,43.9086
"GOLD20",116,88.5831
"GOLD20",117,30.3899
"GOLD20",118,41.5012
"GOLD20",119,38.3224
"GOLD20",120,44.5446
"GOLD20",121,44.2858
"GOLD20",122,56.9912
"GOLD20",123,46.4312
"GOLD20",124,43.4737
"GOLD20",125,70.5803
"GOLD20",126,45.0907
"GOLD20",127,60.6724
"GOLD20",128,79.3688
"GOLD20",129,49.0012
"GOLD20",130,45.5141
"GOLD20",131,74.0394
"GOLD20",132,80.0532
"GOLD20",133,57.7337
"GOLD20",134,90.4049
"GOLD20",135,82.7206
"GOLD20",136,55.055
"GOLD20",137,75.8679
"GOLD20",138,112.3523
"GOLD20",139,38.1634
"GOLD20",140,37.4563
"GOLD20",141,65.3911
"GOLD20",142,38.0651
"GOLD20",143,48.1386
"GOLD20",144,35.0707
"GOLD20",145,59.4664
"GOLD20",146,69.353
"GOLD20",147,44.3511
"GOLD20",148,45.8898
"GOLD20",149,38.9596
"GOLD20",150,54.8377
"GOLD20",151,58.3907
"GOLD20",152,47.5632
"GOLD20",153,51.8397
"GOLD20",154,41.4618
"GOLD20",155,44.1292
"GOLD20",156,85.824
"GOLD20",157,37.7359
"GOLD20",158,52.9008
"GOLD20",159,64.4872
"GOLD20",160,27.2144
"GOLD20",161,82.2457
"GOLD20",162,74.1693
"GOLD20",163,37.876
"GOLD20",164,70.4249
"GOLD20",165,45.9409
"GOLD20",166,59.4503
"GOLD20",167,32.2207
"GOLD20",168,81.9776
"GOLD20",169,44.5284
"GOLD20",170,58.6698
"GOLD20",171,41.5924
"GOLD20",172,128.5606
"GOLD20",173,31.4719
"GOLD20",174,41.8048
"GOLD20",175,57.2475
"GOLD20",176,70.2369
"GOLD20",177,61.3958
"GOLD20",178,49.1826
"GOLD20",179,51.8254
"GOLD20",180,42.2408
"GOLD20",181,41.6398
"GOLD20",182,58.948
"GOLD20",183,30.1299
"GOLD20",184,38.409
"GOLD20",185,34.8693
"GOLD20",186,53.9497
"GOLD20",187,85.9046
"GOLD20",188,37.0467
"GOLD20",189,87.5071
"GOLD20",190,57.9004
"GOLD20",191,57.5127
"GOLD20",192,64.3805
"GOLD20",193,51.2089
"GOLD20",194,71.9915
"GOLD20",195,70.1853
"GOLD20",196,38.4564
"GOLD20",197,49.3449
"GOLD20",198,62.9645
"GOLD20",199,55.8828
"GOLD20",200,46.9166
"GOLD21",1,40.455
"GOLD21",2,56.0518
"GOLD21",3,67.0229
"GOLD21",4,75.959
"GOLD21",5,66.4046
"GOLD21",6,62.0341
"GOLD21",7,41.2843
"GOLD21",8,34.2239
"GOLD21",9,105.6478
"GOLD21",10,53.8725
"GOLD21",11,44.0329
"GOLD21",12,49.5109
"GOLD21",13,41.9353
"GOLD21",14,75.8332
"GOLD21",15,61.7353
"GOLD21",16,41.046
"GOLD21",17,67.8477
"GOLD21",18,45.5768
"GOLD21",19,86.7823
"GOLD21",20,71.4572
"GOLD21",21,52.8736
"GOLD21",22,36.1241
"GOLD21",23,66.8998
"GOLD21",24,45.3001
"GOLD21",25,56.9152
"GOLD21",26,81.7509
"GOLD21",27,60.4361
"GOLD21",28,26.9316
"GOLD21",29,74.429
"GOLD21",30,42.25
"GOLD21",31,61.0816
"GOLD21",32,82.4964
"GOLD21",33,204.9708
"GOLD21",34,68.478
"GOLD21",35,68.6308
"GOLD21",36,46.0843
"GOLD21",37,50.5081
"GOLD21",38,37.1419
"GOLD21",39,60.6966
"GOLD21",40,66.259
"GOLD21",41,67.3082
"GOLD21",42,63.7237
"GOLD21",43,45.9805
"GOLD21",44,48.0924
"GOLD21",45,54.9672
"GOLD21",46,50.7329
"GOLD21",47,79.2214
"GOLD21",48,58.6768
"GOLD21",49,31.0523
"GOLD21",50,64.3302
"GOLD21",51,59.2439
"GOLD21",52,69.7002
"GOLD21",53,64.759
"GOLD21",54,45.6211
"GOLD21",55,59.0996
"GOLD21",56,70.6386
"GOLD21",57,40.5547
"GOLD21",58,50.2317
"GOLD21",59,54.4077
"GOLD21",60,76.1052
"GOLD21",61,66.3714
"GOLD21",62,28.7302
"GOLD21",63,92.2105
"GOLD21",64,62.025
"GOLD21",65,76.1874
"GOLD21",66,51.0269
"GOLD21",67,47.673
"GOLD21",68,77.6595
"GOLD21",69,67.0428
"GOLD21",70,72.8003
"GOLD21",71,50.6901
"GOLD21",72,47.7358
"GOLD21",73,109.5496
"GOLD21",74,41.3956
"GOLD21",75,91.4241
"GOLD21",76,41.043
"GOLD21",77,66.5232
"GOLD21",78,30.5283
"GOLD21",79,36.5037
"GOLD21",80,73.2754
"GOLD21",81,30.0812
"GOLD21",82,73.2309
"GOLD21",83,51.1852
"GOLD21",84,42.0428
"GOLD21",85,46.5807
"GOLD21",86,67.5579
"GOLD21",87,69.3023
"GOLD21",88,70.5704
"GOLD21",89,56.8524
"GOLD21",90,90.9861
"GOLD21",91,41.8991
"GOLD21",92,47.5535
"GOLD21",93,51.1542
"GOLD21",94,61.8508
"GOLD21",95,27.827
"GOLD21",96,45.3444
"GOLD21",97,45.6048
"GOLD21",98,92.7899
"GOLD21",99,73.7561
"GOLD21",100,61.2537
"GOLD21",101,93.5315
"GOLD21",102,60.646
"GOLD21",103,80.0687
"GOLD21",104,59.6268
"GOLD21",105,56.675
"GOLD21",106,31.2144
"GOLD21",107,49.4652
"GOLD21",108,35.6115
"GOLD21",109,55.2238
"GOLD21",110,45.2639
"GOLD21",111,63.6667
"GOLD21",112,33.4584
"GOLD21",113,53.7294
"GOLD21",114,64.1874
"GOLD21",115,57.7583
"GOLD21",116,89.1071
"GOLD21",117,56.6535
"GOLD21",118,52.8753
"GOLD21",119,112.8668
"GOLD21",120,53.0196
"GOLD21",121,37.3426
"GOLD21",122,53.7784
"GOLD21",123,59.0394
"GOLD21",124,100.0547
"GOLD21",125,34.7462
"GOLD21",126,70.7483
"GOLD21",127,42.0292
"GOLD21",128,79.8272
"GOLD21",129,93.2355
"GOLD21",130,68.5086
"GOLD21",131,47.7163
"GOLD21",132,47.8912
"GOLD21",133,72.5931
"GOLD21",134,47.3767
"GOLD21",135,39.3143
"GOLD21",136,109.4437
"GOLD21",137,56.1944
"GOLD21",138,67.372
"GOLD21",139,44.5612
"GOLD21",140,58.2857
"GOLD21",141,36.7419
"GOLD21",142,46.8505
"GOLD21",143,49.2619
"GOLD21",144,65.2128
"GOLD21",145,52.3709
"GOLD21",146,34.0656
"GOLD21",147,42.8422
"GOLD21",148,39.673
"GOLD21",149,60.578
"GOLD21",150,53.0837
"GOLD21",151,71.5304
"GOLD21",152,47.4695
"GOLD21",153,64.4341
"GOLD21",154,46.0933
"GOLD21",155,133.2736
"GOLD21",156,46.33
"GOLD21",157,38.958
"GOLD21",158,95.9663
"GOLD21",159,32.2216
"GOLD21",160,47.2918
"GOLD21",161,46.3144
"GOLD21",162,101.3178
"GOLD21",163,97.6869
"GOLD21",164,77.5131
"GOLD21",165,58.5715
"GOLD21",166,76.7735
"GOLD21",167,46.0104
"GOLD21",168,47.8283
"GOLD21",169,63.0811
"GOLD21",170,30.7553
"GOLD21",171,51.9729
"GOLD21",172,105.4258
"GOLD21",173,57.3329
"GOLD21",174,60.6747
"GOLD21",175,77.7279
"GOLD21",176,89.7527
"GOLD21",177,96.6246
"GOLD21",178,65.42
"GOLD21",179,124.3403
"GOLD21",180,69.4408
"GOLD21",181,62.7486
"GOLD21",182,48.5803
"GOLD21",183,75.509
"GOLD21",184,42.2843
"GOLD21",185,65.7688
"GOLD21",186,49.9182
"GOLD21",187,48.6953
"GOLD21",188,68.7611
"GOLD21",189,75.2504
"GOLD21",190,45.3886
"GOLD21",191,98.7398
"GOLD21",192,47.1952
"GOLD21",193,63.8887
"GOLD21",194,45.5847
"GOLD21",195,52.6596
"GOLD21",196,91.0037
"GOLD21",197,88.4529
"GOLD21",198,75.5636
"GOLD21",199,64.4661
"GOLD21",200,54.6954
"GOLD22",1,55.7482
"GOLD22",2,41.4696
"GOLD22",3,38.0375
"GOLD22",4,46.6463
"GOLD22",5,55.5192
"GOLD22",6,57.2225
"GOLD22",7,37.5718
"GOLD22",8,60.7919
"GOLD22",9,62.3445
"GOLD22",10,40.3577
"GOLD22",11,53.156
"GOLD22",12,39.4425
"GOLD22",13,51.8179
"GOLD22",14,41.734
"GOLD22",15,47.8828
"GOLD22",16,52.9478
"GOLD22",17,74.4493
"GOLD22",18,45.2413
"GOLD22",19,79.718
"GOLD22",20,28.9832
"GOLD22",21,51.0995
"GOLD22",22,68.1444
"GOLD22",23,35.4818
"GOLD22",24,56.7535
"GOLD22",25,51.4991
"GOLD22",26,132.786
"GOLD22",27,78.8627
"GOLD22",28,41.5702
"GOLD22",29,79.1415
"GOLD22",30,59.7082
"GOLD22",31,93.5649
"GOLD22",32,68.8831
"GOLD22",33,74.1537
"GOLD22",34,69.352
"GOLD22",35,55.5128
"GOLD22",36,81.6765
"GOLD22",37,135.546
"GOLD22",38,34.3991
"GOLD22",39,47.4697
"GOLD22",40,55.1733
"GOLD22",41,44.8588
"GOLD22",42,44.9597
"GOLD22",43,54.1649
"GOLD22",44,61.1188
"GOLD22",45,57.4576
"GOLD22",46,51.8458
"GOLD22",47,53.2622
"GOLD22",48,64.4635
"GOLD22",49,58.2317
"GOLD22",50,37.8296
"GOLD22",51,109.2445
"GOLD22",52,91.8902
"GOLD22",53,77.5773
"GOLD22",54,77.0368
"GOLD22",55,76.9597
"GOLD22",56,60.3219
"GOLD22",57,49.5303
"GOLD22",58,42.6729
"GOLD22",59,52.0448
"GOLD22",60,79.7086
"GOLD22",61,168.3353
"GOLD22",62,32.5208
"GOLD22",63,42.1252
"GOLD22",64,66.3884
"GOLD22",65,52.8512
"GOLD22",66,47.4392
"GOLD22",67,76.0781
"GOLD22",68,45.9409
"GOLD22",69,40.7627
"GOLD22",70,78.0571
"GOLD22",71,65.8608
"GOLD22",72,42.6046
"GOLD22",73,104.3145
"GOLD22",74,58.7493
"GOLD22",75,56.54
"GOLD22",76,40.072
"GOLD22",77,51.306
"GOLD22",78,50.5149
"GOLD22",79,46.8671
"GOLD22",80,41.6234
"GOLD22",81,42.2965
"GOLD22",82,69.3142
"GOLD22",83,59.2605
"GOLD22",84,60.9702
"GOLD22",85,42.5267
"GOLD22",86,79.9326
"GOLD22",87,58.9314
"GOLD22",88,55.173
"GOLD22",89,42.5724
"GOLD22",90,86.8925
"GOLD22",91,96.5516
"GOLD22",92,55.836
"GOLD22",93,49.0323
"GOLD22",94,31.3508
"GOLD22",95,48.1639
"GOLD22",96,37.4445
"GOLD22",97,74.771
"GOLD22",98,51.3221
"GOLD22",99,59.2931
"GOLD22",100,71.6571
"GOLD22",101,67.0385
"GOLD22",102,95.3749
"GOLD22",103,40.122
"GOLD22",104,68.1892
"GOLD22",105,58.4631
"GOLD22",106,67.465
"GOLD22",107,84.8399
"GOLD22",108,94.3425
"GOLD22",109,80.3844
"GOLD22",110,33.6392
"GOLD22",111,45.8353
"GOLD22",112,74.5266
"GOLD22",113,67.5852
"GOLD22",114,39.6052
"GOLD22",115,37.8369
"GOLD22",116,86.5464
"GOLD22",117,76.7866
"GOLD22",118,42.094
"GOLD22",119,52.1549
"GOLD22",120,57.5472
"GOLD22",121,47.8147
"GOLD22",122,39.7979
"GOLD22",123,30.8582
"GOLD22",124,67.2301
"GOLD22",125,85.986
"GOLD22",126,50.7167
"GOLD22",127,64.0016
"GOLD22",128,52.3005
"GOLD22",129,48.1871
"GOLD22",130,56.3906
"GOLD22",131,39.5992
"GOLD22",132,51.8329
"GOLD22",133,58.0657
"GOLD22",134,70.2644
"GOLD22",135,144.9618
"GOLD22",136,57.8492
"GOLD22",137,125.8475
"GOLD22",138,74.4014
"GOLD22",139,73.5783
"GOLD22",140,67.5476
"GOLD22",141,46.5315
"GOLD22",142,88.4019
"GOLD22",143,59.3999
"GOLD22",144,46.0385
"GOLD22",145,57.6048
"GOLD22",146,83.7529
"GOLD22",147,38.8107
"GOLD22",148,40.3067
"GOLD22",149,94.9019
"GOLD22",150,43.4004
"GOLD22",151,74.3152
"GOLD22",152,45.4338
"GOLD22",153,49.4131
"GOLD22",154,43.2278
"GOLD22",155,50.1897
"GOLD22",156,74.8637
"GOLD22",157,44.743
"GOLD22",158,40.0546
"GOLD22",159,82.7843
"GOLD22",160,68.085
"GOLD22",161,47.4176
"GOLD22",162,48.5919
"GOLD22",163,92.2765
"GOLD22",164,61.5821
"GOLD22",165,37.8376
"GOLD22",166,56.8394
"GOLD22",167,96.9476
"GOLD22",168,72.9077
"GOLD22",169,52.2969
"GOLD22",170,61.6597
"GOLD22",171,37.7127
"GOLD22",172,52.094
"GOLD22",173,30.3723
"GOLD22",174,56.9941
"GOLD22",175,51.4099
"GOLD22",176,46.1571
"GOLD22",177,40.8037
"GOLD22",178,42.0714
"GOLD22",179,50.6423
"GOLD22",180,75.9816
"GOLD22",181,75.6667
"GOLD22",182,44.8324
"GOLD22",183,62.6118
"GOLD22",184,51.1334
"GOLD22",185,49.3406
"GOLD22",186,39.2392
"GOLD22",187,47.5996
"GOLD22",188,41.3668
"GOLD22",189,75.9369
"GOLD22",190,30.8163
"GOLD22",191,43.1048
"GOLD22",192,87.523
"GOLD22",193,46.1928
"GOLD22",194,101.5459
"GOLD22",195,45.6851
"GOLD22",196,64.0228
"GOLD22",197,60.9836
"GOLD22",198,36.6973
"GOLD22",199,60.5833
"GOLD22",200,43.927
"GOLD23",1,81.8433
"GOLD23",2,101.1393
"GOLD23",3,61.3837
"GOLD23",4,23.9917
"GOLD23",5,63.3252
"GOLD23",6,63.4012
"GOLD23",7,45.1312
"GOLD23",8,34.8045
"GOLD23",9,46.1105
"GOLD23",10,48.4143
"GOLD23",11,70.8639
"GOLD23",12,66.0807
"GOLD23",13,75.0709
"GOLD23",14,51.717
"GOLD23",15,116.4106
"GOLD23",16,143.6165
"GOLD23",17,86.771
"GOLD23",18,45.4742
"GOLD23",19,36.5313
"GOLD23",20,74.2542
"GOLD23",21,92.855
"GOLD23",22,59.8939
"GOLD23",23,97.1945
"GOLD23",24,47.1156
"GOLD23",25,78.8076
"GOLD23",26,38.0201
"GOLD23",27,47.6002
"GOLD23",28,34.3518
"GOLD23",29,86.0098
"GOLD23",30,32.7503
"GOLD23",31,73.0903
"GOLD23",32,31.2167
"GOLD23",33,67.1105
"GOLD23",34,48.6798
"GOLD23",35,38.8689
"GOLD23",36,46.169
"GOLD23",37,113.8731
"GOLD23",38,43.8209
"GOLD23",39,54.2533
"GOLD23",40,60.605
"GOLD23",41,34.1585
"GOLD23",42,148.2193
"GOLD23",43,60.3429
"GOLD23",44,66.184
"GOLD23",45,47.3377
"GOLD23",46,52.562
"GOLD23",47,52.2092
"GOLD23",48,33.8172
"GOLD23",49,42.8146
"GOLD23",50,61.0862
"GOLD23",51,57.4193
"GOLD23",52,46.0041
"GOLD23",53,83.146
"GOLD23",54,78.0917
"GOLD23",55,67.5291
"GOLD23",56,62.3927
"GOLD23",57,53.342
"GOLD23",58,56.0486
"GOLD23",59,65.2596
"GOLD23",60,56.7098
"GOLD23",61,69.0634
"GOLD23",62,46.7927
"GOLD23",63,43.2735
"GOLD23",64,49.5651
"GOLD23",65,37.1767
"GOLD23",66,51.0966
"GOLD23",67,58.5369
"GOLD23",68,67.1721
"GOLD23",69,28.0306
"GOLD23",70,58.8014
"GOLD23",71,163.6166
"GOLD23",72,42.0395
"GOLD23",73,77.6935
"GOLD23",74,31.2522
"GOLD23",75,33.3085
"GOLD23",76,67.0132
"GOLD23",77,114.5476
"GOLD23",78,76.7714
"GOLD23",79,53.0547
"GOLD23",80,67.6189
"GOLD23",81,52.2711
"GOLD23",82,56.4912
"GOLD23",83,82.7733
"GOLD23",84,57.1877
"GOLD23",85,28.6503
"GOLD23",86,59.9228
"GOLD23",87,38.9578
"GOLD23",88,49.6951
"GOLD23",89,51.5467
"GOLD23",90,69.0131
"GOLD23",91,66.4154
"GOLD23",92,27.1785
"GOLD23",93,84.3874
"GOLD23",94,58.0707
"GOLD23",95,80.1503
"GOLD23",96,90.4448
"GOLD23",97,55.8932
"GOLD23",98,49.5067
"GOLD23",99,65.6623
"GOLD23",100,59.0654
"GOLD23",101,24.7305
"GOLD23",102,40.9477
"GOLD23",103,41.0672
"GOLD23",104,56.6944
"GOLD23",105,69.8079
"GOLD23",106,45.0317
"GOLD23",107,60.4117
"GOLD23",108,95.3919
"GOLD23",109,64.9225
"GOLD23",110,50.0216
"GOLD23",111,41.3238
"GOLD23",112,67.5549
"GOLD23",113,41.3245
"GOLD23",114,62.2856
"GOLD23",115,47.396
"GOLD23",116,29.6151
"GOLD23",117,100.2442
"GOLD23",118,63.5119
"GOLD23",119,50.4344
"GOLD23",120,102.6506
"GOLD23",121,52.0782
"GOLD23",122,66.7059
"GOLD23",123,56.8284
"GOLD23",124,59.5907
"GOLD23",125,64.5851
"GOLD23",126,58.3676
"GOLD23",127,36.4227
"GOLD23",128,58.6778
"GOLD23",129,63.9159
"GOLD23",130,56.4998
"GOLD23",131,63.8384
"GOLD23",132,59.7812
"GOLD23",133,42.6991
"GOLD23",134,103.2217
"GOLD23",135,40.8065
"GOLD23",136,43.0288
"GOLD23",137,57.2334
"GOLD23",138,55.9094
"GOLD23",139,53.3687
"GOLD23",140,57.191
"GOLD23",141,49.8206
"GOLD23",142,46.6679
"GOLD23",143,41.4775
"GOLD23",144,35.7
"GOLD23",145,37.2854
"GOLD23",146,52.861
"GOLD23",147,37.3777
"GOLD23",148,52.6691
"GOLD23",149,55.3105
"GOLD23",150,78.1631
"GOLD23",151,64.238
"GOLD23",152,42.8401
"GOLD23",153,47.8416
"GOLD23",154,52.9058
"GOLD23",155,65.4079
"GOLD23",156,52.8764
"GOLD23",157,53.5941
"GOLD23",158,66.701
"GOLD23",159,180.562
"GOLD23",160,45.5173
"GOLD23",161,39.0439
"GOLD23",162,48.8893
"GOLD23",163,84.6817
"GOLD23",164,76.6313
"GOLD23",165,37.4788
"GOLD23",166,35.6306
"GOLD23",167,37.1696
"GOLD23",168,60.0717
"GOLD23",169,35.6061
"GOLD23",170,53.3036
"GOLD23",171,70.0733
"GOLD23",172,68.2793
"GOLD23",173,55.6531
"GOLD23",174,29.0046
"GOLD23",175,58.44
"GOLD23",176,72.7806
"GOLD23",177,47.9195
"GOLD23",178,65.596
"GOLD23",179,79.4103
"GOLD23",180,61.2149
"GOLD23",181,121.0464
"GOLD23",182,70.5642
"GOLD23",183,44.0186
"GOLD23",184,52.9384
"GOLD23",185,54.7804
"GOLD23",186,45.2378
"GOLD23",187,32.4689
"GOLD23",188,60.3931
"GOLD23",189,31.0915
"GOLD23",190,72.4658
"GOLD23",191,57.7718
"GOLD23",192,63.724
"GOLD23",193,48.9048
"GOLD23",194,56.178
"GOLD23",195,112.4311
"GOLD23",196,43.4648
"GOLD23",197,52.5463
"GOLD23",198,68.8552
"GOLD23",199,100.5818
"GOLD23",200,74.1043
"GOLD24",1,44.9482
"GOLD24",2,48.1353
"GOLD24",3,66.1979
"GOLD24",4,51.3884
"GOLD24",5,57.3094
"GOLD24",6,46.0364
"GOLD24",7,78.5807
"GOLD24",8,70.7334
"GOLD24",9,91.3855
"GOLD24",10,58.2201
"GOLD24",11,97.9984
"GOLD24",12,49.4916
"GOLD24",13,60.4219
"GOLD24",14,75.0441
"GOLD24",15,60.3404
"GOLD24",16,61.4641
"GOLD24",17,33.1731
"GOLD24",18,117.3348
"GOLD24",19,67.2875
"GOLD24",20,67.8628
"GOLD24",21,31.9881
"GOLD24",22,70.0489
"GOLD24",23,51.79
"GOLD24",24,50.3465
"GOLD24",25,124.2754
"GOLD24",26,57.4717
"GOLD24",27,39.0859
"GOLD24",28,80.1418
"GOLD24",29,33.9135
"GOLD24",30,63.0762
"GOLD24",31,97.535
"GOLD24",32,52.34
"GOLD24",33,74.9708
"GOLD24",34,48.3766
"GOLD24",35,98.5677
"GOLD24",36,39.9967
"GOLD24",37,54.4791
"GOLD24",38,163.3346
"GOLD24",39,89.2543
"GOLD24",40,63.0772
"GOLD24",41,63.9263
"GOLD24",42,40.8231
"GOLD24",43,64.3768
"GOLD24",44,60.1356
"GOLD24",45,86.1696
"GOLD24",46,49.134
"GOLD24",47,74.6315
"GOLD24",48,54.301
"GOLD24",49,133.2939
"GOLD24",50,57.1162
"GOLD24",51,48.7168
"GOLD24",52,51.6174
"GOLD24",53,59.96
"GOLD24",54,62.9548
"GOLD24",55,33.3044
"GOLD24",56,57.8746
"GOLD24",57,59.981
"GOLD24",58,53.0247
"GOLD24",59,61.0964
"GOLD24",60,104.1471
"GOLD24",61,60.2193
"GOLD24",62,55.8869
"GOLD24",63,68.3788
"GOLD24",64,68.6692
"GOLD24",65,52.2151
"GOLD24",66,61.1885
"GOLD24",67,60.3867
"GOLD24",68,67.1992
"GOLD24",69,50.3904
"GOLD24",70,75.7642
"GOLD24",71,53.6108
"GOLD24",72,74.7864
"GOLD24",73,32.1188
"GOLD24",74,38.9204
"GOLD24",75,51.3895
"GOLD24",76,59.8237
"GOLD24",77,96.0859
"GOLD24",78,32.3998
"GOLD24",79,61.9297
"GOLD24",80,70.9372
"GOLD24",81,78.5621
"GOLD24",82,64.3675
"GOLD24",83,57.4947
"GOLD24",84,88.7946
"GOLD24",85,59.8081
"GOLD24",86,36.5261
"GOLD24",87,46.4884
"GOLD24",88,43.1013
"GOLD24",89,44.722
"GOLD24",90,79.5387
"GOLD24",91,57.4435
"GOLD24",92,47.5585
"GOLD24",93,53.9796
"GOLD24",94,49.9761
"GOLD24",95,64.9579
"GOLD24",96,69.5773
"GOLD24",97,91.6536
"GOLD24",98,49.5064
"GOLD24",99,105.1889
"GOLD24",100,71.0127
"GOLD24",101,59.3039
"GOLD24",102,40.1942
"GOLD24",103,47.6416
"GOLD24",104,43.5755
"GOLD24",105,63.0318
"GOLD24",106,90.5057
"GOLD24",107,60.5282
"GOLD24",108,44.9405
"GOLD24",109,83.4592
"GOLD24",110,50.8591
"GOLD24",111,54.6215
"GOLD24",112,44.8704
"GOLD24",113,55.997
"GOLD24",114,58.3862
"GOLD24",115,48.7171
"GOLD24",116,56.7212
"GOLD24",117,62.1115
"GOLD24",118,68.0523
"GOLD24",119,48.1994
"GOLD24",120,72.262
"GOLD24",121,46.2217
"GOLD24",122,79.7726
"GOLD24",123,73.1733
"GOLD24",124,45.0917
"GOLD24",125,55.4172
"GOLD24",126,54.8179
"GOLD24",127,88.2026
"GOLD24",128,38.5132
"GOLD24",129,61.3491
"GOLD24",130,73.931
"GOLD24",131,54.6179
"GOLD24",132,61.7952
"GOLD24",133,43.9346
"GOLD24",134,54.2252
"GOLD24",135,66.9062
"GOLD24",136,59.459
"GOLD24",137,43.7913
"GOLD24",138,60.689
"GOLD24",139,102.9387
"GOLD24",140,61.0716
"GOLD24",141,92.9736
"GOLD24",142,43.9677
"GOLD24",143,58.9939
"GOLD24",144,50.7993
"GOLD24",145,41.85
"GOLD24",146,102.1395
"GOLD24",147,90.2947
"GOLD24",148,78.5477
"GOLD24",149,62.9999
"GOLD24",150,60.1946
"GOLD24",151,35.9088
"GOLD24",152,83.5718
"GOLD24",153,40.073
"GOLD24",154,44.2152
"GOLD24",155,64.679
"GOLD24",156,54.7175
"GOLD24",157,45.1632
"GOLD24",158,73.6325
"GOLD24",159,51.993
"GOLD24",160,41.5108
"GOLD24",161,50.8484
"GOLD24",162,100.0052
"GOLD24",163,84.7062
"GOLD24",164,50.2694
"GOLD24",165,71.2612
"GOLD24",166,70.8884
"GOLD24",167,57.0592
"GOLD24",168,71.0547
"GOLD24",169,44.0747
"GOLD24",170,127.8711
"GOLD24",171,64.7811
"GOLD24",172,35.5305
"GOLD24",173,85.2006
"GOLD24",174,74.896
"GOLD24",175,42.3985
"GOLD24",176,53.8142
"GOLD24",177,78.4981
"GOLD24",178,55.0095
"GOLD24",179,43.235
"GOLD24",180,63.7343
"GOLD24",181,69.9814
"GOLD24",182,71.2534
"GOLD24",183,42.9838
"GOLD24",184,54.7713
"GOLD24",185,54.6455
"GOLD24",186,71.2227
"GOLD24",187,28.3799
"GOLD24",188,146.519
"GOLD24",189,48.2103
"GOLD24",190,37.2546
"GOLD24",191,48.6797
"GOLD24",192,33.1934
"GOLD24",193,54.6899
"GOLD24",194,53.2068
"GOLD24",195,58.5941
"GOLD24",196,94.8751
"GOLD24",197,81.0417
"GOLD24",198,50.2923
"GOLD24",199,47.0182
"GOLD24",200,40.7471
"GOLD25",1,55.7196
"GOLD25",2,70.4189
"GOLD25",3,56.8709
"GOLD25",4,67.6477
"GOLD25",5,54.3208
"GOLD25",6,107.4611
"GOLD25",7,66.5304
"GOLD25",8,40.2519
"GOLD25",9,35.22
"GOLD25",10,62.5777
"GOLD25",11,45.2437
"GOLD25",12,82.2332
"GOLD25",13,55.4824
"GOLD25",14,37.9079
"GOLD25",15,47.2654
"GOLD25",16,112.6725
"GOLD25",17,52.4324
"GOLD25",18,42.8103
"GOLD25",19,51.8646
"GOLD25",20,72.7566
"GOLD25",21,42.2918
"GOLD25",22,66.5839
"GOLD25",23,48.0175
"GOLD25",24,87.8811
"GOLD25",25,78.435
"GOLD25",26,54.9818
"GOLD25",27,70.6006
"GOLD25",28,55.7479
"GOLD25",29,32.9331
"GOLD25",30,112.6453
"GOLD25",31,80.741
"GOLD25",32,65.4372
"GOLD25",33,42.3564
"GOLD25",34,79.4804
"GOLD25",35,69.8595
"GOLD25",36,63.9315
"GOLD25",37,28.5971
"GOLD25",38,71.0116
"GOLD25",39,59.9801
"GOLD25",40,67.7909
"GOLD25",41,72.4359
"GOLD25",42,46.2345
"GOLD25",43,54.1786
"GOLD25",44,40.3121
"GOLD25",45,132.9974
"GOLD25",46,74.0917
"GOLD25",47,50.1025
"GOLD25",48,52.252
"GOLD25",49,203.89
"GOLD25",50,57.6107
"GOLD25",51,54.6516
"GOLD25",52,52.3047
"GOLD25",53,49.6381
"GOLD25",54,38.6866
"GOLD25",55,68.3133
"GOLD25",56,71.7629
"GOLD25",57,50.0916
"GOLD25",58,41.9805
"GOLD25",59,45.6815
"GOLD25",60,54.1972
"GOLD25",61,82.698
"GOLD25",62,51.0867
"GOLD25",63,68.4721
"GOLD25",64,45.707
"GOLD25",65,46.4365
"GOLD25",66,109.0566
"GOLD25",67,60.9195
"GOLD25",68,78.484
"GOLD25",69,96.9363
"GOLD25",70,56.4431
"GOLD25",71,46.3899
"GOLD25",72,51.196
"GOLD25",73,82.0749
"GOLD25",74,66.7837
"GOLD25",75,46.4978
"GOLD25",76,52.4093
"GOLD25",77,45.7471
"GOLD25",78,93.2837
"GOLD25",79,74.5383
"GOLD25",80,81.1486
"GOLD25",81,55.3497
"GOLD25",82,83.2123
"GOLD25",83,36.5347
"GOLD25",84,53.4268
"GOLD25",85,38.6073
"GOLD25",86,54.7745
"GOLD25",87,88.6731
"GOLD25",88,47.3201
"GOLD25",89,55.1386
"GOLD25",90,29.6937
"GOLD25",91,43.5288
"GOLD25",92,51.4612
"GOLD25",93,43.2583
"GOLD25",94,78.5485
"GOLD25",95,54.4452
"GOLD25",96,57.139
"GOLD25",97,52.2713
"GOLD25",98,55.7353
"GOLD25",99,49.8598
"GOLD25",100,52.7029
"GOLD25",101,50.6375
"GOLD25",102,48.0466
"GOLD25",103,60.2433
"GOLD25",104,52.6786
"GOLD25",105,53.4838
"GOLD25",106,63.8473
"GOLD25",107,64.8211
"GOLD25",108,47.6716
"GOLD25",109,34.2143
"GOLD25",110,78.0485
"GOLD25",111,40.0122
"GOLD25",112,51.6367
"GOLD25",113,48.1118
"GOLD25",114,51.871
"GOLD25",115,83.5004
"GOLD25",116,60.0691
"GOLD25",117,50.5896
"GOLD25",118,52.5711
"GOLD25",119,41.0734
"GOLD25",120,81.6025
"GOLD25",121,85.0272
"GOLD25",122,44.4825
"GOLD25",123,134.2041
"GOLD25",124,67.4671
"GOLD25",125,52.1048
"GOLD25",126,44.7581
"GOLD25",127,45.1405
"GOLD25",128,72.3557
"GOLD25",129,34.3825
"GOLD25",130,63.2968
"GOLD25",131,74.2013
"GOLD25",132,39.2459
"GOLD25",133,72.979
"GOLD25",134,46.2353
"GOLD25",135,54.1587
"GOLD25",136,70.1846
"GOLD25",137,58.0629
"GOLD25",138,59.7074
"GOLD25",139,113.4025
"GOLD25",140,52.3992
"GOLD25",141,56.1241
"GOLD25",142,49.3929
"GOLD25",143,73.4141
"GOLD25",144,75.9956
"GOLD25",145,36.8413
"GOLD25",146,42.0946
"GOLD25",147,56.6701
"GOLD25",148,46.5593
"GOLD25",149,57.1934
"GOLD25",150,59.1906
"GOLD25",151,34.1495
"GOLD25",152,40.8622
"GOLD25",153,48.6519
"GOLD25",154,53.6399
"GOLD25",155,64.5968
"GOLD25",156,53.3964
"GOLD25",157,112.8957
"GOLD25",158,36.7516
"GOLD25",159,34.3237
"GOLD25",160,41.9851
"GOLD25",161,42.9843
"GOLD25",162,54.6409
"GOLD25",163,54.6224
"GOLD25",164,103.7158
"GOLD25",165,55.1077
"GOLD25",166,65.2828
"GOLD25",167,69.1276
"GOLD25",168,65.6004
"GOLD25",169,78.7118
"GOLD25",170,47.2736
"GOLD25",171,95.8161
"GOLD25",172,79.7624
"GOLD25",173,62.1349
"GOLD25",174,67.968
"GOLD25",175,54.8954
"GOLD25",176,92.165
"GOLD25",177,49.1141
"GOLD25",178,85.7095
"GOLD25",179,25.6139
"GOLD25",180,80.4048
"GOLD25",181,96.3994
"GOLD25",182,46.487
"GOLD25",183,59.785
"GOLD25",184,63.2652
"GOLD25",185,45.3247
"GOLD25",186,69.2221
"GOLD25",187,51.1988
"GOLD25",188,67.9511
"GOLD25",189,42.8827
"GOLD25",190,39.6042
"GOLD25",191,59.8001
"GOLD25",192,53.1346
"GOLD25",193,86.0953
"GOLD25",194,93.8531
"GOLD25",195,100.0872
"GOLD25",196,55.2464
"GOLD25",197,60.9891
"GOLD25",198,75.7327
"GOLD25",199,39.2994
"GOLD25",200,59.0725
